Rank_QS,University,Country,Overall_QS,Academic Reputation Score,Employer Reputation Score,Faculty Student Score,Citations per Faculty Score,International Faculty Score,International Students Score,International Research Network Score,Employment Outcomes Score,Sustainability Score,Rank_THE,Overall_THE,scores_teaching,scores_research,scores_citations,scores_industry_income,scores_international_outlook,stats_number_students,stats_student_staff_ratio,stats_pc_intl_students,female_percentage,male_percentage
336.0,aalborg university,denmark,32.2,20.0,22.2,31.5,42.4,76.4,18.2,79.2,14.7,35.8,225.5,57.25,33.7,45.0,83.0,80.6,72.4,17275,14.9,12.0,,
109.0,aalto university,finland,58.7,44.6,41.8,40.2,79.4,95.5,37.7,56.2,88.9,95.0,225.5,57.25,42.0,43.1,79.7,87.2,81.8,14427,20.4,23.0,39,61
143.0,aarhus university,denmark,52.0,55.8,24.7,32.5,54.1,90.3,13.1,94.8,45.1,98.4,109.0,65.9,44.9,59.0,86.3,98.7,76.3,26996,13.5,9.0,56,44
685.5,abai kazakh national pedagogical university,kazakhstan,,23.2,17.0,47.8,1.2,38.0,2.8,1.0,12.1,1.0,,,,,,,,,,,,
,abbes laghrour university of khenchala,algeria,,,,,,,,,,,,,,,,,,18085,26.1,0.0,70,30
,abbottabad university of science and technology,pakistan,,,,,,,,,,,,,,,,,,4200,13.3,0.0,31,69
,abdelhafid boussouf university center of mila,algeria,,,,,,,,,,,,,,,,,,11027,24.9,0.0,72,28
,abdelmalek essaâdi university,morocco,,,,,,,,,,,1501.0,16.2,21.6,9.7,30.1,17.2,29.4,122962,91.8,1.0,52,48
,abdul wali khan university mardan,pakistan,,,,,,,,,,,700.5,39.4,18.4,12.6,80.4,21.8,49.0,11681,22.8,0.0,26,74
,abdullah gül university,turkey,,,,,,,,,,,,,,,,,,2944,22.5,9.0,46,54
,abertay university,united kingdom,,,,,,,,,,,,,,,,,,4205,23.4,21.0,47,53
665.5,aberystwyth university,united kingdom,,9.5,6.4,19.5,23.5,46.1,49.5,27.1,10.5,9.6,550.5,43.599999999999994,26.3,23.0,68.5,62.4,87.3,6180,15.6,23.0,51,49
,abia state university,nigeria,,,,,,,,,,,,,,,,,,21502,45.8,0.0,49,51
605.5,abo akademi university,finland,,8.3,6.2,23.6,40.7,45.2,15.5,29.5,11.5,11.8,,,,,,,,,,,,
,abrar university,somalia,,,,,,,,,,,,,,,,,,495,5.5,0.0,40,60
580.0,abu dhabi university,united arab emirates,20.4,11.5,17.9,12.6,12.4,100.0,99.9,1.2,11.3,1.1,275.5,54.45,40.8,30.0,85.8,25.5,97.8,2506,10.9,60.0,51,49
,acharya nagarjuna university,india,,,,,,,,,,,1350.5,25.5,44.8,9.6,21.2,26.0,29.2,5771,7.3,7.0,32,68
,acıbadem university,turkey,,,,,,,,,,,1501.0,16.2,25.8,12.0,22.7,24.2,30.3,2547,5.7,3.0,73,27
,ada kent university,northern cyprus,,,,,,,,,,,,,,,,,,911,1.0,19.0,39,61
735.5,adam mickiewicz university poznań,poland,,15.8,8.7,29.7,5.0,7.0,7.0,59.5,12.6,38.4,1100.5,30.450000000000003,19.7,28.4,43.5,29.6,37.8,33268,25.0,6.0,68,32
875.5,addis ababa university,ethiopia,,5.6,10.8,61.1,1.7,,,14.3,54.7,,,,,,,,,,,,,
,adelphi university,united states,,,,,,,,,,,1501.0,16.2,24.1,7.7,26.1,16.4,33.0,6582,11.1,7.0,70,30
,adolfo ibáñez university,chile,,,,,,,,,,,1350.5,25.5,14.8,17.4,39.2,17.1,64.1,10606,25.0,5.0,38,62
,adventist university of central africa,rwanda,,,,,,,,,,,,,,,,,,3174,31.7,11.0,44,56
,aecc university college,united kingdom,,,,,,,,,,,,,,,,,,780,19.5,39.0,45,55
,afe babalola university,nigeria,,,,,,,,,,,1501.0,16.2,23.4,11.6,17.2,24.6,43.6,9660,10.7,1.0,57,43
,agh university of krakow,poland,,,,,,,,,,,1100.5,30.450000000000003,25.8,20.9,38.6,68.5,29.9,19189,12.2,3.0,35,65
925.5,agh university of science and technology,poland,,9.2,15.2,37.3,7.0,2.7,4.5,13.2,8.8,2.5,,,,,,,,,,,,
755.5,ahlia university,bahrain,,12.8,8.0,31.7,3.0,100.0,31.0,1.0,8.3,1.0,,,,,,,,,,,,
,ahvaz jundishapur university of medical sciences,iran,,,,,,,,,,,900.5,34.8,38.1,10.7,58.1,20.1,21.8,8987,11.7,3.0,67,33
,aichi medical university,japan,,,,,,,,,,,1100.5,30.450000000000003,30.5,13.5,43.1,39.5,21.5,1315,2.9,1.0,58,42
,aichi prefectural university,japan,,,,,,,,,,,,,,,,,,3260,15.4,1.0,72,28
725.5,ain shams university,egypt,,22.4,25.4,10.2,1.9,25.0,5.6,22.2,30.2,7.0,1100.5,30.450000000000003,27.9,15.3,45.8,48.0,51.8,152995,13.3,6.0,52,48
,air university,pakistan,,,,,,,,,,,700.5,39.4,24.2,12.5,81.5,39.5,48.7,7806,12.8,0.0,34,66
345.0,airlangga university,indonesia,31.5,34.0,72.5,52.4,1.4,44.6,6.3,1.4,14.4,30.5,,,,,,,,,,,,
387.0,aix-marseille university,france,28.3,36.1,4.5,8.3,26.5,18.5,19.9,99.4,11.3,64.5,375.5,50.05,43.0,27.2,71.9,63.2,76.3,72946,17.3,14.0,60,40
,ajeenkya dy patil university,india,,,,,,,,,,,,,,,,,,2735,15.8,1.0,18,82
551.0,ajman university,united arab emirates,21.3,13.6,34.7,8.2,2.2,100.0,100.0,2.0,13.3,3.0,,,,,,,,4823,15.1,82.0,59,41
635.5,ajou university,south korea,,15.5,15.4,65.1,17.4,6.2,13.7,1.1,8.3,5.0,550.5,43.599999999999994,35.6,37.7,52.8,92.3,48.0,7714,14.9,17.0,41,59
,akdeniz university,turkey,,,,,,,,,,,1100.5,30.450000000000003,22.7,27.3,42.6,54.7,25.2,46464,47.3,4.0,45,55
1401.0,akdeniz üniversitesi,turkey,,5.2,3.8,3.4,2.8,1.2,1.1,1.9,7.5,1.0,,,,,,,,,,,,
,akhmet yassawi university,kazakhstan,,,,,,,,,,,,,,,,,,10010,8.6,10.0,60,40
,akita prefectural university,japan,,,,,,,,,,,,,,,,,,1823,8.9,1.0,27,73
,akita university,japan,,,,,,,,,,,1501.0,16.2,25.6,13.4,20.8,39.1,26.7,5002,10.7,4.0,35,65
,akli mohand oulhadj bouira university,algeria,,,,,,,,,,,,,,,,,,21831,28.3,0.0,52,48
,aksaray university,turkey,,,,,,,,,,,1501.0,16.2,11.6,8.8,23.5,26.8,28.0,19511,22.2,8.0,49,51
,akwa ibom state university,nigeria,,,,,,,,,,,,,,,,,,10243,21.2,0.0,42,58
615.5,al ain university,united arab emirates,,17.4,11.0,11.9,4.2,100.0,100.0,1.4,11.4,1.0,,,,,,,,2913,14.6,60.0,54,46
,al akhawayn university,morocco,,,,,,,,,,,,,,,,,,2123,17.0,2.0,54,46
,al al-bayt university,jordan,,,,,,,,,,,,,,,,,,17305,38.8,4.0,59,41
1100.5,al quds university the arab university in jerusalem,"palestinian territory, occupied",,4.2,10.7,11.3,1.6,55.1,34.5,1.1,12.3,1.0,,,,,,,,,,,,
,al safwa university college,iraq,,,,,,,,,,,,,,,,,,6834,23.5,0.0,40,60
,al turath university,iraq,,,,,,,,,,,,,,,,,,14472,39.4,0.0,37,63
825.5,al-ahliyya amman university,jordan,,6.8,5.9,9.3,2.3,72.9,100.0,1.0,10.4,1.6,,,,,,,,4102,12.1,60.0,49,51
,al-ayen university,iraq,,,,,,,,,,,,,,,,,,6627,25.6,0.0,48,52
1300.5,al-azhar university,egypt,,11.2,6.8,11.1,1.3,1.5,10.4,5.2,13.6,1.2,900.5,34.8,19.2,10.9,69.2,20.4,57.4,269733,22.0,9.0,42,58
,al-baha university,saudi arabia,,,,,,,,,,,,,,,,,,19335,14.1,2.0,57,43
1401.0,al-balqa applied university,jordan,,5.0,6.7,4.3,2.4,3.8,1.8,2.0,7.6,1.0,1100.5,30.450000000000003,12.0,13.6,59.2,22.5,39.3,27973,27.3,2.0,59,41
,al-bayan university,iraq,,,,,,,,,,,,,,,,,,7084,29.9,0.0,53,47
,al-esraa university college,iraq,,,,,,,,,,,,,,,,,,19999,26.7,0.0,,
230.0,al-farabi kazakh national university,kazakhstan,41.6,51.4,74.9,98.9,1.4,28.8,34.0,12.0,11.5,5.1,1350.5,25.5,24.8,11.1,27.1,25.3,72.5,24303,5.9,10.0,59,41
,al-farabi university college,iraq,,,,,,,,,,,,,,,,,,6253,21.8,0.0,43,57
,al-furat al-awsat technical university,iraq,,,,,,,,,,,,,,,,,,28977,40.8,0.0,56,44
,al-hussein bin talal university,jordan,,,,,,,,,,,,,,,,,,9949,26.9,1.0,55,45
,al-janad university for science and technology,yemen,,,,,,,,,,,,,,,,,,2957,68.8,0.0,45,55
,al-karkh university of science,iraq,,,,,,,,,,,,,,,,,,1508,9.0,0.0,42,58
,al-kitab university,iraq,,,,,,,,,,,,,,,,,,10024,20.3,0.0,38,62
,al-maarif university college,iraq,,,,,,,,,,,,,,,,,,6000,17.6,1.0,60,40
,al-manara college for medical sciences,iraq,,,,,,,,,,,,,,,,,,5085,22.7,0.0,54,46
,al-mustaqbal university,iraq,,,,,,,,,,,,,,,,,,10587,19.8,0.0,40,60
,al-muthanna university,iraq,,,,,,,,,,,,,,,,,,15826,23.5,0.0,55,45
,al-nahrain university,iraq,,,,,,,,,,,1350.5,25.5,27.9,8.7,34.1,16.6,25.4,6714,5.9,0.0,55,45
,al-nisour university college,iraq,,,,,,,,,,,,,,,,,,6906,16.2,2.0,47,53
,al-noor university college,iraq,,,,,,,,,,,,,,,,,,5545,23.5,0.0,39,61
,al-qalam university college,iraq,,,,,,,,,,,,,,,,,,3830,28.2,0.0,32,68
,al-qasim green university,iraq,,,,,,,,,,,,,,,,,,3120,7.3,0.0,50,50
,al-quds university,palestine,,,,,,,,,,,,,,,,,,12427,13.4,26.0,61,39
,al-rafidain university college,iraq,,,,,,,,,,,,,,,,,,6817,37.3,0.0,45,55
,al-zaytoonah university of jordan,jordan,,,,,,,,,,,,,,,,,,8741,27.7,29.0,51,49
,alagappa university,india,,,,,,,,,,,700.5,39.4,34.8,12.8,64.8,23.2,44.4,5020,15.8,0.0,62,38
,albaydha university,yemen,,,,,,,,,,,,,,,,,,1541,5.1,0.0,45,55
192.0,albert-ludwigs-universitaet freiburg,germany,46.7,46.1,19.8,29.1,63.3,68.8,36.3,82.7,25.3,68.2,,,,,,,,,,,,
,alex ekwueme federal university ndufu-alike,nigeria,,,,,,,,,,,,,,,,,,14766,19.4,0.0,54,46
925.5,alexandria university,egypt,,21.5,13.1,5.0,1.9,1.7,5.0,28.7,13.5,2.7,900.5,34.8,17.9,17.7,58.2,27.2,51.4,205777,28.7,4.0,52,48
1300.5,alexandru ioan cuza university,romania,,8.0,8.0,5.3,2.9,3.6,10.9,1.8,8.0,1.2,1501.0,16.2,16.5,12.1,31.6,18.3,40.2,25443,22.3,8.0,56,44
735.5,alfaisal university,saudi arabia,,3.9,3.2,23.9,10.7,100.0,89.4,1.1,9.2,1.2,550.5,43.599999999999994,24.1,15.2,72.7,42.1,97.7,3274,10.8,32.0,56,44
,algiers 2 university,algeria,,,,,,,,,,,,,,,,,,44005,31.1,0.0,72,28
1100.5,aligarh muslim university,india,,9.7,2.5,20.8,10.2,1.2,1.7,5.0,6.1,17.1,700.5,39.4,41.1,14.0,61.6,34.3,38.2,20428,12.0,1.0,40,60
,alisher navo’i tashkent state university of uzbek language and literature,uzbekistan,,,,,,,,,,,,,,,,,,3802,13.0,7.0,82,18
,allameh tabataba ’i university,iran,,,,,,,,,,,1350.5,25.5,29.1,14.2,28.5,19.0,32.4,15113,29.7,3.0,57,43
154.0,alma mater studiorum - university of bologna,italy,50.5,79.6,40.0,3.4,49.5,8.0,10.9,91.0,34.8,56.5,,,,,,,,,,,,
,almaarefa university,saudi arabia,,,,,,,,,,,,,,,,,,2873,19.0,19.0,58,42
825.5,almaty technological university,kazakhstan,,5.1,3.3,92.1,1.0,26.0,5.2,1.0,11.8,1.0,,,,,,,,7022,6.3,6.0,56,44
,almazov national medical research centre,russian federation,,,,,,,,,,,,,,,,,,1417,5.1,2.0,72,28
705.5,altai state university,russia,,10.0,3.7,84.4,1.4,6.7,69.9,1.0,7.6,6.1,,,,,,,,,,,,
,altai state university,russian federation,,,,,,,,,,,1501.0,16.2,20.5,16.5,15.2,25.2,64.4,9271,19.0,27.0,56,44
,altoosi university college,iraq,,,,,,,,,,,,,,,,,,2198,29.7,0.0,47,53
,altınbaş university,turkey,,,,,,,,,,,,,,,,,,9335,20.8,51.0,51,49
,alzahra university,iran,,,,,,,,,,,1501.0,16.2,25.4,15.3,24.6,19.6,31.0,10531,28.4,3.0,100,0
,amedeo avogadro university of eastern piedmont,italy,,,,,,,,,,,700.5,39.4,12.7,23.5,71.3,47.1,48.2,14981,40.8,7.0,61,39
,american international university – bangladesh,bangladesh,,,,,,,,,,,,,,,,,,10386,23.1,0.0,24,76
795.5,american university,united states,,16.2,22.8,30.0,4.1,3.0,15.6,1.2,33.3,3.0,700.5,39.4,35.2,17.1,57.2,38.5,46.5,12771,12.0,12.0,62,38
,american university in cairo,egypt,,,,,,,,,,,900.5,34.8,26.7,24.0,51.1,23.0,70.3,6034,14.2,4.0,58,42
605.5,american university in dubai,united arab emirates,,9.8,16.8,20.4,1.9,100.0,100.0,1.0,37.3,1.0,,,,,,,,1438,14.8,75.0,57,43
,american university in the emirates,united arab emirates,,,,,,,,,,,,,,,,,,1925,16.6,44.0,38,62
226.0,american university of beirut,lebanon,41.9,27.6,41.6,57.3,24.2,67.8,46.8,35.6,88.5,93.2,550.5,43.599999999999994,29.7,17.9,73.5,66.0,72.9,8722,8.7,20.0,49,51
,american university of madaba,jordan,,,,,,,,,,,,,,,,,,1839,19.0,25.0,48,52
,american university of ras al khaimah,united arab emirates,,,,,,,,,,,,,,,,,,1022,10.2,57.0,48,52
364.0,american university of sharjah,united arab emirates,30.3,20.0,39.1,20.7,20.0,100.0,100.0,6.4,36.9,3.0,700.5,39.4,24.5,26.3,57.9,27.9,88.6,4737,12.5,74.0,54,46
675.5,american university of the middle east,kuwait,,17.7,18.0,17.8,3.3,100.0,25.0,1.3,12.7,1.1,,,,,,,,,,,,
,amirkabir university of technology,iran,,,,,,,,,,,375.5,50.05,34.8,33.7,77.0,85.1,38.8,9859,20.2,3.0,35,65
375.0,amirkabir university of technology,"iran, islamic republic of",29.5,4.1,33.4,5.1,99.8,15.9,2.8,9.5,10.3,16.5,,,,,,,,,,,,
1100.5,amity university,india,,8.5,7.6,10.6,5.9,3.8,21.8,22.4,9.1,1.9,900.5,34.8,23.6,14.0,62.3,20.0,31.1,30989,17.1,7.0,52,48
,amity university chhattisgarh,india,,,,,,,,,,,,,,,,,,2451,25.5,0.0,51,49
,amity university gurugram,india,,,,,,,,,,,,,,,,,,5751,17.0,1.0,53,47
,amity university gwalior,india,,,,,,,,,,,,,,,,,,1170,6.8,0.0,39,61
,amity university mumbai,india,,,,,,,,,,,,,,,,,,4537,25.3,9.0,47,53
,amity university rajasthan jaipur,india,,,,,,,,,,,,,,,,,,3525,14.5,0.0,39,61
1100.5,amrita vishwa vidyapeetham,india,,4.8,4.1,25.3,5.2,37.0,1.7,1.4,4.5,1.1,900.5,34.8,28.4,20.5,60.8,41.1,36.9,22085,11.8,5.0,,
,an-najah national university,palestine,,,,,,,,,,,1100.5,30.450000000000003,13.3,9.8,65.4,21.0,61.2,24835,21.7,11.0,66,34
1100.5,an-najah national university,"palestinian territory, occupied",,6.4,16.5,7.3,2.2,36.2,25.0,1.3,10.9,3.1,,,,,,,,,,,,
1300.5,anadolu university,turkey,,4.0,4.0,13.8,2.9,1.9,3.1,1.4,10.6,1.1,1350.5,25.5,22.3,11.8,41.2,22.0,32.7,21491,17.0,8.0,53,47
,andhra university,india,,,,,,,,,,,1501.0,16.2,38.2,10.4,18.7,26.1,24.1,10382,14.8,5.0,46,54
,andijan machine-building institute,uzbekistan,,,,,,,,,,,,,,,,,,6042,16.5,2.0,36,64
,andijan state medical institute,uzbekistan,,,,,,,,,,,,,,,,,,7391,10.0,5.0,45,55
,andijan state pedagogical institute,uzbekistan,,,,,,,,,,,,,,,,,,6420,39.9,0.0,77,23
,andijan state university,uzbekistan,,,,,,,,,,,,,,,,,,20824,23.2,0.0,,
,andrés bello catholic university,venezuela,,,,,,,,,,,,,,,,,,11406,18.4,2.0,50,50
,anglia ruskin university,united kingdom,,,,,,,,,,,550.5,43.599999999999994,20.2,16.3,84.8,19.0,94.2,17200,24.1,41.0,61,39
,anglo-american university,czech republic,,,,,,,,,,,,,,,,,,454,13.1,82.0,61,39
,ankara science university,turkey,,,,,,,,,,,,,,,,,,320,5.1,7.0,51,49
,ankara university,turkey,,,,,,,,,,,1501.0,16.2,18.2,11.6,30.5,36.6,34.4,70464,27.6,6.0,53,47
,ankara yildirim beyazit university,turkey,,,,,,,,,,,1501.0,16.2,19.2,12.6,23.1,17.3,35.4,21060,23.3,12.0,54,46
925.5,ankara üniversitesi,turkey,,18.5,11.7,8.1,2.7,2.5,5.4,32.4,15.4,16.1,,,,,,,,,,,,
427.0,anna university,india,26.5,8.5,8.5,5.3,99.8,,1.5,33.8,9.8,,550.5,43.599999999999994,32.0,26.3,72.4,51.0,20.4,12824,13.1,1.0,41,59
,annamalai university,india,,,,,,,,,,,1501.0,16.2,35.5,9.6,20.0,22.2,20.1,18360,13.6,0.0,48,52
,antonio nariño university,colombia,,,,,,,,,,,1501.0,16.2,16.6,7.9,33.1,16.0,51.5,13691,14.1,2.0,55,45
,anáhuac university,mexico,,,,,,,,,,,,,,,,,,16333,8.4,4.0,57,43
1300.5,aoyama gakuin university,japan,,6.9,12.3,5.4,2.0,16.3,2.7,1.0,11.4,1.0,1501.0,16.2,20.0,8.9,10.4,22.2,36.2,19692,12.2,3.0,49,51
,applied science private university,jordan,,,,,,,,,,,,,,,,,,4427,18.6,29.0,51,49
582.0,applied science university - bahrain,bahrain,20.3,18.2,21.9,36.8,1.7,100.0,44.9,1.0,8.3,,,,,,,,,,,,,
1100.5,arab academy for science technology and maritime transport,egypt,,5.3,5.8,32.6,1.5,6.9,26.8,1.1,11.4,1.1,1350.5,25.5,28.1,12.3,32.9,22.6,53.3,37942,13.9,10.0,32,68
,arab american university,palestine,,,,,,,,,,,,,,,,,,12479,26.7,36.0,58,42
,arab open university,kuwait,,,,,,,,,,,,,,,,,,32697,75.0,35.0,54,46
,arabian gulf university,bahrain,,,,,,,,,,,,,,,,,,1482,6.9,74.0,69,31
,arak university,iran,,,,,,,,,,,1501.0,16.2,19.5,11.2,32.7,20.1,26.3,7506,18.7,5.0,58,42
,arak university of medical sciences,iran,,,,,,,,,,,900.5,34.8,31.7,10.2,66.4,18.9,21.2,3545,7.4,2.0,55,45
,ariel university,israel,,,,,,,,,,,1350.5,25.5,15.6,18.9,37.0,25.9,30.9,14234,21.4,0.0,48,52
530.0,aristotle university of thessaloniki,greece,22.1,28.7,25.9,3.8,13.5,1.4,4.0,75.4,15.7,36.6,900.5,34.8,22.3,16.8,66.3,52.7,38.1,49654,18.2,5.0,58,42
179.0,arizona state university,united states,48.1,46.7,36.7,6.8,61.5,64.5,30.1,87.9,26.6,97.3,182.0,59.9,40.9,46.2,87.5,71.5,71.7,48870,19.7,14.0,46,54
,arkin university of creative arts and design,northern cyprus,,,,,,,,,,,,,,,,,,410,5.7,37.0,60,40
,armenian state pedagogical university,armenia,,,,,,,,,,,,,,,,,,5290,9.2,2.0,77,23
,arts et métiers,france,,,,,,,,,,,900.5,34.8,31.1,19.5,35.2,67.7,67.0,5970,16.3,12.0,18,82
,arts university bournemouth,united kingdom,,,,,,,,,,,,,,,,,,3340,14.2,21.0,69,31
,arts university plymouth,united kingdom,,,,,,,,,,,,,,,,,,1100,11.6,8.0,73,27
,arturo prat university,chile,,,,,,,,,,,,,,,,,,11532,22.9,7.0,57,43
,asahi university,japan,,,,,,,,,,,,,,,,,,2733,8.7,5.0,34,66
,asfendiyarov kazakh national medical university,kazakhstan,,,,,,,,,,,,,,,,,,11872,8.2,22.0,80,20
,ashikaga university,japan,,,,,,,,,,,,,,,,,,1678,21.2,17.0,25,75
,ashur university,iraq,,,,,,,,,,,,,,,,,,1652,11.1,0.0,54,46
625.5,asia pacific university of technology and innovation,malaysia,,6.4,8.6,57.8,1.5,89.8,100.0,1.0,9.4,1.0,,,,,,,,,,,,
925.5,asia university taiwan,taiwan,,5.9,1.8,3.3,38.7,9.5,3.5,12.0,7.9,2.3,450.5,47.2,18.3,36.6,80.6,63.2,49.2,11431,29.5,4.0,63,37
1100.5,assiut university,egypt,,11.2,6.9,12.3,2.3,15.5,4.0,10.7,6.9,1.9,1350.5,25.5,16.1,10.8,48.0,22.2,52.9,99610,22.1,1.0,38,62
446.0,aston university,united kingdom,25.7,12.9,22.8,10.0,34.1,93.0,38.3,50.5,18.1,12.3,450.5,47.2,22.2,26.5,82.5,64.1,95.2,12950,19.0,25.0,48,52
,aswan university,egypt,,,,,,,,,,,900.5,34.8,16.7,12.1,75.6,18.4,50.4,35992,45.4,1.0,51,49
1401.0,ataturk university,turkey,,4.9,2.0,2.8,3.9,2.7,3.6,2.3,9.4,4.3,,,,,,,,,,,,
,atatürk university,turkey,,,,,,,,,,,1350.5,25.5,19.1,16.7,45.0,24.5,25.5,58922,31.0,4.0,50,50
563.0,ateneo de manila university,philippines,20.9,19.7,57.9,29.0,1.7,3.3,2.7,1.1,54.6,1.7,1100.5,30.450000000000003,30.8,10.8,52.4,27.6,33.5,14168,11.1,1.0,52,48
925.5,athens university of economics and business,greece,,7.4,33.3,1.6,17.7,1.7,3.3,1.0,15.7,4.1,900.5,34.8,18.1,23.6,53.3,57.8,44.5,10477,53.7,5.0,45,55
1300.5,atma jaya catholic university jakarta,indonesia,,5.8,6.3,8.8,1.3,2.1,1.1,1.0,15.9,1.4,,,,,,,,,,,,
,atyrau university,kazakhstan,,,,,,,,,,,,,,,,,,7573,18.0,2.0,96,4
,atılım university,turkey,,,,,,,,,,,1350.5,25.5,18.4,9.7,38.4,36.7,45.3,9302,13.5,7.0,44,56
825.5,auburn university,united states,,7.2,8.5,7.4,19.0,23.9,7.8,14.3,17.4,53.4,550.5,43.599999999999994,36.0,25.7,59.6,69.3,57.7,27670,18.2,8.0,50,50
407.0,auckland university of technology,new zealand,27.4,19.3,11.7,10.3,18.5,100.0,99.3,12.0,19.3,71.5,450.5,47.2,23.8,21.2,84.0,40.8,92.4,18592,17.7,46.0,60,40
,audencia,france,,,,,,,,,,,,,,,,,,6627,50.6,37.0,51,49
615.5,auezov south kazakhstan university,kazakhstan,,15.2,21.5,92.0,1.0,13.3,21.3,1.0,11.2,1.0,,,,,,,,,,,,
,austral university,argentina,,,,,,,,,,,,,,,,,,4906,8.5,8.0,52,48
,austral university of chile,chile,,,,,,,,,,,1350.5,25.5,17.3,14.7,30.2,30.9,51.4,18594,16.4,1.0,54,46
825.5,australian catholic university,australia,,8.3,10.5,4.7,13.5,70.2,43.2,3.2,8.1,4.7,450.5,47.2,16.8,25.7,97.0,21.9,80.7,23843,38.4,14.0,76,24
,australian national university,australia,,,,,,,,,,,67.0,72.6,55.9,68.0,86.6,82.0,94.8,17293,15.1,48.0,52,48
,autonomous university of baja california,mexico,,,,,,,,,,,1501.0,16.2,13.0,9.0,12.6,17.0,35.7,67944,21.7,3.0,54,46
,autonomous university of barcelona,spain,,,,,,,,,,,225.5,57.25,45.1,41.4,84.8,67.6,68.8,32901,13.2,13.0,60,40
,autonomous university of chiapas,mexico,,,,,,,,,,,,,,,,,,27105,45.7,0.0,49,51
,autonomous university of madrid,spain,,,,,,,,,,,375.5,50.05,38.7,29.9,76.3,65.4,60.9,30227,13.4,15.0,62,38
,autonomous university of sinaloa,mexico,,,,,,,,,,,1350.5,25.5,13.5,12.1,46.7,15.9,30.2,74001,21.8,1.0,56,44
,azarbaijan shahid madani university,iran,,,,,,,,,,,1100.5,30.450000000000003,14.9,15.3,67.9,19.0,27.9,7477,27.1,2.0,61,39
1300.5,azerbaijan state oil and industry university,azerbaijan,,4.9,3.0,27.3,1.1,10.1,2.7,1.0,29.5,1.3,,,,,,,,,,,,
1100.5,azerbaijan state university of economics,azerbaijan,,10.1,9.4,22.0,1.2,7.0,2.6,1.0,10.4,1.4,,,,,,,,16678,10.4,3.0,39,61
,azerbaijan university of architecture and construction,azerbaijan,,,,,,,,,,,,,,,,,,8218,15.2,4.0,36,64
,b s abdur rahman crescent institute of science and technology,india,,,,,,,,,,,1350.5,25.5,18.6,9.9,43.6,17.4,24.6,7805,18.3,0.0,31,69
,babcock university,nigeria,,,,,,,,,,,,,,,,,,12051,19.8,1.0,50,50
825.5,babes-bolyai university,romania,,16.4,13.7,4.7,4.2,7.7,4.0,42.6,23.1,48.4,,,,,,,,,,,,
,babeş-bolyai university,romania,,,,,,,,,,,1100.5,30.450000000000003,23.3,16.8,46.0,35.2,39.0,43018,21.1,4.0,64,36
,babol noshirvani university of technology,iran,,,,,,,,,,,550.5,43.599999999999994,21.5,21.5,94.4,28.4,25.3,5815,26.7,0.0,34,66
,babol university of medical sciences,iran,,,,,,,,,,,700.5,39.4,41.7,12.0,70.5,18.0,21.0,4135,11.7,0.0,57,43
,bacha khan university charsadda,pakistan,,,,,,,,,,,,,,,,,,3471,20.5,0.0,21,79
,badji mokhtar university – annaba,algeria,,,,,,,,,,,1501.0,16.2,34.1,16.2,12.5,16.9,35.0,38030,11.9,2.0,63,37
,badr university in cairo,egypt,,,,,,,,,,,,,,,,,,13479,17.8,2.0,56,44
1300.5,bahauddin zakariya university,pakistan,,5.4,5.5,1.7,12.1,,1.0,2.7,5.7,1.1,1100.5,30.450000000000003,19.6,12.6,58.5,19.2,48.1,26994,27.2,0.0,40,60
,bahria university,pakistan,,,,,,,,,,,900.5,34.8,14.2,9.7,77.3,16.2,48.7,20224,20.3,1.0,45,55
,bahçeşehir university,turkey,,,,,,,,,,,900.5,34.8,19.5,24.4,59.4,39.6,61.2,18795,47.9,22.0,50,50
,bakrie university,indonesia,,,,,,,,,,,,,,,,,,3606,36.8,0.0,53,47
1100.5,baku state university,azerbaijan,,9.6,3.2,33.9,1.4,2.1,1.7,1.1,9.6,1.0,1501.0,16.2,20.1,8.6,13.8,19.7,35.5,23684,13.2,2.0,66,34
,balochistan university of information technology engineering and management sciences,pakistan,,,,,,,,,,,,,,,,,,11859,19.1,0.0,17,83
1100.5,banaras hindu university,india,,12.1,6.5,15.9,7.8,1.2,1.6,15.3,6.3,4.1,700.5,39.4,47.2,16.4,66.4,26.8,25.0,12620,8.0,3.0,43,57
,banasthali university,india,,,,,,,,,,,1350.5,25.5,34.6,11.7,31.4,23.8,25.6,9873,16.8,4.0,99,1
,bandirma onyedi eylül university,turkey,,,,,,,,,,,,,,,,,,15721,31.8,7.0,,
281.0,bandung institute of technology,indonesia,36.6,41.0,65.6,65.6,2.5,84.4,2.3,1.2,35.7,21.2,1350.5,25.5,23.7,17.1,29.2,29.4,38.5,27774,15.3,3.0,43,57
,bangabandhu sheikh mujibur rahman agricultural university,bangladesh,,,,,,,,,,,,,,,,,,1743,8.0,3.0,55,45
,bangladesh agricultural university,bangladesh,,,,,,,,,,,1100.5,30.450000000000003,29.5,9.9,45.2,22.6,49.5,6810,11.4,1.0,45,55
825.5,bangladesh university of engineering and technology,bangladesh,,15.6,34.8,16.9,12.0,,1.0,1.2,7.0,3.4,1100.5,30.450000000000003,21.7,15.8,50.7,35.2,29.8,6237,13.2,0.0,22,78
481.0,bangor university,united kingdom,23.9,8.8,5.3,14.9,39.7,42.2,55.4,24.6,13.0,87.4,450.5,47.2,27.6,25.3,72.7,64.3,88.2,8130,14.8,23.0,61,39
545.0,bar-ilan university,israel,21.5,8.0,5.3,7.8,62.2,47.9,2.9,10.2,15.2,28.4,550.5,43.599999999999994,30.0,34.1,54.1,85.8,46.8,19599,19.0,4.0,61,39
,barawa international university,somalia,,,,,,,,,,,,,,,,,,13200,35.3,3.0,33,67
,bartin university,turkey,,,,,,,,,,,1100.5,30.450000000000003,11.1,13.0,69.6,16.3,37.4,11828,31.8,11.0,39,61
,bashkir state medical university,russian federation,,,,,,,,,,,,,,,,,,8671,10.2,28.0,60,40
,bath spa university,united kingdom,,,,,,,,,,,,,,,,,,6485,16.4,14.0,69,31
319.0,bauman moscow state technical university,russia,33.2,31.3,44.4,100.0,1.4,53.6,58.9,1.0,12.2,10.5,,,,,,,,,,,,
,bauman moscow state technical university,russian federation,,,,,,,,,,,450.5,47.2,71.7,43.9,22.1,51.7,59.3,16061,6.6,18.0,42,58
,bayburt university,turkey,,,,,,,,,,,,,,,,,,12639,30.8,1.0,44,56
,bayero university,nigeria,,,,,,,,,,,1350.5,25.5,17.4,9.7,43.2,16.8,49.0,43027,25.4,0.0,35,65
1100.5,baylor university,united states,,6.1,16.8,11.7,8.3,2.4,3.8,3.5,12.8,3.8,700.5,39.4,39.2,19.7,61.3,54.8,38.6,20859,19.0,6.0,61,39
,baze university,nigeria,,,,,,,,,,,,,,,,,,3977,11.3,0.0,50,50
,başkent university,turkey,,,,,,,,,,,1501.0,16.2,20.0,12.2,15.7,29.1,22.0,13970,13.3,3.0,49,51
,beihang university,china,,,,,,,,,,,325.5,52.05,42.9,43.5,68.6,94.7,34.5,32854,12.3,4.0,,
473.0,beihang university,china (mainland),24.4,13.1,5.5,36.1,68.7,7.5,4.9,7.0,13.1,15.2,,,,,,,,,,,,
1100.5,beijing foreign studies university,china (mainland),,6.6,2.5,27.3,1.5,20.7,28.0,1.0,7.8,1.0,,,,,,,,,,,,
,beijing institute of technology,china,,,,,,,,,,,275.5,54.45,45.1,44.0,74.7,82.1,36.8,34050,13.4,8.0,,
340.0,beijing institute of technology,china (mainland),32.1,22.7,18.1,41.1,76.4,3.1,4.2,17.1,14.1,23.7,,,,,,,,,,,,
925.5,beijing jiaotong university,china (mainland),,10.1,4.2,16.0,28.8,5.0,10.6,2.6,8.2,1.7,,,,,,,,,,,,
,beijing normal university,china,,,,,,,,,,,177.0,60.2,57.7,45.8,77.5,67.6,52.3,26439,14.4,9.0,,
272.0,beijing normal university,china (mainland),37.3,38.4,6.8,25.6,86.4,7.1,23.3,22.8,12.2,30.5,,,,,,,,,,,,
725.5,beijing university of chemical technology,china (mainland),,4.8,1.8,15.6,62.7,,,2.0,5.9,1.4,,,,,,,,,,,,
1100.5,beijing university of chinese medicine,china (mainland),,4.9,1.4,35.8,8.2,,9.2,1.0,5.3,1.0,,,,,,,,,,,,
875.5,beijing university of posts and telecommunications,china (mainland),,3.9,2.2,10.0,49.2,5.0,1.8,1.1,10.4,1.2,,,,,,,,,,,,
825.5,beijing university of technology,china (mainland),,8.3,3.5,42.9,26.6,4.8,2.9,1.7,8.9,2.9,,,,,,,,,,,,
715.5,beirut arab university,lebanon,,13.4,18.8,16.5,2.7,80.1,51.3,1.1,18.2,1.1,550.5,43.599999999999994,48.5,24.6,47.3,18.6,88.2,4834,10.4,21.0,45,55
825.5,belarusian national technical university,belarus,,13.1,29.8,45.6,1.0,2.2,12.6,1.0,7.1,,,,,,,,,,,,,
,belarusian state medical university,belarus,,,,,,,,,,,,,,,,,,7367,6.3,28.0,67,33
387.0,belarusian state university,belarus,28.3,26.6,42.5,95.3,1.3,4.1,49.9,3.4,24.5,1.4,1350.5,25.5,25.5,11.5,17.0,55.4,66.8,23030,7.6,19.0,62,38
1300.5,belarusian state university of informatics and radioelectronics,belarus,,7.4,18.3,12.0,1.3,1.2,5.6,1.0,10.9,,,,,,,,,12975,13.6,5.0,24,76
,belgorod state national research university,russian federation,,,,,,,,,,,1501.0,16.2,23.4,13.7,10.6,34.1,42.3,14066,15.6,20.0,60,40
,bells university of technology,nigeria,,,,,,,,,,,,,,,,,,2269,9.7,0.0,24,76
469.0,ben-gurion university of the negev,israel,24.6,14.6,14.2,11.7,52.7,65.3,15.7,20.1,10.5,18.2,550.5,43.599999999999994,34.1,30.6,59.0,71.6,34.5,17265,21.3,2.0,52,48
1300.5,benemérita universidad autónoma de puebla,mexico,,15.3,6.5,3.2,2.0,2.9,1.3,1.3,6.5,3.0,1501.0,16.2,15.6,9.5,17.1,19.4,37.7,79695,45.2,1.0,52,48
,benha university,egypt,,,,,,,,,,,1100.5,30.450000000000003,15.7,9.2,66.5,18.9,49.1,110873,30.9,2.0,42,58
,beni-suef university,egypt,,,,,,,,,,,1100.5,30.450000000000003,16.8,9.8,61.1,19.5,51.4,85158,31.6,0.0,49,51
,benson idahosa university,nigeria,,,,,,,,,,,,,,,,,,5436,16.4,0.0,45,55
,bernardo o’higgins university,chile,,,,,,,,,,,1501.0,16.2,13.9,10.3,10.7,20.9,54.0,9010,18.6,6.0,68,32
,beykent university,turkey,,,,,,,,,,,,,,,,,,22401,25.4,5.0,49,51
,bezmiâlem vakif university,turkey,,,,,,,,,,,1350.5,25.5,30.4,11.9,26.9,21.6,27.2,3622,11.8,5.0,72,28
,bharath institute of higher education and research,india,,,,,,,,,,,1501.0,16.2,21.1,7.3,30.2,21.2,35.9,22563,14.0,2.0,56,44
,bharathiar university,india,,,,,,,,,,,700.5,39.4,36.7,32.6,48.0,34.6,31.1,3887,18.2,0.0,62,38
,bharati vidyapeeth university,india,,,,,,,,,,,1501.0,16.2,24.8,9.4,13.5,30.4,18.8,9925,7.3,0.0,50,50
,bialystok university of technology,poland,,,,,,,,,,,1501.0,16.2,23.0,14.9,23.1,20.6,24.3,6471,10.8,3.0,36,64
975.5,bielefeld university,germany,,14.6,3.8,8.4,8.2,21.2,7.7,32.8,8.1,6.5,,,,,,,,,,,,
,bilad alrafidain university college,iraq,,,,,,,,,,,,,,,,,,14000,31.8,0.0,57,43
,bilecik şeyh edebali university,turkey,,,,,,,,,,,1501.0,16.2,14.5,9.5,22.8,17.8,32.0,10386,16.3,13.0,40,60
502.0,bilkent university,turkey,23.1,22.2,44.9,17.2,12.9,72.0,5.7,4.1,14.3,14.2,700.5,39.4,27.8,26.0,48.8,91.4,70.0,9109,14.8,8.0,46,54
1100.5,bina nusantara university,indonesia,,11.0,16.1,20.6,1.9,25.6,4.5,1.0,13.8,1.1,,,,,,,,,,,,
1100.5,binghamton university suny,united states,,6.8,4.8,6.2,16.9,8.0,9.9,1.6,10.8,3.9,,,,,,,,,,,,
,binus university,indonesia,,,,,,,,,,,1350.5,25.5,20.0,17.2,37.5,25.1,34.1,15185,14.2,4.0,43,57
374.0,birkbeck university of london,united kingdom,29.7,10.8,3.5,14.1,65.1,97.5,98.0,9.1,12.3,12.0,325.5,52.05,34.7,29.7,78.0,63.5,92.4,7610,12.5,41.0,57,43
975.5,birla institute of technology and science pilani,india,,9.1,14.4,7.3,17.3,1.8,2.6,2.2,24.0,7.9,900.5,34.8,23.7,17.0,67.4,31.7,25.1,16339,16.2,2.0,20,80
1100.5,birmingham city university,united kingdom,,5.8,4.6,7.6,3.1,43.5,76.5,1.4,11.3,1.3,700.5,39.4,17.3,11.8,77.8,23.2,81.9,24575,17.2,26.0,63,37
,birmingham newman university,united kingdom,,,,,,,,,,,,,,,,,,2380,19.8,10.0,77,23
,biruni university,turkey,,,,,,,,,,,,,,,,,,7252,20.5,13.0,70,30
1300.5,birzeit university,"palestinian territory, occupied",,6.3,9.4,4.9,2.7,14.3,4.3,1.2,16.8,1.0,,,,,,,,,,,,
,bishop grosseteste university,united kingdom,,,,,,,,,,,,,,,,,,2115,21.2,4.0,78,22
,blida 1 university,algeria,,,,,,,,,,,1501.0,16.2,19.6,8.6,14.9,16.7,36.8,29433,20.4,1.0,64,36
,bohdan khmelnytsky national university of cherkasy,ukraine,,,,,,,,,,,,,,,,,,4572,10.4,1.0,61,39
,bolu abant izzet baysal university,turkey,,,,,,,,,,,1501.0,16.2,15.6,9.3,29.2,17.4,32.4,23820,22.1,9.0,55,45
567.0,bond university,australia,20.8,4.7,5.2,44.1,22.8,87.7,93.6,1.1,11.7,1.1,450.5,47.2,28.2,23.1,82.5,23.1,82.3,3170,11.2,34.0,54,46
635.5,boston college,united states,,20.5,12.9,19.3,21.5,12.0,18.3,9.1,38.4,15.9,275.5,54.45,43.5,30.5,84.6,60.7,57.8,13156,14.9,10.0,55,45
93.0,boston university,united states,61.4,61.7,68.3,32.7,60.1,21.6,87.5,72.6,68.6,85.9,78.0,70.1,59.6,54.1,94.3,76.4,74.1,26677,10.8,29.0,58,42
,botswana international university of science and technology,botswana,,,,,,,,,,,1350.5,25.5,25.5,11.0,35.1,16.6,77.0,1992,8.8,8.0,33,67
735.5,bournemouth university,united kingdom,,5.7,8.3,6.1,17.4,81.2,50.1,23.3,10.0,18.4,450.5,47.2,23.2,21.1,86.7,38.4,89.0,14260,19.1,21.0,53,47
,bowling green state university,united states,,,,,,,,,,,1100.5,30.450000000000003,22.4,13.9,52.7,40.5,28.9,15159,17.6,3.0,57,43
,bozok university,turkey,,,,,,,,,,,1501.0,16.2,16.1,9.4,30.3,16.9,28.9,13417,14.4,5.0,51,49
514.0,boğaziçi university,turkey,22.7,23.0,58.4,4.0,14.3,11.1,2.6,4.9,52.7,6.2,700.5,39.4,26.1,26.6,57.4,59.6,50.6,12877,23.5,2.0,45,55
1100.5,brac university,bangladesh,,10.6,29.1,12.4,1.9,2.5,1.4,1.1,9.6,1.1,900.5,34.8,14.8,12.3,71.1,15.7,42.2,13027,16.9,1.0,43,57
665.5,brandeis university,united states,,9.8,4.3,49.9,16.3,26.2,70.6,1.4,17.4,1.5,275.5,54.45,36.7,28.3,84.6,64.2,81.4,4791,11.6,33.0,59,41
1100.5,brigham young university,united states,,7.0,5.3,4.6,13.3,1.3,3.3,8.2,22.0,7.0,,,,,,,,,,,,
,brighton and sussex medical school,united kingdom,,,,,,,,,,,550.5,43.599999999999994,26.6,22.0,74.4,37.8,93.1,25,0.3,26.0,60,40
1300.5,british university in egypt,egypt,,5.7,4.5,23.1,2.2,2.8,2.6,1.0,6.8,1.4,,,,,,,,,,,,
615.5,brno university of technology,czech republic,,13.1,34.7,22.7,6.7,9.0,70.9,38.6,14.2,2.7,1100.5,30.450000000000003,22.2,19.3,39.0,70.3,58.3,18137,15.5,25.0,28,72
1300.5,brock university,canada,,4.1,6.8,2.4,15.1,2.2,18.8,2.5,8.7,2.0,,,,,,,,,,,,
73.0,brown university,united states,66.4,58.3,42.4,77.8,85.9,84.5,52.0,58.3,74.8,70.4,64.0,73.0,69.8,59.6,89.7,69.3,72.1,9781,10.3,19.0,,
343.0,brunel university london,united kingdom,31.9,11.3,13.3,7.9,44.2,99.7,99.6,56.9,18.5,62.8,375.5,50.05,25.2,26.5,80.7,60.1,98.4,14130,17.9,40.0,47,53
,bu-ali sina university,iran,,,,,,,,,,,1350.5,25.5,22.3,16.5,42.8,21.1,25.3,11153,24.1,1.0,59,41
,bucharest university of economic studies,romania,,,,,,,,,,,900.5,34.8,19.7,11.6,75.9,20.8,27.8,23419,16.3,4.0,62,38
,buckinghamshire new university,united kingdom,,,,,,,,,,,,,,,,,,5115,15.3,30.0,59,41
745.5,budapest university of technology and economics,hungary,,14.3,19.4,15.2,8.9,2.5,18.8,25.4,25.0,40.8,1350.5,25.5,22.2,18.3,35.8,59.3,37.6,18621,16.9,13.0,31,69
,bukhara engineering technological institute,uzbekistan,,,,,,,,,,,,,,,,,,11543,24.3,0.0,24,76
,bukhara state medical institute,uzbekistan,,,,,,,,,,,,,,,,,,3336,6.8,9.0,43,57
,bukhara state university,uzbekistan,,,,,,,,,,,,,,,,,,17772,20.7,2.0,57,43
,bukkyo university,japan,,,,,,,,,,,,,,,,,,5924,26.6,1.0,48,52
,burapha university,thailand,,,,,,,,,,,1501.0,16.2,16.0,9.8,10.3,20.9,27.6,24431,17.4,2.0,66,34
,buriram rajabhat university,thailand,,,,,,,,,,,,,,,,,,12750,29.4,1.0,54,46
,bursa technical university,turkey,,,,,,,,,,,1501.0,16.2,13.7,9.4,30.4,18.5,29.7,8696,18.5,8.0,48,52
,bursa uludağ university,turkey,,,,,,,,,,,1501.0,16.2,18.8,10.4,20.0,31.0,32.3,41901,24.2,10.0,50,50
665.5,ca' foscari university of venice,italy,,18.8,14.8,4.9,14.2,35.1,8.2,15.5,10.8,62.8,,,,,,,,,,,,
371.0,cairo university,egypt,29.9,43.7,33.2,8.0,2.8,2.7,6.2,48.7,72.5,78.6,900.5,34.8,25.0,18.5,59.9,39.2,45.4,202915,30.9,5.0,60,40
15.0,california institute of technology,united states,87.8,96.1,93.7,100.0,100.0,100.0,81.0,22.8,34.2,41.4,7.0,96.5,96.6,98.0,95.9,100.0,90.6,2240,6.1,33.0,37,63
1300.5,california polytechnic state university,united states,,3.7,9.3,7.0,3.4,,,1.5,13.2,,,,,,,,,,,,,
1401.0,california state university - los angeles,united states,,5.4,2.5,3.5,3.2,4.0,5.6,1.1,9.5,,,,,,,,,,,,,
1401.0,california state university long beach,united states,,4.0,2.8,8.1,,,,,9.6,,,,,,,,,,,,,
,campus bio-medico university of rome,italy,,,,,,,,,,,450.5,47.2,32.6,29.0,76.9,48.8,31.0,2210,18.4,1.0,62,38
,canadian international college – cairo,egypt,,,,,,,,,,,,,,,,,,9568,42.9,1.0,22,78
551.0,canadian university dubai,united arab emirates,21.3,14.7,14.4,31.3,2.3,100.0,100.0,1.0,22.3,1.0,,,,,,,,,,,,
,cankaya university,turkey,,,,,,,,,,,700.5,39.4,14.0,15.4,83.4,17.0,51.0,6685,24.0,1.0,44,56
1100.5,canterbury christ church university,united kingdom,,5.7,2.1,5.8,4.1,35.9,72.8,1.0,8.6,1.0,1100.5,30.450000000000003,20.7,13.8,44.6,18.0,59.6,11155,20.1,15.0,68,32
,capital medical university,china,,,,,,,,,,,700.5,39.4,35.9,20.9,65.8,46.0,26.4,15347,4.9,5.0,64,36
,capital university of science and technology,pakistan,,,,,,,,,,,700.5,39.4,13.4,16.1,82.0,22.2,46.6,6237,28.0,0.0,36,64
,cardiff metropolitan university,united kingdom,,,,,,,,,,,1350.5,25.5,20.3,12.8,34.8,41.3,78.7,9665,18.1,20.0,54,46
154.0,cardiff university,united kingdom,50.5,46.5,48.3,33.7,39.6,84.0,70.6,81.6,18.9,97.9,190.0,59.3,35.5,39.6,91.9,70.4,92.5,28815,15.0,27.0,58,42
675.5,carleton university,canada,,10.9,13.9,3.1,21.8,21.6,46.0,16.8,28.5,35.8,550.5,43.599999999999994,22.6,31.2,67.0,75.5,77.2,29656,29.4,21.0,50,50
,carlos iii university of madrid,spain,,,,,,,,,,,900.5,34.8,29.5,20.8,42.9,66.9,60.0,18722,11.2,12.0,47,53
52.0,carnegie mellon university,united states,73.7,71.2,75.3,49.1,99.9,46.6,98.2,57.4,60.0,47.2,24.0,86.3,75.0,84.6,98.9,87.3,85.5,13562,11.9,44.0,44,56
255.0,case western reserve university,united states,38.8,18.4,17.1,83.0,63.9,38.2,68.3,21.0,27.0,34.6,164.0,61.3,51.7,40.2,88.7,71.4,65.0,10294,8.8,25.0,51,49
875.5,catania university,italy,,11.7,3.1,4.8,27.4,2.8,2.6,30.4,6.1,25.1,,,,,,,,,,,,
,catholic university in erbil,iraq,,,,,,,,,,,,,,,,,,271,4.8,4.0,55,45
,catholic university of brasília,brazil,,,,,,,,,,,1501.0,16.2,15.4,10.5,11.7,19.0,35.7,10064,22.6,0.0,53,47
,catholic university of portugal,portugal,,,,,,,,,,,900.5,34.8,19.6,18.7,64.4,25.6,55.7,11543,22.2,17.0,62,38
,catholic university of the north,chile,,,,,,,,,,,1501.0,16.2,14.2,15.2,29.0,18.2,58.0,11528,20.3,3.0,46,54
,catholic university of ávila,spain,,,,,,,,,,,,,,,,,,3181,7.7,3.0,63,37
1300.5,católica de córdoba,argentina,,4.7,2.7,18.1,1.2,4.2,4.8,1.0,9.1,1.0,,,,,,,,,,,,
,caucasus international university,georgia,,,,,,,,,,,,,,,,,,4644,12.0,44.0,54,46
,ca’ foscari university of venice,italy,,,,,,,,,,,550.5,43.599999999999994,34.2,36.3,52.8,64.7,63.0,15053,29.5,7.0,66,34
,cbs international business school,germany,,,,,,,,,,,,,,,,,,1564,37.2,33.0,49,51
,ceará state university,brazil,,,,,,,,,,,1501.0,16.2,21.1,11.4,8.9,17.9,20.2,16305,14.7,0.0,54,46
,cebu technological university,philippines,,,,,,,,,,,,,,,,,,45431,39.6,0.0,59,41
,cecos university of it and emerging sciences,pakistan,,,,,,,,,,,,,,,,,,2517,16.0,0.0,8,92
,central european university,austria,,,,,,,,,,,,,,,,,,1236,7.4,97.0,54,46
,central luzon state university,philippines,,,,,,,,,,,,,,,,,,10998,22.3,0.0,62,38
1300.5,central michigan university,united states,,3.6,4.2,7.8,8.1,3.5,3.1,2.1,10.8,,1100.5,30.450000000000003,28.8,15.3,46.8,44.9,33.4,13780,18.3,3.0,60,40
590.0,central queensland university,australia,20.1,8.7,9.5,24.0,16.0,98.0,98.1,1.2,8.3,5.6,550.5,43.599999999999994,19.7,26.7,76.0,39.5,65.3,12874,25.6,11.0,65,35
452.0,central south university,china (mainland),25.5,8.8,3.4,5.6,98.4,6.6,3.6,13.5,9.9,8.9,,,,,,,,,,,,
,centrale nantes,france,,,,,,,,,,,450.5,47.2,40.7,33.4,50.6,81.1,87.8,1678,14.8,39.0,25,75
,centro de estudios para la calidad educativa y la investigación científica,mexico,,,,,,,,,,,,,,,,,,131,6.2,15.0,62,38
,centro federal de educação tecnológica celso suckow da fonseca,brazil,,,,,,,,,,,1501.0,16.2,12.4,9.7,18.2,16.7,30.6,18816,21.0,0.0,38,62
,centro universitário cesuca,brazil,,,,,,,,,,,,,,,,,,4123,25.5,0.0,64,36
,centurion university of technology and management,india,,,,,,,,,,,,,,,,,,8684,16.4,4.0,28,72
,ces university,colombia,,,,,,,,,,,1501.0,16.2,19.2,9.1,5.8,16.4,37.1,6612,13.6,3.0,69,31
,cetys universidad,mexico,,,,,,,,,,,,,,,,,,5424,10.2,15.0,45,55
129.0,chalmers university of technology,sweden,54.0,26.6,51.5,51.1,80.9,100.0,67.4,52.2,28.7,82.9,189.0,59.4,42.7,46.6,79.4,97.1,74.1,10103,15.4,17.0,32,68
775.5,chandigarh university,india,,11.5,43.4,21.1,1.3,34.1,15.1,1.1,8.1,2.8,,,,,,,,,,,,
625.5,chang gung university,taiwan,,5.7,4.6,70.0,43.0,4.3,4.7,1.4,7.9,4.1,700.5,39.4,26.5,34.6,47.2,95.5,28.5,7017,12.3,5.0,49,51
,chang gung university of science and technology,taiwan,,,,,,,,,,,1350.5,25.5,15.1,17.0,37.2,34.9,20.3,6397,25.6,1.0,89,11
1100.5,chang jung christian university,taiwan,,6.3,2.5,44.5,1.6,6.4,5.4,1.0,7.9,1.1,,,,,,,,,,,,
,changsha university of science and technology,china,,,,,,,,,,,900.5,34.8,16.8,13.5,76.5,41.6,27.9,35014,16.0,1.0,36,64
1300.5,chaoyang university of technology,taiwan,,5.6,6.7,4.2,3.5,6.7,5.7,1.0,7.9,3.3,1501.0,16.2,14.1,18.2,28.2,47.0,38.9,14432,37.5,5.0,55,45
,chapman university,united states,,,,,,,,,,,900.5,34.8,36.9,14.7,48.1,59.2,46.8,9231,12.0,7.0,61,39
,charisma university,turks and caicos islands,,,,,,,,,,,,,,,,,,816,4.2,86.0,52,48
,charité - universitätsmedizin berlin,germany,,,,,,,,,,,94.0,67.2,47.5,49.1,97.7,100.0,75.2,8868,17.5,21.0,65,35
605.5,charles darwin university,australia,,5.8,4.7,4.0,41.3,37.4,76.7,3.6,8.5,45.3,450.5,47.2,24.8,32.5,73.9,36.3,81.6,7313,33.6,27.0,71,29
825.5,charles sturt university,australia,,5.0,6.0,7.0,8.6,31.7,74.0,10.5,10.3,53.4,900.5,34.8,18.5,17.9,55.1,58.0,66.3,21133,24.6,13.0,63,37
248.0,charles university,czech republic,39.6,45.5,43.5,34.8,9.4,24.8,51.2,90.9,27.6,83.9,450.5,47.2,38.8,33.1,61.9,60.1,64.7,51728,13.4,23.0,62,38
,chelyabinsk state university,russian federation,,,,,,,,,,,1501.0,16.2,12.3,10.7,10.7,17.0,25.9,11226,24.3,2.0,62,38
,chengdu university,china,,,,,,,,,,,900.5,34.8,18.5,14.5,74.1,28.5,28.2,24154,16.3,2.0,55,45
,chernihiv polytechnic national university,ukraine,,,,,,,,,,,,,,,,,,5229,20.3,0.0,42,58
,chettinad academy of research and education,india,,,,,,,,,,,,,,,,,,2687,8.9,2.0,60,40
571.0,chiang mai university,thailand,20.7,33.8,19.3,16.4,3.9,5.1,4.1,20.9,17.1,59.2,900.5,34.8,28.5,19.1,46.3,58.1,39.5,33649,13.6,4.0,61,39
,chiba institute of technology,japan,,,,,,,,,,,1501.0,16.2,14.8,8.8,13.0,26.1,20.9,9979,24.4,2.0,15,85
705.5,chiba university,japan,,16.8,8.4,62.3,10.9,7.5,5.2,2.5,8.6,18.8,900.5,34.8,33.2,20.9,42.0,68.9,33.9,13832,8.9,6.0,38,62
534.0,china agricultural university,china (mainland),22.0,9.6,2.1,19.9,78.7,3.4,1.6,3.3,6.5,8.4,,,,,,,,,,,,
,china medical university taiwan,taiwan,,,,,,,,,,,325.5,52.05,27.3,32.8,92.4,89.9,49.7,7110,14.7,7.0,57,43
,china pharmaceutical university,china,,,,,,,,,,,1100.5,30.450000000000003,23.4,18.3,52.8,73.4,22.2,18448,16.4,3.0,65,35
825.5,china university of geosciences,china (mainland),,5.3,1.4,55.9,25.3,1.6,2.9,26.1,5.3,7.0,,,,,,,,,,,,
785.5,china university of mining and technology,china (mainland),,3.7,1.6,9.5,60.5,,,2.9,9.0,3.0,,,,,,,,,,,,
,china university of petroleum,china,,,,,,,,,,,900.5,34.8,22.2,23.0,54.3,68.2,23.8,29292,17.0,2.0,33,67
715.5,china university of petroleum,china (mainland),,3.8,1.5,9.8,64.8,1.5,3.2,1.2,17.1,2.5,,,,,,,,,,,,
,china university of petroleum beijing,china,,,,,,,,,,,550.5,43.599999999999994,31.6,37.5,56.6,81.8,30.1,18061,18.6,7.0,,
1300.5,china university of political science and law,china (mainland),,3.7,27.6,9.1,1.2,4.0,1.5,1.0,9.2,1.0,,,,,,,,,,,,
,chinese culture university,taiwan,,,,,,,,,,,1501.0,16.2,13.9,10.0,16.8,26.1,29.8,23152,23.5,6.0,50,50
,chinese university of hong kong,hong kong,,,,,,,,,,,53.0,75.4,59.1,61.5,97.6,95.9,93.6,18290,18.8,25.0,,
,chinhoyi university of technology,zimbabwe,,,,,,,,,,,,,,,,,,11073,46.5,0.0,50,50
1300.5,chitkara university,india,,4.8,4.6,20.3,1.9,4.3,3.2,1.3,8.1,1.7,,,,,,,,14565,14.4,4.0,37,63
1300.5,chittagong university of engineering and technology,bangladesh,,8.0,12.6,7.2,4.5,,,1.0,11.3,,,,,,,,,,,,,
,chongqing university,china,,,,,,,,,,,375.5,50.05,32.8,38.2,75.9,79.6,42.0,42607,20.1,2.0,,
561.0,chongqing university,china (mainland),21.0,8.4,3.8,13.2,70.4,14.7,2.2,11.4,13.6,10.3,,,,,,,,,,,,
875.5,chonnam national university,south korea,,11.7,5.0,44.0,14.3,11.4,6.5,1.7,6.0,4.0,900.5,34.8,28.5,28.3,43.6,57.5,32.8,22051,17.7,7.0,49,51
,chosun university,south korea,,,,,,,,,,,1350.5,25.5,20.9,20.8,25.0,71.9,36.0,20247,24.5,3.0,48,52
,christ university,india,,,,,,,,,,,1350.5,25.5,14.6,9.9,44.4,15.9,25.4,27720,20.7,2.0,46,54
530.0,christian-albrechts-university zu kiel,germany,22.1,18.6,10.1,47.7,16.1,,9.4,79.9,10.5,42.3,,,,,,,,,,,,
,chubu university,japan,,,,,,,,,,,1501.0,16.2,17.1,11.9,15.9,33.4,34.1,8929,17.1,2.0,27,73
211.0,chulalongkorn university,thailand,44.3,66.6,50.1,31.5,7.0,15.0,2.9,49.4,87.2,85.9,700.5,39.4,36.7,32.2,50.2,76.6,44.1,34552,12.7,3.0,56,44
,chung shan medical university,taiwan,,,,,,,,,,,1350.5,25.5,18.9,20.0,27.0,48.9,21.4,7052,17.2,4.0,64,36
1100.5,chung yuan christian university,taiwan,,5.8,5.2,4.4,15.1,4.4,7.2,1.0,19.2,3.2,1100.5,30.450000000000003,18.1,24.4,39.0,62.6,41.2,15939,33.5,7.0,46,54
494.0,chung-ang university,south korea,23.4,19.8,36.2,69.5,8.9,13.8,36.3,1.7,12.8,2.5,450.5,47.2,37.4,38.4,52.0,98.3,62.6,18193,22.4,23.0,,
1100.5,chungbuk national university,south korea,,5.4,2.8,30.6,8.6,7.0,4.3,1.9,4.5,1.1,1350.5,25.5,26.5,21.2,29.9,50.6,29.6,17075,14.0,5.0,44,56
875.5,chungnam national university,south korea,,11.7,8.0,45.3,10.6,8.2,10.7,1.6,8.0,2.1,900.5,34.8,29.9,29.7,34.9,71.7,26.0,20334,19.8,4.0,47,53
,chuo university,japan,,,,,,,,,,,1501.0,16.2,18.7,12.7,15.5,27.2,30.4,26161,35.6,4.0,38,62
,cihan university sulaimaniya,iraq,,,,,,,,,,,,,,,,,,1328,10.5,7.0,54,46
,cihan university – erbil,iraq,,,,,,,,,,,,,,,,,,4963,23.5,2.0,43,57
,city university of hong kong,hong kong,,,,,,,,,,,82.0,69.3,52.2,52.4,91.1,100.0,98.7,9076,13.2,67.0,54,46
70.0,city university of hong kong,hong kong sar,67.7,59.6,27.3,86.6,99.9,100.0,100.0,17.4,29.5,82.1,,,,,,,,,,,,
328.0,city university of london,united kingdom,32.6,21.4,18.1,6.7,42.2,95.0,99.3,22.1,28.3,41.7,375.5,50.05,27.4,30.9,78.6,61.8,95.5,16080,19.5,45.0,58,42
545.0,city university of new york,united states,21.5,22.7,34.1,9.4,5.8,6.6,4.9,89.0,19.3,31.3,,,,,,,,,,,,
,city university of science and information technology peshawar,pakistan,,,,,,,,,,,,,,,,,,4300,21.7,2.0,18,82
,civil aviation academy,kazakhstan,,,,,,,,,,,,,,,,,,1840,17.5,2.0,24,76
825.5,clark university,united states,,3.0,5.3,23.4,18.3,14.2,72.6,1.2,14.9,33.2,700.5,39.4,26.6,20.8,66.8,54.0,70.5,3217,12.2,27.0,59,41
795.5,clarkson university,united states,,1.6,2.4,16.9,39.0,64.7,8.6,2.6,10.7,1.2,900.5,34.8,29.9,18.0,41.2,67.4,63.3,3871,15.5,8.0,34,66
,claude bernard university lyon 1,france,,,,,,,,,,,450.5,47.2,40.3,27.1,65.0,71.3,63.7,27444,12.7,14.0,55,45
875.5,clemson university,united states,,8.3,10.8,12.9,16.7,8.3,4.5,36.4,11.1,32.1,,,,,,,,,,,,
1300.5,cleveland state university,united states,,4.3,4.2,8.9,4.8,4.3,17.2,1.0,11.1,,,,,,,,,,,,,
,cochin university of science and technology,india,,,,,,,,,,,1350.5,25.5,37.6,20.0,25.4,45.6,20.2,4136,16.2,1.0,60,40
685.5,colegio de méxico,mexico,,15.6,3.1,100.0,1.6,9.1,18.0,1.0,7.7,1.0,,,,,,,,,,,,
,college of charleston,united states,,,,,,,,,,,1501.0,16.2,17.4,7.9,30.4,23.2,29.8,9986,16.3,1.0,68,32
925.5,college of william and mary,united states,,8.3,10.6,25.7,15.6,6.9,6.8,2.5,21.4,8.1,,,,,,,,,,,,
465.0,colorado school of mines,united states,24.7,7.2,9.6,19.7,70.8,29.6,9.0,2.3,17.4,42.0,,,,,,,,,,,,
409.0,colorado state university,united states,27.3,18.8,18.2,56.8,20.3,12.3,4.2,54.9,15.0,97.7,,,,,,,,,,,,
,colorado state university fort collins,united states,,,,,,,,,,,450.5,47.2,33.4,31.7,74.4,69.4,46.6,27786,16.2,5.0,56,44
23.0,columbia university,united states,85.9,99.6,98.3,100.0,40.7,56.1,96.8,97.6,99.9,94.2,17.0,90.9,88.6,89.7,97.4,75.2,86.9,25914,5.2,35.0,,
775.5,comenius university bratislava,slovakia,,14.1,5.2,55.8,3.4,4.1,30.5,13.0,32.8,4.1,,,,,,,,,,,,
,comenius university in bratislava,slovakia,,,,,,,,,,,1100.5,30.450000000000003,31.2,16.6,41.8,25.0,52.6,21812,10.5,15.0,65,35
,comillas pontifical university,spain,,,,,,,,,,,1501.0,16.2,18.3,15.7,26.3,31.4,44.2,9765,21.0,7.0,55,45
,communication university of china,china,,,,,,,,,,,1501.0,16.2,27.5,17.3,15.5,37.6,23.4,17316,15.3,3.0,70,30
171.0,complutense university of madrid,spain,48.8,68.2,69.3,25.8,7.0,9.0,25.6,83.4,57.9,96.3,550.5,43.599999999999994,40.3,29.4,58.8,52.1,46.7,59814,11.8,10.0,62,38
655.5,comsats university islamabad,pakistan,,10.4,29.2,14.4,13.9,1.6,1.6,62.6,8.1,50.9,700.5,39.4,17.9,16.6,88.2,30.5,50.0,34323,16.0,1.0,42,58
387.0,concordia university,canada,28.3,15.0,15.2,3.0,23.7,80.3,89.3,40.4,30.2,88.8,550.5,43.599999999999994,25.7,29.3,66.2,66.3,86.6,36749,34.6,34.0,50,50
,conservatoire for dance and drama,united kingdom,,,,,,,,,,,,,,,,,,1005,11.8,36.0,70,30
,constructor university,germany,,,,,,,,,,,450.5,47.2,36.7,35.9,48.9,84.7,93.5,1534,22.1,83.0,42,58
,copenhagen business school,denmark,,,,,,,,,,,325.5,52.05,21.1,32.3,92.1,43.8,91.5,16785,27.5,23.0,48,52
13.0,cornell university,united states,89.3,98.1,90.5,52.9,99.1,68.7,64.0,79.9,98.0,94.7,20.0,89.5,85.7,88.7,97.6,69.4,86.0,23620,10.0,24.0,51,49
1100.5,corvinus university of budapest,hungary,,10.9,16.0,4.8,3.1,7.8,37.5,1.2,5.5,1.1,,,,,,,,,,,,
,courtauld institute of art,united kingdom,,,,,,,,,,,,,,,,,,525,15.0,45.0,79,21
,covenant university,nigeria,,,,,,,,,,,900.5,34.8,24.7,24.4,56.6,24.2,54.3,8940,17.5,0.0,37,63
571.0,coventry university,united kingdom,20.7,9.2,12.5,15.7,6.8,74.8,100.0,50.7,13.7,26.6,700.5,39.4,20.9,14.9,69.6,26.8,95.6,32635,14.9,48.0,48,52
1100.5,cracow university of technology,poland,,11.4,23.7,19.6,4.4,2.1,2.0,1.6,8.8,1.4,1501.0,16.2,21.2,10.7,30.4,28.2,27.3,13510,12.2,5.0,36,64
,cranfield university,united kingdom,,,,,,,,,,,,,,,,,,3165,7.7,63.0,30,70
1401.0,cukurova university,turkey,,4.4,2.8,4.5,2.5,2.1,5.0,3.8,6.9,13.9,1350.5,25.5,23.8,23.4,26.2,26.7,28.9,35424,15.4,4.0,45,55
1300.5,cuny the city college of new york,united states,,6.2,1.8,11.4,15.0,4.3,5.5,1.5,6.9,,,,,,,,,,,,,
183.0,curtin university,australia,47.8,32.4,31.8,14.3,86.2,100.0,26.4,84.9,25.7,50.6,225.5,57.25,30.2,36.5,87.5,78.8,94.7,29283,20.8,29.0,53,47
875.5,cy cergy paris university,france,,3.4,2.7,41.9,6.5,54.3,45.1,8.1,7.4,9.6,900.5,34.8,23.8,25.3,44.4,56.6,92.7,16082,19.5,26.0,52,48
,cyprus health and social sciences university,northern cyprus,,,,,,,,,,,,,,,,,,2784,19.5,73.0,44,56
,cyprus university of technology,cyprus,,,,,,,,,,,700.5,39.4,29.4,19.1,63.3,21.9,71.2,3157,15.3,14.0,57,43
454.0,czech technical university in prague,czech republic,25.2,21.5,37.6,75.8,4.1,25.6,39.2,15.3,13.8,1.6,1100.5,30.450000000000003,30.9,18.8,32.2,51.9,60.2,15663,8.7,21.0,30,70
705.5,czech university of life sciences in prague,czech republic,,11.0,8.8,9.2,9.5,26.6,64.5,54.7,9.4,35.8,,,,,,,,,,,,
,czech university of life sciences prague,czech republic,,,,,,,,,,,900.5,34.8,20.1,15.4,50.8,50.2,76.4,19126,18.3,26.0,50,50
925.5,d serikbayev east kazakhstan state technical university,kazakhstan,,11.6,6.3,59.9,1.2,17.3,2.7,1.0,12.6,1.6,,,,,,,,,,,,
,d serikbayev east kazakhstan technical university,kazakhstan,,,,,,,,,,,,,,,,,,4994,14.4,3.0,29,71
307.0,daegu gyeongbuk institute of science and technology,south korea,34.0,10.4,7.5,89.0,100.0,5.3,3.7,1.0,4.7,,375.5,50.05,48.8,38.9,64.8,78.1,34.5,742,6.3,4.0,36,64
1300.5,daffodil international university,bangladesh,,8.0,16.5,3.9,2.4,4.8,2.0,1.0,10.1,2.0,,,,,,,,17236,22.0,5.0,37,63
298.0,dalhousie university,canada,34.9,19.2,18.0,16.0,41.8,99.0,74.7,37.2,21.6,94.4,325.5,52.05,30.8,31.6,78.9,71.7,89.1,17314,14.7,27.0,54,46
,dalian university of technology,china,,,,,,,,,,,450.5,47.2,37.0,35.0,68.1,86.8,40.2,37389,14.5,3.0,,
491.0,dalian university of technology,china (mainland),23.5,9.1,3.2,16.8,79.8,12.2,3.2,16.3,13.7,8.7,,,,,,,,,,,,
1300.5,damascus university,syrian arab republic,,5.1,4.2,1.1,1.2,1.6,3.9,1.0,64.0,1.1,,,,,,,,,,,,
,damghan university,iran,,,,,,,,,,,1501.0,16.2,17.7,11.4,27.0,17.9,27.9,4709,15.9,0.0,69,31
,damietta university,egypt,,,,,,,,,,,900.5,34.8,16.4,9.4,73.0,17.4,46.1,32299,33.9,1.0,63,37
,daneshpajoohan pishro higher education institute,iran,,,,,,,,,,,,,,,,,,3193,43.7,0.0,72,28
1100.5,dankook university,south korea,,4.8,3.5,68.9,2.8,4.5,5.8,1.0,6.8,1.0,,,,,,,,,,,,
237.0,dartmouth college,united states,40.9,21.1,24.2,57.9,78.6,5.3,33.9,6.6,72.1,66.8,161.0,61.4,57.3,40.7,84.7,68.4,60.2,6226,7.4,16.0,49,51
,dawood university of engineering and technology,pakistan,,,,,,,,,,,,,,,,,,2378,11.5,0.0,18,82
685.5,de la salle university,philippines,,21.0,45.1,10.5,4.2,2.0,2.7,1.3,35.6,5.6,1501.0,16.2,19.6,12.8,31.3,17.4,29.3,14905,14.5,3.0,50,50
825.5,de montfort university,united kingdom,,5.5,4.8,5.8,7.6,75.3,97.5,8.8,10.5,4.9,700.5,39.4,17.8,15.1,71.0,45.0,93.9,23125,18.5,37.0,56,44
233.0,deakin university,australia,41.3,29.6,25.8,4.8,67.4,96.7,59.9,51.4,26.2,54.3,275.5,54.45,28.3,34.6,91.4,72.2,85.7,40988,32.7,18.0,60,40
,debre tabor university,ethiopia,,,,,,,,,,,,,,,,,,17122,13.8,0.0,37,63
,del rosario university,colombia,,,,,,,,,,,1350.5,25.5,22.9,13.5,27.2,26.4,51.3,9977,10.5,2.0,57,43
47.0,delft university of technology,netherlands,76.2,73.0,79.0,36.9,84.9,100.0,89.3,91.4,42.1,98.4,48.0,76.3,66.7,78.2,76.5,100.0,92.8,21262,15.9,30.0,31,69
,delhi technological university,india,,,,,,,,,,,900.5,34.8,16.9,20.1,76.7,28.5,19.7,12730,23.4,3.0,22,78
,delta state university abraka,nigeria,,,,,,,,,,,,,,,,,,28031,34.7,0.0,57,43
,delta university for science and technology,egypt,,,,,,,,,,,,,,,,,,8876,16.6,0.0,48,52
,democritus university of thrace,greece,,,,,,,,,,,1100.5,30.450000000000003,16.1,16.5,54.3,32.1,30.4,22266,36.4,3.0,48,52
,denau institute of entrepreneurship and pedagogy,uzbekistan,,,,,,,,,,,,,,,,,,5676,21.5,0.0,65,35
,dha suffa university,pakistan,,,,,,,,,,,,,,,,,,2099,21.4,0.0,24,76
,dhaka international university,bangladesh,,,,,,,,,,,,,,,,,,8174,27.8,8.0,18,82
,dhofar university,oman,,,,,,,,,,,,,,,,,,3085,17.4,7.0,55,45
,dicle university,turkey,,,,,,,,,,,1501.0,16.2,30.3,16.9,12.7,53.0,21.9,32454,17.5,4.0,45,55
,diego portales university,chile,,,,,,,,,,,1100.5,30.450000000000003,15.3,11.8,53.8,18.0,53.0,18126,17.6,2.0,50,50
795.5,diponegoro university,indonesia,,17.2,33.9,15.7,1.4,22.8,2.8,1.0,15.0,13.1,1501.0,16.2,27.1,15.4,19.1,42.9,35.1,35688,18.0,2.0,56,44
,dokkyo medical university,japan,,,,,,,,,,,1501.0,16.2,26.7,10.3,22.0,37.9,19.1,1314,1.2,1.0,53,47
,dokuz eylül university,turkey,,,,,,,,,,,1350.5,25.5,19.4,18.2,25.5,67.1,25.5,56667,23.7,3.0,46,54
1300.5,dokuz eylül üniversitesi,turkey,,5.7,5.9,2.9,2.4,3.2,6.2,2.1,7.5,16.7,,,,,,,,,,,,
,don bosco university,india,,,,,,,,,,,,,,,,,,3168,14.9,0.0,47,53
1300.5,don state technical university,russia,,4.2,3.1,13.3,1.4,1.6,14.8,1.0,7.2,1.3,,,,,,,,,,,,
,don state technical university,russian federation,,,,,,,,,,,1100.5,30.450000000000003,20.6,9.0,54.9,17.9,31.7,26030,12.4,12.0,,
,donetsk national university of economics and trade named after mykhailo tuhan-baranovsky,ukraine,,,,,,,,,,,,,,,,,,722,12.4,1.0,62,38
675.5,dongguk university,south korea,,10.4,11.5,88.5,8.5,8.5,23.4,2.8,4.9,1.6,,,,,,,,,,,,
,donghua university,china,,,,,,,,,,,550.5,43.599999999999994,27.8,22.1,72.8,85.3,39.9,23099,14.7,6.0,44,56
925.5,donghua university,china (mainland),,4.0,1.5,26.9,37.9,2.3,3.4,1.9,6.2,1.3,,,,,,,,,,,,
1100.5,doshisha university,japan,,9.0,13.7,5.3,2.1,18.6,4.0,1.1,15.9,1.0,1501.0,16.2,17.9,10.9,11.1,30.7,35.5,27624,18.6,4.0,42,58
,dovletmammet azadi turkmen national institute of world languages,turkmenistan,,,,,,,,,,,,,,,,,,4255,13.3,0.0,78,22
,dow university of health sciences,pakistan,,,,,,,,,,,1350.5,25.5,24.2,10.0,46.5,18.7,43.2,11555,7.7,3.0,63,37
,dr br ambedkar national institute of technology jalandhar,india,,,,,,,,,,,1100.5,30.450000000000003,25.4,13.2,54.6,22.2,17.8,5462,24.1,1.0,36,64
,dr d y patil vidyapeeth pune,india,,,,,,,,,,,,,,,,,,3787,7.2,0.0,58,42
,dr mgr educational and research institute,india,,,,,,,,,,,,,,,,,,26210,15.0,0.0,30,70
605.5,drexel university,united states,,8.4,6.1,21.1,35.1,32.8,22.3,28.4,26.0,34.6,325.5,52.05,44.1,26.0,79.6,75.6,62.2,16910,11.0,15.0,51,49
436.0,dublin city university,ireland,26.0,19.7,27.0,25.6,12.4,76.0,19.3,19.3,24.8,81.7,450.5,47.2,24.5,35.2,77.1,62.8,73.9,14325,26.1,12.0,58,42
57.0,duke university,united states,72.0,85.7,69.3,100.0,40.2,16.8,52.2,90.0,89.3,95.0,26.0,83.9,79.3,76.1,96.2,100.0,74.8,15527,3.9,18.0,52,48
,dulaty university,kazakhstan,,,,,,,,,,,,,,,,,,10346,11.6,15.0,54,46
,dumlupinar university,turkey,,,,,,,,,,,1501.0,16.2,10.9,7.8,23.3,19.8,38.5,44749,44.4,19.0,40,60
,dunarea de jos university of galati,romania,,,,,,,,,,,1501.0,16.2,19.8,9.2,17.5,16.4,46.1,12481,16.0,22.0,58,42
,durban university of technology,south africa,,,,,,,,,,,1100.5,30.450000000000003,17.3,11.8,62.0,18.4,46.5,27163,35.3,1.0,55,45
78.0,durham university,united kingdom,65.1,59.5,89.3,27.8,53.3,97.5,86.9,86.2,29.2,97.6,174.0,60.6,43.5,44.5,83.5,65.6,95.8,19575,14.0,32.0,54,46
514.0,duy tan university,vietnam,22.7,10.7,26.3,3.8,33.6,37.0,1.2,63.7,10.9,57.4,700.5,39.4,12.1,14.2,87.5,17.4,52.5,23951,24.3,0.0,57,43
,duzce university,turkey,,,,,,,,,,,1350.5,25.5,15.5,19.9,44.7,50.7,30.2,21641,33.4,9.0,44,56
,eae business school,spain,,,,,,,,,,,,,,,,,,1667,7.2,48.0,47,53
,eafit university,colombia,,,,,,,,,,,1501.0,16.2,17.0,11.0,16.5,16.5,44.7,11298,18.8,1.0,44,56
,ean university,colombia,,,,,,,,,,,,,,,,,,11929,22.0,1.0,55,45
,east china normal university,china,,,,,,,,,,,325.5,52.05,42.7,35.1,76.3,66.3,56.4,28787,14.1,8.0,64,36
511.0,east china normal university,china (mainland),22.8,15.2,3.7,19.1,53.1,23.3,19.6,31.0,11.7,19.7,,,,,,,,,,,,
,east china university of science and technology,china,,,,,,,,,,,700.5,39.4,29.9,25.8,60.2,87.1,23.2,30974,18.0,2.0,44,56
685.5,east china university of science and technology,china (mainland),,7.5,2.6,13.0,61.4,2.7,1.8,2.8,11.7,3.6,,,,,,,,,,,,
1300.5,east west university,bangladesh,,5.8,14.6,3.1,2.5,1.3,1.0,1.0,10.5,1.0,,,,,,,,,,,,
,eastern mediterranean university,northern cyprus,,,,,,,,,,,700.5,39.4,26.0,15.2,73.8,35.9,75.5,13809,25.4,75.0,44,56
213.0,eberhard karls universität tübingen,germany,44.1,45.8,29.9,92.9,19.7,67.6,26.7,89.9,21.1,42.3,,,,,,,,,,,,
192.0,ecole des ponts paristech,france,46.7,8.3,57.9,98.2,80.7,34.6,96.8,5.6,30.0,19.2,,,,,,,,,,,,
,edge hill university,united kingdom,,,,,,,,,,,1100.5,30.450000000000003,18.1,13.8,55.6,22.0,54.7,11910,16.4,6.0,70,30
825.5,edinburgh napier university,united kingdom,,4.9,4.2,4.1,10.4,73.8,87.9,5.9,10.8,2.9,550.5,43.599999999999994,18.1,18.4,77.9,47.7,93.7,12415,22.4,34.0,52,48
529.0,edith cowan university,australia,22.2,8.7,8.1,6.2,41.0,77.5,72.6,18.7,12.0,11.7,375.5,50.05,23.7,26.2,86.9,69.2,87.6,17965,29.8,24.0,62,38
,edo state university uzairue,nigeria,,,,,,,,,,,,,,,,,,3031,15.4,0.0,51,49
,edwin clark university,nigeria,,,,,,,,,,,,,,,,,,775,9.9,0.0,60,40
,effat university,saudi arabia,,,,,,,,,,,,,,,,,,1070,11.6,34.0,99,1
1100.5,ege university,turkey,,8.6,10.3,13.8,3.0,1.3,3.3,10.6,8.5,17.2,1350.5,25.5,32.7,16.7,30.4,63.4,25.7,31178,20.3,4.0,54,46
,egerton university,kenya,,,,,,,,,,,,,,,,,,26399,55.1,1.0,36,64
,egypt-japan university of science and technology,egypt,,,,,,,,,,,700.5,39.4,34.2,27.6,62.4,27.7,51.5,1751,18.4,3.0,32,68
,egyptian russian university,egypt,,,,,,,,,,,,,,,,,,6152,13.0,2.0,40,60
,ehime university,japan,,,,,,,,,,,1350.5,25.5,24.3,14.9,27.9,54.0,32.1,9101,11.3,2.0,39,61
124.0,eindhoven university of technology,netherlands,55.0,29.3,76.2,40.4,89.7,100.0,70.8,40.1,19.7,18.0,168.0,60.8,47.4,51.5,71.3,100.0,87.3,10611,21.4,27.0,,
,el bosque university,colombia,,,,,,,,,,,1501.0,16.2,23.7,9.3,20.0,16.9,46.6,12702,6.8,2.0,62,38
,elizade university,nigeria,,,,,,,,,,,,,,,,,,1458,9.6,0.0,45,55
,emir abdelkader university of islamic sciences,algeria,,,,,,,,,,,,,,,,,,5538,19.6,0.0,73,27
199.0,emory university,united states,45.9,25.6,16.4,97.7,69.7,37.3,31.1,57.0,23.6,85.7,106.0,66.1,53.1,45.7,95.5,81.6,69.3,13127,4.0,19.0,61,39
,ensta bretagne,france,,,,,,,,,,,550.5,43.599999999999994,39.4,28.6,48.1,75.5,68.9,652,8.6,18.0,26,74
36.0,epfl,switzerland,80.4,84.6,59.9,92.4,98.0,100.0,100.0,65.6,19.4,42.3,,,,,,,,,,,,
176.0,erasmus university rotterdam,netherlands,48.5,37.3,50.9,22.5,53.4,83.0,60.1,71.6,63.7,49.4,99.0,66.7,38.5,54.1,96.9,94.7,90.6,33874,36.0,25.0,54,46
,erciyes university,turkey,,,,,,,,,,,1350.5,25.5,20.9,16.1,36.1,57.0,29.3,51907,37.2,6.0,46,54
1300.5,erciyes üniversitesi,turkey,,3.9,3.1,1.9,4.9,3.5,6.5,3.0,7.5,10.3,,,,,,,,,,,,
,erzincan binali yıldırım university,turkey,,,,,,,,,,,1501.0,16.2,12.0,8.7,37.6,16.6,23.7,24096,21.9,4.0,49,51
,escola superior de enfermagem do porto,portugal,,,,,,,,,,,,,,,,,,1600,9.4,0.0,85,15
1100.5,escuela politécnica nacional,ecuador,,6.3,17.6,16.6,3.3,6.7,1.9,1.1,10.6,1.1,1501.0,16.2,18.2,9.4,29.0,18.6,52.1,7458,13.2,1.0,28,72
,escuela superior politécnica de chimborazo,ecuador,,,,,,,,,,,,,,,,,,21744,21.4,0.0,50,50
1100.5,escuela superior politécnica del litoral,ecuador,,12.9,9.1,19.2,2.7,13.0,1.7,1.4,11.9,23.0,1350.5,25.5,20.4,9.5,32.3,18.3,56.4,10271,10.4,1.0,39,61
,esic university,spain,,,,,,,,,,,,,,,,,,6169,19.6,10.0,45,55
,eskişehir osmangazi university,turkey,,,,,,,,,,,1501.0,16.2,21.5,16.6,20.5,19.2,27.0,30301,17.5,7.0,45,55
,eskişehir technical university,turkey,,,,,,,,,,,,,,,,,,14836,21.6,2.0,41,59
459.0,essex university of,united kingdom,25.1,16.4,5.1,13.0,25.6,99.8,99.0,40.1,13.4,9.6,,,,,,,,,,,,
,eth zurich,switzerland,,,,,,,,,,,11.0,93.1,87.6,96.8,95.6,82.9,95.6,22619,15.4,43.0,33,67
7.0,eth zurich - swiss federal institute of technology,switzerland,93.3,98.8,83.6,72.1,98.9,100.0,98.5,96.0,79.1,88.4,,,,,,,,,,,,
,european university,georgia,,,,,,,,,,,,,,,,,,1428,1.6,73.0,40,60
,european university cyprus,cyprus,,,,,,,,,,,,,,,,,,5978,19.5,54.0,58,42
,european university of armenia,armenia,,,,,,,,,,,,,,,,,,2027,8.4,7.0,46,54
,european university of madrid,spain,,,,,,,,,,,1100.5,30.450000000000003,21.5,10.9,54.3,17.7,61.7,11416,12.0,30.0,50,50
,european university of tunis,tunisia,,,,,,,,,,,,,,,,,,358,3.9,15.0,48,52
,evangel university akaeze,nigeria,,,,,,,,,,,,,,,,,,1123,7.7,0.0,57,43
498.0,ewha womans university,south korea,23.2,26.7,23.0,77.4,7.7,7.8,19.8,1.6,15.3,6.9,700.5,39.4,37.6,35.3,44.5,82.8,49.6,13999,16.7,15.0,100,0
705.5,eötvös loránd university,hungary,,23.9,16.8,13.2,7.8,5.0,11.3,31.1,30.8,10.2,900.5,34.8,28.6,19.2,57.3,33.4,51.3,30414,17.8,11.0,61,39
,falmouth university,united kingdom,,,,,,,,,,,,,,,,,,4660,16.6,13.0,56,44
645.5,far eastern federal university,russia,,10.6,3.5,94.9,1.8,14.1,66.1,5.1,8.2,1.2,,,,,,,,,,,,
,far eastern federal university,russian federation,,,,,,,,,,,1350.5,25.5,31.5,19.6,21.0,26.6,62.7,15631,12.9,21.0,59,41
,fayoum university,egypt,,,,,,,,,,,1100.5,30.450000000000003,15.9,11.9,65.5,24.9,46.4,46689,18.0,0.0,62,38
,federal rural university of pernambuco,brazil,,,,,,,,,,,1501.0,16.2,25.0,11.0,19.1,20.0,23.4,14347,12.3,0.0,49,51
,federal university of agriculture abeokuta,nigeria,,,,,,,,,,,1501.0,16.2,15.6,8.0,24.5,17.0,31.4,17433,26.5,0.0,52,48
,federal university of espírito santo,brazil,,,,,,,,,,,1350.5,25.5,24.7,15.7,25.1,47.3,28.8,24728,13.3,1.0,55,45
,federal university of goiás,brazil,,,,,,,,,,,1350.5,25.5,30.0,13.8,26.2,30.8,27.7,25332,13.3,1.0,50,50
,federal university of itajubá,brazil,,,,,,,,,,,1501.0,16.2,17.7,9.6,21.3,20.5,28.0,8608,17.3,1.0,30,70
,federal university of kashere,nigeria,,,,,,,,,,,,,,,,,,10857,21.5,0.0,29,71
,federal university of latin american integration,brazil,,,,,,,,,,,,,,,,,,5547,16.1,32.0,51,49
,federal university of lavras,brazil,,,,,,,,,,,1350.5,25.5,27.0,16.8,26.6,29.3,26.5,14733,18.3,1.0,52,48
,federal university of mato grosso do sul,brazil,,,,,,,,,,,1501.0,16.2,21.4,11.7,22.3,33.0,28.9,26725,15.0,1.0,55,45
,federal university of minas gerais,brazil,,,,,,,,,,,900.5,34.8,40.2,23.3,43.3,50.8,33.4,42080,13.5,1.0,53,47
,federal university of paraí­ba,brazil,,,,,,,,,,,,,,,,,,38158,13.9,0.0,0,100
,federal university of pará,brazil,,,,,,,,,,,1501.0,16.2,22.6,11.7,21.3,21.7,26.8,46837,17.7,0.0,52,48
,federal university of pernambuco,brazil,,,,,,,,,,,1350.5,25.5,30.7,13.3,25.1,40.2,25.7,34549,12.8,0.0,51,49
,federal university of petroleum resources effurun,nigeria,,,,,,,,,,,,,,,,,,6127,40.0,0.0,17,83
,federal university of rio de janeiro,brazil,,,,,,,,,,,700.5,39.4,41.8,36.0,36.7,81.0,35.9,52534,13.5,1.0,55,45
,federal university of rio grande do norte,brazil,,,,,,,,,,,1350.5,25.5,25.3,11.3,30.6,24.8,31.3,42906,16.7,0.0,40,60
,federal university of santa maria,brazil,,,,,,,,,,,1350.5,25.5,31.5,13.0,36.8,24.1,25.0,28741,14.6,1.0,54,46
,federal university of são carlos,brazil,,,,,,,,,,,1100.5,30.450000000000003,33.4,19.8,33.5,44.8,29.5,21119,16.1,1.0,51,49
,federal university of technology akure,nigeria,,,,,,,,,,,1100.5,30.450000000000003,24.8,11.1,50.6,18.2,40.4,19711,24.5,0.0,26,74
,federal university of technology minna,nigeria,,,,,,,,,,,,,,,,,,25114,25.7,0.0,23,77
,federal university of technology owerri,nigeria,,,,,,,,,,,,,,,,,,25099,19.2,0.0,30,70
,federal university of uberlândia,brazil,,,,,,,,,,,1350.5,25.5,23.3,12.7,36.1,29.8,24.4,25700,14.1,1.0,52,48
,federal university of viçosa,brazil,,,,,,,,,,,1350.5,25.5,32.2,14.5,23.0,26.6,24.5,17866,9.7,2.0,55,45
,federation university australia,australia,,,,,,,,,,,700.5,39.4,20.9,17.2,71.3,41.7,85.8,9166,16.8,38.0,70,30
,federico santa maría technical university,chile,,,,,,,,,,,1350.5,25.5,12.3,10.8,36.2,32.3,56.9,22812,29.7,3.0,24,76
1300.5,feng chia university,taiwan,,10.0,7.5,4.5,6.0,3.9,5.8,1.0,14.4,1.1,1350.5,25.5,18.4,18.9,25.5,40.9,37.7,19770,23.3,7.0,40,60
,ferdowsi university of mashhad,iran,,,,,,,,,,,900.5,34.8,28.6,26.8,48.2,45.4,38.6,25009,30.5,11.0,54,46
1100.5,ferdowsi university of mashhad,"iran, islamic republic of",,5.8,10.3,3.5,25.8,1.3,7.9,18.1,5.4,,,,,,,,,,,,,
,fergana medical institute of public health,uzbekistan,,,,,,,,,,,,,,,,,,1804,15.8,2.0,49,51
,fergana polytechnic institute,uzbekistan,,,,,,,,,,,,,,,,,,15621,25.1,0.0,20,80
,fergana state university,uzbekistan,,,,,,,,,,,,,,,,,,18359,20.0,1.0,62,38
,ferhat abbas sétif university 1,algeria,,,,,,,,,,,1350.5,25.5,17.2,8.5,50.6,17.7,39.6,34779,22.8,1.0,60,40
1100.5,financial university under the government of the russian federation,russia,,5.5,7.8,37.1,1.6,4.1,13.1,1.9,33.4,5.2,,,,,,,,,,,,
,financial university under the government of the russian federation,russian federation,,,,,,,,,,,1100.5,30.450000000000003,26.7,18.0,50.3,30.9,34.5,16580,13.0,9.0,51,49
,finis terrae university,chile,,,,,,,,,,,,,,,,,,10313,8.4,2.0,60,40
,firat university,turkey,,,,,,,,,,,1100.5,30.450000000000003,19.2,10.3,64.5,19.7,31.5,35348,25.4,6.0,49,51
380.0,flinders university,australia,29.2,13.3,6.7,6.5,42.6,97.0,89.5,38.9,10.5,64.8,325.5,52.05,29.2,35.4,78.4,71.0,88.9,17422,29.4,33.0,66,34
,florida agricultural and mechanical university,united states,,,,,,,,,,,1100.5,30.450000000000003,33.4,16.7,39.8,37.3,50.3,8850,15.7,1.0,67,33
,florida atlantic university,united states,,,,,,,,,,,900.5,34.8,22.5,21.9,57.3,57.6,51.8,25031,19.8,6.0,63,37
1300.5,florida atlantic university - boca raton,united states,,4.9,3.8,5.6,10.1,10.2,3.6,7.2,9.5,3.4,,,,,,,,,,,,
,florida institute of technology,united states,,,,,,,,,,,900.5,34.8,29.0,16.4,45.2,54.8,80.4,5434,15.9,20.0,42,58
556.0,florida international university,united states,21.1,14.9,35.4,12.0,12.8,21.1,12.1,68.1,14.2,39.0,450.5,47.2,31.0,29.3,74.2,61.5,51.0,35006,22.4,9.0,60,40
461.0,florida state university,united states,24.9,25.1,25.7,6.8,30.7,15.6,3.9,40.1,20.5,54.3,275.5,54.45,38.2,38.6,79.4,68.2,58.8,39831,24.6,6.0,58,42
,fluminense federal university,brazil,,,,,,,,,,,1501.0,16.2,21.0,13.1,27.8,22.5,30.8,70629,20.8,1.0,47,53
1100.5,fordham university,united states,,6.4,7.3,15.4,5.9,7.8,14.6,1.5,24.7,1.3,,,,,,,,,,,,
,forman christian college,pakistan,,,,,,,,,,,,,,,,,,5340,18.3,0.0,46,54
,fountain university,nigeria,,,,,,,,,,,,,,,,,,1376,10.7,0.0,59,41
,francisk skorina gomel state university,belarus,,,,,,,,,,,,,,,,,,6304,11.2,11.0,51,49
,free university of berlin,germany,,,,,,,,,,,102.0,66.5,52.1,59.7,82.5,71.6,82.4,25427,41.5,20.0,63,37
645.5,free university of bozen-bolzano,italy,,5.0,1.5,11.0,47.6,74.8,26.3,11.1,8.0,1.9,375.5,50.05,31.8,22.8,85.5,45.6,78.6,4244,10.7,14.0,67,33
98.0,freie universitaet berlin,germany,60.8,80.8,51.0,4.4,71.4,62.8,43.6,84.9,21.9,60.1,,,,,,,,,,,,
,friedrich schiller university jena,germany,,,,,,,,,,,225.5,57.25,43.2,42.0,81.8,79.8,69.3,16048,18.9,14.0,,
229.0,friedrich-alexander-universität erlangen-nürnberg,germany,41.7,25.2,20.9,2.8,95.8,26.8,39.9,75.1,15.5,69.9,,,,,,,,,,,,
1300.5,fu jen catholic university,taiwan,,7.3,7.5,4.3,6.8,7.9,7.4,1.0,21.8,1.5,1100.5,30.450000000000003,24.0,29.2,26.3,65.5,31.1,16382,27.2,6.0,59,41
,fudan university,china,,,,,,,,,,,44.0,77.5,76.5,75.3,83.5,96.0,56.1,38101,12.6,9.0,52,48
50.0,fudan university,china (mainland),74.4,84.7,89.8,84.5,72.4,88.3,33.0,22.7,49.6,43.8,,,,,,,,,,,,
,fujian agriculture and forestry university,china,,,,,,,,,,,1100.5,30.450000000000003,18.3,15.5,62.0,34.8,32.7,30262,17.1,1.0,53,47
,fujita health university,japan,,,,,,,,,,,1100.5,30.450000000000003,27.6,13.0,55.4,53.3,22.3,3071,3.6,1.0,58,42
,fukuoka university,japan,,,,,,,,,,,1501.0,16.2,23.5,9.7,17.9,37.1,24.4,19536,8.7,1.0,40,60
,fukushima university,japan,,,,,,,,,,,,,,,,,,3298,8.3,2.0,,
1100.5,fundación ceu san pablo,spain,,4.5,7.3,16.6,2.2,4.0,50.6,1.0,5.1,,,,,,,,,,,,,
1300.5,fundación universidad de bogotá-jorge tadeo lozano,colombia,,6.0,4.5,9.2,1.7,2.3,1.1,1.0,7.8,1.0,,,,,,,,,,,,
1100.5,future university in egypt,egypt,,4.5,27.8,31.4,1.8,6.9,14.7,1.0,8.8,1.6,,,,,,,,8471,9.9,11.0,43,57
,fuzhou university,china,,,,,,,,,,,900.5,34.8,18.9,16.5,71.5,53.2,36.7,42106,17.4,1.0,39,61
,gabriele d‘annunzio university,italy,,,,,,,,,,,700.5,39.4,16.3,18.3,71.7,59.9,40.6,23336,31.7,2.0,65,35
263.0,gadjah mada university,indonesia,38.0,51.7,66.5,54.4,1.7,38.5,1.6,2.1,42.6,47.2,,,,,,,,,,,,
,gangadhar meher university,india,,,,,,,,,,,,,,,,,,6239,63.0,0.0,53,47
,gauhati university,india,,,,,,,,,,,1100.5,30.450000000000003,36.2,26.6,23.3,34.3,22.2,6817,17.3,0.0,53,47
,gazi university,turkey,,,,,,,,,,,1350.5,25.5,25.6,19.0,32.7,60.3,21.7,41736,17.0,3.0,51,49
1100.5,gazi üniversitesi,turkey,,16.4,11.3,5.5,4.0,1.1,2.8,14.4,14.5,14.5,,,,,,,,,,,,
,gaziantep university,turkey,,,,,,,,,,,1501.0,16.2,15.6,10.8,33.0,20.1,39.5,31977,38.1,12.0,47,53
875.5,gdańsk university of technology,poland,,9.2,14.4,36.3,11.8,3.3,7.1,11.8,8.6,14.9,1100.5,30.450000000000003,19.7,17.0,48.3,50.7,35.0,13903,17.9,5.0,38,62
,gebze technical university,turkey,,,,,,,,,,,1350.5,25.5,22.6,13.8,37.6,35.0,29.2,7234,24.5,2.0,43,57
1300.5,gebze yüksek teknoloji enstitüsü,turkey,,3.9,2.7,10.1,13.2,3.0,2.7,1.6,9.1,1.1,,,,,,,,,,,,
,general sir john kotelawala defence university,sri lanka,,,,,,,,,,,,,,,,,,5405,16.7,2.0,51,49
,george emil palade university of medicine pharmacy science and technology of targu mures,romania,,,,,,,,,,,1350.5,25.5,17.8,11.3,36.4,16.8,36.1,9258,17.0,13.0,64,36
975.5,george mason university,united states,,9.0,6.0,12.6,11.4,12.4,10.6,17.2,14.5,28.6,450.5,47.2,29.7,27.5,82.7,62.0,59.9,32959,18.3,11.0,53,47
340.0,george washington university,united states,32.1,26.9,24.5,28.3,29.3,31.6,27.6,61.0,49.5,62.8,225.5,57.25,48.2,35.7,86.0,67.3,66.1,22211,13.0,14.0,62,38
297.0,georgetown university,united states,35.3,30.3,34.4,59.0,18.6,17.0,39.8,14.4,87.8,66.8,187.0,59.5,52.6,37.0,85.1,92.2,53.2,17508,10.1,18.0,55,45
97.0,georgia institute of technology,united states,60.9,67.4,85.1,15.3,67.1,38.8,65.4,33.2,41.7,70.4,36.0,80.0,63.4,78.9,94.1,94.6,84.8,32079,28.0,29.0,34,66
,georgia southern university,united states,,,,,,,,,,,1350.5,25.5,18.4,11.6,43.2,41.6,34.8,22852,18.0,3.0,59,41
875.5,georgia state university,united states,,11.7,13.6,4.9,20.3,10.5,7.4,17.0,16.1,11.8,450.5,47.2,35.0,25.4,72.6,65.2,57.1,30821,15.7,7.0,61,39
1401.0,georgian technical university,georgia,,6.3,4.2,,,,,1.0,,,1501.0,16.2,32.4,9.3,22.2,16.1,40.8,19873,15.0,2.0,1,99
1100.5,german jordanian university,jordan,,7.1,13.4,18.8,4.8,44.1,14.4,1.1,10.6,1.0,1350.5,25.5,17.8,11.4,40.6,19.5,69.1,4255,12.8,11.0,38,62
1300.5,german university in cairo,egypt,,7.9,11.4,7.3,2.1,14.2,1.2,1.0,6.0,1.0,1501.0,16.2,18.6,8.7,34.0,16.8,48.6,12332,12.8,2.0,43,57
159.0,ghent university,belgium,50.2,53.4,25.2,78.9,25.1,79.6,21.2,99.8,52.0,91.3,115.0,65.6,47.2,59.3,85.3,99.7,65.7,41487,37.6,12.0,57,43
,gheorghe asachi technical university of iaşi,romania,,,,,,,,,,,1501.0,16.2,15.9,9.6,23.2,26.2,32.1,13357,20.8,9.0,29,71
,ghulam ishaq khan institute of engineering sciences and technology,pakistan,,,,,,,,,,,,,,,,,,2075,18.7,0.0,12,88
975.5,gifu university,japan,,6.3,2.5,67.4,7.3,5.3,3.7,1.1,7.9,1.1,1100.5,30.450000000000003,30.6,23.2,29.5,65.9,29.5,7134,14.6,4.0,38,62
,gitam university,india,,,,,,,,,,,1501.0,16.2,19.6,9.3,20.8,19.0,25.2,23730,13.9,1.0,37,63
,gla university,india,,,,,,,,,,,1100.5,30.450000000000003,16.8,10.6,63.9,16.0,20.9,10719,16.8,0.0,29,71
1100.5,glasgow caledonian university,united kingdom,,5.5,4.9,4.4,6.5,31.4,37.5,2.4,11.2,14.0,700.5,39.4,20.7,13.9,66.7,46.1,75.6,14840,24.1,18.0,58,42
,glasgow school of art,united kingdom,,,,,,,,,,,,,,,,,,2260,15.6,41.0,67,33
,goa university,india,,,,,,,,,,,1501.0,16.2,32.1,12.4,23.0,18.6,24.1,2820,11.8,3.0,65,35
,goethe university frankfurt,germany,,,,,,,,,,,225.5,57.25,40.2,38.2,82.4,74.6,70.8,28572,14.5,14.0,59,41
302.0,goethe-university frankfurt am main,germany,34.5,44.4,29.1,21.4,21.3,41.3,25.6,82.1,11.5,46.6,,,,,,,,,,,,
593.0,goldsmiths university of london,united kingdom,20.0,14.9,6.0,14.7,13.6,97.8,92.8,1.2,17.2,1.8,450.5,47.2,29.2,25.2,75.4,28.9,81.0,8780,14.5,38.0,66,34
,gomel state medical university,belarus,,,,,,,,,,,,,,,,,,3496,8.3,24.0,70,30
,gorgan university of agricultural sciences and natural resources,iran,,,,,,,,,,,900.5,34.8,15.8,11.3,78.0,34.2,35.7,3980,21.5,1.0,50,50
,government college university faisalabad,pakistan,,,,,,,,,,,700.5,39.4,20.8,15.0,83.4,32.7,48.2,21518,26.5,0.0,53,47
,government college university lahore,pakistan,,,,,,,,,,,1350.5,25.5,21.0,11.5,37.2,20.3,51.2,11709,17.6,0.0,44,56
,government college women university faisalabad,pakistan,,,,,,,,,,,,,,,,,,14123,56.3,0.0,100,0
,government college women university sialkot,pakistan,,,,,,,,,,,,,,,,,,7275,36.0,0.0,100,0
421.0,graz university of technology,austria,26.7,14.5,11.0,99.5,13.6,75.0,58.8,10.4,13.6,4.2,550.5,43.599999999999994,40.4,21.4,51.5,91.5,81.5,6660,8.2,24.0,26,74
243.0,griffith university,australia,40.1,26.5,16.2,7.5,65.8,100.0,31.7,72.7,15.5,93.3,275.5,54.45,30.5,37.8,82.7,74.6,81.8,34770,31.6,15.0,60,40
,grigore t popa university of medicine and pharmacy,romania,,,,,,,,,,,1501.0,16.2,22.5,10.1,18.9,22.5,42.1,9765,10.8,26.0,68,32
,guangdong university of technology,china,,,,,,,,,,,700.5,39.4,17.2,19.3,79.6,63.5,28.4,48569,19.0,0.0,27,73
,guangzhou medical university,china,,,,,,,,,,,900.5,34.8,24.2,10.2,72.5,26.6,28.5,14728,1.7,2.0,58,42
,guangzhou university,china,,,,,,,,,,,900.5,34.8,19.4,12.7,77.1,22.4,35.9,37527,17.5,0.0,60,40
,gubkin russian state university of oil and gas,russian federation,,,,,,,,,,,1501.0,16.2,23.4,10.5,12.5,38.2,26.8,9371,12.2,7.0,33,67
,guilan university of medical sciences,iran,,,,,,,,,,,900.5,34.8,38.2,10.4,63.7,16.6,21.9,5472,11.5,1.0,53,47
,guildhall school of music and drama,united kingdom,,,,,,,,,,,,,,,,,,995,5.0,35.0,48,52
,gulf college,oman,,,,,,,,,,,,,,,,,,3288,26.1,3.0,41,59
,gulf medical university,united arab emirates,,,,,,,,,,,,,,,,,,1992,12.7,90.0,72,28
875.5,gulf university for science and technology,kuwait,,10.7,7.3,9.3,4.3,100.0,23.3,1.0,14.0,1.9,,,,,,,,,,,,
,gulistan state university,uzbekistan,,,,,,,,,,,,,,,,,,10382,27.8,0.0,59,41
975.5,gunma university,japan,,3.8,2.2,82.0,4.7,4.5,3.7,1.0,7.9,1.0,1350.5,25.5,28.6,14.2,20.7,57.4,26.7,6248,7.6,4.0,37,63
,guru ghasidas vishwavidyalaya,india,,,,,,,,,,,1100.5,30.450000000000003,16.6,9.8,63.7,21.6,22.3,8928,21.7,0.0,40,60
1401.0,guru gobind singh indraprastha university,india,,3.3,2.6,,,,,1.0,,,,,,,,,,,,,,
,guru jambheshwar university of science and technology,india,,,,,,,,,,,1350.5,25.5,27.8,8.9,40.8,27.2,18.2,6445,19.6,0.0,46,54
328.0,gwangju institute of science and technology,south korea,32.6,17.4,8.9,38.4,100.0,21.6,10.0,1.3,8.1,2.1,450.5,47.2,48.5,39.6,50.3,99.9,43.9,1795,9.5,7.0,26,74
,gyeongsang national university,south korea,,,,,,,,,,,1350.5,25.5,26.2,18.0,32.6,65.1,26.7,16536,12.5,2.0,45,55
765.5,hacettepe university,turkey,,20.4,22.7,10.1,6.0,3.2,3.4,27.0,13.8,31.6,700.5,39.4,32.5,26.8,50.4,73.5,27.5,37249,19.9,3.0,58,42
,hagoromo university of international studies,japan,,,,,,,,,,,,,,,,,,1185,23.7,17.0,54,46
,hakim sabzevari university,iran,,,,,,,,,,,1100.5,30.450000000000003,15.3,11.5,61.6,16.5,38.0,9464,22.8,3.0,51,49
,hakuoh university,japan,,,,,,,,,,,,,,,,,,5173,44.2,1.0,44,56
,haliç university,turkey,,,,,,,,,,,,,,,,,,10339,24.2,19.0,59,41
925.5,hallym university,south korea,,2.6,1.9,94.0,6.9,4.2,2.7,1.0,4.2,1.0,1350.5,25.5,25.2,19.8,31.8,60.6,23.4,8369,9.3,4.0,,
,halmstad university,sweden,,,,,,,,,,,1350.5,25.5,15.0,16.8,40.2,27.9,66.7,6048,20.0,6.0,60,40
310.0,hamad bin khalifa university,qatar,33.8,11.5,3.9,100.0,88.6,,,28.1,10.3,,,,,,,,,,,,,
,hamamatsu university school of medicine,japan,,,,,,,,,,,1100.5,30.450000000000003,33.6,18.3,36.9,58.3,24.0,1216,4.1,3.0,48,52
,hamburg university of technology,germany,,,,,,,,,,,550.5,43.599999999999994,37.6,24.5,53.0,79.5,61.4,4246,26.4,23.0,29,71
1300.5,hanoi university of science and technology,vietnam,,6.1,8.7,2.4,4.3,3.8,1.2,1.6,15.3,1.2,1501.0,16.2,15.7,15.7,27.4,43.4,39.7,37891,34.1,0.0,20,80
,hanseo university,south korea,,,,,,,,,,,,,,,,,,7041,25.0,6.0,38,62
164.0,hanyang university,south korea,49.7,49.0,81.3,83.5,23.3,16.9,54.3,15.6,24.8,77.7,325.5,52.05,45.4,40.4,62.0,99.4,66.5,19344,13.2,21.0,,
,harbin engineering university,china,,,,,,,,,,,900.5,34.8,28.1,30.6,43.6,64.9,24.4,33528,19.8,2.0,22,78
1100.5,harbin engineering university,china (mainland),,4.6,2.0,14.6,23.0,2.5,2.0,2.1,6.2,1.3,,,,,,,,,,,,
,harbin institute of technology,china,,,,,,,,,,,168.0,60.8,58.8,55.1,70.9,91.2,33.9,30933,10.6,6.0,,
256.0,harbin institute of technology,china (mainland),38.7,28.6,14.9,41.6,98.8,8.6,8.4,23.2,20.3,15.4,,,,,,,,,,,,
,harokopio university of athens,greece,,,,,,,,,,,700.5,39.4,25.1,27.4,72.9,37.4,41.1,3053,44.9,3.0,52,48
1100.5,harper adams university,united kingdom,,4.2,12.6,6.1,8.5,18.5,9.1,1.0,9.3,1.0,,,,,,,,2155,13.1,10.0,60,40
,hartpury university,united kingdom,,,,,,,,,,,,,,,,,,1975,18.0,11.0,69,31
4.0,harvard university,united states,98.3,100.0,100.0,98.3,100.0,84.6,66.8,100.0,100.0,96.7,4.0,97.8,97.7,99.9,99.4,84.2,90.8,20050,9.0,25.0,51,49
,hasanuddin university,indonesia,,,,,,,,,,,1501.0,16.2,18.8,11.2,25.8,27.5,19.8,38942,16.6,0.0,51,49
551.0,hasselt university,belgium,21.3,5.8,3.4,78.8,18.3,76.0,23.9,27.2,10.2,15.9,375.5,50.05,33.5,38.1,69.1,83.9,71.6,5749,30.9,14.0,50,50
,hassiba benbouali university of chlef,algeria,,,,,,,,,,,1501.0,16.2,15.5,12.3,20.7,32.7,41.9,30200,22.0,1.0,72,28
,hawler medical university,iraq,,,,,,,,,,,,,,,,,,4500,7.5,1.0,62,38
,hazara university mansehra,pakistan,,,,,,,,,,,900.5,34.8,27.1,10.7,70.9,16.7,49.0,11056,21.3,0.0,54,46
,hebrew university of jerusalem,israel,,,,,,,,,,,325.5,52.05,46.4,36.3,68.9,71.0,46.8,19267,8.9,5.0,58,42
,heinrich heine university düsseldorf,germany,,,,,,,,,,,275.5,54.45,36.7,34.5,82.3,82.2,66.8,28121,30.1,13.0,58,42
,hellenic open university,greece,,,,,,,,,,,1501.0,16.2,22.4,8.5,34.2,15.8,26.2,19612,6.8,1.0,60,40
1300.5,helwan university,egypt,,7.0,10.1,4.4,1.6,1.2,2.3,5.2,9.2,1.2,1350.5,25.5,16.2,8.9,38.8,19.9,47.6,124886,22.4,2.0,54,46
235.0,heriot-watt university,united kingdom,41.2,16.4,21.1,18.6,79.4,100.0,97.6,40.2,21.3,43.5,375.5,50.05,34.3,33.4,65.2,75.1,94.8,9735,18.2,36.0,39,61
,herzen state pedagogical university of russia,russian federation,,,,,,,,,,,1501.0,16.2,20.2,11.5,9.8,17.6,39.2,15645,15.4,18.0,75,25
,higher national school of renewable energies environment and sustainable development,algeria,,,,,,,,,,,,,,,,,,453,26.6,0.0,100,0
,higher school of agronomy – mostaganem,algeria,,,,,,,,,,,,,,,,,,666,14.2,0.0,65,35
,higher school of management and digital economy,algeria,,,,,,,,,,,,,,,,,,1002,16.4,0.0,66,34
,higher school of management – tlemcen,algeria,,,,,,,,,,,,,,,,,,801,12.0,0.0,82,18
,hilla university college,iraq,,,,,,,,,,,,,,,,,,4829,17.6,0.0,53,47
,hindustan institute of technology and science,india,,,,,,,,,,,1501.0,16.2,21.9,9.3,33.6,16.3,23.4,7325,11.3,1.0,47,53
,hiroshima institute of technology,japan,,,,,,,,,,,,,,,,,,4645,25.9,0.0,10,90
,hiroshima international university,japan,,,,,,,,,,,,,,,,,,4017,15.1,1.0,47,53
,hiroshima shudo university,japan,,,,,,,,,,,,,,,,,,6253,22.2,1.0,37,63
472.0,hiroshima university,japan,24.5,23.6,14.0,81.0,9.6,17.3,12.9,30.0,9.8,37.5,700.5,39.4,39.6,26.4,44.7,68.5,51.5,14590,7.6,10.0,38,62
,hitit university,turkey,,,,,,,,,,,1501.0,16.2,15.2,9.8,15.1,16.5,22.8,10501,22.6,4.0,48,52
481.0,hitotsubashi university,japan,23.9,14.4,80.6,28.6,2.2,21.6,22.4,1.0,38.4,1.1,,,,,,,,5998,16.0,13.0,33,67
,ho chi minh city open university,vietnam,,,,,,,,,,,,,,,,,,27092,54.0,0.0,62,38
,ho technical university,ghana,,,,,,,,,,,,,,,,,,4601,17.8,0.0,34,66
,hodeida university,yemen,,,,,,,,,,,,,,,,,,17579,22.0,0.0,27,73
1300.5,hohai university,china (mainland),,4.1,1.5,8.3,13.6,,,11.2,5.9,4.1,,,,,,,,,,,,
196.0,hokkaido university,japan,46.2,57.3,66.0,75.8,27.8,17.5,14.4,38.1,12.9,30.7,375.5,50.05,51.2,44.0,47.4,95.1,47.5,17659,8.2,10.0,29,71
,hokkaido university of science,japan,,,,,,,,,,,,,,,,,,4630,20.1,0.0,33,67
665.5,holy spirit university of kaslik,lebanon,,6.0,12.0,60.6,2.0,99.0,38.3,1.0,9.5,2.6,,,,,,,,,,,,
,hong kong baptist university,hong kong,,,,,,,,,,,325.5,52.05,34.0,28.9,77.2,69.6,97.8,7460,10.2,55.0,65,35
295.0,hong kong baptist university,hong kong sar,35.4,19.4,12.6,56.0,51.9,97.8,100.0,2.6,15.1,17.2,,,,,,,,,,,,
1300.5,hongik university,south korea,,5.9,5.9,9.3,3.1,17.6,10.0,1.0,6.8,1.0,,,,,,,,,,,,
,hosei university,japan,,,,,,,,,,,1501.0,16.2,15.2,11.0,34.0,23.9,38.3,29180,37.7,5.0,38,62
1100.5,howard university,united states,,6.5,7.7,46.7,3.4,1.1,3.8,2.6,16.1,1.2,900.5,34.8,48.0,18.8,41.6,39.8,39.3,10199,9.7,5.0,71,29
,hryhorii skovoroda university in pereiaslav,ukraine,,,,,,,,,,,,,,,,,,4705,13.6,0.0,55,45
399.0,hse university,russia,28.0,27.3,31.9,90.7,1.9,6.3,16.1,71.1,13.4,5.1,,,,,,,,,,,,
,hse university,russian federation,,,,,,,,,,,450.5,47.2,34.4,44.0,57.3,56.5,51.4,34656,18.6,12.0,,
,huaqiao university,china,,,,,,,,,,,1100.5,30.450000000000003,15.5,14.3,48.1,28.4,70.9,33228,17.8,19.0,51,49
875.5,huazhong agricultural university,china (mainland),,4.1,1.8,6.3,48.7,4.0,1.6,2.8,5.9,4.0,,,,,,,,,,,,
,huazhong university of science and technology,china,,,,,,,,,,,158.0,61.7,48.8,48.1,90.0,96.9,32.9,57663,15.5,4.0,,
275.0,huazhong university of science and technology,china (mainland),37.1,22.7,29.2,10.0,99.3,5.5,3.2,45.4,16.8,27.1,,,,,,,,,,,,
,hue university,vietnam,,,,,,,,,,,1501.0,16.2,13.3,8.7,16.4,16.2,49.2,48943,23.0,1.0,56,44
575.0,hufs - hankuk university of foreign studies,south korea,20.6,13.4,23.9,85.3,1.6,32.3,45.1,1.0,5.7,1.3,,,,,,,,,,,,
,humanitas university,italy,,,,,,,,,,,275.5,54.45,32.3,27.9,98.0,62.8,67.1,1988,17.9,18.0,59,41
1401.0,humboldt state university,united states,,3.8,2.2,8.9,4.6,2.3,1.6,1.0,7.9,,,,,,,,,5285,14.8,1.0,60,40
,humboldt university of berlin,germany,,,,,,,,,,,87.0,68.2,55.3,63.7,82.8,65.4,79.0,34761,54.5,18.0,,
120.0,humboldt-universität zu berlin,germany,56.3,90.2,65.9,7.6,31.3,68.1,31.5,86.0,14.4,37.5,,,,,,,,,,,,
,hunan university,china,,,,,,,,,,,375.5,50.05,28.9,30.4,92.0,75.2,32.5,41481,17.8,2.0,47,53
494.0,hunan university,china (mainland),23.4,8.6,8.4,13.8,82.0,4.9,1.9,3.8,18.7,7.0,,,,,,,,,,,,
1100.5,hungarian university of agriculture and life sciences,hungary,,5.6,4.0,34.1,2.9,1.9,29.1,8.5,5.5,1.4,1350.5,25.5,25.8,11.6,32.5,23.0,62.3,10252,11.6,16.0,53,47
,hyogo medical university,japan,,,,,,,,,,,1350.5,25.5,29.0,13.5,36.5,53.1,19.2,2603,4.6,1.0,59,41
,hyogo university of teacher education,japan,,,,,,,,,,,,,,,,,,1353,10.2,2.0,59,41
,häme university of applied sciences,finland,,,,,,,,,,,,,,,,,,7461,34.2,7.0,53,47
,i-shou university,taiwan,,,,,,,,,,,1350.5,25.5,15.0,21.2,27.8,68.5,44.2,11567,27.9,15.0,50,50
,ibaraki university,japan,,,,,,,,,,,1501.0,16.2,18.9,12.5,12.2,36.9,27.4,7741,14.8,3.0,34,66
,ibn khaldoun university,algeria,,,,,,,,,,,,,,,,,,30653,29.6,0.0,64,36
,ibn tofaïl university,morocco,,,,,,,,,,,1350.5,25.5,24.6,13.0,44.8,18.7,28.5,66964,88.7,3.0,52,48
,icesi university,colombia,,,,,,,,,,,1100.5,30.450000000000003,23.5,10.5,55.8,16.1,41.1,6013,7.2,2.0,53,47
,icfai university dehradun,india,,,,,,,,,,,,,,,,,,2385,25.9,0.0,56,44
428.0,ie university,spain,26.4,7.0,40.9,56.2,2.6,94.6,100.0,1.0,39.4,6.0,,,,,,,,,,,,
,ifhe hyderabad,india,,,,,,,,,,,,,,,,,,7066,19.1,0.0,41,59
,ilam university,iran,,,,,,,,,,,1350.5,25.5,17.1,12.8,50.9,18.2,25.2,44187,199.9,2.0,52,48
,ilam university of medical sciences,iran,,,,,,,,,,,900.5,34.8,30.8,12.0,65.7,17.2,23.4,2854,13.2,5.0,52,48
,ilia state university,georgia,,,,,,,,,,,1350.5,25.5,18.1,10.0,47.7,16.1,52.0,15400,13.4,4.0,62,38
469.0,illinois institute of technology,united states,24.6,14.2,15.6,13.0,48.5,30.1,94.1,1.5,13.6,2.5,375.5,50.05,42.6,26.9,67.8,91.5,73.2,6107,12.2,36.0,37,63
1401.0,illinois state university,united states,,3.7,3.5,5.9,5.2,4.9,2.5,1.1,10.9,,,,,,,,,,,,,
,ilma university,pakistan,,,,,,,,,,,,,,,,,,4420,21.1,0.0,21,79
,ilmenau university of technology,germany,,,,,,,,,,,1100.5,30.450000000000003,31.0,21.4,32.8,64.9,57.1,5224,18.4,31.0,28,72
595.0,imam abdulrahman bin faisal university,saudi arabia,19.9,7.6,7.1,85.9,2.3,98.5,16.5,11.6,8.1,19.0,700.5,39.4,27.7,13.9,70.6,20.8,75.3,23781,11.3,4.0,84,16
,imam al-kadhum college,iraq,,,,,,,,,,,,,,,,,,9197,44.2,0.0,42,58
,imam khomeini international university,iran,,,,,,,,,,,700.5,39.4,30.6,19.6,72.4,26.7,26.9,8156,25.8,5.0,54,46
,imam mohammad ibn saud islamic university,saudi arabia,,,,,,,,,,,450.5,47.2,43.4,23.4,65.8,21.5,69.8,42107,10.5,3.0,39,61
1100.5,imam mohammad ibn saud islamic university – imsiu,saudi arabia,,10.6,4.8,14.8,1.4,46.6,2.9,1.8,5.6,1.0,,,,,,,,,,,,
825.5,immanuel kant baltic federal university,russia,,8.1,2.3,75.5,1.8,17.9,32.0,2.7,6.3,1.9,,,,,,,,,,,,
,immanuel kant baltic federal university,russian federation,,,,,,,,,,,1350.5,25.5,35.9,18.8,16.9,34.4,62.4,6857,17.1,19.0,59,41
6.0,imperial college london,united kingdom,97.8,98.3,99.4,98.5,94.0,100.0,100.0,96.7,83.0,94.4,8.0,95.1,90.9,95.5,98.6,90.9,98.3,20275,11.8,61.0,42,58
,imt atlantique,france,,,,,,,,,,,450.5,47.2,47.5,36.5,43.6,90.5,84.8,1683,9.4,37.0,25,75
,imt mines alès,france,,,,,,,,,,,,,,,,,,1324,11.9,13.0,31,69
,imt nord europe,france,,,,,,,,,,,1100.5,30.450000000000003,32.2,25.2,19.7,64.8,73.4,1592,15.0,19.0,25,75
,incheon national university,south korea,,,,,,,,,,,1350.5,25.5,22.8,17.3,36.9,33.6,36.4,12885,15.7,3.0,45,55
,independent university bangladesh,bangladesh,,,,,,,,,,,,,,,,,,10686,31.6,0.0,40,60
225.0,indian institute of science,india,42.1,41.5,20.0,46.4,100.0,4.8,1.7,4.4,13.8,10.7,225.5,57.25,62.9,57.8,53.9,96.0,31.1,4495,9.6,1.0,27,73
,indian institute of science education and research bhopal,india,,,,,,,,,,,1350.5,25.5,35.8,14.6,24.1,19.5,24.5,1913,14.3,0.0,33,67
,indian institute of science education and research kolkata,india,,,,,,,,,,,1100.5,30.450000000000003,40.8,19.4,33.4,28.8,24.0,1589,12.6,0.0,28,72
,indian institute of science education and research pune,india,,,,,,,,,,,900.5,34.8,42.9,25.1,35.7,25.4,38.9,1654,11.1,0.0,31,69
735.5,indian institute of technology bhubaneswar,india,,3.8,3.4,12.0,63.3,1.6,1.0,1.0,8.2,1.0,,,,,,,,,,,,
149.0,indian institute of technology bombay,india,51.7,55.5,81.9,18.9,73.1,4.7,1.4,8.5,47.4,54.9,,,,,,,,,,,,
197.0,indian institute of technology delhi,india,46.1,51.2,75.9,22.0,64.3,2.4,1.4,6.6,32.8,37.5,,,,,,,,,,,,
,indian institute of technology dhanbad,india,,,,,,,,,,,700.5,39.4,37.6,24.1,59.7,30.0,18.4,6174,16.7,0.0,18,82
,indian institute of technology gandhinagar,india,,,,,,,,,,,900.5,34.8,41.1,27.2,39.0,26.5,29.6,1848,14.9,0.0,28,72
364.0,indian institute of technology guwahati,india,30.3,17.0,25.2,7.7,98.1,3.0,1.3,5.8,5.5,4.4,700.5,39.4,35.5,24.1,52.0,49.5,28.6,8157,18.0,1.0,24,76
695.5,indian institute of technology hyderabad,india,,5.1,2.7,16.6,64.3,1.2,1.1,1.0,8.2,2.6,,,,,,,,,,,,
454.0,indian institute of technology indore,india,25.2,5.6,4.3,33.3,94.4,2.3,1.1,1.2,8.4,2.0,,,,,,,,,,,,
278.0,indian institute of technology kanpur,india,36.9,34.7,49.3,14.2,75.5,2.1,1.1,3.3,20.6,21.8,,,,,,,,,,,,
271.0,indian institute of technology kharagpur,india,37.4,32.2,43.5,11.8,85.8,3.1,1.3,10.7,21.5,18.0,,,,,,,,,,,,
285.0,indian institute of technology madras,india,36.1,40.1,55.9,26.6,54.7,2.6,1.4,2.7,26.0,6.5,,,,,,,,,,,,
,indian institute of technology mandi,india,,,,,,,,,,,1100.5,30.450000000000003,36.5,13.4,49.2,18.3,26.8,2058,12.9,1.0,27,73
,indian institute of technology patna,india,,,,,,,,,,,700.5,39.4,33.2,24.1,70.6,19.8,22.3,2375,18.8,1.0,18,82
369.0,indian institute of technology roorkee,india,30.0,17.8,22.5,7.8,91.2,1.3,2.2,3.6,10.5,27.6,,,,,,,,,,,,
,indian institute of technology ropar,india,,,,,,,,,,,1100.5,30.450000000000003,36.5,18.4,44.7,27.2,23.7,2486,14.9,1.0,22,78
571.0,indian institute of technology varanasi,india,20.7,4.4,3.6,3.9,88.7,1.4,1.1,1.5,8.2,4.0,,,,,,,,,,,,
1401.0,indian statistical institute,india,,7.5,3.4,,,,,1.9,,,,,,,,,,,,,,
1300.5,indiana state university,united states,,6.3,4.8,7.8,2.8,1.9,2.4,1.0,9.1,1.0,,,,,,,,,,,,
,indiana university,united states,,,,,,,,,,,198.0,58.9,47.3,38.4,84.9,85.8,64.7,66389,12.3,12.0,54,46
313.0,indiana university bloomington,united states,33.5,35.1,24.4,30.5,21.6,40.5,12.7,68.5,52.2,62.5,,,,,,,,,,,,
975.5,indiana university–purdue university indianapolis,united states,,7.7,6.1,15.4,17.0,29.4,5.8,2.6,7.7,8.5,,,,,,,,,,,,
,indira gandhi delhi technical university for women,india,,,,,,,,,,,,,,,,,,2639,34.7,0.0,100,0
,indraprastha institute of information technology delhi,india,,,,,,,,,,,900.5,34.8,22.8,16.0,66.2,57.8,44.6,2714,23.4,5.0,21,79
,industrial university of tyumen,russian federation,,,,,,,,,,,1501.0,16.2,19.5,8.4,14.0,18.3,23.1,11396,11.4,6.0,35,65
,information technology university of the punjab,pakistan,,,,,,,,,,,,,,,,,,1220,14.4,0.0,22,78
695.5,inha university,south korea,,10.9,15.3,72.9,11.7,8.8,14.4,1.4,12.4,3.0,900.5,34.8,31.2,27.2,41.7,83.9,38.8,16035,19.2,8.0,42,58
,innopolis university,russian federation,,,,,,,,,,,,,,,,,,893,17.1,33.0,18,82
,institut agro,france,,,,,,,,,,,450.5,47.2,43.8,32.6,60.2,59.6,60.3,3117,10.8,13.0,60,40
392.0,institut national des sciences appliquées de lyon,france,28.2,7.8,29.4,37.1,50.8,29.4,69.3,18.8,12.8,20.5,,,,,,,,,,,,
38.0,institut polytechnique de paris,france,79.5,44.8,99.6,97.3,93.8,98.5,98.3,76.9,90.3,72.5,71.0,71.3,71.0,61.6,70.8,98.8,97.1,6073,6.8,42.0,25,75
,institut teknologi nasional bandung,indonesia,,,,,,,,,,,,,,,,,,5272,22.3,0.0,21,79
625.5,institut teknologi sepuluh nopember,indonesia,,15.3,41.0,36.9,1.7,43.1,5.2,1.0,14.5,26.3,1350.5,25.5,25.3,10.8,25.4,35.4,42.5,20658,7.1,6.0,40,60
,institute of cancer research,united kingdom,,,,,,,,,,,,,,,,,,210,2.8,36.0,65,35
,institute of chemical technology,india,,,,,,,,,,,900.5,34.8,37.5,20.7,51.0,57.9,17.4,2550,17.2,0.0,30,70
,institute of engineering technical and transport communications of turkmenistan,turkmenistan,,,,,,,,,,,,,,,,,,2760,14.2,1.0,38,62
,institute of international relations of the ministry of foreign affairs of turkmenistan,turkmenistan,,,,,,,,,,,,,,,,,,552,9.2,0.0,39,61
,institute of southern punjab – multan,pakistan,,,,,,,,,,,,,,,,,,5193,19.4,0.0,44,56
,institute of space technology,pakistan,,,,,,,,,,,900.5,34.8,18.6,13.3,70.5,16.5,47.1,1869,13.4,0.0,25,75
,institute of telecommunications and informatics of turkmenistan,turkmenistan,,,,,,,,,,,,,,,,,,2899,9.7,0.0,24,76
,instituto politécnico de bragança,portugal,,,,,,,,,,,1350.5,25.5,13.1,13.5,42.6,21.2,64.5,9626,20.6,34.0,53,47
,instituto politécnico de viana do castelo,portugal,,,,,,,,,,,1501.0,16.2,13.0,9.6,35.4,18.7,44.1,5364,19.8,10.0,49,51
745.5,instituto politécnico nacional,mexico,,20.4,40.2,8.7,2.1,2.6,1.1,6.9,9.8,33.5,1501.0,16.2,20.7,9.9,14.5,26.7,25.5,141583,13.0,0.0,42,58
655.5,instituto tecnológico autónomo de méxico,mexico,,15.5,35.1,11.7,1.8,65.6,1.5,1.0,64.9,1.2,,,,,,,,,,,,
795.5,instituto tecnológico de buenos aires,argentina,,9.0,38.8,35.2,1.4,26.7,13.5,1.0,6.6,,,,,,,,,,,,,
1100.5,instituto tecnológico de santo domingo,dominican republic,,2.7,7.9,31.4,1.4,18.5,3.1,1.0,19.8,,,,,,,,,,,,,
,instituto tecnológico metropolitano,colombia,,,,,,,,,,,,,,,,,,25527,24.8,0.0,44,56
,inter-state school of veterinary sciences and medicine,senegal,,,,,,,,,,,,,,,,,,469,17.4,69.0,31,69
,international american university,united states,,,,,,,,,,,,,,,,,,502,14.8,96.0,55,45
1100.5,international christian university,japan,,4.9,13.2,17.9,1.7,76.6,6.0,1.0,13.5,1.0,,,,,,,,2823,12.1,13.0,,
,international engineering and technology university,kazakhstan,,,,,,,,,,,,,,,,,,3040,32.7,1.0,36,64
,international hellenic university,greece,,,,,,,,,,,1501.0,16.2,9.6,9.4,36.5,20.1,30.7,59370,38.0,2.0,44,56
,international institute of information technology hyderabad,india,,,,,,,,,,,700.5,39.4,26.0,21.4,71.7,49.6,39.5,1905,18.3,7.0,21,79
1300.5,international islamic university islamabad,pakistan,,6.3,10.8,3.6,7.2,4.5,6.7,4.4,6.9,1.1,900.5,34.8,17.3,11.2,72.7,17.6,60.0,23650,21.8,7.0,54,46
715.5,international islamic university malaysia,malaysia,,22.8,17.2,14.2,2.9,24.0,60.2,12.2,7.2,3.0,,,,,,,,,,,,
,international it university,kazakhstan,,,,,,,,,,,,,,,,,,5656,14.9,1.0,30,70
,international university for the humanities and development,turkmenistan,,,,,,,,,,,,,,,,,,1784,17.7,0.0,61,39
1401.0,international university of business agriculture and technology,bangladesh,,5.9,3.6,,,,,1.0,,,,,,,,,,,,,,
,international university of rabat,morocco,,,,,,,,,,,,,,,,,,6413,31.3,4.0,53,47
556.0,inti international university,malaysia,21.1,5.0,14.8,84.3,1.7,75.2,88.4,1.0,9.1,1.0,,,,,,,,,,,,
,inönü university,turkey,,,,,,,,,,,1501.0,16.2,17.8,9.4,21.5,18.0,21.1,36388,22.2,3.0,51,49
,ion mincu university of architecture and urbanism,romania,,,,,,,,,,,,,,,,,,3273,13.0,4.0,72,28
,ionian university,greece,,,,,,,,,,,,,,,,,,8507,40.7,2.0,53,47
400.0,iowa state university,united states,27.9,20.0,13.5,8.4,58.7,4.6,11.1,50.9,27.2,51.8,375.5,50.05,39.5,34.5,69.3,84.8,46.0,28591,17.1,8.0,46,54
489.0,ipb university,indonesia,23.6,21.6,39.0,66.1,1.7,54.6,3.8,1.2,24.1,3.4,1350.5,25.5,30.9,9.8,24.2,39.2,45.0,23070,6.8,3.0,60,40
,iqra university,pakistan,,,,,,,,,,,,,,,,,,9569,13.6,1.0,24,76
,iran university of medical sciences,iran,,,,,,,,,,,700.5,39.4,48.2,16.4,54.5,39.1,38.3,9084,8.3,10.0,55,45
,iran university of science and technology,iran,,,,,,,,,,,450.5,47.2,33.6,37.4,75.2,73.9,24.3,14679,32.7,1.0,35,65
451.0,iran university of science and technology,"iran, islamic republic of",25.6,6.6,23.2,2.5,94.8,,1.5,11.1,5.5,1.5,,,,,,,,,,,,
,irkutsk national research technical university,russian federation,,,,,,,,,,,1501.0,16.2,21.7,9.6,23.4,24.2,33.8,9732,10.6,13.0,38,62
1401.0,irkutsk state university,russia,,3.6,1.6,17.6,1.4,1.9,3.8,1.1,8.7,1.5,,,,,,,,,,,,
,irkutsk state university,russian federation,,,,,,,,,,,1501.0,16.2,18.6,11.5,9.1,18.9,28.1,13496,14.2,4.0,68,32
755.5,iscte - instituto universitario de lisboa,portugal,,7.0,6.2,1.4,59.2,,,8.1,10.0,,,,,,,,,,,,,
,iscte-university institute of lisbon,portugal,,,,,,,,,,,700.5,39.4,26.4,35.7,56.3,55.2,53.0,10353,26.7,17.0,52,48
,isfahan university of medical sciences,iran,,,,,,,,,,,900.5,34.8,45.6,13.6,47.0,25.6,25.4,10944,10.2,3.0,60,40
,isfahan university of technology,iran,,,,,,,,,,,700.5,39.4,21.5,26.5,62.0,75.2,33.0,10529,22.7,1.0,40,60
,islamia college peshawar,pakistan,,,,,,,,,,,900.5,34.8,21.4,11.1,62.9,17.1,55.6,6738,24.4,3.0,27,73
,islamic university of gaza,palestine,,,,,,,,,,,,,,,,,,17102,45.0,1.0,57,43
,islamic university of indonesia,indonesia,,,,,,,,,,,1501.0,16.2,15.8,9.7,12.5,17.3,35.5,22998,26.5,4.0,48,52
975.5,islamic university of madinah,saudi arabia,,4.4,1.9,8.1,1.4,55.4,100.0,1.0,5.2,,,,,,,,,10104,8.4,70.0,3,97
,isra university,jordan,,,,,,,,,,,,,,,,,,4864,19.6,18.0,54,46
,israel technological university,ecuador,,,,,,,,,,,,,,,,,,3282,37.7,1.0,39,61
,istanbul arel university,turkey,,,,,,,,,,,,,,,,,,5005,21.3,10.0,52,48
1300.5,istanbul aydin university,turkey,,3.7,2.8,12.1,1.4,9.5,50.5,1.0,8.4,2.4,,,,,,,,,,,,
,istanbul aydın university,turkey,,,,,,,,,,,1501.0,16.2,17.0,9.2,32.3,15.8,56.9,28851,26.3,13.0,51,49
,istanbul bilgi university,turkey,,,,,,,,,,,1350.5,25.5,18.7,11.7,42.6,16.3,62.8,10484,16.0,14.0,49,51
1300.5,istanbul bilgi üniversitesi,turkey,,4.4,4.5,12.6,2.0,6.4,25.5,1.0,10.2,2.6,,,,,,,,,,,,
,istanbul gelişim university,turkey,,,,,,,,,,,,,,,,,,34637,39.0,13.0,45,55
,istanbul kültür university,turkey,,,,,,,,,,,,,,,,,,12495,26.0,11.0,,
,istanbul medeniyet university,turkey,,,,,,,,,,,1350.5,25.5,14.5,11.7,56.9,18.8,25.9,15254,18.7,2.0,55,45
,istanbul medipol university,turkey,,,,,,,,,,,1501.0,16.2,14.6,10.6,33.3,20.6,44.0,26110,20.0,16.0,65,35
,istanbul okan university,turkey,,,,,,,,,,,,,,,,,,8563,15.3,14.0,53,47
404.0,istanbul technical university,turkey,27.6,24.2,60.4,12.1,13.3,7.3,18.3,37.2,23.0,63.1,550.5,43.599999999999994,35.8,36.6,51.8,87.3,45.8,19055,25.8,14.0,42,58
715.5,istanbul university,turkey,,26.4,19.1,3.0,4.2,6.4,15.7,36.1,34.7,3.4,1100.5,30.450000000000003,23.5,22.0,34.4,50.9,38.2,61369,25.4,9.0,56,44
,istanbul university-cerrahpaşa,turkey,,,,,,,,,,,1100.5,30.450000000000003,26.0,24.1,41.7,59.8,26.9,22236,27.8,6.0,52,48
1100.5,iteso universidad jesuita de guadalajara,mexico,,6.3,5.5,58.8,1.0,2.5,1.5,1.0,6.6,,,,,,,,,,,,,
542.0,itmo university,russia,21.7,12.0,11.6,96.2,6.9,21.4,38.9,27.3,7.3,15.0,,,,,,,,,,,,
,itmo university,russian federation,,,,,,,,,,,700.5,39.4,34.0,34.9,40.0,69.0,67.1,10902,14.6,18.0,34,66
,iubat – international university of business agriculture and technology,bangladesh,,,,,,,,,,,,,,,,,,5115,18.1,1.0,30,70
,iuliu haţieganu university of medicine and pharmacy cluj-napoca,romania,,,,,,,,,,,1100.5,30.450000000000003,25.8,10.9,54.3,25.2,50.2,8258,8.9,36.0,66,34
1300.5,ivan franko national university of lviv,ukraine,,4.3,10.1,34.2,1.3,1.4,2.0,1.0,12.0,1.1,1350.5,25.5,24.5,10.5,10.0,17.9,31.7,19799,10.7,2.0,63,37
825.5,ivane javakhishvili tbilisi state university,georgia,,9.7,2.6,76.0,1.2,1.9,3.5,1.2,43.4,1.1,1501.0,16.2,15.9,11.3,22.2,18.0,46.7,23278,30.6,3.0,61,39
,ivano frankivsk national technical university of oil and gas,ukraine,,,,,,,,,,,,,,,,,,8489,17.3,3.0,25,75
,ivanovo state university of chemistry and technology,russian federation,,,,,,,,,,,1501.0,16.2,16.4,9.7,7.0,21.3,25.0,3652,16.8,6.0,44,56
,iwate university,japan,,,,,,,,,,,1501.0,16.2,22.3,11.2,12.6,38.5,28.2,5316,13.6,3.0,37,63
1300.5,izmir institute of technology,turkey,,6.6,3.5,5.9,7.5,3.4,2.3,1.0,6.9,3.5,1350.5,25.5,20.2,15.1,27.8,56.7,35.5,6309,18.6,3.0,47,53
,izmir university of economics,turkey,,,,,,,,,,,1501.0,16.2,16.7,11.2,36.7,26.2,32.5,6750,14.7,2.0,54,46
,jabir ibn hayyan medical university,iraq,,,,,,,,,,,,,,,,,,1728,15.3,-0.0,61,39
,jadara university,jordan,,,,,,,,,,,,,,,,,,5258,19.8,17.0,38,62
745.5,jadavpur university,india,,16.3,5.1,8.3,37.9,,1.0,3.1,14.4,21.2,1100.5,30.450000000000003,35.3,15.8,46.0,35.4,19.2,14338,21.3,0.0,31,69
304.0,jagiellonian university,poland,34.3,37.3,47.2,65.1,6.2,4.9,13.4,59.4,27.9,57.7,700.5,39.4,38.4,29.0,55.7,46.7,43.4,34309,8.8,11.0,67,33
1300.5,jahangirnagar university,bangladesh,,8.5,13.7,,,,,1.2,,,900.5,34.8,24.1,8.9,71.9,19.5,49.7,12649,17.3,0.0,49,51
415.0,james cook university,australia,27.0,15.4,8.7,14.1,51.1,42.0,13.5,42.5,9.0,83.3,375.5,50.05,28.3,30.9,79.6,58.9,77.7,9759,17.3,9.0,66,34
1300.5,jamia hamdard,india,,4.2,1.5,7.6,12.6,,3.0,1.0,7.7,1.0,,,,,,,,,,,,
,jamia hamdard university,india,,,,,,,,,,,700.5,39.4,21.1,15.0,74.8,40.4,41.9,9831,18.5,3.0,41,59
975.5,jamia millia islamia,india,,8.0,2.6,34.7,20.7,3.5,4.4,2.0,7.2,3.8,550.5,43.599999999999994,41.1,14.4,75.7,37.5,39.7,10235,11.2,4.0,52,48
,jan evangelista purkyně university,czech republic,,,,,,,,,,,1501.0,16.2,16.1,13.6,15.3,18.0,38.2,7887,17.7,3.0,66,34
,jan kochanowski university in kielce,poland,,,,,,,,,,,1501.0,16.2,21.3,12.3,11.9,18.4,27.9,10010,11.2,3.0,72,28
,japan advanced institute of science and technology,japan,,,,,,,,,,,,,,,,,,1190,7.3,41.0,22,78
,japan university of economics,japan,,,,,,,,,,,,,,,,,,5420,27.9,56.0,30,70
,jashore university of science and technology,bangladesh,,,,,,,,,,,,,,,,,,3815,13.2,0.0,32,68
,jaume i university,spain,,,,,,,,,,,900.5,34.8,23.0,20.5,56.5,47.7,45.7,12194,15.2,10.0,59,41
,jawaharlal nehru technological university anantapur,india,,,,,,,,,,,900.5,34.8,28.9,14.1,60.7,17.5,19.6,6175,18.1,0.0,41,59
605.5,jawaharlal nehru university,india,,29.1,10.6,12.2,24.1,,1.6,4.8,13.2,47.5,700.5,39.4,41.9,24.3,51.8,33.9,23.7,9737,16.1,1.0,45,55
,jaypee university of information technology,india,,,,,,,,,,,900.5,34.8,23.2,16.5,70.6,22.5,23.8,1851,18.5,2.0,27,73
,jazan university,saudi arabia,,,,,,,,,,,900.5,34.8,21.0,9.9,67.3,19.4,77.4,23176,12.4,4.0,60,40
,jean moulin university – lyon 3,france,,,,,,,,,,,1501.0,16.2,14.3,13.6,13.6,27.5,60.8,27655,39.0,18.0,66,34
1300.5,jeju national university,south korea,,4.8,2.0,25.3,6.6,3.8,4.2,1.1,5.2,1.1,1350.5,25.5,27.4,19.2,35.0,38.2,31.2,11376,17.2,6.0,53,47
,jember university,indonesia,,,,,,,,,,,1501.0,16.2,11.1,9.1,23.0,18.1,21.3,36654,30.2,0.0,66,34
725.5,jeonbuk national university,south korea,,16.7,10.7,65.8,9.7,8.2,7.4,2.9,5.1,3.1,900.5,34.8,30.2,27.3,45.0,68.1,34.1,20118,19.6,7.0,46,54
,jianghan university,china,,,,,,,,,,,1501.0,16.2,16.7,9.2,27.6,33.6,22.0,20774,15.1,1.0,56,44
,jiangnan university,china,,,,,,,,,,,900.5,34.8,24.7,22.4,60.2,76.6,24.0,31018,12.9,1.0,,
1100.5,jiangnan university,china (mainland),,4.9,6.8,16.8,20.5,,,5.8,5.3,1.2,,,,,,,,,,,,
,jiangsu normal university,china,,,,,,,,,,,1350.5,25.5,16.3,12.9,47.1,23.9,27.4,25759,15.0,2.0,,
,jiangsu university,china,,,,,,,,,,,700.5,39.4,25.6,14.1,77.5,51.1,55.1,35258,9.4,6.0,43,57
502.0,jilin university,china (mainland),23.1,14.3,47.1,39.3,23.6,12.4,2.2,17.9,18.3,13.7,,,,,,,,,,,,
,jimma university,ethiopia,,,,,,,,,,,1100.5,30.450000000000003,16.4,8.9,60.2,16.2,39.2,30186,14.9,1.0,38,62
,jinan university,china,,,,,,,,,,,550.5,43.599999999999994,25.9,22.8,73.5,43.6,63.1,37555,15.0,30.0,60,40
635.5,jinan university,china (mainland),,5.6,2.1,9.4,42.9,36.7,85.2,9.6,7.3,5.0,,,,,,,,,,,,
,jizzakh polytechnic institute,uzbekistan,,,,,,,,,,,,,,,,,,10399,18.5,0.0,16,84
,jizzakh state pedagogical university,uzbekistan,,,,,,,,,,,,,,,,,,17881,27.5,0.0,63,37
,johannes gutenberg university of mainz,germany,,,,,,,,,,,275.5,54.45,39.5,32.6,82.3,89.0,66.0,30755,24.1,11.0,59,41
464.0,johannes gutenberg universität mainz,germany,24.8,22.6,12.7,54.5,14.8,38.5,16.2,70.2,10.4,19.0,,,,,,,,,,,,
446.0,johannes kepler university linz,austria,25.7,12.5,13.5,82.9,16.1,86.3,27.2,26.5,11.1,18.4,,,,,,,,,,,,
,johannes kepler university of linz,austria,,,,,,,,,,,450.5,47.2,36.8,35.4,58.2,98.7,71.7,6803,20.8,16.0,50,50
,john von neumann university,hungary,,,,,,,,,,,,,,,,,,3210,13.8,0.0,26,74
28.0,johns hopkins university,united states,84.5,87.3,59.7,100.0,89.4,64.4,91.4,98.1,74.5,84.6,15.0,91.1,84.4,92.3,97.2,100.0,84.2,15772,4.1,28.0,56,44
735.5,jordan university of science & technology,jordan,,18.5,24.5,16.4,4.7,13.9,31.6,9.9,9.8,22.0,,,,,,,,,,,,
,jordan university of science and technology,jordan,,,,,,,,,,,900.5,34.8,19.8,13.6,67.3,40.8,61.1,21161,13.3,17.0,56,44
825.5,jouf university,saudi arabia,,8.8,5.3,45.1,1.9,100.0,2.8,2.2,8.0,1.0,700.5,39.4,30.5,18.3,58.3,21.3,76.7,19006,9.6,3.0,64,36
,jss academy of higher education and research,india,,,,,,,,,,,900.5,34.8,39.7,10.6,51.9,22.0,51.8,8315,9.5,8.0,58,42
440.0,julius-maximilians-universität würzburg,germany,25.9,17.4,6.0,4.9,68.0,35.5,16.4,41.9,9.5,11.7,,,,,,,,,,,,
,juntendo university,japan,,,,,,,,,,,700.5,39.4,37.6,17.1,59.3,81.4,25.3,6579,5.0,3.0,54,46
,justus liebig university giessen,germany,,,,,,,,,,,375.5,50.05,34.4,38.0,72.5,70.5,62.7,27184,42.4,11.0,64,36
396.0,justus-liebig-university giessen,germany,28.1,13.6,6.1,1.7,85.7,12.1,18.9,63.8,9.5,11.1,,,,,,,,,,,,
,jönköping university,sweden,,,,,,,,,,,700.5,39.4,20.1,19.2,78.3,28.2,65.7,6910,13.0,13.0,60,40
,k zhubanov aktobe regional university,kazakhstan,,,,,,,,,,,,,,,,,,14225,21.4,2.0,59,41
,kabarak university,kenya,,,,,,,,,,,,,,,,,,8592,40.0,0.0,47,53
,kabardino-balkarian state university,russian federation,,,,,,,,,,,,,,,,,,11201,19.7,14.0,54,46
,kadir has university,turkey,,,,,,,,,,,,,,,,,,4840,24.0,4.0,55,45
,kafrelsheikh university,egypt,,,,,,,,,,,900.5,34.8,14.7,9.1,76.2,20.0,51.9,72606,28.7,2.0,48,52
,kagawa university,japan,,,,,,,,,,,1350.5,25.5,25.7,12.9,27.4,54.1,31.9,6309,9.6,2.0,42,58
1100.5,kagoshima university,japan,,6.1,2.9,65.8,3.9,4.0,3.0,1.8,7.2,1.3,1350.5,25.5,25.7,13.5,24.0,55.2,27.7,10257,10.1,3.0,38,62
56.0,kaist - korea advanced institute of science & technology,south korea,72.2,89.9,88.8,66.2,97.7,22.3,11.6,10.6,41.8,14.2,,,,,,,,,,,,
,kalasalingam academy of research and education,india,,,,,,,,,,,900.5,34.8,29.1,8.9,74.8,19.9,30.3,8049,7.5,4.0,55,45
,kamianets-podіlskyi ivan ohiienko national university,ukraine,,,,,,,,,,,,,,,,,,2790,7.6,0.0,63,37
,kanagawa university,japan,,,,,,,,,,,1501.0,16.2,17.6,8.3,11.4,24.4,38.7,17730,14.5,4.0,30,70
,kanazawa medical university,japan,,,,,,,,,,,1501.0,16.2,26.6,10.2,17.3,29.7,21.2,1063,2.1,1.0,55,45
875.5,kanazawa university,japan,,9.3,4.4,60.8,12.1,9.2,5.8,2.4,7.9,1.4,1100.5,30.450000000000003,35.5,18.8,35.4,70.4,33.6,10271,9.9,6.0,37,63
1100.5,kangwon national university,south korea,,5.8,5.4,20.0,8.9,4.0,2.5,1.7,6.0,17.6,1350.5,25.5,22.0,21.9,32.4,47.4,24.1,21920,21.6,3.0,41,59
,kansai medical university,japan,,,,,,,,,,,1100.5,30.450000000000003,30.0,10.6,51.6,47.9,21.0,1217,1.6,3.0,55,45
,kansai university,japan,,,,,,,,,,,1501.0,16.2,20.2,8.3,7.3,25.5,33.4,30026,12.3,4.0,41,59
875.5,kansas state university,united states,,8.9,8.0,12.0,20.0,24.0,5.2,19.0,13.0,26.1,700.5,39.4,32.9,20.9,57.4,66.9,57.5,19332,13.8,6.0,53,47
,kaohsiung medical university,taiwan,,,,,,,,,,,900.5,34.8,26.4,26.1,44.0,81.3,28.7,6528,12.2,5.0,59,41
,karabük university,turkey,,,,,,,,,,,1350.5,25.5,12.6,9.4,57.2,16.1,48.2,47709,42.4,24.0,39,61
,karadeniz technical university,turkey,,,,,,,,,,,1501.0,16.2,19.3,10.1,27.8,22.4,22.7,30690,14.0,5.0,44,56
875.5,karaganda buketov university,kazakhstan,,13.7,19.9,32.4,1.2,22.2,7.3,1.0,11.9,1.0,,,,,,,,13360,9.1,7.0,67,33
825.5,karaganda state technical university,kazakhstan,,8.4,6.8,80.6,1.1,8.2,18.4,1.0,12.1,2.1,,,,,,,,,,,,
,karaganda university of kazpotrebsoyuz,kazakhstan,,,,,,,,,,,,,,,,,,4904,13.6,1.0,56,44
,karakalpak state university,uzbekistan,,,,,,,,,,,,,,,,,,28389,28.7,2.0,44,56
665.5,karl-franzens-universitaet graz,austria,,21.3,9.5,12.3,10.9,46.9,28.4,15.2,18.3,19.2,,,,,,,,,,,,
,karlsruhe institute of technology,germany,,,,,,,,,,,140.0,62.8,49.9,56.8,72.5,99.9,77.6,21448,20.5,25.0,29,71
,karlstad university,sweden,,,,,,,,,,,1100.5,30.450000000000003,19.9,14.4,53.8,29.4,57.4,10279,12.8,2.0,63,37
,karnatak university dharwad,india,,,,,,,,,,,1100.5,30.450000000000003,35.1,9.7,52.5,21.6,27.8,4968,12.1,0.0,53,47
,karolinska institute,sweden,,,,,,,,,,,50.0,75.9,58.9,67.9,95.3,96.0,85.7,8085,9.9,27.0,70,30
,karshi engineering economics institute,uzbekistan,,,,,,,,,,,,,,,,,,11421,26.3,0.0,15,85
,karunya institute of technology and sciences,india,,,,,,,,,,,1350.5,25.5,18.7,13.4,48.4,18.6,23.2,7659,16.5,0.0,36,64
755.5,kasetsart university,thailand,,24.3,21.8,6.2,2.5,4.8,1.3,5.2,19.3,51.5,1501.0,16.2,18.1,12.6,23.5,25.7,33.8,70633,18.7,1.0,62,38
,kashan university of medical sciences and health services,iran,,,,,,,,,,,700.5,39.4,32.9,15.0,75.6,17.4,25.3,3265,20.5,3.0,58,42
,kastamonu university,turkey,,,,,,,,,,,1501.0,16.2,11.6,11.6,35.8,15.9,35.5,18233,36.8,12.0,43,57
825.5,kaunas university of technology,lithuania,,11.3,21.8,31.5,6.8,3.3,24.1,16.9,8.4,1.9,1350.5,25.5,22.2,15.3,39.0,36.9,39.2,7986,13.3,8.0,36,64
1100.5,kazakh ablai khan university of international relations and world languages,kazakhstan,,6.5,6.7,35.5,1.0,6.7,4.4,1.0,12.1,1.8,,,,,,,,,,,,
645.5,kazakh national agrarian university kaznau,kazakhstan,,17.4,13.1,79.8,1.1,20.2,24.3,1.0,11.8,1.1,,,,,,,,,,,,
,kazakh national pedagogical university abai,kazakhstan,,,,,,,,,,,,,,,,,,16862,16.1,3.0,59,41
,kazakh national women’s teacher training university,kazakhstan,,,,,,,,,,,,,,,,,,6154,18.6,2.0,100,0
1100.5,kazakh-british technical university,kazakhstan,,13.1,22.6,20.0,1.4,5.3,2.1,1.0,12.2,1.0,,,,,,,,5178,27.6,2.0,36,64
,kazakhstan medical university ksph,kazakhstan,,,,,,,,,,,,,,,,,,138,2.9,0.0,64,36
396.0,kazan federal university,russia,28.1,22.7,7.6,93.7,2.8,10.5,96.1,61.7,11.2,24.4,,,,,,,,,,,,
,kazan federal university,russian federation,,,,,,,,,,,900.5,34.8,44.7,21.7,32.3,42.6,69.2,22464,10.8,33.0,67,33
,kazan national research technical university,russian federation,,,,,,,,,,,1501.0,16.2,18.8,10.8,24.9,42.6,31.7,7516,16.7,12.0,26,74
1100.5,kazan national research technological university,russia,,5.0,3.6,23.1,1.4,2.5,44.0,1.0,7.8,1.0,,,,,,,,,,,,
,kazan national research technological university,russian federation,,,,,,,,,,,1501.0,16.2,21.9,8.8,12.4,36.1,35.4,13088,11.6,16.0,40,60
,kazan state medical university,russian federation,,,,,,,,,,,1501.0,16.2,40.5,10.3,7.3,17.1,45.2,5891,10.7,31.0,63,37
,kazan state power engineering university,russian federation,,,,,,,,,,,,,,,,,,9290,24.1,3.0,32,68
785.5,keele university,united kingdom,,6.7,4.3,15.2,27.1,53.1,33.2,11.6,10.5,3.1,550.5,43.599999999999994,21.5,24.6,73.3,66.1,81.3,9610,15.8,15.0,60,40
214.0,keio university,japan,44.0,51.4,93.5,58.0,6.0,9.6,9.2,9.2,79.8,39.3,700.5,39.4,36.9,27.0,49.2,73.3,38.4,33577,10.2,8.0,36,64
,keisen university,japan,,,,,,,,,,,,,,,,,,1064,26.0,5.0,100,0
,kemerovo state university,russian federation,,,,,,,,,,,1501.0,16.2,14.9,10.1,8.6,18.2,24.3,14842,18.5,7.0,63,37
1100.5,kent state university,united states,,5.9,4.1,6.6,15.1,27.2,4.8,7.5,10.4,4.4,,,,,,,,,,,,
1300.5,kenyatta university,kenya,,7.1,8.0,1.4,1.3,,,1.0,15.1,,,,,,,,,,,,,
,kerman university of medical sciences,iran,,,,,,,,,,,1100.5,30.450000000000003,32.7,11.8,51.2,20.5,25.6,5350,3.9,3.0,,
,khalifa university,united arab emirates,,,,,,,,,,,275.5,54.45,31.7,35.9,78.4,95.6,97.4,3289,9.3,41.0,58,42
230.0,khalifa university of science and technology,united arab emirates,41.6,19.7,20.4,87.2,48.3,100.0,75.3,29.6,9.0,66.5,,,,,,,,,,,,
,kharazmi university,iran,,,,,,,,,,,1350.5,25.5,32.7,13.8,37.2,25.0,29.5,12604,16.8,3.0,55,45
,kharkiv aviation institute,ukraine,,,,,,,,,,,1350.5,25.5,20.6,9.2,44.5,16.4,32.6,5654,12.0,12.0,31,69
,kharkiv national automobile and highway university,ukraine,,,,,,,,,,,,,,,,,,5083,14.6,10.0,,
,kharkiv national university of internal affairs,ukraine,,,,,,,,,,,,,,,,,,8692,13.8,4.0,48,52
1300.5,kharkiv national university of radio electronics,ukraine,,3.7,13.1,26.0,1.5,1.4,10.9,1.0,10.5,2.1,1100.5,30.450000000000003,22.2,9.4,28.0,16.5,32.9,7744,10.8,11.0,26,74
,kharkiv university of humanities “people’s ukrainian academy”,ukraine,,,,,,,,,,,,,,,,,,435,7.4,0.0,82,18
,khazar university,azerbaijan,,,,,,,,,,,,,,,,,,2917,12.3,6.0,52,48
785.5,khoja akhmet yassawi international kazakh-turkish university,kazakhstan,,14.6,20.9,53.0,1.2,8.5,15.5,1.0,11.6,4.4,,,,,,,,,,,,
975.5,khon kaen university,thailand,,16.4,12.1,8.1,4.1,6.9,2.7,3.3,9.7,29.9,1350.5,25.5,23.3,15.7,35.5,36.1,35.4,32895,17.2,2.0,62,38
1401.0,khulna university,bangladesh,,5.9,5.3,,,,,1.0,,,1350.5,25.5,17.0,9.5,46.9,17.1,43.7,6997,13.9,0.0,43,57
1300.5,khulna university of engineering and technology,bangladesh,,5.9,11.4,11.2,4.8,,,1.0,8.3,1.0,,,,,,,,6170,15.5,0.0,20,80
,khwaja fareed university of engineering and information technology,pakistan,,,,,,,,,,,,,,,,,,9872,20.2,0.0,43,57
,khyber medical university,pakistan,,,,,,,,,,,,,,,,,,5283,15.4,3.0,40,60
,kiit university,india,,,,,,,,,,,700.5,39.4,38.5,15.8,61.5,52.0,39.4,24802,12.3,10.0,49,51
,kimyo international university in tashkent,uzbekistan,,,,,,,,,,,,,,,,,,8057,17.3,13.0,57,43
1300.5,kindai university,japan,,5.3,4.6,10.6,4.5,16.4,2.1,1.2,7.8,1.1,1100.5,30.450000000000003,18.4,11.8,51.9,50.2,30.9,34545,17.7,2.0,32,68
143.0,king abdulaziz university,saudi arabia,52.0,54.5,61.6,52.5,37.5,97.5,23.1,84.4,17.3,43.5,275.5,54.45,37.8,28.6,90.7,46.1,75.4,60540,13.9,3.0,50,50
,king abdullah university of science and technology,saudi arabia,,,,,,,,,,,,,,,,,,1316,8.0,67.0,36,64
,king danylo university,ukraine,,,,,,,,,,,,,,,,,,1487,9.1,0.0,56,44
,king edward medical university,pakistan,,,,,,,,,,,,,,,,,,3211,13.7,2.0,60,40
180.0,king fahd university of petroleum & minerals,saudi arabia,48.0,32.9,36.5,82.8,65.8,100.0,31.8,25.7,38.9,20.9,,,,,,,,,,,,
,king fahd university of petroleum and minerals,saudi arabia,,,,,,,,,,,225.5,57.25,37.6,38.7,86.3,90.9,84.8,6801,8.5,15.0,8,92
875.5,king faisal university,saudi arabia,,15.0,8.6,11.4,2.4,99.2,2.0,3.1,7.5,1.1,900.5,34.8,19.9,12.2,68.0,31.4,75.5,29628,14.5,2.0,60,40
765.5,king khalid university,saudi arabia,,12.8,5.1,43.0,2.2,100.0,10.2,7.8,7.8,1.1,550.5,43.599999999999994,29.8,20.1,70.3,48.6,91.0,32078,8.3,16.0,61,39
1300.5,king mongkut's university of technology north bangkok,thailand,,8.1,5.8,3.7,3.0,3.4,1.1,1.1,8.3,1.1,1350.5,25.5,16.2,12.7,50.9,25.9,28.7,28122,23.3,0.0,42,58
975.5,king mongkut's university of technology thonburi,thailand,,13.1,7.2,14.0,7.6,12.5,3.5,1.6,8.4,49.4,,,,,,,,,,,,
1300.5,king mongkut\'s institute of technology ladkrabang,thailand,,8.1,7.4,4.8,3.1,15.7,1.6,1.1,9.5,1.3,,,,,,,,,,,,
,king mongkut’s institute of technology ladkrabang,thailand,,,,,,,,,,,1501.0,16.2,16.5,22.9,19.2,55.0,30.7,25482,23.0,1.0,52,48
,king mongkut’s university of technology thonburi,thailand,,,,,,,,,,,900.5,34.8,21.5,22.1,59.5,71.0,43.3,15075,20.4,4.0,45,55
,king saud bin abdulaziz university for health sciences,saudi arabia,,,,,,,,,,,700.5,39.4,40.8,21.7,43.6,36.1,64.4,8594,13.0,1.0,51,49
203.0,king saud university,saudi arabia,45.2,36.9,21.3,64.2,32.2,99.7,21.3,88.6,71.7,75.8,450.5,47.2,31.4,19.9,84.5,48.7,77.2,50906,11.9,6.0,43,57
40.0,king's college london,united kingdom,79.3,89.5,82.3,64.6,61.1,98.8,100.0,99.2,34.4,81.1,,,,,,,,,,,,
,kingston university,united kingdom,,,,,,,,,,,900.5,34.8,20.0,15.3,53.2,52.2,91.3,14660,18.9,40.0,59,41
605.5,kingston university london,united kingdom,,17.5,12.6,6.1,8.7,71.9,99.4,9.2,14.1,9.8,,,,,,,,,,,,
,king’s college london,united kingdom,,,,,,,,,,,38.0,79.0,59.8,75.1,97.7,74.2,97.5,32835,13.9,53.0,63,37
,kinnaird college for women,pakistan,,,,,,,,,,,,,,,,,,3766,18.3,0.0,100,0
,kirikkale university,turkey,,,,,,,,,,,1501.0,16.2,14.3,18.8,17.2,20.3,18.8,27869,47.7,1.0,49,51
119.0,kit karlsruhe institute of technology,germany,56.4,45.6,76.8,36.0,71.9,70.4,46.7,76.0,38.7,23.9,,,,,,,,,,,,
,kitami institute of technology,japan,,,,,,,,,,,,,,,,,,1977,14.6,5.0,12,88
,kitasato university,japan,,,,,,,,,,,1350.5,25.5,27.0,11.5,28.8,56.5,20.0,8628,5.2,0.0,55,45
,kl university,india,,,,,,,,,,,1350.5,25.5,22.4,11.1,52.0,16.6,21.5,17602,14.6,2.0,36,64
,kn toosi university of technology,iran,,,,,,,,,,,900.5,34.8,22.6,21.0,60.2,34.8,35.7,8727,23.1,1.0,34,66
,knowledge university,iraq,,,,,,,,,,,,,,,,,,2130,16.4,1.0,47,53
,kobe gakuin university,japan,,,,,,,,,,,,,,,,,,11485,34.7,3.0,39,61
476.0,kobe university,japan,24.3,28.5,38.8,53.2,11.6,7.4,7.7,8.7,11.9,10.9,700.5,39.4,39.5,27.2,48.1,75.4,39.0,15333,10.2,7.0,35,65
,kocaeli health and technology university,turkey,,,,,,,,,,,,,,,,,,1747,16.2,8.0,69,31
,kocaeli university,turkey,,,,,,,,,,,1501.0,16.2,14.3,9.7,22.1,23.7,25.8,66547,47.2,2.0,41,59
,kochi university,japan,,,,,,,,,,,1501.0,16.2,24.7,12.3,21.8,41.5,26.8,5459,8.3,1.0,44,56
,kochi university of technology,japan,,,,,,,,,,,1501.0,16.2,17.6,15.6,15.9,68.4,39.1,2579,20.3,2.0,25,75
,kogakuin university,japan,,,,,,,,,,,1501.0,16.2,16.8,11.3,26.3,32.7,25.0,6553,18.3,2.0,18,82
,kohat university of science and technology,pakistan,,,,,,,,,,,1100.5,30.450000000000003,21.9,14.2,49.0,20.8,59.5,7055,43.0,0.0,26,74
,kohsar university murree,pakistan,,,,,,,,,,,,,,,,,,760,24.5,0.0,69,31
,kokshetau state university,kazakhstan,,,,,,,,,,,,,,,,,,7384,9.1,5.0,63,37
,kokugakuin university,japan,,,,,,,,,,,,,,,,,,10050,40.0,1.0,43,57
,konan university,japan,,,,,,,,,,,,,,,,,,8714,23.3,1.0,42,58
,konan women’s university,japan,,,,,,,,,,,,,,,,,,4388,23.7,1.0,100,0
825.5,konkuk university,south korea,,9.4,9.3,59.0,13.8,7.7,9.8,2.8,9.9,2.3,700.5,39.4,32.2,37.6,49.1,73.7,45.0,12805,25.2,15.0,48,52
1100.5,kookmin university,south korea,,5.2,4.0,28.8,3.5,5.5,21.0,1.0,6.5,1.0,1501.0,16.2,24.5,14.3,20.1,37.0,36.1,17514,11.6,11.0,50,50
,kore university of enna,italy,,,,,,,,,,,900.5,34.8,18.0,12.3,71.3,40.9,37.3,5052,16.0,1.0,68,32
,korea advanced institute of science and technology,south korea,,,,,,,,,,,83.0,69.2,67.1,65.8,77.4,100.0,41.6,10130,10.7,8.0,21,79
79.0,korea university,south korea,64.7,82.2,94.0,81.0,36.6,13.6,36.3,19.6,70.6,58.6,225.5,57.25,48.6,46.6,72.0,99.7,62.5,22324,16.3,31.0,,
1300.5,korkyt ata kyzylorda university,kazakhstan,,5.9,6.3,5.1,1.0,2.6,1.2,1.0,12.4,1.3,,,,,,,,,,,,
,koya university,iraq,,,,,,,,,,,,,,,,,,4536,9.3,1.0,50,50
431.0,koç university,turkey,26.2,22.4,47.3,24.0,28.6,27.3,11.2,6.4,11.0,29.9,375.5,50.05,31.8,40.5,68.9,91.9,57.4,6427,19.5,9.0,49,51
,kpr institute of engineering and technology,india,,,,,,,,,,,,,,,,,,3318,12.2,0.0,30,70
73.0,kth royal institute of technology,sweden,66.4,45.7,51.1,66.2,90.2,93.2,68.1,80.7,56.9,96.1,97.0,66.9,53.5,57.8,81.0,97.7,82.5,13269,15.9,26.0,34,66
61.0,ku leuven,belgium,70.1,84.6,42.4,7.0,92.7,93.1,45.7,99.9,56.1,75.6,45.0,77.0,60.1,74.9,91.9,100.0,79.6,49435,37.3,19.0,52,48
925.5,kumamoto university,japan,,7.6,3.1,56.0,12.3,5.9,3.4,3.1,8.1,1.9,900.5,34.8,33.6,19.6,40.9,77.5,36.5,9384,9.8,6.0,39,61
,kumasi technical university,ghana,,,,,,,,,,,,,,,,,,12063,41.0,0.0,37,63
,kurdistan university of medical sciences,iran,,,,,,,,,,,700.5,39.4,40.8,11.2,67.6,18.8,27.9,3229,10.7,2.0,48,52
,kursk state medical university,russian federation,,,,,,,,,,,,,,,,,,6857,12.1,31.0,66,34
,kurume university,japan,,,,,,,,,,,1100.5,30.450000000000003,27.5,13.6,48.4,44.7,26.3,5007,9.0,1.0,,
,kutaisi university,georgia,,,,,,,,,,,,,,,,,,138,0.4,1.0,33,67
,kuwait college of science and technology,kuwait,,,,,,,,,,,,,,,,,,1339,25.3,4.0,56,44
875.5,kuwait university,kuwait,,13.6,8.3,6.4,2.2,30.4,21.0,10.9,51.3,18.8,1100.5,30.450000000000003,19.5,9.9,55.5,28.9,66.4,34147,14.7,13.0,73,27
1401.0,kwame nkrumah university of science and technology,ghana,,5.9,7.6,,,,,10.8,,,1100.5,30.450000000000003,16.2,20.7,50.8,52.0,47.2,71529,60.8,1.0,38,62
1300.5,kwansei gakuin university,japan,,4.2,6.4,4.5,2.5,24.4,3.9,1.0,10.6,1.0,1501.0,16.2,15.7,9.5,15.4,20.7,40.9,25232,24.7,4.0,49,51
,kyiv national economic university,ukraine,,,,,,,,,,,,,,,,,,11210,11.2,1.0,60,40
,kyoai gakuen university,japan,,,,,,,,,,,,,,,,,,1141,20.4,2.0,63,37
1100.5,kyoto institute of technology,japan,,6.4,4.0,16.2,12.9,11.0,7.9,1.0,7.8,1.1,1350.5,25.5,27.2,17.1,15.2,73.3,33.7,3943,13.8,6.0,29,71
,kyoto koka women’s university,japan,,,,,,,,,,,,,,,,,,1937,18.3,,100,0
,kyoto notre dame university,japan,,,,,,,,,,,,,,,,,,1337,8.5,4.0,100,0
,kyoto prefectural university of medicine,japan,,,,,,,,,,,900.5,34.8,33.6,16.0,47.8,68.2,20.1,1376,3.2,1.0,47,53
,kyoto sangyo university,japan,,,,,,,,,,,1501.0,16.2,14.3,9.1,14.9,22.4,44.8,12551,21.9,2.0,34,66
46.0,kyoto university,japan,76.3,98.7,99.1,94.7,49.3,14.9,20.8,57.3,53.2,88.4,55.0,75.0,85.4,84.3,60.0,100.0,45.7,21817,9.0,11.0,25,75
875.5,kyrgyz-turkish manas university,kyrgyzstan,,13.0,7.3,12.2,1.6,85.3,24.7,1.0,14.5,,,,,,,,,5768,15.0,11.0,57,43
332.0,kyung hee university,south korea,32.5,28.0,41.6,84.8,14.0,14.2,54.0,16.7,12.1,33.5,275.5,54.45,40.3,40.0,71.0,95.9,71.5,20427,17.6,30.0,56,44
520.0,kyungpook national university,south korea,22.6,11.1,18.0,64.5,17.2,9.8,20.1,7.7,43.1,54.6,550.5,43.599999999999994,33.2,38.1,51.5,96.2,50.2,18432,20.1,14.0,45,55
1100.5,kyushu institute of technology,japan,,4.7,5.4,11.3,23.0,9.0,4.6,1.1,8.0,1.0,1350.5,25.5,26.3,15.6,31.4,60.3,40.8,5628,16.0,5.0,14,86
164.0,kyushu university,japan,49.7,57.4,70.0,85.7,23.9,14.7,25.6,32.8,15.4,77.7,325.5,52.05,55.0,47.5,51.2,98.4,48.8,18220,7.7,13.0,28,72
,kütahya health sciences university,turkey,,,,,,,,,,,,,,,,,,4583,9.6,1.0,73,27
,kırşehir ahi evran university,turkey,,,,,,,,,,,1501.0,16.2,11.8,9.8,18.4,16.5,37.3,12506,24.6,17.0,50,50
,la salle university,colombia,,,,,,,,,,,,,,,,,,9094,18.9,1.0,56,44
242.0,la trobe university,australia,40.3,22.6,20.2,6.9,77.5,94.4,98.4,45.8,14.3,28.9,275.5,54.45,28.9,35.4,88.1,73.8,88.2,19172,28.2,29.0,63,37
,ladoke akintola university of technology,nigeria,,,,,,,,,,,1501.0,16.2,16.2,11.1,28.0,32.0,32.5,28289,53.1,0.0,49,51
,lagos state university,nigeria,,,,,,,,,,,1501.0,16.2,12.9,9.3,25.3,16.0,41.9,28722,35.6,0.0,45,55
,lahore college for women university,pakistan,,,,,,,,,,,1501.0,16.2,16.5,9.6,37.6,16.1,40.6,11857,21.3,0.0,100,0
,lahore leads university,pakistan,,,,,,,,,,,,,,,,,,2656,15.3,0.0,44,56
540.0,lahore university of management sciences,pakistan,21.8,15.7,72.0,35.1,6.0,7.3,1.9,1.1,22.2,1.4,900.5,34.8,23.3,16.7,60.2,43.1,53.0,4735,14.2,2.0,43,57
,lakehead university,canada,,,,,,,,,,,900.5,34.8,17.6,24.0,51.4,48.7,59.2,8434,25.0,19.0,56,44
122.0,lancaster university,united kingdom,55.7,39.7,40.2,25.2,79.3,93.6,90.6,75.3,20.7,98.0,155.0,61.8,40.2,40.7,93.9,66.6,96.8,15385,13.9,38.0,51,49
,landmark university,nigeria,,,,,,,,,,,,,,,,,,3239,12.9,0.0,35,65
795.5,lanzhou university,china (mainland),,8.3,2.3,26.3,38.1,2.5,1.6,15.3,6.2,9.8,,,,,,,,,,,,
351.0,lappeenranta-lahti university of technology lut,finland,31.2,6.9,13.3,11.1,97.7,45.2,18.2,14.7,11.4,39.0,275.5,54.45,33.4,36.7,91.7,65.1,64.2,5028,31.6,14.0,34,66
,larbi tebessi university,algeria,,,,,,,,,,,,,,,,,,18528,21.6,0.0,60,40
,latvia university of life sciences and technologies,latvia,,,,,,,,,,,1501.0,16.2,16.3,17.3,15.8,30.5,24.1,3991,21.3,4.0,50,50
665.5,lebanese american university,lebanon,,10.5,28.2,35.5,3.2,78.9,26.4,1.0,10.4,7.8,550.5,43.599999999999994,26.7,13.2,76.4,32.8,84.2,7100,10.1,17.0,52,48
577.0,lebanese university,lebanon,20.5,23.7,49.8,11.6,2.1,43.3,31.9,2.3,9.9,2.1,900.5,34.8,42.8,22.3,23.6,17.7,78.8,46704,14.6,16.0,70,30
,leeds arts university,united kingdom,,,,,,,,,,,,,,,,,,2225,15.9,12.0,75,25
1100.5,leeds beckett university,united kingdom,,4.4,8.0,4.4,8.1,35.2,18.0,2.2,11.5,1.6,900.5,34.8,17.7,16.2,65.0,49.9,67.3,20360,21.9,15.0,54,46
,leeds conservatoire,united kingdom,,,,,,,,,,,,,,,,,,1460,20.9,11.0,34,66
,leeds trinity university,united kingdom,,,,,,,,,,,,,,,,,,3790,23.7,9.0,64,36
548.0,lehigh university,united states,21.4,5.8,4.2,26.2,38.4,62.4,29.6,9.1,28.3,47.5,700.5,39.4,33.0,22.5,57.6,63.6,73.8,6518,11.2,17.0,46,54
481.0,leibniz university hannover,germany,23.9,21.3,33.2,16.8,14.8,40.5,30.6,44.3,13.1,29.9,375.5,50.05,38.3,41.5,62.1,81.6,58.2,19807,39.5,15.0,44,56
126.0,leiden university,netherlands,54.8,69.1,26.8,20.2,62.7,85.5,50.2,93.7,26.9,46.0,77.0,70.2,46.0,62.7,93.0,98.1,87.8,35072,19.3,21.0,60,40
,lesya ukrainka volyn national university,ukraine,,,,,,,,,,,,,,,,,,7814,12.4,1.0,69,31
,leuphana university of lüneburg,germany,,,,,,,,,,,550.5,43.599999999999994,25.5,22.9,85.3,25.8,59.8,7773,22.5,7.0,62,38
,liaquat university of medical and health sciences,pakistan,,,,,,,,,,,,,,,,,,4953,10.0,4.0,54,46
362.0,lincoln university,new zealand,30.6,7.9,5.3,39.9,51.5,100.0,91.0,1.2,31.7,37.8,450.5,47.2,33.9,26.7,68.4,49.7,92.0,2562,14.5,33.0,52,48
,lincoln university college,malaysia,,,,,,,,,,,,,,,,,,2233,5.7,41.0,19,81
645.5,lingnan university hong kong,hong kong sar,,9.3,5.5,14.6,16.3,100.0,95.0,1.1,8.0,1.1,,,,,,,,,,,,
268.0,linköping university,sweden,37.5,19.0,26.6,34.8,48.8,77.8,30.3,57.9,34.7,87.4,275.5,54.45,28.3,41.3,86.4,92.8,70.7,15233,14.9,15.0,54,46
,lira university,uganda,,,,,,,,,,,,,,,,,,1570,14.3,0.0,41,59
,lithuanian university of health sciences,lithuania,,,,,,,,,,,900.5,34.8,27.1,12.6,55.5,25.5,52.9,6376,9.2,23.0,74,26
,liverpool hope university,united kingdom,,,,,,,,,,,,,,,,,,4640,17.2,14.0,64,36
,liverpool institute for performing arts,united kingdom,,,,,,,,,,,,,,,,,,925,18.5,22.0,58,42
755.5,liverpool john moores university,united kingdom,,9.9,6.8,8.4,14.5,48.1,24.4,56.2,10.4,24.4,550.5,43.599999999999994,21.6,19.3,77.7,35.4,83.0,23200,18.1,16.0,54,46
,liverpool school of tropical medicine,united kingdom,,,,,,,,,,,,,,,,,,200,2.1,28.0,71,29
,lmu munich,germany,,,,,,,,,,,38.0,79.0,65.3,76.8,92.2,100.0,76.9,34622,33.5,18.0,62,38
355.0,ln gumilyov eurasian national university,kazakhstan,30.9,29.5,51.7,96.8,1.4,59.3,5.7,1.1,10.9,9.6,1501.0,16.2,21.9,11.6,21.1,15.7,54.2,19632,13.5,4.0,60,40
,lobachevsky state university of nizhni novgorod,russian federation,,,,,,,,,,,1501.0,16.2,31.8,13.4,14.7,32.7,38.5,19457,10.6,12.0,51,49
1100.5,lobachevsky university,russia,,8.8,3.7,45.9,2.1,2.2,21.9,1.3,8.5,5.9,,,,,,,,,,,,
1100.5,lodz university of technology,poland,,5.4,3.7,42.4,8.3,4.2,3.5,7.8,8.4,3.9,1350.5,25.5,21.2,15.7,34.4,66.9,29.8,11706,13.1,5.0,39,61
87.0,lomonosov moscow state university,russia,62.2,81.2,78.3,99.8,4.6,20.3,92.3,85.2,82.2,13.4,,,,,,,,,,,,
,lomonosov moscow state university,russian federation,,,,,,,,,,,95.0,67.0,87.5,75.2,33.9,91.1,73.8,32680,9.6,37.0,50,50
,london academy of music and dramatic art,united kingdom,,,,,,,,,,,,,,,,,,270,6.8,40.0,55,45
,london business school,united kingdom,,,,,,,,,,,,,,,,,,2125,20.2,91.0,37,63
925.5,london metropolitan university,united kingdom,,5.5,2.9,4.5,3.2,60.8,100.0,1.0,14.0,1.0,,,,,,,,10065,25.5,50.0,65,35
,london school of economics and political science,united kingdom,,,,,,,,,,,46.0,76.8,59.5,73.5,95.4,55.9,94.1,11945,12.6,72.0,56,44
,london school of hygiene and tropical medicine,united kingdom,,,,,,,,,,,,,,,,,,870,1.7,57.0,72,28
875.5,london south bank university,united kingdom,,3.5,2.9,8.3,5.6,78.2,95.9,2.3,11.1,1.1,700.5,39.4,18.6,12.4,65.9,52.4,92.3,14510,17.5,37.0,56,44
,londrina state university,brazil,,,,,,,,,,,1501.0,16.2,30.3,16.1,19.6,34.8,23.9,21220,10.9,1.0,59,41
,lorestan university,iran,,,,,,,,,,,1100.5,30.450000000000003,27.2,11.1,51.2,18.3,25.7,8762,22.7,2.0,57,43
212.0,loughborough university,united kingdom,44.2,30.5,66.8,23.6,34.6,87.3,63.5,77.1,18.8,63.4,275.5,54.45,36.5,34.4,77.4,70.2,91.5,16110,13.9,25.0,40,60
825.5,louisiana state university,united states,,9.7,8.3,7.1,16.2,10.1,4.1,15.5,17.2,70.7,700.5,39.4,32.7,21.4,61.1,63.1,47.8,31112,19.4,4.0,55,45
,lovely professional university,india,,,,,,,,,,,900.5,34.8,21.5,12.8,73.7,17.5,43.4,34961,14.7,7.0,25,75
925.5,loyola university chicago,united states,,8.7,29.6,21.3,8.0,7.4,3.0,1.6,13.1,2.5,,,,,,,,,,,,
1300.5,lucian blaga university of sibiu,romania,,3.7,2.5,8.1,1.8,12.5,3.1,49.8,9.0,1.8,1501.0,16.2,18.5,14.0,29.7,16.8,28.4,13369,16.5,3.0,59,41
54.0,ludwig-maximilians-universität münchen,germany,72.5,92.7,83.5,46.7,51.4,73.3,37.7,94.4,48.5,77.3,,,,,,,,,,,,
,lumière university lyon 2,france,,,,,,,,,,,1350.5,25.5,24.6,18.6,24.9,32.8,67.5,26014,50.4,18.0,68,32
85.0,lund university,sweden,62.8,69.3,47.5,50.2,37.7,98.8,77.4,95.2,66.0,99.1,106.0,66.1,46.7,56.6,86.6,99.8,79.8,30349,12.0,18.0,56,44
975.5,lviv polytechnic national university,ukraine,,8.1,14.8,37.2,1.8,1.9,1.6,1.1,14.0,22.7,700.5,39.4,22.9,11.3,34.2,18.8,27.1,22580,11.9,1.0,41,59
,lviv state university of life safety,ukraine,,,,,,,,,,,,,,,,,,2180,12.3,0.0,,
,m auezov south kazakhstan university,kazakhstan,,,,,,,,,,,,,,,,,,18760,6.3,12.0,52,48
,m kumarasamy college of engineering,india,,,,,,,,,,,,,,,,,,3868,11.5,0.0,35,65
256.0,maastricht university,netherlands,38.7,23.4,22.3,12.8,62.7,99.5,100.0,46.5,27.0,13.7,138.0,62.9,41.4,47.1,86.1,98.1,97.4,21337,19.6,57.0,60,40
,macau university of science and technology,macao,,,,,,,,,,,275.5,54.45,33.1,34.2,78.9,65.0,94.7,14091,41.8,92.0,57,43
505.0,macau university of science and technology,macau sar,23.0,4.2,4.2,4.5,47.8,100.0,100.0,2.4,20.9,1.1,,,,,,,,,,,,
,mackenzie presbyterian university,brazil,,,,,,,,,,,1501.0,16.2,17.4,10.8,12.4,20.7,28.7,27487,28.1,0.0,51,49
130.0,macquarie university,australia,53.7,31.6,41.0,10.3,81.3,98.6,93.6,81.4,43.2,91.8,180.0,60.1,36.7,44.2,87.4,90.9,88.6,30371,51.7,22.0,,
,mae fah luang university,thailand,,,,,,,,,,,1100.5,30.450000000000003,16.2,14.6,47.5,39.6,54.0,14768,20.7,5.0,72,28
,maharishi markandeshwar university,india,,,,,,,,,,,1100.5,30.450000000000003,26.9,8.9,53.8,17.6,34.3,9968,12.6,8.0,43,57
,mahasarakham university,thailand,,,,,,,,,,,1501.0,16.2,18.8,8.5,10.5,17.0,25.0,37679,30.2,2.0,66,34
,mahatma gandhi university,india,,,,,,,,,,,550.5,43.599999999999994,38.8,38.1,62.3,23.2,28.1,2045,20.5,2.0,60,40
,mahatma jyotiba phule rohilkhand university,india,,,,,,,,,,,,,,,,,,5511,38.8,0.0,18,82
382.0,mahidol university,thailand,29.0,42.4,30.3,77.7,4.7,6.0,5.1,10.3,11.0,27.6,700.5,39.4,39.3,25.0,46.3,78.6,48.7,28790,8.9,5.0,64,36
975.5,makerere university,uganda,,10.2,4.7,3.4,4.6,10.3,8.2,17.8,79.5,9.2,900.5,34.8,23.4,25.3,39.6,52.1,68.1,29510,19.2,3.0,46,54
,malaviya national institute of technology,india,,,,,,,,,,,700.5,39.4,29.9,15.6,76.5,19.8,20.3,4715,17.3,0.0,31,69
,malawi university of science and technology,malawi,,,,,,,,,,,,,,,,,,2724,12.4,0.0,15,85
,management & science university,malaysia,,,,,,,,,,,,,,,,,,4374,9.0,30.0,60,40
625.5,management and science university,malaysia,,12.4,12.2,33.5,1.6,90.5,94.1,1.0,10.1,1.0,,,,,,,,,,,,
,management development institute,india,,,,,,,,,,,,,,,,,,966,12.5,0.0,24,76
590.0,manchester metropolitan university,united kingdom,20.1,12.0,13.4,8.5,9.8,44.4,40.5,66.6,14.6,69.3,550.5,43.599999999999994,20.5,18.5,77.4,57.7,80.6,30985,17.4,19.0,58,42
,manipal academy of higher education,india,,,,,,,,,,,700.5,39.4,45.0,18.5,46.3,44.9,48.3,23602,9.1,12.0,47,53
975.5,manipal academy of higher education manipal karnataka india,india,,9.6,7.0,46.4,4.0,1.7,7.1,13.0,11.3,1.7,,,,,,,,,,,,
,manipal university jaipur,india,,,,,,,,,,,1350.5,25.5,19.5,14.2,51.9,23.9,24.0,8361,14.9,3.0,43,57
,manisa celal bayar university,turkey,,,,,,,,,,,1501.0,16.2,14.9,5.2,21.6,16.7,22.0,28224,17.9,3.0,48,52
1100.5,mansoura university,egypt,,12.9,8.1,3.2,2.4,5.8,4.1,33.5,9.6,19.9,900.5,34.8,19.5,12.4,68.1,31.8,74.1,174302,40.2,4.0,50,50
,mapúa university,philippines,,,,,,,,,,,,,,,,,,9427,32.3,1.0,37,63
,marche polytechnic university,italy,,,,,,,,,,,700.5,39.4,23.2,22.6,75.6,64.9,36.0,14332,28.9,5.0,47,53
,margulan university,kazakhstan,,,,,,,,,,,,,,,,,,5733,22.8,2.0,75,25
,maria curie-skłodowska university,poland,,,,,,,,,,,1501.0,16.2,21.6,19.3,22.4,22.7,33.4,16937,11.7,9.0,68,32
,mariano marcos state university,philippines,,,,,,,,,,,,,,,,,,13240,24.8,0.0,58,42
,maritime university of szczecin,poland,,,,,,,,,,,,,,,,,,2484,24.2,13.0,26,74
1300.5,marmara university,turkey,,6.8,8.3,5.0,2.3,3.0,3.6,2.1,15.4,6.1,1501.0,16.2,17.0,11.7,31.9,26.9,30.7,62991,30.6,5.0,51,49
1300.5,marquette university,united states,,3.4,3.8,23.7,9.3,6.8,2.7,1.5,13.2,1.1,900.5,34.8,36.9,18.2,54.0,49.3,33.1,10317,12.2,3.0,58,42
615.5,martin-luther-universität halle-wittenberg,germany,,14.4,4.3,82.8,6.9,,9.8,73.4,7.6,5.8,,,,,,,,,,,,
400.0,masaryk university,czech republic,27.9,23.2,32.2,10.4,15.2,31.0,68.7,56.2,14.6,69.9,700.5,39.4,25.9,31.0,50.1,41.7,66.3,32789,18.4,23.0,62,38
,mashhad university of medical sciences,iran,,,,,,,,,,,700.5,39.4,34.9,14.7,63.9,28.5,29.7,8666,9.0,4.0,57,43
1.0,massachusetts institute of technology,united states,100.0,100.0,100.0,100.0,100.0,100.0,88.2,94.3,100.0,95.2,3.0,97.9,98.6,96.2,99.7,100.0,93.8,11085,8.0,33.0,41,59
239.0,massey university,new zealand,40.6,30.4,16.0,43.2,22.7,98.2,97.9,65.2,44.9,94.7,550.5,43.599999999999994,28.7,28.2,60.5,77.6,87.5,17883,17.4,27.0,64,36
,matej bel university,slovakia,,,,,,,,,,,1501.0,16.2,19.4,13.9,15.5,16.4,40.7,6834,14.2,10.0,67,33
825.5,maynooth university,ireland,,10.0,9.2,8.7,12.6,89.4,15.6,4.7,9.0,4.7,450.5,47.2,21.1,30.7,77.0,58.3,74.8,11885,28.5,12.0,56,44
,mazandaran university of medical sciences,iran,,,,,,,,,,,700.5,39.4,44.1,12.4,65.6,28.1,24.7,6715,12.4,1.0,56,44
30.0,mcgill university,canada,83.7,93.7,87.6,64.0,62.1,88.9,93.3,86.2,92.5,94.2,49.0,76.0,62.3,72.3,88.8,76.1,92.5,30821,11.9,29.0,61,39
189.0,mcmaster university,canada,46.8,40.5,38.2,75.1,29.0,99.3,59.5,40.2,37.2,70.1,103.0,66.3,43.8,51.3,93.0,100.0,87.3,28254,30.9,22.0,56,44
,medical university of bialystok,poland,,,,,,,,,,,1100.5,30.450000000000003,39.0,11.8,40.0,39.1,29.9,5705,13.1,8.0,77,23
,medical university of gdańsk,poland,,,,,,,,,,,1100.5,30.450000000000003,28.7,10.6,47.9,39.6,43.8,6340,5.4,17.0,73,27
,medical university of graz,austria,,,,,,,,,,,225.5,57.25,32.0,33.5,91.6,94.9,81.9,4027,15.5,29.0,54,46
,medical university of innsbruck,austria,,,,,,,,,,,275.5,54.45,33.2,29.3,89.6,98.6,88.3,3337,12.9,44.0,55,45
,medical university of lodz,poland,,,,,,,,,,,900.5,34.8,27.4,11.0,67.6,39.7,32.3,10237,8.4,9.0,70,30
,medical university of lublin,poland,,,,,,,,,,,1350.5,25.5,30.5,12.3,30.5,36.1,36.8,6884,5.7,16.0,72,28
,medical university of silesia in katowice,poland,,,,,,,,,,,1350.5,25.5,28.1,12.4,31.1,29.0,24.7,10237,7.3,5.0,74,26
,medical university of sofia,bulgaria,,,,,,,,,,,1350.5,25.5,30.8,13.5,27.9,48.8,53.9,10849,5.7,44.0,48,52
,medical university of vienna,austria,,,,,,,,,,,225.5,57.25,40.0,28.7,93.5,94.1,81.7,7271,8.4,30.0,54,46
,medical university of warsaw,poland,,,,,,,,,,,1100.5,30.450000000000003,26.5,13.5,43.6,43.3,31.0,10068,6.4,8.0,71,29
,medizinische hochschule hannover,germany,,,,,,,,,,,,,,,,,,3362,8.3,14.0,67,33
,mehran university of engineering and technology jamshoro pakistan,pakistan,,,,,,,,,,,1100.5,30.450000000000003,17.1,8.1,55.6,16.9,50.0,9704,19.9,0.0,21,79
1100.5,meiji university,japan,,7.4,24.5,4.9,1.7,10.1,5.3,1.5,16.0,1.1,1501.0,16.2,16.3,12.1,13.5,40.8,31.4,32810,34.0,5.0,35,65
,meijo university,japan,,,,,,,,,,,1501.0,16.2,14.5,12.1,11.6,42.8,27.3,15000,30.7,1.0,34,66
,meikai university,japan,,,,,,,,,,,,,,,,,,4605,17.8,16.0,43,57
645.5,memorial university of newfoundland,canada,,7.0,4.6,11.0,28.5,25.3,71.9,36.5,11.8,31.0,550.5,43.599999999999994,27.5,24.5,60.9,83.2,85.7,16318,15.1,23.0,55,45
925.5,mendel university in brno,czech republic,,6.4,8.6,48.8,3.9,10.4,37.1,13.1,8.7,1.3,1350.5,25.5,20.9,19.4,36.8,21.0,55.1,9019,16.3,17.0,57,43
1300.5,mendeleev university of chemical technology,russia,,4.9,3.9,30.5,2.7,1.1,5.7,1.0,7.2,1.0,,,,,,,,,,,,
,mendeleev university of chemical technology,russian federation,,,,,,,,,,,1501.0,16.2,19.6,14.1,14.3,43.4,23.6,7338,14.9,6.0,56,44
,metropolitan autonomous university,mexico,,,,,,,,,,,1350.5,25.5,19.9,23.9,22.8,28.6,29.2,60865,42.1,1.0,50,50
526.0,mgimo university,russia,22.3,11.8,21.3,100.0,1.4,12.7,46.2,1.0,47.6,1.0,,,,,,,,,,,,
1300.5,miami university,united states,,4.2,4.7,6.5,8.7,6.5,6.6,1.2,23.0,4.1,,,,,,,,,,,,
136.0,michigan state university,united states,52.7,59.9,49.4,11.3,58.0,58.6,12.8,95.6,45.5,71.2,116.0,65.4,54.8,52.3,86.2,70.0,71.4,44514,16.1,11.0,52,48
875.5,michigan technological university,united states,,4.4,4.2,26.0,32.1,19.6,9.4,8.3,8.6,3.2,,,,,,,,,,,,
336.0,middle east technical university,turkey,32.2,29.0,63.7,9.0,22.2,11.3,17.4,32.2,24.6,84.8,375.5,50.05,44.2,43.1,53.6,81.9,56.0,16182,21.2,12.0,49,51
,middle east university,jordan,,,,,,,,,,,,,,,,,,3648,20.2,27.0,42,58
,middle technical university,iraq,,,,,,,,,,,1501.0,16.2,9.4,7.5,23.7,16.9,26.8,45510,33.6,0.0,42,58
665.5,middlesex university,united kingdom,,5.6,4.8,8.3,14.3,85.1,99.6,20.6,15.8,8.6,550.5,43.599999999999994,22.8,18.5,80.0,46.8,93.4,15545,18.3,50.0,59,41
,mie university,japan,,,,,,,,,,,1350.5,25.5,26.9,13.9,23.9,61.8,24.8,6983,8.3,3.0,38,62
,miguel hernández university of elche,spain,,,,,,,,,,,1100.5,30.450000000000003,20.4,17.8,43.8,70.7,41.2,12189,16.5,8.0,50,50
,mindanao state university – iligan institute of technology,philippines,,,,,,,,,,,,,,,,,,21015,40.7,0.0,51,49
,ming chi university of technology,taiwan,,,,,,,,,,,1100.5,30.450000000000003,16.4,25.1,43.4,47.1,29.5,4415,18.6,2.0,25,75
,ming chuan university,taiwan,,,,,,,,,,,1501.0,16.2,13.4,12.0,22.6,51.0,38.4,18146,21.6,11.0,61,39
,minhaj university lahore,pakistan,,,,,,,,,,,,,,,,,,2971,10.6,0.0,46,54
,minia university,egypt,,,,,,,,,,,1100.5,30.450000000000003,17.2,9.5,66.0,19.2,49.6,75399,17.7,1.0,54,46
1401.0,mirea - russian technological university,russia,,5.2,4.9,7.5,1.4,1.3,3.4,1.0,7.3,1.0,,,,,,,,,,,,
,mirea - russian technological university,russian federation,,,,,,,,,,,1501.0,16.2,15.0,11.7,8.6,48.1,22.2,26765,21.5,5.0,26,74
,mirpur university of science and technology,pakistan,,,,,,,,,,,1100.5,30.450000000000003,11.5,9.4,60.0,15.8,48.6,8459,23.6,0.0,44,56
,misr university for science and technology,egypt,,,,,,,,,,,,,,,,,,25105,17.6,5.0,49,51
1100.5,mississippi state university,united states,,6.0,5.8,6.7,18.4,15.7,3.2,9.2,10.8,11.7,700.5,39.4,27.3,20.0,58.8,66.2,50.7,21181,14.6,4.0,53,47
480.0,missouri university of science and technology,united states,24.0,4.6,4.8,6.5,85.1,61.1,12.3,2.1,9.6,1.6,450.5,47.2,33.2,28.7,69.6,88.1,72.4,7271,21.6,9.0,24,76
,mizoram university,india,,,,,,,,,,,,,,,,,,3123,8.9,0.0,48,52
,mizzou - university of missouri,united states,,,,,,,,,,,450.5,47.2,40.6,26.0,66.0,69.9,53.6,25993,12.3,3.0,55,45
1300.5,mkh dulaty taraz regional university,kazakhstan,,6.6,2.6,10.8,1.0,,20.5,1.0,9.9,1.0,,,,,,,,,,,,
,mns university of agriculture multan,pakistan,,,,,,,,,,,,,,,,,,4390,31.1,0.0,25,75
,modern university for business and science,lebanon,,,,,,,,,,,,,,,,,,1834,20.5,20.0,54,46
,mohammed v university of rabat,morocco,,,,,,,,,,,1350.5,25.5,29.1,15.0,32.2,37.3,32.1,87462,41.7,3.0,53,47
42.0,monash university,australia,78.2,88.4,75.2,9.6,88.4,100.0,100.0,86.8,61.0,71.8,54.0,75.2,55.3,67.8,94.7,99.7,91.1,58460,43.1,38.0,56,44
,monroe college,united states,,,,,,,,,,,,,,,,,,5068,16.1,14.0,54,46
,montana state university,united states,,,,,,,,,,,900.5,34.8,24.0,20.4,56.3,63.0,38.0,13795,16.3,2.0,49,51
,montanuniversität leoben,austria,,,,,,,,,,,1100.5,30.450000000000003,35.2,13.7,31.6,58.8,77.4,2496,4.2,17.0,26,74
,monterrey institute of technology,mexico,,,,,,,,,,,700.5,39.4,24.0,22.7,61.9,60.1,65.8,16693,14.9,12.0,43,57
,montpellier university,france,,,,,,,,,,,325.5,52.05,38.3,35.6,74.7,68.1,68.5,40734,20.5,15.0,55,45
,morgan state university,united states,,,,,,,,,,,1350.5,25.5,22.8,12.6,29.2,28.7,56.3,6973,14.6,7.0,61,39
,moscow aviation institute,russian federation,,,,,,,,,,,1350.5,25.5,32.9,14.4,26.4,48.6,31.9,15468,12.8,12.0,29,71
1401.0,moscow city university,russia,,6.1,1.6,9.3,1.1,2.9,3.6,1.0,7.6,1.2,,,,,,,,,,,,
415.0,moscow institute of physics and technology,russia,27.0,19.8,19.9,96.0,16.0,31.4,53.1,5.4,15.7,1.2,,,,,,,,,,,,
,moscow institute of physics and technology,russian federation,,,,,,,,,,,225.5,57.25,63.5,48.8,55.1,68.6,72.7,6111,11.6,21.0,,
1300.5,moscow pedagogical state university,russia,,8.3,2.7,7.6,1.4,1.2,25.9,1.0,7.1,1.0,,,,,,,,,,,,
,moscow polytechnic university,russian federation,,,,,,,,,,,1501.0,16.2,17.0,10.3,11.0,19.0,32.3,10148,16.0,13.0,39,61
,moscow power engineering institute,russian federation,,,,,,,,,,,1350.5,25.5,23.6,18.3,20.4,51.4,39.9,14248,20.7,14.0,33,67
,moscow state linguistic university,russian federation,,,,,,,,,,,,,,,,,,5930,6.4,9.0,74,26
,moscow state university of civil engineering,russian federation,,,,,,,,,,,1501.0,16.2,20.3,11.6,25.3,39.6,25.0,12468,13.3,7.0,,
,moscow technical university of communications and informatics,russian federation,,,,,,,,,,,,,,,,,,4398,20.3,6.0,20,80
,moulay ismail university,morocco,,,,,,,,,,,1501.0,16.2,9.6,9.1,40.9,16.5,25.9,80390,71.0,0.0,54,46
,muban chombueng rajabhat university,thailand,,,,,,,,,,,,,,,,,,4450,15.2,0.0,62,38
,muhimbili university of health and allied sciences,tanzania,,,,,,,,,,,1100.5,30.450000000000003,18.0,13.1,55.3,23.5,50.5,4833,14.0,2.0,33,67
,mukogawa women’s university,japan,,,,,,,,,,,,,,,,,,8662,24.8,0.0,100,0
1100.5,multimedia university,malaysia,,8.8,17.6,11.6,5.8,16.3,23.5,1.3,9.1,1.3,1350.5,25.5,19.5,13.0,29.0,62.2,41.2,8893,16.3,9.0,45,55
,mulungushi university,zambia,,,,,,,,,,,,,,,,,,8057,44.5,1.0,45,55
431.0,murdoch university,australia,26.2,7.3,5.3,5.4,53.1,86.3,76.6,40.1,14.2,23.7,375.5,50.05,23.2,29.6,81.4,67.2,94.2,14816,34.0,38.0,62,38
,muroran institute of technology,japan,,,,,,,,,,,1501.0,16.2,21.7,10.6,22.9,33.5,40.0,3364,20.5,6.0,14,86
,musashino university,japan,,,,,,,,,,,,,,,,,,9093,28.5,8.0,58,42
1100.5,mustansiriyah university,iraq,,3.7,5.3,43.7,1.3,33.0,4.0,1.0,9.3,1.0,1501.0,16.2,25.3,8.4,16.0,19.1,32.5,30964,6.5,1.0,52,48
1100.5,mutah university,jordan,,7.6,8.9,10.1,1.7,10.1,43.6,1.0,8.7,1.7,1350.5,25.5,29.7,11.5,27.6,20.9,61.2,11348,15.5,18.0,44,56
1100.5,mykolas romeris university,lithuania,,5.3,9.5,14.3,4.2,12.5,27.8,1.0,21.7,8.4,,,,,,,,,,,,
,m’hamed bougara university of boumerdès,algeria,,,,,,,,,,,1501.0,16.2,15.2,8.1,21.3,16.3,32.7,32215,22.6,1.0,59,41
,nagaoka university of technology,japan,,,,,,,,,,,1350.5,25.5,34.3,16.4,19.9,62.1,43.2,2127,10.2,12.0,12,88
825.5,nagasaki university,japan,,6.9,2.2,84.2,6.2,6.5,4.2,11.8,8.3,2.0,1350.5,25.5,29.4,14.8,28.5,48.4,40.3,8782,6.7,5.0,39,61
,nagoya city university,japan,,,,,,,,,,,1100.5,30.450000000000003,30.4,17.5,32.6,73.2,23.6,4540,7.4,3.0,53,47
1300.5,nagoya institute of technology,japan,,5.9,2.3,6.8,15.3,5.5,4.5,1.2,9.5,1.0,1350.5,25.5,21.5,20.3,23.0,73.2,31.4,5760,16.1,5.0,17,83
176.0,nagoya university,japan,48.5,61.5,65.1,87.5,33.0,15.4,19.1,17.6,16.6,24.1,225.5,57.25,55.3,55.7,54.3,99.5,41.9,15224,13.0,12.0,30,70
,nagoya university of commerce & business,japan,,,,,,,,,,,,,,,,,,3815,32.1,10.0,23,77
,najran university,saudi arabia,,,,,,,,,,,1100.5,30.450000000000003,13.0,9.8,63.4,16.1,76.1,21759,18.2,2.0,62,38
,nakhchivan state university,azerbaijan,,,,,,,,,,,,,,,,,,7652,7.9,20.0,48,52
,nakhon ratchasima rajabhat university,thailand,,,,,,,,,,,,,,,,,,15044,27.8,0.0,68,32
,namal university,pakistan,,,,,,,,,,,,,,,,,,557,15.9,0.0,37,63
,namangan engineering construction institute,uzbekistan,,,,,,,,,,,,,,,,,,7886,20.9,0.0,11,89
,namangan institute of engineering and technology,uzbekistan,,,,,,,,,,,,,,,,,,5094,14.1,0.0,28,72
,namangan state university,uzbekistan,,,,,,,,,,,,,,,,,,24148,25.8,0.0,54,46
785.5,nanjing agricultural university,china (mainland),,5.5,1.9,7.2,58.8,,1.5,6.5,5.3,2.5,,,,,,,,,,,,
,nanjing forestry university,china,,,,,,,,,,,700.5,39.4,22.6,21.2,79.4,28.7,28.0,32345,16.5,1.0,,
,nanjing medical university,china,,,,,,,,,,,900.5,34.8,36.3,16.5,58.1,41.2,25.8,22378,9.3,4.0,,
,nanjing normal university,china,,,,,,,,,,,900.5,34.8,25.1,15.1,66.5,50.7,29.8,32700,13.5,2.0,69,31
1100.5,nanjing normal university,china (mainland),,5.1,1.7,16.6,21.6,,4.6,7.5,6.4,7.1,,,,,,,,,,,,
,nanjing tech university,china,,,,,,,,,,,700.5,39.4,21.8,16.2,69.1,68.1,37.1,38866,13.5,3.0,,
,nanjing university,china,,,,,,,,,,,73.0,70.9,64.0,61.7,85.3,96.8,61.8,36711,16.7,8.0,54,46
141.0,nanjing university,china (mainland),52.1,59.6,25.4,31.3,96.9,55.1,7.3,26.4,23.7,39.0,,,,,,,,,,,,
,nanjing university of aeronautics and astronautics,china,,,,,,,,,,,700.5,39.4,28.2,31.6,50.1,71.4,24.7,33883,15.4,3.0,,
825.5,nanjing university of aeronautics and astronautics,china (mainland),,4.7,2.6,13.1,47.3,5.7,3.2,4.5,5.3,1.5,,,,,,,,,,,,
,nanjing university of information science and technology,china,,,,,,,,,,,900.5,34.8,18.0,18.3,68.6,42.0,42.4,35807,16.8,4.0,,
600.0,nanjing university of science and technology,china (mainland),19.8,5.1,2.2,10.9,82.2,,,3.4,6.2,1.8,,,,,,,,,,,,
,nankai university,china,,,,,,,,,,,275.5,54.45,48.8,31.4,85.3,66.5,49.3,31416,11.7,7.0,,
384.0,nankai university,china (mainland),28.6,21.1,8.6,29.5,73.9,11.2,3.5,8.1,18.9,22.5,,,,,,,,,,,,
,nantes université,france,,,,,,,,,,,550.5,43.599999999999994,29.2,25.2,67.2,64.1,55.0,36654,24.5,9.0,56,44
26.0,nanyang technological university singapore,singapore,84.5,91.0,67.1,77.6,94.4,100.0,80.2,66.1,68.4,78.2,32.0,82.3,66.2,80.9,94.5,99.7,93.3,25895,16.7,27.0,49,51
1401.0,nara institute of science and technology,japan,,5.6,2.3,,,,,1.5,,,,,,,,,,,,,,
,nara women’s university,japan,,,,,,,,,,,1501.0,16.2,24.3,8.7,17.3,22.4,41.4,2592,8.7,5.0,100,0
1300.5,naresuan university,thailand,,6.5,3.3,6.5,2.0,5.9,1.3,1.0,7.9,4.4,1501.0,16.2,15.8,10.5,14.8,28.3,33.1,27234,18.3,1.0,68,32
1300.5,narxoz university,kazakhstan,,8.0,5.0,8.4,1.4,5.3,2.1,1.0,12.4,1.0,,,,,,,,3187,13.0,2.0,59,41
,nasarawa state university keffi,nigeria,,,,,,,,,,,,,,,,,,12885,13.2,13.0,42,58
444.0,national and kapodistrian university of athens,greece,25.8,26.3,31.6,2.0,29.1,9.9,16.2,72.8,28.9,16.1,550.5,43.599999999999994,22.6,23.9,77.3,89.8,56.6,67934,34.0,11.0,59,41
,national autonomous university of mexico,mexico,,,,,,,,,,,900.5,34.8,29.9,30.4,34.4,62.5,58.4,175561,17.1,4.0,52,48
,national aviation university,ukraine,,,,,,,,,,,1501.0,16.2,22.2,8.7,35.2,16.4,23.8,13080,9.8,5.0,39,61
615.5,national central university,taiwan,,21.5,27.1,23.0,17.8,12.9,9.1,2.1,6.5,30.2,1100.5,30.450000000000003,30.8,24.9,29.7,88.8,44.4,11001,9.5,7.0,35,65
,national changhua university of education,taiwan,,,,,,,,,,,1350.5,25.5,22.2,17.8,20.6,74.5,28.8,8459,15.0,8.0,51,49
228.0,national cheng kung university,taiwan,41.8,49.4,75.6,32.9,21.2,23.7,15.7,10.9,30.2,78.2,550.5,43.599999999999994,35.4,39.2,47.2,100.0,40.8,20971,15.9,11.0,37,63
567.0,national chengchi university,taiwan,20.8,19.5,39.0,19.7,2.7,27.1,23.5,1.0,81.0,1.9,1100.5,30.450000000000003,27.6,27.8,24.8,60.6,48.8,12329,14.9,12.0,56,44
,national chi nan university,taiwan,,,,,,,,,,,1501.0,16.2,20.0,18.4,13.3,72.1,32.1,5853,14.7,9.0,53,47
,national chiayi university,taiwan,,,,,,,,,,,1501.0,16.2,14.4,14.1,21.0,56.7,21.8,11251,22.5,3.0,49,51
,national chin-yi university of technology,taiwan,,,,,,,,,,,1350.5,25.5,13.9,25.1,27.4,42.1,28.7,7618,22.7,6.0,30,70
925.5,national chung cheng university,taiwan,,13.0,26.2,18.2,5.2,4.5,3.9,1.1,4.2,8.3,1350.5,25.5,23.5,22.2,25.0,72.9,26.5,8748,15.6,4.0,44,56
665.5,national chung hsing university,taiwan,,20.2,24.1,27.6,11.8,7.9,5.6,2.2,20.4,20.1,1100.5,30.450000000000003,23.8,25.2,33.8,78.8,32.5,14394,15.5,6.0,42,58
1300.5,national dong hwa university,taiwan,,6.3,2.3,6.5,6.4,3.2,10.2,1.0,7.6,2.3,1350.5,25.5,19.1,23.8,26.3,33.5,48.6,9970,18.6,9.0,52,48
,national film and television school,united kingdom,,,,,,,,,,,,,,,,,,400,7.3,41.0,50,50
,national formosa university,taiwan,,,,,,,,,,,1501.0,16.2,14.1,11.7,8.4,38.7,18.5,11134,19.5,1.0,22,78
,national ilan university,taiwan,,,,,,,,,,,1501.0,16.2,13.9,14.6,23.1,37.1,32.3,5637,23.8,2.0,36,64
,national institute of applied sciences of lyon,france,,,,,,,,,,,700.5,39.4,37.2,27.0,38.3,93.8,75.1,6130,18.7,29.0,36,64
,national institute of technology rourkela,india,,,,,,,,,,,700.5,39.4,30.6,20.2,64.7,29.9,23.1,7661,20.6,4.0,22,78
,national institute of technology silchar,india,,,,,,,,,,,700.5,39.4,32.4,19.5,71.7,18.4,20.5,4704,16.3,2.0,20,80
,national institute of technology srinagar,india,,,,,,,,,,,1350.5,25.5,23.1,10.7,45.7,16.7,19.8,3820,15.9,0.0,0,100
785.5,national institute of technology tiruchirappalli,india,,3.7,2.7,11.8,58.9,,2.1,1.5,7.7,1.1,900.5,34.8,33.8,17.1,60.2,27.1,21.2,7462,20.4,2.0,24,76
,national institute of technology warangal,india,,,,,,,,,,,1100.5,30.450000000000003,25.1,13.6,50.8,18.4,24.1,6643,19.8,5.0,21,79
,national kaohsiung university of science and technology,taiwan,,,,,,,,,,,1350.5,25.5,15.2,20.3,35.0,61.6,26.8,28128,33.1,3.0,39,61
,national polytechnic university of armenia,armenia,,,,,,,,,,,,,,,,,,5583,7.3,2.0,27,73
461.0,national research nuclear university mephi,russia,24.9,10.2,10.1,99.0,10.9,54.1,90.7,2.0,18.0,1.2,,,,,,,,,,,,
,national research nuclear university mephi,russian federation,,,,,,,,,,,450.5,47.2,53.1,41.0,42.4,57.5,78.8,4993,9.2,28.0,39,61
875.5,national research saratov state university,russia,,5.2,2.5,95.8,1.7,3.2,18.2,1.2,4.7,1.0,,,,,,,,,,,,
,national research saratov state university,russian federation,,,,,,,,,,,1501.0,16.2,26.8,16.1,17.6,39.1,38.0,9664,9.3,11.0,58,42
586.0,national research tomsk polytechnic university,russia,20.2,9.7,7.5,93.9,4.0,8.1,76.6,21.3,8.1,8.3,,,,,,,,,,,,
1300.5,national research university moscow power engineering institute,russia,,5.8,3.5,11.7,2.0,7.9,45.0,1.1,7.8,1.4,,,,,,,,,,,,
,national research university of electronic technology,russian federation,,,,,,,,,,,1350.5,25.5,43.8,14.9,10.7,50.2,25.5,5032,9.5,7.0,25,75
,national school of artificial intelligence,algeria,,,,,,,,,,,,,,,,,,200,12.5,0.0,66,34
505.0,national sun yat-sen university,taiwan,23.0,26.5,24.4,29.5,25.2,23.8,10.3,2.5,12.1,20.9,700.5,39.4,28.2,33.7,43.8,79.1,47.2,8497,12.6,9.0,42,58
,national taichung university of science and technology,taiwan,,,,,,,,,,,1501.0,16.2,18.2,11.5,27.5,24.1,20.6,16191,12.3,1.0,69,31
1300.5,national taipei university,taiwan,,7.5,4.5,8.2,3.2,2.7,5.2,1.0,16.1,3.1,1501.0,16.2,20.6,15.1,22.4,23.3,30.5,8386,15.7,6.0,55,45
431.0,national taipei university of technology,taiwan,26.2,15.0,57.7,27.0,34.3,21.1,18.2,1.3,17.3,12.6,900.5,34.8,27.3,25.0,35.8,94.1,41.6,9868,15.6,10.0,28,72
431.0,national taiwan normal university,taiwan,26.2,34.5,20.8,65.4,5.9,14.5,26.7,1.5,14.7,43.2,550.5,43.599999999999994,35.0,32.0,51.4,92.7,50.4,10878,12.3,12.0,,
1300.5,national taiwan ocean university,taiwan,,5.7,3.2,11.6,10.1,5.6,7.7,1.1,8.6,5.6,1350.5,25.5,19.7,25.0,30.2,63.0,34.7,8244,16.2,8.0,32,68
69.0,national taiwan university,taiwan,67.9,92.8,91.3,30.9,47.0,17.7,20.0,33.2,99.7,95.6,152.0,61.9,57.3,54.8,70.8,99.9,51.2,24744,11.1,13.0,41,59
387.0,national taiwan university of science and technology,taiwan,28.3,27.1,37.8,43.6,27.0,17.5,31.1,1.9,18.5,26.6,450.5,47.2,33.2,36.9,63.8,93.2,56.4,9221,18.5,19.0,30,70
925.5,"national technical university ""kharkiv polytechnic institute""",ukraine,,6.6,12.1,63.3,1.3,1.8,24.0,1.0,10.2,,,,,,,,,,,,,
,national technical university kharkiv polytechnic institute,ukraine,,,,,,,,,,,1350.5,25.5,24.8,9.0,14.9,17.5,33.6,11055,7.9,14.0,31,69
347.0,national technical university of athens,greece,31.4,20.5,42.7,4.7,72.3,1.3,4.3,32.0,31.8,7.8,700.5,39.4,26.3,23.0,59.1,59.7,38.1,13532,20.3,6.0,37,63
735.5,"national technical university of ukraine ""igor sikorsky kyiv polytechnic institute""",ukraine,,16.1,33.7,47.0,1.5,1.1,2.5,1.4,18.9,1.4,,,,,,,,,,,,
,national technical university of ukraine – igor sikorsky kyiv polytechnic institute,ukraine,,,,,,,,,,,1350.5,25.5,26.5,9.9,16.0,22.2,22.4,21170,8.0,3.0,30,70
,national textile university,pakistan,,,,,,,,,,,,,,,,,,3766,18.8,0.0,29,71
,national transport university,ukraine,,,,,,,,,,,,,,,,,,6220,10.2,3.0,28,72
233.0,national tsing hua university,taiwan,41.3,53.1,67.7,28.3,38.3,16.8,20.1,6.7,15.9,30.5,450.5,47.2,38.9,42.3,58.4,99.5,46.2,13979,16.2,12.0,42,58
,national united university,taiwan,,,,,,,,,,,1501.0,16.2,13.5,11.7,15.7,41.8,20.5,7415,20.6,1.0,32,68
,national university odessa law academy,ukraine,,,,,,,,,,,,,,,,,,11600,18.6,1.0,65,35
,national university of colombia,colombia,,,,,,,,,,,1350.5,25.5,19.7,13.6,37.1,36.9,41.1,56586,22.0,1.0,40,60
,national university of computer and emerging sciences,pakistan,,,,,,,,,,,1100.5,30.450000000000003,12.5,8.9,60.2,19.0,52.9,15188,24.0,3.0,24,76
,national university of costa rica,costa rica,,,,,,,,,,,1501.0,16.2,21.0,10.0,11.8,21.9,45.0,20913,11.0,3.0,56,44
,national university of córdoba,argentina,,,,,,,,,,,1501.0,16.2,18.0,10.3,20.0,19.4,37.1,174780,16.9,1.0,65,35
,national university of distance education,spain,,,,,,,,,,,1350.5,25.5,24.9,18.9,37.8,35.8,31.0,80478,67.5,4.0,55,45
,national university of food technologies,ukraine,,,,,,,,,,,,,,,,,,5361,10.1,0.0,,
,national university of kaohsiung,taiwan,,,,,,,,,,,1501.0,16.2,13.3,16.0,12.1,28.9,30.4,5916,25.0,4.0,41,59
1100.5,national university of kyiv-mohyla academy,ukraine,,5.2,11.6,39.9,1.2,2.2,1.4,1.0,12.7,1.3,,,,,,,,,,,,
1300.5,national university of life and environmental sciences of ukraine,ukraine,,5.7,4.4,17.2,1.4,1.2,1.2,1.1,9.8,1.1,1501.0,16.2,20.3,8.9,30.1,25.3,25.7,17628,15.2,1.0,45,55
,national university of medical sciences,pakistan,,,,,,,,,,,1501.0,16.2,23.1,9.5,9.2,16.2,28.4,8693,4.6,3.0,57,43
1300.5,national university of modern languages islamabad,pakistan,,6.6,7.2,5.3,1.4,4.8,1.3,1.0,7.8,,,,,,,,,,,,,
,national university of quilmes,argentina,,,,,,,,,,,,,,,,,,42123,32.4,2.0,56,44
,national university of san martín,argentina,,,,,,,,,,,1501.0,16.2,19.2,10.7,26.9,24.6,45.4,16591,16.3,5.0,60,40
,national university of science and technology,russian federation,,,,,,,,,,,700.5,39.4,39.1,27.1,43.2,64.1,65.6,7198,12.0,21.0,40,60
,national university of science and technology oman,oman,,,,,,,,,,,,,,,,,,5230,18.2,10.0,58,42
,national university of sciences and technology,pakistan,,,,,,,,,,,700.5,39.4,25.1,19.4,71.2,34.9,55.1,12212,9.3,5.0,34,66
367.0,national university of sciences and technology islamabad,pakistan,30.2,18.9,72.7,77.4,11.7,2.6,3.9,23.5,9.0,30.7,,,,,,,,,,,,
8.0,national university of singapore,singapore,92.7,99.4,88.6,76.5,93.2,100.0,81.9,76.3,100.0,88.1,19.0,90.0,78.8,94.0,95.4,100.0,91.1,33334,20.0,24.0,49,51
,national university of uzbekistan named after mirzo ulugbek,uzbekistan,,,,,,,,,,,,,,,,,,18241,13.2,2.0,56,44
,national university of water and environmental engineering,ukraine,,,,,,,,,,,,,,,,,,6356,16.1,2.0,33,67
,national university sudan,sudan,,,,,,,,,,,,,,,,,,6323,15.1,5.0,51,49
,national university “yuri kondratyuk poltava polytechnic”,ukraine,,,,,,,,,,,,,,,,,,5356,8.7,9.0,53,47
217.0,national yang ming chiao tung university,taiwan,43.3,33.3,67.9,53.9,52.1,19.0,18.5,4.4,44.6,54.3,450.5,47.2,44.0,44.3,52.9,99.9,41.4,16944,14.6,9.0,36,64
,national yunlin university of science and technology,taiwan,,,,,,,,,,,550.5,43.599999999999994,20.5,27.3,74.6,69.1,43.2,9151,21.5,6.0,43,57
,navoi state pedagogical institute,uzbekistan,,,,,,,,,,,,,,,,,,10178,26.4,0.0,61,39
,nazarbayev university,kazakhstan,,,,,,,,,,,550.5,43.599999999999994,25.4,29.5,65.9,40.4,74.3,5847,13.9,3.0,52,48
,near east university,northern cyprus,,,,,,,,,,,700.5,39.4,25.9,18.8,66.6,49.9,86.8,23137,29.2,86.0,45,55
,necmettin erbakan university,turkey,,,,,,,,,,,1100.5,30.450000000000003,37.2,14.1,39.0,21.4,38.7,18828,12.8,13.0,52,48
,ned university of engineering and technology,pakistan,,,,,,,,,,,1501.0,16.2,12.7,13.1,19.8,26.3,49.9,12878,24.0,0.0,37,63
,netaji subhas university of technology,india,,,,,,,,,,,,,,,,,,6676,14.6,3.0,14,86
645.5,new jersey institute of technology,united states,,3.9,6.1,14.0,27.5,84.5,69.9,1.9,9.9,20.5,450.5,47.2,27.4,23.5,69.2,69.8,93.6,9981,14.5,24.0,27,73
,new mexico state university,united states,,,,,,,,,,,900.5,34.8,25.8,22.1,49.8,62.9,45.6,12305,16.0,6.0,58,42
38.0,new york university,united states,79.5,95.9,98.5,95.5,26.7,26.4,95.0,85.4,99.7,98.3,27.0,83.5,73.2,84.0,94.9,75.4,80.7,48461,11.8,42.0,58,42
110.0,newcastle university,united kingdom,58.6,48.0,74.5,35.6,50.2,90.0,70.9,96.1,24.1,98.8,168.0,60.8,37.2,41.1,93.8,72.1,91.3,25650,14.8,26.0,53,47
925.5,nicolaus copernicus university,poland,,7.5,3.0,48.7,4.8,3.4,4.8,51.1,8.2,2.0,,,,,,,,,,,,
,nicolaus copernicus university in toruń,poland,,,,,,,,,,,1100.5,30.450000000000003,23.8,21.1,38.0,30.8,33.6,18122,12.0,5.0,67,33
,niger delta university,nigeria,,,,,,,,,,,,,,,,,,19323,23.4,0.0,44,56
,nihon pharmaceutical university,japan,,,,,,,,,,,,,,,,,,1556,17.7,4.0,50,50
875.5,niigata university,japan,,4.9,3.3,88.1,4.6,4.2,3.3,1.2,9.2,3.0,1100.5,30.450000000000003,30.6,15.0,41.8,49.7,29.0,11942,7.2,3.0,37,63
,niigata university of health and welfare,japan,,,,,,,,,,,,,,,,,,4577,17.3,1.0,51,49
,nile university,egypt,,,,,,,,,,,1100.5,30.450000000000003,17.3,13.3,59.7,42.4,31.6,3424,14.4,2.0,32,68
,ninevah university,iraq,,,,,,,,,,,,,,,,,,4517,14.6,0.0,42,58
,nippon medical school,japan,,,,,,,,,,,1100.5,30.450000000000003,28.5,10.7,57.1,50.3,20.5,939,0.9,0.0,37,63
,nitte,india,,,,,,,,,,,,,,,,,,4551,8.1,1.0,66,34
,nizhny novgorod state technical university,russian federation,,,,,,,,,,,1501.0,16.2,17.6,9.7,10.7,39.6,23.6,7931,14.7,4.0,25,75
,niğde ömer halisdemir university,turkey,,,,,,,,,,,1501.0,16.2,13.5,9.4,24.5,19.2,27.7,14088,20.1,5.0,80,20
975.5,njsc kimep university,kazakhstan,,5.9,11.9,17.7,3.5,75.2,19.8,1.0,14.8,1.2,,,,,,,,,,,,
,nnamdi azikiwe university,nigeria,,,,,,,,,,,1501.0,16.2,18.3,8.7,23.8,16.0,32.3,33856,15.9,0.0,46,54
274.0,north carolina state university,united states,37.2,27.8,25.0,8.9,67.3,63.0,15.3,49.6,20.8,64.5,275.5,54.45,46.0,41.4,73.3,79.1,61.8,31391,15.9,11.0,49,51
,north china electric power university,china,,,,,,,,,,,900.5,34.8,22.0,23.1,51.4,60.1,22.4,36736,18.6,3.0,38,62
875.5,north south university,bangladesh,,12.1,48.4,5.6,2.3,12.2,2.4,1.1,13.3,1.1,900.5,34.8,12.9,10.0,76.1,15.8,43.3,18681,21.3,0.0,42,58
,north-caucasus federal university,russian federation,,,,,,,,,,,1501.0,16.2,27.8,9.0,9.1,17.4,33.3,18917,8.0,11.0,51,49
,north-eastern federal university,russian federation,,,,,,,,,,,1501.0,16.2,24.7,10.1,11.2,17.5,26.5,12179,12.2,4.0,55,45
825.5,north-west university,south africa,,7.1,9.1,5.2,13.0,5.8,2.4,88.2,12.7,49.7,700.5,39.4,22.7,18.7,64.3,48.0,56.6,39684,25.5,3.0,61,39
,north-western state medical university named after ii mechnikov,russian federation,,,,,,,,,,,1501.0,16.2,26.0,9.8,7.7,17.1,29.7,6539,5.4,11.0,68,32
,northeast normal university,china,,,,,,,,,,,900.5,34.8,28.2,15.6,60.9,45.5,31.1,30591,18.6,3.0,70,30
,northeast ohio medical university,united states,,,,,,,,,,,,,,,,,,989,10.4,0.0,55,45
375.0,northeastern university,united states,29.5,19.4,9.5,19.1,24.2,60.2,94.3,33.2,35.4,87.3,,,,,,,,,,,,
,northeastern university china,china,,,,,,,,,,,700.5,39.4,31.5,28.1,57.8,73.7,46.7,39996,13.2,3.0,,
,northeastern university us,united states,,,,,,,,,,,225.5,57.25,40.2,33.6,93.3,68.9,83.3,22269,14.1,32.0,49,51
1100.5,northern arizona university,united states,,6.5,6.0,4.8,12.2,2.8,2.4,7.4,9.1,12.4,,,,,,,,,,,,
,northern border university,saudi arabia,,,,,,,,,,,,,,,,,,14875,11.5,2.0,65,35
925.5,northern borders university,saudi arabia,,10.4,3.7,21.9,2.0,98.2,5.2,1.0,8.2,1.0,,,,,,,,,,,,
,northern federal university named after mv lomonosov,russian federation,,,,,,,,,,,1501.0,16.2,20.3,11.1,7.7,19.7,31.9,8341,14.9,9.0,48,52
,northern illinois university,united states,,,,,,,,,,,700.5,39.4,26.3,15.9,60.0,60.4,62.8,13248,14.3,6.0,54,46
,northern technical university,iraq,,,,,,,,,,,,,,,,,,24000,30.9,0.0,47,53
,northumbria university,united kingdom,,,,,,,,,,,550.5,43.599999999999994,21.5,22.7,75.8,40.4,90.0,23815,16.1,22.0,54,46
548.0,northumbria university at newcastle,united kingdom,21.4,10.5,15.9,10.7,16.0,67.2,72.3,49.8,16.0,29.1,,,,,,,,,,,,
975.5,northwest agriculture and forestry university,china (mainland),,4.7,1.4,30.0,28.9,,1.4,5.5,5.6,2.3,,,,,,,,,,,,
,northwest university,china,,,,,,,,,,,1100.5,30.450000000000003,24.4,15.3,51.5,35.3,25.0,26059,13.3,1.0,52,48
1100.5,northwest university,china (mainland),,4.7,1.5,50.9,14.3,3.8,2.8,3.0,5.9,2.7,,,,,,,,,,,,
,northwestern polytechnical university,china,,,,,,,,,,,325.5,52.05,37.4,40.6,74.7,86.7,48.4,36797,14.5,4.0,25,75
625.5,northwestern polytechnical university,china (mainland),,5.9,2.5,46.0,53.6,13.9,4.8,6.1,10.1,3.2,,,,,,,,,,,,
47.0,northwestern university,united states,76.2,83.8,60.2,98.9,70.3,48.2,44.2,79.2,97.7,78.0,28.0,83.2,72.3,78.8,97.8,99.7,75.9,18894,13.1,18.0,52,48
1300.5,norwegian university of life sciences,norway,,5.9,3.7,,,,,41.5,,,700.5,39.4,32.1,14.7,64.0,36.5,70.8,7275,8.2,12.0,61,39
292.0,norwegian university of science and technology,norway,35.7,34.0,19.4,23.6,27.5,76.1,10.3,88.9,51.0,65.7,325.5,52.05,36.0,38.4,74.7,67.8,66.2,37865,15.0,9.0,49,51
,norwich university of the arts,united kingdom,,,,,,,,,,,,,,,,,,2490,15.6,12.0,61,39
,nosov magnitogorsk state technical university,russian federation,,,,,,,,,,,1501.0,16.2,18.0,9.8,10.0,17.7,21.0,7523,13.4,4.0,49,51
925.5,notre dame university-louaize ndu,lebanon,,4.5,13.8,24.9,2.6,84.2,21.9,1.0,8.0,1.0,,,,,,,,,,,,
595.0,nottingham trent university,united kingdom,19.9,10.6,20.5,10.2,5.2,56.9,61.0,52.1,13.8,50.6,550.5,43.599999999999994,20.7,14.3,84.6,37.3,88.5,32545,15.4,21.0,55,45
1300.5,nova southeastern university,united states,,2.9,3.3,14.0,3.1,4.4,3.9,1.1,10.2,,900.5,34.8,39.1,12.2,50.1,38.9,34.4,17973,16.5,4.0,71,29
,nova university of lisbon,portugal,,,,,,,,,,,550.5,43.599999999999994,29.5,33.7,61.5,71.5,62.0,22140,17.8,20.0,51,49
1100.5,novosibirsk state technical university,russia,,6.8,5.9,29.1,1.8,1.4,44.6,1.0,9.9,1.3,,,,,,,,,,,,
,novosibirsk state technical university,russian federation,,,,,,,,,,,1501.0,16.2,20.2,12.4,12.8,23.2,36.1,12615,14.6,17.0,40,60
421.0,novosibirsk state university,russia,26.7,27.5,14.4,93.5,12.6,6.7,56.3,5.3,12.9,6.8,,,,,,,,,,,,
,novosibirsk state university,russian federation,,,,,,,,,,,700.5,39.4,42.2,36.6,31.6,40.7,51.9,7264,6.6,20.0,,
,novosibirsk state university of economics and management,russian federation,,,,,,,,,,,,,,,,,,4093,8.3,18.0,68,32
,nueva ecija university of science and technology,philippines,,,,,,,,,,,,,,,,,,29516,60.0,1.0,56,44
,nueva granada military university,colombia,,,,,,,,,,,1501.0,16.2,21.5,8.0,5.3,15.7,27.7,18426,9.7,0.0,46,54
,oakland university,united states,,,,,,,,,,,1100.5,30.450000000000003,25.5,15.9,44.5,47.7,39.4,15046,17.6,4.0,58,42
,obafemi awolowo university,nigeria,,,,,,,,,,,1501.0,16.2,15.3,12.3,32.0,19.0,37.9,29679,22.5,0.0,45,55
925.5,ocean university of china,china (mainland),,5.5,1.9,9.9,40.5,3.3,2.0,9.4,5.9,4.9,,,,,,,,,,,,
,ochanomizu university,japan,,,,,,,,,,,1350.5,25.5,33.2,16.5,19.7,36.5,38.2,2678,14.5,6.0,100,0
,october 6 university,egypt,,,,,,,,,,,,,,,,,,23151,11.9,4.0,48,52
,october university for modern sciences and arts,egypt,,,,,,,,,,,,,,,,,,11705,9.8,1.0,50,50
,odesa ii mechnikov national university,ukraine,,,,,,,,,,,,,,,,,,5198,7.2,3.0,71,29
1100.5,odessa ii mechnikov national university,ukraine,,4.1,2.6,47.7,1.3,1.8,3.6,1.0,10.5,1.0,,,,,,,,,,,,
,ogarev mordovia state university,russian federation,,,,,,,,,,,1501.0,16.2,20.2,9.2,5.8,17.2,37.2,11795,11.6,17.0,49,51
,oguz han engineering and technology university of turkmenistan,turkmenistan,,,,,,,,,,,,,,,,,,3057,14.1,0.0,54,46
,ohio state university,united states,,,,,,,,,,,99.0,66.7,55.8,52.7,88.4,85.0,67.3,55538,11.4,11.0,51,49
1100.5,ohio university,united states,,8.5,9.3,5.5,14.3,5.5,3.9,15.1,15.5,3.9,700.5,39.4,30.6,20.1,61.2,54.7,37.2,20948,19.9,4.0,58,42
,oita university,japan,,,,,,,,,,,1501.0,16.2,25.8,11.0,20.0,35.3,22.9,5381,8.5,2.0,38,62
925.5,okayama university,japan,,8.9,3.9,62.1,8.4,5.6,6.3,3.6,8.2,1.6,900.5,34.8,34.6,21.5,36.4,84.9,37.2,13027,10.0,7.0,40,60
875.5,oklahoma state university,united states,,8.4,9.7,10.7,15.1,37.3,4.3,23.4,16.6,20.9,700.5,39.4,34.1,20.9,60.8,65.8,56.0,21239,14.1,5.0,52,48
,old dominion university,united states,,,,,,,,,,,700.5,39.4,26.1,20.4,61.2,64.0,38.1,18725,18.2,2.0,57,43
,oles honchar dnipro national university,ukraine,,,,,,,,,,,1350.5,25.5,25.1,9.0,7.4,18.9,21.5,7478,10.1,2.0,56,44
,omsk state agrarian university,russian federation,,,,,,,,,,,,,,,,,,6548,20.3,11.0,55,45
,omsk state technical university,russian federation,,,,,,,,,,,1501.0,16.2,18.4,8.4,7.3,20.0,31.1,12150,14.0,13.0,33,67
,ondokuz mayis university,turkey,,,,,,,,,,,1501.0,16.2,19.0,11.4,22.2,26.8,36.1,38149,18.3,14.0,44,56
,ontario tech university,canada,,,,,,,,,,,700.5,39.4,18.8,25.0,63.5,51.9,63.2,9449,30.1,8.0,43,57
975.5,op jindal global university,india,,6.6,13.1,51.1,1.5,25.1,1.2,1.0,8.7,1.5,,,,,,,,7583,9.1,0.0,48,52
,open christian university,south africa,,,,,,,,,,,,,,,,,,123,1.6,88.0,16,84
,open university of catalonia,spain,,,,,,,,,,,700.5,39.4,18.4,18.2,75.9,29.7,51.0,33296,96.5,6.0,56,44
,opole university of technology,poland,,,,,,,,,,,1350.5,25.5,18.5,13.8,37.3,18.5,36.1,5096,13.7,6.0,32,68
,oran 1 university,algeria,,,,,,,,,,,1501.0,16.2,30.7,9.0,13.2,17.8,39.7,25443,21.9,1.0,70,30
,oran graduate school of economics,algeria,,,,,,,,,,,,,,,,,,967,13.2,0.0,57,43
,ordu university,turkey,,,,,,,,,,,1501.0,16.2,14.0,10.3,19.6,16.7,17.9,11050,18.7,0.0,52,48
,oregon health and science university,united states,,,,,,,,,,,325.5,52.05,39.1,21.3,91.7,86.8,34.6,2984,0.9,3.0,68,32
505.0,oregon state university,united states,23.0,15.7,4.6,18.9,41.1,17.0,9.6,58.2,14.1,53.1,,,,,,,,,,,,
,orel state agrarian university named after nv parahin,russian federation,,,,,,,,,,,,,,,,,,1773,10.4,20.0,42,58
,orel state university named after is turgenev,russian federation,,,,,,,,,,,,,,,,,,11703,14.9,13.0,54,46
,ort uruguay university,uruguay,,,,,,,,,,,,,,,,,,4560,6.7,3.0,46,54
,osaka institute of technology,japan,,,,,,,,,,,1501.0,16.2,14.8,15.3,20.6,37.3,26.2,7407,35.4,1.0,14,86
,osaka medical and pharmaceutical university,japan,,,,,,,,,,,1501.0,16.2,27.7,12.6,23.7,44.4,18.7,3132,5.5,1.0,59,41
,osaka metropolitan university,japan,,,,,,,,,,,1350.5,25.5,29.1,18.7,29.8,79.5,26.6,15734,11.5,4.0,37,63
80.0,osaka university,japan,63.9,81.3,89.1,55.3,62.7,28.6,13.2,26.7,23.4,58.6,175.0,60.4,62.5,65.7,50.5,100.0,51.0,22274,10.4,10.0,32,68
1300.5,osmania university,india,,4.7,3.5,3.5,17.5,,5.9,1.0,7.5,1.0,1350.5,25.5,33.9,16.3,31.1,27.7,21.4,10520,25.7,3.0,36,64
,osol al-deen university college,iraq,,,,,,,,,,,,,,,,,,3397,28.8,0.0,54,46
,ostrogradsky national university of kremenchuk,ukraine,,,,,,,,,,,,,,,,,,3479,12.5,1.0,47,53
,otto von guericke university of magdeburg,germany,,,,,,,,,,,700.5,39.4,33.4,18.0,54.4,51.4,74.5,13562,11.2,26.0,42,58
,ovidius university of constanța,romania,,,,,,,,,,,1501.0,16.2,19.4,9.2,9.6,15.9,27.0,17355,12.5,7.0,61,39
413.0,oxford brookes university,united kingdom,27.1,28.9,29.7,13.8,8.4,68.8,70.3,27.1,18.4,34.3,700.5,39.4,25.1,21.1,62.5,29.1,87.9,13860,14.0,25.0,58,42
,ozyegin university,turkey,,,,,,,,,,,900.5,34.8,16.3,23.9,53.5,58.0,57.7,6181,26.7,8.0,44,56
,pablo de olavide university,spain,,,,,,,,,,,900.5,34.8,23.8,17.5,58.5,66.9,47.8,11069,12.2,11.0,59,41
645.5,pakistan institute of engineering and applied sciences,pakistan,,5.5,9.5,76.6,34.4,,1.0,1.1,10.9,1.0,,,,,,,,,,,,
635.5,palacký university olomouc,czech republic,,15.0,17.9,29.6,8.6,33.3,19.5,54.0,9.5,23.7,900.5,34.8,23.4,23.9,49.8,36.8,61.8,19474,15.2,14.0,68,32
,palestine polytechnic university,palestine,,,,,,,,,,,,,,,,,,4900,16.6,2.0,58,42
,palestine technical university – kadoorie,palestine,,,,,,,,,,,,,,,,,,6987,18.8,4.0,59,41
,pamukkale university,turkey,,,,,,,,,,,1501.0,16.2,15.2,9.5,16.7,18.5,20.4,33761,22.0,3.0,44,56
1100.5,panjab university,india,,6.7,5.9,5.6,21.0,,1.8,1.9,29.8,2.2,700.5,39.4,32.6,16.2,67.9,39.2,23.5,19695,18.6,1.0,51,49
,panteion university of social and political sciences,greece,,,,,,,,,,,,,,,,,,13434,67.8,2.0,50,50
,panthéon-assas university,france,,,,,,,,,,,,,,,,,,21264,77.9,12.0,64,36
,panthéon-sorbonne university – paris 1,france,,,,,,,,,,,900.5,34.8,33.9,31.8,36.6,27.3,67.7,36995,29.8,20.0,62,38
685.5,paris lodron university of salzburg,austria,,9.4,2.3,13.0,8.0,95.1,97.5,13.3,12.0,6.3,,,,,,,,,,,,
,paris lodron universität salzburg,austria,,,,,,,,,,,700.5,39.4,31.6,23.4,55.0,45.8,93.4,6307,10.0,35.0,67,33
,paris nanterre university,france,,,,,,,,,,,1350.5,25.5,20.9,16.8,27.9,42.9,66.7,35218,23.4,16.0,64,36
,paris sciences et lettres – psl research university paris,france,,,,,,,,,,,40.0,78.5,75.7,72.8,83.2,99.7,81.6,16120,15.0,22.0,51,49
,parthenope university of naples,italy,,,,,,,,,,,700.5,39.4,18.5,22.6,78.2,25.6,32.2,11126,32.4,1.0,42,58
1100.5,paul valéry university montpellier,france,,12.2,2.7,2.9,4.6,5.4,34.8,6.6,6.4,2.4,,,,,,,,,,,,
,pavlo tychyna uman state pedagogical university,ukraine,,,,,,,,,,,,,,,,,,7804,14.5,3.0,32,68
,pavlov first saint petersburg state medical university,russian federation,,,,,,,,,,,1501.0,16.2,29.4,10.7,12.5,25.3,34.4,5462,7.0,14.0,75,25
875.5,pavol jozef šafárik university in košice,slovakia,,5.1,3.6,55.5,3.6,2.0,63.8,3.3,13.0,1.3,1350.5,25.5,40.7,10.2,17.1,24.9,62.1,7060,10.3,24.0,67,33
,payame noor university,iran,,,,,,,,,,,1501.0,16.2,12.9,9.1,26.1,19.6,21.3,428888,120.3,1.0,60,40
,pedagogical and technological university of colombia,colombia,,,,,,,,,,,1501.0,16.2,19.3,7.7,5.2,16.0,35.5,33268,16.0,0.0,54,46
,peking university,china,,,,,,,,,,,14.0,91.8,95.6,97.3,87.2,98.8,70.2,33064,10.9,14.0,,
17.0,peking university,china (mainland),87.0,99.4,95.4,90.4,97.5,50.8,23.5,43.2,82.6,68.8,,,,,,,,,,,,
,penn state,united states,,,,,,,,,,,122.0,65.0,53.1,58.7,83.7,70.4,58.4,45875,14.2,15.0,48,52
83.0,pennsylvania state university,united states,63.1,77.5,63.0,28.4,62.9,23.4,26.8,96.6,47.5,95.1,,,,,,,,,,,,
,penza state university,russian federation,,,,,,,,,,,1501.0,16.2,14.3,8.7,7.8,16.3,32.8,17934,17.2,12.0,56,44
,perm national research polytechnic university,russian federation,,,,,,,,,,,1501.0,16.2,23.7,13.4,9.9,50.0,28.4,8719,10.2,9.0,37,63
1300.5,perm state national research university,russia,,5.0,1.7,41.1,1.5,1.4,5.8,1.0,7.7,2.5,,,,,,,,,,,,
,perm state university,russian federation,,,,,,,,,,,1501.0,16.2,21.2,12.5,8.2,24.6,23.7,9845,12.0,5.0,59,41
,persian gulf university,iran,,,,,,,,,,,1350.5,25.5,17.8,14.1,45.5,28.8,38.2,5499,23.1,5.0,55,45
534.0,peter the great st petersburg polytechnic university,russia,22.0,16.7,9.0,77.6,3.0,15.0,87.6,21.9,4.3,18.2,,,,,,,,,,,,
,peter the great st petersburg polytechnic university,russian federation,,,,,,,,,,,375.5,50.05,43.4,31.3,67.4,61.6,65.2,16400,10.0,33.0,42,58
,petre shotadze tbilisi medical academy,georgia,,,,,,,,,,,,,,,,,,916,16.4,64.0,31,69
,petro mohyla black sea national university,ukraine,,,,,,,,,,,,,,,,,,3200,10.2,10.0,58,42
,petroleum university of technology,iran,,,,,,,,,,,,,,,,,,1820,35.0,0.0,19,81
,pharos university,egypt,,,,,,,,,,,,,,,,,,11859,29.1,1.0,53,47
,philadelphia university,jordan,,,,,,,,,,,,,,,,,,3252,16.4,33.0,44,56
765.5,philipps-universität marburg,germany,,14.0,7.5,5.5,31.1,16.8,22.6,16.2,9.1,6.1,,,,,,,,,,,,
,pirogov russian national research medical university,russian federation,,,,,,,,,,,1350.5,25.5,44.2,13.3,14.5,28.1,22.6,9613,6.9,4.0,,
,plateau state university bokkos,nigeria,,,,,,,,,,,,,,,,,,2484,11.4,0.0,36,64
,platov south-russian state polytechnic university,russian federation,,,,,,,,,,,,,,,,,,6861,10.1,9.0,20,80
795.5,plekhanov russian university of economics,russia,,12.6,14.3,49.6,2.8,6.0,21.2,5.8,30.1,7.5,,,,,,,,,,,,
,plekhanov russian university of economics,russian federation,,,,,,,,,,,1100.5,30.450000000000003,25.9,12.9,44.7,20.6,59.0,12595,9.1,15.0,57,43
,plymouth marjon university,united kingdom,,,,,,,,,,,,,,,,,,2015,22.4,2.0,65,35
,pmas arid agriculture university rawalpindi,pakistan,,,,,,,,,,,1100.5,30.450000000000003,18.8,11.3,53.9,19.1,47.8,12702,44.7,0.0,37,63
100.0,pohang university of science and technology,south korea,60.4,51.6,75.9,99.9,98.3,33.8,2.6,1.3,13.4,16.9,149.0,62.2,58.1,51.5,77.2,100.0,40.0,3300,10.5,5.0,,
556.0,politecnico di bari,italy,21.1,6.5,4.6,15.6,79.3,5.0,7.9,4.1,5.5,1.1,,,,,,,,,,,,
123.0,politecnico di milano,italy,55.2,69.3,71.2,5.2,48.3,63.8,56.6,75.1,36.9,29.4,225.5,57.25,42.9,49.7,71.9,95.3,65.3,38978,25.7,19.0,35,65
252.0,politecnico di torino,italy,39.2,38.5,44.9,2.4,57.9,4.1,46.7,49.9,21.3,57.4,,,,,,,,,,,,
,polytechnic institute of porto,portugal,,,,,,,,,,,1350.5,25.5,15.0,11.9,49.6,22.1,31.8,19211,16.9,5.0,47,53
,polytechnic institute of setúbal,portugal,,,,,,,,,,,,,,,,,,8258,17.8,7.0,46,54
,polytechnic university of bari,italy,,,,,,,,,,,550.5,43.599999999999994,23.0,27.6,76.9,59.9,42.5,10460,43.0,1.0,29,71
,polytechnic university of bucharest,romania,,,,,,,,,,,1501.0,16.2,19.8,11.4,28.8,29.7,24.2,29166,23.2,4.0,36,64
,polytechnic university of timişoara,romania,,,,,,,,,,,1501.0,16.2,16.7,10.1,33.9,30.9,22.6,11846,18.7,3.0,38,62
,polytechnic university of turin,italy,,,,,,,,,,,450.5,47.2,29.7,30.2,73.5,85.8,53.2,30497,31.9,15.0,30,70
,polytechnic university of valencia,spain,,,,,,,,,,,700.5,39.4,30.0,25.0,55.4,83.2,57.6,26967,14.5,14.0,41,59
,pompeu fabra university,spain,,,,,,,,,,,225.5,57.25,35.9,38.3,90.5,78.4,74.7,12173,22.7,13.0,61,39
1300.5,pondicherry university,india,,4.0,1.9,6.5,12.2,1.1,1.1,1.2,4.7,8.4,1100.5,30.450000000000003,33.5,18.4,38.3,42.5,19.4,8187,21.5,1.0,46,54
,pontifical catholic university of argentina,argentina,,,,,,,,,,,,,,,,,,18297,4.4,7.0,56,44
,pontifical catholic university of minas gerais,brazil,,,,,,,,,,,1501.0,16.2,24.4,10.7,14.6,20.5,24.7,37267,36.0,1.0,57,43
,pontifical catholic university of peru,peru,,,,,,,,,,,1350.5,25.5,24.8,9.8,29.7,16.9,45.6,27960,7.3,1.0,47,53
,pontifical catholic university of rio de janeiro,brazil,,,,,,,,,,,900.5,34.8,33.4,30.5,37.1,62.9,43.2,13154,18.7,2.0,50,50
,pontifical catholic university of rio grande do sul,brazil,,,,,,,,,,,1100.5,30.450000000000003,32.9,16.9,42.3,39.2,35.1,12686,21.1,1.0,51,49
,pontifical catholic university of valparaíso,chile,,,,,,,,,,,1350.5,25.5,15.8,17.1,32.8,38.1,51.1,18104,26.2,1.0,43,57
,pontifical javeriana university,colombia,,,,,,,,,,,1350.5,25.5,20.7,11.5,37.4,21.0,45.3,28879,12.9,2.0,56,44
1300.5,pontificia universidad catolica madre y maestra,dominican republic,,3.6,8.0,9.8,1.2,13.7,13.9,1.0,19.9,,,,,,,,,,,,,
514.0,pontificia universidad católica argentina,argentina,22.7,20.4,32.3,99.9,1.1,1.9,8.8,1.0,19.8,1.0,,,,,,,,,,,,
103.0,pontificia universidad católica de chile,chile,59.9,92.9,99.5,20.6,11.6,16.4,3.5,56.8,76.3,91.3,450.5,47.2,29.7,34.3,67.6,84.7,57.9,30448,15.0,3.0,,
685.5,pontificia universidad católica de valparaíso,chile,,27.3,39.6,4.9,6.6,10.4,1.6,5.3,8.7,1.8,,,,,,,,,,,,
925.5,pontificia universidad católica del ecuador,ecuador,,16.8,28.7,10.5,1.3,16.9,1.6,1.1,15.5,1.2,1501.0,16.2,12.2,8.7,15.3,15.9,63.9,21237,25.4,1.0,56,44
336.0,pontificia universidad católica del perú,peru,32.2,46.3,77.1,25.9,1.8,3.9,1.4,2.5,35.2,31.3,,,,,,,,,,,,
347.0,pontificia universidad javeriana,colombia,31.4,43.2,72.7,22.9,1.7,4.0,2.7,4.2,57.3,29.1,,,,,,,,,,,,
1401.0,pontificia universidade católica do campinas - puc campinas,brazil,,4.9,3.3,6.4,2.0,2.4,1.2,1.0,9.6,1.0,,,,,,,,,,,,
1401.0,pontificia universidade católica do minas gerais - puc minas,brazil,,5.0,3.8,1.6,1.5,,,1.0,6.2,1.0,,,,,,,,,,,,
1100.5,pontifícia universidade católica de são paulo,brazil,,11.3,11.2,34.1,1.2,4.4,1.2,1.0,13.8,1.2,,,,,,,,,,,,
1401.0,pontifícia universidade católica do paraná,brazil,,4.3,2.7,6.0,4.2,1.9,1.4,1.4,5.6,1.0,1350.5,25.5,26.3,12.8,34.3,43.0,30.7,11476,13.0,1.0,56,44
595.0,pontifícia universidade católica do rio de janeiro,brazil,19.9,33.4,24.5,9.3,7.7,12.4,1.6,2.4,28.6,32.7,,,,,,,,,,,,
1300.5,pontifícia universidade católica do rio grande do sul,brazil,,6.9,3.8,10.5,7.8,2.4,2.2,1.2,6.7,4.1,,,,,,,,,,,,
,port said university,egypt,,,,,,,,,,,1350.5,25.5,13.7,8.5,53.7,16.8,46.6,29241,28.3,0.0,62,38
1300.5,portland state university,united states,,4.3,2.1,9.5,10.5,1.6,5.3,4.9,10.3,18.4,900.5,34.8,22.1,23.2,55.7,54.7,35.0,18763,20.5,5.0,58,42
825.5,poznan university of life sciences,poland,,5.8,1.8,98.0,5.2,3.2,5.4,1.7,8.2,1.1,,,,,,,,,,,,
,poznan university of medical sciences,poland,,,,,,,,,,,1100.5,30.450000000000003,27.1,13.4,41.2,44.4,34.1,7296,6.0,11.0,73,27
,poznan university of technology,poland,,,,,,,,,,,1350.5,25.5,22.6,13.0,35.9,41.8,26.9,14304,11.4,6.0,32,68
,poznań university of life sciences,poland,,,,,,,,,,,1350.5,25.5,25.1,11.3,45.2,27.4,25.9,6184,8.5,6.0,60,40
1100.5,poznań university of technology,poland,,7.4,5.6,32.6,5.9,2.2,4.0,5.5,7.5,1.2,,,,,,,,,,,,
,prague university of economics and business,czech republic,,,,,,,,,,,1501.0,16.2,15.5,14.9,27.6,16.8,47.9,14306,29.1,27.0,53,47
,prefectural university of hiroshima,japan,,,,,,,,,,,,,,,,,,2479,11.9,2.0,67,33
,presbyterian university ghana,ghana,,,,,,,,,,,,,,,,,,2971,41.3,1.0,46,54
,presidency university,india,,,,,,,,,,,,,,,,,,13475,20.3,0.0,29,71
590.0,prince mohammad bin fahd university,saudi arabia,20.1,15.4,19.1,20.8,20.3,100.0,20.5,1.1,9.4,1.0,,,,,,,,2899,11.7,17.0,55,45
925.5,prince of songkla university,thailand,,20.1,7.1,16.4,3.2,4.9,1.9,4.0,7.7,42.6,1350.5,25.5,23.4,14.8,32.6,43.5,37.7,33318,12.9,2.0,69,31
,prince sattam bin abdulaziz university,saudi arabia,,,,,,,,,,,700.5,39.4,21.3,12.0,80.8,23.5,75.8,26740,11.9,2.0,61,39
,prince sultan university,saudi arabia,,,,,,,,,,,450.5,47.2,18.4,20.5,87.0,37.8,85.8,5982,17.4,11.0,56,44
665.5,princess nourah bint abdulrahman university,saudi arabia,,16.6,16.5,19.4,1.9,92.5,47.7,6.3,8.2,2.5,700.5,39.4,26.7,16.3,66.1,28.3,91.7,22552,12.1,17.0,100,0
925.5,princess sumaya university for technology,jordan,,8.0,19.5,10.7,4.5,42.1,39.9,1.0,11.7,1.0,,,,,,,,,,,,
17.0,princeton university,united states,87.0,99.8,97.5,64.5,100.0,16.7,57.5,52.5,94.6,79.3,6.0,96.9,96.3,97.9,98.8,95.1,89.1,7753,7.3,23.0,47,53
,privolzhsky research medical university,russian federation,,,,,,,,,,,1501.0,16.2,23.9,9.9,5.2,20.0,40.3,5896,10.3,23.0,68,32
,prydniprovska state academy of civil engineering and architecture,ukraine,,,,,,,,,,,,,,,,,,2764,7.2,5.0,39,61
,psg college of technology,india,,,,,,,,,,,1501.0,16.2,22.9,8.9,29.4,20.7,17.6,8140,14.2,0.0,37,63
,pskov state university,russian federation,,,,,,,,,,,,,,,,,,4734,18.7,13.0,55,45
,public university of navarre,spain,,,,,,,,,,,1100.5,30.450000000000003,22.4,14.3,49.5,38.3,46.5,8215,11.8,6.0,52,48
,puc-campinas,brazil,,,,,,,,,,,,,,,,,,13565,32.8,0.0,58,42
1300.5,pukyong national university,south korea,,6.6,3.4,10.3,7.0,6.6,8.1,1.6,4.2,1.3,1350.5,25.5,26.7,13.9,28.5,39.0,36.4,16563,11.4,10.0,52,48
99.0,purdue university,united states,60.7,63.9,81.2,10.3,68.4,41.5,45.8,75.4,53.4,67.4,,,,,,,,,,,,
,purdue university west lafayette,united states,,,,,,,,,,,86.0,68.5,64.0,65.3,71.8,84.3,76.7,42633,18.3,17.0,44,56
615.5,pusan national university,south korea,,23.0,18.5,38.0,17.1,10.4,12.4,7.9,13.3,8.1,550.5,43.599999999999994,39.2,39.1,45.1,86.6,37.8,17195,16.9,10.0,55,45
925.5,qassim university,saudi arabia,,7.2,2.9,30.6,1.6,98.4,8.6,8.2,8.8,1.5,900.5,34.8,36.0,20.4,42.8,21.6,80.2,37222,10.2,7.0,62,38
173.0,qatar university,qatar,48.7,27.1,43.9,64.8,38.8,100.0,96.8,59.8,95.8,35.5,275.5,54.45,31.3,35.6,83.4,61.8,96.0,10081,8.4,36.0,77,23
,qazvin university of medical sciences,iran,,,,,,,,,,,700.5,39.4,38.7,11.6,71.9,18.7,26.5,480,1.6,2.0,56,44
,qingdao university,china,,,,,,,,,,,700.5,39.4,17.8,18.4,84.1,40.0,24.4,42668,15.1,1.0,53,47
,qom university of medical sciences,iran,,,,,,,,,,,900.5,34.8,35.2,7.3,60.0,17.9,22.4,2556,9.3,4.0,55,45
,quaid-e-awam university of engineering science and technology,pakistan,,,,,,,,,,,,,,,,,,4955,10.6,0.0,16,84
315.0,quaid-i-azam university,pakistan,33.4,15.8,40.3,2.8,97.0,3.4,1.4,23.0,5.8,23.0,450.5,47.2,29.7,24.1,84.2,22.9,53.7,11386,20.3,1.0,45,55
,queen arwa university,yemen,,,,,,,,,,,,,,,,,,4057,9.2,1.0,33,67
,queen margaret university,united kingdom,,,,,,,,,,,,,,,,,,4350,21.8,30.0,77,23
875.5,queen margaret university edinburgh,united kingdom,,3.8,4.0,5.3,17.0,61.2,76.0,1.0,8.7,1.0,,,,,,,,,,,,
145.0,queen mary university of london,united kingdom,51.9,48.8,32.8,38.7,50.7,99.7,99.4,72.8,16.8,69.9,135.0,63.1,37.6,42.6,97.9,73.9,98.1,22205,14.6,45.0,54,46
209.0,queen's university at kingston,canada,44.5,40.5,56.7,5.3,45.1,70.1,30.6,22.5,71.5,85.4,,,,,,,,,,,,
202.0,queen's university belfast,united kingdom,45.8,33.6,30.3,27.5,43.5,100.0,98.9,84.1,14.3,91.0,,,,,,,,,,,,
189.0,queensland university of technology,australia,46.8,40.9,37.6,7.4,64.9,96.0,26.4,68.8,16.8,90.6,199.0,58.7,33.9,42.1,89.5,85.9,82.2,35164,37.9,14.0,54,46
,queen’s university,canada,,,,,,,,,,,275.5,54.45,37.5,38.0,72.3,94.0,76.0,27034,25.9,16.0,58,42
,queen’s university belfast,united kingdom,,,,,,,,,,,225.5,57.25,34.0,38.0,88.7,65.0,98.4,20895,17.2,41.0,57,43
,r v college of engineering,india,,,,,,,,,,,1501.0,16.2,24.6,9.4,29.3,17.8,16.1,5741,14.9,0.0,26,74
222.0,radboud university,netherlands,42.5,28.9,13.9,27.6,74.9,78.3,20.2,78.8,15.7,82.7,,,,,,,,,,,,
,radboud university nijmegen,netherlands,,,,,,,,,,,140.0,62.8,39.1,51.0,91.3,81.4,77.7,23004,18.2,12.0,57,43
,rajamangala university of technology isan,thailand,,,,,,,,,,,,,,,,,,24739,18.2,0.0,46,54
,rajamangala university of technology thanyaburi,thailand,,,,,,,,,,,,,,,,,,22663,22.7,1.0,57,43
1401.0,rajshahi university,bangladesh,,9.2,9.7,,,,,1.1,,,,,,,,,,,,,,
,rawalpindi medical university,pakistan,,,,,,,,,,,,,,,,,,3619,9.1,1.0,70,30
,razi university,iran,,,,,,,,,,,1100.5,30.450000000000003,27.8,14.0,43.2,38.5,26.5,10634,22.9,4.0,60,40
,rcsi university of medicine and health sciences,ireland,,,,,,,,,,,275.5,54.45,32.3,36.6,81.7,76.9,91.6,2703,23.9,67.0,,
,recep tayyip erdoğan university,turkey,,,,,,,,,,,1501.0,16.2,16.3,9.5,23.9,16.6,22.3,12407,16.9,4.0,54,46
,reichman university,israel,,,,,,,,,,,900.5,34.8,13.1,16.6,64.3,31.4,63.6,8585,35.0,28.0,52,48
556.0,renmin university of china,china (mainland),21.1,23.7,40.4,17.2,8.0,7.0,5.3,1.5,62.4,18.2,,,,,,,,,,,,
,rennes school of business,france,,,,,,,,,,,,,,,,,,3286,34.6,34.0,51,49
494.0,rensselaer polytechnic institute,united states,23.4,8.3,7.0,19.5,70.7,4.0,44.3,1.6,24.1,2.7,450.5,47.2,34.1,30.3,60.9,89.9,78.7,7496,15.3,20.0,31,69
,reshetnev siberian state university of science and technology,russian federation,,,,,,,,,,,1501.0,16.2,12.3,8.2,15.8,18.5,20.4,16411,22.9,3.0,40,60
,reva university,india,,,,,,,,,,,1501.0,16.2,16.0,7.9,37.9,20.7,19.8,13907,18.7,1.0,34,66
,reykjavík university,iceland,,,,,,,,,,,700.5,39.4,15.6,24.0,76.1,28.7,64.4,2940,24.2,10.0,47,53
239.0,rheinische friedrich-wilhelms-universität bonn,germany,40.6,52.4,19.8,58.0,22.1,41.5,37.5,90.7,25.9,35.2,,,,,,,,,,,,
925.5,rhodes university,south africa,,6.7,9.5,13.6,16.5,,35.8,11.6,19.6,6.5,,,,,,,,,,,,
145.0,rice university,united states,51.9,38.7,22.9,65.9,82.5,91.0,94.8,9.8,30.0,42.6,119.0,65.2,56.4,45.6,86.5,73.9,85.8,7318,9.8,26.0,42,58
925.5,riga stradins university,latvia,,6.7,14.1,14.4,1.8,16.9,86.4,1.0,11.7,4.1,,,,,,,,,,,,
,riga stradiņš university,latvia,,,,,,,,,,,1501.0,16.2,17.3,13.8,26.3,23.2,62.7,8761,21.8,29.0,75,25
755.5,riga technical university,latvia,,11.4,28.2,19.7,2.9,16.4,59.9,1.4,18.5,15.2,1100.5,30.450000000000003,26.4,23.9,32.0,46.4,57.0,10830,31.7,22.0,34,66
1300.5,rikkyo university,japan,,4.1,12.0,10.1,2.6,24.9,6.2,1.0,8.6,1.0,1350.5,25.5,18.6,9.3,34.0,19.7,58.4,19783,14.4,4.0,,
,riphah international university,pakistan,,,,,,,,,,,1100.5,30.450000000000003,14.2,9.6,67.1,16.0,48.7,25073,18.4,0.0,51,49
825.5,ritsumeikan asia pacific university,japan,,5.1,9.4,2.4,2.6,99.6,99.6,1.0,7.8,1.0,,,,,,,,5672,25.8,47.0,52,48
635.5,ritsumeikan university,japan,,15.2,68.4,8.1,3.8,24.7,10.2,2.0,8.7,2.2,1350.5,25.5,19.8,13.9,27.4,30.3,46.8,35119,17.4,10.0,37,63
140.0,rmit university,australia,52.4,38.6,49.6,5.4,68.6,100.0,92.8,57.3,28.8,96.2,275.5,54.45,35.5,36.2,83.2,73.2,92.8,32574,24.0,34.0,48,52
925.5,robert gordon university,united kingdom,,3.5,11.7,5.4,4.9,63.9,76.7,1.5,9.8,1.2,900.5,34.8,17.5,13.2,53.4,36.0,87.1,10095,21.0,26.0,60,40
1100.5,rochester institute of technology,united states,,6.2,9.4,19.8,7.6,5.0,17.7,7.8,17.3,1.9,900.5,34.8,22.9,20.2,58.4,60.7,46.3,14249,16.0,13.0,37,63
,rose bruford college,united kingdom,,,,,,,,,,,,,,,,,,710,15.8,20.0,59,41
,roskilde university,denmark,,,,,,,,,,,700.5,39.4,21.9,33.4,55.5,76.1,54.6,6050,15.8,15.0,65,35
,rostov state university of economics,russian federation,,,,,,,,,,,,,,,,,,20149,24.8,3.0,66,34
,rovira i virgili university,spain,,,,,,,,,,,550.5,43.599999999999994,27.4,24.3,68.1,49.7,58.9,13656,13.3,13.0,60,40
,rowan university,united states,,,,,,,,,,,1100.5,30.450000000000003,26.6,12.4,45.9,30.8,39.0,17693,14.5,3.0,49,51
,royal academy of dramatic art,united kingdom,,,,,,,,,,,,,,,,,,155,4.4,20.0,57,43
,royal academy of music,united kingdom,,,,,,,,,,,,,,,,,,785,9.8,49.0,50,50
,royal agricultural university,united kingdom,,,,,,,,,,,,,,,,,,1035,20.7,13.0,54,46
,royal central school of speech and drama university of london,united kingdom,,,,,,,,,,,,,,,,,,1000,16.7,33.0,68,32
,royal college of academics,luxembourg,,,,,,,,,,,,,,,,,,10000,333.3,100.0,,
,royal college of art,united kingdom,,,,,,,,,,,,,,,,,,2350,20.4,80.0,72,28
,royal college of music,united kingdom,,,,,,,,,,,,,,,,,,875,10.3,58.0,55,45
,royal conservatoire of scotland,united kingdom,,,,,,,,,,,,,,,,,,1195,10.9,38.0,57,43
413.0,royal holloway university of london,united kingdom,27.1,16.0,5.7,13.7,36.3,94.4,88.7,23.7,11.1,38.1,325.5,52.05,31.6,29.3,79.0,63.3,94.6,11290,16.1,31.0,55,45
,royal northern college of music,united kingdom,,,,,,,,,,,,,,,,,,880,11.0,33.0,49,51
,royal veterinary college,united kingdom,,,,,,,,,,,450.5,47.2,30.0,20.7,75.6,61.1,95.1,2275,10.3,32.0,80,20
342.0,rudn university,russia,32.0,22.4,45.0,92.2,2.0,8.2,92.7,60.1,12.2,4.4,,,,,,,,,,,,
,rudn university,russian federation,,,,,,,,,,,700.5,39.4,39.1,23.0,46.1,21.0,70.4,22866,15.6,32.0,59,41
,ruhr university bochum,germany,,,,,,,,,,,275.5,54.45,39.8,46.7,72.2,85.9,60.0,37709,46.7,16.0,50,50
375.0,ruhr-universität bochum,germany,29.5,21.2,11.0,2.3,59.7,61.1,29.6,62.3,14.7,18.0,,,,,,,,,,,,
87.0,ruprecht-karls-universität heidelberg,germany,62.2,78.3,52.0,99.7,38.2,52.5,50.4,89.7,19.8,42.6,,,,,,,,,,,,
,rush university,united states,,,,,,,,,,,550.5,43.599999999999994,41.3,14.2,78.0,56.0,28.9,2848,2.1,1.0,76,24
,russian biotechnological university,russian federation,,,,,,,,,,,,,,,,,,5901,10.8,9.0,54,46
1100.5,russian presidential academy of national economy and public administration,russia,,5.2,6.8,49.0,1.1,2.0,3.0,1.1,26.0,1.1,,,,,,,,,,,,
,russian presidential academy of national economy and public administration,russian federation,,,,,,,,,,,1501.0,16.2,26.8,17.1,18.1,19.4,23.2,18646,10.4,4.0,63,37
1300.5,russian state agrarian university - moscow timiryazev agricultural academy,russia,,7.1,3.5,7.7,1.3,2.0,4.8,1.0,9.9,5.3,,,,,,,,,,,,
,russian state agrarian university – moscow timiryazev agricultural academy,russian federation,,,,,,,,,,,,,,,,,,11059,13.3,5.0,48,52
1300.5,russian state university for the humanities,russia,,5.4,2.6,17.5,1.3,1.7,4.1,1.0,8.6,1.0,,,,,,,,,,,,
,russian state university for the humanities,russian federation,,,,,,,,,,,1501.0,16.2,13.5,13.4,16.8,15.7,22.1,16679,22.1,4.0,69,31
,russian university of state for social,russian federation,,,,,,,,,,,,,,,,,,12067,34.5,5.0,67,33
1300.5,rutgers the state university of new jersey camden,united states,,3.9,3.0,17.6,4.3,22.2,3.0,1.0,6.9,,,,,,,,,,,,,
,rutgers university – new brunswick,united states,,,,,,,,,,,225.5,57.25,46.4,37.2,78.4,80.1,63.7,46256,11.2,17.0,53,47
299.0,rutgers university–new brunswick,united states,34.8,36.9,24.7,48.7,18.1,18.9,32.8,59.7,20.7,95.9,,,,,,,,,,,,
775.5,rutgers university–newark,united states,,11.1,5.2,15.5,19.3,26.3,46.8,2.2,28.6,15.4,,,,,,,,,,,,
106.0,rwth aachen university,germany,59.3,49.7,93.0,5.5,78.7,49.0,83.0,63.5,23.9,53.4,90.0,68.0,54.9,64.8,78.9,100.0,71.2,34914,43.3,29.0,34,66
,ryazan state medical university,russian federation,,,,,,,,,,,,,,,,,,5758,9.4,15.0,67,33
875.5,ryerson university,canada,,7.0,14.4,1.7,30.7,,3.6,14.6,12.7,8.0,,,,,,,,,,,,
,ryukoku university,japan,,,,,,,,,,,1501.0,16.2,15.5,10.6,12.0,23.2,31.2,15818,27.7,2.0,36,64
,rzeszów university of technology,poland,,,,,,,,,,,1501.0,16.2,20.6,9.1,29.1,22.9,23.1,10742,11.6,1.0,38,62
526.0,sabanci university,turkey,22.3,18.1,37.5,34.5,19.2,37.0,15.0,1.8,11.2,15.4,,,,,,,,,,,,
,sabancı university,turkey,,,,,,,,,,,375.5,50.05,31.7,37.9,69.5,90.2,66.6,3847,20.5,11.0,38,62
,saga university,japan,,,,,,,,,,,1501.0,16.2,26.0,14.5,21.8,59.0,25.4,6518,9.8,2.0,42,58
,sahand university of technology,iran,,,,,,,,,,,1100.5,30.450000000000003,20.6,14.6,57.4,37.9,22.6,5354,27.2,1.0,43,57
635.5,saint joseph university of beirut,lebanon,,9.2,27.6,46.8,2.5,90.8,19.7,1.0,13.0,9.7,,,,,,,,,,,,
,saint louis university,united states,,,,,,,,,,,450.5,47.2,41.1,16.3,80.9,60.6,42.0,11041,7.3,6.0,61,39
975.5,saint petersburg electrotechnical university etu-leti,russia,,5.7,3.5,49.4,1.8,4.6,49.2,1.1,9.4,1.2,,,,,,,,,,,,
,saint petersburg state pediatric medical university,russian federation,,,,,,,,,,,,,,,,,,6353,11.9,14.0,57,43
315.0,saint petersburg state university,russia,33.4,40.8,24.0,61.6,5.1,5.2,41.7,69.5,52.8,36.1,,,,,,,,,,,,
,saint thomas university colombia,colombia,,,,,,,,,,,,,,,,,,28768,21.1,0.0,50,50
1100.5,saint-petersburg mining university,russia,,3.7,3.1,53.9,2.2,19.7,20.6,1.0,12.0,4.1,,,,,,,,,,,,
,saint-petersburg mining university,russian federation,,,,,,,,,,,700.5,39.4,29.7,16.9,69.3,50.4,43.1,8345,13.4,12.0,41,59
,saints cyril and methodius university in skopje,north macedonia,,,,,,,,,,,1501.0,16.2,19.2,9.3,25.9,23.2,46.0,26800,13.5,5.0,63,37
,saitama medical university,japan,,,,,,,,,,,1350.5,25.5,26.5,10.3,39.3,41.5,18.3,1915,1.4,0.0,51,49
1300.5,saitama university,japan,,4.5,1.8,14.1,9.2,10.5,6.2,1.2,7.9,2.2,1501.0,16.2,22.9,15.5,19.4,41.2,41.5,8321,15.3,6.0,32,68
1401.0,sakarya university,turkey,,3.7,3.0,2.8,3.1,1.7,12.6,1.3,7.5,1.0,1350.5,25.5,16.5,10.6,45.4,24.0,28.4,42601,26.6,7.0,51,49
1300.5,saken seifullin kazakh agrotechnical university,kazakhstan,,8.3,6.8,22.2,1.1,8.5,4.1,1.0,12.4,1.0,,,,,,,,,,,,
,sakon nakhon rajabhat university,thailand,,,,,,,,,,,,,,,,,,8269,20.6,1.0,66,34
,salahaddin university–erbil,iraq,,,,,,,,,,,,,,,,,,28576,11.7,1.0,57,43
925.5,samara national research university,russia,,4.6,2.2,81.8,2.3,2.8,14.3,1.1,10.6,3.3,,,,,,,,,,,,
,samara national research university,russian federation,,,,,,,,,,,1350.5,25.5,27.5,14.8,21.8,26.6,37.1,9198,10.7,14.0,48,52
,samara state medical university,russian federation,,,,,,,,,,,,,,,,,,7123,9.4,11.0,71,29
,samara state technical university,russian federation,,,,,,,,,,,1501.0,16.2,16.9,10.6,10.9,32.3,22.1,12762,16.0,5.0,38,62
,samarkand state institute of foreign languages,uzbekistan,,,,,,,,,,,,,,,,,,7619,14.7,0.0,68,32
,samarkand state medical university,uzbekistan,,,,,,,,,,,,,,,,,,7416,9.9,2.0,41,59
,samarkand state university,uzbekistan,,,,,,,,,,,,,,,,,,16887,16.7,0.0,48,52
,samsun university,turkey,,,,,,,,,,,,,,,,,,3588,21.2,4.0,44,56
1100.5,san diego state university,united states,,5.2,3.0,3.2,17.1,6.5,4.4,27.1,17.8,23.7,900.5,34.8,21.5,11.9,71.1,58.3,37.0,32069,28.1,5.0,58,42
1300.5,san francisco state university,united states,,4.9,2.4,5.2,4.8,4.5,6.8,1.5,10.9,,,,,,,,,,,,,
,san sebastián university,chile,,,,,,,,,,,1501.0,16.2,14.2,9.2,12.1,16.1,43.2,38101,19.8,0.0,63,37
,sant’anna school of advanced studies – pisa,italy,,,,,,,,,,,225.5,57.25,50.4,39.0,80.1,90.3,60.8,718,7.4,20.0,37,63
134.0,sapienza university of rome,italy,52.9,79.2,41.0,4.6,44.9,3.0,10.8,96.9,59.8,92.0,181.0,60.0,53.5,48.1,77.9,85.4,46.5,60522,22.2,9.0,61,39
,sapporo medical university,japan,,,,,,,,,,,1350.5,25.5,29.7,12.9,33.1,58.3,17.6,1294,3.3,0.0,44,56
,saratov state medical university,russian federation,,,,,,,,,,,1501.0,16.2,25.6,10.7,3.7,16.2,31.2,7242,6.6,12.0,,
,sarsen amanzholov east kazakhstan university,kazakhstan,,,,,,,,,,,,,,,,,,7339,25.0,2.0,59,41
,sastra university,india,,,,,,,,,,,1350.5,25.5,22.4,11.3,45.0,30.3,29.4,10360,13.1,3.0,43,57
481.0,satbayev university,kazakhstan,23.9,23.3,36.0,84.3,1.2,40.5,4.2,1.0,10.5,1.3,1501.0,16.2,22.7,10.8,8.5,23.2,68.7,8114,12.4,5.0,44,56
1100.5,sathyabama institute of science and technology,india,,5.0,6.3,29.1,3.9,5.9,4.1,1.1,8.7,7.5,1350.5,25.5,31.2,9.9,35.1,16.9,29.7,13406,10.6,5.0,50,50
,satya wacana christian university,indonesia,,,,,,,,,,,,,,,,,,18984,41.2,0.0,53,47
,saudi electronic university,saudi arabia,,,,,,,,,,,,,,,,,,20908,21.7,7.0,44,56
,saveetha institute of medical and technical sciences,india,,,,,,,,,,,700.5,39.4,31.7,10.2,77.8,17.3,58.9,11919,7.1,1.0,46,54
715.5,savitribai phule pune university,india,,7.8,11.3,55.1,30.4,1.2,3.3,3.0,7.2,4.9,900.5,34.8,44.0,11.8,54.5,22.8,25.2,5871,9.6,4.0,44,56
,sbs swiss business school,switzerland,,,,,,,,,,,,,,,,,,2200,13.6,61.0,35,65
,school of higher commercial studies,algeria,,,,,,,,,,,,,,,,,,1583,13.2,0.0,67,33
319.0,sciences po,france,33.2,17.7,27.6,88.0,3.2,54.9,97.1,1.4,76.3,54.6,550.5,43.599999999999994,32.4,25.6,60.1,17.2,84.6,12445,42.6,32.0,63,37
,scuola normale superiore di pisa,italy,,,,,,,,,,,168.0,60.8,60.1,42.6,82.9,34.9,59.3,614,7.4,11.0,29,71
925.5,sd asfendiyarov kazakh national medical university,kazakhstan,,5.5,3.8,59.3,1.1,9.6,55.6,1.0,12.5,1.0,,,,,,,,,,,,
,sdu university,kazakhstan,,,,,,,,,,,,,,,,,,7319,22.7,0.0,53,47
1300.5,seattle university,united states,,5.4,4.2,29.3,2.4,1.5,13.9,1.0,13.6,1.0,,,,,,,,,,,,
,sebha university,libya,,,,,,,,,,,,,,,,,,10380,10.0,5.0,69,31
775.5,sechenov university,russia,,5.8,4.4,59.7,3.4,9.6,66.0,46.5,4.7,1.1,,,,,,,,,,,,
,sechenov university,russian federation,,,,,,,,,,,900.5,34.8,32.6,17.1,47.7,39.4,62.1,15885,8.1,26.0,69,31
,sefako makgatho health sciences university,south africa,,,,,,,,,,,,,,,,,,5124,6.8,2.0,67,33
,seisa dohto university,japan,,,,,,,,,,,,,,,,,,963,14.4,8.0,31,69
436.0,sejong university,south korea,26.0,13.8,17.3,14.7,65.5,24.6,26.7,29.2,5.7,8.7,275.5,54.45,31.4,34.5,94.0,73.8,68.6,11678,18.9,15.0,51,49
,selçuk university,turkey,,,,,,,,,,,1350.5,25.5,22.4,14.4,36.7,58.2,34.1,32183,14.0,8.0,58,42
,semmelweis university,hungary,,,,,,,,,,,275.5,54.45,45.2,27.8,76.9,66.4,79.9,9966,12.8,37.0,69,31
,semnan university,iran,,,,,,,,,,,1100.5,30.450000000000003,30.7,12.8,50.7,18.4,22.4,14404,15.1,1.0,55,45
,semnan university of medical sciences and health services,iran,,,,,,,,,,,1350.5,25.5,25.4,10.5,46.2,16.2,29.1,3537,7.9,7.0,61,39
,senshu university,japan,,,,,,,,,,,,,,,,,,17557,21.9,3.0,36,64
41.0,seoul national university,south korea,78.5,99.0,98.2,85.1,64.9,11.5,14.5,36.9,100.0,73.8,62.0,73.4,74.2,75.3,74.6,100.0,43.7,28620,16.1,13.0,,
1100.5,seoul national university of science and technology,south korea,,7.4,3.8,10.8,10.0,11.1,11.9,1.0,7.6,1.0,1350.5,25.5,28.0,20.1,32.7,39.8,30.6,8987,13.8,9.0,36,64
,seyitnazar seydi turkmen state pedagogical institute,turkmenistan,,,,,,,,,,,,,,,,,,3947,21.9,0.0,64,36
,sgh warsaw school of economics,poland,,,,,,,,,,,1501.0,16.2,24.8,15.2,24.1,16.1,36.7,8618,16.5,13.0,49,51
,shah abdul latif university khairpur,pakistan,,,,,,,,,,,,,,,,,,6994,37.0,0.0,25,75
,shahed university,iran,,,,,,,,,,,1501.0,16.2,30.3,14.8,22.5,26.6,18.7,5207,15.8,0.0,53,47
,shaheed benazir bhutto women university peshawar,pakistan,,,,,,,,,,,,,,,,,,5082,26.9,0.0,100,0
,shaheed mohtarma benazir bhutto medical university,pakistan,,,,,,,,,,,,,,,,,,2994,3.4,0.0,52,48
,shaheed zulfiqar ali bhutto medical university,pakistan,,,,,,,,,,,,,,,,,,8900,12.7,2.0,56,44
,shahid bahonar university of kerman,iran,,,,,,,,,,,1350.5,25.5,19.4,13.7,41.8,26.9,26.3,13458,22.1,1.0,60,40
975.5,shahid beheshti university,"iran, islamic republic of",,6.7,12.3,4.0,29.1,1.6,1.7,8.5,6.9,1.9,,,,,,,,,,,,
,shahid beheshti university of medical sciences,iran,,,,,,,,,,,700.5,39.4,45.1,22.9,49.9,63.5,27.1,12057,8.0,4.0,55,45
,shahid sadoughi university of medical sciences,iran,,,,,,,,,,,1350.5,25.5,39.1,10.6,20.8,17.5,20.6,6260,13.0,2.0,58,42
1401.0,shahjalal university of science and technology,bangladesh,,6.8,8.9,,,,,1.0,,,1350.5,25.5,13.2,8.4,43.4,16.6,44.8,9585,17.8,0.0,31,69
,shahrekord university,iran,,,,,,,,,,,1100.5,30.450000000000003,19.4,13.5,55.8,17.9,22.1,7198,20.3,0.0,56,44
,shahrekord university of medical sciences,iran,,,,,,,,,,,900.5,34.8,33.7,10.5,62.1,17.3,20.6,2755,9.2,0.0,53,47
,shahrood university of technology,iran,,,,,,,,,,,1100.5,30.450000000000003,28.3,17.2,52.4,18.7,32.4,8326,20.7,1.0,46,54
360.0,shandong university,china (mainland),30.7,15.6,31.8,17.6,78.7,8.8,3.4,16.3,17.4,28.4,,,,,,,,,,,,
1100.5,shanghai international studies university,china (mainland),,5.3,2.5,17.6,1.7,28.2,29.6,1.0,6.8,1.0,,,,,,,,,,,,
,shanghai jiao tong university,china,,,,,,,,,,,43.0,77.7,76.6,82.5,75.4,100.0,60.6,38472,12.6,9.0,37,63
51.0,shanghai jiao tong university,china (mainland),74.3,83.7,83.3,54.7,99.4,39.2,35.5,38.3,55.5,44.1,,,,,,,,,,,,
,shanghai maritime university,china,,,,,,,,,,,1100.5,30.450000000000003,16.8,12.8,51.8,37.4,36.0,23263,16.7,2.0,45,55
1300.5,shanghai normal university,china (mainland),,4.3,1.4,13.4,3.8,4.4,2.9,1.1,7.4,1.1,,,,,,,,,,,,
,shanghai university,china,,,,,,,,,,,550.5,43.599999999999994,31.8,38.0,62.7,71.3,42.9,38015,13.0,6.0,51,49
514.0,shanghai university,china (mainland),22.7,22.2,9.0,53.3,25.4,43.8,5.9,11.5,11.1,15.8,,,,,,,,,,,,
1300.5,shanghai university of finance and economics,china (mainland),,5.2,4.4,9.3,3.3,16.4,2.3,1.0,20.2,1.2,,,,,,,,,,,,
,shantou university,china,,,,,,,,,,,900.5,34.8,21.2,16.4,63.0,33.8,42.9,16620,13.3,1.0,49,51
,sharif university of technology,iran,,,,,,,,,,,325.5,52.05,39.1,37.4,78.3,86.2,37.0,9389,21.8,2.0,26,74
334.0,sharif university of technology,"iran, islamic republic of",32.4,10.1,43.8,6.1,99.1,7.3,1.3,9.7,25.7,1.9,,,,,,,,,,,,
1100.5,sheffield hallam university,united kingdom,,6.5,12.1,10.0,4.9,35.0,30.9,6.7,11.9,2.5,900.5,34.8,19.4,14.4,66.7,33.1,64.0,26580,17.7,12.0,55,45
,shenzhen university,china,,,,,,,,,,,375.5,50.05,27.8,34.3,85.3,57.9,42.4,35736,14.0,1.0,49,51
595.0,shenzhen university,china (mainland),19.9,8.4,2.3,55.2,42.6,13.2,1.4,14.3,17.6,15.8,,,,,,,,,,,,
1300.5,shibaura institute of technology,japan,,3.7,2.3,2.8,4.8,13.8,9.8,1.1,7.9,1.1,1350.5,25.5,20.8,20.1,22.3,36.3,42.3,9001,29.7,5.0,18,82
,shiga university of medical science,japan,,,,,,,,,,,1350.5,25.5,31.5,12.8,32.3,62.7,24.5,1163,3.2,4.0,50,50
,shimane university,japan,,,,,,,,,,,1501.0,16.2,25.7,13.0,19.3,37.1,28.7,6005,8.2,3.0,40,60
1100.5,shinshu university,japan,,3.4,3.4,35.1,12.0,10.7,2.9,1.3,7.8,1.1,1100.5,30.450000000000003,26.8,18.0,34.6,63.1,32.6,10602,10.4,3.0,32,68
,shiraz university,iran,,,,,,,,,,,900.5,34.8,29.3,24.6,55.0,57.4,29.1,14857,20.8,2.0,53,47
685.5,shiraz university,"iran, islamic republic of",,5.7,10.4,5.1,54.9,1.2,1.8,6.4,13.4,27.6,,,,,,,,,,,,
,shiraz university of medical sciences,iran,,,,,,,,,,,900.5,34.8,41.7,12.7,55.7,24.5,24.1,9938,10.1,2.0,56,44
,shiraz university of technology,iran,,,,,,,,,,,550.5,43.599999999999994,37.0,22.8,77.7,32.6,33.7,1372,12.9,0.0,39,61
,shizuoka university,japan,,,,,,,,,,,1501.0,16.2,22.6,16.0,19.5,58.3,37.0,9928,14.5,4.0,29,71
,shonan institute of technology,japan,,,,,,,,,,,,,,,,,,2262,30.2,8.0,8,92
775.5,shoolini university of biotechnology and management sciences,india,,8.3,12.6,7.3,42.4,24.2,1.7,2.1,8.0,1.0,550.5,43.599999999999994,27.6,17.9,85.2,17.7,70.0,3251,15.3,1.0,47,53
,showa university,japan,,,,,,,,,,,1350.5,25.5,32.8,10.3,35.5,40.2,19.8,3668,1.6,0.0,62,38
,shri mata vaishno devi university,india,,,,,,,,,,,900.5,34.8,24.7,17.2,68.0,26.1,22.8,2502,20.3,0.0,34,66
,siberian federal university,russian federation,,,,,,,,,,,1100.5,30.450000000000003,30.4,24.2,26.9,55.3,59.5,9401,18.3,13.0,51,49
1100.5,siberian federal university sibfu,russia,,7.8,3.8,15.5,3.5,45.5,31.2,2.4,10.4,7.4,,,,,,,,,,,,
,siberian state medical university,russian federation,,,,,,,,,,,1501.0,16.2,22.1,9.6,3.4,17.1,39.8,6798,10.6,21.0,71,29
,sichuan university,china,,,,,,,,,,,150.0,62.0,59.1,57.3,69.3,93.2,46.1,49117,15.9,5.0,,
355.0,sichuan university,china (mainland),30.9,20.1,7.6,11.4,94.7,6.6,5.4,26.2,14.8,18.8,,,,,,,,,,,,
,sichuan university of science and engineering,china,,,,,,,,,,,1501.0,16.2,12.0,10.4,23.8,26.4,20.3,44741,22.9,1.0,39,61
,sidi mohamed ben abdellah university,morocco,,,,,,,,,,,1100.5,30.450000000000003,26.6,11.3,50.6,16.9,25.3,95994,55.6,1.0,51,49
1300.5,siksha 'o' anusandhan,india,,4.6,2.0,32.9,4.7,1.7,2.1,1.1,8.1,1.0,,,,,,,,,,,,
,siksha ‘o’ anusandhan,india,,,,,,,,,,,900.5,34.8,37.9,16.7,47.7,40.8,19.9,13808,11.9,2.0,52,48
,silesian university in opava,czech republic,,,,,,,,,,,,,,,,,,6198,20.0,5.0,67,33
1100.5,silesian university of technology,poland,,6.5,3.6,27.7,6.2,2.4,4.4,9.0,11.1,1.4,1350.5,25.5,21.8,15.6,39.4,31.5,26.6,17424,12.0,4.0,32,68
1300.5,silpakorn university,thailand,,6.2,6.7,4.5,2.7,4.6,1.2,1.0,7.4,1.0,1501.0,16.2,19.3,13.6,20.7,38.0,29.0,22163,18.8,2.0,69,31
,simad university,somalia,,,,,,,,,,,,,,,,,,3358,18.1,0.0,38,62
318.0,simon fraser university,canada,33.3,25.5,13.5,5.7,42.5,96.8,86.3,34.5,17.6,54.3,275.5,54.45,28.7,36.7,84.2,83.1,92.9,27269,26.8,31.0,54,46
,simón bolívar university,colombia,,,,,,,,,,,,,,,,,,19223,21.0,1.0,60,40
545.0,singapore management university,singapore,21.5,11.8,15.3,10.5,20.9,100.0,63.3,1.2,25.0,21.4,,,,,,,,,,,,
429.0,singapore university of technology and design,singapore,26.3,7.0,5.8,99.2,64.6,,,3.1,7.5,,,,,,,,,,,,,
,sir syed university of engineering and technology,pakistan,,,,,,,,,,,,,,,,,,6771,17.5,0.0,15,85
,sivas cumhuriyet university,turkey,,,,,,,,,,,1501.0,16.2,14.9,9.5,26.1,18.5,29.7,33919,32.4,8.0,50,50
,skolkovo institute of science and technology,russian federation,,,,,,,,,,,,,,,,,,1063,8.8,21.0,33,67
,slovak university of agriculture in nitra,slovakia,,,,,,,,,,,1350.5,25.5,23.6,12.2,27.4,18.9,48.5,4550,11.9,5.0,54,46
1100.5,slovak university of technology in bratislava,slovakia,,9.7,7.9,34.7,3.6,2.1,2.7,2.6,18.2,1.4,1501.0,16.2,27.6,12.0,22.3,28.7,32.8,10678,8.5,7.0,31,69
511.0,soas university of london,united kingdom,22.8,18.1,9.5,18.3,15.2,100.0,99.0,1.0,19.6,3.8,450.5,47.2,42.5,36.1,60.2,15.6,80.4,4845,14.9,45.0,65,35
,sofia university,bulgaria,,,,,,,,,,,1501.0,16.2,28.3,12.2,23.4,21.6,39.4,22467,7.5,7.0,67,33
745.5,"sofia university ""st kliment ohridski""",bulgaria,,14.4,16.3,54.1,2.1,3.1,8.4,12.9,27.3,16.7,,,,,,,,,,,,
509.0,sogang university,south korea,22.9,21.5,49.1,55.7,5.5,7.2,24.3,1.0,16.5,1.4,900.5,34.8,27.2,30.6,39.8,73.3,45.0,9688,23.9,19.0,47,53
,sohag university,egypt,,,,,,,,,,,1350.5,25.5,12.5,9.0,53.5,18.3,48.8,64200,27.6,0.0,56,44
,sohar university,oman,,,,,,,,,,,,,,,,,,3842,28.5,2.0,80,20
,solent university southampton,united kingdom,,,,,,,,,,,,,,,,,,8810,17.4,34.0,47,53
685.5,soochow university,china (mainland),,6.2,2.3,16.8,58.5,6.7,2.7,10.4,11.1,3.8,,,,,,,,,,,,
1401.0,soochow university,taiwan,,4.7,6.0,4.3,1.8,4.0,4.0,1.0,8.3,2.2,,,,,,,,,,,,
,soochow university china,china,,,,,,,,,,,550.5,43.599999999999994,27.7,24.3,79.8,75.6,30.6,47295,15.8,3.0,52,48
,soochow university taiwan,taiwan,,,,,,,,,,,,,,,,,,14828,34.6,4.0,60,40
1300.5,sookmyung women's university,south korea,,5.4,6.4,21.4,4.5,4.7,2.0,1.0,7.3,1.0,,,,,,,,,,,,
1100.5,soonchunhyang university,south korea,,5.0,2.9,46.6,7.3,5.7,4.8,1.0,6.8,1.1,1350.5,25.5,19.8,25.4,33.0,48.2,35.0,10329,21.4,6.0,51,49
1300.5,soongsil university,south korea,,5.0,6.5,10.1,4.3,5.9,13.9,1.0,4.2,1.0,1350.5,25.5,26.7,15.0,25.1,47.4,35.6,15808,18.6,12.0,48,52
925.5,sophia university,japan,,12.1,19.9,21.3,2.1,35.2,12.0,1.0,12.5,5.9,1501.0,16.2,22.6,11.0,13.3,25.4,50.9,13265,12.7,10.0,60,40
59.0,sorbonne university,france,71.7,88.6,53.2,43.3,85.4,35.2,49.8,100.0,39.5,75.8,75.0,70.5,64.7,60.8,83.7,69.5,78.8,41527,14.5,22.0,60,40
,south china normal university,china,,,,,,,,,,,700.5,39.4,22.9,21.7,63.9,51.4,37.4,33133,18.9,3.0,,
,south china university of technology,china,,,,,,,,,,,275.5,54.45,36.6,38.2,83.2,92.8,44.0,40449,12.6,6.0,38,62
392.0,south china university of technology,china (mainland),28.2,12.5,4.2,19.0,95.4,10.4,4.5,9.7,21.9,10.2,,,,,,,,,,,,
975.5,south ural state university,russia,,9.3,4.2,39.4,3.0,9.7,16.4,36.6,5.1,1.3,,,,,,,,,,,,
,south ural state university,russian federation,,,,,,,,,,,700.5,39.4,23.2,13.5,74.7,24.7,54.5,15354,11.0,11.0,37,63
,south valley university,egypt,,,,,,,,,,,1350.5,25.5,16.0,9.2,53.3,17.7,48.9,61914,33.0,1.0,53,47
,southeast university,china,,,,,,,,,,,325.5,52.05,39.9,46.3,68.4,90.4,47.6,39637,12.4,4.0,36,64
454.0,southeast university,china (mainland),25.2,12.8,7.4,23.9,73.1,15.1,3.5,21.1,8.8,16.9,,,,,,,,,,,,
655.5,southern cross university,australia,,4.7,3.4,3.2,38.6,71.2,66.2,9.3,6.9,11.0,550.5,43.599999999999994,23.5,27.7,65.4,52.8,73.7,10381,48.7,23.0,66,34
875.5,southern federal university,russia,,7.6,3.6,77.8,1.8,3.5,23.1,5.1,6.6,11.7,,,,,,,,,,,,
,southern federal university,russian federation,,,,,,,,,,,1350.5,25.5,27.9,14.3,21.4,32.1,40.3,19181,11.3,11.0,54,46
,southern medical university,china,,,,,,,,,,,375.5,50.05,44.1,36.7,74.8,56.4,30.4,20555,10.7,6.0,,
1100.5,southern methodist university,united states,,5.2,3.8,28.0,8.6,13.0,8.8,2.7,30.5,1.6,,,,,,,,,,,,
,southern technical university,iraq,,,,,,,,,,,,,,,,,,17370,34.5,0.0,41,59
,southern university of science and technology,china,,,,,,,,,,,225.5,57.25,32.9,40.8,92.8,60.3,69.3,6575,9.0,1.0,,
301.0,southern university of science and technology,china (mainland),34.6,9.1,2.1,94.6,95.0,37.2,1.5,6.8,7.4,6.9,,,,,,,,,,,,
,southwest petroleum university,china,,,,,,,,,,,1350.5,25.5,17.9,15.1,38.3,53.1,21.8,33002,15.9,2.0,34,66
,southwest state university,russian federation,,,,,,,,,,,1501.0,16.2,20.8,11.2,11.4,33.7,32.1,6592,13.4,11.0,39,61
1100.5,southwest university,china (mainland),,3.9,1.7,12.6,19.2,1.3,1.7,5.9,9.0,5.8,,,,,,,,,,,,
,sri balaji vidyapeeth,india,,,,,,,,,,,,,,,,,,4625,8.7,1.0,57,43
,sri lanka institute of information technology,sri lanka,,,,,,,,,,,,,,,,,,13581,56.8,0.0,38,62
,sri venkateswara university,india,,,,,,,,,,,1350.5,25.5,36.8,11.3,23.6,20.9,31.5,7276,15.0,0.0,48,52
,srinakharinwirot university,thailand,,,,,,,,,,,1501.0,16.2,19.4,9.7,15.8,18.8,22.3,28132,18.9,1.0,67,33
1300.5,srm institute of science and technology,india,,7.0,13.1,12.2,3.7,1.7,2.1,8.1,7.5,3.8,1350.5,25.5,21.6,11.5,51.6,21.9,26.8,49683,15.5,2.0,30,70
,sruc,united kingdom,,,,,,,,,,,700.5,39.4,25.3,12.8,79.3,26.9,64.8,1465,5.5,8.0,64,36
,st george’s university of london,united kingdom,,,,,,,,,,,325.5,52.05,23.5,25.8,93.5,66.8,79.5,3725,13.1,18.0,66,34
925.5,st louis university,united states,,4.2,2.7,66.3,11.1,16.5,6.5,2.1,11.1,,,,,,,,,,,,,
,st luke’s international university,japan,,,,,,,,,,,,,,,,,,727,8.7,2.0,93,7
,st marianna university school of medicine,japan,,,,,,,,,,,1350.5,25.5,27.6,9.9,44.4,37.3,20.1,821,0.8,1.0,44,56
,st mary’s university college belfast,united kingdom,,,,,,,,,,,,,,,,,,940,23.5,48.0,72,28
,st mary’s university twickenham,united kingdom,,,,,,,,,,,,,,,,,,4505,15.8,23.0,55,45
,st petersburg electrotechnical university,russian federation,,,,,,,,,,,1350.5,25.5,22.6,16.4,22.8,37.6,41.7,8712,13.6,20.0,31,69
,staffordshire university,united kingdom,,,,,,,,,,,1100.5,30.450000000000003,17.9,11.5,48.0,21.5,64.8,11085,17.6,12.0,48,52
1401.0,stamford university bangladesh,bangladesh,,10.0,2.8,,,,,1.0,,,,,,,,,,,,,,
5.0,stanford university,united states,98.1,100.0,100.0,100.0,99.9,99.9,51.2,95.8,100.0,94.4,2.0,98.0,99.0,97.8,99.6,100.0,87.0,14517,6.4,23.0,47,53
,state energy institute of turkmenistan,turkmenistan,,,,,,,,,,,,,,,,,,2402,13.0,1.0,29,71
,state university of bahia,brazil,,,,,,,,,,,1501.0,16.2,19.3,8.6,4.1,16.2,20.0,25067,11.9,0.0,66,34
1401.0,state university of malang,indonesia,,5.3,2.3,7.9,1.7,9.9,1.3,1.0,7.5,1.0,1501.0,16.2,18.5,11.1,30.0,15.8,31.4,33358,30.5,4.0,55,45
,state university of ponta grossa,brazil,,,,,,,,,,,1501.0,16.2,24.9,11.3,18.1,18.1,25.9,8568,8.9,0.0,55,45
,state university of santa cruz,brazil,,,,,,,,,,,1501.0,16.2,22.9,9.3,14.1,17.4,34.9,7854,9.8,2.0,46,54
,stavropol state agrarian university,russian federation,,,,,,,,,,,,,,,,,,4007,6.8,7.0,52,48
1300.5,stefan cel mare university of suceava,romania,,3.8,2.3,4.9,3.8,2.4,27.7,1.1,8.5,1.0,,,,,,,,,,,,
283.0,stellenbosch university,south africa,36.5,25.0,39.4,3.1,59.9,20.0,7.8,92.0,50.1,44.1,325.5,52.05,33.8,39.5,76.9,89.8,59.9,25140,25.7,7.0,56,44
625.5,stevens institute of technology,united states,,2.7,2.9,4.7,52.4,37.5,91.4,1.2,12.2,1.1,450.5,47.2,26.9,25.3,74.6,62.4,80.8,6393,18.6,30.0,29,71
118.0,stockholm university,sweden,56.8,54.1,15.2,28.2,71.9,81.5,84.1,95.3,76.2,75.1,185.0,59.6,32.1,49.6,91.0,59.2,81.2,29774,20.3,13.0,,
,stony brook university,united states,,,,,,,,,,,275.5,54.45,43.6,29.7,81.4,66.5,78.8,25825,10.5,19.0,54,46
396.0,stony brook university state university of new york,united states,28.1,18.9,7.6,30.4,31.8,45.2,51.0,34.4,18.5,88.8,,,,,,,,,,,,
,stranmillis university college,united kingdom,,,,,,,,,,,,,,,,,,1115,24.8,18.0,79,21
1401.0,sudan university of science and technology,sudan,,4.1,2.7,3.2,1.2,1.9,1.6,1.0,9.4,1.0,,,,,,,,,,,,
1300.5,suez canal university,egypt,,3.9,2.6,16.2,2.2,2.2,1.8,5.7,4.7,1.2,1100.5,30.450000000000003,19.7,8.8,57.6,28.3,50.6,45981,13.1,1.0,52,48
,suez university,egypt,,,,,,,,,,,1100.5,30.450000000000003,13.0,8.3,70.9,24.4,48.9,17744,20.3,2.0,54,46
,sugiyama jogakuen university,japan,,,,,,,,,,,,,,,,,,5808,28.3,1.0,100,0
,sukkur iba university,pakistan,,,,,,,,,,,,,,,,,,4345,15.4,0.0,26,74
1300.5,suleyman demirel university,turkey,,6.8,3.8,4.1,2.4,1.8,5.1,1.5,7.5,1.1,,,,,,,,,,,,
1300.5,suleyman demirel university kazakhstan,kazakhstan,,9.8,8.5,3.6,1.3,3.9,1.2,1.0,12.7,1.1,,,,,,,,,,,,
454.0,sultan qaboos university,oman,25.2,16.7,13.7,56.7,18.4,100.0,3.4,48.3,17.4,8.0,700.5,39.4,28.1,22.2,62.3,35.7,74.0,7512,9.2,4.0,50,50
975.5,sumy state university,ukraine,,5.6,5.7,42.4,2.3,2.9,63.1,1.2,9.7,3.4,450.5,47.2,24.3,13.5,68.9,20.0,63.2,8449,12.0,24.0,45,55
,sun yat-sen university,china,,,,,,,,,,,225.5,57.25,46.6,39.5,83.2,86.2,39.1,61453,15.2,5.0,48,52
323.0,sun yat-sen university,china (mainland),32.8,36.4,22.3,48.8,44.1,2.4,4.2,33.3,16.7,38.4,,,,,,,,,,,,
145.0,sungkyunkwan university,south korea,51.9,64.2,71.6,81.8,37.9,17.8,34.0,9.8,26.8,27.6,145.0,62.5,55.5,54.2,72.9,98.8,61.3,23402,19.4,19.0,,
925.5,sungshin women's university,south korea,,5.1,7.4,88.4,1.2,2.8,4.2,1.0,5.1,1.0,,,,,,,,,,,,
586.0,sunway university,malaysia,20.2,10.5,44.1,52.2,7.2,35.5,24.3,4.4,9.2,5.4,700.5,39.4,24.7,14.6,71.7,17.2,78.3,4350,8.1,14.0,52,48
,suny binghamton university,united states,,,,,,,,,,,700.5,39.4,30.7,22.0,61.1,62.8,42.7,18976,22.1,8.0,52,48
1300.5,suranaree university of technology,thailand,,6.2,3.1,3.4,8.6,6.1,1.5,1.6,8.5,1.7,1350.5,25.5,21.9,20.9,27.7,54.9,37.9,14265,26.2,1.0,54,46
307.0,swansea university,united kingdom,33.9,21.0,45.0,23.6,27.4,73.1,54.1,59.0,10.6,61.0,275.5,54.45,27.6,30.2,89.7,62.8,89.5,18505,16.8,21.0,47,53
745.5,swarthmore college,united states,,3.4,1.8,85.9,17.0,5.4,28.8,1.0,18.5,,,,,,,,,,,,,
,swedish university of agricultural sciences,sweden,,,,,,,,,,,325.5,52.05,34.7,34.9,78.8,85.4,54.4,4437,4.7,8.0,71,29
285.0,swinburne university of technology,australia,36.1,13.4,12.0,11.0,89.5,97.9,65.5,23.9,10.8,25.8,225.5,57.25,31.7,34.0,91.3,75.4,85.6,14324,28.5,24.0,42,58
,swps university,poland,,,,,,,,,,,1100.5,30.450000000000003,12.8,16.4,53.0,16.2,52.7,15863,39.0,7.0,77,23
,symbiosis international university,india,,,,,,,,,,,1100.5,30.450000000000003,22.1,12.1,62.7,18.0,40.8,16408,13.0,6.0,48,52
785.5,syracuse university,united states,,13.6,9.6,11.8,13.7,4.8,44.1,11.1,30.2,23.0,450.5,47.2,33.8,28.2,73.3,72.7,56.5,19214,14.1,21.0,53,47
1100.5,széchenyi istván university,hungary,,8.1,24.7,22.8,1.6,4.2,6.6,1.0,9.2,1.3,1501.0,16.2,19.1,11.7,23.2,17.4,29.6,9573,14.8,5.0,45,55
,süleyman demirel university,turkey,,,,,,,,,,,1501.0,16.2,23.5,9.8,29.9,18.6,25.6,39648,32.3,5.0,52,48
,t c demiroğlu bilim university,turkey,,,,,,,,,,,,,,,,,,2025,10.3,0.0,68,32
,tabriz university of medical sciences,iran,,,,,,,,,,,550.5,43.599999999999994,43.0,15.1,73.1,29.9,30.2,8065,9.3,2.0,54,46
,tafila technical university,jordan,,,,,,,,,,,,,,,,,,5320,22.9,1.0,40,60
1100.5,taibah university,saudi arabia,,5.7,2.3,4.1,3.2,97.7,2.3,2.4,4.5,2.1,1100.5,30.450000000000003,14.4,10.2,54.2,18.5,76.0,61471,24.4,2.0,61,39
,taif university,saudi arabia,,,,,,,,,,,550.5,43.599999999999994,18.3,17.8,84.1,20.9,75.6,36059,19.4,3.0,55,45
577.0,taipei medical university,taiwan,20.5,10.3,15.4,91.1,17.9,15.1,15.6,1.3,9.9,9.0,450.5,47.2,47.4,32.6,60.9,85.1,48.5,5993,8.9,10.0,59,41
,takushoku university,japan,,,,,,,,,,,,,,,,,,9033,12.7,13.0,31,69
1100.5,tallinn university,estonia,,8.7,5.7,6.9,6.1,40.0,19.3,9.3,11.0,1.3,1100.5,30.450000000000003,24.8,23.0,42.6,22.1,59.3,4509,9.9,14.0,71,29
655.5,tallinn university of technology,estonia,,12.9,11.4,27.6,9.6,49.5,25.0,48.5,32.0,3.5,700.5,39.4,25.7,20.6,65.7,48.1,69.1,8521,11.4,14.0,40,60
,tama art university,japan,,,,,,,,,,,,,,,,,,4745,33.4,11.0,72,28
,tamil nadu agricultural university,india,,,,,,,,,,,1501.0,16.2,29.5,11.0,14.0,26.7,17.0,7000,9.3,0.0,61,39
1300.5,tamkang university,taiwan,,5.7,5.5,3.6,5.6,8.4,7.4,1.1,20.9,4.9,1350.5,25.5,15.3,12.7,34.1,43.6,42.9,23600,22.5,7.0,47,53
436.0,tampere university,finland,26.0,22.5,19.5,23.9,31.8,32.0,6.4,56.4,20.6,37.2,325.5,52.05,30.6,38.4,80.9,93.1,49.8,16236,20.7,7.0,55,45
1300.5,tanta university,egypt,,6.3,4.3,4.1,2.1,1.6,2.0,21.4,6.5,13.9,1100.5,30.450000000000003,20.4,9.1,62.6,20.0,47.8,123577,17.3,1.0,57,43
685.5,taras shevchenko national university of kyiv,ukraine,,19.2,38.6,33.4,2.3,1.5,5.1,2.9,28.0,1.9,1350.5,25.5,30.0,13.1,20.2,31.4,31.8,25937,10.6,5.0,56,44
,tarlac agricultural university,philippines,,,,,,,,,,,,,,,,,,6518,26.1,0.0,59,41
,tarsus university,turkey,,,,,,,,,,,,,,,,,,2926,22.7,1.0,48,52
,tashkent institute of chemical technology,uzbekistan,,,,,,,,,,,,,,,,,,5140,17.1,0.0,36,64
,tashkent institute of finance,uzbekistan,,,,,,,,,,,,,,,,,,9115,22.7,1.0,32,68
,tashkent institute of irrigation and agricultural mechanisation,uzbekistan,,,,,,,,,,,,,,,,,,5750,7.4,5.0,28,72
,tashkent institute of textile and light industry,uzbekistan,,,,,,,,,,,,,,,,,,4189,11.5,0.0,44,56
,tashkent medical academy,uzbekistan,,,,,,,,,,,,,,,,,,7541,9.8,2.0,47,53
,tashkent pediatric medical institute,uzbekistan,,,,,,,,,,,,,,,,,,5946,10.1,1.0,50,50
,tashkent pharmaceutical institute,uzbekistan,,,,,,,,,,,,,,,,,,3644,13.4,12.0,65,35
,tashkent state dental institute,uzbekistan,,,,,,,,,,,,,,,,,,4826,8.9,3.0,51,49
,tashkent state pedagogical university named after nizami,uzbekistan,,,,,,,,,,,,,,,,,,15698,22.2,1.0,60,40
,tashkent state technical university,uzbekistan,,,,,,,,,,,,,,,,,,13889,12.6,0.0,18,82
,tashkent state transport university,uzbekistan,,,,,,,,,,,,,,,,,,17437,24.1,0.0,9,91
,tashkent state university of economics,uzbekistan,,,,,,,,,,,,,,,,,,13484,21.0,3.0,39,61
,tashkent state university of law,uzbekistan,,,,,,,,,,,,,,,,,,4850,10.8,1.0,27,73
,tashkent state university of oriental studies,uzbekistan,,,,,,,,,,,,,,,,,,4664,14.8,1.0,53,47
,tashkent university of information technologies,uzbekistan,,,,,,,,,,,,,,,,,,18118,19.4,0.0,19,81
,tata institute of fundamental research,india,,,,,,,,,,,,,,,,,,758,3.0,0.0,28,72
,tatung university,taiwan,,,,,,,,,,,,,,,,,,3926,19.4,3.0,38,62
284.0,taylor's university,malaysia,36.2,24.0,82.8,63.3,8.5,54.1,98.8,3.8,10.5,2.3,,,,,,,,,,,,
,teacher education college of setif,algeria,,,,,,,,,,,,,,,,,,1397,14.7,0.0,93,7
,technical university of berlin,germany,,,,,,,,,,,136.0,63.0,47.8,55.6,78.1,99.9,71.3,20425,49.6,29.0,35,65
,technical university of cartagena,spain,,,,,,,,,,,1100.5,30.450000000000003,25.1,12.7,42.9,36.3,40.7,4549,10.1,8.0,28,72
1300.5,technical university of cluj-napoca,romania,,5.0,4.8,7.3,3.7,1.7,2.7,2.8,8.0,1.1,1350.5,25.5,17.0,13.2,39.3,29.5,25.0,19065,20.5,2.0,37,63
1401.0,technical university of crete,greece,,5.9,5.4,,,,,2.6,,,1350.5,25.5,13.1,11.1,50.4,40.6,40.7,6935,33.2,4.0,37,63
246.0,technical university of darmstadt,germany,39.7,21.0,37.5,6.2,79.0,62.6,74.6,32.5,33.5,19.9,275.5,54.45,42.4,48.1,62.6,99.8,65.4,15882,37.0,19.0,33,67
121.0,technical university of denmark,denmark,56.2,32.5,16.3,99.8,83.4,100.0,82.0,71.6,28.9,54.9,126.0,64.6,50.7,47.4,83.2,99.7,92.2,10410,7.7,28.0,32,68
1100.5,technical university of kosice,slovakia,,7.5,2.5,22.8,5.2,1.5,59.3,1.7,12.8,1.1,,,,,,,,,,,,
,technical university of košice,slovakia,,,,,,,,,,,1350.5,25.5,26.5,17.1,30.2,30.0,44.8,9573,13.1,23.0,27,73
1100.5,technical university of liberec,czech republic,,4.3,3.2,45.5,4.3,16.4,10.1,1.6,7.8,1.0,1501.0,16.2,21.0,18.9,18.2,34.5,44.2,5303,13.3,10.0,54,46
1300.5,technical university of lublin,poland,,5.7,1.9,23.8,2.7,,11.3,1.0,6.2,1.0,,,,,,,,,,,,
,technical university of madrid,spain,,,,,,,,,,,900.5,34.8,26.6,15.8,49.8,57.4,53.8,39221,15.8,14.0,33,67
,technical university of moldova,moldova,,,,,,,,,,,,,,,,,,8183,11.6,2.0,33,67
37.0,technical university of munich,germany,80.0,83.9,98.2,88.8,59.6,76.5,97.3,86.7,25.0,84.8,30.0,82.5,69.8,85.1,90.0,100.0,83.1,35506,44.4,39.0,37,63
,technical university of sofia,bulgaria,,,,,,,,,,,1501.0,16.2,23.2,11.1,24.2,25.0,26.8,10318,9.7,9.0,21,79
392.0,technion - israel institute of technology,israel,28.2,25.4,27.8,43.9,25.4,64.8,4.6,12.8,30.7,26.1,,,,,,,,,,,,
,technion israel institute of technology,israel,,,,,,,,,,,375.5,50.05,37.5,34.0,66.9,68.1,71.8,15934,22.7,13.0,40,60
1401.0,technische universität bergakademie freiberg,germany,,5.5,4.6,,,,,4.9,,,,,,,,,,,,,,
154.0,technische universität berlin,germany,50.5,56.2,69.3,53.0,24.9,51.3,68.8,55.0,25.4,52.1,,,,,,,,,,,,
755.5,technische universität braunschweig,germany,,11.0,14.5,58.8,6.3,,26.8,20.2,12.0,4.8,,,,,,,,,,,,
246.0,technische universität dresden,germany,39.7,37.5,37.7,91.2,14.8,46.2,35.2,87.4,11.2,30.7,,,,,,,,,,,,
1401.0,technische universität hamburg-harburg,germany,,8.8,5.6,,,,,2.8,,,,,,,,,,,,,,
1401.0,technische universität kaiserslautern,germany,,6.5,3.2,,,,,10.8,,,,,,,,,,,,,,
184.0,technische universität wien,austria,47.6,32.9,44.4,13.1,85.7,79.3,89.0,45.1,13.2,19.0,,,,,,,,,,,,
875.5,technological university dublin,ireland,,12.1,12.4,12.6,3.1,32.7,39.6,5.0,13.1,16.9,1100.5,30.450000000000003,19.1,13.1,45.6,66.0,64.9,20801,18.7,18.0,44,56
,technological university of pereira,colombia,,,,,,,,,,,1501.0,16.2,15.0,4.6,14.8,19.2,32.4,17877,17.8,0.0,44,56
,tecnológico de costa rica,costa rica,,,,,,,,,,,,,,,,,,11125,14.5,2.0,38,62
975.5,tecnológico de costa rica -tec,costa rica,,8.4,33.8,23.2,1.4,6.8,2.0,1.0,12.4,1.9,,,,,,,,,,,,
184.0,tecnológico de monterrey,mexico,47.6,51.3,96.8,63.5,2.3,32.7,11.7,13.5,88.3,65.7,,,,,,,,,,,,
,teerthanker mahaveer university,india,,,,,,,,,,,,,,,,,,9894,11.9,0.0,42,58
,teesside university,united kingdom,,,,,,,,,,,1100.5,30.450000000000003,19.6,13.1,52.7,19.7,81.0,14085,19.4,25.0,57,43
,tehran university of medical sciences,iran,,,,,,,,,,,700.5,39.4,50.0,18.5,54.3,45.1,37.5,11742,6.2,12.0,56,44
,teikyo heisei university,japan,,,,,,,,,,,,,,,,,,10057,19.7,1.0,47,53
,teikyo university,japan,,,,,,,,,,,1501.0,16.2,17.4,12.7,33.9,37.2,26.7,23162,16.0,5.0,36,64
215.0,tel aviv university,israel,43.9,33.2,23.6,3.8,99.9,40.4,4.6,39.5,72.9,38.4,225.5,57.25,40.7,49.7,83.0,76.2,52.9,24995,24.2,5.0,57,43
1100.5,telkom university,indonesia,,7.4,9.4,27.0,1.4,22.3,3.6,1.0,10.4,3.4,1501.0,16.2,15.0,11.0,28.5,21.3,38.1,18956,16.8,3.0,42,58
725.5,temple university,united states,,12.5,7.9,26.4,18.8,3.4,5.7,48.1,18.3,23.0,375.5,50.05,40.7,24.3,85.2,70.4,43.6,34069,12.3,6.0,56,44
,temuco catholic university,chile,,,,,,,,,,,1501.0,16.2,19.8,10.5,12.7,23.9,43.1,10775,11.1,0.0,61,39
,tenri university,japan,,,,,,,,,,,,,,,,,,3156,23.4,6.0,36,64
,termez institute of engineering and technology,uzbekistan,,,,,,,,,,,,,,,,,,5877,41.7,0.0,15,85
,termez state university,uzbekistan,,,,,,,,,,,,,,,,,,25511,26.2,1.0,50,50
,termiz institute of agrotechnology and innovative development,uzbekistan,,,,,,,,,,,,,,,,,,2049,17.4,0.0,48,52
134.0,texas a&m university,united states,52.9,62.0,59.6,4.5,68.4,23.1,13.3,88.4,30.1,61.3,118.0,65.3,55.2,62.1,77.3,76.4,64.1,64427,20.5,6.0,47,53
,texas state university,united states,,,,,,,,,,,1100.5,30.450000000000003,17.8,16.0,47.8,31.6,43.9,30895,20.0,1.0,60,40
825.5,texas tech university,united states,,11.0,11.8,5.0,15.3,8.5,7.1,20.3,13.7,56.1,700.5,39.4,30.7,20.9,56.9,58.0,58.9,37331,21.1,6.0,50,50
,tezpur university,india,,,,,,,,,,,1350.5,25.5,31.3,15.3,27.9,33.8,18.4,4447,15.3,1.0,43,57
600.0,thammasat university,thailand,19.8,23.8,26.4,25.1,2.1,11.6,1.7,2.0,72.5,29.4,1350.5,25.5,26.3,19.1,25.7,30.1,38.1,30488,11.4,1.0,64,36
975.5,thapar institute of engineering & technology,india,,3.8,4.0,7.9,36.9,3.7,1.6,1.6,8.7,1.2,,,,,,,,,,,,
,thapar institute of engineering and technology,india,,,,,,,,,,,700.5,39.4,24.3,11.9,84.8,23.0,28.7,10647,15.1,1.0,34,66
1300.5,"the ""gheorghe asachi"" technical university of iasi",romania,,6.0,6.8,2.4,5.5,,5.0,2.2,6.5,1.1,,,,,,,,,,,,
415.0,the american university in cairo,egypt,27.0,30.3,23.8,42.8,4.6,97.9,3.9,1.4,63.3,16.3,,,,,,,,,,,,
34.0,the australian national university,australia,81.5,93.2,70.2,34.9,92.8,100.0,93.3,78.5,43.9,87.4,,,,,,,,,,,,
,the british university in dubai,united arab emirates,,,,,,,,,,,,,,,,,,527,11.7,60.0,46,54
,the british university in egypt,egypt,,,,,,,,,,,1350.5,25.5,17.5,9.5,47.7,16.3,36.9,10648,14.8,3.0,47,53
,the catholic university of america,united states,,,,,,,,,,,700.5,39.4,44.4,20.0,45.6,68.7,51.7,3930,11.2,6.0,55,45
785.5,the catholic university of korea,south korea,,3.6,2.7,99.0,12.0,3.3,13.0,1.0,7.2,1.1,700.5,39.4,30.7,38.7,42.9,89.9,36.2,7389,17.9,7.0,57,43
47.0,the chinese university of hong kong,hong kong sar,76.2,88.4,46.3,60.0,92.3,100.0,77.1,32.7,78.6,61.3,,,,,,,,,,,,
,the government sadiq college women university bahawalpur,pakistan,,,,,,,,,,,,,,,,,,6055,68.8,0.0,100,0
,the graduate university for advanced studies sokendai,japan,,,,,,,,,,,,,,,,,,543,0.5,29.0,29,71
1300.5,the hashemite university,jordan,,8.0,13.0,3.8,3.4,9.0,8.0,3.0,6.2,1.1,1350.5,25.5,13.2,14.2,40.6,25.4,53.1,17665,23.0,7.0,63,37
251.0,the hebrew university of jerusalem,israel,39.3,34.3,29.1,81.2,22.5,54.7,16.0,37.1,77.7,50.9,,,,,,,,,,,,
1300.5,the herzen state pedagogical university of russia,russia,,4.0,1.9,24.9,1.2,1.5,38.9,1.0,8.8,1.5,,,,,,,,,,,,
,the hong kong polytechnic university,hong kong,,,,,,,,,,,87.0,68.2,45.7,54.1,94.5,87.4,96.3,20034,30.6,30.0,51,49
65.0,the hong kong polytechnic university,hong kong sar,68.7,68.1,30.2,68.0,88.8,100.0,87.4,42.0,49.2,92.8,,,,,,,,,,,,
,the hong kong university of science and technology,hong kong,,,,,,,,,,,64.0,73.0,54.0,62.1,92.9,100.0,95.5,9794,19.9,30.0,,
60.0,the hong kong university of science and technology,hong kong sar,71.1,83.3,42.6,53.6,99.1,100.0,91.4,5.3,50.3,31.0,,,,,,,,,,,,
,the islamia university of bahawalpur,pakistan,,,,,,,,,,,1100.5,30.450000000000003,16.4,11.4,66.7,18.2,48.2,64226,47.8,0.0,42,58
,the islamic university,iraq,,,,,,,,,,,,,,,,,,5023,10.2,1.0,60,40
,the jikei university school of medicine,japan,,,,,,,,,,,1350.5,25.5,30.1,10.8,40.5,42.6,19.7,1095,0.9,0.0,50,50
,the john paul ii catholic university of lublin,poland,,,,,,,,,,,1350.5,25.5,27.7,14.3,35.1,18.6,34.0,9173,9.6,9.0,65,35
1300.5,the josip juraj strossmayer university of osijek,croatia,,4.3,,30.2,2.9,,,5.3,9.9,1.0,,,,,,,,,,,,
,the lnm institute of information technology,india,,,,,,,,,,,,,,,,,,2193,19.1,0.0,15,85
45.0,the london school of economics and political science,united kingdom,76.9,67.7,96.1,39.6,80.2,100.0,100.0,32.4,98.6,97.8,,,,,,,,,,,,
1300.5,"the national research university ""belgorod state university""",russia,,4.0,1.3,18.4,2.0,2.4,52.9,1.2,7.9,3.5,,,,,,,,,,,,
,the national university of ostroh academy,ukraine,,,,,,,,,,,,,,,,,,3923,9.8,0.0,48,52
685.5,the national university of science and technology misis,russia,,6.5,8.0,75.5,14.7,7.9,49.9,3.6,9.8,1.1,,,,,,,,,,,,
645.5,the new school,united states,,15.9,14.9,44.3,2.8,6.0,91.7,1.2,24.7,1.1,900.5,34.8,29.8,15.5,45.8,27.2,61.1,8644,9.3,34.0,73,27
151.0,the ohio state university,united states,51.3,59.4,55.8,53.8,30.8,49.7,16.5,85.0,35.2,78.4,,,,,,,,,,,,
,the open university,united kingdom,,,,,,,,,,,700.5,39.4,17.7,16.1,68.7,52.6,63.6,81570,33.5,8.0,65,35
89.0,the university of adelaide,australia,62.0,54.2,36.5,16.2,87.1,100.0,99.6,78.8,38.4,96.3,,,,,,,,,,,,
,the university of agriculture peshawar,pakistan,,,,,,,,,,,1350.5,25.5,15.6,10.2,36.5,22.3,48.1,11262,35.3,1.0,9,91
,the university of aizu,japan,,,,,,,,,,,700.5,39.4,26.6,13.8,58.6,63.7,82.6,1221,11.5,12.0,11,89
975.5,the university of alabama,united states,,9.7,19.0,5.9,12.8,8.9,2.7,8.8,13.3,16.3,700.5,39.4,26.0,21.2,64.4,46.6,39.3,34810,21.6,4.0,57,43
285.0,the university of arizona,united states,36.1,38.5,18.4,72.5,19.5,11.0,9.3,88.0,31.0,71.5,,,,,,,,,,,,
68.0,the university of auckland,new zealand,68.0,81.6,40.8,19.3,61.7,100.0,91.6,64.4,94.3,99.6,,,,,,,,,,,,
,the university of chicago,united states,,,,,,,,,,,13.0,92.1,89.6,91.2,97.6,93.8,82.3,15792,6.2,36.0,47,53
22.0,the university of edinburgh,united kingdom,86.1,98.1,96.9,72.4,58.7,98.8,99.9,99.6,48.1,99.7,,,,,,,,,,,,
,the university of electro-communications,japan,,,,,,,,,,,1350.5,25.5,22.3,22.7,28.4,65.9,37.5,4659,15.5,5.0,12,88
153.0,the university of exeter,united kingdom,50.9,43.0,51.1,27.4,43.3,91.6,76.2,89.8,19.7,94.8,,,,,,,,,,,,
514.0,the university of georgia,united states,22.7,20.9,18.2,9.7,29.7,9.7,4.5,59.1,17.7,46.6,,,,,,,,,,,,
26.0,the university of hong kong,hong kong sar,84.5,97.6,51.4,82.9,82.3,100.0,99.0,42.7,99.5,97.3,,,,,,,,,,,,
,the university of jordan,jordan,,,,,,,,,,,700.5,39.4,27.8,13.4,62.7,30.8,67.1,25631,10.3,20.0,69,31
1100.5,the university of lahore,pakistan,,9.4,17.5,15.3,2.6,3.0,2.5,6.9,9.1,10.6,,,,,,,,,,,,
32.0,the university of manchester,united kingdom,82.2,95.4,98.0,53.8,49.1,93.5,99.4,99.7,71.9,92.3,,,,,,,,,,,,
14.0,the university of melbourne,australia,87.9,98.4,92.3,15.4,92.1,92.9,99.7,97.2,93.3,90.4,,,,,,,,,,,,
19.0,the university of new south wales,australia,86.7,89.7,88.1,18.2,95.9,100.0,99.1,99.0,95.5,99.6,,,,,,,,,,,,
173.0,the university of newcastle australia,australia,48.7,29.3,26.9,36.5,91.4,100.0,17.3,49.2,12.5,93.2,,,,,,,,,,,,
1100.5,the university of northampton,united kingdom,,3.4,2.9,5.7,2.9,37.8,96.7,1.0,9.6,1.0,,,,,,,,,,,,
1401.0,the university of notre dame australia,australia,,3.2,4.2,3.1,7.6,2.9,1.5,1.0,6.2,1.0,,,,,,,,,,,,
43.0,the university of queensland,australia,78.1,87.1,73.7,21.6,87.0,100.0,100.0,95.0,44.4,73.1,70.0,72.0,52.9,64.3,89.1,99.8,94.0,42847,39.1,42.0,55,45
104.0,the university of sheffield,united kingdom,59.7,58.7,52.3,54.7,46.9,84.0,97.5,96.1,24.9,76.3,,,,,,,,,,,,
,the university of shiga prefecture,japan,,,,,,,,,,,,,,,,,,2881,14.0,2.0,49,51
19.0,the university of sydney,australia,86.7,96.0,87.7,11.8,93.5,99.5,100.0,91.9,88.1,99.7,60.0,73.8,52.6,68.9,92.0,97.7,90.2,57414,23.1,51.0,58,42
446.0,the university of tennessee knoxville,united states,25.7,10.3,15.4,10.8,72.5,4.2,2.5,45.2,11.9,30.7,,,,,,,,,,,,
,the university of tennessee-knoxville,united states,,,,,,,,,,,325.5,52.05,38.0,31.6,84.5,72.9,56.1,28377,17.0,3.0,,
1100.5,the university of texas at arlington,united states,,5.2,4.7,4.7,10.4,2.3,20.5,7.9,10.0,34.3,,,,,,,,,,,,
,the university of texas at san antonio,united states,,,,,,,,,,,550.5,43.599999999999994,21.0,22.5,79.2,63.6,42.8,28469,26.4,3.0,52,48
,the university of the west indies,jamaica,,,,,,,,,,,1100.5,30.450000000000003,19.7,11.8,51.9,31.5,47.3,39257,16.3,1.0,68,32
28.0,the university of tokyo,japan,84.3,100.0,99.8,90.4,70.0,10.3,29.2,70.0,99.8,99.7,29.0,83.1,93.9,94.2,67.8,100.0,49.7,26345,10.3,15.0,,
,the university of tulsa,united states,,,,,,,,,,,550.5,43.599999999999994,36.1,17.2,71.9,52.9,44.6,4110,10.8,9.0,49,51
67.0,the university of warwick,united kingdom,68.6,71.3,88.0,37.3,49.0,98.2,99.3,89.7,47.2,62.5,,,,,,,,,,,,
72.0,the university of western australia,australia,66.9,56.2,44.6,16.5,98.9,100.0,99.8,90.0,66.0,70.1,143.0,62.7,37.7,48.6,88.7,97.2,93.5,19382,22.4,26.0,50,50
,the women university multan,pakistan,,,,,,,,,,,,,,,,,,7072,38.0,0.0,100,0
,the world islamic sciences and education university,jordan,,,,,,,,,,,,,,,,,,8207,27.2,8.0,64,36
,thiagarajar college of engineering,india,,,,,,,,,,,1350.5,25.5,18.7,8.9,41.9,20.2,18.0,4378,18.3,0.0,36,64
,thomas adewumi university,nigeria,,,,,,,,,,,,,,,,,,60,2.9,0.0,60,40
,tianjin university,china,,,,,,,,,,,225.5,57.25,46.1,47.6,71.4,93.5,55.3,26486,8.9,13.0,,
285.0,tianjin university,china (mainland),36.1,18.7,8.6,34.7,98.2,24.3,27.4,18.6,24.0,25.6,,,,,,,,,,,,
,tikrit university,iraq,,,,,,,,,,,,,,,,,,39611,13.6,0.0,36,64
371.0,tilburg university,netherlands,29.9,15.2,33.4,10.4,44.2,96.6,58.4,9.4,14.1,31.0,225.5,57.25,32.8,44.9,80.1,82.6,84.5,13225,32.2,21.0,51,49
,tishk international university,iraq,,,,,,,,,,,,,,,,,,4515,13.0,0.0,52,48
,tissemsilt university,algeria,,,,,,,,,,,,,,,,,,6127,19.0,0.0,55,45
,tobb university of economics and technology,turkey,,,,,,,,,,,1100.5,30.450000000000003,17.9,14.3,48.2,48.8,40.5,4771,14.3,1.0,47,53
,toho university,japan,,,,,,,,,,,1350.5,25.5,24.7,15.0,33.7,57.3,21.5,5424,13.7,0.0,53,47
,tohoku gakuin university,japan,,,,,,,,,,,,,,,,,,11105,36.7,0.0,33,67
113.0,tohoku university,japan,58.0,72.4,84.2,98.5,29.6,14.2,13.8,27.6,17.2,74.8,130.0,63.8,67.8,66.4,53.8,99.9,58.5,17409,11.8,12.0,28,72
1100.5,tokai university,japan,,11.4,6.4,14.4,3.0,6.0,3.1,1.6,7.8,1.2,1350.5,25.5,18.3,12.0,36.5,46.0,30.4,28334,16.0,4.0,27,73
,tokat gaziosmanpaşa university,turkey,,,,,,,,,,,1501.0,16.2,17.1,8.6,33.7,17.5,32.1,22547,15.2,9.0,45,55
1100.5,tokushima university,japan,,4.8,1.9,66.3,6.6,2.7,2.4,1.2,9.0,1.0,1350.5,25.5,29.2,24.0,24.4,81.6,26.4,7482,9.7,2.0,35,65
,tokyo city university,japan,,,,,,,,,,,1501.0,16.2,17.6,12.0,13.9,43.6,28.6,7479,26.8,2.0,23,77
,tokyo denki university,japan,,,,,,,,,,,1501.0,16.2,14.9,9.0,12.1,56.4,21.9,9837,28.7,3.0,13,87
91.0,tokyo institute of technology,japan,61.6,74.4,94.8,84.4,53.0,31.8,31.7,8.9,19.7,18.0,191.0,59.2,59.5,63.3,49.4,100.0,60.1,9928,9.6,17.0,16,84
615.5,tokyo medical and dental university,japan,,11.5,5.8,100.0,18.2,3.5,15.3,1.2,8.0,1.1,450.5,47.2,46.7,31.3,53.4,99.0,39.0,2990,4.4,12.0,57,43
,tokyo medical university,japan,,,,,,,,,,,900.5,34.8,35.1,17.0,54.0,70.4,21.4,1367,3.4,1.0,51,49
975.5,tokyo metropolitan university,japan,,12.6,5.4,28.7,14.3,6.9,6.3,2.3,8.8,1.1,1100.5,30.450000000000003,29.8,16.2,39.2,48.0,36.5,8903,10.9,7.0,39,61
,tokyo university of agriculture,japan,,,,,,,,,,,1501.0,16.2,18.1,9.1,18.9,29.8,23.1,13004,32.2,2.0,43,57
825.5,tokyo university of agriculture and technology,japan,,13.6,6.7,13.3,32.9,5.8,9.5,6.0,7.8,1.8,900.5,34.8,35.0,29.1,29.6,84.5,38.1,5834,15.6,7.0,34,66
,tokyo university of foreign studies,japan,,,,,,,,,,,,,,,,,,4359,16.6,10.0,65,35
,tokyo university of marine science and technology,japan,,,,,,,,,,,1350.5,25.5,31.3,15.2,19.7,43.1,44.4,2602,10.4,8.0,33,67
665.5,tokyo university of science,japan,,11.0,54.8,10.6,11.7,13.3,3.8,1.2,29.8,7.0,1350.5,25.5,24.0,26.1,26.4,74.0,29.1,17662,24.0,4.0,25,75
,tokyo university of technology,japan,,,,,,,,,,,,,,,,,,7695,27.3,4.0,34,66
1100.5,tomas bata university in zlin,czech republic,,4.4,15.0,11.3,5.0,19.5,33.9,1.2,10.1,1.0,,,,,,,,,,,,
,tomas bata university in zlín,czech republic,,,,,,,,,,,1350.5,25.5,18.1,21.0,31.8,26.1,51.3,9642,20.1,11.0,56,44
,tomsk polytechnic university,russian federation,,,,,,,,,,,900.5,34.8,40.5,23.5,31.7,54.9,69.4,9741,10.6,29.0,31,69
,tomsk state pedagogical university,russian federation,,,,,,,,,,,,,,,,,,5000,20.5,6.0,79,21
418.0,tomsk state university,russia,26.9,23.1,10.9,99.4,5.1,23.7,91.5,23.4,7.3,3.0,,,,,,,,,,,,
,tomsk state university,russian federation,,,,,,,,,,,550.5,43.599999999999994,49.2,40.0,31.8,53.8,79.1,7930,11.6,37.0,,
,tomsk state university of control systems and radioelectronics,russian federation,,,,,,,,,,,1501.0,16.2,22.2,11.0,18.9,40.0,38.5,6452,12.1,14.0,29,71
725.5,ton duc thang university,vietnam,,4.2,10.2,5.1,34.6,18.4,1.6,84.9,11.8,6.8,700.5,39.4,12.9,16.0,90.6,20.9,63.1,28400,21.9,1.0,57,43
,tongji university,china,,,,,,,,,,,185.0,59.6,50.0,53.6,69.5,85.4,67.7,31632,11.3,15.0,41,59
216.0,tongji university,china (mainland),43.5,34.4,13.1,28.8,91.8,56.7,32.6,21.3,18.0,65.4,,,,,,,,,,,,
1300.5,toraighyrov university,kazakhstan,,7.0,4.2,14.7,1.3,3.0,2.8,1.0,12.5,1.0,,,,,,,,8732,14.1,2.0,,
,toronto metropolitan university,canada,,,,,,,,,,,700.5,39.4,19.5,32.3,57.3,70.3,62.1,39142,42.8,9.0,55,45
,tottori university,japan,,,,,,,,,,,1501.0,16.2,28.8,13.4,21.3,46.7,26.6,5998,8.0,2.0,38,62
,toyama prefectural university,japan,,,,,,,,,,,1501.0,16.2,25.0,9.5,9.5,27.0,21.8,1864,9.5,2.0,31,69
,toyo university,japan,,,,,,,,,,,1501.0,16.2,14.4,9.2,8.7,19.6,36.0,30662,23.5,5.0,42,58
,toyohashi university of technology,japan,,,,,,,,,,,1100.5,30.450000000000003,28.7,24.0,24.7,89.8,43.5,2034,10.8,15.0,13,87
,toyota technological institute,japan,,,,,,,,,,,1100.5,30.450000000000003,28.7,16.2,38.4,57.2,33.2,503,9.7,1.0,8,92
446.0,toyota technological institute in japan,japan,25.7,5.2,1.6,37.5,96.4,7.7,1.6,1.0,8.4,,,,,,,,,,,,,
1300.5,transilvania university of brasov,romania,,6.0,3.8,6.0,3.3,2.4,2.0,3.4,7.9,1.6,,,,,,,,,,,,
,transilvania university of brașov,romania,,,,,,,,,,,1350.5,25.5,15.4,11.5,49.8,18.7,36.9,20075,20.4,1.0,52,48
,tribhuvan university,nepal,,,,,,,,,,,1350.5,25.5,11.3,8.2,49.5,15.9,46.7,482541,30.9,0.0,52,48
,trinity college dublin,ireland,,,,,,,,,,,134.0,63.2,44.0,48.4,87.6,76.6,91.4,18778,22.2,34.0,61,39
81.0,trinity college dublin the university of dublin,ireland,63.5,69.3,39.8,23.7,64.1,99.8,92.5,82.2,70.6,75.6,,,,,,,,,,,,
,trinity laban conservatoire of music and dance,united kingdom,,,,,,,,,,,,,,,,,,1150,9.6,34.0,68,32
,tsinghua university,china,,,,,,,,,,,12.0,92.4,95.3,98.1,93.2,99.9,51.7,38518,11.2,10.0,,
25.0,tsinghua university,china (mainland),84.9,99.1,96.9,93.9,98.9,9.4,15.7,47.8,82.2,55.8,,,,,,,,,,,,
,tu braunschweig,germany,,,,,,,,,,,550.5,43.599999999999994,34.5,24.0,61.5,77.0,60.6,18384,19.6,18.0,41,59
875.5,tu dortmund university,germany,,13.6,13.8,22.2,7.4,20.2,19.1,17.0,9.1,4.4,450.5,47.2,35.7,42.2,62.3,72.0,57.3,19477,56.0,15.0,49,51
,tu dresden,germany,,,,,,,,,,,161.0,61.4,46.6,51.1,79.3,99.7,67.9,29719,29.4,17.0,45,55
,tu wien,austria,,,,,,,,,,,275.5,54.45,43.8,44.1,57.6,96.2,86.7,11373,19.0,31.0,32,68
379.0,tufts university,united states,29.4,18.1,5.3,56.2,42.9,25.2,36.2,18.9,47.7,50.9,191.0,59.2,51.5,35.0,87.5,71.7,62.8,11611,10.5,16.0,57,43
,tula state university,russian federation,,,,,,,,,,,1501.0,16.2,11.6,9.0,5.1,17.6,19.0,18428,35.0,3.0,60,40
600.0,tulane university,united states,19.8,9.6,5.0,81.5,10.4,16.9,14.5,45.5,22.7,21.4,450.5,47.2,42.9,24.4,73.1,67.8,50.7,12217,7.7,9.0,60,40
1300.5,tunghai university,taiwan,,6.2,6.1,5.2,4.5,10.2,9.3,1.1,12.6,3.9,1350.5,25.5,16.5,14.4,37.8,49.4,46.6,15201,20.4,10.0,55,45
,turan-astana university,kazakhstan,,,,,,,,,,,,,,,,,,1446,9.2,2.0,41,59
,turin polytechnic university in tashkent,uzbekistan,,,,,,,,,,,,,,,,,,1904,39.7,1.0,12,88
,turkmen state architecture and construction institute,turkmenistan,,,,,,,,,,,,,,,,,,3416,9.9,0.0,14,86
,turkmen state institute of economics and management,turkmenistan,,,,,,,,,,,,,,,,,,3574,13.1,0.0,51,49
,tver state technical university,russian federation,,,,,,,,,,,,,,,,,,3229,8.5,10.0,31,69
,tzu chi university,taiwan,,,,,,,,,,,1350.5,25.5,25.3,26.0,18.3,65.6,27.1,3050,8.9,8.0,60,40
,ubon ratchathani university,thailand,,,,,,,,,,,,,,,,,,16687,23.9,0.0,67,33
,ubt,,,,,,,,,,,,,,,,,,,14191,12.6,3.0,50,50
9.0,ucl,united kingdom,92.4,99.5,97.9,98.4,74.3,99.1,100.0,100.0,51.6,92.5,22.0,88.1,78.4,86.4,98.6,75.2,97.9,41110,11.3,61.0,59,41
300.0,ucsi university,malaysia,34.7,22.5,58.4,72.6,3.2,83.7,98.0,1.3,15.8,24.6,,,,,,,,,,,,
1401.0,udayana university,indonesia,,5.6,3.9,6.5,1.3,3.6,9.6,1.0,5.0,1.1,,,,,,,,,,,,
,uees espiritu santo university,ecuador,,,,,,,,,,,,,,,,,,3425,12.8,24.0,51,49
1100.5,ufa state aviation technical university,russia,,3.9,2.0,51.0,1.5,1.2,2.3,,8.0,1.2,,,,,,,,,,,,
,ufa state petroleum technological university,russian federation,,,,,,,,,,,1501.0,16.2,23.0,8.0,17.1,16.7,29.7,12971,8.2,11.0,38,62
,ufa university of science and technology,russian federation,,,,,,,,,,,1501.0,16.2,19.3,10.2,8.1,25.6,22.7,24187,12.6,5.0,37,63
,uin sulthan thaha saifuddin jambi,indonesia,,,,,,,,,,,,,,,,,,17661,47.0,0.0,57,43
,uit the arctic university of norway,norway,,,,,,,,,,,550.5,43.599999999999994,27.7,22.1,68.8,54.0,65.6,15114,10.6,8.0,57,43
,ulm university,germany,,,,,,,,,,,193.0,59.0,40.6,41.2,87.9,99.6,63.0,10301,26.4,13.0,51,49
266.0,ulsan national institute of science and technology,south korea,37.7,15.0,11.9,84.1,98.6,41.5,10.9,1.2,8.4,1.8,199.0,58.7,47.7,40.8,85.0,94.6,46.5,3799,11.8,9.0,28,72
498.0,ulster university,united kingdom,23.2,8.4,13.0,11.9,12.1,100.0,90.5,38.5,11.6,63.7,700.5,39.4,21.3,22.4,62.0,50.1,82.4,19825,20.1,10.0,56,44
,ulyanovsk state technical university,russian federation,,,,,,,,,,,,,,,,,,6412,16.6,8.0,33,67
,ulyanovsk state university,russian federation,,,,,,,,,,,,,,,,,,10691,18.2,17.0,56,44
465.0,umea university,sweden,24.7,19.7,13.9,68.3,14.9,23.8,9.6,44.8,12.7,47.8,,,,,,,,,,,,
,umeå university,sweden,,,,,,,,,,,450.5,47.2,26.0,33.5,80.2,60.6,64.9,18773,13.8,12.0,61,39
605.5,umm al-qura university,saudi arabia,,18.3,9.4,56.9,2.0,100.0,17.6,4.5,8.2,3.1,700.5,39.4,33.3,14.4,62.2,53.2,73.1,35180,9.6,7.0,53,47
,unesc,brazil,,,,,,,,,,,,,,,,,,10052,19.7,0.0,63,37
419.0,unesp,brazil,26.8,39.3,34.6,15.0,16.2,6.2,2.8,34.5,5.7,53.7,,,,,,,,,,,,
,unichristus,brazil,,,,,,,,,,,,,,,,,,5055,10.6,0.0,65,35
,unir – international university of la rioja,spain,,,,,,,,,,,1350.5,25.5,11.9,13.9,38.0,15.6,58.6,35499,36.0,37.0,62,38
,unisinos university,brazil,,,,,,,,,,,1350.5,25.5,30.1,15.4,22.3,25.2,29.3,12990,24.3,0.0,47,53
290.0,united arab emirates university,united arab emirates,35.9,28.3,37.8,52.6,13.8,100.0,38.7,56.5,60.9,16.3,325.5,52.05,27.0,34.5,83.2,77.4,89.1,8147,12.6,18.0,74,26
1300.5,united international university,bangladesh,,5.6,8.9,2.5,2.4,,1.2,1.0,9.7,1.0,,,,,,,,4759,21.9,1.0,28,72
,universiapolis – université internationale d’agadir,morocco,,,,,,,,,,,,,,,,,,2628,22.9,11.0,,
567.0,universidad adolfo ibáñez,chile,20.8,19.1,73.5,4.2,4.4,37.7,4.2,1.2,13.7,1.1,,,,,,,,,,,,
1300.5,universidad alberto hurtado,chile,,8.9,5.4,3.1,2.9,14.2,1.8,1.0,7.8,1.0,,,,,,,,,,,,
1100.5,universidad andrés bello,chile,,11.0,11.0,6.2,2.5,7.0,1.5,7.5,8.5,9.6,1501.0,16.2,15.1,10.4,33.5,20.7,50.6,46249,18.4,2.0,53,47
775.5,universidad anáhuac méxico,mexico,,13.4,24.1,45.6,1.1,6.7,3.7,1.0,49.5,1.2,,,,,,,,,,,,
520.0,universidad austral,argentina,22.6,19.4,52.5,75.4,1.8,2.4,8.5,1.0,9.4,1.2,,,,,,,,,,,,
1100.5,universidad austral de chile,chile,,15.6,10.7,3.5,6.6,16.0,1.9,7.6,4.7,2.2,,,,,,,,,,,,
1401.0,universidad autonoma de yucatan,mexico,,5.6,1.5,5.0,2.4,2.3,1.1,1.0,3.9,1.0,,,,,,,,,,,,
1100.5,universidad autónoma chapingo,mexico,,4.1,2.5,73.5,1.4,2.8,1.3,1.0,6.7,1.6,,,,,,,,,,,,
1300.5,universidad autónoma de aguascalientes,mexico,,3.3,1.9,34.2,1.2,,,1.0,3.9,1.0,,,,,,,,,,,,
1300.5,universidad autónoma de baja california,mexico,,7.7,2.9,4.4,1.5,2.7,2.9,1.0,7.7,7.7,,,,,,,,,,,,
1401.0,universidad autónoma de chile,chile,,5.5,2.2,4.9,2.9,11.1,1.4,1.9,8.5,1.7,1100.5,30.450000000000003,12.5,12.2,54.5,16.1,55.4,30336,25.5,1.0,65,35
,universidad autónoma de ciudad juárez,mexico,,,,,,,,,,,1501.0,16.2,15.6,8.0,10.2,17.5,37.3,36463,15.0,2.0,56,44
,universidad autónoma de coahuila,mexico,,,,,,,,,,,1501.0,16.2,21.4,8.0,12.8,18.1,34.4,27413,29.6,0.0,58,42
1100.5,universidad autónoma de guadalajara,mexico,,6.5,5.2,17.5,1.1,39.4,20.0,1.0,3.9,,,,,,,,,,,,,
199.0,universidad autónoma de madrid,spain,45.9,60.4,57.7,34.5,25.1,7.8,12.0,80.4,19.6,88.8,,,,,,,,,,,,
1100.5,universidad autónoma de nuevo león,mexico,,15.4,12.5,2.2,1.8,3.4,1.1,2.2,11.5,15.4,1501.0,16.2,13.3,9.1,17.1,19.8,33.4,132850,48.0,0.0,47,53
1401.0,universidad autónoma de querétaro,mexico,,4.9,2.9,5.2,2.4,5.4,1.6,1.0,6.0,1.0,1501.0,16.2,19.1,10.5,19.1,23.7,30.0,25567,45.2,1.0,57,43
1401.0,universidad autónoma de san luis de potosí,mexico,,6.2,2.4,5.5,2.4,1.6,1.4,1.3,3.9,1.2,,,,,,,,,,,,
,universidad autónoma de yucatán,mexico,,,,,,,,,,,1501.0,16.2,14.9,10.0,14.6,24.1,33.6,19128,19.6,0.0,50,50
1100.5,universidad autónoma del estado de hidalgo,mexico,,3.9,7.2,43.2,1.4,2.4,1.8,1.0,7.6,2.6,1501.0,16.2,19.2,9.6,11.1,18.1,26.4,38732,19.5,0.0,58,42
,universidad autónoma del estado de mexico,mexico,,,,,,,,,,,1501.0,16.2,22.2,9.3,7.7,17.4,26.9,66758,10.6,1.0,59,41
1401.0,universidad autónoma del estado de morelos,mexico,,4.0,2.2,13.0,1.6,3.2,1.1,1.1,4.0,3.8,1501.0,16.2,17.1,9.1,9.1,28.8,27.4,30889,17.4,0.0,56,44
1100.5,universidad autónoma del estado de méxico,mexico,,21.4,6.5,4.9,1.5,3.0,1.1,1.1,3.9,8.4,,,,,,,,,,,,
925.5,universidad autónoma metropolitana,mexico,,23.1,14.5,4.1,2.6,8.6,1.3,4.8,7.6,24.8,,,,,,,,,,,,
1300.5,universidad bernardo o'higgins,chile,,4.9,2.8,9.7,2.0,12.2,2.0,1.0,8.3,1.2,,,,,,,,,,,,
,universidad camilo josé cela,spain,,,,,,,,,,,,,,,,,,8306,21.9,6.0,74,26
319.0,universidad carlos iii de madrid,spain,33.2,32.9,49.1,53.3,4.8,56.5,41.2,18.5,12.9,62.5,,,,,,,,,,,,
582.0,universidad católica andres bello,venezuela,20.3,26.6,67.7,3.7,1.0,2.5,2.9,,29.8,,,,,,,,,,,,,
1401.0,"universidad católica boliviana ""san pablo""",bolivia,,5.3,3.2,3.9,1.1,2.5,3.0,1.0,16.1,,,,,,,,,,,,,
1401.0,universidad católica de colombia,colombia,,6.4,4.9,5.2,1.5,3.2,1.3,1.0,7.9,1.6,,,,,,,,10196,20.3,1.0,50,50
,universidad católica de cuenca,ecuador,,,,,,,,,,,,,,,,,,12116,10.6,3.0,73,27
,universidad católica de la santísima concepción,chile,,,,,,,,,,,1501.0,16.2,13.2,14.9,22.9,16.9,48.9,9879,22.9,0.0,56,44
1401.0,universidad católica de la santísima concepción - ucsc,chile,,3.7,2.4,8.6,2.6,5.5,1.1,1.2,4.1,1.4,,,,,,,,,,,,
1401.0,universidad católica de santiago de guayaquil,ecuador,,3.9,4.2,2.9,1.3,6.9,1.3,1.0,14.4,1.0,,,,,,,,,,,,
1300.5,universidad católica de temuco,chile,,4.3,1.7,2.0,4.6,36.3,,1.1,4.1,1.0,,,,,,,,,,,,
,universidad católica del maule,chile,,,,,,,,,,,1501.0,16.2,13.4,13.4,19.3,15.8,57.5,10891,21.1,3.0,58,42
1300.5,universidad católica del norte,chile,,4.9,3.4,7.0,5.8,13.8,2.8,4.4,4.1,1.2,,,,,,,,,,,,
875.5,universidad católica del uruguay,uruguay,,12.2,12.4,57.0,1.2,8.7,2.6,1.0,13.1,1.2,,,,,,,,,,,,
,universidad católica san antonio de murcia,spain,,,,,,,,,,,1350.5,25.5,16.7,14.3,33.9,25.3,54.2,13125,19.5,15.0,53,47
,universidad católica san pablo,peru,,,,,,,,,,,,,,,,,,10049,33.0,1.0,53,47
875.5,"universidad central ""marta abreu"" de las villas",cuba,,5.7,1.1,99.9,1.2,1.1,1.3,1.1,14.6,1.0,,,,,,,,,,,,
1401.0,universidad central de chile,chile,,4.8,3.2,3.2,1.7,4.2,1.9,1.0,4.1,1.0,,,,,,,,,,,,
635.5,universidad central de venezuela,venezuela,,23.1,58.4,21.0,1.1,,,1.2,14.3,1.1,,,,,,,,,,,,
1300.5,universidad central del ecuador,ecuador,,8.5,5.0,10.9,1.2,,,1.0,10.1,1.0,,,,,,,,,,,,
,universidad científica del sur,peru,,,,,,,,,,,,,,,,,,14638,10.8,1.0,67,33
,universidad césar vallejo,peru,,,,,,,,,,,,,,,,,,153939,70.6,2.0,55,45
538.0,universidad de alcalá,spain,21.9,10.0,4.7,68.8,5.2,20.0,66.3,37.9,9.4,74.3,,,,,,,,,,,,
705.5,universidad de antioquia,colombia,,31.0,33.9,4.2,4.3,3.9,1.3,3.9,9.6,5.2,,,,,,,,,,,,
765.5,universidad de belgrano,argentina,,9.9,10.7,88.1,1.0,5.7,26.3,1.0,8.7,,,,,,,,,,,,,
95.0,universidad de buenos aires,argentina,61.0,93.3,98.0,73.5,1.7,62.6,66.7,28.1,26.2,18.8,,,,,,,,,,,,
1401.0,universidad de caldas,colombia,,5.4,4.0,3.0,1.5,,,1.0,6.2,1.0,,,,,,,,,,,,
1300.5,universidad de carabobo,venezuela,,3.7,8.0,18.3,1.0,,,1.0,14.5,1.0,,,,,,,,25198,17.1,0.0,60,40
1300.5,universidad de cartagena,colombia,,4.9,5.4,4.0,4.3,2.2,1.1,1.0,6.8,11.0,1350.5,25.5,13.8,9.1,56.8,17.2,41.2,21749,21.3,1.0,59,41
975.5,universidad de castilla-la mancha,spain,,8.9,2.0,15.5,9.6,2.0,4.5,35.3,7.5,55.2,,,,,,,,,,,,
159.0,universidad de chile,chile,50.2,81.5,96.6,9.7,12.5,9.0,5.0,48.6,50.4,36.3,,,,,,,,,,,,
605.5,universidad de concepción,chile,,27.0,35.6,13.1,7.4,13.1,2.2,16.3,9.5,31.6,,,,,,,,,,,,
544.0,universidad de costa rica,costa rica,21.6,33.5,37.6,34.7,1.8,,,6.0,33.7,4.7,,,,,,,,,,,,
1401.0,universidad de cuenca,ecuador,,6.3,2.3,4.4,2.3,3.3,1.5,1.1,6.1,1.1,,,,,,,,,,,,
1300.5,universidad de córdoba - colombia,colombia,,15.0,2.5,2.7,1.4,,,1.0,4.1,1.0,,,,,,,,,,,,
1100.5,universidad de córdoba - españa,spain,,10.6,3.4,28.0,10.4,,,33.3,4.3,,,,,,,,,,,,,
875.5,universidad de guadalajara,mexico,,20.3,9.2,19.6,1.3,2.4,1.1,7.5,8.5,37.8,,,,,,,,,,,,
1300.5,universidad de guanajuato,mexico,,7.9,3.0,5.9,3.0,6.0,1.4,1.1,8.7,1.2,,,,,,,,,,,,
1300.5,universidad de la frontera,chile,,9.7,4.4,3.6,8.5,6.6,1.2,9.4,9.0,2.1,,,,,,,,,,,,
645.5,universidad de la habana,cuba,,19.5,17.3,72.9,1.6,1.9,4.0,1.2,35.3,1.2,,,,,,,,,,,,
825.5,universidad de la república,uruguay,,25.1,14.4,17.5,1.6,8.4,2.5,8.3,22.5,4.1,,,,,,,,,,,,
795.5,universidad de la sabana,colombia,,19.4,39.1,15.4,2.0,6.7,3.3,1.0,11.3,3.7,,,,,,,,,,,,
1401.0,universidad de la salle,colombia,,6.3,4.8,5.8,1.3,2.2,1.5,1.0,7.3,1.1,,,,,,,,,,,,
1401.0,universidad de la serena,chile,,3.9,2.0,3.0,7.3,4.7,1.3,1.0,7.7,1.2,,,,,,,,,,,,
1300.5,universidad de las américas ecuador,ecuador,,7.1,4.5,12.6,1.6,22.8,2.5,1.1,10.6,1.0,,,,,,,,,,,,
975.5,universidad de las américas puebla,mexico,,8.3,13.1,39.9,1.9,26.1,5.3,1.0,9.5,1.0,,,,,,,,,,,,
1300.5,universidad de las fuerzas armadas espe,ecuador,,5.1,5.4,9.4,1.4,3.0,1.1,1.0,7.3,6.7,,,,,,,,,,,,
,universidad de las fuerzas armadas – espe,ecuador,,,,,,,,,,,1501.0,16.2,15.9,8.6,11.6,16.3,40.6,19314,14.5,1.0,39,61
1100.5,universidad de león,spain,,5.7,3.1,63.9,3.9,3.5,4.4,4.5,8.1,,,,,,,,,,,,,
1100.5,universidad de lima,peru,,10.3,27.3,4.3,1.2,3.4,2.0,1.0,16.1,1.5,,,,,,,,,,,,
198.0,universidad de los andes,colombia,46.0,65.4,95.7,17.6,5.9,26.4,2.0,11.1,96.2,40.2,,,,,,,,,,,,
975.5,universidad de los andes - chile,chile,,15.0,24.5,9.0,3.0,12.4,2.3,1.2,9.1,1.1,,,,,,,,,,,,
1100.5,universidad de los andes - mérida,venezuela,,16.2,12.8,23.0,1.2,1.3,1.8,1.2,10.4,2.3,,,,,,,,,,,,
1300.5,universidad de medellín,colombia,,6.9,5.2,6.8,2.1,3.4,1.8,1.0,8.4,1.8,,,,,,,,,,,,
1100.5,universidad de monterrey,mexico,,12.2,23.1,9.9,1.4,8.6,1.5,1.0,9.2,1.0,,,,,,,,,,,,
655.5,universidad de montevideo,uruguay,,18.6,13.5,80.2,1.1,23.7,3.3,1.0,18.8,,,,,,,,,,,,,
1100.5,universidad de oriente santiago de cuba,cuba,,10.6,10.8,25.9,1.1,,,1.0,13.9,,,,,,,,,,,,,
1100.5,universidad de oviedo,spain,,12.6,3.5,14.3,7.7,,,24.8,4.3,7.2,,,,,,,,,,,,
530.0,universidad de palermo,argentina,22.1,9.3,17.8,90.5,1.1,40.4,96.6,1.0,9.6,1.0,,,,,,,,,,,,
,universidad de pamplona,colombia,,,,,,,,,,,,,,,,,,24304,14.9,1.0,51,49
1300.5,universidad de panama,panama,,6.5,8.0,3.2,1.1,4.9,2.3,1.0,13.7,1.2,,,,,,,,,,,,
1300.5,universidad de piura,peru,,6.4,10.2,4.5,1.2,8.4,1.0,1.0,17.1,1.6,,,,,,,,,,,,
1100.5,universidad de puerto rico,puerto rico,,9.4,6.2,11.4,2.1,1.4,1.5,2.4,46.4,29.1,,,,,,,,,,,,
825.5,universidad de san andrés - udesa,argentina,,6.8,32.6,48.1,2.1,8.0,4.4,1.0,18.0,1.0,,,,,,,,,,,,
1300.5,universidad de san carlos de guatemala - usac,guatemala,,9.3,7.6,3.9,1.0,,,1.0,20.6,1.0,,,,,,,,,,,,
1401.0,universidad de santander - udes,colombia,,3.8,2.9,6.7,1.3,8.7,1.6,1.0,8.0,1.0,,,,,,,,,,,,
410.0,universidad de santiago de chile,chile,27.2,43.3,72.9,8.7,4.0,6.6,2.2,7.3,4.0,12.9,,,,,,,,,,,,
494.0,universidad de sevilla,spain,23.4,38.8,10.4,16.7,8.5,3.6,16.0,82.0,8.0,29.1,,,,,,,,,,,,
1401.0,universidad de sonora,mexico,,4.0,1.7,4.5,1.8,3.7,1.5,1.0,8.2,1.0,,,,,,,,,,,,
1100.5,universidad de talca,chile,,11.0,8.6,6.7,5.7,22.5,1.4,3.8,6.8,7.0,,,,,,,,,,,,
1401.0,universidad de tarapaca,chile,,3.6,2.3,2.1,8.0,,,2.6,4.1,1.0,,,,,,,,,,,,
975.5,universidad de valladolid,spain,,10.3,3.6,30.0,4.5,5.3,3.9,54.4,9.5,,,,,,,,,,,,,
1300.5,universidad de valparaíso,chile,,10.4,6.8,7.8,3.5,7.2,1.8,4.6,8.5,6.3,,,,,,,,,,,,
523.0,universidad de zaragoza,spain,22.5,22.9,4.5,57.6,7.1,4.1,9.7,55.3,8.0,80.6,,,,,,,,,,,,
1300.5,universidad del bío-bío,chile,,8.6,4.2,2.9,3.8,9.7,1.4,1.4,4.1,1.1,,,,,,,,,,,,
1300.5,universidad del cauca,colombia,,9.5,4.0,5.3,1.8,23.6,1.1,1.0,4.5,1.0,,,,,,,,,,,,
1300.5,universidad del desarrollo,chile,,6.6,14.6,12.9,2.2,7.6,2.0,1.1,8.4,3.5,1100.5,30.450000000000003,17.8,10.8,53.0,21.2,52.2,16638,14.4,4.0,57,43
1401.0,universidad del magdalena,colombia,,4.2,4.6,2.7,1.3,6.4,1.3,1.0,6.4,1.0,,,,,,,,15306,31.8,0.0,49,51
1100.5,universidad del norte,colombia,,9.8,20.8,12.3,2.7,8.3,1.3,1.7,9.2,1.7,,,,,,,,,,,,
1100.5,universidad del pacífico,peru,,7.3,30.8,3.3,3.1,18.2,3.0,1.0,7.7,1.0,,,,,,,,4712,9.1,2.0,55,45
,universidad del pacífico ecuador,ecuador,,,,,,,,,,,,,,,,,,689,13.9,1.0,43,57
715.5,universidad del rosario,colombia,,14.4,43.4,21.0,2.7,9.5,2.4,1.1,27.5,22.5,,,,,,,,,,,,
1300.5,universidad del salvador,argentina,,4.3,9.0,16.7,1.0,5.3,8.0,1.0,7.1,,,,,,,,,,,,,
,universidad del sinú,colombia,,,,,,,,,,,,,,,,,,31467,26.8,0.0,55,45
1100.5,universidad del valle,colombia,,18.2,15.0,8.1,2.0,2.2,1.4,1.2,10.0,2.1,1501.0,16.2,23.2,8.7,12.2,17.9,40.6,33442,8.9,1.0,50,50
1401.0,universidad del valle de mexico,mexico,,3.7,13.3,4.6,1.0,1.2,1.3,1.0,4.2,1.0,,,,,,,,,,,,
1300.5,universidad del zulia,venezuela,,10.9,7.6,3.2,2.4,,,1.0,10.9,1.0,,,,,,,,,,,,
975.5,universidad diego portales,chile,,15.0,22.2,8.6,4.7,14.3,3.1,2.8,8.4,1.2,,,,,,,,,,,,
735.5,universidad eafit,colombia,,13.1,61.5,4.5,2.3,4.6,1.6,1.0,35.1,1.1,,,,,,,,,,,,
755.5,universidad externado de colombia,colombia,,14.0,43.7,31.2,1.1,11.3,1.6,1.0,18.8,1.0,,,,,,,,,,,,
695.5,universidad iberoamericana ibero,mexico,,19.1,31.1,31.6,1.3,5.5,2.4,1.0,51.4,7.4,,,,,,,,,,,,
925.5,universidad icesi,colombia,,5.5,9.7,74.3,1.7,4.7,2.5,1.0,12.5,1.2,,,,,,,,,,,,
,universidad industrial de santander,colombia,,,,,,,,,,,1501.0,16.2,14.4,12.2,11.6,31.5,38.0,21413,23.4,1.0,45,55
1100.5,universidad industrial de santander - uis,colombia,,10.3,25.2,5.2,2.1,4.3,1.3,1.0,6.4,6.2,,,,,,,,,,,,
,universidad internacional del ecuador,ecuador,,,,,,,,,,,,,,,,,,7895,25.8,2.0,45,55
1100.5,universidad la salle,mexico,,3.9,26.5,20.1,1.1,4.1,1.7,1.0,9.6,1.2,,,,,,,,,,,,
,universidad loyola,spain,,,,,,,,,,,1350.5,25.5,23.2,13.0,39.2,17.3,48.8,3481,12.1,4.0,57,43
,universidad manuela beltrán,colombia,,,,,,,,,,,,,,,,,,14790,30.6,0.0,43,57
,universidad mayor,chile,,,,,,,,,,,1501.0,16.2,18.6,9.1,28.7,16.0,49.5,22644,12.1,1.0,48,52
1300.5,universidad mayor de san andrés,bolivia,,7.7,2.4,1.1,1.6,6.8,1.0,1.1,14.8,1.0,,,,,,,,,,,,
,universidad mayor de san simón,bolivia,,,,,,,,,,,,,,,,,,83711,182.0,0.0,53,47
1401.0,universidad mayor de san simón cochabamba,bolivia,,5.0,2.6,1.2,1.1,,1.1,1.0,17.1,1.0,,,,,,,,,,,,
1100.5,universidad metropolitana,venezuela,,6.5,14.6,5.2,1.1,9.9,1.5,,41.2,,,,,,,,,,,,,
1401.0,universidad michoacana de san nicolás de hidalgo,mexico,,3.9,1.8,2.9,2.1,,,1.1,3.9,1.0,,,,,,,,,,,,
,universidad nacional abierta y a distancia,colombia,,,,,,,,,,,,,,,,,,226124,49.6,0.0,,
1300.5,universidad nacional agraria la molina,peru,,6.8,8.7,14.6,1.6,1.4,1.8,1.0,9.8,1.0,,,,,,,,8139,13.2,2.0,48,52
1401.0,universidad nacional autónoma de honduras,honduras,,4.1,5.0,2.9,1.0,1.7,,1.0,22.4,1.0,,,,,,,,,,,,
93.0,universidad nacional autónoma de méxico,mexico,61.4,96.6,98.2,39.8,2.7,8.3,2.5,84.5,68.4,88.5,,,,,,,,,,,,
1100.5,universidad nacional costa rica,costa rica,,10.8,18.3,12.8,1.5,10.4,2.5,1.1,9.6,1.1,,,,,,,,,,,,
,universidad nacional de asunción,paraguay,,,,,,,,,,,,,,,,,,53043,9.8,2.0,39,61
,universidad nacional de chimborazo,ecuador,,,,,,,,,,,,,,,,,,9455,16.8,1.0,57,43
226.0,universidad nacional de colombia,colombia,41.9,69.5,96.8,6.1,3.5,6.4,1.5,13.3,29.9,49.7,,,,,,,,,,,,
1100.5,universidad nacional de cuyo,argentina,,12.3,6.2,21.1,1.7,1.9,15.3,1.8,5.1,1.6,,,,,,,,,,,,
975.5,universidad nacional de córdoba - unc,argentina,,24.4,15.5,7.3,1.6,1.4,1.5,5.8,8.5,2.2,,,,,,,,,,,,
975.5,universidad nacional de ingeniería peru,peru,,7.9,42.5,21.9,1.3,,,1.0,4.7,,,,,,,,,,,,,
,universidad nacional de itapúa,paraguay,,,,,,,,,,,,,,,,,,5104,5.0,1.0,55,45
1100.5,universidad nacional de la asunción,paraguay,,5.4,10.2,28.6,1.1,1.4,1.8,1.0,21.5,3.4,,,,,,,,,,,,
540.0,universidad nacional de la plata,argentina,21.8,38.7,31.0,23.8,2.1,3.6,29.9,9.1,8.6,5.1,,,,,,,,,,,,
1300.5,universidad nacional de mar del plata,argentina,,9.5,2.8,5.7,3.7,,,1.3,5.1,1.2,,,,,,,,,,,,
1401.0,universidad nacional de quilmes,argentina,,7.4,2.2,3.2,1.8,3.1,1.8,1.0,5.1,1.0,,,,,,,,,,,,
,universidad nacional de rafaela,argentina,,,,,,,,,,,,,,,,,,2183,6.3,0.0,56,44
975.5,universidad nacional de rosario,argentina,,19.4,8.8,27.6,1.1,,7.0,1.1,5.0,1.3,,,,,,,,,,,,
1300.5,universidad nacional de río cuarto - unrc,argentina,,4.4,1.5,34.9,1.5,,,1.0,5.1,1.0,,,,,,,,,,,,
1100.5,universidad nacional de san luis,argentina,,4.1,1.9,67.5,1.2,,,1.0,5.1,1.0,,,,,,,,,,,,
1300.5,universidad nacional de san martín,argentina,,11.5,3.2,7.5,2.3,1.6,4.7,1.3,5.1,4.6,,,,,,,,,,,,
1401.0,universidad nacional de tucumán,argentina,,7.4,2.7,2.6,1.6,,,2.3,5.1,1.0,,,,,,,,,,,,
1100.5,universidad nacional del centro de la provincia de buenos aires,argentina,,5.4,2.7,78.8,1.4,,,1.0,5.1,1.0,,,,,,,,,,,,
1300.5,universidad nacional del comahue,argentina,,4.3,2.5,21.5,1.4,,,1.1,5.1,1.1,,,,,,,,,,,,
1300.5,universidad nacional del litoral,argentina,,11.7,5.8,2.2,2.7,1.5,1.1,1.1,2.7,3.2,1501.0,16.2,12.0,9.4,16.9,24.1,29.2,50145,35.2,0.0,63,37
1401.0,universidad nacional del sur,argentina,,5.9,2.5,14.1,1.8,,,2.1,5.1,1.1,,,,,,,,,,,,
925.5,universidad nacional mayor de san marcos,peru,,21.1,27.8,7.0,1.3,,,1.9,4.7,1.2,,,,,,,,,,,,
,universidad nur,bolivia,,,,,,,,,,,,,,,,,,3894,9.5,0.0,57,43
775.5,universidad ort uruguay,uruguay,,11.8,11.8,82.6,1.2,17.9,1.9,1.0,13.0,1.0,,,,,,,,,,,,
665.5,universidad panamericana,mexico,,8.7,22.0,81.5,1.2,10.5,2.5,1.2,49.4,1.0,1501.0,16.2,23.9,9.1,12.0,16.0,43.9,15469,7.8,2.0,48,52
975.5,universidad peruana cayetano heredia,peru,,9.7,10.4,54.9,2.3,1.2,1.2,2.3,8.4,9.8,1100.5,30.450000000000003,16.9,12.9,53.3,29.8,49.8,10503,15.6,1.0,66,34
1100.5,universidad peruana de ciencias aplicadas,peru,,10.7,25.8,3.3,1.1,16.6,1.8,1.0,9.9,1.3,1501.0,16.2,13.5,8.7,10.1,15.6,26.5,56595,21.1,1.0,50,50
1401.0,universidad politecnica salesiana,ecuador,,6.0,3.0,3.7,1.5,7.0,1.7,1.0,6.1,1.0,,,,,,,,,,,,
349.0,universidad politécnica de madrid,spain,31.3,31.2,49.3,14.9,11.4,3.2,30.7,59.9,37.3,83.5,,,,,,,,,,,,
,universidad politécnica salesiana,ecuador,,,,,,,,,,,1501.0,16.2,11.6,9.5,13.6,15.8,42.0,22513,24.2,1.0,40,60
825.5,universidad pontificia bolivariana,colombia,,9.3,15.4,69.9,1.6,4.9,2.1,1.2,18.2,3.3,1501.0,16.2,24.2,10.6,10.2,26.8,37.2,10565,10.6,2.0,57,43
582.0,universidad pontificia comillas,spain,20.3,8.1,65.9,39.9,2.3,19.3,5.8,1.0,45.5,2.0,,,,,,,,,,,,
1300.5,universidad popular autónoma del estado de puebla,mexico,,5.0,4.5,16.1,1.2,4.5,3.1,1.0,8.0,1.4,,,,,,,,11795,19.3,2.0,61,39
975.5,universidad rey juan carlos,spain,,7.3,9.4,6.4,4.1,15.3,14.8,13.7,9.3,60.4,,,,,,,,,,,,
825.5,universidad san francisco de quito,ecuador,,14.4,10.7,36.1,2.3,56.9,2.0,1.5,11.0,7.8,1100.5,30.450000000000003,22.3,11.1,48.9,17.4,67.0,7874,10.2,2.0,50,50
1300.5,universidad san ignacio de loyola,peru,,6.2,9.2,1.8,1.3,3.9,1.3,1.0,8.5,2.0,,,,,,,,22694,35.4,1.0,51,49
,universidad santo tomás,chile,,,,,,,,,,,,,,,,,,27382,22.4,1.0,68,32
975.5,universidad simón bolívar,venezuela,,17.2,21.2,11.6,2.9,1.8,1.0,1.0,11.6,1.0,,,,,,,,,,,,
1401.0,universidad tecnica particular de loja,ecuador,,5.1,2.8,1.2,1.6,9.3,1.3,1.0,9.5,3.9,,,,,,,,,,,,
1401.0,universidad tecnológica de bolívar,colombia,,2.6,5.4,2.8,2.5,8.3,6.6,1.0,9.0,1.0,,,,,,,,5714,21.8,0.0,42,58
1300.5,universidad tecnológica de la habana josé antonio echeverría cujae,cuba,,6.2,1.1,20.1,1.1,3.3,4.5,1.0,14.2,,,,,,,,,,,,,
975.5,universidad tecnológica de panamá,panama,,8.8,30.7,23.8,1.1,2.7,3.9,1.0,14.1,1.0,,,,,,,,,,,,
1401.0,universidad tecnológica de pereira,colombia,,4.0,7.1,3.3,1.9,1.4,1.0,1.0,6.7,1.0,,,,,,,,,,,,
,universidad tecnológica de santiago,dominican republic,,,,,,,,,,,,,,,,,,44529,117.8,4.0,62,38
1100.5,universidad tecnológica nacional,argentina,,4.1,24.1,49.1,1.1,,1.5,1.0,5.0,1.0,,,,,,,,,,,,
875.5,universidad torcuato di tella,argentina,,11.9,25.4,17.9,3.2,34.5,8.2,1.0,17.1,1.0,,,,,,,,,,,,
,universidad técnica de manabí,ecuador,,,,,,,,,,,,,,,,,,30310,29.7,1.0,59,41
825.5,universidad técnica federico santa maría,chile,,10.0,50.6,3.7,5.9,15.8,1.9,9.5,10.1,7.9,,,,,,,,,,,,
,universidad técnica particular de loja,ecuador,,,,,,,,,,,1501.0,16.2,10.6,8.4,11.2,15.8,48.2,57924,29.3,1.0,56,44
,universidad ute,ecuador,,,,,,,,,,,,,,,,,,8302,18.7,1.0,48,52
1300.5,universidad veracruzana,mexico,,8.7,3.2,7.8,1.4,,,1.0,3.9,1.1,,,,,,,,,,,,
925.5,universidade católica portuguesa - ucp,portugal,,13.3,11.1,13.9,6.5,9.1,26.3,1.6,29.3,9.7,,,,,,,,,,,,
1100.5,universidade da coruña,spain,,5.8,5.6,25.1,7.1,2.8,4.6,12.0,7.6,42.6,,,,,,,,,,,,
825.5,universidade de brasília,brazil,,26.1,14.5,8.4,4.2,11.9,1.6,15.3,11.5,9.4,,,,,,,,,,,,
705.5,universidade de santiago de compostela,spain,,23.5,10.3,13.0,16.1,2.8,6.0,38.0,8.1,23.2,,,,,,,,,,,,
85.0,universidade de são paulo,brazil,62.8,92.4,82.9,19.2,29.9,6.0,2.3,90.9,89.7,96.1,,,,,,,,,,,,
925.5,universidade de vigo,spain,,8.3,5.4,8.6,17.0,2.3,4.1,35.3,7.0,42.6,,,,,,,,,,,,
1401.0,universidade do estado de santa catarina,brazil,,3.9,1.3,20.2,1.6,,,1.0,5.1,1.0,1501.0,16.2,26.5,11.0,15.7,17.0,21.2,12417,11.5,1.0,54,46
1300.5,universidade do estado do rio de janeiro,brazil,,9.4,4.0,17.6,2.6,3.8,1.2,5.7,7.6,2.4,1350.5,25.5,31.8,13.5,24.6,26.3,30.4,22879,9.4,0.0,56,44
,universidade eduardo mondlane,mozambique,,,,,,,,,,,1350.5,25.5,10.1,9.4,56.7,16.6,51.1,48306,28.7,0.0,41,59
220.0,universidade estadual de campinas,brazil,42.7,70.3,50.1,13.0,24.9,11.7,2.9,53.7,9.6,74.8,,,,,,,,,,,,
1401.0,universidade estadual de londrina,brazil,,3.5,2.5,13.4,3.5,2.2,1.3,1.1,3.8,3.4,,,,,,,,,,,,
,universidade estadual de maringá,brazil,,,,,,,,,,,1501.0,16.2,28.9,13.8,20.2,21.2,22.0,18706,12.2,0.0,53,47
,universidade estadual do maranhão,brazil,,,,,,,,,,,,,,,,,,18445,16.0,0.0,61,39
,universidade estadual do norte do paraná,brazil,,,,,,,,,,,,,,,,,,5443,7.5,0.0,59,41
,universidade estadual do norte fluminense darcy ribeiro,brazil,,,,,,,,,,,1501.0,16.2,21.1,10.9,21.6,22.3,34.5,7105,22.8,0.0,61,39
,universidade estadual do oeste do paraná,brazil,,,,,,,,,,,1501.0,16.2,27.6,9.8,7.4,17.2,20.4,12529,9.9,0.0,60,40
,universidade estadual paulista,brazil,,,,,,,,,,,700.5,39.4,41.5,33.1,38.1,40.5,38.6,34828,12.8,4.0,54,46
1300.5,universidade federal da bahia,brazil,,9.1,2.4,8.9,3.1,5.4,1.5,4.3,8.1,4.4,1350.5,25.5,27.5,12.3,30.5,19.7,28.4,51291,19.9,0.0,41,59
1401.0,universidade federal da paraíba,brazil,,4.1,2.7,8.7,3.1,2.7,1.1,3.3,3.8,1.4,,,,,,,,,,,,
,universidade federal de ciências da saúde de porto alegre,brazil,,,,,,,,,,,1501.0,16.2,21.2,12.8,25.1,21.2,26.1,4183,11.6,1.0,70,30
1401.0,universidade federal de goiás,brazil,,3.6,1.6,7.1,4.2,3.7,1.3,1.5,3.8,1.4,,,,,,,,,,,,
,universidade federal de juiz de fora,brazil,,,,,,,,,,,1501.0,16.2,18.5,12.1,27.5,18.6,29.8,26483,16.6,0.0,50,50
1300.5,universidade federal de juiz de fora-,brazil,,3.6,2.3,31.4,3.0,,,1.4,3.8,1.0,,,,,,,,,,,,
695.5,universidade federal de minas gerais,brazil,,32.7,5.7,12.4,7.6,7.1,1.8,24.7,25.6,13.7,,,,,,,,,,,,
,universidade federal de ouro preto,brazil,,,,,,,,,,,1501.0,16.2,22.1,12.0,20.7,25.5,24.7,14799,16.3,1.0,49,51
1300.5,universidade federal de pelotas,brazil,,5.1,1.4,27.0,5.0,,1.4,1.2,3.8,1.1,,,,,,,,,,,,
1100.5,universidade federal de pernambuco,brazil,,12.4,2.6,17.6,4.2,1.7,1.3,10.0,4.6,1.6,,,,,,,,,,,,
825.5,universidade federal de santa catarina,brazil,,19.6,4.4,19.0,8.0,4.4,2.0,18.0,8.2,57.4,900.5,34.8,32.5,21.6,41.6,64.2,35.3,42576,17.7,2.0,49,51
1300.5,universidade federal de santa maria,brazil,,6.5,1.6,15.8,5.2,2.6,1.2,3.4,9.6,17.8,,,,,,,,,,,,
,universidade federal de sergipe,brazil,,,,,,,,,,,1501.0,16.2,17.0,10.4,36.4,18.1,28.1,26133,16.0,0.0,52,48
1100.5,universidade federal de são carlos,brazil,,12.4,5.1,16.3,16.1,2.8,1.7,6.5,3.8,4.0,,,,,,,,,,,,
735.5,universidade federal de são paulo,brazil,,11.4,4.3,97.0,6.3,5.0,1.5,7.2,4.7,4.5,900.5,34.8,33.2,22.5,48.2,47.2,35.2,19803,11.3,1.0,59,41
1401.0,universidade federal de uberlândia,brazil,,3.6,1.9,12.6,3.5,2.2,1.3,1.8,3.8,10.9,,,,,,,,,,,,
1300.5,universidade federal de viçosa,brazil,,5.0,2.3,13.3,8.7,2.9,1.8,1.1,4.4,1.8,,,,,,,,,,,,
,universidade federal do abc,brazil,,,,,,,,,,,1350.5,25.5,16.8,17.6,41.1,26.6,45.9,18805,25.3,1.0,37,63
1300.5,universidade federal do ceará,brazil,,7.3,3.1,7.7,5.8,1.4,1.3,3.2,4.3,24.8,1350.5,25.5,24.2,16.6,24.6,44.5,27.2,40899,19.8,1.0,44,56
1401.0,universidade federal do estado do rio de janeiro - unirio,brazil,,3.2,1.9,10.0,2.1,,,1.0,3.8,1.0,,,,,,,,,,,,
,universidade federal do maranhão,brazil,,,,,,,,,,,1501.0,16.2,15.2,10.3,14.5,18.7,23.2,37016,19.2,0.0,51,49
,universidade federal do paraná,brazil,,,,,,,,,,,1350.5,25.5,28.4,16.4,29.1,49.2,27.6,39031,15.6,1.0,56,44
1100.5,universidade federal do paraná - ufpr,brazil,,13.0,5.8,18.8,5.5,3.1,4.0,3.0,5.9,3.8,,,,,,,,,,,,
1401.0,universidade federal do parà - ufpa,brazil,,3.4,1.8,6.7,2.5,2.8,1.1,1.9,3.8,6.4,,,,,,,,,,,,
371.0,universidade federal do rio de janeiro,brazil,29.9,60.1,17.0,15.4,8.3,7.9,1.6,51.7,36.8,23.0,,,,,,,,,,,,
1401.0,universidade federal do rio grande do norte,brazil,,4.6,1.5,8.6,3.2,,,5.6,3.8,1.4,,,,,,,,,,,,
695.5,universidade federal do rio grande do sul,brazil,,28.6,3.8,10.9,10.1,2.2,1.6,36.0,9.5,46.3,700.5,39.4,36.4,22.5,54.1,52.9,34.1,45760,16.5,1.0,51,49
1300.5,universidade federal fluminense,brazil,,10.0,2.3,11.7,3.7,5.3,1.1,10.1,7.6,4.1,,,,,,,,,,,,
,universidade federal rural do semi-arido,brazil,,,,,,,,,,,1501.0,16.2,19.1,9.0,5.7,16.6,18.3,8687,12.4,0.0,49,51
,universidade lusófona,portugal,,,,,,,,,,,1350.5,25.5,23.2,8.6,35.7,17.8,59.7,11153,6.4,18.0,54,46
400.0,universidade nova de lisboa,portugal,27.9,28.0,20.2,19.6,24.2,24.0,47.0,63.5,18.8,40.2,,,,,,,,,,,,
,universidade nove de julho,brazil,,,,,,,,,,,1501.0,16.2,17.9,8.1,9.6,17.5,26.9,82463,23.6,1.0,58,42
1300.5,universidade presbiteriana mackenzie,brazil,,3.5,7.6,10.6,1.9,5.1,1.0,1.0,37.0,1.0,,,,,,,,,,,,
,universidade rainha njinga a mbande,angola,,,,,,,,,,,,,,,,,,2429,12.2,0.0,44,56
,universidade tecnológica federal do paraná,brazil,,,,,,,,,,,1501.0,16.2,16.7,10.2,22.3,42.3,25.3,39007,15.3,1.0,30,70
,universita iulm,italy,,,,,,,,,,,,,,,,,,8109,18.9,6.0,73,27
1100.5,"universita' degli studi ""g d'annunzio"" chieti pescara",italy,,3.6,1.5,3.3,25.3,4.1,3.0,5.5,4.7,1.0,,,,,,,,,,,,
875.5,universita' degli studi di ferrara,italy,,6.5,2.4,2.4,38.6,2.5,3.5,26.8,8.4,17.8,,,,,,,,,,,,
725.5,universita' politecnica delle marche,italy,,6.0,2.8,11.0,49.1,3.9,4.8,40.9,6.9,6.5,,,,,,,,,,,,
,universitas ahmad dahlan,indonesia,,,,,,,,,,,,,,,,,,25871,34.6,1.0,61,39
,universitas airlangga,indonesia,,,,,,,,,,,1350.5,25.5,28.5,12.5,31.9,19.1,57.3,28816,7.2,3.0,67,33
1401.0,universitas andalas,indonesia,,6.9,3.9,4.9,1.4,2.1,1.1,1.0,6.1,1.1,1501.0,16.2,24.7,12.7,16.5,36.1,33.2,32695,22.0,1.0,58,42
825.5,universitas brawijaya,indonesia,,17.2,34.5,10.5,1.4,6.2,1.5,1.1,14.0,14.5,,,,,,,,,,,,
,universitas gadjah mada,indonesia,,,,,,,,,,,1350.5,25.5,30.9,19.8,21.7,52.8,45.8,39209,8.2,6.0,56,44
1100.5,universitas hasanuddin,indonesia,,12.5,9.5,14.5,1.3,4.6,1.2,1.1,10.2,1.8,,,,,,,,,,,,
237.0,universitas indonesia,indonesia,40.9,50.5,73.0,50.4,2.0,75.8,4.8,2.0,58.7,42.3,,,,,,,,,,,,
1300.5,universitas islam indonesia,indonesia,,10.4,3.8,2.0,1.7,2.3,1.2,1.0,7.6,1.8,,,,,,,,,,,,
,universitas islam sultan agung,indonesia,,,,,,,,,,,,,,,,,,17824,14.3,0.0,33,67
1401.0,universitas kristen petra,indonesia,,6.1,4.2,7.3,1.6,2.7,1.4,1.0,8.1,,,,,,,,,,,,,
,universitas mercu buana,indonesia,,,,,,,,,,,,,,,,,,19945,23.9,0.0,46,54
1401.0,universitas muhammadiyah surakarta,indonesia,,5.3,2.4,7.8,1.1,6.5,1.1,1.0,7.1,1.4,,,,,,,,,,,,
1300.5,universitas muhammadiyah yogyakarta,indonesia,,6.3,2.5,2.8,1.4,36.6,2.0,1.0,7.4,1.0,,,,,,,,21043,29.4,1.0,49,51
,universitas negeri surabaya,indonesia,,,,,,,,,,,1501.0,16.2,13.5,9.0,27.2,15.6,35.0,35066,28.0,1.0,63,37
,universitas negeri yogyakarta,indonesia,,,,,,,,,,,1501.0,16.2,16.9,10.5,28.8,23.1,30.6,24073,16.3,1.0,61,39
665.5,universitas padjadjaran,indonesia,,16.8,34.0,36.6,1.4,24.0,1.7,1.2,22.0,24.8,1501.0,16.2,28.5,12.2,19.2,23.6,34.3,35498,11.3,1.0,59,41
1300.5,universitas pendidikan indonesia,indonesia,,9.6,3.1,11.0,1.4,14.6,1.7,1.0,7.9,3.4,1501.0,16.2,19.8,12.1,33.0,16.3,23.9,32713,18.5,1.0,61,39
1100.5,universitas sebelas maret,indonesia,,10.7,11.5,13.6,1.5,10.3,2.0,1.0,7.5,7.0,1350.5,25.5,19.3,19.3,33.9,48.3,33.3,27580,16.9,2.0,64,36
,universitas sriwijaya,indonesia,,,,,,,,,,,1501.0,16.2,12.4,9.0,18.1,16.2,19.9,36361,24.7,0.0,60,40
1300.5,universitas sumatera utara,indonesia,,7.6,6.2,21.0,1.3,9.8,2.4,1.0,9.2,5.3,1501.0,16.2,16.5,10.5,26.6,17.1,27.6,35761,19.2,2.0,54,46
,universitas syiah kuala,indonesia,,,,,,,,,,,1350.5,25.5,14.0,9.4,51.5,19.5,25.8,30701,20.4,0.0,62,38
149.0,universitat autònoma de barcelona,spain,51.7,63.2,39.0,10.6,70.6,18.0,17.4,84.2,13.7,94.6,,,,,,,,,,,,
164.0,universitat de barcelona,spain,49.7,73.2,23.0,13.1,41.8,21.8,28.5,97.8,39.8,98.1,,,,,,,,,,,,
1100.5,universitat de lleida,spain,,5.8,1.9,18.7,13.1,2.9,12.5,4.9,7.9,,,,,,,,,,,,,
485.0,universitat de valencia,spain,23.8,33.9,7.3,10.9,22.4,2.3,16.6,83.4,6.6,31.6,,,,,,,,,,,,
,universitat internacional de catalunya,spain,,,,,,,,,,,900.5,34.8,22.8,17.6,57.0,21.2,65.9,5121,12.9,27.0,64,36
,universitat politècnica de catalunya,spain,,,,,,,,,,,700.5,39.4,31.2,21.0,57.3,69.7,61.4,23272,9.8,13.0,28,72
354.0,universitat politècnica de catalunya · barcelonatech,spain,31.0,31.9,22.0,41.2,22.3,8.0,21.2,72.8,15.1,73.3,,,,,,,,,,,,
476.0,universitat politècnica de valència,spain,24.3,26.2,12.0,47.0,19.6,4.3,23.9,56.8,8.1,28.1,,,,,,,,,,,,
310.0,universitat pompeu fabra,spain,33.8,30.9,22.8,13.1,55.6,77.9,26.6,38.4,15.3,13.2,,,,,,,,,,,,
625.5,universitat ramon llull,spain,,10.4,43.7,6.3,8.5,94.7,32.2,2.4,15.6,1.4,700.5,39.4,20.7,18.2,70.3,32.1,72.6,15125,22.6,20.0,51,49
665.5,universitat rovira i virgili,spain,,6.7,2.0,16.6,37.4,7.6,22.5,38.6,7.5,47.2,,,,,,,,,,,,
1300.5,universitatea de vest din timisoara / west university of timisoara,romania,,9.6,6.3,4.8,2.6,1.6,5.2,1.1,8.2,1.1,,,,,,,,,,,,
189.0,universite libre de bruxelles,belgium,46.8,34.4,38.9,3.3,63.3,97.1,85.0,69.1,35.7,60.4,,,,,,,,,,,,
387.0,universiti brunei darussalam,brunei,28.3,21.0,5.5,96.3,8.2,100.0,65.1,2.3,27.4,4.0,,,,,,,,,,,,
,universiti brunei darussalam,brunei darussalam,,,,,,,,,,,450.5,47.2,28.5,28.9,76.0,22.9,75.7,3503,11.3,14.0,66,34
159.0,universiti kebangsaan malaysia,malaysia,50.2,59.7,70.1,87.5,11.7,52.7,61.1,56.7,11.2,24.4,450.5,47.2,45.7,27.8,58.7,47.4,74.9,16764,10.1,18.0,57,43
1100.5,universiti kuala lumpur,malaysia,,6.4,9.9,33.6,2.1,8.0,3.8,1.1,9.8,1.1,1501.0,16.2,23.6,9.0,24.3,25.5,43.7,15516,11.9,5.0,43,57
65.0,universiti malaya,malaysia,68.7,81.2,96.0,71.6,32.7,52.8,58.9,79.3,28.1,93.4,,,,,,,,,,,,
,universiti malaysia kelantan,malaysia,,,,,,,,,,,1501.0,16.2,16.1,13.0,32.6,16.2,41.9,9238,19.9,3.0,71,29
785.5,universiti malaysia pahang,malaysia,,10.1,7.1,15.2,28.3,23.6,9.7,5.9,9.9,28.4,,,,,,,,,,,,
,universiti malaysia pahang al-sultan abdullah,malaysia,,,,,,,,,,,700.5,39.4,27.4,19.0,67.5,28.3,57.9,8331,13.5,8.0,49,51
1100.5,universiti malaysia perlis,malaysia,,7.3,5.5,24.1,7.5,2.0,4.0,1.6,9.0,15.6,1350.5,25.5,21.6,12.5,46.0,26.0,33.3,10836,13.6,3.0,47,53
1100.5,universiti malaysia sabah,malaysia,,13.6,10.0,7.8,3.3,9.8,4.0,1.7,9.6,2.0,1501.0,16.2,17.8,14.3,25.0,21.8,41.8,17316,16.6,4.0,66,34
1100.5,universiti malaysia sarawak,malaysia,,12.6,8.7,11.9,3.0,37.3,8.7,1.3,8.9,1.2,1100.5,30.450000000000003,29.9,19.3,22.9,66.9,61.0,12158,14.9,13.0,71,29
1100.5,universiti malaysia terengganu,malaysia,,10.0,4.6,10.8,9.3,12.9,6.7,7.4,8.6,23.7,1100.5,30.450000000000003,19.1,18.7,47.6,30.1,49.7,10143,16.8,5.0,69,31
975.5,universiti pendidikan sultan idris,malaysia,,11.9,11.0,25.0,2.5,21.0,28.7,1.1,9.6,6.6,700.5,39.4,35.3,25.2,38.8,62.3,70.8,5920,9.8,20.0,57,43
158.0,universiti putra malaysia,malaysia,50.4,58.8,67.5,67.6,22.7,44.3,97.3,45.4,9.7,23.2,550.5,43.599999999999994,36.0,30.5,51.2,64.9,80.7,19001,11.3,27.0,65,35
1300.5,universiti sains islam malaysia,malaysia,,6.0,2.9,9.2,1.9,9.0,6.7,1.0,4.2,1.0,,,,,,,,,,,,
137.0,universiti sains malaysia,malaysia,52.6,61.4,74.7,55.2,16.2,24.9,88.9,59.6,18.2,85.5,450.5,47.2,42.9,27.8,60.0,53.7,71.9,24850,12.1,28.0,63,37
,universiti sultan zainal abidin,malaysia,,,,,,,,,,,1350.5,25.5,24.1,11.3,38.6,16.5,47.0,12271,17.7,7.0,67,33
1300.5,universiti teknikal malaysia melaka,malaysia,,6.0,6.2,9.8,5.4,3.5,5.7,1.2,9.2,4.3,1350.5,25.5,20.1,11.4,32.6,19.6,44.2,11730,16.1,6.0,38,62
525.0,universiti teknologi brunei,brunei,22.4,13.7,3.9,90.3,8.6,100.0,5.5,1.0,34.2,1.0,,,,,,,,,,,,
,universiti teknologi brunei,brunei darussalam,,,,,,,,,,,,,,,,,,1306,6.7,7.0,45,55
188.0,universiti teknologi malaysia,malaysia,46.9,46.6,63.8,42.5,33.9,16.0,85.2,58.6,13.6,66.8,450.5,47.2,44.1,29.3,65.0,55.0,71.5,20863,12.7,26.0,45,55
,universiti teknologi mara,malaysia,,,,,,,,,,,1501.0,16.2,20.2,14.7,28.6,23.9,24.2,60755,16.3,1.0,67,33
555.0,universiti teknologi mara - uitm,malaysia,21.2,28.9,47.6,15.8,2.8,1.9,2.1,24.3,8.7,31.0,,,,,,,,,,,,
307.0,universiti teknologi petronas,malaysia,33.9,18.2,31.6,34.6,65.7,85.2,18.5,24.2,9.9,2.9,325.5,52.05,33.8,37.8,77.7,67.9,77.8,4570,13.1,12.0,37,63
765.5,universiti tenaga nasional,malaysia,,7.3,13.8,49.1,14.6,5.7,50.2,3.0,10.4,1.8,700.5,39.4,25.1,16.8,58.0,70.8,60.8,4300,9.0,19.0,32,68
,universiti tun hussein onn malaysia,malaysia,,,,,,,,,,,1350.5,25.5,22.0,13.5,37.0,18.5,42.1,16137,16.6,6.0,46,54
1100.5,universiti tun hussein onn university of malaysia,malaysia,,9.1,7.0,9.6,7.7,8.0,7.0,5.0,9.4,11.3,,,,,,,,,,,,
825.5,universiti tunku abdul rahman,malaysia,,12.9,36.4,11.1,5.1,8.4,3.3,2.1,9.7,30.7,1100.5,30.450000000000003,16.8,17.1,48.1,53.6,45.3,19080,17.2,9.0,51,49
538.0,universiti utara malaysia,malaysia,21.9,20.6,28.0,40.4,7.1,18.8,79.8,3.4,9.7,10.6,450.5,47.2,38.4,27.6,69.7,28.1,78.7,12229,11.5,30.0,73,27
,university abdelhamid ibn badis mostaganem,algeria,,,,,,,,,,,1501.0,16.2,17.7,7.8,8.1,15.7,33.5,24983,19.5,1.0,68,32
775.5,university at albany suny,united states,,8.6,4.5,5.3,41.8,4.2,6.0,23.2,9.4,23.9,,,,,,,,,,,,
,university at buffalo,united states,,,,,,,,,,,325.5,52.05,39.9,34.1,76.1,74.8,71.4,27086,17.2,12.0,46,54
491.0,university at buffalo suny,united states,23.5,18.0,8.3,7.8,37.2,42.8,33.3,23.3,24.6,50.6,,,,,,,,,,,,
,university center ali kafi tindouf,algeria,,,,,,,,,,,,,,,,,,1115,16.6,4.0,54,46
,university center morsli abdellah of tipaza,algeria,,,,,,,,,,,,,,,,,,17414,36.3,0.0,62,38
,university center of aflou,algeria,,,,,,,,,,,,,,,,,,4532,23.7,0.0,48,52
,university center of barika,algeria,,,,,,,,,,,,,,,,,,4321,25.9,0.0,55,45
,university center of illizi,algeria,,,,,,,,,,,,,,,,,,1203,44.6,0.0,40,60
,university centre of el-bayadh,algeria,,,,,,,,,,,,,,,,,,8000,33.2,0.0,0,100
,university centre of maghnia,algeria,,,,,,,,,,,,,,,,,,3566,19.5,0.0,47,53
292.0,university college cork,ireland,35.7,28.4,36.3,29.4,21.6,94.8,47.1,25.1,23.5,96.1,325.5,52.05,28.3,31.6,82.4,75.9,77.2,18567,21.1,16.0,59,41
171.0,university college dublin,ireland,48.8,49.8,41.3,20.7,38.9,98.8,60.8,50.5,69.0,70.1,225.5,57.25,34.3,41.3,84.0,75.1,88.1,23405,20.7,25.0,,
,university college of osteopathy,united kingdom,,,,,,,,,,,,,,,,,,370,10.6,31.0,57,43
825.5,university duesseldorf,germany,,12.9,7.6,41.1,7.5,,15.7,30.9,9.5,1.7,,,,,,,,,,,,
,university for development studies,ghana,,,,,,,,,,,1501.0,16.2,11.1,9.9,31.1,18.9,51.5,16714,27.4,0.0,43,57
,university for the creative arts,united kingdom,,,,,,,,,,,,,,,,,,5605,18.1,40.0,65,35
,university mohamed boudiaf of m’sila,algeria,,,,,,,,,,,1501.0,16.2,18.1,9.2,10.3,17.9,34.3,35110,17.7,1.0,55,45
,university of a coruña,spain,,,,,,,,,,,1100.5,30.450000000000003,24.2,17.5,45.6,36.1,36.5,15359,12.4,5.0,51,49
208.0,university of aberdeen,united kingdom,44.6,29.6,32.5,29.6,42.1,95.8,96.7,73.3,20.5,98.1,225.5,57.25,36.4,35.8,81.8,78.9,97.5,12755,15.3,40.0,58,42
,university of abou bekr belkaïd tlemcen,algeria,,,,,,,,,,,1501.0,16.2,22.7,9.0,11.6,19.6,35.3,42485,21.3,1.0,59,41
,university of adelaide,australia,,,,,,,,,,,111.0,65.8,42.4,50.6,92.8,95.0,92.9,23792,36.4,31.0,49,51
745.5,university of agriculture faisalabad,pakistan,,5.8,11.9,1.6,49.5,3.2,1.1,19.1,5.7,21.6,,,,,,,,,,,,
,university of agronomic sciences and veterinary medicine of bucharest,romania,,,,,,,,,,,,,,,,,,11560,16.7,3.0,49,51
,university of ahmed draia,algeria,,,,,,,,,,,,,,,,,,14520,28.0,0.0,59,41
,university of al-hamdaniya,iraq,,,,,,,,,,,,,,,,,,2126,20.2,0.0,35,65
,university of al-qadisiyah,iraq,,,,,,,,,,,1350.5,25.5,18.5,7.8,55.0,16.7,26.3,24322,16.4,0.0,55,45
925.5,university of alabama birmingham,united states,,6.7,4.3,49.4,18.0,,,8.9,7.3,,,,,,,,,,,,,
785.5,university of alaska fairbanks,united states,,3.1,3.2,99.6,13.4,6.7,3.1,4.6,8.4,,550.5,43.599999999999994,34.5,31.0,63.1,47.5,70.1,2829,7.9,6.0,55,45
111.0,university of alberta,canada,58.3,56.8,36.5,42.8,59.1,97.9,73.2,92.1,46.0,76.1,109.0,65.9,50.1,55.5,80.9,99.9,90.7,33730,22.8,27.0,,
,university of alcalá,spain,,,,,,,,,,,900.5,34.8,27.8,15.1,55.0,41.9,64.4,16260,10.4,24.0,59,41
,university of algarve,portugal,,,,,,,,,,,900.5,34.8,18.5,19.5,52.3,25.3,66.4,8878,15.0,19.0,56,44
,university of algiers 1,algeria,,,,,,,,,,,,,,,,,,45616,17.2,0.0,81,19
,university of algiers 3,algeria,,,,,,,,,,,,,,,,,,47132,35.5,0.0,48,52
825.5,university of alicante,spain,,13.4,6.2,22.9,8.0,4.6,14.0,41.8,5.5,29.9,1100.5,30.450000000000003,25.0,19.8,43.8,51.6,44.6,22767,14.5,10.0,59,41
,university of alkafeel,iraq,,,,,,,,,,,,,,,,,,4660,17.6,0.0,57,43
,university of almería,spain,,,,,,,,,,,1100.5,30.450000000000003,21.7,18.9,48.9,33.7,42.2,12902,17.0,10.0,55,45
53.0,university of amsterdam,netherlands,73.4,83.6,44.2,21.2,98.1,92.4,79.9,97.4,49.9,64.8,61.0,73.6,55.0,63.1,96.7,77.6,93.2,28649,13.2,36.0,60,40
,university of anbar,iraq,,,,,,,,,,,1501.0,16.2,17.7,9.1,39.1,16.9,29.3,26956,15.5,0.0,55,45
,university of antioquia,colombia,,,,,,,,,,,1350.5,25.5,17.7,20.3,33.5,37.0,40.9,38087,21.1,0.0,51,49
,university of antofagasta,chile,,,,,,,,,,,1350.5,25.5,16.9,9.4,51.7,17.2,53.2,8563,15.9,2.0,55,45
248.0,university of antwerp,belgium,39.6,23.7,11.8,45.3,49.2,90.9,32.3,90.0,29.6,80.4,161.0,61.4,38.2,44.4,92.5,98.4,74.7,16168,31.8,17.0,56,44
,university of applied sciences and arts of western switzerland,switzerland,,,,,,,,,,,1100.5,30.450000000000003,24.0,13.1,38.3,33.8,87.4,17933,6.5,29.0,54,46
,university of arizona,united states,,,,,,,,,,,155.0,61.8,48.7,51.3,85.7,84.0,47.0,45517,19.9,7.0,56,44
,university of arkansas,united states,,,,,,,,,,,700.5,39.4,27.4,30.5,62.6,67.3,36.2,25318,18.6,4.0,55,45
1100.5,university of arkansas fayetteville,united states,,6.8,4.3,6.6,11.9,5.1,3.2,7.1,15.7,6.2,,,,,,,,,,,,
,university of auckland,new zealand,,,,,,,,,,,150.0,62.0,39.7,45.7,88.3,95.8,89.9,35663,24.4,31.0,57,43
344.0,university of aveiro,portugal,31.6,13.4,6.6,13.8,84.3,4.3,13.5,72.3,6.7,69.3,700.5,39.4,27.1,30.2,57.3,48.1,48.6,13563,16.3,11.0,54,46
1300.5,university of babylon,iraq,,3.6,6.3,13.2,1.9,1.1,1.0,1.6,9.7,2.6,1350.5,25.5,21.4,8.2,47.3,30.3,21.4,30973,14.9,0.0,59,41
975.5,university of baghdad,iraq,,9.5,11.4,30.9,1.5,1.8,1.1,14.1,31.4,14.2,1501.0,16.2,25.1,12.6,19.8,28.5,20.2,77128,13.3,0.0,57,43
975.5,university of bahrain,bahrain,,10.7,7.6,7.3,2.1,87.6,11.4,1.3,6.8,3.0,,,,,,,,,,,,
825.5,university of balamand,lebanon,,4.9,13.0,83.8,2.0,12.6,21.8,1.0,8.2,1.0,,,,,,,,,,,,
,university of balochistan,pakistan,,,,,,,,,,,,,,,,,,22802,48.1,0.0,35,65
,university of baltistan skardu,pakistan,,,,,,,,,,,,,,,,,,2038,29.5,0.0,45,55
,university of barcelona,spain,,,,,,,,,,,152.0,61.9,42.4,47.3,91.4,83.9,65.2,44365,15.3,11.0,64,36
745.5,university of bari,italy,,12.8,2.9,4.2,27.8,5.0,2.2,64.5,6.8,37.5,,,,,,,,,,,,
,university of bari aldo moro,italy,,,,,,,,,,,700.5,39.4,19.8,21.8,78.3,57.8,37.5,30486,20.0,2.0,62,38
124.0,university of basel,switzerland,55.0,27.8,17.8,57.4,96.5,100.0,85.0,74.4,41.1,70.4,123.0,64.9,50.8,42.9,87.7,99.4,95.4,8536,10.4,31.0,56,44
1300.5,university of basrah,iraq,,4.4,6.0,15.9,1.4,1.3,1.1,1.4,9.3,1.0,1501.0,16.2,23.4,7.8,14.6,16.2,26.1,42848,11.7,0.0,55,45
148.0,university of bath,united kingdom,51.8,35.6,74.3,16.1,61.9,96.3,81.6,59.3,26.5,48.4,275.5,54.45,34.7,35.1,80.5,65.3,95.0,15280,15.8,31.0,45,55
,university of batna 1,algeria,,,,,,,,,,,,,,,,,,31737,27.8,0.0,73,27
,university of batna 2,algeria,,,,,,,,,,,1501.0,16.2,17.5,7.9,12.2,15.9,30.4,27867,23.7,1.0,51,49
509.0,university of bayreuth,germany,22.9,10.3,19.3,46.4,27.0,50.1,21.9,40.2,12.1,15.4,375.5,50.05,38.0,40.8,65.0,83.4,67.7,8944,24.5,14.0,46,54
,university of bedfordshire,united kingdom,,,,,,,,,,,1100.5,30.450000000000003,17.5,14.3,52.4,25.6,83.9,13545,29.1,64.0,59,41
,university of beira interior,portugal,,,,,,,,,,,700.5,39.4,20.1,22.2,65.4,36.7,52.3,8248,17.4,18.0,52,48
725.5,university of belgrade,serbia,,17.8,5.2,4.3,5.3,2.9,4.3,95.4,56.7,16.1,900.5,34.8,21.3,27.0,49.4,34.0,42.3,91494,18.2,5.0,62,38
,university of benghazi,libya,,,,,,,,,,,,,,,,,,77619,16.5,2.0,58,42
,university of benin,nigeria,,,,,,,,,,,1501.0,16.2,15.5,5.7,35.0,16.4,34.7,47837,25.8,0.0,49,51
,university of bergamo,italy,,,,,,,,,,,900.5,34.8,19.4,21.2,59.6,33.3,37.5,21846,54.8,7.0,63,37
281.0,university of bergen,norway,36.6,32.7,5.4,67.1,31.2,92.3,14.3,69.3,23.6,57.7,275.5,54.45,36.7,33.9,84.2,69.4,76.3,15751,13.0,11.0,61,39
126.0,university of bern,switzerland,54.8,30.5,24.4,54.6,99.2,100.0,36.9,89.1,26.1,73.6,116.0,65.4,45.1,47.0,93.3,99.2,87.0,12399,18.2,16.0,59,41
1300.5,university of bialystok,poland,,5.8,3.1,28.1,2.5,,5.2,1.5,6.1,1.0,,,,,,,,,,,,
,university of birjand,iran,,,,,,,,,,,1501.0,16.2,11.1,9.5,26.7,16.8,26.2,12245,36.9,4.0,53,47
84.0,university of birmingham,united kingdom,63.0,67.5,75.7,41.3,38.2,92.3,83.9,96.0,29.5,80.4,101.0,66.6,46.1,49.3,95.5,72.1,95.1,32625,15.2,32.0,58,42
,university of bisha,saudi arabia,,,,,,,,,,,,,,,,,,14402,12.0,1.0,59,41
,university of biskra,algeria,,,,,,,,,,,1501.0,16.2,16.3,8.6,19.3,15.9,38.1,30508,21.5,0.0,64,36
,university of bogotá jorge tadeo lozano,colombia,,,,,,,,,,,,,,,,,,7099,17.6,1.0,56,44
,university of bologna,italy,,,,,,,,,,,155.0,61.8,53.0,44.6,86.5,79.4,54.3,74105,24.7,11.0,57,43
,university of bolton,united kingdom,,,,,,,,,,,,,,,,,,6365,16.8,38.0,60,40
,university of bonn,germany,,,,,,,,,,,91.0,67.8,51.7,57.7,89.7,82.6,73.8,26290,44.5,17.0,57,43
465.0,university of bordeaux,france,24.7,30.2,5.3,14.4,21.4,25.6,19.5,91.2,11.9,35.8,375.5,50.05,37.2,29.9,72.5,66.7,66.6,52643,21.7,14.0,60,40
,university of botswana,botswana,,,,,,,,,,,1350.5,25.5,16.8,14.2,46.5,19.9,58.4,15370,21.8,4.0,59,41
645.5,university of bradford,united kingdom,,8.7,7.3,8.2,18.1,63.8,93.2,20.1,21.6,3.4,550.5,43.599999999999994,23.3,22.4,73.8,58.1,90.1,8970,19.5,31.0,57,43
,university of brasília,brazil,,,,,,,,,,,1350.5,25.5,32.6,14.9,28.7,27.7,36.9,46097,13.6,1.0,52,48
,university of brawijaya,indonesia,,,,,,,,,,,1501.0,16.2,20.5,9.9,17.2,20.4,25.7,55332,14.4,1.0,56,44
,university of bremen,germany,,,,,,,,,,,325.5,52.05,39.8,39.0,68.8,67.2,65.0,12263,19.5,13.0,53,47
795.5,university of brescia,italy,,3.9,2.1,6.8,50.4,2.6,6.9,9.0,8.8,24.8,450.5,47.2,24.4,19.2,89.3,62.4,44.9,14615,24.2,6.0,47,53
775.5,university of brighton,united kingdom,,8.4,7.0,8.9,15.8,56.2,54.2,27.6,11.2,9.1,900.5,34.8,19.8,16.5,53.9,60.9,84.4,14525,18.0,22.0,60,40
55.0,university of bristol,united kingdom,72.4,74.9,84.7,47.3,64.7,85.5,86.8,84.4,39.6,81.3,81.0,69.8,48.7,56.5,97.3,72.3,92.5,27335,14.8,31.0,55,45
34.0,university of british columbia,canada,81.5,98.2,93.5,44.4,57.0,96.4,74.1,96.3,60.1,99.9,41.0,78.0,62.5,76.6,90.5,76.7,95.0,58987,19.4,34.0,55,45
875.5,university of bucharest,romania,,15.5,13.8,6.5,4.2,2.8,1.9,28.7,34.7,27.8,1100.5,30.450000000000003,24.8,21.1,43.2,25.3,29.1,32362,33.3,2.0,70,30
,university of burgos,spain,,,,,,,,,,,1350.5,25.5,22.1,14.7,41.7,39.7,38.0,7764,13.5,5.0,55,45
,university of béjaïa,algeria,,,,,,,,,,,1501.0,16.2,13.8,8.3,14.4,20.9,44.9,40752,23.7,1.0,61,39
,university of bío-bío,chile,,,,,,,,,,,1501.0,16.2,12.9,12.8,13.9,19.1,46.7,12662,25.5,1.0,43,57
,university of cadiz,spain,,,,,,,,,,,1100.5,30.450000000000003,20.4,16.7,43.7,30.0,42.3,19416,17.7,8.0,55,45
975.5,university of calabria,italy,,5.7,2.0,3.9,25.7,6.2,5.7,49.6,4.7,3.3,550.5,43.599999999999994,34.9,19.5,69.6,47.4,43.2,12784,16.1,5.0,62,38
825.5,university of calcutta,india,,15.7,4.3,5.6,20.3,25.9,1.1,3.2,38.8,1.9,1100.5,30.450000000000003,40.0,15.2,33.7,30.3,19.3,17879,14.2,0.0,54,46
,university of caldas,colombia,,,,,,,,,,,1501.0,16.2,10.1,11.0,9.0,53.2,32.2,27456,58.2,0.0,49,51
182.0,university of calgary,canada,47.9,37.7,61.2,19.9,41.5,82.8,62.0,62.3,38.6,91.5,225.5,57.25,36.5,41.4,81.7,88.8,85.2,34012,18.8,24.0,54,46
10.0,university of california berkeley,united states,90.4,100.0,100.0,20.5,99.9,92.2,63.9,92.4,98.7,100.0,9.0,94.6,87.2,98.8,99.0,99.4,86.8,39991,17.9,22.0,52,48
132.0,university of california davis,united states,53.2,63.9,44.7,30.4,40.7,70.3,49.3,77.8,19.0,98.9,59.0,74.1,63.7,67.8,87.2,91.5,78.7,37926,13.3,18.0,60,40
268.0,university of california irvine,united states,37.5,37.6,16.6,14.6,50.3,56.9,49.6,65.3,11.4,58.6,92.0,67.4,47.1,53.8,93.2,96.1,80.9,35675,16.2,26.0,53,47
29.0,university of california los angeles,united states,83.8,100.0,99.8,36.6,84.8,43.4,24.8,89.8,97.0,91.2,18.0,90.1,85.7,91.9,96.4,92.3,74.3,42634,9.6,15.0,56,44
,university of california merced,united states,,,,,,,,,,,450.5,47.2,26.2,23.9,86.8,48.1,55.0,9170,19.6,9.0,51,49
404.0,university of california riverside,united states,27.6,17.5,7.0,6.7,59.9,63.0,9.1,45.1,10.0,46.6,275.5,54.45,35.9,35.4,85.7,70.6,77.0,25670,19.6,14.0,53,47
62.0,university of california san diego,united states,70.0,89.1,50.4,49.6,74.3,68.1,51.3,94.9,17.7,72.5,34.0,81.0,66.0,78.4,97.6,100.0,74.3,40596,12.0,19.0,45,55
163.0,university of california santa barbara,united states,50.0,54.8,19.0,9.5,96.9,70.4,21.6,43.5,10.4,55.8,69.0,72.1,47.4,64.7,96.9,99.4,84.0,25540,27.5,18.0,54,46
332.0,university of california santa cruz,united states,32.5,18.4,4.9,7.2,79.6,63.6,8.9,19.3,10.7,89.1,225.5,57.25,34.9,39.8,93.3,73.2,77.9,19154,24.2,12.0,47,53
2.0,university of cambridge,united kingdom,99.2,100.0,100.0,100.0,92.3,100.0,95.8,99.9,100.0,97.3,5.0,97.5,95.8,100.0,98.0,87.9,97.4,20565,11.5,38.0,48,52
,university of camerino,italy,,,,,,,,,,,900.5,34.8,18.0,17.6,58.6,60.0,53.0,8586,30.1,9.0,52,48
,university of campania luigi vanvitelli,italy,,,,,,,,,,,700.5,39.4,25.6,9.6,79.0,47.7,31.6,28065,28.9,2.0,45,55
,university of campinas,brazil,,,,,,,,,,,375.5,50.05,50.0,45.5,54.0,65.5,40.4,32252,18.9,3.0,46,54
421.0,university of canberra,australia,26.7,13.7,7.3,2.3,51.7,87.0,58.9,8.9,9.8,55.2,375.5,50.05,24.1,31.6,82.4,40.8,88.3,11299,34.4,23.0,56,44
,university of canterbury,new zealand,,,,,,,,,,,550.5,43.599999999999994,28.6,30.9,62.4,68.2,85.1,16102,22.0,18.0,52,48
256.0,university of canterbury | te whare wānanga o waitaha,new zealand,38.7,33.8,33.1,10.9,32.8,99.8,35.3,21.9,62.6,97.1,,,,,,,,,,,,
,university of cape coast,ghana,,,,,,,,,,,700.5,39.4,16.5,23.8,71.0,44.6,46.9,32167,38.6,0.0,33,67
173.0,university of cape town,south africa,48.7,44.4,51.0,12.6,45.7,59.9,21.2,95.4,88.9,75.1,167.0,60.9,38.7,47.0,88.3,78.2,82.9,21961,13.6,13.0,54,46
,university of carthage,tunisia,,,,,,,,,,,1350.5,25.5,23.8,9.9,31.2,20.7,44.4,29691,10.1,1.0,63,37
,university of castilla-la mancha,spain,,,,,,,,,,,900.5,34.8,24.2,17.2,53.7,46.3,42.0,23045,12.8,7.0,57,43
,university of catania,italy,,,,,,,,,,,450.5,47.2,32.4,22.7,81.2,59.0,34.9,26717,22.2,3.0,57,43
,university of caxias do sul,brazil,,,,,,,,,,,1501.0,16.2,15.9,9.4,11.8,22.3,21.6,15054,30.4,0.0,53,47
,university of celaya,mexico,,,,,,,,,,,,,,,,,,1846,11.0,5.0,51,49
593.0,university of central florida,united states,20.0,14.4,37.1,2.8,25.7,17.1,4.5,32.1,11.1,32.7,450.5,47.2,28.5,34.4,74.7,78.3,39.9,65269,39.1,4.0,57,43
925.5,university of central lancashire,united kingdom,,5.9,5.8,11.5,4.4,37.0,81.6,16.7,8.9,1.5,1100.5,30.450000000000003,18.3,13.8,51.9,34.3,82.3,21525,16.3,28.0,58,42
1300.5,university of central oklahoma,united states,,3.8,1.5,7.9,1.4,16.8,10.9,1.0,9.4,,,,,,,,,,,,,
,university of central punjab,pakistan,,,,,,,,,,,,,,,,,,15664,25.6,0.0,37,63
556.0,university of chemistry and technology prague,czech republic,21.1,6.1,7.9,99.0,12.9,27.8,71.9,3.2,10.1,1.3,1100.5,30.450000000000003,32.8,14.7,29.0,45.7,51.0,4061,8.3,23.0,57,43
,university of chester,united kingdom,,,,,,,,,,,1350.5,25.5,18.5,13.0,30.3,19.8,64.9,10860,18.9,17.0,68,32
11.0,university of chicago,united states,90.3,99.1,95.4,92.5,78.5,81.2,84.4,61.4,98.3,81.7,,,,,,,,,,,,
,university of chichester,united kingdom,,,,,,,,,,,,,,,,,,4505,15.0,8.0,64,36
,university of chile,chile,,,,,,,,,,,900.5,34.8,25.9,19.8,50.5,57.4,52.9,39510,16.4,5.0,51,49
695.5,university of cincinnati,united states,,12.3,7.6,21.0,25.8,6.0,10.8,32.1,20.0,31.3,,,,,,,,,,,,
,university of civil protection,belarus,,,,,,,,,,,,,,,,,,754,3.9,12.0,10,90
,university of clermont auvergne,france,,,,,,,,,,,900.5,34.8,21.8,18.1,54.2,61.6,68.3,37049,21.2,15.0,57,43
351.0,university of coimbra,portugal,31.2,28.9,13.1,11.3,41.6,10.7,37.7,78.8,15.6,79.5,450.5,47.2,31.4,38.2,59.9,78.0,54.3,21767,18.4,15.0,57,43
,university of colima,mexico,,,,,,,,,,,1501.0,16.2,21.6,8.0,12.4,20.0,31.6,14288,9.3,0.0,55,45
268.0,university of cologne,germany,37.5,36.9,38.5,19.3,31.2,40.5,30.9,80.9,37.0,57.4,160.0,61.5,42.9,47.1,85.6,98.8,73.3,31299,28.7,17.0,,
1100.5,university of colombo,sri lanka,,11.7,14.8,2.5,3.1,1.1,1.3,1.1,44.5,19.9,1100.5,30.450000000000003,25.4,10.6,60.2,18.7,39.3,34058,32.0,0.0,60,40
264.0,university of colorado boulder,united states,37.9,36.9,13.5,33.2,49.4,27.1,5.5,68.6,30.8,96.4,138.0,62.9,46.5,51.9,88.6,82.8,56.6,35844,16.5,8.0,45,55
725.5,university of colorado denver,united states,,8.4,6.3,100.0,4.9,3.6,9.0,2.3,8.4,15.2,,,,,,,,,,,,
,university of colorado denver/anschutz medical campus,united states,,,,,,,,,,,375.5,50.05,33.4,23.7,93.7,73.4,36.9,20208,4.5,7.0,58,42
,university of concepción,chile,,,,,,,,,,,1350.5,25.5,17.3,16.4,38.2,44.6,52.0,30174,18.2,2.0,53,47
444.0,university of connecticut,united states,25.8,15.1,6.9,14.5,41.6,47.0,19.0,61.4,21.7,61.9,375.5,50.05,41.2,30.2,72.8,68.7,64.6,28128,13.1,11.0,53,47
,university of constantine 3,algeria,,,,,,,,,,,,,,,,,,16017,16.9,2.0,73,27
107.0,university of copenhagen,denmark,58.8,74.1,25.8,100.0,21.2,91.4,22.5,98.2,60.1,87.4,103.0,66.3,49.2,51.1,91.3,89.5,80.1,31728,4.3,14.0,62,38
,university of costa rica,costa rica,,,,,,,,,,,1350.5,25.5,19.3,9.1,43.0,19.5,46.7,34884,14.8,2.0,53,47
1401.0,university of craiova,romania,,4.1,2.0,2.9,2.0,,,1.1,7.9,1.0,1501.0,16.2,18.3,11.5,25.2,18.4,24.0,16907,20.9,4.0,50,50
534.0,university of crete,greece,22.0,15.1,14.3,3.0,67.9,1.7,3.8,13.4,8.9,3.5,550.5,43.599999999999994,19.9,25.7,76.5,64.5,47.4,14119,26.5,4.0,63,37
,university of cumbria,united kingdom,,,,,,,,,,,,,,,,,,6010,17.7,11.0,70,30
,university of cyberjaya,malaysia,,,,,,,,,,,,,,,,,,1891,17.3,22.0,72,28
368.0,university of cyprus,cyprus,30.1,8.9,3.1,4.9,77.8,92.9,25.4,55.9,18.6,24.4,550.5,43.599999999999994,22.5,25.8,75.3,64.3,77.7,6907,20.0,14.0,61,39
,university of córdoba,spain,,,,,,,,,,,700.5,39.4,27.0,19.9,62.6,41.9,52.3,17070,12.9,11.0,57,43
,university of côte d’azur,france,,,,,,,,,,,550.5,43.599999999999994,28.4,22.0,65.6,62.4,80.6,33024,20.5,20.0,56,44
,university of dar es salaam,tanzania,,,,,,,,,,,1501.0,16.2,14.4,10.3,28.2,21.7,49.5,36666,21.1,0.0,47,53
675.5,university of debrecen,hungary,,17.3,10.3,30.4,3.7,10.6,68.0,39.6,16.9,3.5,700.5,39.4,41.2,22.5,40.7,51.1,59.7,19964,12.0,24.0,56,44
498.0,university of delaware,united states,23.2,10.3,7.9,6.9,59.1,36.3,13.7,28.2,19.8,31.8,450.5,47.2,32.7,31.8,72.5,80.9,62.3,21545,16.1,11.0,57,43
407.0,university of delhi,india,27.4,36.1,28.2,3.9,22.5,1.4,1.7,24.7,91.4,31.0,900.5,34.8,40.4,24.2,39.0,40.5,23.3,29532,23.8,1.0,48,52
925.5,university of denver,united states,,5.3,7.5,45.7,11.1,2.4,5.6,3.3,23.1,18.8,550.5,43.599999999999994,39.9,24.3,64.2,55.8,31.2,10367,13.6,5.0,60,40
1100.5,university of derby,united kingdom,,4.8,3.2,11.3,4.7,30.5,48.5,4.4,9.3,3.8,700.5,39.4,18.5,12.8,71.8,26.5,75.0,16170,15.8,18.0,60,40
1100.5,university of deusto,spain,,5.8,20.9,5.0,6.8,,,1.3,12.7,,900.5,34.8,22.5,23.2,54.3,36.6,42.3,9570,18.8,6.0,57,43
695.5,university of dhaka,bangladesh,,21.3,44.9,11.7,2.6,1.7,1.0,2.1,30.3,11.6,900.5,34.8,17.5,10.0,68.8,18.1,48.5,216258,15.3,3.0,50,50
,university of diyala,iraq,,,,,,,,,,,1350.5,25.5,26.6,8.2,44.3,20.5,28.3,29461,17.9,0.0,54,46
,university of djilali bounaama khemis miliana,algeria,,,,,,,,,,,,,,,,,,21277,27.6,0.0,63,37
825.5,university of dubai,united arab emirates,,4.2,4.5,13.0,10.0,100.0,64.5,1.0,17.3,1.0,,,,,,,,1147,21.0,24.0,29,71
,university of duhok,iraq,,,,,,,,,,,,,,,,,,23989,12.8,1.0,56,44
441.0,university of dundee,united kingdom,25.9,18.3,13.6,37.5,14.2,96.0,79.9,27.4,10.5,21.8,325.5,52.05,26.7,32.1,84.9,83.0,91.1,14145,18.1,25.0,65,35
295.0,university of east anglia,united kingdom,35.4,19.2,8.5,16.8,66.0,68.0,38.2,64.8,12.7,84.3,275.5,54.45,31.1,32.0,90.9,51.6,88.7,16475,14.3,21.0,57,43
875.5,university of east london,united kingdom,,3.6,3.5,3.5,6.7,74.2,100.0,2.1,12.0,1.1,1100.5,30.450000000000003,21.8,15.1,41.0,28.2,84.9,14480,26.1,52.0,56,44
548.0,university of eastern finland,finland,21.4,14.8,9.7,39.4,24.6,30.9,4.8,62.4,8.1,28.4,550.5,43.599999999999994,28.9,31.2,69.7,67.4,48.5,12237,18.5,5.0,67,33
,university of eastern philippines,philippines,,,,,,,,,,,,,,,,,,17337,42.4,0.0,59,41
,university of economics – varna,bulgaria,,,,,,,,,,,,,,,,,,7899,36.4,4.0,60,40
,university of edinburgh,united kingdom,,,,,,,,,,,30.0,82.5,70.7,77.5,96.9,71.1,97.0,33940,11.5,46.0,61,39
,university of education lahore,pakistan,,,,,,,,,,,1350.5,25.5,11.4,9.1,56.9,15.9,50.5,26664,30.6,0.0,53,47
,university of el oued,algeria,,,,,,,,,,,,,,,,,,27370,33.3,0.0,57,43
,university of electronic science and technology of china,china,,,,,,,,,,,375.5,50.05,34.8,35.2,80.9,85.5,33.9,37498,15.7,3.0,30,70
486.0,university of electronic science and technology of china,china (mainland),23.7,4.3,3.0,8.6,96.4,3.4,2.6,21.7,7.6,3.5,,,,,,,,,,,,
795.5,university of engineering & technology lahore,pakistan,,8.9,44.8,16.4,5.7,1.1,3.6,2.1,16.8,27.3,1100.5,30.450000000000003,18.8,9.9,53.5,24.1,50.6,12720,13.4,2.0,29,71
,university of engineering and technology peshawar,pakistan,,,,,,,,,,,1100.5,30.450000000000003,13.7,11.5,60.9,25.0,49.8,9307,21.7,2.0,6,94
,university of engineering and technology taxila,pakistan,,,,,,,,,,,700.5,39.4,16.4,12.8,82.6,17.1,48.5,5561,19.4,2.0,17,83
,university of erlangen-nuremberg,germany,,,,,,,,,,,193.0,59.0,42.6,48.1,79.7,100.0,61.0,29467,41.9,13.0,51,49
,university of essex,united kingdom,,,,,,,,,,,325.5,52.05,30.0,31.8,81.0,57.7,97.4,15540,16.0,41.0,54,46
,university of exeter,united kingdom,,,,,,,,,,,177.0,60.2,33.5,42.5,95.7,52.2,95.5,27190,16.6,28.0,53,47
,university of extremadura,spain,,,,,,,,,,,1100.5,30.450000000000003,24.7,12.4,51.9,22.4,35.7,20146,10.7,3.0,55,45
,university of ferrara,italy,,,,,,,,,,,550.5,43.599999999999994,29.6,24.9,74.3,66.9,44.7,23010,34.8,5.0,62,38
358.0,university of florence,italy,30.8,33.6,5.7,4.1,49.6,8.1,10.7,73.0,17.4,81.1,375.5,50.05,35.5,34.4,78.6,72.9,51.9,40535,24.0,10.0,56,44
168.0,university of florida,united states,49.1,48.0,58.7,71.3,26.6,18.8,10.8,97.7,39.0,95.7,132.0,63.7,55.5,56.7,78.3,88.9,50.9,48114,16.7,9.0,56,44
,university of foggia,italy,,,,,,,,,,,700.5,39.4,24.3,24.7,65.5,30.6,30.3,7845,33.2,1.0,63,37
,university of fortaleza,brazil,,,,,,,,,,,1501.0,16.2,14.3,9.4,33.6,16.9,37.8,21048,20.3,0.0,51,49
,university of franca,brazil,,,,,,,,,,,,,,,,,,47750,107.3,0.0,57,43
,university of franche-comté,france,,,,,,,,,,,1100.5,30.450000000000003,21.3,15.7,40.6,44.9,70.6,24908,33.5,11.0,58,42
,university of freiburg,germany,,,,,,,,,,,128.0,64.1,46.7,51.3,86.2,100.0,74.2,19417,34.4,17.0,53,47
,university of fribourg,switzerland,,,,,,,,,,,450.5,47.2,36.8,33.2,63.2,54.7,83.1,6961,16.0,15.0,64,36
,university of fukui,japan,,,,,,,,,,,1501.0,16.2,26.0,12.4,16.4,37.9,26.5,4803,7.6,2.0,27,73
,university of gafsa,tunisia,,,,,,,,,,,,,,,,,,7808,15.4,0.0,10,90
289.0,university of galway,ireland,36.0,26.3,28.2,61.2,13.5,92.3,39.3,45.7,30.7,90.6,325.5,52.05,32.9,33.8,76.7,83.0,77.6,15734,26.1,16.0,59,41
,university of garmian,iraq,,,,,,,,,,,,,,,,,,4248,9.9,0.0,69,31
975.5,university of gdansk,poland,,11.5,7.0,32.1,3.8,4.6,2.3,28.0,10.0,2.6,,,,,,,,,,,,
,university of gdańsk,poland,,,,,,,,,,,1350.5,25.5,23.6,14.8,30.8,21.7,35.1,18961,12.0,2.0,65,35
128.0,university of geneva,switzerland,54.2,45.1,14.1,42.0,75.4,100.0,96.3,87.3,31.0,63.1,183.0,59.8,41.8,38.0,86.7,80.7,97.1,18865,8.4,40.0,62,38
530.0,university of genoa,italy,22.1,17.4,3.8,11.3,40.6,4.8,8.8,54.3,12.7,61.9,450.5,47.2,36.1,28.3,78.0,73.4,47.3,21470,16.5,7.0,58,42
,university of georgia,united states,,,,,,,,,,,375.5,50.05,41.2,40.5,68.2,69.8,43.9,37565,15.7,6.0,58,42
975.5,university of ghana,ghana,,10.5,9.4,1.8,5.1,4.9,1.8,28.9,64.1,9.7,1100.5,30.450000000000003,14.9,21.3,42.1,37.3,52.3,59744,35.9,1.0,49,51
,university of ghardaia,algeria,,,,,,,,,,,,,,,,,,15228,29.5,0.0,48,52
,university of girona,spain,,,,,,,,,,,900.5,34.8,20.8,22.4,56.3,55.0,56.8,14158,21.0,14.0,58,42
76.0,university of glasgow,united kingdom,65.2,76.3,70.7,41.7,31.8,96.0,99.5,90.0,26.7,99.5,87.0,68.2,48.1,51.8,96.8,69.7,96.1,32270,14.4,43.0,59,41
,university of gloucestershire,united kingdom,,,,,,,,,,,900.5,34.8,17.4,14.0,57.6,34.5,65.7,6880,17.0,12.0,59,41
187.0,university of gothenburg,sweden,47.3,36.2,16.9,56.3,39.4,90.6,80.8,86.4,46.3,97.6,225.5,57.25,34.0,43.4,90.2,75.4,65.7,21698,11.9,13.0,,
403.0,university of granada,spain,27.8,44.0,9.8,5.6,23.3,3.4,16.1,96.8,5.1,36.1,550.5,43.599999999999994,28.5,26.6,65.7,52.2,52.6,55523,14.7,9.0,59,41
,university of graz,austria,,,,,,,,,,,550.5,43.599999999999994,29.2,21.8,66.9,51.2,81.3,12830,12.6,17.0,66,34
675.5,university of greenwich,united kingdom,,4.5,4.2,4.6,10.6,91.9,100.0,41.1,12.8,12.7,550.5,43.599999999999994,17.8,17.5,81.2,40.9,97.2,17095,21.8,46.0,58,42
,university of greifswald,germany,,,,,,,,,,,450.5,47.2,35.5,29.9,73.8,60.2,57.1,10366,21.1,8.0,59,41
139.0,university of groningen,netherlands,52.5,52.9,29.9,51.4,42.9,93.5,85.6,92.1,22.3,67.7,79.0,70.0,47.5,57.2,94.5,99.9,93.4,31942,28.8,29.0,53,47
,university of guadalajara,mexico,,,,,,,,,,,1501.0,16.2,16.3,8.8,13.7,18.0,31.2,140348,19.3,0.0,55,45
,university of guanajuato,mexico,,,,,,,,,,,1501.0,16.2,16.2,9.3,13.4,20.5,36.4,30317,21.4,2.0,55,45
486.0,university of guelph,canada,23.7,13.5,20.9,5.8,47.5,43.5,15.1,22.3,13.1,36.3,450.5,47.2,32.6,36.2,66.2,78.1,64.5,22936,27.3,10.0,59,41
,university of guilan,iran,,,,,,,,,,,1350.5,25.5,21.2,17.5,46.2,27.9,23.4,19023,34.3,1.0,58,42
,university of gujrat,pakistan,,,,,,,,,,,1100.5,30.450000000000003,13.4,11.3,69.5,16.0,45.8,14741,24.7,0.0,58,42
232.0,university of göttingen,germany,41.4,47.4,29.0,70.1,17.7,49.5,22.5,91.8,21.9,55.5,111.0,65.8,50.0,54.8,90.1,70.8,70.7,23349,27.4,14.0,53,47
,university of hafr al batin,saudi arabia,,,,,,,,,,,,,,,,,,17468,20.2,3.0,62,38
655.5,university of haifa,israel,,13.1,7.4,19.6,30.1,14.2,3.9,13.5,14.1,51.8,700.5,39.4,23.9,30.1,68.4,64.5,34.5,17353,18.4,3.0,66,34
,university of hail,saudi arabia,,,,,,,,,,,700.5,39.4,22.1,10.5,72.3,23.5,76.8,19400,11.2,3.0,61,39
,university of hamburg,germany,,,,,,,,,,,136.0,63.0,44.7,53.3,84.8,98.6,65.7,29240,58.5,13.0,58,42
,university of havana,cuba,,,,,,,,,,,1501.0,16.2,28.1,11.8,10.8,33.9,53.0,15584,9.0,5.0,64,36
386.0,university of hawaiʻi at mānoa,united states,28.4,16.1,8.5,36.8,48.6,53.0,12.9,53.7,10.7,47.5,,,,,,,,,,,,
,university of hawai’i at mānoa,united states,,,,,,,,,,,225.5,57.25,42.0,42.5,75.8,68.3,77.3,14936,11.3,10.0,57,43
,university of health sciences lahore,pakistan,,,,,,,,,,,,,,,,,,1089,6.4,1.0,66,34
,university of health sciences turkey,turkey,,,,,,,,,,,,,,,,,,21163,7.5,8.0,69,31
115.0,university of helsinki,finland,57.2,65.1,32.3,63.4,49.8,71.5,5.4,96.0,65.7,82.7,121.0,65.1,48.1,57.6,90.6,69.2,56.7,22887,15.9,5.0,67,33
875.5,university of hertfordshire,united kingdom,,4.7,4.8,6.4,5.6,63.4,99.5,11.2,12.0,2.7,700.5,39.4,18.6,13.4,67.2,33.9,91.6,20480,16.3,40.0,52,48
655.5,university of hohenheim,germany,,9.8,5.3,10.0,39.4,26.4,24.2,36.3,8.8,15.0,275.5,54.45,35.0,35.5,85.7,80.5,61.7,8369,37.7,14.0,57,43
,university of home economics lahore,pakistan,,,,,,,,,,,,,,,,,,1143,15.0,0.0,100,0
,university of hong kong,hong kong,,,,,,,,,,,35.0,80.3,65.6,72.3,96.4,95.2,96.8,18103,18.3,43.0,55,45
,university of hormozgan,iran,,,,,,,,,,,1350.5,25.5,24.6,14.1,37.6,22.8,26.4,5338,24.4,0.0,58,42
645.5,university of houston,united states,,13.9,10.9,4.5,34.0,8.5,9.3,34.0,29.2,27.8,550.5,43.599999999999994,33.8,29.7,65.8,70.2,50.8,47963,26.3,7.0,52,48
1100.5,university of hradec kralove,czech republic,,5.0,1.9,27.9,4.5,41.4,3.0,3.4,10.0,1.0,,,,,,,,,,,,
,university of hradec králové,czech republic,,,,,,,,,,,1350.5,25.5,19.7,15.2,40.8,23.5,60.4,6334,12.8,3.0,64,36
567.0,university of huddersfield,united kingdom,20.8,12.5,15.0,6.7,20.9,65.1,79.4,41.2,9.0,7.3,550.5,43.599999999999994,28.3,25.0,66.3,44.4,88.4,14270,19.8,26.0,58,42
523.0,university of hull,united kingdom,22.5,8.5,3.5,13.0,25.4,57.4,67.4,36.4,16.8,85.2,450.5,47.2,27.4,24.3,74.3,59.8,85.4,12305,18.0,21.0,56,44
,university of human development,iraq,,,,,,,,,,,,,,,,,,2550,20.1,3.0,48,52
825.5,university of hyderabad,india,,11.9,2.8,16.3,37.9,2.0,2.0,1.4,7.8,1.3,,,,,,,,,,,,
,university of hyogo,japan,,,,,,,,,,,1501.0,16.2,22.5,13.2,11.8,56.5,24.6,6540,12.4,3.0,41,59
1401.0,university of ibadan,nigeria,,9.0,6.6,,,,,8.2,,,900.5,34.8,27.6,14.4,59.3,24.4,41.0,41269,19.7,0.0,50,50
1300.5,university of iceland,iceland,,7.8,5.5,,,,,37.9,,,550.5,43.599999999999994,23.4,34.0,70.6,75.6,55.8,9899,17.0,12.0,68,32
1100.5,university of idaho,united states,,3.7,1.4,12.2,34.7,5.4,5.0,2.5,8.3,,,,,,,,,,,,,
323.0,university of illinois at chicago,united states,32.8,40.9,23.5,31.6,26.2,8.5,17.0,50.1,31.5,62.8,,,,,,,,,,,,
64.0,university of illinois at urbana-champaign,united states,69.1,85.0,70.8,7.5,86.5,11.1,49.2,76.4,66.0,83.5,42.0,77.9,69.5,81.5,85.2,85.3,64.0,50250,19.6,23.0,51,49
,university of illinois chicago,united states,,,,,,,,,,,225.5,57.25,50.3,33.9,80.0,76.7,61.0,28868,11.4,18.0,54,46
,university of ilorin,nigeria,,,,,,,,,,,1350.5,25.5,20.6,10.9,46.1,18.1,40.1,52921,39.2,0.0,51,49
,university of indonesia,indonesia,,,,,,,,,,,900.5,34.8,45.5,23.1,29.2,51.9,60.3,41222,7.9,14.0,70,30
,university of innsbruck,austria,,,,,,,,,,,325.5,52.05,34.4,33.1,70.3,79.6,94.7,15315,23.7,48.0,55,45
,university of insubria,italy,,,,,,,,,,,700.5,39.4,19.7,22.7,80.4,43.2,42.4,10244,27.5,5.0,56,44
1300.5,university of international business and economics,china (mainland),,3.8,1.8,10.2,2.7,7.4,32.8,1.0,14.8,1.1,,,,,,,,,,,,
1100.5,university of ioannina,greece,,6.9,3.7,1.4,24.6,1.7,2.7,15.2,8.4,,1100.5,30.450000000000003,14.0,12.4,55.9,47.4,43.2,32155,32.6,5.0,54,46
491.0,university of iowa,united states,23.5,19.9,11.2,48.2,20.9,22.3,4.6,51.3,22.1,38.4,225.5,57.25,46.1,37.0,79.9,88.6,55.8,28583,10.9,6.0,55,45
,university of isfahan,iran,,,,,,,,,,,1100.5,30.450000000000003,30.4,16.8,40.9,26.2,35.5,17182,24.0,8.0,58,42
,university of jaén,spain,,,,,,,,,,,900.5,34.8,20.7,18.8,64.2,41.0,45.4,13321,16.1,7.0,57,43
,university of jeddah,saudi arabia,,,,,,,,,,,1100.5,30.450000000000003,17.4,9.2,51.5,16.0,73.2,28561,14.6,2.0,67,33
,university of jendouba,tunisia,,,,,,,,,,,,,,,,,,10328,16.6,1.0,69,31
,university of jijel,algeria,,,,,,,,,,,1501.0,16.2,12.8,8.8,12.7,16.0,37.5,23690,22.4,0.0,72,28
306.0,university of johannesburg,south africa,34.0,16.2,21.4,36.8,20.7,96.3,50.6,96.9,43.6,73.6,450.5,47.2,28.6,36.3,66.8,44.8,81.0,31721,26.5,13.0,55,45
498.0,university of jordan,jordan,23.2,29.1,38.8,17.4,3.3,20.6,34.1,13.8,29.8,28.9,,,,,,,,,,,,
446.0,university of jyväskylä,finland,25.7,17.2,12.5,86.2,15.3,40.9,2.8,54.7,11.4,30.2,450.5,47.2,31.4,34.1,78.2,53.0,49.7,10702,13.8,3.0,62,38
,university of kabianga,kenya,,,,,,,,,,,,,,,,,,8060,39.1,0.0,50,50
,university of kaiserslautern,germany,,,,,,,,,,,700.5,39.4,38.7,28.7,44.4,83.0,56.7,6912,22.0,19.0,34,66
410.0,university of kansas,united states,27.2,15.1,13.3,83.6,9.0,72.6,7.8,35.7,23.5,71.8,375.5,50.05,42.7,25.9,73.1,79.9,58.6,23410,9.5,7.0,53,47
1100.5,university of karachi,pakistan,,10.4,15.3,1.6,4.6,3.8,1.1,2.6,6.9,12.3,1501.0,16.2,14.1,10.6,19.5,24.5,44.4,47337,39.3,0.0,60,40
,university of kashan,iran,,,,,,,,,,,700.5,39.4,27.1,19.9,74.7,21.9,24.8,8654,28.4,2.0,55,45
,university of kelaniya,sri lanka,,,,,,,,,,,1501.0,16.2,16.8,8.1,12.0,17.2,36.2,17699,15.6,3.0,66,34
336.0,university of kent,united kingdom,32.2,17.0,6.7,13.3,43.9,96.6,72.8,43.0,20.2,85.2,450.5,47.2,27.6,29.0,77.6,51.9,93.5,16515,18.0,27.0,53,47
685.5,university of kentucky,united states,,10.9,11.5,18.9,26.1,20.9,3.7,40.6,13.6,24.1,450.5,47.2,41.3,30.8,71.8,70.9,46.8,27540,11.3,3.0,58,42
,university of kerbala,iraq,,,,,,,,,,,1501.0,16.2,18.3,7.7,10.7,15.8,22.6,21735,15.8,0.0,54,46
1300.5,university of khartoum,sudan,,6.2,4.5,8.0,2.5,,1.4,3.9,24.9,1.1,,,,,,,,,,,,
,university of kiel,germany,,,,,,,,,,,325.5,52.05,33.3,33.3,81.6,63.0,62.9,29463,23.9,8.0,54,46
,university of kirkuk,iraq,,,,,,,,,,,,,,,,,,17513,23.7,0.0,61,39
580.0,university of klagenfurt,austria,20.4,5.5,4.3,60.2,11.4,95.2,86.6,3.0,12.0,1.6,550.5,43.599999999999994,31.2,19.4,72.4,48.1,87.6,3479,10.0,31.0,67,33
,university of konstanz,germany,,,,,,,,,,,275.5,54.45,39.8,44.4,71.5,97.4,76.4,7594,34.5,11.0,58,42
1401.0,university of kragujevac,serbia,,4.0,2.4,10.3,3.6,1.0,1.1,2.7,9.2,1.0,1100.5,30.450000000000003,23.8,10.7,60.0,21.2,31.8,16543,13.7,1.0,63,37
1300.5,university of kufa,iraq,,3.3,8.5,30.6,1.4,4.7,1.1,1.0,8.8,1.0,1501.0,16.2,20.0,8.7,18.0,16.7,29.5,28175,12.3,0.0,65,35
,university of kurdistan,iran,,,,,,,,,,,900.5,34.8,16.8,14.7,70.8,19.0,35.9,12714,32.2,4.0,54,46
625.5,university of kwazulu-natal,south africa,,12.9,11.8,6.5,22.8,25.1,1.9,78.1,28.0,37.8,550.5,43.599999999999994,31.5,34.8,63.7,39.7,55.9,33039,27.6,2.0,60,40
,university of la costa,colombia,,,,,,,,,,,900.5,34.8,13.2,10.7,74.2,16.3,54.9,12000,18.1,1.0,42,58
,university of la frontera,chile,,,,,,,,,,,1350.5,25.5,17.6,12.3,32.7,22.8,51.3,12157,23.2,1.0,51,49
,university of la laguna,spain,,,,,,,,,,,1100.5,30.450000000000003,21.9,15.8,54.7,28.7,50.7,19228,13.3,5.0,58,42
,university of la sabana,colombia,,,,,,,,,,,1501.0,16.2,17.4,10.9,19.7,16.6,44.3,11838,17.1,2.0,56,44
,university of la serena,chile,,,,,,,,,,,1350.5,25.5,12.3,9.9,49.2,16.4,50.4,8170,26.4,1.0,51,49
,university of laghouat,algeria,,,,,,,,,,,1501.0,16.2,14.0,8.6,17.2,15.9,39.7,30088,29.8,0.0,46,54
1401.0,university of lagos,nigeria,,7.4,5.6,,,,,1.5,,,1100.5,30.450000000000003,14.6,14.4,65.5,20.9,41.5,41048,27.5,0.0,51,49
,university of lahore,pakistan,,,,,,,,,,,900.5,34.8,17.6,10.2,68.8,20.3,52.6,26010,13.5,2.0,38,62
1401.0,university of lampung,indonesia,,3.4,1.8,4.7,1.3,1.0,1.0,1.0,5.8,,1501.0,16.2,17.1,8.1,26.3,16.8,18.4,34807,13.1,0.0,60,40
,university of las américas,ecuador,,,,,,,,,,,,,,,,,,13935,13.7,2.0,54,46
,university of las palmas de gran canaria,spain,,,,,,,,,,,1100.5,30.450000000000003,19.8,16.1,45.6,25.2,42.1,15681,17.0,6.0,57,43
825.5,university of latvia,latvia,,12.5,17.8,5.1,6.1,12.5,5.3,21.5,59.8,13.7,1100.5,30.450000000000003,18.6,27.1,40.3,42.5,47.6,12125,30.2,7.0,69,31
220.0,university of lausanne,switzerland,42.7,29.4,15.1,36.6,65.1,99.9,56.6,48.0,27.9,61.6,143.0,62.7,41.7,46.3,87.3,99.5,90.4,14478,10.5,23.0,,
75.0,university of leeds,united kingdom,65.5,70.3,76.7,37.3,42.3,85.2,90.0,98.7,37.8,90.9,129.0,63.9,46.1,49.1,87.3,68.8,94.6,33450,14.4,32.0,59,41
272.0,university of leicester,united kingdom,37.3,21.2,14.2,36.1,45.3,80.8,94.1,75.7,17.8,50.9,225.5,57.25,33.4,34.2,95.5,67.9,95.1,14000,13.9,31.0,54,46
,university of lethbridge,canada,,,,,,,,,,,1350.5,25.5,20.3,14.1,31.2,34.6,61.4,7181,13.4,12.0,,
,university of león,spain,,,,,,,,,,,1100.5,30.450000000000003,23.2,13.6,46.7,70.3,36.5,10410,12.1,4.0,53,47
,university of liberal arts bangladesh,bangladesh,,,,,,,,,,,,,,,,,,4242,19.4,0.0,49,51
,university of life sciences in lublin,poland,,,,,,,,,,,1501.0,16.2,20.2,11.7,30.3,19.1,20.7,7355,11.6,2.0,65,35
,university of lille,france,,,,,,,,,,,700.5,39.4,32.5,23.2,58.6,67.2,68.0,79372,31.5,13.0,61,39
426.0,university of limerick,ireland,26.6,17.5,29.1,14.0,21.9,88.4,28.6,34.6,13.9,58.9,450.5,47.2,27.1,32.6,64.1,75.9,76.1,14640,27.1,15.0,50,50
875.5,university of lincoln,united kingdom,,6.1,5.1,9.1,11.3,64.6,30.1,9.6,8.9,37.5,550.5,43.599999999999994,19.9,18.7,82.2,24.7,80.2,15020,16.1,13.0,55,45
266.0,university of lisbon,portugal,37.7,42.2,21.0,12.7,35.1,9.3,30.7,97.4,65.8,66.5,450.5,47.2,29.6,38.0,69.9,64.7,56.9,49847,18.0,16.0,53,47
176.0,university of liverpool,united kingdom,48.5,44.4,35.0,39.7,37.9,87.8,79.0,97.2,25.6,72.0,168.0,60.8,38.4,40.2,93.4,64.9,96.4,25955,14.2,32.0,54,46
,university of liège,belgium,,,,,,,,,,,325.5,52.05,33.5,38.7,72.7,95.5,73.6,23545,29.2,20.0,58,42
625.5,university of ljubljana,slovenia,,20.0,9.5,35.6,6.3,4.5,10.7,59.3,48.9,17.2,900.5,34.8,24.5,20.1,54.6,69.8,42.4,40607,13.8,9.0,60,40
,university of lleida,spain,,,,,,,,,,,900.5,34.8,23.5,20.1,58.2,57.3,45.4,9474,16.1,10.0,59,41
975.5,university of lodz,poland,,11.7,4.3,39.7,3.2,4.2,12.8,26.7,11.8,2.4,1501.0,16.2,20.6,15.6,28.8,19.2,35.5,21633,14.0,9.0,62,38
,university of lorraine,france,,,,,,,,,,,700.5,39.4,27.3,18.9,58.0,60.6,72.9,63803,20.0,16.0,53,47
,university of los lagos,chile,,,,,,,,,,,1501.0,16.2,15.9,14.1,25.8,16.0,49.5,5995,17.4,0.0,60,40
1100.5,university of louisville,united states,,3.5,4.5,24.9,10.1,34.8,3.3,15.8,12.5,,,,,,,,,,,,,
,university of lucknow,india,,,,,,,,,,,1501.0,16.2,28.4,10.3,26.5,18.0,23.1,18173,29.4,2.0,45,55
381.0,university of luxembourg,luxembourg,29.1,9.1,4.9,77.2,28.6,100.0,100.0,18.4,25.6,,225.5,57.25,39.6,39.4,78.1,63.0,93.2,5599,21.3,49.0,53,47
,university of l’aquila,italy,,,,,,,,,,,550.5,43.599999999999994,32.1,22.8,73.2,70.9,36.4,18822,31.7,5.0,55,45
,university of macau,macao,,,,,,,,,,,193.0,59.0,38.4,38.1,90.3,61.9,93.7,10908,18.6,41.0,54,46
254.0,university of macau,macau sar,38.9,10.6,14.2,12.2,96.9,100.0,99.3,11.4,41.6,4.3,,,,,,,,,,,,
,university of macerata,italy,,,,,,,,,,,1501.0,16.2,16.2,18.1,24.6,15.6,37.3,12042,27.0,4.0,75,25
526.0,university of madras,india,22.3,8.7,3.6,,95.4,,,2.4,,1.1,,,,,,,,,,,,
,university of magallanes,chile,,,,,,,,,,,,,,,,,,4235,15.6,1.0,62,38
,university of malaga,spain,,,,,,,,,,,1100.5,30.450000000000003,21.5,16.0,43.2,51.5,42.2,35595,13.3,6.0,54,46
,university of malakand,pakistan,,,,,,,,,,,900.5,34.8,16.8,14.0,74.1,26.7,49.2,8339,32.1,1.0,26,74
,university of malaya,malaysia,,,,,,,,,,,275.5,54.45,43.4,35.4,72.6,52.5,84.7,19346,10.2,22.0,55,45
875.5,university of malta,malta,,5.3,5.2,38.2,6.5,15.1,11.2,35.4,47.4,2.3,900.5,34.8,23.4,16.2,60.6,20.5,53.8,10056,12.3,14.0,59,41
,university of management and technology,pakistan,,,,,,,,,,,900.5,34.8,13.8,10.4,80.4,19.1,51.3,23418,22.4,2.0,50,50
,university of manchester,united kingdom,,,,,,,,,,,51.0,75.6,61.4,67.1,93.1,73.1,95.6,40725,15.6,45.0,56,44
675.5,university of manitoba,canada,,14.5,12.0,36.3,10.0,,27.8,29.3,24.1,32.9,375.5,50.05,31.8,34.7,76.3,62.3,59.1,30316,30.0,21.0,54,46
,university of mannheim,germany,,,,,,,,,,,187.0,59.5,36.5,45.4,90.2,93.6,63.7,7475,57.1,14.0,52,48
,university of manouba,tunisia,,,,,,,,,,,1350.5,25.5,21.8,9.2,44.2,19.4,45.8,17175,14.5,2.0,64,36
,university of maragheh,iran,,,,,,,,,,,1100.5,30.450000000000003,12.1,16.6,55.7,17.5,34.0,3452,23.6,0.0,55,45
,university of marburg,germany,,,,,,,,,,,450.5,47.2,36.7,31.4,68.8,63.1,62.3,24644,32.7,14.0,56,44
875.5,university of maribor,slovenia,,7.0,6.7,30.8,6.7,1.9,14.3,16.1,52.1,31.3,1350.5,25.5,20.1,16.9,40.8,36.5,38.9,12919,14.4,11.0,54,46
,university of marrakech cadi ayyad,morocco,,,,,,,,,,,1350.5,25.5,20.5,11.5,36.5,21.6,40.2,115156,45.9,1.0,51,49
715.5,university of maryland baltimore county,united states,,10.6,13.1,13.4,18.1,59.4,15.9,6.2,10.8,38.7,700.5,39.4,28.8,24.6,61.5,66.8,50.1,11668,17.2,11.0,46,54
169.0,university of maryland college park,united states,48.9,49.2,26.1,35.1,68.4,31.6,14.0,85.5,41.6,81.7,114.0,65.7,49.4,58.1,92.8,70.2,48.6,33988,17.0,9.0,49,51
,university of mascara,algeria,,,,,,,,,,,1501.0,16.2,13.7,7.5,31.4,16.1,43.2,21663,23.8,0.0,62,38
,university of massachusetts,united states,,,,,,,,,,,123.0,64.9,54.0,46.9,87.3,85.6,77.3,63500,13.3,14.0,50,50
245.0,university of massachusetts amherst,united states,39.8,39.5,11.9,10.7,57.6,71.0,23.8,52.0,27.7,93.5,,,,,,,,,,,,
825.5,university of massachusetts boston,united states,,11.9,4.9,11.5,27.5,5.9,9.6,2.3,7.6,40.2,,,,,,,,,,,,
1401.0,university of mataram,indonesia,,4.9,1.6,3.5,1.1,1.2,1.0,1.0,5.0,,,,,,,,,31378,24.0,0.0,61,39
,university of mauritius,mauritius,,,,,,,,,,,1350.5,25.5,17.6,13.4,45.3,40.3,35.4,8167,22.8,1.0,54,46
,university of mazandaran,iran,,,,,,,,,,,1100.5,30.450000000000003,27.5,18.9,39.1,24.7,32.1,13164,32.3,7.0,62,38
,university of medea,algeria,,,,,,,,,,,,,,,,,,22350,25.9,0.0,62,38
,university of medellín,colombia,,,,,,,,,,,,,,,,,,9268,16.9,2.0,55,45
,university of medicine and pharmacy carol davila,romania,,,,,,,,,,,900.5,34.8,26.3,11.0,62.6,24.6,38.8,12069,8.6,16.0,68,32
,university of medicine and pharmacy of craiova,romania,,,,,,,,,,,1350.5,25.5,24.3,9.9,37.2,19.2,40.5,4298,9.8,14.0,63,37
,university of melbourne,australia,,,,,,,,,,,37.0,79.2,64.8,76.4,90.1,98.3,92.7,51307,25.1,47.0,58,42
1300.5,university of memphis,united states,,3.1,5.1,14.9,8.9,2.1,4.4,5.0,10.7,,900.5,34.8,27.5,19.0,55.0,63.0,35.0,16549,14.9,5.0,62,38
875.5,university of messina,italy,,8.3,2.5,12.7,29.4,1.4,4.4,30.7,1.0,23.2,550.5,43.599999999999994,30.5,25.3,79.1,59.5,34.1,13509,21.1,3.0,63,37
278.0,university of miami,united states,36.9,20.1,44.7,76.8,19.2,84.2,22.8,55.0,37.0,50.6,225.5,57.25,48.5,34.7,83.2,80.4,67.5,17060,10.4,14.0,54,46
33.0,university of michigan-ann arbor,united states,81.7,98.3,89.9,82.2,56.2,67.0,27.6,95.4,94.3,83.7,23.0,87.4,84.7,87.4,95.5,80.7,69.0,45783,8.1,16.0,51,49
276.0,university of milan,italy,37.0,51.2,12.7,5.6,47.8,7.5,6.8,59.0,24.2,92.1,375.5,50.05,31.3,31.8,87.3,69.5,47.2,50995,21.8,7.0,60,40
,university of milan-bicocca,italy,,,,,,,,,,,375.5,50.05,27.8,26.0,91.1,66.7,47.0,29943,29.8,5.0,62,38
481.0,university of milano-bicocca,italy,24.0,20.6,9.6,2.9,57.1,3.3,4.6,45.2,13.2,29.4,,,,,,,,,,,,
615.5,university of minho,portugal,,15.6,8.7,32.8,18.7,19.4,18.0,52.7,10.2,27.6,700.5,39.4,26.3,30.3,59.3,74.7,51.9,20001,19.5,13.0,56,44
,university of minnesota,united states,,,,,,,,,,,85.0,68.7,61.0,58.5,87.2,99.8,48.3,59556,11.8,9.0,55,45
195.0,university of minnesota twin cities,united states,46.4,59.0,30.2,30.6,46.4,5.5,9.1,86.1,41.9,88.5,,,,,,,,,,,,
,university of misan,iraq,,,,,,,,,,,,,,,,,,16565,19.9,0.0,61,39
1300.5,university of miskolc,hungary,,6.2,5.2,23.6,2.3,3.1,6.6,1.2,12.7,1.1,1501.0,16.2,25.6,13.4,16.1,21.7,31.7,7808,14.9,5.0,48,52
1100.5,university of mississippi,united states,,4.3,3.2,36.6,8.9,14.5,2.9,12.5,8.4,4.1,,,,,,,,,,,,
586.0,university of missouri columbia,united states,20.2,14.2,9.6,40.2,17.4,56.4,3.3,23.9,24.2,35.5,,,,,,,,,,,,
1100.5,university of missouri kansas city,united states,,4.7,5.1,17.8,17.5,5.1,13.5,2.5,9.7,1.3,,,,,,,,,,,,
1300.5,university of missouri saint louis,united states,,4.0,3.6,16.2,14.2,4.8,4.2,1.0,11.5,,,,,,,,,,,,,
,university of miyazaki,japan,,,,,,,,,,,1501.0,16.2,27.4,11.8,24.3,44.0,27.8,5447,7.4,3.0,36,64
645.5,university of modena and reggio emilia,italy,,8.7,3.2,2.3,50.3,3.9,3.8,21.4,13.9,57.4,450.5,47.2,32.0,24.6,79.6,80.3,40.2,21836,27.0,5.0,54,46
,university of mohaghegh ardabili,iran,,,,,,,,,,,900.5,34.8,19.3,17.3,71.5,19.7,32.9,11773,29.7,0.0,55,45
,university of mohamed lamine debaghin setif 2,algeria,,,,,,,,,,,,,,,,,,27047,33.6,0.0,62,38
,university of monastir,tunisia,,,,,,,,,,,1350.5,25.5,25.7,10.1,36.2,28.1,46.0,18846,8.5,2.0,69,31
695.5,university of mons,belgium,,6.7,13.0,3.1,40.3,35.9,43.6,5.2,11.3,1.8,550.5,43.599999999999994,24.8,32.5,63.9,64.0,71.5,8132,28.1,18.0,56,44
1300.5,university of montana missoula,united states,,2.5,2.6,11.8,9.2,1.3,1.7,1.0,8.3,3.5,,,,,,,,,,,,
,university of montenegro,montenegro,,,,,,,,,,,1501.0,16.2,13.0,12.6,23.8,25.4,41.8,15618,20.3,2.0,68,32
,university of monterrey,mexico,,,,,,,,,,,,,,,,,,11670,17.0,1.0,60,40
,university of mostar,bosnia and herzegovina,,,,,,,,,,,,,,,,,,9412,8.9,14.0,62,38
,university of mosul,iraq,,,,,,,,,,,1501.0,16.2,14.8,9.9,16.3,28.8,20.1,59250,20.2,0.0,47,53
755.5,university of mumbai,india,,8.1,25.0,2.4,25.0,2.0,3.5,1.1,70.5,10.5,,,,,,,,,,,,
925.5,university of murcia,spain,,12.6,2.8,32.5,5.7,3.7,8.3,42.0,5.5,9.4,900.5,34.8,25.2,19.9,52.6,61.4,38.9,28862,17.7,5.0,62,38
,university of mysore,india,,,,,,,,,,,1501.0,16.2,28.2,9.0,23.2,22.3,42.3,10130,25.8,8.0,33,67
,university of münster,germany,,,,,,,,,,,193.0,59.0,43.8,47.3,83.7,81.5,53.5,27529,25.1,5.0,,
1100.5,university of nairobi,kenya,,9.6,14.6,18.1,1.7,,,3.6,54.4,4.1,1350.5,25.5,12.0,10.6,45.9,18.8,49.8,52678,34.5,2.0,24,76
,university of namibia,namibia,,,,,,,,,,,1350.5,25.5,13.1,8.6,51.3,15.8,62.8,28916,21.6,3.0,63,37
,university of namur,belgium,,,,,,,,,,,700.5,39.4,24.4,27.2,53.7,62.8,69.7,6616,22.2,12.0,58,42
335.0,university of naples - federico ii,italy,32.3,35.2,17.0,4.3,61.8,2.4,1.1,81.6,7.1,34.6,,,,,,,,,,,,
,university of naples federico ii,italy,,,,,,,,,,,375.5,50.05,36.7,28.3,86.9,72.0,35.4,56127,19.5,2.0,56,44
1100.5,university of naples parthenope,italy,,3.5,2.0,3.7,38.9,1.8,1.9,1.7,4.8,3.4,,,,,,,,,,,,
280.0,university of navarra,spain,36.8,29.0,61.2,56.5,15.1,25.2,74.8,28.9,28.4,45.6,325.5,52.05,35.6,30.4,82.3,79.1,74.4,11969,14.3,26.0,54,46
551.0,university of nebraska - lincoln,united states,21.3,10.8,5.9,18.8,33.7,30.4,8.2,42.6,12.2,79.1,,,,,,,,,,,,
,university of nebraska medical center,united states,,,,,,,,,,,550.5,43.599999999999994,36.9,16.4,77.8,66.1,41.3,3318,2.0,7.0,71,29
,university of nebraska-lincoln,united states,,,,,,,,,,,450.5,47.2,33.8,31.1,71.5,67.0,65.9,23920,16.6,9.0,49,51
,university of neuchâtel,switzerland,,,,,,,,,,,450.5,47.2,31.8,26.4,67.2,53.5,85.9,4379,11.8,21.0,61,39
,university of nevada las vegas,united states,,,,,,,,,,,700.5,39.4,29.3,25.6,64.7,51.5,38.3,26730,23.2,4.0,57,43
715.5,university of new brunswick,canada,,4.6,6.9,23.0,24.9,63.8,24.8,5.9,14.4,32.7,,,,,,,,,,,,
,university of new brunswick unb,canada,,,,,,,,,,,700.5,39.4,24.3,25.0,62.4,64.0,81.1,8308,15.0,14.0,53,47
975.5,university of new england australia,australia,,10.9,6.3,2.3,25.4,2.9,5.5,8.1,9.1,14.5,,,,,,,,,,,,
1100.5,university of new hampshire,united states,,5.5,4.3,11.4,18.7,10.8,3.0,5.7,10.3,11.6,,,,,,,,,,,,
635.5,university of new mexico,united states,,11.6,13.9,38.3,16.4,15.7,4.0,57.5,9.3,33.8,,,,,,,,,,,,
,university of newcastle,australia,,,,,,,,,,,225.5,57.25,33.8,38.8,85.5,76.5,83.4,24608,31.3,16.0,57,43
,university of nicosia,cyprus,,,,,,,,,,,550.5,43.599999999999994,22.6,21.0,76.1,26.3,91.2,4754,13.0,54.0,53,47
,university of nigeria nsukka,nigeria,,,,,,,,,,,1350.5,25.5,29.1,10.6,30.3,17.3,37.0,43108,11.7,1.0,46,54
,university of niigata prefecture,japan,,,,,,,,,,,,,,,,,,1309,16.0,1.0,73,27
1300.5,university of niš,serbia,,5.2,3.7,13.2,2.4,,6.2,6.1,9.1,1.1,,,,,,,,,,,,
,university of north carolina at chapel hill,united states,,,,,,,,,,,72.0,71.2,63.4,60.3,93.9,75.8,50.9,30782,7.7,8.0,60,40
1100.5,university of north carolina at charlotte,united states,,5.7,4.5,5.0,14.1,8.7,5.5,14.4,10.6,23.0,700.5,39.4,23.2,22.1,74.4,58.7,37.0,26819,20.6,6.0,49,51
1300.5,university of north carolina at greensboro,united states,,2.9,2.8,9.2,10.6,9.7,2.6,7.6,7.1,,,,,,,,,,,,,
132.0,university of north carolina chapel hill,united states,53.2,63.0,33.9,72.9,42.5,24.7,10.1,82.2,47.9,96.8,,,,,,,,,,,,
1100.5,university of north texas,united states,,7.0,6.8,3.4,19.3,4.9,14.7,9.6,25.5,8.9,,,,,,,,,,,,
,university of northampton,united kingdom,,,,,,,,,,,,,,,,,,10145,17.6,32.0,64,36
785.5,university of northern british columbia,canada,,3.8,8.5,100.0,1.1,,,40.3,7.3,,900.5,34.8,21.1,21.8,51.7,21.4,52.0,2937,16.5,12.0,61,39
304.0,university of notre dame,united states,34.3,26.5,32.2,59.7,39.1,23.3,17.7,32.0,45.2,34.6,199.0,58.7,51.9,42.6,76.1,72.9,69.9,12576,10.9,12.0,47,53
100.0,university of nottingham,united kingdom,60.4,60.7,72.1,32.2,46.5,90.0,75.2,98.4,24.4,80.0,130.0,63.8,45.6,45.9,90.6,71.2,92.8,33520,16.0,27.0,54,46
,university of nova gorica,slovenia,,,,,,,,,,,,,,,,,,405,3.2,55.0,47,53
1100.5,university of novi sad,serbia,,8.8,3.6,9.3,3.4,,,47.5,9.0,2.2,1501.0,16.2,19.0,11.7,29.1,36.4,33.6,47978,15.1,1.0,57,43
,university of occupational and environmental health japan,japan,,,,,,,,,,,1100.5,30.450000000000003,30.2,11.7,54.8,46.8,22.5,1164,2.5,1.0,52,48
,university of okara,pakistan,,,,,,,,,,,,,,,,,,6970,60.6,0.0,,
645.5,university of oklahoma,united states,,9.6,10.6,16.3,34.3,34.5,5.1,17.9,17.2,33.5,,,,,,,,,,,,
1401.0,university of oradea,romania,,5.0,2.0,3.6,1.7,1.6,7.0,1.8,5.9,2.2,1350.5,25.5,16.7,14.6,35.0,16.9,41.0,15820,17.5,6.0,56,44
725.5,university of oregon,united states,,17.7,8.6,11.2,24.0,12.5,4.5,8.9,18.3,30.7,450.5,47.2,31.1,30.5,79.4,70.2,43.2,21185,13.0,6.0,55,45
117.0,university of oslo,norway,56.9,55.8,11.2,81.7,64.2,86.1,25.4,95.9,41.8,91.8,127.0,64.3,45.6,50.6,92.1,72.3,75.6,20967,12.5,15.0,66,34
1300.5,university of ostrava,czech republic,,6.0,1.0,19.9,4.1,18.6,12.3,1.8,7.7,1.2,1501.0,16.2,19.5,16.3,23.2,18.2,46.2,8526,16.0,9.0,71,29
206.0,university of otago,new zealand,45.0,46.3,27.1,11.0,51.0,100.0,29.2,38.1,44.7,98.1,325.5,52.05,35.6,35.1,75.8,68.8,81.8,19350,20.6,16.0,61,39
203.0,university of ottawa,canada,45.2,26.5,29.7,3.8,79.1,85.9,75.9,85.8,24.3,54.6,177.0,60.2,39.6,46.5,84.4,80.2,86.9,38366,27.2,26.0,59,41
313.0,university of oulu,finland,33.5,15.8,17.3,26.4,56.9,52.5,9.4,75.4,16.6,88.4,275.5,54.45,33.1,38.2,84.1,66.0,59.5,10719,20.8,8.0,55,45
,university of oum el bouaghi,algeria,,,,,,,,,,,,,,,,,,12759,12.8,0.0,72,28
,university of oviedo,spain,,,,,,,,,,,900.5,34.8,29.0,18.5,49.2,40.6,37.8,18657,9.2,4.0,54,46
3.0,university of oxford,united kingdom,98.9,100.0,100.0,100.0,90.6,98.2,98.2,100.0,100.0,97.8,1.0,98.5,96.6,100.0,99.0,98.7,97.5,21750,10.9,42.0,49,51
,university of padua,italy,,,,,,,,,,,225.5,57.25,46.1,38.5,84.1,77.1,53.1,44401,26.5,7.0,56,44
875.5,university of palermo,italy,,10.9,2.4,5.1,27.5,2.4,1.9,53.3,5.1,9.7,700.5,39.4,18.9,22.5,69.8,47.2,34.8,33972,22.0,1.0,59,41
1300.5,university of pannonia,hungary,,4.5,3.5,23.7,8.3,,9.2,5.9,5.8,1.0,1501.0,16.2,22.2,15.6,21.5,45.5,37.9,5241,19.5,7.0,48,52
1100.5,university of pardubice,czech republic,,4.8,2.6,39.8,3.3,11.5,11.1,1.1,7.8,1.0,1501.0,16.2,21.1,17.7,17.7,30.0,39.8,7375,13.5,10.0,56,44
875.5,university of parma,italy,,9.4,2.7,2.6,34.6,2.0,6.3,35.1,10.2,3.7,700.5,39.4,19.4,22.6,72.2,65.9,38.7,29840,33.4,6.0,58,42
,university of passau,germany,,,,,,,,,,,450.5,47.2,31.5,36.5,66.5,62.2,58.2,8536,58.2,13.0,60,40
795.5,university of patras,greece,,12.1,17.7,2.7,24.0,1.5,5.1,12.4,8.4,41.1,900.5,34.8,19.0,17.8,56.2,68.4,35.1,31172,29.4,5.0,51,49
,university of pau and pays de l’adour,france,,,,,,,,,,,1350.5,25.5,23.4,12.4,21.6,28.5,79.9,14105,13.9,15.0,53,47
,university of pavia,italy,,,,,,,,,,,325.5,52.05,37.6,32.3,82.7,80.4,50.4,17701,31.5,9.0,54,46
825.5,university of pecs,hungary,,13.2,8.8,38.1,2.7,9.1,62.4,4.8,9.6,3.0,,,,,,,,,,,,
12.0,university of pennsylvania,united states,89.4,96.4,89.1,99.9,68.4,96.0,70.3,83.3,100.0,99.9,16.0,91.0,87.7,89.7,97.6,97.7,78.8,21312,6.2,22.0,54,46
1300.5,university of peradeniya,sri lanka,,7.8,9.9,14.9,2.0,1.0,1.3,2.2,10.8,2.2,1100.5,30.450000000000003,18.4,9.2,58.6,23.3,39.8,22336,13.9,1.0,65,35
,university of pernambuco,brazil,,,,,,,,,,,1501.0,16.2,16.0,10.3,15.2,18.3,26.4,21435,16.9,0.0,,
975.5,university of peshawar,pakistan,,6.0,9.0,36.0,17.4,,2.0,3.7,5.9,1.2,1100.5,30.450000000000003,19.4,12.2,61.0,17.4,47.3,20494,42.7,0.0,18,82
,university of petra,jordan,,,,,,,,,,,,,,,,,,6633,20.5,22.0,58,42
925.5,university of petroleum and energy studies,india,,18.2,3.7,39.2,2.8,18.1,1.1,1.5,8.1,,,,,,,,,,,,,
,university of phayao,thailand,,,,,,,,,,,1501.0,16.2,14.9,9.4,39.3,16.3,25.9,17256,17.1,0.0,66,34
349.0,university of pisa,italy,31.3,40.4,12.7,7.5,41.1,5.9,4.1,67.6,13.4,73.6,450.5,47.2,31.1,31.2,80.5,68.7,43.2,31567,20.9,5.0,52,48
222.0,university of pittsburgh,united states,42.5,37.9,15.2,96.1,38.7,7.0,14.9,81.1,33.1,90.5,,,,,,,,,,,,
,university of pittsburgh-pittsburgh campus,united states,,,,,,,,,,,145.0,62.5,49.1,46.1,92.4,76.1,50.9,26305,5.4,10.0,56,44
561.0,university of plymouth,united kingdom,21.0,9.0,12.1,12.2,29.1,51.3,38.9,45.4,11.2,45.0,450.5,47.2,24.4,21.9,79.5,66.1,80.6,15675,17.1,16.0,59,41
,university of poonch rawalakot,pakistan,,,,,,,,,,,,,,,,,,5149,28.1,0.0,56,44
,university of port harcourt,nigeria,,,,,,,,,,,1501.0,16.2,23.1,14.4,15.4,21.8,32.0,31493,17.1,0.0,35,65
253.0,university of porto,portugal,39.0,39.8,22.9,11.1,58.1,7.3,18.7,93.8,17.6,77.3,450.5,47.2,31.3,35.4,71.1,66.3,57.9,36386,16.9,17.0,54,46
502.0,university of portsmouth,united kingdom,23.1,8.4,9.6,8.7,18.7,75.1,87.3,44.8,12.6,73.1,450.5,47.2,20.0,20.0,84.5,40.6,94.7,23625,16.8,29.0,47,53
,university of potsdam,germany,,,,,,,,,,,225.5,57.25,37.3,44.7,80.4,91.0,68.5,14330,38.1,16.0,57,43
323.0,university of pretoria,south africa,32.8,23.6,52.3,3.5,20.7,25.0,6.4,97.6,58.4,78.4,550.5,43.599999999999994,31.2,34.3,56.7,69.9,61.4,37315,22.1,6.0,59,41
1100.5,university of primorska,slovenia,,3.1,2.3,9.4,5.1,26.3,28.6,5.7,67.8,1.4,1501.0,16.2,16.4,14.9,26.5,21.9,61.8,5805,15.3,18.0,77,23
,university of prishtina,kosovo,,,,,,,,,,,1501.0,16.2,11.8,10.7,13.7,18.4,38.9,28532,31.4,1.0,65,35
,university of professional studies accra,ghana,,,,,,,,,,,,,,,,,,19634,50.9,0.0,46,54
,university of puerto rico,puerto rico,,,,,,,,,,,1350.5,25.5,25.0,11.4,40.8,37.6,44.4,43535,15.2,1.0,58,42
,university of puthisastra,cambodia,,,,,,,,,,,,,,,,,,2197,8.1,0.0,59,41
,university of pécs,hungary,,,,,,,,,,,1100.5,30.450000000000003,39.1,16.5,29.9,32.0,54.3,16267,13.7,24.0,59,41
,university of qom,iran,,,,,,,,,,,1350.5,25.5,22.2,12.1,35.1,17.3,48.6,11828,43.0,33.0,44,56
,university of rajshahi,bangladesh,,,,,,,,,,,1100.5,30.450000000000003,15.9,9.3,59.3,17.6,39.6,22042,20.4,0.0,34,66
169.0,university of reading,united kingdom,48.9,33.2,39.3,16.1,67.4,88.4,81.0,77.8,32.3,72.5,225.5,57.25,37.5,40.6,84.1,70.8,95.5,15945,16.6,31.0,55,45
1100.5,university of regina,canada,,3.5,2.9,4.0,21.2,8.8,41.1,5.7,8.3,,900.5,34.8,17.8,19.5,62.9,36.1,71.0,14167,24.6,26.0,49,51
,university of rennes 1,france,,,,,,,,,,,900.5,34.8,32.1,17.9,44.7,64.0,63.8,27592,17.5,12.0,52,48
1100.5,university of rhode island,united states,,5.6,2.8,6.9,16.7,5.1,2.7,3.3,12.7,58.6,700.5,39.4,26.3,20.5,57.4,50.0,53.7,15886,14.5,3.0,57,43
1300.5,university of rijeka,croatia,,5.9,2.7,17.1,4.3,2.6,1.9,5.7,10.1,2.6,1501.0,16.2,18.7,16.7,29.9,25.8,29.2,13163,15.6,3.0,58,42
224.0,university of rochester,united states,42.4,22.1,18.4,97.9,51.6,71.4,91.7,31.3,26.6,33.2,133.0,63.6,50.8,42.9,88.3,89.0,81.7,9855,7.3,34.0,50,50
,university of roehampton,united kingdom,,,,,,,,,,,900.5,34.8,23.0,21.5,52.0,35.8,85.0,8245,19.6,36.0,67,33
489.0,"university of rome ""tor vergata""",italy,23.6,31.5,12.6,7.6,38.1,7.1,16.2,32.8,7.8,15.2,,,,,,,,,,,,
,university of rome ii – tor vergata,italy,,,,,,,,,,,325.5,52.05,39.9,33.5,74.3,77.5,66.9,18480,24.0,20.0,58,42
,university of rome iii,italy,,,,,,,,,,,700.5,39.4,23.1,25.3,58.3,49.5,45.4,33611,46.5,5.0,60,40
1300.5,university of rzeszów,poland,,4.3,1.9,17.8,2.6,,1.7,2.0,6.1,1.0,,,,,,,,,,,,
,university of sadat city,egypt,,,,,,,,,,,,,,,,,,33417,49.5,1.0,47,53
,university of saida,algeria,,,,,,,,,,,,,,,,,,13124,19.5,0.0,57,43
,university of saint joseph,macao,,,,,,,,,,,,,,,,,,1271,12.8,10.0,61,39
534.0,university of salamanca,spain,22.0,26.8,15.0,23.2,6.9,6.7,22.4,45.3,15.3,72.5,900.5,34.8,32.0,21.8,50.4,39.9,53.6,24707,14.7,13.0,61,39
,university of salento,italy,,,,,,,,,,,700.5,39.4,30.1,21.8,64.5,52.2,34.5,14304,24.7,2.0,62,38
825.5,university of salerno,italy,,7.9,2.1,4.8,31.9,3.4,1.8,64.8,5.4,7.6,550.5,43.599999999999994,21.9,24.4,79.2,52.4,37.4,26142,26.5,2.0,55,45
875.5,university of salford,united kingdom,,7.4,4.0,6.7,7.8,38.1,70.1,20.8,11.8,9.8,900.5,34.8,18.8,15.0,61.1,46.9,82.2,20010,20.3,23.0,55,45
1300.5,university of san carlos,philippines,,6.2,8.6,3.4,1.8,1.9,2.2,1.0,9.4,,,,,,,,,,,,,
1300.5,university of san diego,united states,,6.8,4.4,24.9,2.8,3.1,6.0,1.0,17.2,1.0,,,,,,,,,,,,
1100.5,university of san francisco,united states,,6.6,4.0,17.0,4.5,1.8,20.3,1.0,22.8,1.1,,,,,,,,,,,,
,university of san martín de porres,peru,,,,,,,,,,,,,,,,,,38988,18.2,1.0,64,36
,university of sannio,italy,,,,,,,,,,,700.5,39.4,23.6,20.5,63.6,71.1,29.3,2751,13.4,1.0,49,51
,university of santander,colombia,,,,,,,,,,,,,,,,,,18521,19.3,1.0,62,38
,university of santiago chile,chile,,,,,,,,,,,1501.0,16.2,15.8,15.4,29.8,27.7,45.9,24717,20.8,2.0,45,55
,university of santiago de compostela,spain,,,,,,,,,,,700.5,39.4,29.7,21.1,58.7,69.6,46.6,24872,14.6,6.0,65,35
825.5,university of santo tomas,philippines,,11.5,33.5,15.7,1.3,41.4,8.2,1.0,12.5,1.1,1501.0,16.2,19.6,9.5,25.8,20.7,67.0,31813,13.3,7.0,51,49
1300.5,university of sarajevo,bosnia and herzegovina,,4.2,3.5,3.8,2.0,,3.0,7.0,38.2,1.0,1501.0,16.2,16.4,10.8,18.6,23.6,27.7,25468,15.6,0.0,64,36
,university of sargodha,pakistan,,,,,,,,,,,1100.5,30.450000000000003,27.6,11.9,50.5,17.7,48.1,19172,24.3,0.0,55,45
345.0,university of saskatchewan,canada,31.5,12.0,6.8,17.3,54.3,70.0,51.8,47.2,20.9,94.9,375.5,50.05,39.0,35.1,62.9,95.8,78.9,17924,18.1,21.0,56,44
,university of sassari,italy,,,,,,,,,,,700.5,39.4,31.1,24.7,66.3,45.7,41.9,15207,38.1,2.0,63,37
436.0,university of science and technology beijing,china (mainland),26.0,12.6,3.0,10.7,97.3,3.3,3.0,9.2,6.2,3.3,,,,,,,,,,,,
,university of science and technology of china,china,,,,,,,,,,,57.0,74.8,74.3,66.3,88.2,95.6,45.4,20252,8.1,5.0,,
137.0,university of science and technology of china,china (mainland),52.6,52.5,17.5,91.2,98.5,16.8,5.2,32.2,24.8,21.6,,,,,,,,,,,,
,university of science and technology of oran mohamed-boudiaf,algeria,,,,,,,,,,,1501.0,16.2,24.6,7.0,9.0,17.3,32.4,18552,9.6,1.0,50,50
,university of science and technology of southern philippines,philippines,,,,,,,,,,,,,,,,,,22237,28.3,0.0,52,48
,university of sciences and technology houari boumediene,algeria,,,,,,,,,,,1501.0,16.2,17.8,7.4,12.8,18.2,35.3,39136,19.5,0.0,47,53
975.5,university of seoul,south korea,,12.1,10.0,37.2,8.2,3.2,5.8,1.3,9.2,1.4,900.5,34.8,28.8,26.1,41.0,52.1,34.9,9929,14.4,4.0,42,58
,university of seville,spain,,,,,,,,,,,900.5,34.8,23.8,24.5,53.6,50.8,44.6,52335,16.7,8.0,55,45
,university of sfax,tunisia,,,,,,,,,,,1100.5,30.450000000000003,33.7,13.9,40.5,34.5,44.7,30597,12.6,3.0,65,35
,university of shanghai for science and technology,china,,,,,,,,,,,1350.5,25.5,23.1,11.5,40.4,36.7,26.6,26472,10.5,2.0,43,57
465.0,university of sharjah,united arab emirates,24.7,16.7,18.8,5.5,13.5,100.0,99.7,35.9,14.1,24.6,375.5,50.05,20.7,25.7,93.8,29.0,98.8,12848,18.9,51.0,67,33
,university of sheffield,united kingdom,,,,,,,,,,,105.0,66.2,48.0,49.5,92.3,77.5,92.0,27860,15.4,40.0,53,47
,university of shizuoka,japan,,,,,,,,,,,1501.0,16.2,25.9,12.9,15.2,58.9,26.5,3134,11.5,3.0,61,39
,university of siegen,germany,,,,,,,,,,,700.5,39.4,27.4,26.9,60.7,46.2,62.7,13856,29.9,13.0,56,44
735.5,university of siena,italy,,12.5,2.6,8.6,33.2,2.1,15.1,16.0,8.3,49.4,550.5,43.599999999999994,25.0,25.6,75.9,74.9,48.7,13115,18.1,10.0,63,37
1300.5,university of silesia in katowice,poland,,5.3,4.3,17.2,3.3,3.3,3.3,11.5,8.3,1.4,1501.0,16.2,23.2,13.5,23.4,21.8,29.7,19222,11.6,4.0,67,33
,university of sistan and baluchestan,iran,,,,,,,,,,,1501.0,16.2,18.5,11.4,26.4,22.9,22.7,8890,19.6,1.0,58,42
,university of social welfare and rehabilitation sciences,iran,,,,,,,,,,,1100.5,30.450000000000003,33.6,19.9,33.6,27.9,34.9,1725,10.8,2.0,70,30
,university of sonora,mexico,,,,,,,,,,,1501.0,16.2,13.6,8.4,13.6,32.3,34.9,34176,26.0,1.0,57,43
,university of sopron,hungary,,,,,,,,,,,,,,,,,,2652,13.6,4.0,63,37
,university of souk ahras,algeria,,,,,,,,,,,,,,,,,,11957,19.4,0.0,67,33
,university of sousse,tunisia,,,,,,,,,,,1350.5,25.5,30.3,10.3,31.4,19.3,40.1,25887,13.7,2.0,68,32
875.5,university of south africa,south africa,,9.6,4.9,1.0,8.8,,8.0,81.8,66.6,,1100.5,30.450000000000003,24.7,19.3,50.5,26.0,41.4,198816,114.2,3.0,74,26
1300.5,university of south alabama,united states,,5.3,4.4,17.3,6.5,,1.8,1.1,7.6,1.2,,,,,,,,,,,,
326.0,university of south australia,australia,32.7,22.5,14.0,22.4,32.8,99.8,45.1,58.6,15.4,81.7,325.5,52.05,25.0,36.8,82.5,98.3,83.5,22822,30.2,17.0,60,40
1100.5,university of south bohemia,czech republic,,5.5,2.6,68.7,4.8,,,5.9,7.7,1.2,,,,,,,,,,,,
,university of south bohemia in české budějovice,czech republic,,,,,,,,,,,1100.5,30.450000000000003,21.4,18.2,51.0,19.5,53.0,9131,14.6,7.0,70,30
575.0,university of south carolina,united states,20.6,14.7,11.8,8.9,33.6,37.8,3.5,40.8,17.1,39.6,,,,,,,,,,,,
,university of south carolina-columbia,united states,,,,,,,,,,,450.5,47.2,35.9,24.6,75.1,63.4,59.2,32770,16.9,5.0,56,44
,university of south china,china,,,,,,,,,,,1350.5,25.5,26.8,13.9,27.7,30.6,22.3,28160,7.4,2.0,38,62
,university of south dakota,united states,,,,,,,,,,,1100.5,30.450000000000003,34.5,15.9,33.6,36.0,29.6,6909,16.0,3.0,63,37
563.0,university of south florida,united states,20.9,13.2,10.2,7.9,36.6,30.7,13.8,57.8,10.6,34.9,275.5,54.45,31.7,36.4,87.6,99.9,66.7,40379,19.0,13.0,,
,university of south wales,united kingdom,,,,,,,,,,,1100.5,30.450000000000003,18.3,11.8,42.0,56.5,77.2,15780,16.0,21.0,53,47
81.0,university of southampton,united kingdom,63.5,51.5,51.2,52.8,71.4,96.1,97.4,97.0,32.5,82.7,97.0,66.9,48.9,50.1,92.7,73.1,96.5,19920,13.0,35.0,51,49
116.0,university of southern california,united states,57.1,52.5,47.6,21.7,68.0,31.8,73.5,62.8,93.1,98.9,74.0,70.8,59.2,58.8,92.5,74.4,74.3,44083,14.2,24.0,49,51
326.0,university of southern denmark,denmark,32.7,20.0,18.0,27.1,40.7,83.2,22.7,49.7,17.7,88.7,275.5,54.45,29.8,33.5,89.1,91.5,76.9,18279,9.9,13.0,52,48
410.0,university of southern queensland,australia,27.2,8.5,6.8,4.5,59.6,76.1,26.3,60.6,12.0,51.2,375.5,50.05,28.4,25.9,88.0,46.9,81.8,11650,24.8,15.0,63,37
1300.5,university of split,croatia,,5.9,2.5,4.2,3.9,1.5,2.1,5.9,11.0,1.4,1350.5,25.5,17.9,13.9,49.1,23.1,36.0,19354,15.7,2.0,58,42
,university of sri jayewardenepura,sri lanka,,,,,,,,,,,1501.0,16.2,13.0,9.0,35.7,18.4,35.8,17629,22.9,0.0,63,37
95.0,university of st andrews,united kingdom,61.0,47.3,67.2,64.9,57.7,98.7,100.0,51.1,22.4,92.1,193.0,59.0,46.0,42.6,77.7,63.6,95.8,10325,12.4,46.0,58,42
,university of st gallen,switzerland,,,,,,,,,,,375.5,50.05,33.8,21.0,81.4,66.6,93.6,8799,12.9,33.0,36,64
1401.0,university of stavanger,norway,,7.2,5.7,,,,,26.3,,,700.5,39.4,24.7,15.6,66.6,30.2,74.4,11428,10.5,13.0,58,42
436.0,university of stgallen,switzerland,26.0,9.0,27.6,6.2,22.8,100.0,83.1,1.0,94.8,1.6,,,,,,,,,,,,
431.0,university of stirling,united kingdom,26.2,11.5,10.2,10.5,34.7,71.9,83.5,14.4,14.8,79.8,450.5,47.2,23.0,26.2,82.4,41.0,91.4,10650,18.7,28.0,64,36
276.0,university of strathclyde,united kingdom,37.0,26.3,34.6,17.7,33.7,93.3,67.0,61.6,24.0,59.2,325.5,52.05,32.4,35.5,71.2,75.5,91.9,20400,16.3,25.0,51,49
,university of stuttgart,germany,,,,,,,,,,,275.5,54.45,44.8,49.5,63.1,99.6,58.9,15152,25.3,20.0,34,66
,university of suffolk,united kingdom,,,,,,,,,,,,,,,,,,3175,15.1,14.0,72,28
,university of sufism and modern sciences,pakistan,,,,,,,,,,,,,,,,,,646,28.1,,29,71
,university of sunderland,united kingdom,,,,,,,,,,,1350.5,25.5,18.2,9.9,40.2,42.1,71.6,13320,16.0,42.0,61,39
244.0,university of surrey,united kingdom,39.9,20.4,23.4,23.2,56.2,96.8,88.3,71.1,16.8,57.7,275.5,54.45,31.3,34.5,88.0,73.0,96.8,14630,16.3,33.0,54,46
218.0,university of sussex,united kingdom,43.1,22.9,8.9,14.6,70.9,96.1,93.0,62.9,30.6,97.2,225.5,57.25,29.7,35.6,92.7,66.1,95.4,17640,17.3,34.0,55,45
,university of swabi,pakistan,,,,,,,,,,,,,,,,,,1090,11.6,0.0,16,84
605.5,university of szeged,hungary,,18.0,12.0,44.6,4.9,11.9,50.5,34.6,9.1,34.9,1100.5,30.450000000000003,29.9,15.8,40.5,48.1,57.8,20050,12.3,20.0,56,44
,university of são paulo,brazil,,,,,,,,,,,225.5,57.25,59.8,60.7,57.3,68.2,42.5,83182,13.9,2.0,47,53
,university of tabriz,iran,,,,,,,,,,,550.5,43.599999999999994,26.7,23.4,80.1,43.1,40.8,20177,26.7,4.0,52,48
,university of tabuk,saudi arabia,,,,,,,,,,,900.5,34.8,16.9,10.4,69.0,26.1,75.6,31635,19.5,2.0,60,40
,university of taipei,taiwan,,,,,,,,,,,,,,,,,,8117,19.9,3.0,60,40
,university of talca,chile,,,,,,,,,,,1350.5,25.5,17.4,13.7,31.5,36.7,52.3,12510,15.5,0.0,48,52
,university of tamanghasset,algeria,,,,,,,,,,,,,,,,,,8224,32.0,0.0,48,52
,university of tarapacá,chile,,,,,,,,,,,1350.5,25.5,12.4,19.0,45.1,19.4,59.0,10496,31.8,4.0,54,46
358.0,university of tartu,estonia,30.8,24.4,9.0,91.5,11.5,46.5,22.2,73.7,42.1,27.6,325.5,52.05,32.8,31.8,86.5,64.1,60.7,9694,9.0,12.0,68,32
307.0,university of tasmania,australia,33.9,17.2,7.8,17.7,58.1,75.1,95.8,48.8,14.8,47.2,275.5,54.45,31.6,38.4,82.0,70.5,90.9,16894,22.5,31.0,60,40
,university of technology iraq,iraq,,,,,,,,,,,900.5,34.8,25.8,9.2,65.7,20.0,25.0,10321,6.9,0.0,46,54
,university of technology nowshera,pakistan,,,,,,,,,,,,,,,,,,558,37.2,0.0,0,100
,university of technology of compiègne,france,,,,,,,,,,,1350.5,25.5,26.7,10.9,24.3,48.8,83.8,4170,15.6,19.0,39,61
,university of technology of troyes,france,,,,,,,,,,,1100.5,30.450000000000003,31.5,11.9,29.1,42.0,74.8,3174,20.1,22.0,25,75
90.0,university of technology sydney,australia,61.8,43.4,57.8,9.0,95.3,96.6,93.6,79.7,30.1,93.1,148.0,62.3,36.2,43.3,95.9,78.9,94.3,28223,37.4,25.0,50,50
,university of tehran,iran,,,,,,,,,,,450.5,47.2,37.7,28.4,71.9,60.5,33.6,54890,26.6,2.0,5,95
360.0,university of tehran,"iran, islamic republic of",30.7,18.7,38.8,3.4,67.5,2.1,1.8,68.6,17.5,18.4,,,,,,,,,,,,
,university of telafer,iraq,,,,,,,,,,,,,,,,,,1917,32.0,0.0,46,54
,university of texas at arlington,united states,,,,,,,,,,,700.5,39.4,25.2,20.5,65.5,62.9,55.0,40412,31.9,11.0,63,37
58.0,university of texas at austin,united states,71.8,93.5,83.2,8.9,86.7,9.3,11.0,79.4,70.0,77.7,52.0,75.5,66.0,75.7,91.0,81.4,47.3,48558,16.4,8.0,55,45
,university of texas at dallas,united states,,,,,,,,,,,375.5,50.05,29.5,28.3,84.9,72.3,62.7,24679,21.6,15.0,44,56
,university of texas at el paso,united states,,,,,,,,,,,900.5,34.8,24.5,28.7,44.8,51.9,46.8,18012,22.9,6.0,55,45
1100.5,university of texas at san antonio,united states,,6.2,3.0,3.7,25.2,13.5,2.8,17.6,8.8,5.9,,,,,,,,,,,,
520.0,university of texas dallas,united states,22.6,13.3,11.6,3.8,54.5,5.4,35.5,23.8,8.4,41.1,,,,,,,,,,,,
1100.5,university of texas el paso,united states,,4.8,2.1,5.6,15.6,10.5,5.9,15.5,7.5,3.4,,,,,,,,,,,,
,university of texas rio grande valley,united states,,,,,,,,,,,1350.5,25.5,17.9,8.5,45.1,17.4,46.1,28703,21.7,2.0,61,39
,university of the aegean,greece,,,,,,,,,,,900.5,34.8,18.3,21.9,54.4,80.0,33.9,20139,63.5,1.0,55,45
,university of the andes chile,chile,,,,,,,,,,,1350.5,25.5,20.6,15.7,30.1,17.2,50.0,9711,17.9,2.0,66,34
,university of the andes colombia,colombia,,,,,,,,,,,900.5,34.8,24.4,19.6,48.4,28.5,60.8,15951,13.5,2.0,45,55
,university of the andes venezuela,venezuela,,,,,,,,,,,1501.0,16.2,21.9,8.6,8.8,27.7,50.2,20302,10.1,2.0,61,39
,university of the arts london,united kingdom,,,,,,,,,,,,,,,,,,18895,11.9,59.0,76,24
,university of the balearic islands,spain,,,,,,,,,,,900.5,34.8,26.8,15.1,56.4,32.0,58.1,12276,9.4,8.0,60,40
625.5,university of the basque country,spain,,19.4,6.4,34.7,17.4,2.5,3.8,73.6,7.0,21.2,700.5,39.4,27.0,23.9,65.8,65.5,46.2,38301,13.8,5.0,55,45
1100.5,university of the free state,south africa,,5.6,6.6,3.5,7.9,,4.9,66.4,9.6,,900.5,34.8,22.4,18.7,56.4,26.9,51.7,33247,35.6,2.0,63,37
,university of the highlands and islands,united kingdom,,,,,,,,,,,,,,,,,,7645,139.0,12.0,61,39
,university of the north colombia,colombia,,,,,,,,,,,1501.0,16.2,18.3,13.0,26.0,24.0,52.8,13471,17.3,0.0,52,48
1300.5,university of the pacific,united states,,2.2,3.7,34.3,3.4,4.2,7.2,1.0,10.8,1.0,,,,,,,,,,,,
,university of the peloponnese,greece,,,,,,,,,,,1501.0,16.2,16.1,12.6,28.9,29.0,27.8,12801,39.4,1.0,52,48
404.0,university of the philippines,philippines,27.6,34.4,58.9,38.0,1.9,1.6,1.1,9.3,35.3,38.7,1350.5,25.5,25.4,15.3,38.7,22.8,38.4,53676,11.1,0.0,59,41
745.5,university of the punjab,pakistan,,14.2,52.3,5.3,9.8,2.9,1.3,5.2,14.6,4.9,900.5,34.8,27.7,14.7,62.4,24.9,46.7,28692,22.0,1.0,52,48
,university of the ryukyus,japan,,,,,,,,,,,1501.0,16.2,25.4,14.1,22.6,37.2,37.6,7534,9.9,2.0,39,61
,university of the south pacific,fiji,,,,,,,,,,,1100.5,30.450000000000003,14.1,17.6,53.5,43.0,62.9,12622,36.9,1.0,59,41
1100.5,university of the sunshine coast,australia,,3.0,2.2,2.3,22.8,2.9,18.5,6.4,6.1,7.1,550.5,43.599999999999994,20.9,27.7,70.2,37.3,69.1,11542,29.8,13.0,69,31
,university of the thai chamber of commerce,thailand,,,,,,,,,,,,,,,,,,18818,31.0,12.0,,
745.5,university of the west of england,united kingdom,,9.2,9.4,8.4,10.8,48.4,75.8,24.8,8.9,21.6,550.5,43.599999999999994,19.5,15.0,82.6,30.2,78.6,26890,15.9,25.0,52,48
,university of the west of scotland,united kingdom,,,,,,,,,,,700.5,39.4,24.4,16.0,66.5,24.2,86.9,14005,24.6,25.0,62,38
975.5,university of the western cape,south africa,,8.4,7.8,4.2,15.1,26.4,4.0,40.5,11.7,4.9,700.5,39.4,22.0,23.8,59.3,22.6,65.7,24605,36.7,6.0,61,39
,university of the witwatersrand,south africa,,,,,,,,,,,325.5,52.05,33.0,42.9,72.4,81.3,76.3,27765,24.4,7.0,57,43
,university of thi-qar,iraq,,,,,,,,,,,,,,,,,,21792,15.9,0.0,62,38
1100.5,university of toledo,united states,,3.8,4.4,8.7,21.4,9.6,8.8,5.1,10.3,,700.5,39.4,35.7,16.7,54.5,68.8,56.7,16199,17.0,9.0,53,47
21.0,university of toronto,canada,86.3,99.7,96.0,54.2,57.2,95.7,96.4,95.5,96.4,99.9,21.0,88.6,77.5,94.1,92.8,96.1,90.7,79282,25.8,27.0,56,44
,university of toulouse,france,,,,,,,,,,,450.5,47.2,29.4,30.2,65.7,70.2,72.6,111949,22.9,15.0,56,44
,university of tours,france,,,,,,,,,,,900.5,34.8,32.7,15.9,42.2,52.9,61.2,29490,21.8,11.0,60,40
,university of toyama,japan,,,,,,,,,,,1350.5,25.5,27.0,14.6,29.2,61.9,33.1,8891,10.6,3.0,39,61
429.0,university of trento,italy,26.3,24.6,8.9,19.3,44.0,26.9,6.2,61.0,9.3,34.9,375.5,50.05,29.3,34.8,80.5,65.2,61.1,14100,18.4,7.0,51,49
695.5,university of trieste,italy,,11.9,3.6,4.0,45.5,6.4,7.6,37.6,12.9,4.0,550.5,43.599999999999994,31.9,25.1,74.2,52.3,52.0,17196,26.0,7.0,57,43
,university of tripoli,libya,,,,,,,,,,,,,,,,,,70237,19.8,2.0,61,39
577.0,university of tromsø the arctic university of norway,norway,20.5,12.1,3.7,70.5,8.9,70.4,7.7,42.5,9.6,21.8,,,,,,,,,,,,
,university of trás-os-montes and alto douro,portugal,,,,,,,,,,,900.5,34.8,22.5,31.2,44.6,23.5,40.5,6375,9.2,6.0,53,47
355.0,university of tsukuba,japan,30.9,35.8,24.0,59.0,19.0,13.8,21.2,31.7,11.5,57.7,375.5,50.05,51.8,42.6,52.3,72.9,51.3,15506,12.1,16.0,38,62
1100.5,university of tulsa,united states,,2.4,3.0,37.8,12.3,5.1,12.2,1.0,15.4,1.1,,,,,,,,,,,,
,university of tunis,tunisia,,,,,,,,,,,1350.5,25.5,30.9,10.3,23.5,16.6,39.2,17124,11.4,2.0,70,30
,university of tunis el manar,tunisia,,,,,,,,,,,900.5,34.8,42.3,19.9,31.1,49.5,50.5,21302,9.6,6.0,72,28
364.0,university of turin,italy,30.3,39.8,5.7,2.9,36.8,4.6,5.4,69.4,32.5,84.3,450.5,47.2,23.0,30.1,84.5,74.4,45.5,63232,29.5,6.0,61,39
315.0,university of turku,finland,33.4,28.3,21.1,52.3,32.4,27.2,4.3,62.9,27.8,77.7,325.5,52.05,31.6,34.9,83.3,67.0,52.5,13528,15.7,6.0,63,37
,university of tuscia,italy,,,,,,,,,,,700.5,39.4,21.4,22.6,77.3,54.9,43.2,6223,20.0,4.0,52,48
210.0,university of twente,netherlands,44.4,20.6,38.3,39.4,65.3,99.3,91.1,67.6,12.6,33.2,184.0,59.7,43.4,46.0,75.1,99.6,93.3,9964,13.9,38.0,37,63
1100.5,university of tyumen,russia,,4.1,2.3,39.0,1.6,4.8,15.2,1.7,8.7,3.0,,,,,,,,,,,,
,university of tübingen,germany,,,,,,,,,,,95.0,67.0,49.1,56.5,89.0,99.8,72.0,21632,27.1,14.0,59,41
,university of udine,italy,,,,,,,,,,,700.5,39.4,28.5,20.2,73.1,61.1,41.8,13023,19.3,5.0,55,45
755.5,university of ulsan,south korea,,6.9,2.5,57.8,34.3,2.5,3.4,1.8,6.9,1.3,550.5,43.599999999999994,29.4,26.6,69.0,86.6,25.2,12223,10.8,4.0,48,52
,university of urbino carlo bo,italy,,,,,,,,,,,1100.5,30.450000000000003,15.8,17.8,52.2,33.1,52.5,15779,39.0,6.0,63,37
441.0,university of utah,united states,25.9,15.9,6.0,53.0,36.5,25.3,10.1,54.4,14.9,49.0,225.5,57.25,43.5,38.5,87.0,83.5,40.9,31502,13.3,8.0,50,50
,university of vaasa,finland,,,,,,,,,,,450.5,47.2,22.0,27.7,90.3,39.5,65.3,3927,18.8,4.0,53,47
,university of vale do itajaí,brazil,,,,,,,,,,,,,,,,,,9308,16.4,1.0,65,35
,university of valencia,spain,,,,,,,,,,,550.5,43.599999999999994,28.9,25.6,75.7,58.2,49.2,49165,13.7,9.0,60,40
,university of valladolid,spain,,,,,,,,,,,1350.5,25.5,25.1,14.4,37.9,43.8,38.1,21261,10.7,6.0,56,44
,university of valparaíso,chile,,,,,,,,,,,1501.0,16.2,15.4,12.2,22.0,18.7,47.8,16627,19.0,2.0,58,42
,university of venda,south africa,,,,,,,,,,,1350.5,25.5,20.3,29.2,19.9,16.8,49.0,11848,29.4,1.0,58,42
925.5,university of vermont,united states,,3.3,3.2,53.2,12.8,3.3,2.5,14.5,14.6,20.3,,,,,,,,,,,,
,university of veterinary and animal sciences lahore,pakistan,,,,,,,,,,,900.5,34.8,22.2,17.0,53.7,46.7,55.5,6980,19.2,1.0,53,47
,university of veterinary medicine and pharmacy in košice,slovakia,,,,,,,,,,,,,,,,,,2001,9.0,44.0,85,15
,university of vic – central university of catalonia,spain,,,,,,,,,,,900.5,34.8,19.1,13.1,70.8,20.2,59.1,6925,13.1,19.0,61,39
322.0,university of victoria,canada,33.0,17.3,7.6,3.5,65.0,95.2,48.6,19.0,12.2,89.8,375.5,50.05,27.4,31.2,80.1,63.8,88.9,21486,23.9,21.0,56,44
130.0,university of vienna,austria,53.7,70.8,42.5,22.0,14.5,99.3,88.1,93.5,56.8,74.1,119.0,65.2,48.7,60.3,77.4,75.9,94.9,31318,37.4,31.0,66,34
,university of vigo,spain,,,,,,,,,,,900.5,34.8,25.1,17.9,57.8,49.5,47.4,17367,15.1,5.0,52,48
260.0,university of virginia,united states,38.5,35.6,32.0,56.9,34.1,7.9,10.8,57.7,68.5,63.1,166.0,61.1,51.1,40.1,88.9,79.9,60.8,25953,8.9,11.0,54,46
250.0,university of waikato,new zealand,39.5,18.4,13.2,11.3,75.0,99.3,73.3,17.5,44.5,79.8,450.5,47.2,26.1,31.0,74.3,72.4,89.8,10538,20.7,26.0,61,39
,university of wales trinity saint david,united kingdom,,,,,,,,,,,,,,,,,,11305,23.6,32.0,58,42
,university of warith alanbiyaa,iraq,,,,,,,,,,,,,,,,,,3214,16.7,0.0,38,62
1300.5,university of warmia and mazury in olsztyn,poland,,6.0,10.8,24.2,3.5,2.0,2.7,4.3,6.3,1.3,1501.0,16.2,16.9,13.5,35.3,21.8,23.3,16899,17.5,3.0,60,40
262.0,university of warsaw,poland,38.1,48.7,53.4,41.9,6.3,9.8,8.6,62.1,36.7,80.0,700.5,39.4,33.1,29.9,55.6,37.1,45.6,34342,10.9,9.0,62,38
,university of warwick,united kingdom,,,,,,,,,,,106.0,66.1,48.1,52.1,89.0,70.5,96.4,24905,14.4,44.0,50,50
63.0,university of washington,united states,69.2,84.0,50.4,19.1,93.5,19.0,33.2,94.0,70.0,88.1,25.0,85.3,78.0,83.5,98.2,77.6,73.2,49486,10.1,16.0,56,44
112.0,university of waterloo,canada,58.1,40.7,66.7,6.8,82.9,76.8,77.9,55.4,55.9,97.1,158.0,61.7,42.2,49.3,83.7,78.3,89.3,36904,24.2,23.0,47,53
,university of west attica,greece,,,,,,,,,,,1501.0,16.2,10.0,9.7,34.7,22.8,24.9,37470,37.9,0.0,50,50
1300.5,university of west bohemia,czech republic,,5.9,2.0,11.9,4.3,,,2.7,11.4,1.0,1350.5,25.5,20.5,18.0,35.2,27.7,32.4,11252,14.8,5.0,54,46
,university of west london,united kingdom,,,,,,,,,,,1100.5,30.450000000000003,19.7,9.7,47.8,16.2,91.7,9835,12.9,45.0,59,41
,university of western macedonia,greece,,,,,,,,,,,1350.5,25.5,11.6,17.1,39.3,26.2,27.9,10959,46.2,2.0,51,49
715.5,university of westminster,united kingdom,,12.9,6.7,5.9,6.0,78.4,100.0,1.9,16.3,1.9,900.5,34.8,19.4,18.1,55.3,40.0,87.1,17315,19.8,48.0,60,40
,university of winchester,united kingdom,,,,,,,,,,,1100.5,30.450000000000003,18.9,16.3,50.5,16.0,59.8,7495,17.4,10.0,65,35
645.5,university of windsor,canada,,3.6,4.8,2.3,33.1,87.6,75.1,6.1,20.4,6.4,550.5,43.599999999999994,28.7,29.8,56.7,60.7,90.8,14849,34.1,35.0,,
1100.5,university of wisconsin milwaukee,united states,,8.3,2.7,8.8,13.4,6.6,3.9,4.1,10.2,11.8,,,,,,,,,,,,
102.0,university of wisconsin-madison,united states,60.0,80.2,47.8,61.3,37.4,30.9,22.8,83.6,73.1,83.7,63.0,73.3,68.5,67.5,85.5,79.8,62.8,41209,9.9,13.0,,
264.0,university of witwatersrand,south africa,37.9,25.7,43.0,10.9,27.7,79.9,7.5,92.4,96.7,62.5,,,,,,,,,,,,
162.0,university of wollongong,australia,50.1,29.7,25.1,16.3,93.8,95.6,56.0,72.7,17.1,92.3,225.5,57.25,36.8,39.3,84.0,91.4,91.7,16328,26.1,22.0,55,45
1100.5,university of wolverhampton,united kingdom,,3.4,3.2,10.4,9.4,34.7,72.1,3.7,8.8,1.4,700.5,39.4,19.1,14.7,64.7,40.7,81.1,15115,16.7,28.0,62,38
,university of worcester,united kingdom,,,,,,,,,,,,,,,,,,7485,17.2,14.0,70,30
925.5,university of wroclaw,poland,,14.8,14.4,28.4,4.2,5.0,7.6,7.7,12.1,7.3,,,,,,,,,,,,
,university of wrocław,poland,,,,,,,,,,,1100.5,30.450000000000003,24.3,25.9,35.9,25.6,44.1,17787,15.1,7.0,67,33
,university of wuppertal,germany,,,,,,,,,,,550.5,43.599999999999994,29.8,29.8,67.3,64.6,55.0,14699,35.4,10.0,54,46
1100.5,university of wyoming,united states,,3.0,1.4,25.9,23.4,7.7,4.0,10.7,9.8,6.3,700.5,39.4,35.9,20.3,62.1,58.6,37.7,10174,14.1,4.0,52,48
,university of würzburg,germany,,,,,,,,,,,175.0,60.4,40.3,43.4,90.8,99.6,63.2,23637,38.3,12.0,59,41
,university of yamanashi,japan,,,,,,,,,,,1350.5,25.5,27.8,13.1,25.9,45.4,29.0,4616,6.2,5.0,30,70
167.0,university of york,united kingdom,49.4,43.5,35.3,45.0,40.3,88.3,78.2,79.2,19.8,97.8,147.0,62.4,42.4,44.8,90.8,66.9,93.1,19505,16.1,31.0,56,44
755.5,university of zagreb,croatia,,16.2,4.7,23.8,4.2,1.5,2.7,74.2,44.8,19.2,1100.5,30.450000000000003,26.0,15.9,44.7,59.7,31.2,58474,14.8,3.0,60,40
,university of zambia,zambia,,,,,,,,,,,1350.5,25.5,13.2,9.8,45.8,19.9,54.9,20976,24.6,2.0,39,61
,university of zanjan,iran,,,,,,,,,,,1350.5,25.5,17.1,12.3,42.6,21.5,27.3,9611,23.5,0.0,53,47
,university of zaragoza,spain,,,,,,,,,,,900.5,34.8,28.3,18.5,46.4,55.7,42.8,28491,10.2,7.0,54,46
,university of zimbabwe,zimbabwe,,,,,,,,,,,1350.5,25.5,12.9,12.7,37.3,20.9,50.8,25108,22.5,0.0,42,58
91.0,university of zurich,switzerland,61.6,59.1,27.6,89.9,52.0,100.0,53.0,87.2,75.2,80.2,80.0,69.9,54.8,53.4,91.8,93.7,92.4,25608,14.7,24.0,58,42
1100.5,university of žilina,slovakia,,5.7,1.0,56.1,6.2,2.5,2.9,1.2,13.4,1.1,1100.5,30.450000000000003,27.7,18.0,48.2,30.6,31.8,7154,14.0,3.0,32,68
875.5,university paris 2 panthéon-assas,france,,7.1,3.5,71.3,1.2,12.5,24.5,1.0,27.4,1.0,,,,,,,,,,,,
1300.5,university politehnica of bucharest,romania,,5.7,8.7,3.5,6.4,1.5,2.8,17.9,6.4,1.2,,,,,,,,,,,,
1401.0,university politehnica of timisoara upt,romania,,4.0,3.4,8.6,3.6,1.2,2.9,1.3,8.5,1.0,,,,,,,,,,,,
,university rey juan carlos,spain,,,,,,,,,,,1350.5,25.5,15.8,13.4,51.2,31.3,39.9,42153,19.4,6.0,59,41
542.0,university ulm,germany,21.7,7.6,3.9,78.3,33.7,41.1,21.1,14.5,7.2,3.2,,,,,,,,,,,,
505.0,università cattolica del sacro cuore,italy,23.0,23.5,31.4,35.0,13.4,10.4,12.7,9.0,26.0,44.4,325.5,52.05,35.2,30.0,89.4,74.5,52.3,28830,39.1,7.0,71,29
1100.5,università degli studi della tuscia,italy,,3.9,1.3,6.1,33.5,10.7,6.7,2.4,6.8,14.4,,,,,,,,,,,,
1300.5,università degli studi di bergamo,italy,,5.7,2.3,1.5,6.3,8.4,6.4,1.4,8.5,1.1,,,,,,,,,,,,
469.0,università degli studi di pavia,italy,24.6,21.2,5.8,7.5,51.0,6.1,13.2,53.1,13.2,44.4,,,,,,,,,,,,
665.5,università degli studi di perugia,italy,,9.3,2.3,3.6,42.4,6.9,5.9,27.3,6.0,66.0,,,,,,,,,,,,
1100.5,università degli studi di udine,italy,,7.2,2.5,10.2,22.0,4.7,4.0,5.8,7.7,20.7,,,,,,,,,,,,
925.5,università degli studi roma tre,italy,,17.5,6.9,2.1,14.9,9.0,4.6,18.2,5.8,8.4,,,,,,,,,,,,
1100.5,università del salento,italy,,7.0,1.6,7.1,22.0,1.8,1.5,19.6,4.7,,,,,,,,,,,,,
,università della svizzera italiana,switzerland,,,,,,,,,,,275.5,54.45,34.8,26.4,84.0,88.3,98.5,3714,14.0,67.0,46,54
219.0,università di padova,italy,43.0,57.3,22.0,7.8,51.8,12.9,9.4,91.3,13.8,95.0,,,,,,,,,,,,
595.0,università vita-salute san raffaele,italy,19.9,3.1,1.7,98.8,39.0,8.3,3.1,3.6,7.6,1.0,,,,,,,,,,,,
514.0,universität bremen,germany,22.7,19.7,8.4,16.3,24.4,41.7,26.7,77.7,7.2,28.1,,,,,,,,,,,,
600.0,universität des saarlandes,germany,19.8,11.1,4.5,89.9,8.3,4.9,39.2,39.0,20.1,2.0,,,,,,,,,,,,
775.5,universität duisburg-essen,germany,,11.5,5.2,11.4,11.8,36.4,42.2,54.9,11.5,9.2,,,,,,,,,,,,
205.0,universität hamburg,germany,45.1,51.0,28.7,16.9,60.0,41.6,22.3,87.2,26.8,52.8,,,,,,,,,,,,
,universität heidelberg,germany,,,,,,,,,,,47.0,76.7,67.7,64.3,94.6,99.3,76.4,19315,13.3,20.0,55,45
362.0,universität innsbruck,austria,30.6,20.2,7.0,69.2,11.2,100.0,100.0,32.9,35.7,16.5,,,,,,,,,,,,
461.0,universität jena,germany,24.9,18.5,6.0,99.9,10.0,,22.4,84.0,8.1,16.1,,,,,,,,,,,,
478.0,universität konstanz,germany,24.2,20.4,6.9,33.7,21.2,79.8,14.2,24.1,15.6,55.8,,,,,,,,,,,,
479.0,universität leipzig,germany,24.1,25.4,10.2,71.0,9.6,,15.8,59.3,10.0,34.6,,,,,,,,,,,,
454.0,universität mannheim,germany,25.2,16.1,48.6,2.1,45.1,29.1,20.9,2.0,23.8,2.5,,,,,,,,,,,,
460.0,universität potsdam,germany,25.0,16.0,3.1,16.4,38.6,51.0,21.8,86.3,7.2,42.6,,,,,,,,,,,,
745.5,universität regensburg,germany,,11.2,6.7,75.9,7.2,,9.5,27.1,14.1,1.9,,,,,,,,,,,,
765.5,universität rostock,germany,,7.7,3.2,79.4,5.8,,14.7,47.6,9.2,2.8,,,,,,,,,,,,
1100.5,universität siegen,germany,,4.7,1.9,9.7,6.5,52.4,29.1,5.7,8.9,1.3,,,,,,,,,,,,
312.0,universität stuttgart,germany,33.7,23.7,27.2,6.1,64.8,37.4,49.8,36.5,19.4,33.8,,,,,,,,,,,,
,université 8 mai 1945 guelma,algeria,,,,,,,,,,,1501.0,16.2,14.7,8.6,25.4,15.9,37.0,18030,20.9,1.0,70,30
180.0,université catholique de louvain,belgium,48.0,49.1,30.8,4.4,60.2,89.4,39.3,83.2,51.7,54.6,168.0,60.8,39.5,49.4,83.1,92.0,83.1,25409,37.3,20.0,54,46
,université chouaïb doukkali,morocco,,,,,,,,,,,1501.0,16.2,13.4,10.8,28.8,18.9,26.7,23437,34.5,2.0,58,42
452.0,université claude bernard lyon 1,france,25.5,18.9,4.1,8.2,55.3,7.9,13.2,90.8,8.8,26.6,,,,,,,,,,,,
725.5,université côte d\'azur,france,,15.8,3.0,5.2,21.8,32.8,39.7,42.6,7.8,5.6,,,,,,,,,,,,
,université de bretagne occidentale,france,,,,,,,,,,,900.5,34.8,20.3,19.6,52.0,47.8,60.5,23163,33.1,11.0,59,41
1100.5,université de caen normandie,france,,9.0,2.6,6.0,5.7,9.3,6.9,36.8,6.4,1.2,,,,,,,,,,,,
1300.5,université de franche-comté,france,,5.8,2.1,,,,,46.0,,,,,,,,,,,,,,
563.0,université de fribourg,switzerland,20.9,10.7,3.8,5.3,38.8,100.0,45.4,8.9,20.4,5.2,,,,,,,,,,,,
,université de gabès,tunisia,,,,,,,,,,,1501.0,16.2,20.8,9.4,28.9,16.7,42.8,12714,12.4,1.0,74,26
635.5,université de lille,france,,25.3,4.2,4.4,14.6,16.8,17.6,86.3,7.0,17.2,,,,,,,,,,,,
1300.5,université de limoges,france,,6.1,1.9,18.2,7.2,,,16.7,6.4,,,,,,,,,,,,,
421.0,université de liège,belgium,26.7,18.1,16.3,12.9,27.2,50.7,48.5,79.3,16.2,47.8,,,,,,,,,,,,
725.5,université de lorraine,france,,13.7,3.6,6.4,11.4,28.9,28.4,93.1,10.2,17.2,,,,,,,,,,,,
382.0,université de montpellier,france,29.0,19.4,3.4,8.9,57.6,23.9,32.3,99.8,10.7,38.7,,,,,,,,,,,,
141.0,université de montréal,canada,52.1,56.6,34.5,77.0,24.9,88.4,52.2,65.2,36.0,95.5,111.0,65.8,51.2,54.1,81.7,96.6,87.7,39935,20.5,22.0,,
775.5,université de nantes,france,,10.3,2.7,7.1,23.6,17.1,13.9,77.3,6.7,15.6,,,,,,,,,,,,
236.0,université de paris-cité,france,41.1,31.6,5.9,9.2,93.7,19.3,41.5,99.6,11.6,46.0,,,,,,,,,,,,
1100.5,université de poitiers,france,,8.7,2.0,4.9,6.2,,29.1,36.3,7.8,2.3,900.5,34.8,28.6,25.7,36.0,45.0,58.9,29280,31.5,11.0,57,43
715.5,université de rennes 1,france,,15.8,4.0,12.2,25.0,12.6,12.1,57.3,7.4,13.4,,,,,,,,,,,,
1100.5,université de sfax,tunisia,,5.9,2.5,40.6,4.1,1.1,3.3,4.2,11.3,,,,,,,,,,,,,
825.5,université de sherbrooke,canada,,6.9,6.8,19.9,20.1,56.2,8.4,3.2,14.3,7.5,,,,,,,,,,,,
,université de skikda,algeria,,,,,,,,,,,1350.5,25.5,12.5,7.6,51.3,15.8,40.6,32675,29.4,0.0,71,29
1100.5,université de sousse,tunisia,,3.7,1.1,60.7,1.7,1.1,2.1,1.2,7.9,1.0,,,,,,,,,,,,
421.0,université de strasbourg,france,26.7,39.6,7.9,5.3,23.1,35.6,38.6,70.2,10.9,14.9,,,,,,,,,,,,
1100.5,université de toulouse ii-le mirail,france,,10.1,2.6,1.2,7.0,28.5,21.6,12.5,6.7,1.1,,,,,,,,,,,,
1300.5,université de tunis,tunisia,,6.1,2.5,17.3,1.9,2.2,1.8,1.0,15.5,1.0,,,,,,,,,,,,
975.5,université de tunis el manar,tunisia,,8.0,2.6,20.8,4.8,21.9,5.1,50.2,27.3,8.3,,,,,,,,,,,,
,université djillali liabès de sidi bel-abbès,algeria,,,,,,,,,,,1100.5,30.450000000000003,30.6,9.3,46.0,16.9,37.4,27917,19.7,1.0,56,44
,université du littoral côte d’opale,france,,,,,,,,,,,,,,,,,,9154,20.2,17.0,50,50
755.5,université du québec,canada,,17.3,11.8,1.6,16.3,37.1,11.6,19.7,14.8,27.3,450.5,47.2,33.7,33.8,57.2,71.5,74.3,51748,18.4,11.0,58,42
,université d’ain témouchent,algeria,,,,,,,,,,,,,,,,,,12202,17.2,1.0,64,36
,université d’oran 2 mohamed ben ahmed,algeria,,,,,,,,,,,,,,,,,,28522,29.2,1.0,58,42
,université frères mentouri constantine 1,algeria,,,,,,,,,,,1501.0,16.2,20.2,8.1,13.5,18.2,38.3,32394,16.2,1.0,65,35
294.0,université grenoble alpes,france,35.6,44.5,10.1,7.8,48.8,18.4,34.9,92.6,14.2,40.8,325.5,52.05,42.2,37.9,66.9,69.1,71.6,51244,18.4,17.0,53,47
,université hassan 1er,morocco,,,,,,,,,,,1501.0,16.2,24.9,10.3,19.2,16.6,23.6,50518,88.2,2.0,48,52
,université hassan ii de casablanca,morocco,,,,,,,,,,,1350.5,25.5,19.5,9.2,39.9,24.6,28.2,125790,35.7,2.0,54,46
1300.5,université jean moulin lyon 3,france,,8.9,3.4,1.8,2.2,25.5,30.8,1.0,7.1,1.1,,,,,,,,,,,,
,université kasdi merbah ouargla,algeria,,,,,,,,,,,1501.0,16.2,20.0,8.6,16.0,17.3,29.4,33148,26.4,0.0,57,43
441.0,université laval,canada,25.9,19.9,11.0,25.6,25.1,67.4,36.3,55.4,24.4,31.0,275.5,54.45,40.7,38.7,73.7,94.2,76.2,30362,17.9,16.0,58,42
,université libre de bruxelles,belgium,,,,,,,,,,,225.5,57.25,35.8,45.0,83.5,76.4,89.6,30287,51.7,30.0,58,42
1100.5,université lumière lyon 2,france,,10.9,2.5,5.5,6.3,28.0,38.2,12.2,6.7,3.7,,,,,,,,,,,,
,université mohamed el bachir el ibrahimi de bordj bou arréridj,algeria,,,,,,,,,,,,,,,,,,20247,33.9,0.0,100,0
,université mohammed premier,morocco,,,,,,,,,,,1501.0,16.2,19.2,9.9,33.6,16.4,35.1,84135,82.1,1.0,48,52
1300.5,université mohammed v de rabat,morocco,,3.1,2.2,1.6,4.0,3.7,2.6,17.6,22.0,2.7,,,,,,,,,,,,
,université mouloud mammeri de tizi-ouzou,algeria,,,,,,,,,,,1501.0,16.2,16.8,7.6,6.6,17.2,45.4,43829,20.8,0.0,61,39
328.0,université paris 1 panthéon-sorbonne,france,32.6,65.2,24.9,4.2,3.4,38.2,46.4,30.0,32.2,16.3,,,,,,,,,,,,
,université paris cité,france,,,,,,,,,,,152.0,61.9,47.9,42.7,90.6,68.3,73.2,61690,16.9,18.0,66,34
1300.5,université paris-nanterre,france,,11.9,2.4,3.0,3.0,9.9,1.5,14.6,15.2,1.9,,,,,,,,,,,,
71.0,université paris-saclay,france,67.6,58.9,99.1,99.8,45.8,39.1,60.8,98.7,34.3,73.6,58.0,74.4,70.9,66.1,82.4,92.4,78.6,31662,13.0,24.0,50,50
511.0,université paul sabatier toulouse iii,france,22.8,18.4,3.4,40.4,24.8,5.5,23.5,98.2,7.4,21.8,,,,,,,,,,,,
,université polytechnique hauts-de-france,france,,,,,,,,,,,1350.5,25.5,15.8,8.7,36.6,57.8,70.3,13422,27.9,12.0,47,53
24.0,université psl,france,85.8,73.7,97.0,99.3,95.7,69.2,72.7,100.0,60.8,80.4,,,,,,,,,,,,
,université saint-joseph de beyrouth,lebanon,,,,,,,,,,,1350.5,25.5,32.6,10.9,24.2,27.0,69.7,7941,10.9,7.0,61,39
,université sorbonne nouvelle,france,,,,,,,,,,,1350.5,25.5,25.7,15.3,20.8,15.6,70.0,16357,23.7,26.0,77,23
1401.0,université sorbonne paris nord,france,,9.5,5.1,,,,,14.3,,,,,,,,,,,,,,
,université sultan moulay slimane,morocco,,,,,,,,,,,1501.0,16.2,11.8,9.8,29.9,21.1,21.5,38741,56.2,0.0,52,48
975.5,université toulouse 1 capitole,france,,14.0,3.0,1.5,5.4,29.4,52.3,13.6,6.4,1.0,,,,,,,,,,,,
,unsw sydney,australia,,,,,,,,,,,84.0,68.9,47.2,57.4,91.1,98.6,94.5,47044,36.6,40.0,47,53
,upes,india,,,,,,,,,,,900.5,34.8,28.3,16.7,63.7,17.1,50.7,11792,11.0,0.0,31,69
105.0,uppsala university,sweden,59.4,62.7,30.5,47.7,45.6,98.3,82.4,95.5,58.2,99.4,140.0,62.8,43.9,55.0,81.3,97.7,74.7,24749,13.3,17.0,60,40
,ural federal university,russian federation,,,,,,,,,,,1100.5,30.450000000000003,24.9,25.9,34.7,50.6,59.8,26883,14.0,16.0,50,50
473.0,ural federal university - urfu,russia,24.4,21.3,13.3,93.2,2.1,5.7,25.8,63.3,7.4,24.8,,,,,,,,,,,,
,ural state medical university,russian federation,,,,,,,,,,,,,,,,,,7720,14.2,10.0,78,22
,ural state university of economics,russian federation,,,,,,,,,,,,,,,,,,3831,8.7,8.0,52,48
,urgench state university,uzbekistan,,,,,,,,,,,,,,,,,,25783,20.3,4.0,58,42
,urmia university,iran,,,,,,,,,,,900.5,34.8,29.6,19.5,56.9,25.8,38.0,13300,26.4,12.0,49,51
,urmia university of medical sciences,iran,,,,,,,,,,,700.5,39.4,35.3,11.7,69.3,17.8,25.2,4556,12.4,5.0,52,48
,urmia university of technology,iran,,,,,,,,,,,1100.5,30.450000000000003,11.4,16.8,59.9,16.6,27.7,3193,30.7,0.0,30,70
,uruk university,iraq,,,,,,,,,,,,,,,,,,8309,21.9,0.0,57,43
,usamv cluj-napoca,romania,,,,,,,,,,,1100.5,30.450000000000003,19.9,9.1,54.5,23.8,40.0,5501,17.7,7.0,53,47
328.0,usi - università della svizzera italiana,switzerland,32.6,5.8,3.9,82.9,56.4,100.0,100.0,4.2,7.9,1.2,,,,,,,,,,,,
1100.5,utah state university,united states,,6.6,3.2,6.3,24.4,1.1,1.7,23.8,9.5,15.8,,,,,,,,,,,,
107.0,utrecht university,netherlands,58.8,66.6,31.6,32.6,80.8,57.1,21.2,95.0,26.5,83.5,,,,,,,,,,,,
,utsunomiya university,japan,,,,,,,,,,,1501.0,16.2,20.4,12.6,9.1,27.7,29.1,4805,13.7,4.0,37,63
,uzbek state university of physical culture and sport,uzbekistan,,,,,,,,,,,,,,,,,,13799,29.7,0.0,22,78
,uzbekistan state university of world languages,uzbekistan,,,,,,,,,,,,,,,,,,19466,20.6,0.0,71,29
,uzhhorod national university,ukraine,,,,,,,,,,,1501.0,16.2,22.2,8.9,4.7,16.2,45.2,14460,11.3,13.0,53,47
,uşak university,turkey,,,,,,,,,,,1501.0,16.2,11.4,10.4,14.3,19.0,32.1,19043,27.4,11.0,49,51
695.5,v n karazin kharkiv national university,ukraine,,12.6,17.9,66.0,1.4,3.1,58.8,1.6,9.9,1.1,,,,,,,,,,,,
,valahia university of targoviste,romania,,,,,,,,,,,,,,,,,,5618,22.0,1.0,49,51
,van yüzüncü yil university,turkey,,,,,,,,,,,1501.0,16.2,21.7,22.8,19.3,45.4,21.4,20317,17.5,3.0,47,53
1100.5,vancouver island university,canada,,5.0,3.3,58.0,1.1,,,1.1,6.8,,,,,,,,,,,,,
261.0,vanderbilt university,united states,38.4,25.2,19.8,100.0,37.2,36.4,34.6,47.1,35.7,51.2,92.0,67.4,54.1,48.5,96.0,96.5,62.9,12971,3.9,17.0,55,45
,varendra university,bangladesh,,,,,,,,,,,,,,,,,,2876,19.7,0.0,39,61
,varna university of management,bulgaria,,,,,,,,,,,,,,,,,,429,13.0,35.0,43,57
,vasyl stefanyk precarpathian national university,ukraine,,,,,,,,,,,,,,,,,,12268,15.3,0.0,73,27
875.5,vellore institute of technology,india,,11.2,12.2,6.5,21.3,19.0,2.2,13.3,10.2,9.7,,,,,,,,,,,,
,veltech university,india,,,,,,,,,,,1350.5,25.5,17.9,9.1,44.4,16.0,27.7,9943,14.4,2.0,16,84
,veritas university abuja,nigeria,,,,,,,,,,,,,,,,,,4626,15.9,3.0,55,45
825.5,verona university,italy,,8.7,2.9,4.8,40.0,4.7,3.6,32.0,6.9,14.7,450.5,47.2,29.6,26.2,84.1,67.0,46.0,20968,26.0,4.0,64,36
,vi vernadsky crimean federal university,ukraine,,,,,,,,,,,1501.0,16.2,19.0,9.9,7.6,16.6,27.2,21485,12.5,9.0,55,45
715.5,victoria university,australia,,7.6,6.5,2.4,34.6,34.1,57.6,15.0,12.3,4.1,450.5,47.2,27.4,29.9,73.1,57.2,75.5,14113,40.0,19.0,57,43
241.0,victoria university of wellington,new zealand,40.5,44.8,25.5,9.1,32.3,99.5,34.6,38.1,47.0,93.6,450.5,47.2,28.6,34.1,69.4,58.4,80.3,18231,19.4,17.0,58,42
975.5,viet nam national university ho chi minh city,vietnam,,16.9,26.4,7.0,2.0,2.8,1.2,2.3,21.6,3.4,,,,,,,,,,,,
,vietnam national university,vietnam,,,,,,,,,,,1501.0,16.2,14.6,11.2,26.1,26.2,36.8,83599,24.5,1.0,46,54
975.5,vietnam national university hanoi,vietnam,,13.5,21.1,9.4,2.3,4.7,1.2,10.7,20.8,6.1,1350.5,25.5,20.9,11.2,46.8,19.1,48.9,52005,15.9,1.0,63,37
,vignan’s foundation for science technology and research,india,,,,,,,,,,,1501.0,16.2,22.2,7.6,36.0,16.7,21.1,7111,11.3,1.0,47,53
,vila velha university,brazil,,,,,,,,,,,,,,,,,,4915,18.5,1.0,59,41
825.5,vilnius gediminas technical university,lithuania,,9.0,16.7,40.9,7.3,15.8,38.8,4.7,11.5,1.9,1350.5,25.5,22.0,16.3,36.0,57.8,47.2,8369,12.3,11.0,34,66
473.0,vilnius university,lithuania,24.4,19.8,27.8,83.0,3.0,13.0,14.9,43.5,25.5,11.7,900.5,34.8,26.6,17.5,51.4,44.4,46.7,20901,9.1,9.0,65,35
,vinayaka mission’s research foundation,india,,,,,,,,,,,,,,,,,,13195,9.5,0.0,41,59
765.5,virginia commonwealth university,united states,,6.7,16.5,43.1,13.7,15.9,3.2,39.2,12.4,12.0,450.5,47.2,36.4,23.2,82.8,72.7,36.5,25944,10.6,3.0,63,37
302.0,virginia polytechnic institute and state university,united states,34.5,26.2,40.4,18.7,34.8,71.7,17.9,70.0,20.7,52.8,275.5,54.45,42.5,39.4,78.8,76.7,65.4,37225,18.6,13.0,44,56
,visayas state university,philippines,,,,,,,,,,,,,,,,,,7946,16.6,0.0,61,39
,visvesvaraya national institute of technology nagpur,india,,,,,,,,,,,1350.5,25.5,24.5,13.4,41.8,40.4,20.1,4512,15.3,2.0,27,73
,visvesvaraya technological university,india,,,,,,,,,,,,,,,,,,3578,19.7,0.0,51,49
,vit university,india,,,,,,,,,,,700.5,39.4,27.9,15.6,68.3,28.9,46.2,37686,18.8,5.0,30,70
,vita-salute san raffaele university,italy,,,,,,,,,,,275.5,54.45,34.6,26.9,98.3,66.8,49.8,4087,13.9,5.0,62,38
,vn karazin kharkiv national university,ukraine,,,,,,,,,,,1350.5,25.5,26.4,10.9,8.8,46.6,47.2,17491,8.3,28.0,53,47
,volgograd state medical university,russian federation,,,,,,,,,,,,,,,,,,6524,5.9,32.0,66,34
,volgograd state technical university,russian federation,,,,,,,,,,,1501.0,16.2,17.8,9.3,22.9,18.5,27.9,12884,13.9,10.0,30,70
,volgograd state university,russian federation,,,,,,,,,,,1350.5,25.5,24.0,12.9,34.5,15.8,27.9,6577,10.5,5.0,43,57
,voronezh state technical university,russian federation,,,,,,,,,,,1501.0,16.2,20.5,8.5,29.8,18.8,23.9,10060,13.5,6.0,36,64
1300.5,voronezh state university,russia,,5.9,2.3,19.9,1.3,3.4,25.6,1.0,6.6,1.4,,,,,,,,,,,,
,voronezh state university,russian federation,,,,,,,,,,,1501.0,16.2,22.7,10.7,7.7,17.4,37.0,16386,11.1,15.0,52,48
207.0,vrije universiteit amsterdam,netherlands,44.9,39.6,15.7,23.6,68.1,68.5,40.2,70.1,20.2,89.1,125.0,64.7,40.4,51.0,93.4,91.5,84.3,31704,19.2,18.0,57,43
259.0,vrije universiteit brussel,belgium,38.6,23.1,16.8,75.9,22.0,93.6,59.2,88.4,31.1,67.4,225.5,57.25,37.8,42.6,80.9,92.4,78.5,14931,35.1,23.0,58,42
1100.5,vsb - technical university of ostrava,czech republic,,5.4,10.3,15.5,4.3,8.4,22.0,1.8,9.4,8.4,1350.5,25.5,26.8,19.7,27.8,31.0,46.9,11390,14.7,13.0,33,67
825.5,vytautas magnus university,lithuania,,11.0,20.6,38.5,2.1,15.1,40.2,2.4,11.4,1.6,1350.5,25.5,22.4,12.3,27.4,20.9,61.9,8210,11.2,15.0,61,39
151.0,wageningen university & research,netherlands,51.3,43.3,19.0,97.9,46.0,55.0,78.5,97.8,19.0,71.5,64.0,73.0,56.4,59.8,93.8,98.8,92.4,15899,18.1,28.0,54,46
,wakayama medical university,japan,,,,,,,,,,,1100.5,30.450000000000003,33.8,12.7,49.5,59.1,19.6,1810,4.3,0.0,45,55
705.5,wake forest university,united states,,5.4,6.1,100.0,11.0,5.4,13.5,5.5,16.5,2.3,450.5,47.2,39.6,22.0,80.6,78.5,38.7,8293,4.1,9.0,54,46
,walailak university,thailand,,,,,,,,,,,1350.5,25.5,20.9,13.3,35.5,16.3,40.7,8553,13.6,1.0,73,27
1100.5,warsaw university of life sciences – sggw,poland,,6.9,5.0,20.2,6.0,2.4,7.7,32.3,6.3,1.9,1350.5,25.5,19.9,11.8,41.6,23.4,34.2,15737,13.4,8.0,58,42
571.0,warsaw university of technology,poland,20.7,22.8,49.8,38.7,4.3,1.8,10.3,9.7,11.5,2.1,1350.5,25.5,22.0,19.6,33.3,53.5,31.7,23167,17.1,7.0,32,68
199.0,waseda university,japan,45.9,60.2,97.3,23.7,4.3,27.6,28.6,17.5,65.6,56.5,900.5,34.8,33.7,26.2,43.1,56.7,54.8,46013,14.3,13.0,39,61
419.0,washington state university,united states,26.8,24.4,17.9,16.2,35.4,50.0,5.5,46.5,11.1,49.7,325.5,52.05,36.9,34.5,74.8,82.9,60.3,28896,18.8,6.0,55,45
154.0,washington university in st louis,united states,50.5,38.6,10.4,99.8,50.7,84.3,68.0,60.5,33.7,91.4,68.0,72.3,60.8,57.2,97.5,77.8,72.7,13825,7.3,22.0,52,48
,wasit university,iraq,,,,,,,,,,,,,,,,,,19300,20.7,0.0,43,57
755.5,wayne state university,united states,,7.8,3.2,64.7,12.3,12.5,4.8,41.9,15.4,6.4,550.5,43.599999999999994,36.4,20.4,70.2,79.3,41.8,22523,13.0,5.0,61,39
,wenzhou medical university,china,,,,,,,,,,,900.5,34.8,18.4,13.6,68.7,38.3,42.8,27976,14.6,3.0,61,39
,wenzhou university,china,,,,,,,,,,,900.5,34.8,16.2,15.0,78.1,27.8,34.8,22633,18.6,2.0,59,41
875.5,wesleyan university,united states,,4.4,1.8,63.5,8.6,18.0,16.8,1.0,27.7,,,,,,,,,,,,,
,west ukrainian national university,ukraine,,,,,,,,,,,,,,,,,,11845,21.0,3.0,37,63
,west university of timişoara,romania,,,,,,,,,,,1350.5,25.5,24.3,13.7,40.2,17.4,34.9,15142,23.9,6.0,64,36
925.5,west virginia university,united states,,6.4,6.2,11.7,21.5,6.5,5.2,25.4,14.1,20.3,,,,,,,,24473,18.3,5.0,53,47
,westcliff university,united states,,,,,,,,,,,,,,,,,,3890,12.8,85.0,46,54
,western caspian university,azerbaijan,,,,,,,,,,,,,,,,,,3282,10.1,6.0,61,39
1100.5,western michigan university,united states,,5.3,3.6,10.8,5.8,32.3,10.4,2.2,17.0,1.9,1100.5,30.450000000000003,24.0,17.1,39.2,39.3,43.1,16486,21.3,8.0,53,47
375.0,western sydney university,australia,29.5,18.4,15.0,4.5,29.5,100.0,39.2,68.3,10.3,90.4,325.5,52.05,29.5,31.7,87.7,51.5,87.2,35590,41.8,21.0,59,41
114.0,western university,canada,57.4,32.1,47.4,3.7,98.3,99.7,54.6,56.4,93.3,99.6,225.5,57.25,40.2,42.9,75.2,99.6,87.5,30176,33.0,24.0,56,44
1401.0,western washington university,united states,,2.8,3.4,7.0,4.3,14.5,1.4,1.0,7.3,,,,,,,,,,,,,
384.0,westfälische wilhelms-universität münster,germany,28.6,31.5,24.6,55.3,12.5,30.3,4.9,59.1,26.1,27.6,,,,,,,,,,,,
,whu: beisheim,germany,,,,,,,,,,,,,,,,,,1880,31.3,32.0,32,68
,william & mary,united states,,,,,,,,,,,700.5,39.4,38.4,21.7,62.2,37.1,39.1,8253,11.3,7.0,57,43
,women university mardan,pakistan,,,,,,,,,,,,,,,,,,2627,26.5,1.0,100,0
875.5,worcester polytechnic institute,united states,,3.9,5.7,17.1,27.5,42.7,24.2,1.7,11.8,1.3,700.5,39.4,30.0,22.1,61.2,61.8,57.2,5834,13.0,14.0,38,62
,world university of bangladesh,bangladesh,,,,,,,,,,,,,,,,,,5200,20.8,0.0,21,79
,wrexham glyndwr university,united kingdom,,,,,,,,,,,,,,,,,,4335,25.5,19.0,59,41
,writtle university college,united kingdom,,,,,,,,,,,,,,,,,,675,7.5,9.0,82,18
,wroclaw medical university,poland,,,,,,,,,,,700.5,39.4,40.7,13.3,66.9,36.5,37.7,8014,10.9,14.0,72,28
925.5,wroclaw university of science and technology,poland,,11.9,17.2,32.7,5.3,3.3,5.3,8.4,8.4,1.8,,,,,,,,,,,,
,wrocław university of environmental and life sciences,poland,,,,,,,,,,,1350.5,25.5,19.1,13.9,34.3,49.8,29.6,7099,16.7,4.0,67,33
,wrocław university of science and technology,poland,,,,,,,,,,,1350.5,25.5,19.7,17.4,33.1,54.6,29.7,22772,19.8,4.0,35,65
,wsb academy,poland,,,,,,,,,,,,,,,,,,4682,6.4,49.0,53,47
,wuhan textile university,china,,,,,,,,,,,1350.5,25.5,15.0,11.0,46.2,36.7,23.5,23369,15.8,1.0,50,50
,wuhan university,china,,,,,,,,,,,164.0,61.3,50.9,45.0,88.5,90.6,41.0,56066,15.0,5.0,,
194.0,wuhan university,china (mainland),46.6,40.9,44.0,12.8,87.4,40.7,5.0,48.4,35.0,44.4,,,,,,,,,,,,
875.5,wuhan university of technology,china (mainland),,6.9,2.1,12.1,41.1,,2.6,9.7,7.0,2.4,,,,,,,,,,,,
1100.5,xi'an jiaotong liverpool university,china (mainland),,4.3,2.1,5.7,5.8,97.5,3.1,1.6,6.9,1.8,,,,,,,,,,,,
,xiamen university,china,,,,,,,,,,,325.5,52.05,38.0,33.5,83.7,72.1,38.4,44715,15.1,2.0,,
392.0,xiamen university,china (mainland),28.2,25.9,11.6,20.0,65.3,5.4,3.4,25.4,21.5,17.1,,,,,,,,,,,,
,xiangtan university,china,,,,,,,,,,,1350.5,25.5,17.0,15.9,49.0,33.7,21.8,33943,20.6,0.0,50,50
,xidian university,china,,,,,,,,,,,700.5,39.4,24.3,25.0,61.0,77.5,25.9,37660,15.3,1.0,26,74
,xi’an jiaotong university,china,,,,,,,,,,,275.5,54.45,46.9,48.0,70.0,98.3,37.8,45764,14.7,7.0,35,65
291.0,xi’an jiaotong university,china (mainland),35.8,21.4,42.2,17.4,80.9,4.4,4.1,36.8,20.8,34.6,,,,,,,,,,,,
,xi’an jiaotong-liverpool university,china,,,,,,,,,,,700.5,39.4,18.6,15.1,70.8,20.9,77.3,19535,19.9,4.0,51,49
,xuzhou medical university,china,,,,,,,,,,,1350.5,25.5,15.8,16.3,43.5,26.0,21.4,14112,18.6,3.0,,
,yagshigeldi kakayev international university of oil and gas,turkmenistan,,,,,,,,,,,,,,,,,,5388,11.4,1.0,31,69
16.0,yale university,united states,87.7,99.9,99.9,100.0,45.8,89.8,78.8,85.8,99.9,99.2,10.0,94.2,94.0,94.9,97.7,86.5,82.4,11924,5.2,21.0,51,49
,yamagata university,japan,,,,,,,,,,,1350.5,25.5,28.0,15.3,24.8,72.2,32.3,8657,8.8,2.0,34,66
,yamaguchi prefectural university,japan,,,,,,,,,,,,,,,,,,1361,16.2,2.0,87,13
1100.5,yamaguchi university,japan,,4.0,1.7,43.2,4.5,7.0,2.7,1.2,8.0,1.1,1350.5,25.5,28.5,13.4,21.4,57.3,33.4,10437,10.9,5.0,37,63
,yangzhou university,china,,,,,,,,,,,550.5,43.599999999999994,32.8,24.6,64.9,66.7,54.0,29221,12.5,13.0,63,37
,yanka kupala state university of grodno,belarus,,,,,,,,,,,,,,,,,,10900,15.7,10.0,57,43
,yanshan university,china,,,,,,,,,,,1501.0,16.2,19.5,11.7,34.5,36.0,20.4,39191,13.4,1.0,39,61
1100.5,yarmouk university,jordan,,11.9,14.5,2.8,2.5,7.8,13.9,3.9,28.4,1.1,1350.5,25.5,19.9,12.9,41.5,20.8,53.1,31177,28.3,11.0,57,43
,yasouj university,iran,,,,,,,,,,,1350.5,25.5,14.7,14.5,52.3,20.1,22.4,6236,25.8,0.0,54,46
,yazd university,iran,,,,,,,,,,,1100.5,30.450000000000003,25.3,17.3,44.7,39.4,36.1,14204,29.7,3.0,57,43
,yaşar university,turkey,,,,,,,,,,,,,,,,,,5908,11.7,2.0,51,49
,yeditepe university,turkey,,,,,,,,,,,1501.0,16.2,22.0,12.4,17.6,59.3,38.8,17378,27.5,6.0,55,45
1100.5,yerevan state university,armenia,,7.0,3.0,45.4,1.4,5.2,1.6,1.0,35.2,1.0,1501.0,16.2,23.9,8.6,26.8,16.4,38.1,13838,8.0,2.0,53,47
369.0,yeshiva university,united states,30.0,2.8,3.3,75.0,99.7,,8.9,3.6,10.4,1.3,,,,,,,,,,,,
975.5,yeungnam university,south korea,,5.5,3.2,14.3,23.3,39.8,6.1,2.5,4.5,1.3,700.5,39.4,24.1,18.0,66.8,47.0,54.9,19063,14.7,5.0,50,50
975.5,yildiz technical university,turkey,,8.1,21.5,5.1,9.3,8.7,21.6,2.0,10.6,24.4,,,,,,,,,,,,
1300.5,yogyakarta state university,indonesia,,9.6,2.8,8.0,1.4,15.4,1.8,1.0,7.8,1.0,,,,,,,,,,,,
825.5,yokohama city university,japan,,3.3,2.6,97.7,10.3,4.1,2.4,1.1,8.5,1.0,900.5,34.8,28.4,11.3,59.4,62.4,29.0,5144,6.0,3.0,55,45
975.5,yokohama national university,japan,,9.6,18.3,16.7,8.3,8.8,9.4,2.0,16.2,12.7,1350.5,25.5,26.0,22.5,19.1,71.2,36.1,9649,13.4,8.0,28,72
76.0,yonsei university,south korea,65.2,80.0,96.3,87.4,36.2,19.6,49.7,25.0,70.9,38.1,76.0,70.4,68.1,64.3,79.3,99.9,51.8,18961,13.9,17.0,49,51
,york st john university,united kingdom,,,,,,,,,,,,,,,,,,6450,18.4,13.0,64,36
353.0,york university,canada,31.1,23.0,21.0,4.6,29.2,50.6,81.2,28.0,53.2,80.8,375.5,50.05,28.2,32.4,78.3,69.6,79.5,44038,29.1,28.0,55,45
1300.5,youngsan university,south korea,,5.7,10.6,17.5,1.3,2.8,5.9,1.0,6.6,,,,,,,,,,,,,
1300.5,yuan ze university,taiwan,,5.4,5.4,7.4,10.6,7.0,9.6,1.0,7.9,1.0,1350.5,25.5,18.5,24.1,32.1,69.0,42.8,6852,23.0,8.0,44,56
,yuriy fedkovych chernivtsi national university,ukraine,,,,,,,,,,,1350.5,25.5,22.8,9.9,8.2,17.6,26.3,10592,10.4,1.0,56,44
,yusuf maitama sule university kano,nigeria,,,,,,,,,,,,,,,,,,12086,26.2,0.0,59,41
,yıldız technical university,turkey,,,,,,,,,,,900.5,34.8,32.1,28.0,41.2,64.1,40.9,19651,24.8,13.0,43,57
1300.5,zagazig university,egypt,,6.6,3.8,2.9,2.4,1.2,2.4,15.3,2.8,7.7,900.5,34.8,14.2,9.2,71.4,49.8,49.0,166653,25.2,2.0,52,48
,zanjan university of medical sciences,iran,,,,,,,,,,,1350.5,25.5,36.4,12.6,35.5,24.2,21.5,5278,10.9,1.0,56,44
,zarqa university,jordan,,,,,,,,,,,,,,,,,,5881,17.0,35.0,60,40
705.5,zayed university,united arab emirates,,14.5,17.3,22.0,6.3,100.0,2.0,8.3,17.0,2.8,450.5,47.2,28.3,25.4,85.7,35.0,74.5,9036,14.4,2.0,87,13
,zewail city of science and technology,egypt,,,,,,,,,,,1100.5,30.450000000000003,25.8,17.3,53.9,20.5,37.7,1052,9.8,0.0,48,52
,zhaw zurich university of applied sciences,switzerland,,,,,,,,,,,900.5,34.8,22.2,15.8,46.0,59.2,72.4,11120,12.3,11.0,52,48
,zhejiang chinese medical university,china,,,,,,,,,,,1350.5,25.5,16.5,16.4,34.5,37.2,23.0,18260,31.0,5.0,66,34
,zhejiang gongshang university,china,,,,,,,,,,,900.5,34.8,21.8,12.6,61.1,30.8,44.1,17459,11.5,7.0,58,42
,zhejiang normal university,china,,,,,,,,,,,700.5,39.4,20.3,19.0,75.4,54.1,35.6,28884,12.2,5.0,,
,zhejiang university,china,,,,,,,,,,,55.0,75.0,70.2,75.3,78.7,99.0,65.5,48169,12.0,16.0,,
44.0,zhejiang university,china (mainland),77.8,73.8,95.7,66.5,97.6,97.7,26.5,74.7,37.7,51.5,,,,,,,,,,,,
,zhejiang university of finance and economics,china,,,,,,,,,,,1100.5,30.450000000000003,14.0,13.3,67.0,37.5,30.5,18214,22.5,3.0,63,37
,zhengzhou university,china,,,,,,,,,,,700.5,39.4,18.7,19.8,82.5,35.8,25.2,74052,15.6,4.0,48,52
625.5,zhengzhou university,china (mainland),,5.4,19.7,4.7,65.6,,2.5,4.4,6.7,3.2,,,,,,,,,,,,
,zhetysu university,kazakhstan,,,,,,,,,,,,,,,,,,4872,18.2,0.0,66,34
,zhytomyr polytechnic state university,ukraine,,,,,,,,,,,,,,,,,,4454,16.1,1.0,40,60
,ziane achour university of djelfa,algeria,,,,,,,,,,,,,,,,,,31103,28.5,0.0,55,45
,ziauddin university,pakistan,,,,,,,,,,,,,,,,,,5672,9.2,0.0,58,42
,zonguldak bülent ecevit university,turkey,,,,,,,,,,,1501.0,16.2,12.5,11.2,21.6,48.1,26.4,29329,22.4,8.0,57,43
1401.0,zürcher hochschule winterthur,switzerland,,5.7,6.7,,,,,1.7,,,,,,,,,,,,,,
,åbo akademi university,finland,,,,,,,,,,,550.5,43.599999999999994,29.5,31.6,59.3,67.1,68.1,5637,18.2,13.0,60,40
,çankırı karatekin university,turkey,,,,,,,,,,,1501.0,16.2,12.5,9.5,22.7,15.6,41.0,10567,19.9,20.0,53,47
,çağ university,turkey,,,,,,,,,,,,,,,,,,3989,18.8,0.0,34,66
,école centrale de lyon,france,,,,,,,,,,,700.5,39.4,36.0,25.7,32.6,82.5,79.2,2286,16.4,24.0,27,73
,école des mines de saint-étienne,france,,,,,,,,,,,700.5,39.4,44.3,31.4,34.5,77.3,70.6,1089,9.8,24.0,27,73
,école des ponts paristech,france,,,,,,,,,,,450.5,47.2,43.9,30.3,55.7,87.2,82.7,1992,8.7,39.0,31,69
,école national polytechnique de constantine,algeria,,,,,,,,,,,,,,,,,,966,13.4,0.0,41,59
,école nationale des travaux publics de l'état,france,,,,,,,,,,,700.5,39.4,32.1,37.0,31.3,80.8,67.7,800,14.8,14.0,42,58
,école nationale polytechnique,algeria,,,,,,,,,,,,,,,,,,1773,10.2,0.0,38,62
,école nationale polytechnique d’oran maurice audin,algeria,,,,,,,,,,,,,,,,,,2004,12.8,0.0,32,68
,école nationale supérieure agronomique,algeria,,,,,,,,,,,,,,,,,,1125,7.6,0.0,76,24
,école nationale supérieure agronomique algiers,algeria,,,,,,,,,,,,,,,,,,350,11.7,0.0,74,26
,école nationale supérieure de biotechnologie taoufik khaznadar,algeria,,,,,,,,,,,,,,,,,,1227,15.1,0.0,78,22
,école nationale supérieure de management koléa,algeria,,,,,,,,,,,,,,,,,,606,16.4,0.0,67,33
,école nationale supérieure des sciences de la mer et de l’aménagement du littoral,algeria,,,,,,,,,,,,,,,,,,888,12.0,0.0,51,49
,école nationale supérieure d’informatique,algeria,,,,,,,,,,,,,,,,,,1202,9.8,0.0,50,50
,école nationale supérieure vétérinaire d’alger,algeria,,,,,,,,,,,,,,,,,,694,8.5,0.0,55,45
,école normale supérieure de bouzaréah,algeria,,,,,,,,,,,,,,,,,,5345,15.1,0.0,91,9
,école normale supérieure de béchar,algeria,,,,,,,,,,,,,,,,,,307,6.5,0.0,100,0
,école normale supérieure de kouba,algeria,,,,,,,,,,,,,,,,,,3251,10.1,0.0,84,16
,école normale supérieure de laghouat,algeria,,,,,,,,,,,,,,,,,,2675,17.4,0.0,77,23
184.0,école normale supérieure de lyon,france,47.6,30.5,14.4,95.7,98.4,70.8,14.6,34.3,10.0,5.9,275.5,54.45,58.5,46.8,53.9,78.5,68.0,2024,7.9,11.0,43,57
,école normale supérieure d’oran,algeria,,,,,,,,,,,,,,,,,,626,10.6,,92,8
,école normale supérieure el katiba assia djebar constantine,algeria,,,,,,,,,,,,,,,,,,3886,14.3,0.0,93,7
,école polytechnique d’architecture et d’urbanisme,algeria,,,,,,,,,,,,,,,,,,1386,10.3,0.0,65,35
,école polytechnique fédérale de lausanne,switzerland,,,,,,,,,,,33.0,81.4,74.5,73.2,90.3,99.8,95.8,12543,13.5,64.0,30,70
,école supérieure de comptabilité et de finances de constantine,algeria,,,,,,,,,,,,,,,,,,786,15.1,0.0,81,19
,école supérieure en informatique 8 mai 1945 de sidi-bel-abbès,algeria,,,,,,,,,,,,,,,,,,899,17.6,0.0,34,66
,école supérieure en sciences appliquées de tlemcen,algeria,,,,,,,,,,,,,,,,,,801,8.8,0.0,45,55
,école supérieure en sciences biologiques d’oran,algeria,,,,,,,,,,,,,,,,,,493,14.1,0.0,83,17
,école supérieure en sciences et technologies de l’informatique et du numérique,algeria,,,,,,,,,,,,,,,,,,520,17.3,0.0,,
1300.5,óbuda university,hungary,,4.5,3.9,2.1,6.6,13.6,7.6,1.3,5.6,1.0,1100.5,30.450000000000003,14.4,16.4,55.7,20.7,42.6,10997,34.4,7.0,22,78
,örebro university,sweden,,,,,,,,,,,700.5,39.4,20.1,22.5,77.9,43.8,54.6,10132,15.6,5.0,62,38
,ştefan cel mare university of suceava,romania,,,,,,,,,,,1350.5,25.5,15.6,13.0,49.3,16.8,36.9,8939,22.9,14.0,59,41
,​shahid chamran university of ahvaz,iran,,,,,,,,,,,1100.5,30.450000000000003,29.6,19.3,34.5,51.8,27.2,15142,25.2,5.0,,
