university_id,university_name,country,region,source,rank,previous_rank,overall_score,academic_reputation_score,employer_reputation_score,faculty_student_score,citations_score,international_faculty_score,international_students_score,international_research_network_score,employment_outcomes_score,sustainability_score,teaching_score,research_score,industry_income_score,international_outlook_score,number_of_students,student_staff_ratio,international_student_percentage,female_male_ratio,normalized_ranking_score
1,Massachusetts Institute of Technology (MIT),United States,Americas,QS,1.0,1.0,100.0,100.0,100.0,100.0,100.0,99.3,86.8,96.0,100.0,99.0,,,,,,,,,100.0
2,Imperial College London,United Kingdom,Europe,QS,2.0,6.0,98.5,98.5,99.5,98.2,93.9,100.0,99.6,97.4,93.4,99.7,,,,,,,,,99.83221476510067
3,University of Oxford,United Kingdom,Europe,QS,3.0,3.0,96.9,100.0,100.0,100.0,84.8,98.1,97.7,100.0,100.0,85.0,,,,,,,,,99.66442953020133
4,Harvard University,United States,Americas,QS,4.0,4.0,96.8,100.0,100.0,96.3,100.0,74.1,69.0,99.6,100.0,84.4,,,,,,,,,99.49664429530202
5,University of Cambridge,United Kingdom,Europe,QS,5.0,2.0,96.7,100.0,100.0,100.0,84.6,100.0,94.8,99.3,100.0,84.8,,,,,,,,,99.32885906040269
6,Stanford University,United States,Americas,QS,6.0,5.0,96.1,100.0,100.0,100.0,99.0,70.3,60.8,96.8,100.0,81.2,,,,,,,,,99.16107382550335
7,ETH Zurich - Swiss Federal Institute of Technology,Switzerland,Europe,QS,7.0,7.0,93.9,98.8,87.2,65.9,97.9,100.0,98.6,95.7,90.5,98.8,,,,,,,,,98.99328859060402
8,National University of Singapore (NUS),Singapore,Asia,QS,8.0,8.0,93.7,99.5,91.1,68.8,93.1,100.0,88.9,91.6,100.0,97.7,,,,,,,,,98.8255033557047
9,UCL,United Kingdom,Europe,QS,9.0,9.0,91.6,99.5,98.3,95.9,72.2,99.0,100.0,99.9,70.3,74.8,,,,,,,,,98.65771812080537
10,California Institute of Technology (Caltech),United States,Americas,QS,10.0,15.0,90.9,96.5,95.3,100.0,100.0,100.0,79.8,65.5,31.0,62.5,,,,,,,,,98.48993288590604
11,University of Pennsylvania,United States,Americas,QS,11.0,12.0,90.3,96.3,91.9,99.8,74.0,90.9,66.2,91.9,100.0,93.0,,,,,,,,,98.3221476510067
12,"University of California, Berkeley (UCB)",United States,Americas,QS,12.0,10.0,90.1,100.0,100.0,23.5,98.2,91.5,61.0,97.2,98.4,100.0,,,,,,,,,98.15436241610739
13,The University of Melbourne,Australia,Oceania,QS,13.0,14.0,88.9,98.5,93.9,15.4,93.0,95.1,99.8,97.4,96.5,99.6,,,,,,,,,97.98657718120806
14,Peking University,China (Mainland),Asia,QS,14.0,17.0,88.5,99.5,96.6,92.6,97.7,50.3,23.6,79.8,94.2,46.9,,,,,,,,,97.81879194630872
15,"Nanyang Technological University, Singapore (NTU)",Singapore,Asia,QS,15.0,26.0,88.4,91.9,73.3,80.6,92.4,100.0,83.5,89.4,83.9,95.6,,,,,,,,,97.6510067114094
16,Cornell University,United States,Americas,QS,16.0,13.0,87.9,98.3,93.1,52.7,97.5,54.2,63.4,94.0,97.1,72.1,,,,,,,,,97.48322147651007
17,The University of Hong Kong,Hong Kong SAR,Asia,QS,17.0,26.0,87.6,97.4,59.4,81.2,86.4,100.0,99.3,81.4,99.7,89.2,,,,,,,,,97.31543624161074
18,The University of Sydney,Australia,Oceania,QS,18.0,19.0,87.3,96.4,90.0,10.9,93.7,99.9,100.0,95.8,93.1,99.6,,,,,,,,,97.14765100671141
19,The University of New South Wales (UNSW Sydney),Australia,Oceania,QS,19.0,19.0,87.1,90.5,90.4,20.6,94.9,100.0,99.4,98.3,97.7,99.2,,,,,,,,,96.97986577181209
20,Tsinghua University,China (Mainland),Asia,QS,20.0,25.0,86.5,99.2,97.7,95.0,99.1,18.1,13.4,79.2,92.3,40.4,,,,,,,,,96.81208053691275
21,University of Chicago,United States,Americas,QS,21.0,11.0,86.2,99.1,96.4,94.2,60.8,79.0,87.0,85.1,99.1,46.9,,,,,,,,,96.64429530201343
22,Princeton University,United States,Americas,QS,22.0,17.0,85.5,99.8,98.3,57.0,100.0,9.6,56.6,78.3,95.7,51.5,,,,,,,,,96.47651006711409
23,Yale University,United States,Americas,QS,23.0,16.0,85.2,99.9,99.9,100.0,38.6,91.5,63.3,93.9,98.5,92.2,,,,,,,,,96.30872483221476
24,Université PSL,France,Europe,QS,24.0,24.0,84.7,74.4,97.6,98.1,87.6,62.3,65.0,99.8,97.1,73.4,,,,,,,,,96.14093959731544
25,University of Toronto,Canada,Americas,QS,25.0,21.0,84.1,99.7,96.9,44.9,50.8,96.9,96.1,97.7,98.7,100.0,,,,,,,,,95.9731543624161
26,EPFL,Switzerland,Europe,QS,26.0,36.0,83.5,84.2,67.2,91.2,93.6,100.0,100.0,81.7,27.2,86.7,,,,,,,,,95.80536912751678
27,The University of Edinburgh,United Kingdom,Europe,QS,27.0,22.0,83.3,98.3,97.2,65.5,47.7,98.7,99.8,99.5,55.9,99.0,,,,,,,,,95.63758389261746
28,Technical University of Munich,Germany,Europe,QS,28.0,37.0,83.2,83.0,98.6,76.8,75.9,80.4,98.6,95.6,34.5,93.1,,,,,,,,,95.46979865771812
29,McGill University,Canada,Americas,QS,29.0,30.0,83.0,94.3,87.6,62.3,57.9,83.7,89.6,94.2,98.3,99.1,,,,,,,,,95.30201342281879
30,The Australian National University,Australia,Oceania,QS,30.0,34.0,82.4,93.8,75.4,34.6,84.6,100.0,96.2,91.4,56.6,97.1,,,,,,,,,95.13422818791946
31,Seoul National University,South Korea,Asia,QS,31.0,41.0,82.3,98.5,98.6,83.1,71.7,10.5,16.9,73.2,100.0,96.0,,,,,,,,,94.96644295302013
32,Johns Hopkins University,United States,Americas,QS,32.0,28.0,82.1,86.0,62.6,100.0,84.2,63.7,95.8,98.7,71.5,61.9,,,,,,,,,94.79865771812081
33,The University of Tokyo,Japan,Asia,QS,32.0,28.0,82.1,100.0,99.8,89.3,57.3,10.1,29.7,87.4,99.9,98.3,,,,,,,,,94.79865771812081
34,Columbia University,United States,Americas,QS,34.0,23.0,82.0,99.6,98.8,100.0,31.7,41.5,97.0,98.5,99.9,71.8,,,,,,,,,94.46308724832215
35,The University of Manchester,United Kingdom,Europe,QS,34.0,32.0,82.0,95.6,98.1,51.3,45.1,93.1,99.2,99.2,87.6,99.8,,,,,,,,,94.46308724832215
36,The Chinese University of Hong Kong (CUHK),Hong Kong SAR,Asia,QS,36.0,47.0,81.3,86.7,53.3,64.2,92.9,100.0,87.5,74.2,89.0,86.7,,,,,,,,,94.12751677852349
37,Monash University,Australia,Oceania,QS,37.0,42.0,81.2,89.2,79.6,9.4,87.6,100.0,100.0,94.8,79.4,98.2,,,,,,,,,93.95973154362416
38,University of British Columbia,Canada,Americas,QS,38.0,34.0,81.0,98.3,94.3,34.5,57.7,95.5,72.8,96.2,74.6,99.8,,,,,,,,,93.79194630872483
39,Fudan University,China (Mainland),Asia,QS,39.0,50.0,80.3,85.7,87.8,79.7,80.7,88.4,35.1,67.2,64.4,82.7,,,,,,,,,93.6241610738255
40,King's College London,United Kingdom,Europe,QS,40.0,40.0,80.2,90.3,85.7,64.3,53.6,99.1,99.5,98.6,59.8,96.2,,,,,,,,,93.45637583892618
41,The University of Queensland,Australia,Oceania,QS,40.0,43.0,80.2,86.7,74.0,21.2,90.2,100.0,100.0,96.7,56.7,96.7,,,,,,,,,93.45637583892618
42,"University of California, Los Angeles (UCLA)",United States,Americas,QS,42.0,29.0,79.8,100.0,99.8,35.4,74.0,42.2,22.3,95.5,94.7,67.1,,,,,,,,,93.12080536912751
43,New York University (NYU),United States,Americas,QS,43.0,38.0,79.6,96.3,98.8,90.5,28.6,30.2,98.1,92.6,98.4,95.4,,,,,,,,,92.9530201342282
44,University of Michigan-Ann Arbor,United States,Americas,QS,44.0,33.0,79.0,97.9,92.1,80.3,47.6,65.5,39.2,95.8,94.5,62.2,,,,,,,,,92.78523489932886
45,Shanghai Jiao Tong University,China (Mainland),Asia,QS,45.0,51.0,77.8,84.0,86.3,58.6,99.6,23.1,19.6,73.7,73.5,80.3,,,,,,,,,92.61744966442953
46,Institut Polytechnique de Paris,France,Europe,QS,46.0,38.0,77.5,44.7,99.6,95.9,86.1,99.1,98.0,89.6,97.7,54.8,,,,,,,,,92.4496644295302
47,The Hong Kong University of Science and Technology,Hong Kong SAR,Asia,QS,47.0,60.0,77.1,81.1,50.3,56.7,99.7,100.0,95.4,46.7,65.4,77.6,,,,,,,,,92.28187919463086
48,Zhejiang University,China (Mainland),Asia,QS,47.0,44.0,77.1,75.3,95.4,54.7,99.5,95.0,15.9,91.8,55.5,30.7,,,,,,,,,92.28187919463086
49,Delft University of Technology,Netherlands,Europe,QS,49.0,47.0,77.0,74.4,83.0,39.4,79.7,100.0,91.4,93.7,54.8,99.1,,,,,,,,,91.94630872483222
50,Kyoto University,Japan,Asia,QS,50.0,46.0,76.0,98.8,99.0,94.2,39.3,15.9,19.0,85.7,72.8,85.2,,,,,,,,,91.77852348993288
51,Northwestern University,United States,Americas,QS,50.0,47.0,76.0,84.0,68.0,97.6,67.7,45.4,52.0,89.4,96.8,55.4,,,,,,,,,91.77852348993288
52,The London School of Economics and Political Science (LSE),United Kingdom,Europe,QS,50.0,45.0,76.0,67.2,97.0,35.1,69.4,100.0,100.0,81.2,99.6,91.3,,,,,,,,,91.77852348993288
53,KAIST - Korea Advanced Institute of Science & Technology,South Korea,Asia,QS,53.0,56.0,75.7,87.7,91.0,60.2,96.2,21.1,10.9,46.8,63.3,60.3,,,,,,,,,91.2751677852349
54,University of Bristol,United Kingdom,Europe,QS,54.0,55.0,75.4,75.8,82.5,36.7,75.9,87.5,89.8,94.6,51.2,98.9,,,,,,,,,91.10738255033557
55,University of Amsterdam,Netherlands,Europe,QS,55.0,53.0,73.7,83.8,52.1,21.4,92.2,96.0,87.5,96.3,79.8,38.2,,,,,,,,,90.93959731543623
56,Yonsei University,South Korea,Asia,QS,56.0,76.0,72.9,81.5,97.0,84.2,44.1,20.7,51.2,78.7,87.8,88.9,,,,,,,,,90.77181208053692
57,The Hong Kong Polytechnic University,Hong Kong SAR,Asia,QS,57.0,65.0,72.1,68.0,35.6,65.0,94.9,100.0,91.9,78.9,64.5,77.4,,,,,,,,,90.60402684563759
58,Carnegie Mellon University,United States,Americas,QS,58.0,52.0,72.0,69.8,80.1,40.9,98.9,33.7,99.1,79.9,61.5,24.5,,,,,,,,,90.43624161073825
59,Ludwig-Maximilians-Universität München,Germany,Europe,QS,59.0,54.0,71.6,92.2,86.6,38.5,50.0,75.1,37.6,95.5,66.9,62.2,,,,,,,,,90.26845637583892
60,Universiti Malaya (UM),Malaysia,Asia,QS,60.0,65.0,71.2,82.9,95.1,75.7,29.1,60.2,64.2,91.8,69.3,83.6,,,,,,,,,90.1006711409396
61,Duke University,United States,Americas,QS,61.0,57.0,70.8,86.0,74.7,100.0,35.1,16.3,61.0,93.3,85.5,75.0,,,,,,,,,89.93288590604027
62,City University of Hong Kong,Hong Kong SAR,Asia,QS,62.0,70.0,70.7,60.9,30.8,89.5,100.0,100.0,100.0,62.9,37.5,72.9,,,,,,,,,89.76510067114094
63,KU Leuven,Belgium,Europe,QS,63.0,61.0,70.3,84.6,49.6,7.1,91.0,93.8,47.7,99.5,75.3,51.2,,,,,,,,,89.59731543624162
64,Sorbonne University,France,Europe,QS,63.0,59.0,70.3,87.2,52.0,43.0,72.3,33.8,46.7,99.8,79.7,87.6,,,,,,,,,89.59731543624162
65,The University of Auckland,New Zealand,Oceania,QS,65.0,68.0,69.7,82.2,44.7,15.5,66.9,100.0,84.0,87.4,92.9,99.7,,,,,,,,,89.26174496644296
66,University of Texas at Austin,United States,Americas,QS,66.0,58.0,69.5,93.5,86.6,8.1,76.7,6.1,11.7,91.7,81.7,52.1,,,,,,,,,89.09395973154362
67,Korea University,South Korea,Asia,QS,67.0,79.0,69.0,78.2,93.8,73.0,45.0,15.2,45.7,65.7,89.0,85.2,,,,,,,,,88.9261744966443
68,National Taiwan University (NTU),Taiwan,Asia,QS,68.0,69.0,68.7,93.4,92.1,25.5,44.3,16.7,27.4,71.5,99.9,90.0,,,,,,,,,88.75838926174497
69,The University of Warwick,United Kingdom,Europe,QS,69.0,67.0,68.2,72.2,86.4,35.5,37.7,98.1,99.1,94.2,65.7,89.7,,,,,,,,,88.59060402684564
70,University of Illinois at Urbana-Champaign,United States,Americas,QS,69.0,64.0,68.2,83.9,75.7,6.4,77.5,14.0,56.3,90.4,81.7,65.0,,,,,,,,,88.59060402684564
71,Universidad de Buenos Aires (UBA),Argentina,Americas,QS,71.0,95.0,67.6,94.1,94.1,71.7,1.6,63.9,64.6,73.4,99.8,51.8,,,,,,,,,88.25503355704699
72,"University of California, San Diego (UCSD)",United States,Americas,QS,72.0,62.0,67.1,89.3,57.8,50.8,67.0,54.6,44.3,95.5,21.7,44.3,,,,,,,,,88.08724832214764
73,Université Paris-Saclay,France,Europe,QS,73.0,71.0,67.0,60.7,99.1,99.8,35.0,35.7,58.6,98.6,70.8,72.6,,,,,,,,,87.91946308724832
74,KTH Royal Institute of Technology,Sweden,Europe,QS,74.0,73.0,65.7,45.2,55.6,62.3,86.1,92.0,65.9,91.1,62.4,94.8,,,,,,,,,87.75167785234899
75,Lund University,Sweden,Europe,QS,75.0,85.0,65.6,68.3,52.5,55.5,44.6,97.4,73.4,96.7,86.5,99.6,,,,,,,,,87.58389261744966
76,University of Washington,United States,Americas,QS,76.0,63.0,65.3,81.9,55.5,28.6,78.8,11.0,32.8,95.6,68.7,66.5,,,,,,,,,87.41610738255034
77,The University of Western Australia,Australia,Oceania,QS,77.0,72.0,65.2,55.5,41.8,13.1,98.8,100.0,99.8,94.2,78.0,50.8,,,,,,,,,87.24832214765101
78,University of Glasgow,United Kingdom,Europe,QS,78.0,76.0,65.0,77.4,67.7,38.0,32.5,95.7,99.4,97.6,33.5,98.5,,,,,,,,,87.08053691275168
79,Brown University,United States,Americas,QS,79.0,73.0,64.7,59.9,49.6,77.7,76.4,79.9,50.9,83.2,63.6,46.6,,,,,,,,,86.91275167785236
80,University of Birmingham,United Kingdom,Europe,QS,80.0,84.0,64.1,68.9,69.0,39.0,40.5,92.6,89.3,97.5,44.5,96.8,,,,,,,,,86.74496644295301
81,University of Southampton,United Kingdom,Europe,QS,80.0,81.0,64.1,50.1,44.3,40.7,83.4,92.5,98.0,97.1,49.2,96.9,,,,,,,,,86.74496644295301
82,The University of Adelaide,Australia,Oceania,QS,82.0,89.0,63.8,56.0,38.9,17.9,87.0,100.0,99.3,93.6,51.5,95.7,,,,,,,,,86.40939597315436
83,University of Leeds,United Kingdom,Europe,QS,82.0,75.0,63.8,70.5,75.9,36.4,39.8,82.5,88.5,98.8,50.9,71.8,,,,,,,,,86.40939597315436
84,Ruprecht-Karls-Universität Heidelberg,Germany,Europe,QS,84.0,87.0,63.7,76.9,59.4,99.4,32.7,54.2,53.6,94.5,25.2,77.6,,,,,,,,,86.0738255033557
85,Tokyo Institute of Technology (Tokyo Tech),Japan,Asia,QS,84.0,91.0,63.7,75.1,94.1,84.1,43.1,23.4,30.5,61.2,23.7,62.2,,,,,,,,,86.0738255033557
86,Osaka University,Japan,Asia,QS,86.0,80.0,63.5,82.4,87.0,45.2,54.9,23.9,12.2,68.2,33.0,68.0,,,,,,,,,85.73825503355704
87,"Trinity College Dublin, The University of Dublin",Ireland,Europe,QS,87.0,81.0,62.9,69.5,47.4,20.2,58.4,99.3,88.0,91.3,88.6,57.7,,,,,,,,,85.57046979865773
88,University of Technology Sydney,Australia,Oceania,QS,88.0,90.0,62.4,43.9,55.0,9.8,97.7,96.6,86.0,91.4,40.2,96.3,,,,,,,,,85.40268456375838
89,Durham University,United Kingdom,Europe,QS,89.0,78.0,61.7,59.6,83.9,26.3,40.9,97.3,84.9,89.7,39.4,98.6,,,,,,,,,85.23489932885906
90,Pennsylvania State University,United States,Americas,QS,89.0,83.0,61.7,76.6,64.5,25.0,55.4,25.1,28.0,97.9,61.9,96.5,,,,,,,,,85.23489932885906
91,Purdue University,United States,Americas,QS,89.0,99.0,61.7,63.3,81.1,11.4,54.3,79.6,45.2,92.9,63.1,90.1,,,,,,,,,85.23489932885906
92,Universidade de São Paulo,Brazil,Americas,QS,92.0,85.0,61.6,92.8,74.6,21.4,28.5,6.8,2.1,95.9,97.9,93.6,,,,,,,,,84.73154362416108
93,Pontificia Universidad Católica de Chile (UC),Chile,Americas,QS,93.0,103.0,61.5,93.7,98.0,23.7,8.8,26.0,3.7,82.5,99.9,79.3,,,,,,,,,84.56375838926175
94,Lomonosov Moscow State University,Russia,Europe,QS,94.0,87.0,61.4,78.0,82.3,99.7,4.1,19.7,91.5,88.1,95.8,3.5,,,,,,,,,84.39597315436241
95,Universidad Nacional Autónoma de México (UNAM),Mexico,Americas,QS,94.0,93.0,61.4,97.0,94.4,37.4,2.4,7.5,2.3,93.2,93.2,83.4,,,,,,,,,84.39597315436241
96,University of Alberta,Canada,Americas,QS,96.0,111.0,61.2,57.0,42.2,39.1,61.3,98.3,71.0,96.0,70.0,97.6,,,,,,,,,84.06040268456377
97,Freie Universitaet Berlin,Germany,Europe,QS,97.0,98.0,60.6,80.3,56.9,5.0,71.7,62.4,43.7,93.1,32.8,31.3,,,,,,,,,83.89261744966443
98,Pohang University of Science And Technology (POSTECH),South Korea,Asia,QS,98.0,100.0,60.3,45.9,80.0,99.9,96.9,27.6,2.7,26.6,11.0,36.6,,,,,,,,,83.7248322147651
99,RWTH Aachen University,Germany,Europe,QS,99.0,106.0,59.9,46.6,93.7,6.3,71.9,48.6,85.5,86.1,33.4,84.8,,,,,,,,,83.55704697986577
100,University of Copenhagen,Denmark,Europe,QS,100.0,107.0,59.6,74.0,31.6,99.8,23.1,84.9,15.6,98.2,90.8,73.2,,,,,,,,,83.38926174496645
101,King Fahd University of Petroleum & Minerals,Saudi Arabia,Asia,QS,101.0,180.0,59.5,38.0,46.5,86.0,78.0,100.0,47.6,73.9,97.8,20.1,,,,,,,,,83.22147651006712
102,"KIT, Karlsruhe Institute of Technology",Germany,Europe,QS,102.0,119.0,59.4,44.9,80.9,39.4,68.4,70.5,42.9,86.4,50.8,75.3,,,,,,,,,83.05369127516778
103,Uppsala University,Sweden,Europe,QS,103.0,105.0,59.3,61.4,33.7,52.0,42.3,99.4,81.1,96.7,68.4,99.2,,,,,,,,,82.88590604026845
104,University of St Andrews,United Kingdom,Europe,QS,104.0,95.0,59.2,46.5,63.2,64.7,49.2,98.4,100.0,83.8,18.5,91.1,,,,,,,,,82.71812080536914
105,The University of Sheffield,United Kingdom,Europe,QS,105.0,104.0,59.1,58.3,48.7,52.5,43.9,83.3,96.8,95.8,33.8,97.7,,,,,,,,,82.5503355704698
106,Utrecht University,Netherlands,Europe,QS,105.0,107.0,59.1,66.5,38.8,31.0,79.5,55.7,19.4,97.3,54.7,61.9,,,,,,,,,82.5503355704698
107,Tohoku University,Japan,Asia,QS,107.0,113.0,58.8,73.8,82.8,97.8,23.9,14.1,11.4,68.3,22.6,78.6,,,,,,,,,82.21476510067114
108,University of Nottingham,United Kingdom,Europe,QS,108.0,100.0,58.5,61.1,65.8,32.8,37.6,89.4,70.5,98.0,38.0,97.0,,,,,,,,,82.0469798657718
109,Technical University of Denmark,Denmark,Europe,QS,109.0,121.0,58.3,33.2,22.1,99.1,84.4,100.0,87.7,88.1,43.6,47.9,,,,,,,,,81.87919463087249
110,University of Zurich,Switzerland,Europe,QS,109.0,91.0,58.3,59.9,26.4,92.2,40.1,100.0,42.8,94.3,88.6,58.7,,,,,,,,,81.87919463087249
111,Politecnico di Milano,Italy,Europe,QS,111.0,123.0,58.2,70.8,77.0,5.8,40.2,67.4,56.8,88.1,52.9,72.6,,,,,,,,,81.54362416107382
112,Boston University,United States,Americas,QS,108.0,93.0,58.6,61.9,69.1,38.3,41.3,34.3,88.9,86.9,77.2,65.9,,,,,,,,,82.0469798657718
113,Aalto University,Finland,Europe,QS,113.0,109.0,57.9,45.7,40.6,33.2,73.6,95.2,40.1,78.2,95.1,94.7,,,,,,,,,81.20805369127517
114,Georgia Institute of Technology,United States,Americas,QS,114.0,97.0,57.3,67.1,82.6,20.3,52.8,21.3,66.4,75.5,43.1,39.5,,,,,,,,,81.04026845637584
115,University of Waterloo,Canada,Americas,QS,115.0,112.0,57.2,40.4,64.2,6.5,78.9,75.8,71.3,84.6,58.9,93.3,,,,,,,,,80.87248322147651
116,University of Wisconsin-Madison,United States,Americas,QS,116.0,102.0,57.1,77.7,47.8,74.3,23.7,35.3,23.6,91.6,81.6,59.6,,,,,,,,,80.70469798657717
117,University of Helsinki,Finland,Europe,QS,117.0,115.0,56.8,62.3,29.1,59.4,49.6,73.4,5.7,96.9,90.5,94.5,,,,,,,,,80.53691275167785
118,Indian Institute of Technology Bombay (IITB),India,Asia,QS,118.0,149.0,56.3,58.5,86.0,14.4,79.1,4.3,1.3,52.3,64.5,52.5,,,,,,,,,80.36912751677853
119,University of Oslo,Norway,Europe,QS,119.0,117.0,56.1,55.6,16.0,73.8,55.7,91.6,31.7,97.3,80.9,72.1,,,,,,,,,80.20134228187919
120,Queen Mary University of London,United Kingdom,Europe,QS,120.0,145.0,55.8,48.3,36.9,30.4,62.8,99.5,99.2,92.5,21.4,95.6,,,,,,,,,80.03355704697987
121,Western University,Canada,Americas,QS,120.0,114.0,55.8,32.6,38.9,3.3,93.4,99.8,49.5,81.5,96.7,99.3,,,,,,,,,80.03355704697987
122,Qatar University,Qatar,Asia,QS,122.0,173.0,55.7,29.8,50.6,68.1,48.2,100.0,96.5,89.4,98.6,74.0,,,,,,,,,79.69798657718121
123,RMIT University,Australia,Oceania,QS,123.0,140.0,55.5,40.4,48.0,5.2,77.7,100.0,91.4,83.2,38.4,93.9,,,,,,,,,79.53020134228188
124,Sungkyunkwan University(SKKU),South Korea,Asia,QS,123.0,145.0,55.5,57.9,70.7,80.5,41.3,17.5,41.7,54.2,36.5,79.1,,,,,,,,,79.53020134228188
125,University of Southern California,United States,Americas,QS,125.0,116.0,55.2,50.4,54.5,17.3,58.0,26.0,74.1,85.8,92.6,97.7,,,,,,,,,79.19463087248322
126,Humboldt-Universität zu Berlin,Germany,Europe,QS,126.0,120.0,55.0,89.2,69.9,7.4,27.0,69.1,35.1,93.1,19.0,19.9,,,,,,,,,79.0268456375839
127,University College Dublin,Ireland,Europe,QS,126.0,171.0,55.0,51.4,43.5,16.6,46.4,99.1,74.8,87.2,89.8,95.6,,,,,,,,,79.0268456375839
128,Stockholm University,Sweden,Europe,QS,128.0,118.0,54.8,52.5,21.0,26.7,64.5,80.7,89.8,95.7,86.6,58.7,,,,,,,,,78.69127516778524
129,Newcastle University,United Kingdom,Europe,QS,129.0,110.0,54.5,50.0,59.3,39.2,38.7,89.5,68.6,97.1,31.3,97.1,,,,,,,,,78.52348993288591
130,"University of California, Davis",United States,Americas,QS,130.0,118.0,54.4,63.0,48.0,23.5,52.5,72.7,51.3,90.6,22.8,76.1,,,,,,,,,78.35570469798657
131,University of Basel,Switzerland,Europe,QS,131.0,124.0,54.3,26.6,13.5,61.4,94.5,100.0,85.8,89.4,69.9,44.6,,,,,,,,,78.18791946308725
132,Sapienza University of Rome,Italy,Europe,QS,132.0,134.0,54.2,80.7,48.5,5.0,45.3,3.1,8.0,97.1,88.0,72.3,,,,,,,,,78.02013422818791
133,Alma Mater Studiorum - University of Bologna,Italy,Europe,QS,133.0,154.0,54.1,80.8,47.8,3.7,46.6,14.5,12.3,96.0,53.8,88.4,,,,,,,,,77.85234899328859
134,Macquarie University,Australia,Oceania,QS,133.0,130.0,54.1,33.4,39.2,9.1,79.6,99.9,91.6,90.9,54.1,95.0,,,,,,,,,77.85234899328859
135,University of Science and Technology of China,China (Mainland),Asia,QS,133.0,137.0,54.1,50.0,23.7,94.7,97.7,11.6,5.1,75.7,31.9,11.9,,,,,,,,,77.85234899328859
136,Eindhoven University of Technology,Netherlands,Europe,QS,136.0,124.0,54.0,28.7,72.1,35.7,79.3,100.0,82.7,70.8,24.2,29.8,,,,,,,,,77.3489932885906
137,University of Vienna,Austria,Europe,QS,137.0,130.0,53.9,70.9,40.4,23.2,13.0,100.0,92.0,96.0,89.7,60.9,,,,,,,,,77.18120805369128
138,Universiti Kebangsaan Malaysia (UKM),Malaysia,Asia,QS,138.0,159.0,53.8,61.7,66.4,80.4,14.1,45.7,78.8,83.7,22.5,64.4,,,,,,,,,77.01342281879194
139,Chalmers University of Technology,Sweden,Europe,QS,139.0,129.0,53.7,26.3,50.4,50.5,77.4,100.0,63.1,77.0,31.7,87.0,,,,,,,,,76.84563758389261
140,Universidad de Chile,Chile,Americas,QS,139.0,159.0,53.7,82.8,90.0,8.0,11.2,8.5,4.5,77.1,96.1,64.1,,,,,,,,,76.84563758389261
141,Lancaster University,United Kingdom,Europe,QS,141.0,122.0,53.6,38.9,36.7,27.7,69.6,93.3,92.3,89.7,28.8,96.2,,,,,,,,,76.51006711409396
142,Leiden University,Netherlands,Europe,QS,141.0,126.0,53.6,68.4,32.9,21.3,54.5,85.0,51.7,95.2,48.8,25.5,,,,,,,,,76.51006711409396
143,Rice University,United States,Americas,QS,141.0,145.0,53.6,39.1,27.3,62.5,87.9,77.5,94.1,62.2,29.5,20.6,,,,,,,,,76.51006711409396
144,Aarhus University,Denmark,Europe,QS,144.0,143.0,53.3,54.7,27.6,30.8,63.8,89.8,11.9,96.1,69.5,76.4,,,,,,,,,76.00671140939598
145,Nanjing University,China (Mainland),Asia,QS,145.0,141.0,53.0,57.1,32.5,35.6,93.0,61.9,7.6,67.1,29.0,16.5,,,,,,,,,75.83892617449665
146,Universiti Sains Malaysia (USM),Malaysia,Asia,QS,146.0,137.0,52.7,63.3,69.7,46.4,19.6,24.3,96.4,87.8,20.1,71.2,,,,,,,,,75.67114093959731
147,Technische Universität Berlin (TU Berlin),Germany,Europe,QS,147.0,154.0,52.5,55.3,74.3,58.0,22.1,63.2,74.8,86.1,37.7,35.4,,,,,,,,,75.50335570469798
148,Universiti Putra Malaysia (UPM),Malaysia,Asia,QS,148.0,158.0,52.3,61.0,61.9,58.8,25.7,36.1,92.0,80.5,17.5,53.5,,,,,,,,,75.33557046979867
149,King Abdulaziz University (KAU),Saudi Arabia,Asia,QS,149.0,143.0,52.2,59.8,61.4,41.6,34.4,89.3,9.5,93.1,35.9,58.4,,,,,,,,,75.16778523489933
150,Indian Institute of Technology Delhi (IITD),India,Asia,QS,150.0,197.0,52.1,54.1,80.9,17.3,77.4,3.1,1.5,63.3,35.1,32.7,,,,,,,,,75.0
151,University of Bath,United Kingdom,Europe,QS,150.0,148.0,52.1,35.8,67.9,18.3,52.0,94.3,80.0,84.2,35.2,90.4,,,,,,,,,75.0
152,Michigan State University,United States,Americas,QS,152.0,136.0,51.9,59.5,48.6,11.4,50.3,54.5,12.4,97.5,57.1,96.3,,,,,,,,,74.66442953020133
153,Nagoya University,Japan,Asia,QS,152.0,176.0,51.9,63.2,65.8,84.7,25.4,14.5,19.6,64.8,21.5,75.0,,,,,,,,,74.66442953020133
154,Texas A&M University,United States,Americas,QS,154.0,134.0,51.8,61.2,66.0,4.4,64.3,21.9,12.1,92.6,44.4,39.5,,,,,,,,,74.32885906040269
155,University of Geneva,Switzerland,Europe,QS,155.0,128.0,51.6,45.5,17.2,40.4,62.4,100.0,97.6,94.2,49.5,42.3,,,,,,,,,74.16107382550335
156,"University of North Carolina, Chapel Hill",United States,Americas,QS,155.0,132.0,51.6,61.4,36.5,72.9,47.2,23.5,11.1,91.6,55.2,44.6,,,,,,,,,74.16107382550335
157,Wageningen University & Research,Netherlands,Europe,QS,155.0,151.0,51.6,42.1,23.8,98.6,41.3,59.4,81.2,97.9,21.1,92.3,,,,,,,,,74.16107382550335
158,Erasmus University Rotterdam,Netherlands,Europe,QS,158.0,176.0,51.5,37.0,58.2,18.1,63.3,76.0,70.0,85.4,89.3,28.7,,,,,,,,,73.65771812080537
159,Université de Montréal,Canada,Americas,QS,159.0,141.0,51.3,55.5,32.8,76.0,19.3,87.6,54.1,84.9,54.2,91.4,,,,,,,,,73.48993288590604
160,University of Groningen,Netherlands,Europe,QS,159.0,139.0,51.3,52.3,34.4,49.3,41.2,93.2,83.5,94.1,40.0,40.1,,,,,,,,,73.48993288590604
161,University of Bern,Switzerland,Europe,QS,161.0,126.0,51.2,29.7,16.1,45.9,99.3,100.0,38.0,93.8,30.7,52.1,,,,,,,,,73.15436241610739
162,Hanyang University,South Korea,Asia,QS,162.0,164.0,51.1,43.0,78.0,77.1,28.5,17.4,57.6,63.0,43.3,85.8,,,,,,,,,72.98657718120806
163,Al-Farabi Kazakh National University,Kazakhstan,Asia,QS,163.0,230.0,51.0,54.2,79.6,99.3,1.4,49.0,54.2,64.7,59.6,29.8,,,,,,,,,72.81879194630872
164,Complutense University of Madrid,Spain,Europe,QS,164.0,171.0,50.9,68.1,68.1,28.7,7.9,10.5,34.3,91.8,96.3,88.9,,,,,,,,,72.6510067114094
165,Universitat de Barcelona,Spain,Europe,QS,165.0,164.0,50.7,73.7,30.3,12.4,38.1,23.1,26.3,96.8,71.5,92.2,,,,,,,,,72.48322147651007
166,University of Liverpool,United Kingdom,Europe,QS,165.0,176.0,50.7,46.1,39.4,37.8,36.6,88.3,85.4,97.2,36.3,95.6,,,,,,,,,72.48322147651007
167,Kyushu University,Japan,Asia,QS,167.0,164.0,50.3,58.3,66.5,78.4,27.9,18.7,14.1,69.9,15.1,77.6,,,,,,,,,72.14765100671141
168,University of Wollongong,Australia,Oceania,QS,167.0,162.0,50.3,29.5,24.5,17.0,94.6,91.8,56.3,89.0,18.3,93.9,,,,,,,,,72.14765100671141
169,Ghent University,Belgium,Europe,QS,169.0,159.0,50.1,53.2,24.8,78.5,21.5,79.7,21.4,99.5,72.9,98.3,,,,,,,,,71.81208053691275
170,The University of Exeter,United Kingdom,Europe,QS,169.0,153.0,50.1,42.9,45.0,30.2,42.5,91.0,72.2,95.1,30.1,97.1,,,,,,,,,71.81208053691275
171,University of Cape Town,South Africa,Africa,QS,171.0,173.0,50.0,45.2,51.8,13.8,46.8,56.5,19.2,97.3,95.8,95.6,,,,,,,,,71.47651006711409
172,University of Reading,United Kingdom,Europe,QS,172.0,169.0,49.9,32.2,41.7,13.1,65.7,86.2,78.6,91.7,47.8,94.0,,,,,,,,,71.30872483221476
173,Hokkaido University,Japan,Asia,QS,173.0,196.0,49.8,59.0,63.3,76.2,26.0,18.7,12.1,77.7,15.5,78.1,,,,,,,,,71.14093959731544
174,Curtin University,Australia,Oceania,QS,174.0,183.0,49.3,33.1,27.7,15.7,84.7,100.0,24.3,94.2,31.0,90.7,,,,,,,,,70.9731543624161
175,Universitat Autònoma de Barcelona,Spain,Europe,QS,175.0,149.0,49.2,64.0,35.8,11.5,59.5,18.5,16.5,93.1,24.0,86.7,,,,,,,,,70.80536912751678
176,McMaster University,Canada,Americas,QS,176.0,189.0,49.0,39.5,34.2,63.8,35.6,96.2,56.7,82.6,49.9,91.9,,,,,,,,,70.63758389261746
177,Washington University in St. Louis,United States,Americas,QS,171.0,154.0,49.9,36.3,12.0,99.7,47.7,85.4,72.4,83.6,31.9,86.7,,,,,,,,,71.47651006711409
178,"University of California, Santa Barbara (UCSB)",United States,Americas,QS,178.0,163.0,48.9,52.6,21.3,7.7,97.8,75.4,17.2,71.2,7.9,28.4,,,,,,,,,70.30201342281879
179,"The University of Newcastle, Australia (UON)",Australia,Oceania,QS,179.0,173.0,48.7,28.3,24.5,28.7,91.7,99.9,24.2,82.0,14.8,92.4,,,,,,,,,70.13422818791946
180,Universidad de los Andes,Colombia,Americas,QS,179.0,198.0,48.7,67.7,88.4,14.2,5.9,22.8,1.9,55.2,98.2,80.0,,,,,,,,,70.13422818791946
181,Universiti Teknologi Malaysia,Malaysia,Asia,QS,181.0,188.0,48.5,48.6,59.6,46.0,40.5,14.1,86.9,82.9,18.0,52.1,,,,,,,,,69.79865771812081
182,Waseda University,Japan,Asia,QS,181.0,199.0,48.5,60.7,96.1,23.5,3.8,27.9,28.0,66.4,83.7,56.1,,,,,,,,,69.79865771812081
183,Hamad Bin Khalifa University,Qatar,Asia,QS,183.0,310.0,48.3,12.9,4.7,99.9,100.0,100.0,100.0,74.3,6.0,2.6,,,,,,,,,69.46308724832215
184,University of York,United Kingdom,Europe,QS,184.0,167.0,48.2,42.9,30.1,43.0,40.1,87.8,75.6,92.5,23.5,97.4,,,,,,,,,69.29530201342283
185,Tecnológico de Monterrey,Mexico,Americas,QS,185.0,184.0,48.1,53.8,91.4,62.5,2.4,20.8,10.6,56.6,96.1,54.4,,,,,,,,,69.12751677852349
186,Cardiff University,United Kingdom,Europe,QS,186.0,154.0,47.6,46.8,43.2,36.1,30.0,82.8,67.7,92.3,18.9,96.0,,,,,,,,,68.95973154362416
187,École Normale Supérieure de Lyon,France,Europe,QS,187.0,184.0,47.5,29.8,16.3,97.0,93.5,59.0,11.7,70.3,14.0,6.6,,,,,,,,,68.79194630872483
188,Keio University,Japan,Asia,QS,188.0,214.0,47.4,53.0,91.6,57.2,5.1,9.4,10.2,57.5,91.4,59.0,,,,,,,,,68.6241610738255
189,University of Ottawa,Canada,Americas,QS,189.0,203.0,47.3,26.2,23.3,3.5,81.3,91.7,77.8,93.0,39.8,92.9,,,,,,,,,68.45637583892618
190,Technische Universität Wien,Austria,Europe,QS,190.0,184.0,47.2,33.9,50.4,12.5,73.8,85.5,90.4,71.6,19.1,11.3,,,,,,,,,68.28859060402685
191,Universität Hamburg,Germany,Europe,QS,191.0,205.0,47.1,50.7,35.7,16.5,54.7,40.2,20.4,93.4,42.8,90.6,,,,,,,,,68.12080536912751
192,Tongji University,China (Mainland),Asia,QS,192.0,216.0,46.9,31.8,16.9,29.1,96.9,54.5,26.5,72.9,24.0,81.4,,,,,,,,,67.9530201342282
193,Queen's University at Kingston,Canada,Americas,QS,193.0,209.0,46.8,40.8,56.7,5.4,42.6,69.2,26.6,71.2,87.1,93.8,,,,,,,,,67.78523489932886
194,University of Gothenburg,Sweden,Europe,QS,194.0,187.0,46.7,35.4,18.3,60.9,33.6,90.0,78.2,94.2,63.1,92.8,,,,,,,,,67.61744966442953
195,Wuhan University,China (Mainland),Asia,QS,194.0,194.0,46.7,39.2,40.5,14.0,91.9,39.2,4.9,78.2,46.5,22.2,,,,,,,,,67.61744966442953
196,Emory University,United States,Americas,QS,196.0,166.0,46.6,25.2,19.0,93.8,78.4,52.2,33.9,85.6,22.8,37.0,,,,,,,,,67.28187919463086
197,Deakin University,Australia,Oceania,QS,197.0,233.0,46.4,31.3,23.9,4.6,73.6,96.4,63.8,82.7,36.8,93.7,,,,,,,,,67.11409395973155
198,Universidad Autónoma de Madrid,Spain,Europe,QS,198.0,199.0,46.3,61.0,64.3,29.1,21.0,7.7,10.4,92.0,43.1,79.6,,,,,,,,,66.94630872483222
199,University of Calgary,Canada,Americas,QS,198.0,182.0,46.3,37.9,44.5,18.1,40.3,77.7,66.2,85.2,53.3,93.3,,,,,,,,,66.94630872483222
200,Arizona State University,United States,Americas,QS,200.0,179.0,46.2,48.6,44.1,7.4,47.1,52.1,37.2,95.7,23.6,96.3,,,,,,,,,66.61073825503355
201,King Saud University,Saudi Arabia,Asia,QS,200.0,203.0,46.2,39.4,28.7,54.3,40.0,99.4,15.0,95.1,99.0,33.0,,,,,,,,,66.61073825503355
202,American University of Sharjah,United Arab Emirates,Asia,QS,332.0,364.0,33.6,20.9,38.6,19.1,23.9,100.0,100.0,48.1,48.0,16.5,,,,,,,,,44.46308724832215
203,Université catholique de Louvain (UCLouvain),Belgium,Europe,QS,203.0,180.0,46.0,48.4,25.9,4.6,55.0,91.0,47.6,89.9,76.4,27.1,,,,,,,,,66.10738255033557
204,University of Minnesota Twin Cities,United States,Americas,QS,203.0,195.0,46.0,56.8,33.1,32.4,41.9,7.7,8.7,91.7,52.5,96.5,,,,,,,,,66.10738255033557
205,Ecole des Ponts ParisTech,France,Europe,QS,205.0,192.0,45.8,8.9,58.5,99.0,62.6,43.5,96.5,37.3,59.5,10.8,,,,,,,,,65.77181208053692
206,Queen's University Belfast,United Kingdom,Europe,QS,206.0,202.0,45.7,35.4,33.6,28.6,40.6,100.0,98.2,92.8,9.9,88.9,,,,,,,,,65.60402684563759
207,Universitas Indonesia,Indonesia,Asia,QS,206.0,237.0,45.7,53.8,79.2,55.7,2.1,88.3,7.1,37.2,77.3,32.7,,,,,,,,,65.60402684563759
208,The Ohio State University,United States,Americas,QS,208.0,151.0,45.6,58.6,50.4,39.5,31.2,13.4,10.6,94.6,45.3,50.8,,,,,,,,,65.26845637583892
209,Tel Aviv University,Israel,Asia,QS,209.0,215.0,45.2,32.0,18.6,4.2,99.4,39.7,7.0,77.9,88.4,46.2,,,,,,,,,65.1006711409396
210,National Tsing Hua University,Taiwan,Asia,QS,210.0,233.0,45.1,54.8,71.2,28.0,49.6,9.5,11.1,45.0,16.3,32.1,,,,,,,,,64.93288590604027
211,Indian Institute of Science,India,Asia,QS,211.0,225.0,45.0,45.7,26.3,37.9,99.9,3.7,1.5,39.1,13.1,23.7,,,,,,,,,64.76510067114094
212,Albert-Ludwigs-Universitaet Freiburg,Germany,Europe,QS,212.0,192.0,44.8,43.1,24.5,24.6,52.2,67.6,33.7,92.3,32.5,90.0,,,,,,,,,64.59731543624162
213,Queensland University of Technology (QUT),Australia,Oceania,QS,213.0,189.0,44.7,39.8,33.1,8.1,59.9,97.9,20.7,83.4,19.0,89.4,,,,,,,,,64.42953020134227
214,University of Otago,New Zealand,Oceania,QS,214.0,206.0,44.4,45.0,24.6,12.8,38.8,100.0,37.6,79.5,59.1,96.0,,,,,,,,,64.26174496644296
215,National Cheng Kung University (NCKU),Taiwan,Asia,QS,215.0,228.0,44.2,51.5,74.0,33.4,20.3,16.3,13.9,58.7,42.4,83.8,,,,,,,,,64.09395973154362
216,University of Florida,United States,Americas,QS,215.0,168.0,44.2,46.7,42.3,62.9,32.1,17.8,10.3,98.3,44.5,60.6,,,,,,,,,64.09395973154362
217,La Trobe University,Australia,Oceania,QS,217.0,242.0,44.1,23.6,19.8,8.0,77.7,92.6,95.0,78.6,19.6,78.4,,,,,,,,,63.758389261744966
218,"University of Maryland, College Park",United States,Americas,QS,218.0,169.0,44.0,48.6,29.4,32.5,55.0,20.9,16.2,92.3,41.2,54.4,,,,,,,,,63.59060402684564
219,National Yang Ming Chiao Tung University,Taiwan,Asia,QS,219.0,217.0,43.9,32.9,62.7,51.1,52.7,19.6,19.2,53.7,58.3,38.8,,,,,,,,,63.42281879194631
220,Universidad Nacional de Colombia,Colombia,Americas,QS,219.0,226.0,43.9,71.0,89.9,5.4,3.4,5.6,1.4,65.9,42.6,53.1,,,,,,,,,63.42281879194631
221,Vrije Universiteit Amsterdam,Netherlands,Europe,QS,221.0,207.0,43.8,39.4,17.8,21.3,63.7,67.3,47.4,89.0,45.1,50.8,,,,,,,,,63.08724832214765
222,Eberhard Karls Universität Tübingen,Germany,Europe,QS,222.0,213.0,43.7,46.0,30.7,87.1,20.5,76.1,26.2,93.8,30.9,33.0,,,,,,,,,62.91946308724832
223,Indian Institute of Technology Kharagpur (IIT-KGP),India,Asia,QS,222.0,271.0,43.7,34.0,51.1,9.0,90.2,1.1,1.1,69.3,33.0,44.3,,,,,,,,,62.91946308724832
224,Friedrich-Alexander-Universität Erlangen-Nürnberg,Germany,Europe,QS,224.0,229.0,43.6,25.8,27.7,3.2,94.9,27.2,48.8,87.1,19.6,74.5,,,,,,,,,62.58389261744966
225,Loughborough University,United Kingdom,Europe,QS,224.0,212.0,43.6,29.7,55.3,23.8,32.4,87.1,68.6,87.1,23.2,93.8,,,,,,,,,62.58389261744966
226,University of Lausanne,Switzerland,Europe,QS,224.0,220.0,43.6,28.4,18.8,36.8,61.0,100.0,54.2,79.8,51.8,51.2,,,,,,,,,62.58389261744966
227,Indian Institute of Technology Madras (IITM),India,Asia,QS,227.0,285.0,43.5,42.4,63.2,20.3,70.3,3.9,1.6,37.5,27.0,44.6,,,,,,,,,62.08053691275168
228,Rheinische Friedrich-Wilhelms-Universität Bonn,Germany,Europe,QS,227.0,239.0,43.5,52.8,24.1,62.7,17.2,44.3,38.9,94.7,35.4,83.2,,,,,,,,,62.08053691275168
229,Chulalongkorn University,Thailand,Asia,QS,229.0,211.0,43.4,68.2,35.9,31.7,7.5,18.7,3.0,79.6,93.6,73.2,,,,,,,,,61.74496644295302
230,Maastricht University,Netherlands,Europe,QS,230.0,256.0,43.0,23.0,27.8,13.2,62.8,99.4,100.0,80.5,38.2,52.5,,,,,,,,,61.57718120805369
231,Universite libre de Bruxelles,Belgium,Europe,QS,230.0,189.0,43.0,33.3,34.5,3.0,49.9,98.7,84.4,87.5,65.5,25.2,,,,,,,,,61.57718120805369
232,Universidade Estadual de Campinas (Unicamp),Brazil,Americas,QS,232.0,220.0,42.9,71.8,40.3,14.7,24.3,10.7,2.7,85.4,25.1,65.9,,,,,,,,,61.241610738255034
233,University of Twente,Netherlands,Europe,QS,233.0,210.0,42.7,20.7,32.0,43.3,61.3,100.0,90.4,87.6,20.0,13.8,,,,,,,,,61.07382550335571
234,Technische Universität Dresden,Germany,Europe,QS,234.0,246.0,42.6,36.3,42.5,80.3,28.5,35.8,27.6,93.8,8.8,75.8,,,,,,,,,60.90604026845637
235,University of Waikato,New Zealand,Oceania,QS,235.0,250.0,42.5,19.1,11.7,12.4,84.7,99.0,56.9,55.1,46.4,89.5,,,,,,,,,60.738255033557046
236,Università di Padova,Italy,Europe,QS,236.0,219.0,42.3,58.9,27.3,8.5,45.7,9.2,11.1,94.9,18.8,87.7,,,,,,,,,60.570469798657726
237,University of Aberdeen,United Kingdom,Europe,QS,236.0,208.0,42.3,30.5,28.8,32.7,32.0,94.5,92.6,88.5,22.2,96.5,,,,,,,,,60.570469798657726
238,University of Rochester,United States,Americas,QS,236.0,224.0,42.3,22.6,20.8,99.1,33.6,63.9,93.8,64.3,40.4,63.7,,,,,,,,,60.570469798657726
239,Gadjah Mada University,Indonesia,Asia,QS,239.0,263.0,41.8,54.4,73.5,57.6,1.7,40.3,4.1,38.1,69.0,26.8,,,,,,,,,60.06711409395973
240,Massey University,New Zealand,Oceania,QS,239.0,239.0,41.8,30.1,14.0,48.0,27.4,98.5,95.2,85.1,49.2,91.4,,,,,,,,,60.06711409395973
241,Politecnico di Torino,Italy,Europe,QS,241.0,252.0,41.7,40.2,52.1,3.1,51.6,4.9,41.0,81.4,30.6,77.9,,,,,,,,,59.73154362416108
242,Technical University of Darmstadt,Germany,Europe,QS,241.0,246.0,41.7,20.0,35.9,6.7,70.0,60.3,81.4,65.9,44.4,71.8,,,,,,,,,59.73154362416108
243,Dartmouth College,United States,Americas,QS,243.0,237.0,41.3,22.8,31.0,65.8,60.6,9.2,40.9,42.5,68.8,71.2,,,,,,,,,59.395973154362416
244,Victoria University of Wellington,New Zealand,Oceania,QS,244.0,241.0,41.2,42.8,21.4,10.1,32.1,100.0,31.0,70.7,71.6,91.4,,,,,,,,,59.22818791946308
245,University of Macau,Macau SAR,Asia,QS,245.0,254.0,41.1,11.9,10.5,9.8,99.1,100.0,99.9,57.0,50.3,7.7,,,,,,,,,59.06040268456376
246,Charles University,Czechia,Europe,QS,246.0,248.0,41.0,45.6,49.1,32.2,8.0,25.0,50.5,96.3,65.5,77.4,,,,,,,,,58.89261744966443
247,University of Sussex,United Kingdom,Europe,QS,246.0,218.0,41.0,22.6,10.4,15.5,56.8,99.6,84.9,84.7,39.9,97.7,,,,,,,,,58.89261744966443
248,Vanderbilt University,United States,Americas,QS,248.0,261.0,40.8,24.4,21.8,100.0,53.0,30.1,36.0,78.6,34.7,24.5,,,,,,,,,58.55704697986577
249,University of Navarra,Spain,Europe,QS,249.0,280.0,40.7,30.6,68.0,49.6,14.7,24.8,73.8,63.6,75.8,42.3,,,,,,,,,58.38926174496645
250,American University of Beirut (AUB),Lebanon,Asia,QS,250.0,226.0,40.6,28.6,29.5,48.5,28.9,63.2,37.0,73.1,97.0,80.5,,,,,,,,,58.22147651006711
251,Taylor's University,Malaysia,Asia,QS,251.0,284.0,40.5,27.0,81.0,71.5,10.1,64.8,99.6,41.4,4.2,22.2,,,,,,,,,58.053691275167786
252,Harbin Institute of Technology,China (Mainland),Asia,QS,252.0,256.0,40.3,27.1,21.1,33.7,99.8,8.0,5.0,68.6,28.3,14.6,,,,,,,,,57.88590604026845
253,Hong Kong Baptist University,Hong Kong SAR,Asia,QS,252.0,295.0,40.3,18.2,12.0,60.0,61.4,98.9,100.0,37.0,15.7,54.4,,,,,,,,,57.88590604026845
254,University of Göttingen,Germany,Europe,QS,252.0,232.0,40.3,46.4,27.1,76.4,16.2,49.7,22.4,95.1,40.3,32.1,,,,,,,,,57.88590604026845
255,Griffith University,Australia,Oceania,QS,255.0,243.0,40.1,27.0,13.7,8.4,62.5,99.8,38.5,92.1,17.9,96.4,,,,,,,,,57.38255033557047
256,Bandung Institute of Technology (ITB),Indonesia,Asia,QS,256.0,281.0,39.9,43.2,72.7,55.8,2.6,94.4,3.8,26.3,49.2,37.6,,,,,,,,,57.21476510067114
257,Heriot-Watt University,United Kingdom,Europe,QS,256.0,235.0,39.9,17.8,27.1,17.6,65.2,100.0,98.1,75.4,26.3,25.7,,,,,,,,,57.21476510067114
258,University of Warsaw,Poland,Europe,QS,258.0,262.0,39.8,50.0,53.6,46.4,5.5,10.5,8.4,84.1,60.0,69.8,,,,,,,,,56.87919463087249
259,Case Western Reserve University,United States,Americas,QS,259.0,255.0,39.7,17.2,15.4,82.3,61.6,35.7,71.7,55.6,29.3,53.1,,,,,,,,,56.711409395973156
260,University of Lisbon,Portugal,Europe,QS,260.0,266.0,39.6,44.0,20.7,10.7,36.5,9.0,39.4,98.2,94.0,70.9,,,,,,,,,56.54362416107382
261,Canadian University Dubai,United Arab Emirates,Asia,QS,523.0,551.0,23.5,20.1,19.9,33.5,2.7,100.0,100.0,14.0,17.4,1.6,,,,,,,,,12.416107382550337
262,University of Canterbury | Te Whare Wananga o Waitaha,New Zealand,Oceania,QS,261.0,256.0,39.4,34.7,27.3,10.4,31.4,100.0,27.7,63.0,82.3,91.1,,,,,,,,,56.375838926174495
263,Indian Institute of Technology Kanpur (IITK),India,Asia,QS,263.0,278.0,39.3,36.9,56.9,14.0,73.3,2.6,1.1,38.8,19.6,22.0,,,,,,,,,56.04026845637584
264,Norwegian University of Science And Technology,Norway,Europe,QS,264.0,292.0,39.1,33.2,25.2,22.3,30.4,75.1,9.3,94.4,89.4,85.8,,,,,,,,,55.87248322147651
265,UCSI University,Malaysia,Asia,QS,265.0,300.0,38.8,27.0,65.1,78.1,3.6,89.1,95.8,37.6,10.2,27.9,,,,,,,,,55.70469798657718
266,Universitat Pompeu Fabra (Barcelona),Spain,Europe,QS,265.0,310.0,38.8,31.7,29.4,12.1,67.1,75.6,24.5,74.0,16.4,27.9,,,,,,,,,55.70469798657718
267,University of Antwerp,Belgium,Europe,QS,267.0,248.0,38.7,24.1,11.3,37.5,48.1,94.4,32.0,94.6,44.8,74.8,,,,,,,,,55.369127516778526
268,University of Witwatersrand,South Africa,Africa,QS,267.0,264.0,38.7,26.5,42.1,8.9,30.5,75.1,5.8,96.8,98.9,84.8,,,,,,,,,55.369127516778526
269,Tianjin University,China (Mainland),Asia,QS,269.0,285.0,38.6,17.2,13.5,38.8,99.5,24.8,25.4,65.2,32.4,16.9,,,,,,,,,55.033557046979865
270,Universiti Teknologi PETRONAS (UTP),Malaysia,Asia,QS,269.0,307.0,38.6,19.5,28.1,38.5,79.0,83.9,20.1,63.9,4.1,18.4,,,,,,,,,55.033557046979865
271,Beijing Normal University,China (Mainland),Asia,QS,271.0,272.0,38.5,33.9,10.3,24.2,92.6,6.6,21.3,70.8,10.5,19.7,,,,,,,,,54.69798657718121
272,Radboud University,Netherlands,Europe,QS,272.0,222.0,38.4,28.0,14.1,27.0,66.0,81.3,18.6,93.9,19.6,39.8,,,,,,,,,54.530201342281885
273,University College Cork,Ireland,Europe,QS,273.0,292.0,38.3,30.1,35.1,22.1,28.5,89.0,52.1,69.1,34.0,91.0,,,,,,,,,54.36241610738255
274,University of Galway,Ireland,Europe,QS,273.0,289.0,38.3,26.2,30.3,63.2,13.2,95.2,43.2,81.3,46.6,85.9,,,,,,,,,54.36241610738255
275,Dalhousie University,Canada,Americas,QS,275.0,298.0,38.2,19.4,16.7,12.9,53.5,99.9,74.6,77.4,30.1,87.9,,,,,,,,,54.0268456375839
276,University of Massachusetts Amherst,United States,Americas,QS,275.0,245.0,38.2,38.2,17.2,10.0,48.8,61.0,25.3,79.8,30.6,83.4,,,,,,,,,54.0268456375839
277,University of Pittsburgh,United States,Americas,QS,275.0,222.0,38.2,35.0,12.7,96.3,31.3,9.5,13.5,91.7,42.6,53.5,,,,,,,,,54.0268456375839
278,University of Porto,Portugal,Europe,QS,278.0,253.0,38.1,41.3,17.9,10.8,59.6,6.6,19.8,95.1,39.1,53.1,,,,,,,,,53.5234899328859
279,Vrije Universiteit Brussel (VUB),Belgium,Europe,QS,278.0,259.0,38.1,23.3,13.7,76.1,18.2,93.6,58.2,93.1,51.8,72.1,,,,,,,,,53.5234899328859
280,Ulsan National Institute of Science and Technology (UNIST),South Korea,Asia,QS,280.0,266.0,38.0,13.6,13.5,87.9,98.1,29.3,9.6,24.8,3.3,16.1,,,,,,,,,53.187919463087255
281,The Hebrew University of Jerusalem,Israel,Asia,QS,281.0,251.0,37.9,32.8,18.2,79.3,19.4,53.2,23.8,77.8,94.6,34.2,,,,,,,,,53.02013422818792
282,University of Strathclyde,United Kingdom,Europe,QS,281.0,276.0,37.9,25.9,30.0,16.7,31.8,93.0,64.0,85.0,33.6,88.6,,,,,,,,,53.02013422818792
283,Université Paris 1 Panthéon-Sorbonne,France,Europe,QS,283.0,328.0,37.5,65.6,33.3,4.6,2.9,34.3,46.5,70.3,74.8,23.7,,,,,,,,,52.68456375838926
284,Southern University of Science and Technology,China (Mainland),Asia,QS,284.0,301.0,37.3,9.3,2.5,89.7,98.8,37.5,1.4,48.3,1.6,31.6,,,,,,,,,52.51677852348994
285,Middle East Technical University,Turkey,Asia,QS,285.0,336.0,37.2,31.2,70.2,9.0,22.3,12.0,18.3,74.7,77.5,69.5,,,,,,,,,52.348993288590606
286,Universidad Carlos III de Madrid (UC3M),Spain,Europe,QS,285.0,319.0,37.2,33.5,56.3,49.5,4.1,64.8,52.3,66.3,20.7,68.3,,,,,,,,,52.348993288590606
287,University of Cologne,Germany,Europe,QS,285.0,268.0,37.2,35.2,30.4,15.7,29.3,35.9,30.1,90.8,56.8,91.9,,,,,,,,,52.348993288590606
288,University of Leicester,United Kingdom,Europe,QS,285.0,272.0,37.2,19.8,13.7,30.8,43.4,80.0,95.3,88.8,22.7,75.0,,,,,,,,,52.348993288590606
289,University of Milan,Italy,Europe,QS,285.0,276.0,37.2,52.8,17.0,6.4,39.6,6.5,6.8,85.5,44.1,74.8,,,,,,,,,52.348993288590606
290,University of Surrey,United Kingdom,Europe,QS,285.0,244.0,37.2,19.7,17.9,22.8,55.2,97.1,87.1,86.4,20.4,28.4,,,,,,,,,52.348993288590606
291,Swinburne University of Technology,Australia,Oceania,QS,291.0,285.0,37.1,13.9,11.4,12.4,86.5,94.9,77.3,66.1,13.9,15.4,,,,,,,,,51.34228187919463
292,University of Bergen,Norway,Europe,QS,291.0,281.0,37.1,31.6,8.3,64.9,28.3,93.3,16.9,90.7,63.9,33.6,,,,,,,,,51.34228187919463
293,The University of Arizona,United States,Americas,QS,293.0,285.0,37.0,37.3,22.2,44.4,38.8,31.6,15.1,94.1,37.1,40.4,,,,,,,,,51.006711409395976
294,University of Tasmania,Australia,Oceania,QS,293.0,307.0,37.0,16.0,7.4,22.1,59.8,79.9,89.7,80.0,15.9,85.6,,,,,,,,,51.006711409395976
295,Xian Jiaotong University,China (Mainland),Asia,QS,295.0,291.0,36.9,19.0,39.4,14.0,89.5,3.9,3.8,80.5,26.4,18.2,,,,,,,,,50.671140939597315
296,Stellenbosch University,South Africa,Africa,QS,296.0,283.0,36.7,26.1,35.8,3.5,61.9,19.7,8.0,94.8,85.2,22.0,,,,,,,,,50.50335570469798
297,University of Virginia,United States,Americas,QS,297.0,260.0,36.6,37.3,27.3,55.8,29.1,6.1,11.3,81.6,77.9,35.4,,,,,,,,,50.33557046979866
298,Bauman Moscow State Technical University,Russia,Europe,QS,298.0,319.0,36.5,36.2,51.9,99.9,1.4,65.6,70.0,15.2,7.7,6.8,,,,,,,,,50.167785234899334
299,Swansea University,United Kingdom,Europe,QS,298.0,307.0,36.5,23.1,43.1,25.1,27.9,71.0,59.6,82.3,8.3,91.8,,,,,,,,,50.167785234899334
300,Huazhong University of Science and Technology,China (Mainland),Asia,QS,300.0,275.0,36.4,20.4,28.2,7.9,99.9,5.2,2.7,79.4,17.6,15.0,,,,,,,,,49.832214765100666
301,Georgetown University,United States,Americas,QS,301.0,297.0,36.3,29.3,41.9,63.0,14.0,28.0,37.3,62.5,90.9,37.0,,,,,,,,,49.664429530201346
302,Beijing Institute of Technology,China (Mainland),Asia,QS,302.0,340.0,35.9,23.2,24.3,43.4,82.0,5.7,6.7,68.6,14.3,10.1,,,,,,,,,49.49664429530201
303,Université Paris Cité,France,Europe,QS,302.0,236.0,35.9,27.8,6.2,9.2,87.0,12.0,35.2,99.2,15.2,18.4,,,,,,,,,49.49664429530201
304,Linköping University,Sweden,Europe,QS,304.0,268.0,35.8,18.5,26.6,37.9,45.4,81.9,32.6,84.6,42.4,41.0,,,,,,,,,49.16107382550335
305,Universidade Federal do Rio de Janeiro,Brazil,Americas,QS,304.0,371.0,35.8,61.9,23.3,13.7,7.8,7.6,1.5,79.7,81.4,59.6,,,,,,,,,49.16107382550335
306,Aalborg University,Denmark,Europe,QS,306.0,336.0,35.7,19.9,20.8,25.5,53.2,77.3,14.9,92.1,23.3,75.6,,,,,,,,,48.8255033557047
307,"University of California, Irvine",United States,Americas,QS,307.0,268.0,35.5,37.5,22.3,17.3,40.7,43.9,58.7,84.1,11.2,36.0,,,,,,,,,48.65771812080537
308,Airlangga University,Indonesia,Asia,QS,308.0,345.0,35.3,37.1,79.1,57.0,1.5,58.0,6.7,40.3,18.9,16.3,,,,,,,,,48.48993288590604
309,Goethe-University Frankfurt am Main,Germany,Europe,QS,309.0,302.0,35.2,43.2,33.2,24.4,15.9,37.4,24.1,90.4,20.2,75.0,,,,,,,,,48.322147651006716
310,Universität Innsbruck,Austria,Europe,QS,309.0,362.0,35.2,20.3,7.8,73.1,9.3,100.0,100.0,71.5,55.8,61.6,,,,,,,,,48.322147651006716
311,North Carolina State University,United States,Americas,QS,311.0,274.0,35.1,26.7,25.4,9.8,63.4,55.0,17.0,78.1,21.5,35.7,,,,,,,,,47.98657718120805
312,Jagiellonian University,Poland,Europe,QS,312.0,304.0,35.0,37.8,46.4,65.1,5.5,5.7,15.4,88.6,51.3,35.4,,,,,,,,,47.81879194630873
313,University of Johannesburg,South Africa,Africa,QS,312.0,306.0,35.0,17.7,17.9,40.3,24.9,96.5,51.4,98.0,63.1,65.6,,,,,,,,,47.81879194630873
314,Universität Stuttgart,Germany,Europe,QS,314.0,312.0,34.9,23.1,33.0,6.8,55.2,36.0,46.8,70.4,21.7,65.3,,,,,,,,,47.48322147651007
315,Quaid-i-Azam University,Pakistan,Asia,QS,315.0,315.0,34.8,17.3,42.4,3.2,93.6,7.0,1.9,65.0,21.0,3.4,,,,,,,,,47.31543624161073
316,RUDN University,Russia,Europe,QS,316.0,342.0,34.7,24.4,48.7,92.0,2.1,8.0,92.2,89.7,10.0,24.0,,,,,,,,,47.14765100671141
317,Shandong University,China (Mainland),Asia,QS,316.0,360.0,34.7,16.6,35.5,16.7,88.2,8.2,3.1,64.1,20.7,19.7,,,,,,,,,47.14765100671141
318,University of Notre Dame,United States,Americas,QS,316.0,304.0,34.7,25.8,25.2,60.8,29.2,22.3,18.4,70.1,60.2,68.9,,,,,,,,,47.14765100671141
319,Simon Fraser University,Canada,Americas,QS,319.0,318.0,34.6,24.0,11.4,6.2,36.6,97.0,83.9,76.8,22.8,89.8,,,,,,,,,46.644295302013425
320,University of Colorado Boulder,United States,Americas,QS,320.0,264.0,34.4,36.1,17.5,38.3,34.9,32.2,4.9,86.3,31.6,62.8,,,,,,,,,46.4765100671141
321,L.N. Gumilyov Eurasian National University (ENU),Kazakhstan,Asia,QS,321.0,355.0,34.2,34.4,62.0,92.6,1.4,68.7,8.2,22.8,5.5,10.5,,,,,,,,,46.308724832214764
322,National Technical University of Athens,Greece,Europe,QS,321.0,347.0,34.2,21.3,44.9,4.6,76.0,1.3,4.6,72.7,39.6,5.0,,,,,,,,,46.308724832214764
323,Universidad Politécnica de Madrid (UPM),Spain,Europe,QS,321.0,349.0,34.2,31.3,56.5,16.7,11.4,3.2,32.1,81.1,60.7,86.3,,,,,,,,,46.308724832214764
324,University of Miami,United States,Americas,QS,324.0,278.0,34.1,19.0,29.5,50.0,39.3,66.7,16.9,81.6,43.8,27.9,,,,,,,,,45.80536912751678
325,University of Southern Denmark (SDU),Denmark,Europe,QS,324.0,326.0,34.1,20.2,15.9,22.3,49.3,85.5,24.1,81.1,21.3,73.2,,,,,,,,,45.80536912751678
326,Daegu Gyeongbuk Institute of Science and Technology (DGIST),South Korea,Asia,QS,326.0,307.0,34.0,10.5,11.8,84.1,99.9,6.6,3.3,12.3,2.7,3.1,,,,,,,,,45.469798657718115
327,Istanbul Technical University,Turkey,Asia,QS,326.0,404.0,34.0,27.0,67.2,9.7,17.0,8.3,19.8,76.1,69.1,70.3,,,,,,,,,45.469798657718115
328,Kyung Hee University,South Korea,Asia,QS,328.0,332.0,33.8,23.2,37.1,82.1,15.1,14.3,53.4,54.5,13.8,80.5,,,,,,,,,45.13422818791946
329,Rutgers UniversityNew Brunswick,United States,Americas,QS,328.0,299.0,33.8,36.2,28.1,46.3,12.8,18.0,28.2,78.0,25.7,95.4,,,,,,,,,45.13422818791946
330,University of Delhi,India,Asia,QS,328.0,407.0,33.8,38.1,35.3,4.3,25.9,1.3,1.5,75.1,96.0,70.6,,,,,,,,,45.13422818791946
331,Sun Yat-sen University,China (Mainland),Asia,QS,331.0,323.0,33.7,31.8,28.8,46.4,49.5,2.2,3.6,77.4,21.4,15.9,,,,,,,,,44.63087248322148
332,Abu Dhabi University,United Arab Emirates,Asia,QS,501.0,580.0,24.1,15.9,24.6,14.9,16.7,100.0,99.8,27.3,8.3,1.5,,,,,,,,,16.10738255033557
333,University of East Anglia (UEA),United Kingdom,Europe,QS,332.0,295.0,33.6,17.2,7.2,15.2,58.7,66.8,32.2,87.9,19.2,91.4,,,,,,,,,44.46308724832215
334,Université Grenoble Alpes,France,Europe,QS,334.0,294.0,33.5,44.7,14.3,7.9,41.7,20.2,35.1,94.9,20.7,21.5,,,,,,,,,44.12751677852349
335,Indian Institute of Technology Roorkee (IITR),India,Asia,QS,335.0,369.0,33.4,19.4,29.0,6.8,93.8,1.3,2.0,44.3,6.4,37.9,,,,,,,,,43.95973154362416
336,Flinders University,Australia,Oceania,QS,336.0,380.0,33.3,13.5,5.6,7.2,51.8,97.2,88.8,80.8,7.4,87.4,,,,,,,,,43.79194630872483
337,Lappeenranta-Lahti University of Technology LUT,Finland,Europe,QS,336.0,351.0,33.3,6.4,9.4,9.5,97.6,56.8,28.5,55.6,7.9,55.8,,,,,,,,,43.79194630872483
338,Sichuan University,China (Mainland),Asia,QS,336.0,355.0,33.3,20.4,12.3,10.3,98.5,7.1,4.9,71.3,12.9,11.0,,,,,,,,,43.79194630872483
339,University of the Philippines,Philippines,Asia,QS,336.0,404.0,33.3,36.3,65.3,31.1,1.9,1.6,1.1,60.9,65.6,67.7,,,,,,,,,43.79194630872483
340,University of Saskatchewan,Canada,Americas,QS,340.0,345.0,33.2,11.1,5.3,18.2,57.0,77.3,49.5,82.3,32.1,90.7,,,,,,,,,43.12080536912752
341,University of South Australia,Australia,Oceania,QS,340.0,326.0,33.2,21.3,12.7,24.9,31.9,99.8,50.9,85.5,15.5,83.6,,,,,,,,,43.12080536912752
342,Brunel University London,United Kingdom,Europe,QS,342.0,343.0,33.0,11.1,13.3,7.1,46.5,99.1,99.8,77.9,19.9,71.2,,,,,,,,,42.78523489932886
343,Sharif University of Technology,"Iran, Islamic Republic of",Asia,QS,342.0,334.0,33.0,11.5,33.6,5.1,99.9,2.9,1.2,61.4,28.2,1.3,,,,,,,,,42.78523489932886
344,Indian Institute of Technology Guwahati (IITG),India,Asia,QS,344.0,364.0,32.9,18.8,32.0,6.4,97.6,2.3,1.2,51.2,4.9,2.2,,,,,,,,,42.4496644295302
345,Tufts University,United States,Americas,QS,344.0,379.0,32.9,16.9,7.7,53.5,45.7,23.5,38.1,60.2,56.1,81.0,,,,,,,,,42.4496644295302
346,University of Oulu,Finland,Europe,QS,344.0,313.0,32.9,15.1,13.5,25.3,59.4,65.3,8.6,89.4,21.7,68.6,,,,,,,,,42.4496644295302
347,Tilburg University,Netherlands,Europe,QS,347.0,371.0,32.8,14.7,32.5,10.5,55.1,98.4,60.6,56.8,14.3,15.2,,,,,,,,,41.946308724832214
348,University of Naples - Federico II,Italy,Europe,QS,347.0,335.0,32.8,36.6,19.7,4.2,65.1,2.2,1.1,92.5,7.3,20.1,,,,,,,,,41.946308724832214
349,University of Victoria (UVic),Canada,Americas,QS,349.0,322.0,32.6,17.0,7.7,3.9,62.5,94.7,40.9,54.2,11.3,82.9,,,,,,,,,41.61073825503356
350,Cairo University,Egypt,Africa,QS,350.0,371.0,32.5,45.8,41.0,8.8,3.0,2.9,7.2,86.4,95.5,47.2,,,,,,,,,41.442953020134226
351,Sciences Po,France,Europe,QS,350.0,319.0,32.5,16.8,34.8,81.1,2.8,52.7,97.2,31.4,97.7,7.2,,,,,,,,,41.442953020134226
352,"City, University of London",United Kingdom,Europe,QS,352.0,328.0,32.4,20.8,21.3,5.6,31.2,95.8,98.9,66.4,54.8,23.2,,,,,,,,,41.10738255033557
353,National University of Sciences And Technology (NUST) Islamabad,Pakistan,Asia,QS,353.0,367.0,32.3,20.4,71.6,68.8,14.5,4.3,4.0,73.6,2.8,44.9,,,,,,,,,40.939597315436245
354,University of Pretoria,South Africa,Africa,QS,354.0,323.0,32.2,23.9,48.8,4.0,15.5,33.3,8.2,98.1,80.1,79.6,,,,,,,,,40.77181208053691
355,Indiana University Bloomington,United States,Americas,QS,355.0,313.0,32.1,33.4,23.6,23.3,29.1,36.3,10.8,86.6,56.8,32.7,,,,,,,,,40.604026845637584
356,University of Coimbra,Portugal,Europe,QS,355.0,351.0,32.1,29.4,10.8,10.3,49.8,8.1,22.9,91.2,31.1,75.8,,,,,,,,,40.604026845637584
357,University of Luxembourg,Luxembourg,Europe,QS,355.0,381.0,32.1,9.2,4.5,80.8,25.2,100.0,100.0,70.1,52.8,3.1,,,,,,,,,40.604026845637584
358,University of Tartu,Estonia,Europe,QS,358.0,358.0,32.0,22.9,10.5,93.7,10.8,48.6,15.1,88.8,85.7,18.0,,,,,,,,,40.100671140939596
359,Gwangju Institute of Science and Technology (GIST),South Korea,Asia,QS,359.0,328.0,31.9,13.8,9.0,38.6,100.0,18.6,8.8,27.0,2.2,9.9,,,,,,,,,39.93288590604027
360,Pontificia Universidad Católica del Perú,Peru,Americas,QS,359.0,336.0,31.9,48.4,61.6,33.2,1.6,4.0,1.3,38.1,33.0,29.6,,,,,,,,,39.93288590604027
361,University of Aveiro,Portugal,Europe,QS,359.0,344.0,31.9,13.9,5.6,11.1,90.6,4.2,15.3,89.0,2.7,57.7,,,,,,,,,39.93288590604027
362,Sultan Qaboos University,Oman,Asia,QS,362.0,454.0,31.7,18.6,17.1,55.6,21.9,100.0,3.2,78.8,51.5,55.4,,,,,,,,,39.42953020134228
363,Xiamen University,China (Mainland),Asia,QS,362.0,392.0,31.7,23.6,16.2,19.0,72.2,5.1,3.1,62.6,46.0,15.4,,,,,,,,,39.42953020134228
364,York University,Canada,Americas,QS,362.0,353.0,31.7,22.7,18.6,3.9,22.6,53.1,78.7,65.5,76.3,86.5,,,,,,,,,39.42953020134228
365,Saint Petersburg State University,Russia,Europe,QS,365.0,315.0,31.6,36.3,30.5,59.4,4.6,4.9,38.9,83.9,71.7,3.2,,,,,,,,,38.92617449664429
366,University of Illinois at Chicago (UIC),United States,Americas,QS,365.0,323.0,31.6,38.5,28.3,31.1,23.3,8.0,19.3,83.8,30.5,34.8,,,,,,,,,38.92617449664429
367,Westfälische Wilhelms-Universität Münster,Germany,Europe,QS,367.0,384.0,31.5,31.6,22.8,64.5,10.0,30.5,4.5,82.0,35.8,66.8,,,,,,,,,38.59060402684564
368,Mahidol University,Thailand,Asia,QS,368.0,382.0,31.4,44.1,21.8,81.1,4.7,4.9,4.2,57.2,9.8,57.7,,,,,,,,,38.422818791946305
369,University of Jordan,Jordan,Asia,QS,368.0,498.0,31.4,32.9,46.7,19.5,3.5,21.2,43.5,67.0,82.1,39.5,,,,,,,,,38.422818791946305
370,University of Tehran,"Iran, Islamic Republic of",Asia,QS,368.0,360.0,31.4,20.6,26.8,3.0,79.1,2.0,2.0,86.2,23.1,4.7,,,,,,,,,38.422818791946305
371,George Washington University,United States,Americas,QS,371.0,340.0,31.3,25.2,28.8,27.3,27.5,24.6,34.4,79.5,74.5,27.3,,,,,,,,,37.919463087248324
372,Lincoln University,New Zealand,Oceania,QS,371.0,362.0,31.3,8.2,5.0,31.8,52.1,100.0,96.3,20.2,40.0,48.9,,,,,,,,,37.919463087248324
373,Universitat Politècnica de Catalunya · BarcelonaTech (UPC),Spain,Europe,QS,371.0,354.0,31.3,31.8,27.7,38.9,16.7,10.1,19.8,85.3,26.3,82.5,,,,,,,,,37.919463087248324
374,University of Turin,Italy,Europe,QS,371.0,364.0,31.3,41.5,7.2,3.2,33.3,4.1,5.3,87.5,51.7,83.6,,,,,,,,,37.919463087248324
375,University of Florence,Italy,Europe,QS,375.0,358.0,31.2,34.6,8.4,4.4,46.6,7.3,12.3,88.5,30.3,74.5,,,,,,,,,37.24832214765101
376,University of Turku,Finland,Europe,QS,375.0,315.0,31.2,27.8,12.1,52.3,29.3,33.2,4.4,86.3,39.9,52.5,,,,,,,,,37.24832214765101
377,Nankai University,China (Mainland),Asia,QS,377.0,384.0,31.1,18.5,9.8,25.4,82.9,12.3,2.7,51.1,37.9,11.5,,,,,,,,,36.91275167785235
378,Pontificia Universidad Javeriana,Colombia,Americas,QS,377.0,347.0,31.1,45.3,56.6,26.3,1.6,3.4,2.5,42.2,78.3,11.3,,,,,,,,,36.91275167785235
379,University of Tsukuba,Japan,Asia,QS,377.0,355.0,31.1,36.6,22.5,54.7,17.3,12.4,19.3,66.9,9.8,63.4,,,,,,,,,36.91275167785235
380,Technische Universität Bergakademie Freiberg,Germany,Europe,QS,380.0,,30.8,4.9,4.8,3.5,99.1,41.4,100.0,41.6,1.9,1.1,,,,,,,,,36.40939597315436
381,University of Kent,United Kingdom,Europe,QS,380.0,336.0,30.8,15.4,10.0,14.6,45.7,95.1,49.8,78.8,34.0,40.4,,,,,,,,,36.40939597315436
382,University of Pisa,Italy,Europe,QS,382.0,349.0,30.7,40.4,15.1,8.6,38.8,5.9,4.2,88.3,15.0,56.7,,,,,,,,,36.07382550335571
383,Anna University,India,Asia,QS,383.0,427.0,30.6,10.0,12.0,5.5,100.0,,1.3,89.2,5.9,24.7,,,,,,,,,35.90604026845637
384,Western Sydney University,Australia,Oceania,QS,384.0,375.0,30.5,19.9,14.2,4.8,31.0,100.0,45.5,87.4,8.9,89.2,,,,,,,,,35.738255033557046
385,South China University of Technology,China (Mainland),Asia,QS,385.0,392.0,30.4,12.1,6.6,20.0,97.8,10.7,4.6,51.3,27.3,7.3,,,,,,,,,35.57046979865772
386,Universiti Brunei Darussalam (UBD),Brunei,Asia,QS,385.0,387.0,30.4,20.2,8.8,92.9,9.9,100.0,46.5,35.4,56.5,12.7,,,,,,,,,35.57046979865772
387,Belarusian State University,Belarus,Europe,QS,387.0,387.0,30.3,28.4,40.7,93.0,1.3,3.8,59.3,36.4,38.2,1.0,,,,,,,,,35.23489932885906
388,Universidade Nova de Lisboa,Portugal,Europe,QS,388.0,400.0,30.2,28.7,21.8,15.9,23.9,25.3,57.0,86.3,48.7,38.2,,,,,,,,,35.06711409395973
389,Università Vita-Salute San Raffaele,Italy,Europe,QS,389.0,595.0,30.1,3.3,1.8,94.4,88.5,4.4,4.3,39.2,2.1,1.2,,,,,,,,,34.899328859060404
390,University of Cyprus (UCY),Cyprus,Asia,QS,389.0,368.0,30.1,10.0,4.7,4.5,75.0,93.8,20.0,73.4,42.1,5.8,,,,,,,,,34.899328859060404
391,Virginia Polytechnic Institute and State University,United States,Americas,QS,389.0,302.0,30.1,26.4,26.2,18.9,28.4,71.8,16.5,82.6,24.0,34.8,,,,,,,,,34.899328859060404
392,National Taiwan University of Science and Technology (Taiwan Tech),Taiwan,Asia,QS,392.0,387.0,30.0,27.6,37.9,43.5,29.4,19.7,25.5,29.8,19.9,38.8,,,,,,,,,34.395973154362416
393,National and Kapodistrian University of Athens,Greece,Europe,QS,393.0,444.0,29.9,26.7,33.2,2.1,31.0,9.9,15.9,86.6,85.8,29.3,,,,,,,,,34.22818791946309
394,"University of California, Santa Cruz",United States,Americas,QS,393.0,332.0,29.9,17.7,5.9,7.4,65.3,53.4,7.0,64.5,6.1,83.6,,,,,,,,,34.22818791946309
395,"University of Rome ""Tor Vergata""",Italy,Europe,QS,393.0,489.0,29.9,31.3,15.4,9.0,47.2,9.6,30.8,69.1,6.3,57.7,,,,,,,,,34.22818791946309
396,Northeastern University,United States,Americas,QS,396.0,375.0,29.7,19.2,11.8,15.4,24.6,51.6,96.4,67.3,44.0,72.3,,,,,,,,,33.7248322147651
397,Ruhr-Universität Bochum,Germany,Europe,QS,396.0,375.0,29.7,20.3,8.8,2.5,53.4,48.8,39.3,87.3,16.2,53.5,,,,,,,,,33.7248322147651
398,Sejong University,South Korea,Asia,QS,396.0,436.0,29.7,10.8,16.1,11.9,76.9,23.8,31.2,64.1,1.8,45.9,,,,,,,,,33.7248322147651
399,Université de Liège,Belgium,Europe,QS,396.0,421.0,29.7,17.0,11.8,9.6,38.0,50.3,53.0,94.6,23.6,81.2,,,,,,,,,33.7248322147651
400,University of Southern Queensland,Australia,Oceania,QS,396.0,410.0,29.7,8.8,5.7,4.8,73.1,84.1,23.0,81.0,8.6,43.0,,,,,,,,,33.7248322147651
401,Kazan (Volga region) Federal University,Russia,Europe,QS,401.0,396.0,29.6,23.6,11.4,95.6,2.4,10.2,95.7,88.3,15.4,22.2,,,,,,,,,32.88590604026846
402,Koç University,Turkey,Asia,QS,401.0,431.0,29.6,24.3,54.6,19.1,32.4,24.7,13.0,51.6,6.8,34.8,,,,,,,,,32.88590604026846
403,Amirkabir University of Technology,"Iran, Islamic Republic of",Asia,QS,403.0,375.0,29.5,5.2,20.5,4.6,100.0,24.6,2.8,70.2,5.8,1.6,,,,,,,,,32.5503355704698
404,University of Canberra,Australia,Oceania,QS,403.0,421.0,29.5,14.3,7.7,2.4,51.2,79.6,69.4,63.1,5.6,70.9,,,,,,,,,32.5503355704698
405,Institut National des Sciences Appliquées de Lyon (INSA),France,Europe,QS,405.0,392.0,29.3,7.4,28.7,33.7,60.6,29.2,58.3,59.5,14.4,2.4,,,,,,,,,32.21476510067114
406,Satbayev University,Kazakhstan,Asia,QS,405.0,481.0,29.3,27.8,43.4,88.1,1.2,66.7,16.9,15.0,23.6,3.8,,,,,,,,,32.21476510067114
407,USI - Università della Svizzera italiana,Switzerland,Europe,QS,405.0,328.0,29.3,6.1,4.6,73.5,40.7,100.0,100.0,39.3,2.1,1.1,,,,,,,,,32.21476510067114
408,"Birkbeck, University of London",United Kingdom,Europe,QS,408.0,374.0,29.1,10.0,3.6,15.6,57.1,97.7,99.5,55.5,8.8,7.7,,,,,,,,,31.711409395973156
409,Masaryk University,Czechia,Europe,QS,408.0,400.0,29.1,23.5,31.7,9.5,13.8,27.6,66.7,80.2,36.0,79.1,,,,,,,,,31.711409395973156
410,HSE University,Russia,Europe,QS,410.0,399.0,29.0,24.0,38.4,84.8,1.8,6.6,13.5,83.6,13.0,44.6,,,,,,,,,31.3758389261745
411,The American University in Cairo,Egypt,Africa,QS,410.0,415.0,29.0,32.1,31.1,35.5,5.2,97.0,3.8,29.4,75.6,14.6,,,,,,,,,31.3758389261745
412,Auckland University of Technology (AUT),New Zealand,Oceania,QS,412.0,407.0,28.9,19.3,11.2,10.6,21.7,100.0,99.8,52.6,12.4,72.6,,,,,,,,,31.04026845637584
413,Graz University of Technology,Austria,Europe,QS,413.0,421.0,28.8,14.7,15.7,98.9,11.1,81.8,59.7,59.9,11.9,2.8,,,,,,,,,30.87248322147651
414,Yeshiva University,United States,Americas,QS,413.0,369.0,28.8,3.1,2.8,65.3,91.6,31.4,13.5,6.6,3.0,15.8,,,,,,,,,30.87248322147651
415,Concordia University,Canada,Americas,QS,415.0,387.0,28.7,15.8,11.4,3.3,17.5,87.4,92.3,73.8,43.6,89.8,,,,,,,,,30.536912751677853
416,Oxford Brookes University,United Kingdom,Europe,QS,416.0,413.0,28.6,30.7,37.6,13.7,7.0,67.5,67.4,68.4,20.5,13.2,,,,,,,,,30.369127516778523
417,Technion - Israel Institute of Technology,Israel,Asia,QS,416.0,392.0,28.6,23.9,24.8,52.0,20.1,74.2,4.3,59.1,35.3,15.0,,,,,,,,,30.369127516778523
418,University of Dundee,United Kingdom,Europe,QS,418.0,441.0,28.5,18.4,13.7,30.8,14.0,91.1,89.4,75.2,7.4,55.4,,,,,,,,,30.033557046979865
419,Bogaziçi University,Turkey,Asia,QS,418.0,514.0,28.5,24.9,65.3,4.1,10.7,10.7,2.6,46.8,84.9,46.2,,,,,,,,,30.033557046979865
420,Czech Technical University in Prague,Czechia,Europe,QS,420.0,454.0,28.4,22.0,42.4,80.6,3.6,19.9,50.2,59.4,15.6,5.8,,,,,,,,,29.697986577181208
421,Dublin City University,Ireland,Europe,QS,421.0,436.0,28.3,20.1,26.0,25.8,10.7,75.0,22.6,75.4,35.3,82.5,,,,,,,,,29.53020134228188
422,University of Limerick,Ireland,Europe,QS,421.0,426.0,28.3,18.3,25.5,15.7,23.0,87.1,30.8,72.5,8.0,76.4,,,,,,,,,29.53020134228188
423,Aston University,United Kingdom,Europe,QS,423.0,446.0,28.1,12.5,18.5,9.0,34.4,94.2,53.8,79.2,19.6,46.9,,,,,,,,,29.194630872483224
424,Université Laval,Canada,Americas,QS,423.0,441.0,28.1,19.2,8.1,26.0,23.8,55.8,41.6,80.2,36.4,78.4,,,,,,,,,29.194630872483224
425,National Taipei University of Technology,Taiwan,Asia,QS,425.0,431.0,28.0,13.9,54.7,24.3,41.6,19.8,20.6,21.3,22.5,31.3,,,,,,,,,28.859060402684566
426,IPB University (a.k.a. Bogor Agricultural University),Indonesia,Asia,QS,426.0,489.0,27.9,23.5,46.9,71.4,1.8,53.2,3.6,19.1,33.9,35.1,,,,,,,,,28.691275167785236
427,Leibniz University Hannover,Germany,Europe,QS,426.0,481.0,27.9,21.2,32.0,17.9,17.4,46.3,26.9,78.5,14.5,82.1,,,,,,,,,28.691275167785236
428,Julius-Maximilians-Universität Würzburg,Germany,Europe,QS,428.0,440.0,27.8,15.8,7.0,5.5,74.4,45.0,9.5,78.5,8.7,8.8,,,,,,,,,28.355704697986578
429,Southeast University,China (Mainland),Asia,QS,428.0,454.0,27.8,13.5,6.6,20.8,82.0,14.4,3.4,69.2,5.0,11.6,,,,,,,,,28.355704697986578
430,University of Science and Technology Beijing,China (Mainland),Asia,QS,430.0,436.0,27.7,11.8,4.2,10.2,99.4,3.1,2.8,56.8,4.9,3.6,,,,,,,,,28.02013422818792
431,Central South University,China (Mainland),Asia,QS,431.0,452.0,27.6,8.6,4.1,5.5,99.7,6.4,4.0,67.5,14.1,3.9,,,,,,,,,27.85234899328859
432,Tomsk State University,Russia,Europe,QS,431.0,418.0,27.6,22.0,13.5,99.0,4.2,21.6,91.6,64.1,4.4,1.4,,,,,,,,,27.85234899328859
433,University of Granada,Spain,Europe,QS,431.0,403.0,27.6,44.4,14.1,5.7,26.2,3.1,14.8,96.3,4.9,26.3,,,,,,,,,27.85234899328859
434,Ajman University,United Arab Emirates,Asia,QS,477.0,551.0,25.1,17.3,42.2,9.6,3.2,100.0,100.0,48.4,9.8,1.4,,,,,,,,,20.13422818791946
435,IE University,Spain,Europe,QS,435.0,428.0,27.4,8.1,49.3,46.5,2.2,95.2,100.0,3.5,65.6,4.6,,,,,,,,,27.181208053691275
436,Iran University of Science and Technology,"Iran, Islamic Republic of",Asia,QS,436.0,451.0,27.2,7.8,14.0,2.7,98.7,12.0,1.5,53.4,5.3,1.6,,,,,,,,,27.01342281879195
437,Murdoch University,Australia,Oceania,QS,436.0,431.0,27.2,8.0,4.5,5.2,57.3,85.6,73.9,74.9,14.8,11.3,,,,,,,,,27.01342281879195
438,Universitat Politècnica de València,Spain,Europe,QS,436.0,476.0,27.2,26.5,16.3,36.1,19.7,5.5,25.0,84.9,11.7,76.1,,,,,,,,,27.01342281879195
439,Vilnius University,Lithuania,Europe,QS,439.0,473.0,27.1,19.1,23.5,74.7,3.3,12.4,13.6,75.5,83.7,27.1,,,,,,,,,26.51006711409396
440,Singapore University of Technology and Design,Singapore,Asia,QS,440.0,429.0,27.0,7.4,5.3,99.0,66.0,,,31.2,4.6,1.1,,,,,,,,,26.34228187919463
441,Università degli Studi di Pavia,Italy,Europe,QS,440.0,469.0,27.0,21.7,7.4,8.3,64.6,6.2,12.6,82.7,13.5,15.4,,,,,,,,,26.34228187919463
442,Colorado State University,United States,Americas,QS,442.0,409.0,26.8,18.3,20.4,60.9,17.1,18.5,3.7,78.4,22.2,70.9,,,,,,,,,26.006711409395972
443,Novosibirsk State University,Russia,Europe,QS,442.0,421.0,26.8,24.7,18.4,91.0,9.5,6.3,57.0,56.5,5.8,5.3,,,,,,,,,26.006711409395972
444,Università Cattolica del Sacro Cuore,Italy,Europe,QS,442.0,505.0,26.8,24.2,35.5,27.6,19.2,15.5,7.1,60.5,32.3,54.8,,,,,,,,,26.006711409395972
445,James Cook University,Australia,Oceania,QS,445.0,415.0,26.7,14.4,6.5,17.5,46.9,36.7,16.0,76.0,6.7,88.9,,,,,,,,,25.503355704697988
446,Justus-Liebig-University Giessen,Germany,Europe,QS,445.0,396.0,26.7,12.7,5.9,1.9,79.3,14.2,18.8,83.9,10.5,11.0,,,,,,,,,25.503355704697988
447,Universitat de Valencia,Spain,Europe,QS,445.0,485.0,26.7,35.6,11.0,12.0,19.9,2.1,24.3,89.3,8.4,79.3,,,,,,,,,25.503355704697988
448,Dalian University of Technology,China (Mainland),Asia,QS,448.0,491.0,26.6,9.6,3.8,18.1,88.1,11.5,2.9,55.9,14.4,8.0,,,,,,,,,25.0
449,Hunan University,China (Mainland),Asia,QS,448.0,494.0,26.6,7.9,10.3,15.2,90.6,4.6,1.8,46.5,23.1,2.7,,,,,,,,,25.0
450,Université de Montpellier,France,Europe,QS,448.0,382.0,26.6,18.6,3.4,8.5,57.2,22.8,29.9,99.5,13.1,17.3,,,,,,,,,25.0
451,University of Electronic Science and Technology of China,China (Mainland),Asia,QS,451.0,486.0,26.5,5.3,5.0,8.2,99.1,3.2,2.5,73.3,7.2,2.3,,,,,,,,,24.496644295302016
452,Beihang University (former BUAA),China (Mainland),Asia,QS,452.0,473.0,26.4,12.1,7.8,41.5,72.1,7.0,4.5,51.2,12.8,4.3,,,,,,,,,24.328859060402685
453,National Taiwan Normal University,Taiwan,Asia,QS,452.0,431.0,26.4,34.7,20.5,62.9,5.4,14.5,25.2,23.3,17.3,49.8,,,,,,,,,24.328859060402685
454,University of Kansas,United States,Americas,QS,452.0,410.0,26.4,14.4,12.6,86.7,9.2,60.3,7.2,84.6,28.2,32.4,,,,,,,,,24.328859060402685
455,University of Stirling,United Kingdom,Europe,QS,452.0,431.0,26.4,11.2,9.4,9.3,30.3,76.9,81.3,61.6,15.8,76.1,,,,,,,,,24.328859060402685
456,Moscow Institute of Physics and Technology (MIPT / Moscow Phystech),Russia,Europe,QS,456.0,415.0,26.3,16.6,23.6,94.6,12.0,31.1,45.5,41.7,17.6,1.0,,,,,,,,,23.657718120805367
457,Umea University,Sweden,Europe,QS,456.0,465.0,26.3,19.9,11.6,71.8,15.2,51.1,21.8,78.0,9.0,26.3,,,,,,,,,23.657718120805367
458,Université de Strasbourg,France,Europe,QS,456.0,421.0,26.3,39.1,10.3,5.1,20.7,34.2,35.9,90.7,20.4,5.4,,,,,,,,,23.657718120805367
459,University of Guelph,Canada,Americas,QS,456.0,486.0,26.3,12.8,12.8,5.0,50.1,46.4,14.3,65.2,11.2,82.9,,,,,,,,,23.657718120805367
460,"Stony Brook University, State University of New York",United States,Americas,QS,460.0,396.0,26.2,18.0,7.3,32.2,23.6,34.7,43.5,76.0,21.2,79.1,,,,,,,,,22.986577181208055
461,Universidad de Santiago de Chile (USACH),Chile,Americas,QS,461.0,410.0,26.1,43.4,55.0,7.2,4.2,6.3,2.2,51.1,12.7,11.2,,,,,,,,,22.818791946308725
462,Tampere University,Finland,Europe,QS,462.0,436.0,26.0,21.7,15.4,20.4,33.1,44.5,5.9,84.8,30.8,23.0,,,,,,,,,22.651006711409398
463,Universidad de Sevilla,Spain,Europe,QS,462.0,494.0,26.0,39.1,12.6,18.4,8.2,3.5,18.9,91.4,16.0,67.4,,,,,,,,,22.651006711409398
464,Macau University of Science and Technology,Macau SAR,Asia,QS,464.0,505.0,25.9,4.4,3.4,3.9,56.4,100.0,100.0,26.2,29.5,11.3,,,,,,,,,22.31543624161074
465,Kobe University,Japan,Asia,QS,465.0,476.0,25.8,28.4,33.2,43.9,11.4,7.0,5.6,55.0,15.0,49.8,,,,,,,,,22.14765100671141
466,Universität Konstanz,Germany,Europe,QS,466.0,478.0,25.7,18.3,10.5,37.8,18.3,85.9,14.5,66.1,13.1,63.1,,,,,,,,,21.97986577181208
467,Universitat Ramon Llull,Spain,Europe,QS,466.0,,25.7,11.0,52.0,8.7,8.1,93.6,43.1,32.6,71.7,20.1,,,,,,,,,21.97986577181208
468,University at Buffalo SUNY,United States,Americas,QS,466.0,491.0,25.7,18.0,10.7,8.8,33.6,20.1,36.9,68.6,33.3,82.5,,,,,,,,,21.97986577181208
469,Washington State University,United States,Americas,QS,466.0,419.0,25.7,23.3,20.0,15.5,33.5,47.1,5.0,77.3,8.6,29.6,,,,,,,,,21.97986577181208
470,Iowa State University,United States,Americas,QS,470.0,400.0,25.6,20.7,12.0,9.1,47.9,7.5,12.5,77.3,32.9,31.3,,,,,,,,,21.308724832214764
471,Ben-Gurion University of The Negev,Israel,Asia,QS,471.0,469.0,25.5,14.4,14.5,11.1,51.7,64.0,14.3,64.9,16.3,11.8,,,,,,,,,21.140939597315437
472,"Essex, University of",United Kingdom,Europe,QS,472.0,459.0,25.3,15.5,5.2,12.7,22.6,99.8,98.6,75.1,14.0,13.2,,,,,,,,,20.973154362416107
473,Johannes Kepler University Linz,Austria,Europe,QS,472.0,446.0,25.3,12.8,12.3,75.9,14.3,83.5,33.5,59.7,12.2,13.2,,,,,,,,,20.973154362416107
474,Bangor University,United Kingdom,Europe,QS,474.0,481.0,25.2,8.6,5.8,12.1,43.0,40.7,52.3,75.0,8.1,82.9,,,,,,,,,20.63758389261745
475,Hiroshima University,Japan,Asia,QS,474.0,472.0,25.2,24.1,12.3,75.9,8.9,13.2,12.9,70.1,6.9,50.8,,,,,,,,,20.63758389261745
476,Universität Potsdam,Germany,Europe,QS,474.0,460.0,25.2,15.8,3.4,18.6,36.5,51.8,21.2,92.9,1.3,67.1,,,,,,,,,20.63758389261745
477,University of Sharjah,United Arab Emirates,Asia,QS,434.0,465.0,27.5,18.1,17.3,6.0,22.0,100.0,100.0,84.8,11.2,11.8,,,,,,,,,27.348993288590606
478,Bilkent University,Turkey,Asia,QS,477.0,502.0,25.1,24.0,52.1,13.3,15.2,61.4,3.7,38.3,19.3,10.6,,,,,,,,,20.13422818791946
479,Indian Institute of Technology Indore (IIT Indore),India,Asia,QS,477.0,454.0,25.1,6.1,5.0,27.1,95.6,2.1,1.1,23.6,2.2,4.2,,,,,,,,,20.13422818791946
480,Royal Holloway University of London,United Kingdom,Europe,QS,477.0,413.0,25.1,14.9,5.7,13.0,27.2,94.1,86.9,73.2,7.2,19.7,,,,,,,,,20.13422818791946
481,Aix-Marseille University,France,Europe,QS,481.0,387.0,25.0,36.9,6.5,7.9,21.7,17.5,18.2,99.1,15.2,25.5,,,,,,,,,19.463087248322147
482,Pontificia Universidad Católica Argentina,Argentina,Americas,QS,481.0,514.0,25.0,19.9,29.4,99.9,1.1,1.9,6.7,12.5,85.7,1.0,,,,,,,,,19.463087248322147
483,"The University of Tennessee, Knoxville",United States,Americas,QS,481.0,446.0,25.0,10.1,8.2,9.5,76.3,4.9,2.4,77.3,11.0,15.0,,,,,,,,,19.463087248322147
484,China Agricultural University,China (Mainland),Asia,QS,484.0,534.0,24.9,8.4,2.6,18.9,88.8,3.2,1.5,52.2,4.5,5.8,,,,,,,,,18.959731543624162
485,American University of Ras Al Khaimah ( AURAK ),United Arab Emirates,Asia,QS,485.0,,24.8,4.6,3.3,35.5,46.8,100.0,100.0,15.4,4.1,1.1,,,,,,,,,18.79194630872483
486,National Sun Yat-sen University,Taiwan,Asia,QS,485.0,505.0,24.8,26.5,24.9,32.0,22.1,22.7,10.8,35.6,11.4,48.9,,,,,,,,,18.79194630872483
487,Universität Mannheim,Germany,Europe,QS,487.0,454.0,24.7,15.3,53.9,3.0,31.0,42.4,22.7,27.9,34.9,1.5,,,,,,,,,18.456375838926174
488,University of Hawai?i at Manoa,United States,Americas,QS,488.0,386.0,24.6,15.2,6.6,29.7,41.7,41.7,12.0,82.9,7.9,30.1,,,,,,,,,18.288590604026847
489,Chongqing University,China (Mainland),Asia,QS,489.0,561.0,24.5,7.6,4.6,12.1,81.4,21.3,2.1,59.6,13.6,4.1,,,,,,,,,18.120805369127517
490,Chung-Ang University (CAU),South Korea,Asia,QS,489.0,494.0,24.5,16.0,31.9,67.8,9.3,14.2,37.8,29.9,13.5,49.5,,,,,,,,,18.120805369127517
491,Isfahan University of Technology,"Iran, Islamic Republic of",Asia,QS,489.0,,24.5,4.9,15.7,5.1,92.2,2.3,1.4,43.5,5.6,1.1,,,,,,,,,18.120805369127517
492,Shanghai University,China (Mainland),Asia,QS,489.0,514.0,24.5,20.3,13.1,50.8,30.5,40.9,5.3,58.7,8.9,10.5,,,,,,,,,18.120805369127517
493,UNESP,Brazil,Americas,QS,489.0,419.0,24.5,41.1,25.8,13.0,16.2,5.9,2.7,70.9,1.5,14.5,,,,,,,,,18.120805369127517
494,University of Jyväskylä,Finland,Europe,QS,489.0,446.0,24.5,16.2,11.4,87.7,12.1,44.0,2.6,81.2,10.4,16.3,,,,,,,,,18.120805369127517
495,Central Queensland University (CQUniversity Australia),Australia,Oceania,QS,495.0,590.0,24.4,9.0,6.7,29.4,20.9,97.1,97.8,44.0,3.1,49.8,,,,,,,,,17.114093959731544
496,Duy Tan University,Vietnam,Asia,QS,495.0,514.0,24.4,11.9,25.3,3.9,49.0,37.7,1.4,83.5,4.4,29.0,,,,,,,,,17.114093959731544
497,Jilin University,China (Mainland),Asia,QS,497.0,502.0,24.2,12.1,46.1,37.4,27.4,11.6,2.1,62.2,23.2,9.1,,,,,,,,,16.778523489932887
498,National Research Nuclear University MEPhI (Moscow Engineering Physics Institute),Russia,Europe,QS,497.0,461.0,24.2,9.2,11.8,98.9,8.1,45.8,89.5,32.9,14.6,1.1,,,,,,,,,16.778523489932887
499,Universidad de Costa Rica,Costa Rica,Americas,QS,497.0,544.0,24.2,35.4,24.3,32.3,1.6,2.4,2.0,45.5,81.6,16.9,,,,,,,,,16.778523489932887
500,"University of California, Riverside",United States,Americas,QS,497.0,404.0,24.2,16.3,9.4,6.6,50.9,47.9,10.4,77.3,3.7,21.3,,,,,,,,,16.778523489932887
501,Khalifa University of Science and Technology,United Arab Emirates,Asia,QS,202.0,230.0,46.1,22.7,21.0,80.0,60.7,100.0,78.9,78.8,9.3,61.6,,,,,,,,,66.2751677852349
502,Colorado School of Mines,United States,Americas,QS,501.0,465.0,24.1,6.8,12.5,15.8,72.0,29.7,7.4,30.9,17.7,18.0,,,,,,,,,16.10738255033557
503,East China Normal University,China (Mainland),Asia,QS,501.0,511.0,24.1,13.3,4.7,16.2,63.5,24.1,9.0,72.0,9.0,6.8,,,,,,,,,16.10738255033557
504,Johannes Gutenberg Universität Mainz,Germany,Europe,QS,501.0,464.0,24.1,22.3,11.4,57.8,11.5,42.0,15.5,87.0,11.4,16.3,,,,,,,,,16.10738255033557
505,University of Huddersfield,United Kingdom,Europe,QS,501.0,567.0,24.1,12.7,12.4,7.5,19.4,63.7,85.6,73.0,1.3,72.3,,,,,,,,,16.10738255033557
506,University of Delaware,United States,Americas,QS,506.0,498.0,24.0,9.4,7.9,6.6,53.9,30.0,12.6,66.5,16.9,65.3,,,,,,,,,15.268456375838927
507,University of Trento,Italy,Europe,QS,506.0,429.0,24.0,24.9,10.5,22.0,32.7,29.6,6.1,85.8,4.4,19.0,,,,,,,,,15.268456375838927
508,Aristotle University of Thessaloniki,Greece,Europe,QS,508.0,530.0,23.9,28.2,26.1,4.3,15.8,1.7,4.1,90.5,38.3,44.3,,,,,,,,,14.93288590604027
509,Shenzhen University,China (Mainland),Asia,QS,508.0,595.0,23.9,7.7,3.2,42.1,64.5,11.0,1.4,65.1,15.8,7.4,,,,,,,,,14.93288590604027
510,SOAS University of London,United Kingdom,Europe,QS,508.0,511.0,23.9,17.1,9.4,14.8,15.1,100.0,98.7,16.9,22.4,39.1,,,,,,,,,14.93288590604027
511,Ewha Womans University,South Korea,Asia,QS,511.0,498.0,23.8,22.1,21.2,76.3,6.9,7.0,24.4,31.3,23.0,34.2,,,,,,,,,14.429530201342283
512,Zhengzhou University,China (Mainland),Asia,QS,511.0,,23.8,5.4,22.0,4.9,80.3,,2.4,56.3,5.7,2.4,,,,,,,,,14.429530201342283
513,Imam Abdulrahman Bin Faisal University (IAU) (formerly UNIVERSITY OF DAMMAM),Saudi Arabia,Asia,QS,513.0,595.0,23.7,10.5,11.4,89.5,2.6,98.2,19.7,68.3,2.4,18.4,,,,,,,,,14.093959731543624
514,Prince Mohammad Bin Fahd university,Saudi Arabia,Asia,QS,513.0,590.0,23.7,20.3,23.0,23.1,27.8,100.0,18.8,23.3,2.8,1.2,,,,,,,,,14.093959731543624
515,University of Milano-Bicocca,Italy,Europe,QS,513.0,481.0,23.7,20.4,10.9,3.3,54.1,3.5,4.3,81.1,11.5,14.8,,,,,,,,,14.093959731543624
516,Ateneo de Manila University,Philippines,Asia,QS,516.0,563.0,23.6,21.4,64.5,24.4,1.8,2.9,2.5,23.0,70.6,15.6,,,,,,,,,13.590604026845638
517,Edith Cowan University,Australia,Oceania,QS,516.0,529.0,23.6,8.5,6.8,4.8,49.8,78.5,57.7,64.5,4.7,5.8,,,,,,,,,13.590604026845638
518,INTI International University,Malaysia,Asia,QS,516.0,556.0,23.6,7.7,19.9,89.1,1.7,95.4,92.9,7.0,4.4,1.1,,,,,,,,,13.590604026845638
519,Kyungpook National University,South Korea,Asia,QS,516.0,520.0,23.6,11.1,16.7,66.9,20.5,11.1,25.7,52.0,10.6,60.6,,,,,,,,,13.590604026845638
520,Sabanci University,Turkey,Asia,QS,516.0,526.0,23.6,19.5,44.6,38.2,19.4,32.0,14.2,25.9,7.2,7.9,,,,,,,,,13.590604026845638
521,University of Hull,United Kingdom,Europe,QS,516.0,523.0,23.6,8.9,4.5,14.3,21.5,63.3,81.5,76.9,20.5,68.0,,,,,,,,,13.590604026845638
522,Ural Federal University - UrFU,Russia,Europe,QS,516.0,473.0,23.6,19.6,14.2,95.5,2.1,5.4,25.3,86.6,1.9,12.7,,,,,,,,,13.590604026845638
523,Zayed University,United Arab Emirates,Asia,QS,,,,17.6,18.4,24.3,8.6,100.0,1.9,50.8,20.9,2.9,,,,,,,,,
524,Pusan National University,South Korea,Asia,QS,524.0,,23.4,18.7,16.5,43.5,19.5,10.5,13.7,57.7,13.8,65.0,,,,,,,,,12.248322147651008
525,Universidad Austral,Argentina,Americas,QS,524.0,520.0,23.4,20.9,36.2,79.7,1.9,2.7,7.5,10.2,65.9,1.3,,,,,,,,,12.248322147651008
526,Universität Jena,Germany,Europe,QS,526.0,461.0,23.3,17.2,5.7,99.9,8.8,,20.2,94.7,3.9,13.1,,,,,,,,,11.912751677852349
527,Missouri University of Science and Technology,United States,Americas,QS,527.0,480.0,23.2,4.0,6.1,5.7,86.2,35.2,12.8,30.5,4.8,1.7,,,,,,,,,11.74496644295302
528,Universität Leipzig,Germany,Europe,QS,527.0,479.0,23.2,23.5,9.7,74.8,8.4,,14.2,84.3,10.5,21.3,,,,,,,,,11.74496644295302
529,University of Bayreuth,Germany,Europe,QS,527.0,509.0,23.2,10.2,15.7,50.3,25.8,54.8,21.2,75.1,9.0,11.3,,,,,,,,,11.74496644295302
530,Warsaw University of Technology,Poland,Europe,QS,527.0,571.0,23.2,23.3,51.9,42.6,4.7,2.4,10.3,60.6,9.8,1.4,,,,,,,,,11.74496644295302
531,Coventry University,United Kingdom,Europe,QS,526.0,571.0,23.3,9.9,10.4,16.9,7.1,77.0,99.9,82.6,10.0,64.4,,,,,,,,,11.912751677852349
532,Indian Institute of Technology (BHU) Varanasi,India,Asia,QS,531.0,571.0,23.1,5.5,5.9,3.9,95.0,1.4,1.1,24.5,6.5,10.1,,,,,,,,,11.073825503355705
533,University of Bradford,United Kingdom,Europe,QS,531.0,,23.1,9.1,7.1,6.8,21.7,68.5,97.6,66.0,34.3,40.7,,,,,,,,,11.073825503355705
534,University of Utah,United States,Americas,QS,531.0,441.0,23.1,15.7,6.3,50.0,30.5,15.5,10.3,80.5,17.4,24.5,,,,,,,,,11.073825503355705
535,Universidad Nacional de La Plata (UNLP),Argentina,Americas,QS,534.0,540.0,23.0,40.8,19.2,28.4,1.9,5.3,22.6,55.4,27.3,2.2,,,,,,,,,10.570469798657719
536,Lahore University of Management Sciences (LUMS),Pakistan,Asia,QS,535.0,540.0,22.9,17.2,73.2,27.1,7.4,12.2,1.8,19.5,37.0,1.1,,,,,,,,,10.40268456375839
537,Northumbria University at Newcastle,United Kingdom,Europe,QS,535.0,548.0,22.9,10.9,10.8,11.8,15.8,70.7,56.2,78.4,14.0,75.3,,,,,,,,,10.40268456375839
538,University of Bordeaux,France,Europe,QS,535.0,465.0,22.9,31.3,5.5,11.5,17.6,27.1,23.3,92.9,16.7,20.1,,,,,,,,,10.40268456375839
539,University of Eastern Finland,Finland,Europe,QS,535.0,548.0,22.9,13.8,7.6,43.7,18.4,37.4,5.2,86.4,4.2,78.6,,,,,,,,,10.40268456375839
540,Applied Science University - Bahrain,Bahrain,Asia,QS,539.0,582.0,22.8,23.5,25.0,39.3,2.0,100.0,46.8,13.3,11.3,1.7,,,,,,,,,9.731543624161073
541,Hitotsubashi University,Japan,Asia,QS,539.0,481.0,22.8,14.4,73.0,30.8,2.1,19.8,20.0,7.5,51.9,1.1,,,,,,,,,9.731543624161073
542,Sunway University,Malaysia,Asia,QS,539.0,586.0,22.8,13.0,39.2,44.0,10.3,35.9,33.2,51.1,3.9,27.3,,,,,,,,,9.731543624161073
543,Université de Fribourg,Switzerland,Europe,QS,539.0,563.0,22.8,10.3,3.0,7.5,25.4,99.9,38.3,58.3,40.6,51.8,,,,,,,,,9.731543624161073
544,University of Salamanca,Spain,Europe,QS,539.0,534.0,22.8,26.9,14.6,26.0,6.2,6.9,14.9,80.0,23.4,69.5,,,,,,,,,9.731543624161073
545,Universidad de Zaragoza,Spain,Europe,QS,544.0,523.0,22.7,21.3,5.1,56.1,7.0,4.5,9.0,89.5,10.7,77.1,,,,,,,,,8.89261744966443
546,Universidad Pontificia Comillas,Spain,Europe,QS,544.0,582.0,22.7,8.3,71.6,38.3,2.2,18.7,5.0,9.0,85.4,7.1,,,,,,,,,8.89261744966443
547,Northwestern Polytechnical University,China (Mainland),Asia,QS,547.0,,22.6,5.8,3.2,44.8,63.8,16.7,5.2,53.4,6.6,2.4,,,,,,,,,8.389261744966444
548,Tashkent Institute of Irrigation and Agricultural Mechanization Engineers - National Research University (TIIAME-NRU),Uzbekistan,Asia,QS,547.0,,22.6,30.6,19.9,79.0,2.2,26.3,4.1,8.6,15.1,9.5,,,,,,,,,8.389261744966444
549,University of Genoa,Italy,Europe,QS,547.0,530.0,22.6,18.8,4.9,12.7,43.7,5.4,9.2,81.2,10.5,39.5,,,,,,,,,8.389261744966444
550,University of Iceland,Iceland,Europe,QS,547.0,,22.6,6.8,2.5,99.9,6.7,25.7,10.3,73.5,83.2,5.9,,,,,,,,,8.389261744966444
551,University of Windsor,Canada,Americas,QS,547.0,,22.6,3.9,3.9,2.2,36.2,88.7,83.8,51.1,25.8,38.5,,,,,,,,,8.389261744966444
552,United Arab Emirates University,United Arab Emirates,Asia,QS,261.0,290.0,39.4,30.1,38.3,49.8,16.6,100.0,34.2,86.2,82.0,36.6,,,,,,,,,56.375838926174495
553,University of Tabriz,"Iran, Islamic Republic of",Asia,QS,552.0,,22.5,5.9,5.0,3.4,81.7,1.5,6.8,71.8,5.3,1.2,,,,,,,,,7.550335570469799
554,Hasselt University,Belgium,Europe,QS,554.0,551.0,22.4,5.8,3.3,82.1,15.4,74.2,25.3,69.6,2.4,26.8,,,,,,,,,7.2147651006711415
555,Jordan University of Science & Technology,Jordan,Asia,QS,554.0,,22.4,21.0,30.7,18.8,5.6,38.2,67.7,55.5,4.3,24.5,,,,,,,,,7.2147651006711415
556,Universiti Utara Malaysia (UUM),Malaysia,Asia,QS,554.0,538.0,22.4,22.0,25.4,38.8,8.2,19.4,79.3,34.1,12.3,5.3,,,,,,,,,7.2147651006711415
557,University of Dhaka,Bangladesh,Asia,QS,554.0,,22.4,23.0,45.6,11.2,2.9,1.6,1.0,52.0,93.7,11.8,,,,,,,,,7.2147651006711415
558,University Ulm,Germany,Europe,QS,554.0,542.0,22.4,7.4,5.5,78.5,31.2,39.6,21.0,61.1,2.9,2.1,,,,,,,,,7.2147651006711415
559,Peter the Great St. Petersburg Polytechnic University,Russia,Europe,QS,559.0,534.0,22.3,16.0,10.9,74.3,2.9,14.1,84.0,64.7,4.9,11.2,,,,,,,,,6.375838926174497
560,Ulster University,United Kingdom,Europe,QS,559.0,498.0,22.3,8.1,11.3,9.6,11.5,99.8,77.6,73.4,6.8,62.2,,,,,,,,,6.375838926174497
561,Umm Al-Qura University,Saudi Arabia,Asia,QS,559.0,,22.3,20.7,12.8,54.7,2.2,100.0,16.0,59.7,6.7,3.1,,,,,,,,,6.375838926174497
562,Université Claude Bernard Lyon 1,France,Europe,QS,562.0,452.0,22.2,18.1,3.7,7.9,48.3,7.4,12.0,93.7,12.4,11.0,,,,,,,,,5.87248322147651
563,Universiti Teknologi Brunei,Brunei,Asia,QS,562.0,525.0,22.2,15.4,6.3,88.5,9.9,100.0,5.8,15.9,14.7,1.4,,,,,,,,,5.87248322147651
564,Eötvös Loránd University,Hungary,Europe,QS,564.0,,22.1,23.3,22.6,10.7,6.1,5.2,11.0,71.3,60.9,61.9,,,,,,,,,5.5369127516778525
565,Nanjing University of Science and Technology,China (Mainland),Asia,QS,565.0,600.0,22.0,5.7,2.5,8.9,89.3,,,38.7,3.7,2.3,,,,,,,,,5.369127516778524
566,University of Connecticut,United States,Americas,QS,565.0,444.0,22.0,14.4,8.1,18.2,29.8,27.4,19.4,88.0,23.3,37.6,,,,,,,,,5.369127516778524
567,Chiang Mai University,Thailand,Asia,QS,567.0,571.0,21.9,34.8,17.1,17.3,4.2,4.8,4.2,62.5,19.1,56.1,,,,,,,,,5.033557046979865
568,Lebanese University,Lebanon,Asia,QS,567.0,577.0,21.9,29.0,34.4,10.1,2.2,43.8,29.5,43.7,29.9,5.8,,,,,,,,,5.033557046979865
569,MGIMO University,Russia,Europe,QS,567.0,526.0,21.9,9.8,25.4,100.0,1.3,11.3,41.3,5.7,60.0,1.0,,,,,,,,,5.033557046979865
570,"University of Chemistry and Technology, Prague",Czechia,Europe,QS,570.0,556.0,21.8,5.6,9.3,98.4,13.5,23.9,78.4,34.9,4.2,3.4,,,,,,,,,4.530201342281879
571,University of Szeged,Hungary,Europe,QS,570.0,,21.8,18.5,16.8,37.0,4.8,11.8,41.2,73.1,15.0,61.9,,,,,,,,,4.530201342281879
572,University of the Punjab,Pakistan,Asia,QS,570.0,,21.8,15.6,52.2,4.5,11.6,3.2,1.3,62.2,81.4,4.3,,,,,,,,,4.530201342281879
573,Florida State University,United States,Americas,QS,573.0,461.0,21.6,25.6,18.1,7.2,24.8,10.0,4.2,71.9,18.4,26.8,,,,,,,,,4.026845637583892
574,Florida International University,United States,Americas,QS,574.0,556.0,21.5,15.3,22.5,11.8,12.6,20.3,12.9,86.7,16.6,81.2,,,,,,,,,3.859060402684564
575,University of Debrecen,Hungary,Europe,QS,574.0,,21.5,17.9,13.9,34.0,3.9,10.6,70.0,76.7,21.4,39.5,,,,,,,,,3.859060402684564
576,National Research Tomsk Polytechnic University,Russia,Europe,QS,576.0,586.0,21.4,8.9,8.4,95.1,3.7,10.9,82.8,62.7,2.0,7.1,,,,,,,,,3.523489932885906
577,Sogang University,South Korea,Asia,QS,576.0,509.0,21.4,17.5,45.5,56.7,5.1,7.1,19.6,13.8,16.0,17.7,,,,,,,,,3.523489932885906
578,Southern Cross University,Australia,Oceania,QS,576.0,,21.4,4.4,2.8,2.9,46.3,81.1,44.8,44.2,4.8,48.2,,,,,,,,,3.523489932885906
579,Universidad Adolfo Ibáñez,Chile,Americas,QS,576.0,567.0,21.4,20.6,57.0,4.7,4.6,36.9,3.9,31.5,53.3,2.0,,,,,,,,,3.523489932885906
580,Jawaharlal Nehru University,India,Asia,QS,580.0,,21.3,31.0,14.4,10.0,28.9,,1.3,47.4,14.7,19.7,,,,,,,,,2.8523489932885906
581,Jinan University (China),China (Mainland),Asia,QS,580.0,,21.3,5.2,2.7,8.9,52.7,34.0,83.1,52.8,6.5,3.1,,,,,,,,,2.8523489932885906
582,Management and Science University,Malaysia,Asia,QS,580.0,,21.3,15.1,18.1,40.2,1.8,97.3,99.4,12.1,4.2,1.2,,,,,,,,,2.8523489932885906
583,Politecnico di Bari,Italy,Europe,QS,580.0,556.0,21.3,6.9,4.8,11.3,76.5,4.6,7.2,46.6,3.5,1.3,,,,,,,,,2.8523489932885906
584,Université Paul Sabatier Toulouse III,France,Europe,QS,580.0,511.0,21.3,17.7,3.4,38.5,28.0,5.1,21.5,98.5,6.0,10.3,,,,,,,,,2.8523489932885906
585,Institut Teknologi Sepuluh Nopember (ITS Surabaya),Indonesia,Asia,QS,585.0,,21.2,17.3,48.9,47.8,1.6,47.5,5.3,12.0,13.0,16.1,,,,,,,,,2.013422818791946
586,Singapore Management University,Singapore,Asia,QS,585.0,545.0,21.2,12.3,14.2,10.2,18.8,100.0,58.9,20.8,27.1,26.3,,,,,,,,,2.013422818791946
587,Bond University,Australia,Oceania,QS,587.0,567.0,21.1,4.3,4.6,47.8,28.8,70.4,86.6,26.5,8.4,1.0,,,,,,,,,1.6778523489932886
588,Shoolini University of Biotechnology and Management Sciences,India,Asia,QS,587.0,,21.1,10.0,14.9,8.1,55.9,33.3,1.7,44.8,2.0,16.3,,,,,,,,,1.6778523489932886
589,The University of Georgia,United States,Americas,QS,587.0,514.0,21.1,20.6,18.6,9.8,24.4,6.7,4.5,83.7,21.5,30.7,,,,,,,,,1.6778523489932886
590,Universiti Teknologi MARA - UiTM,Malaysia,Asia,QS,587.0,555.0,21.1,30.8,40.4,17.6,2.8,1.7,2.1,68.6,3.6,15.2,,,,,,,,,1.6778523489932886
591,University of Kwazulu-Natal,South Africa,Africa,QS,587.0,,21.1,12.6,10.2,5.5,24.5,24.5,1.6,93.7,71.2,37.9,,,,,,,,,1.6778523489932886
592,Ain Shams University,Egypt,Africa,QS,592.0,,21.0,24.0,32.2,11.3,1.9,23.1,7.5,74.2,56.3,9.8,,,,,,,,,0.8389261744966443
593,Nottingham Trent University,United Kingdom,Europe,QS,592.0,595.0,21.0,10.6,15.1,10.6,5.1,57.1,74.0,84.6,12.0,64.1,,,,,,,,,0.8389261744966443
594,Universität Bremen,Germany,Europe,QS,592.0,514.0,21.0,18.5,7.7,13.1,24.4,46.9,26.4,89.1,1.8,19.9,,,,,,,,,0.8389261744966443
595,ITMO University,Russia,Europe,QS,595.0,542.0,20.9,10.5,13.0,95.5,5.4,20.3,36.2,65.3,1.9,1.2,,,,,,,,,0.33557046979865773
596,Thammasat University,Thailand,Asia,QS,596.0,600.0,20.8,24.6,19.4,26.6,2.1,9.1,1.7,41.0,84.6,33.6,,,,,,,,,0.16778523489932887
597,Universitas Padjadjaran,Indonesia,Asia,QS,596.0,,20.8,19.0,41.6,41.4,1.4,34.8,2.2,19.6,33.4,21.3,,,,,,,,,0.16778523489932887
598,University of Iowa,United States,Americas,QS,596.0,491.0,20.8,18.4,8.7,41.7,19.1,15.5,3.7,75.6,26.6,20.8,,,,,,,,,0.16778523489932887
599,University of Ljubljana,Slovenia,Europe,QS,596.0,,20.8,19.9,9.2,33.3,5.9,4.2,9.7,84.8,97.6,4.9,,,,,,,,,0.16778523489932887
600,University of Texas Dallas,United States,Americas,QS,596.0,520.0,20.8,13.1,15.9,3.4,43.3,9.7,47.4,60.4,4.9,9.5,,,,,,,,,0.16778523489932887
601,Ca' Foscari University of Venice,Italy,Europe,QS,,,,19.6,15.8,5.7,12.7,42.0,8.9,64.6,12.3,74.5,,,,,,,,,
602,Illinois Institute of Technology,United States,Americas,QS,,469.0,,12.8,11.0,14.1,35.9,19.2,97.3,18.9,12.2,1.6,,,,,,,,,
603,King Khalid University,Saudi Arabia,Asia,QS,,,,16.6,8.3,49.8,2.7,100.0,18.0,78.3,2.2,2.3,,,,,,,,,
604,"Kingston University, London",United Kingdom,Europe,QS,,,,17.9,15.3,5.8,7.6,70.8,99.2,48.2,12.6,6.9,,,,,,,,,
605,Manchester Metropolitan University (MMU),United Kingdom,Europe,QS,,590.0,,11.8,12.6,8.1,10.1,42.9,37.7,91.7,12.3,79.6,,,,,,,,,
606,National Chengchi University,Taiwan,Asia,QS,,567.0,,20.1,37.8,17.1,2.2,26.5,21.8,13.3,91.1,1.6,,,,,,,,,
607,Paris Lodron University of Salzburg,Austria,Europe,QS,,,,9.7,2.9,20.8,6.8,96.1,93.7,55.5,15.7,39.5,,,,,,,,,
608,Rensselaer Polytechnic Institute,United States,Americas,QS,,494.0,,8.0,8.4,19.7,56.6,3.7,29.9,25.0,31.4,2.8,,,,,,,,,
609,Universität des Saarlandes,Germany,Europe,QS,,600.0,,10.2,5.0,92.2,7.0,4.6,35.9,71.4,29.0,1.2,,,,,,,,,
610,University of Crete,Greece,Europe,QS,,534.0,,13.9,12.7,2.4,58.7,2.3,3.5,57.0,3.6,1.8,,,,,,,,,
611,University of Hohenheim,Germany,Europe,QS,,,,8.6,6.1,12.0,47.5,25.2,25.9,76.9,5.0,19.2,,,,,,,,,
612,University of South Carolina,United States,Americas,QS,,575.0,,13.8,9.4,9.7,28.3,30.4,3.2,71.9,17.3,63.1,,,,,,,,,
613,American University of the Middle East,Kuwait,Asia,QS,,,,23.1,21.6,19.7,3.7,100.0,23.0,35.1,5.1,3.5,,,,,,,,,
614,Asia Pacific University of Technology and Innovation (APU),Malaysia,Asia,QS,,,,9.3,12.5,62.2,1.6,92.0,100.0,6.8,4.0,1.6,,,,,,,,,
615,Brno University of Technology,Czechia,Europe,QS,,,,13.0,29.3,25.7,7.3,14.8,67.3,78.8,12.7,3.3,,,,,,,,,
616,Christian-Albrechts-University zu Kiel,Germany,Europe,QS,,530.0,,17.7,10.8,44.7,15.6,,8.4,90.0,14.3,23.5,,,,,,,,,
617,Eastern Mediterranean University,Northern Cyprus,Not Classified,QS,,,,5.6,2.1,3.5,26.5,90.1,100.0,55.2,24.1,1.8,,,,,,,,,
618,Pontifícia Universidade Católica do Rio de Janeiro,Brazil,Americas,QS,,595.0,,32.4,16.2,10.8,7.5,12.6,1.6,44.5,68.0,5.4,,,,,,,,,
619,Taipei Medical University (TMU),Taiwan,Asia,QS,,577.0,,10.6,12.5,90.4,18.9,16.0,13.7,22.9,8.1,8.3,,,,,,,,,
620,University of Klagenfurt,Austria,Europe,QS,,580.0,,5.7,3.7,51.3,11.3,96.0,87.8,35.6,9.2,1.6,,,,,,,,,
621,University of Minho,Portugal,Europe,QS,,,,15.6,7.1,26.5,21.0,15.9,14.9,83.7,8.6,52.1,,,,,,,,,
622,Abo Akademi University,Finland,Europe,QS,,,,7.5,4.8,18.9,43.2,45.9,22.6,64.5,8.3,6.4,,,,,,,,,
623,American University in Dubai,United Arab Emirates,Asia,QS,,,,10.3,16.9,25.2,1.9,100.0,100.0,4.5,41.3,1.0,,,,,,,,,
624,Auezov South Kazakhstan University (SKU),Kazakhstan,Asia,QS,,,,18.5,28.7,89.5,1.0,12.9,16.2,4.0,3.2,2.6,,,,,,,,,
625,Charles Darwin University,Australia,Oceania,QS,,,,5.7,4.2,4.5,44.2,25.4,55.2,41.3,3.9,63.7,,,,,,,,,
626,Istanbul University,Turkey,Asia,QS,,,,28.1,25.3,2.8,3.5,5.3,9.9,68.8,72.8,1.7,,,,,,,,,
627,Renmin (People's) University of China,China (Mainland),Asia,QS,,556.0,,19.5,37.3,16.3,7.9,6.6,4.9,24.3,81.2,9.7,,,,,,,,,
628,Tallinn University of Technology (TalTech),Estonia,Europe,QS,,,,12.8,10.2,31.5,10.8,60.0,18.3,83.3,45.6,1.3,,,,,,,,,
629,Universidad de Alcalá,Spain,Europe,QS,,538.0,,9.7,5.8,60.0,5.6,10.6,44.9,77.1,7.7,59.0,,,,,,,,,
630,Universidad de Palermo (UP),Argentina,Americas,QS,,530.0,,10.2,9.8,92.8,1.0,35.6,91.9,2.6,7.8,,,,,,,,,,
631,University of South Florida,United States,Americas,QS,,563.0,,12.9,9.5,8.8,36.3,19.9,22.2,86.7,6.1,15.9,,,,,,,,,
632,University of Tromsø The Arctic University of Norway,Norway,Europe,QS,,577.0,,11.0,4.3,68.3,8.9,69.3,7.0,78.4,5.6,10.5,,,,,,,,,
633,Al Ain University,United Arab Emirates,Asia,QS,552.0,,22.5,22.6,15.7,13.4,5.9,100.0,100.0,27.5,5.9,5.2,,,,,,,,,7.550335570469799
634,Ajou University,South Korea,Asia,QS,,,,13.7,15.0,68.9,17.9,9.3,24.2,18.8,4.2,23.7,,,,,,,,,
635,Boston College,United States,Americas,QS,,,,21.3,16.2,21.2,16.6,12.5,18.8,50.8,42.2,7.1,,,,,,,,,
636,Chang Gung University,Taiwan,Asia,QS,,,,6.3,4.3,71.6,41.9,5.1,4.5,27.7,2.0,13.2,,,,,,,,,
637,China University of Petroleum,China (Mainland),Asia,QS,,,,3.4,1.7,8.6,79.7,1.7,2.8,24.1,21.1,1.5,,,,,,,,,
638,Far Eastern Federal University,Russia,Europe,QS,,,,12.8,5.5,96.7,1.7,10.8,63.1,41.7,5.1,1.1,,,,,,,,,
639,Inha University,South Korea,Asia,QS,,,,12.2,14.3,77.2,10.9,9.7,13.7,23.9,13.1,41.4,,,,,,,,,
640,Savitribai Phule Pune University,India,Asia,QS,,,,8.9,18.3,48.8,35.3,1.4,2.5,44.2,14.4,1.8,,,,,,,,,
641,Tulane University,United States,Americas,QS,,600.0,,9.8,6.0,84.7,9.7,9.9,10.8,75.4,26.0,8.0,,,,,,,,,
642,Universidad de Concepción,Chile,Americas,QS,,,,26.2,22.4,14.8,6.7,10.6,1.7,61.1,12.5,45.9,,,,,,,,,
643,University of Portsmouth,United Kingdom,Europe,QS,,502.0,,8.1,7.3,8.6,15.1,74.0,85.3,75.4,8.9,21.1,,,,,,,,,
644,Beirut Arab University,Lebanon,Asia,QS,,,,17.7,14.8,19.1,3.3,88.5,48.2,28.0,38.2,1.0,,,,,,,,,
645,De La Salle University,Philippines,Asia,QS,,,,22.6,52.4,10.0,4.5,1.9,2.5,22.2,47.4,2.7,,,,,,,,,
646,East China University of Science and Technology,China (Mainland),Asia,QS,,,,6.9,3.4,11.8,69.7,2.5,1.7,39.6,10.5,2.5,,,,,,,,,
647,Hacettepe University,Turkey,Asia,QS,,,,22.5,29.4,10.8,7.1,4.0,3.5,72.1,22.2,34.8,,,,,,,,,
648,Lehigh University,United States,Americas,QS,,548.0,,5.2,4.8,24.3,32.5,47.1,27.8,44.5,29.0,33.3,,,,,,,,,
649,National Central University,Taiwan,Asia,QS,,,,21.5,28.2,22.9,14.4,11.6,10.0,30.4,10.2,27.9,,,,,,,,,
650,Oregon State University,United States,Americas,QS,,505.0,,14.6,4.2,15.6,33.9,11.7,8.1,81.2,19.3,21.1,,,,,,,,,
651,Ritsumeikan University,Japan,Asia,QS,,,,16.6,55.7,7.8,3.1,28.4,9.6,30.9,3.9,39.5,,,,,,,,,
652,Soochow University,China (Mainland),Asia,QS,,,,6.6,2.6,15.9,63.0,6.2,2.5,47.4,16.8,2.0,,,,,,,,,
653,Symbiosis International (Deemed University),India,Asia,QS,,,,5.4,95.6,19.7,1.8,16.1,3.6,16.7,5.2,2.0,,,,,,,,,
654,Universiti Tenaga Nasional (UNITEN),Malaysia,Asia,QS,,,,8.0,11.6,62.2,17.3,18.0,65.0,32.9,4.4,9.1,,,,,,,,,
655,"University of Missouri, Columbia",United States,Americas,QS,,586.0,,14.3,8.0,37.8,16.5,46.7,3.3,66.5,30.5,12.3,,,,,,,,,
656,University of the Basque Country,Spain,Europe,QS,,,,19.5,7.3,32.8,19.0,2.4,3.5,90.8,22.8,7.3,,,,,,,,,
657,HUFS - Hankuk (Korea) University of Foreign Studies,South Korea,Asia,QS,,575.0,,11.5,21.3,81.2,1.6,32.0,47.9,12.6,1.7,8.1,,,,,,,,,
658,Palacký University Olomouc,Czechia,Europe,QS,,,,15.2,13.9,29.9,8.5,32.7,17.8,87.3,6.8,33.0,,,,,,,,,
659,Universidade de Santiago de Compostela,Spain,Europe,QS,,,,24.1,10.8,12.4,17.0,2.6,5.5,78.0,11.3,36.6,,,,,,,,,
660,University of Houston,United States,Americas,QS,,,,12.7,11.4,5.0,24.6,23.9,19.8,71.6,50.3,19.7,,,,,,,,,
661,University of Zagreb,Croatia,Europe,QS,,,,16.3,7.3,23.8,4.1,1.7,3.3,91.6,96.9,27.9,,,,,,,,,
662,Aberystwyth University,United Kingdom,Europe,QS,,,,9.4,5.9,18.5,20.3,44.6,46.5,65.9,7.1,44.9,,,,,,,,,
663,City University of New York,United States,Americas,QS,,545.0,,19.9,35.6,8.9,4.7,6.1,4.4,93.1,22.0,13.2,,,,,,,,,
664,Comenius University Bratislava,Slovakia,Europe,QS,,,,12.8,8.5,56.0,3.5,3.8,22.9,60.2,79.8,5.1,,,,,,,,,
665,Free University of Bozen-Bolzano,Italy,Europe,QS,,,,5.8,1.5,12.8,42.6,72.3,37.4,49.3,3.4,2.0,,,,,,,,,
666,International Islamic University Malaysia (IIUM),Malaysia,Asia,QS,,,,24.4,17.0,13.4,3.1,22.8,57.1,62.5,23.0,1.2,,,,,,,,,
667,ISCTE - Instituto Universitario de Lisboa,Portugal,Europe,QS,,,,6.9,5.9,2.0,47.8,18.7,49.6,49.7,27.2,1.5,,,,,,,,,
668,Memorial University of Newfoundland,Canada,Americas,QS,,,,7.2,5.9,10.1,28.6,23.9,78.4,74.1,12.1,16.9,,,,,,,,,
669,National Chung Hsing University,Taiwan,Asia,QS,,,,21.1,23.0,25.3,11.5,8.8,8.4,32.2,28.4,32.1,,,,,,,,,
670,"Sofia University ""St. Kliment Ohridski""",Bulgaria,Europe,QS,,,,14.2,18.0,45.7,2.0,3.0,8.5,61.0,81.8,8.9,,,,,,,,,
671,Tokyo Medical and Dental University (TMDU),Japan,Asia,QS,,,,11.8,6.5,100.0,17.7,2.4,13.4,21.9,2.0,1.6,,,,,,,,,
672,Universidad de la República (Udelar),Uruguay,Americas,QS,,,,27.1,13.7,14.2,1.6,7.9,2.3,62.4,87.7,2.6,,,,,,,,,
673,University of Manitoba,Canada,Americas,QS,,,,13.6,15.9,29.6,12.0,,43.2,73.1,32.8,16.3,,,,,,,,,
674,University of Plymouth,United Kingdom,Europe,QS,,561.0,,8.9,8.9,11.6,25.9,49.8,36.2,80.1,7.3,21.5,,,,,,,,,
675,Abai Kazakh National Pedagogical University,Kazakhstan,Asia,QS,,,,26.5,22.8,53.8,1.1,37.8,3.7,4.1,12.6,1.7,,,,,,,,,
676,Bar-Ilan University,Israel,Asia,QS,,545.0,,7.8,6.1,7.5,48.1,46.4,2.7,50.1,22.9,4.2,,,,,,,,,
677,Karl-Franzens-Universitaet Graz,Austria,Europe,QS,,,,19.9,10.9,11.7,10.7,45.4,26.1,63.9,31.9,12.3,,,,,,,,,
678,Kazakh National Agrarian University KazNAU,Kazakhstan,Asia,QS,,,,19.9,16.4,85.2,1.1,19.6,22.6,6.5,3.3,2.7,,,,,,,,,
679,Martin-Luther-Universität Halle-Wittenberg,Germany,Europe,QS,,,,13.1,6.4,80.1,7.4,,8.8,90.0,4.8,6.2,,,,,,,,,
680,Universidade Federal de Minas Gerais,Brazil,Americas,QS,,,,32.4,8.9,13.8,7.0,8.0,1.5,64.0,39.7,6.7,,,,,,,,,
681,University of Haifa,Israel,Asia,QS,,,,13.0,5.9,14.6,32.1,13.4,3.6,67.2,22.9,37.3,,,,,,,,,
682,China University of Mining and Technology,China (Mainland),Asia,QS,,,,3.5,1.6,14.1,68.5,,,52.4,10.1,2.8,,,,,,,,,
683,"Goldsmiths, University of London",United Kingdom,Europe,QS,,593.0,,13.1,5.1,12.8,12.0,92.0,91.5,25.1,14.4,3.1,,,,,,,,,
684,Indian Institute of Technology Hyderabad,India,Asia,QS,,,,6.2,4.4,18.2,71.1,1.2,1.5,13.7,2.0,4.3,,,,,,,,,
685,Jeonbuk National University,South Korea,Asia,QS,,,,15.6,11.1,61.3,10.6,7.8,6.8,35.3,2.8,48.5,,,,,,,,,
686,Prince Sultan University,Saudi Arabia,Asia,QS,,,,6.5,5.3,14.7,31.7,100.0,13.9,54.3,11.0,3.6,,,,,,,,,
687,Princess Nourah bint Abdulrahman University,Saudi Arabia,Asia,QS,,,,16.6,14.8,18.9,2.5,94.5,38.4,64.0,2.3,3.1,,,,,,,,,
688,Temple University,United States,Americas,QS,,,,12.3,7.1,29.2,16.9,3.0,5.7,77.2,23.2,61.9,,,,,,,,,
689,"University of Agriculture, Faisalabad",Pakistan,Asia,QS,,,,6.3,11.6,1.6,61.0,2.5,1.1,66.7,2.4,1.7,,,,,,,,,
690,University of New Brunswick,Canada,Americas,QS,,,,4.9,8.3,19.9,27.5,61.0,34.1,48.7,17.3,29.0,,,,,,,,,
691,Chandigarh University,India,Asia,QS,,,,14.1,51.3,24.0,1.4,37.6,15.3,37.4,1.9,1.6,,,,,,,,,
692,Norwegian University of Life Sciences (UMB),Norway,Europe,QS,,,,5.8,4.3,100.0,8.5,,,74.7,18.6,9.9,,,,,,,,,
693,Pakistan Institute of Engineering and Applied Sciences (PIEAS),Pakistan,Asia,QS,,,,6.5,9.6,66.1,41.0,,1.0,14.7,3.5,1.0,,,,,,,,,
694,Shiraz University,"Iran, Islamic Republic of",Asia,QS,,,,6.9,5.4,4.6,60.7,1.2,2.2,54.3,14.1,7.9,,,,,,,,,
695,Universidad Central de Venezuela,Venezuela,Americas,QS,,,,21.0,40.6,27.1,1.1,2.6,1.4,21.5,51.4,1.0,,,,,,,,,
696,Universidad de La Habana,Cuba,Americas,QS,,,,17.0,10.6,72.8,1.5,1.8,3.7,17.8,76.5,1.0,,,,,,,,,
697,Universidad Panamericana (UP),Mexico,Americas,QS,,,,9.9,20.0,75.4,1.2,17.4,2.5,20.1,68.7,2.0,,,,,,,,,
698,Universidade Federal de São Paulo,Brazil,Americas,QS,,,,10.5,5.1,95.6,6.0,4.7,1.5,54.0,2.9,30.1,,,,,,,,,
699,Universidade Federal do Rio Grande Do Sul,Brazil,Americas,QS,,,,28.0,5.3,12.8,10.1,2.2,1.6,80.1,25.9,31.3,,,,,,,,,
700,University of Brescia,Italy,Europe,QS,,,,4.4,2.2,7.4,56.3,2.6,6.3,55.5,3.3,44.9,,,,,,,,,
701,University of Greenwich,United Kingdom,Europe,QS,,,,4.7,4.1,4.1,11.7,91.5,100.0,78.2,14.9,5.4,,,,,,,,,
702,University of Siena,Italy,Europe,QS,,,,13.6,3.5,9.7,40.4,2.9,10.8,61.0,9.3,27.9,,,,,,,,,
703,Beijing University of Chemical Technology,China (Mainland),Asia,QS,,,,4.5,1.8,19.0,67.1,2.5,1.7,37.2,2.4,1.3,,,,,,,,,
704,Dongguk University,South Korea,Asia,QS,,,,7.9,10.5,83.6,9.7,9.0,23.8,36.5,4.8,20.8,,,,,,,,,
705,Lebanese American University,Lebanon,Asia,QS,,,,13.5,20.3,29.1,3.7,73.3,19.6,36.5,19.9,19.5,,,,,,,,,
706,National Institute of Technology Tiruchirappalli,India,Asia,QS,,,,4.1,2.8,9.1,71.0,,1.8,34.5,3.0,5.2,,,,,,,,,
707,Stevens Institute of Technology,United States,Americas,QS,,,,2.6,4.0,5.2,41.7,53.2,96.4,18.0,7.8,1.3,,,,,,,,,
708,Taras Shevchenko National University of Kyiv,Ukraine,Europe,QS,,,,18.9,36.6,27.0,2.2,1.5,3.9,40.3,45.5,1.6,,,,,,,,,
709,University of Nebraska - Lincoln,United States,Americas,QS,,551.0,,10.6,5.8,16.9,30.4,21.5,7.1,73.1,7.2,33.0,,,,,,,,,
710,University of Oklahoma,United States,Americas,QS,,,,10.2,9.8,15.6,31.1,21.8,5.7,69.3,22.3,17.7,,,,,,,,,
711,Ahlia University,Bahrain,Asia,QS,,,,16.7,8.4,31.7,3.8,100.0,42.7,9.3,12.7,2.5,,,,,,,,,
712,American University,United States,Americas,QS,,,,16.2,29.3,32.9,4.3,8.0,19.4,30.6,40.5,4.8,,,,,,,,,
713,COMSATS University Islamabad,Pakistan,Asia,QS,,,,11.7,30.5,13.4,18.2,1.5,1.4,88.3,6.1,14.6,,,,,,,,,
714,Czech University of Life Sciences in Prague,Czechia,Europe,QS,,,,10.4,6.7,9.4,10.8,29.0,73.5,75.8,3.9,49.5,,,,,,,,,
715,De Montfort University,United Kingdom,Europe,QS,,,,5.3,4.8,5.6,8.0,74.2,97.5,62.8,6.4,41.4,,,,,,,,,
716,"Lingnan University, Hong Kong",Hong Kong SAR,Asia,QS,,,,9.9,6.5,13.9,11.0,100.0,98.9,15.6,3.7,3.8,,,,,,,,,
717,Nanjing Agricultural University,China (Mainland),Asia,QS,,,,5.0,1.9,7.5,67.6,,1.5,48.2,1.4,2.2,,,,,,,,,
718,Plekhanov Russian University of Economics,Russia,Europe,QS,,,,14.0,19.1,49.8,2.3,3.0,16.2,51.9,38.5,11.6,,,,,,,,,
719,Saint Joseph University of Beirut (USJ),Lebanon,Asia,QS,,,,8.2,16.4,50.7,2.4,91.3,25.8,13.1,33.4,1.4,,,,,,,,,
720,The National University of Science and Technology MISIS,Russia,Europe,QS,,,,6.2,9.0,74.2,13.8,7.9,43.1,44.7,9.2,2.2,,,,,,,,,
721,Ton Duc Thang University,Vietnam,Asia,QS,,,,5.0,6.4,5.2,51.7,9.9,1.4,90.7,4.7,3.8,,,,,,,,,
722,Université de Franche-Comté,France,Europe,QS,,,,6.5,2.1,100.0,12.4,,,76.7,3.2,1.7,,,,,,,,,
723,University of Mumbai,India,Asia,QS,,,,9.1,28.8,2.8,30.9,2.0,2.0,18.3,81.4,1.7,,,,,,,,,
724,Brandeis University,United States,Americas,QS,,,,9.4,4.8,53.1,11.6,18.0,75.1,32.3,16.5,1.1,,,,,,,,,
725,Budapest University of Technology and Economics,Hungary,Europe,QS,,,,15.6,25.7,13.7,8.5,2.8,14.8,56.6,33.2,26.0,,,,,,,,,
726,Diponegoro University,Indonesia,Asia,QS,,,,19.2,41.7,19.3,1.5,27.9,3.0,27.4,14.6,9.7,,,,,,,,,
727,Drexel University,United States,Americas,QS,,,,8.1,4.5,22.4,28.7,12.6,23.8,73.4,25.1,8.3,,,,,,,,,
728,Effat University,Saudi Arabia,Asia,QS,,,,3.8,2.6,23.1,17.6,100.0,98.3,15.9,3.3,1.0,,,,,,,,,
729,Jadavpur University,India,Asia,QS,,,,17.8,5.9,9.1,40.6,,1.0,32.5,14.9,13.4,,,,,,,,,
730,Konkuk University,South Korea,Asia,QS,,,,7.0,8.1,61.8,17.1,9.5,17.7,46.8,9.0,28.4,,,,,,,,,
731,Lanzhou University,China (Mainland),Asia,QS,,,,8.1,2.5,25.2,45.2,2.3,1.5,64.0,4.4,7.6,,,,,,,,,
732,Middlesex University,United Kingdom,Europe,QS,,,,5.3,5.3,8.1,10.6,84.4,99.5,58.3,15.2,4.3,,,,,,,,,
733,Riga Technical University,Latvia,Europe,QS,,,,11.5,26.8,22.0,3.0,15.7,72.0,29.9,35.0,6.8,,,,,,,,,
734,Université de Lille,France,Europe,QS,,,,23.5,5.5,4.8,14.7,14.6,15.8,93.3,4.5,10.9,,,,,,,,,
735,Université de Rennes 1 (University of Rennes),France,Europe,QS,,,,14.9,5.2,11.6,28.3,11.9,11.0,88.1,6.8,6.9,,,,,,,,,
736,University of Modena and Reggio Emilia,Italy,Europe,QS,,,,8.6,4.0,2.9,49.7,4.0,3.6,53.3,15.2,23.2,,,,,,,,,
737,University of Trieste,Italy,Europe,QS,,,,11.7,4.0,3.6,43.3,7.3,7.9,70.4,14.6,2.6,,,,,,,,,
738,Universitat Rovira i Virgili,Spain,Europe,QS,,,,6.4,2.3,15.2,37.9,7.2,19.0,77.5,1.8,31.6,,,,,,,,,
739,Université Côte d\'Azur,France,Europe,QS,,,,15.5,4.1,5.7,18.3,29.3,38.3,78.4,8.9,18.4,,,,,,,,,
740,University of Belgrade,Serbia,Europe,QS,,,,17.6,8.4,4.6,5.3,2.8,4.0,95.2,96.4,3.7,,,,,,,,,
741,Altai State University,Russia,Europe,QS,,,,11.7,3.3,87.5,1.4,6.3,60.0,18.8,1.9,10.1,,,,,,,,,
742,Carleton University,Canada,Americas,QS,,,,11.1,13.5,3.8,15.6,13.2,43.7,67.3,34.3,26.3,,,,,,,,,
743,Universidad Católica Andres Bello,Venezuela,Americas,QS,,582.0,,28.4,50.8,4.3,1.0,3.5,2.7,,18.9,,,,,,,,,,
744,Universidad de Montevideo (UM),Uruguay,Americas,QS,,,,18.6,16.1,79.7,1.1,21.5,3.1,3.0,6.5,,,,,,,,,,
745,Universität Regensburg,Germany,Europe,QS,,,,10.3,6.0,80.0,6.1,,8.5,69.1,15.3,2.0,,,,,,,,,
746,Universiti Malaysia Pahang,Malaysia,Asia,QS,,,,10.8,5.3,15.8,35.0,22.1,8.6,54.7,4.0,17.7,,,,,,,,,
747,University of Central Florida,United States,Americas,QS,,593.0,,13.7,23.0,2.9,23.6,9.5,4.3,72.2,9.2,12.1,,,,,,,,,
748,University of the West of England,United Kingdom,Europe,QS,,,,9.0,9.0,7.5,11.9,46.9,75.3,76.1,2.1,14.3,,,,,,,,,
749,University of Westminster,United Kingdom,Europe,QS,,,,11.5,6.8,5.7,5.1,77.4,100.0,35.4,21.7,1.7,,,,,,,,,
750,V. N. Karazin Kharkiv National University,Ukraine,Europe,QS,,,,12.6,16.9,64.6,1.4,3.3,55.7,29.4,4.0,4.9,,,,,,,,,
751,Victoria University,Australia,Oceania,QS,,,,6.9,6.1,2.4,34.1,32.7,41.5,44.9,6.4,34.8,,,,,,,,,
752,Vytautas Magnus University,Lithuania,Europe,QS,,,,10.4,16.8,41.8,2.4,26.7,47.8,48.1,21.6,6.7,,,,,,,,,
753,Wake Forest University,United States,Americas,QS,,,,5.1,6.3,100.0,8.6,3.2,10.9,42.8,15.4,1.7,,,,,,,,,
754,Instituto Tecnológico Autónomo de México (ITAM),Mexico,Americas,QS,,,,15.2,31.0,13.9,1.6,51.0,1.4,7.7,77.1,1.0,,,,,,,,,
755,Kaunas University of Technology,Lithuania,Europe,QS,,,,11.2,18.5,31.1,7.9,3.5,28.6,64.2,23.2,16.1,,,,,,,,,
756,Technische Universität Braunschweig,Germany,Europe,QS,,,,10.9,14.3,55.5,5.5,,24.2,66.4,12.6,7.3,,,,,,,,,
757,Tokyo University of Science,Japan,Asia,QS,,,,10.4,51.5,9.4,10.0,12.5,3.7,20.3,41.0,2.4,,,,,,,,,
758,Universidade de Brasília,Brazil,Americas,QS,,,,25.3,7.9,7.1,4.2,10.8,1.5,67.5,29.6,35.1,,,,,,,,,
759,Universita' Politecnica delle Marche,Italy,Europe,QS,,,,5.9,2.8,10.1,48.4,4.9,6.3,77.7,1.9,6.4,,,,,,,,,
760,University of Calcutta,India,Asia,QS,,,,17.1,6.5,5.5,21.4,24.7,1.1,56.0,49.8,1.5,,,,,,,,,
761,University of Engineering & Technology (UET) Lahore,Pakistan,Asia,QS,,,,10.0,43.2,18.0,6.7,1.1,1.8,41.6,47.7,7.5,,,,,,,,,
762,University of Malta,Malta,Europe,QS,,,,6.1,4.6,31.7,7.2,18.0,19.2,75.9,95.9,1.9,,,,,,,,,
763,University of Messina (UniME),Italy,Europe,QS,,,,8.4,2.3,14.2,36.7,1.3,6.0,75.6,1.6,36.6,,,,,,,,,
764,"Adam Mickiewicz University, Poznan",Poland,Europe,QS,,,,16.0,9.1,33.3,4.8,7.7,8.3,86.7,7.5,31.6,,,,,,,,,
765,Bangladesh University of Engineering and Technology,Bangladesh,Asia,QS,,,,16.9,36.6,13.6,14.9,,1.0,25.1,22.2,1.2,,,,,,,,,
766,King Faisal University,Saudi Arabia,Asia,QS,,,,16.4,12.7,14.5,2.7,98.0,3.9,59.3,8.7,1.5,,,,,,,,,
767,Nanjing University of Aeronautics and Astronautics,China (Mainland),Asia,QS,,,,5.5,3.4,12.4,57.8,5.3,3.0,39.7,1.4,1.6,,,,,,,,,
768,University of Cincinnati,United States,Americas,QS,,,,11.0,6.0,19.4,22.9,4.3,12.4,69.0,25.3,22.5,,,,,,,,,
769,"University of Colorado, Denver",United States,Americas,QS,,,,8.2,6.1,100.0,3.6,3.4,8.1,45.7,5.6,3.8,,,,,,,,,
770,University of Patras,Greece,Europe,QS,,,,11.7,17.1,2.7,27.0,1.4,4.8,60.6,3.7,44.9,,,,,,,,,
771,Addis Ababa University,Ethiopia,Africa,QS,,,,6.4,9.3,58.8,1.7,,,55.2,95.5,3.3,,,,,,,,,
772,Bournemouth University,United Kingdom,Europe,QS,,,,5.8,6.4,6.1,16.4,80.3,47.1,72.6,4.8,5.3,,,,,,,,,
773,Chiba University,Japan,Asia,QS,,,,16.6,8.5,66.1,8.8,7.5,4.3,28.9,3.8,8.7,,,,,,,,,
774,China University of Geosciences,China (Mainland),Asia,QS,,,,5.1,1.4,53.6,31.8,1.5,2.7,67.0,1.4,4.0,,,,,,,,,
775,Colegio de México,Mexico,Americas,QS,,,,14.9,2.5,100.0,1.7,8.5,16.4,9.6,3.2,1.0,,,,,,,,,
776,Holy Spirit University of Kaslik,Lebanon,Asia,QS,,,,6.7,6.4,62.3,2.1,98.9,37.8,6.5,5.7,1.1,,,,,,,,,
777,Universidad del Rosario,Colombia,Americas,QS,,,,15.8,28.5,24.2,2.5,7.2,2.7,31.8,41.1,24.5,,,,,,,,,
778,Université de Tunis El Manar,Tunisia,Africa,QS,,,,9.4,4.3,26.0,5.1,39.5,7.8,82.1,54.1,16.3,,,,,,,,,
779,"University of Maryland, Baltimore County",United States,Americas,QS,,,,10.2,6.8,14.1,13.5,49.8,25.8,45.0,4.5,57.7,,,,,,,,,
780,University of Pecs,Hungary,Europe,QS,,,,14.3,11.9,41.4,2.8,9.3,64.3,40.3,4.0,11.3,,,,,,,,,
781,Verona University,Italy,Europe,QS,,,,9.1,2.7,4.1,41.6,4.5,4.2,71.0,3.1,22.5,,,,,,,,,
782,Babes-Bolyai University,Romania,Europe,QS,,,,15.5,19.5,5.3,4.4,7.8,3.8,80.1,26.7,42.7,,,,,,,,,
783,Kasetsart University,Thailand,Asia,QS,,,,25.2,18.6,6.5,2.5,4.3,1.3,51.9,18.5,33.9,,,,,,,,,
784,National University of Uzbekistan,Uzbekistan,Asia,QS,,,,25.5,15.8,5.2,1.3,89.0,2.5,11.8,20.4,1.4,,,,,,,,,
785,Qassim University,Saudi Arabia,Asia,QS,,,,10.6,5.0,33.9,1.8,98.3,7.9,68.3,2.4,9.3,,,,,,,,,
786,Texas Tech University,United States,Americas,QS,,,,10.9,10.6,6.2,11.3,36.6,9.6,70.5,13.7,55.4,,,,,,,,,
787,The New School,United States,Americas,QS,,,,15.2,8.2,41.1,2.6,5.7,92.3,19.6,13.5,1.0,,,,,,,,,
788,Universidad de Belgrano,Argentina,Americas,QS,,,,9.4,12.7,86.6,1.0,5.4,24.1,2.5,37.4,,,,,,,,,,
789,Universidade Federal de Santa Catarina,Brazil,Americas,QS,,,,19.3,4.8,19.2,8.5,4.1,2.2,62.1,17.3,52.1,,,,,,,,,
790,University of Latvia,Latvia,Europe,QS,,,,11.5,16.7,5.9,5.3,12.1,5.1,71.5,90.4,9.8,,,,,,,,,
791,University of Mons,Belgium,Europe,QS,,,,7.1,7.0,3.4,37.3,35.0,33.7,43.7,6.1,1.6,,,,,,,,,
792,Zürcher Hochschule Winterthur,Switzerland,Europe,QS,,,,5.4,6.6,75.0,2.7,65.9,12.8,41.4,5.3,1.6,,,,,,,,,
793,Alfaisal University,Saudi Arabia,Asia,QS,,,,4.8,3.0,21.6,10.6,100.0,89.0,19.1,4.4,1.1,,,,,,,,,
794,Ivane Javakhishvili Tbilisi State University,Georgia,Asia,QS,,,,10.4,1.2,73.9,1.2,1.9,3.2,22.7,88.4,1.0,,,,,,,,,
795,Keele University,United Kingdom,Europe,QS,,,,6.0,4.4,14.4,26.2,51.6,30.7,62.9,6.9,3.1,,,,,,,,,
796,New Jersey Institute of Technology (NJIT),United States,Americas,QS,,,,4.8,6.7,10.2,30.4,31.5,52.9,29.1,5.1,26.5,,,,,,,,,
797,Sechenov University,Russia,Europe,QS,,,,5.3,5.0,57.4,4.3,9.0,63.0,83.6,1.9,1.0,,,,,,,,,
798,Universidad de Antioquia,Colombia,Americas,QS,,,,29.1,20.8,4.1,4.3,3.7,1.2,48.1,20.4,2.9,,,,,,,,,
799,University of Kentucky,United States,Americas,QS,,,,11.1,9.8,15.3,23.5,12.9,3.3,75.4,13.9,10.1,,,,,,,,,
800,University of New Mexico,United States,Americas,QS,,,,10.5,8.0,43.5,14.9,8.2,4.0,73.1,7.3,11.0,,,,,,,,,
801,Vellore Institute of Technology (VIT),India,Asia,QS,,,,12.7,16.1,7.3,18.9,8.9,2.9,76.9,6.1,29.6,,,,,,,,,
802,Wayne State University,United States,Americas,QS,,,,7.6,3.4,62.1,10.6,13.3,5.4,73.6,19.4,3.1,,,,,,,,,
803,Al-Ahliyya Amman University,Jordan,Asia,QS,,,,9.6,10.1,9.4,2.7,75.5,100.0,16.9,4.6,1.5,,,,,,,,,
804,Alexandria University,Egypt,Africa,QS,,,,23.1,18.3,4.5,2.0,1.7,4.8,76.4,24.3,6.9,,,,,,,,,
805,Ankara Üniversitesi,Turkey,Asia,QS,,,,20.2,16.8,7.8,2.6,2.3,4.6,70.6,53.5,2.9,,,,,,,,,
806,Asia University Taiwan,Taiwan,Asia,QS,,,,5.9,1.8,3.6,52.5,9.9,3.2,57.1,2.0,1.7,,,,,,,,,
807,Beijing University of Technology,China (Mainland),Asia,QS,,,,7.7,4.9,38.2,33.1,4.7,1.8,31.9,4.2,1.6,,,,,,,,,
808,Belarusian National Technical University (BNTU),Belarus,Europe,QS,,,,14.8,26.7,51.0,1.0,2.1,34.1,5.1,5.6,,,,,,,,,,
809,"Birla Institute of Technology and Science, Pilani",India,Asia,QS,,,,11.0,19.7,8.0,20.4,2.2,2.5,37.6,25.4,30.4,,,,,,,,,
810,Edinburgh Napier University,United Kingdom,Europe,QS,,,,5.0,5.0,4.0,11.8,77.5,86.0,60.1,4.9,2.2,,,,,,,,,
811,Gdansk University of Technology,Poland,Europe,QS,,,,9.4,15.2,29.6,12.7,5.3,4.0,65.8,3.2,33.3,,,,,,,,,
812,Huazhong Agricultural University,China (Mainland),Asia,QS,,,,4.2,2.1,6.0,59.7,3.7,1.6,31.6,3.0,2.9,,,,,,,,,
813,Immanuel Kant Baltic Federal University,Russia,Europe,QS,,,,7.6,2.5,79.4,1.8,21.8,40.2,35.2,1.9,1.2,,,,,,,,,
814,Instituto Politécnico Nacional (IPN),Mexico,Americas,QS,,,,19.1,28.8,9.1,2.0,2.2,1.1,46.0,6.8,35.7,,,,,,,,,
815,Jouf University,Saudi Arabia,Asia,QS,,,,11.7,5.1,37.1,2.3,100.0,2.6,43.5,2.4,1.0,,,,,,,,,
816,Khoja Akhmet Yassawi International Kazakh-Turkish University,Kazakhstan,Asia,QS,,,,16.7,27.9,44.6,1.2,7.1,16.3,3.2,7.7,1.5,,,,,,,,,
817,Kuwait University,Kuwait,Asia,QS,,,,14.7,7.9,6.8,2.9,20.4,19.4,39.3,93.8,17.1,,,,,,,,,
818,Liverpool John Moores University,United Kingdom,Europe,QS,,,,10.0,6.8,8.0,12.3,46.7,22.4,87.7,5.4,13.6,,,,,,,,,
819,London South Bank University,United Kingdom,Europe,QS,,,,3.3,2.9,9.1,4.4,87.1,96.8,47.6,8.5,15.4,,,,,,,,,
820,Maynooth University,Ireland,Europe,QS,,,,10.4,7.7,9.2,12.7,87.4,16.7,48.5,9.2,6.4,,,,,,,,,
821,"National Technical University of Ukraine ""Igor Sikorsky Kyiv Polytechnic Institute""",Ukraine,Europe,QS,,,,16.2,31.8,37.4,1.5,1.0,2.0,20.4,21.3,4.3,,,,,,,,,
822,Ocean University of China,China (Mainland),Asia,QS,,,,5.4,2.7,9.4,50.5,3.2,1.9,51.1,3.0,4.0,,,,,,,,,
823,Philipps-Universität Marburg,Germany,Europe,QS,,,,12.7,8.8,5.2,25.0,14.9,20.7,61.6,4.8,5.1,,,,,,,,,
824,Pontificia Universidad Católica de Valparaíso,Chile,Americas,QS,,,,27.0,24.4,4.7,6.6,11.3,1.6,39.9,8.7,1.6,,,,,,,,,
825,Rutgers UniversityNewark,United States,Americas,QS,,,,10.1,4.9,17.5,17.6,25.3,32.7,27.9,36.9,29.3,,,,,,,,,
826,Syracuse University,United States,Americas,QS,,,,12.9,8.7,11.6,10.6,5.8,39.3,55.5,42.7,11.6,,,,,,,,,
827,The Catholic University of Korea,South Korea,Asia,QS,,,,4.5,2.9,98.6,14.1,3.8,22.5,10.5,1.9,6.5,,,,,,,,,
828,Toronto Metropolitan University,Canada,Americas,QS,,,,8.0,12.0,1.8,26.4,35.4,8.1,57.0,15.1,3.8,,,,,,,,,
829,TU Dortmund University,Germany,Europe,QS,,,,14.1,16.0,28.1,6.2,22.4,17.1,61.1,6.8,3.7,,,,,,,,,
830,Universidad Anáhuac México,Mexico,Americas,QS,,,,13.1,20.4,50.0,1.1,5.3,3.0,5.8,61.8,1.0,,,,,,,,,
831,Universidad Iberoamericana IBERO,Mexico,Americas,QS,,,,18.5,24.3,32.3,1.3,5.4,2.2,5.2,63.6,1.1,,,,,,,,,
832,Universidad San Francisco de Quito (USFQ),Ecuador,Americas,QS,,,,16.0,8.6,40.1,2.4,53.1,1.9,24.9,13.2,21.5,,,,,,,,,
833,Università degli Studi di Perugia,Italy,Europe,QS,,,,9.1,2.3,3.5,40.9,6.4,5.4,65.9,1.7,11.5,,,,,,,,,
834,Universitas Brawijaya,Indonesia,Asia,QS,,,,19.2,42.4,11.5,1.4,13.7,1.4,19.6,13.1,9.0,,,,,,,,,
835,Universität Duisburg-Essen,Germany,Europe,QS,,,,11.3,4.2,13.2,11.2,35.0,39.4,81.4,12.2,5.9,,,,,,,,,
836,Universität Rostock,Germany,Europe,QS,,,,7.3,2.9,84.4,5.2,,13.2,68.8,4.4,3.4,,,,,,,,,
837,Université de Lorraine,France,Europe,QS,,,,13.6,3.3,7.0,12.9,27.6,27.4,95.9,14.8,11.8,,,,,,,,,
838,Universiti Tunku Abdul Rahman (UTAR),Malaysia,Asia,QS,,,,14.0,30.9,12.4,5.8,12.7,4.9,45.5,3.8,26.5,,,,,,,,,
839,University of Alaska Fairbanks,United States,Americas,QS,,,,2.7,2.0,98.8,12.9,4.8,3.0,42.6,4.2,2.5,,,,,,,,,
840,University of Alicante,Spain,Europe,QS,,,,13.5,6.7,25.3,7.7,7.3,12.8,71.7,7.6,31.3,,,,,,,,,
841,University of Baghdad,Iraq,Asia,QS,,,,11.0,16.9,24.6,1.5,2.4,1.1,63.5,72.7,3.1,,,,,,,,,
842,University of Bari,Italy,Europe,QS,,,,12.4,3.0,4.6,25.0,4.9,2.0,81.6,7.7,25.7,,,,,,,,,
843,University of Brighton,United Kingdom,Europe,QS,,,,7.9,6.1,8.5,14.9,54.8,51.1,72.5,6.1,6.5,,,,,,,,,
844,University of Bucharest,Romania,Europe,QS,,,,15.2,19.5,7.1,4.2,2.6,2.0,69.1,53.4,25.7,,,,,,,,,
845,University of Hyderabad,India,Asia,QS,,,,13.2,3.0,14.5,41.5,1.9,2.0,27.0,3.1,1.2,,,,,,,,,
846,University of Oregon,United States,Americas,QS,,,,18.3,9.4,9.4,18.5,7.6,3.6,53.4,23.3,16.1,,,,,,,,,
847,University of Petroleum and Energy Studies (UPES),India,Asia,QS,,,,21.8,6.1,39.5,3.4,18.2,1.2,56.9,1.9,1.0,,,,,,,,,
848,University of Salerno,Italy,Europe,QS,,,,8.6,2.4,5.6,37.1,3.3,1.6,87.4,4.0,19.2,,,,,,,,,
849,University of Stavanger,Norway,Europe,QS,,,,7.1,5.8,84.6,5.0,,,69.6,10.0,5.1,,,,,,,,,
850,University of Ulsan,South Korea,Asia,QS,,,,5.0,2.3,60.0,33.6,2.0,2.4,28.8,3.8,5.6,,,,,,,,,
851,Wuhan University of Technology,China (Mainland),Asia,QS,,,,6.9,2.5,11.5,47.0,,2.5,51.0,5.8,1.5,,,,,,,,,
852,AGH University of Science and Technology,Poland,Europe,QS,,,,9.6,13.9,41.5,6.5,2.9,5.3,75.6,3.2,1.7,,,,,,,,,
853,Al-Quds University,"Palestinian Territory, Occupied",Asia,QS,,,,5.8,14.6,12.7,1.7,61.5,66.8,30.6,23.5,3.0,,,,,,,,,
854,Applied Science Private University - Jordan,Jordan,Asia,QS,,,,9.9,15.7,28.6,3.1,39.3,59.7,10.4,4.6,1.8,,,,,,,,,
855,Charles Sturt University,Australia,Oceania,QS,,,,5.1,5.4,8.2,8.1,45.4,47.9,53.4,7.4,41.7,,,,,,,,,
856,Chonnam National University,South Korea,Asia,QS,,,,9.3,4.7,45.4,12.4,9.0,7.3,28.5,4.7,44.3,,,,,,,,,
857,Chungnam National University,South Korea,Asia,QS,,,,8.8,7.8,46.3,10.7,7.2,9.2,32.7,5.0,25.7,,,,,,,,,
858,Clarkson University,United States,Americas,QS,,,,1.3,1.9,13.5,41.8,48.5,15.0,30.6,7.9,1.2,,,,,,,,,
859,CY Cergy Paris University,France,Europe,QS,,,,3.7,2.5,49.5,5.0,47.2,45.9,46.0,1.5,1.4,,,,,,,,,
860,Donghua University,China (Mainland),Asia,QS,,,,3.8,1.6,25.5,47.3,2.2,3.1,31.1,3.7,1.1,,,,,,,,,
861,Georgia State University,United States,Americas,QS,,,,11.3,14.2,4.3,22.4,4.8,10.4,62.3,18.2,7.2,,,,,,,,,
862,Gulf University for Science and Technology,Kuwait,Asia,QS,,,,14.6,9.3,11.2,4.8,100.0,27.7,9.3,11.0,1.1,,,,,,,,,
863,Jamia Millia Islamia,India,Asia,QS,,,,9.3,3.1,33.6,26.0,3.2,5.2,43.0,1.9,1.6,,,,,,,,,
864,Kansas State University,United States,Americas,QS,,,,8.2,6.7,10.3,22.1,10.1,4.6,74.9,13.5,10.2,,,,,,,,,
865,Karaganda State Technical University,Kazakhstan,Asia,QS,,,,9.7,7.7,84.6,1.1,10.0,18.8,2.4,5.8,1.2,,,,,,,,,
866,Kyrgyz Russian Slavic University,Kyrgyzstan,Asia,QS,,,,9.3,7.0,99.8,1.0,,,3.1,24.1,,,,,,,,,,
867,Mendel University in Brno,Czechia,Europe,QS,,,,6.2,6.5,55.1,4.1,11.2,32.1,59.1,3.8,1.2,,,,,,,,,
868,Nagasaki University,Japan,Asia,QS,,,,6.9,2.3,81.0,6.3,5.8,4.7,49.2,3.0,2.1,,,,,,,,,
869,Northwest Agriculture and Forestry University,China (Mainland),Asia,QS,,,,4.5,1.4,28.5,36.8,,1.4,58.8,3.0,1.6,,,,,,,,,
870,North-West University,South Africa,Africa,QS,,,,7.4,11.0,4.9,14.9,6.6,2.0,92.9,16.7,28.4,,,,,,,,,
871,Okayama University,Japan,Asia,QS,,,,8.9,3.7,61.3,7.7,6.1,6.3,52.5,2.9,14.5,,,,,,,,,
872,Oklahoma State University,United States,Americas,QS,,,,8.3,8.1,9.2,13.3,49.9,6.1,66.8,17.3,9.4,,,,,,,,,
873,Pavol Jozef afárik University in Koice,Slovakia,Europe,QS,,,,4.7,5.1,59.7,3.0,5.1,65.3,41.7,4.6,1.0,,,,,,,,,
874,Poznan University of Life Sciences,Poland,Europe,QS,,,,5.6,2.2,94.3,6.4,1.9,7.9,31.0,3.3,1.1,,,,,,,,,
875,Shahid Beheshti University (SBU),"Iran, Islamic Republic of",Asia,QS,,,,7.9,7.3,4.1,33.3,1.6,1.6,64.7,19.0,1.5,,,,,,,,,
876,Swarthmore College,United States,Americas,QS,,,,3.4,2.4,88.8,11.7,8.7,21.6,12.3,15.2,1.0,,,,,,,,,
877,Technological University Dublin,Ireland,Europe,QS,,,,12.6,13.1,12.3,3.1,31.8,38.8,43.9,16.2,28.2,,,,,,,,,
878,Thapar Institute of Engineering & Technology,India,Asia,QS,,,,4.7,4.4,8.8,46.1,5.2,1.8,31.1,3.1,11.8,,,,,,,,,
879,Tokyo University of Agriculture and Technology,Japan,Asia,QS,,,,13.8,7.4,12.9,30.5,5.4,7.1,40.4,1.9,1.3,,,,,,,,,
880,Universidad de Valladolid,Spain,Europe,QS,,,,10.5,3.8,34.4,4.3,7.0,3.6,80.2,11.9,43.9,,,,,,,,,
881,Universidad ORT Uruguay,Uruguay,Americas,QS,,,,11.2,12.4,79.0,1.1,15.8,1.9,3.4,5.7,1.0,,,,,,,,,
882,Universita' degli Studi di Ferrara,Italy,Europe,QS,,,,6.7,2.6,2.6,34.6,2.9,3.6,70.0,4.1,27.3,,,,,,,,,
883,Université de Nantes,France,Europe,QS,,,,10.4,3.4,7.8,21.4,19.8,15.1,87.3,2.8,7.5,,,,,,,,,
884,Université de Sherbrooke,Canada,Americas,QS,,,,6.8,4.2,18.8,16.9,54.7,7.6,43.0,23.4,8.0,,,,,,,,,
885,Université du Québec,Canada,Americas,QS,,,,15.3,7.6,1.8,10.9,32.9,11.0,62.6,21.6,9.9,,,,,,,,,
886,University at Albany SUNY,United States,Americas,QS,,,,8.1,4.5,5.4,33.9,3.9,7.2,66.0,4.2,13.2,,,,,,,,,
887,University Duesseldorf,Germany,Europe,QS,,,,12.3,8.5,44.3,7.2,,14.1,66.2,3.8,2.2,,,,,,,,,
888,University of Dubai,United Arab Emirates,Asia,QS,,,,5.2,4.2,10.6,11.0,100.0,72.0,8.2,10.2,1.0,,,,,,,,,
889,UNIVERSITY OF GDANSK,Poland,Europe,QS,,,,12.0,6.2,34.9,3.9,4.8,2.4,70.6,14.1,25.7,,,,,,,,,
890,University of Ghana,Ghana,Africa,QS,,,,11.5,7.6,1.9,5.3,4.5,1.7,72.8,95.4,7.6,,,,,,,,,
891,University of Hertfordshire,United Kingdom,Europe,QS,,,,4.4,3.7,5.9,5.2,62.0,100.0,58.8,10.1,2.1,,,,,,,,,
892,University of Lincoln,United Kingdom,Europe,QS,,,,5.9,4.7,7.9,9.9,74.0,47.2,58.5,4.8,10.1,,,,,,,,,
893,University of Mississippi,United States,Americas,QS,,,,4.2,2.0,83.0,5.5,6.1,2.9,58.0,3.6,1.7,,,,,,,,,
894,University of Palermo,Italy,Europe,QS,,,,11.1,2.3,4.4,32.2,2.4,1.9,81.6,4.5,5.7,,,,,,,,,
895,University of Santo Tomas,Philippines,Asia,QS,,,,12.8,39.9,12.5,1.3,34.9,5.8,18.1,14.1,2.4,,,,,,,,,
896,University of South Africa,South Africa,Africa,QS,,,,10.6,7.2,1.1,7.3,,7.3,91.0,92.8,3.1,,,,,,,,,
897,University of Wroclaw,Poland,Europe,QS,,,,14.9,12.6,32.1,3.9,5.0,8.4,54.3,12.0,9.3,,,,,,,,,
898,"Vietnam National University, Hanoi",Vietnam,Asia,QS,,,,15.3,18.7,7.6,2.4,5.5,1.2,61.0,60.1,6.4,,,,,,,,,
899,Vilnius Gediminas Technical University,Lithuania,Europe,QS,,,,8.7,13.8,37.7,7.8,14.7,32.9,41.4,6.9,2.0,,,,,,,,,
900,Virginia Commonwealth University,United States,Americas,QS,,,,7.1,8.5,38.8,12.8,9.7,3.2,73.5,8.2,8.5,,,,,,,,,
901,Yildiz Technical University,Turkey,Asia,QS,,,,9.7,24.7,4.2,12.2,9.1,18.5,38.9,19.9,35.1,,,,,,,,,
902,Australian Catholic University,Australia,Oceania,QS,,,,8.2,8.9,5.1,12.1,71.0,41.7,33.9,1.7,2.7,,,,,,,,,
903,Beijing Jiaotong University,China (Mainland),Asia,QS,,,,9.7,5.4,15.2,31.8,4.7,9.6,29.1,9.6,1.2,,,,,,,,,
904,Beijing University of Posts and Telecommunications,China (Mainland),Asia,QS,,,,3.2,2.6,10.2,49.3,4.7,1.7,18.7,13.5,1.4,,,,,,,,,
905,Catania University,Italy,Europe,QS,,,,11.6,3.0,5.4,23.4,3.5,4.5,71.3,5.7,3.6,,,,,,,,,
906,Future University in Egypt,Egypt,Africa,QS,,,,4.8,34.7,34.9,2.0,11.7,21.7,40.0,2.9,1.1,,,,,,,,,
907,Gazi Üniversitesi,Turkey,Asia,QS,,,,18.6,15.3,6.0,4.4,1.0,3.3,56.0,18.2,20.1,,,,,,,,,
908,Georgian Technical University,Georgia,Asia,QS,,,,7.1,6.6,1.0,46.9,,,5.4,25.9,1.0,,,,,,,,,
909,German Jordanian University,Jordan,Asia,QS,,,,8.6,15.1,21.4,5.6,65.3,16.3,17.8,8.5,1.5,,,,,,,,,
910,Imam Mohammad Ibn Saud Islamic University  IMSIU,Saudi Arabia,Asia,QS,,,,14.8,7.6,17.4,1.5,46.2,4.2,41.9,26.5,1.0,,,,,,,,,
911,Kanazawa University,Japan,Asia,QS,,,,10.5,3.9,55.1,12.2,8.1,5.8,31.9,1.8,1.6,,,,,,,,,
912,Karaganda Buketov University,Kazakhstan,Asia,QS,,,,15.6,24.5,41.3,1.1,13.1,5.2,7.5,7.8,1.0,,,,,,,,,
913,Kyrgyz-Turkish Manas University,Kyrgyzstan,Asia,QS,,,,15.1,10.9,10.7,1.7,90.5,19.7,7.1,5.7,1.0,,,,,,,,,
914,Louisiana State University,United States,Americas,QS,,,,9.5,6.7,7.8,12.9,8.6,3.8,52.3,18.8,52.8,,,,,,,,,
915,Makerere University,Uganda,Africa,QS,,,,11.0,4.2,3.4,4.5,9.6,7.5,64.8,98.3,3.5,,,,,,,,,
916,"Manipal Academy of Higher Education, Manipal, Karnataka, India",India,Asia,QS,,,,10.9,8.2,42.9,4.4,1.8,7.7,61.2,6.2,16.5,,,,,,,,,
917,Michigan Technological University,United States,Americas,QS,,,,4.8,3.7,27.1,28.6,11.4,11.1,52.1,3.1,1.9,,,,,,,,,
918,National Research Saratov State University,Russia,Europe,QS,,,,5.0,2.7,96.7,1.7,3.0,16.6,19.1,1.8,1.0,,,,,,,,,
919,Nicolaus Copernicus University,Poland,Europe,QS,,,,7.6,2.6,53.2,4.9,3.1,5.3,81.3,3.1,1.7,,,,,,,,,
920,North South University,Bangladesh,Asia,QS,,,,13.3,48.1,6.1,2.7,7.9,1.1,24.5,6.6,1.5,,,,,,,,,
921,Osaka Metropolitan University,Japan,Asia,QS,,,,12.4,11.6,51.3,6.5,4.6,3.1,29.3,5.9,1.1,,,,,,,,,
922,Princess Sumaya University for Technology,Jordan,Asia,QS,,,,9.1,25.3,11.9,5.1,47.3,50.0,6.0,5.1,1.2,,,,,,,,,
923,Ritsumeikan Asia Pacific University,Japan,Asia,QS,,,,6.1,8.3,2.6,2.5,99.9,99.4,3.7,1.9,1.0,,,,,,,,,
924,Robert Gordon University,United Kingdom,Europe,QS,,,,3.7,11.5,5.6,5.3,62.6,74.1,35.8,5.6,5.8,,,,,,,,,
925,South Ural State University (National Research University),Russia,Europe,QS,,,,8.4,4.7,44.1,3.6,4.5,13.4,84.1,4.2,1.6,,,,,,,,,
926,Universidad Católica del Uruguay (UCU),Uruguay,Americas,QS,,,,12.5,12.8,64.4,1.2,9.5,2.8,6.4,15.1,1.0,,,,,,,,,
927,"Universidad Central ""Marta Abreu"" de Las Villas",Cuba,Americas,QS,,,,5.3,1.4,99.7,1.2,1.1,1.2,17.4,21.8,1.0,,,,,,,,,
928,Universidad EAFIT,Colombia,Americas,QS,,,,12.9,42.8,4.9,2.3,3.1,1.4,11.3,44.4,4.8,,,,,,,,,
929,Universidad Externado de Colombia,Colombia,Americas,QS,,,,13.0,28.9,36.4,1.1,10.5,1.5,4.3,26.4,1.0,,,,,,,,,
930,Universidad Nacional de Córdoba - UNC,Argentina,Americas,QS,,,,26.4,14.0,6.2,1.6,1.4,1.5,44.4,10.1,1.7,,,,,,,,,
931,Universidad Nacional Mayor de San Marcos,Peru,Americas,QS,,,,20.6,22.9,7.9,1.3,,,33.2,38.6,1.1,,,,,,,,,
932,Universidad Pontificia Bolivariana,Colombia,Americas,QS,,,,8.4,8.8,74.7,1.7,3.8,2.3,10.0,22.0,1.6,,,,,,,,,
933,Universidade Católica Portuguesa - UCP,Portugal,Europe,QS,,,,13.0,13.6,11.9,6.1,9.3,30.2,27.8,43.2,5.8,,,,,,,,,
934,Universidade de Vigo,Spain,Europe,QS,,,,8.9,5.3,9.4,18.0,2.1,4.8,79.9,3.8,39.8,,,,,,,,,
935,Università degli Studi della Tuscia (University of Tuscia),Italy,Europe,QS,,,,4.6,1.2,5.6,43.6,13.7,10.4,32.4,2.0,2.2,,,,,,,,,
936,Università degli studi Roma Tre,Italy,Europe,QS,,,,17.4,8.0,2.2,12.1,8.5,4.2,62.5,7.1,19.7,,,,,,,,,
937,"University of Alabama, Birmingham",United States,Americas,QS,,,,5.8,4.2,56.0,16.8,,,54.5,1.7,2.0,,,,,,,,,
938,University of Calabria,Italy,Europe,QS,,,,6.8,2.3,5.5,22.6,8.3,6.2,81.4,1.7,29.6,,,,,,,,,
939,University of East London,United Kingdom,Europe,QS,,,,3.6,3.6,3.1,6.2,73.1,100.0,33.3,7.6,1.1,,,,,,,,,
940,University of Hail,Saudi Arabia,Asia,QS,,,,5.2,1.9,39.4,2.4,100.0,3.0,43.3,2.3,1.5,,,,,,,,,
941,University of Lodz,Poland,Europe,QS,,,,11.5,4.1,39.5,3.4,4.0,11.3,70.9,16.3,1.9,,,,,,,,,
942,University of Maribor,Slovenia,Europe,QS,,,,8.0,6.6,29.2,6.8,1.8,13.0,61.0,33.4,9.1,,,,,,,,,
943,University of Murcia,Spain,Europe,QS,,,,11.7,2.9,24.5,6.8,1.7,3.9,79.8,3.7,44.9,,,,,,,,,
944,University of Nairobi,Kenya,Africa,QS,,,,10.0,11.7,20.1,1.8,,,50.1,92.5,1.8,,,,,,,,,
945,University of Peshawar,Pakistan,Asia,QS,,,,6.9,9.9,34.3,21.4,,1.9,42.9,15.3,1.1,,,,,,,,,
946,University of Salford,United Kingdom,Europe,QS,,,,6.8,3.9,6.4,6.9,36.7,69.8,63.6,9.6,5.8,,,,,,,,,
947,University Paris 2 Panthéon-Assas,France,Europe,QS,,,,7.1,3.5,62.1,1.2,11.8,26.1,4.3,53.1,1.0,,,,,,,,,
948,Viet Nam National University Ho Chi Minh City (VNU-HCM),Vietnam,Asia,QS,,,,18.8,24.6,5.7,2.1,4.2,1.1,45.7,24.9,4.6,,,,,,,,,
949,Worcester Polytechnic Institute,United States,Americas,QS,,,,3.5,5.2,17.4,26.2,42.0,23.5,25.6,8.3,1.9,,,,,,,,,
950,Wroclaw University of Science and Technology (WRUST),Poland,Europe,QS,,,,11.7,18.9,33.7,5.3,3.4,5.0,55.5,3.2,1.3,,,,,,,,,
951,Yerevan State University,Armenia,Asia,QS,,,,7.0,2.9,51.4,1.3,5.1,1.7,20.0,87.4,1.0,,,,,,,,,
952,Yokohama City University,Japan,Asia,QS,,,,3.4,2.4,96.2,10.3,5.4,2.4,10.5,3.1,1.0,,,,,,,,,
953,Almaty Technological University,Kazakhstan,Asia,QS,,,,6.2,4.2,88.1,1.0,25.0,4.8,2.9,3.3,1.1,,,,,,,,,
954,Athens University of Economics and Business,Greece,Europe,QS,,,,7.6,29.3,1.7,20.0,1.6,3.1,14.0,20.9,2.4,,,,,,,,,
955,Auburn University,United States,Americas,QS,,,,7.1,7.7,7.6,17.2,27.6,6.0,54.7,16.4,10.9,,,,,,,,,
956,Baku State University,Azerbaijan,Asia,QS,,,,12.9,5.5,41.7,1.4,5.3,2.2,16.7,47.7,1.3,,,,,,,,,
957,Bina Nusantara University (BINUS),Indonesia,Asia,QS,,,,12.5,21.8,19.9,2.1,34.7,4.3,10.7,12.9,4.1,,,,,,,,,
958,Clark University,United States,Americas,QS,,,,2.6,2.5,18.9,16.7,13.2,84.7,20.2,13.6,6.5,,,,,,,,,
959,Clemson University,United States,Americas,QS,,,,7.3,7.0,12.6,15.2,11.6,5.2,78.5,7.7,12.3,,,,,,,,,
960,D. Serikbayev East Kazakhstan state technical university,Kazakhstan,Asia,QS,,,,13.0,7.7,64.2,1.2,14.4,2.5,2.4,3.5,1.3,,,,,,,,,
961,Ferdowsi University of Mashhad,"Iran, Islamic Republic of",Asia,QS,,,,7.0,6.0,3.5,28.2,1.3,7.1,71.7,5.2,1.7,,,,,,,,,
962,Financial University under the Government of the Russian Federation,Russia,Europe,QS,,,,5.3,9.9,39.3,1.6,4.7,19.4,32.4,47.7,5.1,,,,,,,,,
963,Hallym University,South Korea,Asia,QS,,,,2.8,1.8,94.4,6.9,3.8,2.2,5.7,1.7,1.1,,,,,,,,,
964,Indian Institute of Technology Bhubaneswar,India,Asia,QS,,,,4.3,3.5,10.0,50.2,1.5,1.0,6.8,2.1,1.9,,,,,,,,,
965,Instituto Tecnológico de Buenos Aires (ITBA),Argentina,Americas,QS,,,,8.8,24.6,39.0,1.3,17.3,12.3,2.7,22.3,,,,,,,,,,
966,Khon Kaen University,Thailand,Asia,QS,,,,17.2,10.7,7.4,4.4,5.3,2.3,50.9,4.4,31.8,,,,,,,,,
967,King Mongkut's University of Technology Thonburi,Thailand,Asia,QS,,,,13.2,6.3,13.3,8.5,9.5,3.2,36.9,2.6,41.0,,,,,,,,,
968,Kumamoto University,Japan,Asia,QS,,,,7.1,2.8,55.2,12.6,7.2,3.5,35.1,2.9,8.0,,,,,,,,,
969,Mansoura University,Egypt,Africa,QS,,,,14.1,12.0,3.3,2.6,6.7,5.7,74.7,4.4,40.4,,,,,,,,,
970,Niigata University,Japan,Asia,QS,,,,4.9,3.2,85.3,3.8,4.6,3.1,18.4,5.7,1.8,,,,,,,,,
971,Northern Borders University,Saudi Arabia,Asia,QS,,,,13.1,4.7,20.2,2.1,98.4,4.8,13.1,2.4,1.0,,,,,,,,,
972,Pontificia Universidad Católica del Ecuador (PUCE),Ecuador,Americas,QS,,,,17.3,16.2,11.5,1.3,14.2,1.7,27.1,34.0,1.0,,,,,,,,,
973,Prince of Songkla University,Thailand,Asia,QS,,,,21.6,5.6,16.4,3.3,5.3,1.9,40.3,3.9,24.2,,,,,,,,,
974,"Queen Margaret University , Edinburgh",United Kingdom,Europe,QS,,,,3.5,4.3,5.2,18.3,59.9,73.3,3.3,1.4,1.0,,,,,,,,,
975,Rhodes University,South Africa,Africa,QS,,,,6.3,7.7,12.9,12.6,,33.2,54.5,35.5,2.9,,,,,,,,,
976,Riga Stradins University,Latvia,Europe,QS,,,,6.1,13.4,14.1,1.9,22.3,90.8,15.1,11.4,1.1,,,,,,,,,
977,S.D. Asfendiyarov Kazakh National Medical University,Kazakhstan,Asia,QS,,,,6.7,4.2,59.7,1.1,10.4,64.7,3.9,3.4,1.1,,,,,,,,,
978,Saveetha Institute of Medical and Technical Sciences (deemed to be university),India,Asia,QS,,,,5.5,2.6,21.1,7.2,87.1,7.2,60.8,1.9,1.7,,,,,,,,,
979,Sophia University,Japan,Asia,QS,,,,12.7,19.9,21.9,1.8,34.5,10.8,8.6,11.7,5.2,,,,,,,,,
980,Southern Federal University,Russia,Europe,QS,,,,6.6,3.8,67.9,1.9,2.9,25.2,40.1,1.8,1.2,,,,,,,,,
981,St. Louis University,United States,Americas,QS,,,,4.4,2.6,53.2,13.5,12.7,11.0,28.7,9.0,1.7,,,,,,,,,
982,The University of Alabama,United States,Americas,QS,,,,10.0,20.3,5.3,11.9,5.3,2.5,54.9,10.7,6.7,,,,,,,,,
983,The University of Lahore,Pakistan,Asia,QS,,,,11.1,19.4,12.3,3.3,4.0,3.0,61.4,2.7,19.7,,,,,,,,,
984,Universidad Autónoma Metropolitana (UAM),Mexico,Americas,QS,,,,23.6,11.3,3.7,2.5,7.8,1.2,45.6,4.6,9.4,,,,,,,,,
985,Universidad de Córdoba - España,Spain,Europe,QS,,,,10.6,3.9,26.5,12.0,,,84.2,4.8,5.6,,,,,,,,,
986,Universidad de La Sabana,Colombia,Americas,QS,,,,21.0,25.5,14.2,2.0,3.9,1.8,13.1,10.5,1.1,,,,,,,,,
987,Universidad de León,Spain,Europe,QS,,,,6.7,3.6,51.6,4.5,2.3,7.2,44.9,2.8,38.5,,,,,,,,,
988,Universidad de los Andes - Chile,Chile,Americas,QS,,,,16.4,18.1,8.4,2.8,12.2,2.0,22.6,38.6,1.2,,,,,,,,,
989,Universidad de San Andrés - UdeSA,Argentina,Americas,QS,,,,7.7,19.7,46.0,2.2,7.5,4.1,13.2,29.8,,,,,,,,,,
990,Universidad Nacional de Rosario (UNR),Argentina,Americas,QS,,,,19.5,7.7,31.2,1.1,,6.4,26.8,10.7,1.0,,,,,,,,,
991,Universidad Técnica Federico Santa María (USM),Chile,Americas,QS,,,,9.8,33.0,3.2,5.0,13.8,1.6,41.6,13.1,7.6,,,,,,,,,
992,Universidad Torcuato Di Tella,Argentina,Americas,QS,,,,12.4,20.8,14.4,2.6,33.1,7.8,4.5,35.6,,,,,,,,,,
993,Université Sorbonne Paris Nord,France,Europe,QS,,,,9.5,4.1,4.2,29.3,,,61.0,3.9,1.4,,,,,,,,,
994,Université Toulouse 1 Capitole,France,Europe,QS,,,,13.4,4.6,1.7,6.2,25.5,50.2,52.6,6.1,1.8,,,,,,,,,
995,Universiti Pendidikan Sultan Idris (UPSI),Malaysia,Asia,QS,,,,13.1,9.9,27.5,2.7,21.3,38.3,21.1,3.9,2.2,,,,,,,,,
996,University of Bahrain,Bahrain,Asia,QS,,,,9.7,5.1,7.0,2.2,87.0,8.9,36.2,36.3,1.1,,,,,,,,,
997,University of Central Lancashire,United Kingdom,Europe,QS,,,,5.4,4.9,10.9,3.8,35.5,82.0,53.9,2.1,1.5,,,,,,,,,
998,University of Colombo,Sri Lanka,Asia,QS,,,,13.1,18.0,2.5,3.2,1.1,1.2,19.3,69.6,16.3,,,,,,,,,
999,University of Denver,United States,Americas,QS,,,,5.4,7.4,42.2,7.8,7.7,5.8,32.7,25.6,9.9,,,,,,,,,
1000,University of Parma,Italy,Europe,QS,,,,9.5,2.7,2.9,25.4,3.8,9.1,69.4,9.2,2.3,,,,,,,,,
1001,University of Regina,Canada,Americas,QS,,,,3.3,2.5,3.9,21.0,7.3,38.3,39.1,4.1,44.6,,,,,,,,,
1002,University of South Bohemia,Czechia,Europe,QS,,,,5.2,2.3,56.0,5.7,21.5,11.4,55.3,1.6,5.7,,,,,,,,,
1003,University of the Western Cape,South Africa,Africa,QS,,,,8.6,5.3,4.1,14.1,25.2,3.7,76.8,21.0,2.2,,,,,,,,,
1004,Yarmouk University,Jordan,Asia,QS,,,,14.1,20.1,3.1,2.6,7.3,8.8,45.3,33.8,7.5,,,,,,,,,
1005,Yeungnam University,South Korea,Asia,QS,,,,3.8,2.9,13.4,26.9,34.2,7.5,43.9,2.7,1.6,,,,,,,,,
1006,Al-Azhar University,Egypt,Africa,QS,,,,13.1,10.3,11.0,1.4,1.4,9.5,58.3,22.6,1.1,,,,,,,,,
1007,Aligarh Muslim University,India,Asia,QS,,,,11.1,2.8,16.2,12.1,1.0,1.4,46.0,2.7,13.2,,,,,,,,,
1008,Amity University,India,Asia,QS,,,,9.8,10.6,10.7,7.1,3.7,21.1,61.5,4.1,10.8,,,,,,,,,
1009,Amrita Vishwa Vidyapeetham,India,Asia,QS,,,,5.8,4.7,24.0,5.7,35.5,1.6,39.7,1.7,1.1,,,,,,,,,
1010,An-Najah National University,"Palestinian Territory, Occupied",Asia,QS,,,,7.7,12.1,7.3,2.3,34.6,24.8,31.8,21.8,1.1,,,,,,,,,
1011,"Arab Academy for Science, Technology and Maritime Transport",Egypt,Africa,QS,,,,7.4,8.4,33.0,1.5,6.8,20.4,29.8,11.4,1.6,,,,,,,,,
1012,Assiut University,Egypt,Africa,QS,,,,11.4,9.8,13.6,2.2,11.8,3.5,56.0,2.5,5.4,,,,,,,,,
1013,Azerbaijan State Oil and Industry University,Azerbaijan,Asia,QS,,,,7.3,5.3,29.9,1.1,17.4,2.6,6.6,31.4,,,,,,,,,,
1014,Azerbaijan State University of Economics,Azerbaijan,Asia,QS,,,,13.0,14.5,26.1,1.2,14.2,3.4,4.6,38.6,1.9,,,,,,,,,
1015,Banaras Hindu University,India,Asia,QS,,,,13.5,8.0,12.4,9.0,1.2,1.7,56.4,8.8,2.7,,,,,,,,,
1016,Baylor University,United States,Americas,QS,,,,6.1,9.1,11.9,7.5,2.4,3.8,41.8,11.6,4.0,,,,,,,,,
1017,Bielefeld University,Germany,Europe,QS,,,,14.2,3.3,8.0,6.7,20.0,7.0,67.0,2.9,4.9,,,,,,,,,
1018,Binghamton University SUNY,United States,Americas,QS,,,,7.0,5.1,5.7,15.8,10.8,10.3,44.2,3.9,3.1,,,,,,,,,
1019,Birmingham City University,United Kingdom,Europe,QS,,,,6.2,4.4,7.3,3.2,42.0,73.8,27.2,6.5,1.4,,,,,,,,,
1020,BRAC University,Bangladesh,Asia,QS,,,,11.6,27.9,10.0,2.0,2.0,1.4,21.4,3.8,1.1,,,,,,,,,
1021,Brigham Young University,United States,Americas,QS,,,,7.5,7.0,4.8,10.4,1.3,3.0,52.4,22.2,3.8,,,,,,,,,
1022,Canterbury Christ Church University,United Kingdom,Europe,QS,,,,5.1,2.2,4.7,3.7,34.5,87.6,17.7,1.3,1.0,,,,,,,,,
1023,Chang Jung Christian University,Taiwan,Asia,QS,,,,8.5,4.6,48.4,1.6,6.1,4.4,4.8,2.0,1.1,,,,,,,,,
1024,Chung Yuan Christian University,Taiwan,Asia,QS,,,,6.3,5.3,4.3,15.6,3.9,6.7,15.1,22.4,7.9,,,,,,,,,
1025,Chungbuk National University,South Korea,Asia,QS,,,,3.8,2.7,34.1,10.3,10.5,7.7,27.4,1.7,15.4,,,,,,,,,
1026,College of William and Mary,United States,Americas,QS,,,,8.1,9.1,20.9,11.4,6.3,5.4,33.1,23.7,4.3,,,,,,,,,
1027,Corvinus University of Budapest,Hungary,Europe,QS,,,,10.3,21.6,4.7,3.1,7.3,34.8,19.3,33.5,1.0,,,,,,,,,
1028,Cracow University of Technology (Politechnika Krakowska),Poland,Europe,QS,,,,11.0,21.3,21.7,4.7,2.6,3.3,46.5,5.4,1.0,,,,,,,,,
1029,Dankook University,South Korea,Asia,QS,,,,5.8,4.0,59.2,3.0,4.2,7.1,13.0,2.9,4.1,,,,,,,,,
1030,EGE UNIVERSITY,Turkey,Asia,QS,,,,10.0,13.6,15.8,3.2,1.3,7.8,68.6,2.1,1.4,,,,,,,,,
1031,Escuela Superior Politécnica del Litoral (ESPOL),Ecuador,Americas,QS,,,,14.3,8.4,22.4,2.6,12.0,1.6,27.5,8.6,22.7,,,,,,,,,
1032,Fordham University,United States,Americas,QS,,,,6.8,8.3,14.8,5.4,6.3,13.9,23.9,29.1,1.4,,,,,,,,,
1033,Gebze Technical University (GTU),Turkey,Asia,QS,,,,4.5,3.4,7.8,18.5,6.2,3.8,37.3,2.3,3.8,,,,,,,,,
1034,George Mason University,United States,Americas,QS,,,,8.8,4.8,12.4,9.2,10.0,15.3,60.9,11.9,22.5,,,,,,,,,
1035,Gifu University,Japan,Asia,QS,,,,6.6,2.3,57.9,7.6,4.3,3.3,20.6,1.8,3.1,,,,,,,,,
1036,Glasgow Caledonian University,United Kingdom,Europe,QS,,,,5.2,5.4,4.3,6.3,30.1,34.9,37.2,6.8,23.5,,,,,,,,,
1037,Gunma University,Japan,Asia,QS,,,,3.5,1.9,85.8,4.7,4.0,3.2,8.7,1.9,1.0,,,,,,,,,
1038,Guru Gobind Singh Indraprastha University,India,Asia,QS,,,,4.5,4.4,6.6,27.7,3.7,5.1,17.3,6.4,2.2,,,,,,,,,
1039,Harbin Engineering University,China (Mainland),Asia,QS,,,,5.4,2.4,16.5,28.1,2.3,2.2,32.4,3.8,1.3,,,,,,,,,
1040,Hohai University,China (Mainland),Asia,QS,,,,4.1,1.5,7.9,16.5,,,70.7,2.2,2.4,,,,,,,,,
1041,Howard University,United States,Americas,QS,,,,7.0,9.2,38.9,3.0,1.1,4.1,31.9,18.8,1.1,,,,,,,,,
1042,Hungarian University of Agriculture and Life Sciences,Hungary,Europe,QS,,,,6.0,4.9,30.4,3.2,2.2,29.2,53.5,3.6,1.3,,,,,,,,,
1043,Indiana UniversityPurdue University Indianapolis,United States,Americas,QS,,,,7.1,4.5,22.2,10.0,28.8,6.6,33.6,3.7,6.7,,,,,,,,,
1044,International Christian University,Japan,Asia,QS,,,,5.2,11.5,19.4,1.5,76.3,4.5,10.1,12.0,,,,,,,,,,
1045,International Islamic University Islamabad (IIU),Pakistan,Asia,QS,,,,7.0,10.7,3.5,8.0,4.2,6.1,50.3,4.3,1.1,,,,,,,,,
1046,Islamic University of Madinah,Saudi Arabia,Asia,QS,,,,5.5,1.9,6.6,1.5,36.3,100.0,10.3,2.1,1.0,,,,,,,,,
1047,"ITESO, Universidad Jesuita de Guadalajara",Mexico,Americas,QS,,,,6.3,4.4,72.8,1.0,2.4,1.5,3.5,1.9,1.0,,,,,,,,,
1048,Jiangnan University,China (Mainland),Asia,QS,,,,4.4,3.3,20.0,26.7,,,44.4,1.4,1.2,,,,,,,,,
1049,Kagoshima University,Japan,Asia,QS,,,,6.1,2.9,63.6,3.5,3.8,2.8,26.6,1.7,1.0,,,,,,,,,
1050,Kangwon National University,South Korea,Asia,QS,,,,4.8,4.7,22.2,8.2,4.7,2.6,27.6,2.8,34.5,,,,,,,,,
1051,Kazakh-British Technical University,Kazakhstan,Asia,QS,,,,14.4,28.2,16.1,1.5,6.0,2.5,13.8,3.4,1.2,,,,,,,,,
1052,Kent State University,United States,Americas,QS,,,,5.5,2.9,6.2,12.7,19.2,6.6,57.1,7.6,2.8,,,,,,,,,
1053,Kyushu Institute of Technology,Japan,Asia,QS,,,,4.6,5.4,9.6,25.6,7.1,3.5,20.6,1.9,1.1,,,,,,,,,
1054,Leeds Beckett University,United Kingdom,Europe,QS,,,,4.5,5.9,3.8,7.5,39.1,27.4,24.8,8.5,1.5,,,,,,,,,
1055,Lobachevsky University,Russia,Europe,QS,,,,7.9,3.9,41.1,2.0,2.0,22.3,18.1,3.2,1.3,,,,,,,,,
1056,Lodz University of Technology,Poland,Europe,QS,,,,5.0,3.4,46.2,8.9,3.3,4.0,50.7,3.2,4.0,,,,,,,,,
1057,London Metropolitan University,United Kingdom,Europe,QS,,,,5.0,3.0,3.8,3.3,59.5,100.0,16.1,13.5,1.0,,,,,,,,,
1058,Loyola University Chicago,United States,Americas,QS,,,,8.5,17.3,23.2,7.0,6.5,3.0,39.5,13.2,1.9,,,,,,,,,
1059,Lviv Polytechnic National University,Ukraine,Europe,QS,,,,8.4,13.5,28.4,1.9,1.4,1.2,18.9,15.2,11.5,,,,,,,,,
1060,Marmara University,Turkey,Asia,QS,,,,8.1,11.4,4.4,2.4,2.9,4.2,45.3,23.9,2.7,,,,,,,,,
1061,Mississippi State University,United States,Americas,QS,,,,6.2,3.6,7.4,17.4,8.9,3.1,50.6,7.1,4.5,,,,,,,,,
1062,Multimedia University (MMU),Malaysia,Asia,QS,,,,11.0,15.4,10.9,4.7,28.5,30.3,19.6,3.8,3.7,,,,,,,,,
1063,Mustansiriyah University,Iraq,Asia,QS,,,,5.0,8.4,51.2,1.3,35.7,3.6,14.0,4.2,1.1,,,,,,,,,
1064,Mutah University,Jordan,Asia,QS,,,,9.1,11.0,11.0,1.8,10.1,32.5,25.7,7.3,1.6,,,,,,,,,
1065,Mykolas Romeris University,Lithuania,Europe,QS,,,,6.2,8.7,13.9,4.5,14.0,35.3,15.0,47.2,11.8,,,,,,,,,
1066,Nanjing Normal University,China (Mainland),Asia,QS,,,,5.0,1.8,15.8,26.8,,4.2,53.3,4.4,2.9,,,,,,,,,
1067,Narxoz University,Kazakhstan,Asia,QS,,,,9.6,7.5,12.9,1.3,14.9,6.2,1.0,60.3,1.4,,,,,,,,,
1068,National Chung Cheng University,Taiwan,Asia,QS,,,,12.5,24.9,14.5,4.9,4.7,3.5,21.4,2.7,9.9,,,,,,,,,
1069,"National Technical University ""Kharkiv Polytechnic Institute""",Ukraine,Europe,QS,,,,6.5,10.6,54.3,1.3,1.7,20.1,11.4,4.0,1.6,,,,,,,,,
1070,National University of Kyiv-Mohyla Academy (NaUKMA),Ukraine,Europe,QS,,,,5.1,10.6,44.2,1.2,2.1,1.1,6.3,13.5,1.0,,,,,,,,,
1071,NJSC KIMEP University,Kazakhstan,Asia,QS,,,,5.9,14.3,13.8,4.0,75.6,15.7,2.5,27.6,1.0,,,,,,,,,
1072,Northern Arizona University,United States,Americas,QS,,,,5.8,6.2,5.1,13.1,3.0,3.1,55.1,4.6,6.4,,,,,,,,,
1073,Northwest University (China),China (Mainland),Asia,QS,,,,4.0,1.4,48.8,17.2,3.5,2.6,33.9,3.0,1.4,,,,,,,,,
1074,O.P. Jindal Global University,India,Asia,QS,,,,8.8,10.0,53.8,1.6,18.0,1.2,8.4,3.2,2.3,,,,,,,,,
1075,Ohio University,United States,Americas,QS,,,,8.1,5.5,5.7,10.5,2.4,3.3,41.4,16.9,2.7,,,,,,,,,
1076,Panjab University,India,Asia,QS,,,,7.8,7.3,6.2,24.1,,1.7,30.9,31.8,2.4,,,,,,,,,
1077,Paul Valéry University Montpellier,France,Europe,QS,,,,11.8,2.8,2.9,5.3,5.0,32.2,48.3,2.1,2.8,,,,,,,,,
1078,Pontifícia Universidade Católica de São Paulo,Brazil,Americas,QS,,,,10.1,14.8,37.6,1.2,3.8,1.2,1.8,34.1,1.0,,,,,,,,,
1079,Poznan University of Technology,Poland,Europe,QS,,,,7.8,6.8,31.6,6.3,2.3,5.7,44.9,5.2,1.4,,,,,,,,,
1080,Rochester Institute of Technology (RIT),United States,Americas,QS,,,,7.2,10.7,19.2,6.3,4.7,16.1,36.8,9.0,34.5,,,,,,,,,
1081,Russian Presidential Academy of National Economy and Public Administration,Russia,Europe,QS,,,,4.9,7.6,47.8,1.1,1.8,2.8,17.7,41.8,1.0,,,,,,,,,
1082,Saint Petersburg Electrotechnical University ETU-LETI,Russia,Europe,QS,,,,5.4,3.6,46.4,1.8,4.2,46.3,14.6,5.6,1.1,,,,,,,,,
1083,Saint-Petersburg Mining University,Russia,Europe,QS,,,,3.6,3.2,64.1,2.1,21.1,29.3,6.5,8.0,1.1,,,,,,,,,
1084,Samara National Research University (Samara University),Russia,Europe,QS,,,,4.1,2.2,75.4,2.1,2.2,12.3,17.0,9.1,1.2,,,,,,,,,
1085,San Diego State University,United States,Americas,QS,,,,5.4,3.0,3.3,14.3,5.2,3.5,68.7,15.8,9.4,,,,,,,,,
1086,Sheffield Hallam University,United Kingdom,Europe,QS,,,,6.7,8.6,9.5,4.5,33.6,33.1,50.4,8.6,2.2,,,,,,,,,
1087,Shinshu University,Japan,Asia,QS,,,,3.6,3.2,34.9,11.2,5.5,2.6,24.1,1.8,1.1,,,,,,,,,
1088,"Siberian Federal University, SibFU",Russia,Europe,QS,,,,6.8,4.5,18.9,3.8,46.3,31.6,32.6,8.0,1.2,,,,,,,,,
1089,Silesian University of Technology,Poland,Europe,QS,,,,6.8,3.8,30.3,7.0,2.9,3.3,63.4,9.5,1.4,,,,,,,,,
1090,Slovak University of Agriculture in Nitra,Slovakia,Europe,QS,,,,8.5,9.0,25.8,7.2,7.1,4.4,29.0,4.9,1.0,,,,,,,,,
1091,Slovak University of Technology in Bratislava,Slovakia,Europe,QS,,,,9.1,9.0,38.8,3.8,2.4,6.5,48.3,15.0,1.0,,,,,,,,,
1092,Sohar University,Oman,Asia,QS,,,,4.4,5.0,2.2,9.0,100.0,1.7,9.0,53.7,1.0,,,,,,,,,
1093,Soonchunhyang University,South Korea,Asia,QS,,,,5.6,4.7,55.2,5.7,5.5,3.9,11.7,1.8,6.4,,,,,,,,,
1094,Southern Methodist University,United States,Americas,QS,,,,4.9,3.6,29.3,7.2,6.8,8.7,30.2,38.8,2.4,,,,,,,,,
1095,Southwest University,China (Mainland),Asia,QS,,,,3.0,1.9,13.3,23.9,1.3,1.7,44.1,10.6,2.3,,,,,,,,,
1096,SRM INSTITUTE OF SCIENCE AND TECHNOLOGY,India,Asia,QS,,,,8.6,16.0,13.4,4.0,1.5,1.6,56.2,1.8,12.7,,,,,,,,,
1097,Sumy State University,Ukraine,Europe,QS,,,,5.8,5.3,35.1,2.5,3.1,40.5,28.9,3.8,7.5,,,,,,,,,
1098,Sungshin Women's University,South Korea,Asia,QS,,,,5.6,8.3,81.9,1.2,2.7,4.3,4.2,1.7,1.0,,,,,,,,,
1099,Széchenyi István University,Hungary,Europe,QS,,,,9.2,31.2,25.0,1.6,3.4,6.7,7.4,3.9,3.5,,,,,,,,,
1100,Taibah University,Saudi Arabia,Asia,QS,,,,6.1,2.1,4.5,3.6,94.4,2.0,38.6,2.0,1.1,,,,,,,,,
1101,Tallinn University,Estonia,Europe,QS,,,,9.0,4.3,7.9,5.5,43.8,19.4,49.4,31.0,1.0,,,,,,,,,
1102,Technical University of Kosice,Slovakia,Europe,QS,,,,7.5,4.4,19.8,5.5,1.5,56.2,37.2,4.5,1.0,,,,,,,,,
1103,Tecnológico de Costa Rica -TEC,Costa Rica,Americas,QS,,,,8.4,21.0,21.4,1.4,7.0,1.9,12.4,8.8,1.0,,,,,,,,,
1104,Telkom University,Indonesia,Asia,QS,,,,8.7,12.1,21.3,1.5,35.5,6.5,10.0,5.7,1.5,,,,,,,,,
1105,The Hashemite University,Jordan,Asia,QS,,,,9.4,14.6,4.2,3.6,7.2,14.6,39.1,3.6,2.4,,,,,,,,,
1106,The University of Northampton,United Kingdom,Europe,QS,,,,3.2,2.7,5.2,2.6,36.3,96.6,8.4,4.1,1.0,,,,,,,,,
1107,The University of Texas at Arlington,United States,Americas,QS,,,,4.6,5.1,4.5,9.8,1.9,29.6,61.6,8.1,40.4,,,,,,,,,
1108,Tokushima University,Japan,Asia,QS,,,,4.4,1.8,64.0,5.6,2.5,2.2,18.4,4.1,1.0,,,,,,,,,
1109,Tokyo Metropolitan University,Japan,Asia,QS,,,,12.8,5.5,32.0,11.4,7.3,4.5,29.5,4.0,1.1,,,,,,,,,
1110,Universidad Andrés Bello,Chile,Americas,QS,,,,12.3,7.4,6.9,2.3,7.1,1.9,51.2,2.1,4.0,,,,,,,,,
1111,Universidad Austral de Chile,Chile,Americas,QS,,,,13.9,8.0,3.1,7.3,15.6,1.6,45.4,3.5,5.6,,,,,,,,,
1112,Universidad Autónoma Chapingo,Mexico,Americas,QS,,,,3.7,2.5,80.2,1.4,2.6,1.3,3.8,4.8,1.0,,,,,,,,,
1113,Universidad Autónoma de Nuevo León,Mexico,Americas,QS,,,,14.5,8.5,2.3,1.8,2.9,1.1,35.9,13.4,10.6,,,,,,,,,
1114,Universidad Autónoma del Estado de México (UAEMex),Mexico,Americas,QS,,,,19.3,8.2,4.6,1.5,3.0,1.3,16.0,1.8,4.9,,,,,,,,,
1115,Universidad de Castilla-La Mancha,Spain,Europe,QS,,,,7.9,2.1,16.9,9.7,2.1,5.2,71.6,4.9,8.8,,,,,,,,,
1116,Universidad de Guadalajara (UDG),Mexico,Americas,QS,,,,18.9,7.5,17.1,1.2,2.2,1.1,47.1,5.8,6.0,,,,,,,,,
1117,Universidad de La Frontera (UFRO),Chile,Americas,QS,,,,10.3,3.0,4.1,9.3,6.0,1.2,53.3,2.3,1.5,,,,,,,,,
1118,Universidad de las Américas Puebla (UDLAP),Mexico,Americas,QS,,,,7.9,9.1,44.2,1.9,21.5,7.4,6.9,3.8,1.0,,,,,,,,,
1119,Universidad de Lima,Peru,Americas,QS,,,,9.6,26.2,3.8,1.2,3.2,2.1,8.7,20.9,1.0,,,,,,,,,
1120,Universidad de Los Andes - (ULA) Mérida,Venezuela,Americas,QS,,,,14.6,8.5,25.4,1.2,1.3,1.6,15.5,18.8,1.3,,,,,,,,,
1121,Universidad de Oviedo,Spain,Europe,QS,,,,12.5,3.7,20.0,6.5,4.1,1.7,70.7,8.5,5.1,,,,,,,,,
1122,Universidad de Puerto Rico,Puerto Rico,Americas,QS,,,,10.2,6.8,14.4,2.0,1.3,1.5,39.4,62.2,2.3,,,,,,,,,
1123,Universidad de Talca,Chile,Americas,QS,,,,10.8,5.6,6.4,6.2,21.4,1.4,35.7,2.1,1.3,,,,,,,,,
1124,Universidad del Norte,Colombia,Americas,QS,,,,9.6,11.9,10.8,2.9,7.7,1.4,29.6,7.6,21.3,,,,,,,,,
1125,Universidad del Pacífico,Peru,Americas,QS,,,,7.0,28.0,3.0,3.1,9.4,2.2,5.3,16.6,1.5,,,,,,,,,
1126,Universidad del Valle,Colombia,Americas,QS,,,,18.1,8.2,7.7,1.9,2.1,1.3,20.5,21.4,1.7,,,,,,,,,
1127,Universidad Diego Portales (UDP),Chile,Americas,QS,,,,14.7,14.9,8.6,3.7,13.1,2.9,39.6,6.2,2.3,,,,,,,,,
1128,Universidad ICESI,Colombia,Americas,QS,,,,5.7,6.1,78.6,1.6,3.7,2.5,8.7,9.7,1.0,,,,,,,,,
1129,Universidad Nacional de Cuyo,Argentina,Americas,QS,,,,12.9,6.1,23.0,1.6,1.8,13.9,27.4,10.3,8.4,,,,,,,,,
1130,Universidad Nacional de la Asunción,Paraguay,Americas,QS,,,,6.1,5.3,31.7,1.1,1.3,1.7,11.8,69.0,1.1,,,,,,,,,
1131,Universidad Nacional de San Luis,Argentina,Americas,QS,,,,3.8,1.4,73.8,1.2,,,9.8,1.2,1.0,,,,,,,,,
1132,Universidad Nacional del Centro de la Provincia de Buenos Aires (UNICEN),Argentina,Americas,QS,,,,5.5,2.5,76.8,1.3,,,13.9,1.3,1.0,,,,,,,,,
1133,Universidad Peruana Cayetano Heredia (UPCH),Peru,Americas,QS,,,,9.5,8.5,45.5,2.2,1.8,1.4,28.9,3.8,9.8,,,,,,,,,
1134,Universidad Rey Juan Carlos,Spain,Europe,QS,,,,7.9,8.3,7.2,4.5,16.5,12.4,62.9,7.0,24.0,,,,,,,,,
1135,Universidad Simón Bolívar (USB),Venezuela,Americas,QS,,,,13.7,15.9,14.4,2.6,1.7,1.0,11.5,11.2,1.0,,,,,,,,,
1136,Universidad Tecnológica de Panamá (UTP),Panama,Americas,QS,,,,7.8,17.8,27.2,1.1,4.1,3.9,4.9,6.1,1.1,,,,,,,,,
1137,Universidad Tecnológica Nacional (UTN),Argentina,Americas,QS,,,,4.5,14.3,49.7,1.1,,1.5,11.4,6.7,1.0,,,,,,,,,
1138,Universidade da Coruña,Spain,Europe,QS,,,,5.9,4.8,24.2,7.3,2.9,4.5,56.1,1.8,23.2,,,,,,,,,
1139,Universidade Federal de Pernambuco (UFPE),Brazil,Americas,QS,,,,11.6,2.4,15.5,4.1,1.5,1.2,55.1,3.7,1.2,,,,,,,,,
1140,Universidade Federal de São Carlos (UFSCar),Brazil,Americas,QS,,,,11.8,6.4,15.5,17.8,2.6,1.6,45.5,1.8,2.7,,,,,,,,,
1141,Universidade Federal do Paraná - UFPR,Brazil,Americas,QS,,,,13.0,5.8,20.1,5.2,2.9,6.0,52.6,9.6,2.0,,,,,,,,,
1142,Universidade Federal Fluminense,Brazil,Americas,QS,,,,9.6,2.5,12.8,3.6,6.3,1.2,52.2,10.9,13.1,,,,,,,,,
1143,"Universita' degli Studi ""G. d'Annunzio"" Chieti Pescara",Italy,Europe,QS,,,,3.7,1.6,3.3,29.3,3.8,2.8,58.5,1.2,1.2,,,,,,,,,
1144,Università degli Studi di Udine,Italy,Europe,QS,,,,7.1,2.7,11.3,16.7,4.2,3.7,53.5,1.9,4.3,,,,,,,,,
1145,Università del Salento,Italy,Europe,QS,,,,7.1,1.7,6.9,21.7,1.7,1.5,65.2,1.6,2.7,,,,,,,,,
1146,Universitas Hasanuddin,Indonesia,Asia,QS,,,,14.3,13.0,22.2,1.3,8.8,1.4,15.9,15.0,1.1,,,,,,,,,
1147,Universitas Sebelas Maret,Indonesia,Asia,QS,,,,12.9,16.3,16.0,1.5,17.1,2.8,14.9,2.4,9.3,,,,,,,,,
1148,Universitat de Lleida,Spain,Europe,QS,,,,6.0,2.0,19.2,13.0,5.5,9.6,51.8,3.0,38.5,,,,,,,,,
1149,Universität Siegen,Germany,Europe,QS,,,,4.5,1.7,9.2,6.8,57.7,28.0,40.0,3.9,1.2,,,,,,,,,
1150,Université de Caen Normandie,France,Europe,QS,,,,8.8,2.8,6.6,6.3,8.1,6.2,74.6,2.1,1.9,,,,,,,,,
1151,Université de Poitiers,France,Europe,QS,,,,7.9,1.7,5.4,5.2,,26.4,75.3,6.7,2.1,,,,,,,,,
1152,Université de Sfax,Tunisia,Africa,QS,,,,7.0,4.1,44.0,3.7,1.1,3.2,50.8,10.3,8.0,,,,,,,,,
1153,Université de Sousse,Tunisia,Africa,QS,,,,4.5,1.8,51.1,1.7,1.1,2.2,37.0,3.9,1.0,,,,,,,,,
1154,Université de Toulouse II-Le Mirail,France,Europe,QS,,,,9.4,2.7,1.3,7.1,27.2,19.7,67.0,2.1,1.2,,,,,,,,,
1155,Université de Tunis,Tunisia,Africa,QS,,,,7.2,3.9,19.4,1.9,2.0,1.8,27.0,48.1,1.0,,,,,,,,,
1156,Université Lumière Lyon 2,France,Europe,QS,,,,10.1,2.5,4.5,6.2,26.7,35.5,59.1,1.3,1.7,,,,,,,,,
1157,Université Mohammed V de Rabat,Morocco,Africa,QS,,,,3.7,3.3,1.5,4.5,3.8,2.6,77.7,70.1,2.9,,,,,,,,,
1158,Université Paris-Nanterre,France,Europe,QS,,,,11.4,2.6,3.3,2.5,8.6,1.4,56.9,29.1,1.6,,,,,,,,,
1159,Universiti Malaysia Sabah (UMS),Malaysia,Asia,QS,,,,14.7,8.9,8.5,3.7,10.2,4.7,28.2,3.8,1.4,,,,,,,,,
1160,Universiti Malaysia Sarawak (UNIMAS),Malaysia,Asia,QS,,,,13.2,7.3,13.1,3.2,34.8,10.5,28.9,3.7,9.1,,,,,,,,,
1161,Universiti Malaysia Terengganu (UMT),Malaysia,Asia,QS,,,,10.5,4.3,12.0,12.2,11.1,12.1,50.2,3.7,18.2,,,,,,,,,
1162,Universiti Tun Hussein Onn University of Malaysia (UTHM),Malaysia,Asia,QS,,,,10.3,6.2,9.9,8.6,6.3,6.5,43.8,3.8,10.3,,,,,,,,,
1163,University of Arkansas Fayetteville,United States,Americas,QS,,,,5.8,3.5,6.3,11.9,4.8,3.0,51.6,15.4,3.8,,,,,,,,,
1164,University of Derby,United Kingdom,Europe,QS,,,,4.8,4.8,10.7,5.1,29.1,45.5,45.7,2.1,2.4,,,,,,,,,
1165,University of Deusto,Spain,Europe,QS,,,,6.3,24.9,4.6,7.8,4.7,14.5,24.2,45.0,1.1,,,,,,,,,
1166,University of Hradec Kralove,Czechia,Europe,QS,,,,5.0,2.5,22.4,5.4,51.4,3.2,41.3,4.2,1.0,,,,,,,,,
1167,University of Ibadan,Nigeria,Africa,QS,,,,9.9,7.8,5.2,3.5,,,65.8,69.3,2.2,,,,,,,,,
1168,University of Idaho,United States,Americas,QS,,,,3.1,1.4,9.9,32.6,4.6,5.9,32.5,3.5,3.4,,,,,,,,,
1169,University of Ioannina,Greece,Europe,QS,,,,7.2,3.8,1.5,19.5,1.7,2.5,61.3,3.6,2.0,,,,,,,,,
1170,University of Karachi,Pakistan,Asia,QS,,,,11.6,16.1,1.6,4.9,3.5,1.1,36.8,42.8,1.2,,,,,,,,,
1171,University of Khartoum,Sudan,Africa,QS,,,,6.1,4.0,6.7,2.6,,1.4,45.0,74.1,1.0,,,,,,,,,
1172,University of Lagos,Nigeria,Africa,QS,,,,8.4,7.5,2.2,2.6,,,34.0,87.6,1.3,,,,,,,,,
1173,University of Louisville,United States,Americas,QS,,,,3.5,3.2,30.5,7.7,24.8,3.2,59.0,5.1,2.4,,,,,,,,,
1174,University of Massachusetts Boston,United States,Americas,QS,,,,11.0,7.7,9.8,19.7,4.5,14.8,32.2,2.9,8.4,,,,,,,,,
1175,"University of Missouri, Kansas City",United States,Americas,QS,,,,4.4,4.4,14.3,16.9,4.1,20.0,29.3,6.6,1.8,,,,,,,,,
1176,University of Naples Parthenope,Italy,Europe,QS,,,,3.8,1.9,3.3,42.4,1.7,2.1,30.8,1.7,3.0,,,,,,,,,
1177,University of New England Australia,Australia,Oceania,QS,,,,10.7,7.2,3.7,14.7,4.6,3.3,62.9,9.8,10.8,,,,,,,,,
1178,University of New Hampshire,United States,Americas,QS,,,,5.0,4.1,12.2,16.9,7.0,2.5,41.7,7.1,5.5,,,,,,,,,
1179,University of North Carolina at Charlotte,United States,Americas,QS,,,,5.1,5.8,5.0,13.4,8.7,6.2,65.0,7.8,4.2,,,,,,,,,
1180,University of North Texas,United States,Americas,QS,,,,6.9,5.0,3.1,17.2,3.5,24.8,58.0,21.1,3.8,,,,,,,,,
1181,University of Novi Sad,Serbia,Europe,QS,,,,8.4,5.9,8.8,3.6,,,79.4,21.3,1.2,,,,,,,,,
1182,University of Rhode Island,United States,Americas,QS,,,,5.6,3.5,6.7,16.2,5.2,2.6,48.9,11.8,54.1,,,,,,,,,
1183,University of Sarajevo,Bosnia and Herzegovina,Europe,QS,,,,4.4,1.6,4.6,1.9,,2.8,46.5,83.6,1.0,,,,,,,,,
1184,University of Seoul,South Korea,Asia,QS,,,,11.0,9.7,36.7,8.8,5.5,6.9,24.0,5.3,4.9,,,,,,,,,
1185,University of Tabuk,Saudi Arabia,Asia,QS,,,,5.2,2.4,18.7,3.0,92.4,2.2,38.0,2.2,1.0,,,,,,,,,
1186,University of Texas at San Antonio,United States,Americas,QS,,,,6.0,3.0,3.9,22.8,8.8,2.7,60.5,5.1,3.8,,,,,,,,,
1187,University of Texas El Paso,United States,Americas,QS,,,,4.4,2.6,5.7,14.2,9.0,5.3,66.2,3.0,2.9,,,,,,,,,
1188,University of the Free State,South Africa,Africa,QS,,,,6.1,5.8,3.4,8.8,,4.4,92.4,11.6,1.7,,,,,,,,,
1189,University of the Sunshine Coast,Australia,Oceania,QS,,,,3.6,1.9,2.6,25.2,2.7,16.4,48.3,1.6,6.5,,,,,,,,,
1190,University of Toledo,United States,Americas,QS,,,,3.7,3.0,9.6,18.2,6.0,10.4,45.4,7.7,1.7,,,,,,,,,
1191,University of Tulsa,United States,Americas,QS,,,,3.2,2.1,35.1,11.5,7.0,17.8,20.4,13.7,1.1,,,,,,,,,
1192,University of Vermont,United States,Americas,QS,,,,3.1,2.2,34.9,15.6,6.8,2.4,62.8,9.5,8.1,,,,,,,,,
1193,University of Warmia and Mazury in Olsztyn,Poland,Europe,QS,,,,6.9,8.9,28.6,3.7,2.0,2.7,40.6,3.2,7.1,,,,,,,,,
1194,University of Wolverhampton,United Kingdom,Europe,QS,,,,3.2,2.7,10.2,8.3,33.3,69.2,45.7,4.7,1.3,,,,,,,,,
1195,University of Wyoming,United States,Americas,QS,,,,3.2,1.6,28.4,21.1,6.8,4.0,52.2,6.5,3.6,,,,,,,,,
1196,University of ilina,Slovakia,Europe,QS,,,,6.6,1.8,60.1,6.6,2.0,6.0,19.3,4.6,1.0,,,,,,,,,
1197,Utah State University,United States,Americas,QS,,,,6.2,2.0,5.4,22.4,1.1,1.6,54.7,7.6,7.4,,,,,,,,,
1198,VSB - Technical University of Ostrava,Czechia,Europe,QS,,,,6.0,10.5,18.6,4.7,11.3,28.3,50.2,3.9,4.6,,,,,,,,,
1199,Warsaw University of Life Sciences  SGGW (WULS-SGGW),Poland,Europe,QS,,,,6.6,4.4,18.8,6.8,2.3,6.4,74.4,3.0,6.9,,,,,,,,,
1200,West Virginia University,United States,Americas,QS,,,,5.6,4.7,12.8,18.5,5.8,4.2,66.7,14.3,6.7,,,,,,,,,
1201,Xi'an Jiaotong Liverpool University,China (Mainland),Asia,QS,,,,4.2,1.9,6.2,5.6,94.8,2.8,37.8,1.5,1.5,,,,,,,,,
1202,Yokohama National University,Japan,Asia,QS,,,,9.3,16.4,18.3,6.6,10.1,7.8,26.5,17.8,2.8,,,,,,,,,
1203,Al-Balqa Applied University,Jordan,Asia,QS,,,,5.8,6.6,4.8,2.7,7.6,2.5,32.9,3.9,6.7,,,,,,,,,
1204,Alexandru Ioan Cuza University,Romania,Europe,QS,,,,7.5,11.9,5.5,3.0,3.5,9.6,40.2,14.3,3.2,,,,,,,,,
1205,Anadolu University,Turkey,Asia,QS,,,,4.9,3.9,13.1,2.6,1.8,2.9,17.5,13.9,1.0,,,,,,,,,
1206,Aoyama Gakuin University,Japan,Asia,QS,,,,7.0,10.9,5.2,1.8,15.4,2.5,6.2,9.5,1.0,,,,,,,,,
1207,Ataturk University,Turkey,Asia,QS,,,,5.8,2.3,2.9,4.4,3.2,7.4,39.4,7.8,1.1,,,,,,,,,
1208,Atma Jaya Catholic University Jakarta,Indonesia,Asia,QS,,,,6.8,7.7,8.7,1.3,3.4,1.2,7.5,18.0,1.1,,,,,,,,,
1209,Bahauddin Zakariya University,Pakistan,Asia,QS,,,,6.0,6.2,1.8,14.6,,1.0,44.6,4.1,1.0,,,,,,,,,
1210,Beijing Foreign Studies University,China (Mainland),Asia,QS,,,,5.7,2.9,25.9,1.5,19.6,25.8,3.4,7.4,1.0,,,,,,,,,
1211,Beijing University of Chinese Medicine,China (Mainland),Asia,QS,,,,4.4,1.6,37.2,9.4,,8.8,7.1,3.0,1.0,,,,,,,,,
1212,Belarusian State University of Informatics and Radioelectronics,Belarus,Europe,QS,,,,6.6,17.1,15.3,1.2,1.1,9.3,7.4,5.9,,,,,,,,,,
1213,Benemérita Universidad Autónoma de Puebla,Mexico,Americas,QS,,,,13.7,5.4,2.8,1.9,2.8,1.3,24.5,2.0,1.2,,,,,,,,,
1214,Birzeit university,"Palestinian Territory, Occupied",Asia,QS,,,,7.6,7.1,4.7,2.8,13.4,4.0,20.4,23.2,1.0,,,,,,,,,
1215,British University in Egypt,Egypt,Africa,QS,,,,6.0,5.5,25.7,2.3,2.6,2.6,12.0,2.6,1.0,,,,,,,,,
1216,Brock University,Canada,Americas,QS,,,,4.0,6.3,3.0,13.7,2.1,23.8,30.9,5.2,2.7,,,,,,,,,
1217,Central Michigan University,United States,Americas,QS,,,,3.6,3.4,8.2,6.5,2.4,6.9,23.4,7.7,1.2,,,,,,,,,
1218,Chaoyang University of Technology,Taiwan,Asia,QS,,,,5.5,5.8,4.3,3.9,5.6,5.9,26.5,2.0,4.3,,,,,,,,,
1219,China University of Political Science and Law,China (Mainland),Asia,QS,,,,2.7,37.6,8.0,1.2,3.7,1.5,6.1,5.8,1.0,,,,,,,,,
1220,Chitkara University,India,Asia,QS,,,,6.1,7.4,15.9,2.2,5.5,3.0,29.4,1.9,3.3,,,,,,,,,
1221,Chittagong University of Engineering and Technology,Bangladesh,Asia,QS,,,,8.9,12.4,8.3,5.1,1.4,,6.7,4.2,1.0,,,,,,,,,
1222,Cleveland State University,United States,Americas,QS,,,,4.1,3.1,9.2,4.0,4.0,26.2,16.7,7.3,1.0,,,,,,,,,
1223,Cukurova University,Turkey,Asia,QS,,,,4.9,3.8,5.2,2.6,1.9,3.3,46.2,7.6,2.9,,,,,,,,,
1224,CUNY The City College of New York,United States,Americas,QS,,,,7.2,3.0,11.9,11.3,6.7,4.7,24.8,1.5,2.5,,,,,,,,,
1225,Daffodil International University,Bangladesh,Asia,QS,,,,9.5,19.8,3.8,2.8,5.0,2.9,22.0,3.7,3.4,,,,,,,,,
1226,Damascus University,Syrian Arab Republic,Asia,QS,,,,6.1,3.7,1.4,1.2,4.0,6.0,18.4,90.2,1.1,,,,,,,,,
1227,Dokuz Eylül Üniversitesi,Turkey,Asia,QS,,,,6.8,7.8,3.5,2.1,2.5,10.7,34.7,6.0,18.8,,,,,,,,,
1228,Doshisha University,Japan,Asia,QS,,,,8.6,11.4,5.2,1.8,17.6,3.7,18.7,19.1,1.0,,,,,,,,,
1229,Erciyes Üniversitesi,Turkey,Asia,QS,,,,4.4,3.0,2.0,5.3,3.1,5.7,45.1,1.7,8.8,,,,,,,,,
1230,Escuela Politécnica Nacional,Ecuador,Americas,QS,,,,6.9,9.2,16.6,3.4,5.0,1.6,14.9,5.0,1.3,,,,,,,,,
1231,Feng Chia University,Taiwan,Asia,QS,,,,10.8,7.9,4.4,6.1,3.4,4.4,11.2,15.5,16.7,,,,,,,,,
1232,Florida Atlantic University - Boca Raton,United States,Americas,QS,,,,4.7,6.2,4.9,9.5,6.8,4.4,44.3,5.8,4.5,,,,,,,,,
1233,Fu Jen Catholic University,Taiwan,Asia,QS,,,,7.6,6.9,3.6,7.0,7.6,4.2,16.1,27.1,4.0,,,,,,,,,
1234,Fundación CEU San Pablo,Spain,Europe,QS,,,,4.4,9.4,15.7,2.3,3.8,47.5,15.3,10.5,1.0,,,,,,,,,
1235,German University in Cairo,Egypt,Africa,QS,,,,8.3,15.2,7.0,2.2,13.4,1.1,12.8,4.4,1.0,,,,,,,,,
1236,Hanoi University of Science and Technology,Vietnam,Asia,QS,,,,7.3,7.3,2.4,4.7,4.2,1.2,23.1,23.1,3.4,,,,,,,,,
1237,Harper Adams University,United Kingdom,Europe,QS,,,,4.2,10.3,6.1,6.9,17.4,7.6,11.6,1.5,1.0,,,,,,,,,
1238,Helwan University,Egypt,Africa,QS,,,,7.3,12.4,3.6,1.6,1.1,1.6,50.7,13.2,1.5,,,,,,,,,
1239,Hongik University,South Korea,Asia,QS,,,,4.2,5.6,9.8,3.0,16.0,9.6,14.2,4.8,1.0,,,,,,,,,
1240,Hue University,Vietnam,Asia,QS,,,,4.6,12.9,3.0,1.6,4.8,1.4,41.6,4.5,1.1,,,,,,,,,
1241,Instituto Tecnológico de Santo Domingo (INTEC),Dominican Republic,Americas,QS,,,,1.6,4.0,35.4,1.4,10.0,4.1,5.6,38.5,1.0,,,,,,,,,
1242,Istanbul Aydin University,Turkey,Asia,QS,,,,4.9,3.0,12.3,1.4,6.7,52.1,7.3,2.1,1.1,,,,,,,,,
1243,Istanbul Bilgi Üniversitesi,Turkey,Asia,QS,,,,4.9,4.3,13.3,1.7,3.5,20.2,6.5,13.3,2.2,,,,,,,,,
1244,Ivan Franko National University of Lviv,Ukraine,Europe,QS,,,,5.7,12.8,30.2,1.3,1.3,1.5,12.6,18.6,2.0,,,,,,,,,
1245,Izmir Institute of Technology (IZTECH),Turkey,Asia,QS,,,,7.2,4.4,5.8,8.2,3.2,2.1,15.5,2.1,1.6,,,,,,,,,
1246,Jahangirnagar University,Bangladesh,Asia,QS,,,,9.7,12.7,4.0,5.7,,,29.4,3.8,1.1,,,,,,,,,
1247,Jamia Hamdard,India,Asia,QS,,,,5.1,1.8,8.4,12.6,,2.1,12.7,1.9,1.0,,,,,,,,,
1248,Jeju National University,South Korea,Asia,QS,,,,3.6,1.9,30.0,7.0,7.5,5.5,23.1,1.8,15.0,,,,,,,,,
1249,Kazakh Ablai Khan University of International Relations and World Languages,Kazakhstan,Asia,QS,,,,7.7,9.0,40.4,1.0,6.6,4.1,1.0,3.4,,,,,,,,,,
1250,Kazan National Research Technological University,Russia,Europe,QS,,,,5.7,4.1,18.9,1.4,2.7,29.6,7.2,3.1,1.0,,,,,,,,,
1251,Kenyatta University,Kenya,Africa,QS,,,,7.0,7.4,1.5,1.3,,,13.1,28.4,1.0,,,,,,,,,
1252,Kharkiv National University of Radio Electronics,Ukraine,Europe,QS,,,,3.9,12.3,21.6,1.5,1.4,5.1,11.9,4.1,1.4,,,,,,,,,
1253,Khulna University,Bangladesh,Asia,QS,,,,6.9,5.0,10.5,5.3,,,17.8,3.8,1.0,,,,,,,,,
1254,Khulna University of Engineering and Technology,Bangladesh,Asia,QS,,,,6.6,11.8,8.7,5.6,,1.0,9.4,3.7,1.0,,,,,,,,,
1255,Kindai University (Kinki University),Japan,Asia,QS,,,,5.2,4.3,8.4,4.9,15.7,1.9,32.2,1.8,2.4,,,,,,,,,
1256,King Mongkut\'s Institute of Technology Ladkrabang,Thailand,Asia,QS,,,,8.3,3.7,4.2,3.1,16.7,2.2,18.5,6.2,1.1,,,,,,,,,
1257,King Mongkut's University of Technology North Bangkok,Thailand,Asia,QS,,,,8.5,4.9,4.1,3.3,2.8,1.1,23.5,2.5,1.1,,,,,,,,,
1258,Kookmin University,South Korea,Asia,QS,,,,3.6,4.0,35.3,2.9,4.9,31.1,7.9,2.9,2.9,,,,,,,,,
1259,Kwame Nkrumah University of Science and Technology,Ghana,Africa,QS,,,,6.9,6.0,4.8,2.0,,,55.3,34.5,2.3,,,,,,,,,
1260,Kyoto Institute of Technology,Japan,Asia,QS,,,,6.1,3.9,14.4,11.7,11.1,9.0,9.3,1.9,1.1,,,,,,,,,
1261,Kyrgyz State Technical University,Kyrgyzstan,Asia,QS,,,,14.6,7.0,12.0,1.0,2.6,5.8,1.2,22.6,,,,,,,,,,
1262,Marquette University,United States,Americas,QS,,,,3.4,2.4,21.1,9.1,6.2,2.7,35.6,11.2,1.2,,,,,,,,,
1263,Meiji University,Japan,Asia,QS,,,,6.7,19.2,4.4,1.6,10.5,4.6,13.4,17.3,1.1,,,,,,,,,
1264,Mendeleev University of Chemical Technology,Russia,Europe,QS,,,,4.5,3.9,24.2,2.8,1.1,9.1,15.3,8.8,1.0,,,,,,,,,
1265,Miami University,United States,Americas,QS,,,,3.8,5.4,6.2,7.8,3.4,5.5,25.3,26.1,2.2,,,,,,,,,
1266,Moscow Pedagogical State University,Russia,Europe,QS,,,,7.8,3.6,7.2,1.3,1.2,23.8,6.8,1.8,1.0,,,,,,,,,
1267,Nagoya Institute of Technology (NIT),Japan,Asia,QS,,,,5.7,2.6,7.5,14.5,5.1,4.1,18.3,6.0,1.0,,,,,,,,,
1268,National Dong Hwa University,Taiwan,Asia,QS,,,,9.2,4.5,6.3,5.4,4.9,10.2,9.7,2.0,1.3,,,,,,,,,
1269,National Research University Moscow Power Engineering Institute (MPEI),Russia,Europe,QS,,,,6.9,4.0,12.8,1.9,6.8,41.6,21.0,9.5,1.0,,,,,,,,,
1270,National Taipei University,Taiwan,Asia,QS,,,,7.6,4.5,7.8,2.8,2.6,4.5,5.0,18.9,1.1,,,,,,,,,
1271,National Taiwan Ocean University,Taiwan,Asia,QS,,,,6.0,3.2,11.9,10.8,7.5,7.6,22.6,3.3,17.5,,,,,,,,,
1272,Novosibirsk State Technical University,Russia,Europe,QS,,,,6.0,6.4,27.6,1.7,1.4,41.7,8.4,5.7,1.0,,,,,,,,,
1273,Óbuda University,Hungary,Europe,QS,,,,5.5,4.9,2.5,7.8,17.9,7.6,29.1,3.8,1.0,,,,,,,,,
1274,Odessa I.I. Mechnikov National University,Ukraine,Europe,QS,,,,3.9,2.3,55.4,1.3,1.8,3.3,10.3,6.3,1.0,,,,,,,,,
1275,OSMANIA UNIVERSITY,India,Asia,QS,,,,5.4,3.7,3.5,21.0,,5.4,17.2,7.2,1.0,,,,,,,,,
1276,Perm State National Research University,Russia,Europe,QS,,,,4.4,1.7,34.5,1.5,1.4,8.3,6.3,2.0,1.2,,,,,,,,,
1277,Pondicherry University,India,Asia,QS,,,,4.1,2.1,5.4,16.5,1.9,1.1,21.1,2.7,5.8,,,,,,,,,
1278,Pontificia Universidad Catolica Madre y Maestra,Dominican Republic,Americas,QS,,,,4.2,4.1,11.2,1.2,9.4,11.4,4.1,45.7,1.0,,,,,,,,,
1279,Pontifícia Universidade Católica do Rio Grande do Sul (PUCRS),Brazil,Americas,QS,,,,6.3,3.9,12.3,9.4,2.6,1.7,30.5,9.2,1.1,,,,,,,,,
1280,Portland State University,United States,Americas,QS,,,,4.1,1.7,9.3,9.2,1.6,6.1,44.4,9.7,6.8,,,,,,,,,
1281,Pukyong National University,South Korea,Asia,QS,,,,5.7,3.1,12.7,7.0,6.2,7.1,32.3,1.6,28.4,,,,,,,,,
1282,Rajshahi University,Bangladesh,Asia,QS,,,,10.4,9.8,3.9,3.0,1.0,1.1,16.4,3.7,1.1,,,,,,,,,
1283,Rikkyo University,Japan,Asia,QS,,,,4.0,9.6,8.2,2.1,23.7,5.6,13.7,5.8,1.2,,,,,,,,,
1284,Saitama University,Japan,Asia,QS,,,,4.9,1.6,11.5,6.8,9.7,4.9,18.1,1.8,1.1,,,,,,,,,
1285,Saken Seifullin Kazakh Agrotechnical University,Kazakhstan,Asia,QS,,,,9.7,9.3,27.8,1.2,10.1,4.2,2.6,3.4,2.0,,,,,,,,,
1286,San Francisco State University,United States,Americas,QS,,,,4.5,3.1,5.7,4.0,3.4,5.0,35.6,7.6,1.7,,,,,,,,,
1287,Sathyabama Institute of Science and Technology (deemed to be university),India,Asia,QS,,,,6.8,3.7,24.8,4.3,5.3,3.5,17.0,1.9,3.1,,,,,,,,,
1288,Seattle University,United States,Americas,QS,,,,5.4,6.4,32.2,2.1,1.5,13.2,6.3,10.1,2.4,,,,,,,,,
1289,Seoul National University of Science and Technology,South Korea,Asia,QS,,,,6.4,3.6,12.8,10.3,9.6,11.9,12.4,1.9,9.8,,,,,,,,,
1290,Shahjalal University of Science and Technology,Bangladesh,Asia,QS,,,,7.6,11.8,11.8,5.3,,,12.8,3.9,1.0,,,,,,,,,
1291,Shanghai International Studies University,China (Mainland),Asia,QS,,,,4.9,2.9,16.7,1.8,26.9,27.3,5.4,5.2,1.0,,,,,,,,,
1292,Shanghai University of Finance and Economics,China (Mainland),Asia,QS,,,,4.5,5.2,8.9,3.5,15.5,2.1,14.9,42.6,1.4,,,,,,,,,
1293,Siksha 'O' Anusandhan (Deemed to be University),India,Asia,QS,,,,7.5,3.6,34.3,5.3,2.2,2.2,23.7,1.9,1.0,,,,,,,,,
1294,Sookmyung Women's University,South Korea,Asia,QS,,,,4.4,5.6,29.0,3.4,4.0,2.2,4.8,1.8,2.6,,,,,,,,,
1295,Suez Canal University,Egypt,Africa,QS,,,,4.1,2.6,13.1,2.3,2.1,1.8,48.9,2.4,8.3,,,,,,,,,
1296,Suleyman Demirel University,Turkey,Asia,QS,,,,7.1,5.3,3.9,2.4,1.7,4.6,27.3,2.0,1.0,,,,,,,,,
1297,"Suleyman Demirel University, Kazakhstan",Kazakhstan,Asia,QS,,,,9.0,11.0,4.1,1.3,6.2,2.0,5.7,3.3,,,,,,,,,,
1298,Suranaree University of Technology,Thailand,Asia,QS,,,,6.4,2.8,3.7,9.6,5.8,1.6,30.0,2.7,1.3,,,,,,,,,
1299,Tamkang University,Taiwan,Asia,QS,,,,5.7,4.9,4.0,5.0,6.0,7.4,14.2,29.2,10.1,,,,,,,,,
1300,Tanta University,Egypt,Africa,QS,,,,6.9,5.5,4.5,2.2,1.5,1.5,65.2,4.3,3.1,,,,,,,,,
1301,Technical University of Cluj-Napoca,Romania,Europe,QS,,,,4.6,7.1,7.6,3.9,2.1,2.7,38.1,3.8,2.1,,,,,,,,,
1302,Technical University of Liberec,Czechia,Europe,QS,,,,3.9,2.2,37.6,4.6,11.2,8.7,25.5,1.7,1.0,,,,,,,,,
1303,Technical University of Lublin,Poland,Europe,QS,,,,5.8,2.1,18.4,3.7,,10.2,12.9,3.1,1.0,,,,,,,,,
1304,Technische Universität Kaiserslautern,Germany,Europe,QS,,,,6.3,2.4,17.0,4.6,,,56.4,2.2,1.1,,,,,,,,,
1305,"The ""Gheorghe Asachi"" Technical University of Iasi",Romania,Europe,QS,,,,5.3,9.7,2.4,6.0,,4.6,34.1,4.0,1.0,,,,,,,,,
1306,The Herzen State Pedagogical University of Russia,Russia,Europe,QS,,,,3.8,2.0,20.1,1.2,1.4,41.1,12.7,5.5,1.0,,,,,,,,,
1307,The Josip Juraj Strossmayer University of Osijek,Croatia,Europe,QS,,,,4.3,2.0,28.6,3.1,,,54.0,11.2,1.0,,,,,,,,,
1308,"The National Research University ""Belgorod State University""",Russia,Europe,QS,,,,3.5,1.3,15.6,1.9,2.2,49.8,21.4,2.0,1.0,,,,,,,,,
1309,Tokai University,Japan,Asia,QS,,,,10.5,5.8,13.6,2.8,5.6,2.9,24.5,1.8,1.3,,,,,,,,,
1310,Tomas Bata University in Zlin,Czechia,Europe,QS,,,,4.5,8.4,9.3,5.5,23.6,18.8,25.8,4.0,1.1,,,,,,,,,
1311,Toraighyrov University,Kazakhstan,Asia,QS,,,,8.5,4.8,17.8,1.2,6.8,3.1,3.9,3.3,1.0,,,,,,,,,
1312,Transilvania University of Brasov,Romania,Europe,QS,,,,6.4,5.5,5.1,3.7,5.4,2.1,48.1,4.0,1.0,,,,,,,,,
1313,Tunghai University,Taiwan,Asia,QS,,,,6.5,5.4,4.6,5.4,8.4,8.8,24.4,13.8,7.9,,,,,,,,,
1314,Universidad Autónoma de Guadalajara (UAG),Mexico,Americas,QS,,,,6.5,3.8,19.6,1.1,37.9,23.0,2.1,2.0,,,,,,,,,,
1315,Universidad Autónoma del Estado de Hidalgo (UAEH),Mexico,Americas,QS,,,,3.2,6.0,45.2,1.4,2.0,1.6,8.3,2.1,5.8,,,,,,,,,
1316,Universidad Católica del Norte,Chile,Americas,QS,,,,4.5,2.3,6.7,5.9,13.5,3.8,46.2,2.0,8.5,,,,,,,,,
1317,Universidad Central del Ecuador,Ecuador,Americas,QS,,,,8.1,3.6,11.3,1.2,,,10.1,20.9,1.0,,,,,,,,,
1318,Universidad de Las Américas (UDLA) Ecuador,Ecuador,Americas,QS,,,,8.3,3.8,13.3,1.7,19.2,2.5,15.7,4.9,1.0,,,,,,,,,
1319,Universidad de Monterrey (UDEM),Mexico,Americas,QS,,,,12.5,13.0,7.5,1.5,13.7,3.7,4.4,4.8,1.3,,,,,,,,,
1320,Universidad de Oriente Santiago de Cuba,Cuba,Americas,QS,,,,8.4,5.2,29.8,1.1,,,7.3,5.0,1.0,,,,,,,,,
1321,Universidad de Panama,Panama,Americas,QS,,,,6.6,5.5,2.9,1.1,4.6,2.7,9.0,49.1,1.0,,,,,,,,,
1322,Universidad de Piura,Peru,Americas,QS,,,,7.5,10.7,5.0,1.2,5.7,1.1,3.3,12.5,1.0,,,,,,,,,
1323,Universidad de San Carlos de Guatemala - USAC,Guatemala,Americas,QS,,,,10.2,3.9,4.7,1.0,,,9.4,56.0,1.0,,,,,,,,,
1324,Universidad de Tarapaca,Chile,Americas,QS,,,,3.5,1.6,2.4,9.8,,,41.7,2.1,1.0,,,,,,,,,
1325,Universidad de Valparaíso (UV),Chile,Americas,QS,,,,10.9,4.0,8.5,2.9,6.3,1.8,39.7,2.2,4.0,,,,,,,,,
1326,Universidad del Bío-Bío,Chile,Americas,QS,,,,8.0,3.0,3.2,4.0,8.7,1.4,30.3,2.0,1.0,,,,,,,,,
1327,Universidad del Desarrollo (UDD),Chile,Americas,QS,,,,7.2,8.6,11.7,2.3,7.3,2.0,14.7,4.9,5.1,,,,,,,,,
1328,Universidad del Salvador,Argentina,Americas,QS,,,,3.7,5.8,19.9,1.0,4.9,7.4,1.2,16.2,,,,,,,,,,
1329,Universidad del Zulia,Venezuela,Americas,QS,,,,10.1,5.8,4.1,2.1,,,13.4,5.6,1.0,,,,,,,,,
1330,Universidad Industrial de Santander - UIS,Colombia,Americas,QS,,,,9.7,14.8,4.6,2.1,4.1,1.4,12.4,9.0,1.3,,,,,,,,,
1331,Universidad La Salle (ULSA),Mexico,Americas,QS,,,,4.5,15.0,22.3,1.1,2.2,1.6,1.0,4.8,1.0,,,,,,,,,
1332,Universidad Latinoamericana de Ciencia y Tecnología Costa Rica (ULACIT),Costa Rica,Americas,QS,,,,7.5,8.8,31.5,1.0,8.5,9.1,1.0,5.5,,,,,,,,,,
1333,Universidad Mayor de San Andrés (UMSA),Bolivia,Americas,QS,,,,6.3,2.8,1.2,1.6,6.4,1.0,15.1,49.6,1.0,,,,,,,,,
1334,Universidad Metropolitana,Venezuela,Americas,QS,,,,7.6,15.1,4.4,1.1,4.4,1.6,1.1,25.9,,,,,,,,,,
1335,Universidad Nacional Agraria la Molina,Peru,Americas,QS,,,,7.0,6.4,12.4,1.6,1.3,1.7,9.4,6.7,1.5,,,,,,,,,
1336,Universidad Nacional Autónoma de Honduras (UNAH),Honduras,Americas,QS,,,,5.1,4.0,3.3,1.0,1.8,,18.5,61.8,1.0,,,,,,,,,
1337,Universidad Nacional de Ingeniería Peru,Peru,Americas,QS,,,,7.4,27.2,9.1,1.5,,,5.6,19.1,1.0,,,,,,,,,
1338,Universidad Nacional de Mar del Plata,Argentina,Americas,QS,,,,8.6,2.8,4.9,3.5,,,28.5,1.2,1.2,,,,,,,,,
1339,Universidad Nacional de Río Cuarto - UNRC,Argentina,Americas,QS,,,,4.1,1.6,33.2,1.4,,,10.7,1.3,1.0,,,,,,,,,
1340,Universidad Nacional de San Martín (UNSAM),Argentina,Americas,QS,,,,11.3,2.7,6.2,2.2,1.6,3.7,24.5,1.2,1.1,,,,,,,,,
1341,Universidad Nacional del Litoral,Argentina,Americas,QS,,,,12.7,5.7,2.2,2.5,5.0,1.2,24.5,3.7,5.1,,,,,,,,,
1342,Universidad Nacional del Sur,Argentina,Americas,QS,,,,6.7,2.0,17.8,1.7,,,27.2,2.9,1.2,,,,,,,,,
1343,"Universidad Nacional, Costa Rica",Costa Rica,Americas,QS,,,,10.2,10.5,12.1,1.5,9.7,2.3,17.2,4.7,1.0,,,,,,,,,
1344,Universidad Peruana de Ciencias Aplicadas,Peru,Americas,QS,,,,11.3,22.6,3.0,1.1,13.6,1.5,8.0,3.9,1.1,,,,,,,,,
1345,Universidade do Estado do Rio de Janeiro (UERJ),Brazil,Americas,QS,,,,9.5,5.1,17.4,2.5,3.5,1.2,35.7,18.2,1.3,,,,,,,,,
1346,Universidade Federal da Bahia,Brazil,Americas,QS,,,,9.0,2.7,8.5,3.1,5.1,1.4,48.8,12.4,2.5,,,,,,,,,
1347,Universidade Federal de Juiz de Fora- (UFJF),Brazil,Americas,QS,,,,3.8,2.0,30.3,2.8,,,35.2,1.3,1.0,,,,,,,,,
1348,Universidade Federal de Pelotas,Brazil,Americas,QS,,,,4.7,1.3,26.0,4.7,,1.3,21.7,1.3,1.3,,,,,,,,,
1349,Universidade Federal de Santa Maria,Brazil,Americas,QS,,,,6.4,1.5,17.5,5.2,2.5,1.4,37.9,6.3,11.5,,,,,,,,,
1350,Universidade Federal de Viçosa (UFV),Brazil,Americas,QS,,,,5.1,2.4,10.9,7.8,2.4,1.9,20.2,3.8,1.3,,,,,,,,,
1351,Universidade Federal do Ceará (UFC),Brazil,Americas,QS,,,,7.4,2.8,6.3,5.3,1.3,1.2,43.4,3.7,2.0,,,,,,,,,
1352,Universidade Federal do Rio Grande Do Norte,Brazil,Americas,QS,,,,5.2,1.2,9.5,3.4,,,45.0,1.3,1.4,,,,,,,,,
1353,Universidade Presbiteriana Mackenzie,Brazil,Americas,QS,,,,3.5,8.7,12.3,2.1,2.4,1.1,12.5,48.3,1.0,,,,,,,,,
1354,Università degli studi di Bergamo,Italy,Europe,QS,,,,5.7,2.4,1.9,6.5,4.3,6.7,27.8,4.3,1.2,,,,,,,,,
1355,Universitas Islam Indonesia,Indonesia,Asia,QS,,,,11.2,4.9,2.0,1.8,2.2,1.2,10.7,3.9,1.3,,,,,,,,,
1356,Universitas Muhammadiyah Yogyakarta,Indonesia,Asia,QS,,,,6.6,2.8,3.2,1.4,57.9,1.9,7.9,2.3,1.2,,,,,,,,,
1357,Universitas Pendidikan Indonesia,Indonesia,Asia,QS,,,,10.9,4.1,12.0,1.4,13.2,1.6,13.1,2.3,3.3,,,,,,,,,
1358,Universitas Sumatera Utara,Indonesia,Asia,QS,,,,8.8,8.0,24.9,1.3,12.6,2.5,18.3,5.5,4.6,,,,,,,,,
1359,Universitatea de Vest din Timisoara / West University of Timisoara,Romania,Europe,QS,,,,9.2,9.7,4.7,2.8,1.6,6.7,27.5,23.5,2.7,,,,,,,,,
1360,Université de Limoges,France,Europe,QS,,,,6.6,2.3,17.2,5.5,,,58.8,2.9,1.1,,,,,,,,,
1361,Université Jean Moulin Lyon 3,France,Europe,QS,,,,8.8,5.2,1.8,2.3,18.7,30.2,8.5,4.4,1.0,,,,,,,,,
1362,Universiti Kuala Lumpur (UniKL),Malaysia,Asia,QS,,,,6.0,5.3,32.7,2.2,7.4,3.9,17.3,3.9,1.0,,,,,,,,,
1363,Universiti Malaysia Perlis,Malaysia,Asia,QS,,,,7.8,5.1,19.2,6.7,1.8,3.5,31.1,3.9,2.8,,,,,,,,,
1364,Universiti Teknikal Malaysia Melaka,Malaysia,Asia,QS,,,,6.3,5.7,10.6,5.8,3.9,4.8,18.9,3.9,2.5,,,,,,,,,
1365,University of Babylon,Iraq,Asia,QS,,,,4.6,9.8,14.5,2.0,1.1,1.0,29.9,4.3,1.2,,,,,,,,,
1366,University of Basrah,Iraq,Asia,QS,,,,5.5,9.3,18.4,1.4,1.3,1.1,33.7,10.0,1.0,,,,,,,,,
1367,University of Bialystok,Poland,Europe,QS,,,,5.4,2.7,24.0,2.6,,4.7,28.6,3.1,1.0,,,,,,,,,
1368,University of International Business and Economics,China (Mainland),Asia,QS,,,,3.7,2.3,9.7,3.0,7.0,30.3,5.3,14.0,1.1,,,,,,,,,
1369,University of Kragujevac,Serbia,Europe,QS,,,,3.9,3.0,8.5,3.7,1.0,1.1,44.1,9.3,1.0,,,,,,,,,
1370,University of Kufa,Iraq,Asia,QS,,,,4.4,12.8,29.0,1.4,4.4,1.1,16.4,4.2,1.0,,,,,,,,,
1371,University of Memphis,United States,Americas,QS,,,,3.1,2.5,12.1,8.0,2.2,8.3,39.4,7.6,2.1,,,,,,,,,
1372,University of Miskolc,Hungary,Europe,QS,,,,6.6,5.7,18.6,2.4,3.1,3.8,19.2,13.0,1.0,,,,,,,,,
1373,University of Missouri Saint Louis,United States,Americas,QS,,,,4.2,4.2,12.3,10.5,3.4,3.1,9.8,7.7,1.0,,,,,,,,,
1374,University of Ni,Serbia,Europe,QS,,,,5.0,5.5,12.5,2.4,,5.7,49.0,4.0,1.0,,,,,,,,,
1375,University of North Carolina at Greensboro,United States,Americas,QS,,,,2.6,2.4,8.9,10.1,5.9,3.4,50.7,1.5,1.6,,,,,,,,,
1376,University of Ostrava,Czechia,Europe,QS,,,,6.3,1.1,15.6,3.6,27.7,16.6,27.0,2.9,1.0,,,,,,,,,
1377,University of Pannonia,Hungary,Europe,QS,,,,4.2,4.0,22.0,8.5,3.3,8.3,44.7,4.0,1.0,,,,,,,,,
1378,University of Pardubice,Czechia,Europe,QS,,,,4.5,2.3,44.5,3.1,9.7,8.8,18.7,1.7,1.0,,,,,,,,,
1379,University of Peradeniya,Sri Lanka,Asia,QS,,,,9.0,11.6,12.0,2.0,1.0,1.3,22.7,10.9,5.8,,,,,,,,,
1380,University of Primorska,Slovenia,Europe,QS,,,,3.7,2.5,8.9,4.1,25.0,26.4,46.3,4.2,1.0,,,,,,,,,
1381,University of Rijeka,Croatia,Europe,QS,,,,6.1,4.3,13.8,4.3,2.5,1.8,45.8,12.0,2.9,,,,,,,,,
1382,University of Rzeszów,Poland,Europe,QS,,,,5.2,1.8,15.1,2.7,,1.7,28.3,3.0,1.0,,,,,,,,,
1383,University of San Diego,United States,Americas,QS,,,,6.2,7.0,25.5,2.7,3.1,6.8,5.5,12.2,1.0,,,,,,,,,
1384,University of San Francisco,United States,Americas,QS,,,,5.9,4.4,18.7,3.6,2.3,20.2,6.0,29.5,1.2,,,,,,,,,
1385,University of Silesia in Katowice,Poland,Europe,QS,,,,5.4,4.2,20.3,3.1,3.5,3.9,52.5,7.4,2.4,,,,,,,,,
1386,University of South Alabama (USA),United States,Americas,QS,,,,4.7,5.9,19.0,6.1,,2.1,13.6,2.3,1.2,,,,,,,,,
1387,University of Split,Croatia,Europe,QS,,,,6.3,4.0,5.0,4.2,1.4,2.0,47.5,12.3,4.5,,,,,,,,,
1388,University of Sri Jayewardenepura,Sri Lanka,Asia,QS,,,,6.0,10.4,4.5,3.3,,1.0,14.1,11.0,1.0,,,,,,,,,
1389,University of the Pacific,United States,Americas,QS,,,,2.2,3.5,31.9,3.0,3.2,12.0,7.6,8.1,1.0,,,,,,,,,
1390,University of Tyumen,Russia,Europe,QS,,,,3.6,2.1,37.1,1.6,4.5,13.8,27.0,4.5,1.3,,,,,,,,,
1391,University of West Bohemia,Czechia,Europe,QS,,,,5.6,2.1,10.9,3.8,,,37.2,5.2,1.0,,,,,,,,,
1392,University of Wisconsin Milwaukee,United States,Americas,QS,,,,7.6,2.4,9.7,9.8,5.7,5.1,39.5,6.8,4.5,,,,,,,,,
1393,University POLITEHNICA of Bucharest,Romania,Europe,QS,,,,5.2,12.7,3.4,6.9,1.4,2.6,61.8,3.9,1.0,,,,,,,,,
1394,Vancouver Island University,Canada,Americas,QS,,,,4.5,3.7,48.8,1.1,,,2.6,1.5,1.0,,,,,,,,,
1395,Voronezh State University,Russia,Europe,QS,,,,5.4,2.7,21.8,1.3,3.0,21.4,12.1,3.0,1.0,,,,,,,,,
1396,Western Michigan University,United States,Americas,QS,,,,4.9,4.9,10.0,5.8,21.4,10.6,33.3,16.5,1.6,,,,,,,,,
1397,Yamaguchi University,Japan,Asia,QS,,,,3.9,1.8,41.8,4.2,6.7,2.5,18.7,1.8,1.0,,,,,,,,,
1398,Yogyakarta State University,Indonesia,Asia,QS,,,,11.7,3.3,8.7,1.4,13.5,1.7,8.6,2.3,1.0,,,,,,,,,
1399,Youngsan University,South Korea,Asia,QS,,,,4.0,10.0,19.3,1.3,2.5,9.9,2.0,1.9,1.0,,,,,,,,,
1400,Yuan Ze University,Taiwan,Asia,QS,,,,5.5,5.6,8.7,9.0,12.2,11.7,12.4,2.0,2.4,,,,,,,,,
1401,Zagazig University,Egypt,Africa,QS,,,,7.7,4.9,3.0,2.6,1.1,2.5,67.7,3.7,5.3,,,,,,,,,
1402,Don State Technical University,Russia,Europe,QS,,,,3.5,3.5,12.8,1.4,1.6,14.9,11.4,1.9,1.0,,,,,,,,,
1403,Akdeniz Üniversitesi,Turkey,Asia,QS,,,,5.7,4.8,3.5,3.0,1.2,1.1,33.7,2.0,1.0,,,,,,,,,
1404,California Polytechnic State University,United States,Americas,QS,,,,3.6,9.1,6.7,3.0,,,25.5,8.7,1.3,,,,,,,,,
1405,California State University - Los Angeles,United States,Americas,QS,,,,5.2,3.3,3.8,2.9,3.6,2.3,14.9,5.5,1.0,,,,,,,,,
1406,"California State University, Long Beach",United States,Americas,QS,,,,3.7,4.1,4.8,2.9,2.6,3.4,16.4,1.7,1.0,,,,,,,,,
1407,Católica de Córdoba,Argentina,Americas,QS,,,,5.3,2.6,17.1,1.1,3.6,3.6,2.3,4.6,1.0,,,,,,,,,
1408,East West University,Bangladesh,Asia,QS,,,,6.8,12.8,2.8,2.4,1.4,1.0,7.4,3.9,1.1,,,,,,,,,
1409,Fundación Universidad De Bogotá-Jorge Tadeo Lozano,Colombia,Americas,QS,,,,5.2,3.3,10.2,1.7,3.2,1.2,5.9,12.1,1.0,,,,,,,,,
1410,Humboldt State University,United States,Americas,QS,,,,3.0,2.5,9.7,3.7,2.9,1.2,9.9,3.1,1.0,,,,,,,,,
1411,Illinois State University,United States,Americas,QS,,,,3.4,2.8,5.6,4.1,4.7,3.1,20.0,7.6,1.1,,,,,,,,,
1412,"Indian Institute of Information Technology, Allahabad",India,Asia,QS,,,,4.1,4.4,2.0,10.7,,2.1,2.6,2.1,1.0,,,,,,,,,
1413,Indiana State University,United States,Americas,QS,,,,6.2,4.4,8.5,3.0,1.7,2.2,4.2,6.8,1.0,,,,,,,,,
1414,International University of Business Agriculture and Technology,Bangladesh,Asia,QS,,,,6.6,4.1,2.6,2.3,1.4,1.3,8.6,3.8,1.0,,,,,,,,,
1415,Irkutsk State University,Russia,Europe,QS,,,,3.3,1.8,14.1,1.3,1.9,3.8,26.4,5.2,1.2,,,,,,,,,
1416,Korkyt Ata Kyzylorda University,Kazakhstan,Asia,QS,,,,7.0,7.9,5.7,1.0,3.4,1.2,1.0,3.3,1.1,,,,,,,,,
1417,Kwansei Gakuin University,Japan,Asia,QS,,,,4.1,5.1,5.0,2.4,21.9,3.4,13.0,7.7,1.0,,,,,,,,,
1418,Lucian Blaga University of Sibiu,Romania,Europe,QS,,,,3.6,3.2,8.5,1.9,13.9,2.9,17.0,4.1,1.2,,,,,,,,,
1419,M.Kh. Dulaty Taraz Regional University,Kazakhstan,Asia,QS,,,,7.6,2.7,12.0,1.0,1.1,6.7,2.6,3.1,1.1,,,,,,,,,
1420,MIREA - Russian Technological University,Russia,Europe,QS,,,,5.5,7.0,6.6,1.4,1.3,3.3,9.5,5.2,1.0,,,,,,,,,
1421,Moscow City University,Russia,Europe,QS,,,,7.1,1.9,10.7,1.1,2.7,3.3,2.5,1.9,1.0,,,,,,,,,
1422,Naresuan University,Thailand,Asia,QS,,,,6.6,2.8,6.6,1.9,7.3,1.2,10.1,2.5,1.7,,,,,,,,,
1423,National University of Life and Environmental Sciences of Ukraine,Ukraine,Europe,QS,,,,5.8,3.9,15.8,1.4,1.2,1.2,20.0,3.7,1.0,,,,,,,,,
1424,"National University of Modern Languages (NUML), Islamabad",Pakistan,Asia,QS,,,,7.0,7.3,5.2,1.5,3.4,1.2,8.1,2.6,1.2,,,,,,,,,
1425,Nova Southeastern University,United States,Americas,QS,,,,2.7,3.5,11.6,2.8,4.7,3.9,13.2,8.9,1.2,,,,,,,,,
1426,Pontifícia Universidade Católica de Minas Gerais  PUC Minas,Brazil,Americas,QS,,,,4.9,4.6,1.9,1.5,1.9,1.1,8.3,9.4,1.0,,,,,,,,,
1427,Pontificia Universidade Católica do Campinas - PUC Campinas,Brazil,Americas,QS,,,,4.2,3.8,7.0,2.0,1.8,1.2,2.3,1.9,1.0,,,,,,,,,
1428,Pontifícia Universidade Católica do Paraná,Brazil,Americas,QS,,,,4.1,2.9,7.6,3.9,1.8,1.3,28.9,3.9,1.4,,,,,,,,,
1429,Russian State Agrarian University - Moscow Timiryazev Agricultural Academy,Russia,Europe,QS,,,,7.0,4.1,6.4,1.3,1.9,4.4,9.0,5.6,1.2,,,,,,,,,
1430,Russian State University for the Humanities,Russia,Europe,QS,,,,5.1,2.6,14.2,1.2,1.8,4.0,7.5,3.3,1.0,,,,,,,,,
1431,Sakarya University,Turkey,Asia,QS,,,,4.6,3.1,3.1,3.3,1.4,11.3,27.6,1.9,2.7,,,,,,,,,
1432,Shanghai Normal University,China (Mainland),Asia,QS,,,,5.0,1.6,10.9,4.3,4.5,1.6,26.5,1.5,1.3,,,,,,,,,
1433,Shibaura Institute of Technology,Japan,Asia,QS,,,,4.5,2.5,3.1,5.1,13.0,8.7,14.5,1.8,1.0,,,,,,,,,
1434,Silpakorn University,Thailand,Asia,QS,,,,6.3,5.4,4.4,2.8,4.3,1.2,24.7,2.5,1.0,,,,,,,,,
1435,Soochow University (Taiwan),Taiwan,Asia,QS,,,,4.7,5.3,4.1,1.8,3.8,2.9,3.4,3.2,1.8,,,,,,,,,
1436,Soongsil University,South Korea,Asia,QS,,,,3.5,6.0,8.3,4.5,5.2,11.2,14.9,2.8,1.0,,,,,,,,,
1437,Stamford University Bangladesh,Bangladesh,Asia,QS,,,,9.7,4.6,1.2,1.4,,,2.2,3.6,1.0,,,,,,,,,
1438,State University of Malang,Indonesia,Asia,QS,,,,6.3,2.5,8.7,1.7,13.7,1.3,11.5,5.4,1.1,,,,,,,,,
1439,Stefan cel Mare University of Suceava,Romania,Europe,QS,,,,3.8,2.4,4.5,4.2,2.3,25.5,19.3,4.1,1.9,,,,,,,,,
1440,"The University of Notre Dame, Australia",Australia,Oceania,QS,,,,3.0,3.7,3.5,7.2,21.4,2.2,10.6,1.7,1.0,,,,,,,,,
1441,Udayana University,Indonesia,Asia,QS,,,,6.4,4.7,5.7,1.4,7.4,3.4,12.3,3.7,1.0,,,,,,,,,
1442,United International University,Bangladesh,Asia,QS,,,,6.3,8.7,3.0,2.5,,1.1,8.8,3.9,1.0,,,,,,,,,
1443,Universidad Alberto Hurtado,Chile,Americas,QS,,,,8.6,4.2,3.1,2.8,12.7,1.7,8.2,2.2,1.0,,,,,,,,,
1444,Universidad Autónoma de Aguascalientes,Mexico,Americas,QS,,,,3.1,1.6,32.5,1.2,,,10.8,1.6,1.0,,,,,,,,,
1445,Universidad Autónoma de Baja California,Mexico,Americas,QS,,,,6.6,4.4,4.4,1.5,2.6,1.1,12.5,2.1,7.5,,,,,,,,,
1446,Universidad Autónoma de Chile,Chile,Americas,QS,,,,5.3,2.0,4.2,3.1,12.4,1.4,32.6,2.1,2.8,,,,,,,,,
1447,Universidad Autónoma de Querétaro (UAQ),Mexico,Americas,QS,,,,4.4,2.4,6.0,2.1,3.8,1.5,7.3,2.0,1.0,,,,,,,,,
1448,Universidad Autónoma de San Luis de Potosí,Mexico,Americas,QS,,,,5.9,1.8,5.4,2.4,1.6,1.3,21.4,1.6,1.1,,,,,,,,,
1449,Universidad Autonoma de Yucatan,Mexico,Americas,QS,,,,5.5,1.5,4.9,2.4,2.2,1.1,10.1,1.6,1.0,,,,,,,,,
1450,Universidad Autónoma del Estado de Morelos (UAEM),Mexico,Americas,QS,,,,3.5,1.8,15.5,1.6,2.6,1.2,17.4,1.9,1.0,,,,,,,,,
1451,Universidad Bernardo O'Higgins,Chile,Americas,QS,,,,4.6,4.3,9.9,2.0,13.3,2.1,13.1,2.2,1.0,,,,,,,,,
1452,"Universidad Católica Boliviana ""San Pablo""",Bolivia,Americas,QS,,,,3.9,2.9,4.2,1.1,2.3,2.7,7.7,26.2,1.0,,,,,,,,,
1453,Universidad Católica de Colombia,Colombia,Americas,QS,,,,6.1,3.2,5.1,1.6,3.3,1.1,5.0,2.3,1.0,,,,,,,,,
1454,Universidad Católica de La Santísima Concepción - UCSC,Chile,Americas,QS,,,,3.4,2.1,8.2,2.8,5.2,1.1,28.3,2.0,1.2,,,,,,,,,
1455,Universidad Católica de Santiago de Guayaquil,Ecuador,Americas,QS,,,,4.5,3.4,1.3,1.5,16.7,1.2,10.3,16.6,1.0,,,,,,,,,
1456,Universidad Católica de Temuco,Chile,Americas,QS,,,,4.1,1.4,2.0,4.8,35.1,,14.3,2.0,1.1,,,,,,,,,
1457,Universidad Central de Chile,Chile,Americas,QS,,,,4.4,2.4,3.0,1.7,4.6,1.8,9.4,2.0,1.0,,,,,,,,,
1458,Universidad de Caldas,Colombia,Americas,QS,,,,4.9,2.4,3.5,1.5,,,6.5,2.1,1.0,,,,,,,,,
1459,Universidad de Carabobo,Venezuela,Americas,QS,,,,4.7,6.1,17.4,1.0,,,3.1,5.4,1.0,,,,,,,,,
1460,Universidad de Cartagena,Colombia,Americas,QS,,,,4.8,2.7,4.0,3.2,2.2,1.1,11.0,2.1,1.2,,,,,,,,,
1461,Universidad de Córdoba - Colombia,Colombia,Americas,QS,,,,11.8,2.4,2.9,1.4,,,5.3,1.9,1.0,,,,,,,,,
1462,Universidad de Cuenca,Ecuador,Americas,QS,,,,7.2,2.2,4.9,2.0,2.2,1.4,24.4,7.8,2.7,,,,,,,,,
1463,Universidad de Guanajuato,Mexico,Americas,QS,,,,7.1,2.1,5.0,2.8,5.9,1.3,22.9,6.8,1.1,,,,,,,,,
1464,Universidad de La Salle,Colombia,Americas,QS,,,,6.0,3.9,6.4,1.3,2.9,1.3,5.0,2.2,1.0,,,,,,,,,
1465,Universidad de La Serena,Chile,Americas,QS,,,,4.0,2.6,3.3,5.6,4.4,1.3,14.7,2.1,1.1,,,,,,,,,
1466,Universidad de las Fuerzas Armadas ESPE (Ex - Escuela Politécnica del Ejército),Ecuador,Americas,QS,,,,6.1,3.9,10.6,1.3,2.7,1.1,11.0,4.5,1.1,,,,,,,,,
1467,Universidad de Medellín,Colombia,Americas,QS,,,,6.5,3.2,7.9,2.2,2.7,1.8,5.9,7.8,1.1,,,,,,,,,
1468,Universidad de Santander - UDES,Colombia,Americas,QS,,,,3.3,2.3,8.0,1.3,3.7,1.9,11.9,2.2,1.1,,,,,,,,,
1469,Universidad de Sonora,Mexico,Americas,QS,,,,3.6,1.6,4.4,1.8,3.4,1.5,9.2,2.1,1.0,,,,,,,,,
1470,Universidad del Cauca,Colombia,Americas,QS,,,,7.9,2.0,5.3,1.7,21.7,1.1,11.8,4.5,1.0,,,,,,,,,
1471,Universidad del Valle de Mexico (UVM),Mexico,Americas,QS,,,,3.8,9.9,3.9,1.1,2.0,1.6,4.8,3.1,1.0,,,,,,,,,
1472,Universidad Michoacana de San Nicolás de Hidalgo,Mexico,Americas,QS,,,,4.1,1.8,2.5,2.0,,,14.0,1.5,1.0,,,,,,,,,
1473,Universidad Nacional de Quilmes,Argentina,Americas,QS,,,,6.7,1.7,3.3,1.7,2.8,1.8,11.9,2.9,1.0,,,,,,,,,
1474,Universidad Nacional de Tucumán,Argentina,Americas,QS,,,,7.4,2.1,2.6,1.6,,,31.0,3.6,1.0,,,,,,,,,
1475,Universidad Nacional del Comahue,Argentina,Americas,QS,,,,5.1,2.4,20.4,1.3,,,13.1,2.1,1.2,,,,,,,,,
1476,UNIVERSIDAD POLITECNICA SALESIANA,Ecuador,Americas,QS,,,,6.4,3.3,3.3,1.5,6.2,1.7,6.8,4.1,1.0,,,,,,,,,
1477,Universidad Popular Autónoma del Estado de Puebla (UPAEP),Mexico,Americas,QS,,,,5.2,3.4,13.0,1.2,3.9,2.0,5.1,2.2,1.0,,,,,,,,,
1478,Universidad San Ignacio de Loyola,Peru,Americas,QS,,,,6.1,9.0,2.0,1.5,4.1,1.6,7.6,3.7,1.3,,,,,,,,,
1479,Universidad Tecnica Particular De Loja (UTPL),Ecuador,Americas,QS,,,,6.0,2.3,1.4,1.6,7.9,1.9,15.7,4.6,1.5,,,,,,,,,
1480,Universidad Tecnológica de Bolívar,Colombia,Americas,QS,,,,2.2,3.5,2.9,2.7,3.6,2.3,6.8,6.4,1.0,,,,,,,,,
1481,"Universidad Tecnológica de la Habana José Antonio Echeverría, Cujae",Cuba,Americas,QS,,,,4.9,1.3,19.1,1.1,3.1,4.1,4.8,5.0,1.0,,,,,,,,,
1482,Universidad Tecnológica de Pereira,Colombia,Americas,QS,,,,3.8,3.6,3.4,1.9,1.4,1.2,9.6,2.1,1.0,,,,,,,,,
1483,Universidad Veracruzana,Mexico,Americas,QS,,,,7.7,2.7,7.3,1.4,,,13.6,1.5,1.1,,,,,,,,,
1484,Universidade do Estado de Santa Catarina,Brazil,Americas,QS,,,,3.7,1.3,15.4,1.7,,,9.0,2.2,1.0,,,,,,,,,
1485,Universidade Estadual de Londrina,Brazil,Americas,QS,,,,3.9,2.5,13.7,3.3,2.1,1.3,13.4,1.3,2.8,,,,,,,,,
1486,Universidade Federal da Paraíba,Brazil,Americas,QS,,,,4.1,2.5,7.3,3.1,2.5,1.1,40.8,1.3,1.1,,,,,,,,,
1487,Universidade Federal de Goiás,Brazil,Americas,QS,,,,3.8,1.3,6.8,4.2,3.5,1.2,32.7,1.3,1.3,,,,,,,,,
1488,Universidade Federal de Uberlândia,Brazil,Americas,QS,,,,3.8,1.7,13.8,3.5,2.1,1.3,28.6,2.2,3.2,,,,,,,,,
1489,Universidade Federal do Estado do Rio de Janeiro - UNIRIO,Brazil,Americas,QS,,,,2.9,2.0,8.1,2.1,,,8.6,1.5,1.0,,,,,,,,,
1490,Universidade Federal do Parà - UFPA,Brazil,Americas,QS,,,,3.6,1.7,6.3,2.6,2.5,1.1,35.4,1.3,1.9,,,,,,,,,
1491,Universitas Andalas,Indonesia,Asia,QS,,,,8.1,5.1,7.0,1.3,6.2,1.6,4.5,3.7,1.0,,,,,,,,,
1492,Universitas Kristen Petra,Indonesia,Asia,QS,,,,7.1,5.2,7.8,1.6,3.2,1.1,6.0,2.5,1.0,,,,,,,,,
1493,Universitas Muhammadiyah Surakarta,Indonesia,Asia,QS,,,,5.5,2.5,6.5,1.1,8.4,1.1,4.5,2.3,1.0,,,,,,,,,
1494,Universiti Sains Islam Malaysia,Malaysia,Asia,QS,,,,6.6,2.5,8.8,1.9,8.4,6.1,12.5,3.3,1.0,,,,,,,,,
1495,University of Central Oklahoma,United States,Americas,QS,,,,5.6,2.9,6.5,1.5,15.9,9.9,5.2,2.9,1.0,,,,,,,,,
1496,University of Craiova,Romania,Europe,QS,,,,4.5,2.2,3.2,2.1,,,21.8,13.4,1.0,,,,,,,,,
1497,University of Lampung,Indonesia,Asia,QS,,,,4.7,2.3,5.1,1.3,1.2,1.0,3.4,2.2,1.0,,,,,,,,,
1498,University of Mataram,Indonesia,Asia,QS,,,,6.4,1.7,3.8,1.1,1.5,1.0,3.7,2.2,1.0,,,,,,,,,
1499,University of Montana Missoula,United States,Americas,QS,,,,3.0,2.2,10.6,6.1,1.3,1.9,6.5,3.1,1.0,,,,,,,,,
1500,University of Oradea,Romania,Europe,QS,,,,5.6,2.2,4.0,1.9,1.5,5.2,34.5,6.2,2.3,,,,,,,,,
1501,University of San Carlos,Philippines,Asia,QS,,,,7.2,9.4,3.3,1.8,2.1,2.1,6.4,9.6,1.0,,,,,,,,,
1502,"University Politehnica of Timisoara, UPT",Romania,Europe,QS,,,,4.1,4.2,7.2,3.9,1.4,2.5,18.6,3.9,1.1,,,,,,,,,
1503,Western Washington University,United States,Americas,QS,,,,2.6,2.6,7.3,3.5,9.7,1.6,12.4,1.5,1.1,,,,,,,,,
1504,University of Oxford,United Kingdom,,THE,1.0,,98.5,,,,99.0,,,,,,96.6,100.0,98.7,97.5,,10.9,42.0,49:51:00,100.0
1505,Stanford University,United States,,THE,2.0,,98.0,,,,99.6,,,,,,99.0,97.8,100.0,87.0,,6.4,23.0,47:53:00,99.83221476510067
1506,Massachusetts Institute of Technology,United States,,THE,3.0,,97.9,,,,99.7,,,,,,98.6,96.2,100.0,93.8,,8.0,33.0,41:59:00,99.66442953020133
1507,Harvard University,United States,,THE,4.0,,97.8,,,,99.4,,,,,,97.7,99.9,84.2,90.8,,9.0,25.0,51:49:00,99.49664429530202
1508,University of Cambridge,United Kingdom,,THE,5.0,,97.5,,,,98.0,,,,,,95.8,100.0,87.9,97.4,,11.5,38.0,48:52:00,99.32885906040269
1509,Princeton University,United States,,THE,6.0,,96.9,,,,98.8,,,,,,96.3,97.9,95.1,89.1,,7.3,23.0,47:53:00,99.16107382550335
1510,California Institute of Technology,United States,,THE,7.0,,96.5,,,,95.9,,,,,,96.6,98.0,100.0,90.6,,6.1,33.0,37 : 63,98.99328859060402
1511,Imperial College London,United Kingdom,,THE,8.0,,95.1,,,,98.6,,,,,,90.9,95.5,90.9,98.3,,11.8,61.0,42:58:00,98.8255033557047
1512,"University of California, Berkeley",United States,,THE,9.0,,94.6,,,,99.0,,,,,,87.2,98.8,99.4,86.8,,17.9,22.0,52:48:00,98.65771812080537
1513,Yale University,United States,,THE,10.0,,94.2,,,,97.7,,,,,,94.0,94.9,86.5,82.4,,5.2,21.0,51:49:00,98.48993288590604
1514,ETH Zurich,Switzerland,,THE,11.0,,93.1,,,,95.6,,,,,,87.6,96.8,82.9,95.6,,15.4,43.0,33 : 67,98.3221476510067
1515,Tsinghua University,China,,THE,12.0,,92.4,,,,93.2,,,,,,95.3,98.1,99.9,51.7,,11.2,10.0,,98.15436241610739
1516,The University of Chicago,United States,,THE,13.0,,92.1,,,,97.6,,,,,,89.6,91.2,93.8,82.3,,6.2,36.0,47:53:00,97.98657718120806
1517,Peking University,China,,THE,14.0,,91.8,,,,87.2,,,,,,95.6,97.3,98.8,70.2,,10.9,14.0,,97.81879194630872
1518,Johns Hopkins University,United States,,THE,15.0,,91.1,,,,97.2,,,,,,84.4,92.3,100.0,84.2,,4.1,28.0,56:44:00,97.6510067114094
1519,University of Pennsylvania,United States,,THE,16.0,,91.0,,,,97.6,,,,,,87.7,89.7,97.7,78.8,,6.2,22.0,54:46:00,97.48322147651007
1520,Columbia University,United States,,THE,17.0,,90.9,,,,97.4,,,,,,88.6,89.7,75.2,86.9,,5.2,35.0,,97.31543624161074
1521,"University of California, Los Angeles",United States,,THE,18.0,,90.1,,,,96.4,,,,,,85.7,91.9,92.3,74.3,,9.6,15.0,56:44:00,97.14765100671141
1522,National University of Singapore,Singapore,,THE,19.0,,90.0,,,,95.4,,,,,,78.8,94.0,100.0,91.1,,20.0,24.0,49:51:00,96.97986577181209
1523,Cornell University,United States,,THE,20.0,,89.5,,,,97.6,,,,,,85.7,88.7,69.4,86.0,,10.0,24.0,51:49:00,96.81208053691275
1524,University of Toronto,Canada,,THE,21.0,,88.6,,,,92.8,,,,,,77.5,94.1,96.1,90.7,,25.8,27.0,56:44:00,96.64429530201343
1525,UCL,United Kingdom,,THE,22.0,,88.1,,,,98.6,,,,,,78.4,86.4,75.2,97.9,,11.3,61.0,59:41:00,96.47651006711409
1526,University of Michigan-Ann Arbor,United States,,THE,23.0,,87.4,,,,95.5,,,,,,84.7,87.4,80.7,69.0,,8.1,16.0,51:49:00,96.30872483221476
1527,Carnegie Mellon University,United States,,THE,24.0,,86.3,,,,98.9,,,,,,75.0,84.6,87.3,85.5,,11.9,44.0,44:56:00,96.14093959731544
1528,University of Washington,United States,,THE,25.0,,85.3,,,,98.2,,,,,,78.0,83.5,77.6,73.2,,10.1,16.0,56:44:00,95.9731543624161
1529,Duke University,United States,,THE,26.0,,83.9,,,,96.2,,,,,,79.3,76.1,100.0,74.8,,3.9,18.0,52:48:00,95.80536912751678
1530,New York University,United States,,THE,27.0,,83.5,,,,94.9,,,,,,73.2,84.0,75.4,80.7,,11.8,42.0,58:42:00,95.63758389261746
1531,Northwestern University,United States,,THE,28.0,,83.2,,,,97.8,,,,,,72.3,78.8,99.7,75.9,,13.1,18.0,52:48:00,95.46979865771812
1532,The University of Tokyo,Japan,,THE,29.0,,83.1,,,,67.8,,,,,,93.9,94.2,100.0,49.7,,10.3,15.0,,95.30201342281879
1533,University of Edinburgh,United Kingdom,,THE,30.0,,82.5,,,,96.9,,,,,,70.7,77.5,71.1,97.0,,11.5,46.0,61:39:00,95.13422818791946
1534,Technical University of Munich,Germany,,THE,30.0,,82.5,,,,90.0,,,,,,69.8,85.1,100.0,83.1,,44.4,39.0,37 : 63,95.13422818791946
1535,"Nanyang Technological University, Singapore",Singapore,,THE,32.0,,82.3,,,,94.5,,,,,,66.2,80.9,99.7,93.3,,16.7,27.0,49:51:00,94.79865771812081
1536,Ãcole Polytechnique FÃ©dÃ©rale de Lausanne,Switzerland,,THE,33.0,,81.4,,,,90.3,,,,,,74.5,73.2,99.8,95.8,,13.5,64.0,30 : 70,94.63087248322147
1537,"University of California, San Diego",United States,,THE,34.0,,81.0,,,,97.6,,,,,,66.0,78.4,100.0,74.3,,12.0,19.0,45:55:00,94.46308724832215
1538,University of Hong Kong,Hong Kong,,THE,35.0,,80.3,,,,96.4,,,,,,65.6,72.3,95.2,96.8,,18.3,43.0,55:45:00,94.29530201342283
1539,Georgia Institute of Technology,United States,,THE,36.0,,80.0,,,,94.1,,,,,,63.4,78.9,94.6,84.8,,28.0,29.0,34 : 66,94.12751677852349
1540,University of Melbourne,Australia,,THE,37.0,,79.2,,,,90.1,,,,,,64.8,76.4,98.3,92.7,,25.1,47.0,58:42:00,93.95973154362416
1541,Kingâs College London,United Kingdom,,THE,38.0,,79.0,,,,97.7,,,,,,59.8,75.1,74.2,97.5,,13.9,53.0,63:37:00,93.79194630872483
1542,LMU Munich,Germany,,THE,38.0,,79.0,,,,92.2,,,,,,65.3,76.8,100.0,76.9,,33.5,18.0,62:38:00,93.79194630872483
1543,Paris Sciences et Lettres â PSL Research University Paris,France,,THE,40.0,,78.5,,,,83.2,,,,,,75.7,72.8,99.7,81.6,,15.0,22.0,51:49:00,93.45637583892618
1544,University of British Columbia,Canada,,THE,41.0,,78.0,,,,90.5,,,,,,62.5,76.6,76.7,95.0,,19.4,34.0,55:45:00,93.28859060402685
1545,University of Illinois at Urbana-Champaign,United States,,THE,42.0,,77.9,,,,85.2,,,,,,69.5,81.5,85.3,64.0,,19.6,23.0,51:49:00,93.12080536912751
1546,Shanghai Jiao Tong University,China,,THE,43.0,,77.7,,,,75.4,,,,,,76.6,82.5,100.0,60.6,,12.6,9.0,37 : 63,92.9530201342282
1547,Fudan University,China,,THE,44.0,,77.5,,,,83.5,,,,,,76.5,75.3,96.0,56.1,,12.6,9.0,52:48:00,92.78523489932886
1548,KU Leuven,Belgium,,THE,45.0,,77.0,,,,91.9,,,,,,60.1,74.9,100.0,79.6,,37.3,19.0,52:48:00,92.61744966442953
1549,London School of Economics and Political Science,United Kingdom,,THE,46.0,,76.8,,,,95.4,,,,,,59.5,73.5,55.9,94.1,,12.6,72.0,56:44:00,92.4496644295302
1550,UniversitÃ¤t Heidelberg,Germany,,THE,47.0,,76.7,,,,94.6,,,,,,67.7,64.3,99.3,76.4,,13.3,20.0,55:45:00,92.28187919463086
1551,Delft University of Technology,Netherlands,,THE,48.0,,76.3,,,,76.5,,,,,,66.7,78.2,100.0,92.8,,15.9,30.0,31 : 69,92.11409395973155
1552,McGill University,Canada,,THE,49.0,,76.0,,,,88.8,,,,,,62.3,72.3,76.1,92.5,,11.9,29.0,61:39:00,91.94630872483222
1553,Karolinska Institute,Sweden,,THE,50.0,,75.9,,,,95.3,,,,,,58.9,67.9,96.0,85.7,,9.9,27.0,70:30:00,91.77852348993288
1554,University of Manchester,United Kingdom,,THE,51.0,,75.6,,,,93.1,,,,,,61.4,67.1,73.1,95.6,,15.6,45.0,56:44:00,91.61073825503355
1555,University of Texas at Austin,United States,,THE,52.0,,75.5,,,,91.0,,,,,,66.0,75.7,81.4,47.3,,16.4,8.0,55:45:00,91.44295302013423
1556,Chinese University of Hong Kong,Hong Kong,,THE,53.0,,75.4,,,,97.6,,,,,,59.1,61.5,95.9,93.6,,18.8,25.0,,91.2751677852349
1557,Monash University,Australia,,THE,54.0,,75.2,,,,94.7,,,,,,55.3,67.8,99.7,91.1,,43.1,38.0,56:44:00,91.10738255033557
1558,Kyoto University,Japan,,THE,55.0,,75.0,,,,60.0,,,,,,85.4,84.3,100.0,45.7,,9.0,11.0,25 : 75,90.93959731543623
1559,Zhejiang University,China,,THE,55.0,,75.0,,,,78.7,,,,,,70.2,75.3,99.0,65.5,,12.0,16.0,,90.93959731543623
1560,University of Science and Technology of China,China,,THE,57.0,,74.8,,,,88.2,,,,,,74.3,66.3,95.6,45.4,,8.1,5.0,,90.60402684563759
1561,UniversitÃ© Paris-Saclay,France,,THE,58.0,,74.4,,,,82.4,,,,,,70.9,66.1,92.4,78.6,,13.0,24.0,50:50:00,90.43624161073825
1562,"University of California, Davis",United States,,THE,59.0,,74.1,,,,87.2,,,,,,63.7,67.8,91.5,78.7,,13.3,18.0,60:40:00,90.26845637583892
1563,The University of Sydney,Australia,,THE,60.0,,73.8,,,,92.0,,,,,,52.6,68.9,97.7,90.2,,23.1,51.0,58:42:00,90.1006711409396
1564,University of Amsterdam,Netherlands,,THE,61.0,,73.6,,,,96.7,,,,,,55.0,63.1,77.6,93.2,,13.2,36.0,60:40:00,89.93288590604027
1565,Seoul National University,South Korea,,THE,62.0,,73.4,,,,74.6,,,,,,74.2,75.3,100.0,43.7,,16.1,13.0,,89.76510067114094
1566,University of Wisconsin-Madison,United States,,THE,63.0,,73.3,,,,85.5,,,,,,68.5,67.5,79.8,62.8,,9.9,13.0,,89.59731543624162
1567,Brown University,United States,,THE,64.0,,73.0,,,,89.7,,,,,,69.8,59.6,69.3,72.1,,10.3,19.0,,89.42953020134227
1568,The Hong Kong University of Science and Technology,Hong Kong,,THE,64.0,,73.0,,,,92.9,,,,,,54.0,62.1,100.0,95.5,,19.9,30.0,,89.42953020134227
1569,Wageningen University & Research,Netherlands,,THE,64.0,,73.0,,,,93.8,,,,,,56.4,59.8,98.8,92.4,,18.1,28.0,54:46:00,89.42953020134227
1570,Australian National University,Australia,,THE,67.0,,72.6,,,,86.6,,,,,,55.9,68.0,82.0,94.8,,15.1,48.0,52:48:00,88.9261744966443
1571,Washington University in St Louis,United States,,THE,68.0,,72.3,,,,97.5,,,,,,60.8,57.2,77.8,72.7,,7.3,22.0,52:48:00,88.75838926174497
1572,"University of California, Santa Barbara",United States,,THE,69.0,,72.1,,,,96.9,,,,,,47.4,64.7,99.4,84.0,,27.5,18.0,54:46:00,88.59060402684564
1573,The University of Queensland,Australia,,THE,70.0,,72.0,,,,89.1,,,,,,52.9,64.3,99.8,94.0,,39.1,42.0,55:45:00,88.42281879194631
1574,Institut Polytechnique de Paris,France,,THE,71.0,,71.3,,,,70.8,,,,,,71.0,61.6,98.8,97.1,,6.8,42.0,25 : 75,88.25503355704699
1575,University of North Carolina at Chapel Hill,United States,,THE,72.0,,71.2,,,,93.9,,,,,,63.4,60.3,75.8,50.9,,7.7,8.0,60:40:00,88.08724832214764
1576,Nanjing University,China,,THE,73.0,,70.9,,,,85.3,,,,,,64.0,61.7,96.8,61.8,,16.7,8.0,54:46:00,87.91946308724832
1577,University of Southern California,United States,,THE,74.0,,70.8,,,,92.5,,,,,,59.2,58.8,74.4,74.3,,14.2,24.0,49:51:00,87.75167785234899
1578,Sorbonne University,France,,THE,75.0,,70.5,,,,83.7,,,,,,64.7,60.8,69.5,78.8,,14.5,22.0,60:40:00,87.58389261744966
1579,Yonsei University (Seoul campus),South Korea,,THE,76.0,,70.4,,,,79.3,,,,,,68.1,64.3,99.9,51.8,,13.9,17.0,49:51:00,87.41610738255034
1580,Leiden University,Netherlands,,THE,77.0,,70.2,,,,93.0,,,,,,46.0,62.7,98.1,87.8,,19.3,21.0,60:40:00,87.24832214765101
1581,Boston University,United States,,THE,78.0,,70.1,,,,94.3,,,,,,59.6,54.1,76.4,74.1,,10.8,29.0,58:42:00,87.08053691275168
1582,University of Groningen,Netherlands,,THE,79.0,,70.0,,,,94.5,,,,,,47.5,57.2,99.9,93.4,,28.8,29.0,53:47:00,86.91275167785236
1583,University of Zurich,Switzerland,,THE,80.0,,69.9,,,,91.8,,,,,,54.8,53.4,93.7,92.4,,14.7,24.0,58:42:00,86.74496644295301
1584,University of Bristol,United Kingdom,,THE,81.0,,69.8,,,,97.3,,,,,,48.7,56.5,72.3,92.5,,14.8,31.0,55:45:00,86.57718120805369
1585,City University of Hong Kong,Hong Kong,,THE,82.0,,69.3,,,,91.1,,,,,,52.2,52.4,100.0,98.7,,13.2,67.0,54:46:00,86.40939597315436
1586,Korea Advanced Institute of Science and Technology (KAIST),South Korea,,THE,83.0,,69.2,,,,77.4,,,,,,67.1,65.8,100.0,41.6,,10.7,8.0,0.929861111,86.24161073825503
1587,UNSW Sydney,Australia,,THE,84.0,,68.9,,,,91.1,,,,,,47.2,57.4,98.6,94.5,,36.6,40.0,47:53:00,86.0738255033557
1588,University of Minnesota,United States,,THE,85.0,,68.7,,,,87.2,,,,,,61.0,58.5,99.8,48.3,,11.8,9.0,55:45:00,85.90604026845638
1589,Purdue University West Lafayette,United States,,THE,86.0,,68.5,,,,71.8,,,,,,64.0,65.3,84.3,76.7,,18.3,17.0,44:56:00,85.73825503355704
1590,University of Glasgow,United Kingdom,,THE,87.0,,68.2,,,,96.8,,,,,,48.1,51.8,69.7,96.1,,14.4,43.0,59:41:00,85.57046979865773
1591,The Hong Kong Polytechnic University,Hong Kong,,THE,87.0,,68.2,,,,94.5,,,,,,45.7,54.1,87.4,96.3,,30.6,30.0,51:49:00,85.57046979865773
1592,Humboldt University of Berlin,Germany,,THE,87.0,,68.2,,,,82.8,,,,,,55.3,63.7,65.4,79.0,,54.5,18.0,,85.57046979865773
1593,RWTH Aachen University,Germany,,THE,90.0,,68.0,,,,78.9,,,,,,54.9,64.8,100.0,71.2,,43.3,29.0,34 : 66,85.06711409395973
1594,University of Bonn,Germany,,THE,91.0,,67.8,,,,89.7,,,,,,51.7,57.7,82.6,73.8,,44.5,17.0,57:43:00,84.8993288590604
1595,"University of California, Irvine",United States,,THE,92.0,,67.4,,,,93.2,,,,,,47.1,53.8,96.1,80.9,,16.2,26.0,53:47:00,84.73154362416108
1596,Vanderbilt University,United States,,THE,92.0,,67.4,,,,96.0,,,,,,54.1,48.5,96.5,62.9,,3.9,17.0,55:45:00,84.73154362416108
1597,CharitÃ© - UniversitÃ¤tsmedizin Berlin,Germany,,THE,94.0,,67.2,,,,97.7,,,,,,47.5,49.1,100.0,75.2,,17.5,21.0,65:35:00,84.39597315436241
1598,Lomonosov Moscow State University,Russia,,THE,95.0,,67.0,,,,33.9,,,,,,87.5,75.2,91.1,73.8,,9.6,37.0,50:50:00,84.22818791946308
1599,University of TÃ¼bingen,Germany,,THE,95.0,,67.0,,,,89.0,,,,,,49.1,56.5,99.8,72.0,,27.1,14.0,59:41:00,84.22818791946308
1600,KTH Royal Institute of Technology,Sweden,,THE,97.0,,66.9,,,,81.0,,,,,,53.5,57.8,97.7,82.5,,15.9,26.0,34 : 66,83.89261744966443
1601,University of Southampton,United Kingdom,,THE,97.0,,66.9,,,,92.7,,,,,,48.9,50.1,73.1,96.5,,13.0,35.0,51:49:00,83.89261744966443
1602,Erasmus University Rotterdam,Netherlands,,THE,99.0,,66.7,,,,96.9,,,,,,38.5,54.1,94.7,90.6,,36.0,25.0,54:46:00,83.55704697986577
1603,Ohio State University (Main campus),United States,,THE,99.0,,66.7,,,,88.4,,,,,,55.8,52.7,85.0,67.3,,11.4,11.0,51:49:00,83.55704697986577
1604,University of Birmingham,United Kingdom,,THE,101.0,,66.6,,,,95.5,,,,,,46.1,49.3,72.1,95.1,,15.2,32.0,58:42:00,83.22147651006712
1605,Free University of Berlin,Germany,,THE,102.0,,66.5,,,,82.5,,,,,,52.1,59.7,71.6,82.4,,41.5,20.0,63:37:00,83.05369127516778
1606,University of Copenhagen,Denmark,,THE,103.0,,66.3,,,,91.3,,,,,,49.2,51.1,89.5,80.1,,4.3,14.0,62:38:00,82.88590604026845
1607,McMaster University,Canada,,THE,103.0,,66.3,,,,93.0,,,,,,43.8,51.3,100.0,87.3,,30.9,22.0,56:44:00,82.88590604026845
1608,University of Sheffield,United Kingdom,,THE,105.0,,66.2,,,,92.3,,,,,,48.0,49.5,77.5,92.0,,15.4,40.0,53:47:00,82.5503355704698
1609,Emory University,United States,,THE,106.0,,66.1,,,,95.5,,,,,,53.1,45.7,81.6,69.3,,4.0,19.0,61:39:00,82.38255033557047
1610,Lund University,Sweden,,THE,106.0,,66.1,,,,86.6,,,,,,46.7,56.6,99.8,79.8,,12.0,18.0,56:44:00,82.38255033557047
1611,University of Warwick,United Kingdom,,THE,106.0,,66.1,,,,89.0,,,,,,48.1,52.1,70.5,96.4,,14.4,44.0,50:50:00,82.38255033557047
1612,Aarhus University,Denmark,,THE,109.0,,65.9,,,,86.3,,,,,,44.9,59.0,98.7,76.3,,13.5,9.0,56:44:00,81.87919463087249
1613,University of Alberta,Canada,,THE,109.0,,65.9,,,,80.9,,,,,,50.1,55.5,99.9,90.7,,22.8,27.0,,81.87919463087249
1614,University of Adelaide,Australia,,THE,111.0,,65.8,,,,92.8,,,,,,42.4,50.6,95.0,92.9,,36.4,31.0,49:51:00,81.54362416107382
1615,University of GÃ¶ttingen,Germany,,THE,111.0,,65.8,,,,90.1,,,,,,50.0,54.8,70.8,70.7,,27.4,14.0,53:47:00,81.54362416107382
1616,UniversitÃ© de MontrÃ©al,Canada,,THE,111.0,,65.8,,,,81.7,,,,,,51.2,54.1,96.6,87.7,,20.5,22.0,,81.54362416107382
1617,"University of Maryland, College Park",United States,,THE,114.0,,65.7,,,,92.8,,,,,,49.4,58.1,70.2,48.6,,17.0,9.0,49:51:00,81.04026845637584
1618,Ghent University,Belgium,,THE,115.0,,65.6,,,,85.3,,,,,,47.2,59.3,99.7,65.7,,37.6,12.0,57:43:00,80.87248322147651
1619,University of Bern,Switzerland,,THE,116.0,,65.4,,,,93.3,,,,,,45.1,47.0,99.2,87.0,,18.2,16.0,59:41:00,80.70469798657717
1620,Michigan State University,United States,,THE,116.0,,65.4,,,,86.2,,,,,,54.8,52.3,70.0,71.4,,16.1,11.0,52:48:00,80.70469798657717
1621,Texas A&M University,United States,,THE,118.0,,65.3,,,,77.3,,,,,,55.2,62.1,76.4,64.1,,20.5,6.0,47:53:00,80.36912751677853
1622,Rice University,United States,,THE,119.0,,65.2,,,,86.5,,,,,,56.4,45.6,73.9,85.8,,9.8,26.0,42:58:00,80.20134228187919
1623,University of Vienna,Austria,,THE,119.0,,65.2,,,,77.4,,,,,,48.7,60.3,75.9,94.9,,37.4,31.0,66:34:00,80.20134228187919
1624,University of Helsinki,Finland,,THE,121.0,,65.1,,,,90.6,,,,,,48.1,57.6,69.2,56.7,,15.9,5.0,67:33:00,79.86577181208054
1625,Penn State (Main campus),United States,,THE,122.0,,65.0,,,,83.7,,,,,,53.1,58.7,70.4,58.4,,14.2,15.0,48:52:00,79.69798657718121
1626,University of Basel,Switzerland,,THE,123.0,,64.9,,,,87.7,,,,,,50.8,42.9,99.4,95.4,,10.4,31.0,56:44:00,79.53020134228188
1627,University of Massachusetts,United States,,THE,123.0,,64.9,,,,87.3,,,,,,54.0,46.9,85.6,77.3,,13.3,14.0,50:50:00,79.53020134228188
1628,Vrije Universiteit Amsterdam,Netherlands,,THE,125.0,,64.7,,,,93.4,,,,,,40.4,51.0,91.5,84.3,,19.2,18.0,57:43:00,79.19463087248322
1629,Technical University of Denmark,Denmark,,THE,126.0,,64.6,,,,83.2,,,,,,50.7,47.4,99.7,92.2,,7.7,28.0,32 : 68,79.0268456375839
1630,University of Oslo,Norway,,THE,127.0,,64.3,,,,92.1,,,,,,45.6,50.6,72.3,75.6,,12.5,15.0,66:34:00,78.85906040268456
1631,University of Freiburg,Germany,,THE,128.0,,64.1,,,,86.2,,,,,,46.7,51.3,100.0,74.2,,34.4,17.0,53:47:00,78.69127516778524
1632,University of Leeds,United Kingdom,,THE,129.0,,63.9,,,,87.3,,,,,,46.1,49.1,68.8,94.6,,14.4,32.0,59:41:00,78.52348993288591
1633,University of Nottingham,United Kingdom,,THE,130.0,,63.8,,,,90.6,,,,,,45.6,45.9,71.2,92.8,,16.0,27.0,54:46:00,78.35570469798657
1634,Tohoku University,Japan,,THE,130.0,,63.8,,,,53.8,,,,,,67.8,66.4,99.9,58.5,,11.8,12.0,28 : 72,78.35570469798657
1635,University of Florida,United States,,THE,132.0,,63.7,,,,78.3,,,,,,55.5,56.7,88.9,50.9,,16.7,9.0,56:44:00,78.02013422818791
1636,University of Rochester,United States,,THE,133.0,,63.6,,,,88.3,,,,,,50.8,42.9,89.0,81.7,,7.3,34.0,50:50:00,77.85234899328859
1637,Trinity College Dublin,Ireland,,THE,134.0,,63.2,,,,87.6,,,,,,44.0,48.4,76.6,91.4,,22.2,34.0,61:39:00,77.68456375838926
1638,Queen Mary University of London,United Kingdom,,THE,135.0,,63.1,,,,97.9,,,,,,37.6,42.6,73.9,98.1,,14.6,45.0,54:46:00,77.51677852348993
1639,University of Hamburg,Germany,,THE,136.0,,63.0,,,,84.8,,,,,,44.7,53.3,98.6,65.7,,58.5,13.0,58:42:00,77.3489932885906
1640,Technical University of Berlin,Germany,,THE,136.0,,63.0,,,,78.1,,,,,,47.8,55.6,99.9,71.3,,49.6,29.0,35 : 65,77.3489932885906
1641,University of Colorado Boulder,United States,,THE,138.0,,62.9,,,,88.6,,,,,,46.5,51.9,82.8,56.6,,16.5,8.0,45:55:00,77.01342281879194
1642,Maastricht University,Netherlands,,THE,138.0,,62.9,,,,86.1,,,,,,41.4,47.1,98.1,97.4,,19.6,57.0,60:40:00,77.01342281879194
1643,Karlsruhe Institute of Technology,Germany,,THE,140.0,,62.8,,,,72.5,,,,,,49.9,56.8,99.9,77.6,,20.5,25.0,29 : 71,76.6778523489933
1644,Radboud University Nijmegen,Netherlands,,THE,140.0,,62.8,,,,91.3,,,,,,39.1,51.0,81.4,77.7,,18.2,12.0,57:43:00,76.6778523489933
1645,Uppsala University,Sweden,,THE,140.0,,62.8,,,,81.3,,,,,,43.9,55.0,97.7,74.7,,13.3,17.0,60:40:00,76.6778523489933
1646,University of Lausanne,Switzerland,,THE,143.0,,62.7,,,,87.3,,,,,,41.7,46.3,99.5,90.4,,10.5,23.0,,76.1744966442953
1647,The University of Western Australia,Australia,,THE,143.0,,62.7,,,,88.7,,,,,,37.7,48.6,97.2,93.5,,22.4,26.0,50:50:00,76.1744966442953
1648,University of Pittsburgh-Pittsburgh campus,United States,,THE,145.0,,62.5,,,,92.4,,,,,,49.1,46.1,76.1,50.9,,5.4,10.0,56:44:00,75.83892617449665
1649,Sungkyunkwan University (SKKU),South Korea,,THE,145.0,,62.5,,,,72.9,,,,,,55.5,54.2,98.8,61.3,,19.4,19.0,,75.83892617449665
1650,University of York,United Kingdom,,THE,147.0,,62.4,,,,90.8,,,,,,42.4,44.8,66.9,93.1,,16.1,31.0,56:44:00,75.50335570469798
1651,University of Technology Sydney,Australia,,THE,148.0,,62.3,,,,95.9,,,,,,36.2,43.3,78.9,94.3,,37.4,25.0,50:50:00,75.33557046979867
1652,Pohang University of Science and Technology (POSTECH),South Korea,,THE,149.0,,62.2,,,,77.2,,,,,,58.1,51.5,100.0,40.0,,10.5,5.0,,75.16778523489933
1653,University of Auckland,New Zealand,,THE,150.0,,62.0,,,,88.3,,,,,,39.7,45.7,95.8,89.9,,24.4,31.0,57:43:00,75.0
1654,Sichuan University,China,,THE,150.0,,62.0,,,,69.3,,,,,,59.1,57.3,93.2,46.1,,15.9,5.0,,75.0
1655,University of Barcelona,Spain,,THE,152.0,,61.9,,,,91.4,,,,,,42.4,47.3,83.9,65.2,,15.3,11.0,64:36:00,74.66442953020133
1656,National Taiwan University (NTU),Taiwan,,THE,152.0,,61.9,,,,70.8,,,,,,57.3,54.8,99.9,51.2,,11.1,13.0,41:59:00,74.66442953020133
1657,UniversitÃ© Paris CitÃ©,France,,THE,152.0,,61.9,,,,90.6,,,,,,47.9,42.7,68.3,73.2,,16.9,18.0,66:34:00,74.66442953020133
1658,University of Arizona,United States,,THE,155.0,,61.8,,,,85.7,,,,,,48.7,51.3,84.0,47.0,,19.9,7.0,56:44:00,74.16107382550335
1659,University of Bologna,Italy,,THE,155.0,,61.8,,,,86.5,,,,,,53.0,44.6,79.4,54.3,,24.7,11.0,57:43:00,74.16107382550335
1660,Lancaster University,United Kingdom,,THE,155.0,,61.8,,,,93.9,,,,,,40.2,40.7,66.6,96.8,,13.9,38.0,51:49:00,74.16107382550335
1661,Huazhong University of Science and Technology,China,,THE,158.0,,61.7,,,,90.0,,,,,,48.8,48.1,96.9,32.9,,15.5,4.0,,73.65771812080537
1662,University of Waterloo,Canada,,THE,158.0,,61.7,,,,83.7,,,,,,42.2,49.3,78.3,89.3,,24.2,23.0,47:53:00,73.65771812080537
1663,University of Cologne,Germany,,THE,160.0,,61.5,,,,85.6,,,,,,42.9,47.1,98.8,73.3,,28.7,17.0,,73.3221476510067
1664,University of Antwerp,Belgium,,THE,161.0,,61.4,,,,92.5,,,,,,38.2,44.4,98.4,74.7,,31.8,17.0,56:44:00,73.15436241610739
1665,Dartmouth College,United States,,THE,161.0,,61.4,,,,84.7,,,,,,57.3,40.7,68.4,60.2,,7.4,16.0,49:51:00,73.15436241610739
1666,TU Dresden,Germany,,THE,161.0,,61.4,,,,79.3,,,,,,46.6,51.1,99.7,67.9,,29.4,17.0,45:55:00,73.15436241610739
1667,Case Western Reserve University,United States,,THE,164.0,,61.3,,,,88.7,,,,,,51.7,40.2,71.4,65.0,,8.8,25.0,51:49:00,72.6510067114094
1668,Wuhan University,China,,THE,164.0,,61.3,,,,88.5,,,,,,50.9,45.0,90.6,41.0,,15.0,5.0,,72.6510067114094
1669,University of Virginia (Main campus),United States,,THE,166.0,,61.1,,,,88.9,,,,,,51.1,40.1,79.9,60.8,,8.9,11.0,54:46:00,72.31543624161074
1670,University of Cape Town,South Africa,,THE,167.0,,60.9,,,,88.3,,,,,,38.7,47.0,78.2,82.9,,13.6,13.0,54:46:00,72.14765100671141
1671,UniversitÃ© Catholique de Louvain,Belgium,,THE,168.0,,60.8,,,,83.1,,,,,,39.5,49.4,92.0,83.1,,37.3,20.0,54:46:00,71.97986577181209
1672,Eindhoven University of Technology,Netherlands,,THE,168.0,,60.8,,,,71.3,,,,,,47.4,51.5,100.0,87.3,,21.4,27.0,,71.97986577181209
1673,Harbin Institute of Technology,China,,THE,168.0,,60.8,,,,70.9,,,,,,58.8,55.1,91.2,33.9,,10.6,6.0,,71.97986577181209
1674,University of Liverpool,United Kingdom,,THE,168.0,,60.8,,,,93.4,,,,,,38.4,40.2,64.9,96.4,,14.2,32.0,54:46:00,71.97986577181209
1675,Newcastle University,United Kingdom,,THE,168.0,,60.8,,,,93.8,,,,,,37.2,41.1,72.1,91.3,,14.8,26.0,53:47:00,71.97986577181209
1676,Scuola Normale Superiore di Pisa,Italy,,THE,168.0,,60.8,,,,82.9,,,,,,60.1,42.6,34.9,59.3,614.0,7.4,11.0,29 : 71,71.97986577181209
1677,Durham University,United Kingdom,,THE,174.0,,60.6,,,,83.5,,,,,,43.5,44.5,65.6,95.8,,14.0,32.0,54:46:00,70.9731543624161
1678,Osaka University,Japan,,THE,175.0,,60.4,,,,50.5,,,,,,62.5,65.7,100.0,51.0,,10.4,10.0,32 : 68,70.80536912751678
1679,University of WÃ¼rzburg,Germany,,THE,175.0,,60.4,,,,90.8,,,,,,40.3,43.4,99.6,63.2,,38.3,12.0,59:41:00,70.80536912751678
1680,Beijing Normal University,China,,THE,177.0,,60.2,,,,77.5,,,,,,57.7,45.8,67.6,52.3,,14.4,9.0,,70.46979865771812
1681,University of Exeter,United Kingdom,,THE,177.0,,60.2,,,,95.7,,,,,,33.5,42.5,52.2,95.5,,16.6,28.0,53:47:00,70.46979865771812
1682,University of Ottawa,Canada,,THE,177.0,,60.2,,,,84.4,,,,,,39.6,46.5,80.2,86.9,,27.2,26.0,59:41:00,70.46979865771812
1683,Macquarie University,Australia,,THE,180.0,,60.1,,,,87.4,,,,,,36.7,44.2,90.9,88.6,,51.7,22.0,,69.96644295302013
1684,Sapienza University of Rome,Italy,,THE,181.0,,60.0,,,,77.9,,,,,,53.5,48.1,85.4,46.5,,22.2,9.0,61:39:00,69.79865771812081
1685,Arizona State University (Tempe),United States,,THE,182.0,,59.9,,,,87.5,,,,,,40.9,46.2,71.5,71.7,,19.7,14.0,46:54:00,69.63087248322147
1686,University of Geneva,Switzerland,,THE,183.0,,59.8,,,,86.7,,,,,,41.8,38.0,80.7,97.1,,8.4,40.0,62:38:00,69.46308724832215
1687,University of Twente,Netherlands,,THE,184.0,,59.7,,,,75.1,,,,,,43.4,46.0,99.6,93.3,,13.9,38.0,37 : 63,69.29530201342283
1688,Stockholm University,Sweden,,THE,185.0,,59.6,,,,91.0,,,,,,32.1,49.6,59.2,81.2,,20.3,13.0,,69.12751677852349
1689,Tongji University,China,,THE,185.0,,59.6,,,,69.5,,,,,,50.0,53.6,85.4,67.7,,11.3,15.0,41:59:00,69.12751677852349
1690,Georgetown University,United States,,THE,187.0,,59.5,,,,85.1,,,,,,52.6,37.0,92.2,53.2,,10.1,18.0,55:45:00,68.79194630872483
1691,University of Mannheim,Germany,,THE,187.0,,59.5,,,,90.2,,,,,,36.5,45.4,93.6,63.7,,57.1,14.0,52:48:00,68.79194630872483
1692,Chalmers University of Technology,Sweden,,THE,189.0,,59.4,,,,79.4,,,,,,42.7,46.6,97.1,74.1,,15.4,17.0,32 : 68,68.45637583892618
1693,Cardiff University,United Kingdom,,THE,190.0,,59.3,,,,91.9,,,,,,35.5,39.6,70.4,92.5,,15.0,27.0,58:42:00,68.28859060402685
1694,Tokyo Institute of Technology,Japan,,THE,191.0,,59.2,,,,49.4,,,,,,59.5,63.3,100.0,60.1,,9.6,17.0,0.725,68.12080536912751
1695,Tufts University,United States,,THE,191.0,,59.2,,,,87.5,,,,,,51.5,35.0,71.7,62.8,,10.5,16.0,57:43:00,68.12080536912751
1696,University of Erlangen-Nuremberg,Germany,,THE,193.0,,59.0,,,,79.7,,,,,,42.6,48.1,100.0,61.0,,41.9,13.0,51:49:00,67.78523489932886
1697,University of Macau,Macao,,THE,193.0,,59.0,,,,90.3,,,,,,38.4,38.1,61.9,93.7,,18.6,41.0,54:46:00,67.78523489932886
1698,University of MÃ¼nster,Germany,,THE,193.0,,59.0,,,,83.7,,,,,,43.8,47.3,81.5,53.5,,25.1,5.0,,67.78523489932886
1699,University of St Andrews,United Kingdom,,THE,193.0,,59.0,,,,77.7,,,,,,46.0,42.6,63.6,95.8,,12.4,46.0,58:42:00,67.78523489932886
1700,Ulm University,Germany,,THE,193.0,,59.0,,,,87.9,,,,,,40.6,41.2,99.6,63.0,,26.4,13.0,51:49:00,67.78523489932886
1701,Indiana University,United States,,THE,198.0,,58.9,,,,84.9,,,,,,47.3,38.4,85.8,64.7,,12.3,12.0,54:46:00,66.94630872483222
1702,University of Notre Dame,United States,,THE,199.0,,58.7,,,,76.1,,,,,,51.9,42.6,72.9,69.9,,10.9,12.0,47:53:00,66.77852348993288
1703,Queensland University of Technology,Australia,,THE,199.0,,58.7,,,,89.5,,,,,,33.9,42.1,85.9,82.2,,37.9,14.0,54:46:00,66.77852348993288
1704,Ulsan National Institute of Science and Technology (UNIST),South Korea,,THE,199.0,,58.7,,,,85.0,,,,,,47.7,40.8,94.6,46.5,,11.8,9.0,28 : 72,66.77852348993288
1705,Aalborg University,Denmark,,THE,,,,,,,83.0,,,,,,33.7,45.0,80.6,72.4,,14.9,12.0,,
1706,Aalto University,Finland,,THE,,,,,,,79.7,,,,,,42.0,43.1,87.2,81.8,,20.4,23.0,39 : 61,
1707,University of Aberdeen,United Kingdom,,THE,,,,,,,81.8,,,,,,36.4,35.8,78.9,97.5,,15.3,40.0,58:42:00,
1708,Autonomous University of Barcelona,Spain,,THE,,,,,,,84.8,,,,,,45.1,41.4,67.6,68.8,,13.2,13.0,60:40:00,
1709,University of Calgary,Canada,,THE,,,,,,,81.7,,,,,,36.5,41.4,88.8,85.2,,18.8,24.0,54:46:00,
1710,"University of California, Santa Cruz",United States,,THE,,,,,,,93.3,,,,,,34.9,39.8,73.2,77.9,,24.2,12.0,47:53:00,
1711,Curtin University,Australia,,THE,,,,,,,87.5,,,,,,30.2,36.5,78.8,94.7,,20.8,29.0,53:47:00,
1712,Friedrich Schiller University Jena,Germany,,THE,,,,,,,81.8,,,,,,43.2,42.0,79.8,69.3,,18.9,14.0,,
1713,George Washington University,United States,,THE,,,,,,,86.0,,,,,,48.2,35.7,67.3,66.1,,13.0,14.0,62:38:00,
1714,Goethe University Frankfurt,Germany,,THE,,,,,,,82.4,,,,,,40.2,38.2,74.6,70.8,,14.5,14.0,59:41:00,
1715,University of Gothenburg,Sweden,,THE,,,,,,,90.2,,,,,,34.0,43.4,75.4,65.7,,11.9,13.0,,
1716,University of Hawaiâi at MÄnoa,United States,,THE,,,,,,,75.8,,,,,,42.0,42.5,68.3,77.3,,11.3,10.0,57:43:00,
1717,University of Illinois Chicago,United States,,THE,,,,,,,80.0,,,,,,50.3,33.9,76.7,61.0,,11.4,18.0,54:46:00,
1718,Indian Institute of Science,India,,THE,,,,,,,53.9,,,,,,62.9,57.8,96.0,31.1,,9.6,1.0,27 : 73,
1719,University of Iowa,United States,,THE,,,,,,,79.9,,,,,,46.1,37.0,88.6,55.8,,10.9,6.0,55:45:00,
1720,King Fahd University of Petroleum and Minerals,Saudi Arabia,,THE,,,,,,,86.3,,,,,,37.6,38.7,90.9,84.8,,8.5,15.0,0.397222222,
1721,Korea University,South Korea,,THE,,,,,,,72.0,,,,,,48.6,46.6,99.7,62.5,,16.3,31.0,,
1722,University of Leicester,United Kingdom,,THE,,,,,,,95.5,,,,,,33.4,34.2,67.9,95.1,,13.9,31.0,54:46:00,
1723,UniversitÃ© Libre de Bruxelles,Belgium,,THE,,,,,,,83.5,,,,,,35.8,45.0,76.4,89.6,,51.7,30.0,58:42:00,
1724,University of Luxembourg,Luxembourg,,THE,,,,,,,78.1,,,,,,39.6,39.4,63.0,93.2,,21.3,49.0,53:47:00,
1725,Medical University of Graz,Austria,,THE,,,,,,,91.6,,,,,,32.0,33.5,94.9,81.9,,15.5,29.0,54:46:00,
1726,Medical University of Vienna,Austria,,THE,,,,,,,93.5,,,,,,40.0,28.7,94.1,81.7,,8.4,30.0,54:46:00,
1727,University of Miami,United States,,THE,,,,,,,83.2,,,,,,48.5,34.7,80.4,67.5,,10.4,14.0,54:46:00,
1728,Moscow Institute of Physics and Technology (MIPT),Russia,,THE,,,,,,,55.1,,,,,,63.5,48.8,68.6,72.7,,11.6,21.0,,
1729,Nagoya University,Japan,,THE,,,,,,,54.3,,,,,,55.3,55.7,99.5,41.9,,13.0,12.0,30 : 70,
1730,University of Newcastle,Australia,,THE,,,,,,,85.5,,,,,,33.8,38.8,76.5,83.4,,31.3,16.0,57:43:00,
1731,"Northeastern University, US",United States,,THE,,,,,,,93.3,,,,,,40.2,33.6,68.9,83.3,,14.1,32.0,49:51:00,
1732,University of Padua,Italy,,THE,,,,,,,84.1,,,,,,46.1,38.5,77.1,53.1,,26.5,7.0,56:44:00,
1733,Politecnico di Milano,Italy,,THE,,,,,,,71.9,,,,,,42.9,49.7,95.3,65.3,,25.7,19.0,35 : 65,
1734,Pompeu Fabra University,Spain,,THE,,,,,,,90.5,,,,,,35.9,38.3,78.4,74.7,,22.7,13.0,61:39:00,
1735,University of Potsdam,Germany,,THE,,,,,,,80.4,,,,,,37.3,44.7,91.0,68.5,,38.1,16.0,57:43:00,
1736,Queenâs University Belfast,United Kingdom,,THE,,,,,,,88.7,,,,,,34.0,38.0,65.0,98.4,,17.2,41.0,57:43:00,
1737,University of Reading,United Kingdom,,THE,,,,,,,84.1,,,,,,37.5,40.6,70.8,95.5,,16.6,31.0,55:45:00,
1738,Rutgers University â New Brunswick,United States,,THE,,,,,,,78.4,,,,,,46.4,37.2,80.1,63.7,,11.2,17.0,53:47:00,
1739,SantâAnna School of Advanced Studies â Pisa,Italy,,THE,,,,,,,80.1,,,,,,50.4,39.0,90.3,60.8,718.0,7.4,20.0,37 : 63,
1740,University of SÃ£o Paulo,Brazil,,THE,,,,,,,57.3,,,,,,59.8,60.7,68.2,42.5,,13.9,2.0,47:53:00,
1741,Southern University of Science and Technology (SUSTech),China,,THE,,,,,,,92.8,,,,,,32.9,40.8,60.3,69.3,,9.0,1.0,,
1742,Sun Yat-sen University,China,,THE,,,,,,,83.2,,,,,,46.6,39.5,86.2,39.1,,15.2,5.0,48:52:00,
1743,University of Sussex,United Kingdom,,THE,,,,,,,92.7,,,,,,29.7,35.6,66.1,95.4,,17.3,34.0,55:45:00,
1744,Swinburne University of Technology,Australia,,THE,,,,,,,91.3,,,,,,31.7,34.0,75.4,85.6,,28.5,24.0,42:58:00,
1745,Tel Aviv University,Israel,,THE,,,,,,,83.0,,,,,,40.7,49.7,76.2,52.9,,24.2,5.0,57:43:00,
1746,Tianjin University,China,,THE,,,,,,,71.4,,,,,,46.1,47.6,93.5,55.3,,8.9,13.0,,
1747,Tilburg University,Netherlands,,THE,,,,,,,80.1,,,,,,32.8,44.9,82.6,84.5,,32.2,21.0,51:49:00,
1748,University College Dublin,Ireland,,THE,,,,,,,84.0,,,,,,34.3,41.3,75.1,88.1,,20.7,25.0,,
1749,University of Utah,United States,,THE,,,,,,,87.0,,,,,,43.5,38.5,83.5,40.9,,13.3,8.0,50:50:00,
1750,Vrije Universiteit Brussel,Belgium,,THE,,,,,,,80.9,,,,,,37.8,42.6,92.4,78.5,,35.1,23.0,58:42:00,
1751,Western University,Canada,,THE,,,,,,,75.2,,,,,,40.2,42.9,99.6,87.5,,33.0,24.0,56:44:00,
1752,University of Wollongong,Australia,,THE,,,,,,,84.0,,,,,,36.8,39.3,91.4,91.7,,26.1,22.0,55:45:00,
1753,Abu Dhabi University,United Arab Emirates,,THE,,,,,,,85.8,,,,,,40.8,30.0,25.5,97.8,,10.9,60.0,51:49:00,
1754,University of Bath,United Kingdom,,THE,,,,,,,80.5,,,,,,34.7,35.1,65.3,95.0,,15.8,31.0,45:55:00,
1755,Beijing Institute of Technology,China,,THE,,,,,,,74.7,,,,,,45.1,44.0,82.1,36.8,,13.4,8.0,,
1756,University of Bergen,Norway,,THE,,,,,,,84.2,,,,,,36.7,33.9,69.4,76.3,,13.0,11.0,61:39:00,
1757,Boston College,United States,,THE,,,,,,,84.6,,,,,,43.5,30.5,60.7,57.8,,14.9,10.0,55:45:00,
1758,Brandeis University,United States,,THE,,,,,,,84.6,,,,,,36.7,28.3,64.2,81.4,,11.6,33.0,59:41:00,
1759,"University of California, Riverside",United States,,THE,,,,,,,85.7,,,,,,35.9,35.4,70.6,77.0,,19.6,14.0,53:47:00,
1760,Deakin University,Australia,,THE,,,,,,,91.4,,,,,,28.3,34.6,72.2,85.7,,32.7,18.0,60:40:00,
1761,University of East Anglia,United Kingdom,,THE,,,,,,,90.9,,,,,,31.1,32.0,51.6,88.7,,14.3,21.0,57:43:00,
1762,Ãcole Normale SupÃ©rieure de Lyon,France,,THE,,,,,,,53.9,,,,,,58.5,46.8,78.5,68.0,,7.9,11.0,43:57:00,
1763,Florida State University,United States,,THE,,,,,,,79.4,,,,,,38.2,38.6,68.2,58.8,,24.6,6.0,58:42:00,
1764,Griffith University,Australia,,THE,,,,,,,82.7,,,,,,30.5,37.8,74.6,81.8,,31.6,15.0,60:40:00,
1765,Heinrich Heine University DÃ¼sseldorf,Germany,,THE,,,,,,,82.3,,,,,,36.7,34.5,82.2,66.8,,30.1,13.0,58:42:00,
1766,University of Hohenheim,Germany,,THE,,,,,,,85.7,,,,,,35.0,35.5,80.5,61.7,,37.7,14.0,57:43:00,
1767,Humanitas University,Italy,,THE,,,,,,,98.0,,,,,,32.3,27.9,62.8,67.1,,17.9,18.0,59:41:00,
1768,Johannes Gutenberg University of Mainz,Germany,,THE,,,,,,,82.3,,,,,,39.5,32.6,89.0,66.0,,24.1,11.0,59:41:00,
1769,Khalifa University,United Arab Emirates,,THE,,,,,,,78.4,,,,,,31.7,35.9,95.6,97.4,,9.3,41.0,58:42:00,
1770,King Abdulaziz University,Saudi Arabia,,THE,,,,,,,90.7,,,,,,37.8,28.6,46.1,75.4,,13.9,3.0,50:50:00,
1771,University of Konstanz,Germany,,THE,,,,,,,71.5,,,,,,39.8,44.4,97.4,76.4,,34.5,11.0,58:42:00,
1772,Kyung Hee University,South Korea,,THE,,,,,,,71.0,,,,,,40.3,40.0,95.9,71.5,,17.6,30.0,56:44:00,
1773,Lappeenranta-Lahti University of Technology LUT,Finland,,THE,,,,,,,91.7,,,,,,33.4,36.7,65.1,64.2,,31.6,14.0,34 : 66,
1774,La Trobe University,Australia,,THE,,,,,,,88.1,,,,,,28.9,35.4,73.8,88.2,,28.2,29.0,63:37:00,
1775,UniversitÃ© Laval,Canada,,THE,,,,,,,73.7,,,,,,40.7,38.7,94.2,76.2,,17.9,16.0,58:42:00,
1776,LinkÃ¶ping University,Sweden,,THE,,,,,,,86.4,,,,,,28.3,41.3,92.8,70.7,,14.9,15.0,54:46:00,
1777,Loughborough University,United Kingdom,,THE,,,,,,,77.4,,,,,,36.5,34.4,70.2,91.5,,13.9,25.0,40 : 60,
1778,Macau University of Science and Technology,Macao,,THE,,,,,,,78.9,,,,,,33.1,34.2,65.0,94.7,,41.8,92.0,57:43:00,
1779,University of Malaya,Malaysia,,THE,,,,,,,72.6,,,,,,43.4,35.4,52.5,84.7,,10.2,22.0,55:45:00,
1780,Medical University of Innsbruck,Austria,,THE,,,,,,,89.6,,,,,,33.2,29.3,98.6,88.3,,12.9,44.0,55:45:00,
1781,Nankai University,China,,THE,,,,,,,85.3,,,,,,48.8,31.4,66.5,49.3,,11.7,7.0,,
1782,North Carolina State University,United States,,THE,,,,,,,73.3,,,,,,46.0,41.4,79.1,61.8,,15.9,11.0,49:51:00,
1783,University of Oulu,Finland,,THE,,,,,,,84.1,,,,,,33.1,38.2,66.0,59.5,,20.8,8.0,55:45:00,
1784,Qatar University,Qatar,,THE,,,,,,,83.4,,,,,,31.3,35.6,61.8,96.0,,8.4,36.0,77:23:00,
1785,Queenâs University,Canada,,THE,,,,,,,72.3,,,,,,37.5,38.0,94.0,76.0,,25.9,16.0,58:42:00,
1786,RCSI University of Medicine and Health Sciences,Ireland,,THE,,,,,,,81.7,,,,,,32.3,36.6,76.9,91.6,,23.9,67.0,,
1787,RMIT University,Australia,,THE,,,,,,,83.2,,,,,,35.5,36.2,73.2,92.8,,24.0,34.0,48:52:00,
1788,Ruhr University Bochum,Germany,,THE,,,,,,,72.2,,,,,,39.8,46.7,85.9,60.0,,46.7,16.0,50:50:00,
1789,Sejong University,South Korea,,THE,,,,,,,94.0,,,,,,31.4,34.5,73.8,68.6,,18.9,15.0,51:49:00,
1790,Semmelweis University,Hungary,,THE,,,,,,,76.9,,,,,,45.2,27.8,66.4,79.9,,12.8,37.0,69:31:00,
1791,Simon Fraser University,Canada,,THE,,,,,,,84.2,,,,,,28.7,36.7,83.1,92.9,,26.8,31.0,54:46:00,
1792,South China University of Technology,China,,THE,,,,,,,83.2,,,,,,36.6,38.2,92.8,44.0,,12.6,6.0,38 : 62,
1793,University of Southern Denmark,Denmark,,THE,,,,,,,89.1,,,,,,29.8,33.5,91.5,76.9,,9.9,13.0,52:48:00,
1794,University of South Florida,United States,,THE,,,,,,,87.6,,,,,,31.7,36.4,99.9,66.7,,19.0,13.0,,
1795,Stony Brook University,United States,,THE,,,,,,,81.4,,,,,,43.6,29.7,66.5,78.8,,10.5,19.0,54:46:00,
1796,University of Stuttgart,Germany,,THE,,,,,,,63.1,,,,,,44.8,49.5,99.6,58.9,,25.3,20.0,34 : 66,
1797,University of Surrey,United Kingdom,,THE,,,,,,,88.0,,,,,,31.3,34.5,73.0,96.8,,16.3,33.0,54:46:00,
1798,UniversitÃ della Svizzera italiana,Switzerland,,THE,,,,,,,84.0,,,,,,34.8,26.4,88.3,98.5,,14.0,67.0,46:54:00,
1799,Swansea University,United Kingdom,,THE,,,,,,,89.7,,,,,,27.6,30.2,62.8,89.5,,16.8,21.0,47:53:00,
1800,University of Tasmania,Australia,,THE,,,,,,,82.0,,,,,,31.6,38.4,70.5,90.9,,22.5,31.0,60:40:00,
1801,Technical University of Darmstadt,Germany,,THE,,,,,,,62.6,,,,,,42.4,48.1,99.8,65.4,,37.0,19.0,33 : 67,
1802,TU Wien,Austria,,THE,,,,,,,57.6,,,,,,43.8,44.1,96.2,86.7,,19.0,31.0,32 : 68,
1803,Virginia Polytechnic Institute and State University,United States,,THE,,,,,,,78.8,,,,,,42.5,39.4,76.7,65.4,,18.6,13.0,44:56:00,
1804,Vita-Salute San Raffaele University,Italy,,THE,,,,,,,98.3,,,,,,34.6,26.9,66.8,49.8,,13.9,5.0,62:38:00,
1805,Xiâan Jiaotong University,China,,THE,,,,,,,70.0,,,,,,46.9,48.0,98.3,37.8,,14.7,7.0,35 : 65,
1806,Beihang University,China,,THE,,,,,,,68.6,,,,,,42.9,43.5,94.7,34.5,,12.3,4.0,,
1807,"Birkbeck, University of London",United Kingdom,,THE,,,,,,,78.0,,,,,,34.7,29.7,63.5,92.4,,12.5,41.0,57:43:00,
1808,University of Bremen,Germany,,THE,,,,,,,68.8,,,,,,39.8,39.0,67.2,65.0,,19.5,13.0,53:47:00,
1809,University at Buffalo,United States,,THE,,,,,,,76.1,,,,,,39.9,34.1,74.8,71.4,,17.2,12.0,46:54:00,
1810,UniversitÃ Cattolica del Sacro Cuore,Italy,,THE,,,,,,,89.4,,,,,,35.2,30.0,74.5,52.3,,39.1,7.0,71:29:00,
1811,"China Medical University, Taiwan",Taiwan,,THE,,,,,,,92.4,,,,,,27.3,32.8,89.9,49.7,,14.7,7.0,57:43:00,
1812,Copenhagen Business School,Denmark,,THE,,,,,,,92.1,,,,,,21.1,32.3,43.8,91.5,,27.5,23.0,48:52:00,
1813,Dalhousie University,Canada,,THE,,,,,,,78.9,,,,,,30.8,31.6,71.7,89.1,,14.7,27.0,54:46:00,
1814,Drexel University,United States,,THE,,,,,,,79.6,,,,,,44.1,26.0,75.6,62.2,,11.0,15.0,51:49:00,
1815,University of Dundee,United Kingdom,,THE,,,,,,,84.9,,,,,,26.7,32.1,83.0,91.1,,18.1,25.0,65:35:00,
1816,East China Normal University,China,,THE,,,,,,,76.3,,,,,,42.7,35.1,66.3,56.4,,14.1,8.0,64:36:00,
1817,University of Essex,United Kingdom,,THE,,,,,,,81.0,,,,,,30.0,31.8,57.7,97.4,,16.0,41.0,54:46:00,
1818,Flinders University,Australia,,THE,,,,,,,78.4,,,,,,29.2,35.4,71.0,88.9,,29.4,33.0,66:34:00,
1819,University of Galway,Ireland,,THE,,,,,,,76.7,,,,,,32.9,33.8,83.0,77.6,,26.1,16.0,59:41:00,
1820,UniversitÃ© Grenoble Alpes,France,,THE,,,,,,,66.9,,,,,,42.2,37.9,69.1,71.6,,18.4,17.0,53:47:00,
1821,Hanyang University,South Korea,,THE,,,,,,,62.0,,,,,,45.4,40.4,99.4,66.5,,13.2,21.0,,
1822,Hebrew University of Jerusalem,Israel,,THE,,,,,,,68.9,,,,,,46.4,36.3,71.0,46.8,,8.9,5.0,58:42:00,
1823,Hong Kong Baptist University,Hong Kong,,THE,,,,,,,77.2,,,,,,34.0,28.9,69.6,97.8,,10.2,55.0,65:35:00,
1824,University of Innsbruck,Austria,,THE,,,,,,,70.3,,,,,,34.4,33.1,79.6,94.7,,23.7,48.0,55:45:00,
1825,University of Kiel,Germany,,THE,,,,,,,81.6,,,,,,33.3,33.3,63.0,62.9,,23.9,8.0,54:46:00,
1826,Kyushu University,Japan,,THE,,,,,,,51.2,,,,,,55.0,47.5,98.4,48.8,,7.7,13.0,28 : 72,
1827,University of LiÃ¨ge,Belgium,,THE,,,,,,,72.7,,,,,,33.5,38.7,95.5,73.6,,29.2,20.0,58:42:00,
1828,Montpellier University,France,,THE,,,,,,,74.7,,,,,,38.3,35.6,68.1,68.5,,20.5,15.0,55:45:00,
1829,University of Navarra,Spain,,THE,,,,,,,82.3,,,,,,35.6,30.4,79.1,74.4,,14.3,26.0,54:46:00,
1830,Northwestern Polytechnical University,China,,THE,,,,,,,74.7,,,,,,37.4,40.6,86.7,48.4,,14.5,4.0,25 : 75,
1831,Norwegian University of Science and Technology,Norway,,THE,,,,,,,74.7,,,,,,36.0,38.4,67.8,66.2,,15.0,9.0,49:51:00,
1832,Oregon Health and Science University,United States,,THE,,,,,,,91.7,,,,,,39.1,21.3,86.8,34.6,,0.9,3.0,68:32:00,
1833,University of Otago,New Zealand,,THE,,,,,,,75.8,,,,,,35.6,35.1,68.8,81.8,,20.6,16.0,61:39:00,
1834,University of Pavia,Italy,,THE,,,,,,,82.7,,,,,,37.6,32.3,80.4,50.4,,31.5,9.0,54:46:00,
1835,University of Rome II â Tor Vergata,Italy,,THE,,,,,,,74.3,,,,,,39.9,33.5,77.5,66.9,,24.0,20.0,58:42:00,
1836,"Royal Holloway, University of London",United Kingdom,,THE,,,,,,,79.0,,,,,,31.6,29.3,63.3,94.6,,16.1,31.0,55:45:00,
1837,"St Georgeâs, University of London",United Kingdom,,THE,,,,,,,93.5,,,,,,23.5,25.8,66.8,79.5,,13.1,18.0,66:34:00,
1838,Sharif University of Technology,Iran,,THE,,,,,,,78.3,,,,,,39.1,37.4,86.2,37.0,,21.8,2.0,26 : 74,
1839,University of South Australia,Australia,,THE,,,,,,,82.5,,,,,,25.0,36.8,98.3,83.5,,30.2,17.0,60:40:00,
1840,Southeast University,China,,THE,,,,,,,68.4,,,,,,39.9,46.3,90.4,47.6,,12.4,4.0,36 : 64,
1841,Stellenbosch University,South Africa,,THE,,,,,,,76.9,,,,,,33.8,39.5,89.8,59.9,,25.7,7.0,56:44:00,
1842,University of Strathclyde,United Kingdom,,THE,,,,,,,71.2,,,,,,32.4,35.5,75.5,91.9,,16.3,25.0,51:49:00,
1843,Swedish University of Agricultural Sciences,Sweden,,THE,,,,,,,78.8,,,,,,34.7,34.9,85.4,54.4,,4.7,8.0,71:29:00,
1844,Tampere University,Finland,,THE,,,,,,,80.9,,,,,,30.6,38.4,93.1,49.8,,20.7,7.0,55:45:00,
1845,University of Tartu,Estonia,,THE,,,,,,,86.5,,,,,,32.8,31.8,64.1,60.7,,9.0,12.0,68:32:00,
1846,Universiti Teknologi Petronas,Malaysia,,THE,,,,,,,77.7,,,,,,33.8,37.8,67.9,77.8,,13.1,12.0,37 : 63,
1847,The University of Tennessee-Knoxville,United States,,THE,,,,,,,84.5,,,,,,38.0,31.6,72.9,56.1,,17.0,3.0,,
1848,University of Turku,Finland,,THE,,,,,,,83.3,,,,,,31.6,34.9,67.0,52.5,,15.7,6.0,63:37:00,
1849,United Arab Emirates University,United Arab Emirates,,THE,,,,,,,83.2,,,,,,27.0,34.5,77.4,89.1,,12.6,18.0,74:26:00,
1850,University College Cork,Ireland,,THE,,,,,,,82.4,,,,,,28.3,31.6,75.9,77.2,,21.1,16.0,59:41:00,
1851,Washington State University,United States,,THE,,,,,,,74.8,,,,,,36.9,34.5,82.9,60.3,,18.8,6.0,55:45:00,
1852,Western Sydney University,Australia,,THE,,,,,,,87.7,,,,,,29.5,31.7,51.5,87.2,,41.8,21.0,59:41:00,
1853,University of the Witwatersrand,South Africa,,THE,,,,,,,72.4,,,,,,33.0,42.9,81.3,76.3,,24.4,7.0,57:43:00,
1854,Xiamen University,China,,THE,,,,,,,83.7,,,,,,38.0,33.5,72.1,38.4,,15.1,2.0,,
1855,Aix-Marseille University,France,,THE,,,,,,,71.9,,,,,,43.0,27.2,63.2,76.3,,17.3,14.0,60:40:00,
1856,Amirkabir University of Technology,Iran,,THE,,,,,,,77.0,,,,,,34.8,33.7,85.1,38.8,,20.2,3.0,35 : 65,
1857,Autonomous University of Madrid,Spain,,THE,,,,,,,76.3,,,,,,38.7,29.9,65.4,60.9,,13.4,15.0,62:38:00,
1858,University of Bayreuth,Germany,,THE,,,,,,,65.0,,,,,,38.0,40.8,83.4,67.7,,24.5,14.0,46:54:00,
1859,University of Bordeaux,France,,THE,,,,,,,72.5,,,,,,37.2,29.9,66.7,66.6,,21.7,14.0,60:40:00,
1860,Brunel University London,United Kingdom,,THE,,,,,,,80.7,,,,,,25.2,26.5,60.1,98.4,,17.9,40.0,47:53:00,
1861,University of Campinas,Brazil,,THE,,,,,,,54.0,,,,,,50.0,45.5,65.5,40.4,,18.9,3.0,46:54:00,
1862,University of Canberra,Australia,,THE,,,,,,,82.4,,,,,,24.1,31.6,40.8,88.3,,34.4,23.0,56:44:00,
1863,Chongqing University,China,,THE,,,,,,,75.9,,,,,,32.8,38.2,79.6,42.0,,20.1,2.0,,
1864,"City, University of London",United Kingdom,,THE,,,,,,,78.6,,,,,,27.4,30.9,61.8,95.5,,19.5,45.0,58:42:00,
1865,University of Colorado Denver/Anschutz Medical Campus,United States,,THE,,,,,,,93.7,,,,,,33.4,23.7,73.4,36.9,,4.5,7.0,58:42:00,
1866,University of Connecticut,United States,,THE,,,,,,,72.8,,,,,,41.2,30.2,68.7,64.6,,13.1,11.0,53:47:00,
1867,Daegu Gyeongbuk Institute of Science and Technology (DGIST),South Korea,,THE,,,,,,,64.8,,,,,,48.8,38.9,78.1,34.5,742.0,6.3,4.0,36 : 64,
1868,Edith Cowan University,Australia,,THE,,,,,,,86.9,,,,,,23.7,26.2,69.2,87.6,,29.8,24.0,62:38:00,
1869,University of Electronic Science and Technology of China,China,,THE,,,,,,,80.9,,,,,,34.8,35.2,85.5,33.9,,15.7,3.0,30 : 70,
1870,University of Florence,Italy,,THE,,,,,,,78.6,,,,,,35.5,34.4,72.9,51.9,,24.0,10.0,56:44:00,
1871,Free University of Bozen-Bolzano,Italy,,THE,,,,,,,85.5,,,,,,31.8,22.8,45.6,78.6,,10.7,14.0,67:33:00,
1872,University of Georgia,United States,,THE,,,,,,,68.2,,,,,,41.2,40.5,69.8,43.9,,15.7,6.0,58:42:00,
1873,Hasselt University,Belgium,,THE,,,,,,,69.1,,,,,,33.5,38.1,83.9,71.6,,30.9,14.0,50:50:00,
1874,Heriot-Watt University,United Kingdom,,THE,,,,,,,65.2,,,,,,34.3,33.4,75.1,94.8,,18.2,36.0,39 : 61,
1875,Hokkaido University,Japan,,THE,,,,,,,47.4,,,,,,51.2,44.0,95.1,47.5,,8.2,10.0,29 : 71,
1876,Hunan University,China,,THE,,,,,,,92.0,,,,,,28.9,30.4,75.2,32.5,,17.8,2.0,47:53:00,
1877,Illinois Institute of Technology,United States,,THE,,,,,,,67.8,,,,,,42.6,26.9,91.5,73.2,,12.2,36.0,37 : 63,
1878,Iowa State University,United States,,THE,,,,,,,69.3,,,,,,39.5,34.5,84.8,46.0,,17.1,8.0,46:54:00,
1879,James Cook University,Australia,,THE,,,,,,,79.6,,,,,,28.3,30.9,58.9,77.7,,17.3,9.0,66:34:00,
1880,Justus Liebig University Giessen,Germany,,THE,,,,,,,72.5,,,,,,34.4,38.0,70.5,62.7,,42.4,11.0,64:36:00,
1881,University of Kansas,United States,,THE,,,,,,,73.1,,,,,,42.7,25.9,79.9,58.6,,9.5,7.0,53:47:00,
1882,KoÃ§ University,Turkey,,THE,,,,,,,68.9,,,,,,31.8,40.5,91.9,57.4,,19.5,9.0,49:51:00,
1883,Leibniz University Hannover,Germany,,THE,,,,,,,62.1,,,,,,38.3,41.5,81.6,58.2,,39.5,15.0,44:56:00,
1884,University of Manitoba,Canada,,THE,,,,,,,76.3,,,,,,31.8,34.7,62.3,59.1,,30.0,21.0,54:46:00,
1885,Middle East Technical University,Turkey,,THE,,,,,,,53.6,,,,,,44.2,43.1,81.9,56.0,,21.2,12.0,49:51:00,
1886,University of Milan,Italy,,THE,,,,,,,87.3,,,,,,31.3,31.8,69.5,47.2,,21.8,7.0,60:40:00,
1887,University of Milan-Bicocca,Italy,,THE,,,,,,,91.1,,,,,,27.8,26.0,66.7,47.0,,29.8,5.0,62:38:00,
1888,Murdoch University,Australia,,THE,,,,,,,81.4,,,,,,23.2,29.6,67.2,94.2,,34.0,38.0,62:38:00,
1889,University of Naples Federico II,Italy,,THE,,,,,,,86.9,,,,,,36.7,28.3,72.0,35.4,,19.5,2.0,56:44:00,
1890,Peter the Great St Petersburg Polytechnic University,Russia,,THE,,,,,,,67.4,,,,,,43.4,31.3,61.6,65.2,,10.0,33.0,42:58:00,
1891,SabancÄ± University,Turkey,,THE,,,,,,,69.5,,,,,,31.7,37.9,90.2,66.6,,20.5,11.0,38 : 62,
1892,University of St Gallen,Switzerland,,THE,,,,,,,81.4,,,,,,33.8,21.0,66.6,93.6,,12.9,33.0,36 : 64,
1893,University of Saskatchewan,Canada,,THE,,,,,,,62.9,,,,,,39.0,35.1,95.8,78.9,,18.1,21.0,56:44:00,
1894,University of Sharjah,United Arab Emirates,,THE,,,,,,,93.8,,,,,,20.7,25.7,29.0,98.8,,18.9,51.0,67:33:00,
1895,Shenzhen University,China,,THE,,,,,,,85.3,,,,,,27.8,34.3,57.9,42.4,,14.0,1.0,49:51:00,
1896,Southern Medical University,China,,THE,,,,,,,74.8,,,,,,44.1,36.7,56.4,30.4,,10.7,6.0,,
1897,University of Southern Queensland,Australia,,THE,,,,,,,88.0,,,,,,28.4,25.9,46.9,81.8,,24.8,15.0,63:37:00,
1898,Technion Israel Institute of Technology,Israel,,THE,,,,,,,66.9,,,,,,37.5,34.0,68.1,71.8,,22.7,13.0,40 : 60,
1899,Temple University,United States,,THE,,,,,,,85.2,,,,,,40.7,24.3,70.4,43.6,,12.3,6.0,56:44:00,
1900,University of Texas at Dallas,United States,,THE,,,,,,,84.9,,,,,,29.5,28.3,72.3,62.7,,21.6,15.0,44:56:00,
1901,University of Trento,Italy,,THE,,,,,,,80.5,,,,,,29.3,34.8,65.2,61.1,,18.4,7.0,51:49:00,
1902,University of Tsukuba,Japan,,THE,,,,,,,52.3,,,,,,51.8,42.6,72.9,51.3,,12.1,16.0,38 : 62,
1903,University of Victoria,Canada,,THE,,,,,,,80.1,,,,,,27.4,31.2,63.8,88.9,,23.9,21.0,56:44:00,
1904,York University,Canada,,THE,,,,,,,78.3,,,,,,28.2,32.4,69.6,79.5,,29.1,28.0,55:45:00,
1905,"Asia University, Taiwan",Taiwan,,THE,,,,,,,80.6,,,,,,18.3,36.6,63.2,49.2,,29.5,4.0,63:37:00,
1906,Aston University,United Kingdom,,THE,,,,,,,82.5,,,,,,22.2,26.5,64.1,95.2,,19.0,25.0,48:52:00,
1907,Auckland University of Technology,New Zealand,,THE,,,,,,,84.0,,,,,,23.8,21.2,40.8,92.4,,17.7,46.0,60:40:00,
1908,Australian Catholic University,Australia,,THE,,,,,,,97.0,,,,,,16.8,25.7,21.9,80.7,,38.4,14.0,76:24:00,
1909,Bangor University,United Kingdom,,THE,,,,,,,72.7,,,,,,27.6,25.3,64.3,88.2,,14.8,23.0,61:39:00,
1910,Bauman Moscow State Technical University,Russia,,THE,,,,,,,22.1,,,,,,71.7,43.9,51.7,59.3,,6.6,18.0,42:58:00,
1911,Bond University,Australia,,THE,,,,,,,82.5,,,,,,28.2,23.1,23.1,82.3,,11.2,34.0,54:46:00,
1912,Bournemouth University,United Kingdom,,THE,,,,,,,86.7,,,,,,23.2,21.1,38.4,89.0,,19.1,21.0,53:47:00,
1913,University of Brescia,Italy,,THE,,,,,,,89.3,,,,,,24.4,19.2,62.4,44.9,,24.2,6.0,47:53:00,
1914,Universiti Brunei Darussalam,Brunei Darussalam,,THE,,,,,,,76.0,,,,,,28.5,28.9,22.9,75.7,,11.3,14.0,66:34:00,
1915,"University of California, Merced",United States,,THE,,,,,,,86.8,,,,,,26.2,23.9,48.1,55.0,,19.6,9.0,51:49:00,
1916,Campus Bio-Medico University of Rome,Italy,,THE,,,,,,,76.9,,,,,,32.6,29.0,48.8,31.0,,18.4,1.0,62:38:00,
1917,University of Catania,Italy,,THE,,,,,,,81.2,,,,,,32.4,22.7,59.0,34.9,,22.2,3.0,57:43:00,
1918,Centrale Nantes,France,,THE,,,,,,,50.6,,,,,,40.7,33.4,81.1,87.8,,14.8,39.0,25 : 75,
1919,University of Central Florida,United States,,THE,,,,,,,74.7,,,,,,28.5,34.4,78.3,39.9,,39.1,4.0,57:43:00,
1920,Charles Darwin University,Australia,,THE,,,,,,,73.9,,,,,,24.8,32.5,36.3,81.6,,33.6,27.0,71:29:00,
1921,Charles University,Czechia,,THE,,,,,,,61.9,,,,,,38.8,33.1,60.1,64.7,,13.4,23.0,62:38:00,
1922,Chung-Ang University,South Korea,,THE,,,,,,,52.0,,,,,,37.4,38.4,98.3,62.6,,22.4,23.0,,
1923,Claude Bernard University Lyon 1,France,,THE,,,,,,,65.0,,,,,,40.3,27.1,71.3,63.7,,12.7,14.0,55:45:00,
1924,University of Coimbra,Portugal,,THE,,,,,,,59.9,,,,,,31.4,38.2,78.0,54.3,,18.4,15.0,57:43:00,
1925,"Colorado State University, Fort Collins",United States,,THE,,,,,,,74.4,,,,,,33.4,31.7,69.4,46.6,,16.2,5.0,56:44:00,
1926,Constructor University,Germany,,THE,,,,,,,48.9,,,,,,36.7,35.9,84.7,93.5,,22.1,83.0,42:58:00,
1927,Dalian University of Technology,China,,THE,,,,,,,68.1,,,,,,37.0,35.0,86.8,40.2,,14.5,3.0,,
1928,University of Delaware,United States,,THE,,,,,,,72.5,,,,,,32.7,31.8,80.9,62.3,,16.1,11.0,57:43:00,
1929,Dublin City University,Ireland,,THE,,,,,,,77.1,,,,,,24.5,35.2,62.8,73.9,,26.1,12.0,58:42:00,
1930,Ãcole des Ponts ParisTech,France,,THE,,,,,,,55.7,,,,,,43.9,30.3,87.2,82.7,,8.7,39.0,31 : 69,
1931,Florida International University,United States,,THE,,,,,,,74.2,,,,,,31.0,29.3,61.5,51.0,,22.4,9.0,60:40:00,
1932,University of Fribourg,Switzerland,,THE,,,,,,,63.2,,,,,,36.8,33.2,54.7,83.1,,16.0,15.0,64:36:00,
1933,University of Genoa,Italy,,THE,,,,,,,78.0,,,,,,36.1,28.3,73.4,47.3,,16.5,7.0,58:42:00,
1934,George Mason University,United States,,THE,,,,,,,82.7,,,,,,29.7,27.5,62.0,59.9,,18.3,11.0,53:47:00,
1935,Georgia State University,United States,,THE,,,,,,,72.6,,,,,,35.0,25.4,65.2,57.1,,15.7,7.0,61:39:00,
1936,"Goldsmiths, University of London",United Kingdom,,THE,,,,,,,75.4,,,,,,29.2,25.2,28.9,81.0,,14.5,38.0,66:34:00,
1937,University of Greifswald,Germany,,THE,,,,,,,73.8,,,,,,35.5,29.9,60.2,57.1,,21.1,8.0,59:41:00,
1938,University of Guelph,Canada,,THE,,,,,,,66.2,,,,,,32.6,36.2,78.1,64.5,,27.3,10.0,59:41:00,
1939,Gwangju Institute of Science and Technology (GIST),South Korea,,THE,,,,,,,50.3,,,,,,48.5,39.6,99.9,43.9,,9.5,7.0,26 : 74,
1940,HSE University,Russia,,THE,,,,,,,57.3,,,,,,34.4,44.0,56.5,51.4,,18.6,12.0,,
1941,University of Hull,United Kingdom,,THE,,,,,,,74.3,,,,,,27.4,24.3,59.8,85.4,,18.0,21.0,56:44:00,
1942,Imam Mohammad Ibn Saud Islamic University,Saudi Arabia,,THE,,,,,,,65.8,,,,,,43.4,23.4,21.5,69.8,,10.5,3.0,39 : 61,
1943,IMT Atlantique,France,,THE,,,,,,,43.6,,,,,,47.5,36.5,90.5,84.8,,9.4,37.0,25 : 75,
1944,Institut Agro,France,,THE,,,,,,,60.2,,,,,,43.8,32.6,59.6,60.3,,10.8,13.0,60:40:00,
1945,Iran University of Science and Technology,Iran,,THE,,,,,,,75.2,,,,,,33.6,37.4,73.9,24.3,,32.7,1.0,35 : 65,
1946,University of Johannesburg,South Africa,,THE,,,,,,,66.8,,,,,,28.6,36.3,44.8,81.0,,26.5,13.0,55:45:00,
1947,Johannes Kepler University of Linz,Austria,,THE,,,,,,,58.2,,,,,,36.8,35.4,98.7,71.7,,20.8,16.0,50:50:00,
1948,University of JyvÃ¤skylÃ¤,Finland,,THE,,,,,,,78.2,,,,,,31.4,34.1,53.0,49.7,,13.8,3.0,62:38:00,
1949,Universiti Kebangsaan Malaysia,Malaysia,,THE,,,,,,,58.7,,,,,,45.7,27.8,47.4,74.9,,10.1,18.0,57:43:00,
1950,University of Kent,United Kingdom,,THE,,,,,,,77.6,,,,,,27.6,29.0,51.9,93.5,,18.0,27.0,53:47:00,
1951,University of Kentucky,United States,,THE,,,,,,,71.8,,,,,,41.3,30.8,70.9,46.8,,11.3,3.0,58:42:00,
1952,King Saud University,Saudi Arabia,,THE,,,,,,,84.5,,,,,,31.4,19.9,48.7,77.2,,11.9,6.0,43:57:00,
1953,University of Limerick,Ireland,,THE,,,,,,,64.1,,,,,,27.1,32.6,75.9,76.1,,27.1,15.0,50:50:00,
1954,Lincoln University,New Zealand,,THE,,,,,,,68.4,,,,,,33.9,26.7,49.7,92.0,,14.5,33.0,52:48:00,
1955,University of Lisbon,Portugal,,THE,,,,,,,69.9,,,,,,29.6,38.0,64.7,56.9,,18.0,16.0,53:47:00,
1956,University of Marburg,Germany,,THE,,,,,,,68.8,,,,,,36.7,31.4,63.1,62.3,,32.7,14.0,56:44:00,
1957,Maynooth University,Ireland,,THE,,,,,,,77.0,,,,,,21.1,30.7,58.3,74.8,,28.5,12.0,56:44:00,
1958,Missouri University of Science and Technology,United States,,THE,,,,,,,69.6,,,,,,33.2,28.7,88.1,72.4,,21.6,9.0,24 : 76,
1959,Mizzou - University of Missouri,United States,,THE,,,,,,,66.0,,,,,,40.6,26.0,69.9,53.6,,12.3,3.0,55:45:00,
1960,University of Modena and Reggio Emilia,Italy,,THE,,,,,,,79.6,,,,,,32.0,24.6,80.3,40.2,,27.0,5.0,54:46:00,
1961,National Research Nuclear University MEPhI,Russia,,THE,,,,,,,42.4,,,,,,53.1,41.0,57.5,78.8,,9.2,28.0,39 : 61,
1962,National Taiwan University of Science and Technology (Taiwan Tech),Taiwan,,THE,,,,,,,63.8,,,,,,33.2,36.9,93.2,56.4,,18.5,19.0,30 : 70,
1963,National Tsing Hua University,Taiwan,,THE,,,,,,,58.4,,,,,,38.9,42.3,99.5,46.2,,16.2,12.0,42:58:00,
1964,National Yang Ming Chiao Tung University,Taiwan,,THE,,,,,,,52.9,,,,,,44.0,44.3,99.9,41.4,,14.6,9.0,36 : 64,
1965,University of Nebraska-Lincoln,United States,,THE,,,,,,,71.5,,,,,,33.8,31.1,67.0,65.9,,16.6,9.0,49:51:00,
1966,University of NeuchÃ¢tel,Switzerland,,THE,,,,,,,67.2,,,,,,31.8,26.4,53.5,85.9,,11.8,21.0,61:39:00,
1967,New Jersey Institute of Technology,United States,,THE,,,,,,,69.2,,,,,,27.4,23.5,69.8,93.6,,14.5,24.0,27 : 73,
1968,University of Oregon,United States,,THE,,,,,,,79.4,,,,,,31.1,30.5,70.2,43.2,,13.0,6.0,55:45:00,
1969,University of Passau,Germany,,THE,,,,,,,66.5,,,,,,31.5,36.5,62.2,58.2,,58.2,13.0,60:40:00,
1970,University of Pisa,Italy,,THE,,,,,,,80.5,,,,,,31.1,31.2,68.7,43.2,,20.9,5.0,52:48:00,
1971,University of Plymouth,United Kingdom,,THE,,,,,,,79.5,,,,,,24.4,21.9,66.1,80.6,,17.1,16.0,59:41:00,
1972,Polytechnic University of Turin,Italy,,THE,,,,,,,73.5,,,,,,29.7,30.2,85.8,53.2,,31.9,15.0,30 : 70,
1973,Pontificia Universidad CatÃ³lica de Chile,Chile,,THE,,,,,,,67.6,,,,,,29.7,34.3,84.7,57.9,,15.0,3.0,,
1974,University of Porto,Portugal,,THE,,,,,,,71.1,,,,,,31.3,35.4,66.3,57.9,,16.9,17.0,54:46:00,
1975,University of Portsmouth,United Kingdom,,THE,,,,,,,84.5,,,,,,20.0,20.0,40.6,94.7,,16.8,29.0,47:53:00,
1976,Prince Sultan University (PSU),Saudi Arabia,,THE,,,,,,,87.0,,,,,,18.4,20.5,37.8,85.8,,17.4,11.0,56:44:00,
1977,Quaid-i-Azam University,Pakistan,,THE,,,,,,,84.2,,,,,,29.7,24.1,22.9,53.7,,20.3,1.0,45:55:00,
1978,UniversitÃ© du QuÃ©bec,Canada,,THE,,,,,,,57.2,,,,,,33.7,33.8,71.5,74.3,,18.4,11.0,58:42:00,
1979,Rensselaer Polytechnic Institute,United States,,THE,,,,,,,60.9,,,,,,34.1,30.3,89.9,78.7,,15.3,20.0,31 : 69,
1980,Royal Veterinary College,United Kingdom,,THE,,,,,,,75.6,,,,,,30.0,20.7,61.1,95.1,,10.3,32.0,80:20:00,
1981,Universiti Sains Malaysia,Malaysia,,THE,,,,,,,60.0,,,,,,42.9,27.8,53.7,71.9,,12.1,28.0,63:37:00,
1982,Saint Louis University,United States,,THE,,,,,,,80.9,,,,,,41.1,16.3,60.6,42.0,,7.3,6.0,61:39:00,
1983,SOAS University of London,United Kingdom,,THE,,,,,,,60.2,,,,,,42.5,36.1,15.6,80.4,,14.9,45.0,65:35:00,
1984,University of South Carolina-Columbia,United States,,THE,,,,,,,75.1,,,,,,35.9,24.6,63.4,59.2,,16.9,5.0,56:44:00,
1985,Stevens Institute of Technology,United States,,THE,,,,,,,74.6,,,,,,26.9,25.3,62.4,80.8,,18.6,30.0,29 : 71,
1986,University of Stirling,United Kingdom,,THE,,,,,,,82.4,,,,,,23.0,26.2,41.0,91.4,,18.7,28.0,64:36:00,
1987,Sumy State University,Ukraine,,THE,,,,,,,68.9,,,,,,24.3,13.5,20.0,63.2,,12.0,24.0,45:55:00,
1988,Syracuse University,United States,,THE,,,,,,,73.3,,,,,,33.8,28.2,72.7,56.5,,14.1,21.0,53:47:00,
1989,Taipei Medical University,Taiwan,,THE,,,,,,,60.9,,,,,,47.4,32.6,85.1,48.5,,8.9,10.0,59:41:00,
1990,University of Tehran,Iran,,THE,,,,,,,71.9,,,,,,37.7,28.4,60.5,33.6,,26.6,2.0,0.274305556,
1991,Universiti Teknologi Malaysia,Malaysia,,THE,,,,,,,65.0,,,,,,44.1,29.3,55.0,71.5,,12.7,26.0,45:55:00,
1992,Tokyo Medical and Dental University (TMDU),Japan,,THE,,,,,,,53.4,,,,,,46.7,31.3,99.0,39.0,,4.4,12.0,57:43:00,
1993,University of Toulouse,France,,THE,,,,,,,65.7,,,,,,29.4,30.2,70.2,72.6,,22.9,15.0,56:44:00,
1994,TU Dortmund University,Germany,,THE,,,,,,,62.3,,,,,,35.7,42.2,72.0,57.3,,56.0,15.0,49:51:00,
1995,Tulane University,United States,,THE,,,,,,,73.1,,,,,,42.9,24.4,67.8,50.7,,7.7,9.0,60:40:00,
1996,University of Turin,Italy,,THE,,,,,,,84.5,,,,,,23.0,30.1,74.4,45.5,,29.5,6.0,61:39:00,
1997,UmeÃ¥ University,Sweden,,THE,,,,,,,80.2,,,,,,26.0,33.5,60.6,64.9,,13.8,12.0,61:39:00,
1998,Universiti Utara Malaysia,Malaysia,,THE,,,,,,,69.7,,,,,,38.4,27.6,28.1,78.7,,11.5,30.0,73:27:00,
1999,University of Vaasa,Finland,,THE,,,,,,,90.3,,,,,,22.0,27.7,39.5,65.3,,18.8,4.0,53:47:00,
2000,Verona University,Italy,,THE,,,,,,,84.1,,,,,,29.6,26.2,67.0,46.0,,26.0,4.0,64:36:00,
2001,Victoria University,Australia,,THE,,,,,,,73.1,,,,,,27.4,29.9,57.2,75.5,,40.0,19.0,57:43:00,
2002,Victoria University of Wellington,New Zealand,,THE,,,,,,,69.4,,,,,,28.6,34.1,58.4,80.3,,19.4,17.0,58:42:00,
2003,Virginia Commonwealth University,United States,,THE,,,,,,,82.8,,,,,,36.4,23.2,72.7,36.5,,10.6,3.0,63:37:00,
2004,University of Waikato,New Zealand,,THE,,,,,,,74.3,,,,,,26.1,31.0,72.4,89.8,,20.7,26.0,61:39:00,
2005,Wake Forest University,United States,,THE,,,,,,,80.6,,,,,,39.6,22.0,78.5,38.7,,4.1,9.0,54:46:00,
2006,Zayed University,United Arab Emirates,,THE,,,,,,,85.7,,,,,,28.3,25.4,35.0,74.5,,14.4,2.0,87:13:00,
2007,Aberystwyth University,United Kingdom,,THE,,,,,,,68.5,,,,,,26.3,23.0,62.4,87.3,,15.6,23.0,51:49:00,
2008,Ã bo Akademi University,Finland,,THE,,,,,,,59.3,,,,,,29.5,31.6,67.1,68.1,,18.2,13.0,60:40:00,
2009,Ajou University,South Korea,,THE,,,,,,,52.8,,,,,,35.6,37.7,92.3,48.0,,14.9,17.0,41:59:00,
2010,University of Alaska Fairbanks,United States,,THE,,,,,,,63.1,,,,,,34.5,31.0,47.5,70.1,,7.9,6.0,55:45:00,
2011,Alfaisal University,Saudi Arabia,,THE,,,,,,,72.7,,,,,,24.1,15.2,42.1,97.7,,10.8,32.0,56:44:00,
2012,American University of Beirut,Lebanon,,THE,,,,,,,73.5,,,,,,29.7,17.9,66.0,72.9,,8.7,20.0,49:51:00,
2013,Anglia Ruskin University (ARU),United Kingdom,,THE,,,,,,,84.8,,,,,,20.2,16.3,19.0,94.2,,24.1,41.0,61:39:00,
2014,Anna University,India,,THE,,,,,,,72.4,,,,,,32.0,26.3,51.0,20.4,,13.1,1.0,41:59:00,
2015,University of LâAquila,Italy,,THE,,,,,,,73.2,,,,,,32.1,22.8,70.9,36.4,,31.7,5.0,55:45:00,
2016,Auburn University,United States,,THE,,,,,,,59.6,,,,,,36.0,25.7,69.3,57.7,,18.2,8.0,50:50:00,
2017,Babol Noshirvani University of Technology,Iran,,THE,,,,,,,94.4,,,,,,21.5,21.5,28.4,25.3,,26.7,0.0,34 : 66,
2018,Bar-Ilan University,Israel,,THE,,,,,,,54.1,,,,,,30.0,34.1,85.8,46.8,,19.0,4.0,61:39:00,
2019,Beirut Arab University,Lebanon,,THE,,,,,,,47.3,,,,,,48.5,24.6,18.6,88.2,,10.4,21.0,45:55:00,
2020,Ben-Gurion University of the Negev,Israel,,THE,,,,,,,59.0,,,,,,34.1,30.6,71.6,34.5,,21.3,2.0,52:48:00,
2021,University of Bradford,United Kingdom,,THE,,,,,,,73.8,,,,,,23.3,22.4,58.1,90.1,,19.5,31.0,57:43:00,
2022,Brighton and Sussex Medical School,United Kingdom,,THE,,,,,,,74.4,,,,,,26.6,22.0,37.8,93.1,25.0,0.3,26.0,60:40:00,
2023,Caâ Foscari University of Venice,Italy,,THE,,,,,,,52.8,,,,,,34.2,36.3,64.7,63.0,,29.5,7.0,66:34:00,
2024,University of Calabria,Italy,,THE,,,,,,,69.6,,,,,,34.9,19.5,47.4,43.2,,16.1,5.0,62:38:00,
2025,University of Canterbury,New Zealand,,THE,,,,,,,62.4,,,,,,28.6,30.9,68.2,85.1,,22.0,18.0,52:48:00,
2026,Carleton University,Canada,,THE,,,,,,,67.0,,,,,,22.6,31.2,75.5,77.2,,29.4,21.0,50:50:00,
2027,Central Queensland University,Australia,,THE,,,,,,,76.0,,,,,,19.7,26.7,39.5,65.3,,25.6,11.0,65:35:00,
2028,"China University of Petroleum, Beijing",China,,THE,,,,,,,56.6,,,,,,31.6,37.5,81.8,30.1,,18.6,7.0,,
2029,Complutense University of Madrid,Spain,,THE,,,,,,,58.8,,,,,,40.3,29.4,52.1,46.7,,11.8,10.0,62:38:00,
2030,Concordia University,Canada,,THE,,,,,,,66.2,,,,,,25.7,29.3,66.3,86.6,,34.6,34.0,50:50:00,
2031,University of CÃ´te dâAzur,France,,THE,,,,,,,65.6,,,,,,28.4,22.0,62.4,80.6,,20.5,20.0,56:44:00,
2032,University of Crete,Greece,,THE,,,,,,,76.5,,,,,,19.9,25.7,64.5,47.4,,26.5,4.0,63:37:00,
2033,University of Cyprus,Cyprus,,THE,,,,,,,75.3,,,,,,22.5,25.8,64.3,77.7,,20.0,14.0,61:39:00,
2034,University of Denver,United States,,THE,,,,,,,64.2,,,,,,39.9,24.3,55.8,31.2,,13.6,5.0,60:40:00,
2035,Donghua University,China,,THE,,,,,,,72.8,,,,,,27.8,22.1,85.3,39.9,,14.7,6.0,44:56:00,
2036,University of Eastern Finland,Finland,,THE,,,,,,,69.7,,,,,,28.9,31.2,67.4,48.5,,18.5,5.0,67:33:00,
2037,Edinburgh Napier University,United Kingdom,,THE,,,,,,,77.9,,,,,,18.1,18.4,47.7,93.7,,22.4,34.0,52:48:00,
2038,ENSTA Bretagne,France,,THE,,,,,,,48.1,,,,,,39.4,28.6,75.5,68.9,652.0,8.6,18.0,26 : 74,
2039,University of Ferrara,Italy,,THE,,,,,,,74.3,,,,,,29.6,24.9,66.9,44.7,,34.8,5.0,62:38:00,
2040,University of Granada,Spain,,THE,,,,,,,65.7,,,,,,28.5,26.6,52.2,52.6,,14.7,9.0,59:41:00,
2041,University of Graz,Austria,,THE,,,,,,,66.9,,,,,,29.2,21.8,51.2,81.3,,12.6,17.0,66:34:00,
2042,Graz University of Technology,Austria,,THE,,,,,,,51.5,,,,,,40.4,21.4,91.5,81.5,,8.2,24.0,26 : 74,
2043,University of Greenwich,United Kingdom,,THE,,,,,,,81.2,,,,,,17.8,17.5,40.9,97.2,,21.8,46.0,58:42:00,
2044,Hamburg University of Technology,Germany,,THE,,,,,,,53.0,,,,,,37.6,24.5,79.5,61.4,,26.4,23.0,29 : 71,
2045,University of Houston,United States,,THE,,,,,,,65.8,,,,,,33.8,29.7,70.2,50.8,,26.3,7.0,52:48:00,
2046,University of Huddersfield,United Kingdom,,THE,,,,,,,66.3,,,,,,28.3,25.0,44.4,88.4,,19.8,26.0,58:42:00,
2047,University of Iceland,Iceland,,THE,,,,,,,70.6,,,,,,23.4,34.0,75.6,55.8,,17.0,12.0,68:32:00,
2048,Istanbul Technical University,Turkey,,THE,,,,,,,51.8,,,,,,35.8,36.6,87.3,45.8,,25.8,14.0,42:58:00,
2049,Jamia Millia Islamia,India,,THE,,,,,,,75.7,,,,,,41.1,14.4,37.5,39.7,,11.2,4.0,52:48:00,
2050,Jinan University,China,,THE,,,,,,,73.5,,,,,,25.9,22.8,43.6,63.1,,15.0,30.0,60:40:00,
2051,Keele University,United Kingdom,,THE,,,,,,,73.3,,,,,,21.5,24.6,66.1,81.3,,15.8,15.0,60:40:00,
2052,King Khalid University,Saudi Arabia,,THE,,,,,,,70.3,,,,,,29.8,20.1,48.6,91.0,,8.3,16.0,61:39:00,
2053,University of Klagenfurt,Austria,,THE,,,,,,,72.4,,,,,,31.2,19.4,48.1,87.6,,10.0,31.0,67:33:00,
2054,University of KwaZulu-Natal,South Africa,,THE,,,,,,,63.7,,,,,,31.5,34.8,39.7,55.9,,27.6,2.0,60:40:00,
2055,Kyungpook National University,South Korea,,THE,,,,,,,51.5,,,,,,33.2,38.1,96.2,50.2,,20.1,14.0,45:55:00,
2056,Lebanese American University,Lebanon,,THE,,,,,,,76.4,,,,,,26.7,13.2,32.8,84.2,,10.1,17.0,52:48:00,
2057,Leuphana University of LÃ¼neburg,Germany,,THE,,,,,,,85.3,,,,,,25.5,22.9,25.8,59.8,,22.5,7.0,62:38:00,
2058,University of Lincoln,United Kingdom,,THE,,,,,,,82.2,,,,,,19.9,18.7,24.7,80.2,,16.1,13.0,55:45:00,
2059,Liverpool John Moores University,United Kingdom,,THE,,,,,,,77.7,,,,,,21.6,19.3,35.4,83.0,,18.1,16.0,54:46:00,
2060,Mahatma Gandhi University,India,,THE,,,,,,,62.3,,,,,,38.8,38.1,23.2,28.1,,20.5,2.0,60:40:00,
2061,Manchester Metropolitan University,United Kingdom,,THE,,,,,,,77.4,,,,,,20.5,18.5,57.7,80.6,,17.4,19.0,58:42:00,
2062,Massey University,New Zealand,,THE,,,,,,,60.5,,,,,,28.7,28.2,77.6,87.5,,17.4,27.0,64:36:00,
2063,Memorial University of Newfoundland,Canada,,THE,,,,,,,60.9,,,,,,27.5,24.5,83.2,85.7,,15.1,23.0,55:45:00,
2064,University of Messina,Italy,,THE,,,,,,,79.1,,,,,,30.5,25.3,59.5,34.1,,21.1,3.0,63:37:00,
2065,Middlesex University,United Kingdom,,THE,,,,,,,80.0,,,,,,22.8,18.5,46.8,93.4,,18.3,50.0,59:41:00,
2066,University of Mons,Belgium,,THE,,,,,,,63.9,,,,,,24.8,32.5,64.0,71.5,,28.1,18.0,56:44:00,
2067,Nantes UniversitÃ©,France,,THE,,,,,,,67.2,,,,,,29.2,25.2,64.1,55.0,,24.5,9.0,56:44:00,
2068,National Cheng Kung University (NCKU),Taiwan,,THE,,,,,,,47.2,,,,,,35.4,39.2,100.0,40.8,,15.9,11.0,37 : 63,
2069,National and Kapodistrian University of Athens,Greece,,THE,,,,,,,77.3,,,,,,22.6,23.9,89.8,56.6,,34.0,11.0,59:41:00,
2070,National Taiwan Normal University,Taiwan,,THE,,,,,,,51.4,,,,,,35.0,32.0,92.7,50.4,,12.3,12.0,,
2071,National Yunlin University of Science and Technology,Taiwan,,THE,,,,,,,74.6,,,,,,20.5,27.3,69.1,43.2,,21.5,6.0,43:57:00,
2072,Nazarbayev University,Kazakhstan,,THE,,,,,,,65.9,,,,,,25.4,29.5,40.4,74.3,,13.9,3.0,52:48:00,
2073,University of Nebraska Medical Center,United States,,THE,,,,,,,77.8,,,,,,36.9,16.4,66.1,41.3,,2.0,7.0,71:29:00,
2074,University of Nicosia,Cyprus,,THE,,,,,,,76.1,,,,,,22.6,21.0,26.3,91.2,,13.0,54.0,53:47:00,
2075,Northumbria University,United Kingdom,,THE,,,,,,,75.8,,,,,,21.5,22.7,40.4,90.0,,16.1,22.0,54:46:00,
2076,Nottingham Trent University,United Kingdom,,THE,,,,,,,84.6,,,,,,20.7,14.3,37.3,88.5,,15.4,21.0,55:45:00,
2077,NOVA University of Lisbon,Portugal,,THE,,,,,,,61.5,,,,,,29.5,33.7,71.5,62.0,,17.8,20.0,51:49:00,
2078,Polytechnic University of Bari,Italy,,THE,,,,,,,76.9,,,,,,23.0,27.6,59.9,42.5,,43.0,1.0,29 : 71,
2079,University of Pretoria,South Africa,,THE,,,,,,,56.7,,,,,,31.2,34.3,69.9,61.4,,22.1,6.0,59:41:00,
2080,Pusan National University,South Korea,,THE,,,,,,,45.1,,,,,,39.2,39.1,86.6,37.8,,16.9,10.0,55:45:00,
2081,Universiti Putra Malaysia,Malaysia,,THE,,,,,,,51.2,,,,,,36.0,30.5,64.9,80.7,,11.3,27.0,65:35:00,
2082,Rovira i Virgili University,Spain,,THE,,,,,,,68.1,,,,,,27.4,24.3,49.7,58.9,,13.3,13.0,60:40:00,
2083,Rush University,United States,,THE,,,,,,,78.0,,,,,,41.3,14.2,56.0,28.9,,2.1,1.0,76:24:00,
2084,University of Salerno,Italy,,THE,,,,,,,79.2,,,,,,21.9,24.4,52.4,37.4,,26.5,2.0,55:45:00,
2085,Sciences Po,France,,THE,,,,,,,60.1,,,,,,32.4,25.6,17.2,84.6,,42.6,32.0,63:37:00,
2086,Shanghai University,China,,THE,,,,,,,62.7,,,,,,31.8,38.0,71.3,42.9,,13.0,6.0,51:49:00,
2087,Shiraz University of Technology,Iran,,THE,,,,,,,77.7,,,,,,37.0,22.8,32.6,33.7,,12.9,0.0,39 : 61,
2088,Shoolini University of Biotechnology and Management Sciences,India,,THE,,,,,,,85.2,,,,,,27.6,17.9,17.7,70.0,,15.3,1.0,47:53:00,
2089,University of Siena,Italy,,THE,,,,,,,75.9,,,,,,25.0,25.6,74.9,48.7,,18.1,10.0,63:37:00,
2090,"Soochow University, China",China,,THE,,,,,,,79.8,,,,,,27.7,24.3,75.6,30.6,,15.8,3.0,52:48:00,
2091,Southern Cross University,Australia,,THE,,,,,,,65.4,,,,,,23.5,27.7,52.8,73.7,,48.7,23.0,66:34:00,
2092,University of the Sunshine Coast,Australia,,THE,,,,,,,70.2,,,,,,20.9,27.7,37.3,69.1,,29.8,13.0,69:31:00,
2093,University of Tabriz,Iran,,THE,,,,,,,80.1,,,,,,26.7,23.4,43.1,40.8,,26.7,4.0,52:48:00,
2094,Tabriz University of Medical Sciences,Iran,,THE,,,,,,,73.1,,,,,,43.0,15.1,29.9,30.2,,9.3,2.0,54:46:00,
2095,Taif University,Saudi Arabia,,THE,,,,,,,84.1,,,,,,18.3,17.8,20.9,75.6,,19.4,3.0,55:45:00,
2096,The University of Texas at San Antonio,United States,,THE,,,,,,,79.2,,,,,,21.0,22.5,63.6,42.8,,26.4,3.0,52:48:00,
2097,Tomsk State University,Russia,,THE,,,,,,,31.8,,,,,,49.2,40.0,53.8,79.1,,11.6,37.0,,
2098,University of Trieste,Italy,,THE,,,,,,,74.2,,,,,,31.9,25.1,52.3,52.0,,26.0,7.0,57:43:00,
2099,TU Braunschweig,Germany,,THE,,,,,,,61.5,,,,,,34.5,24.0,77.0,60.6,,19.6,18.0,41:59:00,
2100,The University of Tulsa,United States,,THE,,,,,,,71.9,,,,,,36.1,17.2,52.9,44.6,,10.8,9.0,49:51:00,
2101,UiT The Arctic University of Norway,Norway,,THE,,,,,,,68.8,,,,,,27.7,22.1,54.0,65.6,,10.6,8.0,57:43:00,
2102,University of Ulsan,South Korea,,THE,,,,,,,69.0,,,,,,29.4,26.6,86.6,25.2,,10.8,4.0,48:52:00,
2103,University of Valencia,Spain,,THE,,,,,,,75.7,,,,,,28.9,25.6,58.2,49.2,,13.7,9.0,60:40:00,
2104,Wayne State University,United States,,THE,,,,,,,70.2,,,,,,36.4,20.4,79.3,41.8,,13.0,5.0,61:39:00,
2105,University of the West of England,United Kingdom,,THE,,,,,,,82.6,,,,,,19.5,15.0,30.2,78.6,,15.9,25.0,52:48:00,
2106,University of Windsor,Canada,,THE,,,,,,,56.7,,,,,,28.7,29.8,60.7,90.8,,34.1,35.0,,
2107,University of Wuppertal,Germany,,THE,,,,,,,67.3,,,,,,29.8,29.8,64.6,55.0,,35.4,10.0,54:46:00,
2108,Yangzhou University,China,,THE,,,,,,,64.9,,,,,,32.8,24.6,66.7,54.0,,12.5,13.0,63:37:00,
2109,Abdul Wali Khan University Mardan,Pakistan,,THE,,,,,,,80.4,,,,,,18.4,12.6,21.8,49.0,,22.8,0.0,26 : 74,
2110,Air University,Pakistan,,THE,,,,,,,81.5,,,,,,24.2,12.5,39.5,48.7,,12.8,0.0,34 : 66,
2111,The University of Aizu,Japan,,THE,,,,,,,58.6,,,,,,26.6,13.8,63.7,82.6,,11.5,12.0,0.520138889,
2112,The University of Alabama,United States,,THE,,,,,,,64.4,,,,,,26.0,21.2,46.6,39.3,,21.6,4.0,57:43:00,
2113,Alagappa University,India,,THE,,,,,,,64.8,,,,,,34.8,12.8,23.2,44.4,,15.8,0.0,62:38:00,
2114,Aligarh Muslim University,India,,THE,,,,,,,61.6,,,,,,41.1,14.0,34.3,38.2,,12.0,1.0,40 : 60,
2115,Amedeo Avogadro University of Eastern Piedmont,Italy,,THE,,,,,,,71.3,,,,,,12.7,23.5,47.1,48.2,,40.8,7.0,61:39:00,
2116,American University,United States,,THE,,,,,,,57.2,,,,,,35.2,17.1,38.5,46.5,,12.0,12.0,62:38:00,
2117,American University of Sharjah,United Arab Emirates,,THE,,,,,,,57.9,,,,,,24.5,26.3,27.9,88.6,,12.5,74.0,54:46:00,
2118,University of Arkansas,United States,,THE,,,,,,,62.6,,,,,,27.4,30.5,67.3,36.2,,18.6,4.0,55:45:00,
2119,University of Aveiro,Portugal,,THE,,,,,,,57.3,,,,,,27.1,30.2,48.1,48.6,,16.3,11.0,54:46:00,
2120,Babol University of Medical Sciences,Iran,,THE,,,,,,,70.5,,,,,,41.7,12.0,18.0,21.0,,11.7,0.0,57:43:00,
2121,Banaras Hindu University,India,,THE,,,,,,,66.4,,,,,,47.2,16.4,26.8,25.0,,8.0,3.0,43:57:00,
2122,University of Bari Aldo Moro,Italy,,THE,,,,,,,78.3,,,,,,19.8,21.8,57.8,37.5,,20.0,2.0,62:38:00,
2123,University of the Basque Country,Spain,,THE,,,,,,,65.8,,,,,,27.0,23.9,65.5,46.2,,13.8,5.0,55:45:00,
2124,Baylor University,United States,,THE,,,,,,,61.3,,,,,,39.2,19.7,54.8,38.6,,19.0,6.0,61:39:00,
2125,University of Beira Interior,Portugal,,THE,,,,,,,65.4,,,,,,20.1,22.2,36.7,52.3,,17.4,18.0,52:48:00,
2126,Bharathiar University,India,,THE,,,,,,,48.0,,,,,,36.7,32.6,34.6,31.1,,18.2,0.0,62:38:00,
2127,Bilkent University,Turkey,,THE,,,,,,,48.8,,,,,,27.8,26.0,91.4,70.0,,14.8,8.0,46:54:00,
2128,Birmingham City University,United Kingdom,,THE,,,,,,,77.8,,,,,,17.3,11.8,23.2,81.9,,17.2,26.0,63:37:00,
2129,BoÄaziÃ§i University,Turkey,,THE,,,,,,,57.4,,,,,,26.1,26.6,59.6,50.6,,23.5,2.0,45:55:00,
2130,University of Campania Luigi Vanvitelli,Italy,,THE,,,,,,,79.0,,,,,,25.6,9.6,47.7,31.6,,28.9,2.0,45:55:00,
2131,Cankaya University,Turkey,,THE,,,,,,,83.4,,,,,,14.0,15.4,17.0,51.0,,24.0,1.0,44:56:00,
2132,University of Cape Coast,Ghana,,THE,,,,,,,71.0,,,,,,16.5,23.8,44.6,46.9,,38.6,0.0,33 : 67,
2133,Capital Medical University,China,,THE,,,,,,,65.8,,,,,,35.9,20.9,46.0,26.4,,4.9,5.0,64:36:00,
2134,Capital University of Science and Technology,Pakistan,,THE,,,,,,,82.0,,,,,,13.4,16.1,22.2,46.6,,28.0,0.0,36 : 64,
2135,The Catholic University of America,United States,,THE,,,,,,,45.6,,,,,,44.4,20.0,68.7,51.7,,11.2,6.0,55:45:00,
2136,The Catholic University of Korea,South Korea,,THE,,,,,,,42.9,,,,,,30.7,38.7,89.9,36.2,,17.9,7.0,57:43:00,
2137,Chang Gung University,Taiwan,,THE,,,,,,,47.2,,,,,,26.5,34.6,95.5,28.5,,12.3,5.0,49:51:00,
2138,Chulalongkorn University,Thailand,,THE,,,,,,,50.2,,,,,,36.7,32.2,76.6,44.1,,12.7,3.0,56:44:00,
2139,Clark University,United States,,THE,,,,,,,66.8,,,,,,26.6,20.8,54.0,70.5,,12.2,27.0,59:41:00,
2140,COMSATS University Islamabad,Pakistan,,THE,,,,,,,88.2,,,,,,17.9,16.6,30.5,50.0,,16.0,1.0,42:58:00,
2141,University of CÃ³rdoba,Spain,,THE,,,,,,,62.6,,,,,,27.0,19.9,41.9,52.3,,12.9,11.0,57:43:00,
2142,Coventry University,United Kingdom,,THE,,,,,,,69.6,,,,,,20.9,14.9,26.8,95.6,,14.9,48.0,48:52:00,
2143,Cyprus University of Technology,Cyprus,,THE,,,,,,,63.3,,,,,,29.4,19.1,21.9,71.2,,15.3,14.0,57:43:00,
2144,University of Debrecen,Hungary,,THE,,,,,,,40.7,,,,,,41.2,22.5,51.1,59.7,,12.0,24.0,56:44:00,
2145,De Montfort University,United Kingdom,,THE,,,,,,,71.0,,,,,,17.8,15.1,45.0,93.9,,18.5,37.0,56:44:00,
2146,University of Derby,United Kingdom,,THE,,,,,,,71.8,,,,,,18.5,12.8,26.5,75.0,,15.8,18.0,60:40:00,
2147,Duy Tan University,Vietnam,,THE,,,,,,,87.5,,,,,,12.1,14.2,17.4,52.5,,24.3,0.0,57:43:00,
2148,East China University of Science and Technology,China,,THE,,,,,,,60.2,,,,,,29.9,25.8,87.1,23.2,,18.0,2.0,44:56:00,
2149,Eastern Mediterranean University,Northern Cyprus,,THE,,,,,,,73.8,,,,,,26.0,15.2,35.9,75.5,,25.4,75.0,44:56:00,
2150,Ãcole Centrale de Lyon,France,,THE,,,,,,,32.6,,,,,,36.0,25.7,82.5,79.2,,16.4,24.0,27 : 73,
2151,Ãcole des Mines de Saint-Ãtienne,France,,THE,,,,,,,34.5,,,,,,44.3,31.4,77.3,70.6,,9.8,24.0,27 : 73,
2152,Ãcole Nationale des Travaux Publics de l'Ãtat (ENTPE),France,,THE,,,,,,,31.3,,,,,,32.1,37.0,80.8,67.7,800.0,14.8,14.0,42:58:00,
2153,Egypt-Japan University of Science and Technology (E-JUST),Egypt,,THE,,,,,,,62.4,,,,,,34.2,27.6,27.7,51.5,,18.4,3.0,32 : 68,
2154,"University of Engineering and Technology, Taxila",Pakistan,,THE,,,,,,,82.6,,,,,,16.4,12.8,17.1,48.5,,19.4,2.0,0.765972222,
2155,Universidade Estadual Paulista (Unesp),Brazil,,THE,,,,,,,38.1,,,,,,41.5,33.1,40.5,38.6,,12.8,4.0,54:46:00,
2156,Ewha Womans University,South Korea,,THE,,,,,,,44.5,,,,,,37.6,35.3,82.8,49.6,,16.7,15.0,100:00:00,
2157,Federal University of Rio de Janeiro,Brazil,,THE,,,,,,,36.7,,,,,,41.8,36.0,81.0,35.9,,13.5,1.0,55:45:00,
2158,Universidade Federal do Rio Grande do Sul,Brazil,,THE,,,,,,,54.1,,,,,,36.4,22.5,52.9,34.1,,16.5,1.0,51:49:00,
2159,Federation University Australia,Australia,,THE,,,,,,,71.3,,,,,,20.9,17.2,41.7,85.8,,16.8,38.0,70:30:00,
2160,University of Foggia,Italy,,THE,,,,,,,65.5,,,,,,24.3,24.7,30.6,30.3,,33.2,1.0,63:37:00,
2161,Gabriele dâAnnunzio University,Italy,,THE,,,,,,,71.7,,,,,,16.3,18.3,59.9,40.6,,31.7,2.0,65:35:00,
2162,Glasgow Caledonian University,United Kingdom,,THE,,,,,,,66.7,,,,,,20.7,13.9,46.1,75.6,,24.1,18.0,58:42:00,
2163,Government College University Faisalabad,Pakistan,,THE,,,,,,,83.4,,,,,,20.8,15.0,32.7,48.2,,26.5,0.0,53:47:00,
2164,Guangdong University of Technology,China,,THE,,,,,,,79.6,,,,,,17.2,19.3,63.5,28.4,,19.0,0.0,27 : 73,
2165,Hacettepe University,Turkey,,THE,,,,,,,50.4,,,,,,32.5,26.8,73.5,27.5,,19.9,3.0,58:42:00,
2166,University of Haifa,Israel,,THE,,,,,,,68.4,,,,,,23.9,30.1,64.5,34.5,,18.4,3.0,66:34:00,
2167,University of Hail,Saudi Arabia,,THE,,,,,,,72.3,,,,,,22.1,10.5,23.5,76.8,,11.2,3.0,61:39:00,
2168,Harokopio University of Athens,Greece,,THE,,,,,,,72.9,,,,,,25.1,27.4,37.4,41.1,,44.9,3.0,52:48:00,
2169,University of Hertfordshire,United Kingdom,,THE,,,,,,,67.2,,,,,,18.6,13.4,33.9,91.6,,16.3,40.0,52:48:00,
2170,Hiroshima University,Japan,,THE,,,,,,,44.7,,,,,,39.6,26.4,68.5,51.5,,7.6,10.0,38 : 62,
2171,Imam Abdulrahman Bin Faisal University,Saudi Arabia,,THE,,,,,,,70.6,,,,,,27.7,13.9,20.8,75.3,,11.3,4.0,84:16:00,
2172,Imam Khomeini International University,Iran,,THE,,,,,,,72.4,,,,,,30.6,19.6,26.7,26.9,,25.8,5.0,54:46:00,
2173,Indian Institute of Technology Guwahati,India,,THE,,,,,,,52.0,,,,,,35.5,24.1,49.5,28.6,,18.0,1.0,24 : 76,
2174,Indian Institute of Technology (Indian School of Mines) Dhanbad,India,,THE,,,,,,,59.7,,,,,,37.6,24.1,30.0,18.4,,16.7,0.0,0.806944444,
2175,Indian Institute of Technology Patna,India,,THE,,,,,,,70.6,,,,,,33.2,24.1,19.8,22.3,,18.8,1.0,0.806944444,
2176,University of Insubria,Italy,,THE,,,,,,,80.4,,,,,,19.7,22.7,43.2,42.4,,27.5,5.0,56:44:00,
2177,"International Institute of Information Technology, Hyderabad",India,,THE,,,,,,,71.7,,,,,,26.0,21.4,49.6,39.5,,18.3,7.0,0.929861111,
2178,Iran University of Medical Sciences,Iran,,THE,,,,,,,54.5,,,,,,48.2,16.4,39.1,38.3,,8.3,10.0,55:45:00,
2179,ISCTE-University Institute of Lisbon,Portugal,,THE,,,,,,,56.3,,,,,,26.4,35.7,55.2,53.0,,26.7,17.0,52:48:00,
2180,Isfahan University of Technology,Iran,,THE,,,,,,,62.0,,,,,,21.5,26.5,75.2,33.0,,22.7,1.0,40 : 60,
2181,ITMO University,Russia,,THE,,,,,,,40.0,,,,,,34.0,34.9,69.0,67.1,,14.6,18.0,34 : 66,
2182,Jagiellonian University,Poland,,THE,,,,,,,55.7,,,,,,38.4,29.0,46.7,43.4,,8.8,11.0,67:33:00,
2183,Jamia Hamdard University,India,,THE,,,,,,,74.8,,,,,,21.1,15.0,40.4,41.9,,18.5,3.0,41:59:00,
2184,Jawaharlal Nehru University,India,,THE,,,,,,,51.8,,,,,,41.9,24.3,33.9,23.7,,16.1,1.0,45:55:00,
2185,Jiangsu University,China,,THE,,,,,,,77.5,,,,,,25.6,14.1,51.1,55.1,,9.4,6.0,43:57:00,
2186,JÃ¶nkÃ¶ping University,Sweden,,THE,,,,,,,78.3,,,,,,20.1,19.2,28.2,65.7,,13.0,13.0,60:40:00,
2187,The University of Jordan,Jordan,,THE,,,,,,,62.7,,,,,,27.8,13.4,30.8,67.1,,10.3,20.0,69:31:00,
2188,Jouf University,Saudi Arabia,,THE,,,,,,,58.3,,,,,,30.5,18.3,21.3,76.7,,9.6,3.0,64:36:00,
2189,Juntendo University,Japan,,THE,,,,,,,59.3,,,,,,37.6,17.1,81.4,25.3,,5.0,3.0,54:46:00,
2190,University of Kaiserslautern,Germany,,THE,,,,,,,44.4,,,,,,38.7,28.7,83.0,56.7,,22.0,19.0,34 : 66,
2191,Kansas State University,United States,,THE,,,,,,,57.4,,,,,,32.9,20.9,66.9,57.5,,13.8,6.0,53:47:00,
2192,University of Kashan,Iran,,THE,,,,,,,74.7,,,,,,27.1,19.9,21.9,24.8,,28.4,2.0,55:45:00,
2193,Kashan University of Medical Sciences and Health Services,Iran,,THE,,,,,,,75.6,,,,,,32.9,15.0,17.4,25.3,,20.5,3.0,58:42:00,
2194,Keio University,Japan,,THE,,,,,,,49.2,,,,,,36.9,27.0,73.3,38.4,,10.2,8.0,36 : 64,
2195,KIIT University,India,,THE,,,,,,,61.5,,,,,,38.5,15.8,52.0,39.4,,12.3,10.0,49:51:00,
2196,King Saud bin Abdulaziz University for Health Sciences,Saudi Arabia,,THE,,,,,,,43.6,,,,,,40.8,21.7,36.1,64.4,,13.0,1.0,51:49:00,
2197,Kobe University,Japan,,THE,,,,,,,48.1,,,,,,39.5,27.2,75.4,39.0,,10.2,7.0,35 : 65,
2198,Konkuk University,South Korea,,THE,,,,,,,49.1,,,,,,32.2,37.6,73.7,45.0,,25.2,15.0,48:52:00,
2199,Kurdistan University of Medical Sciences,Iran,,THE,,,,,,,67.6,,,,,,40.8,11.2,18.8,27.9,,10.7,2.0,48:52:00,
2200,Lehigh University,United States,,THE,,,,,,,57.6,,,,,,33.0,22.5,63.6,73.8,,11.2,17.0,46:54:00,
2201,University of Lille,France,,THE,,,,,,,58.6,,,,,,32.5,23.2,67.2,68.0,,31.5,13.0,61:39:00,
2202,London South Bank University,United Kingdom,,THE,,,,,,,65.9,,,,,,18.6,12.4,52.4,92.3,,17.5,37.0,56:44:00,
2203,University of Lorraine,France,,THE,,,,,,,58.0,,,,,,27.3,18.9,60.6,72.9,,20.0,16.0,53:47:00,
2204,Louisiana State University,United States,,THE,,,,,,,61.1,,,,,,32.7,21.4,63.1,47.8,,19.4,4.0,55:45:00,
2205,Lviv Polytechnic National University,Ukraine,,THE,,,,,,,34.2,,,,,,22.9,11.3,18.8,27.1,,11.9,1.0,41:59:00,
2206,Mahidol University,Thailand,,THE,,,,,,,46.3,,,,,,39.3,25.0,78.6,48.7,,8.9,5.0,64:36:00,
2207,Malaviya National Institute of Technology,India,,THE,,,,,,,76.5,,,,,,29.9,15.6,19.8,20.3,,17.3,0.0,31 : 69,
2208,Universiti Malaysia Pahang Al-Sultan Abdullah (UMPSA),Malaysia,,THE,,,,,,,67.5,,,,,,27.4,19.0,28.3,57.9,,13.5,8.0,49:51:00,
2209,Manipal Academy of Higher Education,India,,THE,,,,,,,46.3,,,,,,45.0,18.5,44.9,48.3,,9.1,12.0,47:53:00,
2210,Marche Polytechnic University,Italy,,THE,,,,,,,75.6,,,,,,23.2,22.6,64.9,36.0,,28.9,5.0,47:53:00,
2211,"University of Maryland, Baltimore County",United States,,THE,,,,,,,61.5,,,,,,28.8,24.6,66.8,50.1,,17.2,11.0,46:54:00,
2212,Masaryk University,Czechia,,THE,,,,,,,50.1,,,,,,25.9,31.0,41.7,66.3,,18.4,23.0,62:38:00,
2213,Mashhad University of Medical Sciences,Iran,,THE,,,,,,,63.9,,,,,,34.9,14.7,28.5,29.7,,9.0,4.0,57:43:00,
2214,Mazandaran University of Medical Sciences,Iran,,THE,,,,,,,65.6,,,,,,44.1,12.4,28.1,24.7,,12.4,1.0,56:44:00,
2215,University of Minho,Portugal,,THE,,,,,,,59.3,,,,,,26.3,30.3,74.7,51.9,,19.5,13.0,56:44:00,
2216,Mississippi State University,United States,,THE,,,,,,,58.8,,,,,,27.3,20.0,66.2,50.7,,14.6,4.0,53:47:00,
2217,Monterrey Institute of Technology,Mexico,,THE,,,,,,,61.9,,,,,,24.0,22.7,60.1,65.8,,14.9,12.0,43:57:00,
2218,University of Namur,Belgium,,THE,,,,,,,53.7,,,,,,24.4,27.2,62.8,69.7,,22.2,12.0,58:42:00,
2219,Nanjing University of Aeronautics and Astronautics,China,,THE,,,,,,,50.1,,,,,,28.2,31.6,71.4,24.7,,15.4,3.0,,
2220,Nanjing Forestry University,China,,THE,,,,,,,79.4,,,,,,22.6,21.2,28.7,28.0,,16.5,1.0,,
2221,Nanjing Tech University,China,,THE,,,,,,,69.1,,,,,,21.8,16.2,68.1,37.1,,13.5,3.0,,
2222,National Institute of Applied Sciences of Lyon (INSA Lyon),France,,THE,,,,,,,38.3,,,,,,37.2,27.0,93.8,75.1,,18.7,29.0,36 : 64,
2223,National University of Sciences and Technology,Pakistan,,THE,,,,,,,71.2,,,,,,25.1,19.4,34.9,55.1,,9.3,5.0,34 : 66,
2224,National University of Science and Technology (MISiS),Russia,,THE,,,,,,,43.2,,,,,,39.1,27.1,64.1,65.6,,12.0,21.0,40 : 60,
2225,National Sun Yat-Sen University,Taiwan,,THE,,,,,,,43.8,,,,,,28.2,33.7,79.1,47.2,,12.6,9.0,42:58:00,
2226,National Technical University of Athens,Greece,,THE,,,,,,,59.1,,,,,,26.3,23.0,59.7,38.1,,20.3,6.0,37 : 63,
2227,National Institute of Technology Rourkela,India,,THE,,,,,,,64.7,,,,,,30.6,20.2,29.9,23.1,,20.6,4.0,0.970833333,
2228,National Institute of Technology Silchar,India,,THE,,,,,,,71.7,,,,,,32.4,19.5,18.4,20.5,,16.3,2.0,0.888888889,
2229,Near East University,Northern Cyprus,,THE,,,,,,,66.6,,,,,,25.9,18.8,49.9,86.8,,29.2,86.0,45:55:00,
2230,"University of Nevada, Las Vegas",United States,,THE,,,,,,,64.7,,,,,,29.3,25.6,51.5,38.3,,23.2,4.0,57:43:00,
2231,University of New Brunswick UNB,Canada,,THE,,,,,,,62.4,,,,,,24.3,25.0,64.0,81.1,,15.0,14.0,53:47:00,
2232,University of North Carolina at Charlotte,United States,,THE,,,,,,,74.4,,,,,,23.2,22.1,58.7,37.0,,20.6,6.0,49:51:00,
2233,"Northeastern University, China",China,,THE,,,,,,,57.8,,,,,,31.5,28.1,73.7,46.7,,13.2,3.0,,
2234,Northern Illinois University,United States,,THE,,,,,,,60.0,,,,,,26.3,15.9,60.4,62.8,,14.3,6.0,54:46:00,
2235,North-West University,South Africa,,THE,,,,,,,64.3,,,,,,22.7,18.7,48.0,56.6,,25.5,3.0,61:39:00,
2236,Norwegian University of Life Sciences,Norway,,THE,,,,,,,64.0,,,,,,32.1,14.7,36.5,70.8,,8.2,12.0,61:39:00,
2237,Novosibirsk State University,Russia,,THE,,,,,,,31.6,,,,,,42.2,36.6,40.7,51.9,,6.6,20.0,,
2238,Ohio University (Main campus),United States,,THE,,,,,,,61.2,,,,,,30.6,20.1,54.7,37.2,,19.9,4.0,58:42:00,
2239,Oklahoma State University,United States,,THE,,,,,,,60.8,,,,,,34.1,20.9,65.8,56.0,,14.1,5.0,52:48:00,
2240,Old Dominion University,United States,,THE,,,,,,,61.2,,,,,,26.1,20.4,64.0,38.1,,18.2,2.0,57:43:00,
2241,Ontario Tech University,Canada,,THE,,,,,,,63.5,,,,,,18.8,25.0,51.9,63.2,,30.1,8.0,43:57:00,
2242,The Open University,United Kingdom,,THE,,,,,,,68.7,,,,,,17.7,16.1,52.6,63.6,,33.5,8.0,65:35:00,
2243,Open University of Catalonia,Spain,,THE,,,,,,,75.9,,,,,,18.4,18.2,29.7,51.0,,96.5,6.0,56:44:00,
2244,Ãrebro University,Sweden,,THE,,,,,,,77.9,,,,,,20.1,22.5,43.8,54.6,,15.6,5.0,62:38:00,
2245,Otto von Guericke University of Magdeburg,Germany,,THE,,,,,,,54.4,,,,,,33.4,18.0,51.4,74.5,,11.2,26.0,42:58:00,
2246,Oxford Brookes University,United Kingdom,,THE,,,,,,,62.5,,,,,,25.1,21.1,29.1,87.9,,14.0,25.0,58:42:00,
2247,University of Palermo,Italy,,THE,,,,,,,69.8,,,,,,18.9,22.5,47.2,34.8,,22.0,1.0,59:41:00,
2248,Panjab University,India,,THE,,,,,,,67.9,,,,,,32.6,16.2,39.2,23.5,,18.6,1.0,51:49:00,
2249,University of Parma,Italy,,THE,,,,,,,72.2,,,,,,19.4,22.6,65.9,38.7,,33.4,6.0,58:42:00,
2250,Parthenope University of Naples,Italy,,THE,,,,,,,78.2,,,,,,18.5,22.6,25.6,32.2,,32.4,1.0,42:58:00,
2251,Universiti Pendidikan Sultan Idris,Malaysia,,THE,,,,,,,38.8,,,,,,35.3,25.2,62.3,70.8,,9.8,20.0,57:43:00,
2252,Universitat PolitÃ¨cnica de Catalunya,Spain,,THE,,,,,,,57.3,,,,,,31.2,21.0,69.7,61.4,,9.8,13.0,28 : 72,
2253,Polytechnic University of Valencia,Spain,,THE,,,,,,,55.4,,,,,,30.0,25.0,83.2,57.6,,14.5,14.0,41:59:00,
2254,Prince Sattam Bin Abdulaziz University,Saudi Arabia,,THE,,,,,,,80.8,,,,,,21.3,12.0,23.5,75.8,,11.9,2.0,61:39:00,
2255,Princess Nourah bint Abdulrahman University,Saudi Arabia,,THE,,,,,,,66.1,,,,,,26.7,16.3,28.3,91.7,,12.1,17.0,100:00:00,
2256,Qazvin University of Medical Sciences,Iran,,THE,,,,,,,71.9,,,,,,38.7,11.6,18.7,26.5,480.0,1.6,2.0,56:44:00,
2257,Qingdao University,China,,THE,,,,,,,84.1,,,,,,17.8,18.4,40.0,24.4,,15.1,1.0,53:47:00,
2258,Universitat Ramon Llull,Spain,,THE,,,,,,,70.3,,,,,,20.7,18.2,32.1,72.6,,22.6,20.0,51:49:00,
2259,ReykjavÃ­k University,Iceland,,THE,,,,,,,76.1,,,,,,15.6,24.0,28.7,64.4,,24.2,10.0,47:53:00,
2260,University of Rhode Island,United States,,THE,,,,,,,57.4,,,,,,26.3,20.5,50.0,53.7,,14.5,3.0,57:43:00,
2261,University of Rome III,Italy,,THE,,,,,,,58.3,,,,,,23.1,25.3,49.5,45.4,,46.5,5.0,60:40:00,
2262,Roskilde University,Denmark,,THE,,,,,,,55.5,,,,,,21.9,33.4,76.1,54.6,,15.8,15.0,65:35:00,
2263,RUDN University,Russia,,THE,,,,,,,46.1,,,,,,39.1,23.0,21.0,70.4,,15.6,32.0,59:41:00,
2264,Saint-Petersburg Mining University,Russia,,THE,,,,,,,69.3,,,,,,29.7,16.9,50.4,43.1,,13.4,12.0,41:59:00,
2265,University of Salento,Italy,,THE,,,,,,,64.5,,,,,,30.1,21.8,52.2,34.5,,24.7,2.0,62:38:00,
2266,University of Sannio,Italy,,THE,,,,,,,63.6,,,,,,23.6,20.5,71.1,29.3,,13.4,1.0,49:51:00,
2267,University of Santiago de Compostela,Spain,,THE,,,,,,,58.7,,,,,,29.7,21.1,69.6,46.6,,14.6,6.0,65:35:00,
2268,University of Sassari,Italy,,THE,,,,,,,66.3,,,,,,31.1,24.7,45.7,41.9,,38.1,2.0,63:37:00,
2269,Saveetha Institute of Medical and Technical Sciences,India,,THE,,,,,,,77.8,,,,,,31.7,10.2,17.3,58.9,,7.1,1.0,46:54:00,
2270,Shahid Beheshti University of Medical Sciences,Iran,,THE,,,,,,,49.9,,,,,,45.1,22.9,63.5,27.1,,8.0,4.0,55:45:00,
2271,University of Siegen,Germany,,THE,,,,,,,60.7,,,,,,27.4,26.9,46.2,62.7,,29.9,13.0,56:44:00,
2272,South China Normal University,China,,THE,,,,,,,63.9,,,,,,22.9,21.7,51.4,37.4,,18.9,3.0,,
2273,South Ural State University,Russia,,THE,,,,,,,74.7,,,,,,23.2,13.5,24.7,54.5,,11.0,11.0,37 : 63,
2274,SRUC (Scotlandâs Rural College),United Kingdom,,THE,,,,,,,79.3,,,,,,25.3,12.8,26.9,64.8,,5.5,8.0,64:36:00,
2275,University of Stavanger,Norway,,THE,,,,,,,66.6,,,,,,24.7,15.6,30.2,74.4,,10.5,13.0,58:42:00,
2276,Sultan Qaboos University,Oman,,THE,,,,,,,62.3,,,,,,28.1,22.2,35.7,74.0,,9.2,4.0,50:50:00,
2277,Sunway University,Malaysia,,THE,,,,,,,71.7,,,,,,24.7,14.6,17.2,78.3,,8.1,14.0,52:48:00,
2278,SUNY Binghamton University,United States,,THE,,,,,,,61.1,,,,,,30.7,22.0,62.8,42.7,,22.1,8.0,52:48:00,
2279,Tallinn University of Technology,Estonia,,THE,,,,,,,65.7,,,,,,25.7,20.6,48.1,69.1,,11.4,14.0,40 : 60,
2280,Tehran University of Medical Sciences,Iran,,THE,,,,,,,54.3,,,,,,50.0,18.5,45.1,37.5,,6.2,12.0,56:44:00,
2281,Universiti Tenaga Nasional (UNITEN),Malaysia,,THE,,,,,,,58.0,,,,,,25.1,16.8,70.8,60.8,,9.0,19.0,32 : 68,
2282,University of Texas at Arlington,United States,,THE,,,,,,,65.5,,,,,,25.2,20.5,62.9,55.0,,31.9,11.0,63:37:00,
2283,Texas Tech University,United States,,THE,,,,,,,56.9,,,,,,30.7,20.9,58.0,58.9,,21.1,6.0,50:50:00,
2284,Thapar Institute of Engineering and Technology,India,,THE,,,,,,,84.8,,,,,,24.3,11.9,23.0,28.7,,15.1,1.0,34 : 66,
2285,University of Toledo,United States,,THE,,,,,,,54.5,,,,,,35.7,16.7,68.8,56.7,,17.0,9.0,53:47:00,
2286,Ton Duc Thang University,Vietnam,,THE,,,,,,,90.6,,,,,,12.9,16.0,20.9,63.1,,21.9,1.0,57:43:00,
2287,Toronto Metropolitan University,Canada,,THE,,,,,,,57.3,,,,,,19.5,32.3,70.3,62.1,,42.8,9.0,55:45:00,
2288,University of Tuscia,Italy,,THE,,,,,,,77.3,,,,,,21.4,22.6,54.9,43.2,,20.0,4.0,52:48:00,
2289,University of Udine,Italy,,THE,,,,,,,73.1,,,,,,28.5,20.2,61.1,41.8,,19.3,5.0,55:45:00,
2290,Ulster University,United Kingdom,,THE,,,,,,,62.0,,,,,,21.3,22.4,50.1,82.4,,20.1,10.0,56:44:00,
2291,Umm Al-Qura University,Saudi Arabia,,THE,,,,,,,62.2,,,,,,33.3,14.4,53.2,73.1,,9.6,7.0,53:47:00,
2292,Paris Lodron UniversitÃ¤t Salzburg,Austria,,THE,,,,,,,55.0,,,,,,31.6,23.4,45.8,93.4,,10.0,35.0,67:33:00,
2293,Urmia University of Medical Sciences,Iran,,THE,,,,,,,69.3,,,,,,35.3,11.7,17.8,25.2,,12.4,5.0,52:48:00,
2294,VIT University,India,,THE,,,,,,,68.3,,,,,,27.9,15.6,28.9,46.2,,18.8,5.0,30 : 70,
2295,University of Warsaw,Poland,,THE,,,,,,,55.6,,,,,,33.1,29.9,37.1,45.6,,10.9,9.0,62:38:00,
2296,University of the Western Cape,South Africa,,THE,,,,,,,59.3,,,,,,22.0,23.8,22.6,65.7,,36.7,6.0,61:39:00,
2297,University of the West of Scotland,United Kingdom,,THE,,,,,,,66.5,,,,,,24.4,16.0,24.2,86.9,,24.6,25.0,62:38:00,
2298,William & Mary,United States,,THE,,,,,,,62.2,,,,,,38.4,21.7,37.1,39.1,,11.3,7.0,57:43:00,
2299,University of Wolverhampton,United Kingdom,,THE,,,,,,,64.7,,,,,,19.1,14.7,40.7,81.1,,16.7,28.0,62:38:00,
2300,Worcester Polytechnic Institute,United States,,THE,,,,,,,61.2,,,,,,30.0,22.1,61.8,57.2,,13.0,14.0,38 : 62,
2301,Wroclaw Medical University,Poland,,THE,,,,,,,66.9,,,,,,40.7,13.3,36.5,37.7,,10.9,14.0,72:28:00,
2302,University of Wyoming,United States,,THE,,,,,,,62.1,,,,,,35.9,20.3,58.6,37.7,,14.1,4.0,52:48:00,
2303,Xiâan Jiaotong-Liverpool University,China,,THE,,,,,,,70.8,,,,,,18.6,15.1,20.9,77.3,,19.9,4.0,51:49:00,
2304,Xidian University,China,,THE,,,,,,,61.0,,,,,,24.3,25.0,77.5,25.9,,15.3,1.0,26 : 74,
2305,Yeungnam University,South Korea,,THE,,,,,,,66.8,,,,,,24.1,18.0,47.0,54.9,,14.7,5.0,50:50:00,
2306,Zhejiang Normal University,China,,THE,,,,,,,75.4,,,,,,20.3,19.0,54.1,35.6,,12.2,5.0,,
2307,Zhengzhou University,China,,THE,,,,,,,82.5,,,,,,18.7,19.8,35.8,25.2,,15.6,4.0,48:52:00,
2308,University of the Aegean,Greece,,THE,,,,,,,54.4,,,,,,18.3,21.9,80.0,33.9,,63.5,1.0,55:45:00,
2309,Ahvaz Jundishapur University of Medical Sciences (AJUMS),Iran,,THE,,,,,,,58.1,,,,,,38.1,10.7,20.1,21.8,,11.7,3.0,67:33:00,
2310,Al-Azhar University,Egypt,,THE,,,,,,,69.2,,,,,,19.2,10.9,20.4,57.4,,22.0,9.0,42:58:00,
2311,University of AlcalÃ¡,Spain,,THE,,,,,,,55.0,,,,,,27.8,15.1,41.9,64.4,,10.4,24.0,59:41:00,
2312,Alexandria University,Egypt,,THE,,,,,,,58.2,,,,,,17.9,17.7,27.2,51.4,,28.7,4.0,52:48:00,
2313,University of Algarve,Portugal,,THE,,,,,,,52.3,,,,,,18.5,19.5,25.3,66.4,,15.0,19.0,56:44:00,
2314,American University in Cairo,Egypt,,THE,,,,,,,51.1,,,,,,26.7,24.0,23.0,70.3,,14.2,4.0,58:42:00,
2315,Amity University,India,,THE,,,,,,,62.3,,,,,,23.6,14.0,20.0,31.1,,17.1,7.0,52:48:00,
2316,Amrita Vishwa Vidyapeetham,India,,THE,,,,,,,60.8,,,,,,28.4,20.5,41.1,36.9,,11.8,5.0,,
2317,"University of the Andes, Colombia",Colombia,,THE,,,,,,,48.4,,,,,,24.4,19.6,28.5,60.8,,13.5,2.0,45:55:00,
2318,Arak University of Medical Sciences,Iran,,THE,,,,,,,66.4,,,,,,31.7,10.2,18.9,21.2,,7.4,2.0,55:45:00,
2319,Aristotle University of Thessaloniki,Greece,,THE,,,,,,,66.3,,,,,,22.3,16.8,52.7,38.1,,18.2,5.0,58:42:00,
2320,Arts et MÃ©tiers,France,,THE,,,,,,,35.2,,,,,,31.1,19.5,67.7,67.0,,16.3,12.0,0.806944444,
2321,Aswan University,Egypt,,THE,,,,,,,75.6,,,,,,16.7,12.1,18.4,50.4,,45.4,1.0,51:49:00,
2322,Athens University of Economics and Business,Greece,,THE,,,,,,,53.3,,,,,,18.1,23.6,57.8,44.5,,53.7,5.0,45:55:00,
2323,BahÃ§eÅehir University,Turkey,,THE,,,,,,,59.4,,,,,,19.5,24.4,39.6,61.2,,47.9,22.0,50:50:00,
2324,Bahria University,Pakistan,,THE,,,,,,,77.3,,,,,,14.2,9.7,16.2,48.7,,20.3,1.0,45:55:00,
2325,University of the Balearic Islands,Spain,,THE,,,,,,,56.4,,,,,,26.8,15.1,32.0,58.1,,9.4,8.0,60:40:00,
2326,University of Belgrade,Serbia,,THE,,,,,,,49.4,,,,,,21.3,27.0,34.0,42.3,,18.2,5.0,62:38:00,
2327,University of Bergamo,Italy,,THE,,,,,,,59.6,,,,,,19.4,21.2,33.3,37.5,,54.8,7.0,63:37:00,
2328,"Birla Institute of Technology and Science, Pilani",India,,THE,,,,,,,67.4,,,,,,23.7,17.0,31.7,25.1,,16.2,2.0,0.888888889,
2329,BRAC University,Bangladesh,,THE,,,,,,,71.1,,,,,,14.8,12.3,15.7,42.2,,16.9,1.0,43:57:00,
2330,UniversitÃ© de Bretagne Occidentale,France,,THE,,,,,,,52.0,,,,,,20.3,19.6,47.8,60.5,,33.1,11.0,59:41:00,
2331,University of Brighton,United Kingdom,,THE,,,,,,,53.9,,,,,,19.8,16.5,60.9,84.4,,18.0,22.0,60:40:00,
2332,Bucharest University of Economic Studies,Romania,,THE,,,,,,,75.9,,,,,,19.7,11.6,20.8,27.8,,16.3,4.0,62:38:00,
2333,Cairo University,Egypt,,THE,,,,,,,59.9,,,,,,25.0,18.5,39.2,45.4,,30.9,5.0,60:40:00,
2334,University of Camerino (Unicam),Italy,,THE,,,,,,,58.6,,,,,,18.0,17.6,60.0,53.0,,30.1,9.0,52:48:00,
2335,Carlos III University of Madrid,Spain,,THE,,,,,,,42.9,,,,,,29.5,20.8,66.9,60.0,,11.2,12.0,47:53:00,
2336,University of Castilla-La Mancha,Spain,,THE,,,,,,,53.7,,,,,,24.2,17.2,46.3,42.0,,12.8,7.0,57:43:00,
2337,Catholic University of Portugal,Portugal,,THE,,,,,,,64.4,,,,,,19.6,18.7,25.6,55.7,,22.2,17.0,62:38:00,
2338,Changsha University of Science and Technology,China,,THE,,,,,,,76.5,,,,,,16.8,13.5,41.6,27.9,,16.0,1.0,36 : 64,
2339,Chapman University,United States,,THE,,,,,,,48.1,,,,,,36.9,14.7,59.2,46.8,,12.0,7.0,61:39:00,
2340,Charles Sturt University,Australia,,THE,,,,,,,55.1,,,,,,18.5,17.9,58.0,66.3,,24.6,13.0,63:37:00,
2341,Institute of Chemical Technology,India,,THE,,,,,,,51.0,,,,,,37.5,20.7,57.9,17.4,,17.2,0.0,30 : 70,
2342,Chengdu University,China,,THE,,,,,,,74.1,,,,,,18.5,14.5,28.5,28.2,,16.3,2.0,55:45:00,
2343,Chiang Mai University,Thailand,,THE,,,,,,,46.3,,,,,,28.5,19.1,58.1,39.5,,13.6,4.0,61:39:00,
2344,Chiba University,Japan,,THE,,,,,,,42.0,,,,,,33.2,20.9,68.9,33.9,,8.9,6.0,38 : 62,
2345,University of Chile,Chile,,THE,,,,,,,50.5,,,,,,25.9,19.8,57.4,52.9,,16.4,5.0,51:49:00,
2346,China University of Petroleum (East China),China,,THE,,,,,,,54.3,,,,,,22.2,23.0,68.2,23.8,,17.0,2.0,33 : 67,
2347,Chonnam National University,South Korea,,THE,,,,,,,43.6,,,,,,28.5,28.3,57.5,32.8,,17.7,7.0,49:51:00,
2348,Chungnam National University,South Korea,,THE,,,,,,,34.9,,,,,,29.9,29.7,71.7,26.0,,19.8,4.0,47:53:00,
2349,Clarkson University,United States,,THE,,,,,,,41.2,,,,,,29.9,18.0,67.4,63.3,,15.5,8.0,34 : 66,
2350,University of Clermont Auvergne,France,,THE,,,,,,,54.2,,,,,,21.8,18.1,61.6,68.3,,21.2,15.0,57:43:00,
2351,University of la Costa,Colombia,,THE,,,,,,,74.2,,,,,,13.2,10.7,16.3,54.9,,18.1,1.0,42:58:00,
2352,Covenant University,Nigeria,,THE,,,,,,,56.6,,,,,,24.7,24.4,24.2,54.3,,17.5,0.0,37 : 63,
2353,CY Cergy Paris University,France,,THE,,,,,,,44.4,,,,,,23.8,25.3,56.6,92.7,,19.5,26.0,52:48:00,
2354,Czech University of Life Sciences Prague (CZU),Czechia,,THE,,,,,,,50.8,,,,,,20.1,15.4,50.2,76.4,,18.3,26.0,50:50:00,
2355,Damietta University,Egypt,,THE,,,,,,,73.0,,,,,,16.4,9.4,17.4,46.1,,33.9,1.0,63:37:00,
2356,University of Delhi,India,,THE,,,,,,,39.0,,,,,,40.4,24.2,40.5,23.3,,23.8,1.0,48:52:00,
2357,Delhi Technological University,India,,THE,,,,,,,76.7,,,,,,16.9,20.1,28.5,19.7,,23.4,3.0,0.970833333,
2358,University of Deusto,Spain,,THE,,,,,,,54.3,,,,,,22.5,23.2,36.6,42.3,,18.8,6.0,57:43:00,
2359,University of Dhaka,Bangladesh,,THE,,,,,,,68.8,,,,,,17.5,10.0,18.1,48.5,,15.3,3.0,50:50:00,
2360,EÃ¶tvÃ¶s LorÃ¡nd University,Hungary,,THE,,,,,,,57.3,,,,,,28.6,19.2,33.4,51.3,,17.8,11.0,61:39:00,
2361,Federal University of Minas Gerais,Brazil,,THE,,,,,,,43.3,,,,,,40.2,23.3,50.8,33.4,,13.5,1.0,53:47:00,
2362,Universidade Federal de Santa Catarina,Brazil,,THE,,,,,,,41.6,,,,,,32.5,21.6,64.2,35.3,,17.7,2.0,49:51:00,
2363,Universidade Federal de SÃ£o Paulo (UNIFESP),Brazil,,THE,,,,,,,48.2,,,,,,33.2,22.5,47.2,35.2,,11.3,1.0,59:41:00,
2364,Ferdowsi University of Mashhad,Iran,,THE,,,,,,,48.2,,,,,,28.6,26.8,45.4,38.6,,30.5,11.0,54:46:00,
2365,Florida Atlantic University,United States,,THE,,,,,,,57.3,,,,,,22.5,21.9,57.6,51.8,,19.8,6.0,63:37:00,
2366,Florida Institute of Technology,United States,,THE,,,,,,,45.2,,,,,,29.0,16.4,54.8,80.4,,15.9,20.0,42:58:00,
2367,University of the Free State,South Africa,,THE,,,,,,,56.4,,,,,,22.4,18.7,26.9,51.7,,35.6,2.0,63:37:00,
2368,Fuzhou University,China,,THE,,,,,,,71.5,,,,,,18.9,16.5,53.2,36.7,,17.4,1.0,39 : 61,
2369,University of Girona,Spain,,THE,,,,,,,56.3,,,,,,20.8,22.4,55.0,56.8,,21.0,14.0,58:42:00,
2370,University of Gloucestershire,United Kingdom,,THE,,,,,,,57.6,,,,,,17.4,14.0,34.5,65.7,,17.0,12.0,59:41:00,
2371,Gorgan University of Agricultural Sciences and Natural Resources,Iran,,THE,,,,,,,78.0,,,,,,15.8,11.3,34.2,35.7,,21.5,1.0,50:50:00,
2372,Guangzhou University,China,,THE,,,,,,,77.1,,,,,,19.4,12.7,22.4,35.9,,17.5,0.0,60:40:00,
2373,Guangzhou Medical University,China,,THE,,,,,,,72.5,,,,,,24.2,10.2,26.6,28.5,,1.7,2.0,58:42:00,
2374,Guilan University of Medical Sciences,Iran,,THE,,,,,,,63.7,,,,,,38.2,10.4,16.6,21.9,,11.5,1.0,53:47:00,
2375,Harbin Engineering University,China,,THE,,,,,,,43.6,,,,,,28.1,30.6,64.9,24.4,,19.8,2.0,0.970833333,
2376,Hazara University Mansehra,Pakistan,,THE,,,,,,,70.9,,,,,,27.1,10.7,16.7,49.0,,21.3,0.0,54:46:00,
2377,Howard University,United States,,THE,,,,,,,41.6,,,,,,48.0,18.8,39.8,39.3,,9.7,5.0,71:29:00,
2378,University of Ibadan,Nigeria,,THE,,,,,,,59.3,,,,,,27.6,14.4,24.4,41.0,,19.7,0.0,50:50:00,
2379,Ilam University of Medical Sciences,Iran,,THE,,,,,,,65.7,,,,,,30.8,12.0,17.2,23.4,,13.2,5.0,52:48:00,
2380,"Indian Institute of Science Education and Research, Pune",India,,THE,,,,,,,35.7,,,,,,42.9,25.1,25.4,38.9,,11.1,0.0,31 : 69,
2381,Indian Institute of Technology Gandhinagar,India,,THE,,,,,,,39.0,,,,,,41.1,27.2,26.5,29.6,,14.9,0.0,28 : 72,
2382,University of Indonesia,Indonesia,,THE,,,,,,,29.2,,,,,,45.5,23.1,51.9,60.3,,7.9,14.0,70:30:00,
2383,Indraprastha Institute of Information Technology Delhi,India,,THE,,,,,,,66.2,,,,,,22.8,16.0,57.8,44.6,,23.4,5.0,0.929861111,
2384,Inha University,South Korea,,THE,,,,,,,41.7,,,,,,31.2,27.2,83.9,38.8,,19.2,8.0,42:58:00,
2385,Universitat Internacional de Catalunya,Spain,,THE,,,,,,,57.0,,,,,,22.8,17.6,21.2,65.9,,12.9,27.0,64:36:00,
2386,"International Islamic University, Islamabad",Pakistan,,THE,,,,,,,72.7,,,,,,17.3,11.2,17.6,60.0,,21.8,7.0,54:46:00,
2387,Isfahan University of Medical Sciences,Iran,,THE,,,,,,,47.0,,,,,,45.6,13.6,25.6,25.4,,10.2,3.0,60:40:00,
2388,Islamia College Peshawar,Pakistan,,THE,,,,,,,62.9,,,,,,21.4,11.1,17.1,55.6,,24.4,3.0,27 : 73,
2389,University of JaÃ©n,Spain,,THE,,,,,,,64.2,,,,,,20.7,18.8,41.0,45.4,,16.1,7.0,57:43:00,
2390,Jahangirnagar University,Bangladesh,,THE,,,,,,,71.9,,,,,,24.1,8.9,19.5,49.7,,17.3,0.0,49:51:00,
2391,Jaume I University,Spain,,THE,,,,,,,56.5,,,,,,23.0,20.5,47.7,45.7,,15.2,10.0,59:41:00,
2392,Jawaharlal Nehru Technological University Anantapur (JNTUA),India,,THE,,,,,,,60.7,,,,,,28.9,14.1,17.5,19.6,,18.1,0.0,41:59:00,
2393,Jaypee University of Information Technology,India,,THE,,,,,,,70.6,,,,,,23.2,16.5,22.5,23.8,,18.5,2.0,27 : 73,
2394,Jazan University,Saudi Arabia,,THE,,,,,,,67.3,,,,,,21.0,9.9,19.4,77.4,,12.4,4.0,60:40:00,
2395,Jeonbuk National University,South Korea,,THE,,,,,,,45.0,,,,,,30.2,27.3,68.1,34.1,,19.6,7.0,46:54:00,
2396,Jiangnan University,China,,THE,,,,,,,60.2,,,,,,24.7,22.4,76.6,24.0,,12.9,1.0,,
2397,Jordan University of Science and Technology,Jordan,,THE,,,,,,,67.3,,,,,,19.8,13.6,40.8,61.1,,13.3,17.0,56:44:00,
2398,JSS Academy of Higher Education and Research,India,,THE,,,,,,,51.9,,,,,,39.7,10.6,22.0,51.8,,9.5,8.0,58:42:00,
2399,Kafrelsheikh University,Egypt,,THE,,,,,,,76.2,,,,,,14.7,9.1,20.0,51.9,,28.7,2.0,48:52:00,
2400,Kalasalingam Academy of Research and Education,India,,THE,,,,,,,74.8,,,,,,29.1,8.9,19.9,30.3,,7.5,4.0,55:45:00,
2401,Kaohsiung Medical University,Taiwan,,THE,,,,,,,44.0,,,,,,26.4,26.1,81.3,28.7,,12.2,5.0,59:41:00,
2402,Kazan Federal University,Russia,,THE,,,,,,,32.3,,,,,,44.7,21.7,42.6,69.2,,10.8,33.0,67:33:00,
2403,King Faisal University,Saudi Arabia,,THE,,,,,,,68.0,,,,,,19.9,12.2,31.4,75.5,,14.5,2.0,60:40:00,
2404,King Mongkutâs University of Technology Thonburi,Thailand,,THE,,,,,,,59.5,,,,,,21.5,22.1,71.0,43.3,,20.4,4.0,45:55:00,
2405,Kingston University,United Kingdom,,THE,,,,,,,53.2,,,,,,20.0,15.3,52.2,91.3,,18.9,40.0,59:41:00,
2406,K.N. Toosi University of Technology,Iran,,THE,,,,,,,60.2,,,,,,22.6,21.0,34.8,35.7,,23.1,1.0,34 : 66,
2407,Kore University of Enna,Italy,,THE,,,,,,,71.3,,,,,,18.0,12.3,40.9,37.3,,16.0,1.0,68:32:00,
2408,Kumamoto University,Japan,,THE,,,,,,,40.9,,,,,,33.6,19.6,77.5,36.5,,9.8,6.0,39 : 61,
2409,University of Kurdistan,Iran,,THE,,,,,,,70.8,,,,,,16.8,14.7,19.0,35.9,,32.2,4.0,54:46:00,
2410,Kyoto Prefectural University of Medicine,Japan,,THE,,,,,,,47.8,,,,,,33.6,16.0,68.2,20.1,,3.2,1.0,47:53:00,
2411,University of Lahore,Pakistan,,THE,,,,,,,68.8,,,,,,17.6,10.2,20.3,52.6,,13.5,2.0,38 : 62,
2412,Lahore University of Management Sciences,Pakistan,,THE,,,,,,,60.2,,,,,,23.3,16.7,43.1,53.0,,14.2,2.0,43:57:00,
2413,Lakehead University,Canada,,THE,,,,,,,51.4,,,,,,17.6,24.0,48.7,59.2,,25.0,19.0,56:44:00,
2414,Lebanese University,Lebanon,,THE,,,,,,,23.6,,,,,,42.8,22.3,17.7,78.8,,14.6,16.0,70:30:00,
2415,Leeds Beckett University,United Kingdom,,THE,,,,,,,65.0,,,,,,17.7,16.2,49.9,67.3,,21.9,15.0,54:46:00,
2416,Lithuanian University of Health Sciences,Lithuania,,THE,,,,,,,55.5,,,,,,27.1,12.6,25.5,52.9,,9.2,23.0,74:26:00,
2417,University of Ljubljana,Slovenia,,THE,,,,,,,54.6,,,,,,24.5,20.1,69.8,42.4,,13.8,9.0,60:40:00,
2418,University of Lleida,Spain,,THE,,,,,,,58.2,,,,,,23.5,20.1,57.3,45.4,,16.1,10.0,59:41:00,
2419,Lovely Professional University,India,,THE,,,,,,,73.7,,,,,,21.5,12.8,17.5,43.4,,14.7,7.0,25 : 75,
2420,Makerere University,Uganda,,THE,,,,,,,39.6,,,,,,23.4,25.3,52.1,68.1,,19.2,3.0,46:54:00,
2421,University of Malakand,Pakistan,,THE,,,,,,,74.1,,,,,,16.8,14.0,26.7,49.2,,32.1,1.0,26 : 74,
2422,University of Malta,Malta,,THE,,,,,,,60.6,,,,,,23.4,16.2,20.5,53.8,,12.3,14.0,59:41:00,
2423,University of Management and Technology,Pakistan,,THE,,,,,,,80.4,,,,,,13.8,10.4,19.1,51.3,,22.4,2.0,50:50:00,
2424,Mansoura University,Egypt,,THE,,,,,,,68.1,,,,,,19.5,12.4,31.8,74.1,,40.2,4.0,50:50:00,
2425,Marquette University,United States,,THE,,,,,,,54.0,,,,,,36.9,18.2,49.3,33.1,,12.2,3.0,58:42:00,
2426,Medical University of Lodz,Poland,,THE,,,,,,,67.6,,,,,,27.4,11.0,39.7,32.3,,8.4,9.0,70:30:00,
2427,University of Medicine and Pharmacy Carol Davila,Romania,,THE,,,,,,,62.6,,,,,,26.3,11.0,24.6,38.8,,8.6,16.0,68:32:00,
2428,University of Memphis,United States,,THE,,,,,,,55.0,,,,,,27.5,19.0,63.0,35.0,,14.9,5.0,62:38:00,
2429,University of Mohaghegh Ardabili,Iran,,THE,,,,,,,71.5,,,,,,19.3,17.3,19.7,32.9,,29.7,0.0,55:45:00,
2430,Montana State University,United States,,THE,,,,,,,56.3,,,,,,24.0,20.4,63.0,38.0,,16.3,2.0,49:51:00,
2431,University of Murcia,Spain,,THE,,,,,,,52.6,,,,,,25.2,19.9,61.4,38.9,,17.7,5.0,62:38:00,
2432,Nanjing University of Information Science and Technology,China,,THE,,,,,,,68.6,,,,,,18.0,18.3,42.0,42.4,,16.8,4.0,,
2433,Nanjing Medical University,China,,THE,,,,,,,58.1,,,,,,36.3,16.5,41.2,25.8,,9.3,4.0,,
2434,Nanjing Normal University,China,,THE,,,,,,,66.5,,,,,,25.1,15.1,50.7,29.8,,13.5,2.0,69:31:00,
2435,National Autonomous University of Mexico,Mexico,,THE,,,,,,,34.4,,,,,,29.9,30.4,62.5,58.4,,17.1,4.0,52:48:00,
2436,National Taipei University of Technology,Taiwan,,THE,,,,,,,35.8,,,,,,27.3,25.0,94.1,41.6,,15.6,10.0,28 : 72,
2437,"National Institute of Technology, Tiruchirappalli",India,,THE,,,,,,,60.2,,,,,,33.8,17.1,27.1,21.2,,20.4,2.0,24 : 76,
2438,The New School,United States,,THE,,,,,,,45.8,,,,,,29.8,15.5,27.2,61.1,,9.3,34.0,73:27:00,
2439,New Mexico State University (Main campus),United States,,THE,,,,,,,49.8,,,,,,25.8,22.1,62.9,45.6,,16.0,6.0,58:42:00,
2440,North China Electric Power University,China,,THE,,,,,,,51.4,,,,,,22.0,23.1,60.1,22.4,,18.6,3.0,38 : 62,
2441,Northeast Normal University,China,,THE,,,,,,,60.9,,,,,,28.2,15.6,45.5,31.1,,18.6,3.0,70:30:00,
2442,University of Northern British Columbia (UNBC),Canada,,THE,,,,,,,51.7,,,,,,21.1,21.8,21.4,52.0,,16.5,12.0,61:39:00,
2443,North South University,Bangladesh,,THE,,,,,,,76.1,,,,,,12.9,10.0,15.8,43.3,,21.3,0.0,42:58:00,
2444,Nova Southeastern University,United States,,THE,,,,,,,50.1,,,,,,39.1,12.2,38.9,34.4,,16.5,4.0,71:29:00,
2445,Okayama University,Japan,,THE,,,,,,,36.4,,,,,,34.6,21.5,84.9,37.2,,10.0,7.0,40 : 60,
2446,University of Oviedo,Spain,,THE,,,,,,,49.2,,,,,,29.0,18.5,40.6,37.8,,9.2,4.0,54:46:00,
2447,Ozyegin University,Turkey,,THE,,,,,,,53.5,,,,,,16.3,23.9,58.0,57.7,,26.7,8.0,44:56:00,
2448,Pablo de Olavide University,Spain,,THE,,,,,,,58.5,,,,,,23.8,17.5,66.9,47.8,,12.2,11.0,59:41:00,
2449,PalackÃ½ University Olomouc,Czechia,,THE,,,,,,,49.8,,,,,,23.4,23.9,36.8,61.8,,15.2,14.0,68:32:00,
2450,PanthÃ©on-Sorbonne University â Paris 1,France,,THE,,,,,,,36.6,,,,,,33.9,31.8,27.3,67.7,,29.8,20.0,62:38:00,
2451,University of Patras,Greece,,THE,,,,,,,56.2,,,,,,19.0,17.8,68.4,35.1,,29.4,5.0,51:49:00,
2452,UPES,India,,THE,,,,,,,63.7,,,,,,28.3,16.7,17.1,50.7,,11.0,0.0,31 : 69,
2453,UniversitÃ© de Poitiers,France,,THE,,,,,,,36.0,,,,,,28.6,25.7,45.0,58.9,,31.5,11.0,57:43:00,
2454,Pontifical Catholic University of Rio de Janeiro (PUC-Rio),Brazil,,THE,,,,,,,37.1,,,,,,33.4,30.5,62.9,43.2,,18.7,2.0,50:50:00,
2455,Portland State University,United States,,THE,,,,,,,55.7,,,,,,22.1,23.2,54.7,35.0,,20.5,5.0,58:42:00,
2456,University of the Punjab,Pakistan,,THE,,,,,,,62.4,,,,,,27.7,14.7,24.9,46.7,,22.0,1.0,52:48:00,
2457,Qassim University,Saudi Arabia,,THE,,,,,,,42.8,,,,,,36.0,20.4,21.6,80.2,,10.2,7.0,62:38:00,
2458,Qom University of Medical Sciences,Iran,,THE,,,,,,,60.0,,,,,,35.2,7.3,17.9,22.4,,9.3,4.0,55:45:00,
2459,University of Regina,Canada,,THE,,,,,,,62.9,,,,,,17.8,19.5,36.1,71.0,,24.6,26.0,49:51:00,
2460,Reichman University,Israel,,THE,,,,,,,64.3,,,,,,13.1,16.6,31.4,63.6,,35.0,28.0,52:48:00,
2461,University of Rennes 1,France,,THE,,,,,,,44.7,,,,,,32.1,17.9,64.0,63.8,,17.5,12.0,52:48:00,
2462,Robert Gordon University,United Kingdom,,THE,,,,,,,53.4,,,,,,17.5,13.2,36.0,87.1,,21.0,26.0,60:40:00,
2463,Rochester Institute of Technology,United States,,THE,,,,,,,58.4,,,,,,22.9,20.2,60.7,46.3,,16.0,13.0,37 : 63,
2464,University of Roehampton,United Kingdom,,THE,,,,,,,52.0,,,,,,23.0,21.5,35.8,85.0,,19.6,36.0,67:33:00,
2465,University of Salamanca,Spain,,THE,,,,,,,50.4,,,,,,32.0,21.8,39.9,53.6,,14.7,13.0,61:39:00,
2466,University of Salford,United Kingdom,,THE,,,,,,,61.1,,,,,,18.8,15.0,46.9,82.2,,20.3,23.0,55:45:00,
2467,San Diego State University,United States,,THE,,,,,,,71.1,,,,,,21.5,11.9,58.3,37.0,,28.1,5.0,58:42:00,
2468,Savitribai Phule Pune University,India,,THE,,,,,,,54.5,,,,,,44.0,11.8,22.8,25.2,,9.6,4.0,44:56:00,
2469,Sechenov University,Russia,,THE,,,,,,,47.7,,,,,,32.6,17.1,39.4,62.1,,8.1,26.0,69:31:00,
2470,University of Seoul,South Korea,,THE,,,,,,,41.0,,,,,,28.8,26.1,52.1,34.9,,14.4,4.0,42:58:00,
2471,University of Seville,Spain,,THE,,,,,,,53.6,,,,,,23.8,24.5,50.8,44.6,,16.7,8.0,55:45:00,
2472,Shahrekord University of Medical Sciences,Iran,,THE,,,,,,,62.1,,,,,,33.7,10.5,17.3,20.6,,9.2,0.0,53:47:00,
2473,Shantou University,China,,THE,,,,,,,63.0,,,,,,21.2,16.4,33.8,42.9,,13.3,1.0,49:51:00,
2474,Sheffield Hallam University,United Kingdom,,THE,,,,,,,66.7,,,,,,19.4,14.4,33.1,64.0,,17.7,12.0,55:45:00,
2475,Shiraz University,Iran,,THE,,,,,,,55.0,,,,,,29.3,24.6,57.4,29.1,,20.8,2.0,53:47:00,
2476,Shiraz University of Medical Sciences,Iran,,THE,,,,,,,55.7,,,,,,41.7,12.7,24.5,24.1,,10.1,2.0,56:44:00,
2477,Shri Mata Vaishno Devi University,India,,THE,,,,,,,68.0,,,,,,24.7,17.2,26.1,22.8,,20.3,0.0,34 : 66,
2478,Siksha âOâ Anusandhan,India,,THE,,,,,,,47.7,,,,,,37.9,16.7,40.8,19.9,,11.9,2.0,52:48:00,
2479,Sogang University,South Korea,,THE,,,,,,,39.8,,,,,,27.2,30.6,73.3,45.0,,23.9,19.0,47:53:00,
2480,Institute of Space Technology,Pakistan,,THE,,,,,,,70.5,,,,,,18.6,13.3,16.5,47.1,,13.4,0.0,25 : 75,
2481,University of Tabuk,Saudi Arabia,,THE,,,,,,,69.0,,,,,,16.9,10.4,26.1,75.6,,19.5,2.0,60:40:00,
2482,Technical University of Madrid,Spain,,THE,,,,,,,49.8,,,,,,26.6,15.8,57.4,53.8,,15.8,14.0,33 : 67,
2483,"University of Technology, Iraq",Iraq,,THE,,,,,,,65.7,,,,,,25.8,9.2,20.0,25.0,,6.9,0.0,46:54:00,
2484,University of Texas at El Paso,United States,,THE,,,,,,,44.8,,,,,,24.5,28.7,51.9,46.8,,22.9,6.0,55:45:00,
2485,Tokyo University of Agriculture and Technology,Japan,,THE,,,,,,,29.6,,,,,,35.0,29.1,84.5,38.1,,15.6,7.0,34 : 66,
2486,Tokyo Medical University,Japan,,THE,,,,,,,54.0,,,,,,35.1,17.0,70.4,21.4,,3.4,1.0,51:49:00,
2487,Tomsk Polytechnic University,Russia,,THE,,,,,,,31.7,,,,,,40.5,23.5,54.9,69.4,,10.6,29.0,31 : 69,
2488,University of Tours,France,,THE,,,,,,,42.2,,,,,,32.7,15.9,52.9,61.2,,21.8,11.0,60:40:00,
2489,University of TrÃ¡s-os-Montes and Alto Douro,Portugal,,THE,,,,,,,44.6,,,,,,22.5,31.2,23.5,40.5,,9.2,6.0,53:47:00,
2490,University of Tunis El Manar,Tunisia,,THE,,,,,,,31.1,,,,,,42.3,19.9,49.5,50.5,,9.6,6.0,72:28:00,
2491,Urmia University,Iran,,THE,,,,,,,56.9,,,,,,29.6,19.5,25.8,38.0,,26.4,12.0,49:51:00,
2492,"University of Veterinary and Animal Sciences, Lahore",Pakistan,,THE,,,,,,,53.7,,,,,,22.2,17.0,46.7,55.5,,19.2,1.0,53:47:00,
2493,University of Vic â Central University of Catalonia,Spain,,THE,,,,,,,70.8,,,,,,19.1,13.1,20.2,59.1,,13.1,19.0,61:39:00,
2494,University of Vigo,Spain,,THE,,,,,,,57.8,,,,,,25.1,17.9,49.5,47.4,,15.1,5.0,52:48:00,
2495,Vilnius University,Lithuania,,THE,,,,,,,51.4,,,,,,26.6,17.5,44.4,46.7,,9.1,9.0,65:35:00,
2496,Waseda University,Japan,,THE,,,,,,,43.1,,,,,,33.7,26.2,56.7,54.8,,14.3,13.0,39 : 61,
2497,Wenzhou University,China,,THE,,,,,,,78.1,,,,,,16.2,15.0,27.8,34.8,,18.6,2.0,59:41:00,
2498,Wenzhou Medical University,China,,THE,,,,,,,68.7,,,,,,18.4,13.6,38.3,42.8,,14.6,3.0,61:39:00,
2499,University of Westminster,United Kingdom,,THE,,,,,,,55.3,,,,,,19.4,18.1,40.0,87.1,,19.8,48.0,60:40:00,
2500,YÄ±ldÄ±z Technical University,Turkey,,THE,,,,,,,41.2,,,,,,32.1,28.0,64.1,40.9,,24.8,13.0,43:57:00,
2501,Yokohama City University,Japan,,THE,,,,,,,59.4,,,,,,28.4,11.3,62.4,29.0,,6.0,3.0,55:45:00,
2502,Zagazig University,Egypt,,THE,,,,,,,71.4,,,,,,14.2,9.2,49.8,49.0,,25.2,2.0,52:48:00,
2503,University of Zaragoza,Spain,,THE,,,,,,,46.4,,,,,,28.3,18.5,55.7,42.8,,10.2,7.0,54:46:00,
2504,ZHAW Zurich University of Applied Sciences,Switzerland,,THE,,,,,,,46.0,,,,,,22.2,15.8,59.2,72.4,,12.3,11.0,52:48:00,
2505,Zhejiang Gongshang University,China,,THE,,,,,,,61.1,,,,,,21.8,12.6,30.8,44.1,,11.5,7.0,58:42:00,
2506,University of A CoruÃ±a,Spain,,THE,,,,,,,45.6,,,,,,24.2,17.5,36.1,36.5,,12.4,5.0,51:49:00,
2507,"Adam Mickiewicz University, PoznaÅ",Poland,,THE,,,,,,,43.5,,,,,,19.7,28.4,29.6,37.8,,25.0,6.0,68:32:00,
2508,AGH University of Krakow,Poland,,THE,,,,,,,38.6,,,,,,25.8,20.9,68.5,29.9,,12.2,3.0,35 : 65,
2509,Aichi Medical University,Japan,,THE,,,,,,,43.1,,,,,,30.5,13.5,39.5,21.5,,2.9,1.0,58:42:00,
2510,Ain Shams University,Egypt,,THE,,,,,,,45.8,,,,,,27.9,15.3,48.0,51.8,,13.3,6.0,52:48:00,
2511,Akdeniz University,Turkey,,THE,,,,,,,42.6,,,,,,22.7,27.3,54.7,25.2,,47.3,4.0,45:55:00,
2512,Al-Balqa Applied University,Jordan,,THE,,,,,,,59.2,,,,,,12.0,13.6,22.5,39.3,,27.3,2.0,59:41:00,
2513,University of Alicante,Spain,,THE,,,,,,,43.8,,,,,,25.0,19.8,51.6,44.6,,14.5,10.0,59:41:00,
2514,University of AlmerÃ­a,Spain,,THE,,,,,,,48.9,,,,,,21.7,18.9,33.7,42.2,,17.0,10.0,55:45:00,
2515,An-Najah National University,Palestine,,THE,,,,,,,65.4,,,,,,13.3,9.8,21.0,61.2,,21.7,11.0,66:34:00,
2516,University of Applied Sciences and Arts of Western Switzerland,Switzerland,,THE,,,,,,,38.3,,,,,,24.0,13.1,33.8,87.4,,6.5,29.0,54:46:00,
2517,Ateneo de Manila University,Philippines,,THE,,,,,,,52.4,,,,,,30.8,10.8,27.6,33.5,,11.1,1.0,52:48:00,
2518,Universidad AutÃ³noma de Chile,Chile,,THE,,,,,,,54.5,,,,,,12.5,12.2,16.1,55.4,,25.5,1.0,65:35:00,
2519,Azarbaijan Shahid Madani University,Iran,,THE,,,,,,,67.9,,,,,,14.9,15.3,19.0,27.9,,27.1,2.0,61:39:00,
2520,BabeÅ-Bolyai University,Romania,,THE,,,,,,,46.0,,,,,,23.3,16.8,35.2,39.0,,21.1,4.0,64:36:00,
2521,Bahauddin Zakariya University,Pakistan,,THE,,,,,,,58.5,,,,,,19.6,12.6,19.2,48.1,,27.2,0.0,40 : 60,
2522,Bangladesh Agricultural University (BAU),Bangladesh,,THE,,,,,,,45.2,,,,,,29.5,9.9,22.6,49.5,,11.4,1.0,45:55:00,
2523,Bangladesh University of Engineering and Technology,Bangladesh,,THE,,,,,,,50.7,,,,,,21.7,15.8,35.2,29.8,,13.2,0.0,0.970833333,
2524,Bartin University,Turkey,,THE,,,,,,,69.6,,,,,,11.1,13.0,16.3,37.4,,31.8,11.0,39 : 61,
2525,University of Bedfordshire,United Kingdom,,THE,,,,,,,52.4,,,,,,17.5,14.3,25.6,83.9,,29.1,64.0,59:41:00,
2526,Benha University,Egypt,,THE,,,,,,,66.5,,,,,,15.7,9.2,18.9,49.1,,30.9,2.0,42:58:00,
2527,Beni-Suef University,Egypt,,THE,,,,,,,61.1,,,,,,16.8,9.8,19.5,51.4,,31.6,0.0,49:51:00,
2528,Bowling Green State University,United States,,THE,,,,,,,52.7,,,,,,22.4,13.9,40.5,28.9,,17.6,3.0,57:43:00,
2529,Brno University of Technology,Czechia,,THE,,,,,,,39.0,,,,,,22.2,19.3,70.3,58.3,,15.5,25.0,28 : 72,
2530,University of Bucharest,Romania,,THE,,,,,,,43.2,,,,,,24.8,21.1,25.3,29.1,,33.3,2.0,70:30:00,
2531,University of Cadiz,Spain,,THE,,,,,,,43.7,,,,,,20.4,16.7,30.0,42.3,,17.7,8.0,55:45:00,
2532,University of Calcutta,India,,THE,,,,,,,33.7,,,,,,40.0,15.2,30.3,19.3,,14.2,0.0,54:46:00,
2533,Canterbury Christ Church University,United Kingdom,,THE,,,,,,,44.6,,,,,,20.7,13.8,18.0,59.6,,20.1,15.0,68:32:00,
2534,University of Central Lancashire,United Kingdom,,THE,,,,,,,51.9,,,,,,18.3,13.8,34.3,82.3,,16.3,28.0,58:42:00,
2535,Central Michigan University,United States,,THE,,,,,,,46.8,,,,,,28.8,15.3,44.9,33.4,,18.3,3.0,60:40:00,
2536,"University of Chemistry and Technology, Prague",Czechia,,THE,,,,,,,29.0,,,,,,32.8,14.7,45.7,51.0,,8.3,23.0,57:43:00,
2537,China Pharmaceutical University,China,,THE,,,,,,,52.8,,,,,,23.4,18.3,73.4,22.2,,16.4,3.0,65:35:00,
2538,Chung Yuan Christian University,Taiwan,,THE,,,,,,,39.0,,,,,,18.1,24.4,62.6,41.2,,33.5,7.0,46:54:00,
2539,University of Colombo,Sri Lanka,,THE,,,,,,,60.2,,,,,,25.4,10.6,18.7,39.3,,32.0,0.0,60:40:00,
2540,Comenius University in Bratislava,Slovakia,,THE,,,,,,,41.8,,,,,,31.2,16.6,25.0,52.6,,10.5,15.0,65:35:00,
2541,Czech Technical University in Prague,Czechia,,THE,,,,,,,32.2,,,,,,30.9,18.8,51.9,60.2,,8.7,21.0,30 : 70,
2542,Democritus University of Thrace,Greece,,THE,,,,,,,54.3,,,,,,16.1,16.5,32.1,30.4,,36.4,3.0,48:52:00,
2543,Universidad del Desarrollo,Chile,,THE,,,,,,,53.0,,,,,,17.8,10.8,21.2,52.2,,14.4,4.0,57:43:00,
2544,Diego Portales University,Chile,,THE,,,,,,,53.8,,,,,,15.3,11.8,18.0,53.0,,17.6,2.0,50:50:00,
2545,UniversitÃ© Djillali LiabÃ¨s de Sidi Bel-AbbÃ¨s,Algeria,,THE,,,,,,,46.0,,,,,,30.6,9.3,16.9,37.4,,19.7,1.0,56:44:00,
2546,Don State Technical University,Russia,,THE,,,,,,,54.9,,,,,,20.6,9.0,17.9,31.7,,12.4,12.0,,
2547,Dr B.R. Ambedkar National Institute of Technology Jalandhar,India,,THE,,,,,,,54.6,,,,,,25.4,13.2,22.2,17.8,,24.1,1.0,36 : 64,
2548,Durban University of Technology,South Africa,,THE,,,,,,,62.0,,,,,,17.3,11.8,18.4,46.5,,35.3,1.0,55:45:00,
2549,University of East London,United Kingdom,,THE,,,,,,,41.0,,,,,,21.8,15.1,28.2,84.9,,26.1,52.0,56:44:00,
2550,Edge Hill University,United Kingdom,,THE,,,,,,,55.6,,,,,,18.1,13.8,22.0,54.7,,16.4,6.0,70:30:00,
2551,"University of Engineering and Technology, Peshawar",Pakistan,,THE,,,,,,,60.9,,,,,,13.7,11.5,25.0,49.8,,21.7,2.0,0.315277778,
2552,University of Engineering & Technology (UET) Lahore,Pakistan,,THE,,,,,,,53.5,,,,,,18.8,9.9,24.1,50.6,,13.4,2.0,29 : 71,
2553,European University of Madrid,Spain,,THE,,,,,,,54.3,,,,,,21.5,10.9,17.7,61.7,,12.0,30.0,50:50:00,
2554,University of Extremadura,Spain,,THE,,,,,,,51.9,,,,,,24.7,12.4,22.4,35.7,,10.7,3.0,55:45:00,
2555,Fayoum University,Egypt,,THE,,,,,,,65.5,,,,,,15.9,11.9,24.9,46.4,,18.0,0.0,62:38:00,
2556,Federal University of SÃ£o Carlos,Brazil,,THE,,,,,,,33.5,,,,,,33.4,19.8,44.8,29.5,,16.1,1.0,51:49:00,
2557,Federal University of Technology Akure,Nigeria,,THE,,,,,,,50.6,,,,,,24.8,11.1,18.2,40.4,,24.5,0.0,26 : 74,
2558,Financial University under the Government of the Russian Federation,Russia,,THE,,,,,,,50.3,,,,,,26.7,18.0,30.9,34.5,,13.0,9.0,51:49:00,
2559,Firat University,Turkey,,THE,,,,,,,64.5,,,,,,19.2,10.3,19.7,31.5,,25.4,6.0,49:51:00,
2560,Florida Agricultural and Mechanical University,United States,,THE,,,,,,,39.8,,,,,,33.4,16.7,37.3,50.3,,15.7,1.0,67:33:00,
2561,University of Franche-ComtÃ©,France,,THE,,,,,,,40.6,,,,,,21.3,15.7,44.9,70.6,,33.5,11.0,58:42:00,
2562,Fu Jen Catholic University,Taiwan,,THE,,,,,,,26.3,,,,,,24.0,29.2,65.5,31.1,,27.2,6.0,59:41:00,
2563,Fujian Agriculture and Forestry University,China,,THE,,,,,,,62.0,,,,,,18.3,15.5,34.8,32.7,,17.1,1.0,53:47:00,
2564,Fujita Health University,Japan,,THE,,,,,,,55.4,,,,,,27.6,13.0,53.3,22.3,,3.6,1.0,58:42:00,
2565,Gauhati University,India,,THE,,,,,,,23.3,,,,,,36.2,26.6,34.3,22.2,,17.3,0.0,53:47:00,
2566,GdaÅsk University of Technology,Poland,,THE,,,,,,,48.3,,,,,,19.7,17.0,50.7,35.0,,17.9,5.0,38 : 62,
2567,University of Ghana,Ghana,,THE,,,,,,,42.1,,,,,,14.9,21.3,37.3,52.3,,35.9,1.0,49:51:00,
2568,Gifu University,Japan,,THE,,,,,,,29.5,,,,,,30.6,23.2,65.9,29.5,,14.6,4.0,38 : 62,
2569,GLA University,India,,THE,,,,,,,63.9,,,,,,16.8,10.6,16.0,20.9,,16.8,0.0,29 : 71,
2570,University of Gujrat,Pakistan,,THE,,,,,,,69.5,,,,,,13.4,11.3,16.0,45.8,,24.7,0.0,58:42:00,
2571,Guru Ghasidas Vishwavidyalaya,India,,THE,,,,,,,63.7,,,,,,16.6,9.8,21.6,22.3,,21.7,0.0,40 : 60,
2572,Hakim Sabzevari University,Iran,,THE,,,,,,,61.6,,,,,,15.3,11.5,16.5,38.0,,22.8,3.0,51:49:00,
2573,Hamamatsu University School of Medicine,Japan,,THE,,,,,,,36.9,,,,,,33.6,18.3,58.3,24.0,,4.1,3.0,48:52:00,
2574,Huaqiao University,China,,THE,,,,,,,48.1,,,,,,15.5,14.3,28.4,70.9,,17.8,19.0,51:49:00,
2575,Icesi University,Colombia,,THE,,,,,,,55.8,,,,,,23.5,10.5,16.1,41.1,,7.2,2.0,53:47:00,
2576,Ilmenau University of Technology,Germany,,THE,,,,,,,32.8,,,,,,31.0,21.4,64.9,57.1,,18.4,31.0,28 : 72,
2577,IMT Nord Europe,France,,THE,,,,,,,19.7,,,,,,32.2,25.2,64.8,73.4,,15.0,19.0,25 : 75,
2578,Indian Institute of Science Education and Research Kolkata,India,,THE,,,,,,,33.4,,,,,,40.8,19.4,28.8,24.0,,12.6,0.0,28 : 72,
2579,Indian Institute of Technology Ropar,India,,THE,,,,,,,44.7,,,,,,36.5,18.4,27.2,23.7,,14.9,1.0,0.970833333,
2580,Indian Institute of Technology Mandi,India,,THE,,,,,,,49.2,,,,,,36.5,13.4,18.3,26.8,,12.9,1.0,27 : 73,
2581,University of Ioannina,Greece,,THE,,,,,,,55.9,,,,,,14.0,12.4,47.4,43.2,,32.6,5.0,54:46:00,
2582,University of Isfahan,Iran,,THE,,,,,,,40.9,,,,,,30.4,16.8,26.2,35.5,,24.0,8.0,58:42:00,
2583,The Islamia University of Bahawalpur,Pakistan,,THE,,,,,,,66.7,,,,,,16.4,11.4,18.2,48.2,,47.8,0.0,42:58:00,
2584,Istanbul University,Turkey,,THE,,,,,,,34.4,,,,,,23.5,22.0,50.9,38.2,,25.4,9.0,56:44:00,
2585,Istanbul University-CerrahpaÅa,Turkey,,THE,,,,,,,41.7,,,,,,26.0,24.1,59.8,26.9,,27.8,6.0,52:48:00,
2586,Iuliu HaÅ£ieganu University of Medicine and Pharmacy Cluj-Napoca,Romania,,THE,,,,,,,54.3,,,,,,25.8,10.9,25.2,50.2,,8.9,36.0,66:34:00,
2587,Jadavpur University,India,,THE,,,,,,,46.0,,,,,,35.3,15.8,35.4,19.2,,21.3,0.0,31 : 69,
2588,University of Jeddah,Saudi Arabia,,THE,,,,,,,51.5,,,,,,17.4,9.2,16.0,73.2,,14.6,2.0,67:33:00,
2589,Jimma University,Ethiopia,,THE,,,,,,,60.2,,,,,,16.4,8.9,16.2,39.2,,14.9,1.0,38 : 62,
2590,Kanazawa University,Japan,,THE,,,,,,,35.4,,,,,,35.5,18.8,70.4,33.6,,9.9,6.0,37 : 63,
2591,Kansai Medical University,Japan,,THE,,,,,,,51.6,,,,,,30.0,10.6,47.9,21.0,,1.6,3.0,55:45:00,
2592,Karlstad University,Sweden,,THE,,,,,,,53.8,,,,,,19.9,14.4,29.4,57.4,,12.8,2.0,63:37:00,
2593,Karnatak University Dharwad,India,,THE,,,,,,,52.5,,,,,,35.1,9.7,21.6,27.8,,12.1,0.0,53:47:00,
2594,Kerman University of Medical Sciences,Iran,,THE,,,,,,,51.2,,,,,,32.7,11.8,20.5,25.6,,3.9,3.0,,
2595,Kharkiv National University of Radio Electronics,Ukraine,,THE,,,,,,,28.0,,,,,,22.2,9.4,16.5,32.9,,10.8,11.0,26 : 74,
2596,Kindai University,Japan,,THE,,,,,,,51.9,,,,,,18.4,11.8,50.2,30.9,,17.7,2.0,32 : 68,
2597,Kohat University of Science and Technology,Pakistan,,THE,,,,,,,49.0,,,,,,21.9,14.2,20.8,59.5,,43.0,0.0,26 : 74,
2598,University of Kragujevac,Serbia,,THE,,,,,,,60.0,,,,,,23.8,10.7,21.2,31.8,,13.7,1.0,63:37:00,
2599,Kurume University,Japan,,THE,,,,,,,48.4,,,,,,27.5,13.6,44.7,26.3,,9.0,1.0,,
2600,Kuwait University,Kuwait,,THE,,,,,,,55.5,,,,,,19.5,9.9,28.9,66.4,,14.7,13.0,73:27:00,
2601,Kwame Nkrumah University of Science and Technology,Ghana,,THE,,,,,,,50.8,,,,,,16.2,20.7,52.0,47.2,,60.8,1.0,38 : 62,
2602,University of Lagos,Nigeria,,THE,,,,,,,65.5,,,,,,14.6,14.4,20.9,41.5,,27.5,0.0,51:49:00,
2603,University of La Laguna,Spain,,THE,,,,,,,54.7,,,,,,21.9,15.8,28.7,50.7,,13.3,5.0,58:42:00,
2604,University of Las Palmas de Gran Canaria,Spain,,THE,,,,,,,45.6,,,,,,19.8,16.1,25.2,42.1,,17.0,6.0,57:43:00,
2605,University of Latvia,Latvia,,THE,,,,,,,40.3,,,,,,18.6,27.1,42.5,47.6,,30.2,7.0,69:31:00,
2606,University of LeÃ³n,Spain,,THE,,,,,,,46.7,,,,,,23.2,13.6,70.3,36.5,,12.1,4.0,53:47:00,
2607,Lorestan University,Iran,,THE,,,,,,,51.2,,,,,,27.2,11.1,18.3,25.7,,22.7,2.0,57:43:00,
2608,Mae Fah Luang University,Thailand,,THE,,,,,,,47.5,,,,,,16.2,14.6,39.6,54.0,,20.7,5.0,72:28:00,
2609,Maharishi Markandeshwar University (MMU),India,,THE,,,,,,,53.8,,,,,,26.9,8.9,17.6,34.3,,12.6,8.0,43:57:00,
2610,University of Malaga,Spain,,THE,,,,,,,43.2,,,,,,21.5,16.0,51.5,42.2,,13.3,6.0,54:46:00,
2611,Universiti Malaysia Sarawak (UNIMAS),Malaysia,,THE,,,,,,,22.9,,,,,,29.9,19.3,66.9,61.0,,14.9,13.0,71:29:00,
2612,University of Maragheh,Iran,,THE,,,,,,,55.7,,,,,,12.1,16.6,17.5,34.0,,23.6,0.0,55:45:00,
2613,University of Mazandaran,Iran,,THE,,,,,,,39.1,,,,,,27.5,18.9,24.7,32.1,,32.3,7.0,62:38:00,
2614,Medical University of Bialystok,Poland,,THE,,,,,,,40.0,,,,,,39.0,11.8,39.1,29.9,,13.1,8.0,77:23:00,
2615,Medical University of GdaÅsk,Poland,,THE,,,,,,,47.9,,,,,,28.7,10.6,39.6,43.8,,5.4,17.0,73:27:00,
2616,Medical University of Warsaw,Poland,,THE,,,,,,,43.6,,,,,,26.5,13.5,43.3,31.0,,6.4,8.0,71:29:00,
2617,"Mehran University of Engineering and Technology, Jamshoro, Pakistan",Pakistan,,THE,,,,,,,55.6,,,,,,17.1,8.1,16.9,50.0,,19.9,0.0,0.929861111,
2618,Miguel HernÃ¡ndez University of Elche,Spain,,THE,,,,,,,43.8,,,,,,20.4,17.8,70.7,41.2,,16.5,8.0,50:50:00,
2619,Ming Chi University of Technology,Taiwan,,THE,,,,,,,43.4,,,,,,16.4,25.1,47.1,29.5,,18.6,2.0,25 : 75,
2620,Minia University,Egypt,,THE,,,,,,,66.0,,,,,,17.2,9.5,19.2,49.6,,17.7,1.0,54:46:00,
2621,Mirpur University of Science and Technology,Pakistan,,THE,,,,,,,60.0,,,,,,11.5,9.4,15.8,48.6,,23.6,0.0,44:56:00,
2622,MontanuniversitÃ¤t Leoben,Austria,,THE,,,,,,,31.6,,,,,,35.2,13.7,58.8,77.4,,4.2,17.0,26 : 74,
2623,Muhimbili University of Health and Allied Sciences,Tanzania,,THE,,,,,,,55.3,,,,,,18.0,13.1,23.5,50.5,,14.0,2.0,33 : 67,
2624,Nagoya City University,Japan,,THE,,,,,,,32.6,,,,,,30.4,17.5,73.2,23.6,,7.4,3.0,53:47:00,
2625,Najran University,Saudi Arabia,,THE,,,,,,,63.4,,,,,,13.0,9.8,16.1,76.1,,18.2,2.0,62:38:00,
2626,National Central University,Taiwan,,THE,,,,,,,29.7,,,,,,30.8,24.9,88.8,44.4,,9.5,7.0,35 : 65,
2627,National Chengchi University,Taiwan,,THE,,,,,,,24.8,,,,,,27.6,27.8,60.6,48.8,,14.9,12.0,56:44:00,
2628,National Chung Hsing University,Taiwan,,THE,,,,,,,33.8,,,,,,23.8,25.2,78.8,32.5,,15.5,6.0,42:58:00,
2629,National University of Computer and Emerging Sciences,Pakistan,,THE,,,,,,,60.2,,,,,,12.5,8.9,19.0,52.9,,24.0,3.0,24 : 76,
2630,National Institute of Technology Warangal,India,,THE,,,,,,,50.8,,,,,,25.1,13.6,18.4,24.1,,19.8,5.0,0.929861111,
2631,Necmettin Erbakan University,Turkey,,THE,,,,,,,39.0,,,,,,37.2,14.1,21.4,38.7,,12.8,13.0,52:48:00,
2632,Nicolaus Copernicus University in ToruÅ,Poland,,THE,,,,,,,38.0,,,,,,23.8,21.1,30.8,33.6,,12.0,5.0,67:33:00,
2633,Niigata University,Japan,,THE,,,,,,,41.8,,,,,,30.6,15.0,49.7,29.0,,7.2,3.0,37 : 63,
2634,Nile University,Egypt,,THE,,,,,,,59.7,,,,,,17.3,13.3,42.4,31.6,,14.4,2.0,32 : 68,
2635,Nippon Medical School,Japan,,THE,,,,,,,57.1,,,,,,28.5,10.7,50.3,20.5,939.0,0.9,0.0,37 : 63,
2636,Northwest University,China,,THE,,,,,,,51.5,,,,,,24.4,15.3,35.3,25.0,,13.3,1.0,52:48:00,
2637,Oakland University,United States,,THE,,,,,,,44.5,,,,,,25.5,15.9,47.7,39.4,,17.6,4.0,58:42:00,
2638,Ãbuda University,Hungary,,THE,,,,,,,55.7,,,,,,14.4,16.4,20.7,42.6,,34.4,7.0,0.970833333,
2639,"University of Occupational and Environmental Health, Japan",Japan,,THE,,,,,,,54.8,,,,,,30.2,11.7,46.8,22.5,,2.5,1.0,52:48:00,
2640,University of PÃ©cs,Hungary,,THE,,,,,,,29.9,,,,,,39.1,16.5,32.0,54.3,,13.7,24.0,59:41:00,
2641,University of Peradeniya,Sri Lanka,,THE,,,,,,,58.6,,,,,,18.4,9.2,23.3,39.8,,13.9,1.0,65:35:00,
2642,Universidad Peruana Cayetano Heredia,Peru,,THE,,,,,,,53.3,,,,,,16.9,12.9,29.8,49.8,,15.6,1.0,66:34:00,
2643,University of Peshawar,Pakistan,,THE,,,,,,,61.0,,,,,,19.4,12.2,17.4,47.3,,42.7,0.0,0.806944444,
2644,Plekhanov Russian University of Economics,Russia,,THE,,,,,,,44.7,,,,,,25.9,12.9,20.6,59.0,,9.1,15.0,57:43:00,
2645,PMAS Arid Agriculture University Rawalpindi,Pakistan,,THE,,,,,,,53.9,,,,,,18.8,11.3,19.1,47.8,,44.7,0.0,37 : 63,
2646,Pondicherry University,India,,THE,,,,,,,38.3,,,,,,33.5,18.4,42.5,19.4,,21.5,1.0,46:54:00,
2647,Pontifical Catholic University of Rio Grande do Sul (PUCRS),Brazil,,THE,,,,,,,42.3,,,,,,32.9,16.9,39.2,35.1,,21.1,1.0,51:49:00,
2648,Poznan University of Medical Sciences,Poland,,THE,,,,,,,41.2,,,,,,27.1,13.4,44.4,34.1,,6.0,11.0,73:27:00,
2649,Public University of Navarre,Spain,,THE,,,,,,,49.5,,,,,,22.4,14.3,38.3,46.5,,11.8,6.0,52:48:00,
2650,University of Rajshahi,Bangladesh,,THE,,,,,,,59.3,,,,,,15.9,9.3,17.6,39.6,,20.4,0.0,34 : 66,
2651,Razi University,Iran,,THE,,,,,,,43.2,,,,,,27.8,14.0,38.5,26.5,,22.9,4.0,60:40:00,
2652,Riga Technical University,Latvia,,THE,,,,,,,32.0,,,,,,26.4,23.9,46.4,57.0,,31.7,22.0,34 : 66,
2653,Riphah International University,Pakistan,,THE,,,,,,,67.1,,,,,,14.2,9.6,16.0,48.7,,18.4,0.0,51:49:00,
2654,Rowan University,United States,,THE,,,,,,,45.9,,,,,,26.6,12.4,30.8,39.0,,14.5,3.0,49:51:00,
2655,Sahand University of Technology,Iran,,THE,,,,,,,57.4,,,,,,20.6,14.6,37.9,22.6,,27.2,1.0,43:57:00,
2656,Universidad San Francisco de Quito,Ecuador,,THE,,,,,,,48.9,,,,,,22.3,11.1,17.4,67.0,,10.2,2.0,50:50:00,
2657,University of Sargodha,Pakistan,,THE,,,,,,,50.5,,,,,,27.6,11.9,17.7,48.1,,24.3,0.0,55:45:00,
2658,Semnan University,Iran,,THE,,,,,,,50.7,,,,,,30.7,12.8,18.4,22.4,,15.1,1.0,55:45:00,
2659,University of Sfax,Tunisia,,THE,,,,,,,40.5,,,,,,33.7,13.9,34.5,44.7,,12.6,3.0,65:35:00,
2660,âShahid Chamran University of Ahvaz,Iran,,THE,,,,,,,34.5,,,,,,29.6,19.3,51.8,27.2,,25.2,5.0,,
2661,Shahrekord University,Iran,,THE,,,,,,,55.8,,,,,,19.4,13.5,17.9,22.1,,20.3,0.0,56:44:00,
2662,Shahrood University of Technology,Iran,,THE,,,,,,,52.4,,,,,,28.3,17.2,18.7,32.4,,20.7,1.0,46:54:00,
2663,Shanghai Maritime University,China,,THE,,,,,,,51.8,,,,,,16.8,12.8,37.4,36.0,,16.7,2.0,45:55:00,
2664,Shinshu University,Japan,,THE,,,,,,,34.6,,,,,,26.8,18.0,63.1,32.6,,10.4,3.0,32 : 68,
2665,Siberian Federal University,Russia,,THE,,,,,,,26.9,,,,,,30.4,24.2,55.3,59.5,,18.3,13.0,51:49:00,
2666,Sidi Mohamed Ben Abdellah University,Morocco,,THE,,,,,,,50.6,,,,,,26.6,11.3,16.9,25.3,,55.6,1.0,51:49:00,
2667,University of Social Welfare and Rehabilitation Sciences,Iran,,THE,,,,,,,33.6,,,,,,33.6,19.9,27.9,34.9,,10.8,2.0,70:30:00,
2668,University of South Africa,South Africa,,THE,,,,,,,50.5,,,,,,24.7,19.3,26.0,41.4,,114.2,3.0,74:26:00,
2669,University of South Bohemia in ÄeskÃ© BudÄjovice,Czechia,,THE,,,,,,,51.0,,,,,,21.4,18.2,19.5,53.0,,14.6,7.0,70:30:00,
2670,University of South Dakota,United States,,THE,,,,,,,33.6,,,,,,34.5,15.9,36.0,29.6,,16.0,3.0,63:37:00,
2671,University of the South Pacific,Fiji,,THE,,,,,,,53.5,,,,,,14.1,17.6,43.0,62.9,,36.9,1.0,59:41:00,
2672,University of South Wales,United Kingdom,,THE,,,,,,,42.0,,,,,,18.3,11.8,56.5,77.2,,16.0,21.0,53:47:00,
2673,Staffordshire University,United Kingdom,,THE,,,,,,,48.0,,,,,,17.9,11.5,21.5,64.8,,17.6,12.0,48:52:00,
2674,Suez University,Egypt,,THE,,,,,,,70.9,,,,,,13.0,8.3,24.4,48.9,,20.3,2.0,54:46:00,
2675,Suez Canal University,Egypt,,THE,,,,,,,57.6,,,,,,19.7,8.8,28.3,50.6,,13.1,1.0,52:48:00,
2676,SWPS University,Poland,,THE,,,,,,,53.0,,,,,,12.8,16.4,16.2,52.7,,39.0,7.0,77:23:00,
2677,Symbiosis International University,India,,THE,,,,,,,62.7,,,,,,22.1,12.1,18.0,40.8,,13.0,6.0,48:52:00,
2678,University of Szeged,Hungary,,THE,,,,,,,40.5,,,,,,29.9,15.8,48.1,57.8,,12.3,20.0,56:44:00,
2679,Taibah University,Saudi Arabia,,THE,,,,,,,54.2,,,,,,14.4,10.2,18.5,76.0,,24.4,2.0,61:39:00,
2680,Tallinn University,Estonia,,THE,,,,,,,42.6,,,,,,24.8,23.0,22.1,59.3,,9.9,14.0,71:29:00,
2681,Tanta University,Egypt,,THE,,,,,,,62.6,,,,,,20.4,9.1,20.0,47.8,,17.3,1.0,57:43:00,
2682,Technical University of Cartagena,Spain,,THE,,,,,,,42.9,,,,,,25.1,12.7,36.3,40.7,,10.1,8.0,28 : 72,
2683,Technological University Dublin,Ireland,,THE,,,,,,,45.6,,,,,,19.1,13.1,66.0,64.9,,18.7,18.0,44:56:00,
2684,University of Technology of Troyes,France,,THE,,,,,,,29.1,,,,,,31.5,11.9,42.0,74.8,,20.1,22.0,25 : 75,
2685,Teesside University,United Kingdom,,THE,,,,,,,52.7,,,,,,19.6,13.1,19.7,81.0,,19.4,25.0,57:43:00,
2686,Texas State University,United States,,THE,,,,,,,47.8,,,,,,17.8,16.0,31.6,43.9,,20.0,1.0,60:40:00,
2687,TOBB University of Economics and Technology,Turkey,,THE,,,,,,,48.2,,,,,,17.9,14.3,48.8,40.5,,14.3,1.0,47:53:00,
2688,Tokyo Metropolitan University,Japan,,THE,,,,,,,39.2,,,,,,29.8,16.2,48.0,36.5,,10.9,7.0,39 : 61,
2689,Toyohashi University of Technology (TUT),Japan,,THE,,,,,,,24.7,,,,,,28.7,24.0,89.8,43.5,,10.8,15.0,0.602083333,
2690,Toyota Technological Institute,Japan,,THE,,,,,,,38.4,,,,,,28.7,16.2,57.2,33.2,503.0,9.7,1.0,0.397222222,
2691,Universiti Tunku Abdul Rahman (UTAR),Malaysia,,THE,,,,,,,48.1,,,,,,16.8,17.1,53.6,45.3,,17.2,9.0,51:49:00,
2692,Universiti Malaysia Terengganu (UMT),Malaysia,,THE,,,,,,,47.6,,,,,,19.1,18.7,30.1,49.7,,16.8,5.0,69:31:00,
2693,Ural Federal University,Russia,,THE,,,,,,,34.7,,,,,,24.9,25.9,50.6,59.8,,14.0,16.0,50:50:00,
2694,University of Urbino Carlo Bo,Italy,,THE,,,,,,,52.2,,,,,,15.8,17.8,33.1,52.5,,39.0,6.0,63:37:00,
2695,Urmia University of Technology,Iran,,THE,,,,,,,59.9,,,,,,11.4,16.8,16.6,27.7,,30.7,0.0,30 : 70,
2696,USAMV Cluj-Napoca,Romania,,THE,,,,,,,54.5,,,,,,19.9,9.1,23.8,40.0,,17.7,7.0,53:47:00,
2697,Wakayama Medical University,Japan,,THE,,,,,,,49.5,,,,,,33.8,12.7,59.1,19.6,,4.3,0.0,45:55:00,
2698,Western Michigan University,United States,,THE,,,,,,,39.2,,,,,,24.0,17.1,39.3,43.1,,21.3,8.0,53:47:00,
2699,The University of the West Indies,Jamaica,,THE,,,,,,,51.9,,,,,,19.7,11.8,31.5,47.3,,16.3,1.0,68:32:00,
2700,University of West London,United Kingdom,,THE,,,,,,,47.8,,,,,,19.7,9.7,16.2,91.7,,12.9,45.0,59:41:00,
2701,University of Winchester,United Kingdom,,THE,,,,,,,50.5,,,,,,18.9,16.3,16.0,59.8,,17.4,10.0,65:35:00,
2702,University of WrocÅaw,Poland,,THE,,,,,,,35.9,,,,,,24.3,25.9,25.6,44.1,,15.1,7.0,67:33:00,
2703,Yazd University,Iran,,THE,,,,,,,44.7,,,,,,25.3,17.3,39.4,36.1,,29.7,3.0,57:43:00,
2704,University of Zagreb,Croatia,,THE,,,,,,,44.7,,,,,,26.0,15.9,59.7,31.2,,14.8,3.0,60:40:00,
2705,Zewail City of Science and Technology,Egypt,,THE,,,,,,,53.9,,,,,,25.8,17.3,20.5,37.7,,9.8,0.0,48:52:00,
2706,Zhejiang University of Finance and Economics,China,,THE,,,,,,,67.0,,,,,,14.0,13.3,37.5,30.5,,22.5,3.0,63:37:00,
2707,University of Å½ilina,Slovakia,,THE,,,,,,,48.2,,,,,,27.7,18.0,30.6,31.8,,14.0,3.0,32 : 68,
2708,Acharya Nagarjuna University,India,,THE,,,,,,,21.2,,,,,,44.8,9.6,26.0,29.2,,7.3,7.0,32 : 68,
2709,Adolfo IbÃ¡Ã±ez University,Chile,,THE,,,,,,,39.2,,,,,,14.8,17.4,17.1,64.1,,25.0,5.0,38 : 62,
2710,"The University of Agriculture, Peshawar",Pakistan,,THE,,,,,,,36.5,,,,,,15.6,10.2,22.3,48.1,,35.3,1.0,0.438194444,
2711,Universitas Airlangga,Indonesia,,THE,,,,,,,31.9,,,,,,28.5,12.5,19.1,57.3,,7.2,3.0,67:33:00,
2712,Al-Farabi Kazakh National University,Kazakhstan,,THE,,,,,,,27.1,,,,,,24.8,11.1,25.3,72.5,,5.9,10.0,59:41:00,
2713,Allameh Tabataba âi University,Iran,,THE,,,,,,,28.5,,,,,,29.1,14.2,19.0,32.4,,29.7,3.0,57:43:00,
2714,Al-Nahrain University,Iraq,,THE,,,,,,,34.1,,,,,,27.9,8.7,16.6,25.4,,5.9,0.0,55:45:00,
2715,University of Al-Qadisiyah,Iraq,,THE,,,,,,,55.0,,,,,,18.5,7.8,16.7,26.3,,16.4,0.0,55:45:00,
2716,Anadolu University,Turkey,,THE,,,,,,,41.2,,,,,,22.3,11.8,22.0,32.7,,17.0,8.0,53:47:00,
2717,"University of the Andes, Chile",Chile,,THE,,,,,,,30.1,,,,,,20.6,15.7,17.2,50.0,,17.9,2.0,66:34:00,
2718,University of Antofagasta,Chile,,THE,,,,,,,51.7,,,,,,16.9,9.4,17.2,53.2,,15.9,2.0,55:45:00,
2719,University of Antioquia,Colombia,,THE,,,,,,,33.5,,,,,,17.7,20.3,37.0,40.9,,21.1,0.0,51:49:00,
2720,"Arab Academy for Science, Technology and Maritime Transport",Egypt,,THE,,,,,,,32.9,,,,,,28.1,12.3,22.6,53.3,,13.9,10.0,32 : 68,
2721,Ariel University,Israel,,THE,,,,,,,37.0,,,,,,15.6,18.9,25.9,30.9,,21.4,0.0,48:52:00,
2722,Assiut University,Egypt,,THE,,,,,,,48.0,,,,,,16.1,10.8,22.2,52.9,,22.1,1.0,38 : 62,
2723,AtatÃ¼rk University,Turkey,,THE,,,,,,,45.0,,,,,,19.1,16.7,24.5,25.5,,31.0,4.0,50:50:00,
2724,AtÄ±lÄ±m University,Turkey,,THE,,,,,,,38.4,,,,,,18.4,9.7,36.7,45.3,,13.5,7.0,44:56:00,
2725,Austral University of Chile,Chile,,THE,,,,,,,30.2,,,,,,17.3,14.7,30.9,51.4,,16.4,1.0,54:46:00,
2726,Autonomous University of Sinaloa,Mexico,,THE,,,,,,,46.7,,,,,,13.5,12.1,15.9,30.2,,21.8,1.0,56:44:00,
2727,University of Babylon,Iraq,,THE,,,,,,,47.3,,,,,,21.4,8.2,30.3,21.4,,14.9,0.0,59:41:00,
2728,Banasthali University,India,,THE,,,,,,,31.4,,,,,,34.6,11.7,23.8,25.6,,16.8,4.0,99:01:00,
2729,Bandung Institute of Technology (ITB),Indonesia,,THE,,,,,,,29.2,,,,,,23.7,17.1,29.4,38.5,,15.3,3.0,43:57:00,
2730,Bayero University,Nigeria,,THE,,,,,,,43.2,,,,,,17.4,9.7,16.8,49.0,,25.4,0.0,35 : 65,
2731,Belarusian State University,Belarus,,THE,,,,,,,17.0,,,,,,25.5,11.5,55.4,66.8,,7.6,19.0,62:38:00,
2732,BezmiÃ¢lem Vakif University,Turkey,,THE,,,,,,,26.9,,,,,,30.4,11.9,21.6,27.2,,11.8,5.0,72:28:00,
2733,BINUS University,Indonesia,,THE,,,,,,,37.5,,,,,,20.0,17.2,25.1,34.1,,14.2,4.0,43:57:00,
2734,University of Botswana,Botswana,,THE,,,,,,,46.5,,,,,,16.8,14.2,19.9,58.4,,21.8,4.0,59:41:00,
2735,Botswana International University of Science and Technology (BIUST),Botswana,,THE,,,,,,,35.1,,,,,,25.5,11.0,16.6,77.0,,8.8,8.0,33 : 67,
2736,Instituto PolitÃ©cnico de BraganÃ§a,Portugal,,THE,,,,,,,42.6,,,,,,13.1,13.5,21.2,64.5,,20.6,34.0,53:47:00,
2737,University of BrasÃ­lia,Brazil,,THE,,,,,,,28.7,,,,,,32.6,14.9,27.7,36.9,,13.6,1.0,52:48:00,
2738,The British University in Egypt,Egypt,,THE,,,,,,,47.7,,,,,,17.5,9.5,16.3,36.9,,14.8,3.0,47:53:00,
2739,B. S. Abdur Rahman Crescent Institute of Science and Technology,India,,THE,,,,,,,43.6,,,,,,18.6,9.9,17.4,24.6,,18.3,0.0,31 : 69,
2740,Bu-Ali Sina University,Iran,,THE,,,,,,,42.8,,,,,,22.3,16.5,21.1,25.3,,24.1,1.0,59:41:00,
2741,Budapest University of Technology and Economics,Hungary,,THE,,,,,,,35.8,,,,,,22.2,18.3,59.3,37.6,,16.9,13.0,31 : 69,
2742,University of Burgos,Spain,,THE,,,,,,,41.7,,,,,,22.1,14.7,39.7,38.0,,13.5,5.0,55:45:00,
2743,Cardiff Metropolitan University,United Kingdom,,THE,,,,,,,34.8,,,,,,20.3,12.8,41.3,78.7,,18.1,20.0,54:46:00,
2744,Universidad de Cartagena,Colombia,,THE,,,,,,,56.8,,,,,,13.8,9.1,17.2,41.2,,21.3,1.0,59:41:00,
2745,University of Carthage,Tunisia,,THE,,,,,,,31.2,,,,,,23.8,9.9,20.7,44.4,,10.1,1.0,63:37:00,
2746,Universidad CatÃ³lica San Antonio de Murcia (UCAM),Spain,,THE,,,,,,,33.9,,,,,,16.7,14.3,25.3,54.2,,19.5,15.0,53:47:00,
2747,Chang Gung University of Science and Technology,Taiwan,,THE,,,,,,,37.2,,,,,,15.1,17.0,34.9,20.3,,25.6,1.0,89:11:00,
2748,University of Chester,United Kingdom,,THE,,,,,,,30.3,,,,,,18.5,13.0,19.8,64.9,,18.9,17.0,68:32:00,
2749,Chosun University,South Korea,,THE,,,,,,,25.0,,,,,,20.9,20.8,71.9,36.0,,24.5,3.0,48:52:00,
2750,Christ University,India,,THE,,,,,,,44.4,,,,,,14.6,9.9,15.9,25.4,,20.7,2.0,46:54:00,
2751,Chungbuk National University,South Korea,,THE,,,,,,,29.9,,,,,,26.5,21.2,50.6,29.6,,14.0,5.0,44:56:00,
2752,Chung Shan Medical University,Taiwan,,THE,,,,,,,27.0,,,,,,18.9,20.0,48.9,21.4,,17.2,4.0,64:36:00,
2753,Cochin University of Science and Technology,India,,THE,,,,,,,25.4,,,,,,37.6,20.0,45.6,20.2,,16.2,1.0,60:40:00,
2754,University of ConcepciÃ³n,Chile,,THE,,,,,,,38.2,,,,,,17.3,16.4,44.6,52.0,,18.2,2.0,53:47:00,
2755,University of Costa Rica,Costa Rica,,THE,,,,,,,43.0,,,,,,19.3,9.1,19.5,46.7,,14.8,2.0,53:47:00,
2756,Cukurova University,Turkey,,THE,,,,,,,26.2,,,,,,23.8,23.4,26.7,28.9,,15.4,4.0,45:55:00,
2757,Del Rosario University,Colombia,,THE,,,,,,,27.2,,,,,,22.9,13.5,26.4,51.3,,10.5,2.0,57:43:00,
2758,University of Diyala,Iraq,,THE,,,,,,,44.3,,,,,,26.6,8.2,20.5,28.3,,17.9,0.0,54:46:00,
2759,Dokuz EylÃ¼l University,Turkey,,THE,,,,,,,25.5,,,,,,19.4,18.2,67.1,25.5,,23.7,3.0,46:54:00,
2760,Dow University of Health Sciences,Pakistan,,THE,,,,,,,46.5,,,,,,24.2,10.0,18.7,43.2,,7.7,3.0,63:37:00,
2761,Duzce University,Turkey,,THE,,,,,,,44.7,,,,,,15.5,19.9,50.7,30.2,,33.4,9.0,44:56:00,
2762,Universidade Eduardo Mondlane,Mozambique,,THE,,,,,,,56.7,,,,,,10.1,9.4,16.6,51.1,,28.7,0.0,41:59:00,
2763,"University of Education, Lahore",Pakistan,,THE,,,,,,,56.9,,,,,,11.4,9.1,15.9,50.5,,30.6,0.0,53:47:00,
2764,Ege University,Turkey,,THE,,,,,,,30.4,,,,,,32.7,16.7,63.4,25.7,,20.3,4.0,54:46:00,
2765,Ehime University,Japan,,THE,,,,,,,27.9,,,,,,24.3,14.9,54.0,32.1,,11.3,2.0,39 : 61,
2766,The University of Electro-Communications,Japan,,THE,,,,,,,28.4,,,,,,22.3,22.7,65.9,37.5,,15.5,5.0,0.561111111,
2767,Erciyes University,Turkey,,THE,,,,,,,36.1,,,,,,20.9,16.1,57.0,29.3,,37.2,6.0,46:54:00,
2768,Escuela Superior PolitÃ©cnica del Litoral,Ecuador,,THE,,,,,,,32.3,,,,,,20.4,9.5,18.3,56.4,,10.4,1.0,39 : 61,
2769,Universidade do Estado do Rio de Janeiro (UERJ),Brazil,,THE,,,,,,,24.6,,,,,,31.8,13.5,26.3,30.4,,9.4,0.0,56:44:00,
2770,Far Eastern Federal University,Russia,,THE,,,,,,,21.0,,,,,,31.5,19.6,26.6,62.7,,12.9,21.0,59:41:00,
2771,Universidade Federal do ABC (UFABC),Brazil,,THE,,,,,,,41.1,,,,,,16.8,17.6,26.6,45.9,,25.3,1.0,37 : 63,
2772,Universidade Federal da Bahia,Brazil,,THE,,,,,,,30.5,,,,,,27.5,12.3,19.7,28.4,,19.9,0.0,41:59:00,
2773,Universidade Federal do CearÃ¡ (UFC),Brazil,,THE,,,,,,,24.6,,,,,,24.2,16.6,44.5,27.2,,19.8,1.0,44:56:00,
2774,Federal University of EspÃ­rito Santo,Brazil,,THE,,,,,,,25.1,,,,,,24.7,15.7,47.3,28.8,,13.3,1.0,55:45:00,
2775,Federal University of GoiÃ¡s,Brazil,,THE,,,,,,,26.2,,,,,,30.0,13.8,30.8,27.7,,13.3,1.0,50:50:00,
2776,Federal University of Lavras,Brazil,,THE,,,,,,,26.6,,,,,,27.0,16.8,29.3,26.5,,18.3,1.0,52:48:00,
2777,Universidade Federal do ParanÃ¡ (UFPR),Brazil,,THE,,,,,,,29.1,,,,,,28.4,16.4,49.2,27.6,,15.6,1.0,56:44:00,
2778,Federal University of Pernambuco,Brazil,,THE,,,,,,,25.1,,,,,,30.7,13.3,40.2,25.7,,12.8,0.0,51:49:00,
2779,Federal University of Rio Grande do Norte (UFRN),Brazil,,THE,,,,,,,30.6,,,,,,25.3,11.3,24.8,31.3,,16.7,0.0,40 : 60,
2780,Federal University of Santa Maria,Brazil,,THE,,,,,,,36.8,,,,,,31.5,13.0,24.1,25.0,,14.6,1.0,54:46:00,
2781,Federal University of UberlÃ¢ndia,Brazil,,THE,,,,,,,36.1,,,,,,23.3,12.7,29.8,24.4,,14.1,1.0,52:48:00,
2782,Federal University of ViÃ§osa,Brazil,,THE,,,,,,,23.0,,,,,,32.2,14.5,26.6,24.5,,9.7,2.0,55:45:00,
2783,Federico Santa MarÃ­a Technical University,Chile,,THE,,,,,,,36.2,,,,,,12.3,10.8,32.3,56.9,,29.7,3.0,24 : 76,
2784,Feng Chia University,Taiwan,,THE,,,,,,,25.5,,,,,,18.4,18.9,40.9,37.7,,23.3,7.0,40 : 60,
2785,Ferhat Abbas SÃ©tif University 1,Algeria,,THE,,,,,,,50.6,,,,,,17.2,8.5,17.7,39.6,,22.8,1.0,60:40:00,
2786,University of La Frontera,Chile,,THE,,,,,,,32.7,,,,,,17.6,12.3,22.8,51.3,,23.2,1.0,51:49:00,
2787,Universitas Gadjah Mada,Indonesia,,THE,,,,,,,21.7,,,,,,30.9,19.8,52.8,45.8,,8.2,6.0,56:44:00,
2788,Gazi University,Turkey,,THE,,,,,,,32.7,,,,,,25.6,19.0,60.3,21.7,,17.0,3.0,51:49:00,
2789,University of GdaÅsk,Poland,,THE,,,,,,,30.8,,,,,,23.6,14.8,21.7,35.1,,12.0,2.0,65:35:00,
2790,Gebze Technical University,Turkey,,THE,,,,,,,37.6,,,,,,22.6,13.8,35.0,29.2,,24.5,2.0,43:57:00,
2791,"George Emil Palade University of Medicine, Pharmacy, Science, and Technology of Targu Mures",Romania,,THE,,,,,,,36.4,,,,,,17.8,11.3,16.8,36.1,,17.0,13.0,64:36:00,
2792,Georgia Southern University,United States,,THE,,,,,,,43.2,,,,,,18.4,11.6,41.6,34.8,,18.0,3.0,59:41:00,
2793,German Jordanian University,Jordan,,THE,,,,,,,40.6,,,,,,17.8,11.4,19.5,69.1,,12.8,11.0,38 : 62,
2794,Government College University Lahore,Pakistan,,THE,,,,,,,37.2,,,,,,21.0,11.5,20.3,51.2,,17.6,0.0,44:56:00,
2795,University of Guilan,Iran,,THE,,,,,,,46.2,,,,,,21.2,17.5,27.9,23.4,,34.3,1.0,58:42:00,
2796,Gunma University,Japan,,THE,,,,,,,20.7,,,,,,28.6,14.2,57.4,26.7,,7.6,4.0,37 : 63,
2797,Guru Jambheshwar University of Science and Technology,India,,THE,,,,,,,40.8,,,,,,27.8,8.9,27.2,18.2,,19.6,0.0,46:54:00,
2798,Gyeongsang National University,South Korea,,THE,,,,,,,32.6,,,,,,26.2,18.0,65.1,26.7,,12.5,2.0,45:55:00,
2799,Hallym University,South Korea,,THE,,,,,,,31.8,,,,,,25.2,19.8,60.6,23.4,,9.3,4.0,,
2800,Halmstad University,Sweden,,THE,,,,,,,40.2,,,,,,15.0,16.8,27.9,66.7,,20.0,6.0,60:40:00,
2801,The Hashemite University,Jordan,,THE,,,,,,,40.6,,,,,,13.2,14.2,25.4,53.1,,23.0,7.0,63:37:00,
2802,UniversitÃ© Hassan II de Casablanca,Morocco,,THE,,,,,,,39.9,,,,,,19.5,9.2,24.6,28.2,,35.7,2.0,54:46:00,
2803,UniversitÃ© Polytechnique Hauts-de-France,France,,THE,,,,,,,36.6,,,,,,15.8,8.7,57.8,70.3,,27.9,12.0,47:53:00,
2804,Helwan University,Egypt,,THE,,,,,,,38.8,,,,,,16.2,8.9,19.9,47.6,,22.4,2.0,54:46:00,
2805,University of Hormozgan,Iran,,THE,,,,,,,37.6,,,,,,24.6,14.1,22.8,26.4,,24.4,0.0,58:42:00,
2806,University of Hradec KrÃ¡lovÃ©,Czechia,,THE,,,,,,,40.8,,,,,,19.7,15.2,23.5,60.4,,12.8,3.0,64:36:00,
2807,Hungarian University of Agriculture and Life Sciences,Hungary,,THE,,,,,,,32.5,,,,,,25.8,11.6,23.0,62.3,,11.6,16.0,53:47:00,
2808,Hyogo Medical University,Japan,,THE,,,,,,,36.5,,,,,,29.0,13.5,53.1,19.2,,4.6,1.0,59:41:00,
2809,Ibn TofaÃ¯l University,Morocco,,THE,,,,,,,44.8,,,,,,24.6,13.0,18.7,28.5,,88.7,3.0,52:48:00,
2810,Ilam University,Iran,,THE,,,,,,,50.9,,,,,,17.1,12.8,18.2,25.2,,199.9,2.0,52:48:00,
2811,Ilia State University,Georgia,,THE,,,,,,,47.7,,,,,,18.1,10.0,16.1,52.0,,13.4,4.0,62:38:00,
2812,University of Ilorin,Nigeria,,THE,,,,,,,46.1,,,,,,20.6,10.9,18.1,40.1,,39.2,0.0,51:49:00,
2813,Immanuel Kant Baltic Federal University,Russia,,THE,,,,,,,16.9,,,,,,35.9,18.8,34.4,62.4,,17.1,19.0,59:41:00,
2814,Incheon National University,South Korea,,THE,,,,,,,36.9,,,,,,22.8,17.3,33.6,36.4,,15.7,3.0,45:55:00,
2815,Indian Institute of Science Education and Research Bhopal,India,,THE,,,,,,,24.1,,,,,,35.8,14.6,19.5,24.5,,14.3,0.0,33 : 67,
2816,IPB University,Indonesia,,THE,,,,,,,24.2,,,,,,30.9,9.8,39.2,45.0,,6.8,3.0,60:40:00,
2817,I-Shou University,Taiwan,,THE,,,,,,,27.8,,,,,,15.0,21.2,68.5,44.2,,27.9,15.0,50:50:00,
2818,Istanbul Bilgi University,Turkey,,THE,,,,,,,42.6,,,,,,18.7,11.7,16.3,62.8,,16.0,14.0,49:51:00,
2819,Istanbul Medeniyet University,Turkey,,THE,,,,,,,56.9,,,,,,14.5,11.7,18.8,25.9,,18.7,2.0,55:45:00,
2820,Ivan Franko National University of Lviv,Ukraine,,THE,,,,,,,10.0,,,,,,24.5,10.5,17.9,31.7,,10.7,2.0,63:37:00,
2821,Izmir Institute of Technology,Turkey,,THE,,,,,,,27.8,,,,,,20.2,15.1,56.7,35.5,,18.6,3.0,47:53:00,
2822,Jeju National University,South Korea,,THE,,,,,,,35.0,,,,,,27.4,19.2,38.2,31.2,,17.2,6.0,53:47:00,
2823,Jiangsu Normal University,China,,THE,,,,,,,47.1,,,,,,16.3,12.9,23.9,27.4,,15.0,2.0,,
2824,The Jikei University School of Medicine,Japan,,THE,,,,,,,40.5,,,,,,30.1,10.8,42.6,19.7,,0.9,0.0,50:50:00,
2825,The John Paul II Catholic University of Lublin,Poland,,THE,,,,,,,35.1,,,,,,27.7,14.3,18.6,34.0,,9.6,9.0,65:35:00,
2826,Kagawa University,Japan,,THE,,,,,,,27.4,,,,,,25.7,12.9,54.1,31.9,,9.6,2.0,42:58:00,
2827,Kagoshima University,Japan,,THE,,,,,,,24.0,,,,,,25.7,13.5,55.2,27.7,,10.1,3.0,38 : 62,
2828,Kangwon National University,South Korea,,THE,,,,,,,32.4,,,,,,22.0,21.9,47.4,24.1,,21.6,3.0,41:59:00,
2829,KarabÃ¼k University,Turkey,,THE,,,,,,,57.2,,,,,,12.6,9.4,16.1,48.2,,42.4,24.0,39 : 61,
2830,Karunya Institute of Technology and Sciences,India,,THE,,,,,,,48.4,,,,,,18.7,13.4,18.6,23.2,,16.5,0.0,36 : 64,
2831,Kaunas University of Technology,Lithuania,,THE,,,,,,,39.0,,,,,,22.2,15.3,36.9,39.2,,13.3,8.0,36 : 64,
2832,Kharazmi University,Iran,,THE,,,,,,,37.2,,,,,,32.7,13.8,25.0,29.5,,16.8,3.0,55:45:00,
2833,Kharkiv Aviation Institute,Ukraine,,THE,,,,,,,44.5,,,,,,20.6,9.2,16.4,32.6,,12.0,12.0,31 : 69,
2834,Khon Kaen University,Thailand,,THE,,,,,,,35.5,,,,,,23.3,15.7,36.1,35.4,,17.2,2.0,62:38:00,
2835,Khulna University,Bangladesh,,THE,,,,,,,46.9,,,,,,17.0,9.5,17.1,43.7,,13.9,0.0,43:57:00,
2836,King Mongkut's University of Technology North Bangkok,Thailand,,THE,,,,,,,50.9,,,,,,16.2,12.7,25.9,28.7,,23.3,0.0,42:58:00,
2837,Kitasato University,Japan,,THE,,,,,,,28.8,,,,,,27.0,11.5,56.5,20.0,,5.2,0.0,55:45:00,
2838,KL University,India,,THE,,,,,,,52.0,,,,,,22.4,11.1,16.6,21.5,,14.6,2.0,36 : 64,
2839,Kyoto Institute of Technology,Japan,,THE,,,,,,,15.2,,,,,,27.2,17.1,73.3,33.7,,13.8,6.0,29 : 71,
2840,Kyushu Institute of Technology (Kyutech),Japan,,THE,,,,,,,31.4,,,,,,26.3,15.6,60.3,40.8,,16.0,5.0,0.643055556,
2841,University of Lethbridge,Canada,,THE,,,,,,,31.2,,,,,,20.3,14.1,34.6,61.4,,13.4,12.0,,
2842,Lodz University of Technology,Poland,,THE,,,,,,,34.4,,,,,,21.2,15.7,66.9,29.8,,13.1,5.0,39 : 61,
2843,Universidad Loyola,Spain,,THE,,,,,,,39.2,,,,,,23.2,13.0,17.3,48.8,,12.1,4.0,57:43:00,
2844,"LumiÃ¨re University, Lyon 2",France,,THE,,,,,,,24.9,,,,,,24.6,18.6,32.8,67.5,,50.4,18.0,68:32:00,
2845,Universidade LusÃ³fona,Portugal,,THE,,,,,,,35.7,,,,,,23.2,8.6,17.8,59.7,,6.4,18.0,54:46:00,
2846,Universiti Malaysia Perlis,Malaysia,,THE,,,,,,,46.0,,,,,,21.6,12.5,26.0,33.3,,13.6,3.0,47:53:00,
2847,Manipal University Jaipur,India,,THE,,,,,,,51.9,,,,,,19.5,14.2,23.9,24.0,,14.9,3.0,43:57:00,
2848,University of Manouba,Tunisia,,THE,,,,,,,44.2,,,,,,21.8,9.2,19.4,45.8,,14.5,2.0,64:36:00,
2849,University of Maribor,Slovenia,,THE,,,,,,,40.8,,,,,,20.1,16.9,36.5,38.9,,14.4,11.0,54:46:00,
2850,University of Marrakech Cadi Ayyad,Morocco,,THE,,,,,,,36.5,,,,,,20.5,11.5,21.6,40.2,,45.9,1.0,51:49:00,
2851,University of Mauritius,Mauritius,,THE,,,,,,,45.3,,,,,,17.6,13.4,40.3,35.4,,22.8,1.0,54:46:00,
2852,Medical University of Lublin,Poland,,THE,,,,,,,30.5,,,,,,30.5,12.3,36.1,36.8,,5.7,16.0,72:28:00,
2853,Medical University of Silesia in Katowice,Poland,,THE,,,,,,,31.1,,,,,,28.1,12.4,29.0,24.7,,7.3,5.0,74:26:00,
2854,Medical University of Sofia,Bulgaria,,THE,,,,,,,27.9,,,,,,30.8,13.5,48.8,53.9,,5.7,44.0,48:52:00,
2855,University of Medicine and Pharmacy of Craiova,Romania,,THE,,,,,,,37.2,,,,,,24.3,9.9,19.2,40.5,,9.8,14.0,63:37:00,
2856,Mendel University in Brno,Czechia,,THE,,,,,,,36.8,,,,,,20.9,19.4,21.0,55.1,,16.3,17.0,57:43:00,
2857,Metropolitan Autonomous University,Mexico,,THE,,,,,,,22.8,,,,,,19.9,23.9,28.6,29.2,,42.1,1.0,50:50:00,
2858,Mie University,Japan,,THE,,,,,,,23.9,,,,,,26.9,13.9,61.8,24.8,,8.3,3.0,38 : 62,
2859,Mohammed V University of Rabat,Morocco,,THE,,,,,,,32.2,,,,,,29.1,15.0,37.3,32.1,,41.7,3.0,53:47:00,
2860,University of Monastir,Tunisia,,THE,,,,,,,36.2,,,,,,25.7,10.1,28.1,46.0,,8.5,2.0,69:31:00,
2861,Morgan State University,United States,,THE,,,,,,,29.2,,,,,,22.8,12.6,28.7,56.3,,14.6,7.0,61:39:00,
2862,Moscow Aviation Institute,Russia,,THE,,,,,,,26.4,,,,,,32.9,14.4,48.6,31.9,,12.8,12.0,29 : 71,
2863,Moscow Power Engineering Institute,Russia,,THE,,,,,,,20.4,,,,,,23.6,18.3,51.4,39.9,,20.7,14.0,33 : 67,
2864,Multimedia University,Malaysia,,THE,,,,,,,29.0,,,,,,19.5,13.0,62.2,41.2,,16.3,9.0,45:55:00,
2865,Mutah University,Jordan,,THE,,,,,,,27.6,,,,,,29.7,11.5,20.9,61.2,,15.5,18.0,44:56:00,
2866,Nagaoka University of Technology,Japan,,THE,,,,,,,19.9,,,,,,34.3,16.4,62.1,43.2,,10.2,12.0,0.561111111,
2867,Nagasaki University,Japan,,THE,,,,,,,28.5,,,,,,29.4,14.8,48.4,40.3,,6.7,5.0,39 : 61,
2868,Nagoya Institute of Technology,Japan,,THE,,,,,,,23.0,,,,,,21.5,20.3,73.2,31.4,,16.1,5.0,0.765972222,
2869,University of Nairobi,Kenya,,THE,,,,,,,45.9,,,,,,12.0,10.6,18.8,49.8,,34.5,2.0,24 : 76,
2870,University of Namibia,Namibia,,THE,,,,,,,51.3,,,,,,13.1,8.6,15.8,62.8,,21.6,3.0,63:37:00,
2871,National Changhua University of Education,Taiwan,,THE,,,,,,,20.6,,,,,,22.2,17.8,74.5,28.8,,15.0,8.0,51:49:00,
2872,National Chin-Yi University of Technology,Taiwan,,THE,,,,,,,27.4,,,,,,13.9,25.1,42.1,28.7,,22.7,6.0,30 : 70,
2873,National Chung Cheng University,Taiwan,,THE,,,,,,,25.0,,,,,,23.5,22.2,72.9,26.5,,15.6,4.0,44:56:00,
2874,National University of Colombia,Colombia,,THE,,,,,,,37.1,,,,,,19.7,13.6,36.9,41.1,,22.0,1.0,40 : 60,
2875,National University of Distance Education (UNED),Spain,,THE,,,,,,,37.8,,,,,,24.9,18.9,35.8,31.0,,67.5,4.0,55:45:00,
2876,National Dong Hwa University,Taiwan,,THE,,,,,,,26.3,,,,,,19.1,23.8,33.5,48.6,,18.6,9.0,52:48:00,
2877,National Institute of Technology Srinagar,India,,THE,,,,,,,45.7,,,,,,23.1,10.7,16.7,19.8,,15.9,0.0,0.069444444,
2878,National Kaohsiung University of Science and Technology,Taiwan,,THE,,,,,,,35.0,,,,,,15.2,20.3,61.6,26.8,,33.1,3.0,39 : 61,
2879,National Research University of Electronic Technology (MIET),Russia,,THE,,,,,,,10.7,,,,,,43.8,14.9,50.2,25.5,,9.5,7.0,25 : 75,
2880,National Taiwan Ocean University,Taiwan,,THE,,,,,,,30.2,,,,,,19.7,25.0,63.0,34.7,,16.2,8.0,32 : 68,
2881,National Technical University Kharkiv Polytechnic Institute,Ukraine,,THE,,,,,,,14.9,,,,,,24.8,9.0,17.5,33.6,,7.9,14.0,31 : 69,
2882,National Technical University of Ukraine â Igor Sikorsky Kyiv Polytechnic Institute,Ukraine,,THE,,,,,,,16.0,,,,,,26.5,9.9,22.2,22.4,,8.0,3.0,30 : 70,
2883,University of Nigeria Nsukka,Nigeria,,THE,,,,,,,30.3,,,,,,29.1,10.6,17.3,37.0,,11.7,1.0,46:54:00,
2884,Ochanomizu University,Japan,,THE,,,,,,,19.7,,,,,,33.2,16.5,36.5,38.2,,14.5,6.0,100:00:00,
2885,Oles Honchar Dnipro National University,Ukraine,,THE,,,,,,,7.4,,,,,,25.1,9.0,18.9,21.5,,10.1,2.0,56:44:00,
2886,Opole University of Technology,Poland,,THE,,,,,,,37.3,,,,,,18.5,13.8,18.5,36.1,,13.7,6.0,32 : 68,
2887,University of Oradea,Romania,,THE,,,,,,,35.0,,,,,,16.7,14.6,16.9,41.0,,17.5,6.0,56:44:00,
2888,Osaka Metropolitan University,Japan,,THE,,,,,,,29.8,,,,,,29.1,18.7,79.5,26.6,,11.5,4.0,37 : 63,
2889,Osmania University,India,,THE,,,,,,,31.1,,,,,,33.9,16.3,27.7,21.4,,25.7,3.0,36 : 64,
2890,Paris Nanterre University,France,,THE,,,,,,,27.9,,,,,,20.9,16.8,42.9,66.7,,23.4,16.0,64:36:00,
2891,University of Pau and Pays de lâAdour,France,,THE,,,,,,,21.6,,,,,,23.4,12.4,28.5,79.9,,13.9,15.0,53:47:00,
2892,Pavol Jozef Å afÃ¡rik University in KoÅ¡ice,Slovakia,,THE,,,,,,,17.1,,,,,,40.7,10.2,24.9,62.1,,10.3,24.0,67:33:00,
2893,Persian Gulf University,Iran,,THE,,,,,,,45.5,,,,,,17.8,14.1,28.8,38.2,,23.1,5.0,55:45:00,
2894,University of the Philippines,Philippines,,THE,,,,,,,38.7,,,,,,25.4,15.3,22.8,38.4,,11.1,0.0,59:41:00,
2895,Pirogov Russian National Research Medical University,Russia,,THE,,,,,,,14.5,,,,,,44.2,13.3,28.1,22.6,,6.9,4.0,,
2896,Polytechnic Institute of Porto,Portugal,,THE,,,,,,,49.6,,,,,,15.0,11.9,22.1,31.8,,16.9,5.0,47:53:00,
2897,Pontifical Catholic University of Peru,Peru,,THE,,,,,,,29.7,,,,,,24.8,9.8,16.9,45.6,,7.3,1.0,47:53:00,
2898,Pontifical Catholic University of ValparaÃ­so,Chile,,THE,,,,,,,32.8,,,,,,15.8,17.1,38.1,51.1,,26.2,1.0,43:57:00,
2899,Pontifical Javeriana University,Colombia,,THE,,,,,,,37.4,,,,,,20.7,11.5,21.0,45.3,,12.9,2.0,56:44:00,
2900,PontifÃ­cia Universidade CatÃ³lica do ParanÃ¡,Brazil,,THE,,,,,,,34.3,,,,,,26.3,12.8,43.0,30.7,,13.0,1.0,56:44:00,
2901,Port Said University,Egypt,,THE,,,,,,,53.7,,,,,,13.7,8.5,16.8,46.6,,28.3,0.0,62:38:00,
2902,PoznaÅ University of Life Sciences,Poland,,THE,,,,,,,45.2,,,,,,25.1,11.3,27.4,25.9,,8.5,6.0,60:40:00,
2903,Poznan University of Technology,Poland,,THE,,,,,,,35.9,,,,,,22.6,13.0,41.8,26.9,,11.4,6.0,32 : 68,
2904,Prince of Songkla University,Thailand,,THE,,,,,,,32.6,,,,,,23.4,14.8,43.5,37.7,,12.9,2.0,69:31:00,
2905,University of Puerto Rico,Puerto Rico,,THE,,,,,,,40.8,,,,,,25.0,11.4,37.6,44.4,,15.2,1.0,58:42:00,
2906,Pukyong National University,South Korea,,THE,,,,,,,28.5,,,,,,26.7,13.9,39.0,36.4,,11.4,10.0,52:48:00,
2907,University of Qom,Iran,,THE,,,,,,,35.1,,,,,,22.2,12.1,17.3,48.6,,43.0,33.0,44:56:00,
2908,University Rey Juan Carlos,Spain,,THE,,,,,,,51.2,,,,,,15.8,13.4,31.3,39.9,,19.4,6.0,59:41:00,
2909,Rikkyo University,Japan,,THE,,,,,,,34.0,,,,,,18.6,9.3,19.7,58.4,,14.4,4.0,,
2910,Ritsumeikan University,Japan,,THE,,,,,,,27.4,,,,,,19.8,13.9,30.3,46.8,,17.4,10.0,37 : 63,
2911,UniversitÃ© Saint-Joseph de Beyrouth,Lebanon,,THE,,,,,,,24.2,,,,,,32.6,10.9,27.0,69.7,,10.9,7.0,61:39:00,
2912,Saitama Medical University,Japan,,THE,,,,,,,39.3,,,,,,26.5,10.3,41.5,18.3,,1.4,0.0,51:49:00,
2913,Sakarya University,Turkey,,THE,,,,,,,45.4,,,,,,16.5,10.6,24.0,28.4,,26.6,7.0,51:49:00,
2914,Samara National Research University (Samara University),Russia,,THE,,,,,,,21.8,,,,,,27.5,14.8,26.6,37.1,,10.7,14.0,48:52:00,
2915,Sapporo Medical University,Japan,,THE,,,,,,,33.1,,,,,,29.7,12.9,58.3,17.6,,3.3,0.0,44:56:00,
2916,SASTRA University,India,,THE,,,,,,,45.0,,,,,,22.4,11.3,30.3,29.4,,13.1,3.0,43:57:00,
2917,Sathyabama Institute of Science and Technology,India,,THE,,,,,,,35.1,,,,,,31.2,9.9,16.9,29.7,,10.6,5.0,50:50:00,
2918,Universitas Sebelas Maret,Indonesia,,THE,,,,,,,33.9,,,,,,19.3,19.3,48.3,33.3,,16.9,2.0,64:36:00,
2919,SelÃ§uk University,Turkey,,THE,,,,,,,36.7,,,,,,22.4,14.4,58.2,34.1,,14.0,8.0,58:42:00,
2920,Semnan University of Medical Sciences and Health Services,Iran,,THE,,,,,,,46.2,,,,,,25.4,10.5,16.2,29.1,,7.9,7.0,61:39:00,
2921,Seoul National University of Science and Technology (SeoulTech),South Korea,,THE,,,,,,,32.7,,,,,,28.0,20.1,39.8,30.6,,13.8,9.0,36 : 64,
2922,University of La Serena,Chile,,THE,,,,,,,49.2,,,,,,12.3,9.9,16.4,50.4,,26.4,1.0,51:49:00,
2923,Shahid Bahonar University of Kerman,Iran,,THE,,,,,,,41.8,,,,,,19.4,13.7,26.9,26.3,,22.1,1.0,60:40:00,
2924,Shahid Sadoughi University of Medical Sciences,Iran,,THE,,,,,,,20.8,,,,,,39.1,10.6,17.5,20.6,,13.0,2.0,58:42:00,
2925,Shahjalal University of Science and Technology,Bangladesh,,THE,,,,,,,43.4,,,,,,13.2,8.4,16.6,44.8,,17.8,0.0,31 : 69,
2926,University of Shanghai for Science and Technology,China,,THE,,,,,,,40.4,,,,,,23.1,11.5,36.7,26.6,,10.5,2.0,43:57:00,
2927,Shibaura Institute of Technology,Japan,,THE,,,,,,,22.3,,,,,,20.8,20.1,36.3,42.3,,29.7,5.0,0.806944444,
2928,Shiga University of Medical Science,Japan,,THE,,,,,,,32.3,,,,,,31.5,12.8,62.7,24.5,,3.2,4.0,50:50:00,
2929,Showa University,Japan,,THE,,,,,,,35.5,,,,,,32.8,10.3,40.2,19.8,,1.6,0.0,62:38:00,
2930,Silesian University of Technology,Poland,,THE,,,,,,,39.4,,,,,,21.8,15.6,31.5,26.6,,12.0,4.0,32 : 68,
2931,UniversitÃ© de Skikda,Algeria,,THE,,,,,,,51.3,,,,,,12.5,7.6,15.8,40.6,,29.4,0.0,71:29:00,
2932,Slovak University of Agriculture in Nitra,Slovakia,,THE,,,,,,,27.4,,,,,,23.6,12.2,18.9,48.5,,11.9,5.0,54:46:00,
2933,Sohag University,Egypt,,THE,,,,,,,53.5,,,,,,12.5,9.0,18.3,48.8,,27.6,0.0,56:44:00,
2934,Soonchunhyang University,South Korea,,THE,,,,,,,33.0,,,,,,19.8,25.4,48.2,35.0,,21.4,6.0,51:49:00,
2935,Soongsil University,South Korea,,THE,,,,,,,25.1,,,,,,26.7,15.0,47.4,35.6,,18.6,12.0,48:52:00,
2936,UniversitÃ© Sorbonne Nouvelle,France,,THE,,,,,,,20.8,,,,,,25.7,15.3,15.6,70.0,,23.7,26.0,77:23:00,
2937,University of Sousse,Tunisia,,THE,,,,,,,31.4,,,,,,30.3,10.3,19.3,40.1,,13.7,2.0,68:32:00,
2938,University of South China,China,,THE,,,,,,,27.7,,,,,,26.8,13.9,30.6,22.3,,7.4,2.0,38 : 62,
2939,Southern Federal University,Russia,,THE,,,,,,,21.4,,,,,,27.9,14.3,32.1,40.3,,11.3,11.0,54:46:00,
2940,South Valley University,Egypt,,THE,,,,,,,53.3,,,,,,16.0,9.2,17.7,48.9,,33.0,1.0,53:47:00,
2941,Southwest Petroleum University,China,,THE,,,,,,,38.3,,,,,,17.9,15.1,53.1,21.8,,15.9,2.0,34 : 66,
2942,University of Split,Croatia,,THE,,,,,,,49.1,,,,,,17.9,13.9,23.1,36.0,,15.7,2.0,58:42:00,
2943,Sri Venkateswara University,India,,THE,,,,,,,23.6,,,,,,36.8,11.3,20.9,31.5,,15.0,0.0,48:52:00,
2944,SRM Institute of Science and Technology,India,,THE,,,,,,,51.6,,,,,,21.6,11.5,21.9,26.8,,15.5,2.0,30 : 70,
2945,Åtefan cel Mare University of Suceava,Romania,,THE,,,,,,,49.3,,,,,,15.6,13.0,16.8,36.9,,22.9,14.0,59:41:00,
2946,St Marianna University School of Medicine,Japan,,THE,,,,,,,44.4,,,,,,27.6,9.9,37.3,20.1,821.0,0.8,1.0,44:56:00,
2947,St Petersburg Electrotechnical University (LETI),Russia,,THE,,,,,,,22.8,,,,,,22.6,16.4,37.6,41.7,,13.6,20.0,31 : 69,
2948,Universiti Sultan Zainal Abidin,Malaysia,,THE,,,,,,,38.6,,,,,,24.1,11.3,16.5,47.0,,17.7,7.0,67:33:00,
2949,University of Sunderland,United Kingdom,,THE,,,,,,,40.2,,,,,,18.2,9.9,42.1,71.6,,16.0,42.0,61:39:00,
2950,Suranaree University of Technology,Thailand,,THE,,,,,,,27.7,,,,,,21.9,20.9,54.9,37.9,,26.2,1.0,54:46:00,
2951,Universitas Syiah Kuala,Indonesia,,THE,,,,,,,51.5,,,,,,14.0,9.4,19.5,25.8,,20.4,0.0,62:38:00,
2952,University of Talca,Chile,,THE,,,,,,,31.5,,,,,,17.4,13.7,36.7,52.3,,15.5,0.0,48:52:00,
2953,Tamkang University,Taiwan,,THE,,,,,,,34.1,,,,,,15.3,12.7,43.6,42.9,,22.5,7.0,47:53:00,
2954,University of TarapacÃ¡,Chile,,THE,,,,,,,45.1,,,,,,12.4,19.0,19.4,59.0,,31.8,4.0,54:46:00,
2955,Taras Shevchenko National University of Kyiv,Ukraine,,THE,,,,,,,20.2,,,,,,30.0,13.1,31.4,31.8,,10.6,5.0,56:44:00,
2956,Technical University of Cluj-Napoca,Romania,,THE,,,,,,,39.3,,,,,,17.0,13.2,29.5,25.0,,20.5,2.0,37 : 63,
2957,Technical University of Crete,Greece,,THE,,,,,,,50.4,,,,,,13.1,11.1,40.6,40.7,,33.2,4.0,37 : 63,
2958,Technical University of KoÅ¡ice,Slovakia,,THE,,,,,,,30.2,,,,,,26.5,17.1,30.0,44.8,,13.1,23.0,27 : 73,
2959,University of Technology of CompiÃ¨gne,France,,THE,,,,,,,24.3,,,,,,26.7,10.9,48.8,83.8,,15.6,19.0,39 : 61,
2960,Universiti Teknikal Malaysia Melaka,Malaysia,,THE,,,,,,,32.6,,,,,,20.1,11.4,19.6,44.2,,16.1,6.0,38 : 62,
2961,Institut Teknologi Sepuluh Nopember,Indonesia,,THE,,,,,,,25.4,,,,,,25.3,10.8,35.4,42.5,,7.1,6.0,40 : 60,
2962,University of Texas Rio Grande Valley,United States,,THE,,,,,,,45.1,,,,,,17.9,8.5,17.4,46.1,,21.7,2.0,61:39:00,
2963,Tezpur University,India,,THE,,,,,,,27.9,,,,,,31.3,15.3,33.8,18.4,,15.3,1.0,43:57:00,
2964,Thammasat University,Thailand,,THE,,,,,,,25.7,,,,,,26.3,19.1,30.1,38.1,,11.4,1.0,64:36:00,
2965,Thiagarajar College of Engineering,India,,THE,,,,,,,41.9,,,,,,18.7,8.9,20.2,18.0,,18.3,0.0,36 : 64,
2966,Toho University,Japan,,THE,,,,,,,33.7,,,,,,24.7,15.0,57.3,21.5,,13.7,0.0,53:47:00,
2967,Tokai University,Japan,,THE,,,,,,,36.5,,,,,,18.3,12.0,46.0,30.4,,16.0,4.0,27 : 73,
2968,Tokushima University,Japan,,THE,,,,,,,24.4,,,,,,29.2,24.0,81.6,26.4,,9.7,2.0,35 : 65,
2969,Tokyo University of Marine Science and Technology,Japan,,THE,,,,,,,19.7,,,,,,31.3,15.2,43.1,44.4,,10.4,8.0,33 : 67,
2970,Tokyo University of Science,Japan,,THE,,,,,,,26.4,,,,,,24.0,26.1,74.0,29.1,,24.0,4.0,25 : 75,
2971,Tomas Bata University in ZlÃ­n,Czechia,,THE,,,,,,,31.8,,,,,,18.1,21.0,26.1,51.3,,20.1,11.0,56:44:00,
2972,University of Toyama,Japan,,THE,,,,,,,29.2,,,,,,27.0,14.6,61.9,33.1,,10.6,3.0,39 : 61,
2973,Transilvania University of BraÈov,Romania,,THE,,,,,,,49.8,,,,,,15.4,11.5,18.7,36.9,,20.4,1.0,52:48:00,
2974,Tribhuvan University,Nepal,,THE,,,,,,,49.5,,,,,,11.3,8.2,15.9,46.7,,30.9,0.0,52:48:00,
2975,Tunghai University,Taiwan,,THE,,,,,,,37.8,,,,,,16.5,14.4,49.4,46.6,,20.4,10.0,55:45:00,
2976,University of Tunis,Tunisia,,THE,,,,,,,23.5,,,,,,30.9,10.3,16.6,39.2,,11.4,2.0,70:30:00,
2977,Tzu Chi University,Taiwan,,THE,,,,,,,18.3,,,,,,25.3,26.0,65.6,27.1,,8.9,8.0,60:40:00,
2978,UNIR â International University of La Rioja,Spain,,THE,,,,,,,38.0,,,,,,11.9,13.9,15.6,58.6,,36.0,37.0,62:38:00,
2979,Unisinos University,Brazil,,THE,,,,,,,22.3,,,,,,30.1,15.4,25.2,29.3,,24.3,0.0,47:53:00,
2980,Universiti Tun Hussein Onn Malaysia (UTHM),Malaysia,,THE,,,,,,,37.0,,,,,,22.0,13.5,18.5,42.1,,16.6,6.0,46:54:00,
2981,University of Valladolid,Spain,,THE,,,,,,,37.9,,,,,,25.1,14.4,43.8,38.1,,10.7,6.0,56:44:00,
2982,Veltech University,India,,THE,,,,,,,44.4,,,,,,17.9,9.1,16.0,27.7,,14.4,2.0,0.725,
2983,University of Venda,South Africa,,THE,,,,,,,19.9,,,,,,20.3,29.2,16.8,49.0,,29.4,1.0,58:42:00,
2984,"Vietnam National University, Hanoi",Vietnam,,THE,,,,,,,46.8,,,,,,20.9,11.2,19.1,48.9,,15.9,1.0,63:37:00,
2985,Vilnius Gediminas Technical University (Vilnius Tech),Lithuania,,THE,,,,,,,36.0,,,,,,22.0,16.3,57.8,47.2,,12.3,11.0,34 : 66,
2986,"Visvesvaraya National Institute of Technology, Nagpur",India,,THE,,,,,,,41.8,,,,,,24.5,13.4,40.4,20.1,,15.3,2.0,27 : 73,
2987,V.N. Karazin Kharkiv National University,Ukraine,,THE,,,,,,,8.8,,,,,,26.4,10.9,46.6,47.2,,8.3,28.0,53:47:00,
2988,Volgograd State University,Russia,,THE,,,,,,,34.5,,,,,,24.0,12.9,15.8,27.9,,10.5,5.0,43:57:00,
2989,VSB - Technical University of Ostrava,Czechia,,THE,,,,,,,27.8,,,,,,26.8,19.7,31.0,46.9,,14.7,13.0,33 : 67,
2990,Vytautas Magnus University,Lithuania,,THE,,,,,,,27.4,,,,,,22.4,12.3,20.9,61.9,,11.2,15.0,61:39:00,
2991,Walailak University,Thailand,,THE,,,,,,,35.5,,,,,,20.9,13.3,16.3,40.7,,13.6,1.0,73:27:00,
2992,Warsaw University of Life Sciences â SGGW,Poland,,THE,,,,,,,41.6,,,,,,19.9,11.8,23.4,34.2,,13.4,8.0,58:42:00,
2993,Warsaw University of Technology,Poland,,THE,,,,,,,33.3,,,,,,22.0,19.6,53.5,31.7,,17.1,7.0,32 : 68,
2994,University of West Bohemia,Czechia,,THE,,,,,,,35.2,,,,,,20.5,18.0,27.7,32.4,,14.8,5.0,54:46:00,
2995,University of Western Macedonia,Greece,,THE,,,,,,,39.3,,,,,,11.6,17.1,26.2,27.9,,46.2,2.0,51:49:00,
2996,West University of TimiÅoara,Romania,,THE,,,,,,,40.2,,,,,,24.3,13.7,17.4,34.9,,23.9,6.0,64:36:00,
2997,WrocÅaw University of Environmental and Life Sciences,Poland,,THE,,,,,,,34.3,,,,,,19.1,13.9,49.8,29.6,,16.7,4.0,67:33:00,
2998,WrocÅaw University of Science and Technology,Poland,,THE,,,,,,,33.1,,,,,,19.7,17.4,54.6,29.7,,19.8,4.0,35 : 65,
2999,Wuhan Textile University,China,,THE,,,,,,,46.2,,,,,,15.0,11.0,36.7,23.5,,15.8,1.0,50:50:00,
3000,Xiangtan University,China,,THE,,,,,,,49.0,,,,,,17.0,15.9,33.7,21.8,,20.6,0.0,50:50:00,
3001,Xuzhou Medical University,China,,THE,,,,,,,43.5,,,,,,15.8,16.3,26.0,21.4,,18.6,3.0,,
3002,Yamagata University,Japan,,THE,,,,,,,24.8,,,,,,28.0,15.3,72.2,32.3,,8.8,2.0,34 : 66,
3003,Yamaguchi University,Japan,,THE,,,,,,,21.4,,,,,,28.5,13.4,57.3,33.4,,10.9,5.0,37 : 63,
3004,University of Yamanashi,Japan,,THE,,,,,,,25.9,,,,,,27.8,13.1,45.4,29.0,,6.2,5.0,30 : 70,
3005,Yarmouk University,Jordan,,THE,,,,,,,41.5,,,,,,19.9,12.9,20.8,53.1,,28.3,11.0,57:43:00,
3006,Yasouj University,Iran,,THE,,,,,,,52.3,,,,,,14.7,14.5,20.1,22.4,,25.8,0.0,54:46:00,
3007,Yokohama National University,Japan,,THE,,,,,,,19.1,,,,,,26.0,22.5,71.2,36.1,,13.4,8.0,28 : 72,
3008,Yuan Ze University,Taiwan,,THE,,,,,,,32.1,,,,,,18.5,24.1,69.0,42.8,,23.0,8.0,44:56:00,
3009,Yuriy Fedkovych Chernivtsi National University,Ukraine,,THE,,,,,,,8.2,,,,,,22.8,9.9,17.6,26.3,,10.4,1.0,56:44:00,
3010,University of Zambia,Zambia,,THE,,,,,,,45.8,,,,,,13.2,9.8,19.9,54.9,,24.6,2.0,39 : 61,
3011,University of Zanjan,Iran,,THE,,,,,,,42.6,,,,,,17.1,12.3,21.5,27.3,,23.5,0.0,53:47:00,
3012,Zanjan University of Medical Sciences,Iran,,THE,,,,,,,35.5,,,,,,36.4,12.6,24.2,21.5,,10.9,1.0,56:44:00,
3013,Zhejiang Chinese Medical University,China,,THE,,,,,,,34.5,,,,,,16.5,16.4,37.2,23.0,,31.0,5.0,66:34:00,
3014,University of Zimbabwe,Zimbabwe,,THE,,,,,,,37.3,,,,,,12.9,12.7,20.9,50.8,,22.5,0.0,42:58:00,
3015,UniversitÃ© 8 Mai 1945 Guelma,Algeria,,THE,,,,,,,25.4,,,,,,14.7,8.6,15.9,37.0,,20.9,1.0,70:30:00,
3016,University Abdelhamid Ibn Badis Mostaganem,Algeria,,THE,,,,,,,8.1,,,,,,17.7,7.8,15.7,33.5,,19.5,1.0,68:32:00,
3017,Abdelmalek EssaÃ¢di University,Morocco,,THE,,,,,,,30.1,,,,,,21.6,9.7,17.2,29.4,,91.8,1.0,52:48:00,
3018,University of Abou Bekr BelkaÃ¯d Tlemcen,Algeria,,THE,,,,,,,11.6,,,,,,22.7,9.0,19.6,35.3,,21.3,1.0,59:41:00,
3019,AcÄ±badem University,Turkey,,THE,,,,,,,22.7,,,,,,25.8,12.0,24.2,30.3,,5.7,3.0,73:27:00,
3020,Adelphi University,United States,,THE,,,,,,,26.1,,,,,,24.1,7.7,16.4,33.0,,11.1,7.0,70:30:00,
3021,Afe Babalola University,Nigeria,,THE,,,,,,,17.2,,,,,,23.4,11.6,24.6,43.6,,10.7,1.0,57:43:00,
3022,Akita University,Japan,,THE,,,,,,,20.8,,,,,,25.6,13.4,39.1,26.7,,10.7,4.0,35 : 65,
3023,Aksaray University,Turkey,,THE,,,,,,,23.5,,,,,,11.6,8.8,26.8,28.0,,22.2,8.0,49:51:00,
3024,Alexandru Ioan Cuza University,Romania,,THE,,,,,,,31.6,,,,,,16.5,12.1,18.3,40.2,,22.3,8.0,56:44:00,
3025,Altai State University,Russia,,THE,,,,,,,15.2,,,,,,20.5,16.5,25.2,64.4,,19.0,27.0,56:44:00,
3026,Alzahra University,Iran,,THE,,,,,,,24.6,,,,,,25.4,15.3,19.6,31.0,,28.4,3.0,100:00:00,
3027,University of Anbar,Iraq,,THE,,,,,,,39.1,,,,,,17.7,9.1,16.9,29.3,,15.5,0.0,55:45:00,
3028,Universitas Andalas,Indonesia,,THE,,,,,,,16.5,,,,,,24.7,12.7,36.1,33.2,,22.0,1.0,58:42:00,
3029,"University of the Andes, Venezuela",Venezuela,,THE,,,,,,,8.8,,,,,,21.9,8.6,27.7,50.2,,10.1,2.0,61:39:00,
3030,Andhra University,India,,THE,,,,,,,18.7,,,,,,38.2,10.4,26.1,24.1,,14.8,5.0,46:54:00,
3031,Universidad AndrÃ©s Bello (UNAB),Chile,,THE,,,,,,,33.5,,,,,,15.1,10.4,20.7,50.6,,18.4,2.0,53:47:00,
3032,Ankara University,Turkey,,THE,,,,,,,30.5,,,,,,18.2,11.6,36.6,34.4,,27.6,6.0,53:47:00,
3033,Ankara Yildirim Beyazit University,Turkey,,THE,,,,,,,23.1,,,,,,19.2,12.6,17.3,35.4,,23.3,12.0,54:46:00,
3034,Annamalai University,India,,THE,,,,,,,20.0,,,,,,35.5,9.6,22.2,20.1,,13.6,0.0,48:52:00,
3035,Antonio NariÃ±o University,Colombia,,THE,,,,,,,33.1,,,,,,16.6,7.9,16.0,51.5,,14.1,2.0,55:45:00,
3036,Aoyama Gakuin University,Japan,,THE,,,,,,,10.4,,,,,,20.0,8.9,22.2,36.2,,12.2,3.0,49:51:00,
3037,Arak University,Iran,,THE,,,,,,,32.7,,,,,,19.5,11.2,20.1,26.3,,18.7,5.0,58:42:00,
3038,Universidad AutÃ³noma de Ciudad JuÃ¡rez,Mexico,,THE,,,,,,,10.2,,,,,,15.6,8.0,17.5,37.3,,15.0,2.0,56:44:00,
3039,Universidad AutÃ³noma de Coahuila,Mexico,,THE,,,,,,,12.8,,,,,,21.4,8.0,18.1,34.4,,29.6,0.0,58:42:00,
3040,Universidad AutÃ³noma del Estado de Hidalgo,Mexico,,THE,,,,,,,11.1,,,,,,19.2,9.6,18.1,26.4,,19.5,0.0,58:42:00,
3041,Universidad AutÃ³noma del Estado de Mexico (UAEMex),Mexico,,THE,,,,,,,7.7,,,,,,22.2,9.3,17.4,26.9,,10.6,1.0,59:41:00,
3042,Universidad AutÃ³noma del Estado de Morelos,Mexico,,THE,,,,,,,9.1,,,,,,17.1,9.1,28.8,27.4,,17.4,0.0,56:44:00,
3043,Universidad AutÃ³noma de Nuevo LeÃ³n (UANL),Mexico,,THE,,,,,,,17.1,,,,,,13.3,9.1,19.8,33.4,,48.0,0.0,47:53:00,
3044,Universidad AutÃ³noma de QuerÃ©taro,Mexico,,THE,,,,,,,19.1,,,,,,19.1,10.5,23.7,30.0,,45.2,1.0,57:43:00,
3045,Universidad AutÃ³noma de YucatÃ¡n,Mexico,,THE,,,,,,,14.6,,,,,,14.9,10.0,24.1,33.6,,19.6,0.0,50:50:00,
3046,Autonomous University of Baja California,Mexico,,THE,,,,,,,12.6,,,,,,13.0,9.0,17.0,35.7,,21.7,3.0,54:46:00,
3047,Badji Mokhtar University â Annaba,Algeria,,THE,,,,,,,12.5,,,,,,34.1,16.2,16.9,35.0,,11.9,2.0,63:37:00,
3048,University of Baghdad,Iraq,,THE,,,,,,,19.8,,,,,,25.1,12.6,28.5,20.2,,13.3,0.0,57:43:00,
3049,Baku State University,Azerbaijan,,THE,,,,,,,13.8,,,,,,20.1,8.6,19.7,35.5,,13.2,2.0,66:34:00,
3050,BaÅkent University,Turkey,,THE,,,,,,,15.7,,,,,,20.0,12.2,29.1,22.0,,13.3,3.0,49:51:00,
3051,University of Basrah,Iraq,,THE,,,,,,,14.6,,,,,,23.4,7.8,16.2,26.1,,11.7,0.0,55:45:00,
3052,University of Batna 2,Algeria,,THE,,,,,,,12.2,,,,,,17.5,7.9,15.9,30.4,,23.7,1.0,51:49:00,
3053,University of BÃ©jaÃ¯a,Algeria,,THE,,,,,,,14.4,,,,,,13.8,8.3,20.9,44.9,,23.7,1.0,61:39:00,
3054,Belgorod State National Research University,Russia,,THE,,,,,,,10.6,,,,,,23.4,13.7,34.1,42.3,,15.6,20.0,60:40:00,
3055,BenemÃ©rita Universidad AutÃ³noma de Puebla,Mexico,,THE,,,,,,,17.1,,,,,,15.6,9.5,19.4,37.7,,45.2,1.0,52:48:00,
3056,University of Benin,Nigeria,,THE,,,,,,,35.0,,,,,,15.5,5.7,16.4,34.7,,25.8,0.0,49:51:00,
3057,Bernardo OâHiggins University,Chile,,THE,,,,,,,10.7,,,,,,13.9,10.3,20.9,54.0,,18.6,6.0,68:32:00,
3058,Bharath Institute of Higher Education and Research,India,,THE,,,,,,,30.2,,,,,,21.1,7.3,21.2,35.9,,14.0,2.0,56:44:00,
3059,Bharati Vidyapeeth University,India,,THE,,,,,,,13.5,,,,,,24.8,9.4,30.4,18.8,,7.3,0.0,50:50:00,
3060,Bialystok University of Technology,Poland,,THE,,,,,,,23.1,,,,,,23.0,14.9,20.6,24.3,,10.8,3.0,36 : 64,
3061,Bilecik Åeyh Edebali University,Turkey,,THE,,,,,,,22.8,,,,,,14.5,9.5,17.8,32.0,,16.3,13.0,40 : 60,
3062,University of BÃ­o-BÃ­o,Chile,,THE,,,,,,,13.9,,,,,,12.9,12.8,19.1,46.7,,25.5,1.0,43:57:00,
3063,University of Birjand,Iran,,THE,,,,,,,26.7,,,,,,11.1,9.5,16.8,26.2,,36.9,4.0,53:47:00,
3064,University of Biskra,Algeria,,THE,,,,,,,19.3,,,,,,16.3,8.6,15.9,38.1,,21.5,0.0,64:36:00,
3065,Blida 1 University,Algeria,,THE,,,,,,,14.9,,,,,,19.6,8.6,16.7,36.8,,20.4,1.0,64:36:00,
3066,Bolu Abant Izzet Baysal University,Turkey,,THE,,,,,,,29.2,,,,,,15.6,9.3,17.4,32.4,,22.1,9.0,55:45:00,
3067,Bozok University,Turkey,,THE,,,,,,,30.3,,,,,,16.1,9.4,16.9,28.9,,14.4,5.0,51:49:00,
3068,University of Brawijaya,Indonesia,,THE,,,,,,,17.2,,,,,,20.5,9.9,20.4,25.7,,14.4,1.0,56:44:00,
3069,Burapha University,Thailand,,THE,,,,,,,10.3,,,,,,16.0,9.8,20.9,27.6,,17.4,2.0,66:34:00,
3070,Bursa Technical University,Turkey,,THE,,,,,,,30.4,,,,,,13.7,9.4,18.5,29.7,,18.5,8.0,48:52:00,
3071,Bursa UludaÄ University,Turkey,,THE,,,,,,,20.0,,,,,,18.8,10.4,31.0,32.3,,24.2,10.0,50:50:00,
3072,University of Caldas,Colombia,,THE,,,,,,,9.0,,,,,,10.1,11.0,53.2,32.2,,58.2,0.0,49:51:00,
3073,ÃankÄ±rÄ± Karatekin University,Turkey,,THE,,,,,,,22.7,,,,,,12.5,9.5,15.6,41.0,,19.9,20.0,53:47:00,
3074,Catholic University of BrasÃ­lia,Brazil,,THE,,,,,,,11.7,,,,,,15.4,10.5,19.0,35.7,,22.6,0.0,53:47:00,
3075,Catholic University of the North,Chile,,THE,,,,,,,29.0,,,,,,14.2,15.2,18.2,58.0,,20.3,3.0,46:54:00,
3076,Universidad CatÃ³lica del Maule,Chile,,THE,,,,,,,19.3,,,,,,13.4,13.4,15.8,57.5,,21.1,3.0,58:42:00,
3077,Universidad CatÃ³lica de la SantÃ­sima ConcepciÃ³n,Chile,,THE,,,,,,,22.9,,,,,,13.2,14.9,16.9,48.9,,22.9,0.0,56:44:00,
3078,University of Caxias do Sul,Brazil,,THE,,,,,,,11.8,,,,,,15.9,9.4,22.3,21.6,,30.4,0.0,53:47:00,
3079,CearÃ¡ State University,Brazil,,THE,,,,,,,8.9,,,,,,21.1,11.4,17.9,20.2,,14.7,0.0,54:46:00,
3080,Manisa Celal Bayar University,Turkey,,THE,,,,,,,21.6,,,,,,14.9,5.2,16.7,22.0,,17.9,3.0,48:52:00,
3081,Centro Federal de EducaÃ§Ã£o TecnolÃ³gica Celso Suckow da Fonseca (CEFET-RJ),Brazil,,THE,,,,,,,18.2,,,,,,12.4,9.7,16.7,30.6,,21.0,0.0,38 : 62,
3082,CES University,Colombia,,THE,,,,,,,5.8,,,,,,19.2,9.1,16.4,37.1,,13.6,3.0,69:31:00,
3083,Chaoyang University of Technology,Taiwan,,THE,,,,,,,28.2,,,,,,14.1,18.2,47.0,38.9,,37.5,5.0,55:45:00,
3084,College of Charleston,United States,,THE,,,,,,,30.4,,,,,,17.4,7.9,23.2,29.8,,16.3,1.0,68:32:00,
3085,Chelyabinsk State University,Russia,,THE,,,,,,,10.7,,,,,,12.3,10.7,17.0,25.9,,24.3,2.0,62:38:00,
3086,Chiba Institute of Technology,Japan,,THE,,,,,,,13.0,,,,,,14.8,8.8,26.1,20.9,,24.4,2.0,0.684027778,
3087,Chinese Culture University,Taiwan,,THE,,,,,,,16.8,,,,,,13.9,10.0,26.1,29.8,,23.5,6.0,50:50:00,
3088,UniversitÃ© ChouaÃ¯b Doukkali,Morocco,,THE,,,,,,,28.8,,,,,,13.4,10.8,18.9,26.7,,34.5,2.0,58:42:00,
3089,Chubu University,Japan,,THE,,,,,,,15.9,,,,,,17.1,11.9,33.4,34.1,,17.1,2.0,27 : 73,
3090,Chuo University,Japan,,THE,,,,,,,15.5,,,,,,18.7,12.7,27.2,30.4,,35.6,4.0,38 : 62,
3091,University of Colima,Mexico,,THE,,,,,,,12.4,,,,,,21.6,8.0,20.0,31.6,,9.3,0.0,55:45:00,
3092,Comillas Pontifical University,Spain,,THE,,,,,,,26.3,,,,,,18.3,15.7,31.4,44.2,,21.0,7.0,55:45:00,
3093,Communication University of China,China,,THE,,,,,,,15.5,,,,,,27.5,17.3,37.6,23.4,,15.3,3.0,70:30:00,
3094,Cracow University of Technology,Poland,,THE,,,,,,,30.4,,,,,,21.2,10.7,28.2,27.3,,12.2,5.0,36 : 64,
3095,University of Craiova,Romania,,THE,,,,,,,25.2,,,,,,18.3,11.5,18.4,24.0,,20.9,4.0,50:50:00,
3096,Damghan University,Iran,,THE,,,,,,,27.0,,,,,,17.7,11.4,17.9,27.9,,15.9,0.0,69:31:00,
3097,University of Dar es Salaam,Tanzania,,THE,,,,,,,28.2,,,,,,14.4,10.3,21.7,49.5,,21.1,0.0,47:53:00,
3098,De La Salle University,Philippines,,THE,,,,,,,31.3,,,,,,19.6,12.8,17.4,29.3,,14.5,3.0,50:50:00,
3099,University for Development Studies,Ghana,,THE,,,,,,,31.1,,,,,,11.1,9.9,18.9,51.5,,27.4,0.0,43:57:00,
3100,Dicle University,Turkey,,THE,,,,,,,12.7,,,,,,30.3,16.9,53.0,21.9,,17.5,4.0,45:55:00,
3101,Diponegoro University,Indonesia,,THE,,,,,,,19.1,,,,,,27.1,15.4,42.9,35.1,,18.0,2.0,56:44:00,
3102,Dokkyo Medical University,Japan,,THE,,,,,,,22.0,,,,,,26.7,10.3,37.9,19.1,,1.2,1.0,53:47:00,
3103,Doshisha University,Japan,,THE,,,,,,,11.1,,,,,,17.9,10.9,30.7,35.5,,18.6,4.0,42:58:00,
3104,Dumlupinar University,Turkey,,THE,,,,,,,23.3,,,,,,10.9,7.8,19.8,38.5,,44.4,19.0,40 : 60,
3105,Dunarea de Jos University of Galati,Romania,,THE,,,,,,,17.5,,,,,,19.8,9.2,16.4,46.1,,16.0,22.0,58:42:00,
3106,EAFIT University,Colombia,,THE,,,,,,,16.5,,,,,,17.0,11.0,16.5,44.7,,18.8,1.0,44:56:00,
3107,El Bosque University,Colombia,,THE,,,,,,,20.0,,,,,,23.7,9.3,16.9,46.6,,6.8,2.0,62:38:00,
3108,Erzincan Binali YÄ±ldÄ±rÄ±m University,Turkey,,THE,,,,,,,37.6,,,,,,12.0,8.7,16.6,23.7,,21.9,4.0,49:51:00,
3109,Escuela PolitÃ©cnica Nacional,Ecuador,,THE,,,,,,,29.0,,,,,,18.2,9.4,18.6,52.1,,13.2,1.0,28 : 72,
3110,EskiÅehir Osmangazi University,Turkey,,THE,,,,,,,20.5,,,,,,21.5,16.6,19.2,27.0,,17.5,7.0,45:55:00,
3111,Universidade do Estado de Santa Catarina,Brazil,,THE,,,,,,,15.7,,,,,,26.5,11.0,17.0,21.2,,11.5,1.0,54:46:00,
3112,Universidade Estadual do Norte Fluminense Darcy Ribeiro,Brazil,,THE,,,,,,,21.6,,,,,,21.1,10.9,22.3,34.5,,22.8,0.0,61:39:00,
3113,Universidade Estadual de MaringÃ¡,Brazil,,THE,,,,,,,20.2,,,,,,28.9,13.8,21.2,22.0,,12.2,0.0,53:47:00,
3114,Universidade Estadual do Oeste do ParanÃ¡ (Unioeste),Brazil,,THE,,,,,,,7.4,,,,,,27.6,9.8,17.2,20.4,,9.9,0.0,60:40:00,
3115,"Federal University of Agriculture, Abeokuta",Nigeria,,THE,,,,,,,24.5,,,,,,15.6,8.0,17.0,31.4,,26.5,0.0,52:48:00,
3116,Universidade Federal de CiÃªncias da SaÃºde de Porto Alegre (UFCSPA),Brazil,,THE,,,,,,,25.1,,,,,,21.2,12.8,21.2,26.1,,11.6,1.0,70:30:00,
3117,Federal University of ItajubÃ¡,Brazil,,THE,,,,,,,21.3,,,,,,17.7,9.6,20.5,28.0,,17.3,1.0,30 : 70,
3118,Universidade Federal de Juiz de Fora,Brazil,,THE,,,,,,,27.5,,,,,,18.5,12.1,18.6,29.8,,16.6,0.0,50:50:00,
3119,Universidade Federal do MaranhÃ£o (UFMA),Brazil,,THE,,,,,,,14.5,,,,,,15.2,10.3,18.7,23.2,,19.2,0.0,51:49:00,
3120,Federal University of Mato Grosso do Sul,Brazil,,THE,,,,,,,22.3,,,,,,21.4,11.7,33.0,28.9,,15.0,1.0,55:45:00,
3121,Universidade Federal de Ouro Preto (UFOP),Brazil,,THE,,,,,,,20.7,,,,,,22.1,12.0,25.5,24.7,,16.3,1.0,49:51:00,
3122,Federal University of ParÃ¡,Brazil,,THE,,,,,,,21.3,,,,,,22.6,11.7,21.7,26.8,,17.7,0.0,52:48:00,
3123,Federal Rural University of Pernambuco,Brazil,,THE,,,,,,,19.1,,,,,,25.0,11.0,20.0,23.4,,12.3,0.0,49:51:00,
3124,Universidade Federal Rural do Semi-Arido,Brazil,,THE,,,,,,,5.7,,,,,,19.1,9.0,16.6,18.3,,12.4,0.0,49:51:00,
3125,Universidade Federal de Sergipe,Brazil,,THE,,,,,,,36.4,,,,,,17.0,10.4,18.1,28.1,,16.0,0.0,52:48:00,
3126,Fluminense Federal University,Brazil,,THE,,,,,,,27.8,,,,,,21.0,13.1,22.5,30.8,,20.8,1.0,47:53:00,
3127,University of Fortaleza (UNIFOR),Brazil,,THE,,,,,,,33.6,,,,,,14.3,9.4,16.9,37.8,,20.3,0.0,51:49:00,
3128,UniversitÃ© FrÃ¨res Mentouri Constantine 1,Algeria,,THE,,,,,,,13.5,,,,,,20.2,8.1,18.2,38.3,,16.2,1.0,65:35:00,
3129,Universidad de las Fuerzas Armadas â ESPE,Ecuador,,THE,,,,,,,11.6,,,,,,15.9,8.6,16.3,40.6,,14.5,1.0,39 : 61,
3130,University of Fukui,Japan,,THE,,,,,,,16.4,,,,,,26.0,12.4,37.9,26.5,,7.6,2.0,27 : 73,
3131,Fukuoka University,Japan,,THE,,,,,,,17.9,,,,,,23.5,9.7,37.1,24.4,,8.7,1.0,40 : 60,
3132,UniversitÃ© de GabÃ¨s,Tunisia,,THE,,,,,,,28.9,,,,,,20.8,9.4,16.7,42.8,,12.4,1.0,74:26:00,
3133,Gaziantep University,Turkey,,THE,,,,,,,33.0,,,,,,15.6,10.8,20.1,39.5,,38.1,12.0,47:53:00,
3134,Georgian Technical University,Georgia,,THE,,,,,,,22.2,,,,,,32.4,9.3,16.1,40.8,,15.0,2.0,0.110416667,
3135,German University in Cairo,Egypt,,THE,,,,,,,34.0,,,,,,18.6,8.7,16.8,48.6,,12.8,2.0,43:57:00,
3136,Gheorghe Asachi Technical University of IaÅi,Romania,,THE,,,,,,,23.2,,,,,,15.9,9.6,26.2,32.1,,20.8,9.0,29 : 71,
3137,GITAM University,India,,THE,,,,,,,20.8,,,,,,19.6,9.3,19.0,25.2,,13.9,1.0,37 : 63,
3138,Goa University,India,,THE,,,,,,,23.0,,,,,,32.1,12.4,18.6,24.1,,11.8,3.0,65:35:00,
3139,Grigore T. Popa University of Medicine and Pharmacy,Romania,,THE,,,,,,,18.9,,,,,,22.5,10.1,22.5,42.1,,10.8,26.0,68:32:00,
3140,University of Guadalajara,Mexico,,THE,,,,,,,13.7,,,,,,16.3,8.8,18.0,31.2,,19.3,0.0,55:45:00,
3141,University of Guanajuato,Mexico,,THE,,,,,,,13.4,,,,,,16.2,9.3,20.5,36.4,,21.4,2.0,55:45:00,
3142,Gubkin Russian State University of Oil and Gas,Russia,,THE,,,,,,,12.5,,,,,,23.4,10.5,38.2,26.8,,12.2,7.0,33 : 67,
3143,Hanoi University of Science and Technology,Vietnam,,THE,,,,,,,27.4,,,,,,15.7,15.7,43.4,39.7,,34.1,0.0,0.888888889,
3144,Hasanuddin University,Indonesia,,THE,,,,,,,25.8,,,,,,18.8,11.2,27.5,19.8,,16.6,0.0,51:49:00,
3145,UniversitÃ© Hassan 1er,Morocco,,THE,,,,,,,19.2,,,,,,24.9,10.3,16.6,23.6,,88.2,2.0,48:52:00,
3146,Hassiba Benbouali University of Chlef,Algeria,,THE,,,,,,,20.7,,,,,,15.5,12.3,32.7,41.9,,22.0,1.0,72:28:00,
3147,University of Havana,Cuba,,THE,,,,,,,10.8,,,,,,28.1,11.8,33.9,53.0,,9.0,5.0,64:36:00,
3148,Hellenic Open University,Greece,,THE,,,,,,,34.2,,,,,,22.4,8.5,15.8,26.2,,6.8,1.0,60:40:00,
3149,Herzen State Pedagogical University of Russia,Russia,,THE,,,,,,,9.8,,,,,,20.2,11.5,17.6,39.2,,15.4,18.0,75:25:00,
3150,Hindustan Institute of Technology and Science,India,,THE,,,,,,,33.6,,,,,,21.9,9.3,16.3,23.4,,11.3,1.0,47:53:00,
3151,Hitit University,Turkey,,THE,,,,,,,15.1,,,,,,15.2,9.8,16.5,22.8,,22.6,4.0,48:52:00,
3152,Hosei University,Japan,,THE,,,,,,,34.0,,,,,,15.2,11.0,23.9,38.3,,37.7,5.0,38 : 62,
3153,Hue University,Vietnam,,THE,,,,,,,16.4,,,,,,13.3,8.7,16.2,49.2,,23.0,1.0,56:44:00,
3154,University of Hyogo,Japan,,THE,,,,,,,11.8,,,,,,22.5,13.2,56.5,24.6,,12.4,3.0,41:59:00,
3155,Ibaraki University,Japan,,THE,,,,,,,12.2,,,,,,18.9,12.5,36.9,27.4,,14.8,3.0,34 : 66,
3156,Universidad Industrial de Santander (UIS),Colombia,,THE,,,,,,,11.6,,,,,,14.4,12.2,31.5,38.0,,23.4,1.0,45:55:00,
3157,Industrial University of Tyumen,Russia,,THE,,,,,,,14.0,,,,,,19.5,8.4,18.3,23.1,,11.4,6.0,35 : 65,
3158,InÃ¶nÃ¼ University,Turkey,,THE,,,,,,,21.5,,,,,,17.8,9.4,18.0,21.1,,22.2,3.0,51:49:00,
3159,Instituto PolitÃ©cnico Nacional (IPN),Mexico,,THE,,,,,,,14.5,,,,,,20.7,9.9,26.7,25.5,,13.0,0.0,42:58:00,
3160,International Hellenic University,Greece,,THE,,,,,,,36.5,,,,,,9.6,9.4,20.1,30.7,,38.0,2.0,44:56:00,
3161,Irkutsk National Research Technical University,Russia,,THE,,,,,,,23.4,,,,,,21.7,9.6,24.2,33.8,,10.6,13.0,38 : 62,
3162,Irkutsk State University,Russia,,THE,,,,,,,9.1,,,,,,18.6,11.5,18.9,28.1,,14.2,4.0,68:32:00,
3163,Islamic University of Indonesia,Indonesia,,THE,,,,,,,12.5,,,,,,15.8,9.7,17.3,35.5,,26.5,4.0,48:52:00,
3164,Istanbul AydÄ±n University,Turkey,,THE,,,,,,,32.3,,,,,,17.0,9.2,15.8,56.9,,26.3,13.0,51:49:00,
3165,Istanbul Medipol University,Turkey,,THE,,,,,,,33.3,,,,,,14.6,10.6,20.6,44.0,,20.0,16.0,65:35:00,
3166,Ivane Javakhishvili Tbilisi State University,Georgia,,THE,,,,,,,22.2,,,,,,15.9,11.3,18.0,46.7,,30.6,3.0,61:39:00,
3167,Ivanovo State University of Chemistry and Technology,Russia,,THE,,,,,,,7.0,,,,,,16.4,9.7,21.3,25.0,,16.8,6.0,44:56:00,
3168,Iwate University,Japan,,THE,,,,,,,12.6,,,,,,22.3,11.2,38.5,28.2,,13.6,3.0,37 : 63,
3169,Izmir University of Economics,Turkey,,THE,,,,,,,36.7,,,,,,16.7,11.2,26.2,32.5,,14.7,2.0,54:46:00,
3170,Jan Evangelista PurkynÄ University,Czechia,,THE,,,,,,,15.3,,,,,,16.1,13.6,18.0,38.2,,17.7,3.0,66:34:00,
3171,Jan Kochanowski University in Kielce,Poland,,THE,,,,,,,11.9,,,,,,21.3,12.3,18.4,27.9,,11.2,3.0,72:28:00,
3172,Jean Moulin University â Lyon 3,France,,THE,,,,,,,13.6,,,,,,14.3,13.6,27.5,60.8,,39.0,18.0,66:34:00,
3173,Jember University,Indonesia,,THE,,,,,,,23.0,,,,,,11.1,9.1,18.1,21.3,,30.2,0.0,66:34:00,
3174,Jianghan University,China,,THE,,,,,,,27.6,,,,,,16.7,9.2,33.6,22.0,,15.1,1.0,56:44:00,
3175,University of Jijel,Algeria,,THE,,,,,,,12.7,,,,,,12.8,8.8,16.0,37.5,,22.4,0.0,72:28:00,
3176,Kanagawa University,Japan,,THE,,,,,,,11.4,,,,,,17.6,8.3,24.4,38.7,,14.5,4.0,30 : 70,
3177,Kanazawa Medical University,Japan,,THE,,,,,,,17.3,,,,,,26.6,10.2,29.7,21.2,,2.1,1.0,55:45:00,
3178,Kansai University,Japan,,THE,,,,,,,7.3,,,,,,20.2,8.3,25.5,33.4,,12.3,4.0,41:59:00,
3179,University of Karachi,Pakistan,,THE,,,,,,,19.5,,,,,,14.1,10.6,24.5,44.4,,39.3,0.0,60:40:00,
3180,Karadeniz Technical University,Turkey,,THE,,,,,,,27.8,,,,,,19.3,10.1,22.4,22.7,,14.0,5.0,44:56:00,
3181,UniversitÃ© Kasdi Merbah Ouargla,Algeria,,THE,,,,,,,16.0,,,,,,20.0,8.6,17.3,29.4,,26.4,0.0,57:43:00,
3182,Kasetsart University,Thailand,,THE,,,,,,,23.5,,,,,,18.1,12.6,25.7,33.8,,18.7,1.0,62:38:00,
3183,Kastamonu University,Turkey,,THE,,,,,,,35.8,,,,,,11.6,11.6,15.9,35.5,,36.8,12.0,43:57:00,
3184,Kazan National Research Technical University,Russia,,THE,,,,,,,24.9,,,,,,18.8,10.8,42.6,31.7,,16.7,12.0,26 : 74,
3185,Kazan National Research Technological University,Russia,,THE,,,,,,,12.4,,,,,,21.9,8.8,36.1,35.4,,11.6,16.0,40 : 60,
3186,Kazan State Medical University,Russia,,THE,,,,,,,7.3,,,,,,40.5,10.3,17.1,45.2,,10.7,31.0,63:37:00,
3187,University of Kelaniya,Sri Lanka,,THE,,,,,,,12.0,,,,,,16.8,8.1,17.2,36.2,,15.6,3.0,66:34:00,
3188,Kemerovo State University,Russia,,THE,,,,,,,8.6,,,,,,14.9,10.1,18.2,24.3,,18.5,7.0,63:37:00,
3189,University of Kerbala,Iraq,,THE,,,,,,,10.7,,,,,,18.3,7.7,15.8,22.6,,15.8,0.0,54:46:00,
3190,King Mongkutâs Institute of Technology Ladkrabang,Thailand,,THE,,,,,,,19.2,,,,,,16.5,22.9,55.0,30.7,,23.0,1.0,52:48:00,
3191,Kirikkale University,Turkey,,THE,,,,,,,17.2,,,,,,14.3,18.8,20.3,18.8,,47.7,1.0,49:51:00,
3192,KÄ±rÅehir Ahi Evran University,Turkey,,THE,,,,,,,18.4,,,,,,11.8,9.8,16.5,37.3,,24.6,17.0,50:50:00,
3193,Kocaeli University,Turkey,,THE,,,,,,,22.1,,,,,,14.3,9.7,23.7,25.8,,47.2,2.0,41:59:00,
3194,Kochi University,Japan,,THE,,,,,,,21.8,,,,,,24.7,12.3,41.5,26.8,,8.3,1.0,44:56:00,
3195,Kochi University of Technology,Japan,,THE,,,,,,,15.9,,,,,,17.6,15.6,68.4,39.1,,20.3,2.0,25 : 75,
3196,Kogakuin University,Japan,,THE,,,,,,,26.3,,,,,,16.8,11.3,32.7,25.0,,18.3,2.0,0.806944444,
3197,Kookmin University,South Korea,,THE,,,,,,,20.1,,,,,,24.5,14.3,37.0,36.1,,11.6,11.0,50:50:00,
3198,Universiti Kuala Lumpur,Malaysia,,THE,,,,,,,24.3,,,,,,23.6,9.0,25.5,43.7,,11.9,5.0,43:57:00,
3199,University of Kufa,Iraq,,THE,,,,,,,18.0,,,,,,20.0,8.7,16.7,29.5,,12.3,0.0,65:35:00,
3200,Kwansei Gakuin University,Japan,,THE,,,,,,,15.4,,,,,,15.7,9.5,20.7,40.9,,24.7,4.0,49:51:00,
3201,Kyoto Sangyo University,Japan,,THE,,,,,,,14.9,,,,,,14.3,9.1,22.4,44.8,,21.9,2.0,34 : 66,
3202,Ladoke Akintola University of Technology,Nigeria,,THE,,,,,,,28.0,,,,,,16.2,11.1,32.0,32.5,,53.1,0.0,49:51:00,
3203,University of Laghouat,Algeria,,THE,,,,,,,17.2,,,,,,14.0,8.6,15.9,39.7,,29.8,0.0,46:54:00,
3204,Lagos State University,Nigeria,,THE,,,,,,,25.3,,,,,,12.9,9.3,16.0,41.9,,35.6,0.0,45:55:00,
3205,Lahore College for Women University (LCWU),Pakistan,,THE,,,,,,,37.6,,,,,,16.5,9.6,16.1,40.6,,21.3,0.0,100:00:00,
3206,University of Lampung,Indonesia,,THE,,,,,,,26.3,,,,,,17.1,8.1,16.8,18.4,,13.1,0.0,60:40:00,
3207,Latvia University of Life Sciences and Technologies,Latvia,,THE,,,,,,,15.8,,,,,,16.3,17.3,30.5,24.1,,21.3,4.0,50:50:00,
3208,University of Life Sciences in Lublin,Poland,,THE,,,,,,,30.3,,,,,,20.2,11.7,19.1,20.7,,11.6,2.0,65:35:00,
3209,L.N. Gumilyov Eurasian National University,Kazakhstan,,THE,,,,,,,21.1,,,,,,21.9,11.6,15.7,54.2,,13.5,4.0,60:40:00,
3210,Lobachevsky State University of Nizhni Novgorod,Russia,,THE,,,,,,,14.7,,,,,,31.8,13.4,32.7,38.5,,10.6,12.0,51:49:00,
3211,University of Lodz,Poland,,THE,,,,,,,28.8,,,,,,20.6,15.6,19.2,35.5,,14.0,9.0,62:38:00,
3212,Londrina State University,Brazil,,THE,,,,,,,19.6,,,,,,30.3,16.1,34.8,23.9,,10.9,1.0,59:41:00,
3213,University of Los Lagos,Chile,,THE,,,,,,,25.8,,,,,,15.9,14.1,16.0,49.5,,17.4,0.0,60:40:00,
3214,Lucian Blaga University of Sibiu,Romania,,THE,,,,,,,29.7,,,,,,18.5,14.0,16.8,28.4,,16.5,3.0,59:41:00,
3215,University of Lucknow,India,,THE,,,,,,,26.5,,,,,,28.4,10.3,18.0,23.1,,29.4,2.0,45:55:00,
3216,University of Macerata (UNIMC),Italy,,THE,,,,,,,24.6,,,,,,16.2,18.1,15.6,37.3,,27.0,4.0,75:25:00,
3217,Mackenzie Presbyterian University,Brazil,,THE,,,,,,,12.4,,,,,,17.4,10.8,20.7,28.7,,28.1,0.0,51:49:00,
3218,Mahasarakham University,Thailand,,THE,,,,,,,10.5,,,,,,18.8,8.5,17.0,25.0,,30.2,2.0,66:34:00,
3219,Universiti Malaysia Kelantan,Malaysia,,THE,,,,,,,32.6,,,,,,16.1,13.0,16.2,41.9,,19.9,3.0,71:29:00,
3220,Maria Curie-SkÅodowska University (UMCS),Poland,,THE,,,,,,,22.4,,,,,,21.6,19.3,22.7,33.4,,11.7,9.0,68:32:00,
3221,Marmara University,Turkey,,THE,,,,,,,31.9,,,,,,17.0,11.7,26.9,30.7,,30.6,5.0,51:49:00,
3222,University of Mascara,Algeria,,THE,,,,,,,31.4,,,,,,13.7,7.5,16.1,43.2,,23.8,0.0,62:38:00,
3223,Matej Bel University,Slovakia,,THE,,,,,,,15.5,,,,,,19.4,13.9,16.4,40.7,,14.2,10.0,67:33:00,
3224,Universidad Mayor,Chile,,THE,,,,,,,28.7,,,,,,18.6,9.1,16.0,49.5,,12.1,1.0,48:52:00,
3225,Meiji University,Japan,,THE,,,,,,,13.5,,,,,,16.3,12.1,40.8,31.4,,34.0,5.0,35 : 65,
3226,Meijo University,Japan,,THE,,,,,,,11.6,,,,,,14.5,12.1,42.8,27.3,,30.7,1.0,34 : 66,
3227,Mendeleev University of Chemical Technology,Russia,,THE,,,,,,,14.3,,,,,,19.6,14.1,43.4,23.6,,14.9,6.0,56:44:00,
3228,MâHamed Bougara University of BoumerdÃ¨s,Algeria,,THE,,,,,,,21.3,,,,,,15.2,8.1,16.3,32.7,,22.6,1.0,59:41:00,
3229,Middle Technical University,Iraq,,THE,,,,,,,23.7,,,,,,9.4,7.5,16.9,26.8,,33.6,0.0,42:58:00,
3230,Ming Chuan University,Taiwan,,THE,,,,,,,22.6,,,,,,13.4,12.0,51.0,38.4,,21.6,11.0,61:39:00,
3231,MIREA - Russian Technological University,Russia,,THE,,,,,,,8.6,,,,,,15.0,11.7,48.1,22.2,,21.5,5.0,26 : 74,
3232,University of Miskolc,Hungary,,THE,,,,,,,16.1,,,,,,25.6,13.4,21.7,31.7,,14.9,5.0,48:52:00,
3233,University of Miyazaki,Japan,,THE,,,,,,,24.3,,,,,,27.4,11.8,44.0,27.8,,7.4,3.0,36 : 64,
3234,University Mohamed Boudiaf of MâSila,Algeria,,THE,,,,,,,10.3,,,,,,18.1,9.2,17.9,34.3,,17.7,1.0,55:45:00,
3235,UniversitÃ© Mohammed Premier,Morocco,,THE,,,,,,,33.6,,,,,,19.2,9.9,16.4,35.1,,82.1,1.0,48:52:00,
3236,University of Montenegro,Montenegro,,THE,,,,,,,23.8,,,,,,13.0,12.6,25.4,41.8,,20.3,2.0,68:32:00,
3237,Moscow Polytechnic University,Russia,,THE,,,,,,,11.0,,,,,,17.0,10.3,19.0,32.3,,16.0,13.0,39 : 61,
3238,Moscow State University of Civil Engineering,Russia,,THE,,,,,,,25.3,,,,,,20.3,11.6,39.6,25.0,,13.3,7.0,,
3239,University of Mosul,Iraq,,THE,,,,,,,16.3,,,,,,14.8,9.9,28.8,20.1,,20.2,0.0,47:53:00,
3240,Moulay Ismail University,Morocco,,THE,,,,,,,40.9,,,,,,9.6,9.1,16.5,25.9,,71.0,0.0,54:46:00,
3241,UniversitÃ© Mouloud Mammeri de Tizi-Ouzou,Algeria,,THE,,,,,,,6.6,,,,,,16.8,7.6,17.2,45.4,,20.8,0.0,61:39:00,
3242,Muroran Institute of Technology,Japan,,THE,,,,,,,22.9,,,,,,21.7,10.6,33.5,40.0,,20.5,6.0,0.643055556,
3243,Mustansiriyah University,Iraq,,THE,,,,,,,16.0,,,,,,25.3,8.4,19.1,32.5,,6.5,1.0,52:48:00,
3244,University of Mysore,India,,THE,,,,,,,23.2,,,,,,28.2,9.0,22.3,42.3,,25.8,8.0,33 : 67,
3245,Universidad Nacional del Litoral,Argentina,,THE,,,,,,,16.9,,,,,,12.0,9.4,24.1,29.2,,35.2,0.0,63:37:00,
3246,Nara Womenâs University,Japan,,THE,,,,,,,17.3,,,,,,24.3,8.7,22.4,41.4,,8.7,5.0,100:00:00,
3247,Naresuan University,Thailand,,THE,,,,,,,14.8,,,,,,15.8,10.5,28.3,33.1,,18.3,1.0,68:32:00,
3248,National Aviation University,Ukraine,,THE,,,,,,,35.2,,,,,,22.2,8.7,16.4,23.8,,9.8,5.0,39 : 61,
3249,National Chiayi University,Taiwan,,THE,,,,,,,21.0,,,,,,14.4,14.1,56.7,21.8,,22.5,3.0,49:51:00,
3250,National Chi Nan University,Taiwan,,THE,,,,,,,13.3,,,,,,20.0,18.4,72.1,32.1,,14.7,9.0,53:47:00,
3251,National University of CÃ³rdoba,Argentina,,THE,,,,,,,20.0,,,,,,18.0,10.3,19.4,37.1,,16.9,1.0,65:35:00,
3252,National University of Costa Rica,Costa Rica,,THE,,,,,,,11.8,,,,,,21.0,10.0,21.9,45.0,,11.0,3.0,56:44:00,
3253,National Formosa University,Taiwan,,THE,,,,,,,8.4,,,,,,14.1,11.7,38.7,18.5,,19.5,1.0,0.970833333,
3254,National Ilan University,Taiwan,,THE,,,,,,,23.1,,,,,,13.9,14.6,37.1,32.3,,23.8,2.0,36 : 64,
3255,National University of Kaohsiung,Taiwan,,THE,,,,,,,12.1,,,,,,13.3,16.0,28.9,30.4,,25.0,4.0,41:59:00,
3256,National University of Life and Environmental Sciences of Ukraine,Ukraine,,THE,,,,,,,30.1,,,,,,20.3,8.9,25.3,25.7,,15.2,1.0,45:55:00,
3257,National University of Medical Sciences (NUMS),Pakistan,,THE,,,,,,,9.2,,,,,,23.1,9.5,16.2,28.4,,4.6,3.0,57:43:00,
3258,National Research Saratov State University,Russia,,THE,,,,,,,17.6,,,,,,26.8,16.1,39.1,38.0,,9.3,11.0,58:42:00,
3259,National University of San MartÃ­n,Argentina,,THE,,,,,,,26.9,,,,,,19.2,10.7,24.6,45.4,,16.3,5.0,60:40:00,
3260,National Taichung University of Science and Technology,Taiwan,,THE,,,,,,,27.5,,,,,,18.2,11.5,24.1,20.6,,12.3,1.0,69:31:00,
3261,National Taipei University,Taiwan,,THE,,,,,,,22.4,,,,,,20.6,15.1,23.3,30.5,,15.7,6.0,55:45:00,
3262,National United University,Taiwan,,THE,,,,,,,15.7,,,,,,13.5,11.7,41.8,20.5,,20.6,1.0,32 : 68,
3263,NED University of Engineering and Technology,Pakistan,,THE,,,,,,,19.8,,,,,,12.7,13.1,26.3,49.9,,24.0,0.0,37 : 63,
3264,Universitas Negeri Surabaya,Indonesia,,THE,,,,,,,27.2,,,,,,13.5,9.0,15.6,35.0,,28.0,1.0,63:37:00,
3265,Nizhny Novgorod State Technical University,Russia,,THE,,,,,,,10.7,,,,,,17.6,9.7,39.6,23.6,,14.7,4.0,25 : 75,
3266,Nnamdi Azikiwe University,Nigeria,,THE,,,,,,,23.8,,,,,,18.3,8.7,16.0,32.3,,15.9,0.0,46:54:00,
3267,North-Caucasus Federal University,Russia,,THE,,,,,,,9.1,,,,,,27.8,9.0,17.4,33.3,,8.0,11.0,51:49:00,
3268,"University of the North, Colombia",Colombia,,THE,,,,,,,26.0,,,,,,18.3,13.0,24.0,52.8,,17.3,0.0,52:48:00,
3269,North-Eastern Federal University,Russia,,THE,,,,,,,11.2,,,,,,24.7,10.1,17.5,26.5,,12.2,4.0,55:45:00,
3270,Northern (Arctic) Federal University named after M.V. Lomonosov,Russia,,THE,,,,,,,7.7,,,,,,20.3,11.1,19.7,31.9,,14.9,9.0,48:52:00,
3271,North-Western State Medical University named after I.I. Mechnikov,Russia,,THE,,,,,,,7.7,,,,,,26.0,9.8,17.1,29.7,,5.4,11.0,68:32:00,
3272,Nosov Magnitogorsk State Technical University,Russia,,THE,,,,,,,10.0,,,,,,18.0,9.8,17.7,21.0,,13.4,4.0,49:51:00,
3273,Universidade Nove de Julho (Uninove),Brazil,,THE,,,,,,,9.6,,,,,,17.9,8.1,17.5,26.9,,23.6,1.0,58:42:00,
3274,University of Novi Sad,Serbia,,THE,,,,,,,29.1,,,,,,19.0,11.7,36.4,33.6,,15.1,1.0,57:43:00,
3275,Novosibirsk State Technical University,Russia,,THE,,,,,,,12.8,,,,,,20.2,12.4,23.2,36.1,,14.6,17.0,40 : 60,
3276,Nueva Granada Military University,Colombia,,THE,,,,,,,5.3,,,,,,21.5,8.0,15.7,27.7,,9.7,0.0,46:54:00,
3277,Obafemi Awolowo University,Nigeria,,THE,,,,,,,32.0,,,,,,15.3,12.3,19.0,37.9,,22.5,0.0,45:55:00,
3278,Ogarev Mordovia State University,Russia,,THE,,,,,,,5.8,,,,,,20.2,9.2,17.2,37.2,,11.6,17.0,49:51:00,
3279,Oita University,Japan,,THE,,,,,,,20.0,,,,,,25.8,11.0,35.3,22.9,,8.5,2.0,38 : 62,
3280,NiÄde Ãmer Halisdemir University,Turkey,,THE,,,,,,,24.5,,,,,,13.5,9.4,19.2,27.7,,20.1,5.0,80:20:00,
3281,Omsk State Technical University,Russia,,THE,,,,,,,7.3,,,,,,18.4,8.4,20.0,31.1,,14.0,13.0,33 : 67,
3282,Ondokuz Mayis University,Turkey,,THE,,,,,,,22.2,,,,,,19.0,11.4,26.8,36.1,,18.3,14.0,44:56:00,
3283,Oran 1 University,Algeria,,THE,,,,,,,13.2,,,,,,30.7,9.0,17.8,39.7,,21.9,1.0,70:30:00,
3284,Ordu University,Turkey,,THE,,,,,,,19.6,,,,,,14.0,10.3,16.7,17.9,,18.7,0.0,52:48:00,
3285,Osaka Institute of Technology,Japan,,THE,,,,,,,20.6,,,,,,14.8,15.3,37.3,26.2,,35.4,1.0,0.643055556,
3286,Osaka Medical and Pharmaceutical University,Japan,,THE,,,,,,,23.7,,,,,,27.7,12.6,44.4,18.7,,5.5,1.0,59:41:00,
3287,University of Ostrava,Czechia,,THE,,,,,,,23.2,,,,,,19.5,16.3,18.2,46.2,,16.0,9.0,71:29:00,
3288,Ovidius University of ConstanÈa,Romania,,THE,,,,,,,9.6,,,,,,19.4,9.2,15.9,27.0,,12.5,7.0,61:39:00,
3289,Universitas Padjadjaran,Indonesia,,THE,,,,,,,19.2,,,,,,28.5,12.2,23.6,34.3,,11.3,1.0,59:41:00,
3290,Pamukkale University,Turkey,,THE,,,,,,,16.7,,,,,,15.2,9.5,18.5,20.4,,22.0,3.0,44:56:00,
3291,Universidad Panamericana (UP),Mexico,,THE,,,,,,,12.0,,,,,,23.9,9.1,16.0,43.9,,7.8,2.0,48:52:00,
3292,University of Pannonia,Hungary,,THE,,,,,,,21.5,,,,,,22.2,15.6,45.5,37.9,,19.5,7.0,48:52:00,
3293,University of Pardubice,Czechia,,THE,,,,,,,17.7,,,,,,21.1,17.7,30.0,39.8,,13.5,10.0,56:44:00,
3294,Pavlov First Saint Petersburg State Medical University,Russia,,THE,,,,,,,12.5,,,,,,29.4,10.7,25.3,34.4,,7.0,14.0,75:25:00,
3295,Payame Noor University,Iran,,THE,,,,,,,26.1,,,,,,12.9,9.1,19.6,21.3,,120.3,1.0,60:40:00,
3296,Pedagogical and Technological University of Colombia,Colombia,,THE,,,,,,,5.2,,,,,,19.3,7.7,16.0,35.5,,16.0,0.0,54:46:00,
3297,University of the Peloponnese,Greece,,THE,,,,,,,28.9,,,,,,16.1,12.6,29.0,27.8,,39.4,1.0,52:48:00,
3298,Universitas Pendidikan Indonesia,Indonesia,,THE,,,,,,,33.0,,,,,,19.8,12.1,16.3,23.9,,18.5,1.0,61:39:00,
3299,Penza State University,Russia,,THE,,,,,,,7.8,,,,,,14.3,8.7,16.3,32.8,,17.2,12.0,56:44:00,
3300,Perm National Research Polytechnic University,Russia,,THE,,,,,,,9.9,,,,,,23.7,13.4,50.0,28.4,,10.2,9.0,37 : 63,
3301,Perm State University,Russia,,THE,,,,,,,8.2,,,,,,21.2,12.5,24.6,23.7,,12.0,5.0,59:41:00,
3302,University of Pernambuco,Brazil,,THE,,,,,,,15.2,,,,,,16.0,10.3,18.3,26.4,,16.9,0.0,,
3303,Universidad Peruana de Ciencias Aplicadas (UPC),Peru,,THE,,,,,,,10.1,,,,,,13.5,8.7,15.6,26.5,,21.1,1.0,50:50:00,
3304,University of Phayao,Thailand,,THE,,,,,,,39.3,,,,,,14.9,9.4,16.3,25.9,,17.1,0.0,66:34:00,
3305,Universidad PolitÃ©cnica Salesiana,Ecuador,,THE,,,,,,,13.6,,,,,,11.6,9.5,15.8,42.0,,24.2,1.0,40 : 60,
3306,Polytechnic University of Bucharest,Romania,,THE,,,,,,,28.8,,,,,,19.8,11.4,29.7,24.2,,23.2,4.0,36 : 64,
3307,Polytechnic University of TimiÅoara,Romania,,THE,,,,,,,33.9,,,,,,16.7,10.1,30.9,22.6,,18.7,3.0,38 : 62,
3308,Pontifical Catholic University of Minas Gerais,Brazil,,THE,,,,,,,14.6,,,,,,24.4,10.7,20.5,24.7,,36.0,1.0,57:43:00,
3309,Universidad Pontificia Bolivariana (UPB),Colombia,,THE,,,,,,,10.2,,,,,,24.2,10.6,26.8,37.2,,10.6,2.0,57:43:00,
3310,Pontificia Universidad CatÃ³lica del Ecuador,Ecuador,,THE,,,,,,,15.3,,,,,,12.2,8.7,15.9,63.9,,25.4,1.0,56:44:00,
3311,University of Port Harcourt,Nigeria,,THE,,,,,,,15.4,,,,,,23.1,14.4,21.8,32.0,,17.1,0.0,35 : 65,
3312,Prague University of Economics and Business,Czechia,,THE,,,,,,,27.6,,,,,,15.5,14.9,16.8,47.9,,29.1,27.0,53:47:00,
3313,University of Primorska,Slovenia,,THE,,,,,,,26.5,,,,,,16.4,14.9,21.9,61.8,,15.3,18.0,77:23:00,
3314,University of Prishtina,Kosovo,,THE,,,,,,,13.7,,,,,,11.8,10.7,18.4,38.9,,31.4,1.0,65:35:00,
3315,Privolzhsky Research Medical University,Russia,,THE,,,,,,,5.2,,,,,,23.9,9.9,20.0,40.3,,10.3,23.0,68:32:00,
3316,PSG College of Technology,India,,THE,,,,,,,29.4,,,,,,22.9,8.9,20.7,17.6,,14.2,0.0,37 : 63,
3317,Recep Tayyip ErdoÄan University,Turkey,,THE,,,,,,,23.9,,,,,,16.3,9.5,16.6,22.3,,16.9,4.0,54:46:00,
3318,REVA University,India,,THE,,,,,,,37.9,,,,,,16.0,7.9,20.7,19.8,,18.7,1.0,34 : 66,
3319,Riga StradiÅÅ¡ University,Latvia,,THE,,,,,,,26.3,,,,,,17.3,13.8,23.2,62.7,,21.8,29.0,75:25:00,
3320,University of Rijeka,Croatia,,THE,,,,,,,29.9,,,,,,18.7,16.7,25.8,29.2,,15.6,3.0,58:42:00,
3321,Russian Presidential Academy of National Economy and Public Administration,Russia,,THE,,,,,,,18.1,,,,,,26.8,17.1,19.4,23.2,,10.4,4.0,63:37:00,
3322,Russian State University for the Humanities,Russia,,THE,,,,,,,16.8,,,,,,13.5,13.4,15.7,22.1,,22.1,4.0,69:31:00,
3323,R V College of Engineering,India,,THE,,,,,,,29.3,,,,,,24.6,9.4,17.8,16.1,,14.9,0.0,26 : 74,
3324,Ryukoku University,Japan,,THE,,,,,,,12.0,,,,,,15.5,10.6,23.2,31.2,,27.7,2.0,36 : 64,
3325,University of the Ryukyus,Japan,,THE,,,,,,,22.6,,,,,,25.4,14.1,37.2,37.6,,9.9,2.0,39 : 61,
3326,RzeszÃ³w University of Technology,Poland,,THE,,,,,,,29.1,,,,,,20.6,9.1,22.9,23.1,,11.6,1.0,38 : 62,
3327,University of La Sabana,Colombia,,THE,,,,,,,19.7,,,,,,17.4,10.9,16.6,44.3,,17.1,2.0,56:44:00,
3328,Saga University,Japan,,THE,,,,,,,21.8,,,,,,26.0,14.5,59.0,25.4,,9.8,2.0,42:58:00,
3329,Saitama University,Japan,,THE,,,,,,,19.4,,,,,,22.9,15.5,41.2,41.5,,15.3,6.0,32 : 68,
3330,Samara State Technical University,Russia,,THE,,,,,,,10.9,,,,,,16.9,10.6,32.3,22.1,,16.0,5.0,38 : 62,
3331,San SebastiÃ¡n University,Chile,,THE,,,,,,,12.1,,,,,,14.2,9.2,16.1,43.2,,19.8,0.0,63:37:00,
3332,"University of Santiago, Chile (USACH)",Chile,,THE,,,,,,,29.8,,,,,,15.8,15.4,27.7,45.9,,20.8,2.0,45:55:00,
3333,University of Santo Tomas,Philippines,,THE,,,,,,,25.8,,,,,,19.6,9.5,20.7,67.0,,13.3,7.0,51:49:00,
3334,University of Sarajevo,Bosnia and Herzegovina,,THE,,,,,,,18.6,,,,,,16.4,10.8,23.6,27.7,,15.6,0.0,64:36:00,
3335,Saratov State Medical University,Russia,,THE,,,,,,,3.7,,,,,,25.6,10.7,16.2,31.2,,6.6,12.0,,
3336,Satbayev University,Kazakhstan,,THE,,,,,,,8.5,,,,,,22.7,10.8,23.2,68.7,,12.4,5.0,44:56:00,
3337,University of Sciences and Technology Houari Boumediene,Algeria,,THE,,,,,,,12.8,,,,,,17.8,7.4,18.2,35.3,,19.5,0.0,47:53:00,
3338,University of Science and Technology of Oran Mohamed-Boudiaf,Algeria,,THE,,,,,,,9.0,,,,,,24.6,7.0,17.3,32.4,,9.6,1.0,50:50:00,
3339,SGH Warsaw School of Economics,Poland,,THE,,,,,,,24.1,,,,,,24.8,15.2,16.1,36.7,,16.5,13.0,49:51:00,
3340,Shahed University,Iran,,THE,,,,,,,22.5,,,,,,30.3,14.8,26.6,18.7,,15.8,0.0,53:47:00,
3341,Shimane University,Japan,,THE,,,,,,,19.3,,,,,,25.7,13.0,37.1,28.7,,8.2,3.0,40 : 60,
3342,Shizuoka University,Japan,,THE,,,,,,,19.5,,,,,,22.6,16.0,58.3,37.0,,14.5,4.0,29 : 71,
3343,University of Shizuoka,Japan,,THE,,,,,,,15.2,,,,,,25.9,12.9,58.9,26.5,,11.5,3.0,61:39:00,
3344,Reshetnev Siberian State University of Science and Technology,Russia,,THE,,,,,,,15.8,,,,,,12.3,8.2,18.5,20.4,,22.9,3.0,40 : 60,
3345,Siberian State Medical University,Russia,,THE,,,,,,,3.4,,,,,,22.1,9.6,17.1,39.8,,10.6,21.0,71:29:00,
3346,Sichuan University of Science and Engineering,China,,THE,,,,,,,23.8,,,,,,12.0,10.4,26.4,20.3,,22.9,1.0,39 : 61,
3347,University of Silesia in Katowice,Poland,,THE,,,,,,,23.4,,,,,,23.2,13.5,21.8,29.7,,11.6,4.0,67:33:00,
3348,Silpakorn University,Thailand,,THE,,,,,,,20.7,,,,,,19.3,13.6,38.0,29.0,,18.8,2.0,69:31:00,
3349,University of Sistan and Baluchestan,Iran,,THE,,,,,,,26.4,,,,,,18.5,11.4,22.9,22.7,,19.6,1.0,58:42:00,
3350,Sivas Cumhuriyet University,Turkey,,THE,,,,,,,26.1,,,,,,14.9,9.5,18.5,29.7,,32.4,8.0,50:50:00,
3351,Slovak University of Technology in Bratislava,Slovakia,,THE,,,,,,,22.3,,,,,,27.6,12.0,28.7,32.8,,8.5,7.0,31 : 69,
3352,Sofia University,Bulgaria,,THE,,,,,,,23.4,,,,,,28.3,12.2,21.6,39.4,,7.5,7.0,67:33:00,
3353,University of Sonora,Mexico,,THE,,,,,,,13.6,,,,,,13.6,8.4,32.3,34.9,,26.0,1.0,57:43:00,
3354,Sophia University,Japan,,THE,,,,,,,13.3,,,,,,22.6,11.0,25.4,50.9,,12.7,10.0,60:40:00,
3355,Southwest State University,Russia,,THE,,,,,,,11.4,,,,,,20.8,11.2,33.7,32.1,,13.4,11.0,39 : 61,
3356,University of Sri Jayewardenepura,Sri Lanka,,THE,,,,,,,35.7,,,,,,13.0,9.0,18.4,35.8,,22.9,0.0,63:37:00,
3357,Srinakharinwirot University,Thailand,,THE,,,,,,,15.8,,,,,,19.4,9.7,18.8,22.3,,18.9,1.0,67:33:00,
3358,Universitas Sriwijaya,Indonesia,,THE,,,,,,,18.1,,,,,,12.4,9.0,16.2,19.9,,24.7,0.0,60:40:00,
3359,Saints Cyril and Methodius University in Skopje,North Macedonia,,THE,,,,,,,25.9,,,,,,19.2,9.3,23.2,46.0,,13.5,5.0,63:37:00,
3360,State University of Bahia,Brazil,,THE,,,,,,,4.1,,,,,,19.3,8.6,16.2,20.0,,11.9,0.0,66:34:00,
3361,State University of Malang,Indonesia,,THE,,,,,,,30.0,,,,,,18.5,11.1,15.8,31.4,,30.5,4.0,55:45:00,
3362,State University of Ponta Grossa,Brazil,,THE,,,,,,,18.1,,,,,,24.9,11.3,18.1,25.9,,8.9,0.0,55:45:00,
3363,State University of Santa Cruz,Brazil,,THE,,,,,,,14.1,,,,,,22.9,9.3,17.4,34.9,,9.8,2.0,46:54:00,
3364,SÃ¼leyman Demirel University,Turkey,,THE,,,,,,,29.9,,,,,,23.5,9.8,18.6,25.6,,32.3,5.0,52:48:00,
3365,UniversitÃ© Sultan Moulay Slimane,Morocco,,THE,,,,,,,29.9,,,,,,11.8,9.8,21.1,21.5,,56.2,0.0,52:48:00,
3366,Universitas Sumatera Utara,Indonesia,,THE,,,,,,,26.6,,,,,,16.5,10.5,17.1,27.6,,19.2,2.0,54:46:00,
3367,SzÃ©chenyi IstvÃ¡n University,Hungary,,THE,,,,,,,23.2,,,,,,19.1,11.7,17.4,29.6,,14.8,5.0,45:55:00,
3368,Tamil Nadu Agricultural University,India,,THE,,,,,,,14.0,,,,,,29.5,11.0,26.7,17.0,,9.3,0.0,61:39:00,
3369,Technical University of Liberec,Czechia,,THE,,,,,,,18.2,,,,,,21.0,18.9,34.5,44.2,,13.3,10.0,54:46:00,
3370,Technical University of Sofia,Bulgaria,,THE,,,,,,,24.2,,,,,,23.2,11.1,25.0,26.8,,9.7,9.0,0.929861111,
3371,Technological University of Pereira,Colombia,,THE,,,,,,,14.8,,,,,,15.0,4.6,19.2,32.4,,17.8,0.0,44:56:00,
3372,Universidad TÃ©cnica Particular de Loja,Ecuador,,THE,,,,,,,11.2,,,,,,10.6,8.4,15.8,48.2,,29.3,1.0,56:44:00,
3373,Universidade TecnolÃ³gica Federal do ParanÃ¡ (UTFPR),Brazil,,THE,,,,,,,22.3,,,,,,16.7,10.2,42.3,25.3,,15.3,1.0,30 : 70,
3374,Teikyo University,Japan,,THE,,,,,,,33.9,,,,,,17.4,12.7,37.2,26.7,,16.0,5.0,36 : 64,
3375,Universiti Teknologi MARA,Malaysia,,THE,,,,,,,28.6,,,,,,20.2,14.7,23.9,24.2,,16.3,1.0,67:33:00,
3376,Telkom University,Indonesia,,THE,,,,,,,28.5,,,,,,15.0,11.0,21.3,38.1,,16.8,3.0,42:58:00,
3377,Temuco Catholic University,Chile,,THE,,,,,,,12.7,,,,,,19.8,10.5,23.9,43.1,,11.1,0.0,61:39:00,
3378,Tokat GaziosmanpaÅa University,Turkey,,THE,,,,,,,33.7,,,,,,17.1,8.6,17.5,32.1,,15.2,9.0,45:55:00,
3379,Tokyo University of Agriculture,Japan,,THE,,,,,,,18.9,,,,,,18.1,9.1,29.8,23.1,,32.2,2.0,43:57:00,
3380,Tokyo City University,Japan,,THE,,,,,,,13.9,,,,,,17.6,12.0,43.6,28.6,,26.8,2.0,1.011805556,
3381,Tokyo Denki University,Japan,,THE,,,,,,,12.1,,,,,,14.9,9.0,56.4,21.9,,28.7,3.0,0.602083333,
3382,Tomsk State University of Control Systems and Radioelectronics,Russia,,THE,,,,,,,18.9,,,,,,22.2,11.0,40.0,38.5,,12.1,14.0,29 : 71,
3383,Tottori University,Japan,,THE,,,,,,,21.3,,,,,,28.8,13.4,46.7,26.6,,8.0,2.0,38 : 62,
3384,Toyama Prefectural University,Japan,,THE,,,,,,,9.5,,,,,,25.0,9.5,27.0,21.8,,9.5,2.0,31 : 69,
3385,Toyo University,Japan,,THE,,,,,,,8.7,,,,,,14.4,9.2,19.6,36.0,,23.5,5.0,42:58:00,
3386,Tula State University,Russia,,THE,,,,,,,5.1,,,,,,11.6,9.0,17.6,19.0,,35.0,3.0,60:40:00,
3387,Ufa University of Science and Technology,Russia,,THE,,,,,,,8.1,,,,,,19.3,10.2,25.6,22.7,,12.6,5.0,37 : 63,
3388,Ufa State Petroleum Technological University,Russia,,THE,,,,,,,17.1,,,,,,23.0,8.0,16.7,29.7,,8.2,11.0,38 : 62,
3389,Universiti Malaysia Sabah (UMS),Malaysia,,THE,,,,,,,25.0,,,,,,17.8,14.3,21.8,41.8,,16.6,4.0,66:34:00,
3390,UÅak University,Turkey,,THE,,,,,,,14.3,,,,,,11.4,10.4,19.0,32.1,,27.4,11.0,49:51:00,
3391,Utsunomiya University,Japan,,THE,,,,,,,9.1,,,,,,20.4,12.6,27.7,29.1,,13.7,4.0,37 : 63,
3392,Uzhhorod National University,Ukraine,,THE,,,,,,,4.7,,,,,,22.2,8.9,16.2,45.2,,11.3,13.0,53:47:00,
3393,Universidad del Valle,Colombia,,THE,,,,,,,12.2,,,,,,23.2,8.7,17.9,40.6,,8.9,1.0,50:50:00,
3394,University of ValparaÃ­so,Chile,,THE,,,,,,,22.0,,,,,,15.4,12.2,18.7,47.8,,19.0,2.0,58:42:00,
3395,Van YÃ¼zÃ¼ncÃ¼ Yil University,Turkey,,THE,,,,,,,19.3,,,,,,21.7,22.8,45.4,21.4,,17.5,3.0,47:53:00,
3396,Instituto PolitÃ©cnico de Viana do Castelo,Portugal,,THE,,,,,,,35.4,,,,,,13.0,9.6,18.7,44.1,,19.8,10.0,49:51:00,
3397,Vietnam National University (Ho Chi Minh City),Vietnam,,THE,,,,,,,26.1,,,,,,14.6,11.2,26.2,36.8,,24.5,1.0,46:54:00,
3398,"Vignanâs Foundation for Science, Technology and Research",India,,THE,,,,,,,36.0,,,,,,22.2,7.6,16.7,21.1,,11.3,1.0,47:53:00,
3399,V.I. Vernadsky Crimean Federal University (Vernadsky CFU),Ukraine,,THE,,,,,,,7.6,,,,,,19.0,9.9,16.6,27.2,,12.5,9.0,55:45:00,
3400,Volgograd State Technical University,Russia,,THE,,,,,,,22.9,,,,,,17.8,9.3,18.5,27.9,,13.9,10.0,30 : 70,
3401,Voronezh State University,Russia,,THE,,,,,,,7.7,,,,,,22.7,10.7,17.4,37.0,,11.1,15.0,52:48:00,
3402,Voronezh State Technical University,Russia,,THE,,,,,,,29.8,,,,,,20.5,8.5,18.8,23.9,,13.5,6.0,36 : 64,
3403,University of Warmia and Mazury in Olsztyn,Poland,,THE,,,,,,,35.3,,,,,,16.9,13.5,21.8,23.3,,17.5,3.0,60:40:00,
3404,University of West Attica,Greece,,THE,,,,,,,34.7,,,,,,10.0,9.7,22.8,24.9,,37.9,0.0,50:50:00,
3405,Yanshan University,China,,THE,,,,,,,34.5,,,,,,19.5,11.7,36.0,20.4,,13.4,1.0,39 : 61,
3406,Yeditepe University,Turkey,,THE,,,,,,,17.6,,,,,,22.0,12.4,59.3,38.8,,27.5,6.0,55:45:00,
3407,Yerevan State University,Armenia,,THE,,,,,,,26.8,,,,,,23.9,8.6,16.4,38.1,,8.0,2.0,53:47:00,
3408,Universitas Negeri Yogyakarta,Indonesia,,THE,,,,,,,28.8,,,,,,16.9,10.5,23.1,30.6,,16.3,1.0,61:39:00,
3409,Zonguldak BÃ¼lent Ecevit University,Turkey,,THE,,,,,,,21.6,,,,,,12.5,11.2,48.1,26.4,,22.4,8.0,57:43:00,
3410,Abbes Laghrour University of Khenchala,Algeria,,THE,,,,,,,,,,,,,,,,,,26.1,0.0,70:30:00,
3411,Abbottabad University of Science and Technology,Pakistan,,THE,,,,,,,,,,,,,,,,,,13.3,0.0,31 : 69,
3412,Abdelhafid Boussouf University Center of Mila,Algeria,,THE,,,,,,,,,,,,,,,,,,24.9,0.0,72:28:00,
3413,Abdullah GÃ¼l University,Turkey,,THE,,,,,,,,,,,,,,,,,,22.5,9.0,46:54:00,
3414,Abertay University,United Kingdom,,THE,,,,,,,,,,,,,,,,,,23.4,21.0,47:53:00,
3415,Abia State University,Nigeria,,THE,,,,,,,,,,,,,,,,,,45.8,0.0,49:51:00,
3416,Abrar University,Somalia,,THE,,,,,,,,,,,,,,,,,495.0,5.5,0.0,40 : 60,
3417,Ada Kent University,Northern Cyprus,,THE,,,,,,,,,,,,,,,,,911.0,1.0,19.0,39 : 61,
3418,Adventist University of Central Africa,Rwanda,,THE,,,,,,,,,,,,,,,,,,31.7,11.0,44:56:00,
3419,AECC University College,United Kingdom,,THE,,,,,,,,,,,,,,,,,780.0,19.5,39.0,45:55:00,
3420,University Center of Aflou,Algeria,,THE,,,,,,,,,,,,,,,,,,23.7,0.0,48:52:00,
3421,University of Agronomic Sciences and Veterinary Medicine of Bucharest,Romania,,THE,,,,,,,,,,,,,,,,,,16.7,3.0,49:51:00,
3422,Universitas Ahmad Dahlan,Indonesia,,THE,,,,,,,,,,,,,,,,,,34.6,1.0,61:39:00,
3423,University of Ahmed Draia,Algeria,,THE,,,,,,,,,,,,,,,,,,28.0,0.0,59:41:00,
3424,Aichi Prefectural University,Japan,,THE,,,,,,,,,,,,,,,,,,15.4,1.0,72:28:00,
3425,UniversitÃ© dâAin TÃ©mouchent,Algeria,,THE,,,,,,,,,,,,,,,,,,17.2,1.0,64:36:00,
3426,Ajeenkya DY Patil University,India,,THE,,,,,,,,,,,,,,,,,,15.8,1.0,0.806944444,
3427,Ajman University,United Arab Emirates,,THE,,,,,,,,,,,,,,,,,,15.1,82.0,59:41:00,
3428,Akhmet Yassawi University,Kazakhstan,,THE,,,,,,,,,,,,,,,,,,8.6,10.0,60:40:00,
3429,Akita Prefectural University,Japan,,THE,,,,,,,,,,,,,,,,,,8.9,1.0,27 : 73,
3430,Akli Mohand Oulhadj Bouira University,Algeria,,THE,,,,,,,,,,,,,,,,,,28.3,0.0,52:48:00,
3431,Akwa Ibom State University,Nigeria,,THE,,,,,,,,,,,,,,,,,,21.2,0.0,42:58:00,
3432,Al-Ahliyya Amman University,Jordan,,THE,,,,,,,,,,,,,,,,,,12.1,60.0,49:51:00,
3433,Al Ain University,United Arab Emirates,,THE,,,,,,,,,,,,,,,,,,14.6,60.0,54:46:00,
3434,Al Akhawayn University,Morocco,,THE,,,,,,,,,,,,,,,,,,17.0,2.0,54:46:00,
3435,Al al-Bayt University,Jordan,,THE,,,,,,,,,,,,,,,,,,38.8,4.0,59:41:00,
3436,Al-Ayen University,Iraq,,THE,,,,,,,,,,,,,,,,,,25.6,0.0,48:52:00,
3437,Al-Baha University,Saudi Arabia,,THE,,,,,,,,,,,,,,,,,,14.1,2.0,57:43:00,
3438,Al-Bayan University,Iraq,,THE,,,,,,,,,,,,,,,,,,29.9,0.0,53:47:00,
3439,Albaydha University,Yemen,,THE,,,,,,,,,,,,,,,,,,5.1,0.0,45:55:00,
3440,Al-Esraa University College,Iraq,,THE,,,,,,,,,,,,,,,,,,26.7,0.0,,
3441,Alex Ekwueme Federal University Ndufu-Alike,Nigeria,,THE,,,,,,,,,,,,,,,,,,19.4,0.0,54:46:00,
3442,Al-Farabi University College,Iraq,,THE,,,,,,,,,,,,,,,,,,21.8,0.0,43:57:00,
3443,Al-Furat Al-Awsat Technical University,Iraq,,THE,,,,,,,,,,,,,,,,,,40.8,0.0,56:44:00,
3444,University of Algiers 1,Algeria,,THE,,,,,,,,,,,,,,,,,,17.2,0.0,81:19:00,
3445,Algiers 2 University,Algeria,,THE,,,,,,,,,,,,,,,,,,31.1,0.0,72:28:00,
3446,University of Algiers 3,Algeria,,THE,,,,,,,,,,,,,,,,,,35.5,0.0,48:52:00,
3447,University of Al-Hamdaniya,Iraq,,THE,,,,,,,,,,,,,,,,,,20.2,0.0,35 : 65,
3448,Al-Hussein Bin Talal University,Jordan,,THE,,,,,,,,,,,,,,,,,,26.9,1.0,55:45:00,
3449,Alisher Navoâi Tashkent State University of Uzbek Language and Literature,Uzbekistan,,THE,,,,,,,,,,,,,,,,,,13.0,7.0,82:18:00,
3450,Al-Janad University for Science and Technology,Yemen,,THE,,,,,,,,,,,,,,,,,,68.8,0.0,45:55:00,
3451,University of Alkafeel,Iraq,,THE,,,,,,,,,,,,,,,,,,17.6,0.0,57:43:00,
3452,Al-Karkh University of Science,Iraq,,THE,,,,,,,,,,,,,,,,,,9.0,0.0,42:58:00,
3453,Al-Kitab University,Iraq,,THE,,,,,,,,,,,,,,,,,,20.3,0.0,38 : 62,
3454,AlMaarefa University,Saudi Arabia,,THE,,,,,,,,,,,,,,,,,,19.0,19.0,58:42:00,
3455,Al-Maarif University College,Iraq,,THE,,,,,,,,,,,,,,,,,,17.6,1.0,60:40:00,
3456,Al-Manara College for Medical Sciences,Iraq,,THE,,,,,,,,,,,,,,,,,,22.7,0.0,54:46:00,
3457,Almaty Technological University,Kazakhstan,,THE,,,,,,,,,,,,,,,,,,6.3,6.0,56:44:00,
3458,Almazov National Medical Research Centre,Russia,,THE,,,,,,,,,,,,,,,,,,5.1,2.0,72:28:00,
3459,Al-Mustaqbal University,Iraq,,THE,,,,,,,,,,,,,,,,,,19.8,0.0,40 : 60,
3460,Al-Muthanna University,Iraq,,THE,,,,,,,,,,,,,,,,,,23.5,0.0,55:45:00,
3461,Al-Nisour University College,Iraq,,THE,,,,,,,,,,,,,,,,,,16.2,2.0,47:53:00,
3462,Al-Noor University College,Iraq,,THE,,,,,,,,,,,,,,,,,,23.5,0.0,39 : 61,
3463,Al-Qalam University College,Iraq,,THE,,,,,,,,,,,,,,,,,,28.2,0.0,32 : 68,
3464,Al-Qasim Green University,Iraq,,THE,,,,,,,,,,,,,,,,,,7.3,0.0,50:50:00,
3465,Al-Quds University,Palestine,,THE,,,,,,,,,,,,,,,,,,13.4,26.0,61:39:00,
3466,Al-Rafidain University College,Iraq,,THE,,,,,,,,,,,,,,,,,,37.3,0.0,45:55:00,
3467,Al Safwa University College,Iraq,,THE,,,,,,,,,,,,,,,,,,23.5,0.0,40 : 60,
3468,AltÄ±nbaÅ University,Turkey,,THE,,,,,,,,,,,,,,,,,,20.8,51.0,51:49:00,
3469,Altoosi University College,Iraq,,THE,,,,,,,,,,,,,,,,,,29.7,0.0,47:53:00,
3470,Al Turath University,Iraq,,THE,,,,,,,,,,,,,,,,,,39.4,0.0,37 : 63,
3471,Al-Zaytoonah University of Jordan,Jordan,,THE,,,,,,,,,,,,,,,,,,27.7,29.0,51:49:00,
3472,American University in the Emirates (AUE),United Arab Emirates,,THE,,,,,,,,,,,,,,,,,,16.6,44.0,38 : 62,
3473,American University in Dubai,United Arab Emirates,,THE,,,,,,,,,,,,,,,,,,14.8,75.0,57:43:00,
3474,American International University â Bangladesh,Bangladesh,,THE,,,,,,,,,,,,,,,,,,23.1,0.0,24 : 76,
3475,American University of Madaba,Jordan,,THE,,,,,,,,,,,,,,,,,,19.0,25.0,48:52:00,
3476,American University of Ras Al Khaimah,United Arab Emirates,,THE,,,,,,,,,,,,,,,,,,10.2,57.0,48:52:00,
3477,"Amity University, Chhattisgarh",India,,THE,,,,,,,,,,,,,,,,,,25.5,0.0,51:49:00,
3478,"Amity University, Gurugram",India,,THE,,,,,,,,,,,,,,,,,,17.0,1.0,53:47:00,
3479,"Amity University, Gwalior",India,,THE,,,,,,,,,,,,,,,,,,6.8,0.0,39 : 61,
3480,"Amity University Rajasthan, Jaipur",India,,THE,,,,,,,,,,,,,,,,,,14.5,0.0,39 : 61,
3481,"Amity University, Mumbai",India,,THE,,,,,,,,,,,,,,,,,,25.3,9.0,47:53:00,
3482,AnÃ¡huac University,Mexico,,THE,,,,,,,,,,,,,,,,,,8.4,4.0,57:43:00,
3483,Andijan Machine-Building Institute,Uzbekistan,,THE,,,,,,,,,,,,,,,,,,16.5,2.0,36 : 64,
3484,Andijan State University,Uzbekistan,,THE,,,,,,,,,,,,,,,,,,23.2,0.0,,
3485,Andijan State Medical Institute,Uzbekistan,,THE,,,,,,,,,,,,,,,,,,10.0,5.0,45:55:00,
3486,Andijan State Pedagogical Institute (ASPI),Uzbekistan,,THE,,,,,,,,,,,,,,,,,,39.9,0.0,77:23:00,
3487,AndrÃ©s Bello Catholic University (UCAB),Venezuela,,THE,,,,,,,,,,,,,,,,,,18.4,2.0,50:50:00,
3488,Anglo-American University,Czechia,,THE,,,,,,,,,,,,,,,,,454.0,13.1,82.0,61:39:00,
3489,Ankara Science University,Turkey,,THE,,,,,,,,,,,,,,,,,320.0,5.1,7.0,51:49:00,
3490,Applied Science Private University,Jordan,,THE,,,,,,,,,,,,,,,,,,18.6,29.0,51:49:00,
3491,Arab American University,Palestine,,THE,,,,,,,,,,,,,,,,,,26.7,36.0,58:42:00,
3492,Arabian Gulf University,Bahrain,,THE,,,,,,,,,,,,,,,,,,6.9,74.0,69:31:00,
3493,Arab Open University,Kuwait,,THE,,,,,,,,,,,,,,,,,,75.0,35.0,54:46:00,
3494,Arkin University of Creative Arts and Design (ARUCAD),Northern Cyprus,,THE,,,,,,,,,,,,,,,,,410.0,5.7,37.0,60:40:00,
3495,Armenian State Pedagogical University,Armenia,,THE,,,,,,,,,,,,,,,,,,9.2,2.0,77:23:00,
3496,Arts University Bournemouth,United Kingdom,,THE,,,,,,,,,,,,,,,,,,14.2,21.0,69:31:00,
3497,University of the Arts London,United Kingdom,,THE,,,,,,,,,,,,,,,,,,11.9,59.0,76:24:00,
3498,Arts University Plymouth,United Kingdom,,THE,,,,,,,,,,,,,,,,,,11.6,8.0,73:27:00,
3499,Arturo Prat University,Chile,,THE,,,,,,,,,,,,,,,,,,22.9,7.0,57:43:00,
3500,Asahi University,Japan,,THE,,,,,,,,,,,,,,,,,,8.7,5.0,34 : 66,
3501,Asfendiyarov Kazakh National Medical University,Kazakhstan,,THE,,,,,,,,,,,,,,,,,,8.2,22.0,80:20:00,
3502,Ashikaga University,Japan,,THE,,,,,,,,,,,,,,,,,,21.2,17.0,25 : 75,
3503,Ashur University,Iraq,,THE,,,,,,,,,,,,,,,,,,11.1,0.0,54:46:00,
3504,Atyrau University,Kazakhstan,,THE,,,,,,,,,,,,,,,,,,18.0,2.0,96:04:00,
3505,Audencia,France,,THE,,,,,,,,,,,,,,,,,,50.6,37.0,51:49:00,
3506,Austral University,Argentina,,THE,,,,,,,,,,,,,,,,,,8.5,8.0,52:48:00,
3507,Autonomous University of Chiapas,Mexico,,THE,,,,,,,,,,,,,,,,,,45.7,0.0,49:51:00,
3508,Azerbaijan University of Architecture and Construction,Azerbaijan,,THE,,,,,,,,,,,,,,,,,,15.2,4.0,36 : 64,
3509,Azerbaijan State University of Economics,Azerbaijan,,THE,,,,,,,,,,,,,,,,,,10.4,3.0,39 : 61,
3510,Babcock University,Nigeria,,THE,,,,,,,,,,,,,,,,,,19.8,1.0,50:50:00,
3511,"Bacha Khan University, Charsadda",Pakistan,,THE,,,,,,,,,,,,,,,,,,20.5,0.0,0.929861111,
3512,Badr University in Cairo (BUC),Egypt,,THE,,,,,,,,,,,,,,,,,,17.8,2.0,56:44:00,
3513,Bakrie University,Indonesia,,THE,,,,,,,,,,,,,,,,,,36.8,0.0,53:47:00,
3514,University of Balochistan,Pakistan,,THE,,,,,,,,,,,,,,,,,,48.1,0.0,35 : 65,
3515,"Balochistan University of Information Technology, Engineering and Management Sciences (BUITEMS)",Pakistan,,THE,,,,,,,,,,,,,,,,,,19.1,0.0,0.765972222,
3516,"University of Baltistan, Skardu",Pakistan,,THE,,,,,,,,,,,,,,,,,,29.5,0.0,45:55:00,
3517,Bandirma Onyedi EylÃ¼l University,Turkey,,THE,,,,,,,,,,,,,,,,,,31.8,7.0,,
3518,Bangabandhu Sheikh Mujibur Rahman Agricultural University,Bangladesh,,THE,,,,,,,,,,,,,,,,,,8.0,3.0,55:45:00,
3519,Barawa International University,Somalia,,THE,,,,,,,,,,,,,,,,,,35.3,3.0,33 : 67,
3520,Bashkir State Medical University,Russia,,THE,,,,,,,,,,,,,,,,,,10.2,28.0,60:40:00,
3521,Bath Spa University,United Kingdom,,THE,,,,,,,,,,,,,,,,,,16.4,14.0,69:31:00,
3522,University of Batna 1,Algeria,,THE,,,,,,,,,,,,,,,,,,27.8,0.0,73:27:00,
3523,Bayburt University,Turkey,,THE,,,,,,,,,,,,,,,,,,30.8,1.0,44:56:00,
3524,Baze University,Nigeria,,THE,,,,,,,,,,,,,,,,,,11.3,0.0,50:50:00,
3525,Belarusian State University of Informatics and Radioelectronics,Belarus,,THE,,,,,,,,,,,,,,,,,,13.6,5.0,24 : 76,
3526,Belarusian State Medical University,Belarus,,THE,,,,,,,,,,,,,,,,,,6.3,28.0,67:33:00,
3527,Bells University of Technology,Nigeria,,THE,,,,,,,,,,,,,,,,,,9.7,0.0,24 : 76,
3528,University of Benghazi,Libya,,THE,,,,,,,,,,,,,,,,,,16.5,2.0,58:42:00,
3529,Benson Idahosa University,Nigeria,,THE,,,,,,,,,,,,,,,,,,16.4,0.0,45:55:00,
3530,Beykent University,Turkey,,THE,,,,,,,,,,,,,,,,,,25.4,5.0,49:51:00,
3531,Bilad Alrafidain University College,Iraq,,THE,,,,,,,,,,,,,,,,,,31.8,0.0,57:43:00,
3532,Birmingham Newman University,United Kingdom,,THE,,,,,,,,,,,,,,,,,,19.8,10.0,77:23:00,
3533,Biruni University,Turkey,,THE,,,,,,,,,,,,,,,,,,20.5,13.0,70:30:00,
3534,University of Bisha,Saudi Arabia,,THE,,,,,,,,,,,,,,,,,,12.0,1.0,59:41:00,
3535,Bishop Grosseteste University,United Kingdom,,THE,,,,,,,,,,,,,,,,,,21.2,4.0,78:22:00,
3536,University of BogotÃ¡ Jorge Tadeo Lozano,Colombia,,THE,,,,,,,,,,,,,,,,,,17.6,1.0,56:44:00,
3537,Bohdan Khmelnytsky National University of Cherkasy,Ukraine,,THE,,,,,,,,,,,,,,,,,,10.4,1.0,61:39:00,
3538,University of Bolton,United Kingdom,,THE,,,,,,,,,,,,,,,,,,16.8,38.0,60:40:00,
3539,The British University in Dubai,United Arab Emirates,,THE,,,,,,,,,,,,,,,,,527.0,11.7,60.0,46:54:00,
3540,Buckinghamshire New University,United Kingdom,,THE,,,,,,,,,,,,,,,,,,15.3,30.0,59:41:00,
3541,Bukhara Engineering Technological Institute,Uzbekistan,,THE,,,,,,,,,,,,,,,,,,24.3,0.0,24 : 76,
3542,Bukhara State University,Uzbekistan,,THE,,,,,,,,,,,,,,,,,,20.7,2.0,57:43:00,
3543,Bukhara State Medical Institute,Uzbekistan,,THE,,,,,,,,,,,,,,,,,,6.8,9.0,43:57:00,
3544,Bukkyo University,Japan,,THE,,,,,,,,,,,,,,,,,,26.6,1.0,48:52:00,
3545,Buriram Rajabhat University,Thailand,,THE,,,,,,,,,,,,,,,,,,29.4,1.0,54:46:00,
3546,ÃaÄ University,Turkey,,THE,,,,,,,,,,,,,,,,,,18.8,0.0,34 : 66,
3547,Universidad Camilo JosÃ© Cela,Spain,,THE,,,,,,,,,,,,,,,,,,21.9,6.0,74:26:00,
3548,Canadian International College (CIC) â Cairo,Egypt,,THE,,,,,,,,,,,,,,,,,,42.9,1.0,0.970833333,
3549,Universidad de Carabobo,Venezuela,,THE,,,,,,,,,,,,,,,,,,17.1,0.0,60:40:00,
3550,Catholic University of Ãvila,Spain,,THE,,,,,,,,,,,,,,,,,,7.7,3.0,63:37:00,
3551,Catholic University in Erbil,Iraq,,THE,,,,,,,,,,,,,,,,,271.0,4.8,4.0,55:45:00,
3552,Universidad CatÃ³lica de Colombia,Colombia,,THE,,,,,,,,,,,,,,,,,,20.3,1.0,50:50:00,
3553,Universidad CatÃ³lica de Cuenca,Ecuador,,THE,,,,,,,,,,,,,,,,,,10.6,3.0,73:27:00,
3554,Universidad CatÃ³lica San Pablo,Peru,,THE,,,,,,,,,,,,,,,,,,33.0,1.0,53:47:00,
3555,Caucasus International University,Georgia,,THE,,,,,,,,,,,,,,,,,,12.0,44.0,54:46:00,
3556,CBS International Business School,Germany,,THE,,,,,,,,,,,,,,,,,,37.2,33.0,49:51:00,
3557,Cebu Technological University,Philippines,,THE,,,,,,,,,,,,,,,,,,39.6,0.0,59:41:00,
3558,CECOS University of IT and Emerging Sciences,Pakistan,,THE,,,,,,,,,,,,,,,,,,16.0,0.0,0.397222222,
3559,University of Celaya,Mexico,,THE,,,,,,,,,,,,,,,,,,11.0,5.0,51:49:00,
3560,University Center Ali Kafi Tindouf,Algeria,,THE,,,,,,,,,,,,,,,,,,16.6,4.0,54:46:00,
3561,University Center of Illizi,Algeria,,THE,,,,,,,,,,,,,,,,,,44.6,0.0,40 : 60,
3562,University Center Morsli Abdellah of Tipaza,Algeria,,THE,,,,,,,,,,,,,,,,,,36.3,0.0,62:38:00,
3563,University Center of Barika,Algeria,,THE,,,,,,,,,,,,,,,,,,25.9,0.0,55:45:00,
3564,Central European University,Austria,,THE,,,,,,,,,,,,,,,,,,7.4,97.0,54:46:00,
3565,Central Luzon State University,Philippines,,THE,,,,,,,,,,,,,,,,,,22.3,0.0,62:38:00,
3566,University of Central Punjab,Pakistan,,THE,,,,,,,,,,,,,,,,,,25.6,0.0,37 : 63,
3567,Centro de Estudios para la Calidad Educativa y la InvestigaciÃ³n CientÃ­fica (CECEIC),Mexico,,THE,,,,,,,,,,,,,,,,,131.0,6.2,15.0,62:38:00,
3568,Centro UniversitÃ¡rio Cesuca,Brazil,,THE,,,,,,,,,,,,,,,,,,25.5,0.0,64:36:00,
3569,Centurion University of Technology and Management,India,,THE,,,,,,,,,,,,,,,,,,16.4,4.0,28 : 72,
3570,Universidad CÃ©sar Vallejo,Peru,,THE,,,,,,,,,,,,,,,,,,70.6,2.0,55:45:00,
3571,CETYS Universidad,Mexico,,THE,,,,,,,,,,,,,,,,,,10.2,15.0,45:55:00,
3572,Charisma University,Turks and Caicos Islands,,THE,,,,,,,,,,,,,,,,,816.0,4.2,86.0,52:48:00,
3573,Chernihiv Polytechnic National University,Ukraine,,THE,,,,,,,,,,,,,,,,,,20.3,0.0,42:58:00,
3574,Chettinad Academy of Research and Education,India,,THE,,,,,,,,,,,,,,,,,,8.9,2.0,60:40:00,
3575,University of Chichester,United Kingdom,,THE,,,,,,,,,,,,,,,,,,15.0,8.0,64:36:00,
3576,Chinhoyi University of Technology,Zimbabwe,,THE,,,,,,,,,,,,,,,,,,46.5,0.0,50:50:00,
3577,Chitkara University,India,,THE,,,,,,,,,,,,,,,,,,14.4,4.0,37 : 63,
3578,Universidad CientÃ­fica del Sur,Peru,,THE,,,,,,,,,,,,,,,,,,10.8,1.0,67:33:00,
3579,Cihan University â Erbil,Iraq,,THE,,,,,,,,,,,,,,,,,,23.5,2.0,43:57:00,
3580,Cihan University Sulaimaniya,Iraq,,THE,,,,,,,,,,,,,,,,,,10.5,7.0,54:46:00,
3581,"City University of Science and Information Technology, Peshawar",Pakistan,,THE,,,,,,,,,,,,,,,,,,21.7,2.0,0.806944444,
3582,Civil Aviation Academy,Kazakhstan,,THE,,,,,,,,,,,,,,,,,,17.5,2.0,24 : 76,
3583,University of Civil Protection,Belarus,,THE,,,,,,,,,,,,,,,,,754.0,3.9,12.0,0.479166667,
3584,Conservatoire for Dance and Drama,United Kingdom,,THE,,,,,,,,,,,,,,,,,,11.8,36.0,70:30:00,
3585,University of Constantine 3,Algeria,,THE,,,,,,,,,,,,,,,,,,16.9,2.0,73:27:00,
3586,Courtauld Institute of Art,United Kingdom,,THE,,,,,,,,,,,,,,,,,525.0,15.0,45.0,79:21:00,
3587,Cranfield University,United Kingdom,,THE,,,,,,,,,,,,,,,,,,7.7,63.0,30 : 70,
3588,University for the Creative Arts,United Kingdom,,THE,,,,,,,,,,,,,,,,,,18.1,40.0,65:35:00,
3589,University of Cumbria,United Kingdom,,THE,,,,,,,,,,,,,,,,,,17.7,11.0,70:30:00,
3590,University of Cyberjaya,Malaysia,,THE,,,,,,,,,,,,,,,,,,17.3,22.0,72:28:00,
3591,Cyprus Health and Social Sciences University,Northern Cyprus,,THE,,,,,,,,,,,,,,,,,,19.5,73.0,44:56:00,
3592,Daffodil International University (DIU),Bangladesh,,THE,,,,,,,,,,,,,,,,,,22.0,5.0,37 : 63,
3593,Daneshpajoohan Pishro Higher Education Institute,Iran,,THE,,,,,,,,,,,,,,,,,,43.7,0.0,72:28:00,
3594,Dawood University of Engineering and Technology,Pakistan,,THE,,,,,,,,,,,,,,,,,,11.5,0.0,0.806944444,
3595,Debre Tabor University,Ethiopia,,THE,,,,,,,,,,,,,,,,,,13.8,0.0,37 : 63,
3596,Delta University for Science and Technology,Egypt,,THE,,,,,,,,,,,,,,,,,,16.6,0.0,48:52:00,
3597,"Delta State University, Abraka",Nigeria,,THE,,,,,,,,,,,,,,,,,,34.7,0.0,57:43:00,
3598,Denau Institute of Entrepreneurship and Pedagogy,Uzbekistan,,THE,,,,,,,,,,,,,,,,,,21.5,0.0,65:35:00,
3599,Dhaka International University,Bangladesh,,THE,,,,,,,,,,,,,,,,,,27.8,8.0,0.806944444,
3600,DHA Suffa University,Pakistan,,THE,,,,,,,,,,,,,,,,,,21.4,0.0,24 : 76,
3601,Dhofar University,Oman,,THE,,,,,,,,,,,,,,,,,,17.4,7.0,55:45:00,
3602,University of Djilali Bounaama Khemis Miliana,Algeria,,THE,,,,,,,,,,,,,,,,,,27.6,0.0,63:37:00,
3603,Don Bosco University,India,,THE,,,,,,,,,,,,,,,,,,14.9,0.0,47:53:00,
3604,Donetsk National University of Economics and Trade named after Mykhailo Tuhan-Baranovsky (DonNUET),Ukraine,,THE,,,,,,,,,,,,,,,,,722.0,12.4,1.0,62:38:00,
3605,Dovletmammet Azadi Turkmen National Institute of World Languages,Turkmenistan,,THE,,,,,,,,,,,,,,,,,,13.3,0.0,78:22:00,
3606,"Dr D. Y. Patil Vidyapeeth, Pune",India,,THE,,,,,,,,,,,,,,,,,,7.2,0.0,58:42:00,
3607,Dr. M.G.R. Educational and Research Institute,India,,THE,,,,,,,,,,,,,,,,,,15.0,0.0,30 : 70,
3608,D. Serikbayev East Kazakhstan Technical University,Kazakhstan,,THE,,,,,,,,,,,,,,,,,,14.4,3.0,29 : 71,
3609,University of Dubai,United Arab Emirates,,THE,,,,,,,,,,,,,,,,,,21.0,24.0,29 : 71,
3610,University of Duhok,Iraq,,THE,,,,,,,,,,,,,,,,,,12.8,1.0,56:44:00,
3611,Dulaty University,Kazakhstan,,THE,,,,,,,,,,,,,,,,,,11.6,15.0,54:46:00,
3612,EAE Business School,Spain,,THE,,,,,,,,,,,,,,,,,,7.2,48.0,47:53:00,
3613,EAN University,Colombia,,THE,,,,,,,,,,,,,,,,,,22.0,1.0,55:45:00,
3614,University of Eastern Philippines,Philippines,,THE,,,,,,,,,,,,,,,,,,42.4,0.0,59:41:00,
3615,Ãcole Nationale Polytechnique,Algeria,,THE,,,,,,,,,,,,,,,,,,10.2,0.0,38 : 62,
3616,Ãcole Nationale Polytechnique dâOran Maurice Audin,Algeria,,THE,,,,,,,,,,,,,,,,,,12.8,0.0,32 : 68,
3617,Ãcole Nationale SupÃ©rieure Agronomique,Algeria,,THE,,,,,,,,,,,,,,,,,,7.6,0.0,76:24:00,
3618,"Ãcole Nationale SupÃ©rieure Agronomique, Algiers",Algeria,,THE,,,,,,,,,,,,,,,,,350.0,11.7,0.0,74:26:00,
3619,Ãcole Nationale SupÃ©rieure de Biotechnologie Taoufik Khaznadar (ENSB),Algeria,,THE,,,,,,,,,,,,,,,,,,15.1,0.0,78:22:00,
3620,Ãcole Nationale SupÃ©rieure dâInformatique (ESI),Algeria,,THE,,,,,,,,,,,,,,,,,,9.8,0.0,50:50:00,
3621,Ãcole Nationale SupÃ©rieure de Management KolÃ©a,Algeria,,THE,,,,,,,,,,,,,,,,,606.0,16.4,0.0,67:33:00,
3622,Ãcole Nationale SupÃ©rieure des Sciences de la Mer et de lâAmÃ©nagement du Littoral (ENSSMAL),Algeria,,THE,,,,,,,,,,,,,,,,,888.0,12.0,0.0,51:49:00,
3623,Ãcole Nationale SupÃ©rieure VÃ©tÃ©rinaire dâAlger,Algeria,,THE,,,,,,,,,,,,,,,,,694.0,8.5,0.0,55:45:00,
3624,Ãcole National Polytechnique de Constantine,Algeria,,THE,,,,,,,,,,,,,,,,,966.0,13.4,0.0,41:59:00,
3625,Ãcole Normale SupÃ©rieure de BÃ©char,Algeria,,THE,,,,,,,,,,,,,,,,,307.0,6.5,0.0,100:00:00,
3626,Ãcole Normale SupÃ©rieure de BouzarÃ©ah,Algeria,,THE,,,,,,,,,,,,,,,,,,15.1,0.0,91:09:00,
3627,Ãcole Normale SupÃ©rieure El Katiba Assia Djebar Constantine (ENSC),Algeria,,THE,,,,,,,,,,,,,,,,,,14.3,0.0,93:07:00,
3628,Ãcole Normale SupÃ©rieure de Kouba,Algeria,,THE,,,,,,,,,,,,,,,,,,10.1,0.0,84:16:00,
3629,Ãcole Normale SupÃ©rieure de Laghouat,Algeria,,THE,,,,,,,,,,,,,,,,,,17.4,0.0,77:23:00,
3630,Ãcole Normale SupÃ©rieure dâOran,Algeria,,THE,,,,,,,,,,,,,,,,,626.0,10.6,,92:08:00,
3631,Ãcole Polytechnique dâArchitecture et dâUrbanisme,Algeria,,THE,,,,,,,,,,,,,,,,,,10.3,0.0,65:35:00,
3632,Ãcole SupÃ©rieure de ComptabilitÃ© et de Finances de Constantine,Algeria,,THE,,,,,,,,,,,,,,,,,786.0,15.1,0.0,81:19:00,
3633,Ãcole SupÃ©rieure en Informatique 8 Mai 1945 de Sidi-Bel-AbbÃ¨s,Algeria,,THE,,,,,,,,,,,,,,,,,899.0,17.6,0.0,34 : 66,
3634,Ãcole SupÃ©rieure en Sciences AppliquÃ©es de Tlemcen,Algeria,,THE,,,,,,,,,,,,,,,,,801.0,8.8,0.0,45:55:00,
3635,Ãcole SupÃ©rieure en Sciences Biologiques dâOran (ESSBO),Algeria,,THE,,,,,,,,,,,,,,,,,493.0,14.1,0.0,83:17:00,
3636,Ãcole SupÃ©rieure en Sciences et Technologies de lâInformatique et du NumÃ©rique (ESTIN),Algeria,,THE,,,,,,,,,,,,,,,,,520.0,17.3,0.0,,
3637,University of Economics â Varna,Bulgaria,,THE,,,,,,,,,,,,,,,,,,36.4,4.0,60:40:00,
3638,Edo State University Uzairue,Nigeria,,THE,,,,,,,,,,,,,,,,,,15.4,0.0,51:49:00,
3639,Edwin Clark University,Nigeria,,THE,,,,,,,,,,,,,,,,,775.0,9.9,0.0,60:40:00,
3640,Effat University,Saudi Arabia,,THE,,,,,,,,,,,,,,,,,,11.6,34.0,99:01:00,
3641,Egerton University,Kenya,,THE,,,,,,,,,,,,,,,,,,55.1,1.0,36 : 64,
3642,Egyptian Russian University,Egypt,,THE,,,,,,,,,,,,,,,,,,13.0,2.0,40 : 60,
3643,Elizade University,Nigeria,,THE,,,,,,,,,,,,,,,,,,9.6,0.0,45:55:00,
3644,University of El Oued,Algeria,,THE,,,,,,,,,,,,,,,,,,33.3,0.0,57:43:00,
3645,Emir Abdelkader University of Islamic Sciences,Algeria,,THE,,,,,,,,,,,,,,,,,,19.6,0.0,73:27:00,
3646,"Institute of Engineering, Technical and Transport Communications of Turkmenistan",Turkmenistan,,THE,,,,,,,,,,,,,,,,,,14.2,1.0,38 : 62,
3647,Escola Superior de Enfermagem do Porto (ESEP),Portugal,,THE,,,,,,,,,,,,,,,,,,9.4,0.0,85:15:00,
3648,Escuela Superior PolitÃ©cnica de Chimborazo,Ecuador,,THE,,,,,,,,,,,,,,,,,,21.4,0.0,50:50:00,
3649,ESIC University,Spain,,THE,,,,,,,,,,,,,,,,,,19.6,10.0,45:55:00,
3650,EskiÅehir Technical University,Turkey,,THE,,,,,,,,,,,,,,,,,,21.6,2.0,41:59:00,
3651,Universidade Estadual do MaranhÃ£o,Brazil,,THE,,,,,,,,,,,,,,,,,,16.0,0.0,61:39:00,
3652,Universidade Estadual do Norte do ParanÃ¡ (UENP),Brazil,,THE,,,,,,,,,,,,,,,,,,7.5,0.0,59:41:00,
3653,European University,Georgia,,THE,,,,,,,,,,,,,,,,,,1.6,73.0,40 : 60,
3654,European University of Armenia,Armenia,,THE,,,,,,,,,,,,,,,,,,8.4,7.0,46:54:00,
3655,European University Cyprus,Cyprus,,THE,,,,,,,,,,,,,,,,,,19.5,54.0,58:42:00,
3656,European University of Tunis,Tunisia,,THE,,,,,,,,,,,,,,,,,358.0,3.9,15.0,48:52:00,
3657,"Evangel University, Akaeze",Nigeria,,THE,,,,,,,,,,,,,,,,,,7.7,0.0,57:43:00,
3658,Falmouth University,United Kingdom,,THE,,,,,,,,,,,,,,,,,,16.6,13.0,56:44:00,
3659,Federal University of Kashere,Nigeria,,THE,,,,,,,,,,,,,,,,,,21.5,0.0,29 : 71,
3660,Federal University of Latin American Integration (UNILA),Brazil,,THE,,,,,,,,,,,,,,,,,,16.1,32.0,51:49:00,
3661,Federal University of ParaÃ­Â­ba (UFPB),Brazil,,THE,,,,,,,,,,,,,,,,,,13.9,0.0,0.069444444,
3662,"Federal University of Petroleum Resources, Effurun",Nigeria,,THE,,,,,,,,,,,,,,,,,,40.0,0.0,0.765972222,
3663,"Federal University of Technology, Minna",Nigeria,,THE,,,,,,,,,,,,,,,,,,25.7,0.0,1.011805556,
3664,"Federal University of Technology, Owerri",Nigeria,,THE,,,,,,,,,,,,,,,,,,19.2,0.0,30 : 70,
3665,Fergana Medical Institute of Public Health,Uzbekistan,,THE,,,,,,,,,,,,,,,,,,15.8,2.0,49:51:00,
3666,Fergana Polytechnic Institute,Uzbekistan,,THE,,,,,,,,,,,,,,,,,,25.1,0.0,0.888888889,
3667,Fergana State University,Uzbekistan,,THE,,,,,,,,,,,,,,,,,,20.0,1.0,62:38:00,
3668,Finis Terrae University,Chile,,THE,,,,,,,,,,,,,,,,,,8.4,2.0,60:40:00,
3669,Forman Christian College,Pakistan,,THE,,,,,,,,,,,,,,,,,,18.3,0.0,46:54:00,
3670,Fountain University,Nigeria,,THE,,,,,,,,,,,,,,,,,,10.7,0.0,59:41:00,
3671,University of Franca,Brazil,,THE,,,,,,,,,,,,,,,,,,107.3,0.0,57:43:00,
3672,Francisk Skorina Gomel State University,Belarus,,THE,,,,,,,,,,,,,,,,,,11.2,11.0,51:49:00,
3673,Fukushima University,Japan,,THE,,,,,,,,,,,,,,,,,,8.3,2.0,,
3674,Future University in Egypt,Egypt,,THE,,,,,,,,,,,,,,,,,,9.9,11.0,43:57:00,
3675,University of Gafsa,Tunisia,,THE,,,,,,,,,,,,,,,,,,15.4,0.0,0.479166667,
3676,Gangadhar Meher University,India,,THE,,,,,,,,,,,,,,,,,,63.0,0.0,53:47:00,
3677,University of Garmian,Iraq,,THE,,,,,,,,,,,,,,,,,,9.9,0.0,69:31:00,
3678,General Sir John Kotelawala Defence University,Sri Lanka,,THE,,,,,,,,,,,,,,,,,,16.7,2.0,51:49:00,
3679,University of Ghardaia,Algeria,,THE,,,,,,,,,,,,,,,,,,29.5,0.0,48:52:00,
3680,Ghulam Ishaq Khan Institute of Engineering Sciences and Technology,Pakistan,,THE,,,,,,,,,,,,,,,,,,18.7,0.0,0.561111111,
3681,Glasgow School of Art,United Kingdom,,THE,,,,,,,,,,,,,,,,,,15.6,41.0,67:33:00,
3682,Gomel State Medical University,Belarus,,THE,,,,,,,,,,,,,,,,,,8.3,24.0,70:30:00,
3683,The Government Sadiq College Women University Bahawalpur,Pakistan,,THE,,,,,,,,,,,,,,,,,,68.8,0.0,100:00:00,
3684,Government College Women University Faisalabad,Pakistan,,THE,,,,,,,,,,,,,,,,,,56.3,0.0,100:00:00,
3685,"Government College Women University, Sialkot",Pakistan,,THE,,,,,,,,,,,,,,,,,,36.0,0.0,100:00:00,
3686,"The Graduate University for Advanced Studies, SOKENDAI",Japan,,THE,,,,,,,,,,,,,,,,,543.0,0.5,29.0,29 : 71,
3687,Guildhall School of Music and Drama,United Kingdom,,THE,,,,,,,,,,,,,,,,,995.0,5.0,35.0,48:52:00,
3688,Gulf College,Oman,,THE,,,,,,,,,,,,,,,,,,26.1,3.0,41:59:00,
3689,Gulf Medical University,United Arab Emirates,,THE,,,,,,,,,,,,,,,,,,12.7,90.0,72:28:00,
3690,Gulistan State University,Uzbekistan,,THE,,,,,,,,,,,,,,,,,,27.8,0.0,59:41:00,
3691,University of Hafr Al Batin,Saudi Arabia,,THE,,,,,,,,,,,,,,,,,,20.2,3.0,62:38:00,
3692,Hagoromo University of International Studies,Japan,,THE,,,,,,,,,,,,,,,,,,23.7,17.0,54:46:00,
3693,Hakuoh University,Japan,,THE,,,,,,,,,,,,,,,,,,44.2,1.0,44:56:00,
3694,HaliÃ§ University,Turkey,,THE,,,,,,,,,,,,,,,,,,24.2,19.0,59:41:00,
3695,HÃ¤me University of Applied Sciences,Finland,,THE,,,,,,,,,,,,,,,,,,34.2,7.0,53:47:00,
3696,Hanseo University,South Korea,,THE,,,,,,,,,,,,,,,,,,25.0,6.0,38 : 62,
3697,Harper Adams University,United Kingdom,,THE,,,,,,,,,,,,,,,,,,13.1,10.0,60:40:00,
3698,Hartpury University,United Kingdom,,THE,,,,,,,,,,,,,,,,,,18.0,11.0,69:31:00,
3699,Hawler Medical University,Iraq,,THE,,,,,,,,,,,,,,,,,,7.5,1.0,62:38:00,
3700,University of Health Sciences Lahore,Pakistan,,THE,,,,,,,,,,,,,,,,,,6.4,1.0,66:34:00,
3701,"University of Health Sciences, Turkey",Turkey,,THE,,,,,,,,,,,,,,,,,,7.5,8.0,69:31:00,
3702,School of Higher Commercial Studies (EHEC Algiers),Algeria,,THE,,,,,,,,,,,,,,,,,,13.2,0.0,67:33:00,
3703,"Higher National School of Renewable Energies, Environment and Sustainable Development",Algeria,,THE,,,,,,,,,,,,,,,,,453.0,26.6,0.0,100:00:00,
3704,Higher School of Management and Digital Economy (HSMDE),Algeria,,THE,,,,,,,,,,,,,,,,,,16.4,0.0,66:34:00,
3705,Higher School of Agronomy â Mostaganem (ESAM),Algeria,,THE,,,,,,,,,,,,,,,,,666.0,14.2,0.0,65:35:00,
3706,Higher School of Management â Tlemcen,Algeria,,THE,,,,,,,,,,,,,,,,,801.0,12.0,0.0,82:18:00,
3707,University of the Highlands and Islands,United Kingdom,,THE,,,,,,,,,,,,,,,,,,139.0,12.0,61:39:00,
3708,Hilla University College,Iraq,,THE,,,,,,,,,,,,,,,,,,17.6,0.0,53:47:00,
3709,Hiroshima International University,Japan,,THE,,,,,,,,,,,,,,,,,,15.1,1.0,47:53:00,
3710,Hiroshima Shudo University,Japan,,THE,,,,,,,,,,,,,,,,,,22.2,1.0,37 : 63,
3711,Hiroshima Institute of Technology,Japan,,THE,,,,,,,,,,,,,,,,,,25.9,0.0,0.479166667,
3712,Hitotsubashi University,Japan,,THE,,,,,,,,,,,,,,,,,,16.0,13.0,33 : 67,
3713,Ho Chi Minh City Open University,Vietnam,,THE,,,,,,,,,,,,,,,,,,54.0,0.0,62:38:00,
3714,Hodeida University,Yemen,,THE,,,,,,,,,,,,,,,,,,22.0,0.0,27 : 73,
3715,Hokkaido University of Science,Japan,,THE,,,,,,,,,,,,,,,,,,20.1,0.0,33 : 67,
3716,University of Home Economics Lahore,Pakistan,,THE,,,,,,,,,,,,,,,,,,15.0,0.0,100:00:00,
3717,Ho Technical University,Ghana,,THE,,,,,,,,,,,,,,,,,,17.8,0.0,34 : 66,
3718,Hryhorii Skovoroda University in Pereiaslav,Ukraine,,THE,,,,,,,,,,,,,,,,,,13.6,0.0,55:45:00,
3719,University of Human Development,Iraq,,THE,,,,,,,,,,,,,,,,,,20.1,3.0,48:52:00,
3720,Humboldt State University,United States,,THE,,,,,,,,,,,,,,,,,,14.8,1.0,60:40:00,
3721,Hyogo University of Teacher Education,Japan,,THE,,,,,,,,,,,,,,,,,,10.2,2.0,59:41:00,
3722,Ibn Khaldoun University,Algeria,,THE,,,,,,,,,,,,,,,,,,29.6,0.0,64:36:00,
3723,"ICFAI University, Dehradun",India,,THE,,,,,,,,,,,,,,,,,,25.9,0.0,56:44:00,
3724,IFHE Hyderabad,India,,THE,,,,,,,,,,,,,,,,,,19.1,0.0,41:59:00,
3725,Ilma University,Pakistan,,THE,,,,,,,,,,,,,,,,,,21.1,0.0,0.929861111,
3726,Imam Al-Kadhum College (IKC),Iraq,,THE,,,,,,,,,,,,,,,,,,44.2,0.0,42:58:00,
3727,IMT Mines AlÃ¨s,France,,THE,,,,,,,,,,,,,,,,,,11.9,13.0,31 : 69,
3728,"Independent University, Bangladesh",Bangladesh,,THE,,,,,,,,,,,,,,,,,,31.6,0.0,40 : 60,
3729,Indira Gandhi Delhi Technical University for Women,India,,THE,,,,,,,,,,,,,,,,,,34.7,0.0,100:00:00,
3730,Information Technology University of the Punjab,Pakistan,,THE,,,,,,,,,,,,,,,,,,14.4,0.0,0.970833333,
3731,Innopolis University,Russia,,THE,,,,,,,,,,,,,,,,,893.0,17.1,33.0,0.806944444,
3732,Institute of Cancer Research,United Kingdom,,THE,,,,,,,,,,,,,,,,,210.0,2.8,36.0,65:35:00,
3733,Universidad Internacional del Ecuador,Ecuador,,THE,,,,,,,,,,,,,,,,,,25.8,2.0,45:55:00,
3734,International American University,United States,,THE,,,,,,,,,,,,,,,,,502.0,14.8,96.0,55:45:00,
3735,International Christian University,Japan,,THE,,,,,,,,,,,,,,,,,,12.1,13.0,,
3736,International Engineering and Technology University (METU),Kazakhstan,,THE,,,,,,,,,,,,,,,,,,32.7,1.0,36 : 64,
3737,International University for the Humanities and Development,Turkmenistan,,THE,,,,,,,,,,,,,,,,,,17.7,0.0,61:39:00,
3738,International IT University,Kazakhstan,,THE,,,,,,,,,,,,,,,,,,14.9,1.0,30 : 70,
3739,International University of Rabat,Morocco,,THE,,,,,,,,,,,,,,,,,,31.3,4.0,53:47:00,
3740,Institute of International Relations of the Ministry of Foreign Affairs of Turkmenistan,Turkmenistan,,THE,,,,,,,,,,,,,,,,,552.0,9.2,0.0,39 : 61,
3741,Inter-State School of Veterinary Sciences and Medicine,Senegal,,THE,,,,,,,,,,,,,,,,,469.0,17.4,69.0,31 : 69,
3742,Ionian University,Greece,,THE,,,,,,,,,,,,,,,,,,40.7,2.0,53:47:00,
3743,Ion Mincu University of Architecture and Urbanism,Romania,,THE,,,,,,,,,,,,,,,,,,13.0,4.0,72:28:00,
3744,Iqra University,Pakistan,,THE,,,,,,,,,,,,,,,,,,13.6,1.0,24 : 76,
3745,The Islamic University,Iraq,,THE,,,,,,,,,,,,,,,,,,10.2,1.0,60:40:00,
3746,Islamic University of Gaza,Palestine,,THE,,,,,,,,,,,,,,,,,,45.0,1.0,57:43:00,
3747,Islamic University of Madinah,Saudi Arabia,,THE,,,,,,,,,,,,,,,,,,8.4,70.0,0.192361111,
3748,Universitas Islam Sultan Agung,Indonesia,,THE,,,,,,,,,,,,,,,,,,14.3,0.0,33 : 67,
3749,Isra University,Jordan,,THE,,,,,,,,,,,,,,,,,,19.6,18.0,54:46:00,
3750,Israel Technological University,Ecuador,,THE,,,,,,,,,,,,,,,,,,37.7,1.0,39 : 61,
3751,Istanbul Arel University,Turkey,,THE,,,,,,,,,,,,,,,,,,21.3,10.0,52:48:00,
3752,Istanbul GeliÅim University,Turkey,,THE,,,,,,,,,,,,,,,,,,39.0,13.0,45:55:00,
3753,Istanbul KÃ¼ltÃ¼r University,Turkey,,THE,,,,,,,,,,,,,,,,,,26.0,11.0,,
3754,Istanbul Okan University,Turkey,,THE,,,,,,,,,,,,,,,,,,15.3,14.0,53:47:00,
3755,IUBAT â International University of Business Agriculture and Technology,Bangladesh,,THE,,,,,,,,,,,,,,,,,,18.1,1.0,30 : 70,
3756,Universita IULM,Italy,,THE,,,,,,,,,,,,,,,,,,18.9,6.0,73:27:00,
3757,Ivano Frankivsk National Technical University of Oil and Gas,Ukraine,,THE,,,,,,,,,,,,,,,,,,17.3,3.0,25 : 75,
3758,Jabir ibn Hayyan Medical University,Iraq,,THE,,,,,,,,,,,,,,,,,,15.3,0.0,61:39:00,
3759,Jadara University,Jordan,,THE,,,,,,,,,,,,,,,,,,19.8,17.0,38 : 62,
3760,Japan Advanced Institute of Science and Technology (JAIST),Japan,,THE,,,,,,,,,,,,,,,,,,7.3,41.0,0.970833333,
3761,Japan University of Economics,Japan,,THE,,,,,,,,,,,,,,,,,,27.9,56.0,30 : 70,
3762,Jashore University of Science and Technology,Bangladesh,,THE,,,,,,,,,,,,,,,,,,13.2,0.0,32 : 68,
3763,University of Jendouba,Tunisia,,THE,,,,,,,,,,,,,,,,,,16.6,1.0,69:31:00,
3764,Jizzakh Polytechnic Institute,Uzbekistan,,THE,,,,,,,,,,,,,,,,,,18.5,0.0,0.725,
3765,Jizzakh State Pedagogical University,Uzbekistan,,THE,,,,,,,,,,,,,,,,,,27.5,0.0,63:37:00,
3766,John von Neumann University,Hungary,,THE,,,,,,,,,,,,,,,,,,13.8,0.0,26 : 74,
3767,Kabarak University,Kenya,,THE,,,,,,,,,,,,,,,,,,40.0,0.0,47:53:00,
3768,Kabardino-Balkarian State University,Russia,,THE,,,,,,,,,,,,,,,,,,19.7,14.0,54:46:00,
3769,University of Kabianga,Kenya,,THE,,,,,,,,,,,,,,,,,,39.1,0.0,50:50:00,
3770,Kadir Has University,Turkey,,THE,,,,,,,,,,,,,,,,,,24.0,4.0,55:45:00,
3771,Kamianets-PodÑlskyi Ivan Ohiienko National University,Ukraine,,THE,,,,,,,,,,,,,,,,,,7.6,0.0,63:37:00,
3772,Karaganda Buketov University,Kazakhstan,,THE,,,,,,,,,,,,,,,,,,9.1,7.0,67:33:00,
3773,Karaganda University of Kazpotrebsoyuz,Kazakhstan,,THE,,,,,,,,,,,,,,,,,,13.6,1.0,56:44:00,
3774,Karakalpak State University,Uzbekistan,,THE,,,,,,,,,,,,,,,,,,28.7,2.0,44:56:00,
3775,Karshi Engineering Economics Institute,Uzbekistan,,THE,,,,,,,,,,,,,,,,,,26.3,0.0,0.684027778,
3776,Kazakh-British Technical University,Kazakhstan,,THE,,,,,,,,,,,,,,,,,,27.6,2.0,36 : 64,
3777,Kazakh National Pedagogical University Abai,Kazakhstan,,THE,,,,,,,,,,,,,,,,,,16.1,3.0,59:41:00,
3778,Kazakh National Womenâs Teacher Training University,Kazakhstan,,THE,,,,,,,,,,,,,,,,,,18.6,2.0,100:00:00,
3779,Kazakhstan Medical University KSPH,Kazakhstan,,THE,,,,,,,,,,,,,,,,,138.0,2.9,0.0,64:36:00,
3780,Kazan State Power Engineering University,Russia,,THE,,,,,,,,,,,,,,,,,,24.1,3.0,32 : 68,
3781,Keisen University,Japan,,THE,,,,,,,,,,,,,,,,,,26.0,5.0,100:00:00,
3782,Kharkiv University of Humanities âPeopleâs Ukrainian Academyâ,Ukraine,,THE,,,,,,,,,,,,,,,,,435.0,7.4,0.0,82:18:00,
3783,Kharkiv National Automobile and Highway University,Ukraine,,THE,,,,,,,,,,,,,,,,,,14.6,10.0,,
3784,Kharkiv National University of Internal Affairs,Ukraine,,THE,,,,,,,,,,,,,,,,,,13.8,4.0,48:52:00,
3785,Khazar University,Azerbaijan,,THE,,,,,,,,,,,,,,,,,,12.3,6.0,52:48:00,
3786,Khulna University of Engineering and Technology (KUET),Bangladesh,,THE,,,,,,,,,,,,,,,,,,15.5,0.0,0.888888889,
3787,Khwaja Fareed University of Engineering and Information Technology,Pakistan,,THE,,,,,,,,,,,,,,,,,,20.2,0.0,43:57:00,
3788,Khyber Medical University,Pakistan,,THE,,,,,,,,,,,,,,,,,,15.4,3.0,40 : 60,
3789,Kimyo International University in Tashkent,Uzbekistan,,THE,,,,,,,,,,,,,,,,,,17.3,13.0,57:43:00,
3790,King Abdullah University of Science and Technology (KAUST),Saudi Arabia,,THE,,,,,,,,,,,,,,,,,,8.0,67.0,36 : 64,
3791,King Danylo University,Ukraine,,THE,,,,,,,,,,,,,,,,,,9.1,0.0,56:44:00,
3792,King Edward Medical University,Pakistan,,THE,,,,,,,,,,,,,,,,,,13.7,2.0,60:40:00,
3793,Kinnaird College for Women,Pakistan,,THE,,,,,,,,,,,,,,,,,,18.3,0.0,100:00:00,
3794,University of Kirkuk,Iraq,,THE,,,,,,,,,,,,,,,,,,23.7,0.0,61:39:00,
3795,Kitami Institute of Technology,Japan,,THE,,,,,,,,,,,,,,,,,,14.6,5.0,0.561111111,
3796,Knowledge University,Iraq,,THE,,,,,,,,,,,,,,,,,,16.4,1.0,47:53:00,
3797,Kobe Gakuin University,Japan,,THE,,,,,,,,,,,,,,,,,,34.7,3.0,39 : 61,
3798,Kocaeli Health and Technology University,Turkey,,THE,,,,,,,,,,,,,,,,,,16.2,8.0,69:31:00,
3799,Kohsar University Murree,Pakistan,,THE,,,,,,,,,,,,,,,,,760.0,24.5,0.0,69:31:00,
3800,Kokshetau State University,Kazakhstan,,THE,,,,,,,,,,,,,,,,,,9.1,5.0,63:37:00,
3801,Kokugakuin University,Japan,,THE,,,,,,,,,,,,,,,,,,40.0,1.0,43:57:00,
3802,Konan University,Japan,,THE,,,,,,,,,,,,,,,,,,23.3,1.0,42:58:00,
3803,Konan Womenâs University,Japan,,THE,,,,,,,,,,,,,,,,,,23.7,1.0,100:00:00,
3804,Koya University,Iraq,,THE,,,,,,,,,,,,,,,,,,9.3,1.0,50:50:00,
3805,KPR Institute of Engineering and Technology,India,,THE,,,,,,,,,,,,,,,,,,12.2,0.0,30 : 70,
3806,Kumasi Technical University,Ghana,,THE,,,,,,,,,,,,,,,,,,41.0,0.0,37 : 63,
3807,Kursk State Medical University,Russia,,THE,,,,,,,,,,,,,,,,,,12.1,31.0,66:34:00,
3808,KÃ¼tahya Health Sciences University,Turkey,,THE,,,,,,,,,,,,,,,,,,9.6,1.0,73:27:00,
3809,Kutaisi University,Georgia,,THE,,,,,,,,,,,,,,,,,138.0,0.4,1.0,33 : 67,
3810,Kuwait College of Science and Technology (KCST),Kuwait,,THE,,,,,,,,,,,,,,,,,,25.3,4.0,56:44:00,
3811,Kyiv National Economic University,Ukraine,,THE,,,,,,,,,,,,,,,,,,11.2,1.0,60:40:00,
3812,Kyoai Gakuen University,Japan,,THE,,,,,,,,,,,,,,,,,,20.4,2.0,63:37:00,
3813,Kyoto Koka Womenâs University,Japan,,THE,,,,,,,,,,,,,,,,,,18.3,,100:00:00,
3814,Kyoto Notre Dame University,Japan,,THE,,,,,,,,,,,,,,,,,,8.5,4.0,100:00:00,
3815,Kyrgyz-Turkish Manas University,Kyrgyzstan,,THE,,,,,,,,,,,,,,,,,,15.0,11.0,57:43:00,
3816,K. Zhubanov Aktobe Regional University,Kazakhstan,,THE,,,,,,,,,,,,,,,,,,21.4,2.0,59:41:00,
3817,Lahore Leads University,Pakistan,,THE,,,,,,,,,,,,,,,,,,15.3,0.0,44:56:00,
3818,Landmark University,Nigeria,,THE,,,,,,,,,,,,,,,,,,12.9,0.0,35 : 65,
3819,Larbi Tebessi University,Algeria,,THE,,,,,,,,,,,,,,,,,,21.6,0.0,60:40:00,
3820,La Salle University,Colombia,,THE,,,,,,,,,,,,,,,,,,18.9,1.0,56:44:00,
3821,University of Las AmÃ©ricas (UDLA),Ecuador,,THE,,,,,,,,,,,,,,,,,,13.7,2.0,54:46:00,
3822,Leeds Arts University,United Kingdom,,THE,,,,,,,,,,,,,,,,,,15.9,12.0,75:25:00,
3823,Leeds Conservatoire,United Kingdom,,THE,,,,,,,,,,,,,,,,,,20.9,11.0,34 : 66,
3824,Leeds Trinity University,United Kingdom,,THE,,,,,,,,,,,,,,,,,,23.7,9.0,64:36:00,
3825,Lesya Ukrainka Volyn National University,Ukraine,,THE,,,,,,,,,,,,,,,,,,12.4,1.0,69:31:00,
3826,Liaquat University of Medical and Health Sciences (LUMHS),Pakistan,,THE,,,,,,,,,,,,,,,,,,10.0,4.0,54:46:00,
3827,University of Liberal Arts Bangladesh,Bangladesh,,THE,,,,,,,,,,,,,,,,,,19.4,0.0,49:51:00,
3828,Lincoln University College,Malaysia,,THE,,,,,,,,,,,,,,,,,,5.7,41.0,0.847916667,
3829,Lira University,Uganda,,THE,,,,,,,,,,,,,,,,,,14.3,0.0,41:59:00,
3830,UniversitÃ© du Littoral CÃ´te dâOpale,France,,THE,,,,,,,,,,,,,,,,,,20.2,17.0,50:50:00,
3831,Liverpool Hope University,United Kingdom,,THE,,,,,,,,,,,,,,,,,,17.2,14.0,64:36:00,
3832,Liverpool Institute for Performing Arts,United Kingdom,,THE,,,,,,,,,,,,,,,,,925.0,18.5,22.0,58:42:00,
3833,Liverpool School of Tropical Medicine,United Kingdom,,THE,,,,,,,,,,,,,,,,,200.0,2.1,28.0,71:29:00,
3834,The LNM Institute of Information Technology,India,,THE,,,,,,,,,,,,,,,,,,19.1,0.0,0.684027778,
3835,London Academy of Music and Dramatic Art (LAMDA),United Kingdom,,THE,,,,,,,,,,,,,,,,,270.0,6.8,40.0,55:45:00,
3836,London Business School,United Kingdom,,THE,,,,,,,,,,,,,,,,,,20.2,91.0,37 : 63,
3837,London School of Hygiene and Tropical Medicine,United Kingdom,,THE,,,,,,,,,,,,,,,,,870.0,1.7,57.0,72:28:00,
3838,London Metropolitan University,United Kingdom,,THE,,,,,,,,,,,,,,,,,,25.5,50.0,65:35:00,
3839,Lviv State University of Life Safety,Ukraine,,THE,,,,,,,,,,,,,,,,,,12.3,0.0,,
3840,University of Magallanes,Chile,,THE,,,,,,,,,,,,,,,,,,15.6,1.0,62:38:00,
3841,Universidad del Magdalena,Colombia,,THE,,,,,,,,,,,,,,,,,,31.8,0.0,49:51:00,
3842,University Centre of Maghnia,Algeria,,THE,,,,,,,,,,,,,,,,,,19.5,0.0,47:53:00,
3843,Mahatma Jyotiba Phule Rohilkhand University,India,,THE,,,,,,,,,,,,,,,,,,38.8,0.0,0.806944444,
3844,Malawi University of Science and Technology (MUST),Malawi,,THE,,,,,,,,,,,,,,,,,,12.4,0.0,0.684027778,
3845,Management Development Institute (MDI),India,,THE,,,,,,,,,,,,,,,,,966.0,12.5,0.0,24 : 76,
3846,Management & Science University (MSU),Malaysia,,THE,,,,,,,,,,,,,,,,,,9.0,30.0,60:40:00,
3847,Universidad Manuela BeltrÃ¡n,Colombia,,THE,,,,,,,,,,,,,,,,,,30.6,0.0,43:57:00,
3848,MapÃºa University,Philippines,,THE,,,,,,,,,,,,,,,,,,32.3,1.0,37 : 63,
3849,Margulan University,Kazakhstan,,THE,,,,,,,,,,,,,,,,,,22.8,2.0,75:25:00,
3850,Mariano Marcos State University,Philippines,,THE,,,,,,,,,,,,,,,,,,24.8,0.0,58:42:00,
3851,Maritime University of Szczecin,Poland,,THE,,,,,,,,,,,,,,,,,,24.2,13.0,26 : 74,
3852,University of Mataram,Indonesia,,THE,,,,,,,,,,,,,,,,,,24.0,0.0,61:39:00,
3853,M. Auezov South Kazakhstan University,Kazakhstan,,THE,,,,,,,,,,,,,,,,,,6.3,12.0,52:48:00,
3854,Universidad Mayor de San SimÃ³n,Bolivia,,THE,,,,,,,,,,,,,,,,,,182.0,0.0,53:47:00,
3855,University of Medea,Algeria,,THE,,,,,,,,,,,,,,,,,,25.9,0.0,62:38:00,
3856,University of MedellÃ­n,Colombia,,THE,,,,,,,,,,,,,,,,,,16.9,2.0,55:45:00,
3857,Medizinische Hochschule Hannover,Germany,,THE,,,,,,,,,,,,,,,,,,8.3,14.0,67:33:00,
3858,Meikai University,Japan,,THE,,,,,,,,,,,,,,,,,,17.8,16.0,43:57:00,
3859,Universitas Mercu Buana,Indonesia,,THE,,,,,,,,,,,,,,,,,,23.9,0.0,46:54:00,
3860,Middle East University,Jordan,,THE,,,,,,,,,,,,,,,,,,20.2,27.0,42:58:00,
3861,Mindanao State University â Iligan Institute of Technology,Philippines,,THE,,,,,,,,,,,,,,,,,,40.7,0.0,51:49:00,
3862,Minhaj University Lahore,Pakistan,,THE,,,,,,,,,,,,,,,,,,10.6,0.0,46:54:00,
3863,University of Misan,Iraq,,THE,,,,,,,,,,,,,,,,,,19.9,0.0,61:39:00,
3864,Misr University for Science and Technology,Egypt,,THE,,,,,,,,,,,,,,,,,,17.6,5.0,49:51:00,
3865,Mizoram University,India,,THE,,,,,,,,,,,,,,,,,,8.9,0.0,48:52:00,
3866,M. Kumarasamy College of Engineering,India,,THE,,,,,,,,,,,,,,,,,,11.5,0.0,35 : 65,
3867,"MNS University of Agriculture, Multan",Pakistan,,THE,,,,,,,,,,,,,,,,,,31.1,0.0,25 : 75,
3868,Modern University for Business and Science,Lebanon,,THE,,,,,,,,,,,,,,,,,,20.5,20.0,54:46:00,
3869,UniversitÃ© Mohamed El Bachir El Ibrahimi de Bordj Bou ArrÃ©ridj,Algeria,,THE,,,,,,,,,,,,,,,,,,33.9,0.0,100:00:00,
3870,University of Mohamed Lamine Debaghin Setif 2,Algeria,,THE,,,,,,,,,,,,,,,,,,33.6,0.0,62:38:00,
3871,Monroe College,United States,,THE,,,,,,,,,,,,,,,,,,16.1,14.0,54:46:00,
3872,University of Monterrey,Mexico,,THE,,,,,,,,,,,,,,,,,,17.0,1.0,60:40:00,
3873,Russian Biotechnological University (BIOTECH),Russia,,THE,,,,,,,,,,,,,,,,,,10.8,9.0,54:46:00,
3874,Moscow State Linguistic University,Russia,,THE,,,,,,,,,,,,,,,,,,6.4,9.0,74:26:00,
3875,Moscow Technical University of Communications and Informatics,Russia,,THE,,,,,,,,,,,,,,,,,,20.3,6.0,0.888888889,
3876,University of Mostar,Bosnia and Herzegovina,,THE,,,,,,,,,,,,,,,,,,8.9,14.0,62:38:00,
3877,Muban Chombueng Rajabhat University,Thailand,,THE,,,,,,,,,,,,,,,,,,15.2,0.0,62:38:00,
3878,Universitas Muhammadiyah Yogyakarta,Indonesia,,THE,,,,,,,,,,,,,,,,,,29.4,1.0,49:51:00,
3879,Mukogawa Womenâs University,Japan,,THE,,,,,,,,,,,,,,,,,,24.8,0.0,100:00:00,
3880,Mulungushi University,Zambia,,THE,,,,,,,,,,,,,,,,,,44.5,1.0,45:55:00,
3881,Musashino University,Japan,,THE,,,,,,,,,,,,,,,,,,28.5,8.0,58:42:00,
3882,Universidad Nacional Abierta y a Distancia (UNAD),Colombia,,THE,,,,,,,,,,,,,,,,,,49.6,0.0,,
3883,Universidad Nacional de AsunciÃ³n,Paraguay,,THE,,,,,,,,,,,,,,,,,,9.8,2.0,39 : 61,
3884,Universidad Nacional de Chimborazo,Ecuador,,THE,,,,,,,,,,,,,,,,,,16.8,1.0,57:43:00,
3885,Universidad Nacional de ItapÃºa,Paraguay,,THE,,,,,,,,,,,,,,,,,,5.0,1.0,55:45:00,
3886,Universidad Nacional de Rafaela (UNRaf),Argentina,,THE,,,,,,,,,,,,,,,,,,6.3,0.0,56:44:00,
3887,Nagoya University of Commerce & Business,Japan,,THE,,,,,,,,,,,,,,,,,,32.1,10.0,1.011805556,
3888,Nakhchivan State University,Azerbaijan,,THE,,,,,,,,,,,,,,,,,,7.9,20.0,48:52:00,
3889,Nakhon Ratchasima Rajabhat University,Thailand,,THE,,,,,,,,,,,,,,,,,,27.8,0.0,68:32:00,
3890,Namal University,Pakistan,,THE,,,,,,,,,,,,,,,,,557.0,15.9,0.0,37 : 63,
3891,Namangan Engineering Construction Institute,Uzbekistan,,THE,,,,,,,,,,,,,,,,,,20.9,0.0,0.520138889,
3892,Namangan Institute of Engineering and Technology,Uzbekistan,,THE,,,,,,,,,,,,,,,,,,14.1,0.0,28 : 72,
3893,Namangan State University,Uzbekistan,,THE,,,,,,,,,,,,,,,,,,25.8,0.0,54:46:00,
3894,Narxoz University,Kazakhstan,,THE,,,,,,,,,,,,,,,,,,13.0,2.0,59:41:00,
3895,"Nasarawa State University, Keffi",Nigeria,,THE,,,,,,,,,,,,,,,,,,13.2,13.0,42:58:00,
3896,Universidad Nacional Agraria La Molina,Peru,,THE,,,,,,,,,,,,,,,,,,13.2,2.0,48:52:00,
3897,National Film and Television School,United Kingdom,,THE,,,,,,,,,,,,,,,,,400.0,7.3,41.0,50:50:00,
3898,National University of Food Technologies,Ukraine,,THE,,,,,,,,,,,,,,,,,,10.1,0.0,,
3899,National University Odessa Law Academy,Ukraine,,THE,,,,,,,,,,,,,,,,,,18.6,1.0,65:35:00,
3900,The National University of Ostroh Academy,Ukraine,,THE,,,,,,,,,,,,,,,,,,9.8,0.0,48:52:00,
3901,National Polytechnic University of Armenia,Armenia,,THE,,,,,,,,,,,,,,,,,,7.3,2.0,27 : 73,
3902,National University of Quilmes,Argentina,,THE,,,,,,,,,,,,,,,,,,32.4,2.0,56:44:00,
3903,National School of Artificial Intelligence (ENSIA),Algeria,,THE,,,,,,,,,,,,,,,,,200.0,12.5,0.0,66:34:00,
3904,"National University of Science and Technology, Oman",Oman,,THE,,,,,,,,,,,,,,,,,,18.2,10.0,58:42:00,
3905,"National University, Sudan",Sudan,,THE,,,,,,,,,,,,,,,,,,15.1,5.0,51:49:00,
3906,National Textile University,Pakistan,,THE,,,,,,,,,,,,,,,,,,18.8,0.0,29 : 71,
3907,National Transport University,Ukraine,,THE,,,,,,,,,,,,,,,,,,10.2,3.0,28 : 72,
3908,National University of Water and Environmental Engineering,Ukraine,,THE,,,,,,,,,,,,,,,,,,16.1,2.0,33 : 67,
3909,National University âYuri Kondratyuk Poltava Polytechnicâ,Ukraine,,THE,,,,,,,,,,,,,,,,,,8.7,9.0,53:47:00,
3910,Navoi State Pedagogical Institute,Uzbekistan,,THE,,,,,,,,,,,,,,,,,,26.4,0.0,61:39:00,
3911,Netaji Subhas University of Technology,India,,THE,,,,,,,,,,,,,,,,,,14.6,3.0,0.643055556,
3912,Niger Delta University,Nigeria,,THE,,,,,,,,,,,,,,,,,,23.4,0.0,44:56:00,
3913,Nihon Pharmaceutical University,Japan,,THE,,,,,,,,,,,,,,,,,,17.7,4.0,50:50:00,
3914,Niigata University of Health and Welfare,Japan,,THE,,,,,,,,,,,,,,,,,,17.3,1.0,51:49:00,
3915,University of Niigata Prefecture,Japan,,THE,,,,,,,,,,,,,,,,,,16.0,1.0,73:27:00,
3916,Ninevah University,Iraq,,THE,,,,,,,,,,,,,,,,,,14.6,0.0,42:58:00,
3917,Nitte (Deemed to be University),India,,THE,,,,,,,,,,,,,,,,,,8.1,1.0,66:34:00,
3918,University of Northampton,United Kingdom,,THE,,,,,,,,,,,,,,,,,,17.6,32.0,64:36:00,
3919,Northeast Ohio Medical University,United States,,THE,,,,,,,,,,,,,,,,,989.0,10.4,0.0,55:45:00,
3920,Northern Border University,Saudi Arabia,,THE,,,,,,,,,,,,,,,,,,11.5,2.0,65:35:00,
3921,Northern Technical University,Iraq,,THE,,,,,,,,,,,,,,,,,,30.9,0.0,47:53:00,
3922,Norwich University of the Arts,United Kingdom,,THE,,,,,,,,,,,,,,,,,,15.6,12.0,61:39:00,
3923,University Centre of El-Bayadh,Algeria,,THE,,,,,,,,,,,,,,,,,,33.2,0.0,0.069444444,
3924,University of Nova Gorica,Slovenia,,THE,,,,,,,,,,,,,,,,,405.0,3.2,55.0,47:53:00,
3925,Novosibirsk State University of Economics and Management,Russia,,THE,,,,,,,,,,,,,,,,,,8.3,18.0,68:32:00,
3926,Nueva Ecija University of Science and Technology (NEUST),Philippines,,THE,,,,,,,,,,,,,,,,,,60.0,1.0,56:44:00,
3927,Universidad Nur,Bolivia,,THE,,,,,,,,,,,,,,,,,,9.5,0.0,57:43:00,
3928,October 6 University,Egypt,,THE,,,,,,,,,,,,,,,,,,11.9,4.0,48:52:00,
3929,October University for Modern Sciences and Arts (MSA),Egypt,,THE,,,,,,,,,,,,,,,,,,9.8,1.0,50:50:00,
3930,Odesa I.I. Mechnikov National University,Ukraine,,THE,,,,,,,,,,,,,,,,,,7.2,3.0,71:29:00,
3931,Oguz Han Engineering and Technology University of Turkmenistan,Turkmenistan,,THE,,,,,,,,,,,,,,,,,,14.1,0.0,54:46:00,
3932,University of Okara,Pakistan,,THE,,,,,,,,,,,,,,,,,,60.6,0.0,,
3933,Omsk State Agrarian University,Russia,,THE,,,,,,,,,,,,,,,,,,20.3,11.0,55:45:00,
3934,Open Christian University,South Africa,,THE,,,,,,,,,,,,,,,,,123.0,1.6,88.0,0.725,
3935,O.P. Jindal Global University,India,,THE,,,,,,,,,,,,,,,,,,9.1,0.0,48:52:00,
3936,UniversitÃ© dâOran 2 Mohamed Ben Ahmed,Algeria,,THE,,,,,,,,,,,,,,,,,,29.2,1.0,58:42:00,
3937,Oran Graduate School of Economics,Algeria,,THE,,,,,,,,,,,,,,,,,967.0,13.2,0.0,57:43:00,
3938,Orel State Agrarian University named after N.V. Parahin,Russia,,THE,,,,,,,,,,,,,,,,,,10.4,20.0,42:58:00,
3939,Orel State University named after I.S. Turgenev,Russia,,THE,,,,,,,,,,,,,,,,,,14.9,13.0,54:46:00,
3940,ORT Uruguay University,Uruguay,,THE,,,,,,,,,,,,,,,,,,6.7,3.0,46:54:00,
3941,Osol Al-Deen University College,Iraq,,THE,,,,,,,,,,,,,,,,,,28.8,0.0,54:46:00,
3942,University College of Osteopathy,United Kingdom,,THE,,,,,,,,,,,,,,,,,370.0,10.6,31.0,57:43:00,
3943,Ostrogradsky National University of Kremenchuk,Ukraine,,THE,,,,,,,,,,,,,,,,,,12.5,1.0,47:53:00,
3944,University of Oum El Bouaghi,Algeria,,THE,,,,,,,,,,,,,,,,,,12.8,0.0,72:28:00,
3945,Universidad del PacÃ­fico,Peru,,THE,,,,,,,,,,,,,,,,,,9.1,2.0,55:45:00,
3946,Universidad del PacÃ­fico Ecuador,Ecuador,,THE,,,,,,,,,,,,,,,,,689.0,13.9,1.0,43:57:00,
3947,Palestine Polytechnic University,Palestine,,THE,,,,,,,,,,,,,,,,,,16.6,2.0,58:42:00,
3948,Palestine Technical University â Kadoorie,Palestine,,THE,,,,,,,,,,,,,,,,,,18.8,4.0,59:41:00,
3949,Universidad de Pamplona,Colombia,,THE,,,,,,,,,,,,,,,,,,14.9,1.0,51:49:00,
3950,Panteion University of Social and Political Sciences,Greece,,THE,,,,,,,,,,,,,,,,,,67.8,2.0,50:50:00,
3951,PanthÃ©on-Assas University (Paris 2),France,,THE,,,,,,,,,,,,,,,,,,77.9,12.0,64:36:00,
3952,Pavlo Tychyna Uman State Pedagogical University,Ukraine,,THE,,,,,,,,,,,,,,,,,,14.5,3.0,32 : 68,
3953,University of Petra,Jordan,,THE,,,,,,,,,,,,,,,,,,20.5,22.0,58:42:00,
3954,Petre Shotadze Tbilisi Medical Academy,Georgia,,THE,,,,,,,,,,,,,,,,,916.0,16.4,64.0,31 : 69,
3955,Petroleum University of Technology,Iran,,THE,,,,,,,,,,,,,,,,,,35.0,0.0,0.847916667,
3956,Petro Mohyla Black Sea National University,Ukraine,,THE,,,,,,,,,,,,,,,,,,10.2,10.0,58:42:00,
3957,Pharos University,Egypt,,THE,,,,,,,,,,,,,,,,,,29.1,1.0,53:47:00,
3958,Philadelphia University (Jordan),Jordan,,THE,,,,,,,,,,,,,,,,,,16.4,33.0,44:56:00,
3959,"Plateau State University, Bokkos",Nigeria,,THE,,,,,,,,,,,,,,,,,,11.4,0.0,36 : 64,
3960,Platov South-Russian State Polytechnic University (NPI),Russia,,THE,,,,,,,,,,,,,,,,,,10.1,9.0,0.888888889,
3961,Plymouth Marjon University,United Kingdom,,THE,,,,,,,,,,,,,,,,,,22.4,2.0,65:35:00,
3962,Polytechnic Institute of SetÃºbal,Portugal,,THE,,,,,,,,,,,,,,,,,,17.8,7.0,46:54:00,
3963,Pontifical Catholic University of Argentina,Argentina,,THE,,,,,,,,,,,,,,,,,,4.4,7.0,56:44:00,
3964,University of Poonch Rawalakot,Pakistan,,THE,,,,,,,,,,,,,,,,,,28.1,0.0,56:44:00,
3965,Universidad Popular AutÃ³noma del Estado de Puebla,Mexico,,THE,,,,,,,,,,,,,,,,,,19.3,2.0,61:39:00,
3966,Prefectural University of Hiroshima,Japan,,THE,,,,,,,,,,,,,,,,,,11.9,2.0,67:33:00,
3967,"Presbyterian University, Ghana",Ghana,,THE,,,,,,,,,,,,,,,,,,41.3,1.0,46:54:00,
3968,Presidency University,India,,THE,,,,,,,,,,,,,,,,,,20.3,0.0,29 : 71,
3969,Prince Mohammad Bin Fahd University,Saudi Arabia,,THE,,,,,,,,,,,,,,,,,,11.7,17.0,55:45:00,
3970,"University of Professional Studies, Accra",Ghana,,THE,,,,,,,,,,,,,,,,,,50.9,0.0,46:54:00,
3971,Prydniprovska State Academy of Civil Engineering and Architecture,Ukraine,,THE,,,,,,,,,,,,,,,,,,7.2,5.0,39 : 61,
3972,Pskov State University,Russia,,THE,,,,,,,,,,,,,,,,,,18.7,13.0,55:45:00,
3973,PUC-Campinas,Brazil,,THE,,,,,,,,,,,,,,,,,,32.8,0.0,58:42:00,
3974,University of Puthisastra,Cambodia,,THE,,,,,,,,,,,,,,,,,,8.1,0.0,59:41:00,
3975,"Quaid-e-Awam University of Engineering, Science and Technology (QUEST)",Pakistan,,THE,,,,,,,,,,,,,,,,,,10.6,0.0,0.725,
3976,Queen Arwa University,Yemen,,THE,,,,,,,,,,,,,,,,,,9.2,1.0,33 : 67,
3977,Queen Margaret University,United Kingdom,,THE,,,,,,,,,,,,,,,,,,21.8,30.0,77:23:00,
3978,Universidade Rainha Njinga a Mbande (URNM),Angola,,THE,,,,,,,,,,,,,,,,,,12.2,0.0,44:56:00,
3979,Rajamangala University of Technology Isan,Thailand,,THE,,,,,,,,,,,,,,,,,,18.2,0.0,46:54:00,
3980,Rajamangala University of Technology Thanyaburi (RMUTT),Thailand,,THE,,,,,,,,,,,,,,,,,,22.7,1.0,57:43:00,
3981,Rawalpindi Medical University,Pakistan,,THE,,,,,,,,,,,,,,,,,,9.1,1.0,70:30:00,
3982,Rennes School of Business,France,,THE,,,,,,,,,,,,,,,,,,34.6,34.0,51:49:00,
3983,Ritsumeikan Asia Pacific University (APU),Japan,,THE,,,,,,,,,,,,,,,,,,25.8,47.0,52:48:00,
3984,Rose Bruford College,United Kingdom,,THE,,,,,,,,,,,,,,,,,710.0,15.8,20.0,59:41:00,
3985,Rostov State University of Economics,Russia,,THE,,,,,,,,,,,,,,,,,,24.8,3.0,66:34:00,
3986,Royal Agricultural University,United Kingdom,,THE,,,,,,,,,,,,,,,,,,20.7,13.0,54:46:00,
3987,"Royal Central School of Speech and Drama, University of London",United Kingdom,,THE,,,,,,,,,,,,,,,,,,16.7,33.0,68:32:00,
3988,Royal College of Academics,Luxembourg,,THE,,,,,,,,,,,,,,,,,,333.3,100.0,,
3989,Royal College of Art,United Kingdom,,THE,,,,,,,,,,,,,,,,,,20.4,80.0,72:28:00,
3990,Royal Conservatoire of Scotland,United Kingdom,,THE,,,,,,,,,,,,,,,,,,10.9,38.0,57:43:00,
3991,Royal Academy of Dramatic Art (RADA),United Kingdom,,THE,,,,,,,,,,,,,,,,,155.0,4.4,20.0,57:43:00,
3992,Royal Academy of Music,United Kingdom,,THE,,,,,,,,,,,,,,,,,785.0,9.8,49.0,50:50:00,
3993,Royal College of Music,United Kingdom,,THE,,,,,,,,,,,,,,,,,875.0,10.3,58.0,55:45:00,
3994,Royal Northern College of Music,United Kingdom,,THE,,,,,,,,,,,,,,,,,880.0,11.0,33.0,49:51:00,
3995,Russian State Agrarian University â Moscow Timiryazev Agricultural Academy,Russia,,THE,,,,,,,,,,,,,,,,,,13.3,5.0,48:52:00,
3996,Russian University of State for Social (RUSS),Russia,,THE,,,,,,,,,,,,,,,,,,34.5,5.0,67:33:00,
3997,Ryazan State Medical University,Russia,,THE,,,,,,,,,,,,,,,,,,9.4,15.0,67:33:00,
3998,University of Sadat City,Egypt,,THE,,,,,,,,,,,,,,,,,,49.5,1.0,47:53:00,
3999,University of Saida,Algeria,,THE,,,,,,,,,,,,,,,,,,19.5,0.0,57:43:00,
4000,University of Saint Joseph,Macao,,THE,,,,,,,,,,,,,,,,,,12.8,10.0,61:39:00,
4001,Saint Petersburg State Pediatric Medical University,Russia,,THE,,,,,,,,,,,,,,,,,,11.9,14.0,57:43:00,
4002,"Saint Thomas University, Colombia",Colombia,,THE,,,,,,,,,,,,,,,,,,21.1,0.0,50:50:00,
4003,Sakon Nakhon Rajabhat University,Thailand,,THE,,,,,,,,,,,,,,,,,,20.6,1.0,66:34:00,
4004,Salahaddin UniversityâErbil,Iraq,,THE,,,,,,,,,,,,,,,,,,11.7,1.0,57:43:00,
4005,Samara State Medical University,Russia,,THE,,,,,,,,,,,,,,,,,,9.4,11.0,71:29:00,
4006,Samarkand State University,Uzbekistan,,THE,,,,,,,,,,,,,,,,,,16.7,0.0,48:52:00,
4007,Samarkand State Institute of Foreign Languages,Uzbekistan,,THE,,,,,,,,,,,,,,,,,,14.7,0.0,68:32:00,
4008,Samarkand State Medical University,Uzbekistan,,THE,,,,,,,,,,,,,,,,,,9.9,2.0,41:59:00,
4009,Samsun University,Turkey,,THE,,,,,,,,,,,,,,,,,,21.2,4.0,44:56:00,
4010,Universidad San Ignacio de Loyola,Peru,,THE,,,,,,,,,,,,,,,,,,35.4,1.0,51:49:00,
4011,University of San MartÃ­n de Porres,Peru,,THE,,,,,,,,,,,,,,,,,,18.2,1.0,64:36:00,
4012,University of Santander,Colombia,,THE,,,,,,,,,,,,,,,,,,19.3,1.0,62:38:00,
4013,Universidad Santo TomÃ¡s,Chile,,THE,,,,,,,,,,,,,,,,,,22.4,1.0,68:32:00,
4014,Sarsen Amanzholov East Kazakhstan University,Kazakhstan,,THE,,,,,,,,,,,,,,,,,,25.0,2.0,59:41:00,
4015,Satya Wacana Christian University,Indonesia,,THE,,,,,,,,,,,,,,,,,,41.2,0.0,53:47:00,
4016,Saudi Electronic University,Saudi Arabia,,THE,,,,,,,,,,,,,,,,,,21.7,7.0,44:56:00,
4017,SBS Swiss Business School,Switzerland,,THE,,,,,,,,,,,,,,,,,,13.6,61.0,35 : 65,
4018,University of Science and Technology of Southern Philippines (USTP),Philippines,,THE,,,,,,,,,,,,,,,,,,28.3,0.0,52:48:00,
4019,SDU University,Kazakhstan,,THE,,,,,,,,,,,,,,,,,,22.7,0.0,53:47:00,
4020,Sebha University,Libya,,THE,,,,,,,,,,,,,,,,,,10.0,5.0,69:31:00,
4021,Sefako Makgatho Health Sciences University,South Africa,,THE,,,,,,,,,,,,,,,,,,6.8,2.0,67:33:00,
4022,Seisa Dohto University,Japan,,THE,,,,,,,,,,,,,,,,,963.0,14.4,8.0,31 : 69,
4023,Senshu University,Japan,,THE,,,,,,,,,,,,,,,,,,21.9,3.0,36 : 64,
4024,Seyitnazar Seydi Turkmen State Pedagogical Institute,Turkmenistan,,THE,,,,,,,,,,,,,,,,,,21.9,0.0,64:36:00,
4025,"Shah Abdul Latif University, Khairpur",Pakistan,,THE,,,,,,,,,,,,,,,,,,37.0,0.0,25 : 75,
4026,Shaheed Benazir Bhutto Women University Peshawar,Pakistan,,THE,,,,,,,,,,,,,,,,,,26.9,0.0,100:00:00,
4027,Shaheed Mohtarma Benazir Bhutto Medical University,Pakistan,,THE,,,,,,,,,,,,,,,,,,3.4,0.0,52:48:00,
4028,Shaheed Zulfiqar Ali Bhutto Medical University,Pakistan,,THE,,,,,,,,,,,,,,,,,,12.7,2.0,56:44:00,
4029,The University of Shiga Prefecture,Japan,,THE,,,,,,,,,,,,,,,,,,14.0,2.0,49:51:00,
4030,Shonan Institute of Technology,Japan,,THE,,,,,,,,,,,,,,,,,,30.2,8.0,0.397222222,
4031,Silesian University in Opava,Czechia,,THE,,,,,,,,,,,,,,,,,,20.0,5.0,67:33:00,
4032,SIMAD University,Somalia,,THE,,,,,,,,,,,,,,,,,,18.1,0.0,38 : 62,
4033,SimÃ³n BolÃ­var University (Colombia),Colombia,,THE,,,,,,,,,,,,,,,,,,21.0,1.0,60:40:00,
4034,Universidad del SinÃº,Colombia,,THE,,,,,,,,,,,,,,,,,,26.8,0.0,55:45:00,
4035,Sir Syed University of Engineering and Technology,Pakistan,,THE,,,,,,,,,,,,,,,,,,17.5,0.0,0.684027778,
4036,Skolkovo Institute of Science and Technology (Skoltech),Russia,,THE,,,,,,,,,,,,,,,,,,8.8,21.0,33 : 67,
4037,Sohar University,Oman,,THE,,,,,,,,,,,,,,,,,,28.5,2.0,80:20:00,
4038,"Solent University, Southampton",United Kingdom,,THE,,,,,,,,,,,,,,,,,,17.4,34.0,47:53:00,
4039,"Soochow University, Taiwan",Taiwan,,THE,,,,,,,,,,,,,,,,,,34.6,4.0,60:40:00,
4040,University of Sopron,Hungary,,THE,,,,,,,,,,,,,,,,,,13.6,4.0,63:37:00,
4041,University of Souk Ahras,Algeria,,THE,,,,,,,,,,,,,,,,,,19.4,0.0,67:33:00,
4042,Institute of Southern Punjab â Multan,Pakistan,,THE,,,,,,,,,,,,,,,,,,19.4,0.0,44:56:00,
4043,Southern Technical University,Iraq,,THE,,,,,,,,,,,,,,,,,,34.5,0.0,41:59:00,
4044,Sri Balaji Vidyapeeth,India,,THE,,,,,,,,,,,,,,,,,,8.7,1.0,57:43:00,
4045,Sri Lanka Institute of Information Technology,Sri Lanka,,THE,,,,,,,,,,,,,,,,,,56.8,0.0,38 : 62,
4046,State Energy Institute of Turkmenistan,Turkmenistan,,THE,,,,,,,,,,,,,,,,,,13.0,1.0,29 : 71,
4047,Stavropol State Agrarian University,Russia,,THE,,,,,,,,,,,,,,,,,,6.8,7.0,52:48:00,
4048,St Lukeâs International University,Japan,,THE,,,,,,,,,,,,,,,,,727.0,8.7,2.0,93:07:00,
4049,"St Maryâs University College, Belfast",United Kingdom,,THE,,,,,,,,,,,,,,,,,940.0,23.5,48.0,72:28:00,
4050,"St Maryâs University, Twickenham",United Kingdom,,THE,,,,,,,,,,,,,,,,,,15.8,23.0,55:45:00,
4051,Stranmillis University College,United Kingdom,,THE,,,,,,,,,,,,,,,,,,24.8,18.0,79:21:00,
4052,University of Suffolk,United Kingdom,,THE,,,,,,,,,,,,,,,,,,15.1,14.0,72:28:00,
4053,University of Sufism and Modern Sciences (USMS),Pakistan,,THE,,,,,,,,,,,,,,,,,646.0,28.1,,29 : 71,
4054,Sugiyama Jogakuen University,Japan,,THE,,,,,,,,,,,,,,,,,,28.3,1.0,100:00:00,
4055,Sukkur IBA University,Pakistan,,THE,,,,,,,,,,,,,,,,,,15.4,0.0,26 : 74,
4056,University of Swabi,Pakistan,,THE,,,,,,,,,,,,,,,,,,11.6,0.0,0.725,
4057,Tafila Technical University,Jordan,,THE,,,,,,,,,,,,,,,,,,22.9,1.0,40 : 60,
4058,University of Taipei,Taiwan,,THE,,,,,,,,,,,,,,,,,,19.9,3.0,60:40:00,
4059,Takushoku University,Japan,,THE,,,,,,,,,,,,,,,,,,12.7,13.0,31 : 69,
4060,Tama Art University,Japan,,THE,,,,,,,,,,,,,,,,,,33.4,11.0,72:28:00,
4061,University of Tamanghasset,Algeria,,THE,,,,,,,,,,,,,,,,,,32.0,0.0,48:52:00,
4062,Tarlac Agricultural University,Philippines,,THE,,,,,,,,,,,,,,,,,,26.1,0.0,59:41:00,
4063,Tarsus University,Turkey,,THE,,,,,,,,,,,,,,,,,,22.7,1.0,48:52:00,
4064,Tashkent Institute of Chemical Technology,Uzbekistan,,THE,,,,,,,,,,,,,,,,,,17.1,0.0,36 : 64,
4065,Tashkent Institute of Finance,Uzbekistan,,THE,,,,,,,,,,,,,,,,,,22.7,1.0,32 : 68,
4066,Tashkent University of Information Technologies,Uzbekistan,,THE,,,,,,,,,,,,,,,,,,19.4,0.0,0.847916667,
4067,Tashkent Institute of Irrigation and Agricultural Mechanisation,Uzbekistan,,THE,,,,,,,,,,,,,,,,,,7.4,5.0,28 : 72,
4068,Tashkent Medical Academy,Uzbekistan,,THE,,,,,,,,,,,,,,,,,,9.8,2.0,47:53:00,
4069,Tashkent Pediatric Medical Institute,Uzbekistan,,THE,,,,,,,,,,,,,,,,,,10.1,1.0,50:50:00,
4070,Tashkent Pharmaceutical Institute,Uzbekistan,,THE,,,,,,,,,,,,,,,,,,13.4,12.0,65:35:00,
4071,Tashkent State Dental Institute,Uzbekistan,,THE,,,,,,,,,,,,,,,,,,8.9,3.0,51:49:00,
4072,Tashkent State University of Economics,Uzbekistan,,THE,,,,,,,,,,,,,,,,,,21.0,3.0,39 : 61,
4073,Tashkent State University of Law,Uzbekistan,,THE,,,,,,,,,,,,,,,,,,10.8,1.0,27 : 73,
4074,Tashkent State University of Oriental Studies,Uzbekistan,,THE,,,,,,,,,,,,,,,,,,14.8,1.0,53:47:00,
4075,Tashkent State Pedagogical University named after Nizami,Uzbekistan,,THE,,,,,,,,,,,,,,,,,,22.2,1.0,60:40:00,
4076,Tashkent State Technical University,Uzbekistan,,THE,,,,,,,,,,,,,,,,,,12.6,0.0,0.806944444,
4077,Tashkent State Transport University,Uzbekistan,,THE,,,,,,,,,,,,,,,,,,24.1,0.0,0.438194444,
4078,Tashkent Institute of Textile and Light Industry,Uzbekistan,,THE,,,,,,,,,,,,,,,,,,11.5,0.0,44:56:00,
4079,Tata Institute of Fundamental Research,India,,THE,,,,,,,,,,,,,,,,,758.0,3.0,0.0,28 : 72,
4080,Tatung University,Taiwan,,THE,,,,,,,,,,,,,,,,,,19.4,3.0,38 : 62,
4081,T. C. DemiroÄlu Bilim University,Turkey,,THE,,,,,,,,,,,,,,,,,,10.3,0.0,68:32:00,
4082,Teacher Education College of Setif,Algeria,,THE,,,,,,,,,,,,,,,,,,14.7,0.0,93:07:00,
4083,Technical University of Moldova,Moldova,,THE,,,,,,,,,,,,,,,,,,11.6,2.0,33 : 67,
4084,University of Technology Nowshera,Pakistan,,THE,,,,,,,,,,,,,,,,,558.0,37.2,0.0,0.069444444,
4085,Universidad TÃ©cnica de ManabÃ­,Ecuador,,THE,,,,,,,,,,,,,,,,,,29.7,1.0,59:41:00,
4086,Universidad TecnolÃ³gica de BolÃ­var,Colombia,,THE,,,,,,,,,,,,,,,,,,21.8,0.0,42:58:00,
4087,Universidad TecnolÃ³gica de Santiago (UTESA),Dominican Republic,,THE,,,,,,,,,,,,,,,,,,117.8,4.0,62:38:00,
4088,TecnolÃ³gico de Costa Rica,Costa Rica,,THE,,,,,,,,,,,,,,,,,,14.5,2.0,38 : 62,
4089,Instituto TecnolÃ³gico Metropolitano,Colombia,,THE,,,,,,,,,,,,,,,,,,24.8,0.0,44:56:00,
4090,Teerthanker Mahaveer University,India,,THE,,,,,,,,,,,,,,,,,,11.9,0.0,42:58:00,
4091,Teikyo Heisei University,Japan,,THE,,,,,,,,,,,,,,,,,,19.7,1.0,47:53:00,
4092,Universiti Teknologi Brunei,Brunei Darussalam,,THE,,,,,,,,,,,,,,,,,,6.7,7.0,45:55:00,
4093,Institut Teknologi Nasional Bandung (ITENAS Bandung),Indonesia,,THE,,,,,,,,,,,,,,,,,,22.3,0.0,0.929861111,
4094,University of Telafer,Iraq,,THE,,,,,,,,,,,,,,,,,,32.0,0.0,46:54:00,
4095,Institute of Telecommunications and Informatics of Turkmenistan,Turkmenistan,,THE,,,,,,,,,,,,,,,,,,9.7,0.0,24 : 76,
4096,Tenri University,Japan,,THE,,,,,,,,,,,,,,,,,,23.4,6.0,36 : 64,
4097,Termez State University,Uzbekistan,,THE,,,,,,,,,,,,,,,,,,26.2,1.0,50:50:00,
4098,Termez Institute of Engineering and Technology,Uzbekistan,,THE,,,,,,,,,,,,,,,,,,41.7,0.0,0.684027778,
4099,Termiz Institute of Agrotechnology and Innovative Development,Uzbekistan,,THE,,,,,,,,,,,,,,,,,,17.4,0.0,48:52:00,
4100,University of the Thai Chamber of Commerce,Thailand,,THE,,,,,,,,,,,,,,,,,,31.0,12.0,,
4101,University of Thi-Qar,Iraq,,THE,,,,,,,,,,,,,,,,,,15.9,0.0,62:38:00,
4102,Thomas Adewumi University,Nigeria,,THE,,,,,,,,,,,,,,,,,60.0,2.9,0.0,60:40:00,
4103,Tikrit University,Iraq,,THE,,,,,,,,,,,,,,,,,,13.6,0.0,36 : 64,
4104,Tishk International University,Iraq,,THE,,,,,,,,,,,,,,,,,,13.0,0.0,52:48:00,
4105,Tissemsilt University,Algeria,,THE,,,,,,,,,,,,,,,,,,19.0,0.0,55:45:00,
4106,Tohoku Gakuin University,Japan,,THE,,,,,,,,,,,,,,,,,,36.7,0.0,33 : 67,
4107,Tokyo University of Foreign Studies,Japan,,THE,,,,,,,,,,,,,,,,,,16.6,10.0,65:35:00,
4108,Tokyo University of Technology,Japan,,THE,,,,,,,,,,,,,,,,,,27.3,4.0,34 : 66,
4109,Tomsk State Pedagogical University,Russia,,THE,,,,,,,,,,,,,,,,,,20.5,6.0,79:21:00,
4110,Toraighyrov University,Kazakhstan,,THE,,,,,,,,,,,,,,,,,,14.1,2.0,,
4111,Trinity Laban Conservatoire of Music and Dance,United Kingdom,,THE,,,,,,,,,,,,,,,,,,9.6,34.0,68:32:00,
4112,University of Tripoli,Libya,,THE,,,,,,,,,,,,,,,,,,19.8,2.0,61:39:00,
4113,Turan-Astana University,Kazakhstan,,THE,,,,,,,,,,,,,,,,,,9.2,2.0,41:59:00,
4114,Turin Polytechnic University in Tashkent,Uzbekistan,,THE,,,,,,,,,,,,,,,,,,39.7,1.0,0.561111111,
4115,Turkmen State Architecture and Construction Institute,Turkmenistan,,THE,,,,,,,,,,,,,,,,,,9.9,0.0,0.643055556,
4116,Turkmen State Institute of Economics and Management,Turkmenistan,,THE,,,,,,,,,,,,,,,,,,13.1,0.0,51:49:00,
4117,Tver State Technical University,Russia,,THE,,,,,,,,,,,,,,,,,,8.5,10.0,31 : 69,
4118,Ubon Ratchathani University,Thailand,,THE,,,,,,,,,,,,,,,,,,23.9,0.0,67:33:00,
4119,UBT,,,THE,,,,,,,,,,,,,,,,,,12.6,3.0,50:50:00,
4120,"UEES, Espiritu Santo University",Ecuador,,THE,,,,,,,,,,,,,,,,,,12.8,24.0,51:49:00,
4121,UIN Sulthan Thaha Saifuddin Jambi,Indonesia,,THE,,,,,,,,,,,,,,,,,,47.0,0.0,57:43:00,
4122,Ulyanovsk State University,Russia,,THE,,,,,,,,,,,,,,,,,,18.2,17.0,56:44:00,
4123,Ulyanovsk State Technical University,Russia,,THE,,,,,,,,,,,,,,,,,,16.6,8.0,33 : 67,
4124,UNESC,Brazil,,THE,,,,,,,,,,,,,,,,,,19.7,0.0,63:37:00,
4125,Unichristus,Brazil,,THE,,,,,,,,,,,,,,,,,,10.6,0.0,65:35:00,
4126,United International University,Bangladesh,,THE,,,,,,,,,,,,,,,,,,21.9,1.0,28 : 72,
4127,Universiapolis â UniversitÃ© Internationale dâAgadir,Morocco,,THE,,,,,,,,,,,,,,,,,,22.9,11.0,,
4128,Ural State University of Economics,Russia,,THE,,,,,,,,,,,,,,,,,,8.7,8.0,52:48:00,
4129,Ural State Medical University,Russia,,THE,,,,,,,,,,,,,,,,,,14.2,10.0,78:22:00,
4130,Urgench State University,Uzbekistan,,THE,,,,,,,,,,,,,,,,,,20.3,4.0,58:42:00,
4131,Uruk University,Iraq,,THE,,,,,,,,,,,,,,,,,,21.9,0.0,57:43:00,
4132,Universidad UTE,Ecuador,,THE,,,,,,,,,,,,,,,,,,18.7,1.0,48:52:00,
4133,National University of Uzbekistan named after Mirzo Ulugbek,Uzbekistan,,THE,,,,,,,,,,,,,,,,,,13.2,2.0,56:44:00,
4134,Uzbekistan State University of World Languages,Uzbekistan,,THE,,,,,,,,,,,,,,,,,,20.6,0.0,71:29:00,
4135,Uzbek State University of Physical Culture and Sport,Uzbekistan,,THE,,,,,,,,,,,,,,,,,,29.7,0.0,0.970833333,
4136,Valahia University of Targoviste,Romania,,THE,,,,,,,,,,,,,,,,,,22.0,1.0,49:51:00,
4137,University of Vale do ItajaÃ­,Brazil,,THE,,,,,,,,,,,,,,,,,,16.4,1.0,65:35:00,
4138,Varendra University,Bangladesh,,THE,,,,,,,,,,,,,,,,,,19.7,0.0,39 : 61,
4139,Varna University of Management,Bulgaria,,THE,,,,,,,,,,,,,,,,,429.0,13.0,35.0,43:57:00,
4140,Vasyl Stefanyk Precarpathian National University,Ukraine,,THE,,,,,,,,,,,,,,,,,,15.3,0.0,73:27:00,
4141,"Veritas University, Abuja",Nigeria,,THE,,,,,,,,,,,,,,,,,,15.9,3.0,55:45:00,
4142,University of Veterinary Medicine and Pharmacy in KoÅ¡ice,Slovakia,,THE,,,,,,,,,,,,,,,,,,9.0,44.0,85:15:00,
4143,Vila Velha University,Brazil,,THE,,,,,,,,,,,,,,,,,,18.5,1.0,59:41:00,
4144,Vinayaka Missionâs Research Foundation,India,,THE,,,,,,,,,,,,,,,,,,9.5,0.0,41:59:00,
4145,Visayas State University,Philippines,,THE,,,,,,,,,,,,,,,,,,16.6,0.0,61:39:00,
4146,Visvesvaraya Technological University,India,,THE,,,,,,,,,,,,,,,,,,19.7,0.0,51:49:00,
4147,Volgograd State Medical University,Russia,,THE,,,,,,,,,,,,,,,,,,5.9,32.0,66:34:00,
4148,University of Wales Trinity Saint David,United Kingdom,,THE,,,,,,,,,,,,,,,,,,23.6,32.0,58:42:00,
4149,University of Warith Alanbiyaa,Iraq,,THE,,,,,,,,,,,,,,,,,,16.7,0.0,38 : 62,
4150,Wasit University,Iraq,,THE,,,,,,,,,,,,,,,,,,20.7,0.0,43:57:00,
4151,Westcliff University,United States,,THE,,,,,,,,,,,,,,,,,,12.8,85.0,46:54:00,
4152,Western Caspian University,Azerbaijan,,THE,,,,,,,,,,,,,,,,,,10.1,6.0,61:39:00,
4153,West Ukrainian National University,Ukraine,,THE,,,,,,,,,,,,,,,,,,21.0,3.0,37 : 63,
4154,West Virginia University,United States,,THE,,,,,,,,,,,,,,,,,,18.3,5.0,53:47:00,
4155,WHU: Beisheim,Germany,,THE,,,,,,,,,,,,,,,,,,31.3,32.0,32 : 68,
4156,Women University Mardan,Pakistan,,THE,,,,,,,,,,,,,,,,,,26.5,1.0,100:00:00,
4157,The Women University Multan,Pakistan,,THE,,,,,,,,,,,,,,,,,,38.0,0.0,100:00:00,
4158,University of Worcester,United Kingdom,,THE,,,,,,,,,,,,,,,,,,17.2,14.0,70:30:00,
4159,World University of Bangladesh (WUB),Bangladesh,,THE,,,,,,,,,,,,,,,,,,20.8,0.0,0.929861111,
4160,The World Islamic Sciences and Education University (WISE),Jordan,,THE,,,,,,,,,,,,,,,,,,27.2,8.0,64:36:00,
4161,Wrexham Glyndwr University,United Kingdom,,THE,,,,,,,,,,,,,,,,,,25.5,19.0,59:41:00,
4162,Writtle University College,United Kingdom,,THE,,,,,,,,,,,,,,,,,675.0,7.5,9.0,82:18:00,
4163,WSB Academy,Poland,,THE,,,,,,,,,,,,,,,,,,6.4,49.0,53:47:00,
4164,Yagshigeldi Kakayev International University of Oil and Gas,Turkmenistan,,THE,,,,,,,,,,,,,,,,,,11.4,1.0,31 : 69,
4165,Yamaguchi Prefectural University,Japan,,THE,,,,,,,,,,,,,,,,,,16.2,2.0,87:13:00,
4166,Yanka Kupala State University of Grodno,Belarus,,THE,,,,,,,,,,,,,,,,,,15.7,10.0,57:43:00,
4167,YaÅar University,Turkey,,THE,,,,,,,,,,,,,,,,,,11.7,2.0,51:49:00,
4168,York St John University,United Kingdom,,THE,,,,,,,,,,,,,,,,,,18.4,13.0,64:36:00,
4169,"Yusuf Maitama Sule University, Kano",Nigeria,,THE,,,,,,,,,,,,,,,,,,26.2,0.0,59:41:00,
4170,Zarqa University,Jordan,,THE,,,,,,,,,,,,,,,,,,17.0,35.0,60:40:00,
4171,Zhetysu University,Kazakhstan,,THE,,,,,,,,,,,,,,,,,,18.2,0.0,66:34:00,
4172,Zhytomyr Polytechnic State University,Ukraine,,THE,,,,,,,,,,,,,,,,,,16.1,1.0,40 : 60,
4173,Ziane Achour University of Djelfa,Algeria,,THE,,,,,,,,,,,,,,,,,,28.5,0.0,55:45:00,
4174,Ziauddin University,Pakistan,,THE,,,,,,,,,,,,,,,,,,9.2,0.0,58:42:00,
