QS_Rank,QS_Previous_Rank,University,Country,QS_Region,QS_Size,QS_Focus,QS_Research,QS_Status,QS_Academic_Reputation_Score,QS_Academic_Reputation_Rank,QS_Employer_Reputation_Score,QS_Employer_Reputation_Rank,QS_Faculty_Student_Ratio_Score,QS_Faculty_Student_Ratio_Rank,QS_Citations_per_Faculty_Score,QS_Citations_per_Faculty_Rank,QS_International_Faculty_Score,QS_International_Faculty_Rank,QS_International_Student_Score,QS_International_Student_Rank,QS_International_Students_Diversity_Score,QS_International_Students_Diversity_Rank,QS_International_Research_Network_Score,QS_International_Research_Network_Rank,QS_Employment_Outcomes_Score,QS_Employment_Outcomes_Rank,QS_Sustainability_Score,QS_Sustainability_Rank,QS_Overall_Score,Ranking_Source,THE_Student_Population,THE_Students_to_Staff_Ratio,THE_International_Students_Percentage,THE_Female_to_Male_Ratio,THE_Overall_Score,THE_Teaching,THE_Research_Environment,THE_Research_Quality,THE_Industry_Impact,THE_International_Outlook,Year,Ranking_Status
1.0,1.0,Massachusetts Institute of Technology (MIT),United States,Americas,M,CO,VH,Private not for Profit,100.0,4.0,100.0,2.0,100.0,16.0,100.0,7.0,100.0,63.0,91.6,153.0,92.3,130.0,94.1,,100.0,7.0,93.8,33.0,100.0,QS,,,,,,,,,,,,Ranked
2.0,2.0,Imperial College London,United Kingdom,Europe,L,FO,VH,Public,99.6,22.0,100.0,9.0,99.3,42.0,95.0,69.0,100.0,74.0,100.0,35.0,100.0,22.0,97.5,,95.9,68.0,98.3,,99.4,QS,,,,,,,,,,,,Ranked
3.0,6.0,Stanford University,United States,Americas,L,FC,VH,Private not for Profit,100.0,5.0,100.0,3.0,100.0,17.0,99.7,24.0,94.2,188.0,73.5,261.0,76.1,230.0,96.5,,100.0,2.0,95.4,,98.9,QS,,,,,,,,,,,,Ranked
4.0,3.0,University of Oxford,United Kingdom,Europe,L,FC,VH,Public,100.0,2.0,100.0,4.0,100.0,9.0,91.0,98.0,98.8,132.0,98.6,80.0,98.7,67.0,100.0,,100.0,3.0,77.9,,97.9,QS,,,,,,,,,,,,Ranked
5.0,4.0,Harvard University,United States,Americas,L,FC,VH,Private not for Profit,100.0,1.0,100.0,1.0,98.3,50.0,100.0,1.0,79.1,300.0,81.4,217.0,60.6,335.0,99.4,,100.0,1.0,77.8,,97.7,QS,,,,,,,,,,,,Ranked
6.0,5.0,University of Cambridge,United Kingdom,Europe,L,FC,VH,Public,100.0,3.0,100.0,5.0,100.0,23.0,88.6,107.0,100.0,80.0,93.1,144.0,93.6,120.0,99.2,,100.0,5.0,78.4,194.0,97.2,QS,,,,,,,,,,,,Ranked
7.0,7.0,ETH Zurich (Swiss Federal Institute of Technology),Switzerland,Europe,L,FO,VH,Public,99.7,18.0,96.3,42.0,71.7,214.0,98.8,40.0,100.0,28.0,99.3,58.0,73.9,241.0,95.8,,95.0,76.0,99.6,2.0,96.7,QS,,,,,,,,,,,,Ranked
8.0,8.0,National University of Singapore (NUS),Singapore,Asia,XL,FC,VH,Public,99.9,14.0,98.2,32.0,71.5,216.0,95.9,64.0,100.0,37.0,96.9,101.0,72.1,253.0,92.4,,100.0,9.0,90.0,,95.9,QS,,,,,,,,,,,,Ranked
9.0,9.0,UCL (University College London),United Kingdom,Europe,XL,FC,VH,Public,99.9,15.0,99.4,18.0,94.8,77.0,80.9,151.0,99.6,108.0,100.0,27.0,100.0,17.0,99.9,,89.3,111.0,98.5,,95.8,QS,,,,,,,,,,,,Ranked
10.0,10.0,California Institute of Technology (Caltech),United States,Americas,S,FO,VH,Private not for Profit,98.3,33.0,99.2,23.0,100.0,5.0,100.0,3.0,100.0,65.0,90.7,161.0,91.4,136.0,61.8,,49.1,352.0,79.2,185.0,94.3,QS,,,,,,,,,,,,Ranked
11.0,17.0,The University of Hong Kong,Hong Kong,Asia,L,FC,VH,Public,99.3,27.0,82.5,97.0,85.3,131.0,96.6,60.0,100.0,31.0,100.0,38.0,100.0,24.0,82.3,,99.8,15.0,84.8,,94.2,QS,,,,,,,,,,,,Ranked
12.0,15.0,"Nanyang Technological University, Singapore (NTU Singapore)",Singapore,Asia,L,FC,VH,Public,97.1,42.0,91.4,67.0,83.9,148.0,94.6,76.0,100.0,43.0,93.1,145.0,93.6,121.0,86.9,,87.7,121.0,87.2,88.0,93.7,QS,,,,,,,,,,,,Ranked
13.0,21.0,University of Chicago,United States,Americas,L,FC,VH,Private not for Profit,99.8,17.0,99.3,21.0,97.3,62.0,78.1,164.0,86.1,254.0,92.8,148.0,69.1,275.0,87.7,,99.8,16.0,73.3,,93.0,QS,,,,,,,,,,,,Ranked
14.0,14.0,Peking University,China,Asia,XL,FC,VH,Public,99.9,12.0,99.6,17.0,96.2,66.0,99.2,35.0,59.9,391.0,37.3,523.0,27.9,640.0,83.2,,97.0,58.0,70.6,,92.6,QS,,,,,,,,,,,,Ranked
15.0,11.0,University of Pennsylvania,United States,Americas,L,FC,VH,Private not for Profit,98.9,30.0,98.7,28.0,99.9,29.0,72.0,199.0,96.9,151.0,76.3,249.0,78.6,221.0,89.4,,100.0,4.0,95.0,24.0,92.5,QS,,,,,,,,,,,,Ranked
16.0,16.0,Cornell University,United States,Americas,L,FC,VH,Private not for Profit,99.5,25.0,98.8,27.0,64.3,276.0,98.0,48.0,57.6,401.0,75.7,251.0,56.4,363.0,93.0,,99.3,24.0,76.8,218.0,91.6,QS,,,,,,,,,,,,Ranked
17.0,20.0,Tsinghua University,China,Asia,XL,FC,VH,Public,99.9,16.0,99.7,15.0,97.1,63.0,99.6,26.0,39.5,502.0,31.9,570.0,23.9,707.0,80.4,,97.0,60.0,68.7,,91.2,QS,,,,,,,,,,,,Ranked
17.0,12.0,"University of California, Berkeley (UCB)",United States,Americas,XL,FC,VH,Public,100.0,6.0,100.0,6.0,29.4,643.0,97.2,53.0,95.6,172.0,70.6,273.0,52.6,392.0,96.7,,99.8,17.0,98.8,,91.2,QS,,,,,,,,,,,,Ranked
19.0,13.0,The University of Melbourne,Australia,Oceania,XL,FC,VH,Public,99.7,21.0,97.4,35.0,20.5,801.0,94.8,72.0,96.7,156.0,100.0,37.0,74.4,239.0,96.9,,98.3,39.0,98.2,,90.8,QS,,,,,,,,,,,,Ranked
20.0,19.0,The University of New South Wales,Australia,Oceania,XL,FC,VH,Public,96.3,43.0,93.5,59.0,29.9,632.0,96.9,58.0,100.0,69.0,99.9,41.0,99.9,30.0,97.6,,98.7,32.0,97.0,,90.7,QS,,,,,,,,,,,,Ranked
21.0,23.0,Yale University,United States,Americas,L,FC,VH,Private not for Profit,100.0,9.0,100.0,7.0,100.0,12.0,64.8,250.0,86.7,247.0,72.7,262.0,75.4,232.0,92.9,,99.8,18.0,82.4,,90.4,QS,,,,,,,,,,,,Ranked
22.0,26.0,École Polytechnique Fédérale de Lausanne,Switzerland,Europe,M,FO,VH,Public,92.7,55.0,88.0,79.0,90.0,103.0,93.1,87.0,100.0,12.0,100.0,17.0,100.0,11.0,83.6,,47.3,371.0,85.3,,90.2,QS,,,,,,,,,,,,Ranked
22.0,28.0,Technical University of Munich,Germany,Europe,XL,FO,VH,Public,92.0,60.0,99.7,16.0,70.5,223.0,92.6,90.0,86.3,252.0,98.9,72.0,98.9,63.0,95.9,,57.3,293.0,87.8,,90.2,QS,,,,,,,,,,,,Ranked
24.0,32.0,Johns Hopkins University,United States,Americas,L,FC,VH,Private not for Profit,93.2,51.0,79.2,108.0,100.0,14.0,85.8,118.0,70.8,333.0,94.2,137.0,94.6,113.0,97.4,,84.1,141.0,93.0,35.0,89.7,QS,,,,,,,,,,,,Ranked
25.0,22.0,Princeton University,United States,Americas,M,CO,VH,Private not for Profit,100.0,10.0,99.8,13.0,67.3,253.0,100.0,5.0,12.7,801.0,70.0,280.0,52.2,397.0,82.6,,98.9,28.0,76.0,222.0,89.4,QS,,,,,,,,,,,,Ranked
25.0,18.0,The University of Sydney,Australia,Oceania,XL,FC,VH,Public,98.9,29.0,94.2,53.0,15.7,801.0,94.3,78.0,99.9,101.0,100.0,18.0,100.0,12.0,95.5,,95.8,70.0,97.6,11.0,89.4,QS,,,,,,,,,,,,Ranked
27.0,29.0,McGill University,Canada,Americas,L,FC,VH,Public,98.1,35.0,93.5,58.0,67.3,250.0,72.4,194.0,88.6,232.0,93.5,138.0,69.6,272.0,92.9,,98.9,27.0,96.3,,88.9,QS,,,,,,,,,,,,Ranked
28.0,24.0,PSL University,France,Europe,L,CO,VH,Public,82.6,86.0,98.5,31.0,98.6,48.0,85.1,123.0,69.6,336.0,75.5,252.0,77.9,222.0,99.7,,97.5,51.0,87.8,,88.6,QS,,,,,,,,,,,,Ranked
29.0,25.0,University of Toronto,Canada,Americas,XL,FC,VH,Public,100.0,11.0,99.1,25.0,45.7,428.0,68.8,224.0,97.9,143.0,97.9,91.0,98.0,78.0,97.0,,99.4,22.0,100.0,1.0,88.5,QS,,,,,,,,,,,,Ranked
30.0,39.0,Fudan University,China,Asia,XL,FC,VH,Public,93.7,50.0,95.1,49.0,84.8,137.0,92.8,89.0,88.5,234.0,46.4,433.0,51.4,402.0,75.5,,73.3,193.0,83.1,134.0,88.4,QS,,,,,,,,,,,,Ranked
31.0,40.0,King's College London (KCL),United Kingdom,Europe,XL,FC,VH,Public,96.2,44.0,91.8,65.0,74.4,202.0,70.2,215.0,99.5,115.0,99.0,70.0,99.0,61.0,98.4,,76.4,174.0,96.5,14.0,88.3,QS,,,,,,,,,,,,Ranked
32.0,30.0,Australian National University,Australia,Oceania,L,FC,VH,Public,97.9,37.0,82.6,96.0,40.9,495.0,91.7,93.0,100.0,49.0,99.0,68.0,99.1,59.0,93.1,,67.1,232.0,91.8,48.0,87.4,QS,,,,,,,,,,,,Ranked
32.0,36.0,The Chinese University of Hong Kong,Hong Kong,Asia,L,FC,VH,Public,94.2,48.0,67.3,157.0,75.9,191.0,95.0,71.0,100.0,50.0,93.3,143.0,90.3,147.0,68.2,,91.2,94.0,84.1,123.0,87.4,QS,,,,,,,,,,,,Ranked
34.0,27.0,University of Edinburgh,United Kingdom,Europe,XL,FC,VH,Public,99.6,24.0,98.2,33.0,77.3,179.0,54.3,338.0,99.7,105.0,99.9,42.0,99.9,31.0,99.5,,69.7,213.0,98.3,,87.2,QS,,,,,,,,,,,,Ranked
35.0,34.0,The University of Manchester,United Kingdom,Europe,XL,FC,VH,Public,98.6,31.0,98.8,26.0,58.2,310.0,56.8,308.0,95.3,176.0,99.5,56.0,99.5,45.0,99.4,,91.9,90.0,98.2,,86.4,QS,,,,,,,,,,,,Ranked
36.0,37.0,Monash University,Australia,Oceania,XL,FC,VH,Public,95.7,45.0,87.5,81.0,11.3,801.0,93.0,88.0,100.0,61.0,100.0,24.0,100.0,15.0,94.7,,86.7,128.0,91.7,,85.8,QS,,,,,,,,,,,,Ranked
36.0,32.0,The University of Tokyo,Japan,Asia,L,FC,VH,Public,100.0,7.0,99.9,10.0,92.4,94.0,69.9,217.0,15.9,777.0,44.0,457.0,49.2,422.0,88.8,,100.0,10.0,92.3,44.0,85.8,QS,,,,,,,,,,,,Ranked
38.0,34.0,Columbia University,United States,Americas,XL,FC,VH,Private not for Profit,99.9,13.0,99.9,11.0,100.0,19.0,44.5,418.0,48.5,445.0,98.1,88.0,72.9,250.0,98.4,,100.0,8.0,77.9,,85.6,QS,,,,,,,,,,,,Ranked
38.0,31.0,Seoul National University,South Korea,Asia,L,FC,VH,Public,99.7,20.0,99.1,24.0,85.6,130.0,81.2,150.0,13.2,801.0,27.5,622.0,33.5,571.0,77.6,,100.0,6.0,90.8,57.0,85.6,QS,,,,,,,,,,,,Ranked
40.0,38.0,University of British Columbia,Canada,Americas,XL,FC,VH,Public,99.6,23.0,96.5,41.0,34.7,568.0,70.9,210.0,98.5,135.0,79.8,222.0,81.7,191.0,96.6,,84.9,135.0,98.5,,85.5,QS,,,,,,,,,,,,Ranked
41.0,46.0,Institut Polytechnique de Paris,France,Europe,M,CO,VH,Public,58.1,185.0,99.8,14.0,94.8,76.0,97.3,52.0,99.9,99.0,99.2,61.0,99.2,50.0,93.0,,99.1,25.0,77.9,,85.4,QS,,,,,,,,,,,,Ranked
42.0,50.0,Northwestern University,United States,Americas,L,FC,VH,Private not for Profit,92.2,59.0,89.4,74.0,99.1,44.0,71.2,205.0,57.7,399.0,67.2,295.0,50.0,414.0,86.5,,99.5,20.0,74.4,,85.1,QS,,,,,,,,,,,,Ranked
42.0,40.0,The University of Queensland,Australia,Oceania,XL,FC,VH,Public,94.3,46.0,79.5,105.0,26.5,705.0,94.2,79.0,100.0,60.0,100.0,28.0,100.0,18.0,97.0,,66.6,233.0,92.5,41.0,85.1,QS,,,,,,,,,,,,Ranked
44.0,47.0,The Hong Kong University of Science and Technology,Hong Kong,Asia,M,FO,VH,Public,89.4,69.0,69.7,149.0,67.5,247.0,100.0,12.0,100.0,23.0,99.3,59.0,99.0,60.0,49.5,,76.6,173.0,79.7,,84.8,QS,,,,,,,,,,,,Ranked
45.0,44.0,University of Michigan-Ann Arbor,United States,Americas,XL,FC,VH,Public,99.3,26.0,98.5,30.0,85.7,127.0,54.5,334.0,73.9,320.0,56.1,372.0,60.3,339.0,96.0,,99.1,26.0,77.2,,84.7,QS,,,,,,,,,,,,Ranked
46.0,42.0,"University of California, Los Angeles (UCLA)",United States,Americas,XL,FC,VH,Public,100.0,8.0,100.0,8.0,43.6,456.0,84.3,127.0,50.8,437.0,31.8,571.0,37.7,521.0,93.5,,98.0,46.0,78.0,,84.4,QS,,,,,,,,,,,,Ranked
47.0,49.0,Delft University of Technology,Netherlands,Europe,L,CO,VH,Public,86.2,76.0,90.4,71.0,49.1,392.0,84.6,126.0,100.0,68.0,94.8,128.0,95.1,109.0,93.8,,66.0,235.0,96.3,,84.3,QS,,,,,,,,,,,,Ranked
47.0,45.0,Shanghai Jiao Tong University,China,Asia,XL,FC,VH,Public,92.7,56.0,93.8,56.0,64.5,275.0,100.0,13.0,40.9,490.0,19.1,741.0,14.4,801.0,77.7,,88.2,119.0,82.5,,84.3,QS,,,,,,,,,,,,Ranked
49.0,47.0,Zhejiang University,China,Asia,XL,FC,VH,Public,87.0,75.0,97.2,36.0,53.0,355.0,100.0,11.0,94.1,189.0,23.5,683.0,17.7,801.0,94.0,,74.4,185.0,63.0,,84.0,QS,,,,,,,,,,,,Ranked
50.0,56.0,Yonsei University,South Korea,Asia,L,FC,VH,Private not for Profit,91.6,64.0,97.8,34.0,84.3,142.0,67.9,231.0,30.5,582.0,74.3,258.0,76.7,227.0,78.0,,94.4,78.0,87.7,86.0,82.9,QS,,,,,,,,,,,,Ranked
51.0,54.0,University of Bristol,United Kingdom,Europe,XL,FC,VH,Public,87.3,73.0,89.4,75.0,36.7,546.0,83.2,135.0,90.7,219.0,95.7,118.0,96.0,100.0,95.3,,63.1,248.0,97.0,,82.5,QS,,,,,,,,,,,,Ranked
52.0,58.0,Carnegie Mellon University,United States,Americas,L,FC,VH,Private not for Profit,80.1,98.0,94.4,52.0,51.1,370.0,98.6,43.0,52.4,426.0,98.7,77.0,73.4,245.0,79.2,,79.9,161.0,66.2,375.0,82.3,QS,,,,,,,,,,,,Ranked
53.0,55.0,The University of Amsterdam,Netherlands,Europe,XL,FC,VH,Public,92.5,57.0,72.6,135.0,27.5,688.0,87.2,113.0,98.8,133.0,95.8,117.0,71.3,259.0,95.1,,90.3,104.0,64.0,,81.5,QS,,,,,,,,,,,,Ranked
54.0,57.0,The Hong Kong Polytechnic University,Hong Kong,Asia,L,CO,VH,Public,81.2,93.0,47.5,275.0,77.1,182.0,98.7,41.0,100.0,34.0,98.8,76.0,97.9,81.0,82.8,,74.1,187.0,80.8,160.0,81.2,QS,,,,,,,,,,,,Ranked
55.0,43.0,New York University (NYU),United States,Americas,XL,FC,VH,Private not for Profit,98.6,32.0,99.9,12.0,89.0,109.0,31.7,568.0,33.1,553.0,99.7,52.0,99.7,42.0,93.5,,99.5,19.0,91.3,52.0,81.1,QS,,,,,,,,,,,,Ranked
56.0,50.0,London School of Economics and Political Science (LSE),United Kingdom,Europe,L,FO,VH,Public,80.6,96.0,99.4,20.0,47.2,417.0,64.0,256.0,100.0,41.0,100.0,14.0,100.0,9.0,76.4,,99.9,14.0,92.7,,80.5,QS,,,,,,,,,,,,Ranked
57.0,50.0,Kyoto University,Japan,Asia,L,FC,VH,Public,99.7,19.0,99.3,22.0,94.3,80.0,50.9,369.0,22.9,675.0,29.2,601.0,35.1,551.0,85.5,,85.9,132.0,84.0,,80.2,QS,,,,,,,,,,,,Ranked
58.0,59.0,Ludwig-Maximilians-Universität München,Germany,Europe,XL,FC,VH,Public,97.1,41.0,95.5,47.0,41.0,493.0,62.3,271.0,80.3,296.0,53.2,387.0,57.6,354.0,95.5,,76.8,172.0,87.0,89.0,80.1,QS,,,,,,,,,,,,Ranked
58.0,60.0,Universiti Malaya (UM),Malaysia,Asia,L,FC,VH,Public,92.3,58.0,96.7,40.0,74.2,205.0,47.4,398.0,69.2,338.0,86.8,188.0,87.3,159.0,92.9,,77.7,167.0,84.7,,80.1,QS,,,,,,,,,,,,Ranked
60.0,63.0,KU Leuven,Belgium,Europe,XL,FC,VH,Public,93.0,53.0,63.5,169.0,9.6,801.0,94.7,75.0,95.8,166.0,65.1,307.0,48.5,428.0,99.5,,83.5,143.0,94.7,25.0,79.7,QS,,,,,,,,,,,,Ranked
61.0,67.0,Korea University,South Korea,Asia,L,FC,VH,Private not for Profit,89.2,70.0,95.4,48.0,77.0,183.0,68.2,229.0,24.5,656.0,64.0,311.0,67.5,287.0,67.7,,93.6,83.0,85.9,101.0,79.6,QS,,,,,,,,,,,,Ranked
62.0,61.0,Duke University,United States,Americas,L,FC,VH,Private not for Profit,92.9,54.0,91.0,68.0,100.0,7.0,47.1,402.0,28.3,602.0,62.0,326.0,46.2,450.0,90.8,,95.6,73.0,77.6,205.0,79.0,QS,,,,,,,,,,,,Ranked
63.0,62.0,City University of Hong Kong,Hong Kong,Asia,M,CO,VH,Public,75.5,109.0,46.7,284.0,94.8,75.0,100.0,2.0,100.0,16.0,100.0,5.0,100.0,2.0,64.5,,48.5,356.0,75.2,,78.9,QS,,,,,,,,,,,,Ranked
63.0,68.0,National Taiwan University (NTU),Taiwan,Asia,L,FC,VH,Public,97.7,38.0,94.2,54.0,38.8,522.0,70.9,209.0,25.3,647.0,59.2,346.0,63.1,313.0,67.1,,100.0,11.0,88.4,,78.9,QS,,,,,,,,,,,,Ranked
65.0,65.0,The University of Auckland,New Zealand,Oceania,XL,FC,VH,Public,91.7,63.0,55.2,220.0,17.6,801.0,79.1,162.0,100.0,83.0,95.5,122.0,95.8,104.0,88.8,,96.9,61.0,95.7,17.0,77.5,QS,,,,,,,,,,,,Ranked
66.0,72.0,"University of California, San Diego (UCSD)",United States,Americas,XL,FC,VH,Public,94.0,49.0,80.2,103.0,54.4,347.0,80.3,155.0,43.8,473.0,47.0,431.0,52.0,400.0,94.0,,40.8,430.0,72.3,,76.9,QS,,,,,,,,,,,,Ranked
67.0,101.0,King Fahd University of Petroleum & Minerals,Saudi Arabia,Asia,M,FO,VH,Public,53.5,206.0,75.6,124.0,92.4,93.0,93.2,85.0,100.0,27.0,76.2,250.0,76.6,228.0,81.0,,97.8,48.0,62.7,,76.5,QS,,,,,,,,,,,,Ranked
68.0,66.0,University of Texas at Austin,United States,Americas,XL,FC,VH,Public,97.6,39.0,96.8,38.0,10.7,801.0,85.4,122.0,9.1,801.0,19.1,742.0,14.4,801.0,90.5,,93.9,82.0,70.6,,76.4,QS,,,,,,,,,,,,Ranked
69.0,79.0,Brown University,United States,Americas,M,FC,VH,Private not for Profit,72.4,126.0,64.3,166.0,84.5,139.0,82.2,143.0,91.0,218.0,67.0,297.0,70.2,269.0,80.1,,81.9,151.0,72.6,280.0,76.2,QS,,,,,,,,,,,,Ranked
70.0,73.0,Université Paris-Saclay,France,Europe,XL,CO,VH,Public,75.3,112.0,99.4,19.0,99.9,24.0,42.4,450.0,45.9,463.0,72.7,263.0,75.4,233.0,98.5,,82.9,146.0,92.7,,75.9,QS,,,,,,,,,,,,Ranked
70.0,69.0,University of Illinois at Urbana-Champaign,United States,Americas,XL,FC,VH,Public,91.7,62.0,91.5,66.0,8.6,801.0,81.6,147.0,14.2,801.0,70.1,277.0,52.2,395.0,91.3,,92.5,86.0,75.9,,75.9,QS,,,,,,,,,,,,Ranked
72.0,75.0,Lund University,Sweden,Europe,L,FC,VH,Public,80.1,99.0,64.1,167.0,68.1,246.0,56.6,312.0,98.8,134.0,82.0,213.0,83.7,181.0,97.1,,96.1,65.0,98.8,,75.7,QS,,,,,,,,,,,,Ranked
72.0,63.0,Sorbonne University (merged from Paris IV & UPMC),France,Europe,XL,FC,VH,Public,93.2,52.0,62.1,182.0,56.4,329.0,68.8,225.0,35.5,533.0,66.8,300.0,70.0,270.0,99.4,,84.2,140.0,89.2,,75.7,QS,,,,,,,,,,,,Ranked
74.0,69.0,The University of Warwick,United Kingdom,Europe,L,FC,VH,Public,82.7,85.0,93.0,60.0,48.3,402.0,43.6,432.0,99.5,111.0,99.2,60.0,99.3,49.0,93.8,,75.3,182.0,84.6,,75.2,QS,,,,,,,,,,,,Ranked
75.0,87.0,"Trinity College Dublin, The University of Dublin",Ireland,Europe,L,FC,VH,Public,82.5,87.0,68.1,154.0,28.7,662.0,66.0,240.0,100.0,88.0,94.9,126.0,95.2,107.0,89.4,,95.3,74.0,73.8,,73.9,QS,,,,,,,,,,,,Ranked
76.0,80.0,University of Birmingham,United Kingdom,Europe,XL,FC,VH,Public,81.1,95.0,75.7,122.0,49.9,385.0,56.1,316.0,96.7,154.0,93.4,139.0,93.9,115.0,96.3,,54.7,305.0,92.8,38.0,73.8,QS,,,,,,,,,,,,Ranked
77.0,77.0,The University of Western Australia,Australia,Oceania,L,FC,VH,Public,69.0,137.0,56.5,209.0,15.1,801.0,99.2,34.0,100.0,77.0,100.0,36.0,100.0,23.0,93.2,,82.6,147.0,83.7,,73.7,QS,,,,,,,,,,,,Ranked
78.0,74.0,KTH Royal Institute of Technology,Sweden,Europe,L,FO,VH,Public,60.2,174.0,62.1,183.0,68.3,242.0,88.2,109.0,95.6,171.0,81.8,215.0,60.9,331.0,91.7,,72.7,197.0,89.8,66.0,73.6,QS,,,,,,,,,,,,Ranked
79.0,78.0,University of Glasgow,United Kingdom,Europe,XL,FC,VH,Public,88.3,72.0,73.5,132.0,50.3,377.0,44.8,416.0,98.0,140.0,99.1,67.0,99.1,57.0,97.0,,44.5,395.0,95.4,,73.4,QS,,,,,,,,,,,,Ranked
80.0,84.0,Ruprecht-Karls-Universität Heidelberg,Germany,Europe,L,FO,VH,Public,87.1,74.0,72.2,138.0,99.8,32.0,41.4,456.0,66.2,352.0,71.4,265.0,74.1,240.0,94.7,,34.6,494.0,85.5,106.0,73.0,QS,,,,,,,,,,,,Ranked
81.0,76.0,University of Washington,United States,Americas,XL,FC,VH,Public,90.1,68.0,74.8,128.0,49.2,391.0,69.2,221.0,14.7,801.0,45.8,441.0,34.2,561.0,95.0,,79.9,160.0,74.9,,72.7,QS,,,,,,,,,,,,Ranked
82.0,,Adelaide University,Australia,Oceania,XL,CO,VH,,78.3,102.0,62.7,176.0,30.5,621.0,69.8,218.0,100.0,90.0,97.5,96.0,72.5,251.0,96.7,,70.4,207.0,86.1,,72.6,QS,,,,,,,,,,,,Ranked
82.0,89.0,Pennsylvania State University,United States,Americas,XL,FC,VH,Public,86.1,77.0,85.8,89.0,29.1,647.0,67.2,235.0,37.4,518.0,38.2,514.0,43.8,476.0,97.4,,79.2,165.0,95.4,,72.6,QS,,,,,,,,,,,,Ranked
84.0,71.0,Universidad de Buenos Aires,Argentina,Americas,XL,FC,VH,Public,98.1,34.0,95.8,44.0,82.0,158.0,2.3,801.0,72.3,328.0,78.5,233.0,80.5,202.0,75.8,,99.9,12.0,66.1,,72.3,QS,,,,,,,,,,,,Ranked
85.0,84.0,Tokyo Institute of Technology,Japan,Asia,M,FO,VH,Public,85.0,80.0,95.7,45.0,87.6,115.0,54.2,339.0,29.8,587.0,43.4,464.0,46.6,446.0,67.8,,33.5,504.0,74.2,,72.1,QS,,,,,,,,,,,,Ranked
86.0,82.0,University of Leeds,United Kingdom,Europe,XL,FC,VH,Public,81.8,90.0,82.1,98.0,39.7,512.0,48.8,380.0,89.7,224.0,96.3,108.0,96.5,93.0,99.2,,62.9,250.0,76.4,,72.0,QS,,,,,,,,,,,,Ranked
87.0,80.0,University of Southampton,United Kingdom,Europe,L,FC,VH,Public,62.6,163.0,55.9,214.0,40.1,504.0,87.8,111.0,96.8,153.0,98.6,82.0,98.6,69.0,97.4,,58.6,279.0,95.1,23.0,71.2,QS,,,,,,,,,,,,Ranked
88.0,108.0,Boston University,United States,Americas,L,FC,VH,Private not for Profit,75.3,111.0,86.7,83.0,40.6,497.0,61.9,273.0,40.0,500.0,92.8,150.0,93.3,124.0,84.9,,86.9,127.0,73.7,264.0,71.1,QS,,,,,,,,,,,,Ranked
88.0,97.0,Freie Universität Berlin,Germany,Europe,L,FC,VH,Public,88.3,71.0,66.4,160.0,8.3,801.0,84.3,128.0,73.8,322.0,56.0,373.0,60.2,340.0,94.4,,46.9,374.0,65.4,391.0,71.1,QS,,,,,,,,,,,,Ranked
88.0,89.0,Purdue University,United States,Americas,XL,FC,VH,Public,74.3,115.0,92.7,62.0,16.4,801.0,62.4,265.0,96.4,159.0,55.3,377.0,59.6,344.0,91.0,,81.0,153.0,88.4,,71.1,QS,,,,,,,,,,,,Ranked
91.0,86.0,The University of Osaka,Japan,Asia,L,FC,VH,Public,90.5,67.0,90.0,73.0,45.6,430.0,65.8,242.0,25.2,649.0,21.1,709.0,27.2,651.0,72.0,,51.4,330.0,79.5,,71.0,QS,,,,,,,,,,,,Ranked
92.0,105.0,The University of Sheffield,United Kingdom,Europe,L,FC,VH,Public,73.0,122.0,61.7,186.0,50.3,378.0,68.4,226.0,81.6,281.0,98.0,89.0,98.1,76.0,96.8,,47.9,363.0,94.3,27.0,70.9,QS,,,,,,,,,,,,Ranked
93.0,103.0,Uppsala University,Sweden,Europe,L,FC,VH,Public,74.7,113.0,48.1,268.0,66.3,260.0,55.9,318.0,99.7,106.0,82.9,207.0,84.5,174.0,95.9,,82.9,145.0,94.4,26.0,70.3,QS,,,,,,,,,,,,Ranked
94.0,89.0,Durham University,United Kingdom,Europe,L,FC,VH,Public,74.1,117.0,91.9,64.0,37.3,539.0,42.9,441.0,99.2,123.0,94.5,134.0,94.9,111.0,90.9,,53.6,316.0,95.2,22.0,70.1,QS,,,,,,,,,,,,Ranked
94.0,96.0,University of Alberta,Canada,Americas,XL,FC,VH,Public,70.9,133.0,53.0,230.0,44.6,443.0,71.5,204.0,99.4,119.0,78.6,229.0,80.6,199.0,94.5,,77.1,169.0,90.7,58.0,70.1,QS,,,,,,,,,,,,Ranked
96.0,88.0,University of Technology Sydney,Australia,Oceania,L,CO,VH,Public,58.7,180.0,66.7,159.0,11.8,801.0,99.3,33.0,97.6,146.0,91.7,151.0,92.3,128.0,89.7,,52.3,323.0,92.0,47.0,69.9,QS,,,,,,,,,,,,Ranked
97.0,108.0,The University of Nottingham,United Kingdom,Europe,XL,FC,VH,Public,75.4,110.0,78.4,110.0,44.5,444.0,48.6,382.0,92.7,202.0,78.5,231.0,80.6,201.0,97.4,,53.7,313.0,92.9,,69.4,QS,,,,,,,,,,,,Ranked
98.0,102.0,Karlsruhe Institute of Technology (KIT),Germany,Europe,L,FO,VH,Public,57.1,194.0,87.4,82.0,48.9,397.0,77.1,168.0,83.8,265.0,56.9,363.0,61.1,330.0,86.9,,61.5,254.0,79.5,,69.1,QS,,,,,,,,,,,,Ranked
98.0,111.0,Politecnico di Milano,Italy,Europe,XL,CO,VH,Public,83.4,84.0,90.1,72.0,9.3,801.0,53.9,343.0,74.4,317.0,69.3,281.0,72.3,252.0,87.0,,72.0,199.0,72.9,,69.1,QS,,,,,,,,,,,,Ranked
100.0,109.0,University of Zurich (UZH),Switzerland,Europe,L,FO,VH,Public,71.0,132.0,43.5,308.0,95.2,72.0,52.3,361.0,100.0,82.0,57.8,357.0,43.1,482.0,93.5,,90.8,97.0,69.8,318.0,68.5,QS,,,,,,,,,,,,Ranked
101.0,100.0,University of Copenhagen,Denmark,Europe,XL,FC,VH,Public,85.5,79.0,41.7,324.0,99.6,34.0,36.6,512.0,87.3,241.0,26.5,640.0,19.9,765.0,98.0,,94.4,77.0,76.3,221.0,68.4,QS,,,,,,,,,,,,Ranked
102.0,98.0,Pohang University of Science And Technology (POSTECH),South Korea,Asia,S,FO,VH,Private not for Profit,61.3,166.0,83.3,94.0,99.9,27.0,98.3,45.0,31.6,568.0,4.2,801.0,8.3,801.0,29.6,,16.0,801.0,64.3,,67.9,QS,,,,,,,,,,,,Ranked
103.0,145.0,Nanjing University,China,Asia,XL,FC,VH,Public,72.1,128.0,61.2,188.0,37.2,541.0,99.0,39.0,82.9,273.0,15.9,799.0,12.0,801.0,69.5,,39.7,440.0,59.5,513.0,67.7,QS,,,,,,,,,,,,Ranked
103.0,105.0,Utrecht University,Netherlands,Europe,XL,FC,VH,Public,79.3,100.0,49.2,258.0,39.5,514.0,77.9,165.0,63.4,367.0,30.5,586.0,22.8,723.0,97.8,,73.2,194.0,75.1,235.0,67.7,QS,,,,,,,,,,,,Ranked
105.0,94.0,Lomonosov Moscow State University,Russia,Europe,L,FC,VH,Public,83.7,83.0,87.9,80.0,99.9,26.0,7.3,801.0,25.5,641.0,96.0,112.0,96.1,97.0,87.0,,98.3,37.0,48.8,,67.6,QS,,,,,,,,,,,,Ranked
105.0,99.0,Rheinisch-Westfälische Technische Hochschule Aachen,Germany,Europe,L,FC,VH,Public,57.7,187.0,95.7,46.0,10.7,801.0,79.7,157.0,59.6,393.0,93.0,146.0,93.5,122.0,86.0,,55.9,298.0,82.9,,67.6,QS,,,,,,,,,,,,Ranked
107.0,109.0,Technical University of Denmark,Denmark,Europe,M,FO,VH,Public,44.8,264.0,36.2,396.0,98.4,49.0,90.9,99.0,100.0,52.0,95.9,113.0,96.1,96.0,87.1,,60.5,269.0,68.0,,67.5,QS,,,,,,,,,,,,Ranked
108.0,92.0,Universidade de São Paulo (USP),Brazil,Americas,XL,FC,VH,Public,97.3,40.0,81.0,102.0,30.5,623.0,40.3,467.0,9.2,801.0,3.5,801.0,8.5,801.0,95.3,,98.8,31.0,89.0,70.0,67.3,QS,,,,,,,,,,,,Ranked
109.0,107.0,Tohoku University,Japan,Asia,L,FC,VH,Public,84.5,82.0,86.5,84.0,98.2,52.0,35.5,519.0,20.5,705.0,19.4,739.0,25.5,678.0,70.1,,36.5,474.0,82.0,,66.7,QS,,,,,,,,,,,,Ranked
110.0,120.0,Queen Mary University of London (QMUL),United Kingdom,Europe,L,FC,VH,Public,63.6,160.0,47.1,277.0,31.0,618.0,83.4,134.0,99.9,100.0,99.9,45.0,99.9,34.0,91.9,,40.1,438.0,82.4,,66.6,QS,,,,,,,,,,,,Ranked
110.0,116.0,University of Wisconsin-Madison,United States,Americas,XL,FC,VH,Public,85.7,78.0,63.1,172.0,84.3,141.0,28.1,606.0,57.7,400.0,37.0,527.0,42.6,488.0,88.9,,91.0,96.0,72.5,,66.6,QS,,,,,,,,,,,,Ranked
112.0,122.0,Qatar University,Qatar,Asia,M,FC,VH,Public,43.3,273.0,56.5,208.0,73.8,206.0,73.3,188.0,100.0,26.0,98.6,83.0,98.6,70.0,89.6,,98.9,29.0,72.2,,66.5,QS,,,,,,,,,,,,Ranked
113.0,104.0,University of St Andrews,United Kingdom,Europe,M,FO,VH,Public,61.5,165.0,74.9,127.0,63.8,278.0,51.3,368.0,98.8,131.0,99.7,47.0,99.7,36.0,87.7,,28.9,575.0,86.2,97.0,66.4,QS,,,,,,,,,,,,Ranked
114.0,113.0,Aalto University,Finland,Europe,L,FO,VH,Public,57.5,189.0,56.1,212.0,35.1,564.0,79.6,160.0,97.2,147.0,60.0,343.0,63.9,312.0,80.9,,97.1,55.0,88.3,77.0,66.3,QS,,,,,,,,,,,,Ranked
114.0,130.0,"University of California, Davis",United States,Americas,XL,FC,VH,Public,72.7,125.0,70.1,146.0,28.3,675.0,66.5,237.0,86.5,250.0,61.9,327.0,65.6,298.0,90.8,,38.0,457.0,79.8,174.0,66.3,QS,,,,,,,,,,,,Ranked
116.0,93.0,Pontificia Universidad Católica de Chile,Chile,Americas,L,FC,VH,Private not for Profit,98.0,36.0,98.6,29.0,35.1,562.0,14.2,801.0,42.0,482.0,7.8,801.0,11.9,801.0,81.2,,99.9,13.0,80.0,,66.1,QS,,,,,,,,,,,,Ranked
116.0,117.0,University of Helsinki,Finland,Europe,L,CO,VH,Public,74.5,114.0,37.7,370.0,66.9,256.0,62.7,262.0,78.5,305.0,13.1,801.0,19.1,779.0,96.1,,94.2,80.0,95.6,18.0,66.1,QS,,,,,,,,,,,,Ranked
118.0,126.0,University College Dublin,Ireland,Europe,L,FC,VH,Public,66.5,149.0,57.6,204.0,19.7,801.0,62.0,272.0,99.5,112.0,89.6,170.0,90.5,144.0,89.0,,92.2,88.0,91.7,,66.0,QS,,,,,,,,,,,,Ranked
119.0,141.0,Leiden University,Netherlands,Europe,XL,FC,VH,Public,80.4,97.0,46.3,288.0,30.3,629.0,64.9,249.0,89.7,225.0,68.4,288.0,50.9,408.0,94.3,,61.2,263.0,58.6,,65.7,QS,,,,,,,,,,,,Ranked
119.0,141.0,Rice University,United States,Americas,M,CO,VH,Private not for Profit,50.6,221.0,51.0,245.0,74.9,196.0,81.6,148.0,91.3,215.0,96.6,104.0,96.8,91.0,66.3,,45.7,381.0,81.5,156.0,65.7,QS,,,,,,,,,,,,Ranked
119.0,119.0,University of Oslo,Norway,Europe,L,FC,VH,Public,67.8,143.0,27.7,498.0,78.4,176.0,67.7,232.0,95.8,167.0,46.0,439.0,34.3,560.0,96.8,,86.6,129.0,72.3,,65.7,QS,,,,,,,,,,,,Ranked
119.0,115.0,University of Waterloo,Canada,Americas,XL,CO,VH,Public,53.0,209.0,74.2,130.0,8.8,801.0,88.3,108.0,81.5,283.0,76.6,247.0,78.9,219.0,83.5,,72.0,201.0,90.5,60.0,65.7,QS,,,,,,,,,,,,Ranked
123.0,114.0,Georgia Institute of Technology,United States,Americas,XL,CO,VH,Public,76.0,107.0,92.8,61.0,32.4,595.0,54.2,340.0,21.5,692.0,60.4,339.0,64.2,308.0,79.0,,67.5,228.0,66.1,,65.5,QS,,,,,,,,,,,,Ranked
123.0,150.0,Indian Institute of Technology Delhi (IITD),India,Asia,M,FO,VH,Public,67.9,142.0,95.0,50.0,21.9,792.0,93.1,86.0,3.2,801.0,1.9,801.0,6.3,801.0,66.9,,50.5,340.0,79.9,,65.5,QS,,,,,,,,,,,,Ranked
125.0,123.0,RMIT University,Australia,Oceania,XL,CO,VH,Public,55.1,202.0,60.3,191.0,7.2,801.0,91.3,96.0,100.0,45.0,95.2,125.0,95.5,106.0,83.1,,49.9,345.0,87.9,,65.3,QS,,,,,,,,,,,,Ranked
126.0,123.0,Sungkyunkwan University,South Korea,Asia,L,FC,VH,Private not for Profit,68.4,139.0,75.6,125.0,83.8,149.0,62.3,269.0,24.2,659.0,57.6,359.0,61.6,326.0,49.5,,44.2,400.0,74.7,,65.2,QS,,,,,,,,,,,,Ranked
126.0,138.0,Universiti Kebangsaan Malaysia (UKM),Malaysia,Asia,L,FC,VH,Public,76.2,106.0,76.4,119.0,78.7,174.0,30.1,587.0,50.1,439.0,94.7,129.0,94.0,114.0,86.1,,35.5,485.0,74.7,,65.2,QS,,,,,,,,,,,,Ranked
128.0,132.0,Sapienza University of Rome,Italy,Europe,XL,FC,VH,Public,90.7,65.0,66.4,161.0,7.8,801.0,62.9,261.0,4.0,801.0,14.8,801.0,20.9,749.0,95.9,,91.5,92.0,81.9,,64.9,QS,,,,,,,,,,,,Ranked
129.0,118.0,Indian Institute of Technology Bombay (IITB),India,Asia,L,FO,VH,Public,73.3,120.0,96.7,39.0,16.1,801.0,82.9,136.0,6.5,801.0,1.6,801.0,1.5,801.0,46.6,,72.6,198.0,75.2,,64.8,QS,,,,,,,,,,,,Ranked
130.0,126.0,Humboldt-Universität zu Berlin,Germany,Europe,XL,FC,VH,Public,94.3,47.0,75.3,126.0,10.5,801.0,43.4,435.0,75.7,314.0,47.6,424.0,35.5,541.0,95.0,,27.5,603.0,58.4,,64.5,QS,,,,,,,,,,,,Ranked
131.0,144.0,Aarhus University,Denmark,Europe,L,FC,VH,Public,68.3,140.0,41.7,325.0,42.4,472.0,74.1,183.0,96.7,157.0,25.5,654.0,19.1,777.0,96.3,,79.4,164.0,73.2,,64.3,QS,,,,,,,,,,,,Ranked
132.0,150.0,University of Bath,United Kingdom,Europe,L,CO,VH,Public,48.9,233.0,81.6,100.0,20.5,801.0,75.9,173.0,95.6,170.0,86.8,187.0,88.0,156.0,85.3,,50.7,337.0,83.8,,64.2,QS,,,,,,,,,,,,Ranked
132.0,133.0,University of Science and Technology of China,China,Asia,L,CO,VH,Public,57.6,188.0,50.6,248.0,98.1,56.0,99.4,30.0,14.9,801.0,7.8,801.0,13.5,801.0,74.4,,42.8,410.0,55.3,,64.2,QS,,,,,,,,,,,,Ranked
134.0,148.0,Universiti Putra Malaysia (UPM),Malaysia,Asia,L,FC,VH,Public,75.7,108.0,73.4,133.0,66.8,258.0,38.3,487.0,45.2,467.0,98.4,84.0,98.5,71.0,86.8,,23.2,666.0,68.9,,64.1,QS,,,,,,,,,,,,Ranked
134.0,146.0,Universiti Sains Malaysia (USM),Malaysia,Asia,L,FC,VH,Public,77.6,104.0,79.8,104.0,47.6,410.0,38.4,486.0,34.7,539.0,99.3,57.0,99.3,48.0,92.5,,29.1,568.0,74.5,249.0,64.1,QS,,,,,,,,,,,,Ranked
136.0,94.0,Universidad Nacional Autónoma de México (UNAM),Mexico,Americas,XL,FC,VH,Public,99.2,28.0,95.9,43.0,47.1,419.0,4.1,801.0,10.0,801.0,5.4,801.0,10.7,801.0,93.6,,97.9,47.0,82.2,,64.0,QS,,,,,,,,,,,,Ranked
137.0,129.0,Newcastle University,United Kingdom,Europe,L,FC,VH,Public,62.9,162.0,68.7,152.0,49.5,388.0,49.1,379.0,92.5,205.0,81.0,220.0,82.8,185.0,95.8,,40.5,433.0,90.9,56.0,63.9,QS,,,,,,,,,,,,Ranked
138.0,133.0,Alma Mater Studiorum - University of Bologna,Italy,Europe,XL,FC,VH,Public,90.6,66.0,67.5,156.0,6.0,801.0,51.9,363.0,29.9,585.0,26.5,639.0,32.5,583.0,95.6,,67.4,229.0,83.2,133.0,63.3,QS,,,,,,,,,,,,Ranked
138.0,133.0,Macquarie University,Australia,Oceania,L,FC,VH,Public,47.7,242.0,56.7,206.0,13.6,801.0,85.8,119.0,100.0,86.0,97.3,98.0,97.5,86.0,91.0,,62.2,252.0,90.6,59.0,63.3,QS,,,,,,,,,,,,Ranked
140.0,136.0,Eindhoven University of Technology,Netherlands,Europe,M,FO,VH,Public,40.5,296.0,77.3,115.0,43.6,455.0,81.9,146.0,100.0,87.0,95.7,119.0,95.9,101.0,74.3,,33.1,512.0,74.1,,63.2,QS,,,,,,,,,,,,Ranked
140.0,158.0,Erasmus University Rotterdam,Netherlands,Europe,L,FO,VH,Public,49.4,230.0,74.8,129.0,20.7,801.0,75.7,174.0,81.8,280.0,81.6,216.0,60.8,333.0,81.8,,94.0,81.0,62.2,,63.2,QS,,,,,,,,,,,,Ranked
140.0,155.0,"University of North Carolina, Chapel Hill",United States,Americas,L,FC,VH,Public,72.2,127.0,55.5,216.0,85.6,129.0,47.9,389.0,31.1,577.0,25.0,663.0,31.1,602.0,89.5,,74.0,188.0,83.9,126.0,63.2,QS,,,,,,,,,,,,Ranked
143.0,200.0,King Saud University,Saudi Arabia,Asia,XL,FC,VH,Public,54.8,204.0,57.7,201.0,55.7,336.0,65.6,244.0,100.0,89.0,29.2,600.0,35.2,549.0,96.8,,99.4,23.0,63.1,,63.1,QS,,,,,,,,,,,,Ranked
144.0,154.0,Texas A&M University,United States,Americas,XL,FC,VH,Public,72.9,124.0,81.5,101.0,6.2,801.0,75.5,175.0,28.0,608.0,20.7,717.0,15.6,801.0,93.0,,63.8,244.0,61.0,,63.0,QS,,,,,,,,,,,,Ranked
145.0,147.0,Technische Universität Berlin,Germany,Europe,L,CO,VH,Public,64.6,156.0,79.4,107.0,70.6,221.0,34.3,533.0,64.2,361.0,84.5,197.0,85.9,168.0,89.0,,47.6,367.0,68.3,,62.8,QS,,,,,,,,,,,,Ranked
146.0,125.0,University of Southern California,United States,Americas,XL,FC,VH,Private not for Profit,61.2,167.0,69.6,150.0,19.6,801.0,66.2,240.0,15.8,786.0,81.2,219.0,82.9,184.0,87.8,,98.0,45.0,92.1,,62.6,QS,,,,,,,,,,,,Ranked
147.0,128.0,Stockholm University,Sweden,Europe,L,CO,VH,Public,65.1,155.0,29.5,484.0,28.3,678.0,73.6,186.0,83.0,271.0,79.4,224.0,59.1,346.0,96.7,,90.5,102.0,72.1,,62.5,QS,,,,,,,,,,,,Ranked
147.0,159.0,University of Groningen,Netherlands,Europe,XL,FC,VH,Public,67.2,147.0,41.6,326.0,56.2,331.0,53.0,353.0,95.4,174.0,89.4,173.0,66.6,293.0,93.4,,53.5,317.0,67.6,,62.5,QS,,,,,,,,,,,,Ranked
147.0,165.0,University of Liverpool,United Kingdom,Europe,L,FC,VH,Public,60.7,171.0,48.8,264.0,37.3,538.0,61.7,276.0,92.4,206.0,91.1,157.0,91.8,133.0,97.0,,47.8,364.0,92.4,,62.5,QS,,,,,,,,,,,,Ranked
150.0,171.0,University of Cape Town,South Africa,Africa,L,FC,VH,Public,58.2,183.0,62.3,179.0,14.6,801.0,75.4,176.0,66.1,353.0,27.9,615.0,33.9,562.0,97.7,,97.7,49.0,92.1,,62.3,QS,,,,,,,,,,,,Ranked
151.0,120.0,Western University,Canada,Americas,L,FC,VH,Public,42.3,282.0,53.5,227.0,5.2,801.0,93.5,84.0,100.0,85.0,68.7,283.0,71.7,254.0,83.6,,98.0,42.0,94.0,,62.0,QS,,,,,,,,,,,,Ranked
152.0,137.0,University of Vienna,Austria,Europe,XL,FC,VH,Public,82.3,88.0,46.4,285.0,31.0,617.0,22.2,682.0,100.0,71.0,96.6,103.0,96.8,90.0,96.3,,92.8,85.0,71.8,,61.9,QS,,,,,,,,,,,,Ranked
153.0,181.0,Universiti Teknologi Malaysia (UTM),Malaysia,Asia,L,CO,VH,Public,64.0,158.0,72.1,139.0,58.8,309.0,57.8,302.0,15.5,797.0,91.4,155.0,92.1,132.0,90.6,,19.9,730.0,69.2,,61.6,QS,,,,,,,,,,,,Ranked
153.0,155.0,Wageningen University & Research,Netherlands,Europe,L,CO,VH,Public,55.0,203.0,34.4,420.0,99.5,37.0,54.8,329.0,72.0,329.0,90.7,159.0,91.5,134.0,97.2,,32.9,516.0,91.2,53.0,61.6,QS,,,,,,,,,,,,Ranked
155.0,169.0,University of Exeter,United Kingdom,Europe,L,FC,VH,Public,57.9,186.0,58.5,198.0,42.0,480.0,55.8,320.0,94.8,181.0,77.8,235.0,79.9,206.0,95.8,,40.9,428.0,93.9,32.0,61.5,QS,,,,,,,,,,,,Ranked
155.0,155.0,University of Geneva,Switzerland,Europe,L,FC,VH,Public,55.3,201.0,34.8,414.0,47.4,414.0,70.3,214.0,100.0,54.0,98.6,81.0,98.6,68.0,92.1,,63.1,249.0,66.5,370.0,61.5,QS,,,,,,,,,,,,Ranked
157.0,141.0,Lancaster University,United Kingdom,Europe,L,FC,VH,Public,51.2,217.0,45.8,296.0,36.1,555.0,77.5,166.0,96.4,161.0,93.3,141.0,93.8,117.0,87.0,,38.2,452.0,89.2,,61.4,QS,,,,,,,,,,,,Ranked
158.0,131.0,University of Basel,Switzerland,Europe,M,FC,VH,Public,34.0,357.0,20.7,639.0,70.2,229.0,94.2,80.0,100.0,47.0,91.4,156.0,68.0,284.0,90.4,,74.9,183.0,88.4,,61.3,QS,,,,,,,,,,,,Ranked
159.0,162.0,Hanyang University,South Korea,Asia,L,FC,VH,Private not for Profit,58.2,184.0,81.9,99.0,81.7,159.0,42.9,440.0,23.7,664.0,70.1,279.0,73.0,249.0,65.5,,54.5,307.0,82.8,137.0,61.2,QS,,,,,,,,,,,,Ranked
160.0,165.0,University of Barcelona,Spain,Europe,XL,FC,VH,Public,84.9,81.0,48.9,262.0,19.0,801.0,47.8,391.0,39.9,501.0,40.8,484.0,46.2,451.0,96.4,,77.0,170.0,84.7,,61.0,QS,,,,,,,,,,,,Ranked
161.0,152.0,Michigan State University,United States,Americas,XL,FC,VH,Public,67.3,146.0,62.9,174.0,13.9,801.0,61.2,280.0,67.2,348.0,21.1,708.0,27.3,649.0,97.6,,75.6,180.0,94.2,28.0,60.9,QS,,,,,,,,,,,,Ranked
162.0,169.0,Ghent University,Belgium,Europe,XL,FC,VH,Public,68.2,141.0,39.1,350.0,84.5,140.0,32.4,557.0,83.4,267.0,33.8,549.0,39.5,504.0,99.2,,84.9,136.0,94.0,,60.8,QS,,,,,,,,,,,,Ranked
163.0,149.0,King Abdul Aziz University (KAU),Saudi Arabia,Asia,XL,FC,VH,Public,67.5,145.0,76.6,118.0,41.4,490.0,47.8,390.0,83.1,270.0,9.2,801.0,14.9,801.0,95.0,,44.9,392.0,77.5,,60.7,QS,,,,,,,,,,,,Ranked
164.0,152.0,Nagoya University,Japan,Asia,L,FC,VH,Public,74.2,116.0,71.5,141.0,84.2,144.0,38.2,491.0,22.6,681.0,27.6,619.0,33.6,568.0,66.0,,39.2,443.0,74.1,,60.3,QS,,,,,,,,,,,,Ranked
165.0,139.0,Chalmers University of Technology,Sweden,Europe,M,FO,VH,Private not for Profit,34.6,350.0,56.6,207.0,59.5,303.0,80.9,152.0,100.0,56.0,74.3,257.0,76.8,226.0,77.0,,53.3,319.0,82.7,,60.2,QS,,,,,,,,,,,,Ranked
166.0,163.0,Al-Farabi Kazakh National University,Kazakhstan,Asia,L,FC,HI,Public,60.7,172.0,86.3,85.0,99.6,36.0,2.1,801.0,80.9,288.0,83.2,204.0,79.3,213.0,75.7,,66.2,234.0,62.8,443.0,59.8,QS,,,,,,,,,,,,Ranked
167.0,171.0,Washington University in St. Louis,United States,Americas,L,FC,VH,Private not for Profit,46.5,251.0,25.7,529.0,99.8,31.0,62.6,263.0,93.1,199.0,81.8,214.0,83.5,182.0,74.8,,55.1,301.0,85.8,,59.6,QS,,,,,,,,,,,,Ranked
168.0,159.0,University of Montreal,Canada,Americas,XL,FC,VH,Public,66.1,151.0,44.0,303.0,79.5,171.0,26.3,621.0,91.5,214.0,66.4,301.0,69.6,271.0,88.7,,65.4,239.0,89.9,65.0,59.5,QS,,,,,,,,,,,,Ranked
169.0,184.0,University of York,United Kingdom,Europe,L,FC,VH,Public,56.8,197.0,42.3,317.0,55.8,335.0,53.8,344.0,92.4,208.0,75.4,253.0,77.8,223.0,96.0,,41.0,427.0,93.2,34.0,59.4,QS,,,,,,,,,,,,Ranked
170.0,173.0,Hokkaido University,Japan,Asia,L,FC,VH,Public,71.5,129.0,68.8,151.0,76.8,185.0,42.7,445.0,28.2,604.0,20.5,724.0,26.6,664.0,77.5,,26.4,617.0,78.5,,59.3,QS,,,,,,,,,,,,Ranked
170.0,167.0,Kyushu University,Japan,Asia,L,FC,VH,Public,71.3,130.0,72.1,140.0,87.1,121.0,34.2,534.0,24.5,657.0,39.0,502.0,44.5,468.0,76.4,,20.9,710.0,74.8,,59.3,QS,,,,,,,,,,,,Ranked
172.0,175.0,Universitat Autónoma de Barcelona,Spain,Europe,XL,FC,VH,Public,76.4,105.0,42.1,318.0,15.2,801.0,76.2,170.0,26.5,632.0,27.2,625.0,33.3,572.0,93.7,,30.4,546.0,90.3,,59.2,QS,,,,,,,,,,,,Ranked
173.0,200.0,Arizona State University,United States,Americas,XL,CO,VH,Public,63.9,159.0,63.3,171.0,9.5,801.0,61.5,277.0,72.5,326.0,53.2,385.0,57.7,353.0,95.2,,42.2,415.0,85.8,,59.1,QS,,,,,,,,,,,,Ranked
173.0,176.0,McMaster University,Canada,Americas,L,FC,VH,Public,52.5,211.0,43.6,307.0,61.8,289.0,56.6,311.0,94.6,184.0,66.3,302.0,69.6,273.0,84.3,,60.0,271.0,86.6,,59.1,QS,,,,,,,,,,,,Ranked
173.0,139.0,Universidad de Chile,Chile,Americas,XL,FC,VH,Public,91.9,61.0,92.0,63.0,10.9,801.0,18.2,747.0,12.2,801.0,8.1,801.0,13.1,801.0,77.9,,97.6,50.0,69.5,,59.1,QS,,,,,,,,,,,,Ranked
176.0,210.0,National Tsing Hua University,Taiwan,Asia,M,CO,VH,Public,67.0,148.0,77.1,116.0,34.2,574.0,73.5,187.0,26.7,630.0,37.3,522.0,40.4,501.0,42.1,,25.4,633.0,57.8,,59.0,QS,,,,,,,,,,,,Ranked
177.0,202.0,Khalifa University of Science and Technology,United Arab Emirates,Asia,S,SP,VH,Public,34.3,356.0,42.8,314.0,83.2,152.0,83.9,131.0,100.0,11.0,83.0,206.0,82.5,186.0,81.1,,12.6,801.0,68.1,,58.8,QS,,,,,,,,,,,,Ranked
177.0,192.0,Tongji University,China,Asia,XL,FC,VH,Public,45.2,261.0,41.2,331.0,31.2,613.0,99.6,27.0,92.6,204.0,47.4,425.0,52.4,393.0,74.6,,33.4,507.0,77.2,,58.8,QS,,,,,,,,,,,,Ranked
179.0,178.0,"University of California, Santa Barbara (UCSB)",United States,Americas,L,CO,VH,Public,65.3,154.0,32.4,442.0,9.3,801.0,99.0,38.0,81.3,286.0,27.5,620.0,20.6,753.0,75.4,,25.6,628.0,65.2,,58.7,QS,,,,,,,,,,,,Ranked
180.0,227.0,Indian Institute of Technology Madras (IITM),India,Asia,M,CO,VH,Public,56.8,196.0,85.8,87.0,21.3,801.0,90.2,102.0,3.1,801.0,3.2,801.0,7.4,801.0,45.6,,45.8,380.0,73.0,274.0,58.4,QS,,,,,,,,,,,,Ranked
181.0,186.0,Cardiff University,United Kingdom,Europe,L,FC,VH,Public,60.1,175.0,54.4,223.0,48.2,403.0,42.2,451.0,87.2,243.0,70.1,278.0,73.0,248.0,93.4,,33.5,502.0,88.9,,57.8,QS,,,,,,,,,,,,Ranked
182.0,196.0,Emory University,United States,Americas,L,FC,VH,Private not for Profit,34.5,353.0,37.7,369.0,92.8,88.0,85.7,120.0,70.0,335.0,49.6,411.0,54.3,378.0,85.0,,42.4,413.0,63.5,432.0,57.7,QS,,,,,,,,,,,,Ranked
183.0,174.0,Curtin University,Australia,Oceania,L,CO,VH,Public,46.3,254.0,39.3,348.0,17.7,801.0,89.6,104.0,100.0,57.0,54.3,382.0,58.7,348.0,94.2,,37.9,459.0,82.0,,57.6,QS,,,,,,,,,,,,Ranked
184.0,161.0,University of Bern,Switzerland,Europe,M,FC,VH,Public,38.0,313.0,26.0,520.0,49.0,394.0,99.3,32.0,100.0,58.0,52.9,389.0,57.4,356.0,95.5,,37.2,466.0,68.9,,57.5,QS,,,,,,,,,,,,Ranked
184.0,167.0,University of Wollongong,Australia,Oceania,L,FC,VH,Public,41.6,287.0,33.1,434.0,21.1,801.0,95.6,66.0,99.5,113.0,82.2,211.0,83.8,179.0,88.6,,25.8,626.0,86.1,,57.5,QS,,,,,,,,,,,,Ranked
186.0,194.0,Wuhan University,China,Asia,XL,FC,VH,Public,53.6,205.0,46.7,283.0,21.3,801.0,98.0,46.0,47.1,452.0,10.7,801.0,8.2,801.0,77.8,,58.9,276.0,60.8,,57.3,QS,,,,,,,,,,,,Ranked
187.0,185.0,Tecnológico de Monterrey (ITESM),Mexico,Americas,XL,FC,HI,Private not for Profit,69.9,136.0,93.9,55.0,69.4,236.0,4.8,801.0,24.5,658.0,18.3,758.0,24.4,696.0,74.6,,97.4,52.0,73.8,,57.1,QS,,,,,,,,,,,,Ranked
187.0,164.0,University Complutense Madrid,Spain,Europe,XL,FC,VH,Public,78.5,101.0,73.9,131.0,41.6,486.0,12.8,801.0,18.2,736.0,32.9,561.0,38.7,511.0,92.7,,97.3,53.0,80.4,,57.1,QS,,,,,,,,,,,,Ranked
189.0,206.0,UNIVERSITAS INDONESIA,Indonesia,Asia,XL,FC,VH,Public,69.9,135.0,89.3,76.0,68.8,240.0,3.9,801.0,86.6,249.0,10.9,801.0,16.3,801.0,59.6,,87.2,124.0,60.9,,57.0,QS,,,,,,,,,,,,Ranked
190.0,208.0,Ohio State University,United States,Americas,XL,FC,VH,Public,71.1,131.0,63.0,173.0,53.1,353.0,33.8,539.0,37.4,519.0,20.6,721.0,26.7,661.0,93.7,,66.0,236.0,69.2,,56.9,QS,,,,,,,,,,,,Ranked
191.0,193.0,"Queen's University, Ontario",Canada,Americas,L,FC,VH,Public,50.9,219.0,75.7,123.0,7.9,801.0,56.3,315.0,75.6,315.0,35.5,536.0,41.2,496.0,79.0,,92.3,87.0,86.6,,56.8,QS,,,,,,,,,,,,Ranked
191.0,203.0,Université Catholique de Louvain (UCL),Belgium,Europe,L,FC,VH,Private not for Profit,61.7,164.0,36.0,398.0,6.4,801.0,59.5,291.0,94.5,185.0,63.1,319.0,66.6,292.0,91.6,,82.0,150.0,81.3,157.0,56.8,QS,,,,,,,,,,,,Ranked
193.0,191.0,Universität Hamburg,Germany,Europe,L,FO,VH,Public,64.0,157.0,51.7,238.0,25.6,725.0,54.6,333.0,58.8,396.0,31.3,576.0,37.1,524.0,93.8,,49.9,346.0,94.1,29.0,56.5,QS,,,,,,,,,,,,Ranked
194.0,172.0,University of Reading,United Kingdom,Europe,L,CO,VH,Public,45.7,256.0,46.8,280.0,20.2,801.0,63.0,260.0,95.0,178.0,85.8,192.0,87.0,162.0,93.3,,57.6,287.0,92.4,,56.2,QS,,,,,,,,,,,,Ranked
194.0,221.0,Vrije Universiteit Amsterdam,Netherlands,Europe,L,FC,VH,Public,53.3,208.0,28.8,489.0,23.3,767.0,80.7,154.0,82.9,272.0,57.6,358.0,42.9,484.0,90.1,,56.4,296.0,68.8,338.0,56.2,QS,,,,,,,,,,,,Ranked
196.0,181.0,Waseda University,Japan,Asia,XL,CO,VH,Private not for Profit,73.6,118.0,97.2,37.0,29.5,639.0,7.3,801.0,35.2,535.0,43.7,461.0,48.9,426.0,63.1,,90.7,98.0,74.3,252.0,56.1,QS,,,,,,,,,,,,Ranked
197.0,214.0,University of Otago,New Zealand,Oceania,L,FC,VH,Public,60.0,176.0,36.0,399.0,14.8,801.0,63.2,258.0,100.0,53.0,39.6,496.0,45.0,464.0,76.5,,68.7,222.0,88.2,,55.8,QS,,,,,,,,,,,,Ranked
197.0,190.0,Vienna University of Technology,Austria,Europe,M,FO,VH,Public,47.6,246.0,56.3,211.0,18.5,801.0,71.1,207.0,91.8,211.0,95.9,114.0,71.3,258.0,71.9,,29.1,569.0,59.0,520.0,55.8,QS,,,,,,,,,,,,Ranked
199.0,219.0,National Yang Ming Chiao Tung University,Taiwan,Asia,L,FC,VH,Public,42.1,285.0,68.5,153.0,55.4,339.0,71.8,202.0,29.1,593.0,31.9,569.0,37.7,520.0,54.1,,75.8,179.0,74.1,,55.7,QS,,,,,,,,,,,,Ranked
199.0,206.0,Queen's University Belfast,United Kingdom,Europe,L,FC,VH,Public,49.6,228.0,43.4,309.0,30.3,627.0,57.5,304.0,100.0,79.0,98.8,74.0,98.9,65.0,95.4,,19.5,735.0,89.5,67.0,55.7,QS,,,,,,,,,,,,Ranked
201.0,212.0,Universität Freiburg,Germany,Europe,L,FC,VH,Public,56.8,195.0,35.3,408.0,31.1,616.0,66.4,238.0,78.7,302.0,44.2,455.0,49.4,420.0,89.5,,47.2,372.0,85.6,,55.6,QS,,,,,,,,,,,,Ranked
202.0,194.0,University of Gothenburg,Sweden,Europe,L,FC,VH,Public,46.4,252.0,24.6,546.0,73.0,211.0,45.4,408.0,94.1,190.0,85.8,191.0,87.1,161.0,93.7,,71.0,205.0,92.9,,55.5,QS,,,,,,,,,,,,Ranked
203.0,215.0,National Cheng Kung University (NCKU),Taiwan,Asia,L,FC,VH,Public,66.4,150.0,79.4,106.0,33.8,578.0,39.8,471.0,28.6,600.0,24.4,670.0,30.5,610.0,58.0,,56.3,297.0,79.7,,55.2,QS,,,,,,,,,,,,Ranked
203.0,233.0,University of Twente,Netherlands,Europe,M,CO,VH,Public,29.3,422.0,40.5,333.0,56.0,333.0,77.0,169.0,100.0,93.0,95.2,124.0,70.8,264.0,85.4,,32.6,519.0,79.6,179.0,55.2,QS,,,,,,,,,,,,Ranked
205.0,187.0,Ecole Normale Supérieure de Lyon,France,Europe,S,CO,VH,Public,41.7,286.0,25.7,528.0,98.8,46.0,89.2,106.0,61.5,380.0,23.9,677.0,26.7,662.0,73.1,,17.9,760.0,50.2,,55.1,QS,,,,,,,,,,,,Ranked
206.0,198.0,Universidad Autónoma de Madrid,Spain,Europe,XL,FC,VH,Public,73.1,121.0,71.5,142.0,39.7,511.0,26.5,620.0,22.3,683.0,29.6,594.0,35.5,543.0,92.5,,52.5,322.0,72.5,,55.0,QS,,,,,,,,,,,,Ranked
207.0,197.0,Deakin University,Australia,Oceania,XL,FC,VH,Public,42.3,281.0,32.6,440.0,5.9,801.0,86.2,116.0,97.2,148.0,83.3,202.0,84.8,172.0,86.8,,43.6,406.0,86.7,,54.9,QS,,,,,,,,,,,,Ranked
207.0,227.0,Rheinische Friedrich-Wilhelms-Universität Bonn,Germany,Europe,L,FC,VH,Public,67.7,144.0,35.5,407.0,76.5,188.0,24.9,640.0,51.4,432.0,56.4,369.0,60.6,337.0,96.2,,50.0,343.0,86.4,95.0,54.9,QS,,,,,,,,,,,,Ranked
207.0,218.0,"University of Maryland, College Park",United States,Americas,XL,FC,VH,Public,57.2,191.0,51.8,236.0,44.2,449.0,60.5,284.0,28.0,610.0,24.9,666.0,18.7,783.0,92.9,,59.7,273.0,70.7,,54.9,QS,,,,,,,,,,,,Ranked
210.0,203.0,University of Minnesota (System),United States,Americas,XL,FC,VH,Public,68.6,138.0,49.4,257.0,37.2,540.0,49.2,378.0,6.5,801.0,15.4,801.0,21.5,741.0,91.2,,67.2,231.0,91.1,,54.8,QS,,,,,,,,,,,,Ranked
211.0,198.0,University of Calgary,Canada,Americas,XL,FC,VH,Public,47.6,245.0,50.5,249.0,24.4,746.0,54.6,332.0,87.4,239.0,76.9,243.0,79.1,216.0,86.2,,61.5,255.0,86.0,100.0,54.7,QS,,,,,,,,,,,,Ranked
212.0,179.0,Universidad de Los Andes Colombia,Colombia,Americas,L,FC,HI,Private not for Profit,81.5,92.0,90.5,70.0,17.6,801.0,10.8,801.0,28.7,597.0,3.3,801.0,7.9,801.0,54.7,,98.4,35.0,75.9,,54.6,QS,,,,,,,,,,,,Ranked
212.0,215.0,University of Florida,United States,Americas,XL,FC,VH,Public,58.9,179.0,55.8,215.0,75.1,194.0,34.7,526.0,31.4,570.0,18.1,762.0,24.2,701.0,98.2,,67.9,225.0,74.9,,54.6,QS,,,,,,,,,,,,Ranked
212.0,224.0,University of Lausanne,Switzerland,Europe,L,FO,VH,Public,37.0,322.0,40.2,340.0,49.0,393.0,69.0,223.0,100.0,97.0,67.0,296.0,49.9,415.0,83.5,,61.1,264.0,70.3,,54.6,QS,,,,,,,,,,,,Ranked
215.0,222.0,Eberhard Karls Universität Tübingen,Germany,Europe,L,FC,VH,Public,61.0,169.0,36.1,397.0,85.7,126.0,32.2,560.0,88.2,235.0,40.5,486.0,30.3,611.0,93.6,,36.5,473.0,64.5,,54.5,QS,,,,,,,,,,,,Ranked
215.0,222.0,Indian Institute of Technology Kharagpur (IITKGP),India,Asia,L,CO,VH,Public,42.5,278.0,78.6,109.0,10.6,801.0,97.0,55.0,,,1.3,801.0,5.7,801.0,70.1,,47.7,365.0,77.8,,54.5,QS,,,,,,,,,,,,Ranked
215.0,188.0,Keio University,Japan,Asia,XL,FC,VH,Private not for Profit,65.5,153.0,93.8,57.0,65.2,268.0,9.4,801.0,15.2,801.0,19.6,735.0,25.8,674.0,55.6,,95.8,71.0,68.9,,54.5,QS,,,,,,,,,,,,Ranked
218.0,234.0,Technische Universität Dresden,Germany,Europe,L,FC,VH,Public,47.2,247.0,49.2,259.0,74.9,197.0,58.6,296.0,40.4,495.0,42.0,476.0,47.3,439.0,95.3,,12.5,801.0,87.9,,54.3,QS,,,,,,,,,,,,Ranked
219.0,211.0,Indian Institute of Science (IISc) Bangalore,India,Asia,M,SP,VH,Public,56.6,198.0,46.4,286.0,39.1,520.0,99.9,15.0,5.6,801.0,2.1,801.0,6.4,801.0,45.4,,15.1,801.0,66.3,374.0,54.2,QS,,,,,,,,,,,,Ranked
219.0,189.0,University of Ottawa,Canada,Americas,XL,FC,VH,Public,35.8,339.0,38.7,361.0,5.4,801.0,84.8,125.0,96.1,165.0,85.5,193.0,86.8,163.0,92.3,,50.0,342.0,86.8,90.0,54.2,QS,,,,,,,,,,,,Ranked
221.0,229.0,Chulalongkorn University,Thailand,Asia,XL,FC,VH,Public,82.0,89.0,52.7,233.0,44.8,439.0,12.5,801.0,32.0,564.0,6.2,801.0,11.0,801.0,80.6,,96.4,64.0,80.0,,53.9,QS,,,,,,,,,,,,Ranked
222.0,263.0,Indian Institute of Technology Kanpur (IITK),India,Asia,M,FO,VH,Public,49.4,229.0,82.7,95.0,16.1,801.0,84.1,129.0,3.1,801.0,1.4,801.0,5.8,801.0,42.1,,47.6,366.0,74.7,,53.7,QS,,,,,,,,,,,,Ranked
223.0,209.0,Tel Aviv University,Israel,Asia,L,FC,VH,Public,43.6,269.0,31.0,462.0,6.1,801.0,99.7,25.0,48.9,444.0,15.3,801.0,21.3,743.0,78.3,,94.2,79.0,77.0,,53.6,QS,,,,,,,,,,,,Ranked
224.0,239.0,Universitas Gadjah Mada,Indonesia,Asia,XL,FC,VH,Public,70.2,134.0,84.7,93.0,65.4,265.0,3.0,801.0,63.0,370.0,8.9,801.0,14.6,801.0,46.3,,75.9,177.0,66.0,,53.5,QS,,,,,,,,,,,,Ranked
225.0,224.0,Loughborough University,United Kingdom,Europe,L,CO,VH,Public,42.8,277.0,64.5,165.0,26.9,699.0,50.6,371.0,94.6,183.0,71.1,269.0,73.9,242.0,81.4,,33.2,509.0,87.9,,53.3,QS,,,,,,,,,,,,Ranked
226.0,213.0,Queensland University of Technology,Australia,Oceania,XL,CO,VH,Public,51.6,215.0,38.8,356.0,11.6,801.0,70.9,211.0,96.6,158.0,44.8,451.0,49.9,416.0,83.4,,25.6,629.0,88.5,73.0,53.2,QS,,,,,,,,,,,,Ranked
227.0,179.0,The University of Newcastle,Australia,Oceania,L,FC,VH,Public,36.0,336.0,30.5,466.0,29.7,638.0,95.2,67.0,100.0,92.0,36.2,533.0,41.8,494.0,81.8,,20.8,712.0,84.8,,53.1,QS,,,,,,,,,,,,Ranked
227.0,230.0,Université Libre de Bruxelles (ULB),Belgium,Europe,L,FC,VH,Public,43.3,271.0,46.8,281.0,4.6,801.0,60.3,287.0,99.2,124.0,89.6,171.0,90.4,145.0,90.9,,74.8,184.0,65.2,,53.1,QS,,,,,,,,,,,,Ranked
229.0,261.0,United Arab Emirates University,United Arab Emirates,Asia,M,FC,VH,Public,43.3,272.0,58.1,199.0,55.1,341.0,35.1,522.0,100.0,24.0,39.1,501.0,44.4,470.0,88.9,,87.9,120.0,68.6,341.0,53.0,QS,,,,,,,,,,,,Ranked
230.0,239.0,Massey University,New Zealand,Oceania,M,CO,VH,Public,42.1,284.0,24.1,558.0,57.3,319.0,50.5,373.0,99.4,120.0,98.9,71.0,98.9,62.0,82.2,,60.7,265.0,83.7,,52.9,QS,,,,,,,,,,,,Ranked
230.0,260.0,University of Lisbon,Portugal,Europe,XL,FC,VH,Public,57.1,193.0,46.3,289.0,15.5,801.0,51.4,367.0,14.3,801.0,58.6,350.0,62.6,317.0,98.4,,97.3,54.0,79.3,184.0,52.9,QS,,,,,,,,,,,,Ranked
232.0,224.0,Universität Erlangen-Nürnberg,Germany,Europe,L,FC,VH,Public,37.9,316.0,46.2,290.0,5.2,801.0,96.7,59.0,39.5,504.0,60.6,338.0,64.4,307.0,86.7,,27.1,606.0,75.4,,52.2,QS,,,,,,,,,,,,Ranked
233.0,217.0,La Trobe University,Australia,Oceania,L,CO,VH,Public,33.4,365.0,29.0,488.0,13.2,801.0,87.8,110.0,95.6,173.0,97.4,97.0,97.5,85.0,82.1,,28.0,594.0,82.2,,52.1,QS,,,,,,,,,,,,Ranked
233.0,232.0,Universidade Estadual de Campinas (Unicamp),Brazil,Americas,XL,FC,VH,Public,81.7,91.0,50.9,247.0,22.1,788.0,37.2,500.0,15.1,801.0,4.0,801.0,8.7,801.0,84.5,,32.5,521.0,79.5,,52.1,QS,,,,,,,,,,,,Ranked
233.0,236.0,University of Padova,Italy,Europe,XL,FC,VH,Public,73.5,119.0,40.2,341.0,13.5,801.0,54.4,337.0,15.5,796.0,18.8,748.0,24.9,686.0,95.5,,29.6,555.0,85.0,,52.1,QS,,,,,,,,,,,,Ranked
236.0,236.0,University of Rochester,United States,Americas,M,FC,VH,Private not for Profit,27.1,463.0,32.4,443.0,98.2,51.0,56.6,314.0,80.5,294.0,96.2,109.0,96.5,94.0,63.7,,51.2,333.0,72.3,,51.9,QS,,,,,,,,,,,,Ranked
237.0,250.0,American University of Beirut (AUB),Lebanon,Asia,M,FC,VH,Private not for Profit,41.5,288.0,58.1,200.0,52.3,358.0,37.8,494.0,71.4,330.0,45.2,449.0,50.2,413.0,68.7,,98.7,33.0,77.7,204.0,51.6,QS,,,,,,,,,,,,Ranked
237.0,278.0,University of Porto,Portugal,Europe,XL,FC,VH,Public,52.5,212.0,41.5,328.0,13.6,801.0,73.6,185.0,9.2,801.0,38.2,513.0,33.1,575.0,94.3,,61.2,261.0,77.3,,51.6,QS,,,,,,,,,,,,Ranked
239.0,230.0,Maastricht University,Netherlands,Europe,L,FO,VH,Public,32.8,373.0,33.7,425.0,18.6,801.0,71.7,203.0,99.9,103.0,100.0,21.0,100.0,14.0,85.6,,49.6,350.0,80.2,,51.4,QS,,,,,,,,,,,,Ranked
240.0,281.0,Hebrew University of Jerusalem,Israel,Asia,L,FC,VH,Public,42.9,276.0,36.4,394.0,74.6,201.0,41.9,452.0,81.9,279.0,33.5,551.0,38.8,509.0,74.2,,97.1,57.0,65.5,,51.3,QS,,,,,,,,,,,,Ranked
240.0,244.0,Victoria University of Wellington,New Zealand,Oceania,L,CO,VH,Public,57.2,192.0,32.2,445.0,15.7,801.0,44.3,424.0,100.0,96.0,56.7,367.0,60.9,332.0,70.1,,77.6,168.0,83.3,132.0,51.3,QS,,,,,,,,,,,,Ranked
242.0,241.0,Politecnico di Torino,Italy,Europe,XL,FO,VH,Public,50.3,223.0,64.6,164.0,4.5,801.0,68.1,230.0,7.3,801.0,57.9,356.0,61.9,324.0,79.1,,37.8,462.0,73.6,,51.2,QS,,,,,,,,,,,,Ranked
243.0,252.0,Georg-August-Universität Göttingen,Germany,Europe,L,FC,VH,Public,57.3,190.0,35.6,405.0,87.0,122.0,25.8,626.0,59.2,395.0,37.9,517.0,43.4,479.0,95.2,,51.2,334.0,61.0,,51.1,QS,,,,,,,,,,,,Ranked
244.0,183.0,Hamad Bin Khalifa University,Qatar,Asia,S,FO,VH,Public,14.3,701.0,6.8,701.0,100.0,20.0,100.0,6.0,100.0,10.0,100.0,6.0,99.9,29.0,75.7,,6.8,801.0,38.5,801.0,50.9,QS,,,,,,,,,,,,Ranked
244.0,252.0,Hong Kong Baptist University,Hong Kong,Asia,M,CO,VH,Public,28.3,445.0,21.7,610.0,67.3,251.0,82.3,141.0,99.4,118.0,100.0,22.0,99.9,33.0,38.2,,23.0,672.0,67.5,,50.9,QS,,,,,,,,,,,,Ranked
246.0,273.0,University College Cork,Ireland,Europe,L,FC,VH,Public,43.4,270.0,48.1,269.0,22.5,782.0,52.7,357.0,86.2,253.0,75.0,255.0,77.4,224.0,68.8,,49.5,351.0,83.8,,50.7,QS,,,,,,,,,,,,Ranked
247.0,271.0,Beijing Normal University,China,Asia,L,CO,VH,Public,47.6,244.0,29.6,483.0,30.3,626.0,98.6,44.0,9.0,801.0,32.9,559.0,24.7,690.0,77.1,,18.2,754.0,55.5,,50.6,QS,,,,,,,,,,,,Ranked
247.0,243.0,Dartmouth College,United States,Americas,M,FC,VH,Private not for Profit,30.7,398.0,54.3,225.0,79.9,167.0,56.9,307.0,13.5,801.0,58.5,351.0,62.5,318.0,46.2,,87.7,122.0,82.2,,50.6,QS,,,,,,,,,,,,Ranked
247.0,275.0,"University of Massachusetts, Amherst",United States,Americas,L,CO,VH,Public,48.1,238.0,40.0,342.0,15.8,801.0,62.4,266.0,77.9,307.0,46.3,436.0,51.3,404.0,78.8,,44.2,399.0,84.5,,50.6,QS,,,,,,,,,,,,Ranked
250.0,248.0,Vanderbilt University,United States,Americas,L,FC,VH,Private not for Profit,32.3,382.0,41.8,323.0,100.0,10.0,50.6,372.0,48.4,446.0,50.9,404.0,55.5,370.0,77.9,,57.5,288.0,61.8,,50.4,QS,,,,,,,,,,,,Ranked
251.0,269.0,Universiti Teknologi Petronas (UTP),Malaysia,Asia,S,SP,VH,Private not for Profit,29.7,415.0,41.0,332.0,44.6,442.0,95.0,70.0,87.0,245.0,29.5,596.0,30.7,608.0,72.1,,5.2,801.0,50.0,704.0,50.2,QS,,,,,,,,,,,,Ranked
251.0,281.0,University of Strathclyde,United Kingdom,Europe,L,CO,VH,Public,37.5,319.0,40.5,335.0,17.8,801.0,57.2,306.0,99.2,122.0,89.0,175.0,90.0,149.0,84.5,,46.0,379.0,84.6,,50.2,QS,,,,,,,,,,,,Ranked
253.0,251.0,Taylor's University (Malaysia),Malaysia,Asia,M,CO,VH,Private for Profit,40.2,298.0,85.2,92.0,69.7,233.0,21.0,696.0,73.0,324.0,100.0,34.0,100.0,25.0,53.5,,5.2,801.0,57.8,,50.0,QS,,,,,,,,,,,,Ranked
253.0,241.0,Technische Universität Darmstadt,Germany,Europe,L,CO,VH,Public,28.2,447.0,41.9,320.0,9.8,801.0,82.2,142.0,67.8,344.0,92.8,149.0,93.4,123.0,73.8,,53.5,318.0,78.6,,50.0,QS,,,,,,,,,,,,Ranked
255.0,256.0,Bandung Institute of Technology (ITB),Indonesia,Asia,L,CO,VH,Public,58.5,181.0,85.3,90.0,54.7,345.0,5.4,801.0,94.7,182.0,8.0,801.0,13.7,801.0,39.8,,68.6,224.0,59.2,,49.9,QS,,,,,,,,,,,,Ranked
256.0,252.0,Harbin Institute of Technology,China,Asia,XL,FO,VH,Public,33.3,367.0,47.9,270.0,42.0,479.0,99.8,22.0,12.9,801.0,9.2,801.0,14.9,801.0,73.6,,35.2,490.0,48.1,,49.8,QS,,,,,,,,,,,,Ranked
257.0,269.0,Tianjin University,China,Asia,L,CO,VH,Public,26.3,481.0,37.6,371.0,51.6,368.0,99.9,18.0,29.9,586.0,33.5,550.0,25.1,682.0,72.5,,38.7,449.0,56.2,,49.7,QS,,,,,,,,,,,,Ranked
257.0,283.0,Université Paris 1 Panthéon-Sorbonne,France,Europe,XL,FO,VH,Public,78.0,103.0,62.2,180.0,6.8,801.0,4.8,801.0,39.0,508.0,61.2,333.0,65.0,304.0,70.8,,84.3,139.0,61.8,,49.7,QS,,,,,,,,,,,,Ranked
259.0,302.0,Beijing Institute of Technology,China,Asia,XL,FO,VH,Public,34.3,355.0,46.7,282.0,42.7,469.0,96.4,62.0,12.3,801.0,15.5,801.0,11.8,801.0,75.3,,22.5,681.0,58.8,,49.5,QS,,,,,,,,,,,,Ranked
259.0,219.0,Universidad Nacional de Colombia,Colombia,Americas,XL,FC,HI,Public,81.1,94.0,90.9,69.0,6.7,801.0,6.9,801.0,8.1,801.0,2.2,801.0,6.6,801.0,62.6,,57.3,292.0,69.3,325.0,49.5,QS,,,,,,,,,,,,Ranked
261.0,261.0,University of Canterbury,New Zealand,Oceania,L,CO,VH,Public,48.8,235.0,34.7,417.0,12.1,801.0,48.2,387.0,100.0,73.0,48.1,420.0,53.0,389.0,60.9,,87.4,123.0,88.2,,49.4,QS,,,,,,,,,,,,Ranked
262.0,236.0,University of Aberdeen,United Kingdom,Europe,M,FC,VH,,40.1,299.0,34.8,413.0,44.9,437.0,42.9,442.0,95.8,168.0,87.2,185.0,88.3,155.0,89.7,,30.0,549.0,87.8,,49.3,QS,,,,,,,,,,,,Ranked
262.0,249.0,University of Navarra,Spain,Europe,L,FC,HI,Private not for Profit,40.8,290.0,78.2,111.0,50.6,375.0,25.3,631.0,26.8,629.0,84.0,200.0,85.4,171.0,58.3,,80.5,156.0,66.1,,49.3,QS,,,,,,,,,,,,Ranked
262.0,285.0,University of Surrey,United Kingdom,Europe,L,CO,VH,Public,29.7,411.0,30.0,475.0,33.4,583.0,74.4,182.0,98.0,139.0,88.7,181.0,89.7,152.0,86.6,,30.7,539.0,60.4,,49.3,QS,,,,,,,,,,,,Ranked
265.0,246.0,Charles University,Czechia,Europe,XL,FC,VH,Public,58.5,182.0,55.5,217.0,37.0,543.0,14.3,801.0,33.5,549.0,61.7,328.0,65.4,300.0,97.2,,73.2,196.0,76.9,217.0,49.0,QS,,,,,,,,,,,,Ranked
265.0,265.0,Universitat Pompeu Fabra,Spain,Europe,M,FO,VH,Public,43.7,268.0,39.5,346.0,19.1,801.0,70.6,212.0,84.7,260.0,40.0,487.0,45.5,456.0,75.8,,23.0,671.0,66.4,,49.0,QS,,,,,,,,,,,,Ranked
267.0,264.0,Norwegian University of Science And Technology,Norway,Europe,XL,FC,VH,Public,45.9,255.0,33.4,430.0,30.7,620.0,45.1,413.0,87.4,240.0,17.7,769.0,23.8,709.0,95.2,,90.5,101.0,80.3,165.0,48.9,QS,,,,,,,,,,,,Ranked
268.0,255.0,Griffith University,Australia,Oceania,L,FC,VH,Public,37.7,318.0,16.6,701.0,13.3,801.0,75.1,178.0,100.0,91.0,70.7,271.0,73.5,243.0,93.4,,26.6,615.0,91.7,,48.7,QS,,,,,,,,,,,,Ranked
269.0,285.0,Middle East Technical University,Turkey,Asia,L,CO,VH,Public,44.8,265.0,88.7,77.0,12.8,801.0,34.4,528.0,18.0,743.0,31.0,579.0,36.9,528.0,79.2,,82.2,148.0,71.8,,48.5,QS,,,,,,,,,,,,Ranked
269.0,265.0,UCSI University,Malaysia,Asia,M,FO,VH,Private for Profit,40.7,293.0,70.4,145.0,87.7,113.0,8.6,801.0,92.9,201.0,99.0,69.0,98.9,64.0,50.0,,13.3,801.0,61.6,466.0,48.5,QS,,,,,,,,,,,,Ranked
271.0,258.0,University of Warsaw,Poland,Europe,XL,CO,VH,Public,61.0,168.0,62.8,175.0,59.5,304.0,10.0,801.0,13.5,801.0,15.7,801.0,21.8,733.0,85.9,,74.4,186.0,74.0,,48.3,QS,,,,,,,,,,,,Ranked
272.0,332.0,American University of Sharjah (AUS),United Arab Emirates,Asia,M,CO,VH,Private not for Profit,31.7,388.0,65.1,163.0,24.6,742.0,43.8,428.0,100.0,3.0,100.0,9.0,100.0,4.0,50.6,,60.6,268.0,54.4,,48.2,QS,,,,,,,,,,,,Ranked
272.0,311.0,North Carolina State University,United States,Americas,XL,CO,VH,Public,36.4,333.0,47.9,271.0,12.2,801.0,72.9,190.0,67.5,347.0,25.6,651.0,31.7,594.0,79.8,,37.7,464.0,86.7,,48.2,QS,,,,,,,,,,,,Ranked
272.0,285.0,Universität zu Köln,Germany,Europe,L,FO,VH,Public,45.0,263.0,50.5,250.0,23.6,759.0,43.8,429.0,39.3,506.0,47.1,430.0,52.0,399.0,92.6,,64.5,241.0,88.9,,48.2,QS,,,,,,,,,,,,Ranked
275.0,297.0,University of Virginia,United States,Americas,L,FC,VH,Public,46.5,250.0,47.9,272.0,68.2,245.0,36.5,513.0,5.3,801.0,19.2,740.0,14.5,801.0,82.6,,91.9,91.0,68.9,,48.1,QS,,,,,,,,,,,,Ranked
276.0,331.0,Sun Yat-sen University,China,Asia,XL,FC,VH,Public,45.4,259.0,39.0,351.0,53.4,352.0,72.6,193.0,4.1,801.0,6.8,801.0,5.3,801.0,78.4,,38.8,446.0,56.7,,48.0,QS,,,,,,,,,,,,Ranked
276.0,285.0,University of Milan,Italy,Europe,XL,FC,VH,Public,65.9,152.0,27.0,507.0,10.2,801.0,56.6,313.0,10.8,801.0,13.4,801.0,19.4,772.0,85.1,,63.1,246.0,76.4,,48.0,QS,,,,,,,,,,,,Ranked
278.0,246.0,University of Sussex,United Kingdom,Europe,L,FC,VH,Public,33.8,360.0,21.0,624.0,21.4,801.0,60.7,283.0,99.0,129.0,89.5,172.0,90.4,146.0,86.3,,53.6,314.0,90.0,,47.9,QS,,,,,,,,,,,,Ranked
279.0,272.0,Radboud University Nijmegen,Netherlands,Europe,L,FC,VH,Public,38.6,310.0,20.3,648.0,34.8,566.0,73.2,189.0,83.5,266.0,30.1,589.0,36.0,534.0,92.5,,34.9,492.0,67.7,,47.6,QS,,,,,,,,,,,,Ranked
280.0,267.0,University of Antwerp,Belgium,Europe,L,FC,VH,Public,35.0,343.0,18.8,690.0,42.8,465.0,57.7,303.0,96.4,162.0,45.5,444.0,50.5,411.0,95.2,,60.3,270.0,80.6,162.0,47.4,QS,,,,,,,,,,,,Ranked
281.0,275.0,University of Pittsburgh,United States,Americas,L,FC,VH,Public,45.4,258.0,26.4,516.0,98.1,57.0,41.7,453.0,9.9,801.0,23.0,688.0,29.1,625.0,90.4,,59.7,272.0,60.2,501.0,47.3,QS,,,,,,,,,,,,Ranked
281.0,235.0,University of Waikato,New Zealand,Oceania,M,CO,VH,Public,28.2,446.0,18.8,691.0,16.2,801.0,82.1,144.0,99.5,116.0,79.7,223.0,81.6,192.0,49.0,,58.4,282.0,84.8,,47.3,QS,,,,,,,,,,,,Ranked
283.0,275.0,Dalhousie University,Canada,Americas,L,FC,VH,Public,27.1,465.0,23.9,563.0,15.8,801.0,76.2,171.0,100.0,88.0,79.4,225.0,81.3,195.0,79.9,,39.8,439.0,85.3,,47.2,QS,,,,,,,,,,,,Ranked
284.0,273.0,University of Galway / Ollscoil na Gaillimhe,Ireland,Europe,L,FC,VH,Public,37.3,321.0,40.2,339.0,68.6,241.0,24.0,655.0,96.7,155.0,62.7,321.0,66.4,294.0,72.9,,61.2,260.0,82.5,,47.1,QS,,,,,,,,,,,,Ranked
285.0,301.0,Georgetown University,United States,Americas,L,FC,VH,Private not for Profit,38.2,312.0,60.6,190.0,74.2,203.0,21.7,689.0,22.8,677.0,51.1,401.0,55.8,366.0,67.4,,96.0,67.0,69.1,,47.0,QS,,,,,,,,,,,,Ranked
285.0,245.0,University of Macau,Macao,Asia,L,CO,VH,Public,18.5,660.0,17.9,701.0,11.7,801.0,99.9,21.0,100.0,25.0,100.0,30.0,99.6,44.0,55.1,,56.8,294.0,52.2,,47.0,QS,,,,,,,,,,,,Ranked
287.0,256.0,Heriot-Watt University,United Kingdom,Europe,M,CO,VH,Public,25.7,490.0,34.8,415.0,27.3,692.0,61.8,275.0,100.0,78.0,97.0,100.0,97.2,89.0,75.7,,37.0,467.0,77.2,,46.8,QS,,,,,,,,,,,,Ranked
287.0,308.0,Universitas Airlangga,Indonesia,Asia,XL,FC,VH,Public,52.2,213.0,88.3,78.0,69.6,235.0,2.5,801.0,77.3,308.0,10.8,801.0,16.7,801.0,52.9,,24.0,658.0,56.6,,46.8,QS,,,,,,,,,,,,Ranked
287.0,293.0,University of Arizona,United States,Americas,XL,FC,VH,Public,49.3,231.0,40.4,336.0,42.8,463.0,47.4,397.0,25.4,643.0,15.2,801.0,21.2,746.0,93.5,,54.1,311.0,66.9,,46.8,QS,,,,,,,,,,,,Ranked
287.0,291.0,University of Bergen,Norway,Europe,L,FC,VH,Public,40.5,297.0,13.7,701.0,67.2,254.0,42.5,446.0,96.9,150.0,37.9,516.0,43.5,477.0,91.0,,69.5,217.0,65.1,397.0,46.8,QS,,,,,,,,,,,,Ranked
291.0,267.0,University of The Witwatersrand,South Africa,Africa,L,FC,VH,Public,36.8,328.0,50.9,246.0,14.0,801.0,40.2,468.0,86.8,246.0,9.4,801.0,15.1,801.0,96.7,,99.5,21.0,85.6,,46.4,QS,,,,,,,,,,,,Ranked
292.0,298.0,Swansea University,United Kingdom,Europe,L,FC,VH,Public,34.7,348.0,54.7,222.0,28.6,666.0,43.0,439.0,76.9,312.0,80.5,221.0,82.4,187.0,79.7,,13.7,801.0,84.4,121.0,46.2,QS,,,,,,,,,,,,Ranked
293.0,307.0,"University of California, Irvine",United States,Americas,XL,FC,VH,Public,46.6,249.0,37.1,381.0,26.8,701.0,53.1,351.0,39.5,503.0,64.2,310.0,52.3,394.0,81.9,,28.0,596.0,64.9,,46.1,QS,,,,,,,,,,,,Ranked
294.0,259.0,Case Western Reserve University,United States,Americas,M,FC,VH,Private not for Profit,22.4,560.0,20.5,642.0,88.6,111.0,66.3,239.0,47.6,449.0,76.7,246.0,79.0,218.0,58.3,,40.9,429.0,70.8,,46.0,QS,,,,,,,,,,,,Ranked
294.0,291.0,Swinburne University of Technology,Australia,Oceania,L,CO,VH,Public,18.8,655.0,19.3,675.0,14.7,801.0,95.0,68.0,87.8,237.0,94.7,130.0,70.5,266.0,74.0,,22.8,675.0,73.4,,46.0,QS,,,,,,,,,,,,Ranked
294.0,316.0,University of Notre Dame,United States,Americas,L,CO,VH,Private not for Profit,38.0,315.0,43.6,306.0,70.8,220.0,36.7,511.0,28.9,596.0,32.7,562.0,28.9,627.0,75.4,,75.4,181.0,72.5,,46.0,QS,,,,,,,,,,,,Ranked
294.0,278.0,Vrije Universiteit Brussel (VUB),Belgium,Europe,L,FC,VH,Public,33.3,369.0,22.1,599.0,75.6,192.0,27.7,611.0,96.8,152.0,72.1,264.0,74.8,235.0,92.2,,63.2,245.0,80.0,,46.0,QS,,,,,,,,,,,,Ranked
298.0,326.0,Istanbul Technical University,Turkey,Asia,L,FO,VH,Public,39.6,305.0,85.3,91.0,11.5,801.0,35.3,521.0,10.4,801.0,36.5,531.0,42.2,491.0,76.2,,79.7,162.0,68.5,,45.8,QS,,,,,,,,,,,,Ranked
299.0,320.0,University of Colorado Boulder,United States,Americas,XL,CO,VH,Public,49.0,232.0,36.8,386.0,52.1,359.0,36.0,516.0,38.6,510.0,8.5,801.0,14.2,801.0,85.6,,48.9,354.0,90.3,,45.6,QS,,,,,,,,,,,,Ranked
300.0,302.0,Université Paris Cité,France,Europe,XL,FO,VH,Public,37.7,317.0,13.9,701.0,11.0,801.0,92.5,91.0,24.8,653.0,61.0,336.0,45.5,455.0,99.5,,22.8,676.0,55.7,,45.5,QS,,,,,,,,,,,,Ranked
301.0,285.0,Universidad Carlos III de Madrid,Spain,Europe,L,FO,VH,Public,45.2,260.0,65.3,162.0,50.5,376.0,8.1,801.0,73.8,321.0,75.2,254.0,56.0,365.0,67.8,,26.3,618.0,77.3,,45.4,QS,,,,,,,,,,,,Ranked
302.0,296.0,Stellenbosch University,South Africa,Africa,L,FC,VH,Public,36.7,331.0,44.8,299.0,5.0,801.0,67.5,233.0,25.4,642.0,14.5,801.0,11.0,801.0,93.6,,88.9,114.0,61.0,,45.2,QS,,,,,,,,,,,,Ranked
303.0,312.0,Jagiellonian University,Poland,Europe,XL,FO,VH,Public,49.9,226.0,54.4,224.0,75.3,193.0,10.4,801.0,8.0,801.0,30.0,591.0,35.9,536.0,88.6,,61.5,256.0,71.6,296.0,45.1,QS,,,,,,,,,,,,Ranked
303.0,324.0,University of Southern Denmark,Denmark,Europe,L,CO,VH,Public,29.2,425.0,24.9,540.0,31.9,602.0,68.4,227.0,91.7,212.0,46.4,435.0,51.3,403.0,77.4,,27.0,607.0,85.0,,45.1,QS,,,,,,,,,,,,Ranked
305.0,295.0,Xi'an Jiaotong University,China,Asia,XL,FC,VH,Public,28.5,441.0,44.2,302.0,15.9,801.0,97.8,49.0,5.5,801.0,6.8,801.0,5.3,801.0,82.9,,34.9,491.0,55.8,581.0,45.0,QS,,,,,,,,,,,,Ranked
306.0,306.0,Aalborg University,Denmark,Europe,L,FC,VH,Public,26.4,478.0,25.0,538.0,27.7,685.0,77.2,167.0,89.0,231.0,29.4,597.0,35.4,546.0,91.7,,25.4,634.0,79.1,186.0,44.9,QS,,,,,,,,,,,,Ranked
306.0,355.0,Indiana University Bloomington,United States,Americas,XL,FC,VH,Public,44.7,266.0,50.3,252.0,34.4,570.0,31.2,573.0,51.7,428.0,18.4,757.0,24.5,694.0,86.5,,77.0,171.0,66.0,,44.9,QS,,,,,,,,,,,,Ranked
308.0,319.0,Simon Fraser University,Canada,Americas,L,CO,VH,Public,34.9,345.0,20.7,636.0,7.6,801.0,59.6,289.0,99.1,127.0,86.1,189.0,87.3,158.0,78.4,,34.0,500.0,85.2,109.0,44.7,QS,,,,,,,,,,,,Ranked
308.0,312.0,University of Johannesburg,South Africa,Africa,L,CO,VH,Public,25.5,496.0,25.9,523.0,46.5,424.0,45.2,410.0,98.5,136.0,60.1,342.0,63.9,310.0,99.1,,69.6,215.0,74.8,,44.7,QS,,,,,,,,,,,,Ranked
310.0,,"City St George’s, University of London",United Kingdom,Europe,L,FO,VH,,26.9,466.0,32.3,444.0,9.2,801.0,57.8,301.0,92.4,207.0,97.9,90.0,98.0,77.0,77.2,,65.8,238.0,62.3,,44.5,QS,,,,,,,,,,,,Ranked
310.0,304.0,Linköping University,Sweden,Europe,L,CO,VH,Public,25.4,501.0,32.2,446.0,50.2,382.0,55.2,328.0,85.8,255.0,46.3,437.0,48.3,430.0,81.5,,50.8,336.0,68.2,,44.5,QS,,,,,,,,,,,,Ranked
310.0,280.0,Ulsan National Institute of Science and Technology,South Korea,Asia,S,FO,VH,Public,21.8,571.0,16.3,701.0,92.5,92.0,99.5,29.0,37.4,520.0,15.5,801.0,18.9,782.0,26.7,,3.9,801.0,57.5,,44.5,QS,,,,,,,,,,,,Ranked
310.0,314.0,Universität Stuttgart,Germany,Europe,L,FO,VH,Public,33.4,364.0,46.1,291.0,11.0,801.0,64.2,253.0,44.8,468.0,60.9,337.0,64.7,306.0,69.7,,35.8,480.0,74.2,,44.5,QS,,,,,,,,,,,,Ranked
314.0,324.0,University of Miami,United States,Americas,L,FC,VH,Private not for Profit,24.5,521.0,40.3,338.0,57.9,312.0,48.4,386.0,87.8,238.0,25.1,660.0,31.2,598.0,85.2,,59.6,274.0,64.6,,44.3,QS,,,,,,,,,,,,Ranked
314.0,293.0,University of Tasmania,Australia,Oceania,M,CO,VH,Public,22.5,556.0,12.2,701.0,34.3,572.0,72.8,192.0,87.1,244.0,91.7,152.0,92.3,129.0,80.4,,25.0,640.0,84.0,,44.3,QS,,,,,,,,,,,,Ranked
316.0,309.0,Goethe Universität Frankfurt am Main,Germany,Europe,L,FC,VH,Public,52.1,214.0,38.6,362.0,27.0,697.0,31.7,567.0,54.9,411.0,30.0,590.0,36.0,535.0,87.7,,28.7,583.0,82.9,,44.0,QS,,,,,,,,,,,,Ranked
317.0,321.0,L.N. Gumilyov Eurasian National University,Kazakhstan,Asia,L,FO,VH,Public,40.1,300.0,85.8,86.0,94.7,78.0,2.0,801.0,84.6,262.0,25.8,649.0,27.2,650.0,31.4,,7.5,801.0,46.6,801.0,43.9,QS,,,,,,,,,,,,Ranked
317.0,304.0,Universidade Federal do Rio de Janeiro,Brazil,Americas,XL,FC,VH,Public,73.0,123.0,36.2,395.0,18.2,801.0,13.8,801.0,10.3,801.0,2.3,801.0,6.5,801.0,81.0,,89.9,107.0,70.9,,43.9,QS,,,,,,,,,,,,Ranked
319.0,300.0,Huazhong University of Science and Technology,China,Asia,XL,FC,VH,Public,30.9,395.0,33.4,431.0,11.6,801.0,100.0,10.0,7.1,801.0,5.2,801.0,4.1,801.0,80.3,,33.5,505.0,55.7,,43.8,QS,,,,,,,,,,,,Ranked
320.0,298.0,Bauman Moscow State Technical University,Russia,Europe,L,CO,VH,Public,41.1,289.0,63.8,168.0,99.9,25.0,2.0,801.0,81.0,287.0,85.8,190.0,87.1,160.0,14.2,,10.1,801.0,47.6,,43.5,QS,,,,,,,,,,,,Ranked
321.0,334.0,Université Grenoble Alpes,France,Europe,XL,FC,VH,Public,55.3,200.0,19.2,679.0,10.4,801.0,51.8,365.0,30.9,579.0,47.9,421.0,52.7,390.0,94.1,,31.8,529.0,60.0,,43.4,QS,,,,,,,,,,,,Ranked
322.0,368.0,University of Tehran,Iran,Asia,XL,CO,VH,Public,31.0,394.0,41.8,322.0,4.2,801.0,91.1,97.0,2.5,801.0,3.3,801.0,2.7,801.0,86.8,,58.1,284.0,45.5,801.0,43.3,QS,,,,,,,,,,,,Ranked
323.0,401.0,Koc University,Turkey,Asia,M,FC,VH,Private not for Profit,36.0,338.0,77.5,113.0,21.0,801.0,52.6,359.0,30.1,584.0,22.2,697.0,27.7,643.0,50.4,,10.8,801.0,62.4,,43.1,QS,,,,,,,,,,,,Ranked
324.0,336.0,Sichuan University,China,Asia,XL,FC,VH,Public,30.8,397.0,34.5,418.0,14.0,801.0,99.9,20.0,9.7,801.0,9.2,801.0,7.1,801.0,72.9,,21.0,709.0,45.3,801.0,43.0,QS,,,,,,,,,,,,Ranked
324.0,368.0,University of Jordan,Jordan,Asia,XL,FC,HI,Public,47.9,239.0,59.8,194.0,28.9,656.0,7.3,801.0,33.8,545.0,64.5,309.0,68.0,285.0,69.2,,90.1,105.0,64.1,,43.0,QS,,,,,,,,,,,,Ranked
326.0,285.0,University of Leicester,United Kingdom,Europe,L,FC,VH,Public,29.6,418.0,17.7,701.0,40.1,502.0,44.2,426.0,90.6,220.0,90.6,162.0,91.4,137.0,91.1,,31.0,535.0,81.2,,42.9,QS,,,,,,,,,,,,Ranked
327.0,388.0,Universidade Nova de Lisboa,Portugal,Europe,L,FC,VH,Public,40.1,301.0,42.6,315.0,18.1,801.0,37.6,498.0,27.2,620.0,77.7,236.0,79.8,207.0,84.1,,59.4,275.0,66.9,,42.8,QS,,,,,,,,,,,,Ranked
328.0,328.0,Rutgers University – New Brunswick,United States,Americas,XL,CO,VH,Public,47.7,243.0,45.8,295.0,53.4,351.0,16.5,774.0,24.1,661.0,38.8,508.0,44.3,471.0,75.3,,44.6,393.0,87.5,87.0,42.6,QS,,,,,,,,,,,,Ranked
328.0,328.0,University of Delhi,India,Asia,L,FO,VH,Public,46.9,248.0,41.9,319.0,6.9,801.0,47.1,403.0,1.8,801.0,2.8,801.0,7.5,801.0,83.0,,98.9,30.0,71.2,,42.6,QS,,,,,,,,,,,,Ranked
328.0,434.0,University of Sharjah,United Arab Emirates,Asia,L,CO,VH,Private not for Profit,28.5,440.0,34.9,411.0,9.3,801.0,52.2,362.0,100.0,15.0,100.0,40.0,100.0,28.0,84.8,,19.3,740.0,58.8,,42.6,QS,,,,,,,,,,,,Ranked
331.0,328.0,Kyung Hee University,South Korea,Asia,L,FC,VH,Private not for Profit,34.6,349.0,43.0,312.0,86.2,125.0,25.9,625.0,19.8,715.0,68.5,286.0,71.5,256.0,66.8,,21.6,698.0,74.9,,42.5,QS,,,,,,,,,,,,Ranked
331.0,405.0,Satbayev University (previously Kazakh Technical University named after K.I. Satpaev),Kazakhstan,Asia,M,FO,VH,Public,40.6,295.0,58.8,196.0,94.2,81.0,1.7,801.0,89.2,229.0,53.7,383.0,48.5,427.0,25.7,,33.0,515.0,48.7,,42.5,QS,,,,,,,,,,,,Ranked
333.0,362.0,York University,Canada,Americas,XL,CO,VH,Public,33.4,366.0,31.7,451.0,5.0,801.0,37.8,493.0,87.3,242.0,78.9,227.0,80.9,197.0,73.5,,82.2,149.0,84.5,,42.4,QS,,,,,,,,,,,,Ranked
334.0,344.0,Indian Institute of Technology Guwahati (IITG),India,Asia,M,CO,VH,Public,25.4,500.0,62.0,184.0,10.2,801.0,96.9,56.0,8.1,801.0,1.6,801.0,5.9,801.0,53.1,,8.7,801.0,43.0,801.0,42.3,QS,,,,,,,,,,,,Ranked
334.0,362.0,Sultan Qaboos University,Oman,Asia,M,FC,VH,Public,28.9,430.0,25.9,522.0,62.3,284.0,39.5,478.0,100.0,81.0,6.0,801.0,9.9,801.0,80.9,,70.0,209.0,69.6,320.0,42.3,QS,,,,,,,,,,,,Ranked
334.0,344.0,Tufts University,United States,Americas,L,FC,VH,Private not for Profit,23.8,532.0,21.2,619.0,65.6,264.0,52.5,360.0,42.9,477.0,48.3,419.0,53.2,387.0,67.0,,69.3,219.0,86.3,96.0,42.3,QS,,,,,,,,,,,,Ranked
334.0,321.0,Universidad Politécnica de Madrid,Spain,Europe,XL,CO,VH,Public,43.0,275.0,67.8,155.0,24.8,736.0,19.6,722.0,4.3,801.0,45.2,448.0,33.8,567.0,81.9,,69.4,218.0,70.7,,42.3,QS,,,,,,,,,,,,Ranked
334.0,365.0,University of Illinois Chicago (UIC),United States,Americas,L,FC,VH,Public,48.8,234.0,40.3,337.0,33.1,587.0,39.2,482.0,11.0,801.0,28.4,611.0,21.3,744.0,82.3,,36.4,475.0,66.9,,42.3,QS,,,,,,,,,,,,Ranked
339.0,335.0,Indian Institute of Technology Roorkee (IITR),India,Asia,M,FO,VH,Public,26.8,470.0,52.2,234.0,9.5,801.0,96.6,61.0,2.0,801.0,3.6,801.0,7.8,801.0,54.5,,19.5,734.0,57.5,,42.2,QS,,,,,,,,,,,,Ranked
339.0,316.0,Shandong University,China,Asia,XL,FC,VH,Public,22.8,549.0,39.0,352.0,21.8,799.0,97.1,54.0,11.2,801.0,5.7,801.0,4.5,801.0,72.8,,26.8,610.0,57.5,,42.2,QS,,,,,,,,,,,,Ranked
341.0,362.0,Xiamen University,China,Asia,XL,FC,VH,Public,34.3,354.0,24.2,556.0,25.0,733.0,83.9,132.0,10.8,801.0,9.3,801.0,7.1,801.0,64.7,,54.4,308.0,54.1,623.0,42.1,QS,,,,,,,,,,,,Ranked
342.0,344.0,University of Oulu,Finland,Europe,M,FC,VH,Public,23.0,546.0,21.8,607.0,29.5,640.0,74.5,181.0,80.9,289.0,19.7,733.0,25.8,672.0,87.9,,30.6,541.0,75.2,,42.0,QS,,,,,,,,,,,,Ranked
343.0,284.0,Southern University of Science and Technology (SUSTech),China,Asia,M,FO,VH,Public,14.9,701.0,9.4,701.0,87.5,116.0,100.0,14.0,42.7,479.0,2.8,801.0,7.2,801.0,47.2,,1.3,801.0,65.5,,41.8,QS,,,,,,,,,,,,Ranked
343.0,382.0,University of Pisa,Italy,Europe,L,FC,VH,Public,51.6,216.0,26.3,517.0,12.8,801.0,59.6,290.0,5.0,801.0,10.5,801.0,16.3,801.0,84.6,,25.1,639.0,72.8,278.0,41.8,QS,,,,,,,,,,,,Ranked
345.0,392.0,National Taiwan University of Science and Technology (Taiwan Tech),Taiwan,Asia,M,FO,VH,Public,36.7,330.0,48.6,266.0,50.6,374.0,46.8,405.0,31.3,571.0,35.3,538.0,38.9,508.0,45.6,,25.4,632.0,56.8,,41.7,QS,,,,,,,,,,,,Ranked
345.0,359.0,Pontificia Universidad Católica del Perú (PUCP),Peru,Americas,L,FO,VH,Private not for Profit,63.1,161.0,66.7,158.0,50.0,384.0,2.3,801.0,4.2,801.0,1.9,801.0,6.4,801.0,44.4,,50.6,338.0,59.7,,41.7,QS,,,,,,,,,,,,Ranked
347.0,350.0,Cairo University,Egypt,Africa,XL,FC,VH,Public,60.8,170.0,52.7,232.0,13.8,801.0,6.0,801.0,4.2,801.0,14.4,801.0,10.9,801.0,88.9,,98.0,43.0,66.6,,41.6,QS,,,,,,,,,,,,Ranked
347.0,347.0,Tilburg University,Netherlands,Europe,L,SP,VH,Public,20.5,602.0,37.1,382.0,16.8,801.0,67.1,236.0,99.0,128.0,77.4,238.0,79.5,209.0,61.1,,23.1,669.0,50.6,,41.6,QS,,,,,,,,,,,,Ranked
347.0,355.0,University of Coimbra,Portugal,Europe,L,FC,VH,Public,39.2,307.0,24.9,542.0,14.9,801.0,61.4,279.0,13.1,801.0,33.3,554.0,39.1,506.0,92.2,,47.6,368.0,75.8,226.0,41.6,QS,,,,,,,,,,,,Ranked
350.0,416.0,Technion - Israel Institute of Technology,Israel,Asia,L,FO,VH,Public,32.2,384.0,35.6,404.0,67.3,252.0,33.3,546.0,91.1,217.0,10.6,801.0,8.1,801.0,57.5,,65.9,237.0,53.2,,41.5,QS,,,,,,,,,,,,Ranked
350.0,309.0,Universität Innsbruck,Austria,Europe,L,FC,VH,Public,27.7,455.0,12.3,701.0,76.9,184.0,17.7,758.0,100.0,72.0,100.0,31.0,100.0,19.0,73.9,,69.9,210.0,74.7,,41.5,QS,,,,,,,,,,,,Ranked
350.0,367.0,University of Münster,Germany,Europe,L,FC,VH,Public,42.3,280.0,41.5,327.0,79.6,170.0,15.5,793.0,35.6,532.0,8.4,801.0,14.1,801.0,82.5,,45.3,387.0,74.6,,41.5,QS,,,,,,,,,,,,Ranked
350.0,377.0,University of Tsukuba,Japan,Asia,L,FC,VH,Public,49.9,225.0,32.9,436.0,58.9,307.0,30.0,588.0,18.1,742.0,31.1,577.0,37.0,526.0,68.4,,18.1,757.0,73.4,,41.5,QS,,,,,,,,,,,,Ranked
354.0,315.0,Quaid-i-azam University,Pakistan,Asia,M,CO,VH,Public,24.0,530.0,47.6,274.0,5.3,801.0,97.5,51.0,9.8,801.0,3.1,801.0,7.8,801.0,67.5,,27.8,599.0,46.9,,41.3,QS,,,,,,,,,,,,Ranked
355.0,377.0,Nankai University,China,Asia,XL,FC,VH,Public,27.1,464.0,24.4,552.0,28.8,659.0,93.9,81.0,17.8,749.0,5.0,801.0,3.9,801.0,56.1,,47.3,370.0,44.9,801.0,41.2,QS,,,,,,,,,,,,Ranked
355.0,321.0,National Technical University of Athens,Greece,Europe,L,FO,VH,Public,28.2,448.0,51.2,244.0,5.9,801.0,80.9,153.0,,,9.6,801.0,14.9,801.0,72.0,,51.4,331.0,49.3,,41.2,QS,,,,,,,,,,,,Ranked
355.0,393.0,Università degli Studi di Roma - Tor Vergata,Italy,Europe,L,CO,VH,Public,40.7,294.0,25.2,534.0,14.9,801.0,65.5,246.0,19.7,716.0,58.8,348.0,62.8,315.0,71.7,,8.5,801.0,70.3,,41.2,QS,,,,,,,,,,,,Ranked
358.0,371.0,George Washington University,United States,Americas,L,FC,VH,Private not for Profit,31.7,389.0,45.8,297.0,30.3,628.0,43.4,436.0,13.0,801.0,39.2,498.0,44.7,466.0,78.7,,85.8,133.0,60.0,,41.1,QS,,,,,,,,,,,,Ranked
358.0,368.0,Mahidol University,Thailand,Asia,L,FC,VH,Public,59.4,177.0,38.8,358.0,82.4,155.0,9.0,801.0,8.5,801.0,9.1,801.0,14.0,801.0,67.9,,17.4,774.0,61.2,,41.1,QS,,,,,,,,,,,,Ranked
358.0,349.0,University of Victoria,Canada,Americas,L,CO,VH,Public,25.6,495.0,17.3,701.0,6.2,801.0,78.7,163.0,97.2,149.0,46.0,440.0,51.0,406.0,61.3,,21.2,703.0,79.9,,41.1,QS,,,,,,,,,,,,Ranked
358.0,389.0,Virginia Polytechnic Institute (Virginia Tech),United States,Americas,XL,FC,VH,Public,34.5,352.0,39.4,347.0,26.3,710.0,38.7,484.0,81.6,282.0,27.9,616.0,33.9,563.0,86.1,,41.1,426.0,68.2,,41.1,QS,,,,,,,,,,,,Ranked
362.0,,University of Chinese Academy of Sciences (UCAS),China,Asia,XL,FC,VH,Public,30.9,396.0,11.9,701.0,100.0,11.0,75.1,179.0,,,3.9,801.0,3.1,801.0,93.7,,15.6,801.0,,,40.9,QS,,,,,,,,,,,,Ranked
362.0,354.0,University of Pretoria,South Africa,Africa,XL,FC,VH,Public,32.3,381.0,55.1,221.0,6.2,801.0,31.2,574.0,57.2,404.0,17.4,776.0,23.5,713.0,97.6,,84.8,138.0,80.1,168.0,40.9,QS,,,,,,,,,,,,Ranked
362.0,358.0,University of Tartu,Estonia,Europe,M,FC,VH,Public,28.6,437.0,23.7,567.0,94.6,79.0,19.1,728.0,62.1,374.0,20.8,712.0,26.9,654.0,89.0,,89.2,112.0,64.2,,40.9,QS,,,,,,,,,,,,Ranked
362.0,336.0,University of the Philippines,Philippines,Asia,XL,FC,HI,Public,50.6,220.0,71.1,143.0,42.7,467.0,3.2,801.0,2.4,801.0,1.2,801.0,5.7,801.0,66.4,,80.8,155.0,68.9,,40.9,QS,,,,,,,,,,,,Ranked
366.0,375.0,University of Turku,Finland,Europe,L,FC,VH,Public,36.3,334.0,20.2,651.0,63.2,279.0,39.6,476.0,46.2,462.0,8.9,801.0,14.7,801.0,89.2,,46.1,378.0,74.4,,40.6,QS,,,,,,,,,,,,Ranked
367.0,316.0,RUDN University,Russia,Europe,XL,FC,VH,Public,28.4,443.0,61.2,189.0,94.0,84.0,3.9,801.0,10.9,801.0,95.3,123.0,95.6,105.0,88.3,,14.3,801.0,58.9,,40.5,QS,,,,,,,,,,,,Ranked
367.0,350.0,Sciences Po Paris,France,Europe,L,SP,VH,Public,24.6,520.0,51.5,240.0,81.1,163.0,4.7,801.0,61.8,377.0,98.2,85.0,98.3,72.0,29.6,,98.0,44.0,54.5,,40.5,QS,,,,,,,,,,,,Ranked
367.0,385.0,Universiti Brunei Darussalam (UBD),Brunei Darussalam,Asia,S,CO,VH,Public,29.9,406.0,20.5,643.0,94.2,82.0,22.5,679.0,100.0,70.0,43.5,463.0,42.1,492.0,53.0,,58.2,283.0,52.4,655.0,40.5,QS,,,,,,,,,,,,Ranked
370.0,326.0,Daegu Gyeongbuk Institute of Science and Technology (DGIST),South Korea,Asia,S,FO,VH,Public,17.0,701.0,28.1,494.0,82.3,156.0,100.0,4.0,5.1,801.0,7.3,801.0,10.8,801.0,15.8,,2.5,801.0,42.8,801.0,40.4,QS,,,,,,,,,,,,Ranked
371.0,418.0,Bogazici University,Turkey,Asia,M,CO,VH,Public,36.2,335.0,85.8,88.0,5.1,801.0,23.7,662.0,28.2,603.0,7.5,801.0,12.6,801.0,49.0,,88.7,116.0,68.5,,40.3,QS,,,,,,,,,,,,Ranked
371.0,353.0,National University of Sciences And Technology (NUST) Islamabad,Pakistan,Asia,L,FC,VH,Public,29.3,421.0,76.3,121.0,66.7,259.0,32.3,559.0,5.7,801.0,5.0,801.0,9.3,801.0,76.6,,3.4,801.0,63.3,435.0,40.3,QS,,,,,,,,,,,,Ranked
371.0,377.0,Pontificia Universidad Javeriana,Colombia,Americas,L,FC,HI,Private not for Profit,60.5,173.0,61.8,185.0,37.8,535.0,2.7,801.0,3.8,801.0,3.7,801.0,8.5,801.0,38.7,,83.1,144.0,58.6,,40.3,QS,,,,,,,,,,,,Ranked
374.0,416.0,Oxford Brookes University,United Kingdom,Europe,L,CO,HI,Public,38.7,309.0,62.3,178.0,14.8,801.0,12.4,801.0,80.8,291.0,89.8,168.0,90.7,143.0,61.8,,26.0,624.0,59.8,506.0,40.0,QS,,,,,,,,,,,,Ranked
375.0,365.0,Saint Petersburg State University,Russia,Europe,L,FC,VH,Public,42.2,283.0,43.6,305.0,65.8,263.0,7.9,801.0,6.7,801.0,52.2,396.0,56.8,361.0,83.7,,80.1,158.0,44.6,801.0,39.9,QS,,,,,,,,,,,,Ranked
375.0,342.0,Sharif University of Technology,Iran,Asia,M,FO,VH,Public,17.8,686.0,48.2,267.0,8.2,801.0,99.2,36.0,2.6,801.0,1.6,801.0,5.9,801.0,68.4,,38.7,448.0,38.7,801.0,39.9,QS,,,,,,,,,,,,Ranked
377.0,385.0,South China University of Technology,China,Asia,XL,FO,VH,Public,18.8,652.0,20.8,635.0,29.4,641.0,99.3,31.0,15.9,778.0,10.5,801.0,16.4,801.0,64.8,,40.4,434.0,50.1,,39.8,QS,,,,,,,,,,,,Ranked
378.0,340.0,University of Saskatchewan,Canada,Americas,L,FC,VH,Public,16.0,701.0,10.2,701.0,21.1,801.0,71.9,201.0,82.4,276.0,65.4,305.0,68.7,280.0,77.3,,44.3,396.0,83.6,131.0,39.6,QS,,,,,,,,,,,,Ranked
379.0,396.0,University of Liege,Belgium,Europe,L,FC,VH,Public,24.4,523.0,16.9,701.0,10.8,801.0,63.2,259.0,62.1,375.0,65.6,303.0,68.9,277.0,95.2,,32.9,517.0,79.7,,39.5,QS,,,,,,,,,,,,Ranked
379.0,347.0,University of Naples - Federico II,Italy,Europe,XL,FC,VH,Public,47.8,241.0,32.8,438.0,6.8,801.0,59.5,292.0,2.9,801.0,1.2,801.0,1.2,801.0,94.9,,12.5,801.0,57.5,,39.5,QS,,,,,,,,,,,,Ranked
381.0,410.0,The American University in Cairo,Egypt,Africa,M,CO,VH,Private not for Profit,40.8,292.0,46.9,278.0,39.0,521.0,12.2,801.0,98.0,141.0,7.1,801.0,11.7,801.0,46.8,,88.6,118.0,51.6,,39.4,QS,,,,,,,,,,,,Ranked
381.0,332.0,University of East Anglia (UEA),United Kingdom,Europe,L,FC,VH,Public,24.7,514.0,15.0,701.0,24.0,753.0,55.5,324.0,81.9,278.0,49.3,413.0,54.0,380.0,86.8,,31.8,528.0,91.1,,39.4,QS,,,,,,,,,,,,Ranked
381.0,355.0,University of Luxembourg,Luxembourg,Europe,M,FO,VH,,13.2,701.0,8.2,701.0,87.2,118.0,39.5,479.0,100.0,19.0,100.0,33.0,100.0,21.0,68.1,,58.8,277.0,42.4,801.0,39.4,QS,,,,,,,,,,,,Ranked
384.0,396.0,Northeastern University,United States,Americas,XL,CO,VH,Private not for Profit,28.0,450.0,31.3,457.0,23.3,769.0,33.7,541.0,63.3,368.0,95.8,116.0,96.1,99.0,66.3,,54.3,309.0,80.2,,39.3,QS,,,,,,,,,,,,Ranked
385.0,342.0,Brunel University of London,United Kingdom,Europe,L,CO,VH,Public,17.6,694.0,25.2,536.0,12.2,801.0,51.8,364.0,99.5,114.0,100.0,32.0,100.0,20.0,76.7,,28.8,578.0,80.4,,39.1,QS,,,,,,,,,,,,Ranked
385.0,359.0,Gwangju Institute of Science and Technology (GIST),South Korea,Asia,S,SP,VH,Public,21.3,584.0,12.4,701.0,56.7,326.0,99.9,16.0,15.7,787.0,18.5,751.0,20.8,750.0,28.9,,2.2,801.0,55.3,,39.1,QS,,,,,,,,,,,,Ranked
387.0,336.0,Flinders University,Australia,Oceania,L,FC,VH,Public,19.6,629.0,9.7,701.0,11.3,801.0,64.3,252.0,97.9,144.0,97.3,99.0,97.4,87.0,77.3,,15.5,801.0,81.6,,39.0,QS,,,,,,,,,,,,Ranked
388.0,452.0,Beihang University (former BUAA),China,Asia,L,CO,VH,Public,18.3,665.0,23.5,569.0,57.8,313.0,91.6,95.0,9.5,801.0,8.3,801.0,6.4,801.0,50.1,,20.9,711.0,36.7,801.0,38.5,QS,,,,,,,,,,,,Ranked
388.0,408.0,"Birkbeck College, University of London",United Kingdom,Europe,M,CO,VH,Public,15.5,701.0,5.9,701.0,19.1,801.0,79.6,159.0,98.9,130.0,98.7,78.0,98.7,66.0,60.1,,17.7,766.0,45.6,801.0,38.5,QS,,,,,,,,,,,,Ranked
390.0,393.0,National and Kapodistrian University of Athens,Greece,Europe,XL,FC,VH,Public,34.9,344.0,38.9,354.0,3.0,801.0,45.1,412.0,12.7,801.0,27.2,624.0,32.7,581.0,79.7,,88.9,115.0,64.3,,38.4,QS,,,,,,,,,,,,Ranked
391.0,501.0,Abu Dhabi University,United Arab Emirates,Asia,S,FO,VH,Private for Profit,24.6,518.0,49.8,256.0,23.9,755.0,35.9,518.0,100.0,5.0,99.9,44.0,99.9,32.0,34.5,,10.1,801.0,49.6,,38.3,QS,,,,,,,,,,,,Ranked
392.0,396.0,Sejong University,South Korea,Asia,L,CO,VH,Private not for Profit,16.3,701.0,19.4,672.0,16.3,801.0,92.2,92.0,32.4,558.0,50.7,407.0,37.8,516.0,77.8,,1.8,801.0,61.3,,38.2,QS,,,,,,,,,,,,Ranked
392.0,428.0,"Southeast University, China",China,Asia,XL,FC,VH,Public,21.1,588.0,20.8,632.0,24.5,745.0,93.6,83.0,31.6,569.0,6.1,801.0,11.5,801.0,76.9,,9.6,801.0,45.0,801.0,38.2,QS,,,,,,,,,,,,Ranked
392.0,371.0,Universitat Politècnica de Catalunya,Spain,Europe,L,CO,VH,Public,40.8,291.0,32.8,437.0,42.5,471.0,27.0,617.0,16.7,771.0,31.0,578.0,36.9,527.0,84.0,,35.7,481.0,77.0,,38.2,QS,,,,,,,,,,,,Ranked
395.0,423.0,Aston University,United Kingdom,Europe,L,CO,VH,Public,18.1,673.0,27.1,506.0,12.0,801.0,56.7,309.0,97.9,142.0,63.4,317.0,67.0,290.0,81.8,,28.3,587.0,67.6,,38.1,QS,,,,,,,,,,,,Ranked
395.0,396.0,Ruhr-Universität Bochum,Germany,Europe,XL,FC,VH,Public,29.1,427.0,11.8,701.0,3.9,801.0,65.8,243.0,59.3,394.0,55.6,376.0,59.9,343.0,90.0,,21.4,701.0,72.5,,38.1,QS,,,,,,,,,,,,Ranked
397.0,336.0,Lappeenranta-Lahti University of Technology LUT,Finland,Europe,M,SP,VH,Public,8.7,701.0,15.7,701.0,11.9,801.0,95.9,63.0,70.1,334.0,58.1,354.0,62.1,321.0,54.4,,10.4,801.0,72.2,,37.7,QS,,,,,,,,,,,,Ranked
397.0,380.0,University of Kent,United Kingdom,Europe,L,CO,VH,Public,20.2,607.0,13.8,701.0,16.2,801.0,58.3,297.0,96.4,163.0,49.2,414.0,54.0,381.0,88.0,,44.0,404.0,65.5,,37.7,QS,,,,,,,,,,,,Ranked
399.0,426.0,IPB University (aka Bogor Agricultural University),Indonesia,Asia,L,FO,VH,Public,35.1,342.0,56.0,213.0,82.9,153.0,3.0,801.0,73.7,323.0,6.0,801.0,10.8,801.0,26.2,,45.3,386.0,63.2,,37.6,QS,,,,,,,,,,,,Ranked
400.0,384.0,Western Sydney University,Australia,Oceania,XL,FC,VH,Public,26.3,480.0,22.5,593.0,7.4,801.0,44.5,419.0,100.0,59.0,67.7,292.0,70.9,263.0,87.3,,11.8,801.0,82.6,140.0,37.5,QS,,,,,,,,,,,,Ranked
401.0,456.0,Umeå University,Sweden,Europe,L,FC,VH,Public,27.2,461.0,20.2,652.0,80.7,165.0,25.0,639.0,77.2,310.0,37.5,520.0,28.0,638.0,76.9,,11.9,801.0,77.1,213.0,37.4,QS,,,,,,,,,,,,Ranked
401.0,431.0,University of Granada,Spain,Europe,XL,FC,VH,Public,59.3,178.0,24.3,554.0,11.2,801.0,26.3,622.0,9.9,801.0,31.7,572.0,37.6,522.0,96.4,,13.1,801.0,58.4,,37.4,QS,,,,,,,,,,,,Ranked
401.0,421.0,University of Limerick,Ireland,Europe,L,FC,HI,Public,27.9,453.0,36.6,390.0,23.6,758.0,34.5,527.0,93.2,198.0,48.4,417.0,53.3,385.0,71.6,,14.7,801.0,75.9,,37.4,QS,,,,,,,,,,,,Ranked
404.0,516.0,Sabanci University,Turkey,Asia,S,CO,VH,Private not for Profit,26.5,477.0,62.6,177.0,40.0,505.0,39.2,483.0,51.2,434.0,28.0,614.0,30.9,606.0,35.5,,12.8,801.0,50.1,,37.2,QS,,,,,,,,,,,,Ranked
404.0,375.0,University of Florence,Italy,Europe,XL,FC,VH,Public,45.1,262.0,16.9,701.0,7.0,801.0,49.7,376.0,11.2,801.0,20.8,713.0,26.9,655.0,86.1,,36.9,468.0,72.9,,37.2,QS,,,,,,,,,,,,Ranked
406.0,405.0,Institut National des Sciences Appliquées de Lyon (INSA),France,Europe,M,FO,VH,Public,9.4,701.0,38.0,367.0,42.7,468.0,69.0,222.0,34.4,542.0,77.5,237.0,79.7,208.0,58.7,,17.8,764.0,39.1,801.0,37.1,QS,,,,,,,,,,,,Ranked
407.0,371.0,Lincoln University,New Zealand,Oceania,S,SP,VH,Public,13.3,701.0,10.7,701.0,32.4,597.0,62.6,264.0,100.0,55.0,99.6,53.0,99.1,58.0,25.4,,45.1,389.0,62.0,,37.0,QS,,,,,,,,,,,,Ranked
408.0,371.0,University of Turin,Italy,Europe,XL,FC,VH,Public,48.1,237.0,14.3,701.0,5.1,801.0,42.5,447.0,5.2,801.0,10.1,801.0,16.0,801.0,90.0,,61.4,257.0,78.7,,36.9,QS,,,,,,,,,,,,Ranked
409.0,442.0,Università Cattolica del Sacro Cuore,Italy,Europe,L,FO,VH,Private not for Profit,33.1,370.0,43.1,311.0,28.7,663.0,40.3,466.0,17.1,764.0,13.9,801.0,19.9,763.0,72.4,,42.7,411.0,62.0,,36.8,QS,,,,,,,,,,,,Ranked
410.0,412.0,Auckland University of Technology,New Zealand,Oceania,L,CO,VH,Public,29.6,417.0,22.5,587.0,13.7,801.0,33.2,549.0,100.0,76.0,100.0,39.0,100.0,27.0,50.4,,23.4,663.0,74.0,,36.7,QS,,,,,,,,,,,,Ranked
410.0,421.0,Dublin City University,Ireland,Europe,L,FC,HI,Public,29.2,423.0,37.5,376.0,27.8,683.0,22.0,685.0,80.8,292.0,43.2,466.0,48.4,429.0,78.0,,40.2,436.0,79.7,,36.7,QS,,,,,,,,,,,,Ranked
410.0,539.0,Sunway University,Malaysia,Asia,M,CO,VH,Private not for Profit,20.9,592.0,53.3,228.0,56.9,324.0,25.2,636.0,57.1,405.0,66.9,298.0,68.7,279.0,61.4,,5.1,801.0,61.2,,36.7,QS,,,,,,,,,,,,Ranked
410.0,466.0,University at Buffalo SUNY,United States,Americas,L,FC,VH,Public,26.3,482.0,19.1,683.0,10.7,801.0,53.0,354.0,51.5,430.0,52.5,393.0,57.0,358.0,74.1,,43.7,405.0,82.7,,36.7,QS,,,,,,,,,,,,Ranked
410.0,396.0,University of Southern Queensland,Australia,Oceania,M,CO,VH,Public,11.0,701.0,8.2,701.0,7.9,801.0,90.1,103.0,78.5,304.0,48.7,416.0,52.0,398.0,82.2,,11.0,801.0,65.5,,36.7,QS,,,,,,,,,,,,Ranked
415.0,477.0,Bilkent University,Turkey,Asia,M,CO,VH,Private not for Profit,33.8,361.0,73.3,134.0,14.5,801.0,27.7,610.0,61.6,379.0,7.6,801.0,12.1,801.0,40.5,,27.0,609.0,51.7,,36.6,QS,,,,,,,,,,,,Ranked
416.0,420.0,Czech Technical University In Prague,Czechia,Europe,L,SP,VH,Public,26.8,468.0,51.3,243.0,89.4,107.0,6.2,801.0,28.7,598.0,56.0,374.0,60.2,341.0,69.4,,23.1,670.0,53.6,,36.5,QS,,,,,,,,,,,,Ranked
416.0,428.0,Julius-Maximilians-Universität Würzburg,Germany,Europe,L,FC,VH,Public,21.4,579.0,9.9,701.0,8.9,801.0,87.0,115.0,60.1,389.0,19.7,731.0,14.9,801.0,78.3,,17.0,783.0,50.2,,36.5,QS,,,,,,,,,,,,Ranked
416.0,487.0,Universität Mannheim,Germany,Europe,M,FO,VH,Public,20.3,604.0,76.3,120.0,4.6,801.0,42.4,449.0,55.7,407.0,41.2,481.0,46.6,445.0,25.7,,45.0,390.0,51.3,,36.5,QS,,,,,,,,,,,,Ranked
419.0,359.0,University of Aveiro,Portugal,Europe,L,CO,VH,Public,18.6,658.0,15.5,701.0,13.1,801.0,94.7,73.0,5.2,801.0,24.8,667.0,30.9,605.0,85.5,,3.3,801.0,64.7,,36.4,QS,,,,,,,,,,,,Ranked
420.0,425.0,National Taipei University of Technology,Taiwan,Asia,M,FO,VH,Public,18.2,672.0,57.6,202.0,28.6,667.0,58.8,294.0,25.6,639.0,31.7,573.0,34.9,552.0,25.6,,29.2,565.0,58.9,,36.3,QS,,,,,,,,,,,,Ranked
420.0,456.0,Université de Strasbourg,France,Europe,XL,FC,VH,Public,50.1,224.0,16.3,701.0,7.3,801.0,31.5,570.0,41.7,484.0,45.4,445.0,33.9,564.0,90.7,,29.8,552.0,47.3,,36.3,QS,,,,,,,,,,,,Ranked
422.0,436.0,Universitat Politecnica de Valencia,Spain,Europe,XL,CO,VH,Public,38.0,314.0,27.6,501.0,35.3,561.0,31.2,572.0,7.7,801.0,41.5,479.0,46.9,443.0,85.8,,22.4,689.0,79.5,,36.2,QS,,,,,,,,,,,,Ranked
423.0,436.0,Murdoch University,Australia,Oceania,M,CO,VH,Public,13.0,701.0,8.7,701.0,7.4,801.0,73.9,184.0,89.6,226.0,82.5,209.0,61.4,328.0,75.1,,24.9,642.0,53.4,,36.1,QS,,,,,,,,,,,,Ranked
423.0,462.0,Tampere University,Finland,Europe,L,FC,VH,Public,29.2,424.0,24.7,543.0,24.8,737.0,47.7,392.0,61.6,378.0,13.9,801.0,19.6,771.0,84.0,,42.1,417.0,49.2,,36.1,QS,,,,,,,,,,,,Ranked
423.0,440.0,Università degli Studi di Pavia,Italy,Europe,L,FC,VH,Public,29.4,420.0,12.9,701.0,13.5,801.0,72.3,196.0,8.4,801.0,24.6,669.0,30.7,607.0,80.4,,20.4,718.0,74.9,,36.1,QS,,,,,,,,,,,,Ranked
423.0,466.0,Washington State University,United States,Americas,L,FC,VH,Public,28.7,434.0,39.9,345.0,23.1,771.0,42.7,444.0,50.7,438.0,9.2,801.0,15.0,801.0,77.9,,15.5,801.0,78.5,,36.1,QS,,,,,,,,,,,,Ranked
427.0,413.0,Graz University of Technology,Austria,Europe,M,FO,VH,Public,21.9,568.0,22.1,601.0,99.2,43.0,18.8,735.0,86.6,248.0,71.3,267.0,53.1,388.0,52.3,,15.2,801.0,42.6,801.0,36.0,QS,,,,,,,,,,,,Ranked
428.0,481.0,Aix-Marseille University,France,Europe,XL,FC,VH,Public,51.0,218.0,15.9,701.0,11.0,801.0,29.7,591.0,22.8,678.0,29.0,604.0,21.7,734.0,99.0,,29.0,571.0,63.2,,35.9,QS,,,,,,,,,,,,Ranked
428.0,418.0,University of Dundee,United Kingdom,Europe,M,FC,VH,Public,25.5,497.0,21.3,618.0,44.8,438.0,20.6,704.0,92.0,209.0,84.4,198.0,85.8,169.0,78.7,,13.9,801.0,78.6,,35.9,QS,,,,,,,,,,,,Ranked
430.0,408.0,Masaryk University,Czechia,Europe,XL,CO,VH,Public,32.3,383.0,37.3,377.0,13.1,801.0,18.8,738.0,34.5,541.0,76.8,245.0,79.0,217.0,79.8,,58.8,278.0,77.0,,35.7,QS,,,,,,,,,,,,Ranked
430.0,445.0,Universitat de Valencia,Spain,Europe,XL,FC,VH,Public,49.7,227.0,17.2,701.0,17.3,801.0,31.0,575.0,2.7,801.0,39.4,497.0,44.8,465.0,91.4,,16.5,797.0,74.1,,35.7,QS,,,,,,,,,,,,Ranked
430.0,448.0,Université de Montpellier,France,Europe,XL,FO,VH,Public,26.7,471.0,4.9,701.0,11.7,801.0,72.3,195.0,29.0,594.0,42.8,468.0,48.0,433.0,99.4,,18.8,745.0,55.3,,35.7,QS,,,,,,,,,,,,Ranked
433.0,501.0,East China Normal University,China,Asia,XL,CO,VH,Public,19.9,619.0,16.4,701.0,20.2,801.0,82.1,145.0,46.7,457.0,15.7,801.0,11.9,801.0,69.2,,14.5,801.0,47.7,,35.6,QS,,,,,,,,,,,,Ranked
433.0,426.0,Leibniz Universität Hannover,Germany,Europe,L,FO,VH,Public,29.6,419.0,37.2,378.0,19.9,801.0,33.7,540.0,54.7,413.0,33.3,556.0,39.1,507.0,80.5,,20.3,720.0,78.7,,35.6,QS,,,,,,,,,,,,Ranked
435.0,452.0,National Taiwan Normal University,Taiwan,Asia,M,CO,VH,Public,47.8,240.0,28.2,493.0,68.3,243.0,9.6,801.0,19.7,717.0,39.6,495.0,42.6,486.0,24.1,,29.0,573.0,68.2,,35.4,QS,,,,,,,,,,,,Ranked
436.0,513.0,Prince Mohammad Bin Fahd University,Saudi Arabia,Asia,S,SP,VH,Private not for Profit,22.5,558.0,33.6,427.0,33.1,588.0,54.7,331.0,100.0,13.0,29.6,593.0,22.2,726.0,32.3,,3.3,801.0,37.4,801.0,35.2,QS,,,,,,,,,,,,Ranked
436.0,466.0,Universitat Ramon Llull,Spain,Europe,L,CO,HI,Private not for Profit,17.5,701.0,72.5,136.0,10.3,801.0,15.5,797.0,80.4,295.0,68.0,290.0,71.1,261.0,31.3,,81.2,152.0,56.7,,35.2,QS,,,,,,,,,,,,Ranked
438.0,435.0,IE University,Spain,Europe,M,FO,HI,Private for Profit,12.7,701.0,70.4,144.0,47.6,409.0,3.8,801.0,94.0,194.0,100.0,3.0,100.0,1.0,6.4,,70.4,206.0,53.0,,35.1,QS,,,,,,,,,,,,Ranked
439.0,485.0,National Sun Yat-sen University,Taiwan,Asia,M,CO,VH,Public,36.8,326.0,32.1,447.0,35.6,558.0,38.0,492.0,35.5,534.0,16.5,788.0,22.2,728.0,46.4,,14.7,801.0,67.0,362.0,35.0,QS,,,,,,,,,,,,Ranked
440.0,477.0,Ajman University,United Arab Emirates,Asia,S,FO,VH,Private not for Profit,27.8,454.0,51.3,241.0,15.7,801.0,10.2,801.0,100.0,8.0,100.0,4.0,99.7,37.0,65.2,,12.8,801.0,46.2,801.0,34.9,QS,,,,,,,,,,,,Ranked
440.0,445.0,James Cook University,Australia,Oceania,M,FC,VH,Public,21.0,591.0,11.0,701.0,27.5,689.0,60.3,286.0,46.9,454.0,37.6,518.0,43.2,480.0,83.8,,11.2,801.0,81.9,,34.9,QS,,,,,,,,,,,,Ranked
440.0,464.0,Macau University of Science and Technology,Macao,Asia,L,CO,VH,Private not for Profit,7.4,701.0,10.9,701.0,4.8,801.0,79.5,161.0,100.0,18.0,100.0,1.0,87.9,157.0,23.9,,36.8,472.0,52.0,,34.9,QS,,,,,,,,,,,,Ranked
440.0,410.0,"National Research University Higher School of Economics (HSE, Moscow)",Russia,Europe,XL,CO,VH,Public,28.1,449.0,52.9,231.0,92.0,96.0,2.7,801.0,10.2,801.0,24.0,675.0,30.1,614.0,84.7,,19.4,737.0,57.6,549.0,34.9,QS,,,,,,,,,,,,Ranked
440.0,466.0,Universität Konstanz,Germany,Europe,M,CO,VH,Public,25.5,499.0,18.7,692.0,50.3,380.0,33.4,544.0,91.5,213.0,26.8,634.0,32.8,577.0,63.7,,23.0,673.0,69.9,,34.9,QS,,,,,,,,,,,,Ranked
440.0,497.0,"University of California, Riverside",United States,Americas,L,FC,VH,Public,21.4,577.0,21.1,623.0,10.0,801.0,64.2,254.0,80.9,290.0,30.4,587.0,36.3,530.0,75.4,,7.0,801.0,55.6,,34.9,QS,,,,,,,,,,,,Ranked
446.0,439.0,Vilnius University,Lithuania,Europe,L,FC,HI,Public,26.9,467.0,28.0,496.0,73.1,210.0,6.2,801.0,28.4,601.0,28.5,609.0,34.5,557.0,80.2,,91.3,93.0,70.3,,34.8,QS,,,,,,,,,,,,Ranked
447.0,387.0,Belarusian State University,Belarus,Europe,L,CO,HI,Public,32.5,377.0,51.5,239.0,91.8,98.0,1.7,801.0,4.9,801.0,71.1,268.0,67.5,286.0,34.4,,61.3,258.0,,,34.6,QS,,,,,,,,,,,,Ranked
448.0,527.0,Universität Bayreuth,Germany,Europe,M,CO,VH,Public,14.1,701.0,22.3,596.0,64.6,272.0,39.2,481.0,63.6,365.0,39.7,494.0,45.1,462.0,82.3,,16.2,801.0,69.9,,34.5,QS,,,,,,,,,,,,Ranked
449.0,470.0,Iowa State University,United States,Americas,L,CO,VH,Public,26.4,479.0,21.6,611.0,10.8,801.0,61.0,281.0,6.7,801.0,17.8,764.0,24.0,703.0,78.9,,50.6,339.0,65.0,,34.4,QS,,,,,,,,,,,,Ranked
450.0,401.0,Kazan Federal University,Russia,Europe,L,FC,VH,Public,27.2,460.0,19.5,669.0,98.1,54.0,3.8,801.0,14.0,801.0,97.7,94.0,97.8,83.0,86.7,,19.6,732.0,55.3,,34.3,QS,,,,,,,,,,,,Ranked
450.0,489.0,"Universidade Estadual Paulista ""Júlio de Mesquita Filho"" (UNESP)",Brazil,Americas,XL,FC,VH,Public,53.3,207.0,36.8,387.0,20.1,801.0,22.2,683.0,7.4,801.0,5.3,801.0,10.1,801.0,73.6,,1.6,801.0,58.5,,34.3,QS,,,,,,,,,,,,Ranked
452.0,501.0,Johannes Gutenberg Universität Mainz,Germany,Europe,L,FO,VH,Public,32.5,378.0,19.8,667.0,70.5,225.0,18.1,750.0,51.3,433.0,26.4,641.0,32.4,584.0,87.5,,18.1,756.0,52.2,,34.2,QS,,,,,,,,,,,,Ranked
452.0,508.0,Shenzhen University,China,Asia,XL,CO,VH,Public,11.9,701.0,8.7,701.0,40.1,501.0,90.9,100.0,15.9,780.0,2.7,801.0,7.5,801.0,69.0,,26.0,623.0,48.2,,34.2,QS,,,,,,,,,,,,Ranked
452.0,460.0,Stony Brook University,United States,Americas,L,FC,VH,Public,24.2,527.0,17.8,701.0,43.6,459.0,32.4,556.0,47.4,451.0,53.4,384.0,57.9,352.0,73.7,,31.9,527.0,82.5,,34.2,QS,,,,,,,,,,,,Ranked
452.0,389.0,University of Cyprus,Cyprus,Asia,M,CO,VH,Public,14.6,701.0,10.8,701.0,10.3,801.0,62.3,270.0,94.3,187.0,42.2,471.0,46.1,452.0,69.8,,54.6,306.0,52.9,650.0,34.2,QS,,,,,,,,,,,,Ranked
456.0,403.0,Amirkabir University of Technology,Iran,Asia,M,SP,VH,Public,8.5,701.0,26.7,513.0,7.4,801.0,100.0,9.0,41.7,485.0,5.7,801.0,4.5,801.0,67.2,,5.4,801.0,35.5,801.0,34.1,QS,,,,,,,,,,,,Ranked
456.0,472.0,University of Essex,United Kingdom,Europe,L,CO,VH,Public,23.7,535.0,9.9,701.0,17.1,801.0,35.1,525.0,99.9,102.0,99.2,64.0,99.2,53.0,77.0,,24.7,645.0,54.5,,34.1,QS,,,,,,,,,,,,Ranked
458.0,442.0,Colorado State University,United States,Americas,L,CO,VH,Public,25.2,508.0,30.1,473.0,73.1,209.0,22.8,672.0,22.7,679.0,9.0,801.0,14.7,801.0,82.5,,32.3,524.0,75.0,236.0,34.0,QS,,,,,,,,,,,,Ranked
458.0,534.0,Universidad Nacional de La Plata,Argentina,Americas,XL,FC,HI,Public,55.7,199.0,30.8,464.0,40.8,496.0,2.9,801.0,7.2,801.0,41.6,478.0,31.1,601.0,54.1,,37.7,463.0,39.4,801.0,34.0,QS,,,,,,,,,,,,Ranked
458.0,393.0,"University of California, Santa Cruz",United States,Americas,L,CO,VH,Public,24.7,517.0,13.6,701.0,10.0,801.0,62.4,268.0,71.4,331.0,10.0,801.0,15.7,801.0,62.2,,14.3,801.0,84.3,122.0,34.0,QS,,,,,,,,,,,,Ranked
461.0,554.0,Jordan University of Science & Technology,Jordan,Asia,L,CO,VH,Public,32.0,386.0,47.8,273.0,23.1,774.0,12.3,801.0,66.7,350.0,87.9,183.0,83.8,180.0,54.6,,5.8,801.0,52.1,,33.9,QS,,,,,,,,,,,,Ranked
461.0,442.0,Novosibirsk State University,Russia,Europe,M,FO,VH,Public,28.8,432.0,31.1,460.0,93.6,87.0,13.0,801.0,9.1,801.0,70.6,272.0,69.5,274.0,55.7,,13.3,801.0,43.8,801.0,33.9,QS,,,,,,,,,,,,Ranked
461.0,477.0,Royal Holloway University of London,United Kingdom,Europe,L,CO,VH,Public,22.8,548.0,11.8,701.0,15.1,801.0,41.0,460.0,96.3,164.0,88.9,177.0,89.9,151.0,73.0,,12.3,801.0,61.7,,33.9,QS,,,,,,,,,,,,Ranked
461.0,389.0,Università Vita-Salute San Raffaele,Italy,Europe,S,SP,VH,Private not for Profit,4.8,701.0,3.1,701.0,89.3,108.0,99.5,28.0,6.2,801.0,11.3,801.0,16.3,801.0,35.5,,4.1,801.0,26.1,801.0,33.9,QS,,,,,,,,,,,,Ranked
465.0,383.0,Anna University,India,Asia,L,SP,VH,Public,15.0,701.0,19.4,674.0,9.2,801.0,99.8,23.0,,,1.6,801.0,6.0,801.0,47.3,,17.8,763.0,64.5,,33.8,QS,,,,,,,,,,,,Ranked
465.0,415.0,Concordia University,Canada,Americas,XL,CO,VH,Public,21.7,572.0,18.0,701.0,5.2,801.0,32.0,563.0,64.0,362.0,94.4,135.0,94.8,112.0,75.6,,58.4,281.0,81.8,153.0,33.8,QS,,,,,,,,,,,,Ranked
465.0,489.0,Shanghai University,China,Asia,XL,FO,VH,Public,29.8,410.0,21.4,615.0,51.1,369.0,48.5,385.0,29.6,589.0,10.2,801.0,7.8,801.0,62.5,,12.5,801.0,42.9,801.0,33.8,QS,,,,,,,,,,,,Ranked
465.0,452.0,University of Kansas,United States,Americas,L,FC,VH,Public,17.6,697.0,22.8,582.0,91.9,97.0,13.6,801.0,79.0,301.0,12.6,801.0,18.6,786.0,87.5,,42.8,409.0,62.2,,33.8,QS,,,,,,,,,,,,Ranked
469.0,471.0,Ben Gurion University of The Negev,Israel,Asia,L,FC,VH,Public,19.5,631.0,26.9,510.0,15.0,801.0,58.7,295.0,71.2,332.0,23.8,679.0,17.9,798.0,63.4,,24.5,649.0,48.8,,33.7,QS,,,,,,,,,,,,Ranked
469.0,423.0,Laval University,Canada,Americas,L,FC,VH,Public,25.3,503.0,11.3,701.0,33.3,585.0,29.8,590.0,57.4,402.0,54.9,378.0,59.2,345.0,78.8,,49.9,347.0,81.6,,33.7,QS,,,,,,,,,,,,Ranked
469.0,547.0,Tashkent Institute of Irrigation and Agricultural Mechanization Engineers - National Research University (TIIAME-NRU),Uzbekistan,Asia,M,CO,VH,Public,35.6,341.0,46.0,292.0,87.1,120.0,4.2,801.0,44.3,470.0,16.7,785.0,18.5,787.0,18.6,,24.8,644.0,46.9,,33.7,QS,,,,,,,,,,,,Ranked
469.0,462.0,Universidad de Sevilla,Spain,Europe,XL,FC,VH,Public,52.7,210.0,20.6,640.0,23.4,763.0,15.1,801.0,5.1,801.0,25.8,648.0,31.9,591.0,90.8,,22.1,694.0,66.1,,33.7,QS,,,,,,,,,,,,Ranked
473.0,497.0,Jilin University,China,Asia,XL,FC,VH,Public,16.2,701.0,47.3,276.0,35.8,557.0,53.9,342.0,15.6,791.0,2.2,801.0,1.9,801.0,65.3,,33.0,513.0,48.5,,33.5,QS,,,,,,,,,,,,Ranked
473.0,472.0,Johannes Kepler University Linz,Austria,Europe,M,FO,VH,Public,17.5,700.0,14.9,701.0,80.0,166.0,25.2,635.0,89.9,223.0,57.5,360.0,61.6,327.0,56.6,,15.3,801.0,61.0,,33.5,QS,,,,,,,,,,,,Ranked
473.0,524.0,Pusan National University,South Korea,Asia,L,FC,VH,Public,28.6,439.0,20.2,650.0,57.6,315.0,36.7,509.0,19.9,714.0,27.1,626.0,33.2,573.0,57.5,,18.9,744.0,73.6,,33.5,QS,,,,,,,,,,,,Ranked
473.0,405.0,Università della Svizzera Italiana,Switzerland,Europe,S,FO,VH,Public,9.3,701.0,9.4,701.0,70.3,227.0,43.4,434.0,100.0,33.0,100.0,10.0,100.0,5.0,42.7,,2.2,801.0,48.2,,33.5,QS,,,,,,,,,,,,Ranked
477.0,456.0,Moscow Institute of Physics and Technology State University,Russia,Europe,M,FO,VH,Public,20.3,606.0,34.1,421.0,95.3,71.0,18.1,748.0,38.6,512.0,54.8,380.0,55.6,368.0,47.1,,38.0,458.0,21.9,801.0,33.4,QS,,,,,,,,,,,,Ranked
477.0,474.0,Universität Potsdam,Germany,Europe,L,FO,VH,Public,22.3,563.0,5.0,701.0,28.4,673.0,53.7,347.0,60.9,384.0,34.9,541.0,40.6,499.0,92.6,,4.2,801.0,75.3,231.0,33.4,QS,,,,,,,,,,,,Ranked
479.0,489.0,Chung-Ang University,South Korea,Asia,L,FC,VH,Private not for Profit,24.9,512.0,37.6,372.0,79.2,172.0,16.7,769.0,19.7,719.0,62.4,323.0,66.1,297.0,31.3,,17.3,777.0,68.9,,33.3,QS,,,,,,,,,,,,Ranked
480.0,474.0,Hiroshima University,Japan,Asia,L,FC,VH,Public,34.6,351.0,17.1,701.0,79.8,168.0,17.2,762.0,19.2,725.0,22.7,690.0,17.1,801.0,70.3,,12.4,801.0,73.2,,33.2,QS,,,,,,,,,,,,Ranked
480.0,430.0,University of Science and Technology Beijing,China,Asia,L,CO,VH,Public,16.4,701.0,14.6,701.0,13.9,801.0,99.2,37.0,4.2,801.0,5.1,801.0,4.0,801.0,59.1,,8.5,801.0,41.6,801.0,33.2,QS,,,,,,,,,,,,Ranked
482.0,448.0,Dalian University of Technology,China,Asia,XL,CO,VH,Public,11.4,701.0,11.0,701.0,23.4,766.0,95.7,65.0,15.4,800.0,5.3,801.0,4.2,801.0,59.8,,21.8,697.0,46.8,798.0,33.0,QS,,,,,,,,,,,,Ranked
482.0,495.0,Duy Tan University,Vietnam,Asia,L,CO,VH,Private for Profit,13.7,701.0,27.7,500.0,6.3,801.0,76.0,172.0,43.4,475.0,2.1,801.0,6.3,801.0,87.7,,6.4,801.0,58.7,,33.0,QS,,,,,,,,,,,,Ranked
482.0,465.0,Kobe University,Japan,Asia,L,FC,VH,Public,36.9,324.0,39.0,353.0,45.0,434.0,19.4,725.0,11.2,801.0,10.7,801.0,15.9,801.0,53.3,,27.0,608.0,73.3,,33.0,QS,,,,,,,,,,,,Ranked
485.0,508.0,Aristotle University of Thessaloniki,Greece,Europe,XL,FC,VH,Public,38.2,311.0,35.9,402.0,6.4,801.0,28.4,602.0,2.1,801.0,8.1,801.0,13.8,801.0,90.9,,48.3,359.0,66.4,,32.9,QS,,,,,,,,,,,,Ranked
485.0,506.0,University of Trento,Italy,Europe,L,CO,VH,Public,34.8,346.0,18.6,693.0,32.9,589.0,40.0,470.0,32.3,560.0,11.3,801.0,17.2,801.0,85.6,,7.1,801.0,51.8,,32.9,QS,,,,,,,,,,,,Ranked
487.0,516.0,Edith Cowan University,Australia,Oceania,L,CO,VH,Public,13.7,701.0,13.1,701.0,6.0,801.0,60.4,285.0,96.4,160.0,82.4,210.0,84.0,176.0,63.8,,7.4,801.0,51.0,,32.8,QS,,,,,,,,,,,,Ranked
487.0,380.0,Technische Universität Bergakademie Freiberg,Germany,Europe,S,FO,VH,,7.4,701.0,6.4,701.0,10.1,801.0,90.9,101.0,59.7,392.0,100.0,25.0,100.0,16.0,35.1,,1.4,801.0,32.9,801.0,32.8,QS,,,,,,,,,,,,Ranked
487.0,527.0,Warsaw University of Technology,Poland,Europe,L,FO,VH,Public,28.4,442.0,72.4,137.0,55.7,337.0,9.5,801.0,3.4,801.0,17.6,771.0,23.7,710.0,63.8,,15.9,801.0,38.4,801.0,32.8,QS,,,,,,,,,,,,Ranked
490.0,461.0,Universidad de Santiago de Chile - USACH,Chile,Americas,L,FC,HI,Public,50.4,222.0,59.9,193.0,11.4,801.0,7.8,801.0,10.6,801.0,3.8,801.0,8.0,801.0,53.9,,17.5,772.0,53.7,,32.7,QS,,,,,,,,,,,,Ranked
491.0,431.0,Central South University,China,Asia,XL,FO,VH,Public,12.1,701.0,10.2,701.0,7.3,801.0,100.0,8.0,9.0,801.0,7.0,801.0,5.4,801.0,73.8,,23.2,667.0,42.7,801.0,32.6,QS,,,,,,,,,,,,Ranked
491.0,513.0,Imam Abdulrahman Bin Faisal University (formerly University of Dammam),Saudi Arabia,Asia,L,FC,HI,Public,16.9,701.0,31.4,456.0,94.9,74.0,5.6,801.0,99.2,125.0,34.8,544.0,35.4,544.0,73.9,,2.9,801.0,55.3,,32.6,QS,,,,,,,,,,,,Ranked
491.0,554.0,Universiti Utara Malaysia (UUM),Malaysia,Asia,M,CO,VH,Public,31.2,393.0,39.2,349.0,48.0,404.0,12.7,801.0,25.6,638.0,86.9,186.0,84.0,177.0,42.4,,16.4,799.0,49.5,,32.6,QS,,,,,,,,,,,,Ranked
494.0,535.0,Université de Bordeaux,France,Europe,XL,FO,VH,Public,43.2,274.0,10.0,701.0,13.5,801.0,28.1,605.0,31.7,566.0,35.2,539.0,40.9,498.0,93.5,,25.3,635.0,56.5,,32.5,QS,,,,,,,,,,,,Ranked
494.0,403.0,University of Canberra,Australia,Oceania,M,CO,VH,Public,18.2,670.0,11.9,701.0,3.4,801.0,50.8,370.0,82.8,274.0,83.1,205.0,84.6,173.0,66.7,,10.9,801.0,73.2,,32.5,QS,,,,,,,,,,,,Ranked
496.0,436.0,Iran University of Science and Technology,Iran,Asia,M,FO,VH,Public,11.8,701.0,24.3,553.0,4.3,801.0,99.9,19.0,7.0,801.0,8.6,801.0,11.3,801.0,64.4,,9.4,801.0,27.3,801.0,32.4,QS,,,,,,,,,,,,Ranked
496.0,445.0,Justus-Liebig-Universität Gießen,Germany,Europe,L,FC,VH,Public,15.4,701.0,9.6,701.0,2.7,801.0,85.6,121.0,19.3,724.0,28.9,605.0,21.7,738.0,80.7,,17.0,784.0,53.4,,32.4,QS,,,,,,,,,,,,Ranked
498.0,489.0,University of Jyväskylä,Finland,Europe,M,FO,VH,Public,23.4,539.0,13.7,701.0,87.8,112.0,20.8,702.0,51.1,435.0,6.3,801.0,11.8,801.0,84.3,,13.9,801.0,70.6,,32.3,QS,,,,,,,,,,,,Ranked
499.0,495.0,Central Queensland University Australia (CQUniversity),Australia,Oceania,S,CO,VH,Public,13.6,701.0,8.5,701.0,42.2,474.0,39.7,473.0,97.6,145.0,99.9,43.0,99.4,47.0,47.5,,5.0,801.0,64.2,,32.2,QS,,,,,,,,,,,,Ranked
499.0,547.0,Northwestern Polytechnical University,China,Asia,XL,CO,VH,Public,9.5,701.0,9.9,701.0,52.3,356.0,82.6,139.0,25.5,640.0,10.1,801.0,7.8,801.0,57.6,,11.5,801.0,39.0,801.0,32.2,QS,,,,,,,,,,,,Ranked
499.0,431.0,Tomsk State University,Russia,Europe,M,CO,VH,Public,25.3,502.0,20.0,656.0,99.3,39.0,7.0,801.0,28.0,609.0,94.7,131.0,93.2,125.0,66.4,,7.1,801.0,30.6,801.0,32.2,QS,,,,,,,,,,,,Ranked
499.0,497.0,Universidad de Costa Rica,Costa Rica,Americas,XL,CO,HI,Public,46.4,253.0,31.6,453.0,44.4,445.0,2.5,801.0,3.0,801.0,3.4,801.0,2.8,801.0,46.1,,86.1,130.0,53.7,,32.2,QS,,,,,,,,,,,,Ranked
503.0,587.0,Shoolini University of Biotechnology and Management Sciences,India,Asia,S,CO,VH,Private not for Profit,16.2,701.0,22.5,589.0,12.1,801.0,82.6,138.0,29.0,595.0,2.2,801.0,6.4,801.0,54.1,,1.8,801.0,57.3,,32.1,QS,,,,,,,,,,,,Ranked
504.0,484.0,China Agricultural University,China,Asia,L,FC,VH,Public,12.3,701.0,10.3,701.0,19.2,801.0,98.7,42.0,4.8,801.0,2.3,801.0,2.0,801.0,62.1,,9.6,801.0,44.4,801.0,32.0,QS,,,,,,,,,,,,Ranked
504.0,489.0,Chongqing University,China,Asia,XL,SP,VH,Public,11.9,701.0,9.8,701.0,18.2,801.0,93.8,82.0,28.1,605.0,3.9,801.0,3.2,801.0,58.1,,19.1,743.0,40.0,801.0,32.0,QS,,,,,,,,,,,,Ranked
504.0,511.0,Ewha Womans University,South Korea,Asia,L,FC,HI,Private not for Profit,33.5,363.0,26.6,515.0,75.1,195.0,13.6,801.0,9.6,801.0,37.5,519.0,43.1,481.0,32.9,,28.4,586.0,67.1,361.0,32.0,QS,,,,,,,,,,,,Ranked
504.0,448.0,Hunan University,China,Asia,XL,FO,VH,Public,10.9,701.0,11.8,701.0,20.8,801.0,94.7,74.0,5.9,801.0,2.8,801.0,2.3,801.0,57.7,,32.5,520.0,40.6,801.0,32.0,QS,,,,,,,,,,,,Ranked
504.0,456.0,University of Guelph,Canada,Americas,L,CO,VH,Public,19.9,621.0,19.2,680.0,7.9,801.0,55.2,327.0,49.6,443.0,24.0,672.0,30.1,613.0,74.8,,18.2,755.0,80.7,161.0,32.0,QS,,,,,,,,,,,,Ranked
509.0,,China Medical University,Taiwan,Asia,M,SP,VH,Private not for Profit,8.8,701.0,6.3,701.0,27.4,692.0,99.9,16.0,5.8,801.0,12.7,801.0,9.7,801.0,75.9,,2.0,801.0,36.1,801.0,31.9,QS,,,,,,,,,,,,Ranked
509.0,585.0,Institut Teknologi Sepuluh Nopember (ITS),Indonesia,Asia,L,CO,VH,Public,27.4,456.0,60.2,192.0,62.1,287.0,2.7,801.0,69.6,337.0,11.9,801.0,17.9,800.0,27.6,,17.0,782.0,52.5,654.0,31.9,QS,,,,,,,,,,,,Ranked
509.0,516.0,INTI International University,Malaysia,Asia,S,CO,VH,Private for Profit,14.3,701.0,37.8,368.0,95.1,73.0,3.0,801.0,100.0,39.0,99.7,50.0,99.5,46.0,19.2,,5.2,801.0,33.2,801.0,31.9,QS,,,,,,,,,,,,Ranked
511.0,516.0,Ateneo de Manila University,Philippines,Asia,L,FC,MD,Private not for Profit,32.2,385.0,70.0,148.0,33.1,586.0,3.0,801.0,3.6,801.0,4.3,801.0,8.5,801.0,24.3,,80.4,157.0,60.5,,31.6,QS,,,,,,,,,,,,Ranked
511.0,585.0,Singapore Management University,Singapore,Asia,M,SP,VH,Public,19.4,635.0,27.4,502.0,14.2,801.0,30.9,577.0,100.0,48.0,83.2,203.0,80.4,205.0,23.0,,38.1,455.0,58.9,,31.6,QS,,,,,,,,,,,,Ranked
511.0,508.0,SOAS University of London,United Kingdom,Europe,M,FO,VH,Public,24.7,516.0,19.0,686.0,18.4,801.0,23.7,663.0,100.0,67.0,99.2,63.0,99.2,52.0,17.8,,35.2,489.0,65.0,,31.6,QS,,,,,,,,,,,,Ranked
511.0,531.0,University of Bradford,United Kingdom,Europe,M,CO,VH,Public,14.0,701.0,11.2,701.0,9.3,801.0,40.3,465.0,75.0,316.0,99.2,66.0,99.2,56.0,70.5,,41.5,421.0,70.4,,31.6,QS,,,,,,,,,,,,Ranked
515.0,567.0,Lebanese University,Lebanon,Asia,XL,FC,HI,Public,32.9,372.0,55.3,219.0,16.0,801.0,3.4,801.0,52.2,427.0,47.2,428.0,44.1,474.0,59.9,,38.9,445.0,45.2,801.0,31.5,QS,,,,,,,,,,,,Ranked
515.0,596.0,Universitas Padjadjaran (UNPAD),Indonesia,Asia,XL,FO,VH,Public,29.9,408.0,51.7,237.0,55.9,334.0,2.2,801.0,54.3,417.0,4.4,801.0,9.4,801.0,31.8,,45.4,384.0,59.7,,31.5,QS,,,,,,,,,,,,Ranked
517.0,481.0,Pontificia Universidad Católica Argentina Santa María de los Buenos Aires - UCA,Argentina,Americas,L,FC,MD,Private not for Profit,30.2,402.0,39.9,344.0,100.0,22.0,1.2,801.0,3.0,801.0,14.8,801.0,11.2,801.0,10.5,,89.8,108.0,26.7,801.0,31.4,QS,,,,,,,,,,,,Ranked
517.0,452.0,University of Stirling,United Kingdom,Europe,M,CO,VH,Public,16.8,701.0,13.1,701.0,14.6,801.0,38.3,489.0,79.5,299.0,81.3,218.0,83.0,183.0,62.7,,22.4,685.0,81.2,,31.4,QS,,,,,,,,,,,,Ranked
519.0,516.0,Kyungpook National University,South Korea,Asia,L,FC,VH,Public,18.0,680.0,20.3,649.0,78.5,175.0,29.6,593.0,18.7,733.0,44.6,452.0,49.7,417.0,55.8,,15.5,801.0,68.3,,31.3,QS,,,,,,,,,,,,Ranked
519.0,440.0,Singapore University of Technology and Design,Singapore,Asia,S,SP,VH,,11.0,701.0,11.3,701.0,99.3,41.0,71.0,208.0,,,,,,,35.2,,5.3,801.0,25.0,801.0,31.3,QS,,,,,,,,,,,,Ranked
519.0,524.0,Universidad Austral - Argentina,Argentina,Americas,M,FC,MD,Private not for Profit,29.8,409.0,48.9,263.0,89.6,105.0,2.5,801.0,2.9,801.0,16.7,786.0,18.7,784.0,13.4,,69.9,211.0,29.2,801.0,31.3,QS,,,,,,,,,,,,Ranked
519.0,451.0,University of Electronic Science and Technology of China,China,Asia,XL,FO,VH,Public,5.8,701.0,16.3,701.0,11.3,801.0,99.9,17.0,4.2,801.0,4.4,801.0,3.5,801.0,83.2,,11.5,801.0,37.6,801.0,31.3,QS,,,,,,,,,,,,Ranked
519.0,516.0,Ural Federal University,Russia,Europe,XL,CO,VH,Public,25.8,488.0,24.7,544.0,98.2,53.0,3.5,801.0,8.7,801.0,49.3,412.0,54.1,379.0,91.0,,5.6,801.0,54.4,,31.3,QS,,,,,,,,,,,,Ranked
524.0,501.0,University of Huddersfield,United Kingdom,Europe,L,CO,VH,Public,17.9,683.0,19.0,684.0,9.1,801.0,36.3,515.0,79.7,298.0,91.6,154.0,92.2,131.0,74.6,,2.2,801.0,69.1,,31.2,QS,,,,,,,,,,,,Ranked
525.0,587.0,The University of Georgia,United States,Americas,XL,FC,VH,Public,27.9,452.0,36.7,388.0,14.0,801.0,33.0,552.0,11.1,801.0,8.8,801.0,6.8,801.0,85.0,,35.8,478.0,65.9,,31.1,QS,,,,,,,,,,,,Ranked
526.0,,Boston College,United States,Americas,L,CO,VH,Private not for Profit,29.9,407.0,30.2,471.0,28.0,681.0,26.8,618.0,9.8,801.0,28.5,608.0,34.5,556.0,47.7,,64.8,240.0,56.0,,30.9,QS,,,,,,,,,,,,Ranked
526.0,567.0,Chiang Mai University,Thailand,Asia,XL,FC,HI,Public,48.8,236.0,30.4,467.0,22.0,790.0,8.8,801.0,5.5,801.0,8.7,801.0,13.3,801.0,65.8,,28.7,584.0,67.6,,30.9,QS,,,,,,,,,,,,Ranked
526.0,516.0,University of Hull,United Kingdom,Europe,L,FC,HI,Public,13.2,701.0,14.3,701.0,15.9,801.0,36.9,505.0,68.3,342.0,95.6,121.0,95.9,103.0,70.3,,29.5,556.0,75.4,,30.9,QS,,,,,,,,,,,,Ranked
526.0,539.0,University of Salamanca,Spain,Europe,L,FC,VH,Public,36.9,323.0,23.5,568.0,36.8,545.0,11.8,801.0,10.2,801.0,25.9,647.0,31.9,590.0,86.3,,33.4,506.0,70.8,,30.9,QS,,,,,,,,,,,,Ranked
530.0,,The Education University of Hong Kong,Hong Kong,Asia,M,FO,VH,,9.4,701.0,7.8,701.0,71.7,215.0,39.7,474.0,99.8,104.0,68.6,285.0,61.7,325.0,43.4,,9.4,801.0,35.3,801.0,30.8,QS,,,,,,,,,,,,Ranked
530.0,592.0,Universität Bremen,Germany,Europe,L,CO,VH,Public,25.7,491.0,14.2,701.0,15.2,801.0,39.5,477.0,61.4,381.0,41.9,477.0,47.2,440.0,86.9,,7.6,801.0,54.9,605.0,30.8,QS,,,,,,,,,,,,Ranked
530.0,547.0,University of Genoa,Italy,Europe,L,FC,VH,Public,28.0,451.0,10.6,701.0,19.8,801.0,52.6,358.0,9.2,801.0,17.5,773.0,23.6,711.0,83.1,,16.6,795.0,62.3,,30.8,QS,,,,,,,,,,,,Ranked
530.0,596.0,University of Iowa,United States,Americas,L,FC,VH,Public,25.5,498.0,16.2,701.0,50.1,383.0,27.4,614.0,40.4,496.0,8.5,801.0,14.2,801.0,68.7,,47.1,373.0,61.0,,30.8,QS,,,,,,,,,,,,Ranked
534.0,565.0,University of Connecticut,United States,Americas,L,FC,VH,Public,20.8,597.0,14.6,701.0,28.1,679.0,33.5,543.0,54.6,415.0,34.9,543.0,40.6,500.0,85.1,,40.1,437.0,63.4,,30.7,QS,,,,,,,,,,,,Ranked
535.0,,King Khalid University,Saudi Arabia,Asia,L,FC,VH,Public,25.8,489.0,17.6,701.0,64.6,274.0,7.0,801.0,100.0,30.0,35.9,535.0,26.9,658.0,84.4,,2.7,801.0,45.7,801.0,30.6,QS,,,,,,,,,,,,Ranked
535.0,,Lebanese American University,Lebanon,Asia,M,FC,HI,Private not for Profit,20.2,610.0,44.6,301.0,31.3,612.0,10.7,801.0,80.6,293.0,26.6,638.0,31.7,593.0,78.3,,29.2,564.0,58.3,,30.6,QS,,,,,,,,,,,,Ranked
535.0,,Prince Sultan University,Saudi Arabia,Asia,S,SP,VH,Private not for Profit,10.6,701.0,12.0,701.0,19.4,801.0,61.9,274.0,100.0,35.0,23.2,686.0,24.7,691.0,62.7,,15.9,801.0,45.7,801.0,30.6,QS,,,,,,,,,,,,Ranked
535.0,527.0,Universität Leipzig,Germany,Europe,L,FC,VH,Public,31.5,391.0,14.0,701.0,85.3,132.0,13.0,801.0,,,24.0,673.0,18.1,795.0,82.7,,15.9,801.0,57.2,557.0,30.6,QS,,,,,,,,,,,,Ranked
535.0,596.0,University of Ljubljana,Slovenia,Europe,XL,FC,VH,Public,29.7,414.0,18.9,689.0,45.6,431.0,11.0,801.0,7.1,801.0,18.1,760.0,13.7,801.0,85.7,,98.1,41.0,54.2,,30.6,QS,,,,,,,,,,,,Ranked
540.0,580.0,Jinan University (China),China,Asia,XL,FC,VH,Public,8.6,701.0,8.7,701.0,12.3,801.0,75.3,177.0,41.6,486.0,89.1,174.0,66.3,295.0,47.2,,10.5,801.0,40.5,801.0,30.5,QS,,,,,,,,,,,,Ranked
540.0,531.0,University of Utah,United States,Americas,XL,FC,VH,Public,21.8,570.0,13.1,701.0,53.8,349.0,38.3,488.0,21.2,695.0,18.2,759.0,24.3,699.0,74.5,,28.3,588.0,59.6,,30.5,QS,,,,,,,,,,,,Ranked
542.0,592.0,Ain Shams University,Egypt,Africa,XL,FC,VH,Public,35.6,340.0,38.8,357.0,17.1,801.0,3.5,801.0,29.5,590.0,13.7,801.0,19.7,769.0,80.8,,69.6,216.0,56.7,,30.3,QS,,,,,,,,,,,,Ranked
542.0,587.0,Universiti Teknologi MARA - UiTM,Malaysia,Asia,XL,FC,VH,Public,44.5,267.0,48.8,265.0,26.3,709.0,5.6,801.0,2.5,801.0,3.4,801.0,7.7,801.0,74.3,,4.9,801.0,55.4,,30.3,QS,,,,,,,,,,,,Ranked
542.0,513.0,University of Milano-Bicocca,Italy,Europe,L,FO,VH,Public,28.6,438.0,19.2,677.0,5.2,801.0,56.0,317.0,7.3,801.0,8.3,801.0,14.0,801.0,80.8,,15.0,801.0,53.6,,30.3,QS,,,,,,,,,,,,Ranked
542.0,570.0,University of the Punjab,Pakistan,Asia,XL,CO,VH,Public,22.5,559.0,57.6,203.0,5.7,801.0,24.4,649.0,4.0,801.0,1.7,801.0,6.1,801.0,71.8,,89.4,109.0,44.3,801.0,30.3,QS,,,,,,,,,,,,Ranked
546.0,554.0,Universität Ulm,Germany,Europe,M,FO,VH,Public,10.9,701.0,10.2,701.0,83.9,147.0,43.8,430.0,47.5,450.0,30.8,582.0,23.1,718.0,67.2,,3.4,801.0,38.7,801.0,30.2,QS,,,,,,,,,,,,Ranked
546.0,488.0,University of Hawaii at Mañoa,United States,Americas,L,FC,VH,Public,21.3,583.0,10.5,701.0,32.4,594.0,51.8,366.0,25.2,650.0,11.1,801.0,17.0,801.0,84.5,,13.3,801.0,60.9,,30.2,QS,,,,,,,,,,,,Ranked
546.0,547.0,University of Windsor,Canada,Americas,L,CO,VH,Public,5.1,701.0,7.1,701.0,2.7,801.0,58.2,299.0,89.4,228.0,94.6,132.0,95.0,110.0,49.5,,34.4,497.0,68.7,,30.2,QS,,,,,,,,,,,,Ranked
549.0,573.0,Florida State University,United States,Americas,XL,FC,VH,Public,32.7,375.0,24.0,562.0,11.4,801.0,34.1,536.0,16.4,772.0,9.0,801.0,14.7,801.0,74.5,,34.8,493.0,62.5,449.0,30.1,QS,,,,,,,,,,,,Ranked
550.0,535.0,Northumbria University at Newcastle,United Kingdom,Europe,L,CO,VH,Public,16.6,701.0,19.1,681.0,18.2,801.0,30.6,580.0,64.5,360.0,63.6,313.0,67.1,289.0,81.5,,20.0,725.0,77.8,,30.0,QS,,,,,,,,,,,,Ranked
551.0,596.0,Thammasat University,Thailand,Asia,XL,FC,HI,Public,36.7,329.0,38.3,365.0,27.2,694.0,3.9,801.0,15.9,779.0,2.2,801.0,6.9,801.0,45.7,,90.6,100.0,60.7,,29.9,QS,,,,,,,,,,,,Ranked
551.0,,Universiti Tenaga Nasional (UNITEN),Malaysia,Asia,S,SP,VH,Private for Profit,9.5,701.0,19.9,660.0,76.6,187.0,34.1,535.0,34.7,537.0,70.5,274.0,65.6,299.0,55.7,,5.3,801.0,48.7,,29.9,QS,,,,,,,,,,,,Ranked
553.0,539.0,Hitotsubashi University,Japan,Asia,M,SP,VH,Public,19.7,627.0,78.1,112.0,42.2,473.0,4.0,801.0,31.3,573.0,33.5,553.0,36.1,533.0,11.7,,57.5,290.0,32.2,801.0,29.8,QS,,,,,,,,,,,,Ranked
553.0,506.0,University of Delaware,United States,Americas,L,CO,VH,Public,12.5,701.0,9.4,701.0,9.6,801.0,64.1,255.0,48.2,447.0,22.5,695.0,28.6,632.0,68.5,,28.7,581.0,72.9,,29.8,QS,,,,,,,,,,,,Ranked
555.0,535.0,Lahore University of Management Sciences (LUMS),Pakistan,Asia,S,CO,VH,Private not for Profit,21.4,578.0,77.3,114.0,28.8,660.0,16.5,775.0,10.8,801.0,3.1,801.0,7.3,801.0,26.2,,48.4,358.0,45.0,801.0,29.7,QS,,,,,,,,,,,,Ranked
556.0,477.0,Indian Institute of Technology Indore,India,Asia,S,FO,VH,Public,8.0,701.0,16.9,701.0,28.8,658.0,96.9,57.0,1.8,801.0,1.3,801.0,5.7,801.0,28.2,,5.3,801.0,34.7,801.0,29.6,QS,,,,,,,,,,,,Ranked
556.0,,University of Houston,United States,Americas,XL,CO,VH,Public,18.7,656.0,24.9,541.0,8.1,801.0,30.2,585.0,48.0,448.0,43.9,459.0,32.8,579.0,74.1,,67.3,230.0,57.1,558.0,29.6,QS,,,,,,,,,,,,Ranked
558.0,552.0,Al Ain University,United Arab Emirates,Asia,S,FO,VH,Private not for Profit,25.6,494.0,20.8,631.0,20.8,801.0,17.0,764.0,100.0,1.0,100.0,20.0,74.4,238.0,37.1,,7.3,801.0,42.9,801.0,29.5,QS,,,,,,,,,,,,Ranked
558.0,526.0,Coventry University,United Kingdom,Europe,L,CO,VH,Public,16.0,701.0,18.5,697.0,21.8,798.0,14.8,801.0,85.1,258.0,99.5,62.0,99.5,51.0,84.3,,18.4,752.0,71.2,,29.5,QS,,,,,,,,,,,,Ranked
558.0,580.0,Jawaharlal Nehru University,India,Asia,M,CO,VH,Public,39.8,303.0,17.4,701.0,16.7,801.0,37.6,497.0,,,1.7,801.0,6.0,801.0,56.9,,20.6,716.0,59.3,,29.5,QS,,,,,,,,,,,,Ranked
558.0,576.0,Sogang University,South Korea,Asia,M,CO,VH,Private not for Profit,27.3,459.0,51.9,235.0,61.3,290.0,8.9,801.0,9.5,801.0,35.3,537.0,39.2,505.0,16.2,,23.4,665.0,49.8,,29.5,QS,,,,,,,,,,,,Ranked
558.0,587.0,University of Kwazulu-Natal,South Africa,Africa,XL,FC,VH,Public,17.9,682.0,14.4,701.0,6.9,801.0,44.5,420.0,29.1,591.0,2.1,801.0,6.7,801.0,95.9,,79.4,163.0,63.0,,29.5,QS,,,,,,,,,,,,Ranked
563.0,,Ajou University,South Korea,Asia,M,FC,VH,Private not for Profit,19.8,623.0,22.1,600.0,70.2,230.0,34.3,530.0,13.3,801.0,58.0,355.0,58.4,350.0,18.1,,5.3,801.0,53.3,,29.4,QS,,,,,,,,,,,,Ranked
563.0,,American University of the Middle East,Kuwait,Asia,M,SP,HI,Private for Profit,25.9,487.0,34.7,416.0,28.9,652.0,8.9,801.0,100.0,7.0,36.9,528.0,38.6,512.0,67.2,,6.1,801.0,47.2,,29.4,QS,,,,,,,,,,,,Ranked
563.0,574.0,University of Debrecen,Hungary,Europe,L,FC,HI,Public,27.3,458.0,21.5,613.0,45.9,426.0,7.4,801.0,14.4,801.0,76.5,248.0,78.7,220.0,74.9,,25.9,625.0,70.4,,29.4,QS,,,,,,,,,,,,Ranked
566.0,474.0,Bangor University,United Kingdom,Europe,M,FC,VH,Public,12.8,701.0,10.5,701.0,18.9,801.0,44.4,422.0,38.1,515.0,77.4,239.0,79.5,210.0,74.7,,16.9,787.0,78.0,,29.3,QS,,,,,,,,,,,,Ranked
566.0,531.0,Indian Institute of Technology BHU Varanasi (IIT BHU Varanasi),India,Asia,M,FO,VH,Public,9.3,701.0,19.4,670.0,5.2,801.0,98.0,47.0,2.5,801.0,1.2,801.0,5.6,801.0,30.5,,10.3,801.0,48.3,,29.3,QS,,,,,,,,,,,,Ranked
566.0,,Renmin (People’s) University of China,China,Asia,L,FO,VH,Public,29.7,416.0,50.0,255.0,21.3,801.0,16.6,771.0,8.9,801.0,9.1,801.0,7.0,801.0,26.0,,83.6,142.0,44.5,801.0,29.3,QS,,,,,,,,,,,,Ranked
566.0,,Savitribai Phule Pune University,India,Asia,M,CO,VH,Public,11.1,701.0,20.3,647.0,47.1,420.0,63.8,257.0,,,3.3,801.0,7.5,801.0,54.7,,30.4,547.0,43.0,801.0,29.3,QS,,,,,,,,,,,,Ranked
566.0,,University of Minho,Portugal,Europe,L,FC,VH,Public,22.2,564.0,17.1,701.0,28.3,676.0,38.6,485.0,21.3,694.0,26.0,645.0,32.0,589.0,83.6,,15.7,801.0,67.7,,29.3,QS,,,,,,,,,,,,Ranked
571.0,501.0,Colorado School of Mines,United States,Americas,M,FO,VH,Public,11.3,701.0,22.5,588.0,18.8,801.0,69.9,216.0,28.7,599.0,11.2,801.0,17.1,801.0,30.9,,29.4,558.0,54.7,,29.2,QS,,,,,,,,,,,,Ranked
571.0,,Hacettepe University,Turkey,Asia,L,FC,VH,Public,33.0,371.0,50.5,251.0,18.5,801.0,11.8,801.0,3.9,801.0,6.1,801.0,10.9,801.0,73.5,,30.8,536.0,58.3,,29.2,QS,,,,,,,,,,,,Ranked
571.0,489.0,Isfahan University of Technology,Iran,Asia,M,FO,VH,,7.8,701.0,22.6,586.0,6.4,801.0,97.7,50.0,2.2,801.0,3.9,801.0,7.7,801.0,45.7,,9.6,801.0,28.0,801.0,29.2,QS,,,,,,,,,,,,Ranked
571.0,,Pontificia Universidade Católica do Rio de Janeiro (PUC - Rio),Brazil,Americas,M,CO,VH,Private not for Profit,42.5,279.0,23.5,570.0,17.2,801.0,14.6,801.0,16.1,776.0,2.6,801.0,7.1,801.0,46.1,,73.4,192.0,51.3,,29.2,QS,,,,,,,,,,,,Ranked
575.0,,Brno University of Technology,Czechia,Europe,L,FO,VH,Public,17.7,691.0,36.4,393.0,37.0,544.0,13.7,801.0,26.7,631.0,77.3,241.0,79.2,215.0,80.7,,15.7,801.0,61.3,,29.1,QS,,,,,,,,,,,,Ranked
575.0,,Chandigarh University,India,Asia,XL,FC,HI,Private not for Profit,22.4,561.0,70.0,147.0,34.2,573.0,2.8,801.0,44.5,469.0,25.1,662.0,29.4,621.0,66.3,,1.7,801.0,44.0,801.0,29.1,QS,,,,,,,,,,,,Ranked
575.0,526.0,Universität Jena,Germany,Europe,L,FC,VH,Public,23.4,540.0,10.4,701.0,100.0,21.0,12.7,801.0,,,34.1,548.0,25.5,679.0,91.1,,4.9,801.0,53.2,,29.1,QS,,,,,,,,,,,,Ranked
578.0,576.0,Universidad Adolfo Ibáñez,Chile,Americas,M,SP,VH,Private not for Profit,28.7,433.0,63.3,170.0,7.6,801.0,9.1,801.0,46.4,460.0,8.0,801.0,11.7,801.0,34.4,,60.7,267.0,40.0,801.0,29.0,QS,,,,,,,,,,,,Ranked
578.0,562.0,Universiti Teknologi Brunei,Brunei Darussalam,Asia,S,FO,VH,Public,20.2,609.0,13.1,701.0,86.5,123.0,22.7,673.0,100.0,62.0,7.7,801.0,11.5,801.0,20.7,,16.6,794.0,34.7,801.0,29.0,QS,,,,,,,,,,,,Ranked
578.0,552.0,University of Tabriz,Iran,Asia,L,CO,VH,Public,9.7,701.0,11.2,701.0,2.9,801.0,91.7,94.0,1.7,801.0,25.4,655.0,24.4,697.0,76.9,,5.1,801.0,29.6,801.0,29.0,QS,,,,,,,,,,,,Ranked
581.0,544.0,Universidad Pontificia Comillas,Spain,Europe,M,FO,VH,Private not for Profit,12.3,701.0,76.7,117.0,48.4,400.0,4.1,801.0,25.4,644.0,11.2,801.0,16.6,801.0,10.4,,87.1,125.0,49.2,,28.9,QS,,,,,,,,,,,,Ranked
582.0,574.0,Florida International University,United States,Americas,XL,FC,HI,Public,22.7,551.0,38.3,363.0,18.3,801.0,17.5,759.0,27.7,617.0,22.6,692.0,28.7,630.0,84.7,,28.0,595.0,79.0,187.0,28.8,QS,,,,,,,,,,,,Ranked
582.0,547.0,University of Iceland,Iceland,Europe,M,CO,VH,,9.6,701.0,2.0,701.0,99.6,35.0,18.0,751.0,32.4,557.0,18.1,761.0,24.2,700.0,75.5,,89.3,110.0,49.4,,28.8,QS,,,,,,,,,,,,Ranked
584.0,,Charles Darwin University,Australia,Oceania,M,FO,VH,Public,7.8,701.0,7.3,701.0,6.4,801.0,65.1,247.0,41.8,483.0,88.9,178.0,88.5,154.0,49.7,,4.8,801.0,70.7,,28.7,QS,,,,,,,,,,,,Ranked
584.0,564.0,Eotvos Lorand University,Hungary,Europe,XL,CO,VH,Public,31.6,390.0,29.7,479.0,16.6,801.0,9.3,801.0,5.7,801.0,26.1,644.0,32.2,588.0,79.8,,69.2,220.0,68.1,,28.7,QS,,,,,,,,,,,,Ranked
584.0,554.0,University of Dhaka,Bangladesh,Asia,XL,FC,HI,Public,30.5,401.0,51.3,242.0,10.5,801.0,6.9,801.0,2.2,801.0,1.4,801.0,1.3,801.0,57.8,,97.0,59.0,54.2,,28.7,QS,,,,,,,,,,,,Ranked
587.0,,American University,United States,Americas,M,CO,VH,Private not for Profit,19.8,624.0,50.2,253.0,45.1,433.0,7.6,801.0,16.7,770.0,27.0,630.0,33.1,574.0,34.6,,51.6,328.0,74.6,,28.6,QS,,,,,,,,,,,,Ranked
587.0,,National Central University,Taiwan,Asia,M,CO,VH,Public,28.9,428.0,38.7,360.0,26.4,706.0,25.6,628.0,18.5,735.0,18.4,755.0,20.4,755.0,33.9,,18.7,747.0,60.6,496.0,28.6,QS,,,,,,,,,,,,Ranked
587.0,562.0,Université Claude Bernard Lyon 1,France,Europe,XL,FC,VH,Public,26.1,486.0,5.9,701.0,9.6,801.0,53.0,356.0,10.1,801.0,20.5,723.0,15.5,801.0,91.7,,16.0,801.0,51.0,,28.6,QS,,,,,,,,,,,,Ranked
587.0,580.0,Université Paul Sabatier Toulouse III,France,Europe,L,FO,VH,Public,24.6,519.0,4.4,701.0,45.5,432.0,36.4,514.0,6.9,801.0,33.2,557.0,24.8,687.0,98.1,,9.3,801.0,50.4,,28.6,QS,,,,,,,,,,,,Ranked
591.0,485.0,American University of Ras Al Khaimah ( AURAK ),United Arab Emirates,Asia,S,SP,MD,Public,8.4,701.0,9.5,701.0,37.6,536.0,48.6,383.0,100.0,9.0,100.0,15.0,97.4,88.0,15.3,,4.4,801.0,25.3,801.0,28.5,QS,,,,,,,,,,,,Ranked
591.0,587.0,Bond University,Australia,Oceania,S,FO,VH,Private not for Profit,5.9,701.0,8.3,701.0,52.1,362.0,53.8,346.0,63.5,366.0,90.4,164.0,91.2,139.0,24.6,,11.6,801.0,23.5,801.0,28.5,QS,,,,,,,,,,,,Ranked
591.0,,Illinois Institute of Technology,United States,Americas,M,CO,VH,Private not for Profit,16.9,701.0,23.3,575.0,15.8,801.0,47.5,396.0,18.7,734.0,99.7,48.0,99.7,38.0,27.3,,22.5,683.0,32.5,801.0,28.5,QS,,,,,,,,,,,,Ranked
591.0,497.0,National Research Nuclear University MEPhI (Moscow Engineering Physics Institute),Russia,Europe,M,FO,VH,Public,10.3,701.0,20.9,627.0,99.3,40.0,11.2,801.0,60.6,387.0,93.3,142.0,93.8,118.0,30.2,,17.6,769.0,23.0,801.0,28.5,QS,,,,,,,,,,,,Ranked
595.0,,Universidade Federal de Minas Gerais,Brazil,Americas,XL,FC,VH,Public,45.4,257.0,16.9,701.0,21.1,801.0,11.8,801.0,9.0,801.0,2.5,801.0,7.0,801.0,67.6,,50.9,335.0,48.2,,28.4,QS,,,,,,,,,,,,Ranked
595.0,,Zayed University,United Arab Emirates,Asia,M,SP,VH,Public,19.8,625.0,31.7,452.0,34.7,567.0,21.8,688.0,100.0,17.0,2.8,801.0,7.1,801.0,48.5,,29.3,561.0,41.1,801.0,28.4,QS,,,,,,,,,,,,Ranked
597.0,,Asia Pacific University of Technology and Innovation (APU) Malaysia,Malaysia,Asia,S,SP,HI,Private for Profit,17.3,701.0,23.7,565.0,74.2,204.0,2.9,801.0,95.6,169.0,100.0,16.0,100.0,10.0,14.1,,5.3,801.0,39.0,801.0,28.3,QS,,,,,,,,,,,,Ranked
597.0,554.0,Hasselt University,Belgium,Europe,M,FC,HI,Public,8.8,701.0,5.2,701.0,85.7,128.0,22.8,671.0,78.5,306.0,41.1,483.0,46.4,448.0,69.8,,6.6,801.0,62.7,,28.3,QS,,,,,,,,,,,,Ranked
597.0,580.0,Management and Science University - MSU Malaysia,Malaysia,Asia,S,FO,VH,Private for Profit,25.1,509.0,20.9,629.0,55.3,340.0,3.2,801.0,99.6,107.0,100.0,23.0,99.7,40.0,10.8,,5.3,801.0,36.8,801.0,28.3,QS,,,,,,,,,,,,Ranked
597.0,,Taipei Medical University,Taiwan,Asia,M,SP,VH,Private not for Profit,16.9,701.0,14.7,701.0,94.2,83.0,32.3,558.0,20.0,713.0,22.0,699.0,16.6,801.0,24.7,,11.9,801.0,48.1,,28.3,QS,,,,,,,,,,,,Ranked
597.0,,Tulane University,United States,Americas,L,FC,HI,Private not for Profit,14.5,701.0,13.8,701.0,87.2,117.0,17.5,760.0,20.3,708.0,18.5,752.0,24.6,692.0,79.2,,46.2,375.0,51.8,,28.3,QS,,,,,,,,,,,,Ranked
597.0,570.0,University of Szeged,Hungary,Europe,L,FC,HI,Private not for Profit,26.2,484.0,22.7,583.0,41.9,482.0,8.9,801.0,15.4,801.0,56.4,368.0,60.6,336.0,75.3,,29.0,574.0,69.4,,28.3,QS,,,,,,,,,,,,Ranked
597.0,596.0,University of Texas at Dallas,United States,Americas,L,FC,VH,Public,19.3,641.0,33.7,426.0,5.5,801.0,43.0,438.0,14.4,801.0,61.1,335.0,64.9,305.0,55.3,,9.1,801.0,48.9,733.0,28.3,QS,,,,,,,,,,,,Ranked
604.0,523.0,Canadian University of Dubai,United Arab Emirates,Asia,S,FO,HI,Private for Profit,22.7,553.0,29.7,478.0,40.3,499.0,7.0,801.0,100.0,4.0,100.0,7.0,74.4,237.0,18.8,,18.1,758.0,17.6,801.0,28.2,QS,,,,,,,,,,,,Ranked
604.0,,National Chengchi University,Taiwan,Asia,L,CO,HI,Public,28.3,444.0,46.9,279.0,21.2,801.0,3.4,801.0,38.0,516.0,36.2,532.0,41.1,497.0,12.8,,93.3,84.0,41.4,801.0,28.2,QS,,,,,,,,,,,,Ranked
604.0,535.0,University of Eastern Finland,Finland,Europe,L,CO,VH,Public,18.9,649.0,10.3,701.0,45.0,435.0,35.3,520.0,39.2,507.0,12.0,801.0,17.9,797.0,84.0,,5.6,801.0,71.2,,28.2,QS,,,,,,,,,,,,Ranked
607.0,,University of Siena,Italy,Europe,M,FC,VH,Public,21.4,580.0,7.8,701.0,15.3,801.0,60.2,288.0,4.6,801.0,19.7,734.0,25.8,673.0,61.2,,12.3,801.0,63.4,,28.0,QS,,,,,,,,,,,,Ranked
607.0,481.0,University of Tennessee,United States,Americas,XL,FC,VH,Public,14.3,701.0,11.7,701.0,12.9,801.0,69.3,220.0,6.9,801.0,4.6,801.0,9.8,801.0,68.6,,25.2,636.0,54.8,,28.0,QS,,,,,,,,,,,,Ranked
609.0,592.0,Nottingham Trent University,United Kingdom,Europe,XL,CO,VH,Public,16.4,701.0,22.9,580.0,15.5,801.0,10.7,801.0,67.1,349.0,90.4,165.0,91.2,140.0,84.8,,20.4,717.0,77.5,,27.9,QS,,,,,,,,,,,,Ranked
609.0,559.0,Peter the Great St.Petersburg Polytechnic University,Russia,Europe,L,CO,VH,Public,18.0,679.0,17.8,701.0,79.8,169.0,4.9,801.0,18.9,730.0,89.8,167.0,90.7,142.0,70.4,,11.1,801.0,51.6,,27.9,QS,,,,,,,,,,,,Ranked
609.0,,Universiti Malaysia Pahang Al-Sultan Abdullah (UMPSA),Malaysia,Asia,M,FO,VH,Public,17.2,701.0,9.9,701.0,23.6,760.0,57.9,300.0,32.1,561.0,19.0,746.0,21.1,747.0,61.6,,5.2,801.0,51.4,,27.9,QS,,,,,,,,,,,,Ranked
609.0,559.0,University of Ulster,United Kingdom,Europe,L,CO,VH,Public,12.6,701.0,19.8,664.0,11.4,801.0,19.0,731.0,100.0,94.0,90.1,166.0,90.9,141.0,71.5,,10.1,801.0,75.6,227.0,27.9,QS,,,,,,,,,,,,Ranked
613.0,539.0,Applied Science University - Bahrain,Bahrain,Asia,S,FO,VH,Private not for Profit,26.6,473.0,29.4,485.0,51.6,367.0,4.5,801.0,100.0,14.0,62.3,324.0,46.5,447.0,12.3,,11.9,801.0,23.9,801.0,27.8,QS,,,,,,,,,,,,Ranked
613.0,,City University of New York,United States,Americas,XL,FC,VH,Public,25.3,505.0,59.4,195.0,14.3,801.0,6.4,801.0,8.4,801.0,8.3,801.0,6.4,801.0,92.9,,31.3,532.0,55.4,,27.8,QS,,,,,,,,,,,,Ranked
613.0,,International Islamic University Malaysia (IIUM),Malaysia,Asia,L,FC,HI,Public,36.0,337.0,27.3,503.0,17.9,801.0,6.2,801.0,29.1,592.0,69.0,282.0,51.4,401.0,58.6,,32.3,523.0,32.0,801.0,27.8,QS,,,,,,,,,,,,Ranked
613.0,,Universidad de Concepción,Chile,Americas,L,FC,HI,Private not for Profit,36.8,325.0,34.0,422.0,20.2,801.0,12.3,801.0,14.5,801.0,2.6,801.0,6.9,801.0,64.1,,16.9,786.0,69.5,,27.8,QS,,,,,,,,,,,,Ranked
613.0,,University of Plymouth,United Kingdom,Europe,L,FC,HI,Public,13.8,701.0,14.2,701.0,15.4,801.0,36.7,508.0,61.3,,61.4,332.0,65.1,303.0,82.1,,13.8,801.0,58.6,,27.8,QS,,,,,,,,,,,,Ranked
618.0,,Christian-Albrechts-Universität zu Kiel,Germany,Europe,L,FC,VH,Public,24.4,522.0,14.6,701.0,56.7,325.0,20.9,700.0,,,15.1,801.0,11.5,801.0,92.4,,24.5,648.0,59.2,,27.7,QS,,,,,,,,,,,,Ranked
618.0,,Dongguk University,South Korea,Asia,L,FC,HI,Private not for Profit,12.8,701.0,18.0,701.0,76.3,189.0,29.9,589.0,22.9,676.0,52.3,395.0,56.8,360.0,36.2,,6.7,801.0,56.5,,27.7,QS,,,,,,,,,,,,Ranked
618.0,,Saint Joseph University of Beirut (USJ),Lebanon,Asia,M,FC,HI,Private not for Profit,13.4,701.0,38.2,366.0,62.3,285.0,4.2,801.0,94.3,186.0,40.7,485.0,46.1,453.0,30.2,,40.8,431.0,35.0,801.0,27.7,QS,,,,,,,,,,,,Ranked
618.0,511.0,Zhengzhou University,China,Asia,XL,FC,VH,Public,7.1,701.0,23.8,564.0,7.0,801.0,82.7,137.0,,,4.1,801.0,3.3,801.0,62.3,,11.4,801.0,42.3,801.0,27.7,QS,,,,,,,,,,,,Ranked
622.0,559.0,Umm Al-Qura University,Saudi Arabia,Asia,XL,FC,HI,Public,23.6,537.0,15.4,701.0,61.3,291.0,4.9,801.0,100.0,95.0,26.1,643.0,19.6,770.0,71.3,,11.5,801.0,36.8,801.0,27.6,QS,,,,,,,,,,,,Ranked
622.0,,University of New Brunswick,Canada,Americas,M,CO,VH,Public,7.1,701.0,17.9,701.0,22.2,786.0,41.1,458.0,67.5,346.0,65.1,308.0,68.5,282.0,51.1,,24.7,646.0,62.7,,27.6,QS,,,,,,,,,,,,Ranked
624.0,,Diponegoro University,Indonesia,Asia,XL,FC,HI,Public,30.0,405.0,53.2,229.0,30.5,622.0,2.3,801.0,46.4,461.0,7.1,801.0,12.0,801.0,35.5,,24.2,655.0,51.0,,27.5,QS,,,,,,,,,,,,Ranked
624.0,,Oregon State University,United States,Americas,L,CO,VH,Public,19.7,626.0,11.9,701.0,20.4,801.0,44.4,423.0,17.3,761.0,11.9,801.0,9.1,801.0,80.3,,28.8,579.0,64.1,,27.5,QS,,,,,,,,,,,,Ranked
624.0,,Universidad del Pais Vasco,Spain,Europe,XL,CO,VH,Public,28.6,435.0,10.8,701.0,38.4,530.0,27.8,608.0,3.0,801.0,6.3,801.0,4.9,801.0,90.1,,31.2,533.0,51.5,,27.5,QS,,,,,,,,,,,,Ranked
624.0,413.0,Yeshiva University,United States,Americas,M,FC,MD,Private not for Profit,3.8,701.0,4.6,701.0,62.7,282.0,72.8,191.0,36.4,527.0,27.7,618.0,30.0,615.0,15.3,,4.9,801.0,36.4,801.0,27.5,QS,,,,,,,,,,,,Ranked
628.0,,Istanbul University,Turkey,Asia,XL,FC,HI,Public,33.3,368.0,43.0,313.0,4.5,801.0,5.1,801.0,7.0,801.0,20.6,720.0,26.8,660.0,70.5,,78.8,166.0,37.5,801.0,27.4,QS,,,,,,,,,,,,Ranked
628.0,,Kazakh National Pedagogical University Abai,Kazakhstan,Asia,L,CO,MD,Public,31.7,387.0,34.9,409.0,71.2,217.0,1.3,801.0,55.4,409.0,13.5,801.0,15.7,801.0,9.0,,16.6,792.0,35.6,801.0,27.4,QS,,,,,,,,,,,,Ranked
628.0,527.0,Missouri University of Science and Technology,United States,Americas,M,CO,VH,Public,4.9,701.0,10.5,701.0,8.6,801.0,87.7,112.0,26.9,627.0,32.5,563.0,35.3,547.0,41.7,,8.8,801.0,34.0,801.0,27.4,QS,,,,,,,,,,,,Ranked
628.0,,National Chung Hsing University,Taiwan,Asia,L,CO,VH,Public,28.6,436.0,30.9,463.0,29.4,642.0,22.5,677.0,12.3,801.0,14.0,801.0,19.0,781.0,34.5,,42.2,416.0,56.3,,27.4,QS,,,,,,,,,,,,Ranked
628.0,,Universidade de Santiago de Compostela,Spain,Europe,L,CO,VH,Public,33.9,359.0,16.0,701.0,17.5,801.0,27.6,612.0,3.0,801.0,11.8,801.0,17.7,801.0,77.3,,20.0,728.0,62.4,,27.4,QS,,,,,,,,,,,,Ranked
628.0,,University of Crete,Greece,Europe,L,FC,HI,Public,19.3,639.0,17.8,701.0,3.9,801.0,69.6,219.0,2.7,801.0,7.2,801.0,12.0,801.0,61.9,,4.5,801.0,40.6,801.0,27.4,QS,,,,,,,,,,,,Ranked
628.0,,University of South Carolina,United States,Americas,L,FC,VH,Public,17.7,693.0,21.9,605.0,13.5,801.0,37.1,502.0,54.6,414.0,5.9,801.0,10.0,801.0,68.0,,28.0,593.0,68.9,,27.4,QS,,,,,,,,,,,,Ranked
635.0,,Tallinn University of Technology,Estonia,Europe,M,FO,VH,Public,16.2,701.0,18.6,694.0,33.5,581.0,23.5,665.0,53.2,425.0,26.8,635.0,32.8,578.0,81.2,,50.5,341.0,43.0,801.0,27.2,QS,,,,,,,,,,,,Ranked
635.0,,Universität des Saarlandes,Germany,Europe,L,FC,VH,Public,14.0,701.0,10.1,701.0,96.3,65.0,12.1,801.0,6.3,801.0,62.3,325.0,46.4,449.0,70.4,,41.8,419.0,31.9,801.0,27.2,QS,,,,,,,,,,,,Ranked
635.0,,University of Portsmouth,United Kingdom,Europe,L,CO,VH,Public,10.9,701.0,13.1,701.0,12.0,801.0,27.8,607.0,80.1,297.0,90.7,160.0,91.4,135.0,81.5,,13.5,801.0,62.6,448.0,27.2,QS,,,,,,,,,,,,Ranked
638.0,,"Lincoln University College, Malaysia",Malaysia,Asia,S,CO,HI,Private for Profit,11.1,701.0,26.0,521.0,95.6,69.0,1.8,801.0,100.0,75.0,100.0,26.0,99.2,55.0,5.2,,5.3,801.0,12.5,801.0,27.1,QS,,,,,,,,,,,,Ranked
638.0,576.0,Southern Cross University,Australia,Oceania,M,CO,VH,Public,6.0,701.0,4.3,701.0,3.9,801.0,55.5,322.0,92.7,203.0,62.6,322.0,66.2,296.0,61.1,,6.2,801.0,65.9,,27.1,QS,,,,,,,,,,,,Ranked
638.0,544.0,Universidad de Zaragoza,Spain,Europe,L,FC,VH,Public,29.7,413.0,9.9,701.0,54.6,346.0,15.6,792.0,2.3,801.0,10.2,801.0,16.0,801.0,89.2,,14.8,801.0,69.7,319.0,27.1,QS,,,,,,,,,,,,Ranked
638.0,570.0,"University of Chemistry and Technology, Prague",Czechia,Europe,S,FO,VH,Public,8.2,701.0,12.2,701.0,99.5,38.0,19.2,727.0,33.7,547.0,85.4,194.0,86.7,164.0,32.0,,9.4,801.0,43.4,801.0,27.1,QS,,,,,,,,,,,,Ranked
642.0,539.0,University of Fribourg,Switzerland,Europe,M,CO,VH,Public,13.6,701.0,5.5,701.0,14.1,801.0,27.3,615.0,99.9,98.0,52.5,392.0,51.2,405.0,60.4,,49.6,349.0,66.8,367.0,27.0,QS,,,,,,,,,,,,Ranked
643.0,,Abo Akademi University,Finland,Europe,M,CO,VH,Public,9.5,701.0,7.9,701.0,22.1,789.0,53.9,341.0,60.7,386.0,43.6,462.0,32.6,582.0,59.8,,13.5,801.0,45.2,801.0,26.9,QS,,,,,,,,,,,,Ranked
643.0,,Inha University,South Korea,Asia,L,FC,VH,Private not for Profit,17.5,699.0,19.9,659.0,74.7,198.0,23.8,661.0,17.7,752.0,25.7,650.0,29.4,622.0,28.1,,17.1,779.0,64.7,,26.9,QS,,,,,,,,,,,,Ranked
643.0,,Libera Universita' di Bolzano,Italy,Europe,S,FO,VH,Public,7.8,701.0,3.1,701.0,20.6,801.0,62.4,267.0,66.1,355.0,56.3,370.0,60.5,338.0,51.9,,4.0,801.0,37.4,801.0,26.9,QS,,,,,,,,,,,,Ranked
643.0,,Manchester Metropolitan University,United Kingdom,Europe,XL,CO,VH,Public,18.8,654.0,16.4,701.0,11.4,801.0,16.8,766.0,63.1,369.0,61.4,331.0,65.2,302.0,89.0,,19.2,741.0,78.0,,26.9,QS,,,,,,,,,,,,Ranked
643.0,,University of Manitoba,Canada,Americas,L,FC,VH,Public,19.2,643.0,20.0,657.0,31.8,604.0,22.6,675.0,,,68.4,287.0,71.5,257.0,70.0,,39.5,442.0,55.7,,26.9,QS,,,,,,,,,,,,Ranked
648.0,,King Faisal University,Saudi Arabia,Asia,L,FC,HI,Public,25.3,506.0,29.8,476.0,24.5,743.0,6.3,801.0,99.4,121.0,11.0,801.0,14.9,801.0,66.0,,14.9,801.0,54.3,,26.8,QS,,,,,,,,,,,,Ranked
648.0,,"University of Tromso, The Arctic University of Norway",Norway,Europe,L,FC,VH,Public,15.5,701.0,7.9,701.0,82.5,154.0,12.0,801.0,75.9,313.0,12.9,801.0,9.8,801.0,80.8,,9.3,801.0,51.4,,26.8,QS,,,,,,,,,,,,Ranked
650.0,567.0,MGIMO University,Russia,Europe,M,CO,HI,Public,10.7,701.0,38.7,359.0,100.0,18.0,1.7,801.0,15.4,799.0,57.2,361.0,61.3,329.0,6.7,,69.8,212.0,21.7,801.0,26.7,QS,,,,,,,,,,,,Ranked
650.0,,Paris Lodron University of Salzburg,Austria,Europe,M,CO,VH,Public,13.3,701.0,4.8,701.0,38.7,524.0,11.6,801.0,98.4,137.0,98.1,86.0,98.2,74.0,59.1,,23.7,661.0,62.2,,26.7,QS,,,,,,,,,,,,Ranked
650.0,,Universidad de la República (UdelaR),Uruguay,Americas,XL,FC,HI,Public,40.0,302.0,20.4,645.0,18.2,801.0,2.3,801.0,10.7,801.0,4.1,801.0,3.3,801.0,63.2,,90.6,99.0,43.3,801.0,26.7,QS,,,,,,,,,,,,Ranked
650.0,,University of Brescia,Italy,Europe,M,FO,VH,Public,7.3,701.0,4.1,701.0,8.7,801.0,85.0,124.0,2.0,801.0,8.5,801.0,14.2,801.0,58.8,,11.6,801.0,63.9,,26.7,QS,,,,,,,,,,,,Ranked
654.0,,China University of Mining and Technology,China,Asia,L,FO,VH,Public,4.3,701.0,6.4,701.0,25.5,727.0,87.2,114.0,,,,,,,55.5,,16.3,801.0,39.2,801.0,26.6,QS,,,,,,,,,,,,Ranked
654.0,,De La Salle University,Philippines,Asia,L,CO,HI,Private not for Profit,32.7,374.0,58.6,197.0,9.6,801.0,6.8,801.0,2.8,801.0,3.5,801.0,7.8,801.0,27.3,,60.7,266.0,44.1,801.0,26.6,QS,,,,,,,,,,,,Ranked
654.0,,Konkuk University,South Korea,Asia,L,FC,VH,Private not for Profit,11.6,701.0,12.8,701.0,61.3,292.0,34.1,537.0,16.2,774.0,43.9,458.0,49.1,424.0,52.5,,14.7,801.0,61.8,,26.6,QS,,,,,,,,,,,,Ranked
654.0,,Université de Lille,France,Europe,XL,FC,VH,Public,33.9,358.0,10.6,701.0,6.1,801.0,27.0,616.0,21.0,698.0,25.4,657.0,19.1,778.0,94.2,,6.9,801.0,54.3,,26.6,QS,,,,,,,,,,,,Ranked
654.0,,"University of Agriculture, Faisalabad",Pakistan,Asia,XL,CO,VH,Public,7.3,701.0,14.6,701.0,2.2,801.0,83.4,133.0,2.6,801.0,1.2,801.0,5.6,801.0,75.3,,3.1,801.0,48.4,,26.6,QS,,,,,,,,,,,,Ranked
654.0,,University of South Florida,United States,Americas,XL,CO,VH,Public,17.4,701.0,20.4,646.0,13.8,801.0,36.7,507.0,14.3,801.0,41.4,480.0,46.7,444.0,81.9,,13.5,801.0,66.4,,26.6,QS,,,,,,,,,,,,Ranked
660.0,,Bar-Ilan University,Israel,Asia,L,FC,VH,Public,11.0,701.0,14.3,701.0,10.4,801.0,59.4,293.0,54.4,416.0,4.9,801.0,3.9,801.0,53.2,,33.1,511.0,41.7,801.0,26.5,QS,,,,,,,,,,,,Ranked
660.0,,Ca' Foscari University of Venice,Italy,Europe,M,CO,VH,Public,27.1,462.0,21.7,609.0,10.1,801.0,20.7,703.0,44.0,471.0,18.6,749.0,24.7,688.0,68.2,,20.0,729.0,74.0,,26.5,QS,,,,,,,,,,,,Ranked
660.0,,"Kingston University, London",United Kingdom,Europe,L,CO,HI,Public,20.7,598.0,24.6,547.0,7.2,801.0,12.7,801.0,77.3,309.0,95.8,115.0,96.1,98.0,52.0,,16.4,801.0,49.5,,26.5,QS,,,,,,,,,,,,Ranked
660.0,,Memorial University of Newfoundland,Canada,Americas,L,FC,VH,Public,10.7,701.0,10.5,701.0,15.7,801.0,43.7,431.0,30.7,581.0,78.5,230.0,80.6,200.0,73.6,,17.4,773.0,53.3,,26.5,QS,,,,,,,,,,,,Ranked
664.0,,COMSATS University Islamabad,Pakistan,Asia,XL,CO,VH,Public,17.0,701.0,35.8,403.0,17.0,801.0,36.8,506.0,1.4,801.0,1.6,801.0,6.0,801.0,87.3,,8.3,801.0,62.7,,26.4,QS,,,,,,,,,,,,Ranked
664.0,,Indian Institute of Technology Hyderabad (IITH),India,Asia,S,CO,VH,Public,10.3,701.0,15.0,701.0,20.2,801.0,84.0,130.0,1.3,801.0,1.9,801.0,6.2,801.0,18.0,,6.5,801.0,42.3,801.0,26.4,QS,,,,,,,,,,,,Ranked
664.0,,University of Mumbai,India,Asia,M,FC,VH,Public,11.3,701.0,31.5,454.0,4.7,801.0,53.7,348.0,3.0,801.0,4.3,801.0,8.5,801.0,27.6,,91.0,95.0,41.3,801.0,26.4,QS,,,,,,,,,,,,Ranked
664.0,,University of Oklahoma,United States,Americas,L,FC,VH,Public,14.3,701.0,18.6,695.0,19.8,801.0,41.5,455.0,27.8,611.0,9.8,801.0,7.5,801.0,72.3,,35.2,488.0,60.5,,26.4,QS,,,,,,,,,,,,Ranked
668.0,,Birla Institute of Technology and Science,India,Asia,L,CO,VH,Private not for Profit,18.0,678.0,32.6,441.0,12.4,801.0,39.3,480.0,2.9,801.0,4.0,801.0,7.9,801.0,41.8,,55.0,302.0,58.8,,26.3,QS,,,,,,,,,,,,Ranked
668.0,,Chang Gung University,Taiwan,Asia,M,FO,VH,Private not for Profit,9.3,701.0,6.6,701.0,74.6,200.0,58.2,298.0,7.9,801.0,9.5,801.0,13.2,801.0,25.5,,2.1,801.0,48.8,,26.3,QS,,,,,,,,,,,,Ranked
668.0,,Karl-Franzens-Universität Graz,Austria,Europe,L,FO,VH,Public,26.8,469.0,13.1,701.0,18.9,801.0,13.6,801.0,53.4,424.0,38.6,511.0,28.9,628.0,70.3,,44.0,403.0,52.7,,26.3,QS,,,,,,,,,,,,Ranked
668.0,,Lehigh University,United States,Americas,M,CO,VH,Private not for Profit,7.2,701.0,12.4,701.0,30.5,625.0,37.1,501.0,68.9,339.0,40.0,490.0,45.4,459.0,44.9,,45.4,385.0,61.5,,26.3,QS,,,,,,,,,,,,Ranked
668.0,,Palacký University in Olomouc,Czechia,Europe,L,FO,VH,Public,21.5,576.0,19.8,665.0,36.5,550.0,14.7,801.0,40.1,499.0,28.5,606.0,34.5,555.0,85.8,,9.0,801.0,67.5,,26.3,QS,,,,,,,,,,,,Ranked
673.0,,East China University of Science and Technology,China,Asia,XL,CO,VH,Public,9.1,701.0,10.3,701.0,15.4,801.0,82.5,140.0,3.3,801.0,2.5,801.0,2.1,801.0,43.5,,12.5,801.0,40.2,801.0,26.2,QS,,,,,,,,,,,,Ranked
673.0,,Stevens Institute of Technology,United States,Americas,M,FO,VH,Private not for Profit,4.0,701.0,10.0,701.0,8.4,801.0,60.9,282.0,54.1,418.0,98.7,79.0,98.2,73.0,21.7,,13.5,801.0,46.7,,26.2,QS,,,,,,,,,,,,Ranked
673.0,,Technische Universität Dortmund,Germany,Europe,L,FO,VH,Public,18.5,661.0,35.5,406.0,42.7,466.0,11.1,801.0,32.3,559.0,36.7,529.0,27.5,646.0,76.5,,12.5,801.0,43.0,801.0,26.2,QS,,,,,,,,,,,,Ranked
676.0,,Beirut Arab University,Lebanon,Asia,S,FC,HI,Private not for Profit,20.0,614.0,22.2,597.0,28.8,661.0,7.6,801.0,94.8,180.0,61.1,334.0,56.5,362.0,29.6,,44.1,401.0,42.1,801.0,26.1,QS,,,,,,,,,,,,Ranked
676.0,,Jadavpur University,India,Asia,M,FO,VH,Public,23.2,544.0,10.5,701.0,13.7,801.0,55.8,319.0,,,1.1,801.0,5.5,801.0,44.0,,19.5,733.0,61.4,470.0,26.1,QS,,,,,,,,,,,,Ranked
678.0,,American University in Dubai,United Arab Emirates,Asia,S,FO,HI,Private for Profit,14.4,701.0,38.3,364.0,26.2,714.0,3.8,801.0,100.0,2.0,100.0,11.0,100.0,6.0,4.3,,45.6,383.0,25.4,801.0,26.0,QS,,,,,,,,,,,,Ranked
678.0,,University of Haifa,Israel,Asia,L,CO,VH,Public,17.4,701.0,13.0,701.0,15.8,801.0,44.8,417.0,17.8,751.0,6.7,801.0,5.2,801.0,69.6,,29.6,554.0,67.4,360.0,26.0,QS,,,,,,,,,,,,Ranked
680.0,,HUFS - Hankuk (Korea) University of Foreign Studies,South Korea,Asia,L,CO,HI,Private not for Profit,17.6,696.0,25.5,531.0,85.2,133.0,2.5,801.0,40.1,498.0,70.5,275.0,73.3,246.0,14.1,,3.6,801.0,51.5,,25.9,QS,,,,,,,,,,,,Ranked
680.0,,Nanjing University of Aeronautics and Astronautics,China,Asia,L,FO,VH,Public,6.3,701.0,10.9,701.0,26.4,707.0,79.7,158.0,7.2,801.0,8.8,801.0,6.8,801.0,46.2,,1.3,801.0,37.0,801.0,25.9,QS,,,,,,,,,,,,Ranked
680.0,,Ritsumeikan University,Japan,Asia,XL,CO,HI,Private not for Profit,25.7,493.0,61.5,187.0,10.3,801.0,5.0,801.0,36.5,525.0,17.8,766.0,23.9,704.0,41.1,,4.8,801.0,64.4,,25.9,QS,,,,,,,,,,,,Ranked
680.0,,University of Brawijaya,Indonesia,Asia,XL,FC,HI,Public,30.1,404.0,55.3,218.0,20.4,801.0,1.9,801.0,35.9,531.0,2.7,801.0,6.9,801.0,27.3,,29.1,567.0,53.3,,25.9,QS,,,,,,,,,,,,Ranked
684.0,,Comenius University Bratislava,Slovakia,Europe,L,FC,HI,Public,16.8,701.0,14.7,701.0,61.3,293.0,6.9,801.0,8.4,801.0,39.0,504.0,44.5,469.0,68.8,,87.0,126.0,43.7,801.0,25.8,QS,,,,,,,,,,,,Ranked
684.0,,Ton Duc Thang University,Vietnam,Asia,L,CO,VH,Public,6.1,701.0,13.3,701.0,8.6,801.0,74.8,180.0,7.7,801.0,2.0,801.0,6.3,801.0,88.1,,6.8,801.0,43.9,801.0,25.8,QS,,,,,,,,,,,,Ranked
686.0,,China University of Petroleum,China,Asia,L,CO,VH,Public,3.1,701.0,6.8,701.0,10.7,801.0,94.5,77.0,7.2,801.0,5.2,801.0,4.1,801.0,26.4,,26.2,621.0,35.3,801.0,25.7,QS,,,,,,,,,,,,Ranked
686.0,,Cyprus University of Technology,Cyprus,Asia,S,CO,VH,Public,8.1,701.0,4.9,701.0,49.3,389.0,39.8,472.0,68.1,343.0,42.0,474.0,43.4,478.0,46.6,,11.3,801.0,49.6,,25.7,QS,,,,,,,,,,,,Ranked
688.0,,Baku State University,Azerbaijan,Asia,L,CO,HI,Public,22.0,566.0,20.1,654.0,94.0,85.0,1.9,801.0,13.4,801.0,7.0,801.0,11.2,801.0,22.1,,64.1,243.0,43.3,801.0,25.6,QS,,,,,,,,,,,,Ranked
688.0,576.0,Tomsk Polytechnic University,Russia,Europe,M,FO,VH,Public,9.4,701.0,15.4,701.0,96.0,67.0,7.0,801.0,14.8,801.0,88.8,179.0,83.9,178.0,60.4,,2.0,801.0,47.7,,25.6,QS,,,,,,,,,,,,Ranked
688.0,,Université Côte d’Azur,France,Europe,XL,FC,VH,Public,21.6,573.0,8.2,701.0,9.1,801.0,27.7,609.0,36.5,526.0,51.0,402.0,55.6,367.0,83.3,,13.6,801.0,69.2,,25.6,QS,,,,,,,,,,,,Ranked
691.0,,Eastern Mediterranean University,Northern Cyprus,Asia,L,FC,HI,Public,9.2,701.0,4.5,701.0,5.6,801.0,31.3,571.0,77.1,311.0,100.0,19.0,100.0,13.0,51.3,,53.6,315.0,45.4,801.0,25.4,QS,,,,,,,,,,,,Ranked
691.0,,Universidade Federal do Rio Grande Do Sul,Brazil,Americas,XL,FC,VH,Public,36.8,327.0,9.2,701.0,20.0,801.0,15.7,788.0,3.8,801.0,2.4,801.0,7.0,801.0,80.5,,32.3,525.0,63.9,,25.4,QS,,,,,,,,,,,,Ranked
691.0,,Universität Regensburg,Germany,Europe,L,FO,VH,Public,16.0,701.0,11.9,701.0,77.3,181.0,13.3,801.0,39.4,505.0,17.7,768.0,23.9,708.0,71.0,,27.7,600.0,38.7,801.0,25.4,QS,,,,,,,,,,,,Ranked
691.0,,"Vellore Institute of Technology (VIT), Vellore, India",India,Asia,XL,CO,VH,Private not for Profit,20.5,601.0,26.0,519.0,11.6,801.0,34.3,531.0,5.0,801.0,5.3,801.0,10.1,801.0,81.2,,15.8,801.0,65.2,,25.4,QS,,,,,,,,,,,,Ranked
695.0,,Rensselaer Polytechnic Institute,United States,Americas,M,CO,VH,Private not for Profit,10.2,701.0,17.9,701.0,28.7,662.0,54.7,330.0,,,34.4,547.0,25.7,675.0,25.8,,41.3,423.0,38.7,801.0,25.3,QS,,,,,,,,,,,,Ranked
696.0,,Symbiosis International (Deemed University),India,Asia,L,CO,VH,Private not for Profit,9.2,701.0,94.7,51.0,26.5,704.0,3.3,801.0,23.3,673.0,16.1,796.0,20.4,757.0,29.4,,8.9,801.0,45.6,801.0,25.2,QS,,,,,,,,,,,,Ranked
696.0,,TUHH Hamburg University of Technology,Germany,Europe,M,SP,VH,,11.2,701.0,14.6,701.0,84.8,136.0,10.0,801.0,35.7,533.0,93.4,139.0,93.9,115.0,47.8,,1.4,801.0,30.0,801.0,25.2,QS,,,,,,,,,,,,Ranked
697.0,,Ankara Üniversitesi,Turkey,Asia,XL,FC,HI,Public,30.6,400.0,30.4,468.0,12.8,801.0,4.6,801.0,2.8,801.0,9.7,801.0,15.4,801.0,74.0,,61.2,262.0,61.0,,25.1,QS,,,,,,,,,,,,Ranked
697.0,,Beijing University of Chemical Technology,China,Asia,L,CO,VH,Public,6.1,701.0,7.2,701.0,28.6,668.0,81.5,149.0,3.2,801.0,2.5,801.0,7.1,801.0,36.6,,2.8,801.0,40.5,801.0,25.1,QS,,,,,,,,,,,,Ranked
697.0,,Kazakh National Agrarian University,Kazakhstan,Asia,M,SP,MD,Public,22.8,550.0,27.7,499.0,92.6,91.0,1.4,801.0,26.2,634.0,39.2,499.0,35.2,550.0,7.7,,4.3,801.0,38.7,801.0,25.1,QS,,,,,,,,,,,,Ranked
697.0,,Tokyo Medical and Dental University,Japan,Asia,S,FO,VH,Public,15.7,701.0,9.5,701.0,100.0,13.0,29.1,595.0,3.1,801.0,22.6,693.0,24.3,698.0,23.3,,1.8,801.0,37.5,801.0,25.1,QS,,,,,,,,,,,,Ranked
697.0,,Universidad de Alcalá,Spain,Europe,L,FC,VH,Public,13.8,701.0,10.2,701.0,72.5,212.0,10.8,801.0,11.8,801.0,50.9,403.0,55.6,369.0,79.4,,11.8,801.0,72.1,,25.1,QS,,,,,,,,,,,,Ranked
697.0,,University of Klagenfurt,Austria,Europe,S,CO,VH,Public,7.2,701.0,5.8,701.0,57.4,318.0,16.4,777.0,98.2,138.0,94.8,127.0,95.2,108.0,43.9,,13.6,801.0,36.3,801.0,25.1,QS,,,,,,,,,,,,Ranked
697.0,,"University of Missouri, Columbia",United States,Americas,L,FC,VH,Public,17.2,701.0,15.7,701.0,38.5,526.0,23.5,664.0,29.7,588.0,6.4,801.0,5.0,801.0,71.8,,48.0,361.0,50.9,,25.1,QS,,,,,,,,,,,,Ranked
,,Jeonbuk National University (formerly known as Chonbuk National University),South Korea,Asia,L,FC,VH,Public,19.9,618.0,14.2,701.0,73.7,207.0,21.4,693.0,12.5,801.0,16.5,789.0,20.4,756.0,34.0,,3.5,801.0,64.6,,,QS,,,,,,,,,,,,Ranking Not Available
,,Kasetsart University,Thailand,Asia,XL,CO,VH,Public,37.4,320.0,37.1,383.0,10.3,801.0,4.6,801.0,7.7,801.0,1.7,801.0,6.2,801.0,46.2,,31.2,534.0,60.8,,,QS,,,,,,,,,,,,Ranking Not Available
,,"Lingnan University, Hong Kong",Hong Kong,Asia,S,CO,VH,Public,16.0,701.0,12.5,701.0,19.3,801.0,22.3,681.0,100.0,38.0,99.6,55.0,93.1,126.0,10.6,,5.0,801.0,47.0,,,QS,,,,,,,,,,,,Ranking Not Available
,565.0,Nanjing University of Science and Technology,China,Asia,L,FO,VH,Public,7.0,701.0,8.5,701.0,14.6,801.0,86.1,117.0,,,,,,,38.2,,6.4,801.0,39.4,801.0,,QS,,,,,,,,,,,,Ranking Not Available
,,Shiraz University,Iran,Asia,L,CO,VH,Public,10.2,701.0,10.9,701.0,6.0,801.0,68.3,228.0,1.2,801.0,4.3,801.0,8.0,801.0,68.1,,23.4,664.0,45.7,801.0,,QS,,,,,,,,,,,,Ranking Not Available
,,Universidad Panamericana (UP),Mexico,Americas,L,FO,HI,Private not for Profit,15.9,701.0,34.4,419.0,81.2,162.0,1.7,801.0,24.5,655.0,5.0,801.0,4.0,801.0,14.3,,73.5,191.0,36.2,801.0,,QS,,,,,,,,,,,,Ranking Not Available
,,University of Central Florida,United States,Americas,XL,FC,VH,Public,18.6,659.0,37.1,384.0,4.1,801.0,33.0,553.0,13.2,801.0,7.7,801.0,6.0,801.0,73.7,,17.4,775.0,45.9,801.0,,QS,,,,,,,,,,,,Ranking Not Available
,,University of Zagreb,Croatia,Europe,XL,FC,VH,Public,23.2,545.0,12.8,701.0,26.8,700.0,8.1,801.0,1.9,801.0,5.1,801.0,10.0,801.0,92.1,,98.4,34.0,60.9,,,QS,,,,,,,,,,,,Ranking Not Available
,,Asia University Taiwan,Taiwan,Asia,M,CO,VH,Private for Profit,9.0,701.0,2.8,701.0,5.1,801.0,79.9,156.0,14.5,801.0,6.0,801.0,10.2,801.0,64.2,,2.1,801.0,36.6,801.0,,QS,,,,,,,,,,,,Ranking Not Available
,,Budapest University of Technology and Economics,Hungary,Europe,L,FO,VH,Public,20.8,595.0,37.5,375.0,18.6,801.0,15.3,800.0,4.6,801.0,22.7,691.0,28.8,629.0,60.0,,37.8,460.0,57.9,545.0,,QS,,,,,,,,,,,,Ranking Not Available
,,Drexel University,United States,Americas,L,FC,VH,Private not for Profit,8.9,701.0,11.2,701.0,30.2,630.0,36.9,503.0,31.3,572.0,37.4,521.0,43.0,483.0,68.8,,35.3,487.0,48.7,,,QS,,,,,,,,,,,,Ranking Not Available
,,"Goldsmiths, University of London",United Kingdom,Europe,M,FO,VH,Public,18.3,668.0,7.5,701.0,20.8,801.0,17.0,765.0,89.1,230.0,97.8,93.0,97.9,82.0,22.7,,25.2,637.0,43.0,801.0,,QS,,,,,,,,,,,,Ranking Not Available
,,ISCTE - Instituto Universitario de Lisboa,Portugal,Europe,L,FO,VH,Public,8.6,701.0,19.0,687.0,3.2,801.0,42.4,448.0,27.1,623.0,55.8,375.0,60.0,342.0,49.8,,40.3,435.0,56.7,,,QS,,,,,,,,,,,,Ranking Not Available
,595.0,ITMO University,Russia,Europe,L,FO,VH,Public,12.7,701.0,17.4,701.0,92.6,89.0,11.0,801.0,27.2,621.0,44.5,453.0,49.7,418.0,60.1,,3.9,801.0,26.6,801.0,,QS,,,,,,,,,,,,Ranking Not Available
,,Technische Universität Braunschweig,Germany,Europe,L,CO,VH,Public,14.4,701.0,21.9,604.0,69.9,232.0,9.7,801.0,,,50.9,405.0,38.0,515.0,66.1,,19.3,738.0,47.4,,,QS,,,,,,,,,,,,Ranking Not Available
,,Toronto Metropolitan University (formerly Ryerson University),Canada,Americas,XL,CO,VH,Public,12.5,701.0,19.4,673.0,2.3,801.0,41.0,459.0,46.5,458.0,19.6,736.0,25.7,676.0,60.9,,20.1,723.0,66.0,,,QS,,,,,,,,,,,,Ranking Not Available
,,Universität Hohenheim,Germany,Europe,M,SP,VH,Public,9.1,701.0,11.1,701.0,19.6,801.0,45.4,409.0,31.8,565.0,38.4,512.0,28.7,631.0,74.1,,7.7,801.0,55.0,604.0,,QS,,,,,,,,,,,,Ranking Not Available
,,Université de Rennes 1,France,Europe,L,FO,VH,Public,21.3,581.0,11.0,701.0,15.6,801.0,36.7,510.0,15.9,781.0,19.0,745.0,14.4,801.0,86.9,,9.8,801.0,49.4,,,QS,,,,,,,,,,,,Ranking Not Available
,,University of Nebraska - Lincoln,United States,Americas,L,CO,VH,Public,14.3,701.0,11.5,701.0,23.8,756.0,37.7,495.0,27.1,622.0,12.1,801.0,18.1,794.0,79.6,,17.5,771.0,63.8,,,QS,,,,,,,,,,,,Ranking Not Available
,,National University of Science and Technology MISiS,Russia,Europe,M,FO,VH,Public,7.2,701.0,15.5,701.0,76.8,186.0,21.0,698.0,10.7,801.0,67.4,294.0,70.2,268.0,43.7,,25.1,638.0,37.5,801.0,,QS,,,,,,,,,,,,Ranking Not Available
,,National University of Uzbekistan,Uzbekistan,Asia,L,CO,HI,Public,29.7,412.0,38.9,355.0,7.5,801.0,1.9,801.0,92.9,200.0,6.8,801.0,10.4,801.0,21.3,,30.4,545.0,43.5,801.0,,QS,,,,,,,,,,,,Ranking Not Available
,,Pakistan Institute of Engineering and Applied Sciences (PIEAS),Pakistan,Asia,S,SP,HI,Public,7.4,701.0,15.1,701.0,62.8,281.0,66.0,241.0,,,,,,,19.0,,3.8,801.0,10.4,801.0,,QS,,,,,,,,,,,,Ranking Not Available
,,Prince Sattam Bin Abdulaziz University,Saudi Arabia,Asia,L,FO,VH,Public,6.4,701.0,3.1,701.0,69.3,237.0,19.6,720.0,99.6,109.0,15.5,801.0,18.4,789.0,93.6,,3.0,801.0,36.3,801.0,,QS,,,,,,,,,,,,Ranking Not Available
,,Taras Shevchenko National University of Kyiv,Ukraine,Europe,L,CO,VH,Public,21.9,567.0,50.1,254.0,30.7,619.0,3.9,801.0,1.7,801.0,3.7,801.0,8.2,801.0,37.6,,72.0,200.0,37.9,801.0,,QS,,,,,,,,,,,,Ranking Not Available
,,Temple University,United States,Americas,L,FC,VH,Public,16.8,701.0,15.0,701.0,37.9,534.0,24.6,647.0,4.4,801.0,11.6,801.0,17.5,801.0,64.7,,38.7,447.0,72.1,,,QS,,,,,,,,,,,,Ranking Not Available
,,University of Cincinnati,United States,Americas,XL,FC,VH,Public,15.1,701.0,12.3,701.0,24.8,738.0,31.9,564.0,6.2,801.0,23.7,680.0,17.8,801.0,66.9,,47.9,362.0,63.2,,,QS,,,,,,,,,,,,Ranking Not Available
,,University of Patras,Greece,Europe,L,FC,VH,Public,16.8,701.0,25.7,527.0,4.2,801.0,44.3,425.0,2.3,801.0,9.2,801.0,14.3,801.0,66.2,,4.7,801.0,65.3,392.0,,QS,,,,,,,,,,,,Ranking Not Available
,,UWE Bristol (University of the West of England),United Kingdom,Europe,XL,CO,HI,Public,10.6,701.0,15.1,701.0,8.9,801.0,25.2,633.0,66.1,354.0,88.9,176.0,89.9,150.0,72.4,,4.2,801.0,53.3,,,QS,,,,,,,,,,,,Ranking Not Available
,,Auezov South Kazakhstan State University (SKSU),Kazakhstan,Asia,L,CO,MD,Public,21.2,585.0,33.9,424.0,91.6,99.0,1.1,801.0,20.1,711.0,29.3,598.0,27.9,641.0,5.0,,4.1,801.0,35.3,801.0,,QS,,,,,,,,,,,,Ranking Not Available
,,Far Eastern Federal University,Russia,Europe,L,CO,HI,Public,13.9,701.0,9.5,701.0,98.7,47.0,2.6,801.0,16.7,769.0,79.3,226.0,80.5,204.0,48.0,,7.1,801.0,37.5,801.0,,QS,,,,,,,,,,,,Ranking Not Available
,,National Institute of Technology Tiruchirappalli,India,Asia,M,FO,VH,Public,4.1,701.0,5.3,701.0,10.6,801.0,89.5,105.0,,,3.5,801.0,7.5,801.0,38.2,,8.8,801.0,37.4,801.0,,QS,,,,,,,,,,,,Ranking Not Available
,,Princess Nourah bint Abdulrahman University,Saudi Arabia,Asia,L,CO,VH,Public,18.3,666.0,24.1,561.0,28.7,664.0,7.2,801.0,83.8,264.0,31.3,575.0,35.9,537.0,74.6,,2.8,801.0,49.8,,,QS,,,,,,,,,,,,Ranking Not Available
,,SEGi University,Malaysia,Asia,M,FO,HI,Private for Profit,6.7,701.0,12.6,701.0,91.2,100.0,2.1,801.0,94.9,179.0,100.0,13.0,100.0,8.0,6.6,,9.4,801.0,30.7,801.0,,QS,,,,,,,,,,,,Ranking Not Available
,,"Sofia University ""St. Kliment Ohridski""",Bulgaria,Europe,L,CO,VH,Public,16.0,701.0,25.2,537.0,55.0,342.0,3.1,801.0,4.0,801.0,15.6,801.0,21.1,748.0,55.7,,88.6,117.0,49.4,,,QS,,,,,,,,,,,,Ranking Not Available
,,Texas Tech University,United States,Americas,XL,FC,HI,Public,14.5,701.0,26.9,509.0,10.0,801.0,18.8,739.0,63.8,364.0,17.4,777.0,23.5,714.0,70.6,,28.1,591.0,66.1,,,QS,,,,,,,,,,,,Ranking Not Available
,,Universidad Central de Venezuela - UCV,Venezuela,Americas,L,FC,MD,Public,28.9,431.0,45.3,298.0,41.5,487.0,1.4,801.0,3.3,801.0,2.0,801.0,6.3,801.0,13.3,,57.5,289.0,36.3,801.0,,QS,,,,,,,,,,,,Ranking Not Available
,,Université de Tunis El Manar,Tunisia,Africa,L,FC,VH,Public,15.8,701.0,6.2,701.0,39.9,508.0,9.2,801.0,61.9,376.0,16.7,787.0,19.9,764.0,82.5,,61.3,259.0,56.7,,,QS,,,,,,,,,,,,Ranking Not Available
,,Yildiz Technical University,Turkey,Asia,L,CO,VH,Public,13.4,701.0,43.2,310.0,5.6,801.0,26.0,624.0,9.5,801.0,27.8,617.0,33.8,566.0,55.4,,26.7,613.0,63.7,,,QS,,,,,,,,,,,,Ranking Not Available
,,Aberystwyth University,United Kingdom,Europe,M,CO,VH,Public,12.8,701.0,11.5,701.0,27.6,687.0,23.9,658.0,61.3,,42.0,475.0,45.4,457.0,63.3,,11.0,801.0,63.1,,,QS,,,,,,,,,,,,Ranking Not Available
,,Adam Mickiewicz University,Poland,Europe,L,CO,VH,Public,24.1,528.0,12.3,701.0,45.7,427.0,8.8,801.0,10.9,801.0,15.6,801.0,21.7,737.0,88.7,,15.8,801.0,63.6,431.0,,QS,,,,,,,,,,,,Ranking Not Available
,,Brandeis University,United States,Americas,M,CO,VH,Private not for Profit,12.8,701.0,9.7,701.0,50.2,381.0,25.0,638.0,33.0,554.0,83.4,201.0,62.1,322.0,24.7,,30.5,544.0,28.8,801.0,,QS,,,,,,,,,,,,Ranking Not Available
,,Kaunas University of Technology,Lithuania,Europe,M,FO,VH,Public,15.1,701.0,22.0,602.0,37.9,533.0,17.5,761.0,4.8,801.0,40.0,489.0,45.4,458.0,68.6,,29.0,570.0,58.9,,,QS,,,,,,,,,,,,Ranking Not Available
,,Plekhanov Russian University of Economics,Russia,Europe,L,FO,VH,Public,15.5,701.0,30.1,474.0,57.8,314.0,3.3,801.0,4.1,801.0,26.7,636.0,31.7,595.0,61.2,,55.2,300.0,42.4,801.0,,QS,,,,,,,,,,,,Ranking Not Available
,,Shahid Beheshti University (SBU),Iran,Asia,L,FO,VH,Public,11.8,701.0,22.5,590.0,6.0,801.0,49.4,377.0,5.2,801.0,24.7,668.0,25.1,683.0,68.0,,24.2,654.0,33.6,801.0,,QS,,,,,,,,,,,,Ranking Not Available
,,Syracuse University,United States,Americas,L,CO,VH,Private not for Profit,17.0,701.0,18.3,699.0,16.1,801.0,17.0,763.0,25.2,648.0,45.5,443.0,50.5,410.0,56.7,,58.0,285.0,60.9,,,QS,,,,,,,,,,,,Ranking Not Available
,,The Catholic University of Korea,South Korea,Asia,M,FC,VH,Private not for Profit,7.9,701.0,6.0,701.0,97.4,61.0,31.0,576.0,4.7,801.0,52.9,390.0,47.1,441.0,14.3,,1.9,801.0,44.8,801.0,,QS,,,,,,,,,,,,Ranking Not Available
,,University of Baghdad,Iraq,Asia,XL,FC,VH,Public,18.1,675.0,41.2,330.0,31.1,614.0,2.5,801.0,2.8,801.0,1.2,801.0,1.1,801.0,69.0,,85.6,134.0,43.4,801.0,,QS,,,,,,,,,,,,Ranking Not Available
,,University of Malta,Malta,Europe,M,FC,VH,Public,9.3,701.0,7.4,701.0,47.7,408.0,10.1,801.0,33.1,551.0,42.2,472.0,47.5,436.0,76.8,,98.1,40.0,38.2,801.0,,QS,,,,,,,,,,,,Ranking Not Available
,,University of Messina,Italy,Europe,L,FC,VH,Public,12.6,701.0,2.9,701.0,18.6,801.0,55.5,323.0,1.4,801.0,17.8,767.0,23.9,706.0,78.6,,1.6,801.0,61.5,,,QS,,,,,,,,,,,,Ranking Not Available
,,University of Pecs,Hungary,Europe,L,FC,HI,Public,20.1,613.0,20.1,653.0,52.3,357.0,5.0,801.0,12.8,801.0,77.3,240.0,79.5,211.0,42.4,,12.8,801.0,53.7,,,QS,,,,,,,,,,,,Ranking Not Available
,,Victoria University,Australia,Oceania,L,CO,HI,Public,9.2,701.0,10.1,701.0,3.4,801.0,48.7,381.0,23.6,667.0,74.6,256.0,77.1,225.0,48.9,,9.7,801.0,59.3,,,QS,,,,,,,,,,,,Ranking Not Available
,,Vytautas Magnus University,Lithuania,Europe,M,FO,VH,Public,14.0,701.0,19.9,658.0,44.2,447.0,5.0,801.0,46.8,455.0,70.8,270.0,73.5,244.0,62.8,,26.8,611.0,47.0,,,QS,,,,,,,,,,,,Ranking Not Available
,,Martin-Luther-Universität Halle-Wittenberg,Germany,Europe,L,FC,VH,Public,15.1,701.0,9.9,701.0,89.4,106.0,11.2,801.0,,,17.0,781.0,12.9,801.0,86.5,,6.3,801.0,47.1,,,QS,,,,,,,,,,,,Ranking Not Available
,,Université de Lorraine,France,Europe,XL,FO,VH,Public,19.2,644.0,5.0,701.0,8.6,801.0,24.7,646.0,40.5,494.0,40.0,488.0,29.9,617.0,95.6,,22.3,692.0,54.5,,,QS,,,,,,,,,,,,Ranking Not Available
,,University of New Mexico,United States,Americas,L,FC,VH,Public,14.2,701.0,16.9,701.0,57.3,320.0,20.4,705.0,11.0,801.0,7.1,801.0,5.5,801.0,83.6,,11.4,801.0,53.8,626.0,,QS,,,,,,,,,,,,Ranking Not Available
,,University of Oregon,United States,Americas,L,CO,VH,Public,23.2,543.0,22.5,592.0,14.7,801.0,25.3,632.0,10.5,801.0,5.4,801.0,4.3,801.0,53.8,,36.9,470.0,55.7,,,QS,,,,,,,,,,,,Ranking Not Available
,,University of Trieste,Italy,Europe,L,FC,VH,Public,16.1,701.0,7.8,701.0,5.5,801.0,53.8,345.0,11.6,801.0,16.8,783.0,22.9,721.0,70.8,,18.7,746.0,36.4,801.0,,QS,,,,,,,,,,,,Ranking Not Available
,,Al-Ahliyya Amman University,Jordan,Asia,M,FO,VH,Private not for Profit,17.1,701.0,21.0,625.0,15.8,801.0,6.4,801.0,93.7,196.0,100.0,29.0,98.0,79.0,32.7,,6.0,801.0,38.2,801.0,,QS,,,,,,,,,,,,Ranking Not Available
,,Babes-Bolyai University,Romania,Europe,XL,CO,VH,Public,21.9,569.0,34.9,410.0,8.7,801.0,8.0,801.0,18.9,729.0,7.1,801.0,12.6,801.0,83.9,,35.9,477.0,65.0,,,QS,,,,,,,,,,,,Ranking Not Available
,,Bangladesh University of Engineering and Technology,Bangladesh,Asia,M,SP,VH,Public,21.3,582.0,42.5,316.0,15.6,801.0,30.8,578.0,,,,,,,23.0,,29.9,551.0,30.0,801.0,,QS,,,,,,,,,,,,Ranking Not Available
,,Czech University of Life Sciences in Prague,Czechia,Europe,L,FO,VH,Public,11.6,701.0,8.7,701.0,13.7,801.0,22.3,680.0,36.0,530.0,82.5,208.0,84.1,175.0,85.4,,5.0,801.0,72.5,,,QS,,,,,,,,,,,,Ranking Not Available
,,"Government College University, Faisalabad",Pakistan,Asia,L,CO,VH,Public,4.2,701.0,7.1,701.0,7.6,801.0,72.2,197.0,1.3,801.0,1.1,801.0,5.5,801.0,77.6,,33.5,503.0,32.2,801.0,,QS,,,,,,,,,,,,Ranking Not Available
,,"Jamia Millia Islamia, New Delhi",India,Asia,M,CO,VH,Public,13.0,701.0,5.6,701.0,40.1,500.0,47.7,394.0,4.2,801.0,10.7,801.0,14.8,801.0,60.5,,6.3,801.0,49.7,,,QS,,,,,,,,,,,,Ranking Not Available
,,Khoja Akhmet Yassawi International Kazakh-Turkish University,Kazakhstan,Asia,M,FC,MD,Public,19.1,646.0,46.3,287.0,57.5,316.0,1.3,801.0,27.8,612.0,45.5,442.0,40.0,503.0,4.1,,10.7,801.0,30.1,801.0,,QS,,,,,,,,,,,,Ranking Not Available
,,Kaohsiung Medical University,Taiwan,Asia,M,FO,VH,Private for Profit,8.4,701.0,6.0,701.0,46.9,423.0,58.6,294.0,11.2,801.0,7.4,801.0,11.1,801.0,26.1,,4.1,801.0,51.7,,,QS,,,,,,,,,,,,Ranking Not Available
,,New Jersey Institute of Technology (NJIT),United States,Americas,M,FO,VH,Public,7.5,701.0,19.8,666.0,13.2,801.0,40.6,462.0,36.0,529.0,65.4,306.0,68.7,281.0,37.7,,10.4,801.0,54.2,,,QS,,,,,,,,,,,,Ranking Not Available
,,Riga Technical University,Latvia,Europe,M,CO,VH,Public,12.6,701.0,31.9,449.0,31.7,606.0,6.0,801.0,22.1,686.0,84.9,195.0,86.3,165.0,38.2,,40.5,432.0,47.6,,,QS,,,,,,,,,,,,Ranking Not Available
,,University of Belgrade,Serbia,Europe,XL,FC,VH,Public,23.6,536.0,14.0,701.0,6.5,801.0,10.1,801.0,3.6,801.0,7.4,801.0,5.8,801.0,94.5,,98.4,36.0,52.1,,,QS,,,,,,,,,,,,Ranking Not Available
,,University of Bucharest,Romania,Europe,XL,CO,VH,Public,21.1,590.0,35.9,400.0,9.0,801.0,8.3,801.0,3.5,801.0,4.8,801.0,10.0,801.0,72.3,,67.9,226.0,60.8,,,QS,,,,,,,,,,,,Ranking Not Available
,,University of Nizwa,Oman,Asia,S,CO,VH,Private not for Profit,11.0,701.0,12.8,701.0,47.5,412.0,13.0,801.0,100.0,32.0,26.2,642.0,27.0,653.0,26.1,,73.5,190.0,19.0,801.0,,QS,,,,,,,,,,,,Ranking Not Available
,,"Vietnam National University, Hanoi",Vietnam,Asia,XL,CO,HI,Public,24.3,525.0,33.0,435.0,9.2,801.0,4.3,801.0,6.6,801.0,1.3,801.0,1.3,801.0,68.3,,68.7,223.0,69.4,,,QS,,,,,,,,,,,,Ranking Not Available
,,Holy Spirit University of Kaslik,Lebanon,Asia,M,FO,HI,Private not for Profit,11.1,701.0,20.7,637.0,70.4,226.0,3.8,801.0,99.4,117.0,52.2,397.0,53.4,383.0,9.6,,7.3,801.0,38.0,801.0,,QS,,,,,,,,,,,,Ranking Not Available
,,Philipps-Universität Marburg,Germany,Europe,L,FC,VH,Public,16.3,701.0,15.1,701.0,7.4,801.0,39.6,475.0,19.0,727.0,31.9,568.0,23.9,705.0,65.9,,8.9,801.0,47.6,,,QS,,,,,,,,,,,,Ranking Not Available
,,Rovira i Virgili University,Spain,Europe,L,FC,VH,Public,9.5,701.0,4.5,701.0,19.9,801.0,48.0,388.0,9.8,801.0,28.4,610.0,34.4,559.0,82.2,,1.8,801.0,65.0,,,QS,,,,,,,,,,,,Ranking Not Available
,,Rutgers University - Newark,United States,Americas,M,CO,VH,Public,13.7,701.0,14.2,701.0,26.1,718.0,26.0,623.0,31.2,575.0,44.8,450.0,49.1,423.0,26.9,,44.6,394.0,61.2,,,QS,,,,,,,,,,,,Ranking Not Available
,,Thapar Institute of Engineering & Technology,India,Asia,M,FO,VH,Public,4.0,701.0,9.3,701.0,14.3,801.0,71.2,206.0,17.1,763.0,4.7,801.0,8.7,801.0,33.7,,11.6,801.0,58.5,,,QS,,,,,,,,,,,,Ranking Not Available
,,Universidad de Palermo,Argentina,Americas,S,FO,HI,Private not for Profit,15.8,701.0,16.0,701.0,96.0,68.0,1.1,801.0,42.0,481.0,94.3,136.0,90.0,148.0,3.6,,10.1,801.0,,,,QS,,,,,,,,,,,,Ranking Not Available
,,University of Calcutta,India,Asia,L,CO,VH,Public,19.7,628.0,11.1,701.0,7.7,801.0,33.9,538.0,31.3,574.0,1.3,801.0,5.7,801.0,57.0,,61.6,253.0,34.4,801.0,,QS,,,,,,,,,,,,Ranking Not Available
,,University of Maynooth,Ireland,Europe,L,FO,VH,Public,16.6,701.0,13.1,701.0,14.2,801.0,21.0,699.0,91.2,216.0,32.2,566.0,38.0,514.0,45.1,,16.3,801.0,52.3,,,QS,,,,,,,,,,,,Ranking Not Available
,,Alexandria University,Egypt,Africa,XL,FC,VH,Public,32.7,376.0,24.2,555.0,7.2,801.0,3.5,801.0,1.9,801.0,13.6,801.0,19.0,780.0,80.7,,33.0,514.0,56.6,,,QS,,,,,,,,,,,,Ranking Not Available
,,Carleton University,Canada,Americas,L,CO,VH,Public,15.6,701.0,16.8,701.0,7.3,801.0,18.6,743.0,17.6,756.0,56.9,364.0,42.4,489.0,74.9,,43.1,407.0,61.1,,,QS,,,,,,,,,,,,Ranking Not Available
,,Georgia State University,United States,Americas,L,FO,VH,Public,14.8,701.0,29.1,486.0,6.0,801.0,33.2,547.0,6.6,801.0,18.9,747.0,14.3,801.0,64.6,,29.0,572.0,47.3,,,QS,,,,,,,,,,,,Ranking Not Available
,,Hong Kong Metropolitan University,Hong Kong,Asia,L,FO,HI,,26.5,476.0,7.1,701.0,4.2,801.0,9.7,801.0,90.3,222.0,92.9,147.0,81.9,189.0,11.2,,29.3,563.0,36.6,801.0,,QS,,,,,,,,,,,,Ranking Not Available
,,Kuwait University,Kuwait,Asia,XL,FC,HI,Public,20.9,594.0,17.5,701.0,9.4,801.0,5.5,801.0,24.1,662.0,32.0,567.0,37.8,519.0,55.1,,97.1,56.0,58.3,,,QS,,,,,,,,,,,,Ranking Not Available
,,Technological University of Dublin,Ireland,Europe,L,CO,HI,Public,17.7,690.0,22.4,594.0,18.0,801.0,6.1,801.0,49.8,440.0,63.7,312.0,67.3,288.0,53.7,,22.6,679.0,58.7,,,QS,,,,,,,,,,,,Ranking Not Available
,,Universidad de Alicante,Spain,Europe,L,FC,VH,Public,21.1,589.0,11.5,701.0,36.0,556.0,14.2,801.0,11.5,801.0,21.4,704.0,27.5,644.0,79.3,,10.4,801.0,70.9,,,QS,,,,,,,,,,,,Ranking Not Available
,,Universidad de Antioquia,Colombia,Americas,XL,FO,VH,Public,39.7,304.0,24.1,557.0,5.9,801.0,7.1,801.0,4.9,801.0,,,,,55.7,,26.7,612.0,45.5,801.0,,QS,,,,,,,,,,,,Ranking Not Available
,,Universidad del Rosario,Colombia,Americas,M,FC,HI,Private not for Profit,23.8,531.0,32.7,439.0,35.1,563.0,4.4,801.0,9.8,801.0,5.8,801.0,4.6,801.0,31.2,,48.5,357.0,58.2,,,QS,,,,,,,,,,,,Ranking Not Available
,,"Universidade Católica Portuguesa, UCP",Portugal,Europe,M,FO,VH,Private not for Profit,16.5,701.0,31.2,459.0,14.1,801.0,12.9,801.0,17.1,767.0,58.3,353.0,62.3,320.0,33.8,,57.7,286.0,47.9,,,QS,,,,,,,,,,,,Ranking Not Available
,,University of Kentucky,United States,Americas,L,FC,VH,Public,15.0,701.0,15.0,701.0,19.2,801.0,32.1,561.0,18.2,739.0,5.7,801.0,4.5,801.0,77.3,,24.4,651.0,59.6,,,QS,,,,,,,,,,,,Ranking Not Available
,,University of Mons,Belgium,Europe,M,CO,VH,Public,7.0,701.0,8.1,701.0,5.2,801.0,53.2,349.0,40.9,491.0,47.0,432.0,50.6,409.0,43.6,,7.3,801.0,54.4,,,QS,,,,,,,,,,,,Ranking Not Available
,,V.N. Karazin Kharkiv National University,Ukraine,Europe,L,FC,HI,Public,14.3,701.0,30.2,470.0,70.5,222.0,1.9,801.0,4.4,801.0,67.8,291.0,69.0,276.0,35.2,,4.6,801.0,46.2,801.0,,QS,,,,,,,,,,,,Ranking Not Available
,,Wayne State University,United States,Americas,L,FC,VH,Public,9.0,701.0,6.8,701.0,70.3,228.0,18.0,752.0,17.9,747.0,10.5,801.0,8.1,801.0,69.8,,34.1,499.0,66.9,,,QS,,,,,,,,,,,,Ranking Not Available
,,Applied Science Private University - Jordan,Jordan,Asia,M,CO,HI,Private for Profit,16.4,701.0,27.8,497.0,30.0,631.0,7.4,801.0,36.3,528.0,82.1,212.0,79.3,214.0,44.9,,5.9,801.0,39.4,801.0,,QS,,,,,,,,,,,,Ranking Not Available
,,Beijing University of Technology,China,Asia,L,CO,VH,Public,9.0,701.0,10.8,701.0,41.9,481.0,55.4,325.0,5.3,801.0,2.7,801.0,7.5,801.0,38.4,,7.6,801.0,33.4,801.0,,QS,,,,,,,,,,,,Ranking Not Available
,,Chiba University,Japan,Asia,L,FC,VH,Public,22.5,555.0,12.5,701.0,65.8,261.0,17.8,755.0,11.3,801.0,7.9,801.0,12.1,801.0,30.2,,6.2,801.0,48.7,,,QS,,,,,,,,,,,,Ranking Not Available
,,Lanzhou University,China,Asia,XL,CO,VH,Public,9.4,701.0,5.3,701.0,43.4,460.0,47.7,393.0,3.0,801.0,2.2,801.0,1.9,801.0,69.6,,11.1,801.0,45.3,801.0,,QS,,,,,,,,,,,,Ranking Not Available
,,Norwegian University of Life Sciences (UMB),Norway,Europe,M,FO,VH,,8.2,701.0,8.2,701.0,100.0,15.0,13.4,801.0,,,,,,,77.7,,25.5,630.0,50.8,,,QS,,,,,,,,,,,,Ranking Not Available
,,Pontificia Universidad Católica de Valparaíso,Chile,Americas,L,CO,VH,Private not for Profit,36.4,332.0,29.0,487.0,6.8,801.0,13.2,801.0,15.1,801.0,2.6,801.0,2.2,801.0,43.3,,12.2,801.0,36.9,801.0,,QS,,,,,,,,,,,,Ranking Not Available
,,Universiti Tunku Abdul Rahman (UTAR),Malaysia,Asia,M,FC,HI,Private not for Profit,19.4,636.0,43.9,304.0,19.2,801.0,13.4,801.0,15.8,784.0,8.0,801.0,11.9,801.0,51.7,,5.1,801.0,57.7,548.0,,QS,,,,,,,,,,,,Ranking Not Available
,,Wake Forest University,United States,Americas,M,FC,VH,Private not for Profit,7.4,701.0,18.9,688.0,100.0,6.0,11.9,801.0,6.2,801.0,16.0,798.0,12.1,801.0,38.8,,28.3,589.0,42.2,801.0,,QS,,,,,,,,,,,,Ranking Not Available
,,AGH University of Krakow,Poland,Europe,L,CO,VH,Public,13.1,701.0,30.6,465.0,54.7,344.0,12.7,801.0,4.4,801.0,7.3,801.0,12.1,801.0,75.6,,4.0,801.0,47.4,,,QS,,,,,,,,,,,,Ranking Not Available
,,Ahlia University,Bahrain,Asia,S,SP,HI,Private not for Profit,18.1,677.0,9.9,701.0,38.4,528.0,10.3,801.0,100.0,51.0,61.7,330.0,46.0,454.0,11.1,,12.1,801.0,26.4,801.0,,QS,,,,,,,,,,,,Ranking Not Available
,,Alfaisal University,Saudi Arabia,Asia,S,FO,VH,Private not for Profit,7.9,701.0,5.9,701.0,31.7,605.0,21.8,687.0,100.0,29.0,96.7,102.0,92.4,127.0,28.1,,5.7,801.0,31.0,801.0,,QS,,,,,,,,,,,,Ranking Not Available
,,Azerbaijan State University of Economics,Azerbaijan,Asia,L,FO,HI,Public,21.2,587.0,37.2,379.0,36.7,548.0,1.5,801.0,32.0,563.0,10.7,801.0,13.9,801.0,11.7,,51.5,329.0,39.2,801.0,,QS,,,,,,,,,,,,Ranking Not Available
,,Bournemouth University,United Kingdom,Europe,L,CO,VH,Public,8.0,701.0,11.0,701.0,8.1,801.0,29.4,594.0,84.7,261.0,47.7,422.0,52.6,391.0,76.3,,7.7,801.0,43.4,801.0,,QS,,,,,,,,,,,,Ranking Not Available
,,De Montfort University,United Kingdom,Europe,L,FO,VH,Public,6.4,701.0,9.5,701.0,6.8,801.0,16.7,770.0,81.4,284.0,96.4,107.0,96.6,92.0,57.1,,10.5,801.0,64.5,,,QS,,,,,,,,,,,,Ranking Not Available
,,Donghua University,China,Asia,L,CO,VH,Public,4.5,701.0,4.4,701.0,32.4,596.0,70.6,213.0,2.0,801.0,4.2,801.0,3.4,801.0,32.1,,5.1,801.0,28.5,801.0,,QS,,,,,,,,,,,,Ranking Not Available
,,Gdansk University of Technology,Poland,Europe,L,FO,VH,Public,12.0,701.0,24.1,560.0,31.8,603.0,25.5,630.0,6.9,801.0,7.8,801.0,12.7,801.0,70.0,,4.0,801.0,64.0,,,QS,,,,,,,,,,,,Ranking Not Available
,,German Jordanian University,Jordan,Asia,S,FO,VH,Public,14.6,701.0,28.7,490.0,34.6,569.0,12.7,801.0,85.3,256.0,23.9,676.0,26.0,668.0,18.3,,11.3,801.0,22.1,801.0,,QS,,,,,,,,,,,,Ranking Not Available
,,IIT Gandhinagar,India,Asia,S,FO,VH,Public,7.0,701.0,9.1,701.0,51.9,364.0,53.2,350.0,2.7,801.0,2.2,801.0,6.4,801.0,20.1,,1.9,801.0,42.3,801.0,,QS,,,,,,,,,,,,Ranking Not Available
,,Instituto Tecnológico Autonomo de México (ITAM),Mexico,Americas,S,SP,MD,Private not for Profit,21.5,575.0,40.0,343.0,22.3,784.0,2.7,801.0,51.1,436.0,2.2,801.0,6.6,801.0,8.7,,80.0,159.0,24.6,801.0,,QS,,,,,,,,,,,,Ranking Not Available
,,Keele University,United Kingdom,Europe,M,FC,VH,Public,8.5,701.0,8.0,701.0,21.3,801.0,28.5,600.0,60.9,385.0,50.7,408.0,42.3,490.0,66.4,,10.1,801.0,39.4,801.0,,QS,,,,,,,,,,,,Ranking Not Available
,,Middlesex University,United Kingdom,Europe,L,CO,HI,Public,7.5,701.0,9.3,701.0,11.3,801.0,14.3,801.0,88.6,233.0,99.7,49.0,99.7,39.0,56.5,,24.6,647.0,40.0,801.0,,QS,,,,,,,,,,,,Ranking Not Available
,,"National Technical University of Ukraine ""Igor Sikorsky Kyiv Polytechnic Institute""",Ukraine,Europe,L,CO,VH,Public,18.4,663.0,49.0,261.0,38.5,527.0,2.1,801.0,1.3,801.0,3.0,801.0,7.3,801.0,22.7,,48.8,355.0,37.2,801.0,,QS,,,,,,,,,,,,Ranking Not Available
,,Northwest Agriculture and Forestry University,China,Asia,XL,CO,VH,Public,5.2,701.0,2.9,701.0,35.0,565.0,61.5,278.0,,,2.0,801.0,1.7,801.0,70.6,,5.1,801.0,39.0,801.0,,QS,,,,,,,,,,,,Ranking Not Available
,,Ocean University of China,China,Asia,XL,FC,VH,Public,6.3,701.0,5.8,701.0,9.6,801.0,72.1,198.0,4.0,801.0,2.6,801.0,2.2,801.0,49.8,,3.9,801.0,41.5,801.0,,QS,,,,,,,,,,,,Ranking Not Available
,,Perugia University,Italy,Europe,L,FC,VH,Public,12.0,701.0,5.2,701.0,5.0,801.0,53.0,355.0,8.8,801.0,10.0,801.0,13.9,801.0,71.5,,5.2,801.0,49.3,,,QS,,,,,,,,,,,,Ranking Not Available
,580.0,Politecnico di Bari,Italy,Europe,M,SP,VH,Public,9.8,701.0,9.0,701.0,13.1,801.0,64.7,251.0,6.3,801.0,13.1,801.0,10.0,801.0,47.6,,3.7,801.0,27.4,801.0,,QS,,,,,,,,,,,,Ranking Not Available
,,Qassim University,Saudi Arabia,Asia,L,FC,VH,Public,15.5,701.0,6.5,701.0,47.0,421.0,3.8,801.0,100.0,64.0,25.1,661.0,31.1,600.0,72.1,,3.0,801.0,52.2,,,QS,,,,,,,,,,,,Ranking Not Available
,,Soochow University,China,Asia,XL,CO,VH,Public,9.2,701.0,8.2,701.0,25.8,721.0,57.3,305.0,3.4,801.0,2.4,801.0,7.2,801.0,51.1,,24.0,657.0,35.6,801.0,,QS,,,,,,,,,,,,Ranking Not Available
,,"The New School, New York City and Paris",United States,Americas,M,FO,VH,Private not for Profit,20.4,603.0,17.9,701.0,47.6,411.0,4.6,801.0,8.2,801.0,97.9,92.0,98.0,80.0,21.1,,24.9,641.0,24.1,801.0,,QS,,,,,,,,,,,,Ranking Not Available
,,Tokyo University of Science (RIKADAI),Japan,Asia,L,FO,VH,Private not for Profit,11.5,701.0,57.5,205.0,12.1,801.0,16.3,778.0,15.1,801.0,7.2,801.0,10.7,801.0,22.6,,49.0,353.0,46.5,801.0,,QS,,,,,,,,,,,,Ranking Not Available
,,Universidad de la Habana,Cuba,Americas,L,FO,HI,Public,19.9,617.0,17.8,701.0,71.0,218.0,2.4,801.0,3.3,801.0,6.9,801.0,5.3,801.0,19.3,,86.0,131.0,32.2,801.0,,QS,,,,,,,,,,,,Ranking Not Available
,,Universidad de Montevideo,Uruguay,Americas,S,FC,MD,Private not for Profit,24.9,513.0,25.8,525.0,81.2,161.0,1.4,801.0,27.0,625.0,6.1,801.0,9.9,801.0,7.9,,13.4,801.0,11.7,801.0,,QS,,,,,,,,,,,,Ranking Not Available
,,Universidad de San Francisco de Quito,Ecuador,Americas,M,FC,HI,Private not for Profit,25.0,510.0,18.2,701.0,41.4,489.0,4.6,801.0,57.2,403.0,2.9,801.0,7.3,801.0,32.1,,12.5,801.0,54.8,,,QS,,,,,,,,,,,,Ranking Not Available
,,Universidade de Brasilia (UnB),Brazil,Americas,XL,FC,VH,Public,34.8,347.0,10.8,701.0,9.0,801.0,8.3,801.0,12.8,801.0,2.1,801.0,6.7,801.0,63.7,,36.3,476.0,66.6,,,QS,,,,,,,,,,,,Ranking Not Available
,,Universidade Federal de Santa Catarina,Brazil,Americas,L,FC,VH,Public,26.1,485.0,8.3,701.0,25.2,731.0,15.8,786.0,5.9,801.0,4.0,801.0,8.7,801.0,64.4,,23.7,659.0,65.2,,,QS,,,,,,,,,,,,Ranking Not Available
,,Universidade Federal de São Paulo (UNIFESP),Brazil,Americas,L,FC,VH,Public,14.1,701.0,8.8,701.0,97.9,59.0,10.4,801.0,6.1,801.0,2.2,801.0,6.7,801.0,49.5,,3.6,801.0,61.8,,,QS,,,,,,,,,,,,Ranking Not Available
,,Universita' degli studi di Salerno,Italy,Europe,L,FC,VH,Public,12.3,701.0,6.1,701.0,9.6,801.0,46.9,404.0,4.4,801.0,2.6,801.0,7.4,801.0,85.5,,5.4,801.0,58.4,,,QS,,,,,,,,,,,,Ranking Not Available
,,Universita' Politecnica delle Marche - UNIVPM,Italy,Europe,M,FO,VH,Public,8.0,701.0,5.2,701.0,17.1,801.0,55.3,326.0,8.6,801.0,11.6,801.0,17.5,801.0,77.4,,3.9,801.0,57.3,,,QS,,,,,,,,,,,,Ranking Not Available
,,Università degli Studi di Palermo,Italy,Europe,L,CO,VH,Public,17.8,688.0,4.8,701.0,7.1,801.0,45.0,415.0,3.3,801.0,3.8,801.0,8.8,801.0,84.0,,6.4,801.0,44.3,801.0,,QS,,,,,,,,,,,,Ranking Not Available
,,Universität Duisburg-Essen,Germany,Europe,XL,FC,VH,Public,16.1,701.0,8.1,701.0,21.9,794.0,15.3,799.0,33.0,555.0,52.7,391.0,57.2,357.0,90.5,,16.9,788.0,44.9,801.0,,QS,,,,,,,,,,,,Ranking Not Available
,,Universiti Malaysia Terengganu (UMT),Malaysia,Asia,M,CO,VH,Public,16.7,701.0,8.2,701.0,18.6,801.0,28.9,596.0,23.6,668.0,30.3,588.0,31.7,592.0,58.9,,5.0,801.0,58.2,,,QS,,,,,,,,,,,,Ranking Not Available
,,University of Bari,Italy,Europe,XL,FO,VH,Public,16.8,701.0,5.3,701.0,7.4,801.0,43.1,437.0,6.9,801.0,4.0,801.0,9.1,801.0,80.7,,12.2,801.0,56.3,,,QS,,,,,,,,,,,,Ranking Not Available
,,University of Brighton,United Kingdom,Europe,L,FO,VH,Public,9.6,701.0,9.7,701.0,12.4,801.0,24.9,642.0,64.9,359.0,68.1,289.0,71.2,260.0,73.1,,11.5,801.0,39.1,801.0,,QS,,,,,,,,,,,,Ranking Not Available
,,University of Engineering & Technology (UET) Lahore,Pakistan,Asia,L,SP,VH,Public,11.1,701.0,49.1,260.0,20.4,801.0,15.1,801.0,,,2.3,801.0,6.5,801.0,56.5,,54.1,310.0,40.7,801.0,,QS,,,,,,,,,,,,Ranking Not Available
,,University of Greenwich,United Kingdom,Europe,L,CO,HI,Public,6.2,701.0,7.0,701.0,5.2,801.0,15.2,801.0,94.0,193.0,99.6,54.0,99.6,43.0,75.8,,19.7,731.0,44.9,801.0,,QS,,,,,,,,,,,,Ranking Not Available
,,University of Hyderabad,India,Asia,M,FC,VH,Public,17.7,692.0,4.6,701.0,20.7,801.0,54.5,335.0,,,2.6,801.0,6.9,801.0,34.0,,3.4,801.0,42.1,801.0,,QS,,,,,,,,,,,,Ranking Not Available
,,University of Latvia,Latvia,Europe,M,FC,VH,Public,14.5,701.0,22.8,581.0,10.0,801.0,10.4,801.0,16.1,775.0,10.0,801.0,15.8,801.0,66.6,,92.0,89.0,56.0,,,QS,,,,,,,,,,,,Ranking Not Available
,,University of Lincoln,United Kingdom,Europe,L,CO,VH,Public,8.0,701.0,9.3,701.0,13.0,801.0,14.6,801.0,84.8,259.0,73.7,260.0,75.2,234.0,73.7,,6.0,801.0,63.8,,,QS,,,,,,,,,,,,Ranking Not Available
,,"University of Maryland, Baltimore",United States,Americas,M,FC,VH,Public,7.6,701.0,2.3,701.0,100.0,3.0,22.5,678.0,22.1,687.0,10.2,801.0,7.9,801.0,45.7,,2.3,801.0,41.3,801.0,,QS,,,,,,,,,,,,Ranking Not Available
,,"University of Maryland, Baltimore County",United States,Americas,L,FC,HI,Public,13.6,701.0,8.2,701.0,18.9,801.0,20.0,710.0,72.9,325.0,50.8,406.0,55.5,371.0,45.4,,10.3,801.0,66.0,,,QS,,,,,,,,,,,,Ranking Not Available
,,University of Modena and Reggio Emilia,Italy,Europe,L,FC,VH,Public,12.3,701.0,7.6,701.0,4.6,801.0,56.7,310.0,4.8,801.0,7.5,801.0,13.1,801.0,55.1,,20.3,719.0,54.4,,,QS,,,,,,,,,,,,Ranking Not Available
,,University of Namur,Belgium,Europe,M,FO,VH,,6.4,701.0,8.8,701.0,5.8,801.0,44.4,421.0,37.2,521.0,59.3,345.0,62.7,316.0,47.5,,10.3,801.0,53.4,,,QS,,,,,,,,,,,,Ranking Not Available
,,University of Ulsan,South Korea,Asia,L,FC,VH,Private not for Profit,6.0,701.0,3.8,701.0,60.2,300.0,50.1,374.0,2.7,801.0,3.6,801.0,7.9,801.0,29.1,,6.4,801.0,44.2,801.0,,QS,,,,,,,,,,,,Ranking Not Available
,,University of Westminster,United Kingdom,Europe,L,CO,HI,Public,12.3,701.0,11.4,701.0,7.1,801.0,9.0,801.0,85.2,257.0,99.2,65.0,99.2,54.0,37.6,,34.2,498.0,40.3,801.0,,QS,,,,,,,,,,,,Ranking Not Available
,,University of Wroclaw,Poland,Europe,L,CO,VH,Public,20.6,599.0,22.0,603.0,45.0,436.0,6.9,801.0,7.2,801.0,15.6,801.0,21.7,736.0,63.2,,18.5,749.0,45.3,801.0,,QS,,,,,,,,,,,,Ranking Not Available
,,Vietnam National University - Ho Chi Minh City (VNU-HCM),Vietnam,Asia,XL,CO,VH,Public,29.1,426.0,44.7,300.0,7.1,801.0,3.9,801.0,7.3,801.0,1.2,801.0,5.7,801.0,46.8,,34.4,495.0,45.1,801.0,,QS,,,,,,,,,,,,Ranking Not Available
,,Zurich University of Applied Sciences (ZHAW),Switzerland,Europe,M,CO,VH,,7.2,701.0,12.5,701.0,81.1,164.0,5.0,801.0,73.9,319.0,25.1,659.0,31.2,597.0,43.1,,7.4,801.0,55.1,,,QS,,,,,,,,,,,,Ranking Not Available
,,Addis Ababa University,Ethiopia,Africa,XL,FO,VH,,7.8,701.0,12.1,701.0,65.3,267.0,2.5,801.0,,,,,,,63.8,,96.9,62.0,41.7,801.0,,QS,,,,,,,,,,,,Ranking Not Available
,,Altai State University,Russia,Europe,M,CO,VH,Public,12.9,701.0,7.0,701.0,90.7,101.0,1.9,801.0,8.6,801.0,71.3,266.0,68.1,283.0,18.3,,2.0,801.0,46.2,801.0,,QS,,,,,,,,,,,,Ranking Not Available
,,Auburn University,United States,Americas,XL,CO,VH,Public,11.6,701.0,17.6,701.0,10.7,801.0,24.3,650.0,58.1,397.0,10.1,801.0,16.0,801.0,57.2,,29.6,553.0,50.1,,,QS,,,,,,,,,,,,Ranking Not Available
,,Australian Catholic University,Australia,Oceania,L,CO,HI,Public,12.0,701.0,11.8,701.0,8.0,801.0,19.4,724.0,86.4,251.0,61.7,329.0,65.4,301.0,35.6,,1.7,801.0,49.3,,,QS,,,,,,,,,,,,Ranking Not Available
,,Azerbaijan State Oil and Industry University,Azerbaijan,Asia,L,FO,HI,Public,13.1,701.0,19.0,685.0,73.3,208.0,1.5,801.0,46.8,456.0,9.7,801.0,13.9,801.0,8.5,,45.0,391.0,31.0,801.0,,QS,,,,,,,,,,,,Ranking Not Available
,,Azerbaijan Technical University,Azerbaijan,Asia,M,SP,MD,,19.1,645.0,25.5,532.0,82.2,157.0,1.4,801.0,13.9,801.0,13.4,801.0,16.5,801.0,4.2,,11.6,801.0,27.9,801.0,,QS,,,,,,,,,,,,Ranking Not Available
,,Beijing Jiaotong University,China,Asia,L,FO,VH,Public,12.3,701.0,16.8,701.0,31.4,609.0,34.4,529.0,4.9,801.0,17.0,780.0,12.9,801.0,46.1,,13.5,801.0,30.8,801.0,,QS,,,,,,,,,,,,Ranking Not Available
,,Belarusian National Technical University,Belarus,Europe,L,SP,LO,Public,16.6,701.0,41.3,329.0,64.6,273.0,1.0,801.0,2.6,801.0,66.9,299.0,62.0,323.0,3.2,,7.5,801.0,,,,QS,,,,,,,,,,,,Ranking Not Available
,,BINUS UNIVERSITY (Bina Nusantara University),Indonesia,Asia,L,CO,VH,Private for Profit,20.1,611.0,33.3,432.0,28.5,670.0,4.3,801.0,51.5,429.0,8.7,801.0,13.5,801.0,14.4,,20.6,714.0,41.1,801.0,,QS,,,,,,,,,,,,Ranking Not Available
,,Catania University,Italy,Europe,L,FC,VH,Public,17.5,701.0,6.2,701.0,8.7,801.0,35.9,517.0,15.4,798.0,8.2,801.0,12.6,801.0,74.4,,9.4,801.0,46.3,801.0,,QS,,,,,,,,,,,,Ranking Not Available
,,China University of Geosciences,China,Asia,L,FO,VH,Public,6.6,701.0,5.6,701.0,60.4,299.0,40.1,469.0,1.8,801.0,4.5,801.0,3.6,801.0,60.0,,1.3,801.0,43.3,801.0,,QS,,,,,,,,,,,,Ranking Not Available
,,Chungnam National University,South Korea,Asia,L,FC,VH,Public,11.7,701.0,10.6,701.0,54.7,343.0,21.0,697.0,8.4,801.0,20.0,729.0,25.1,681.0,40.8,,6.7,801.0,59.9,,,QS,,,,,,,,,,,,Ranking Not Available
,,Dhofar University,Oman,Asia,S,FO,VH,Private not for Profit,10.0,701.0,9.5,701.0,12.1,801.0,19.6,719.0,100.0,21.0,11.1,801.0,13.8,801.0,35.1,,70.3,208.0,18.7,801.0,,QS,,,,,,,,,,,,Ranking Not Available
,,Edinburgh Napier University,United Kingdom,Europe,L,CO,HI,Public,7.9,701.0,5.5,701.0,6.1,801.0,21.9,686.0,89.5,227.0,84.7,196.0,86.1,167.0,59.4,,8.6,801.0,40.1,801.0,,QS,,,,,,,,,,,,Ranking Not Available
,,Effat University,Saudi Arabia,Asia,S,FO,VH,Private not for Profit,4.9,701.0,5.4,701.0,25.3,728.0,22.7,674.0,100.0,20.0,98.9,73.0,91.3,138.0,18.8,,3.4,801.0,26.1,801.0,,QS,,,,,,,,,,,,Ranking Not Available
,,European University of Lefke (EUL),Northern Cyprus,Asia,M,FO,HI,Public,6.7,701.0,14.4,701.0,10.0,801.0,11.5,801.0,100.0,66.0,100.0,2.0,100.0,26.0,13.7,,55.0,303.0,18.7,801.0,,QS,,,,,,,,,,,,Ranking Not Available
,,I.M. Sechenov First Moscow State Medical University,Russia,Europe,L,SP,VH,Public,5.0,701.0,10.3,701.0,63.9,277.0,10.4,801.0,12.2,801.0,74.0,259.0,75.8,231.0,84.3,,2.0,801.0,24.3,801.0,,QS,,,,,,,,,,,,Ranking Not Available
,,Imam Muhammad Ibn Saud Islamic University - IMSIU,Saudi Arabia,Asia,XL,FC,HI,Public,16.7,701.0,11.9,701.0,27.1,696.0,2.4,801.0,91.9,210.0,18.5,753.0,24.6,693.0,56.8,,35.6,483.0,34.8,801.0,,QS,,,,,,,,,,,,Ranking Not Available
,,Instituto Politécnico Nacional (IPN),Mexico,Americas,XL,FO,VH,Public,26.6,474.0,33.9,423.0,17.0,801.0,3.1,801.0,6.7,801.0,2.1,801.0,6.6,801.0,47.4,,12.7,801.0,56.3,,,QS,,,,,,,,,,,,Ranking Not Available
,,Jiangnan University,China,Asia,L,FC,VH,Public,5.8,701.0,4.7,701.0,15.6,801.0,65.0,248.0,,,,,,,58.3,,1.2,801.0,30.0,801.0,,QS,,,,,,,,,,,,Ranking Not Available
,,Liverpool John Moores University,United Kingdom,Europe,L,CO,VH,Public,13.5,701.0,12.0,701.0,9.6,801.0,20.4,707.0,53.8,420.0,21.2,707.0,27.3,648.0,89.7,,11.5,801.0,53.9,,,QS,,,,,,,,,,,,Ranking Not Available
,,Louisiana State University,United States,Americas,XL,CO,VH,Public,14.1,701.0,12.9,701.0,9.6,801.0,23.8,659.0,22.4,682.0,6.9,801.0,12.5,801.0,63.4,,36.8,471.0,75.4,,,QS,,,,,,,,,,,,Ranking Not Available
,,Manipal Academy of Higher Education - Manipal University (MAHE),India,Asia,L,FC,VH,Private not for Profit,14.7,701.0,11.8,701.0,50.3,379.0,9.7,801.0,2.9,801.0,17.4,775.0,20.7,752.0,73.7,,13.7,801.0,65.0,,,QS,,,,,,,,,,,,Ranking Not Available
,,Mendel University in Brno,Czechia,Europe,M,FO,VH,Public,9.8,701.0,8.3,701.0,68.8,239.0,8.3,801.0,14.3,801.0,38.8,507.0,41.5,495.0,74.1,,4.8,801.0,49.4,,,QS,,,,,,,,,,,,Ranking Not Available
,,Multimedia University (MMU),Malaysia,Asia,M,FO,VH,Private for Profit,18.9,651.0,27.0,508.0,17.3,801.0,9.2,801.0,53.6,422.0,56.8,365.0,60.8,334.0,26.9,,5.1,801.0,39.1,801.0,,QS,,,,,,,,,,,,Ranking Not Available
,,Nantes University,France,Europe,XL,CO,VH,Public,14.8,701.0,5.9,701.0,12.3,801.0,30.6,582.0,20.2,709.0,25.0,665.0,31.0,603.0,88.1,,4.6,801.0,48.3,,,QS,,,,,,,,,,,,Ranking Not Available
,,O. P. Jindal Global University (JGU),India,Asia,M,SP,VH,Private not for Profit,15.9,701.0,29.7,481.0,66.8,257.0,3.2,801.0,34.3,543.0,2.1,801.0,6.5,801.0,23.3,,3.5,801.0,46.7,,,QS,,,,,,,,,,,,Ranking Not Available
,,Oklahoma State University,United States,Americas,L,FC,HI,Public,10.6,701.0,12.8,701.0,12.2,801.0,21.3,694.0,65.0,358.0,12.0,801.0,17.9,799.0,71.4,,30.6,543.0,50.5,695.0,,QS,,,,,,,,,,,,Ranking Not Available
,,Prince of Songkla University,Thailand,Asia,XL,FC,HI,Public,32.4,380.0,13.5,701.0,20.4,801.0,6.9,801.0,7.4,801.0,2.7,801.0,7.2,801.0,55.4,,5.6,801.0,60.9,,,QS,,,,,,,,,,,,Ranking Not Available
,,Tokyo University of Agriculture and Technology,Japan,Asia,M,FO,VH,Public,15.6,701.0,11.2,701.0,18.7,801.0,40.3,464.0,11.6,801.0,11.3,801.0,15.3,801.0,42.4,,1.7,801.0,33.2,801.0,,QS,,,,,,,,,,,,Ranking Not Available
,,Universidad Anahuac,Mexico,Americas,L,CO,MD,Private not for Profit,18.0,681.0,29.7,480.0,60.9,295.0,1.4,801.0,6.2,801.0,5.2,801.0,9.5,801.0,3.7,,68.7,221.0,25.3,801.0,,QS,,,,,,,,,,,,Ranking Not Available
,,Universidad Nacional de Córdoba,Argentina,Americas,XL,FC,HI,Public,39.0,308.0,23.3,576.0,8.0,801.0,2.3,801.0,1.6,801.0,2.2,801.0,1.9,801.0,41.3,,20.0,726.0,39.1,801.0,,QS,,,,,,,,,,,,Ranking Not Available
,,Universidade de Vigo,Spain,Europe,L,CO,VH,Public,14.0,701.0,9.1,701.0,15.4,801.0,32.5,555.0,4.5,801.0,11.4,801.0,8.7,801.0,81.5,,5.1,801.0,72.7,279.0,,QS,,,,,,,,,,,,Ranking Not Available
,,Universita' degli Studi della Tuscia,Italy,Europe,M,FO,VH,Public,4.0,701.0,1.8,701.0,8.4,801.0,67.2,234.0,19.3,722.0,28.5,607.0,32.8,580.0,40.5,,2.0,801.0,36.7,801.0,,QS,,,,,,,,,,,,Ranking Not Available
,,Universität Düsseldorf,Germany,Europe,L,FC,VH,Public,16.2,701.0,11.4,701.0,60.4,298.0,11.5,801.0,,,30.6,584.0,23.0,720.0,68.5,,4.9,801.0,36.9,801.0,,QS,,,,,,,,,,,,Ranking Not Available
,,Universität Rostock,Germany,Europe,L,FC,HI,Public,9.6,701.0,5.0,701.0,92.6,90.0,9.5,801.0,,,21.2,705.0,16.0,801.0,77.3,,6.6,801.0,39.5,801.0,,QS,,,,,,,,,,,,Ranking Not Available
,,Université de Franche-Comté,France,Europe,S,CO,VH,Public,7.6,701.0,3.6,701.0,100.0,8.0,18.7,740.0,,,,,,,77.4,,3.8,801.0,32.0,801.0,,QS,,,,,,,,,,,,Ranking Not Available
,,Université du Québec,Canada,Americas,XL,FC,HI,Public,20.5,600.0,14.9,701.0,2.5,801.0,16.8,767.0,40.3,497.0,19.0,744.0,14.4,801.0,65.4,,31.4,531.0,51.6,,,QS,,,,,,,,,,,,Ranking Not Available
,,Universiti Pendidikan Sultan Idris (UPSI),Malaysia,Asia,M,FO,VH,Public,17.0,701.0,18.5,696.0,39.1,519.0,5.5,801.0,45.3,466.0,63.4,318.0,56.9,359.0,23.0,,5.2,801.0,42.5,801.0,,QS,,,,,,,,,,,,Ranking Not Available
,,"University of Colorado, Denver",United States,Americas,L,FC,HI,Public,10.5,701.0,11.7,701.0,100.0,4.0,5.0,801.0,4.3,801.0,20.6,719.0,26.8,659.0,39.8,,10.5,801.0,39.7,801.0,,QS,,,,,,,,,,,,Ranking Not Available
,,University of Dubai,United Arab Emirates,Asia,S,SP,MD,Private not for Profit,6.0,701.0,11.5,701.0,12.6,801.0,24.2,652.0,100.0,6.0,88.7,180.0,82.2,188.0,14.4,,11.2,801.0,19.1,801.0,,QS,,,,,,,,,,,,Ranking Not Available
,,University of Gdansk,Poland,Europe,L,CO,VH,Public,17.4,701.0,13.4,701.0,41.4,488.0,7.4,801.0,4.5,801.0,5.1,801.0,9.6,801.0,73.9,,23.6,662.0,71.0,300.0,,QS,,,,,,,,,,,,Ranking Not Available
,,University of Ghana,Ghana,Africa,XL,FC,HI,Public,17.8,687.0,12.4,701.0,2.1,801.0,10.8,801.0,8.1,801.0,1.8,801.0,1.6,801.0,80.8,,96.8,63.0,52.8,651.0,,QS,,,,,,,,,,,,Ranking Not Available
,,University of Santo Tomas,Philippines,Asia,XL,FC,MD,Private not for Profit,20.3,605.0,45.9,294.0,14.1,801.0,1.7,801.0,38.5,513.0,9.0,801.0,7.0,801.0,19.1,,25.5,631.0,40.2,801.0,,QS,,,,,,,,,,,,Ranking Not Available
,,University of Seoul,South Korea,Asia,M,CO,VH,Public,17.6,695.0,15.6,701.0,49.2,390.0,16.5,773.0,6.4,801.0,12.0,801.0,16.3,801.0,38.4,,6.9,801.0,48.5,,,QS,,,,,,,,,,,,Ranking Not Available
,,University of Stavanger,Norway,Europe,M,CO,VH,,10.4,701.0,11.2,701.0,83.2,151.0,10.9,801.0,,,,,,,72.2,,12.9,801.0,45.2,801.0,,QS,,,,,,,,,,,,Ranking Not Available
,,Verona University,Italy,Europe,L,FO,VH,Public,13.1,701.0,5.0,701.0,5.9,801.0,50.0,375.0,6.3,801.0,8.4,801.0,14.1,801.0,70.3,,6.9,801.0,52.7,,,QS,,,,,,,,,,,,Ranking Not Available
,,Vilnius Gediminas Technical University,Lithuania,Europe,M,SP,VH,Public,13.8,701.0,17.4,701.0,38.4,529.0,15.6,790.0,19.3,723.0,54.3,381.0,58.7,347.0,42.7,,9.3,801.0,35.1,801.0,,QS,,,,,,,,,,,,Ranking Not Available
,,Worcester Polytechnic Institute,United States,Americas,M,FO,VH,Private not for Profit,3.7,701.0,15.3,701.0,20.5,801.0,40.7,461.0,36.9,522.0,36.6,530.0,27.4,647.0,29.4,,16.7,791.0,47.3,,,QS,,,,,,,,,,,,Ranking Not Available
,,Wroclaw University of Science and Technology (WUST),Poland,Europe,L,SP,VH,Public,15.0,701.0,31.0,461.0,45.7,429.0,10.8,801.0,4.7,801.0,10.6,801.0,15.9,801.0,68.8,,4.0,801.0,31.2,801.0,,QS,,,,,,,,,,,,Ranking Not Available
,,Yarmouk University,Jordan,Asia,L,FC,HI,Public,23.4,541.0,32.0,448.0,5.3,801.0,5.2,801.0,7.7,801.0,25.9,646.0,28.4,634.0,44.6,,42.3,414.0,45.3,801.0,,QS,,,,,,,,,,,,Ranking Not Available
,,Al Jouf University,Saudi Arabia,Asia,M,FC,VH,Public,12.6,701.0,9.8,701.0,44.8,440.0,7.0,801.0,99.2,126.0,3.2,801.0,7.3,801.0,56.9,,2.9,801.0,23.7,801.0,,QS,,,,,,,,,,,,Ranking Not Available
,,American University of Central Asia,Kyrgyzstan,Asia,S,FO,MD,Private not for Profit,12.7,701.0,14.5,701.0,60.9,296.0,2.4,801.0,58.0,398.0,96.4,105.0,81.5,193.0,4.3,,6.6,801.0,7.5,801.0,,QS,,,,,,,,,,,,Ranking Not Available
,,Baku Engineering University,Azerbaijan,Asia,M,FO,MD,Public,24.9,511.0,37.5,373.0,37.1,542.0,1.5,801.0,21.3,693.0,8.7,801.0,12.3,801.0,3.8,,11.7,801.0,29.4,801.0,,QS,,,,,,,,,,,,Ranking Not Available
,,Chonnam National University,South Korea,Asia,L,FC,VH,Public,12.2,701.0,6.8,701.0,47.3,415.0,24.0,654.0,14.6,801.0,16.3,793.0,21.9,731.0,29.2,,6.5,801.0,61.3,,,QS,,,,,,,,,,,,Ranking Not Available
,,Colegio de México,Mexico,Americas,S,SP,VH,Public,19.5,630.0,5.8,701.0,100.0,1.0,2.9,801.0,11.5,801.0,26.7,637.0,20.0,762.0,9.8,,3.3,801.0,13.9,801.0,,QS,,,,,,,,,,,,Ranking Not Available
,,Future University in Egypt,Egypt,Africa,M,FO,VH,Private not for Profit,7.1,701.0,40.5,334.0,47.2,416.0,5.3,801.0,18.2,738.0,33.0,558.0,34.5,558.0,50.4,,3.3,801.0,35.7,801.0,,QS,,,,,,,,,,,,Ranking Not Available
,,Gazi Üniversitesi,Turkey,Asia,XL,FC,HI,Public,23.7,533.0,24.4,551.0,9.8,801.0,7.6,801.0,1.2,801.0,7.5,801.0,13.1,801.0,61.2,,28.9,576.0,55.6,,,QS,,,,,,,,,,,,Ranking Not Available
,,Gulf University for Science and Technology (GUST),Kuwait,Asia,S,FO,VH,Private for Profit,15.9,701.0,15.1,701.0,18.4,801.0,10.6,801.0,100.0,22.0,34.6,545.0,37.8,517.0,19.5,,11.8,801.0,28.7,801.0,,QS,,,,,,,,,,,,Ranking Not Available
,,Huazhong Agricultural University,China,Asia,XL,CO,VH,Public,5.2,701.0,2.1,701.0,8.5,801.0,65.6,245.0,5.0,801.0,2.4,801.0,2.0,801.0,41.4,,5.1,801.0,38.8,801.0,,QS,,,,,,,,,,,,Ranking Not Available
,,Kanazawa University,Japan,Asia,M,FC,VH,Public,13.2,701.0,7.1,701.0,58.1,311.0,22.1,684.0,11.6,801.0,10.8,801.0,15.4,801.0,33.9,,1.7,801.0,53.1,,,QS,,,,,,,,,,,,Ranking Not Available
,,Kansas State University,United States,Americas,L,CO,VH,Public,9.1,701.0,11.9,701.0,16.2,801.0,31.6,569.0,26.2,633.0,9.5,801.0,7.3,801.0,60.4,,21.0,706.0,43.4,801.0,,QS,,,,,,,,,,,,Ranking Not Available
,,Karaganda Buketov University,Kazakhstan,Asia,L,CO,MD,Private not for Profit,17.6,698.0,36.7,389.0,60.0,301.0,1.2,801.0,14.5,801.0,18.5,754.0,19.8,766.0,5.7,,10.5,801.0,22.3,801.0,,QS,,,,,,,,,,,,Ranking Not Available
,,Khon Kaen University,Thailand,Asia,XL,FC,HI,Public,26.6,472.0,22.6,585.0,11.7,801.0,8.8,801.0,6.4,801.0,3.3,801.0,7.6,801.0,57.1,,5.9,801.0,59.9,,,QS,,,,,,,,,,,,Ranking Not Available
,,King Mongkut's University of Technology Thonburi,Thailand,Asia,L,CO,VH,Public,20.8,596.0,15.1,701.0,17.9,801.0,17.7,757.0,11.7,801.0,7.1,801.0,11.5,801.0,45.0,,3.1,801.0,61.5,,,QS,,,,,,,,,,,,Ranking Not Available
,,London South Bank University,United Kingdom,Europe,L,FO,VH,Public,4.9,701.0,6.3,701.0,13.6,801.0,8.5,801.0,94.1,192.0,98.1,87.0,98.2,75.0,47.7,,15.2,801.0,50.8,,,QS,,,,,,,,,,,,Ranking Not Available
,,Lovely Professional University (LPU),India,Asia,XL,CO,VH,Private not for Profit,20.0,615.0,27.3,504.0,17.1,801.0,10.9,801.0,14.0,801.0,7.0,801.0,11.5,801.0,73.7,,1.7,801.0,49.4,,,QS,,,,,,,,,,,,Ranking Not Available
,,Macao Polytechnic University,Macao,Asia,M,FO,HI,,5.6,701.0,10.0,701.0,34.3,571.0,3.0,801.0,100.0,40.0,96.4,106.0,81.5,194.0,5.6,,38.1,454.0,22.6,801.0,,QS,,,,,,,,,,,,Ranking Not Available
,,Michigan Technological University,United States,Americas,M,CO,VH,Public,6.2,701.0,10.2,701.0,32.2,599.0,38.2,490.0,18.2,740.0,20.1,728.0,15.2,801.0,55.2,,4.6,801.0,37.9,801.0,,QS,,,,,,,,,,,,Ranking Not Available
,,Nagasaki University,Japan,Asia,M,FC,VH,Public,9.0,701.0,3.7,701.0,84.3,143.0,12.2,801.0,8.5,801.0,10.8,801.0,15.3,801.0,48.4,,3.4,801.0,59.6,,,QS,,,,,,,,,,,,Ranking Not Available
,,Osaka Metropolitan University,Japan,Asia,L,FC,VH,,18.1,676.0,14.0,701.0,57.2,321.0,12.3,801.0,6.2,801.0,5.2,801.0,9.4,801.0,34.1,,8.9,801.0,47.7,,,QS,,,,,,,,,,,,Ranking Not Available
,,Panjab University,India,Asia,L,CO,VH,Public,9.4,701.0,11.5,701.0,10.3,801.0,43.5,433.0,,,3.2,801.0,7.5,801.0,33.0,,39.6,441.0,50.9,,,QS,,,,,,,,,,,,Ranking Not Available
,,Princess Sumaya University for Technology,Jordan,Asia,S,SP,HI,Private not for Profit,11.0,701.0,36.8,385.0,14.3,801.0,12.1,801.0,60.1,390.0,57.2,362.0,54.4,377.0,8.8,,6.3,801.0,31.3,801.0,,QS,,,,,,,,,,,,Ranking Not Available
,,Saveetha Institute of Medical And Technical Sciences (SIMATS),India,Asia,L,FO,VH,Private not for Profit,8.9,701.0,2.9,701.0,26.2,713.0,20.3,708.0,84.0,263.0,10.7,801.0,15.4,801.0,83.0,,1.7,801.0,48.2,,,QS,,,,,,,,,,,,Ranking Not Available
,,Taif University,Saudi Arabia,Asia,XL,FC,VH,Public,7.0,701.0,2.7,701.0,9.2,801.0,30.2,586.0,100.0,44.0,4.7,801.0,9.2,801.0,80.5,,2.9,801.0,46.0,801.0,,QS,,,,,,,,,,,,Ranking Not Available
,,Tallinn University,Estonia,Europe,M,FO,VH,Public,11.1,701.0,12.4,701.0,12.6,801.0,9.9,801.0,63.9,363.0,30.6,585.0,36.5,529.0,55.1,,45.6,382.0,44.3,801.0,,QS,,,,,,,,,,,,Ranking Not Available
,,Tashkent State Technical University,Uzbekistan,Asia,L,CO,HI,Public,30.6,399.0,16.2,701.0,20.1,801.0,2.1,801.0,62.9,371.0,1.8,801.0,6.1,801.0,9.9,,30.7,540.0,33.9,801.0,,QS,,,,,,,,,,,,Ranking Not Available
,,Universidad Católica Andrés Bello - UCAB,Venezuela,Americas,M,FO,MD,Private not for Profit,33.6,362.0,56.4,210.0,7.4,801.0,1.0,801.0,5.5,801.0,5.3,801.0,9.2,801.0,,,22.6,677.0,,,,QS,,,,,,,,,,,,Ranking Not Available
,,Universidad Católica del Uruguay (UCU),Uruguay,Americas,S,CO,MD,Private not for Profit,18.2,669.0,25.5,530.0,77.3,180.0,1.5,801.0,13.2,801.0,6.0,801.0,10.0,801.0,9.1,,27.4,604.0,22.6,801.0,,QS,,,,,,,,,,,,Ranking Not Available
,,Universidad de los Andes Chile,Chile,Americas,M,FC,HI,Private not for Profit,25.3,504.0,36.5,392.0,13.4,801.0,4.7,801.0,15.1,801.0,3.5,801.0,7.7,801.0,17.9,,45.2,388.0,28.9,801.0,,QS,,,,,,,,,,,,Ranking Not Available
,,Universidad de Oviedo,Spain,Europe,L,CO,VH,Public,18.2,671.0,8.4,701.0,34.1,576.0,11.6,801.0,5.8,801.0,6.0,801.0,11.4,801.0,74.0,,11.9,801.0,63.7,,,QS,,,,,,,,,,,,Ranking Not Available
,,Universidad de Valladolid,Spain,Europe,L,CO,VH,,16.1,701.0,6.4,701.0,41.2,491.0,7.1,801.0,9.6,801.0,7.7,801.0,13.3,801.0,84.9,,20.3,721.0,59.2,,,QS,,,,,,,,,,,,Ranking Not Available
,,Universidad Europea de Madrid,Spain,Europe,L,FC,MD,,7.7,701.0,19.7,668.0,56.6,328.0,3.0,801.0,14.4,801.0,96.1,110.0,96.4,95.0,11.6,,10.7,801.0,45.0,801.0,,QS,,,,,,,,,,,,Ranking Not Available
,,Universidad Iberoamericana (UIA),Mexico,Americas,M,FC,MD,Private not for Profit,24.2,526.0,30.2,469.0,34.2,575.0,1.8,801.0,8.1,801.0,3.6,801.0,7.8,801.0,5.4,,71.4,203.0,25.7,801.0,,QS,,,,,,,,,,,,Ranking Not Available
,,Università degli Studi Roma Tre,Italy,Europe,XL,CO,VH,Public,24.7,515.0,14.6,701.0,3.3,801.0,15.5,796.0,8.8,801.0,7.8,801.0,6.0,801.0,66.7,,11.0,801.0,56.2,,,QS,,,,,,,,,,,,Ranking Not Available
,,Université de Sherbrooke,Canada,Americas,L,FC,HI,Public,8.2,701.0,4.4,701.0,24.2,749.0,24.2,651.0,62.6,372.0,13.9,801.0,10.5,801.0,55.0,,31.8,530.0,48.5,,,QS,,,,,,,,,,,,Ranking Not Available
,,University at Albany SUNY,United States,Americas,L,CO,VH,Public,10.1,701.0,9.7,701.0,7.3,801.0,44.1,427.0,5.3,801.0,10.1,801.0,7.8,801.0,63.2,,12.8,801.0,47.4,,,QS,,,,,,,,,,,,Ranking Not Available
,,University of Alabama,United States,Americas,XL,CO,VH,Public,12.1,701.0,29.6,482.0,8.0,801.0,18.8,736.0,7.1,801.0,4.4,801.0,3.5,801.0,59.7,,29.4,557.0,53.1,,,QS,,,,,,,,,,,,Ranking Not Available
,,University of Alaska Fairbanks,United States,Americas,S,CO,VH,Public,3.4,701.0,3.5,701.0,99.7,33.0,19.9,713.0,6.3,801.0,5.5,801.0,4.3,801.0,40.4,,5.9,801.0,37.9,801.0,,QS,,,,,,,,,,,,Ranking Not Available
,,University of Hertfordshire,United Kingdom,Europe,L,CO,HI,Public,5.8,701.0,6.7,701.0,6.8,801.0,12.1,801.0,81.4,285.0,100.0,12.0,100.0,7.0,57.7,,17.0,780.0,39.0,801.0,,QS,,,,,,,,,,,,Ranking Not Available
,,University of Maribor,Slovenia,Europe,L,FC,HI,Public,10.8,701.0,15.6,701.0,36.4,551.0,12.7,801.0,2.3,801.0,27.3,623.0,28.3,635.0,67.4,,41.3,422.0,49.9,705.0,,QS,,,,,,,,,,,,Ranking Not Available
,,University of North Texas,United States,Americas,XL,FC,HI,Public,10.1,701.0,9.7,701.0,3.2,801.0,30.5,583.0,6.3,801.0,51.5,399.0,38.4,513.0,69.0,,29.4,560.0,40.6,801.0,,QS,,,,,,,,,,,,Ranking Not Available
,,University of Peshawar,Pakistan,Asia,L,FO,VH,Public,9.4,701.0,11.9,701.0,87.2,119.0,12.3,801.0,,,2.0,801.0,1.7,801.0,49.0,,19.2,742.0,25.8,801.0,,QS,,,,,,,,,,,,Ranking Not Available
,,University of Petroleum and Energy Studies (UPES),India,Asia,M,FO,VH,Private not for Profit,23.4,542.0,7.7,701.0,46.5,423.0,9.5,801.0,23.7,666.0,1.4,801.0,5.8,801.0,66.5,,1.7,801.0,27.2,801.0,,QS,,,,,,,,,,,,Ranking Not Available
,,University of Salford,United Kingdom,Europe,L,CO,HI,Public,10.8,701.0,7.9,701.0,9.1,801.0,12.0,801.0,55.6,408.0,88.2,182.0,89.2,153.0,61.6,,13.8,801.0,43.4,801.0,,QS,,,,,,,,,,,,Ranking Not Available
,,University of South Africa,South Africa,Africa,XL,CO,VH,Public,13.8,701.0,13.6,701.0,1.2,801.0,11.7,801.0,,,13.3,801.0,10.1,801.0,92.5,,96.0,66.0,43.3,801.0,,QS,,,,,,,,,,,,Ranking Not Available
,,Virginia Commonwealth University,United States,Americas,L,FC,VH,Public,9.5,701.0,9.9,701.0,42.8,464.0,20.0,712.0,12.6,801.0,6.0,801.0,11.5,801.0,68.8,,18.3,753.0,48.4,,,QS,,,,,,,,,,,,Ranking Not Available
,,Yeungnam University,South Korea,Asia,L,FC,VH,Private for Profit,5.1,701.0,4.7,701.0,18.9,801.0,47.5,395.0,38.6,511.0,17.8,763.0,23.3,716.0,46.7,,4.9,801.0,33.5,801.0,,QS,,,,,,,,,,,,Ranking Not Available
,,Abylkas Saginov Karaganda Technical University,Kazakhstan,Asia,M,FO,HI,Public,10.3,701.0,16.9,701.0,90.3,102.0,1.3,801.0,15.5,794.0,25.6,652.0,26.4,665.0,3.1,,7.8,801.0,29.7,801.0,,QS,,,,,,,,,,,,Ranking Not Available
,,Al Nahrain University,Iraq,Asia,M,FO,VH,Public,8.2,701.0,24.1,559.0,98.9,45.0,3.7,801.0,2.5,801.0,1.0,801.0,5.5,801.0,15.6,,10.1,801.0,29.4,801.0,,QS,,,,,,,,,,,,Ranking Not Available
,,Al-Quds University,Palestine,Asia,M,FC,MD,Public,10.1,701.0,20.5,644.0,19.4,801.0,2.8,801.0,72.3,327.0,90.5,163.0,76.3,229.0,15.0,,12.3,801.0,40.1,801.0,,QS,,,,,,,,,,,,Ranking Not Available
,,Amity University,India,Asia,L,CO,VH,Private not for Profit,10.5,701.0,18.3,700.0,18.2,801.0,14.9,801.0,12.1,801.0,34.9,540.0,36.3,531.0,67.5,,4.9,801.0,54.7,,,QS,,,,,,,,,,,,Ranking Not Available
,,Athens University of Economics And Business,Greece,Europe,M,SP,HI,Public,10.1,701.0,37.2,380.0,2.1,801.0,31.9,565.0,1.9,801.0,6.6,801.0,11.0,801.0,14.8,,33.9,501.0,39.8,801.0,,QS,,,,,,,,,,,,Ranking Not Available
,,Charles Sturt University,Australia,Oceania,L,CO,VH,Public,6.4,701.0,9.4,701.0,14.1,801.0,13.9,801.0,66.0,356.0,47.2,427.0,52.2,396.0,60.4,,13.4,801.0,64.9,,,QS,,,,,,,,,,,,Ranking Not Available
,,Clarkson University,United States,Americas,S,CO,VH,Private not for Profit,1.0,701.0,4.0,701.0,19.0,801.0,47.3,400.0,42.9,478.0,38.0,515.0,42.1,493.0,31.0,,12.2,801.0,26.9,801.0,,QS,,,,,,,,,,,,Ranking Not Available
,,Clemson University,United States,Americas,L,CO,VH,Public,9.6,701.0,15.2,701.0,18.5,801.0,24.8,643.0,16.3,773.0,10.6,801.0,8.1,801.0,75.8,,13.5,801.0,47.7,,,QS,,,,,,,,,,,,Ranking Not Available
,,CY Cergy Paris University,France,Europe,M,FO,VH,Public,5.2,701.0,5.2,701.0,64.9,270.0,7.4,801.0,55.1,410.0,59.0,347.0,62.9,314.0,47.9,,1.3,801.0,31.4,801.0,,QS,,,,,,,,,,,,Ranking Not Available
,,Escuela Superior Politécnica del Litoral - ESPOL,Ecuador,Americas,M,CO,VH,Public,22.7,552.0,21.5,612.0,32.6,593.0,5.0,801.0,20.1,712.0,2.4,801.0,6.7,801.0,27.4,,12.3,801.0,49.3,,,QS,,,,,,,,,,,,Ranking Not Available
,,Ferdowsi University of Mashhad,Iran,Asia,L,CO,VH,Public,11.1,701.0,10.9,701.0,5.7,801.0,35.1,524.0,,,9.5,801.0,12.4,801.0,74.5,,12.9,801.0,33.3,801.0,,QS,,,,,,,,,,,,Ranking Not Available
,,George Mason University,United States,Americas,L,CO,VH,Public,12.0,701.0,11.6,701.0,17.1,801.0,18.0,753.0,15.6,790.0,17.1,778.0,12.9,801.0,67.6,,17.4,776.0,56.1,578.0,,QS,,,,,,,,,,,,Ranking Not Available
,,Guru Gobind Singh Indraprastha University,India,Asia,S,CO,VH,Public,5.8,701.0,14.6,701.0,12.5,801.0,48.5,384.0,5.0,801.0,9.4,801.0,12.6,801.0,26.9,,12.8,801.0,43.0,801.0,,QS,,,,,,,,,,,,Ranking Not Available
,,Hasanuddin University,Indonesia,Asia,XL,FC,HI,Public,23.5,538.0,17.5,701.0,41.9,484.0,1.7,801.0,11.9,801.0,3.1,801.0,7.8,801.0,20.0,,22.0,695.0,53.0,,,QS,,,,,,,,,,,,Ranking Not Available
,,Immanuel Kant Baltic Federal University,Russia,Europe,M,CO,VH,Public,7.7,701.0,4.7,701.0,86.3,124.0,3.1,801.0,28.1,607.0,53.2,386.0,51.0,407.0,34.5,,1.9,801.0,32.1,801.0,,QS,,,,,,,,,,,,Ranking Not Available
,,Indian Institute of Technology Bhubaneswar (IIT BBS),India,Asia,S,FO,VH,Public,5.0,701.0,12.4,701.0,15.9,801.0,55.6,321.0,,,1.1,801.0,5.5,801.0,10.8,,1.8,801.0,42.4,801.0,,QS,,,,,,,,,,,,Ranking Not Available
,,Ivane Javakhishvili Tbilisi State University,Georgia,Asia,L,FC,MD,Public,11.9,701.0,1.4,701.0,83.5,150.0,1.4,801.0,1.9,801.0,7.5,801.0,12.2,801.0,24.7,,95.2,75.0,18.2,801.0,,QS,,,,,,,,,,,,Ranking Not Available
,,Khazar University,Azerbaijan,Asia,M,CO,MD,Private not for Profit,7.8,701.0,15.1,701.0,60.6,297.0,3.3,801.0,82.3,277.0,37.1,525.0,35.8,538.0,7.6,,11.9,801.0,27.5,801.0,,QS,,,,,,,,,,,,Ranking Not Available
,,Kumamoto University,Japan,Asia,M,FC,VH,Public,9.2,701.0,4.4,701.0,67.5,249.0,21.4,692.0,8.2,801.0,6.9,801.0,11.4,801.0,33.9,,3.4,801.0,50.4,,,QS,,,,,,,,,,,,Ranking Not Available
,,Kyrgyz-Turkish Manas University,Kyrgyzstan,Asia,S,CO,HI,Public,19.2,642.0,23.0,579.0,14.5,801.0,3.0,801.0,95.3,175.0,28.2,613.0,26.6,663.0,8.2,,7.9,801.0,33.1,801.0,,QS,,,,,,,,,,,,Ranking Not Available
,,Lodz University,Poland,Europe,L,CO,VH,Public,15.4,701.0,7.3,701.0,47.9,406.0,6.9,801.0,5.7,801.0,19.0,743.0,25.1,684.0,75.7,,21.0,705.0,29.8,801.0,,QS,,,,,,,,,,,,Ranking Not Available
,,Nanjing Agricultural University,China,Asia,L,CO,VH,Public,6.1,701.0,2.3,701.0,17.8,801.0,53.0,352.0,,,2.2,801.0,1.9,801.0,54.8,,1.2,801.0,39.1,801.0,,QS,,,,,,,,,,,,Ranking Not Available
,,Nanjing Normal University,China,Asia,XL,SP,VH,Public,6.4,701.0,4.6,701.0,20.7,801.0,42.8,443.0,,,7.8,801.0,6.0,801.0,57.2,,8.2,801.0,40.2,801.0,,QS,,,,,,,,,,,,Ranking Not Available
,,National Chung Cheng University,Taiwan,Asia,M,CO,VH,Public,18.9,650.0,34.8,412.0,16.6,801.0,9.5,801.0,7.9,801.0,6.3,801.0,10.5,801.0,28.9,,5.1,801.0,51.6,,,QS,,,,,,,,,,,,Ranking Not Available
,,North South University,Bangladesh,Asia,L,FO,HI,Private not for Profit,16.9,701.0,54.1,226.0,7.5,801.0,6.6,801.0,10.5,801.0,1.6,801.0,6.0,801.0,30.2,,11.7,801.0,37.3,801.0,,QS,,,,,,,,,,,,Ranking Not Available
,,North-West University,South Africa,Africa,XL,CO,VH,Public,8.4,701.0,14.9,701.0,7.0,801.0,24.9,641.0,9.2,801.0,3.1,801.0,7.7,801.0,94.6,,24.8,643.0,60.4,,,QS,,,,,,,,,,,,Ranking Not Available
,,Okayama University,Japan,Asia,L,FC,VH,Public,11.5,701.0,5.1,701.0,67.5,248.0,14.7,801.0,8.3,801.0,11.6,801.0,17.0,801.0,41.7,,3.4,801.0,58.3,,,QS,,,,,,,,,,,,Ranking Not Available
,,Rochester Institute of Technology (RIT),United States,Americas,L,CO,VH,Private not for Profit,10.0,701.0,28.4,491.0,24.6,741.0,11.5,801.0,8.7,801.0,26.9,631.0,33.0,576.0,41.2,,13.7,801.0,55.1,,,QS,,,,,,,,,,,,Ranking Not Available
,,Saint Louis University,United States,Americas,L,CO,VH,Private not for Profit,5.7,701.0,4.2,701.0,50.8,373.0,23.8,660.0,20.6,701.0,42.2,473.0,31.5,596.0,23.5,,18.5,748.0,35.9,801.0,,QS,,,,,,,,,,,,Ranking Not Available
,,Sohar University,Oman,Asia,S,FO,VH,Private not for Profit,8.1,701.0,10.5,701.0,3.8,801.0,19.9,715.0,100.0,27.0,4.6,801.0,8.7,801.0,23.6,,71.0,204.0,34.2,801.0,,QS,,,,,,,,,,,,Ranking Not Available
,,Sophia University,Japan,Asia,L,CO,HI,Private not for Profit,18.7,657.0,27.2,505.0,25.9,720.0,2.5,801.0,41.0,489.0,20.3,726.0,26.4,666.0,9.1,,21.3,702.0,48.7,,,QS,,,,,,,,,,,,Ranking Not Available
,,South Ural State University,Russia,Europe,L,CO,VH,Public,8.6,701.0,9.4,701.0,57.4,317.0,8.3,801.0,5.6,801.0,22.5,694.0,26.0,669.0,84.2,,5.5,801.0,33.3,801.0,,QS,,,,,,,,,,,,Ranking Not Available
,,The Robert Gordon University,United Kingdom,Europe,L,CO,HI,Public,4.0,701.0,19.4,671.0,6.7,801.0,11.4,801.0,78.5,303.0,84.4,199.0,85.8,170.0,34.2,,9.4,801.0,46.9,,,QS,,,,,,,,,,,,Ranking Not Available
,,Universidad Autónoma Metropolitana (UAM),Mexico,Americas,XL,FC,HI,Public,32.5,379.0,16.0,701.0,5.3,801.0,4.3,801.0,11.5,801.0,1.5,801.0,1.4,801.0,47.1,,6.2,801.0,47.7,,,QS,,,,,,,,,,,,Ranking Not Available
,,Universidad de Belgrano,Argentina,Americas,M,FO,MD,Private not for Profit,11.2,701.0,15.3,701.0,85.1,134.0,1.0,801.0,7.3,801.0,39.0,503.0,29.2,624.0,,,44.3,397.0,,,,QS,,,,,,,,,,,,Ranking Not Available
,,Universidad de Córdoba - España,Spain,Europe,L,CO,VH,,15.5,701.0,6.5,701.0,32.8,591.0,18.1,749.0,,,,,,,79.5,,5.9,801.0,46.0,801.0,,QS,,,,,,,,,,,,Ranking Not Available
,,Universidad de La Sabana,Colombia,Americas,M,FC,HI,Private not for Profit,30.1,403.0,30.1,472.0,21.8,800.0,3.6,801.0,3.7,801.0,2.6,801.0,6.9,801.0,17.6,,14.4,801.0,31.5,801.0,,QS,,,,,,,,,,,,Ranking Not Available
,,Universidad EAFIT,Colombia,Americas,L,CO,HI,Private not for Profit,19.4,634.0,46.0,293.0,6.8,801.0,4.1,801.0,4.1,801.0,1.9,801.0,1.7,801.0,10.8,,51.8,326.0,45.4,801.0,,QS,,,,,,,,,,,,Ranking Not Available
,,Universidad Espíritu Santo (UEES),Ecuador,Americas,S,FO,VH,Private not for Profit,6.1,701.0,8.9,701.0,33.7,580.0,11.2,801.0,62.5,373.0,63.5,315.0,47.3,438.0,25.3,,13.1,801.0,42.8,801.0,,QS,,,,,,,,,,,,Ranking Not Available
,,Universidad Externado de Colombia,Colombia,Americas,L,FO,MD,Private not for Profit,15.8,701.0,33.5,428.0,48.9,395.0,1.2,801.0,10.7,801.0,2.1,801.0,1.8,801.0,5.6,,41.2,424.0,23.8,801.0,,QS,,,,,,,,,,,,Ranking Not Available
,,Universidad Nacional Mayor de San Marcos,Peru,Americas,XL,FC,HI,Public,28.9,429.0,28.4,492.0,11.0,801.0,1.7,801.0,,,,,,,32.9,,53.0,321.0,24.3,801.0,,QS,,,,,,,,,,,,Ranking Not Available
,,Universidad Torcuato Di Tella,Argentina,Americas,S,SP,HI,Private not for Profit,18.4,664.0,35.9,401.0,18.5,801.0,3.8,801.0,41.2,488.0,13.6,801.0,10.3,801.0,5.3,,41.5,420.0,18.5,801.0,,QS,,,,,,,,,,,,Ranking Not Available
,,Universita' degli Studi di Ferrara,Italy,Europe,L,FC,HI,Public,9.3,701.0,4.7,701.0,3.6,801.0,47.3,399.0,3.8,801.0,6.8,801.0,12.3,801.0,65.5,,7.0,801.0,54.2,,,QS,,,,,,,,,,,,Ranking Not Available
,,Università della Calabria,Italy,Europe,M,CO,VH,Public,11.1,701.0,4.5,701.0,10.6,801.0,34.9,526.0,9.2,801.0,7.9,801.0,13.5,801.0,79.1,,1.7,801.0,57.5,,,QS,,,,,,,,,,,,Ranking Not Available
,,University of Bahrain,Bahrain,Asia,L,CO,HI,Public,14.3,701.0,15.1,701.0,8.1,801.0,5.0,801.0,94.1,191.0,10.5,801.0,14.0,801.0,38.7,,55.5,299.0,28.9,801.0,,QS,,,,,,,,,,,,Ranking Not Available
,,University of Cyberjaya,Malaysia,Asia,S,FO,HI,,22.5,557.0,6.1,701.0,48.9,398.0,2.1,801.0,23.4,671.0,87.3,184.0,86.3,166.0,7.2,,4.8,801.0,,,,QS,,,,,,,,,,,,Ranking Not Available
,,University of Ha'il,Saudi Arabia,Asia,L,FC,HI,Public,8.7,701.0,4.3,701.0,41.1,492.0,5.0,801.0,100.0,46.0,5.4,801.0,9.8,801.0,62.3,,2.9,801.0,45.6,801.0,,QS,,,,,,,,,,,,Ranking Not Available
,,University of Lahore,Pakistan,Asia,L,CO,VH,Private not for Profit,17.8,685.0,23.4,574.0,14.3,801.0,8.5,801.0,8.0,801.0,6.0,801.0,9.7,801.0,76.4,,3.4,801.0,62.2,,,QS,,,,,,,,,,,,Ranking Not Available
,,University of Massachusetts - Boston,United States,Americas,L,FC,HI,Public,13.8,701.0,23.5,571.0,14.4,801.0,23.3,668.0,7.2,801.0,27.1,629.0,20.3,759.0,35.3,,7.4,801.0,49.4,,,QS,,,,,,,,,,,,Ranking Not Available
,,University of the Western Cape,South Africa,Africa,L,CO,VH,Public,12.0,701.0,6.4,701.0,6.1,801.0,23.9,656.0,30.3,583.0,5.5,801.0,10.5,801.0,84.4,,28.1,592.0,35.7,801.0,,QS,,,,,,,,,,,,Ranking Not Available
,,Wuhan University of Technology,China,Asia,XL,CO,VH,Public,7.2,701.0,4.6,701.0,24.1,751.0,41.2,457.0,,,4.4,801.0,3.5,801.0,64.2,,10.1,801.0,34.9,801.0,,QS,,,,,,,,,,,,Ranking Not Available
,,Adamson University,Philippines,Asia,M,CO,MD,Private for Profit,39.3,306.0,17.9,701.0,7.6,801.0,1.7,801.0,18.1,741.0,2.8,801.0,7.1,801.0,4.8,,3.5,801.0,10.1,801.0,,QS,,,,,,,,,,,,Ranking Not Available
,,Aga Khan University,Pakistan,Asia,S,FO,VH,Private not for Profit,6.4,701.0,10.0,701.0,100.0,2.0,11.4,801.0,1.5,801.0,2.0,801.0,1.7,801.0,18.2,,8.3,801.0,22.6,801.0,,QS,,,,,,,,,,,,Ranking Not Available
,,Al Azhar University,Egypt,Africa,XL,CO,VH,Public,21.5,574.0,13.9,701.0,14.9,801.0,2.0,801.0,1.7,801.0,16.8,782.0,12.7,801.0,64.4,,33.2,510.0,35.3,801.0,,QS,,,,,,,,,,,,Ranking Not Available
,,Alexandru Ioan Cuza University,Romania,Europe,L,CO,HI,Public,11.7,701.0,20.6,641.0,7.8,801.0,5.8,801.0,4.6,801.0,17.0,779.0,21.4,742.0,49.1,,23.1,668.0,48.7,,,QS,,,,,,,,,,,,Ranking Not Available
,,"Aligarh Muslim University (AMU), Aligarh",India,Asia,L,CO,VH,Public,15.4,701.0,5.3,701.0,18.4,801.0,24.7,645.0,,,1.8,801.0,6.2,801.0,64.8,,3.2,801.0,45.8,801.0,,QS,,,,,,,,,,,,Ranking Not Available
,,Almaty Technological University,Kazakhstan,Asia,M,CO,MD,Public,5.9,701.0,8.9,701.0,93.9,86.0,1.1,801.0,27.8,613.0,14.4,801.0,17.4,801.0,4.4,,4.2,801.0,26.6,801.0,,QS,,,,,,,,,,,,Ranking Not Available
,,Amrita Vishwa Vidyapeetham,India,Asia,L,FC,VH,Private not for Profit,6.9,701.0,6.6,701.0,39.2,518.0,10.7,801.0,36.7,524.0,2.5,801.0,2.1,801.0,67.4,,1.2,801.0,26.8,801.0,,QS,,,,,,,,,,,,Ranking Not Available
,,An-Najah National University,Palestine,Asia,L,FC,MD,Public,13.5,701.0,14.5,701.0,11.5,801.0,4.3,801.0,49.8,441.0,47.4,426.0,43.8,475.0,39.0,,11.3,801.0,47.1,,,QS,,,,,,,,,,,,Ranking Not Available
,,"Arab Academy for Science, Technology and Maritime Transport",Egypt,Africa,L,FO,VH,Public,7.5,701.0,12.4,701.0,44.7,441.0,2.4,801.0,9.2,801.0,34.9,542.0,33.6,569.0,27.0,,16.8,789.0,29.7,801.0,,QS,,,,,,,,,,,,Ranking Not Available
,,Asfendiyarov Kazakh National Medical University,Kazakhstan,Asia,M,FO,HI,Public,7.3,701.0,8.8,701.0,67.2,255.0,1.3,801.0,15.8,783.0,76.8,244.0,70.3,267.0,6.4,,7.8,801.0,,,,QS,,,,,,,,,,,,Ranking Not Available
,,Assiut University,Egypt,Africa,XL,FC,HI,Public,16.3,701.0,15.1,701.0,20.7,801.0,4.0,801.0,21.1,697.0,7.2,801.0,10.6,801.0,66.5,,3.0,801.0,53.3,,,QS,,,,,,,,,,,,Ranking Not Available
,,Azerbaijan University of Architecture and Construction,Azerbaijan,Asia,M,FO,MD,Public,25.7,492.0,20.7,638.0,42.1,477.0,1.0,801.0,9.9,801.0,14.5,801.0,17.1,801.0,1.3,,11.8,801.0,25.8,801.0,,QS,,,,,,,,,,,,Ranking Not Available
,,Banaras Hindu University,India,Asia,L,FC,VH,Public,18.9,648.0,10.6,701.0,14.4,801.0,18.8,737.0,1.5,801.0,3.0,801.0,7.2,801.0,59.3,,15.6,801.0,44.5,801.0,,QS,,,,,,,,,,,,Ranking Not Available
,,Baylor University,United States,Americas,L,CO,VH,Private not for Profit,8.7,701.0,20.9,628.0,17.5,801.0,12.8,801.0,3.7,801.0,6.6,801.0,5.2,801.0,46.9,,24.5,650.0,42.9,801.0,,QS,,,,,,,,,,,,Ranking Not Available
,,Beijing University of Posts and Telecommunications,China,Asia,L,FO,VH,Public,4.3,701.0,9.2,701.0,19.8,801.0,45.2,411.0,6.4,801.0,2.8,801.0,2.3,801.0,22.1,,22.4,686.0,27.3,801.0,,QS,,,,,,,,,,,,Ranking Not Available
,,Binghamton University SUNY,United States,Americas,L,CO,VH,Public,10.1,701.0,14.1,701.0,9.3,801.0,19.5,723.0,17.3,760.0,15.5,801.0,21.6,739.0,26.2,,11.3,801.0,44.8,801.0,,QS,,,,,,,,,,,,Ranking Not Available
,,Birmingham City University,United Kingdom,Europe,XL,FO,HI,Public,8.2,701.0,8.0,701.0,8.7,801.0,6.5,801.0,54.9,412.0,65.5,304.0,68.8,278.0,44.5,,12.1,801.0,37.9,801.0,,QS,,,,,,,,,,,,Ranking Not Available
,,Brigham Young University,United States,Americas,XL,CO,VH,Private not for Profit,7.7,701.0,13.5,701.0,6.7,801.0,15.8,787.0,1.3,801.0,5.3,801.0,4.2,801.0,51.9,,36.9,469.0,44.6,801.0,,QS,,,,,,,,,,,,Ranking Not Available
,,CEU University,Spain,Europe,L,FO,VH,,7.3,701.0,20.8,634.0,26.5,703.0,3.1,801.0,8.4,801.0,58.4,352.0,62.4,319.0,18.5,,16.6,793.0,35.6,801.0,,QS,,,,,,,,,,,,Ranking Not Available
,,Chung Yuan Christian University,Taiwan,Asia,L,CO,HI,Public,9.9,701.0,9.2,701.0,6.9,801.0,25.2,637.0,5.3,801.0,11.8,801.0,14.9,801.0,17.3,,28.6,585.0,46.7,,,QS,,,,,,,,,,,,Ranking Not Available
,,Chungbuk National University,South Korea,Asia,M,FC,VH,Public,6.5,701.0,4.6,701.0,47.9,405.0,19.6,717.0,10.7,801.0,21.5,703.0,21.6,740.0,33.4,,1.8,801.0,50.9,,,QS,,,,,,,,,,,,Ranking Not Available
,,Clark University,United States,Americas,S,CO,VH,Private not for Profit,2.5,701.0,3.6,701.0,25.6,724.0,23.5,666.0,15.2,801.0,94.6,133.0,93.8,119.0,29.1,,19.3,739.0,42.4,801.0,,QS,,,,,,,,,,,,Ranking Not Available
,,Cracow University of Technology of Tadeusz Kościuszko,Poland,Europe,L,SP,VH,Public,12.6,701.0,28.1,495.0,28.3,677.0,10.0,801.0,3.4,801.0,9.2,801.0,12.6,801.0,44.2,,10.3,801.0,20.5,801.0,,QS,,,,,,,,,,,,Ranking Not Available
,,D. Serikbayev East Kazakhstan Technical University,Kazakhstan,Asia,M,FO,HI,Public,14.6,701.0,18.2,701.0,75.9,190.0,1.4,801.0,23.7,665.0,5.5,801.0,9.5,801.0,5.2,,4.4,801.0,31.0,801.0,,QS,,,,,,,,,,,,Ranking Not Available
,,Daffodil International University,Bangladesh,Asia,L,FO,VH,Private not for Profit,15.6,701.0,23.0,578.0,5.7,801.0,6.9,801.0,7.7,801.0,5.0,801.0,8.6,801.0,45.1,,8.3,801.0,51.7,,,QS,,,,,,,,,,,,Ranking Not Available
,,Dankook University,South Korea,Asia,L,FC,HI,Private not for Profit,10.0,701.0,8.3,701.0,72.0,213.0,4.8,801.0,5.5,801.0,12.6,801.0,16.2,801.0,17.1,,3.6,801.0,47.6,,,QS,,,,,,,,,,,,Ranking Not Available
,,Ege Üniversitesi,Turkey,Asia,XL,FC,HI,Public,14.5,701.0,24.4,549.0,21.0,801.0,5.1,801.0,1.4,801.0,9.2,801.0,14.9,801.0,71.3,,6.6,801.0,33.0,801.0,,QS,,,,,,,,,,,,Ranking Not Available
,,Financial University under the Government of the Russian Federation,Russia,Europe,L,FO,VH,Public,4.9,701.0,17.4,701.0,44.1,450.0,2.7,801.0,6.7,801.0,39.2,500.0,44.7,467.0,37.6,,57.5,291.0,43.8,801.0,,QS,,,,,,,,,,,,Ranking Not Available
,,Florida Atlantic University - Boca Raton,United States,Americas,L,FC,HI,Public,6.6,701.0,15.2,701.0,6.2,801.0,18.2,746.0,8.4,801.0,13.1,801.0,9.9,801.0,65.3,,13.0,801.0,48.4,,,QS,,,,,,,,,,,,Ranking Not Available
,,Fordham University,United States,Americas,L,CO,HI,Private not for Profit,9.1,701.0,16.8,701.0,19.3,801.0,9.6,801.0,10.5,801.0,23.3,685.0,17.5,801.0,23.3,,47.6,369.0,32.1,801.0,,QS,,,,,,,,,,,,Ranking Not Available
,,Gebze Technical University,Turkey,Asia,M,CO,VH,Public,7.0,701.0,9.5,701.0,9.1,801.0,40.3,463.0,19.7,718.0,10.6,801.0,15.3,801.0,41.4,,2.5,801.0,42.2,801.0,,QS,,,,,,,,,,,,Ranking Not Available
,,Georgian Technical University,Georgia,Asia,L,FO,HI,Public,7.1,701.0,7.1,701.0,1.0,801.0,54.4,336.0,,,,,,,7.8,,29.3,562.0,3.0,801.0,,QS,,,,,,,,,,,,Ranking Not Available
,,German University of Technology in Oman (GUTECH),Oman,Asia,S,FO,HI,Private for Profit,9.1,701.0,14.3,701.0,5.7,801.0,8.5,801.0,100.0,36.0,5.9,801.0,9.8,801.0,14.4,,73.2,195.0,,,,QS,,,,,,,,,,,,Ranking Not Available
,,Gifu University,Japan,Asia,M,FO,VH,Public,6.4,701.0,4.5,701.0,58.9,308.0,14.3,801.0,7.1,801.0,6.2,801.0,10.2,801.0,23.4,,1.8,801.0,44.1,801.0,,QS,,,,,,,,,,,,Ranking Not Available
,,Glasgow Caledonian University,United Kingdom,Europe,L,FO,VH,Public,7.2,701.0,9.5,701.0,6.3,801.0,11.2,801.0,45.5,465.0,77.3,242.0,79.4,212.0,40.3,,8.5,801.0,56.7,,,QS,,,,,,,,,,,,Ranking Not Available
,,Hallym University,South Korea,Asia,M,FC,VH,Private not for Profit,3.4,701.0,2.7,701.0,95.6,70.0,13.1,801.0,4.3,801.0,3.5,801.0,7.6,801.0,9.1,,1.8,801.0,41.4,801.0,,QS,,,,,,,,,,,,Ranking Not Available
,,Harbin Engineering University,China,Asia,L,FO,VH,Public,5.2,701.0,6.5,701.0,24.0,752.0,46.8,406.0,3.0,801.0,3.6,801.0,8.6,801.0,40.0,,7.2,801.0,24.3,801.0,,QS,,,,,,,,,,,,Ranking Not Available
,,Hohai University,China,Asia,XL,FO,VH,Public,3.2,701.0,2.7,701.0,17.8,801.0,33.2,548.0,,,,,,,74.1,,1.2,801.0,39.3,801.0,,QS,,,,,,,,,,,,Ranking Not Available
,,Howard University,United States,Americas,M,FC,HI,Private not for Profit,8.3,701.0,16.1,701.0,43.6,457.0,6.0,801.0,1.2,801.0,6.4,801.0,5.0,801.0,35.2,,37.8,461.0,37.9,801.0,,QS,,,,,,,,,,,,Ranking Not Available
,,Islamic University of Lebanon,Lebanon,Asia,M,FO,MD,Private for Profit,10.6,701.0,13.4,701.0,39.6,513.0,1.2,801.0,36.7,523.0,98.8,75.0,81.8,190.0,2.2,,3.9,801.0,,,,QS,,,,,,,,,,,,Ranking Not Available
,,IU Indianapolis,United States,Americas,L,FC,HI,Public,8.9,701.0,8.4,701.0,23.5,761.0,22.6,676.0,38.8,509.0,9.0,801.0,14.7,801.0,51.3,,6.5,801.0,43.7,801.0,,QS,,,,,,,,,,,,Ranking Not Available
,,Kalinga Institute of Industrial Technology,India,Asia,L,CO,VH,Private not for Profit,6.4,701.0,5.2,701.0,52.1,360.0,5.3,801.0,18.0,744.0,25.0,664.0,29.4,623.0,53.3,,1.7,801.0,50.7,692.0,,QS,,,,,,,,,,,,Ranking Not Available
,,Kangwon National University,South Korea,Asia,L,FC,HI,Public,8.0,701.0,7.1,701.0,32.0,601.0,15.4,798.0,6.5,801.0,10.2,801.0,14.2,801.0,28.6,,3.5,801.0,56.6,,,QS,,,,,,,,,,,,Ranking Not Available
,,Kazakh-British Technical University,Kazakhstan,Asia,M,FO,HI,Public,15.9,701.0,41.9,321.0,17.8,801.0,2.6,801.0,15.3,801.0,4.1,801.0,8.2,801.0,13.9,,4.3,801.0,32.7,801.0,,QS,,,,,,,,,,,,Ranking Not Available
,,Kent State University,United States,Americas,L,FO,VH,Public,7.0,701.0,4.8,701.0,9.0,801.0,20.0,711.0,25.4,645.0,15.7,801.0,11.9,801.0,62.5,,11.3,801.0,40.8,801.0,,QS,,,,,,,,,,,,Ranking Not Available
,,Kookmin University,South Korea,Asia,L,CO,HI,Private for Profit,5.3,701.0,6.2,701.0,51.0,371.0,5.3,801.0,7.0,801.0,63.5,316.0,63.9,311.0,9.9,,5.2,801.0,43.7,801.0,,QS,,,,,,,,,,,,Ranking Not Available
,,Kyrgyz Russian Slavic University,Kyrgyzstan,Asia,M,CO,MD,Public,10.9,701.0,13.4,701.0,99.9,30.0,1.0,801.0,,,,,,,1.6,,35.4,486.0,,,,QS,,,,,,,,,,,,Ranking Not Available
,,Kyushu Institute of Technology,Japan,Asia,M,SP,VH,Public,5.0,701.0,9.0,701.0,12.9,801.0,37.5,499.0,10.4,801.0,5.9,801.0,10.1,801.0,21.6,,1.8,801.0,34.9,801.0,,QS,,,,,,,,,,,,Ranking Not Available
,,Leeds Beckett University,United Kingdom,Europe,L,CO,HI,Public,5.1,701.0,10.3,701.0,5.2,801.0,13.5,801.0,46.9,453.0,45.2,447.0,50.3,412.0,36.6,,10.8,801.0,61.7,,,QS,,,,,,,,,,,,Ranking Not Available
,,Lobachevsky State University of Nizhni Novgorod,Russia,Europe,L,FO,VH,Public,10.0,701.0,8.2,701.0,50.9,372.0,3.5,801.0,2.6,801.0,37.0,526.0,42.6,487.0,18.0,,3.9,801.0,38.2,801.0,,QS,,,,,,,,,,,,Ranking Not Available
,,Lodz University of Technology,Poland,Europe,M,SP,VH,Public,6.0,701.0,7.3,701.0,59.0,306.0,16.0,784.0,4.1,801.0,8.3,801.0,12.4,801.0,49.2,,4.1,801.0,40.3,801.0,,QS,,,,,,,,,,,,Ranking Not Available
,,London Metropolitan University,United Kingdom,Europe,L,CO,MD,Public,5.9,701.0,7.3,701.0,4.7,801.0,7.0,801.0,68.5,340.0,97.6,95.0,97.7,84.0,22.4,,20.8,713.0,20.9,801.0,,QS,,,,,,,,,,,,Ranking Not Available
,,Loyola University Chicago,United States,Americas,L,FC,HI,Private not for Profit,12.2,701.0,21.2,621.0,30.5,624.0,12.6,801.0,9.3,801.0,5.0,801.0,4.0,801.0,36.2,,24.1,656.0,33.5,801.0,,QS,,,,,,,,,,,,Ranking Not Available
,,Makerere University,Uganda,Africa,XL,FC,HI,Public,13.4,701.0,5.3,701.0,5.8,801.0,6.5,801.0,8.3,801.0,13.6,801.0,10.3,801.0,65.3,,98.3,38.0,42.0,801.0,,QS,,,,,,,,,,,,Ranking Not Available
,,Mansoura University,Egypt,Africa,XL,FC,VH,Public,18.8,653.0,15.8,701.0,5.2,801.0,5.0,801.0,9.9,801.0,21.2,706.0,24.5,695.0,81.9,,12.6,801.0,55.5,,,QS,,,,,,,,,,,,Ranking Not Available
,,Marmara University,Turkey,Asia,XL,FO,VH,Public,11.8,701.0,23.1,577.0,5.4,801.0,4.9,801.0,5.5,801.0,6.8,801.0,12.3,801.0,52.5,,38.1,453.0,42.6,801.0,,QS,,,,,,,,,,,,Ranking Not Available
,,MATE Hungarian University of Agriculture and Life Sciences,Hungary,Europe,M,FO,VH,Private not for Profit,7.1,701.0,8.0,701.0,34.1,577.0,7.2,801.0,4.1,801.0,43.1,467.0,48.3,431.0,59.0,,4.8,801.0,55.4,,,QS,,,,,,,,,,,,Ranking Not Available
,,Middle East University Jordan,Jordan,Asia,S,FO,VH,Private not for Profit,9.1,701.0,7.2,701.0,12.4,801.0,13.2,801.0,10.6,801.0,90.9,158.0,80.9,196.0,47.7,,5.9,801.0,8.0,801.0,,QS,,,,,,,,,,,,Ranking Not Available
,,Mississippi State University,United States,Americas,L,CO,VH,Public,7.2,701.0,8.7,701.0,9.1,801.0,33.5,542.0,19.7,720.0,5.5,801.0,4.3,801.0,70.2,,12.8,801.0,38.5,801.0,,QS,,,,,,,,,,,,Ranking Not Available
,,Mustansiriyah University,Iraq,Asia,XL,FC,HI,Public,8.3,701.0,23.5,572.0,64.9,269.0,1.8,801.0,43.6,474.0,6.3,801.0,5.0,801.0,19.2,,10.4,801.0,26.5,801.0,,QS,,,,,,,,,,,,Ranking Not Available
,,Mutah University,Jordan,Asia,L,FC,MD,Public,15.6,701.0,21.8,608.0,12.1,801.0,3.4,801.0,15.7,788.0,32.9,560.0,32.2,587.0,28.0,,10.1,801.0,33.2,801.0,,QS,,,,,,,,,,,,Ranking Not Available
,,Mykolas Romeris University,Lithuania,Europe,S,FO,VH,Public,6.0,701.0,12.9,701.0,22.7,778.0,7.1,801.0,12.1,801.0,51.6,398.0,55.0,374.0,23.6,,53.2,320.0,50.4,,,QS,,,,,,,,,,,,Ranking Not Available
,,Narxoz University,Kazakhstan,Asia,M,FO,MD,Private not for Profit,15.7,701.0,14.9,701.0,26.1,717.0,1.5,801.0,31.0,578.0,20.7,716.0,22.1,730.0,1.0,,69.7,214.0,35.6,801.0,,QS,,,,,,,,,,,,Ranking Not Available
,,National Research Saratov State University,Russia,Europe,M,FO,VH,Public,5.0,701.0,5.3,701.0,97.6,60.0,2.4,801.0,4.0,801.0,26.9,632.0,20.2,761.0,14.4,,1.8,801.0,10.2,801.0,,QS,,,,,,,,,,,,Ranking Not Available
,,"National Technical University ""Kharkiv Polytechnic Institute""",Ukraine,Europe,M,CO,VH,Public,7.6,701.0,20.8,633.0,61.1,294.0,1.8,801.0,2.3,801.0,33.3,555.0,34.7,553.0,17.1,,4.6,801.0,38.9,801.0,,QS,,,,,,,,,,,,Ranking Not Available
,,National University Lviv Polytechnic,Ukraine,Europe,L,CO,VH,Public,9.6,701.0,26.3,518.0,38.6,525.0,2.6,801.0,3.7,801.0,2.1,801.0,6.4,801.0,20.2,,17.9,761.0,50.8,,,QS,,,,,,,,,,,,Ranking Not Available
,,Nicolaus Copernicus University,Poland,Europe,L,FC,HI,Public,10.3,701.0,4.8,701.0,65.8,262.0,9.4,801.0,4.6,801.0,11.3,801.0,15.8,801.0,81.3,,3.9,801.0,30.1,801.0,,QS,,,,,,,,,,,,Ranking Not Available
,,Niigata University,Japan,Asia,L,FC,HI,Public,6.6,701.0,5.1,701.0,88.7,110.0,6.7,801.0,6.6,801.0,6.1,801.0,10.6,801.0,23.1,,7.2,801.0,43.0,801.0,,QS,,,,,,,,,,,,Ranking Not Available
,,Northern Arizona University,United States,Americas,L,CO,VH,Public,9.5,701.0,16.2,701.0,6.7,801.0,23.4,667.0,3.5,801.0,3.8,801.0,3.1,801.0,48.0,,7.5,801.0,45.2,801.0,,QS,,,,,,,,,,,,Ranking Not Available
,,Northern Borders University,Saudi Arabia,Asia,M,FC,HI,Public,13.4,701.0,6.4,701.0,28.8,657.0,4.5,801.0,100.0,42.0,16.1,797.0,12.2,801.0,18.0,,3.0,801.0,15.7,801.0,,QS,,,,,,,,,,,,Ranking Not Available
,,Northwest University (China),China,Asia,L,CO,VH,Public,5.8,701.0,3.2,701.0,55.7,338.0,31.8,566.0,4.8,801.0,4.7,801.0,9.3,801.0,37.6,,5.1,801.0,33.1,801.0,,QS,,,,,,,,,,,,Ranking Not Available
,,Notre Dame University-Louaize (NDU),Lebanon,Asia,S,CO,HI,Private not for Profit,6.5,701.0,19.8,662.0,25.1,732.0,3.8,801.0,87.9,236.0,27.1,628.0,30.5,609.0,7.3,,3.9,801.0,17.5,801.0,,QS,,,,,,,,,,,,Ranking Not Available
,,Obuda University,Hungary,Europe,M,FO,VH,Public,7.9,701.0,8.9,701.0,3.9,801.0,19.6,721.0,34.7,538.0,13.3,801.0,19.3,774.0,44.5,,5.1,801.0,42.4,801.0,,QS,,,,,,,,,,,,Ranking Not Available
,,Ohio University,United States,Americas,L,FC,HI,Public,10.9,701.0,13.3,701.0,7.6,801.0,14.0,801.0,3.9,801.0,6.3,801.0,11.7,801.0,51.8,,27.9,598.0,38.3,801.0,,QS,,,,,,,,,,,,Ranking Not Available
,,Pavol Josef Safarik University,Slovakia,Europe,M,FC,HI,Public,6.4,701.0,5.6,701.0,69.2,238.0,5.5,801.0,7.0,801.0,78.5,232.0,74.5,236.0,41.6,,5.5,801.0,22.2,801.0,,QS,,,,,,,,,,,,Ranking Not Available
,,Pontificia Universidad Catolica del Ecuador,Ecuador,Americas,L,FO,HI,Private not for Profit,24.4,524.0,19.1,682.0,13.5,801.0,1.9,801.0,18.0,745.0,2.6,801.0,2.2,801.0,35.3,,46.2,377.0,23.0,801.0,,QS,,,,,,,,,,,,Ranking Not Available
,,Pontificia Universidade Católica de São Paulo (PUC -SP),Brazil,Americas,M,FC,MD,Private not for Profit,13.2,701.0,21.2,620.0,48.8,399.0,1.7,801.0,5.2,801.0,1.5,801.0,5.9,801.0,2.9,,44.1,402.0,14.9,801.0,,QS,,,,,,,,,,,,Ranking Not Available
,,Poznan University of Life Sciences,Poland,Europe,M,FO,VH,Public,6.6,701.0,4.1,701.0,92.2,95.0,14.8,801.0,1.7,801.0,11.1,801.0,14.5,801.0,37.5,,4.1,801.0,26.6,801.0,,QS,,,,,,,,,,,,Ranking Not Available
,,Poznan University of Technology,Poland,Europe,L,FO,VH,Public,10.9,701.0,13.1,701.0,39.8,510.0,12.8,801.0,3.4,801.0,10.7,801.0,15.5,801.0,47.8,,7.4,801.0,27.6,801.0,,QS,,,,,,,,,,,,Ranking Not Available
,,Rhodes University,South Africa,Africa,M,FO,VH,Public,8.0,701.0,9.1,701.0,17.2,801.0,18.9,733.0,,,46.4,434.0,34.6,554.0,56.5,,42.9,408.0,42.2,801.0,,QS,,,,,,,,,,,,Ranking Not Available
,,Riga Stradins University,Latvia,Europe,M,SP,HI,Public,7.4,701.0,16.2,701.0,16.3,801.0,3.4,801.0,30.9,580.0,96.1,111.0,95.9,102.0,15.9,,14.8,801.0,29.5,801.0,,QS,,,,,,,,,,,,Ranking Not Available
,,Ritsumeikan Asia Pacific University,Japan,Asia,M,SP,LO,Private for Profit,8.3,701.0,11.8,701.0,4.3,801.0,4.1,801.0,99.5,110.0,99.7,51.0,99.7,41.0,4.7,,1.7,801.0,14.4,801.0,,QS,,,,,,,,,,,,Ranking Not Available
,,Saint-Petersburg Mining University,Russia,Europe,M,FO,VH,Public,3.1,701.0,5.9,701.0,79.1,173.0,3.7,801.0,28.1,606.0,44.4,454.0,49.6,419.0,9.6,,13.2,801.0,28.3,801.0,,QS,,,,,,,,,,,,Ranking Not Available
,,Samarkand State University,Uzbekistan,Asia,L,CO,MD,Public,23.7,534.0,18.0,701.0,41.0,494.0,1.3,801.0,25.1,651.0,6.5,801.0,10.4,801.0,7.3,,9.5,801.0,11.6,801.0,,QS,,,,,,,,,,,,Ranking Not Available
,,San Diego State University,United States,Americas,XL,CO,VH,Public,7.9,701.0,8.7,701.0,4.5,801.0,22.8,670.0,7.9,801.0,4.6,801.0,3.7,801.0,70.6,,32.1,526.0,46.5,801.0,,QS,,,,,,,,,,,,Ranking Not Available
,,Sebelas Maret University,Indonesia,Asia,XL,FC,HI,Public,21.2,586.0,21.4,616.0,25.2,730.0,2.5,801.0,33.3,550.0,11.2,801.0,16.9,801.0,20.5,,2.8,801.0,50.8,,,QS,,,,,,,,,,,,Ranking Not Available
,,Seoul National University of Science and Technology,South Korea,Asia,M,FO,VH,Public,10.5,701.0,7.9,701.0,20.5,801.0,18.9,734.0,12.0,801.0,32.2,565.0,28.6,633.0,28.6,,1.9,801.0,49.7,,,QS,,,,,,,,,,,,Ranking Not Available
,,Sheffield Hallam University,United Kingdom,Europe,XL,CO,HI,Public,9.8,701.0,13.4,701.0,10.9,801.0,7.1,801.0,42.6,480.0,42.7,469.0,48.0,434.0,60.6,,12.3,801.0,40.6,801.0,,QS,,,,,,,,,,,,Ranking Not Available
,,Siberian Federal University,Russia,Europe,M,CO,VH,Public,7.8,701.0,9.9,701.0,29.9,634.0,7.9,801.0,56.8,406.0,46.0,438.0,47.4,437.0,37.7,,10.3,801.0,44.4,801.0,,QS,,,,,,,,,,,,Ranking Not Available
,,Silesian University of Technology in Gliwice,Poland,Europe,L,FO,VH,Public,8.7,701.0,9.8,701.0,39.3,516.0,15.2,801.0,4.9,801.0,7.1,801.0,12.4,801.0,75.2,,13.2,801.0,32.1,801.0,,QS,,,,,,,,,,,,Ranking Not Available
,,Slovak University of Technology in Bratislava,Slovakia,Europe,M,FO,VH,Public,10.8,701.0,10.6,701.0,48.9,396.0,7.7,801.0,4.8,801.0,29.1,602.0,21.8,732.0,54.2,,17.9,762.0,28.1,801.0,,QS,,,,,,,,,,,,Ranking Not Available
,,Soonchunhyang University,South Korea,Asia,M,FC,VH,Private not for Profit,7.7,701.0,9.1,701.0,70.9,219.0,10.1,801.0,7.5,801.0,7.3,801.0,11.0,801.0,12.8,,1.9,801.0,45.2,801.0,,QS,,,,,,,,,,,,Ranking Not Available
,,Southern Federal University,Russia,Europe,L,CO,VH,Public,7.0,701.0,7.5,701.0,65.4,266.0,3.5,801.0,4.9,801.0,42.3,470.0,47.6,435.0,43.6,,3.7,801.0,31.4,801.0,,QS,,,,,,,,,,,,Ranking Not Available
,,Southern Methodist University,United States,Americas,M,CO,VH,Private not for Profit,6.4,701.0,10.9,701.0,37.6,537.0,11.9,801.0,15.8,782.0,16.3,792.0,12.4,801.0,28.8,,62.4,251.0,41.9,801.0,,QS,,,,,,,,,,,,Ranking Not Available
,,Southwest University,China,Asia,XL,CO,VH,Public,3.2,701.0,3.5,701.0,12.0,801.0,45.1,414.0,1.5,801.0,5.3,801.0,4.2,801.0,51.4,,16.5,798.0,37.9,801.0,,QS,,,,,,,,,,,,Ranking Not Available
,,SRM Institute of Science and Technology (f.k.a SRM University),India,Asia,XL,CO,VH,Private not for Profit,14.1,701.0,21.8,606.0,17.1,801.0,8.6,801.0,1.7,801.0,2.6,801.0,7.1,801.0,75.1,,4.9,801.0,49.2,,,QS,,,,,,,,,,,,Ranking Not Available
,,Sumgait State University,Azerbaijan,Asia,M,CO,MD,Public,14.1,701.0,12.6,701.0,97.9,58.0,1.1,801.0,2.6,801.0,1.4,801.0,5.8,801.0,1.8,,12.0,801.0,,,,QS,,,,,,,,,,,,Ranking Not Available
,,Sumy State University,Ukraine,Europe,M,FC,HI,Public,6.3,701.0,11.0,701.0,47.1,418.0,5.2,801.0,3.9,801.0,29.1,603.0,29.5,620.0,35.5,,4.5,801.0,48.2,,,QS,,,,,,,,,,,,Ranking Not Available
,,Sungshin Women's University,South Korea,Asia,M,CO,MD,Private not for Profit,9.1,701.0,13.4,701.0,85.0,135.0,1.5,801.0,3.7,801.0,6.6,801.0,10.6,801.0,2.7,,1.8,801.0,28.5,801.0,,QS,,,,,,,,,,,,Ranking Not Available
,,Széchenyi István University,Hungary,Europe,M,FO,VH,Private for Profit,12.2,701.0,36.6,391.0,28.9,655.0,2.9,801.0,4.9,801.0,13.4,801.0,19.3,773.0,16.5,,4.8,801.0,44.9,801.0,,QS,,,,,,,,,,,,Ranking Not Available
,,Tashkent State University of Economics,Uzbekistan,Asia,L,SP,MD,Public,15.7,701.0,31.4,455.0,14.0,801.0,1.5,801.0,19.2,726.0,11.3,801.0,13.9,801.0,13.5,,23.7,660.0,36.7,801.0,,QS,,,,,,,,,,,,Ranking Not Available
,,Technical University of Kosice,Slovakia,Europe,M,FO,VH,Public,8.2,701.0,13.8,701.0,21.4,801.0,10.3,801.0,1.8,801.0,89.6,169.0,66.7,291.0,40.5,,21.4,699.0,21.9,801.0,,QS,,,,,,,,,,,,Ranking Not Available
,,Technical University of Ostrava,Czechia,Europe,M,FO,VH,Public,7.7,701.0,21.5,614.0,28.9,653.0,10.3,801.0,15.2,801.0,41.1,482.0,45.1,463.0,56.9,,5.0,801.0,46.5,801.0,,QS,,,,,,,,,,,,Ranking Not Available
,,Telkom University (aka Telkom Institute of Technology),Indonesia,Asia,L,SP,VH,Private for Profit,13.6,701.0,14.7,701.0,23.3,768.0,2.5,801.0,53.5,423.0,12.1,801.0,17.0,801.0,15.5,,11.6,801.0,36.3,801.0,,QS,,,,,,,,,,,,Ranking Not Available
,,The City College of New York,United States,Americas,L,FC,HI,Public,11.8,701.0,8.0,701.0,15.0,801.0,17.8,756.0,5.0,801.0,8.6,801.0,6.6,801.0,46.7,,7.1,801.0,39.0,801.0,,QS,,,,,,,,,,,,Ranking Not Available
,,"The Federal University of Sao Carlos, UFSCar",Brazil,Americas,L,FC,VH,Public,15.0,701.0,10.8,701.0,20.3,801.0,28.8,597.0,3.4,801.0,2.5,801.0,2.1,801.0,47.1,,1.8,801.0,41.3,801.0,,QS,,,,,,,,,,,,Ranking Not Available
,,The Hashemite University,Jordan,Asia,L,FC,HI,Public,15.6,701.0,23.7,566.0,5.5,801.0,7.8,801.0,9.9,801.0,18.4,756.0,13.9,801.0,45.1,,5.1,801.0,45.4,801.0,,QS,,,,,,,,,,,,Ranking Not Available
,,Tokyo Metropolitan University,Japan,Asia,M,CO,VH,Public,17.5,701.0,8.2,701.0,41.9,483.0,14.8,801.0,9.7,801.0,8.0,801.0,11.6,801.0,39.5,,4.9,801.0,26.4,801.0,,QS,,,,,,,,,,,,Ranking Not Available
,,Universidad Andrés Bello - UNAB,Chile,Americas,XL,FC,HI,Private not for Profit,19.5,633.0,16.4,701.0,11.1,801.0,3.9,801.0,9.6,801.0,3.8,801.0,8.2,801.0,60.9,,2.5,801.0,56.9,559.0,,QS,,,,,,,,,,,,Ranking Not Available
,,Universidad Argentina de la Empresa -UADE,Argentina,Americas,L,FO,MD,Private not for Profit,6.4,701.0,17.3,701.0,98.1,55.0,1.0,801.0,2.7,801.0,9.9,801.0,14.2,801.0,1.3,,29.2,566.0,,,,QS,,,,,,,,,,,,Ranking Not Available
,,Universidad Austral de Chile,Chile,Americas,L,FC,HI,Private not for Profit,19.3,638.0,15.4,701.0,4.1,801.0,14.3,801.0,20.5,703.0,2.5,801.0,6.8,801.0,45.8,,4.8,801.0,44.0,801.0,,QS,,,,,,,,,,,,Ranking Not Available
,,Universidad de Castilla-La Mancha,Spain,Europe,L,FC,VH,Public,10.7,701.0,4.7,701.0,22.0,791.0,17.9,754.0,2.7,801.0,9.7,801.0,15.5,801.0,70.4,,7.9,801.0,46.9,,,QS,,,,,,,,,,,,Ranking Not Available
,,Universidad de Guadalajara (UDG),Mexico,Americas,XL,FC,HI,Public,26.5,475.0,12.5,701.0,21.3,801.0,1.6,801.0,2.8,801.0,1.3,801.0,5.7,801.0,45.1,,9.8,801.0,55.2,601.0,,QS,,,,,,,,,,,,Ranking Not Available
,,Universidad de las Américas Puebla (UDLAP),Mexico,Americas,M,FC,MD,Private not for Profit,11.7,701.0,13.1,701.0,56.0,332.0,3.4,801.0,21.9,689.0,15.7,801.0,16.6,801.0,6.9,,4.7,801.0,18.6,801.0,,QS,,,,,,,,,,,,Ranking Not Available
,,Universidad de León,Spain,Europe,M,CO,VH,,10.4,701.0,7.1,701.0,52.1,361.0,9.6,801.0,3.7,801.0,20.6,722.0,15.5,801.0,46.6,,3.5,801.0,60.7,,,QS,,,,,,,,,,,,Ranking Not Available
,,Universidad de Puerto Rico,Puerto Rico,Americas,XL,FC,HI,Public,14.8,701.0,10.8,701.0,23.0,776.0,3.5,801.0,8.3,801.0,2.1,801.0,6.4,801.0,43.4,,71.8,202.0,37.7,801.0,,QS,,,,,,,,,,,,Ranking Not Available
,,Universidad de San Andrés,Argentina,Americas,S,SP,HI,Private not for Profit,11.7,701.0,25.2,535.0,53.0,354.0,4.1,801.0,10.2,801.0,7.6,801.0,5.9,801.0,11.7,,32.5,522.0,,,,QS,,,,,,,,,,,,Ranking Not Available
,,Universidad de Talca,Chile,Americas,M,FO,VH,Public,14.4,701.0,11.7,701.0,9.1,801.0,13.2,801.0,27.4,619.0,1.9,801.0,1.7,801.0,46.4,,2.5,801.0,29.4,801.0,,QS,,,,,,,,,,,,Ranking Not Available
,,Universidad del Valle,Colombia,Americas,XL,FC,MD,Public,24.1,529.0,9.7,701.0,11.1,801.0,2.8,801.0,3.3,801.0,2.2,801.0,6.6,801.0,24.7,,28.8,580.0,34.9,801.0,,QS,,,,,,,,,,,,Ranking Not Available
,,Universidad Diego Portales,Chile,Americas,L,FO,VH,Private not for Profit,19.0,647.0,25.8,526.0,11.9,801.0,5.5,801.0,17.5,758.0,6.3,801.0,4.9,801.0,37.1,,8.8,801.0,36.4,801.0,,QS,,,,,,,,,,,,Ranking Not Available
,,Universidad ICESI,Colombia,Americas,M,FO,HI,Private not for Profit,7.8,701.0,8.8,701.0,87.6,114.0,2.4,801.0,5.1,801.0,5.2,801.0,9.3,801.0,7.4,,12.9,801.0,15.9,801.0,,QS,,,,,,,,,,,,Ranking Not Available
,,Universidad Nacional de Rosario,Argentina,Americas,XL,FC,MD,Public,27.4,457.0,14.9,701.0,29.9,635.0,1.4,801.0,,,10.8,801.0,8.3,801.0,27.0,,15.2,801.0,18.8,801.0,,QS,,,,,,,,,,,,Ranking Not Available
,,Universidad ORT Uruguay,Uruguay,Americas,M,FO,MD,Private not for Profit,13.2,701.0,22.2,598.0,84.2,145.0,1.4,801.0,17.1,765.0,2.9,801.0,2.4,801.0,3.6,,7.0,801.0,7.4,801.0,,QS,,,,,,,,,,,,Ranking Not Available
,,Universidad Peruana Cayetano Heredia,Peru,Americas,M,FO,VH,Private not for Profit,15.2,701.0,12.1,701.0,59.1,305.0,3.6,801.0,1.6,801.0,1.8,801.0,1.6,801.0,23.9,,4.6,801.0,53.2,,,QS,,,,,,,,,,,,Ranking Not Available
,,Universidad Pontificia Bolivariana,Colombia,Americas,M,FO,VH,Private not for Profit,10.7,701.0,12.7,701.0,83.9,146.0,2.8,801.0,4.8,801.0,4.5,801.0,8.8,801.0,17.7,,27.6,601.0,28.5,801.0,,QS,,,,,,,,,,,,Ranking Not Available
,,Universidad Rey Juan Carlos,Spain,Europe,XL,CO,VH,Public,12.5,701.0,16.9,701.0,11.5,801.0,9.4,801.0,24.2,660.0,20.3,727.0,26.4,667.0,65.3,,14.5,801.0,64.0,,,QS,,,,,,,,,,,,Ranking Not Available
,,Universidad Simón Bolívar Venezuela,Venezuela,Americas,S,FO,VH,Public,19.5,632.0,22.6,584.0,23.5,762.0,3.8,801.0,2.1,801.0,1.1,801.0,1.1,801.0,11.6,,42.0,418.0,11.6,801.0,,QS,,,,,,,,,,,,Ranking Not Available
,,Universidad Técnica Federico Santa María,Chile,Americas,L,FO,VH,Private not for Profit,13.3,701.0,37.5,374.0,4.7,801.0,8.3,801.0,19.0,728.0,1.8,801.0,1.6,801.0,46.3,,17.7,767.0,42.7,801.0,,QS,,,,,,,,,,,,Ranking Not Available
,,Universidade da Coruña,Spain,Europe,L,CO,VH,Public,8.5,701.0,7.1,701.0,29.3,645.0,13.8,801.0,3.5,801.0,9.4,801.0,15.2,801.0,61.7,,3.6,801.0,61.1,,,QS,,,,,,,,,,,,Ranking Not Available
,,Universidade Federal do Paraná (UFPR),Brazil,Americas,XL,FC,VH,Public,19.4,637.0,8.7,701.0,25.7,722.0,9.8,801.0,3.9,801.0,11.2,801.0,8.5,801.0,55.4,,18.0,759.0,40.0,801.0,,QS,,,,,,,,,,,,Ranking Not Available
,,"Universita' degli Studi di Napoli ""Parthenope""",Italy,Europe,M,FO,VH,Public,5.6,701.0,3.4,701.0,4.2,801.0,47.2,401.0,2.0,801.0,4.2,801.0,8.7,801.0,33.3,,1.8,801.0,41.2,801.0,,QS,,,,,,,,,,,,Ranking Not Available
,,Università degli Studi di Udine,Italy,Europe,M,CO,VH,Public,9.5,701.0,4.8,701.0,15.2,801.0,23.9,657.0,5.7,801.0,8.2,801.0,13.6,801.0,52.1,,2.0,801.0,42.8,801.0,,QS,,,,,,,,,,,,Ranking Not Available
,,"Universita degli Studi ""G. D'Annunzio"" Chieti-Pescara",Italy,Europe,L,FO,VH,Public,4.9,701.0,3.0,701.0,4.6,801.0,45.9,407.0,5.1,801.0,5.1,801.0,4.0,801.0,60.3,,3.2,801.0,29.6,801.0,,QS,,,,,,,,,,,,Ranking Not Available
,,Universitas Sumatera Utara,Indonesia,Asia,XL,FC,HI,Public,14.4,701.0,13.4,701.0,38.0,532.0,1.8,801.0,14.1,801.0,2.6,801.0,7.0,801.0,28.6,,7.4,801.0,46.0,801.0,,QS,,,,,,,,,,,,Ranking Not Available
,,Universität Bielefeld,Germany,Europe,L,FO,VH,Public,19.9,620.0,7.5,701.0,16.1,801.0,8.8,801.0,25.9,636.0,16.3,794.0,12.4,801.0,68.9,,4.9,801.0,44.1,801.0,,QS,,,,,,,,,,,,Ranking Not Available
,,Universitat de Lleida,Spain,Europe,M,CO,VH,,7.4,701.0,3.7,701.0,27.5,690.0,21.5,691.0,7.3,801.0,16.2,795.0,22.3,724.0,56.4,,5.2,801.0,59.1,519.0,,QS,,,,,,,,,,,,Ranking Not Available
,,Universitat Jaume I,Spain,Europe,L,CO,VH,Public,7.7,701.0,3.3,701.0,20.8,801.0,28.4,601.0,4.8,801.0,24.1,671.0,30.2,612.0,51.1,,1.7,801.0,59.6,,,QS,,,,,,,,,,,,Ranking Not Available
,,Université de Bretagne Occidentale (UBO),France,Europe,L,FO,VH,,6.2,701.0,5.4,701.0,32.1,600.0,25.2,634.0,,,,,,,82.7,,3.6,801.0,47.2,,,QS,,,,,,,,,,,,Ranking Not Available
,,Université de Sfax,Tunisia,Africa,XL,CO,VH,Public,11.4,701.0,4.2,701.0,56.3,330.0,6.1,801.0,1.1,801.0,5.6,801.0,9.6,801.0,58.9,,13.6,801.0,49.6,,,QS,,,,,,,,,,,,Ranking Not Available
,,Université Lumière Lyon 2,France,Europe,L,SP,VH,Public,14.3,701.0,5.6,701.0,5.6,801.0,11.8,801.0,33.5,548.0,48.8,415.0,53.6,382.0,62.5,,2.4,801.0,31.9,801.0,,QS,,,,,,,,,,,,Ranking Not Available
,,Université Paris 2 Panthéon-Assas,France,Europe,L,SP,VH,Public,8.5,701.0,8.2,701.0,63.1,280.0,1.4,801.0,15.8,785.0,38.6,510.0,44.1,473.0,6.1,,64.4,242.0,17.0,801.0,,QS,,,,,,,,,,,,Ranking Not Available
,,Université Sorbonne Paris Nord,France,Europe,L,FO,VH,,14.0,701.0,7.9,701.0,6.0,801.0,37.6,496.0,,,,,,,57.2,,6.9,801.0,33.5,801.0,,QS,,,,,,,,,,,,Ranking Not Available
,,"Université Toulouse 1, Capitole",France,Europe,L,FO,VH,Public,18.3,667.0,8.7,701.0,2.2,801.0,10.1,801.0,32.1,562.0,63.0,320.0,46.9,442.0,52.2,,7.9,801.0,33.0,801.0,,QS,,,,,,,,,,,,Ranking Not Available
,,Universiti Malaysia Perlis (UniMAP),Malaysia,Asia,M,FO,VH,Public,10.7,701.0,9.1,701.0,29.8,636.0,13.7,801.0,1.8,801.0,4.9,801.0,9.1,801.0,47.9,,5.2,801.0,43.1,801.0,,QS,,,,,,,,,,,,Ranking Not Available
,,Universiti Malaysia Sarawak (UNIMAS),Malaysia,Asia,M,FC,HI,Public,20.1,612.0,14.4,701.0,17.3,801.0,6.8,801.0,43.9,472.0,19.7,732.0,23.0,719.0,35.9,,5.0,801.0,42.6,801.0,,QS,,,,,,,,,,,,Ranking Not Available
,,Universiti Tun Hussein Onn University of Malaysia (UTHM),Malaysia,Asia,L,CO,VH,Public,14.5,701.0,12.2,701.0,11.7,801.0,18.6,744.0,6.8,801.0,12.0,801.0,15.0,801.0,45.8,,5.0,801.0,49.7,,,QS,,,,,,,,,,,,Ranking Not Available
,,"University of Alabama, Birmingham",United States,Americas,L,FC,VH,Public,7.3,701.0,4.6,701.0,62.6,283.0,24.1,653.0,,,,,,,57.2,,5.0,801.0,35.6,801.0,,QS,,,,,,,,,,,,Ranking Not Available
,,University of Anbar,Iraq,Asia,L,CO,HI,Public,25.3,507.0,15.4,701.0,27.2,695.0,3.0,801.0,3.5,801.0,1.8,801.0,6.3,801.0,25.9,,5.6,801.0,31.7,801.0,,QS,,,,,,,,,,,,Ranking Not Available
,,University of Arkansas Fayetteville,United States,Americas,L,CO,VH,Public,8.4,701.0,7.4,701.0,7.8,801.0,19.0,732.0,9.2,801.0,4.4,801.0,3.5,801.0,67.8,,34.4,496.0,45.1,801.0,,QS,,,,,,,,,,,,Ranking Not Available
,,University of Balamand,Lebanon,Asia,M,CO,HI,Private not for Profit,8.0,701.0,21.2,622.0,49.8,386.0,3.6,801.0,20.5,704.0,26.9,633.0,31.2,599.0,14.4,,3.8,801.0,33.6,801.0,,QS,,,,,,,,,,,,Ranking Not Available
,,University of Central Lancashire,United Kingdom,Europe,L,CO,HI,Public,6.5,701.0,9.3,701.0,12.4,801.0,7.1,801.0,43.2,476.0,78.4,234.0,80.5,203.0,56.9,,3.3,801.0,35.5,801.0,,QS,,,,,,,,,,,,Ranking Not Available
,,University of Colombo,Sri Lanka,Asia,L,CO,HI,Public,15.1,701.0,20.9,626.0,3.3,801.0,6.1,801.0,1.2,801.0,1.5,801.0,5.9,801.0,20.7,,76.0,176.0,61.1,,,QS,,,,,,,,,,,,Ranking Not Available
,,University of Denver,United States,Americas,M,CO,VH,Private not for Profit,7.8,701.0,12.2,701.0,43.6,458.0,12.7,801.0,6.0,801.0,14.2,801.0,20.2,760.0,31.8,,37.5,465.0,49.5,,,QS,,,,,,,,,,,,Ranking Not Available
,,University of Deusto,Spain,Europe,M,FO,VH,,8.9,701.0,29.8,477.0,7.4,801.0,14.3,801.0,8.8,801.0,29.9,592.0,35.8,539.0,29.1,,52.2,324.0,31.6,801.0,,QS,,,,,,,,,,,,Ranking Not Available
,,University of East London,United Kingdom,Europe,L,FO,HI,Public,3.9,701.0,6.5,701.0,2.6,801.0,9.5,801.0,83.3,268.0,99.8,46.0,99.8,35.0,34.5,,14.1,801.0,29.5,801.0,,QS,,,,,,,,,,,,Ranking Not Available
,,University of Hradec Kralove,Czechia,Europe,M,FO,VH,Public,5.8,701.0,6.9,701.0,24.8,739.0,13.3,801.0,60.2,388.0,6.2,801.0,10.5,801.0,49.4,,5.2,801.0,23.0,801.0,,QS,,,,,,,,,,,,Ranking Not Available
,,University of Ibadan,Nigeria,Africa,XL,CO,VH,,11.6,701.0,16.6,701.0,6.4,801.0,7.3,801.0,,,,,,,64.8,,76.2,175.0,41.9,801.0,,QS,,,,,,,,,,,,Ranking Not Available
,,University of Idaho,United States,Americas,M,CO,VH,Public,3.5,701.0,1.6,701.0,15.4,801.0,36.9,504.0,8.6,801.0,12.2,801.0,9.3,801.0,32.0,,7.5,801.0,41.7,801.0,,QS,,,,,,,,,,,,Ranking Not Available
,,University of Ioannina,Greece,Europe,XL,FC,HI,,9.4,701.0,5.6,701.0,1.9,801.0,32.0,562.0,2.0,801.0,7.5,801.0,11.9,801.0,55.7,,3.6,801.0,36.5,801.0,,QS,,,,,,,,,,,,Ranking Not Available
,,University of Isfahan,Iran,Asia,L,CO,VH,Public,7.7,701.0,10.7,701.0,4.9,801.0,30.7,579.0,,,2.5,801.0,2.1,801.0,52.8,,4.7,801.0,27.7,801.0,,QS,,,,,,,,,,,,Ranking Not Available
,,University of Karachi,Pakistan,Asia,XL,CO,HI,Public,14.5,701.0,19.2,676.0,2.0,801.0,10.4,801.0,4.7,801.0,1.2,801.0,1.1,801.0,48.4,,51.2,332.0,31.3,801.0,,QS,,,,,,,,,,,,Ranking Not Available
,,University of Lagos,Nigeria,Africa,XL,CO,HI,,9.4,701.0,16.5,701.0,2.5,801.0,5.2,801.0,,,,,,,45.9,,90.4,103.0,36.6,801.0,,QS,,,,,,,,,,,,Ranking Not Available
,,University of Louisville,United States,Americas,L,FC,HI,Public,3.9,701.0,4.2,701.0,43.8,454.0,13.3,801.0,21.8,691.0,5.9,801.0,11.3,801.0,59.6,,9.8,801.0,39.5,801.0,,QS,,,,,,,,,,,,Ranking Not Available
,,University of Malaysia Sabah (UMS),Malaysia,Asia,L,FC,HI,Public,22.0,565.0,15.7,701.0,15.1,801.0,6.2,801.0,23.9,663.0,12.4,801.0,15.3,801.0,33.2,,5.0,801.0,48.1,,,QS,,,,,,,,,,,,Ranking Not Available
,,University of Mississippi,United States,Americas,L,CO,VH,Public,4.6,701.0,3.2,701.0,78.0,177.0,12.0,801.0,5.2,801.0,5.1,801.0,10.4,801.0,47.6,,9.2,801.0,35.9,801.0,,QS,,,,,,,,,,,,Ranking Not Available
,,"University of Missouri, Kansas City",United States,Americas,M,CO,VH,Public,5.1,701.0,9.5,701.0,21.9,795.0,25.7,627.0,6.9,801.0,31.3,574.0,23.5,715.0,26.4,,13.4,801.0,30.8,801.0,,QS,,,,,,,,,,,,Ranking Not Available
,,University of Murcia,Spain,Europe,L,FC,VH,Public,15.3,701.0,5.4,701.0,24.9,735.0,14.9,801.0,,,7.0,801.0,12.2,801.0,77.9,,4.9,801.0,64.4,,,QS,,,,,,,,,,,,Ranking Not Available
,,University of Nairobi,Kenya,Africa,XL,FC,HI,Public,12.8,701.0,13.7,701.0,25.7,723.0,2.6,801.0,,,,,,,48.7,,95.6,72.0,39.1,801.0,,QS,,,,,,,,,,,,Ranking Not Available
,,University of Nevada - Reno,United States,Americas,L,FC,HI,Public,6.4,701.0,6.5,701.0,24.2,748.0,24.4,648.0,23.4,672.0,4.1,801.0,3.3,801.0,62.9,,13.9,801.0,48.1,,,QS,,,,,,,,,,,,Ranking Not Available
,,University of New England,Australia,Oceania,L,CO,VH,Public,12.5,701.0,9.6,701.0,8.2,801.0,16.0,785.0,6.3,801.0,6.1,801.0,10.0,801.0,67.3,,15.7,801.0,50.9,,,QS,,,,,,,,,,,,Ranking Not Available
,,University of New Hampshire,United States,Americas,L,CO,VH,Public,6.0,701.0,9.1,701.0,17.7,801.0,24.8,644.0,11.7,801.0,4.9,801.0,3.9,801.0,32.4,,13.3,801.0,47.1,,,QS,,,,,,,,,,,,Ranking Not Available
,,University of North Carolina at Charlotte,United States,Americas,L,CO,VH,Public,6.7,701.0,7.0,701.0,7.7,801.0,19.6,718.0,15.5,795.0,13.7,801.0,19.7,767.0,66.4,,15.3,801.0,43.9,801.0,,QS,,,,,,,,,,,,Ranking Not Available
,,University of Parma,Italy,Europe,XL,FC,HI,Public,13.6,701.0,5.8,701.0,4.5,801.0,33.0,551.0,5.2,801.0,16.8,784.0,22.9,722.0,63.0,,12.5,801.0,37.0,801.0,,QS,,,,,,,,,,,,Ranking Not Available
,,University of Regina,Canada,Americas,L,CO,HI,Public,4.7,701.0,2.9,701.0,5.7,801.0,34.3,532.0,4.0,801.0,51.2,400.0,54.5,376.0,48.5,,6.4,801.0,64.2,,,QS,,,,,,,,,,,,Ranking Not Available
,,University of Rhode Island,United States,Americas,L,CO,VH,Public,7.2,701.0,5.7,701.0,8.7,801.0,26.5,619.0,7.8,801.0,4.3,801.0,9.2,801.0,53.2,,15.8,801.0,68.0,,,QS,,,,,,,,,,,,Ranking Not Available
,,University of Salento,Italy,Europe,L,CO,VH,Public,6.8,701.0,1.9,701.0,8.2,801.0,41.5,454.0,1.5,801.0,4.5,801.0,9.5,801.0,71.9,,3.4,801.0,31.9,801.0,,QS,,,,,,,,,,,,Ranking Not Available
,,University of South Bohemia,Czechia,Europe,M,CO,VH,Public,7.1,701.0,5.8,701.0,53.7,350.0,12.5,801.0,27.7,618.0,19.8,730.0,26.0,670.0,57.2,,2.5,801.0,47.0,,,QS,,,,,,,,,,,,Ranking Not Available
,,University of Tabuk,Saudi Arabia,Asia,L,FC,HI,Public,8.8,701.0,3.5,701.0,27.3,693.0,6.7,801.0,93.7,197.0,5.5,801.0,9.9,801.0,42.7,,2.8,801.0,34.7,801.0,,QS,,,,,,,,,,,,Ranking Not Available
,,University of Texas Arlington,United States,Americas,XL,CO,VH,Public,7.0,701.0,9.2,701.0,6.6,801.0,16.4,776.0,12.7,801.0,39.7,492.0,45.2,460.0,57.7,,14.9,801.0,64.5,,,QS,,,,,,,,,,,,Ranking Not Available
,,University of Texas at San Antonio,United States,Americas,L,FC,HI,Public,6.7,701.0,6.0,701.0,5.8,801.0,30.6,581.0,14.1,801.0,4.6,801.0,3.7,801.0,59.9,,8.0,801.0,44.5,801.0,,QS,,,,,,,,,,,,Ranking Not Available
,,University of the Algarve,Portugal,Europe,M,CO,VH,,7.2,701.0,3.2,701.0,13.6,801.0,28.3,604.0,6.6,801.0,53.0,388.0,57.4,355.0,66.3,,3.0,801.0,45.0,801.0,,QS,,,,,,,,,,,,Ranking Not Available
,,University of the Free State,South Africa,Africa,L,FO,VH,Public,7.2,701.0,12.1,701.0,4.9,801.0,13.8,801.0,,,8.3,801.0,6.4,801.0,93.7,,18.4,751.0,41.7,801.0,,QS,,,,,,,,,,,,Ranking Not Available
,,University of Toledo,United States,Americas,L,FC,HI,Public,4.2,701.0,4.5,701.0,13.8,801.0,28.8,598.0,7.7,801.0,21.6,702.0,16.3,801.0,45.4,,14.5,801.0,39.9,801.0,,QS,,,,,,,,,,,,Ranking Not Available
,,University of Tulsa,United States,Americas,S,CO,VH,Private not for Profit,2.8,701.0,5.3,701.0,49.8,387.0,15.1,801.0,20.7,699.0,39.7,493.0,45.2,461.0,22.2,,22.5,682.0,46.7,,,QS,,,,,,,,,,,,Ranking Not Available
,,University of Vermont,United States,Americas,L,FC,HI,Public,3.7,701.0,6.8,701.0,39.8,509.0,23.0,669.0,8.8,801.0,3.8,801.0,8.8,801.0,66.2,,22.3,690.0,52.0,,,QS,,,,,,,,,,,,Ranking Not Available
,,University of Warmia and Mazury in Olsztyn,Poland,Europe,L,FC,HI,Public,10.8,701.0,14.5,701.0,42.0,478.0,7.7,801.0,2.6,801.0,4.6,801.0,9.0,801.0,42.6,,4.0,801.0,43.7,801.0,,QS,,,,,,,,,,,,Ranking Not Available
,,University of Wolverhampton,United Kingdom,Europe,L,CO,HI,Public,3.1,701.0,3.7,701.0,14.0,801.0,14.9,801.0,40.8,493.0,78.9,228.0,80.9,198.0,55.7,,5.9,801.0,31.0,801.0,,QS,,,,,,,,,,,,Ranking Not Available
,,University of Wyoming,United States,Americas,M,CO,VH,Public,3.6,701.0,2.3,701.0,39.4,515.0,29.6,592.0,12.6,801.0,8.1,801.0,13.5,801.0,52.0,,10.6,801.0,43.4,801.0,,QS,,,,,,,,,,,,Ranking Not Available
,,University of Zilina,Slovakia,Europe,M,FO,VH,Public,6.3,701.0,7.3,701.0,59.5,302.0,13.9,801.0,5.5,801.0,12.3,801.0,14.7,801.0,25.6,,5.6,801.0,36.5,801.0,,QS,,,,,,,,,,,,Ranking Not Available
,,Utah State University,United States,Americas,L,CO,VH,Public,7.4,701.0,4.2,701.0,8.6,801.0,32.8,554.0,1.1,801.0,2.7,801.0,2.3,801.0,67.2,,11.3,801.0,48.2,,,QS,,,,,,,,,,,,Ranking Not Available
,,Van Lang University,Vietnam,Asia,L,FO,HI,Private for Profit,31.4,392.0,10.3,701.0,28.9,650.0,2.3,801.0,10.6,801.0,1.3,801.0,5.7,801.0,45.3,,4.9,801.0,,,,QS,,,,,,,,,,,,Ranking Not Available
,,Warsaw University of Life Sciences,Poland,Europe,L,FO,VH,Public,8.0,701.0,7.9,701.0,23.1,773.0,14.6,801.0,2.4,801.0,11.9,801.0,15.8,801.0,67.5,,7.1,801.0,42.6,801.0,,QS,,,,,,,,,,,,Ranking Not Available
,,West Virginia University,United States,Americas,L,FC,VH,Public,6.4,701.0,7.5,701.0,15.0,801.0,28.4,603.0,8.3,801.0,8.8,801.0,6.8,801.0,66.9,,21.4,700.0,44.6,801.0,,QS,,,,,,,,,,,,Ranking Not Available
,,William & Mary,United States,Americas,M,CO,VH,Public,10.0,701.0,14.9,701.0,26.4,708.0,16.2,779.0,6.0,801.0,9.0,801.0,14.7,801.0,37.9,,38.6,450.0,44.4,801.0,,QS,,,,,,,,,,,,Ranking Not Available
,,Xi'an Jiaotong-Liverpool University,China,Asia,L,CO,HI,Private not for Profit,5.9,701.0,5.4,701.0,8.1,801.0,12.0,801.0,95.2,177.0,5.2,801.0,10.2,801.0,45.9,,1.3,801.0,44.0,801.0,,QS,,,,,,,,,,,,Ranking Not Available
,,Yerevan State University,Armenia,Asia,M,CO,HI,Public,8.7,701.0,6.0,701.0,64.8,271.0,1.9,801.0,8.7,801.0,3.0,801.0,7.2,801.0,21.2,,90.0,106.0,13.3,801.0,,QS,,,,,,,,,,,,Ranking Not Available
,,Yokohama City University,Japan,Asia,M,FO,VH,Public,3.3,701.0,3.7,701.0,96.7,64.0,19.0,730.0,7.2,801.0,6.0,801.0,10.0,801.0,15.0,,3.5,801.0,14.5,801.0,,QS,,,,,,,,,,,,Ranking Not Available
,,Yokohama National University,Japan,Asia,M,CO,VH,Public,11.6,701.0,24.5,548.0,22.9,777.0,11.3,801.0,17.2,762.0,12.5,801.0,18.2,792.0,28.1,,22.5,684.0,41.2,801.0,,QS,,,,,,,,,,,,Ranking Not Available
,,Yuan Ze University,Taiwan,Asia,M,CO,VH,Private for Profit,8.6,701.0,9.7,701.0,13.7,801.0,19.7,716.0,22.2,684.0,23.0,689.0,25.9,671.0,38.9,,2.1,801.0,42.9,801.0,,QS,,,,,,,,,,,,Ranking Not Available
,,ADA University,Azerbaijan,Asia,S,SP,LO,Public,8.4,701.0,22.4,595.0,62.3,286.0,1.3,801.0,20.2,710.0,7.7,801.0,11.9,801.0,5.2,,12.0,801.0,,,,QS,,,,,,,,,,,,Ranking Not Available
,,"Ahmadu Bello University, Zaria",Nigeria,Africa,XL,CO,HI,,6.3,701.0,9.4,701.0,10.0,801.0,2.2,801.0,2.0,801.0,1.4,801.0,5.8,801.0,44.1,,80.8,154.0,28.0,801.0,,QS,,,,,,,,,,,,Ranking Not Available
,,Al Zaytoonah University,Jordan,Asia,M,CO,HI,Private not for Profit,5.9,701.0,7.7,701.0,4.9,801.0,8.1,801.0,26.9,628.0,52.4,394.0,48.3,432.0,16.8,,5.3,801.0,14.1,801.0,,QS,,,,,,,,,,,,Ranking Not Available
,,Al-Balqa Applied University,Jordan,Asia,L,FC,HI,Public,10.2,701.0,15.4,701.0,6.0,801.0,5.8,801.0,15.2,801.0,5.2,801.0,9.2,801.0,46.0,,5.5,801.0,41.8,801.0,,QS,,,,,,,,,,,,Ranking Not Available
,,Amman Arab University,Jordan,Asia,S,FO,VH,Private not for Profit,8.4,701.0,6.0,701.0,13.0,801.0,16.0,783.0,10.6,801.0,58.6,349.0,53.4,384.0,12.2,,5.4,801.0,8.9,801.0,,QS,,,,,,,,,,,,Ranking Not Available
,,Ashoka University,India,Asia,S,SP,VH,Private for Profit,10.1,701.0,7.2,701.0,28.4,672.0,6.2,801.0,20.5,702.0,7.5,801.0,10.9,801.0,3.4,,1.9,801.0,26.3,801.0,,QS,,,,,,,,,,,,Ranking Not Available
,,Ataturk University,Turkey,Asia,XL,CO,VH,Public,8.1,701.0,2.9,701.0,4.1,801.0,9.7,801.0,4.7,801.0,20.7,715.0,26.9,657.0,49.3,,11.3,801.0,34.6,801.0,,QS,,,,,,,,,,,,Ranking Not Available
,,Bahauddin Zakariya University,Pakistan,Asia,L,CO,VH,Public,8.5,701.0,7.8,701.0,4.1,801.0,30.3,584.0,,,1.0,801.0,1.0,801.0,50.8,,8.3,801.0,25.7,801.0,,QS,,,,,,,,,,,,Ranking Not Available
,,Beijing Foreign Studies University,China,Asia,M,SP,VH,Public,8.4,701.0,7.8,701.0,42.6,470.0,2.5,801.0,25.4,646.0,48.4,418.0,36.1,532.0,4.4,,15.5,801.0,10.0,801.0,,QS,,,,,,,,,,,,Ranking Not Available
,,Beijing University of Chinese Medicine,China,Asia,L,FO,VH,Public,5.7,701.0,6.4,701.0,44.2,448.0,14.7,801.0,,,13.3,801.0,10.1,801.0,7.6,,4.1,801.0,8.4,801.0,,QS,,,,,,,,,,,,Ranking Not Available
,,Benemérita Universidad Autónoma de Puebla,Mexico,Americas,XL,FC,HI,Public,19.9,616.0,8.0,701.0,2.4,801.0,2.9,801.0,3.6,801.0,1.7,801.0,6.1,801.0,29.1,,2.3,801.0,28.9,801.0,,QS,,,,,,,,,,,,Ranking Not Available
,,Beni-Suef University,Egypt,Africa,XL,FC,HI,Public,8.7,701.0,4.1,701.0,2.1,801.0,11.1,801.0,13.7,801.0,1.6,801.0,6.0,801.0,51.5,,2.8,801.0,39.8,801.0,,QS,,,,,,,,,,,,Ranking Not Available
,,Birzeit university,Palestine,Asia,M,CO,HI,Private not for Profit,12.5,701.0,8.5,701.0,6.7,801.0,5.1,801.0,17.9,748.0,7.4,801.0,5.7,801.0,20.0,,38.3,451.0,12.3,801.0,,QS,,,,,,,,,,,,Ranking Not Available
,,BRAC University,Bangladesh,Asia,L,CO,HI,Private not for Profit,14.9,701.0,33.4,429.0,11.6,801.0,3.6,801.0,1.7,801.0,1.8,801.0,6.2,801.0,30.4,,4.5,801.0,30.0,801.0,,QS,,,,,,,,,,,,Ranking Not Available
,,British University in Egypt,Egypt,Africa,M,FO,VH,Private for Profit,8.4,701.0,10.8,701.0,36.7,549.0,4.6,801.0,1.8,801.0,6.1,801.0,10.1,801.0,18.4,,3.0,801.0,20.6,801.0,,QS,,,,,,,,,,,,Ranking Not Available
,,Brock University,Canada,Americas,L,CO,HI,Public,6.7,701.0,10.9,701.0,4.7,801.0,16.6,772.0,4.2,801.0,27.5,621.0,33.5,570.0,29.2,,6.7,801.0,41.5,801.0,,QS,,,,,,,,,,,,Ranking Not Available
,1401.0,California Polytechnic State University,United States,Americas,L,CO,HI,Public,5.6,701.0,20.0,655.0,9.4,801.0,4.9,801.0,,,,,,,43.6,,19.4,736.0,32.8,801.0,,QS,,,,,,,,,,,,Ranking Not Available
,,Can Tho University,Vietnam,Asia,XL,CO,HI,Public,10.2,701.0,6.2,701.0,3.1,801.0,4.6,801.0,65.2,357.0,1.0,801.0,5.5,801.0,36.8,,6.6,801.0,39.7,801.0,,QS,,,,,,,,,,,,Ranking Not Available
,,Canterbury Christ Church University,United Kingdom,Europe,XL,CO,MD,Public,6.8,701.0,4.7,701.0,5.3,801.0,6.8,801.0,41.5,487.0,60.4,340.0,64.2,309.0,21.9,,2.2,801.0,21.7,801.0,,QS,,,,,,,,,,,,Ranking Not Available
,,Chang Jung Christian University,Taiwan,Asia,M,CO,HI,Private not for Profit,8.5,701.0,4.9,701.0,57.0,323.0,2.6,801.0,8.2,801.0,9.3,801.0,12.6,801.0,6.0,,2.2,801.0,34.9,801.0,,QS,,,,,,,,,,,,Ranking Not Available
,,China University of Political Science and Law,China,Asia,L,FO,MD,Public,3.5,701.0,62.2,181.0,11.1,801.0,1.5,801.0,5.0,801.0,2.2,801.0,6.8,801.0,7.9,,9.6,801.0,10.2,801.0,,QS,,,,,,,,,,,,Ranking Not Available
,,Chitkara University,India,Asia,L,CO,VH,Private not for Profit,10.0,701.0,10.9,701.0,18.2,801.0,5.4,801.0,13.1,801.0,5.4,801.0,9.1,801.0,44.0,,1.7,801.0,47.4,,,QS,,,,,,,,,,,,Ranking Not Available
,,Cukurova University,Turkey,Asia,XL,FC,HI,Public,6.7,701.0,6.1,701.0,8.6,801.0,4.9,801.0,2.5,801.0,6.5,801.0,12.0,801.0,56.0,,14.1,801.0,42.3,801.0,,QS,,,,,,,,,,,,Ranking Not Available
,,Damascus University,Syria,Asia,XL,FC,MD,Public,8.0,701.0,6.4,701.0,1.7,801.0,1.5,801.0,5.4,801.0,11.2,801.0,14.6,801.0,23.2,,95.8,69.0,32.0,801.0,,QS,,,,,,,,,,,,Ranking Not Available
,,Delta University for Science & Technology,Egypt,Africa,L,FO,HI,Private not for Profit,26.2,483.0,8.8,701.0,5.7,801.0,5.1,801.0,8.5,801.0,2.4,801.0,6.6,801.0,14.0,,3.2,801.0,33.1,801.0,,QS,,,,,,,,,,,,Ranking Not Available
,,Dokuz Eylül Üniversitesi,Turkey,Asia,XL,FC,HI,Public,9.5,701.0,13.8,701.0,5.9,801.0,3.5,801.0,2.7,801.0,19.4,738.0,25.6,677.0,51.6,,9.2,801.0,56.8,,,QS,,,,,,,,,,,,Ranking Not Available
,,Doshisha University,Japan,Asia,L,CO,HI,Private not for Profit,11.1,701.0,16.2,701.0,7.0,801.0,2.5,801.0,22.1,685.0,6.3,801.0,11.6,801.0,18.7,,26.3,620.0,22.1,801.0,,QS,,,,,,,,,,,,Ranking Not Available
,,Erciyes Üniversitesi,Turkey,Asia,XL,FC,HI,Public,6.8,701.0,4.5,701.0,3.7,801.0,11.5,801.0,9.9,801.0,14.7,801.0,20.8,751.0,53.1,,2.1,801.0,52.3,,,QS,,,,,,,,,,,,Ranking Not Available
,,Feng Chia University,Taiwan,Asia,L,FO,VH,Private for Profit,12.3,701.0,11.8,701.0,6.4,801.0,11.7,801.0,5.6,801.0,6.8,801.0,11.0,801.0,10.1,,21.0,707.0,53.9,,,QS,,,,,,,,,,,,Ranking Not Available
,,Fu Jen Catholic University,Taiwan,Asia,L,FC,HI,Private not for Profit,10.6,701.0,10.8,701.0,4.5,801.0,14.9,801.0,13.2,801.0,8.1,801.0,12.5,801.0,9.3,,35.8,479.0,44.5,801.0,,QS,,,,,,,,,,,,Ranking Not Available
,,Galgotias University,India,Asia,L,CO,HI,Private not for Profit,16.6,701.0,4.6,701.0,36.2,553.0,3.2,801.0,21.1,696.0,15.0,801.0,18.1,793.0,16.9,,3.3,801.0,,,,QS,,,,,,,,,,,,Ranking Not Available
,,German university in Cairo,Egypt,Africa,L,CO,HI,Private not for Profit,11.6,701.0,21.3,617.0,9.8,801.0,3.3,801.0,17.8,750.0,1.4,801.0,1.3,801.0,20.4,,5.7,801.0,9.5,801.0,,QS,,,,,,,,,,,,Ranking Not Available
,,Gunma University,Japan,Asia,M,FO,VH,Public,3.8,701.0,2.8,701.0,89.8,104.0,9.0,801.0,5.5,801.0,5.2,801.0,8.6,801.0,10.5,,1.8,801.0,15.4,801.0,,QS,,,,,,,,,,,,Ranking Not Available
,,Hanoi University of Science and Technology,Vietnam,Asia,XL,FO,VH,Public,12.3,701.0,15.9,701.0,3.3,801.0,10.0,801.0,5.7,801.0,1.5,801.0,5.8,801.0,23.3,,30.8,537.0,51.3,,,QS,,,,,,,,,,,,Ranking Not Available
,,Helwan University,Egypt,Africa,XL,CO,HI,Public,11.0,701.0,15.0,701.0,4.9,801.0,2.6,801.0,1.2,801.0,3.4,801.0,2.8,801.0,63.6,,20.1,724.0,36.1,801.0,,QS,,,,,,,,,,,,Ranking Not Available
,,Industrial University of Ho Chi Minh City,Vietnam,Asia,L,CO,HI,Public,22.6,554.0,15.2,701.0,5.2,801.0,5.0,801.0,1.5,801.0,2.8,801.0,6.9,801.0,13.1,,6.7,801.0,19.5,801.0,,QS,,,,,,,,,,,,Ranking Not Available
,,Institut Teknologi Nasional Bandung (ITENAS Bandung),Indonesia,Asia,M,SP,LO,Private not for Profit,22.4,562.0,5.0,701.0,13.2,801.0,1.5,801.0,3.1,801.0,1.3,801.0,5.7,801.0,3.4,,2.8,801.0,26.9,801.0,,QS,,,,,,,,,,,,Ranking Not Available
,,Instituto Tecnológico de Santo Domingo (INTEC),Dominican Republic,Americas,M,FO,MD,Public,1.9,701.0,6.3,701.0,36.2,554.0,2.0,801.0,22.9,674.0,5.2,801.0,9.2,801.0,7.3,,49.7,348.0,17.6,801.0,,QS,,,,,,,,,,,,Ranking Not Available
,,International Christian University,Japan,Asia,S,FO,HI,Private for Profit,6.3,701.0,14.8,701.0,21.5,801.0,1.9,801.0,83.2,269.0,15.8,800.0,12.0,801.0,6.0,,14.9,801.0,15.5,801.0,,QS,,,,,,,,,,,,Ranking Not Available
,,International Islamic University Islamabad (IIU),Pakistan,Asia,L,CO,HI,Public,9.3,701.0,14.3,701.0,5.0,801.0,15.5,795.0,5.7,801.0,9.6,801.0,13.2,801.0,57.9,,3.3,801.0,28.8,801.0,,QS,,,,,,,,,,,,Ranking Not Available
,,Islamic Azad University,Iran,Asia,,CO,,,6.1,701.0,5.0,701.0,1.7,801.0,8.5,801.0,,,1.1,801.0,1.1,801.0,96.3,,35.7,482.0,29.4,801.0,,QS,,,,,,,,,,,,Ranking Not Available
,,Islamic University of Madinah,Saudi Arabia,Asia,L,FO,HI,Public,8.1,701.0,3.5,701.0,7.8,801.0,3.0,801.0,46.5,459.0,100.0,8.0,100.0,3.0,19.1,,2.6,801.0,7.6,801.0,,QS,,,,,,,,,,,,Ranking Not Available
,,Islamic University of Technology,Bangladesh,Asia,S,FO,VH,Public,6.5,701.0,15.2,701.0,13.9,801.0,16.2,781.0,5.6,801.0,25.5,653.0,25.5,680.0,6.0,,5.0,801.0,15.2,801.0,,QS,,,,,,,,,,,,Ranking Not Available
,,Istanbul Aydin University,Turkey,Asia,L,FO,HI,Private not for Profit,8.6,701.0,6.2,701.0,19.1,801.0,2.1,801.0,13.6,801.0,68.6,284.0,71.7,255.0,10.2,,2.4,801.0,32.1,801.0,,QS,,,,,,,,,,,,Ranking Not Available
,,Ivan Franko National University of Lviv,Ukraine,Europe,L,CO,HI,Public,9.6,701.0,25.3,533.0,32.8,590.0,1.7,801.0,1.3,801.0,1.6,801.0,6.0,801.0,13.3,,26.1,622.0,43.1,801.0,,QS,,,,,,,,,,,,Ranking Not Available
,,Izmir Yüksek Teknoloji Enstitüsü (IYTE),Turkey,Asia,S,CO,VH,Public,11.0,701.0,10.8,701.0,8.3,801.0,18.6,742.0,8.7,801.0,5.2,801.0,9.4,801.0,22.7,,2.4,801.0,38.7,801.0,,QS,,,,,,,,,,,,Ranking Not Available
,,Jahangirnagar University,Bangladesh,Asia,L,CO,HI,,12.2,701.0,17.5,701.0,5.7,801.0,9.3,801.0,,,,,,,35.3,,4.5,801.0,33.2,801.0,,QS,,,,,,,,,,,,Ranking Not Available
,,Jeju National University,South Korea,Asia,M,FC,VH,Public,5.1,701.0,3.4,701.0,44.3,446.0,13.5,801.0,9.4,801.0,9.3,801.0,13.1,801.0,23.4,,1.8,801.0,53.4,,,QS,,,,,,,,,,,,Ranking Not Available
,,Kagoshima University,Japan,Asia,M,FC,VH,Public,7.8,701.0,4.7,701.0,69.6,234.0,6.1,801.0,5.1,801.0,5.0,801.0,4.0,801.0,24.0,,1.6,801.0,23.0,801.0,,QS,,,,,,,,,,,,Ranking Not Available
,,Kazakh Ablai khan University of International Relations and World Languages,Kazakhstan,Asia,M,SP,LO,Public,10.4,701.0,16.7,701.0,54.1,348.0,1.0,801.0,9.9,801.0,8.7,801.0,11.8,801.0,1.3,,4.2,801.0,,,,QS,,,,,,,,,,,,Ranking Not Available
,,Kharkiv National University of Radio Electronics,Ukraine,Europe,M,SP,HI,Public,3.2,701.0,22.5,591.0,31.1,615.0,2.2,801.0,1.8,801.0,10.7,801.0,14.9,801.0,12.9,,4.7,801.0,33.3,801.0,,QS,,,,,,,,,,,,Ranking Not Available
,,King Mongkut's Institute of Technology Ladkrabang,Thailand,Asia,L,CO,VH,Public,13.5,701.0,11.4,701.0,6.3,801.0,6.1,801.0,31.2,576.0,4.2,801.0,8.5,801.0,20.2,,10.7,801.0,36.7,801.0,,QS,,,,,,,,,,,,Ranking Not Available
,,King Mongkut's University of Technology North Bangkok,Thailand,Asia,L,FO,VH,Public,13.4,701.0,11.9,701.0,5.3,801.0,7.3,801.0,3.8,801.0,1.4,801.0,5.8,801.0,31.1,,3.1,801.0,31.7,801.0,,QS,,,,,,,,,,,,Ranking Not Available
,,Kwame Nkrumah University of Science and Technology,Ghana,Africa,XL,CO,HI,,10.2,701.0,9.2,701.0,6.0,801.0,3.9,801.0,,,,,,,65.9,,49.9,344.0,42.3,801.0,,QS,,,,,,,,,,,,Ranking Not Available
,,Kyoto Institute of Technology,Japan,Asia,S,FO,VH,Public,8.0,701.0,6.3,701.0,18.6,801.0,18.7,741.0,15.3,801.0,13.6,801.0,17.1,801.0,13.2,,1.8,801.0,24.6,801.0,,QS,,,,,,,,,,,,Ranking Not Available
,,Kyrgyz National University,Kyrgyzstan,Asia,L,CO,LO,Public,14.3,701.0,12.6,701.0,28.4,671.0,1.1,801.0,2.6,801.0,14.0,801.0,16.2,801.0,4.5,,51.7,327.0,,,,QS,,,,,,,,,,,,Ranking Not Available
,,Kyrgyz State Technical University named after I. Razzakov,Kyrgyzstan,Asia,L,SP,LO,Public,16.1,701.0,15.1,701.0,13.9,801.0,1.0,801.0,10.7,801.0,11.5,801.0,14.2,801.0,1.1,,30.6,542.0,8.5,801.0,,QS,,,,,,,,,,,,Ranking Not Available
,,Latvia University of Life Sciences and Technologies,Latvia,Europe,S,FO,VH,Public,7.5,701.0,10.1,701.0,5.7,801.0,7.9,801.0,1.8,801.0,16.5,790.0,19.1,776.0,24.1,,17.7,768.0,35.8,801.0,,QS,,,,,,,,,,,,Ranking Not Available
,,Marquette University,United States,Americas,M,CO,VH,Private not for Profit,3.6,701.0,3.2,701.0,28.5,669.0,15.2,801.0,8.6,801.0,5.0,801.0,10.0,801.0,31.7,,27.3,605.0,30.0,801.0,,QS,,,,,,,,,,,,Ranking Not Available
,,Meiji University,Japan,Asia,XL,FO,HI,Private for Profit,9.4,701.0,24.6,545.0,5.9,801.0,2.5,801.0,14.5,801.0,8.9,801.0,13.3,801.0,12.6,,29.4,559.0,29.4,801.0,,QS,,,,,,,,,,,,Ranking Not Available
,,Miami University,United States,Americas,L,CO,HI,Public,3.4,701.0,11.8,701.0,8.9,801.0,14.0,801.0,7.0,801.0,11.1,801.0,8.5,801.0,44.4,,42.5,412.0,37.9,801.0,,QS,,,,,,,,,,,,Ranking Not Available
,,Nagoya Institute of Technology (NIT),Japan,Asia,M,FO,VH,Public,9.5,701.0,4.4,701.0,11.5,801.0,28.6,599.0,6.9,801.0,7.8,801.0,6.0,801.0,19.6,,8.6,801.0,18.1,801.0,,QS,,,,,,,,,,,,Ranking Not Available
,,National Chin-Yi University of Technology,Taiwan,Asia,M,FO,VH,Public,13.0,701.0,16.4,701.0,8.8,801.0,12.9,801.0,3.1,801.0,20.6,718.0,21.3,745.0,15.6,,2.1,801.0,40.0,801.0,,QS,,,,,,,,,,,,Ranking Not Available
,,National Dong Hwa University,Taiwan,Asia,M,CO,HI,Public,16.3,701.0,7.0,701.0,8.6,801.0,8.7,801.0,13.9,801.0,18.6,750.0,22.2,729.0,10.7,,2.1,801.0,46.9,,,QS,,,,,,,,,,,,Ranking Not Available
,,National Research University Moscow Power Engineering Institute (MPEI),Russia,Europe,M,FO,VH,Public,6.6,701.0,8.4,701.0,21.9,797.0,2.5,801.0,6.0,801.0,54.9,379.0,55.1,373.0,15.8,,17.2,778.0,16.8,801.0,,QS,,,,,,,,,,,,Ranking Not Available
,,National Taiwan Ocean University,Taiwan,Asia,M,FO,VH,Public,7.7,701.0,6.3,701.0,16.0,801.0,18.5,745.0,10.2,801.0,13.9,801.0,16.6,801.0,18.6,,4.1,801.0,55.7,,,QS,,,,,,,,,,,,Ranking Not Available
,,National University of Kyiv-Mohyla Academy (NaUKMA),Ukraine,Europe,S,FO,VH,Public,5.6,701.0,26.8,512.0,57.1,322.0,1.5,801.0,2.6,801.0,1.3,801.0,5.7,801.0,6.1,,29.9,550.0,16.5,801.0,,QS,,,,,,,,,,,,Ranking Not Available
,,New Mexico State University,United States,Americas,L,CO,VH,,6.6,701.0,6.8,701.0,13.0,801.0,21.3,695.0,10.4,801.0,10.0,801.0,7.7,801.0,38.6,,10.8,801.0,43.0,801.0,,QS,,,,,,,,,,,,Ranking Not Available
,,Novosibirsk State Technical University,Russia,Europe,L,FO,VH,Public,5.7,701.0,11.1,701.0,27.7,686.0,2.8,801.0,2.0,801.0,56.7,366.0,55.2,372.0,11.6,,7.3,801.0,15.2,801.0,,QS,,,,,,,,,,,,Ranking Not Available
,,Odessa I.I.Mechnikov National University,Ukraine,Europe,M,FO,HI,Public,3.9,701.0,6.3,701.0,70.5,224.0,1.6,801.0,2.2,801.0,6.1,801.0,10.1,801.0,12.9,,16.8,790.0,15.5,801.0,,QS,,,,,,,,,,,,Ranking Not Available
,,"Osmania University, Hyderabad",India,Asia,M,CO,VH,Public,6.0,701.0,6.2,701.0,5.0,801.0,35.1,523.0,,,9.3,801.0,7.1,801.0,25.2,,16.3,801.0,20.5,801.0,,QS,,,,,,,,,,,,Ranking Not Available
,,Ozyegin University,Turkey,Asia,M,FO,VH,Private not for Profit,6.6,701.0,16.1,701.0,10.2,801.0,10.1,801.0,14.7,801.0,33.5,552.0,38.7,510.0,18.4,,2.6,801.0,45.1,801.0,,QS,,,,,,,,,,,,Ranking Not Available
,,Palestine Technical University - Kadoorie,Palestine,Asia,S,CO,HI,Public,9.4,701.0,9.1,701.0,29.8,637.0,3.5,801.0,66.5,351.0,16.4,791.0,17.5,801.0,18.0,,12.0,801.0,6.1,801.0,,QS,,,,,,,,,,,,Ranking Not Available
,,Pondicherry University,India,Asia,M,CO,VH,Public,5.1,701.0,3.4,701.0,7.4,801.0,33.4,545.0,2.3,801.0,1.6,801.0,6.0,801.0,34.7,,3.2,801.0,47.1,,,QS,,,,,,,,,,,,Ranking Not Available
,,Pontificia Universidade Católica do Rio Grande do Sul,Brazil,Americas,M,FC,HI,Private not for Profit,8.7,701.0,6.0,701.0,18.4,801.0,19.9,714.0,3.2,801.0,2.2,801.0,6.6,801.0,19.8,,11.7,801.0,28.5,801.0,,QS,,,,,,,,,,,,Ranking Not Available
,,Portland State University,United States,Americas,L,CO,VH,Public,4.9,701.0,2.6,701.0,14.8,801.0,15.7,789.0,2.1,801.0,10.8,801.0,8.3,801.0,42.3,,16.5,796.0,47.0,,,QS,,,,,,,,,,,,Ranking Not Available
,,Pratt Institute,United States,Americas,M,FO,HI,Private not for Profit,6.9,701.0,7.0,701.0,47.5,413.0,1.7,801.0,7.5,801.0,95.6,120.0,71.1,262.0,2.1,,7.1,801.0,10.1,801.0,,QS,,,,,,,,,,,,Ranking Not Available
,,Pukyong National University,South Korea,Asia,L,CO,VH,Public,9.4,701.0,6.0,701.0,21.2,801.0,13.6,801.0,6.6,801.0,13.9,801.0,10.6,801.0,33.9,,1.7,801.0,58.6,,,QS,,,,,,,,,,,,Ranking Not Available
,,"Queen Margaret University , Edinburgh",United Kingdom,Europe,M,FO,HI,Public,4.3,701.0,6.5,701.0,6.3,801.0,19.1,729.0,68.4,341.0,67.4,293.0,70.6,265.0,3.5,,1.0,801.0,18.6,801.0,,QS,,,,,,,,,,,,Ranking Not Available
,,Riphah International University,Pakistan,Asia,L,CO,HI,Private not for Profit,13.8,701.0,8.2,701.0,26.2,712.0,6.4,801.0,2.2,801.0,1.5,801.0,5.9,801.0,51.8,,3.2,801.0,32.3,801.0,,QS,,,,,,,,,,,,Ranking Not Available
,,Saint-Petersburg Electrotechnical University LETI,Russia,Europe,M,FO,VH,Public,4.8,701.0,6.3,701.0,51.9,363.0,3.0,801.0,5.6,801.0,56.2,371.0,58.5,349.0,15.9,,7.3,801.0,26.4,801.0,,QS,,,,,,,,,,,,Ranking Not Available
,,Saken Seifullin Kazakh Agrotechnical University,Kazakhstan,Asia,M,FO,HI,Private not for Profit,10.2,701.0,18.0,701.0,42.2,475.0,1.5,801.0,23.5,669.0,9.4,801.0,12.5,801.0,3.6,,4.2,801.0,36.7,801.0,,QS,,,,,,,,,,,,Ranking Not Available
,,Samara National Research University (Samara University),Russia,Europe,M,CO,VH,Public,4.0,701.0,3.7,701.0,74.6,199.0,3.2,801.0,2.9,801.0,22.3,696.0,27.1,652.0,19.5,,13.2,801.0,30.6,801.0,,QS,,,,,,,,,,,,Ranking Not Available
,,Sathyabama Institute of Science and Technology,India,Asia,L,CO,VH,Private not for Profit,11.0,701.0,10.4,701.0,27.0,698.0,9.4,801.0,7.5,801.0,6.1,801.0,10.6,801.0,29.5,,1.7,801.0,51.0,,,QS,,,,,,,,,,,,Ranking Not Available
,,Seattle University,United States,Americas,M,CO,HI,Private not for Profit,6.6,701.0,14.0,701.0,40.5,498.0,3.2,801.0,1.7,801.0,22.1,698.0,28.3,636.0,6.0,,15.3,801.0,42.5,801.0,,QS,,,,,,,,,,,,Ranking Not Available
,,Selcuk University,Turkey,Asia,L,CO,VH,Public,7.5,701.0,3.7,701.0,23.7,757.0,7.3,801.0,2.4,801.0,23.6,682.0,29.7,619.0,53.8,,13.6,801.0,45.7,801.0,,QS,,,,,,,,,,,,Ranking Not Available
,,Shanghai International Studies University,China,Asia,L,SP,VH,Public,7.2,701.0,6.4,701.0,21.7,801.0,3.3,801.0,33.8,546.0,40.0,491.0,29.9,618.0,10.8,,9.3,801.0,9.4,801.0,,QS,,,,,,,,,,,,Ranking Not Available
,,Shanghai University of Finance and Economics,China,Asia,L,SP,VH,Public,5.8,701.0,15.1,701.0,12.2,801.0,9.9,801.0,20.4,706.0,3.6,801.0,8.7,801.0,14.1,,48.0,360.0,32.0,801.0,,QS,,,,,,,,,,,,Ranking Not Available
,,Shinshu University,Japan,Asia,M,FC,VH,Public,4.7,701.0,4.9,701.0,39.9,507.0,20.2,709.0,6.8,801.0,4.7,801.0,8.8,801.0,25.2,,3.4,801.0,24.6,801.0,,QS,,,,,,,,,,,,Ranking Not Available
,,Shiv Nadar University,India,Asia,S,CO,VH,Private for Profit,7.5,701.0,6.1,701.0,42.1,476.0,20.8,701.0,17.4,759.0,3.2,801.0,7.3,801.0,13.5,,1.8,801.0,30.4,801.0,,QS,,,,,,,,,,,,Ranking Not Available
,,"Siksha ‘O’ Anusandhan (Deemed to be University), SOA",India,Asia,L,FO,VH,Private not for Profit,8.2,701.0,5.5,701.0,41.6,485.0,11.4,801.0,3.2,801.0,4.0,801.0,8.2,801.0,28.7,,1.7,801.0,35.8,801.0,,QS,,,,,,,,,,,,Ranking Not Available
,,Slovak University of Agriculture in Nitra,Slovakia,Europe,S,SP,HI,Public,8.9,701.0,10.6,701.0,36.7,547.0,15.5,794.0,8.8,801.0,8.9,801.0,12.3,801.0,28.5,,5.7,801.0,24.9,801.0,,QS,,,,,,,,,,,,Ranking Not Available
,,Sookmyung Women's University,South Korea,Asia,M,CO,HI,Private for Profit,6.9,701.0,9.7,701.0,46.8,422.0,4.9,801.0,4.8,801.0,5.0,801.0,9.3,801.0,6.1,,1.9,801.0,39.8,801.0,,QS,,,,,,,,,,,,Ranking Not Available
,,Suranaree University of Technology,Thailand,Asia,L,FC,HI,Public,10.2,701.0,6.5,701.0,5.9,801.0,16.7,768.0,7.4,801.0,2.4,801.0,6.7,801.0,27.3,,3.2,801.0,44.6,801.0,,QS,,,,,,,,,,,,Ranking Not Available
,,Taibah University,Saudi Arabia,Asia,XL,FC,HI,Public,9.2,701.0,4.3,701.0,7.6,801.0,7.4,801.0,90.6,221.0,3.6,801.0,8.2,801.0,38.0,,2.5,801.0,32.5,801.0,,QS,,,,,,,,,,,,Ranking Not Available
,,Tamkang University,Taiwan,Asia,L,CO,HI,Private for Profit,7.8,701.0,9.9,701.0,5.2,801.0,11.0,801.0,8.0,801.0,11.6,801.0,16.4,801.0,24.6,,35.6,484.0,45.7,801.0,,QS,,,,,,,,,,,,Ranking Not Available
,,Tanta University,Egypt,Africa,XL,FC,HI,Public,7.7,701.0,9.8,701.0,7.2,801.0,4.0,801.0,1.5,801.0,3.0,801.0,7.3,801.0,73.3,,5.7,801.0,48.1,,,QS,,,,,,,,,,,,Ranking Not Available
,,Tashkent State Transport University,Uzbekistan,Asia,L,FO,HI,Public,19.3,640.0,10.8,701.0,24.7,740.0,1.3,801.0,3.5,801.0,2.3,801.0,6.5,801.0,2.0,,9.2,801.0,30.1,801.0,,QS,,,,,,,,,,,,Ranking Not Available
,,Technical University of Cluj-Napoca,Romania,Europe,L,SP,VH,Public,5.8,701.0,10.7,701.0,10.5,801.0,8.2,801.0,4.0,801.0,5.6,801.0,10.1,801.0,46.5,,5.1,801.0,42.1,801.0,,QS,,,,,,,,,,,,Ranking Not Available
,,Technical University of Liberec,Czechia,Europe,M,CO,VH,Public,5.6,701.0,5.0,701.0,43.9,452.0,9.3,801.0,15.6,789.0,14.9,801.0,18.7,785.0,28.5,,2.5,801.0,15.7,801.0,,QS,,,,,,,,,,,,Ranking Not Available
,,Technische Universität Kaiserslautern,Germany,Europe,L,CO,VH,,8.6,701.0,6.0,701.0,22.2,787.0,7.5,801.0,,,,,,,63.4,,5.4,801.0,,,,QS,,,,,,,,,,,,Ranking Not Available
,,Tecnológico de Costa Rica (TEC),Costa Rica,Americas,M,FO,HI,Public,11.2,701.0,24.9,539.0,23.2,770.0,2.1,801.0,9.7,801.0,3.0,801.0,7.3,801.0,11.1,,11.6,801.0,17.8,801.0,,QS,,,,,,,,,,,,Ranking Not Available
,,"The ""Gheorghe Asachi"" Technical University of Iasi",Romania,Europe,L,SP,VH,Public,6.5,701.0,14.5,701.0,3.8,801.0,10.0,801.0,,,8.6,801.0,6.6,801.0,49.3,,5.3,801.0,22.7,801.0,,QS,,,,,,,,,,,,Ranking Not Available
,,The Russian Presidential Academy of National Economy and Public Administration,Russia,Europe,XL,FO,VH,Public,5.6,701.0,14.9,701.0,48.4,401.0,1.2,801.0,2.1,801.0,4.6,801.0,9.3,801.0,21.8,,53.7,312.0,14.3,801.0,,QS,,,,,,,,,,,,Ranking Not Available
,,The University of Northampton,United Kingdom,Europe,L,CO,MD,Public,3.4,701.0,3.9,701.0,6.4,801.0,4.4,801.0,51.5,431.0,93.4,140.0,93.9,116.0,16.8,,5.9,801.0,19.0,801.0,,QS,,,,,,,,,,,,Ranking Not Available
,1401.0,"The University of Notre Dame, Australia",Australia,Oceania,M,FC,HI,Private not for Profit,3.4,701.0,5.9,701.0,6.3,801.0,10.2,801.0,53.7,421.0,21.9,700.0,28.0,637.0,11.5,,1.7,801.0,34.1,801.0,,QS,,,,,,,,,,,,Ranking Not Available
,,Tishk International University,Iraq,Asia,M,CO,HI,Private for Profit,13.4,701.0,4.0,701.0,8.0,801.0,11.8,801.0,74.2,318.0,1.6,801.0,5.9,801.0,33.5,,5.9,801.0,17.3,801.0,,QS,,,,,,,,,,,,Ranking Not Available
,,Tokai University,Japan,Asia,L,FC,HI,Private not for Profit,12.8,701.0,9.0,701.0,18.1,801.0,5.4,801.0,7.7,801.0,5.3,801.0,4.2,801.0,28.8,,3.4,801.0,34.4,801.0,,QS,,,,,,,,,,,,Ranking Not Available
,,Tokushima University,Japan,Asia,M,SP,VH,Public,5.4,701.0,3.2,701.0,70.1,231.0,10.2,801.0,3.3,801.0,3.8,801.0,7.8,801.0,18.2,,6.4,801.0,23.3,801.0,,QS,,,,,,,,,,,,Ranking Not Available
,,Tomas Bata University in Zlin,Czechia,Europe,M,CO,HI,Public,6.1,701.0,10.3,701.0,13.6,801.0,11.1,801.0,33.1,552.0,30.7,583.0,35.5,542.0,31.2,,5.1,801.0,26.2,801.0,,QS,,,,,,,,,,,,Ranking Not Available
,,Transilvania University of Brasov,Romania,Europe,L,FC,HI,Public,9.0,701.0,10.2,701.0,8.4,801.0,7.1,801.0,5.0,801.0,3.8,801.0,8.9,801.0,69.6,,5.3,801.0,32.2,801.0,,QS,,,,,,,,,,,,Ranking Not Available
,,Tunghai University,Taiwan,Asia,L,FO,VH,Private for Profit,10.1,701.0,9.2,701.0,6.7,801.0,13.1,801.0,13.5,801.0,17.8,765.0,21.7,735.0,28.2,,21.9,696.0,47.5,,,QS,,,,,,,,,,,,Ranking Not Available
,,UCAM Universidad Católica San Antonio de Murcia,Spain,Europe,L,FO,VH,,9.6,701.0,5.6,701.0,9.9,801.0,7.5,801.0,14.6,801.0,43.8,460.0,49.0,425.0,23.9,,1.8,801.0,41.4,801.0,,QS,,,,,,,,,,,,Ranking Not Available
,,Universidad Autónoma Chapingo,Mexico,Americas,M,FO,VH,Public,4.1,701.0,4.2,701.0,77.6,178.0,2.1,801.0,8.7,801.0,1.3,801.0,1.2,801.0,6.4,,13.0,801.0,16.8,801.0,,QS,,,,,,,,,,,,Ranking Not Available
,,Universidad Autónoma de Guadalajara,Mexico,Americas,M,FC,MD,Private for Profit,10.3,701.0,5.2,701.0,28.7,665.0,1.2,801.0,45.7,464.0,23.6,681.0,17.8,801.0,2.4,,2.1,801.0,7.3,801.0,,QS,,,,,,,,,,,,Ranking Not Available
,,Universidad Autónoma de Nuevo León (UANL),Mexico,Americas,XL,FC,HI,Public,20.9,593.0,10.7,701.0,3.1,801.0,2.9,801.0,4.0,801.0,1.3,801.0,1.2,801.0,39.1,,18.4,750.0,43.7,801.0,,QS,,,,,,,,,,,,Ranking Not Available
,,Universidad Autónoma del Estado de Hidalgo,Mexico,Americas,XL,FC,MD,Public,3.6,701.0,8.3,701.0,51.7,366.0,1.9,801.0,2.6,801.0,2.9,801.0,7.2,801.0,13.3,,2.3,801.0,41.8,801.0,,QS,,,,,,,,,,,,Ranking Not Available
,,Universidad Autónoma del Estado de México,Mexico,Americas,XL,FC,MD,Public,23.0,547.0,12.8,701.0,7.5,801.0,2.0,801.0,3.9,801.0,1.7,801.0,6.1,801.0,15.6,,2.1,801.0,39.8,801.0,,QS,,,,,,,,,,,,Ranking Not Available
,,Universidad Católica del Norte,Chile,Americas,M,FC,HI,Private not for Profit,5.7,701.0,5.0,701.0,10.9,801.0,9.3,801.0,21.9,688.0,8.5,801.0,6.5,801.0,45.0,,2.5,801.0,53.0,,,QS,,,,,,,,,,,,Ranking Not Available
,,Universidad Central Marta Abreu de Las Villas,Cuba,Americas,M,CO,HI,Public,4.8,701.0,2.0,701.0,99.9,28.0,1.6,801.0,1.1,801.0,1.6,801.0,1.4,801.0,9.4,,26.5,616.0,10.2,801.0,,QS,,,,,,,,,,,,Ranking Not Available
,,Universidad Cientifica del Sur,Peru,Americas,L,FC,MD,Private for Profit,6.1,701.0,6.8,701.0,68.3,244.0,1.7,801.0,4.2,801.0,1.3,801.0,5.7,801.0,14.8,,4.8,801.0,30.1,801.0,,QS,,,,,,,,,,,,Ranking Not Available
,,Universidad de la Frontera (UFRO),Chile,Americas,M,CO,VH,Public,14.4,701.0,7.5,701.0,6.5,801.0,19.2,726.0,3.1,801.0,1.7,801.0,1.5,801.0,44.0,,2.7,801.0,32.3,801.0,,QS,,,,,,,,,,,,Ranking Not Available
,,Universidad de Las Américas (UDLA) Ecuador,Ecuador,Americas,L,CO,HI,Private not for Profit,14.4,701.0,8.4,701.0,21.1,801.0,2.6,801.0,24.7,654.0,5.0,801.0,9.2,801.0,18.3,,7.0,801.0,30.9,801.0,,QS,,,,,,,,,,,,Ranking Not Available
,,Universidad de Lima,Peru,Americas,L,SP,HI,Private not for Profit,14.1,701.0,31.8,450.0,6.8,801.0,1.7,801.0,3.7,801.0,3.7,801.0,8.1,801.0,11.3,,30.3,548.0,33.9,801.0,,QS,,,,,,,,,,,,Ranking Not Available
,,Universidad de los Andes Mérida,Venezuela,Americas,L,FC,MD,Public,20.2,608.0,12.7,701.0,26.3,711.0,1.6,801.0,1.5,801.0,2.0,801.0,6.3,801.0,19.3,,22.4,688.0,32.0,801.0,,QS,,,,,,,,,,,,Ranking Not Available
,,Universidad de Monterrey,Mexico,Americas,M,FO,HI,Private not for Profit,19.8,622.0,15.4,701.0,8.7,801.0,2.4,801.0,18.2,737.0,6.8,801.0,5.3,801.0,9.2,,6.4,801.0,32.5,801.0,,QS,,,,,,,,,,,,Ranking Not Available
,,Universidad de Valparaíso,Chile,Americas,L,FC,HI,Public,15.5,701.0,8.4,701.0,12.8,801.0,5.0,801.0,8.6,801.0,2.9,801.0,2.4,801.0,34.3,,4.8,801.0,39.7,801.0,,QS,,,,,,,,,,,,Ranking Not Available
,,Universidad del Desarrollo,Chile,Americas,L,CO,HI,Private not for Profit,11.8,701.0,15.7,701.0,15.7,801.0,4.0,801.0,10.6,801.0,3.3,801.0,7.6,801.0,18.3,,6.8,801.0,47.5,,,QS,,,,,,,,,,,,Ranking Not Available
,,Universidad del Norte,Colombia,Americas,M,FC,HI,Private not for Profit,13.2,701.0,14.3,701.0,12.7,801.0,6.0,801.0,8.5,801.0,1.7,801.0,6.0,801.0,27.1,,10.8,801.0,44.2,801.0,,QS,,,,,,,,,,,,Ranking Not Available
,,Universidad del Valle de Guatemala (UVG),Guatemala,Americas,M,CO,MD,Private not for Profit,6.5,701.0,11.0,701.0,61.9,288.0,1.4,801.0,9.4,801.0,3.2,801.0,7.4,801.0,5.6,,15.3,801.0,11.0,801.0,,QS,,,,,,,,,,,,Ranking Not Available
,,Universidad Industrial de Santander,Colombia,Americas,L,FC,MD,Public,12.7,701.0,17.6,701.0,5.8,801.0,3.4,801.0,6.0,801.0,2.0,801.0,6.3,801.0,18.5,,13.3,801.0,28.5,801.0,,QS,,,,,,,,,,,,Ranking Not Available
,,Universidad Jesuita de Guadalajara - ITESO,Mexico,Americas,M,FO,MD,Private not for Profit,9.3,701.0,7.8,701.0,84.6,138.0,1.2,801.0,3.8,801.0,2.5,801.0,2.1,801.0,3.7,,2.3,801.0,21.8,801.0,,QS,,,,,,,,,,,,Ranking Not Available
,,Universidad Nacional Costa Rica,Costa Rica,Americas,L,CO,MD,Public,13.5,701.0,18.4,698.0,17.5,801.0,2.2,801.0,13.1,801.0,4.1,801.0,3.3,801.0,16.8,,11.4,801.0,23.3,801.0,,QS,,,,,,,,,,,,Ranking Not Available
,,Universidad Nacional de Asunción,Paraguay,Americas,XL,FC,MD,Public,7.6,701.0,5.5,701.0,43.1,462.0,1.2,801.0,1.5,801.0,2.7,801.0,7.0,801.0,13.1,,73.8,189.0,28.8,801.0,,QS,,,,,,,,,,,,Ranking Not Available
,,Universidad Nacional de Cuyo,Argentina,Americas,XL,FC,HI,Public,17.8,684.0,10.7,701.0,23.9,754.0,2.8,801.0,2.1,801.0,11.6,801.0,8.9,801.0,26.5,,14.8,801.0,43.7,801.0,,QS,,,,,,,,,,,,Ranking Not Available
,,Universidad Nacional de Ingeniería Peru,Peru,Americas,L,FO,HI,,11.2,701.0,31.2,458.0,10.2,801.0,2.0,801.0,1.3,801.0,1.4,801.0,5.8,801.0,7.1,,27.5,602.0,10.5,801.0,,QS,,,,,,,,,,,,Ranking Not Available
,,Universidad Nacional de San Luis,Argentina,Americas,L,FO,HI,Public,3.9,701.0,2.0,701.0,84.8,136.0,1.4,801.0,,,,,,,10.1,,1.5,801.0,18.0,801.0,,QS,,,,,,,,,,,,Ranking Not Available
,,Universidad Nacional del Centro de la Provincia de Buenos Aires,Argentina,Americas,L,FC,MD,Public,6.3,701.0,6.3,701.0,81.4,160.0,1.8,801.0,,,,,,,7.7,,1.5,801.0,20.5,801.0,,QS,,,,,,,,,,,,Ranking Not Available
,,Universidad Nacional del Litoral,Argentina,Americas,XL,CO,HI,Public,18.1,674.0,10.1,701.0,3.1,801.0,4.1,801.0,6.6,801.0,1.5,801.0,1.4,801.0,26.8,,7.1,801.0,41.0,801.0,,QS,,,,,,,,,,,,Ranking Not Available
,,Universidad Peruana de Ciencias Aplicadas (UPC),Peru,Americas,XL,FO,HI,Private not for Profit,17.8,689.0,26.8,511.0,4.7,801.0,1.4,801.0,17.1,766.0,2.1,801.0,1.8,801.0,10.1,,4.8,801.0,32.0,801.0,,QS,,,,,,,,,,,,Ranking Not Available
,,Universidad Tecnológica de Panamá (UTP),Panama,Americas,L,CO,MD,Public,9.5,701.0,19.9,661.0,38.2,531.0,1.2,801.0,4.9,801.0,8.0,801.0,12.0,801.0,5.2,,7.3,801.0,24.5,801.0,,QS,,,,,,,,,,,,Ranking Not Available
,,Universidad Tecnológica Nacional (UTN),Argentina,Americas,XL,SP,HI,Public,5.2,701.0,19.2,678.0,56.6,327.0,1.2,801.0,,,3.8,801.0,3.1,801.0,10.9,,9.2,801.0,19.1,801.0,,QS,,,,,,,,,,,,Ranking Not Available
,,Universidade do Estado do Rio de Janeiro (UERJ),Brazil,Americas,XL,FC,HI,Public,13.2,701.0,6.5,701.0,22.6,780.0,4.0,801.0,4.8,801.0,1.4,801.0,1.3,801.0,48.0,,22.6,680.0,31.8,801.0,,QS,,,,,,,,,,,,Ranking Not Available
,,Universidade Federal da Bahia,Brazil,Americas,XL,FC,HI,Public,13.5,701.0,5.0,701.0,11.8,801.0,5.7,801.0,6.9,801.0,2.0,801.0,1.8,801.0,48.7,,20.6,715.0,41.4,801.0,,QS,,,,,,,,,,,,Ranking Not Available
,,Universidade Federal de Pernambuco (UFPE),Brazil,Americas,XL,FC,HI,Public,16.0,701.0,4.4,701.0,20.3,801.0,7.6,801.0,4.8,801.0,1.4,801.0,5.9,801.0,58.3,,6.8,801.0,36.1,801.0,,QS,,,,,,,,,,,,Ranking Not Available
,,Universidade Federal de Santa Maria,Brazil,Americas,L,FC,HI,Public,7.0,701.0,2.2,701.0,25.0,734.0,9.9,801.0,2.9,801.0,2.1,801.0,6.5,801.0,52.5,,8.4,801.0,55.7,,,QS,,,,,,,,,,,,Ranking Not Available
,,Universidade Federal de Viçosa,Brazil,Americas,L,FC,HI,Public,6.8,701.0,4.3,701.0,17.4,801.0,16.2,780.0,3.4,801.0,3.7,801.0,8.1,801.0,26.5,,5.7,801.0,49.6,,,QS,,,,,,,,,,,,Ranking Not Available
,,Universidade Federal do Ceará (UFC),Brazil,Americas,XL,FC,HI,Public,11.3,701.0,4.8,701.0,7.9,801.0,10.1,801.0,1.5,801.0,1.7,801.0,6.1,801.0,41.7,,8.0,801.0,36.2,801.0,,QS,,,,,,,,,,,,Ranking Not Available
,,Universidade Federal Fluminense,Brazil,Americas,XL,FC,HI,Public,12.5,701.0,3.1,701.0,17.4,801.0,6.4,801.0,8.8,801.0,1.3,801.0,5.8,801.0,57.0,,17.6,770.0,55.7,,,QS,,,,,,,,,,,,Ranking Not Available
,,Universidade Presbiteriana Mackenzie,Brazil,Americas,M,CO,HI,Private not for Profit,5.8,701.0,12.6,701.0,19.5,801.0,3.8,801.0,2.3,801.0,1.1,801.0,5.6,801.0,13.8,,56.4,295.0,18.1,801.0,,QS,,,,,,,,,,,,Ranking Not Available
,,Universita' degli Studi di Urbino Carlo Bo,Italy,Europe,L,FO,VH,Public,6.8,701.0,2.8,701.0,3.0,801.0,14.5,801.0,22.6,680.0,9.1,801.0,14.2,801.0,28.5,,13.8,801.0,27.3,801.0,,QS,,,,,,,,,,,,Ranking Not Available
,,Universitas Muhammadiyah Yogyakarta (UMY),Indonesia,Asia,L,FO,HI,Private not for Profit,10.9,701.0,4.2,701.0,4.8,801.0,2.2,801.0,82.5,275.0,3.9,801.0,8.3,801.0,8.3,,2.7,801.0,37.9,801.0,,QS,,,,,,,,,,,,Ranking Not Available
,,Universitas Negeri Yogyakarta,Indonesia,Asia,L,CO,HI,Public,17.4,701.0,6.7,701.0,12.2,801.0,2.0,801.0,18.8,732.0,2.8,801.0,7.2,801.0,10.8,,2.8,801.0,32.5,801.0,,QS,,,,,,,,,,,,Ranking Not Available
,,Universitas Pendidikan Indonesia,Indonesia,Asia,XL,CO,HI,Public,17.4,701.0,5.7,701.0,16.2,801.0,2.2,801.0,17.6,757.0,2.5,801.0,7.1,801.0,20.0,,2.7,801.0,43.1,801.0,,QS,,,,,,,,,,,,Ranking Not Available
,,Universitas Trisakti,Indonesia,Asia,M,FO,VH,Private not for Profit,14.3,701.0,5.8,701.0,29.0,649.0,1.5,801.0,3.0,801.0,1.3,801.0,5.7,801.0,4.1,,41.1,425.0,33.3,801.0,,QS,,,,,,,,,,,,Ranking Not Available
,,Universität Siegen,Germany,Europe,L,CO,HI,Public,5.4,701.0,1.2,701.0,15.4,801.0,10.2,801.0,53.9,419.0,37.3,524.0,42.9,485.0,42.0,,4.9,801.0,29.2,801.0,,QS,,,,,,,,,,,,Ranking Not Available
,,Université de Caen Normandie,France,Europe,L,FC,HI,Public,11.3,701.0,5.2,701.0,9.2,801.0,10.3,801.0,11.0,801.0,11.4,801.0,8.7,801.0,76.4,,6.6,801.0,35.8,801.0,,QS,,,,,,,,,,,,Ranking Not Available
,,Université de Limoges,France,Europe,M,SP,VH,,8.9,701.0,5.5,701.0,22.4,783.0,9.1,801.0,,,,,,,55.9,,3.6,801.0,29.6,801.0,,QS,,,,,,,,,,,,Ranking Not Available
,,Université de Poitiers,France,Europe,L,CO,VH,Public,11.1,701.0,1.2,701.0,7.6,801.0,8.5,801.0,,,38.9,505.0,29.1,626.0,74.6,,13.6,801.0,39.3,801.0,,QS,,,,,,,,,,,,Ranking Not Available
,,Université de Sousse,Tunisia,Africa,L,FC,HI,Public,6.4,701.0,3.9,701.0,51.8,365.0,2.9,801.0,1.2,801.0,3.7,801.0,7.9,801.0,36.6,,9.4,801.0,44.1,801.0,,QS,,,,,,,,,,,,Ranking Not Available
,,Université de Tunis,Tunisia,Africa,L,FO,VH,Public,11.3,701.0,5.8,701.0,28.3,674.0,3.0,801.0,2.5,801.0,2.8,801.0,7.1,801.0,17.4,,58.5,280.0,29.6,801.0,,QS,,,,,,,,,,,,Ranking Not Available
,,Université Ibn Tofail,Morocco,Africa,XL,CO,HI,Public,14.6,701.0,3.1,701.0,1.5,801.0,12.0,801.0,27.0,624.0,4.2,801.0,9.1,801.0,28.6,,5.0,801.0,36.8,801.0,,QS,,,,,,,,,,,,Ranking Not Available
,,Université Jean Moulin Lyon 3,France,Europe,L,SP,VH,Public,11.2,701.0,11.4,701.0,2.4,801.0,4.3,801.0,27.0,626.0,44.1,456.0,49.2,421.0,11.8,,5.9,801.0,25.4,801.0,,QS,,,,,,,,,,,,Ranking Not Available
,,Université Mohammed V de Rabat,Morocco,Africa,XL,CO,VH,Public,4.8,701.0,3.1,701.0,2.4,801.0,9.5,801.0,4.7,801.0,5.7,801.0,11.1,801.0,75.6,,75.8,178.0,42.6,801.0,,QS,,,,,,,,,,,,Ranking Not Available
,,Université Paris-Nanterre,France,Europe,XL,FO,VH,Public,14.6,701.0,4.7,701.0,4.7,801.0,4.0,801.0,11.7,801.0,2.1,801.0,1.8,801.0,60.0,,44.3,398.0,39.8,801.0,,QS,,,,,,,,,,,,Ranking Not Available
,,Université Paul-Valéry Montpellier 3,France,Europe,L,FO,VH,Public,14.9,701.0,6.1,701.0,4.0,801.0,8.7,801.0,6.8,801.0,45.3,446.0,33.9,565.0,50.9,,2.4,801.0,36.3,801.0,,QS,,,,,,,,,,,,Ranking Not Available
,,Universiti Kuala Lumpur (UniKL),Malaysia,Asia,L,FC,HI,Private for Profit,9.9,701.0,10.8,701.0,33.8,579.0,4.1,801.0,7.1,801.0,5.0,801.0,9.8,801.0,18.1,,5.1,801.0,23.2,801.0,,QS,,,,,,,,,,,,Ranking Not Available
,,Universiti Malaysia Kelantan,Malaysia,Asia,M,CO,VH,Public,9.5,701.0,3.6,701.0,7.1,801.0,10.6,801.0,17.0,768.0,14.2,801.0,16.4,801.0,25.5,,5.1,801.0,47.9,,,QS,,,,,,,,,,,,Ranking Not Available
,,Universiti Teknikal Malaysia Melaka (UTeM),Malaysia,Asia,M,SP,VH,Public,10.3,701.0,11.2,701.0,18.0,801.0,11.4,801.0,5.4,801.0,10.7,801.0,13.9,801.0,34.7,,5.2,801.0,36.4,801.0,,QS,,,,,,,,,,,,Ranking Not Available
,,University of Babylon,Iraq,Asia,L,FC,HI,Public,7.7,701.0,25.9,524.0,19.6,801.0,3.7,801.0,1.3,801.0,1.2,801.0,1.1,801.0,36.6,,5.8,801.0,29.8,801.0,,QS,,,,,,,,,,,,Ranking Not Available
,,University of Basrah,Iraq,Asia,XL,FC,HI,Public,9.1,701.0,26.6,514.0,18.7,801.0,2.2,801.0,,,1.0,801.0,1.0,801.0,34.7,,14.2,801.0,20.0,801.0,,QS,,,,,,,,,,,,Ranking Not Available
,,University of Derby,United Kingdom,Europe,L,CO,HI,Public,5.4,701.0,7.5,701.0,12.0,801.0,10.9,801.0,40.8,492.0,49.9,409.0,54.6,375.0,42.8,,2.2,801.0,34.0,801.0,,QS,,,,,,,,,,,,Ranking Not Available
,,University of International Business and Economics,China,Asia,L,SP,VH,Public,3.3,701.0,5.1,701.0,16.5,801.0,8.4,801.0,8.6,801.0,43.3,465.0,32.4,586.0,8.2,,21.2,704.0,29.8,801.0,,QS,,,,,,,,,,,,Ranking Not Available
,,University of Kerbala,Iraq,Asia,L,FC,HI,Public,12.8,701.0,14.8,701.0,35.3,560.0,2.0,801.0,2.1,801.0,1.9,801.0,1.7,801.0,13.9,,5.6,801.0,21.3,801.0,,QS,,,,,,,,,,,,Ranking Not Available
,,University of Khartoum,Sudan,Africa,L,FO,HI,Public,8.9,701.0,6.9,701.0,8.2,801.0,5.1,801.0,,,2.1,801.0,1.8,801.0,53.5,,84.9,137.0,23.3,801.0,,QS,,,,,,,,,,,,Ranking Not Available
,,University of Kufa,Iraq,Asia,XL,FC,HI,Public,7.4,701.0,33.3,433.0,31.7,607.0,2.1,801.0,,,1.0,801.0,1.0,801.0,26.3,,5.7,801.0,15.6,801.0,,QS,,,,,,,,,,,,Ranking Not Available
,,"University of Management and Technology (UMT), Pakistan",Pakistan,Asia,L,CO,HI,Private not for Profit,7.2,701.0,10.9,701.0,17.6,801.0,9.4,801.0,1.9,801.0,1.7,801.0,6.0,801.0,54.4,,3.3,801.0,46.6,801.0,,QS,,,,,,,,,,,,Ranking Not Available
,,University of Memphis,United States,Americas,L,CO,VH,Public,4.1,701.0,4.1,701.0,18.6,801.0,13.9,801.0,2.5,801.0,19.4,737.0,14.7,801.0,41.9,,15.0,801.0,35.1,801.0,,QS,,,,,,,,,,,,Ranking Not Available
,,University of Miskolc,Hungary,Europe,M,FO,VH,Private not for Profit,9.0,701.0,10.3,701.0,20.4,801.0,4.7,801.0,3.0,801.0,6.4,801.0,5.0,801.0,24.5,,16.3,801.0,27.8,801.0,,QS,,,,,,,,,,,,Ranking Not Available
,,University of Mosul,Iraq,Asia,XL,FC,HI,Public,7.3,701.0,12.9,701.0,23.4,764.0,1.7,801.0,1.0,801.0,1.3,801.0,5.7,801.0,30.2,,28.8,577.0,26.4,801.0,,QS,,,,,,,,,,,,Ranking Not Available
,,University of North Carolina at Greensboro,United States,Americas,L,FO,VH,Public,3.6,701.0,4.5,701.0,12.2,801.0,15.1,801.0,10.3,801.0,4.3,801.0,3.4,801.0,49.6,,5.0,801.0,32.8,801.0,,QS,,,,,,,,,,,,Ranking Not Available
,,University of Novi Sad,Serbia,Europe,XL,FC,HI,Public,12.5,701.0,6.5,701.0,10.5,801.0,6.9,801.0,,,,,,,82.1,,30.7,538.0,31.2,801.0,,QS,,,,,,,,,,,,Ranking Not Available
,,University of Ostrava,Czechia,Europe,M,FC,HI,Public,8.0,701.0,2.9,701.0,20.5,801.0,5.9,801.0,34.6,540.0,32.2,564.0,24.2,702.0,28.9,,5.0,801.0,24.2,801.0,,QS,,,,,,,,,,,,Ranking Not Available
,,University of Pannonia,Hungary,Europe,S,FO,VH,Public,6.1,701.0,7.3,701.0,33.3,584.0,14.9,801.0,5.8,801.0,7.2,801.0,5.6,801.0,55.5,,5.0,801.0,23.4,801.0,,QS,,,,,,,,,,,,Ranking Not Available
,,University of Pardubice,Czechia,Europe,M,CO,VH,Public,5.2,701.0,5.2,701.0,47.8,407.0,5.8,801.0,12.3,801.0,15.5,801.0,19.7,768.0,36.2,,2.5,801.0,15.8,801.0,,QS,,,,,,,,,,,,Ranking Not Available
,,University of Peradeniya,Sri Lanka,Asia,L,CO,HI,Public,10.4,701.0,13.6,701.0,14.3,801.0,3.7,801.0,,,1.6,801.0,6.0,801.0,39.5,,17.7,765.0,50.6,,,QS,,,,,,,,,,,,Ranking Not Available
,,University of Petra,Jordan,Asia,M,CO,HI,Private for Profit,8.8,701.0,8.1,701.0,10.0,801.0,6.2,801.0,25.9,635.0,47.1,429.0,44.2,472.0,9.9,,5.7,801.0,34.6,801.0,,QS,,,,,,,,,,,,Ranking Not Available
,,University of Primorska,Slovenia,Europe,M,CO,HI,Public,3.6,701.0,5.7,701.0,12.3,801.0,8.3,801.0,31.6,567.0,38.9,506.0,37.4,523.0,45.4,,13.2,801.0,21.8,801.0,,QS,,,,,,,,,,,,Ranking Not Available
,,University of Rajshahi,Bangladesh,Asia,L,CO,HI,,13.2,701.0,13.1,701.0,6.2,801.0,6.4,801.0,1.3,801.0,1.2,801.0,5.6,801.0,23.5,,4.4,801.0,39.3,801.0,,QS,,,,,,,,,,,,Ranking Not Available
,,University of Rijeka,Croatia,Europe,L,CO,VH,Public,7.3,701.0,8.4,701.0,17.0,801.0,8.7,801.0,2.8,801.0,5.8,801.0,10.1,801.0,50.2,,15.3,801.0,42.4,801.0,,QS,,,,,,,,,,,,Ranking Not Available
,,University of San Diego,United States,Americas,M,CO,HI,Private not for Profit,9.0,701.0,15.2,701.0,27.8,684.0,4.5,801.0,4.9,801.0,10.5,801.0,8.0,801.0,6.9,,20.3,722.0,21.4,801.0,,QS,,,,,,,,,,,,Ranking Not Available
,,University of San Francisco,United States,Americas,M,CO,HI,Private not for Profit,6.9,701.0,12.1,701.0,27.5,691.0,5.7,801.0,3.9,801.0,27.1,627.0,20.3,758.0,9.3,,39.0,444.0,31.8,801.0,,QS,,,,,,,,,,,,Ranking Not Available
,,University of Sarajevo,Bosnia And Herzegovina,Europe,L,CO,HI,Public,5.0,701.0,1.0,701.0,6.5,801.0,2.9,801.0,,,5.2,801.0,4.1,801.0,41.3,,89.1,113.0,20.5,801.0,,QS,,,,,,,,,,,,Ranking Not Available
,,University of Silesia in Katowice,Poland,Europe,L,CO,VH,Public,8.6,701.0,6.8,701.0,31.3,611.0,5.7,801.0,5.1,801.0,7.4,801.0,12.0,801.0,59.3,,10.1,801.0,44.4,801.0,,QS,,,,,,,,,,,,Ranking Not Available
,,University of South Alabama (USA),United States,Americas,L,CO,HI,Public,5.6,701.0,11.1,701.0,23.1,772.0,13.1,801.0,,,2.7,801.0,2.3,801.0,13.7,,3.2,801.0,28.9,801.0,,QS,,,,,,,,,,,,Ranking Not Available
,,University of Split,Croatia,Europe,L,FC,HI,Public,7.6,701.0,9.2,701.0,8.7,801.0,8.8,801.0,1.6,801.0,3.3,801.0,7.5,801.0,52.3,,22.4,687.0,44.8,801.0,,QS,,,,,,,,,,,,Ranking Not Available
,,University of Texas El Paso,United States,Americas,L,CO,VH,Public,6.8,701.0,3.7,701.0,7.6,801.0,21.5,690.0,13.9,801.0,10.1,801.0,7.8,801.0,61.6,,9.1,801.0,41.5,801.0,,QS,,,,,,,,,,,,Ranking Not Available
,,University of Tyumen,Russia,Europe,M,CO,VH,Public,2.7,701.0,3.4,701.0,44.0,451.0,2.6,801.0,6.0,801.0,23.2,687.0,25.0,685.0,25.1,,5.7,801.0,30.3,801.0,,QS,,,,,,,,,,,,Ranking Not Available
,,University of Wisconsin Milwaukee,United States,Americas,L,CO,VH,Public,9.0,701.0,3.8,701.0,13.8,801.0,15.3,801.0,11.8,801.0,12.4,801.0,9.4,801.0,37.0,,16.0,801.0,46.3,801.0,,QS,,,,,,,,,,,,Ranking Not Available
,,University POLITEHNICA of Bucharest,Romania,Europe,L,FO,VH,Public,6.3,701.0,20.8,630.0,4.9,801.0,14.6,801.0,1.7,801.0,4.7,801.0,3.7,801.0,61.4,,9.4,801.0,22.8,801.0,,QS,,,,,,,,,,,,Ranking Not Available
,,University Toulouse – Jean Jaurès,France,Europe,L,FO,VH,Public,13.1,701.0,4.8,701.0,1.8,801.0,9.0,801.0,34.1,544.0,31.0,580.0,23.2,717.0,64.0,,2.4,801.0,30.1,801.0,,QS,,,,,,,,,,,,Ranking Not Available
,,West University of Timisoara,Romania,Europe,L,CO,HI,Public,13.7,701.0,17.0,701.0,7.4,801.0,5.5,801.0,2.0,801.0,10.6,801.0,14.8,801.0,29.8,,32.8,518.0,42.2,801.0,,QS,,,,,,,,,,,,Ranking Not Available
,,Western Michigan University,United States,Americas,L,FC,HI,Public,5.0,701.0,9.5,701.0,15.7,801.0,10.7,801.0,37.6,517.0,17.5,774.0,23.6,712.0,33.0,,26.3,619.0,37.6,801.0,,QS,,,,,,,,,,,,Ranking Not Available
,,Yessenov University,Kazakhstan,Asia,M,CO,MD,Public,16.7,701.0,6.9,701.0,19.2,801.0,1.2,801.0,38.4,514.0,28.3,612.0,27.9,642.0,2.7,,4.3,801.0,15.9,801.0,,QS,,,,,,,,,,,,Ranking Not Available
,,Zagazig University,Egypt,Africa,XL,FC,VH,Public,11.3,701.0,9.1,701.0,4.5,801.0,5.1,801.0,1.3,801.0,8.1,801.0,12.0,801.0,69.8,,5.2,801.0,53.0,,,QS,,,,,,,,,,,,Ranking Not Available
,,Zarqa University,Jordan,Asia,M,FC,HI,Private not for Profit,7.9,701.0,4.1,701.0,9.0,801.0,3.8,801.0,24.9,652.0,63.5,314.0,58.1,351.0,15.0,,5.4,801.0,12.1,801.0,,QS,,,,,,,,,,,,Ranking Not Available
1401.0,1401.0,Akdeniz Üniversitesi,Turkey,Asia,XL,FC,HI,Public,8.3,701.0,8.0,701.0,5.6,801.0,6.1,801.0,2.2,801.0,6.0,801.0,11.4,801.0,47.6,,2.4,801.0,22.1,801.0,,QS,,,,,,,,,,,,Ranked
1401.0,,American International University-Bangladesh (AIUB),Bangladesh,Asia,M,FO,VH,Private not for Profit,8.3,701.0,8.5,701.0,9.0,801.0,4.4,801.0,5.4,801.0,17.7,770.0,18.5,788.0,7.9,,4.6,801.0,30.3,801.0,,QS,,,,,,,,,,,,Ranked
1401.0,,Anadolu University,Turkey,Asia,L,SP,VH,Public,6.2,701.0,8.4,701.0,17.5,801.0,5.1,801.0,2.2,801.0,5.3,801.0,4.2,801.0,24.9,,22.3,691.0,22.3,801.0,,QS,,,,,,,,,,,,Ranked
1401.0,,Aoyama Gakuin University,Japan,Asia,L,FO,HI,Private not for Profit,7.1,701.0,16.8,701.0,7.4,801.0,2.5,801.0,20.3,707.0,4.5,801.0,3.6,801.0,9.5,,14.5,801.0,9.6,801.0,,QS,,,,,,,,,,,,Ranked
1401.0,,Aswan University,Egypt,Africa,L,FC,HI,Public,7.1,701.0,2.2,701.0,11.8,801.0,6.4,801.0,1.1,801.0,1.8,801.0,6.1,801.0,53.9,,2.9,801.0,40.0,801.0,,QS,,,,,,,,,,,,Ranked
1401.0,,Atma Jaya Catholic University Indonesia,Indonesia,Asia,M,FO,HI,Private for Profit,11.1,701.0,10.7,701.0,10.5,801.0,2.0,801.0,9.8,801.0,1.7,801.0,6.1,801.0,7.4,,22.6,678.0,30.2,801.0,,QS,,,,,,,,,,,,Ranked
1401.0,,Belarusian State University of Informatics and Radioelectronics,Belarus,Europe,M,CO,HI,Public,6.7,701.0,23.4,573.0,26.1,716.0,1.4,801.0,2.6,801.0,17.6,772.0,20.4,754.0,7.2,,7.5,801.0,,,,QS,,,,,,,,,,,,Ranked
1401.0,,Belgorod State University,Russia,Europe,L,FC,HI,Public,3.1,701.0,1.9,701.0,17.5,801.0,2.8,801.0,1.9,801.0,70.3,276.0,73.2,247.0,14.1,,2.1,801.0,22.7,801.0,,QS,,,,,,,,,,,,Ranked
1401.0,,Benha University,Egypt,Africa,XL,FC,HI,Public,6.2,701.0,4.4,701.0,8.2,801.0,4.2,801.0,1.0,801.0,2.4,801.0,6.7,801.0,59.7,,2.9,801.0,36.1,801.0,,QS,,,,,,,,,,,,Ranked
1401.0,,Central Michigan University,United States,Americas,L,FC,HI,Public,3.6,701.0,5.0,701.0,11.5,801.0,11.2,801.0,4.8,801.0,23.4,684.0,17.6,801.0,26.2,,15.0,801.0,29.2,801.0,,QS,,,,,,,,,,,,Ranked
1401.0,,Chaoyang University of Technology,Taiwan,Asia,L,FO,VH,Private for Profit,5.0,701.0,6.7,701.0,6.4,801.0,8.4,801.0,7.4,801.0,13.2,801.0,15.9,801.0,22.2,,2.1,801.0,40.6,801.0,,QS,,,,,,,,,,,,Ranked
1401.0,,Chittagong University of Engineering and Technology,Bangladesh,Asia,M,SP,HI,Public,10.0,701.0,16.2,701.0,10.0,801.0,12.1,801.0,1.6,801.0,,,,,8.1,,4.8,801.0,20.3,801.0,,QS,,,,,,,,,,,,Ranked
1401.0,,"CHRIST (Deemed to be University), Bengaluru",India,Asia,XL,CO,HI,Private not for Profit,7.0,701.0,5.6,701.0,8.0,801.0,4.7,801.0,4.7,801.0,2.4,801.0,6.8,801.0,34.0,,6.3,801.0,33.2,801.0,,QS,,,,,,,,,,,,Ranked
1401.0,,Cleveland State University,United States,Americas,M,FO,VH,Public,4.5,701.0,6.2,701.0,12.3,801.0,7.7,801.0,5.6,801.0,47.6,423.0,35.6,540.0,17.9,,12.4,801.0,25.7,801.0,,QS,,,,,,,,,,,,Ranked
1401.0,1401.0,East West University,Bangladesh,Asia,L,FO,HI,Private not for Profit,8.8,701.0,17.7,701.0,3.7,801.0,4.5,801.0,1.4,801.0,1.0,801.0,5.5,801.0,9.2,,8.3,801.0,32.5,801.0,,QS,,,,,,,,,,,,Ranked
1401.0,,Escuela Politécnica Nacional,Ecuador,Americas,M,FO,VH,Public,10.2,701.0,10.8,701.0,18.8,801.0,5.7,801.0,6.3,801.0,3.0,801.0,7.1,801.0,16.9,,6.6,801.0,25.2,801.0,,QS,,,,,,,,,,,,Ranked
1401.0,,Harper Adams University,United Kingdom,Europe,M,FO,HI,Public,4.0,701.0,15.7,701.0,7.1,801.0,12.4,801.0,21.8,690.0,5.9,801.0,9.8,801.0,14.1,,1.0,801.0,18.6,801.0,,QS,,,,,,,,,,,,Ranked
1401.0,,Herzen State Pedagogical University of Russia,Russia,Europe,L,FO,HI,Public,3.8,701.0,4.2,701.0,22.2,785.0,1.5,801.0,1.7,801.0,59.8,344.0,56.4,364.0,11.4,,7.2,801.0,25.4,801.0,,QS,,,,,,,,,,,,Ranked
1401.0,,Hongik University,South Korea,Asia,L,FO,VH,Private for Profit,6.3,701.0,8.7,701.0,13.8,801.0,5.3,801.0,18.9,731.0,14.8,801.0,18.2,791.0,14.6,,6.4,801.0,26.9,801.0,,QS,,,,,,,,,,,,Ranked
1401.0,,Hue University,Vietnam,Asia,XL,CO,HI,Public,7.6,701.0,15.0,701.0,3.7,801.0,2.6,801.0,1.5,801.0,2.0,801.0,6.2,801.0,27.7,,6.6,801.0,28.3,801.0,,QS,,,,,,,,,,,,Ranked
1401.0,,"Independent University,Bangladesh",Bangladesh,Asia,M,CO,HI,Private not for Profit,8.8,701.0,16.9,701.0,2.5,801.0,7.3,801.0,1.3,801.0,1.1,801.0,5.5,801.0,12.1,,11.6,801.0,24.9,801.0,,QS,,,,,,,,,,,,Ranked
1401.0,1401.0,Indian Institute of Information Technology - Allahabad,India,Asia,S,FO,VH,Public,4.2,701.0,12.7,701.0,3.2,801.0,27.5,613.0,,,4.0,801.0,7.9,801.0,8.4,,1.9,801.0,6.6,801.0,,QS,,,,,,,,,,,,Ranked
1401.0,,Islamic University of Indonesia (Universitas Islam Indonesia),Indonesia,Asia,L,CO,HI,Private not for Profit,17.5,701.0,7.4,701.0,2.8,801.0,3.2,801.0,3.8,801.0,1.2,801.0,1.1,801.0,12.9,,5.1,801.0,34.4,801.0,,QS,,,,,,,,,,,,Ranked
1401.0,,Istanbul Bilgi Üniversitesi,Turkey,Asia,M,FO,HI,Private not for Profit,5.6,701.0,9.6,701.0,15.2,801.0,2.7,801.0,4.1,801.0,25.4,656.0,30.9,604.0,6.6,,24.2,653.0,38.8,801.0,,QS,,,,,,,,,,,,Ranked
1401.0,,Jadara University,Jordan,Asia,M,CO,MD,Private not for Profit,9.9,701.0,4.2,701.0,29.4,644.0,3.3,801.0,4.5,801.0,49.7,410.0,37.1,525.0,4.2,,5.9,801.0,,,,QS,,,,,,,,,,,,Ranked
1401.0,,"Jamia Hamdard, New Delhi",India,Asia,M,FO,VH,Public,6.3,701.0,2.8,701.0,13.5,801.0,25.5,629.0,,,3.8,801.0,7.8,801.0,13.7,,1.8,801.0,14.4,801.0,,QS,,,,,,,,,,,,Ranked
1401.0,,Kazan National Research Technological University,Russia,Europe,L,CO,HI,Public,5.3,701.0,7.8,701.0,27.9,682.0,2.0,801.0,1.9,801.0,30.9,581.0,32.4,585.0,10.3,,5.5,801.0,13.7,801.0,,QS,,,,,,,,,,,,Ranked
1401.0,,Khulna University,Bangladesh,Asia,M,CO,HI,,8.6,701.0,7.9,701.0,14.3,801.0,8.6,801.0,,,,,,,20.8,,4.3,801.0,25.4,801.0,,QS,,,,,,,,,,,,Ranked
1401.0,,Khulna University of Engineering and Technology,Bangladesh,Asia,M,SP,HI,Public,7.3,701.0,16.7,701.0,10.5,801.0,13.4,801.0,1.4,801.0,,,,,12.6,,4.5,801.0,22.0,801.0,,QS,,,,,,,,,,,,Ranked
1401.0,,Kindai University (previously Kinki University),Japan,Asia,XL,FC,HI,Private for Profit,5.3,701.0,6.4,701.0,10.2,801.0,8.6,801.0,25.7,637.0,3.2,801.0,7.4,801.0,30.4,,1.7,801.0,41.2,801.0,,QS,,,,,,,,,,,,Ranked
1401.0,,Lublin University of Technology,Poland,Europe,M,FO,VH,Public,6.9,701.0,3.0,701.0,28.1,680.0,8.9,801.0,2.5,801.0,29.5,595.0,27.5,645.0,14.4,,3.9,801.0,17.7,801.0,,QS,,,,,,,,,,,,Ranked
1401.0,,M. Kozybayev North Kazakhstan University,Kazakhstan,Asia,M,CO,MD,Public,6.8,701.0,12.5,701.0,33.4,582.0,1.3,801.0,5.4,801.0,8.0,801.0,11.2,801.0,3.8,,4.1,801.0,24.1,801.0,,QS,,,,,,,,,,,,Ranked
1401.0,,Mahasarakham University,Thailand,Asia,XL,FC,MD,Public,18.5,662.0,2.7,701.0,2.8,801.0,2.6,801.0,8.7,801.0,3.6,801.0,7.7,801.0,11.0,,10.3,801.0,23.9,801.0,,QS,,,,,,,,,,,,Ranked
1401.0,,Manav Rachna International Institute of Research and Studies (MRIIRS),India,Asia,M,CO,HI,Private for Profit,5.9,701.0,2.5,701.0,43.9,453.0,3.7,801.0,7.4,801.0,3.4,801.0,7.6,801.0,3.3,,1.8,801.0,23.6,801.0,,QS,,,,,,,,,,,,Ranked
1401.0,,Mapua University,Philippines,Asia,M,FO,VH,Private for Profit,9.7,701.0,16.2,701.0,4.3,801.0,9.3,801.0,3.0,801.0,1.9,801.0,1.7,801.0,6.3,,3.9,801.0,37.0,801.0,,QS,,,,,,,,,,,,Ranked
1401.0,,Mendeleev University of Chemical Technology of Russia,Russia,Europe,M,FO,VH,Public,4.7,701.0,7.3,701.0,26.1,715.0,5.6,801.0,1.1,801.0,15.7,801.0,19.2,775.0,15.5,,14.2,801.0,10.4,801.0,,QS,,,,,,,,,,,,Ranked
1401.0,1401.0,Naresuan University,Thailand,Asia,L,FC,MD,Public,10.9,701.0,5.3,701.0,9.3,801.0,3.0,801.0,6.9,801.0,1.8,801.0,6.2,801.0,12.5,,3.1,801.0,39.6,801.0,,QS,,,,,,,,,,,,Ranked
1401.0,,National Taipei University,Taiwan,Asia,M,FO,HI,Public,12.4,701.0,8.0,701.0,11.6,801.0,4.4,801.0,5.9,801.0,10.1,801.0,14.6,801.0,3.9,,26.6,614.0,26.6,801.0,,QS,,,,,,,,,,,,Ranked
1401.0,,Nile University,Egypt,Africa,S,SP,HI,Private not for Profit,8.6,701.0,4.6,701.0,29.2,646.0,7.4,801.0,5.5,801.0,2.7,801.0,6.9,801.0,9.8,,3.3,801.0,19.8,801.0,,QS,,,,,,,,,,,,Ranked
1401.0,,Pavlodar State University named after Toraighyrov,Kazakhstan,Asia,M,CO,MD,Public,8.9,701.0,12.4,701.0,28.9,654.0,1.4,801.0,3.4,801.0,5.7,801.0,4.5,801.0,3.0,,4.2,801.0,21.8,801.0,,QS,,,,,,,,,,,,Ranked
1401.0,,Perm State University,Russia,Europe,M,CO,VH,Public,4.0,701.0,3.3,701.0,35.4,559.0,2.1,801.0,1.8,801.0,20.4,725.0,22.2,727.0,6.0,,4.0,801.0,29.7,801.0,,QS,,,,,,,,,,,,Ranked
1401.0,1401.0,Petra Christian University,Indonesia,Asia,M,FO,HI,Private for Profit,11.7,701.0,8.7,701.0,12.5,801.0,2.6,801.0,7.6,801.0,1.2,801.0,5.6,801.0,6.7,,2.9,801.0,28.7,801.0,,QS,,,,,,,,,,,,Ranked
1401.0,,Pontificia Universidad Catolica Madre y Maestra (PUCMM),Dominican Republic,Americas,L,FC,LO,Private not for Profit,6.0,701.0,7.5,701.0,14.8,801.0,1.6,801.0,12.0,801.0,14.2,801.0,17.2,801.0,9.4,,51.8,325.0,24.8,801.0,,QS,,,,,,,,,,,,Ranked
1401.0,,Rajshahi University of Engineering and Technology,Bangladesh,Asia,M,SP,HI,,6.9,701.0,13.3,701.0,9.9,801.0,16.0,782.0,,,,,,,9.8,,4.1,801.0,18.0,801.0,,QS,,,,,,,,,,,,Ranked
1401.0,,Rikkyo University,Japan,Asia,L,FO,HI,Private for Profit,5.5,701.0,14.3,701.0,9.9,801.0,3.0,801.0,32.8,556.0,10.6,801.0,14.2,801.0,12.3,,10.0,801.0,30.0,801.0,,QS,,,,,,,,,,,,Ranked
1401.0,1401.0,Sakarya University,Turkey,Asia,XL,FC,HI,Public,5.9,701.0,7.6,701.0,4.9,801.0,6.6,801.0,2.6,801.0,21.8,701.0,27.9,639.0,26.1,,2.3,801.0,49.5,,,QS,,,,,,,,,,,,Ranked
1401.0,,San Francisco State University,United States,Americas,L,CO,HI,,5.2,701.0,7.1,701.0,8.3,801.0,6.7,801.0,4.9,801.0,7.7,801.0,6.0,801.0,32.4,,16.4,800.0,36.1,801.0,,QS,,,,,,,,,,,,Ranked
1401.0,,"Shakarim University of the City of Semey, Kazakhstan",Kazakhstan,Asia,M,CO,MD,Public,10.4,701.0,10.2,701.0,16.4,801.0,1.7,801.0,27.7,615.0,3.3,801.0,7.2,801.0,2.4,,4.2,801.0,31.3,801.0,,QS,,,,,,,,,,,,Ranked
1401.0,1401.0,Shanghai Normal University,China,Asia,XL,CO,HI,Public,4.4,701.0,3.4,701.0,17.0,801.0,9.5,801.0,6.8,801.0,4.9,801.0,10.0,801.0,24.9,,1.4,801.0,32.2,801.0,,QS,,,,,,,,,,,,Ranked
1401.0,1401.0,Silpakorn University,Thailand,Asia,L,CO,HI,Public,10.4,701.0,12.6,701.0,5.7,801.0,4.5,801.0,8.0,801.0,2.7,801.0,7.1,801.0,26.7,,3.1,801.0,22.6,801.0,,QS,,,,,,,,,,,,Ranked
1401.0,,Soka University,Japan,Asia,M,CO,MD,Private not for Profit,5.9,701.0,8.2,701.0,10.7,801.0,3.1,801.0,67.7,345.0,13.3,801.0,16.1,801.0,11.9,,1.6,801.0,11.8,801.0,,QS,,,,,,,,,,,,Ranked
1401.0,1401.0,Soongsil University,South Korea,Asia,L,FO,VH,Private for Profit,3.4,701.0,6.9,701.0,12.0,801.0,9.2,801.0,5.7,801.0,24.0,674.0,18.0,796.0,22.3,,3.5,801.0,20.3,801.0,,QS,,,,,,,,,,,,Ranked
1401.0,1401.0,State University Malang (Universitas Negeri Malang),Indonesia,Asia,XL,FO,VH,Public,10.5,701.0,4.9,701.0,9.9,801.0,2.9,801.0,23.4,670.0,1.6,801.0,6.1,801.0,13.0,,7.3,801.0,34.1,801.0,,QS,,,,,,,,,,,,Ranked
1401.0,1401.0,Stefan cel Mare University of Suceava,Romania,Europe,M,CO,HI,Public,5.5,701.0,5.3,701.0,7.1,801.0,8.9,801.0,3.3,801.0,38.7,509.0,35.4,545.0,25.2,,5.3,801.0,34.3,801.0,,QS,,,,,,,,,,,,Ranked
1401.0,,Suez Canal University,Egypt,Africa,XL,FC,HI,Public,6.1,701.0,3.9,701.0,17.4,801.0,4.4,801.0,2.5,801.0,3.0,801.0,7.3,801.0,52.2,,2.9,801.0,48.0,762.0,,QS,,,,,,,,,,,,Ranked
1401.0,,Tashkent University of Information Technologies,Uzbekistan,Asia,L,SP,HI,Public,10.7,701.0,15.4,701.0,7.4,801.0,1.7,801.0,10.4,801.0,3.3,801.0,7.4,801.0,3.5,,9.4,801.0,27.7,801.0,,QS,,,,,,,,,,,,Ranked
1401.0,,"The Islamia University of Bahawalpur,Pakistan",Pakistan,Asia,XL,CO,HI,Public,6.2,701.0,7.0,701.0,4.7,801.0,9.1,801.0,,,,,,,55.8,,3.1,801.0,36.2,801.0,,QS,,,,,,,,,,,,Ranked
1401.0,,Tongmyong University,South Korea,Asia,M,FO,HI,,6.3,701.0,3.6,701.0,38.8,523.0,2.0,801.0,8.5,801.0,60.2,341.0,53.2,386.0,1.9,,1.9,801.0,5.3,801.0,,QS,,,,,,,,,,,,Ranked
1401.0,1401.0,Universidad Autónoma de Baja California,Mexico,Americas,XL,CO,HI,Public,10.5,701.0,7.6,701.0,6.0,801.0,2.3,801.0,4.8,801.0,5.8,801.0,4.6,801.0,13.7,,2.3,801.0,49.0,732.0,,QS,,,,,,,,,,,,Ranked
1401.0,1401.0,Universidad Autónoma de Chile,Chile,Americas,XL,FO,VH,Private not for Profit,7.9,701.0,4.7,701.0,6.2,801.0,6.2,801.0,15.6,792.0,1.7,801.0,1.5,801.0,38.9,,2.5,801.0,35.9,801.0,,QS,,,,,,,,,,,,Ranked
1401.0,1401.0,Universidad Católica de Temuco,Chile,Americas,M,CO,HI,Private not for Profit,5.4,701.0,2.5,701.0,2.7,801.0,9.7,801.0,49.7,442.0,1.4,801.0,1.3,801.0,21.9,,2.5,801.0,26.7,801.0,,QS,,,,,,,,,,,,Ranked
1401.0,1401.0,Universidad de Cuenca,Ecuador,Americas,L,FC,MD,Public,11.1,701.0,5.1,701.0,6.1,801.0,3.1,801.0,6.8,801.0,3.2,801.0,2.6,801.0,20.2,,16.1,801.0,39.3,801.0,,QS,,,,,,,,,,,,Ranked
1401.0,1401.0,Universidad de Guanajuato,Mexico,Americas,XL,CO,HI,Public,11.4,701.0,3.6,701.0,7.2,801.0,4.8,801.0,7.5,801.0,2.0,801.0,6.3,801.0,24.6,,9.5,801.0,23.5,801.0,,QS,,,,,,,,,,,,Ranked
1401.0,,Universidad de Panama,Panama,Americas,XL,FO,MD,Public,8.5,701.0,6.4,701.0,4.3,801.0,1.2,801.0,4.1,801.0,4.6,801.0,8.9,801.0,11.2,,63.1,247.0,25.9,801.0,,QS,,,,,,,,,,,,Ranked
1401.0,,Universidad de Piura,Peru,Americas,M,FO,HI,Private not for Profit,11.8,701.0,14.1,701.0,8.0,801.0,1.4,801.0,7.6,801.0,1.2,801.0,1.2,801.0,4.7,,15.4,801.0,13.9,801.0,,QS,,,,,,,,,,,,Ranked
1401.0,,Universidad de Tarapaca,Chile,Americas,M,CO,VH,Public,4.1,701.0,2.1,701.0,4.4,801.0,20.4,706.0,17.7,755.0,,,,,49.6,,2.5,801.0,21.0,801.0,,QS,,,,,,,,,,,,Ranked
1401.0,,Universidad del Bio-Bio,Chile,Americas,M,CO,VH,Public,11.6,701.0,5.0,701.0,4.9,801.0,8.6,801.0,11.8,801.0,1.9,801.0,1.6,801.0,32.1,,2.5,801.0,24.0,801.0,,QS,,,,,,,,,,,,Ranked
1401.0,,Universidad del Zulia,Venezuela,Americas,L,FC,MD,Public,14.7,701.0,12.8,701.0,5.2,801.0,2.6,801.0,1.2,801.0,1.5,801.0,1.4,801.0,14.5,,12.4,801.0,8.3,801.0,,QS,,,,,,,,,,,,Ranked
1401.0,,Universidad La Salle (ULSA),Mexico,Americas,M,FO,MD,Private for Profit,6.2,701.0,17.4,701.0,28.9,651.0,1.4,801.0,3.4,801.0,2.4,801.0,2.0,801.0,1.8,,6.4,801.0,10.1,801.0,,QS,,,,,,,,,,,,Ranked
1401.0,,Universidad Latinoamericana de Ciencia y Tecnología Costa Rica (ULACIT),Costa Rica,Americas,S,CO,LO,Private not for Profit,7.8,701.0,17.2,701.0,32.6,592.0,1.1,801.0,13.8,801.0,12.8,801.0,9.8,801.0,1.1,,12.3,801.0,,,,QS,,,,,,,,,,,,Ranked
1401.0,,Universidad Metropolitana,Venezuela,Americas,M,CO,LO,Private not for Profit,9.8,701.0,24.4,550.0,6.4,801.0,1.1,801.0,3.9,801.0,3.3,801.0,7.4,801.0,2.3,,28.1,590.0,,,,QS,,,,,,,,,,,,Ranked
1401.0,,Universidad Nacional Agraria la Molina,Peru,Americas,M,FO,VH,Public,9.3,701.0,8.0,701.0,16.7,801.0,2.8,801.0,1.5,801.0,2.8,801.0,7.0,801.0,12.6,,4.7,801.0,34.4,801.0,,QS,,,,,,,,,,,,Ranked
1401.0,,Universidad Nacional de San Martín (UNSAM),Argentina,Americas,L,CO,HI,Public,15.7,701.0,4.7,701.0,7.6,801.0,3.9,801.0,1.9,801.0,6.9,801.0,5.4,801.0,29.1,,1.5,801.0,26.9,801.0,,QS,,,,,,,,,,,,Ranked
1401.0,,Universidad Nacional del Sur,Argentina,Americas,L,FC,HI,Public,8.1,701.0,4.6,701.0,23.1,775.0,2.4,801.0,,,,,,,30.0,,4.7,801.0,29.0,801.0,,QS,,,,,,,,,,,,Ranked
1401.0,,Universidad Tecnológica Centroamericana (UNITEC) - Honduras,Honduras,Americas,M,FO,HI,Private not for Profit,7.9,701.0,7.7,701.0,29.9,633.0,1.3,801.0,6.0,801.0,3.3,801.0,7.4,801.0,10.6,,24.4,652.0,24.7,801.0,,QS,,,,,,,,,,,,Ranked
1401.0,1401.0,Universidade Federal de Uberlândia,Brazil,Americas,L,FC,HI,Public,5.4,701.0,2.6,701.0,21.0,801.0,6.0,801.0,2.4,801.0,1.8,801.0,6.2,801.0,32.8,,3.0,801.0,42.5,801.0,,QS,,,,,,,,,,,,Ranked
1401.0,,Universidade Federal do Rio Grande Do Norte,Brazil,Americas,XL,FC,HI,Public,6.7,701.0,1.6,701.0,10.8,801.0,7.0,801.0,,,1.3,801.0,5.8,801.0,50.1,,1.4,801.0,31.3,801.0,,QS,,,,,,,,,,,,Ranked
1401.0,,Università degli studi di Bergamo,Italy,Europe,L,FO,VH,Public,7.2,701.0,4.2,701.0,2.5,801.0,11.9,801.0,5.8,801.0,12.3,801.0,18.2,790.0,39.1,,5.5,801.0,31.4,801.0,,QS,,,,,,,,,,,,Ranked
1401.0,1401.0,Universitas Andalas,Indonesia,Asia,XL,CO,HI,Public,13.4,701.0,8.1,701.0,13.9,801.0,1.5,801.0,14.4,801.0,3.6,801.0,7.8,801.0,6.0,,5.1,801.0,39.1,801.0,,QS,,,,,,,,,,,,Ranked
1401.0,,Universitas Negeri Padang,Indonesia,Asia,XL,FO,HI,Public,10.5,701.0,2.5,701.0,31.5,608.0,1.3,801.0,17.7,753.0,2.1,801.0,6.4,801.0,6.4,,2.6,801.0,39.2,801.0,,QS,,,,,,,,,,,,Ranked
1401.0,,Universitas Syiah Kuala,Indonesia,Asia,L,FC,HI,Public,8.6,701.0,3.0,701.0,18.1,801.0,3.6,801.0,3.1,801.0,2.5,801.0,6.8,801.0,24.4,,2.6,801.0,38.6,801.0,,QS,,,,,,,,,,,,Ranked
1401.0,,Universiti Sultan Zainal Abidin,Malaysia,Asia,M,CO,VH,Public,8.0,701.0,2.8,701.0,13.8,801.0,5.4,801.0,19.5,721.0,9.9,801.0,13.6,801.0,28.1,,5.1,801.0,16.9,801.0,,QS,,,,,,,,,,,,Ranked
1401.0,,University of Da Nang,Vietnam,Asia,XL,CO,HI,Public,8.1,701.0,12.3,701.0,3.5,801.0,3.8,801.0,3.6,801.0,2.3,801.0,6.7,801.0,44.0,,6.7,801.0,27.6,801.0,,QS,,,,,,,,,,,,Ranked
1401.0,,University of Hawaii at Hilo,United States,Americas,S,CO,HI,,2.8,701.0,3.8,701.0,32.4,598.0,13.5,801.0,3.3,801.0,7.8,801.0,6.0,801.0,17.2,,5.5,801.0,19.6,801.0,,QS,,,,,,,,,,,,Ranked
1401.0,,University of Missouri Saint Louis,United States,Americas,M,CO,HI,Public,5.1,701.0,6.5,701.0,19.5,801.0,13.0,801.0,5.8,801.0,7.9,801.0,6.1,801.0,10.1,,12.7,801.0,21.9,801.0,,QS,,,,,,,,,,,,Ranked
1401.0,,University of Moratuwa,Sri Lanka,Asia,M,SP,VH,Public,6.0,701.0,8.0,701.0,5.3,801.0,15.6,791.0,,,1.0,801.0,1.0,801.0,13.2,,13.1,801.0,24.9,801.0,,QS,,,,,,,,,,,,Ranked
1401.0,1401.0,University of Oradea,Romania,Europe,L,FC,MD,Public,7.5,701.0,4.2,701.0,6.5,801.0,4.0,801.0,1.7,801.0,9.4,801.0,13.8,801.0,38.8,,9.0,801.0,41.8,801.0,,QS,,,,,,,,,,,,Ranked
1401.0,,University of Sri Jayewardenepura,Sri Lanka,Asia,L,CO,HI,Public,8.0,701.0,12.2,701.0,5.7,801.0,7.0,801.0,,,1.3,801.0,5.7,801.0,27.8,,22.8,674.0,27.4,801.0,,QS,,,,,,,,,,,,Ranked
1401.0,,University of the Pacific,United States,Americas,M,CO,HI,Private not for Profit,1.8,701.0,7.2,701.0,40.1,503.0,4.8,801.0,3.5,801.0,21.0,711.0,15.8,801.0,9.6,,13.0,801.0,9.9,801.0,,QS,,,,,,,,,,,,Ranked
1401.0,,University of Tripoli,Libya,Africa,XL,FC,MD,Public,6.8,701.0,12.8,701.0,8.6,801.0,1.3,801.0,1.2,801.0,3.4,801.0,7.6,801.0,30.6,,28.7,582.0,11.2,801.0,,QS,,,,,,,,,,,,Ranked
1401.0,,University of West Bohemia,Czechia,Europe,M,CO,VH,Public,7.2,701.0,5.3,701.0,12.5,801.0,7.9,801.0,,,6.2,801.0,4.8,801.0,40.9,,15.5,801.0,19.5,801.0,,QS,,,,,,,,,,,,Ranked
1401.0,,Voronezh State University,Russia,Europe,L,CO,HI,Public,5.7,701.0,4.7,701.0,31.3,610.0,1.6,801.0,3.7,801.0,34.5,546.0,40.2,502.0,12.2,,3.5,801.0,20.4,801.0,,QS,,,,,,,,,,,,Ranked
1401.0,,Walailak University,Thailand,Asia,L,FC,MD,Public,8.3,701.0,2.7,701.0,12.5,801.0,5.6,801.0,13.9,801.0,3.0,801.0,7.4,801.0,31.5,,3.2,801.0,43.0,801.0,,QS,,,,,,,,,,,,Ranked
1401.0,,Yamaguchi University,Japan,Asia,M,FC,HI,Public,4.4,701.0,2.9,701.0,46.1,425.0,8.2,801.0,8.0,801.0,4.5,801.0,8.9,801.0,15.4,,1.7,801.0,22.5,801.0,,QS,,,,,,,,,,,,Ranked
1401.0,,Youngsan University,South Korea,Asia,M,SP,MD,Private for Profit,6.5,701.0,11.9,701.0,25.6,726.0,2.0,801.0,3.5,801.0,25.3,658.0,24.7,689.0,2.5,,1.9,801.0,11.5,801.0,,QS,,,,,,,,,,,,Ranked
1.0,,University of Oxford,United Kingdom,,,,,,,,,,,,,,,,,,,,,,,,,,,THE,22005.0,10.4,43.0,52:48:00,98.21,97.2,100.0,97.7,99.9,96.4,2026.0,Ranked
2.0,,Massachusetts Institute of Technology,United States,,,,,,,,,,,,,,,,,,,,,,,,,,,THE,11703.0,7.7,33.0,43:57:00,97.6735,99.2,95.3,99.6,100.0,91.9,2026.0,Ranked
3.0,,Princeton University,United States,,,,,,,,,,,,,,,,,,,,,,,,,,,THE,8739.0,8.2,23.0,47:53:00,97.211,98.2,97.3,99.0,98.0,85.4,2026.0,Ranked
4.0,,University of Cambridge,United Kingdom,,,,,,,,,,,,,,,,,,,,,,,,,,,THE,21045.0,11.3,38.0,50:50:00,97.2065,96.2,99.9,97.1,87.6,96.3,2026.0,Ranked
5.0,,Stanford University,United States,,,,,,,,,,,,,,,,,,,,,,,,,,,THE,17422.0,5.9,25.0,48:52:00,97.151,97.5,97.4,99.5,100.0,83.9,2026.0,Ranked
6.0,,Harvard University,United States,,,,,,,,,,,,,,,,,,,,,,,,,,,THE,22680.0,10.1,27.0,53:47:00,97.051,95.9,100.0,98.9,86.7,88.3,2026.0,Ranked
7.0,,California Institute of Technology,United States,,,,,,,,,,,,,,,,,,,,,,,,,,,THE,2401.0,6.7,33.0,39 : 61,96.3165,96.4,97.4,96.8,100.0,87.9,2026.0,Ranked
8.0,,Imperial College London,United Kingdom,,,,,,,,,,,,,,,,,,,,,,,,,,,THE,21340.0,12.1,60.0,43:57:00,94.689,90.6,94.9,98.0,91.9,98.2,2026.0,Ranked
9.0,,"University of California, Berkeley",United States,,,,,,,,,,,,,,,,,,,,,,,,,,,THE,42565.0,18.4,25.0,53:47:00,94.406,87.3,99.0,98.9,99.5,83.9,2026.0,Ranked
10.0,,Yale University,United States,,,,,,,,,,,,,,,,,,,,,,,,,,,THE,14884.0,6.2,24.0,53:47:00,94.081,94.6,94.5,97.2,87.6,81.4,2026.0,Ranked
11.0,,ETH Zurich,Switzerland,,,,,,,,,,,,,,,,,,,,,,,,,,,THE,23106.0,15.5,44.0,33 : 67,93.126,88.5,97.2,94.5,83.7,95.1,2026.0,Ranked
12.0,,Tsinghua University,China,,,,,,,,,,,,,,,,,,,,,,,,,,,THE,38569.0,10.8,11.0,,93.0305,95.9,98.5,93.9,100.0,53.4,2026.0,Ranked
13.0,,Peking University,China,,,,,,,,,,,,,,,,,,,,,,,,,,,THE,35659.0,11.3,15.0,,92.2815,95.4,97.9,89.0,100.0,67.3,2026.0,Ranked
14.0,,University of Pennsylvania,United States,,,,,,,,,,,,,,,,,,,,,,,,,,,THE,22422.0,6.6,26.0,55:45:00,90.8025,88.1,90.3,96.1,97.9,78.4,2026.0,Ranked
15.0,,The University of Chicago,United States,,,,,,,,,,,,,,,,,,,,,,,,,,,THE,16509.0,5.9,39.0,47:53:00,90.6345,89.6,90.1,96.8,76.4,79.7,2026.0,Ranked
16.0,,Johns Hopkins University,United States,,,,,,,,,,,,,,,,,,,,,,,,,,,THE,21275.0,5.6,34.0,54:46:00,90.0605,84.6,89.9,96.3,100.0,81.9,2026.0,Ranked
17.0,,National University of Singapore,Singapore,,,,,,,,,,,,,,,,,,,,,,,,,,,THE,35558.0,21.0,31.0,49:51:00,89.672,78.6,93.1,95.1,99.9,92.8,2026.0,Ranked
18.0,,"University of California, Los Angeles",United States,,,,,,,,,,,,,,,,,,,,,,,,,,,THE,44700.0,9.8,15.0,57:43:00,89.486,86.0,91.4,95.6,93.5,69.2,2026.0,Ranked
19.0,,Cornell University,United States,,,,,,,,,,,,,,,,,,,,,,,,,,,THE,25673.0,10.6,26.0,53:47:00,89.459,85.9,90.6,95.9,70.3,83.5,2026.0,Ranked
20.0,,Columbia University,United States,,,,,,,,,,,,,,,,,,,,,,,,,,,THE,30580.0,5.6,42.0,,89.4025,87.8,87.8,95.9,74.8,83.7,2026.0,Ranked
21.0,,University of Toronto,Canada,,,,,,,,,,,,,,,,,,,,,,,,,,,THE,80394.0,25.1,39.0,56:44:00,88.4545,78.2,92.9,92.3,95.8,92.3,2026.0,Ranked
22.0,,UCL,United Kingdom,,,,,,,,,,,,,,,,,,,,,,,,,,,THE,47520.0,12.1,63.0,60:40:00,87.4425,77.8,85.9,97.6,74.7,97.5,2026.0,Ranked
23.0,,University of Michigan-Ann Arbor,United States,,,,,,,,,,,,,,,,,,,,,,,,,,,THE,48449.0,8.4,19.0,52:48:00,86.9295,85.7,87.3,93.8,81.4,65.8,2026.0,Ranked
24.0,,Carnegie Mellon University,United States,,,,,,,,,,,,,,,,,,,,,,,,,,,THE,16257.0,13.0,50.0,44:56:00,84.959,72.7,83.0,99.0,85.5,84.3,2026.0,Ranked
25.0,,University of Washington,United States,,,,,,,,,,,,,,,,,,,,,,,,,,,THE,49524.0,9.5,18.0,57:43:00,83.7165,77.0,80.0,97.6,81.6,70.1,2026.0,Ranked
26.0,,The University of Tokyo,Japan,,,,,,,,,,,,,,,,,,,,,,,,,,,THE,26298.0,10.2,18.0,,83.5245,94.7,94.2,68.2,100.0,50.8,2026.0,Ranked
27.0,,Technical University of Munich,Germany,,,,,,,,,,,,,,,,,,,,,,,,,,,THE,35755.0,40.7,45.0,37 : 63,83.4475,71.9,84.8,91.3,100.0,83.4,2026.0,Ranked
28.0,,Duke University,United States,,,,,,,,,,,,,,,,,,,,,,,,,,,THE,17871.0,4.4,25.0,55:45:00,82.9195,78.7,74.2,95.4,100.0,74.2,2026.0,Ranked
29.0,,University of Edinburgh,United Kingdom,,,,,,,,,,,,,,,,,,,,,,,,,,,THE,35350.0,11.3,49.0,62:38:00,82.4895,75.7,74.7,94.8,71.0,96.2,2026.0,Ranked
30.0,,Northwestern University,United States,,,,,,,,,,,,,,,,,,,,,,,,,,,THE,20611.0,8.2,24.0,54:46:00,81.869,73.2,76.0,96.9,96.0,71.0,2026.0,Ranked
31.0,,"Nanyang Technological University, Singapore",Singapore,,,,,,,,,,,,,,,,,,,,,,,,,,,THE,25859.0,17.3,31.0,47:53:00,81.64,65.8,78.1,95.2,100.0,93.6,2026.0,Ranked
32.0,,New York University,United States,,,,,,,,,,,,,,,,,,,,,,,,,,,THE,48973.0,9.0,46.0,59:41:00,81.6115,74.6,78.5,94.3,74.8,74.1,2026.0,Ranked
33.0,,University of Hong Kong,Hong Kong,,,,,,,,,,,,,,,,,,,,,,,,,,,THE,17668.0,17.8,48.0,56:44:00,80.4655,68.3,70.8,95.6,96.5,96.6,2026.0,Ranked
34.0,,LMU Munich,Germany,,,,,,,,,,,,,,,,,,,,,,,,,,,THE,33697.0,19.1,19.0,61:39:00,79.6665,68.4,75.4,92.4,100.0,78.7,2026.0,Ranked
35.0,,École Polytechnique Fédérale de Lausanne,Switzerland,,,,,,,,,,,,,,,,,,,,,,,,,,,THE,13306.0,13.3,64.0,31 : 69,79.6155,73.5,70.8,87.5,99.9,95.4,2026.0,Ranked
36.0,,Fudan University,China,,,,,,,,,,,,,,,,,,,,,,,,,,,THE,38601.0,12.4,10.0,52:48:00,79.2785,79.5,77.1,84.8,99.8,53.8,2026.0,Ranked
37.0,,University of Melbourne,Australia,,,,,,,,,,,,,,,,,,,,,,,,,,,THE,51622.0,23.3,51.0,58:42:00,79.0485,67.7,75.5,87.8,99.3,91.6,2026.0,Ranked
38.0,,King’s College London,United Kingdom,,,,,,,,,,,,,,,,,,,,,,,,,,,THE,34410.0,12.6,52.0,64:36:00,78.6575,64.2,72.1,95.5,72.3,96.9,2026.0,Ranked
39.0,,Zhejiang University,China,,,,,,,,,,,,,,,,,,,,,,,,,,,THE,54313.0,13.0,14.0,,78.3135,75.0,78.4,84.3,100.0,55.5,2026.0,Ranked
40.0,,Shanghai Jiao Tong University,China,,,,,,,,,,,,,,,,,,,,,,,,,,,THE,41507.0,12.5,11.0,36 : 64,77.5695,75.4,79.1,80.2,100.0,57.7,2026.0,Ranked
41.0,,McGill University,Canada,,,,,,,,,,,,,,,,,,,,,,,,,,,THE,30196.0,11.7,29.0,61:39:00,77.127,71.0,70.8,86.2,77.5,89.2,2026.0,Ranked
42.0,,Georgia Institute of Technology,United States,,,,,,,,,,,,,,,,,,,,,,,,,,,THE,33325.0,28.3,32.0,34 : 66,77.1145,60.8,75.8,90.4,99.1,81.5,2026.0,Ranked
43.0,,University of Illinois at Urbana-Champaign,United States,,,,,,,,,,,,,,,,,,,,,,,,,,,THE,50640.0,18.9,23.0,47:53:00,77.072,67.9,80.7,85.3,84.4,62.3,2026.0,Ranked
44.0,,The Chinese University of Hong Kong,Hong Kong,,,,,,,,,,,,,,,,,,,,,,,,,,,THE,18461.0,18.2,25.0,,77.0595,63.2,63.8,97.9,90.9,92.1,2026.0,Ranked
45.0,,University of British Columbia,Canada,,,,,,,,,,,,,,,,,,,,,,,,,,,THE,60112.0,18.7,34.0,55:45:00,77.029,64.1,73.9,88.6,77.4,93.5,2026.0,Ranked
46.0,,KU Leuven,Belgium,,,,,,,,,,,,,,,,,,,,,,,,,,,THE,50336.0,37.1,21.0,52:48:00,76.8155,61.3,73.8,91.3,100.0,79.2,2026.0,Ranked
47.0,,"University of California, San Diego",United States,,,,,,,,,,,,,,,,,,,,,,,,,,,THE,40586.0,9.8,23.0,51:49:00,76.5385,66.4,63.7,97.1,100.0,71.3,2026.0,Ranked
48.0,,Paris Sciences et Lettres – PSL Research University Paris,France,,,,,,,,,,,,,,,,,,,,,,,,,,,THE,15646.0,14.5,20.0,52:48:00,76.4815,74.2,71.8,79.8,99.7,77.9,2026.0,Ranked
49.0,,Universität Heidelberg,Germany,,,,,,,,,,,,,,,,,,,,,,,,,,,THE,20091.0,8.0,24.0,56:44:00,76.3075,68.3,61.4,95.3,93.7,80.2,2026.0,Ranked
50.0,,University of Texas at Austin,United States,,,,,,,,,,,,,,,,,,,,,,,,,,,THE,51158.0,17.0,10.0,56:44:00,75.828,67.8,76.0,90.1,82.3,46.2,2026.0,Ranked
51.0,,University of Science and Technology of China,China,,,,,,,,,,,,,,,,,,,,,,,,,,,THE,22955.0,8.2,5.0,,75.6435,72.9,69.8,89.0,98.9,43.2,2026.0,Ranked
52.0,,London School of Economics and Political Science,United Kingdom,,,,,,,,,,,,,,,,,,,,,,,,,,,THE,12625.0,12.3,72.0,57:43:00,75.4525,60.5,71.2,93.4,46.8,94.2,2026.0,Ranked
53.0,,The University of Sydney,Australia,,,,,,,,,,,,,,,,,,,,,,,,,,,THE,51531.0,22.4,53.0,,75.06,59.2,67.5,91.5,98.9,88.2,2026.0,Ranked
54.0,,University of Wisconsin-Madison,United States,,,,,,,,,,,,,,,,,,,,,,,,,,,THE,45254.0,10.7,15.0,,75.0445,70.3,68.8,88.0,82.6,62.0,2026.0,Ranked
55.0,,Karolinska Institute,Sweden,,,,,,,,,,,,,,,,,,,,,,,,,,,THE,8123.0,9.8,23.0,70:30:00,74.995,59.6,66.0,95.5,94.7,77.8,2026.0,Ranked
56.0,,University of Manchester,United Kingdom,,,,,,,,,,,,,,,,,,,,,,,,,,,THE,43470.0,14.9,46.0,57:43:00,74.9325,61.2,65.9,92.4,74.0,94.5,2026.0,Ranked
57.0,,Delft University of Technology,Netherlands,,,,,,,,,,,,,,,,,,,,,,,,,,,THE,21410.0,14.8,35.0,32 : 68,74.246,64.1,75.1,75.5,100.0,92.1,2026.0,Ranked
58.0,,The Hong Kong University of Science and Technology,Hong Kong,,,,,,,,,,,,,,,,,,,,,,,,,,,THE,8912.0,14.3,48.0,,74.123,56.2,60.6,95.6,100.0,97.2,2026.0,Ranked
59.0,,Seoul National University,South Korea,,,,,,,,,,,,,,,,,,,,,,,,,,,THE,26783.0,15.3,16.0,,74.094,74.1,74.8,77.6,100.0,43.5,2026.0,Ranked
60.0,,Monash University,Australia,,,,,,,,,,,,,,,,,,,,,,,,,,,THE,56287.0,30.6,36.0,54:46:00,74.09,54.3,65.5,94.0,99.6,91.9,2026.0,Ranked
61.0,,Kyoto University,Japan,,,,,,,,,,,,,,,,,,,,,,,,,,,THE,21617.0,9.0,11.0,25 : 75,73.961,86.4,82.7,56.9,100.0,45.6,2026.0,Ranked
62.0,,University of Amsterdam,Netherlands,,,,,,,,,,,,,,,,,,,,,,,,,,,THE,31035.0,12.6,39.0,60:40:00,73.7445,55.4,63.6,96.6,76.0,92.5,2026.0,Ranked
63.0,,Nanjing University,China,,,,,,,,,,,,,,,,,,,,,,,,,,,THE,34217.0,14.1,10.0,59:41:00,73.714,69.6,66.2,85.1,99.6,59.6,2026.0,Ranked
64.0,,"University of California, Davis",United States,,,,,,,,,,,,,,,,,,,,,,,,,,,THE,38565.0,13.6,22.0,58:42:00,72.819,63.9,66.4,84.9,86.5,77.1,2026.0,Ranked
65.0,,Brown University,United States,,,,,,,,,,,,,,,,,,,,,,,,,,,THE,10887.0,10.3,22.0,,72.5865,70.0,61.0,87.4,69.6,69.9,2026.0,Ranked
66.0,,Wageningen University & Research,Netherlands,,,,,,,,,,,,,,,,,,,,,,,,,,,THE,15905.0,16.9,31.0,54:46:00,72.193,58.6,58.4,90.4,99.5,91.6,2026.0,Ranked
67.0,,Washington University in St Louis,United States,,,,,,,,,,,,,,,,,,,,,,,,,,,THE,15165.0,8.2,28.0,52:48:00,71.999,60.8,56.2,97.5,74.5,73.8,2026.0,Ranked
68.0,,Université Paris-Saclay,France,,,,,,,,,,,,,,,,,,,,,,,,,,,THE,32807.0,14.0,25.0,50:50:00,71.6445,67.9,62.2,80.6,92.4,76.0,2026.0,Ranked
69.0,,Institut Polytechnique de Paris,France,,,,,,,,,,,,,,,,,,,,,,,,,,,THE,6217.0,7.6,43.0,1.011805556,71.6435,71.8,62.4,70.9,99.1,95.1,2026.0,Ranked
70.0,,Leiden University,Netherlands,,,,,,,,,,,,,,,,,,,,,,,,,,,THE,34441.0,17.6,22.0,58:42:00,71.3345,49.3,63.3,93.6,99.1,85.2,2026.0,Ranked
71.0,,Korea Advanced Institute of Science and Technology (KAIST),South Korea,,,,,,,,,,,,,,,,,,,,,,,,,,,THE,10728.0,11.9,11.0,24 : 76,71.2865,66.7,67.5,82.4,100.0,44.2,2026.0,Ranked
72.0,,"University of California, Santa Barbara",United States,,,,,,,,,,,,,,,,,,,,,,,,,,,THE,25735.0,22.9,18.0,55:45:00,71.2395,50.3,63.2,94.5,92.7,80.2,2026.0,Ranked
73.0,,City University of Hong Kong,Hong Kong,,,,,,,,,,,,,,,,,,,,,,,,,,,THE,8219.0,12.4,76.0,54:46:00,71.1405,56.5,52.7,92.7,100.0,98.4,2026.0,Ranked
74.0,,Australian National University,Australia,,,,,,,,,,,,,,,,,,,,,,,,,,,THE,17243.0,13.3,51.0,54:46:00,71.1075,56.7,62.6,85.7,86.3,94.2,2026.0,Ranked
75.0,,University of Southern California,United States,,,,,,,,,,,,,,,,,,,,,,,,,,,THE,42840.0,13.3,27.0,53:47:00,71.0935,59.8,59.6,92.7,74.9,71.5,2026.0,Ranked
76.0,,Sorbonne University,France,,,,,,,,,,,,,,,,,,,,,,,,,,,THE,38923.0,13.6,23.0,61:39:00,70.394,67.6,59.2,81.6,73.1,78.4,2026.0,Ranked
77.0,,Boston University,United States,,,,,,,,,,,,,,,,,,,,,,,,,,,THE,29239.0,11.4,33.0,58:42:00,70.365,61.2,56.5,91.8,72.4,73.2,2026.0,Ranked
78.0,,University of North Carolina at Chapel Hill,United States,,,,,,,,,,,,,,,,,,,,,,,,,,,THE,34813.0,8.0,10.0,61:39:00,70.2735,63.8,59.6,91.3,75.9,49.9,2026.0,Ranked
79.0,,UNSW Sydney,Australia,,,,,,,,,,,,,,,,,,,,,,,,,,,THE,47144.0,32.5,44.0,45:55:00,70.0075,50.2,57.7,91.9,96.7,93.7,2026.0,Ranked
80.0,,University of Bristol,United Kingdom,,,,,,,,,,,,,,,,,,,,,,,,,,,THE,29680.0,14.2,35.0,56:44:00,69.737,51.4,56.5,94.4,74.6,91.8,2026.0,Ranked
81.0,,The University of Queensland,Australia,,,,,,,,,,,,,,,,,,,,,,,,,,,THE,41295.0,23.6,43.0,54:46:00,69.7005,50.9,60.9,87.6,97.6,91.2,2026.0,Ranked
82.0,,The Hong Kong Polytechnic University,Hong Kong,,,,,,,,,,,,,,,,,,,,,,,,,,,THE,18636.0,17.8,42.0,50:50:00,69.674,51.9,55.4,91.8,86.5,97.3,2026.0,Ranked
83.0,,University of Groningen,Netherlands,,,,,,,,,,,,,,,,,,,,,,,,,,,THE,33098.0,23.4,28.0,54:46:00,69.2895,47.4,55.9,94.1,99.7,91.7,2026.0,Ranked
84.0,,University of Glasgow,United Kingdom,,,,,,,,,,,,,,,,,,,,,,,,,,,THE,34075.0,13.4,45.0,60:40:00,68.9255,50.6,52.2,95.9,73.2,95.5,2026.0,Ranked
85.0,,Purdue University West Lafayette,United States,,,,,,,,,,,,,,,,,,,,,,,,,,,THE,43555.0,18.5,20.0,43:57:00,68.7785,62.1,66.3,73.8,86.3,75.2,2026.0,Ranked
86.0,,Yonsei University (Seoul campus),South Korea,,,,,,,,,,,,,,,,,,,,,,,,,,,THE,19066.0,15.3,17.0,51:49:00,68.48,58.7,57.4,87.8,100.0,55.7,2026.0,Ranked
87.0,,Sungkyunkwan University (SKKU),South Korea,,,,,,,,,,,,,,,,,,,,,,,,,,,THE,19012.0,15.8,22.0,49:51:00,68.2645,60.2,57.5,83.4,99.7,64.3,2026.0,Ranked
88.0,,University of Minnesota,United States,,,,,,,,,,,,,,,,,,,,,,,,,,,THE,58751.0,11.9,9.0,55:45:00,67.477,60.3,59.0,84.1,99.9,44.7,2026.0,Ranked
89.0,,Humboldt University of Berlin,Germany,,,,,,,,,,,,,,,,,,,,,,,,,,,THE,34833.0,42.1,18.0,,67.197,52.6,60.6,85.5,65.9,77.6,2026.0,Ranked
90.0,,University of Copenhagen,Denmark,,,,,,,,,,,,,,,,,,,,,,,,,,,THE,31425.0,4.2,14.0,63:37:00,67.1185,51.3,52.2,91.3,92.8,76.6,2026.0,Ranked
91.0,,Charité - Universitätsmedizin Berlin,Germany,,,,,,,,,,,,,,,,,,,,,,,,,,,THE,9520.0,18.1,21.0,65:35:00,66.937,47.2,48.7,98.2,100.0,72.4,2026.0,Ranked
92.0,,RWTH Aachen University,Germany,,,,,,,,,,,,,,,,,,,,,,,,,,,THE,27662.0,35.1,33.0,35 : 65,66.748,54.9,63.0,76.7,100.0,70.3,2026.0,Ranked
93.0,,Vanderbilt University,United States,,,,,,,,,,,,,,,,,,,,,,,,,,,THE,12863.0,3.8,18.0,55:45:00,66.736,53.8,48.1,95.6,91.9,60.8,2026.0,Ranked
94.0,,University of Bonn,Germany,,,,,,,,,,,,,,,,,,,,,,,,,,,THE,24491.0,34.1,16.0,58:42:00,66.6895,51.5,56.6,88.5,78.7,71.8,2026.0,Ranked
95.0,,University of Vienna,Austria,,,,,,,,,,,,,,,,,,,,,,,,,,,THE,30228.0,36.6,34.0,65:35:00,66.601,50.0,60.9,79.8,80.0,94.0,2026.0,Ranked
96.0,,Lund University,Sweden,,,,,,,,,,,,,,,,,,,,,,,,,,,THE,23748.0,10.2,22.0,56:44:00,66.5655,49.1,56.7,85.7,99.7,79.2,2026.0,Ranked
97.0,,"University of California, Irvine",United States,,,,,,,,,,,,,,,,,,,,,,,,,,,THE,35079.0,15.3,24.0,54:46:00,66.4315,47.8,52.8,91.2,98.4,76.3,2026.0,Ranked
98.0,,University of Tübingen,Germany,,,,,,,,,,,,,,,,,,,,,,,,,,,THE,21627.0,22.5,15.0,59:41:00,66.3255,49.1,53.8,89.0,98.6,74.6,2026.0,Ranked
99.0,,KTH Royal Institute of Technology,Sweden,,,,,,,,,,,,,,,,,,,,,,,,,,,THE,15263.0,18.2,28.0,31 : 69,66.277,51.1,57.3,79.7,97.2,90.5,2026.0,Ranked
100.0,,University of Birmingham,United Kingdom,,,,,,,,,,,,,,,,,,,,,,,,,,,THE,34145.0,14.6,35.0,56:44:00,66.258,47.7,48.4,93.7,74.2,94.3,2026.0,Ranked
101.0,,Aarhus University,Denmark,,,,,,,,,,,,,,,,,,,,,,,,,,,THE,25370.0,12.8,12.0,60:40:00,66.1985,48.6,58.8,83.9,99.8,75.3,2026.0,Ranked
102.0,,Emory University,United States,,,,,,,,,,,,,,,,,,,,,,,,,,,THE,13652.0,4.0,20.0,61:39:00,65.941,53.8,46.2,94.6,82.8,66.4,2026.0,Ranked
103.0,,Rice University,United States,,,,,,,,,,,,,,,,,,,,,,,,,,,THE,8223.0,10.3,31.0,43:57:00,65.8395,56.7,46.8,88.1,72.9,82.6,2026.0,Ranked
104.0,,University of Helsinki,Finland,,,,,,,,,,,,,,,,,,,,,,,,,,,THE,22974.0,15.8,7.0,68:32:00,65.738,50.4,57.3,90.1,70.7,58.6,2026.0,Ranked
105.0,,Tohoku University,Japan,,,,,,,,,,,,,,,,,,,,,,,,,,,THE,17349.0,12.6,13.0,28 : 72,65.7275,70.9,70.8,52.8,100.0,59.2,2026.0,Ranked
106.0,,Michigan State University,United States,,,,,,,,,,,,,,,,,,,,,,,,,,,THE,45537.0,16.5,10.0,53:47:00,65.709,57.1,55.9,82.7,69.9,67.3,2026.0,Ranked
107.0,,Erasmus University Rotterdam,Netherlands,,,,,,,,,,,,,,,,,,,,,,,,,,,THE,31507.0,21.1,26.0,54:46:00,65.569,38.5,52.9,95.9,89.2,87.1,2026.0,Ranked
108.0,,Ohio State University (Main campus),United States,,,,,,,,,,,,,,,,,,,,,,,,,,,THE,54645.0,9.8,12.0,52:48:00,65.432,57.4,51.7,85.7,85.4,58.4,2026.0,Ranked
109.0,,University of Bern,Switzerland,,,,,,,,,,,,,,,,,,,,,,,,,,,THE,11959.0,17.4,18.0,59:41:00,65.4255,46.6,47.0,92.0,99.4,86.3,2026.0,Ranked
110.0,,Penn State (Main campus),United States,,,,,,,,,,,,,,,,,,,,,,,,,,,THE,48746.0,15.1,16.0,47:53:00,65.404,54.8,61.9,80.4,70.8,57.8,2026.0,Ranked
111.0,,University of Sheffield,United Kingdom,,,,,,,,,,,,,,,,,,,,,,,,,,,THE,29305.0,15.2,41.0,53:47:00,65.3465,49.7,49.1,88.3,79.4,90.4,2026.0,Ranked
112.0,,University of Massachusetts,United States,,,,,,,,,,,,,,,,,,,,,,,,,,,THE,62471.0,12.8,15.0,51:49:00,65.278,55.0,46.6,87.9,88.6,75.0,2026.0,Ranked
113.0,,Free University of Berlin,Germany,,,,,,,,,,,,,,,,,,,,,,,,,,,THE,24851.0,43.9,24.0,63:37:00,65.2345,50.2,58.3,82.2,72.4,79.5,2026.0,Ranked
114.0,,University of Oslo,Norway,,,,,,,,,,,,,,,,,,,,,,,,,,,THE,20102.0,11.7,18.0,64:36:00,65.1615,47.8,52.5,90.3,75.2,76.5,2026.0,Ranked
115.0,,Ghent University,Belgium,,,,,,,,,,,,,,,,,,,,,,,,,,,THE,42572.0,37.8,14.0,58:42:00,65.1385,48.8,58.6,82.7,99.9,65.9,2026.0,Ranked
116.0,,McMaster University,Canada,,,,,,,,,,,,,,,,,,,,,,,,,,,THE,28647.0,28.8,23.0,57:43:00,65.021,42.2,49.3,93.1,100.0,84.6,2026.0,Ranked
117.0,,"University of Maryland, College Park",United States,,,,,,,,,,,,,,,,,,,,,,,,,,,THE,33483.0,16.3,10.0,50:50:00,64.9525,50.4,58.3,89.1,69.5,48.9,2026.0,Ranked
118.0,,University of Leeds,United Kingdom,,,,,,,,,,,,,,,,,,,,,,,,,,,THE,35600.0,14.4,39.0,60:40:00,64.8795,48.3,50.3,87.2,71.6,93.6,2026.0,Ranked
119.0,,University of Alberta,Canada,,,,,,,,,,,,,,,,,,,,,,,,,,,THE,33938.0,21.6,28.0,,64.6105,49.1,55.4,78.1,100.0,88.4,2026.0,Ranked
120.0,,University of Basel,Switzerland,,,,,,,,,,,,,,,,,,,,,,,,,,,THE,8655.0,11.1,32.0,57:43:00,64.528,50.2,42.8,87.5,99.8,94.2,2026.0,Ranked
121.0,,Technical University of Denmark,Denmark,,,,,,,,,,,,,,,,,,,,,,,,,,,THE,11254.0,8.8,37.0,34 : 66,64.34,51.2,46.5,82.6,99.9,93.0,2026.0,Ranked
122.0,,University of Göttingen,Germany,,,,,,,,,,,,,,,,,,,,,,,,,,,THE,19783.0,22.1,14.0,54:46:00,64.1135,49.4,52.7,87.2,71.0,70.1,2026.0,Ranked
123.0,,University of Warwick,United Kingdom,,,,,,,,,,,,,,,,,,,,,,,,,,,THE,26515.0,13.2,44.0,50:50:00,64.1125,48.1,49.3,85.6,69.4,95.6,2026.0,Ranked
124.0,,Wuhan University,China,,,,,,,,,,,,,,,,,,,,,,,,,,,THE,49045.0,13.5,6.0,,64.104,54.0,48.4,90.1,99.7,41.6,2026.0,Ranked
125.0,,University of Lausanne,Switzerland,,,,,,,,,,,,,,,,,,,,,,,,,,,THE,14241.0,9.8,23.0,,63.7435,44.3,46.1,89.0,99.4,88.4,2026.0,Ranked
126.0,,University of Hamburg,Germany,,,,,,,,,,,,,,,,,,,,,,,,,,,THE,28389.0,55.3,13.0,58:42:00,63.6855,45.7,52.8,87.1,99.8,63.6,2026.0,Ranked
127.0,,University of Rochester,United States,,,,,,,,,,,,,,,,,,,,,,,,,,,THE,10505.0,8.1,36.0,52:48:00,63.6135,51.8,44.5,86.3,92.0,78.1,2026.0,Ranked
128.0,,Uppsala University,Sweden,,,,,,,,,,,,,,,,,,,,,,,,,,,THE,20953.0,10.9,18.0,59:41:00,63.4565,47.4,54.9,81.3,95.0,71.5,2026.0,Ranked
129.0,,University of Southampton,United Kingdom,,,,,,,,,,,,,,,,,,,,,,,,,,,THE,24355.0,14.3,46.0,54:46:00,63.3345,44.6,45.4,89.6,73.1,96.1,2026.0,Ranked
130.0,,University of Bologna,Italy,,,,,,,,,,,,,,,,,,,,,,,,,,,THE,75831.0,22.4,16.0,58:42:00,63.2855,54.2,50.1,83.3,82.5,59.7,2026.0,Ranked
131.0,,Maastricht University,Netherlands,,,,,,,,,,,,,,,,,,,,,,,,,,,THE,21903.0,16.4,60.0,60:40:00,63.2565,41.4,46.1,88.3,98.3,96.7,2026.0,Ranked
132.0,,Harbin Institute of Technology,China,,,,,,,,,,,,,,,,,,,,,,,,,,,THE,32375.0,11.0,4.0,,63.2045,57.2,57.7,77.2,100.0,32.5,2026.0,Ranked
133.0,,Lomonosov Moscow State University,Russia,,,,,,,,,,,,,,,,,,,,,,,,,,,THE,31603.0,9.7,38.0,51:49:00,63.0545,80.9,69.7,32.9,93.4,71.6,2026.0,Ranked
134.0,,Adelaide University,Australia,,,,,,,,,,,,,,,,,,,,,,,,,,,THE,43623.0,30.4,27.0,55:45:00,63.0525,38.3,48.9,89.5,99.7,89.8,2026.0,Ranked
135.0,,University of Florida,United States,,,,,,,,,,,,,,,,,,,,,,,,,,,THE,47815.0,15.5,10.0,56:44:00,62.92,55.3,56.7,76.2,90.9,48.9,2026.0,Ranked
136.0,,Beijing Normal University,China,,,,,,,,,,,,,,,,,,,,,,,,,,,THE,29655.0,15.5,7.0,,62.893,59.6,49.3,80.9,89.1,42.4,2026.0,Ranked
137.0,,Queen Mary University of London,United Kingdom,,,,,,,,,,,,,,,,,,,,,,,,,,,THE,25135.0,14.3,46.0,53:47:00,62.853,38.7,42.6,95.7,76.5,97.5,2026.0,Ranked
138.0,,Scuola Normale Superiore di Pisa,Italy,,,,,,,,,,,,,,,,,,,,,,,,,,,THE,700.0,8.8,11.0,30 : 70,62.7635,58.6,46.9,86.4,37.7,59.3,2026.0,Ranked
139.0,,University of Freiburg,Germany,,,,,,,,,,,,,,,,,,,,,,,,,,,THE,20405.0,19.6,18.0,55:45:00,62.643,46.7,47.4,84.5,99.7,77.1,2026.0,Ranked
140.0,,University of Arizona,United States,,,,,,,,,,,,,,,,,,,,,,,,,,,THE,52414.0,20.9,7.0,57:43:00,62.555,48.3,52.5,86.1,80.6,53.7,2026.0,Ranked
141.0,,National Taiwan University (NTU),Taiwan,,,,,,,,,,,,,,,,,,,,,,,,,,,THE,18743.0,9.7,24.0,44:56:00,62.464,59.4,54.9,68.6,100.0,59.2,2026.0,Ranked
142.0,,Pohang University of Science and Technology (POSTECH),South Korea,,,,,,,,,,,,,,,,,,,,,,,,,,,THE,3234.0,9.2,7.0,,62.306,58.3,49.5,79.2,100.0,39.9,2026.0,Ranked
143.0,,Tongji University,China,,,,,,,,,,,,,,,,,,,,,,,,,,,THE,33414.0,11.9,16.0,41:59:00,62.2865,53.2,53.6,74.3,99.9,63.5,2026.0,Ranked
144.0,,University of Liverpool,United Kingdom,,,,,,,,,,,,,,,,,,,,,,,,,,,THE,26770.0,13.9,33.0,55:45:00,62.2175,43.5,42.0,91.2,68.0,95.0,2026.0,Ranked
145.0,,Newcastle University,United Kingdom,,,,,,,,,,,,,,,,,,,,,,,,,,,THE,26400.0,15.0,28.0,54:46:00,62.0815,39.8,43.2,93.0,80.0,89.5,2026.0,Ranked
146.0,,University of Nottingham,United Kingdom,,,,,,,,,,,,,,,,,,,,,,,,,,,THE,35470.0,15.5,28.0,55:45:00,62.027,45.8,43.3,87.3,72.1,91.8,2026.0,Ranked
147.0,,University of Macau,Macao,,,,,,,,,,,,,,,,,,,,,,,,,,,THE,12258.0,19.4,51.0,53:47:00,62.0075,40.2,40.9,92.9,87.0,92.5,2026.0,Ranked
148.0,,Case Western Reserve University,United States,,,,,,,,,,,,,,,,,,,,,,,,,,,THE,11514.0,9.9,26.0,51:49:00,61.97,51.8,42.2,88.7,74.9,64.6,2026.0,Ranked
149.0,,University of Technology Sydney,Australia,,,,,,,,,,,,,,,,,,,,,,,,,,,THE,29729.0,37.7,26.0,51:49:00,61.9555,36.8,42.6,94.1,88.7,92.9,2026.0,Ranked
150.0,,University of Barcelona,Spain,,,,,,,,,,,,,,,,,,,,,,,,,,,THE,45016.0,14.9,12.0,64:36:00,61.933,44.0,47.8,88.5,92.4,64.6,2026.0,Ranked
151.0,,Université de Montréal,Canada,,,,,,,,,,,,,,,,,,,,,,,,,,,THE,39749.0,15.5,23.0,,61.9155,41.4,50.5,83.1,95.5,84.1,2026.0,Ranked
152.0,,The University of Osaka,Japan,,,,,,,,,,,,,,,,,,,,,,,,,,,THE,22367.0,10.4,12.0,33 : 67,61.844,65.9,64.9,53.3,100.0,47.9,2026.0,Ranked
153.0,,Texas A&M University,United States,,,,,,,,,,,,,,,,,,,,,,,,,,,THE,68486.0,22.6,8.0,47:53:00,61.7755,52.5,57.2,73.4,73.5,63.2,2026.0,Ranked
154.0,,The University of Western Australia,Australia,,,,,,,,,,,,,,,,,,,,,,,,,,,THE,19880.0,23.6,30.0,51:49:00,61.7165,38.7,45.1,87.6,98.4,93.4,2026.0,Ranked
155.0,,Radboud University Nijmegen,Netherlands,,,,,,,,,,,,,,,,,,,,,,,,,,,THE,23615.0,16.1,13.0,58:42:00,61.537,38.5,49.7,89.3,82.1,75.9,2026.0,Ranked
156.0,,University of York,United Kingdom,,,,,,,,,,,,,,,,,,,,,,,,,,,THE,20330.0,14.3,29.0,57:43:00,61.4895,44.1,43.9,87.5,67.6,90.6,2026.0,Ranked
157.0,,University of Pittsburgh-Pittsburgh campus,United States,,,,,,,,,,,,,,,,,,,,,,,,,,,THE,27492.0,5.4,11.0,51:49:00,61.448,49.2,43.3,92.0,76.8,49.4,2026.0,Ranked
158.0,,University of Auckland,New Zealand,,,,,,,,,,,,,,,,,,,,,,,,,,,THE,33639.0,23.3,33.0,55:45:00,61.428,40.4,46.8,85.7,92.2,87.2,2026.0,Ranked
159.0,,Korea University,South Korea,,,,,,,,,,,,,,,,,,,,,,,,,,,THE,21728.0,17.5,38.0,,61.406,52.4,51.3,73.3,99.9,67.8,2026.0,Ranked
160.0,,University of Colorado Boulder,United States,,,,,,,,,,,,,,,,,,,,,,,,,,,THE,37094.0,17.0,8.0,46:54:00,61.3185,47.5,51.6,84.1,77.3,53.6,2026.0,Ranked
161.0,,Technical University of Berlin,Germany,,,,,,,,,,,,,,,,,,,,,,,,,,,THE,20180.0,46.9,29.0,36 : 64,61.0665,45.2,52.8,77.8,95.2,70.3,2026.0,Ranked
162.0,,Southern University of Science and Technology (SUSTech),China,,,,,,,,,,,,,,,,,,,,,,,,,,,THE,8193.0,9.6,1.0,,60.9575,39.6,44.2,93.9,88.5,63.3,2026.0,Ranked
163.0,,University of Waterloo,Canada,,,,,,,,,,,,,,,,,,,,,,,,,,,THE,34772.0,22.7,21.0,47:53:00,60.913,42.7,47.6,83.4,77.0,85.5,2026.0,Ranked
164.0,,University of St Andrews,United Kingdom,,,,,,,,,,,,,,,,,,,,,,,,,,,THE,11265.0,12.9,49.0,59:41:00,60.9,50.6,43.3,78.2,71.9,94.4,2026.0,Ranked
165.0,,University of Cologne,Germany,,,,,,,,,,,,,,,,,,,,,,,,,,,THE,27278.0,23.0,18.0,,60.8155,44.5,46.5,83.9,94.2,70.2,2026.0,Ranked
166.0,,University of Cape Town,South Africa,,,,,,,,,,,,,,,,,,,,,,,,,,,THE,20094.0,12.6,12.0,56:44:00,60.7405,39.4,46.7,87.8,84.8,77.9,2026.0,Ranked
167.0,,Karlsruhe Institute of Technology,Germany,,,,,,,,,,,,,,,,,,,,,,,,,,,THE,19911.0,23.1,25.0,30 : 70,60.737,49.3,54.9,69.3,100.0,73.1,2026.0,Ranked
168.0,,University of Geneva,Switzerland,,,,,,,,,,,,,,,,,,,,,,,,,,,THE,17681.0,7.8,41.0,63:37:00,60.7165,43.8,40.0,85.2,85.7,96.1,2026.0,Ranked
169.0,,Macquarie University,Australia,,,,,,,,,,,,,,,,,,,,,,,,,,,THE,29826.0,50.2,25.0,,60.711,35.9,42.5,90.9,97.2,88.5,2026.0,Ranked
170.0,,Institute of Science Tokyo,Japan,,,,,,,,,,,,,,,,,,,,,,,,,,,THE,13407.0,8.3,17.0,1.011805556,60.6895,66.9,60.5,52.7,92.1,52.2,2026.0,Ranked
171.0,,University of Virginia (Main campus),United States,,,,,,,,,,,,,,,,,,,,,,,,,,,THE,25795.0,8.8,13.0,55:45:00,60.68,51.1,41.7,86.6,79.0,58.3,2026.0,Ranked
172.0,,Sapienza University of Rome,Italy,,,,,,,,,,,,,,,,,,,,,,,,,,,THE,60428.0,27.3,7.0,61:39:00,60.651,55.9,53.5,73.4,85.2,42.9,2026.0,Ranked
173.0,,University of Antwerp,Belgium,,,,,,,,,,,,,,,,,,,,,,,,,,,THE,16836.0,32.6,17.0,57:43:00,60.6475,38.9,44.3,89.6,98.5,73.4,2026.0,Ranked
174.0,,University of Exeter,United Kingdom,,,,,,,,,,,,,,,,,,,,,,,,,,,THE,29280.0,15.7,29.0,54:46:00,60.575,36.6,42.1,94.0,59.1,93.4,2026.0,Ranked
175.0,,Trinity College Dublin,Ireland,,,,,,,,,,,,,,,,,,,,,,,,,,,THE,20188.0,19.4,40.0,62:38:00,60.495,42.8,44.9,83.2,76.2,91.2,2026.0,Ranked
176.0,,TU Dresden,Germany,,,,,,,,,,,,,,,,,,,,,,,,,,,THE,20631.0,21.0,15.0,49:51:00,60.448,47.1,50.0,77.0,99.9,66.1,2026.0,Ranked
177.0,,Durham University,United Kingdom,,,,,,,,,,,,,,,,,,,,,,,,,,,THE,21470.0,13.2,34.0,54:46:00,60.262,45.2,44.9,81.0,62.8,94.6,2026.0,Ranked
178.0,,Huazhong University of Science and Technology,China,,,,,,,,,,,,,,,,,,,,,,,,,,,THE,61789.0,16.2,4.0,,60.2265,46.6,48.4,87.1,99.9,30.9,2026.0,Ranked
179.0,,Vrije Universiteit Amsterdam,Netherlands,,,,,,,,,,,,,,,,,,,,,,,,,,,THE,31949.0,15.8,20.0,57:43:00,60.206,37.7,41.8,91.8,77.5,84.3,2026.0,Ranked
180.0,,University of Würzburg,Germany,,,,,,,,,,,,,,,,,,,,,,,,,,,THE,20904.0,33.6,11.0,60:40:00,60.1415,39.6,43.5,91.2,99.8,59.9,2026.0,Ranked
181.0,,Dartmouth College,United States,,,,,,,,,,,,,,,,,,,,,,,,,,,THE,6627.0,7.4,19.0,48:52:00,60.0105,56.3,38.5,81.8,72.8,63.8,2026.0,Ranked
182.0,,"University of California, Santa Cruz",United States,,,,,,,,,,,,,,,,,,,,,,,,,,,THE,19357.0,23.6,10.0,47:53:00,59.892,38.3,41.7,93.2,75.7,73.5,2026.0,Ranked
183.0,,Medical University of Vienna,Austria,,,,,,,,,,,,,,,,,,,,,,,,,,,THE,7531.0,17.9,30.0,54:46:00,59.8765,36.3,36.8,94.2,99.9,83.2,2026.0,Ranked
184.0,,Universitat Autònoma de Barcelona (UAB),Spain,,,,,,,,,,,,,,,,,,,,,,,,,,,THE,33006.0,13.5,16.0,60:40:00,59.762,44.9,44.8,84.6,73.3,69.5,2026.0,Ranked
185.0,,Lancaster University,United Kingdom,,,,,,,,,,,,,,,,,,,,,,,,,,,THE,16935.0,14.9,34.0,48:52:00,59.728,40.9,40.8,86.7,67.2,95.1,2026.0,Ranked
186.0,,King Fahd University of Petroleum and Minerals,Saudi Arabia,,,,,,,,,,,,,,,,,,,,,,,,,,,THE,5960.0,8.3,28.0,26 : 74,59.69,36.3,43.2,85.7,94.4,92.9,2026.0,Ranked
187.0,,Université Catholique de Louvain,Belgium,,,,,,,,,,,,,,,,,,,,,,,,,,,THE,27280.0,39.4,21.0,55:45:00,59.6735,40.0,47.7,80.7,95.2,80.3,2026.0,Ranked
188.0,,University of Ottawa,Canada,,,,,,,,,,,,,,,,,,,,,,,,,,,THE,40753.0,28.7,29.0,58:42:00,59.527,38.2,44.5,85.4,81.7,86.2,2026.0,Ranked
189.0,,Pompeu Fabra University,Spain,,,,,,,,,,,,,,,,,,,,,,,,,,,THE,12225.0,21.3,17.0,62:38:00,59.4555,36.6,45.3,87.5,81.6,80.1,2026.0,Ranked
190.0,,Tufts University,United States,,,,,,,,,,,,,,,,,,,,,,,,,,,THE,12718.0,10.5,18.0,59:41:00,59.363,51.3,34.7,88.2,76.6,61.9,2026.0,Ranked
191.0,,University of Twente,Netherlands,,,,,,,,,,,,,,,,,,,,,,,,,,,THE,8204.0,9.5,43.0,37 : 63,59.3175,45.7,45.0,73.0,98.9,92.4,2026.0,Ranked
192.0,,Université Paris Cité,France,,,,,,,,,,,,,,,,,,,,,,,,,,,THE,66075.0,18.2,22.0,64:36:00,59.2905,44.4,38.0,89.9,68.0,73.1,2026.0,Ranked
193.0,,University of Leicester,United Kingdom,,,,,,,,,,,,,,,,,,,,,,,,,,,THE,16435.0,14.5,37.0,53:47:00,59.204,35.4,34.9,95.9,69.0,94.8,2026.0,Ranked
194.0,,Eindhoven University of Technology,Netherlands,,,,,,,,,,,,,,,,,,,,,,,,,,,THE,10823.0,19.1,36.0,30 : 70,59.1715,47.7,49.5,67.0,100.0,88.6,2026.0,Ranked
195.0,,University of Notre Dame,United States,,,,,,,,,,,,,,,,,,,,,,,,,,,THE,12781.0,10.5,14.0,47:53:00,59.0505,52.8,45.8,73.5,72.5,69.9,2026.0,Ranked
196.0,,Aalto University,Finland,,,,,,,,,,,,,,,,,,,,,,,,,,,THE,15131.0,21.3,26.0,39 : 61,59.017,44.3,43.4,78.9,91.0,80.7,2026.0,Ranked
197.0,,The Education University of Hong Kong,Hong Kong,,,,,,,,,,,,,,,,,,,,,,,,,,,THE,5692.0,13.0,27.0,63:37:00,59.0105,35.8,38.9,91.6,74.4,89.5,2026.0,Ranked
198.0,,University of Münster,Germany,,,,,,,,,,,,,,,,,,,,,,,,,,,THE,26499.0,23.7,7.0,,58.9625,43.9,47.2,83.2,82.1,54.4,2026.0,Ranked
199.0,,Indiana University,United States,,,,,,,,,,,,,,,,,,,,,,,,,,,THE,67529.0,11.5,13.0,53:47:00,58.8775,47.1,36.9,87.3,85.3,62.4,2026.0,Ranked
200.0,,Queen’s University Belfast,United Kingdom,,,,,,,,,,,,,,,,,,,,,,,,,,,THE,21900.0,17.0,49.0,58:42:00,58.785,34.7,38.4,90.8,70.0,98.3,2026.0,Ranked
201.0,,University of Reading,United Kingdom,,,,,,,,,,,,,,,,,,,,,,,,,,,THE,15970.0,15.8,31.0,54:46:00,58.6515,41.7,38.1,85.2,66.9,94.2,2026.0,Ranked
202.0,,University of Calgary,Canada,,,,,,,,,,,,,,,,,,,,,,,,,,,THE,35954.0,20.3,26.0,53:47:00,58.6335,37.8,43.1,83.6,91.4,83.3,2026.0,Ranked
203.0,,Friedrich Schiller University Jena,Germany,,,,,,,,,,,,,,,,,,,,,,,,,,,THE,14754.0,16.0,14.0,,58.553,44.0,42.5,83.5,88.7,62.0,2026.0,Ranked
204.0,,Stockholm University,Sweden,,,,,,,,,,,,,,,,,,,,,,,,,,,THE,27746.0,16.2,14.0,,58.46,33.5,48.4,87.2,66.1,76.5,2026.0,Ranked
205.0,,Universiti Teknologi Petronas,Malaysia,,,,,,,,,,,,,,,,,,,,,,,,,,,THE,4262.0,13.0,13.0,38 : 62,58.3765,41.6,40.3,82.4,94.5,78.9,2026.0,Ranked
206.0,,University of Mannheim,Germany,,,,,,,,,,,,,,,,,,,,,,,,,,,THE,7902.0,36.1,17.0,,58.3305,37.0,44.5,85.5,88.2,71.1,2026.0,Ranked
207.0,,University of Erlangen-Nuremberg,Germany,,,,,,,,,,,,,,,,,,,,,,,,,,,THE,28153.0,34.2,20.0,51:49:00,58.1815,41.7,46.5,78.6,100.0,64.2,2026.0,Ranked
208.0,,Tianjin University,China,,,,,,,,,,,,,,,,,,,,,,,,,,,THE,27866.0,8.7,15.0,,58.056,49.2,47.0,73.2,99.8,52.8,2026.0,Ranked
209.0,,Georgetown University,United States,,,,,,,,,,,,,,,,,,,,,,,,,,,THE,17348.0,9.5,19.0,56:44:00,57.9985,52.2,35.3,82.1,93.0,53.5,2026.0,Ranked
210.0,,Deakin University,Australia,,,,,,,,,,,,,,,,,,,,,,,,,,,THE,37191.0,33.3,25.0,58:42:00,57.9975,31.6,38.4,91.7,86.3,87.7,2026.0,Ranked
210.0,,Queensland University of Technology,Australia,,,,,,,,,,,,,,,,,,,,,,,,,,,THE,33182.0,36.8,18.0,53:47:00,57.9975,33.0,40.4,89.6,88.1,81.9,2026.0,Ranked
212.0,,University of Gothenburg,Sweden,,,,,,,,,,,,,,,,,,,,,,,,,,,THE,20756.0,10.9,13.0,,57.9785,34.8,43.2,91.1,78.8,62.7,2026.0,Ranked
213.0,,Arizona State University (Tempe),United States,,,,,,,,,,,,,,,,,,,,,,,,,,,THE,52956.0,18.9,17.0,45:55:00,57.94,39.6,44.5,84.1,70.7,70.6,2026.0,Ranked
214.0,,Hong Kong Baptist University,Hong Kong,,,,,,,,,,,,,,,,,,,,,,,,,,,THE,7628.0,13.4,60.0,64:36:00,57.932,34.6,41.0,84.5,79.5,97.4,2026.0,Ranked
215.0,,Western University,Canada,,,,,,,,,,,,,,,,,,,,,,,,,,,THE,31831.0,32.7,25.0,56:44:00,57.884,39.9,42.6,77.5,99.8,86.9,2026.0,Ranked
216.0,,Politecnico di Milano,Italy,,,,,,,,,,,,,,,,,,,,,,,,,,,THE,39793.0,21.8,23.0,36 : 64,57.8525,46.2,51.9,67.8,98.0,65.5,2026.0,Ranked
217.0,,Tel Aviv University,Israel,,,,,,,,,,,,,,,,,,,,,,,,,,,THE,24379.0,22.7,7.0,57:43:00,57.835,41.8,50.1,79.9,75.0,53.4,2026.0,Ranked
218.0,,Nagoya University,Japan,,,,,,,,,,,,,,,,,,,,,,,,,,,THE,15559.0,13.3,13.0,31 : 69,57.7855,58.1,56.1,57.0,99.8,43.8,2026.0,Ranked
219.0,,Goethe University Frankfurt,Germany,,,,,,,,,,,,,,,,,,,,,,,,,,,THE,27422.0,20.2,13.0,60:40:00,57.6535,42.2,41.9,82.1,81.4,68.9,2026.0,Ranked
220.0,,University of Surrey,United Kingdom,,,,,,,,,,,,,,,,,,,,,,,,,,,THE,14440.0,14.4,33.0,54:46:00,57.5985,36.3,34.4,89.5,71.6,96.0,2026.0,Ranked
221.0,,Qatar University,Qatar,,,,,,,,,,,,,,,,,,,,,,,,,,,THE,9539.0,8.2,38.0,,57.5885,32.4,38.1,89.1,79.1,94.5,2026.0,Ranked
222.0,,University of São Paulo,Brazil,,,,,,,,,,,,,,,,,,,,,,,,,,,THE,82212.0,13.9,3.0,48:52:00,57.585,61.6,55.6,53.9,96.6,43.4,2026.0,Ranked
223.0,,University College Dublin,Ireland,,,,,,,,,,,,,,,,,,,,,,,,,,,THE,25252.0,19.1,35.0,,57.4665,35.5,41.7,84.0,74.9,89.4,2026.0,Ranked
224.0,,Université Libre de Bruxelles,Belgium,,,,,,,,,,,,,,,,,,,,,,,,,,,THE,33462.0,54.1,32.0,58:42:00,57.458,36.7,44.8,81.3,68.3,86.9,2026.0,Ranked
225.0,,Sun Yat-sen University,China,,,,,,,,,,,,,,,,,,,,,,,,,,,THE,66020.0,15.5,4.0,46:54:00,57.3595,47.2,40.6,84.0,97.6,34.1,2026.0,Ranked
226.0,,George Washington University,United States,,,,,,,,,,,,,,,,,,,,,,,,,,,THE,21756.0,12.4,19.0,61:39:00,57.349,48.5,34.3,84.4,67.8,67.5,2026.0,Ranked
227.0,,University of Miami,United States,,,,,,,,,,,,,,,,,,,,,,,,,,,THE,18574.0,10.9,12.0,54:46:00,57.3405,47.3,35.5,83.8,83.3,61.6,2026.0,Ranked
228.0,,Xi’an Jiaotong University,China,,,,,,,,,,,,,,,,,,,,,,,,,,,THE,54986.0,15.9,6.0,34 : 66,57.2655,45.1,49.4,75.9,100.0,38.2,2026.0,Ranked
229.0,,Sichuan University,China,,,,,,,,,,,,,,,,,,,,,,,,,,,THE,49146.0,15.9,5.0,,57.248,46.5,48.1,74.7,99.6,42.5,2026.0,Ranked
230.0,,University of Potsdam,Germany,,,,,,,,,,,,,,,,,,,,,,,,,,,THE,12690.0,32.7,15.0,57:43:00,57.2135,37.9,44.3,81.7,92.4,66.4,2026.0,Ranked
231.0,,Sant’Anna School of Advanced Studies – Pisa,Italy,,,,,,,,,,,,,,,,,,,,,,,,,,,THE,807.0,6.4,20.0,43:57:00,57.174,50.2,38.3,77.5,93.7,56.8,2026.0,Ranked
232.0,,Cardiff University,United Kingdom,,,,,,,,,,,,,,,,,,,,,,,,,,,THE,27880.0,13.7,24.0,59:41:00,57.1715,35.9,39.1,86.0,70.3,88.4,2026.0,Ranked
233.0,,Abu Dhabi University,United Arab Emirates,,,,,,,,,,,,,,,,,,,,,,,,,,,THE,2344.0,10.7,60.0,50:50:00,57.171,38.0,33.9,92.0,29.5,98.0,2026.0,Ranked
234.0,,Vrije Universiteit Brussel,Belgium,,,,,,,,,,,,,,,,,,,,,,,,,,,THE,16387.0,37.1,24.0,59:41:00,57.085,37.8,42.5,80.4,93.6,76.6,2026.0,Ranked
235.0,,United Arab Emirates University,United Arab Emirates,,,,,,,,,,,,,,,,,,,,,,,,,,,THE,9024.0,13.9,18.0,73:27:00,57.063,28.7,38.1,91.8,86.5,87.3,2026.0,Ranked
236.0,,University of Wollongong,Australia,,,,,,,,,,,,,,,,,,,,,,,,,,,THE,16470.0,24.1,32.0,54:46:00,56.9495,34.3,36.6,85.4,89.8,93.4,2026.0,Ranked
237.0,,University of Sussex,United Kingdom,,,,,,,,,,,,,,,,,,,,,,,,,,,THE,18015.0,16.7,37.0,55:45:00,56.9305,34.3,36.0,88.9,64.8,94.8,2026.0,Ranked
238.0,,Beijing Institute of Technology,China,,,,,,,,,,,,,,,,,,,,,,,,,,,THE,33624.0,12.9,12.0,,56.9185,46.5,44.3,76.6,99.6,45.2,2026.0,Ranked
239.0,,University of Utah,United States,,,,,,,,,,,,,,,,,,,,,,,,,,,THE,33106.0,15.5,9.0,50:50:00,56.9045,43.4,39.2,86.5,91.4,41.7,2026.0,Ranked
240.0,,Chalmers University of Technology,Sweden,,,,,,,,,,,,,,,,,,,,,,,,,,,THE,10245.0,11.9,18.0,33 : 67,56.8745,42.6,45.9,71.2,97.1,76.7,2026.0,Ranked
241.0,,Linköping University,Sweden,,,,,,,,,,,,,,,,,,,,,,,,,,,THE,15130.0,14.5,18.0,54:46:00,56.765,31.1,40.4,89.1,96.8,70.3,2026.0,Ranked
242.0,,University of Padua,Italy,,,,,,,,,,,,,,,,,,,,,,,,,,,THE,49946.0,30.1,11.0,58:42:00,56.724,46.4,41.0,80.0,78.9,53.2,2026.0,Ranked
243.0,,Ulsan National Institute of Science and Technology (UNIST),South Korea,,,,,,,,,,,,,,,,,,,,,,,,,,,THE,3868.0,12.0,8.0,29 : 71,56.7145,47.4,39.5,81.3,98.1,39.5,2026.0,Ranked
244.0,,University of Malaya,Malaysia,,,,,,,,,,,,,,,,,,,,,,,,,,,THE,18899.0,9.7,32.0,61:39:00,56.656,47.8,38.8,72.8,65.2,91.4,2026.0,Ranked
245.0,,"Northeastern University, US",United States,,,,,,,,,,,,,,,,,,,,,,,,,,,THE,29623.0,15.8,40.0,53:47:00,56.612,38.4,32.4,90.5,69.2,79.6,2026.0,Ranked
246.0,,Medical University of Innsbruck,Austria,,,,,,,,,,,,,,,,,,,,,,,,,,,THE,3619.0,14.0,45.0,57:43:00,56.5685,33.8,30.1,90.9,99.4,88.3,2026.0,Ranked
247.0,,Khalifa University,United Arab Emirates,,,,,,,,,,,,,,,,,,,,,,,,,,,THE,4299.0,7.1,29.0,57:43:00,56.564,37.6,28.0,88.5,92.3,94.8,2026.0,Ranked
248.0,,Medical University of Graz,Austria,,,,,,,,,,,,,,,,,,,,,,,,,,,THE,4494.0,19.5,30.0,56:44:00,56.554,29.7,35.1,92.0,97.9,81.3,2026.0,Ranked
249.0,,University of Aberdeen,United Kingdom,,,,,,,,,,,,,,,,,,,,,,,,,,,THE,11875.0,12.9,36.0,58:42:00,56.406,38.0,34.8,82.3,79.6,96.4,2026.0,Ranked
250.0,,University of Illinois Chicago,United States,,,,,,,,,,,,,,,,,,,,,,,,,,,THE,28912.0,11.2,20.0,55:45:00,56.374,50.1,35.2,80.1,76.1,57.5,2026.0,Ranked
251.0,,Indian Institute of Science,India,,,,,,,,,,,,,,,,,,,,,,,,,,,THE,5020.0,10.5,1.0,26 : 74,56.367,61.8,56.9,51.2,98.0,31.4,2026.0,Ranked
252.0,,Beihang University,China,,,,,,,,,,,,,,,,,,,,,,,,,,,THE,35223.0,13.4,4.0,,56.3285,47.8,46.5,73.8,100.0,34.7,2026.0,Ranked
253.0,,Nankai University,China,,,,,,,,,,,,,,,,,,,,,,,,,,,THE,33291.0,11.7,7.0,,56.3205,45.4,33.9,87.6,80.6,47.9,2026.0,Ranked
254.0,,Kyung Hee University,South Korea,,,,,,,,,,,,,,,,,,,,,,,,,,,THE,20363.0,17.4,30.0,54:46:00,56.2245,41.2,40.3,76.5,99.9,72.5,2026.0,Ranked
255.0,,University of Tasmania,Australia,,,,,,,,,,,,,,,,,,,,,,,,,,,THE,13316.0,17.1,31.0,58:42:00,56.179,34.3,36.9,84.5,82.8,89.3,2026.0,Ranked
256.0,,Swinburne University of Technology,Australia,,,,,,,,,,,,,,,,,,,,,,,,,,,THE,15725.0,28.4,41.0,43:57:00,56.158,33.0,33.6,91.4,78.1,81.8,2026.0,Ranked
257.0,,Vita-Salute San Raffaele University,Italy,,,,,,,,,,,,,,,,,,,,,,,,,,,THE,4573.0,27.6,6.0,64:36:00,56.118,34.3,34.0,98.8,66.3,51.3,2026.0,Ranked
258.0,,Humanitas University,Italy,,,,,,,,,,,,,,,,,,,,,,,,,,,THE,2475.0,15.9,18.0,58:42:00,56.117,36.6,29.0,98.5,64.0,64.0,2026.0,Ranked
259.0,,Aalborg University,Denmark,,,,,,,,,,,,,,,,,,,,,,,,,,,THE,16050.0,13.9,13.0,,56.063,33.6,44.9,80.6,88.0,72.4,2026.0,Ranked
260.0,,Macau University of Science and Technology,Macao,,,,,,,,,,,,,,,,,,,,,,,,,,,THE,18264.0,44.6,94.0,57:43:00,56.045,34.2,38.8,81.1,84.6,93.2,2026.0,Ranked
261.0,,Hebrew University of Jerusalem,Israel,,,,,,,,,,,,,,,,,,,,,,,,,,,THE,17488.0,16.2,3.0,58:42:00,55.982,48.1,47.2,72.6,77.3,43.1,2026.0,Ranked
262.0,,Università della Svizzera italiana,Switzerland,,,,,,,,,,,,,,,,,,,,,,,,,,,THE,4029.0,12.1,70.0,46:54:00,55.9085,41.1,29.7,80.3,92.9,98.2,2026.0,Ranked
263.0,,University of Bath,United Kingdom,,,,,,,,,,,,,,,,,,,,,,,,,,,THE,17650.0,17.7,29.0,46:54:00,55.894,39.8,35.1,81.0,67.1,93.2,2026.0,Ranked
264.0,,La Trobe University,Australia,,,,,,,,,,,,,,,,,,,,,,,,,,,THE,21509.0,31.2,37.0,,55.857,29.5,36.8,88.9,79.0,88.7,2026.0,Ranked
265.0,,University of Luxembourg,Luxembourg,,,,,,,,,,,,,,,,,,,,,,,,,,,THE,5718.0,20.0,52.0,53:47:00,55.797,39.9,39.3,75.1,79.8,92.1,2026.0,Ranked
266.0,,King Saud University,Saudi Arabia,,,,,,,,,,,,,,,,,,,,,,,,,,,THE,42846.0,11.0,11.0,46:54:00,55.745,38.2,33.8,82.7,89.1,84.0,2026.0,Ranked
267.0,,RMIT University,Australia,,,,,,,,,,,,,,,,,,,,,,,,,,,THE,32309.0,23.8,38.0,49:51:00,55.7425,35.2,36.2,82.5,78.2,93.1,2026.0,Ranked
268.0,,Lebanese American University,Lebanon,,,,,,,,,,,,,,,,,,,,,,,,,,,THE,7606.0,12.0,13.0,52:48:00,55.731,36.8,32.5,93.7,32.0,80.8,2026.0,Ranked
269.0,,Sejong University,South Korea,,,,,,,,,,,,,,,,,,,,,,,,,,,THE,13684.0,20.9,16.0,46:54:00,55.719,33.6,33.6,92.6,83.7,65.8,2026.0,Ranked
270.0,,Central European University,Austria,,,,,,,,,,,,,,,,,,,,,,,,,,,THE,1453.0,7.8,96.0,58:42:00,55.693,50.0,34.4,76.3,28.3,92.6,2026.0,Ranked
271.0,,Ruhr University Bochum,Germany,,,,,,,,,,,,,,,,,,,,,,,,,,,THE,30732.0,39.4,20.0,51:49:00,55.653,39.9,46.1,72.6,98.9,63.7,2026.0,Ranked
272.0,,University of Oulu,Finland,,,,,,,,,,,,,,,,,,,,,,,,,,,THE,11334.0,22.0,10.0,56:44:00,55.6275,36.7,39.5,85.8,70.9,63.6,2026.0,Ranked
273.0,,Semmelweis University,Hungary,,,,,,,,,,,,,,,,,,,,,,,,,,,THE,9774.0,12.5,45.0,69:31:00,55.5365,45.4,28.8,83.5,75.1,76.5,2026.0,Ranked
274.0,,Northwestern Polytechnical University,China,,,,,,,,,,,,,,,,,,,,,,,,,,,THE,35982.0,13.6,5.0,29 : 71,55.529,41.0,42.4,78.6,99.7,47.6,2026.0,Ranked
275.0,,Shandong University,China,,,,,,,,,,,,,,,,,,,,,,,,,,,THE,37862.0,12.7,9.0,,55.4925,46.4,44.0,72.7,99.3,43.5,2026.0,Ranked
276.0,,Xiamen University,China,,,,,,,,,,,,,,,,,,,,,,,,,,,THE,42518.0,14.2,3.0,,55.4865,43.3,37.6,84.2,95.1,36.6,2026.0,Ranked
277.0,,Southern Medical University,China,,,,,,,,,,,,,,,,,,,,,,,,,,,THE,18620.0,10.7,7.0,,55.485,45.9,38.9,84.2,76.4,31.3,2026.0,Ranked
278.0,,Technical University of Darmstadt,Germany,,,,,,,,,,,,,,,,,,,,,,,,,,,THE,13864.0,28.3,27.0,34 : 66,55.471,43.1,46.8,65.7,99.8,73.1,2026.0,Ranked
279.0,,Virginia Polytechnic Institute and State University,United States,,,,,,,,,,,,,,,,,,,,,,,,,,,THE,38157.0,18.4,13.0,44:56:00,55.359,41.9,41.2,77.5,76.7,63.1,2026.0,Ranked
280.0,,South China University of Technology,China,,,,,,,,,,,,,,,,,,,,,,,,,,,THE,41221.0,12.0,7.0,39 : 61,55.257,39.0,39.1,84.0,99.7,43.0,2026.0,Ranked
281.0,,University of Southern Denmark,Denmark,,,,,,,,,,,,,,,,,,,,,,,,,,,THE,17548.0,9.5,15.0,54:46:00,55.207,30.4,36.0,87.3,98.1,75.8,2026.0,Ranked
282.0,,Boston College,United States,,,,,,,,,,,,,,,,,,,,,,,,,,,THE,12989.0,14.6,13.0,55:45:00,55.165,45.8,33.1,84.0,60.0,59.4,2026.0,Ranked
283.0,,University of Konstanz,Germany,,,,,,,,,,,,,,,,,,,,,,,,,,,THE,6767.0,30.3,14.0,58:42:00,55.1525,38.5,42.8,72.9,95.7,75.8,2026.0,Ranked
284.0,,Ulm University,Germany,,,,,,,,,,,,,,,,,,,,,,,,,,,THE,10101.0,16.2,14.0,53:47:00,55.0805,42.3,31.6,83.1,91.2,64.8,2026.0,Ranked
285.0,,Curtin University,Australia,,,,,,,,,,,,,,,,,,,,,,,,,,,THE,29539.0,19.9,35.0,52:48:00,54.924,28.5,34.2,87.5,80.4,95.1,2026.0,Ranked
286.0,,East China Normal University,China,,,,,,,,,,,,,,,,,,,,,,,,,,,THE,30163.0,15.0,7.0,62:38:00,54.921,43.1,36.5,79.5,90.6,55.3,2026.0,Ranked
287.0,,University of Bergen,Norway,,,,,,,,,,,,,,,,,,,,,,,,,,,THE,15304.0,13.0,13.0,62:38:00,54.9005,35.3,36.4,84.1,75.4,75.8,2026.0,Ranked
288.0,,RCSI University of Medicine and Health Sciences,Ireland,,,,,,,,,,,,,,,,,,,,,,,,,,,THE,2839.0,23.9,68.0,,54.854,32.2,37.0,82.1,78.5,91.4,2026.0,Ranked
289.0,,University of Newcastle,Australia,,,,,,,,,,,,,,,,,,,,,,,,,,,THE,22320.0,29.2,20.0,58:42:00,54.767,30.0,36.8,84.9,86.5,84.2,2026.0,Ranked
290.0,,University of East Anglia,United Kingdom,,,,,,,,,,,,,,,,,,,,,,,,,,,THE,16240.0,13.2,26.0,57:43:00,54.752,34.7,30.2,89.1,62.0,87.3,2026.0,Ranked
291.0,,Griffith University,Australia,,,,,,,,,,,,,,,,,,,,,,,,,,,THE,30484.0,26.3,25.0,60:40:00,54.6965,30.5,37.3,83.7,80.8,87.2,2026.0,Ranked
292.0,,Southeast University,China,,,,,,,,,,,,,,,,,,,,,,,,,,,THE,43942.0,13.4,4.0,35 : 65,54.6925,39.3,46.3,73.7,99.8,47.6,2026.0,Ranked
293.0,,University of Navarra,Spain,,,,,,,,,,,,,,,,,,,,,,,,,,,THE,12748.0,15.3,30.0,56:44:00,54.641,37.2,34.1,81.9,90.7,74.4,2026.0,Ranked
294.0,,University of Stuttgart,Germany,,,,,,,,,,,,,,,,,,,,,,,,,,,THE,14277.0,22.2,22.0,35 : 65,54.567,44.5,48.4,63.4,99.9,58.5,2026.0,Ranked
295.0,,Hanyang University,South Korea,,,,,,,,,,,,,,,,,,,,,,,,,,,THE,19402.0,13.6,27.0,,54.3995,45.9,41.5,65.5,99.6,69.2,2026.0,Ranked
296.0,,Hunan University,China,,,,,,,,,,,,,,,,,,,,,,,,,,,THE,36496.0,15.3,3.0,44:56:00,54.3385,36.6,34.6,90.9,96.5,31.7,2026.0,Ranked
297.0,,Central South University,China,,,,,,,,,,,,,,,,,,,,,,,,,,,THE,57917.0,20.4,4.0,,54.3215,39.1,42.6,80.3,99.7,31.4,2026.0,Ranked
298.0,,Università Cattolica del Sacro Cuore,Italy,,,,,,,,,,,,,,,,,,,,,,,,,,,THE,23548.0,32.3,6.0,66:34:00,54.315,37.4,32.9,89.6,81.9,47.8,2026.0,Ranked
299.0,,Heinrich Heine University Düsseldorf,Germany,,,,,,,,,,,,,,,,,,,,,,,,,,,THE,25296.0,26.8,14.0,58:42:00,54.312,36.2,34.3,84.3,83.9,67.2,2026.0,Ranked
300.0,,University of Hawai’i at Mānoa,United States,,,,,,,,,,,,,,,,,,,,,,,,,,,THE,15780.0,12.5,10.0,59:41:00,54.3095,38.9,43.0,73.7,67.6,74.0,2026.0,Ranked
301.0,,LUT University,Finland,,,,,,,,,,,,,,,,,,,,,,,,,,,THE,6341.0,33.6,25.0,35 : 65,54.27,31.6,35.3,87.9,75.4,71.0,2026.0,Ranked
302.0,,King Khalid University,Saudi Arabia,,,,,,,,,,,,,,,,,,,,,,,,,,,THE,29832.0,7.1,15.0,55:45:00,54.269,41.2,31.6,80.0,58.4,88.2,2026.0,Ranked
303.0,,North Carolina State University,United States,,,,,,,,,,,,,,,,,,,,,,,,,,,THE,32549.0,16.5,13.0,49:51:00,54.188,45.1,43.9,67.6,81.5,61.5,2026.0,Ranked
304.0,,Queen’s University,Canada,,,,,,,,,,,,,,,,,,,,,,,,,,,THE,28400.0,26.3,16.0,58:42:00,54.164,37.9,37.6,77.4,84.8,72.9,2026.0,Ranked
305.0,,"City St George's, University of London",United Kingdom,,,,,,,,,,,,,,,,,,,,,,,,,,,THE,20905.0,17.1,41.0,59:41:00,54.122,27.4,30.1,91.8,65.0,95.6,2026.0,Ranked
306.0,,Western Sydney University,Australia,,,,,,,,,,,,,,,,,,,,,,,,,,,THE,32737.0,36.4,26.0,59:41:00,54.0185,30.6,31.8,88.0,68.3,88.5,2026.0,Ranked
307.0,,Sunway University,Malaysia,,,,,,,,,,,,,,,,,,,,,,,,,,,THE,5046.0,8.4,27.0,53:47:00,54.0055,27.2,34.2,90.1,58.4,89.3,2026.0,Ranked
308.0,,TU Wien,Austria,,,,,,,,,,,,,,,,,,,,,,,,,,,THE,11068.0,19.8,35.0,31 : 69,53.7705,44.2,47.2,55.5,99.9,85.3,2026.0,Ranked
309.0,,University of Iowa,United States,,,,,,,,,,,,,,,,,,,,,,,,,,,THE,28383.0,11.0,5.0,55:45:00,53.7415,46.8,34.3,74.9,89.9,52.3,2026.0,Ranked
310.0,,Dublin City University,Ireland,,,,,,,,,,,,,,,,,,,,,,,,,,,THE,14712.0,27.3,13.0,58:42:00,53.694,28.5,36.6,88.6,69.0,71.1,2026.0,Ranked
311.0,,Lingnan University Hong Kong,Hong Kong,,,,,,,,,,,,,,,,,,,,,,,,,,,THE,3210.0,19.4,45.0,62:38:00,53.664,29.5,38.4,83.7,40.7,94.5,2026.0,Ranked
312.0,,University of Duisburg-Essen,Germany,,,,,,,,,,,,,,,,,,,,,,,,,,,THE,37867.0,33.1,20.0,50:50:00,53.6055,35.4,34.6,82.7,87.4,64.3,2026.0,Ranked
313.0,,Stony Brook University,United States,,,,,,,,,,,,,,,,,,,,,,,,,,,THE,24947.0,9.8,17.0,54:46:00,53.5595,43.4,30.8,78.9,68.3,72.3,2026.0,Ranked
314.0,,University of Liège,Belgium,,,,,,,,,,,,,,,,,,,,,,,,,,,THE,22785.0,29.7,21.0,59:41:00,53.5355,34.8,41.8,72.7,97.5,72.5,2026.0,Ranked
315.0,,École Normale Supérieure de Lyon,France,,,,,,,,,,,,,,,,,,,,,,,,,,,THE,1934.0,7.1,11.0,45:55:00,53.524,56.8,44.0,51.9,90.2,64.4,2026.0,Ranked
316.0,,University of Victoria,Canada,,,,,,,,,,,,,,,,,,,,,,,,,,,THE,17663.0,26.3,17.0,58:42:00,53.48,30.2,37.1,82.9,66.8,83.6,2026.0,Ranked
317.0,,University at Buffalo,United States,,,,,,,,,,,,,,,,,,,,,,,,,,,THE,27152.0,16.4,16.0,47:53:00,53.417,42.3,34.5,75.4,73.4,71.7,2026.0,Ranked
318.0,,University of the Witwatersrand,South Africa,,,,,,,,,,,,,,,,,,,,,,,,,,,THE,26928.0,22.4,6.0,60:40:00,53.271,34.9,43.1,70.8,91.6,74.3,2026.0,Ranked
319.0,,Kyushu University,Japan,,,,,,,,,,,,,,,,,,,,,,,,,,,THE,18679.0,7.7,14.0,29 : 71,53.1885,54.2,46.5,53.5,98.8,49.5,2026.0,Ranked
320.0,,Flinders University,Australia,,,,,,,,,,,,,,,,,,,,,,,,,,,THE,16021.0,29.9,40.0,63:37:00,53.172,27.9,36.9,82.9,68.7,88.3,2026.0,Ranked
321.0,,Swansea University,United Kingdom,,,,,,,,,,,,,,,,,,,,,,,,,,,THE,18650.0,15.9,25.0,49:51:00,53.157,30.8,30.6,87.4,58.3,88.6,2026.0,Ranked
322.0,,Rutgers University–New Brunswick,United States,,,,,,,,,,,,,,,,,,,,,,,,,,,THE,46825.0,11.3,16.0,53:47:00,53.1485,45.3,31.4,78.4,69.1,58.6,2026.0,Ranked
323.0,,University of Milan,Italy,,,,,,,,,,,,,,,,,,,,,,,,,,,THE,44429.0,17.4,7.0,60:40:00,53.1185,38.9,32.5,86.1,71.2,47.2,2026.0,Ranked
324.0,,"China Medical University, Taiwan",Taiwan,,,,,,,,,,,,,,,,,,,,,,,,,,,THE,7217.0,15.5,7.0,57:43:00,52.9175,28.2,32.5,91.7,95.4,51.3,2026.0,Ranked
325.0,,University of Dundee,United Kingdom,,,,,,,,,,,,,,,,,,,,,,,,,,,THE,15420.0,19.4,36.0,65:35:00,52.849,28.5,32.6,82.1,87.0,91.7,2026.0,Ranked
326.0,,Stellenbosch University,South Africa,,,,,,,,,,,,,,,,,,,,,,,,,,,THE,25956.0,26.8,7.0,58:42:00,52.815,34.8,40.8,75.5,91.8,58.6,2026.0,Ranked
327.0,,University of Bayreuth,Germany,,,,,,,,,,,,,,,,,,,,,,,,,,,THE,7476.0,19.5,17.0,47:53:00,52.778,39.8,41.3,68.6,84.5,68.0,2026.0,Ranked
328.0,,University of Bremen,Germany,,,,,,,,,,,,,,,,,,,,,,,,,,,THE,11398.0,20.5,15.0,56:44:00,52.7665,39.7,39.6,72.3,78.9,63.0,2026.0,Ranked
329.0,,"University of California, Riverside",United States,,,,,,,,,,,,,,,,,,,,,,,,,,,THE,25233.0,19.6,16.0,51:49:00,52.7615,37.4,32.6,79.5,69.8,75.1,2026.0,Ranked
330.0,,Tilburg University,Netherlands,,,,,,,,,,,,,,,,,,,,,,,,,,,THE,12796.0,19.9,24.0,53:47:00,52.7115,29.1,42.9,73.8,78.9,85.2,2026.0,Ranked
331.0,,Norwegian University of Science and Technology,Norway,,,,,,,,,,,,,,,,,,,,,,,,,,,THE,38384.0,15.0,9.0,51:49:00,52.6365,36.7,39.1,75.9,71.4,64.6,2026.0,Ranked
332.0,,University of Innsbruck,Austria,,,,,,,,,,,,,,,,,,,,,,,,,,,THE,13992.0,21.5,52.0,54:46:00,52.623,35.7,36.8,69.6,87.8,93.7,2026.0,Ranked
333.0,,University of Electronic Science and Technology of China,China,,,,,,,,,,,,,,,,,,,,,,,,,,,THE,39817.0,16.7,2.0,28 : 72,52.511,37.6,37.5,80.2,99.1,33.6,2026.0,Ranked
334.0,,University of Hohenheim,Germany,,,,,,,,,,,,,,,,,,,,,,,,,,,THE,8480.0,39.1,15.0,57:43:00,52.3615,36.0,36.4,78.4,76.7,61.3,2026.0,Ranked
335.0,,Simon Fraser University,Canada,,,,,,,,,,,,,,,,,,,,,,,,,,,THE,26776.0,24.9,31.0,54:46:00,52.312,26.9,35.6,79.7,83.5,90.7,2026.0,Ranked
336.0,,Illinois Institute of Technology,United States,,,,,,,,,,,,,,,,,,,,,,,,,,,THE,6734.0,13.6,45.0,38 : 62,52.2945,41.0,26.9,77.3,92.4,73.5,2026.0,Ranked
337.0,,University of Rome II – Tor Vergata,Italy,,,,,,,,,,,,,,,,,,,,,,,,,,,THE,17464.0,23.7,21.0,62:38:00,52.2645,40.4,36.1,71.7,86.0,65.7,2026.0,Ranked
338.0,,University of Sharjah,United Arab Emirates,,,,,,,,,,,,,,,,,,,,,,,,,,,THE,12327.0,17.7,51.0,67:33:00,52.243,23.5,27.0,94.3,44.7,98.7,2026.0,Ranked
339.0,,Loughborough University,United Kingdom,,,,,,,,,,,,,,,,,,,,,,,,,,,THE,18345.0,15.4,25.0,40 : 60,52.15,34.8,32.9,76.1,70.2,89.4,2026.0,Ranked
340.0,,Bauman Moscow State Technical University,Russia,,,,,,,,,,,,,,,,,,,,,,,,,,,THE,15623.0,6.9,20.0,45:55:00,52.136,68.4,42.8,43.0,54.4,59.6,2026.0,Ranked
341.0,,Florida State University,United States,,,,,,,,,,,,,,,,,,,,,,,,,,,THE,40660.0,24.6,7.0,58:42:00,52.082,39.0,39.5,73.8,67.3,57.2,2026.0,Ranked
342.0,,Johannes Gutenberg University of Mainz,Germany,,,,,,,,,,,,,,,,,,,,,,,,,,,THE,29586.0,11.4,11.0,59:41:00,52.0765,38.9,27.1,83.0,72.3,66.0,2026.0,Ranked
343.0,,Technion Israel Institute of Technology,Israel,,,,,,,,,,,,,,,,,,,,,,,,,,,THE,15310.0,21.6,14.0,41:59:00,52.0575,43.9,41.7,62.9,73.1,69.6,2026.0,Ranked
344.0,,University of Turku,Finland,,,,,,,,,,,,,,,,,,,,,,,,,,,THE,13966.0,15.4,7.0,64:36:00,52.018,34.2,35.6,83.4,66.0,52.6,2026.0,Ranked
345.0,,Hasselt University,Belgium,,,,,,,,,,,,,,,,,,,,,,,,,,,THE,6128.0,28.4,16.0,50:50:00,51.979,35.0,37.8,72.8,87.8,71.2,2026.0,Ranked
346.0,,Tampere University,Finland,,,,,,,,,,,,,,,,,,,,,,,,,,,THE,17284.0,19.2,10.0,53:47:00,51.93,31.2,38.7,80.2,85.2,53.8,2026.0,Ranked
347.0,,Universiti Kebangsaan Malaysia,Malaysia,,,,,,,,,,,,,,,,,,,,,,,,,,,THE,20341.0,11.4,31.0,56:44:00,51.7855,47.5,32.4,65.7,61.8,82.6,2026.0,Ranked
348.0,,University of Naples Federico II,Italy,,,,,,,,,,,,,,,,,,,,,,,,,,,THE,53650.0,17.5,3.0,57:43:00,51.732,40.0,31.8,83.9,72.5,35.2,2026.0,Ranked
349.0,,"Birkbeck, University of London",United Kingdom,,,,,,,,,,,,,,,,,,,,,,,,,,,THE,7420.0,17.3,43.0,57:43:00,51.717,34.2,32.2,76.0,65.5,91.6,2026.0,Ranked
350.0,,University of Essex,United Kingdom,,,,,,,,,,,,,,,,,,,,,,,,,,,THE,16005.0,14.8,48.0,55:45:00,51.683,30.1,30.2,81.0,61.2,97.3,2026.0,Ranked
351.0,,Koç University,Turkey,,,,,,,,,,,,,,,,,,,,,,,,,,,THE,7111.0,21.0,12.0,49:51:00,51.626,34.6,41.9,70.6,91.2,59.2,2026.0,Ranked
352.0,,Prince Mohammad Bin Fahd University,Saudi Arabia,,,,,,,,,,,,,,,,,,,,,,,,,,,THE,2470.0,10.8,17.0,47:53:00,51.6155,32.0,33.3,78.5,56.4,89.5,2026.0,Ranked
353.0,,University of Tartu,Estonia,,,,,,,,,,,,,,,,,,,,,,,,,,,THE,9766.0,8.9,13.0,68:32:00,51.565,34.5,31.4,84.0,65.1,59.7,2026.0,Ranked
354.0,,Dalhousie University,Canada,,,,,,,,,,,,,,,,,,,,,,,,,,,THE,17682.0,13.4,27.0,53:47:00,51.4795,33.1,33.2,75.4,74.3,86.6,2026.0,Ranked
355.0,,University of Florence,Italy,,,,,,,,,,,,,,,,,,,,,,,,,,,THE,42558.0,22.9,9.0,60:40:00,51.4235,37.6,37.9,75.9,76.7,46.7,2026.0,Ranked
356.0,,University of Galway,Ireland,,,,,,,,,,,,,,,,,,,,,,,,,,,THE,15340.0,24.1,20.0,60:40:00,51.33,30.2,34.7,76.9,86.7,77.6,2026.0,Ranked
357.0,,James Cook University,Australia,,,,,,,,,,,,,,,,,,,,,,,,,,,THE,9165.0,15.3,14.0,66:34:00,51.2615,28.8,31.9,82.3,67.8,81.5,2026.0,Ranked
358.0,,Sharif University of Technology,Iran,,,,,,,,,,,,,,,,,,,,,,,,,,,THE,10163.0,21.9,1.0,25 : 75,51.162,35.2,38.0,78.0,96.7,33.2,2026.0,Ranked
359.0,,Oregon Health and Science University,United States,,,,,,,,,,,,,,,,,,,,,,,,,,,THE,2877.0,0.8,3.0,69:31:00,51.068,38.8,20.9,91.6,87.9,34.2,2026.0,Ranked
360.0,,University of Trento,Italy,,,,,,,,,,,,,,,,,,,,,,,,,,,THE,14183.0,16.6,9.0,53:47:00,51.0595,34.6,35.2,77.4,70.3,61.5,2026.0,Ranked
361.0,,University of Kiel,Germany,,,,,,,,,,,,,,,,,,,,,,,,,,,THE,28860.0,23.5,9.0,54:46:00,51.0545,32.5,33.4,81.8,64.4,62.2,2026.0,Ranked
362.0,,University of Strathclyde,United Kingdom,,,,,,,,,,,,,,,,,,,,,,,,,,,THE,19085.0,14.3,28.0,52:48:00,51.0185,37.0,35.2,66.4,79.7,90.5,2026.0,Ranked
363.0,,Daegu Gyeongbuk Institute of Science and Technology (DGIST),South Korea,,,,,,,,,,,,,,,,,,,,,,,,,,,THE,942.0,6.7,4.0,35 : 65,51.01,49.4,38.7,64.0,89.6,32.4,2026.0,Ranked
364.0,,Justus Liebig University Giessen,Germany,,,,,,,,,,,,,,,,,,,,,,,,,,,THE,25359.0,37.8,12.0,63:37:00,50.9975,35.0,39.2,72.5,71.3,62.7,2026.0,Ranked
365.0,,University of Tsukuba,Japan,,,,,,,,,,,,,,,,,,,,,,,,,,,THE,15491.0,12.4,17.0,38 : 62,50.942,52.0,46.7,50.8,77.1,49.8,2026.0,Ranked
366.0,,Swedish University of Agricultural Sciences,Sweden,,,,,,,,,,,,,,,,,,,,,,,,,,,THE,4207.0,4.3,8.0,71:29:00,50.9115,35.5,34.8,76.0,87.8,53.8,2026.0,Ranked
367.0,,University College Cork,Ireland,,,,,,,,,,,,,,,,,,,,,,,,,,,THE,19075.0,20.2,23.0,59:41:00,50.9105,29.3,33.2,78.7,77.6,79.0,2026.0,Ranked
368.0,,University of Pavia,Italy,,,,,,,,,,,,,,,,,,,,,,,,,,,THE,17543.0,30.2,12.0,59:41:00,50.8975,38.9,31.9,77.0,78.9,52.2,2026.0,Ranked
369.0,,University of Colorado Denver/Anschutz Medical Campus,United States,,,,,,,,,,,,,,,,,,,,,,,,,,,THE,20208.0,4.0,7.0,58:42:00,50.8655,33.7,25.1,93.3,73.5,36.2,2026.0,Ranked
370.0,,Moscow Institute of Physics and Technology (MIPT),Russia,,,,,,,,,,,,,,,,,,,,,,,,,,,THE,6567.0,11.5,20.0,,50.845,57.8,44.3,42.5,80.8,66.2,2026.0,Ranked
371.0,,University of Siena,Italy,,,,,,,,,,,,,,,,,,,,,,,,,,,THE,10480.0,16.8,9.0,63:37:00,50.795,39.3,35.1,75.0,75.5,46.7,2026.0,Ranked
372.0,,Saveetha Institute of Medical and Technical Sciences,India,,,,,,,,,,,,,,,,,,,,,,,,,,,THE,15494.0,9.7,6.0,52:48:00,50.7375,37.9,18.4,93.4,20.4,71.8,2026.0,Ranked
373.0,,University of Southern Queensland,Australia,,,,,,,,,,,,,,,,,,,,,,,,,,,THE,10582.0,21.5,19.0,63:37:00,50.71,29.3,26.8,87.1,51.3,81.5,2026.0,Ranked
374.0,,Universiti Brunei Darussalam,Brunei Darussalam,,,,,,,,,,,,,,,,,,,,,,,,,,,THE,3464.0,11.8,11.0,64:36:00,50.641,33.1,34.7,80.5,31.4,72.1,2026.0,Ranked
375.0,,University of Kansas,United States,,,,,,,,,,,,,,,,,,,,,,,,,,,THE,23777.0,9.0,7.0,54:46:00,50.632,45.4,29.8,70.7,79.3,56.2,2026.0,Ranked
376.0,,Hokkaido University,Japan,,,,,,,,,,,,,,,,,,,,,,,,,,,THE,17693.0,8.3,11.0,30 : 70,50.6285,53.5,45.1,47.9,96.8,47.0,2026.0,Ranked
377.0,,University of Otago,New Zealand,,,,,,,,,,,,,,,,,,,,,,,,,,,THE,18703.0,19.9,18.0,60:40:00,50.581,34.1,34.3,72.4,69.3,81.1,2026.0,Ranked
378.0,,Leibniz University Hannover,Germany,,,,,,,,,,,,,,,,,,,,,,,,,,,THE,17855.0,33.3,16.0,45:55:00,50.4685,38.8,41.7,64.3,84.3,56.9,2026.0,Ranked
379.0,,University of Campinas,Brazil,,,,,,,,,,,,,,,,,,,,,,,,,,,THE,32551.0,19.0,3.0,47:53:00,50.468,51.7,48.0,50.2,78.1,41.5,2026.0,Ranked
380.0,,University of St Gallen,Switzerland,,,,,,,,,,,,,,,,,,,,,,,,,,,THE,8835.0,12.7,37.0,36 : 64,50.4175,33.3,23.0,80.8,66.6,93.6,2026.0,Ranked
381.0,,Edith Cowan University,Australia,,,,,,,,,,,,,,,,,,,,,,,,,,,THE,18928.0,27.9,35.0,62:38:00,50.3385,22.5,25.8,89.2,69.6,89.0,2026.0,Ranked
382.0,,Shenzhen University,China,,,,,,,,,,,,,,,,,,,,,,,,,,,THE,35012.0,13.8,1.0,49:51:00,50.3255,26.5,35.9,86.4,82.8,38.2,2026.0,Ranked
383.0,,University of South Florida,United States,,,,,,,,,,,,,,,,,,,,,,,,,,,THE,40449.0,18.0,16.0,,50.3245,33.6,35.5,71.0,99.5,64.5,2026.0,Ranked
384.0,,Autonomous University of Madrid,Spain,,,,,,,,,,,,,,,,,,,,,,,,,,,THE,29772.0,13.0,14.0,62:38:00,50.303,41.8,31.3,73.4,66.5,56.2,2026.0,Ranked
385.0,,Middle East Technical University,Turkey,,,,,,,,,,,,,,,,,,,,,,,,,,,THE,15224.0,21.6,13.0,49:51:00,50.2755,46.4,44.8,52.2,90.2,57.7,2026.0,Ranked
385.0,,Amirkabir University of Technology,Iran,,,,,,,,,,,,,,,,,,,,,,,,,,,THE,8344.0,17.8,4.0,34 : 66,50.2755,37.1,33.0,75.3,91.9,46.6,2026.0,Ranked
387.0,,Kermanshah University of Medical Sciences,Iran,,,,,,,,,,,,,,,,,,,,,,,,,,,THE,7118.0,7.0,24.0,50:50:00,50.206,48.8,23.5,73.1,57.0,63.8,2026.0,Ranked
388.0,,University of Johannesburg,South Africa,,,,,,,,,,,,,,,,,,,,,,,,,,,THE,32659.0,26.5,14.0,56:44:00,50.2025,29.5,38.4,69.9,81.1,82.0,2026.0,Ranked
389.0,,Chongqing University,China,,,,,,,,,,,,,,,,,,,,,,,,,,,THE,45609.0,17.7,3.0,,50.198,30.2,36.0,78.1,98.1,46.6,2026.0,Ranked
390.0,,Prince Sultan University (PSU),Saudi Arabia,,,,,,,,,,,,,,,,,,,,,,,,,,,THE,5837.0,18.0,8.0,54:46:00,50.1375,19.2,29.6,92.2,51.8,82.1,2026.0,Ranked
391.0,,University of Georgia (USA),United States,,,,,,,,,,,,,,,,,,,,,,,,,,,THE,38946.0,15.4,7.0,59:41:00,50.126,41.5,38.3,67.4,66.6,51.9,2026.0,Ranked
391.0,,University of Brescia,Italy,,,,,,,,,,,,,,,,,,,,,,,,,,,THE,10190.0,24.3,5.0,52:48:00,50.126,35.4,24.7,88.0,72.0,43.2,2026.0,Ranked
393.0,,Sabancı University,Turkey,,,,,,,,,,,,,,,,,,,,,,,,,,,THE,3752.0,19.5,12.0,36 : 64,50.117,33.0,38.8,67.5,99.0,65.6,2026.0,Ranked
394.0,,University of Pisa,Italy,,,,,,,,,,,,,,,,,,,,,,,,,,,THE,29834.0,17.2,7.0,52:48:00,50.0295,36.3,34.7,77.7,67.7,43.2,2026.0,Ranked
395.0,,University of Connecticut,United States,,,,,,,,,,,,,,,,,,,,,,,,,,,THE,29850.0,11.6,14.0,53:47:00,50.0275,40.6,28.6,73.4,69.1,66.3,2026.0,Ranked
396.0,,Université Grenoble Alpes,France,,,,,,,,,,,,,,,,,,,,,,,,,,,THE,48893.0,17.9,19.0,52:48:00,50.025,42.6,36.7,62.7,70.0,69.4,2026.0,Ranked
397.0,,University of Saskatchewan,Canada,,,,,,,,,,,,,,,,,,,,,,,,,,,THE,18283.0,19.2,22.0,55:45:00,49.9565,39.5,34.0,63.0,96.1,76.0,2026.0,Ranked
398.0,,Verona University,Italy,,,,,,,,,,,,,,,,,,,,,,,,,,,THE,21809.0,25.6,5.0,64:36:00,49.925,34.6,31.1,81.6,71.1,45.0,2026.0,Ranked
399.0,,King Abdulaziz University,Saudi Arabia,,,,,,,,,,,,,,,,,,,,,,,,,,,THE,56251.0,12.5,5.0,57:43:00,49.876,29.8,22.9,87.1,67.6,74.8,2026.0,Ranked
400.0,,Mohammed VI Polytechnic University,Morocco,,,,,,,,,,,,,,,,,,,,,,,,,,,THE,2092.0,6.8,3.0,54:46:00,49.8755,34.7,34.9,72.7,56.2,72.8,2026.0,Ranked
401.0,,Institut Agro,France,,,,,,,,,,,,,,,,,,,,,,,,,,,THE,2565.0,8.8,17.0,61:39:00,49.822,48.4,34.9,58.2,78.7,64.2,2026.0,Ranked
402.0,,Gwangju Institute of Science and Technology (GIST),South Korea,,,,,,,,,,,,,,,,,,,,,,,,,,,THE,1773.0,9.3,9.0,30 : 70,49.788,49.3,39.8,53.4,94.0,52.3,2026.0,Ranked
403.0,,Montpellier University,France,,,,,,,,,,,,,,,,,,,,,,,,,,,THE,39869.0,19.9,15.0,56:44:00,49.7355,39.5,33.5,68.7,68.7,66.8,2026.0,Ranked
404.0,,Dalian University of Technology,China,,,,,,,,,,,,,,,,,,,,,,,,,,,THE,42273.0,16.6,5.0,32 : 68,49.714,34.6,39.3,71.6,99.0,35.6,2026.0,Ranked
405.0,,Umeå University,Sweden,,,,,,,,,,,,,,,,,,,,,,,,,,,THE,13447.0,9.4,8.0,62:38:00,49.6945,30.0,33.1,80.2,63.2,62.1,2026.0,Ranked
406.0,,Murdoch University,Australia,,,,,,,,,,,,,,,,,,,,,,,,,,,THE,15815.0,29.1,53.0,,49.657,25.9,27.4,80.2,72.7,94.7,2026.0,Ranked
407.0,,"University of California, Merced",United States,,,,,,,,,,,,,,,,,,,,,,,,,,,THE,9070.0,21.2,7.0,46:54:00,49.6395,31.6,29.0,86.7,58.0,47.7,2026.0,Ranked
408.0,,National Tsing Hua University,Taiwan,,,,,,,,,,,,,,,,,,,,,,,,,,,THE,14807.0,22.9,14.0,42:58:00,49.562,37.5,43.5,61.4,99.8,46.3,2026.0,Ranked
409.0,,University of Marburg,Germany,,,,,,,,,,,,,,,,,,,,,,,,,,,THE,22883.0,29.8,17.0,58:42:00,49.5345,37.8,32.1,72.0,70.8,61.9,2026.0,Ranked
410.0,,University of Genoa,Italy,,,,,,,,,,,,,,,,,,,,,,,,,,,THE,20218.0,16.4,9.0,58:42:00,49.5295,39.4,30.9,74.6,76.2,46.9,2026.0,Ranked
411.0,,Ajman University,United Arab Emirates,,,,,,,,,,,,,,,,,,,,,,,,,,,THE,4626.0,15.2,81.0,57:43:00,49.5085,25.8,28.7,84.0,22.8,99.5,2026.0,Ranked
412.0,,Universiti Sains Malaysia,Malaysia,,,,,,,,,,,,,,,,,,,,,,,,,,,THE,26522.0,12.7,39.0,63:37:00,49.5,42.9,30.3,65.8,64.5,76.5,2026.0,Ranked
413.0,,Université Laval,Canada,,,,,,,,,,,,,,,,,,,,,,,,,,,THE,30127.0,13.4,18.0,59:41:00,49.3255,31.8,34.6,69.4,91.7,72.3,2026.0,Ranked
414.0,,Brunel University of London,United Kingdom,,,,,,,,,,,,,,,,,,,,,,,,,,,THE,15410.0,18.0,53.0,44:56:00,49.2875,24.0,26.6,81.8,64.9,98.1,2026.0,Ranked
415.0,,University of Porto,Portugal,,,,,,,,,,,,,,,,,,,,,,,,,,,THE,38127.0,17.5,19.0,55:45:00,49.2525,33.7,39.1,70.2,67.8,56.0,2026.0,Ranked
416.0,,Iran University of Science and Technology,Iran,,,,,,,,,,,,,,,,,,,,,,,,,,,THE,12556.0,29.0,7.0,36 : 64,49.215,32.0,33.9,79.5,88.6,34.0,2026.0,Ranked
417.0,,Temple University,United States,,,,,,,,,,,,,,,,,,,,,,,,,,,THE,30684.0,11.3,6.0,57:43:00,49.19,43.2,22.6,79.9,70.8,41.2,2026.0,Ranked
418.0,,Taipei Medical University,Taiwan,,,,,,,,,,,,,,,,,,,,,,,,,,,THE,6154.0,8.8,11.0,59:41:00,49.1855,46.3,32.2,63.6,86.6,48.6,2026.0,Ranked
419.0,,Johannes Kepler University of Linz,Austria,,,,,,,,,,,,,,,,,,,,,,,,,,,THE,6857.0,20.5,23.0,49:51:00,49.1225,36.7,35.4,61.4,98.5,75.6,2026.0,Ranked
420.0,,"Royal Holloway, University of London",United Kingdom,,,,,,,,,,,,,,,,,,,,,,,,,,,THE,12155.0,15.9,33.0,57:43:00,49.111,32.3,28.9,72.2,65.1,92.5,2026.0,Ranked
421.0,,Drexel University,United States,,,,,,,,,,,,,,,,,,,,,,,,,,,THE,18893.0,12.2,15.0,52:48:00,49.066,42.4,25.5,72.1,74.7,60.6,2026.0,Ranked
422.0,,York University,Canada,,,,,,,,,,,,,,,,,,,,,,,,,,,THE,41456.0,27.4,28.0,54:46:00,49.0635,29.3,33.2,71.5,72.3,86.0,2026.0,Ranked
423.0,,University of Fribourg,Switzerland,,,,,,,,,,,,,,,,,,,,,,,,,,,THE,6817.0,14.8,17.0,65:35:00,49.03,39.1,33.8,62.4,71.9,81.3,2026.0,Ranked
424.0,,Iowa State University,United States,,,,,,,,,,,,,,,,,,,,,,,,,,,THE,27116.0,17.2,8.0,46:54:00,48.96,41.6,36.2,64.7,87.0,44.0,2026.0,Ranked
425.0,,Australian Catholic University,Australia,,,,,,,,,,,,,,,,,,,,,,,,,,,THE,22604.0,31.7,20.0,76:24:00,48.927,17.7,24.7,97.1,28.0,83.9,2026.0,Ranked
426.0,,University of Lisbon,Portugal,,,,,,,,,,,,,,,,,,,,,,,,,,,THE,50344.0,18.1,23.0,54:46:00,48.871,31.1,41.8,66.8,75.3,60.3,2026.0,Ranked
427.0,,Aston University,United Kingdom,,,,,,,,,,,,,,,,,,,,,,,,,,,THE,15710.0,20.9,35.0,47:53:00,48.841,21.7,26.2,83.6,64.6,95.7,2026.0,Ranked
428.0,,Al Ain University,United Arab Emirates,,,,,,,,,,,,,,,,,,,,,,,,,,,THE,2588.0,11.0,61.0,51:49:00,48.8045,28.0,30.2,78.7,18.6,99.1,2026.0,Ranked
429.0,,University of Vaasa,Finland,,,,,,,,,,,,,,,,,,,,,,,,,,,THE,4302.0,18.3,6.0,50:50:00,48.7695,23.7,28.1,90.5,35.6,67.4,2026.0,Ranked
430.0,,IMT Atlantique,France,,,,,,,,,,,,,,,,,,,,,,,,,,,THE,1295.0,7.5,37.0,26 : 74,48.7405,47.3,35.5,48.3,97.8,81.2,2026.0,Ranked
431.0,,Wake Forest University,United States,,,,,,,,,,,,,,,,,,,,,,,,,,,THE,8289.0,3.4,10.0,56:44:00,48.6825,38.0,23.2,80.5,92.3,38.7,2026.0,Ranked
432.0,,Free University of Bozen-Bolzano,Italy,,,,,,,,,,,,,,,,,,,,,,,,,,,THE,4032.0,10.4,17.0,65:35:00,48.641,31.4,21.9,83.7,51.3,78.2,2026.0,Ranked
433.0,,Tulane University,United States,,,,,,,,,,,,,,,,,,,,,,,,,,,THE,13113.0,7.4,10.0,61:39:00,48.528,43.0,23.4,75.8,63.8,50.2,2026.0,Ranked
434.0,,Victoria University of Wellington,New Zealand,,,,,,,,,,,,,,,,,,,,,,,,,,,THE,15728.0,17.4,12.0,59:41:00,48.521,29.0,33.5,73.7,62.9,75.0,2026.0,Ranked
435.0,,Washington State University,United States,,,,,,,,,,,,,,,,,,,,,,,,,,,THE,25504.0,16.9,6.0,54:46:00,48.4695,37.3,33.1,67.8,82.8,56.2,2026.0,Ranked
436.0,,National Yang Ming Chiao Tung University (NYCU Taiwan),Taiwan,,,,,,,,,,,,,,,,,,,,,,,,,,,THE,18360.0,15.9,9.0,37 : 63,48.444,42.3,42.7,55.3,100.0,39.9,2026.0,Ranked
437.0,,Universiti Teknologi Malaysia,Malaysia,,,,,,,,,,,,,,,,,,,,,,,,,,,THE,16724.0,10.1,28.0,48:52:00,48.429,44.5,29.5,62.0,71.1,70.7,2026.0,Ranked
438.0,,University of Kent,United Kingdom,,,,,,,,,,,,,,,,,,,,,,,,,,,THE,15680.0,17.0,28.0,54:46:00,48.4195,29.5,28.4,73.2,64.4,92.6,2026.0,Ranked
439.0,,George Mason University,United States,,,,,,,,,,,,,,,,,,,,,,,,,,,THE,32918.0,17.1,13.0,52:48:00,48.378,31.0,28.3,79.8,63.9,60.4,2026.0,Ranked
440.0,,Prince Sattam Bin Abdulaziz University,Saudi Arabia,,,,,,,,,,,,,,,,,,,,,,,,,,,THE,24820.0,10.8,6.0,67:33:00,48.3705,25.4,28.8,80.8,57.7,79.7,2026.0,Ranked
441.0,,Al-Ahliyya Amman University,Jordan,,,,,,,,,,,,,,,,,,,,,,,,,,,THE,4510.0,14.8,64.0,52:48:00,48.361,18.6,24.7,88.0,56.9,93.8,2026.0,Ranked
442.0,,University of Canberra,Australia,,,,,,,,,,,,,,,,,,,,,,,,,,,THE,10723.0,27.2,44.0,57:43:00,48.334,25.7,31.0,76.0,57.0,89.1,2026.0,Ranked
443.0,,University of Kentucky,United States,,,,,,,,,,,,,,,,,,,,,,,,,,,THE,28680.0,11.4,3.0,60:40:00,48.318,44.0,29.6,68.8,71.1,43.6,2026.0,Ranked
444.0,,University of Jyväskylä,Finland,,,,,,,,,,,,,,,,,,,,,,,,,,,THE,11150.0,13.1,4.0,64:36:00,48.1555,31.9,34.4,77.2,49.1,48.6,2026.0,Ranked
445.0,,Brandeis University,United States,,,,,,,,,,,,,,,,,,,,,,,,,,,THE,4949.0,10.8,34.0,56:44:00,48.13,37.3,26.1,70.0,64.5,79.7,2026.0,Ranked
446.0,,University of Guelph,Canada,,,,,,,,,,,,,,,,,,,,,,,,,,,THE,23314.0,28.3,11.0,59:41:00,48.109,34.8,36.7,64.1,80.0,63.6,2026.0,Ranked
447.0,,Universiti Utara Malaysia,Malaysia,,,,,,,,,,,,,,,,,,,,,,,,,,,THE,11413.0,11.1,33.0,65:35:00,48.104,41.1,30.2,66.2,30.1,82.1,2026.0,Ranked
448.0,,University of Portsmouth,United Kingdom,,,,,,,,,,,,,,,,,,,,,,,,,,,THE,22370.0,15.9,36.0,48:52:00,48.0605,22.0,20.1,88.7,51.1,94.5,2026.0,Ranked
449.0,,University of Delaware,United States,,,,,,,,,,,,,,,,,,,,,,,,,,,THE,21608.0,14.6,11.0,58:42:00,48.053,36.1,32.0,68.5,80.4,58.1,2026.0,Ranked
450.0,,The University of Tennessee-Knoxville,United States,,,,,,,,,,,,,,,,,,,,,,,,,,,THE,31306.0,17.8,4.0,,48.032,35.4,31.3,72.4,70.8,52.8,2026.0,Ranked
451.0,,Beijing University of Chemical Technology,China,,,,,,,,,,,,,,,,,,,,,,,,,,,THE,26260.0,18.5,1.0,40 : 60,48.009,26.4,31.8,84.2,96.6,25.0,2026.0,Ranked
452.0,,University of Regensburg,Germany,,,,,,,,,,,,,,,,,,,,,,,,,,,THE,18210.0,19.4,7.0,61:39:00,47.9945,36.3,30.8,70.9,67.6,58.4,2026.0,Ranked
453.0,,University of Coimbra,Portugal,,,,,,,,,,,,,,,,,,,,,,,,,,,THE,23217.0,20.4,19.0,58:42:00,47.9885,33.8,42.1,61.5,81.4,54.7,2026.0,Ranked
454.0,,Shoolini University of Biotechnology and Management Sciences,India,,,,,,,,,,,,,,,,,,,,,,,,,,,THE,3676.0,16.4,1.0,50:50:00,47.9845,27.8,24.1,88.7,25.8,68.7,2026.0,Ranked
455.0,,Virginia Commonwealth University,United States,,,,,,,,,,,,,,,,,,,,,,,,,,,THE,25120.0,10.1,4.0,65:35:00,47.9665,38.1,23.0,81.3,75.3,35.4,2026.0,Ranked
456.0,,Chung-Ang University,South Korea,,,,,,,,,,,,,,,,,,,,,,,,,,,THE,18394.0,21.9,26.0,,47.924,38.8,38.9,55.7,93.3,63.4,2026.0,Ranked
457.0,,University of Milan-Bicocca,Italy,,,,,,,,,,,,,,,,,,,,,,,,,,,THE,28650.0,24.9,5.0,61:39:00,47.77,25.1,27.1,87.7,68.1,46.3,2026.0,Ranked
458.0,,University of Oregon,United States,,,,,,,,,,,,,,,,,,,,,,,,,,,THE,22659.0,13.7,5.0,59:41:00,47.7035,34.7,30.0,75.7,73.8,41.4,2026.0,Ranked
459.0,,University of Houston,United States,,,,,,,,,,,,,,,,,,,,,,,,,,,THE,46269.0,24.0,16.0,53:47:00,47.6915,33.2,26.2,73.0,68.8,75.3,2026.0,Ranked
460.0,,Syracuse University,United States,,,,,,,,,,,,,,,,,,,,,,,,,,,THE,21104.0,15.4,21.0,54:46:00,47.622,35.5,27.9,71.1,64.4,68.7,2026.0,Ranked
461.0,,University of Waikato,New Zealand,,,,,,,,,,,,,,,,,,,,,,,,,,,THE,10521.0,20.7,31.0,61:39:00,47.526,24.1,31.5,72.3,74.6,88.1,2026.0,Ranked
462.0,,Bond University,Australia,,,,,,,,,,,,,,,,,,,,,,,,,,,THE,3588.0,10.2,32.0,56:44:00,47.509,26.8,21.9,87.3,25.8,80.4,2026.0,Ranked
463.0,,National Taiwan University of Science and Technology (Taiwan Tech),Taiwan,,,,,,,,,,,,,,,,,,,,,,,,,,,THE,9244.0,19.0,16.0,30 : 70,47.433,33.2,38.3,62.9,97.8,50.0,2026.0,Ranked
464.0,,Arabian Gulf University,Bahrain,,,,,,,,,,,,,,,,,,,,,,,,,,,THE,1458.0,6.5,73.0,71:29:00,47.409,45.2,13.8,73.0,29.2,93.4,2026.0,Ranked
465.0,,Charles University,Czechia,,,,,,,,,,,,,,,,,,,,,,,,,,,THE,53904.0,13.5,24.0,62:38:00,47.347,37.9,32.2,64.8,63.4,64.7,2026.0,Ranked
466.0,,Northumbria University,United Kingdom,,,,,,,,,,,,,,,,,,,,,,,,,,,THE,25815.0,17.1,30.0,54:46:00,47.274,23.6,25.5,80.5,47.8,91.4,2026.0,Ranked
467.0,,Charles Darwin University,Australia,,,,,,,,,,,,,,,,,,,,,,,,,,,THE,7195.0,23.9,38.0,65:35:00,47.2335,22.7,29.9,78.9,50.4,82.4,2026.0,Ranked
468.0,,Pontificia Universidad Católica de Chile,Chile,,,,,,,,,,,,,,,,,,,,,,,,,,,THE,28373.0,13.8,6.0,,47.212,33.5,38.6,61.9,80.2,58.1,2026.0,Ranked
468.0,,University of Turin,Italy,,,,,,,,,,,,,,,,,,,,,,,,,,,THE,60028.0,25.4,6.0,62:38:00,47.212,24.3,31.9,81.7,74.0,44.3,2026.0,Ranked
470.0,,Colorado School of Mines,United States,,,,,,,,,,,,,,,,,,,,,,,,,,,THE,7022.0,17.2,7.0,32 : 68,47.21,40.9,32.6,63.7,86.7,41.5,2026.0,Ranked
471.0,,Bournemouth University,United Kingdom,,,,,,,,,,,,,,,,,,,,,,,,,,,THE,15605.0,19.9,24.0,54:46:00,47.175,18.8,21.7,89.3,46.4,89.2,2026.0,Ranked
472.0,,University of Bordeaux,France,,,,,,,,,,,,,,,,,,,,,,,,,,,THE,51535.0,21.0,15.0,60:40:00,47.133,36.8,28.0,68.6,68.3,64.6,2026.0,Ranked
473.0,,Central Queensland University,Australia,,,,,,,,,,,,,,,,,,,,,,,,,,,THE,13193.0,25.5,27.0,61:39:00,47.129,18.0,26.9,86.6,50.2,80.4,2026.0,Ranked
474.0,,Ajou University,South Korea,,,,,,,,,,,,,,,,,,,,,,,,,,,THE,7348.0,15.0,26.0,39 : 61,47.1195,34.3,38.6,58.4,95.8,59.4,2026.0,Ranked
475.0,,Polytechnic University of Turin,Italy,,,,,,,,,,,,,,,,,,,,,,,,,,,THE,30286.0,25.8,20.0,32 : 68,47.035,31.6,30.0,71.0,86.7,56.6,2026.0,Ranked
476.0,,University of Texas at Dallas,United States,,,,,,,,,,,,,,,,,,,,,,,,,,,THE,26710.0,24.5,22.0,44:56:00,47.015,29.2,26.6,76.6,73.8,63.4,2026.0,Ranked
477.0,,SOAS University of London,United Kingdom,,,,,,,,,,,,,,,,,,,,,,,,,,,THE,5395.0,15.0,41.0,63:37:00,46.998,38.7,34.7,59.9,38.9,79.9,2026.0,Ranked
478.0,,University of Central Florida,United States,,,,,,,,,,,,,,,,,,,,,,,,,,,THE,61009.0,30.8,5.0,57:43:00,46.9885,29.1,32.8,77.2,74.3,36.8,2026.0,Ranked
479.0,,Roskilde University,Denmark,,,,,,,,,,,,,,,,,,,,,,,,,,,THE,5248.0,14.0,17.0,66:34:00,46.968,25.9,34.1,74.6,73.9,54.7,2026.0,Ranked
480.0,,Donghua University,China,,,,,,,,,,,,,,,,,,,,,,,,,,,THE,23520.0,12.2,7.0,48:52:00,46.924,32.9,25.2,77.8,93.2,37.9,2026.0,Ranked
481.0,,Rush University,United States,,,,,,,,,,,,,,,,,,,,,,,,,,,THE,2902.0,2.6,2.0,76:24:00,46.8835,44.5,16.4,80.6,63.5,30.4,2026.0,Ranked
482.0,,University of Eastern Finland,Finland,,,,,,,,,,,,,,,,,,,,,,,,,,,THE,12849.0,17.1,7.0,68:32:00,46.8675,28.6,31.1,76.6,67.6,49.7,2026.0,Ranked
483.0,,Near East University,Northern Cyprus,,,,,,,,,,,,,,,,,,,,,,,,,,,THE,17228.0,26.6,88.0,49:51:00,46.852,27.4,21.7,78.5,54.4,90.0,2026.0,Ranked
484.0,,Quaid-i-Azam University,Pakistan,,,,,,,,,,,,,,,,,,,,,,,,,,,THE,12431.0,20.9,2.0,46:54:00,46.8425,28.8,24.5,84.7,40.6,56.1,2026.0,Ranked
485.0,,Nazarbayev University,Kazakhstan,,,,,,,,,,,,,,,,,,,,,,,,,,,THE,6020.0,13.3,3.0,53:47:00,46.8355,26.5,30.3,76.8,44.4,72.2,2026.0,Ranked
486.0,,Boğaziçi University,Turkey,,,,,,,,,,,,,,,,,,,,,,,,,,,THE,11998.0,28.5,5.0,46:54:00,46.8245,32.9,36.1,60.9,94.0,61.6,2026.0,Ranked
487.0,,Jamia Millia Islamia,India,,,,,,,,,,,,,,,,,,,,,,,,,,,THE,10370.0,12.1,5.0,52:48:00,46.7825,43.0,18.2,79.6,43.8,42.5,2026.0,Ranked
488.0,,University of South Carolina-Columbia,United States,,,,,,,,,,,,,,,,,,,,,,,,,,,THE,33819.0,16.7,4.0,59:41:00,46.7745,35.9,24.0,74.8,64.6,56.0,2026.0,Ranked
489.0,,Florida International University,United States,,,,,,,,,,,,,,,,,,,,,,,,,,,THE,35509.0,22.2,9.0,56:44:00,46.7605,33.2,32.6,70.7,65.5,49.1,2026.0,Ranked
490.0,,University of Tehran,Iran,,,,,,,,,,,,,,,,,,,,,,,,,,,THE,55821.0,26.1,2.0,46:54:00,46.655,38.3,31.1,70.1,65.0,36.1,2026.0,Ranked
491.0,,Umm Al-Qura University,Saudi Arabia,,,,,,,,,,,,,,,,,,,,,,,,,,,THE,34462.0,13.3,6.0,47:53:00,46.61,35.4,25.3,75.7,34.5,63.2,2026.0,Ranked
492.0,,"Asia University, Taiwan",Taiwan,,,,,,,,,,,,,,,,,,,,,,,,,,,THE,10858.0,29.9,3.0,63:37:00,46.5825,16.6,34.9,82.8,75.3,49.5,2026.0,Ranked
493.0,,University of Cyprus,Cyprus,,,,,,,,,,,,,,,,,,,,,,,,,,,THE,6983.0,19.9,14.0,62:38:00,46.554,28.9,30.7,69.2,70.2,74.1,2026.0,Ranked
494.0,,University of Greifswald,Germany,,,,,,,,,,,,,,,,,,,,,,,,,,,THE,10298.0,18.8,9.0,61:39:00,46.4685,35.1,31.3,69.5,58.3,51.4,2026.0,Ranked
495.0,,Marche Polytechnic University,Italy,,,,,,,,,,,,,,,,,,,,,,,,,,,THE,9267.0,23.2,3.0,50:50:00,46.4335,35.8,26.4,75.9,72.6,33.9,2026.0,Ranked
496.0,,Applied Science Private University,Jordan,,,,,,,,,,,,,,,,,,,,,,,,,,,THE,4766.0,12.6,26.0,52:48:00,46.3795,21.7,22.7,87.1,21.5,85.4,2026.0,Ranked
497.0,,Zayed University,United Arab Emirates,,,,,,,,,,,,,,,,,,,,,,,,,,,THE,7520.0,13.7,2.0,83:17:00,46.3715,21.8,21.7,85.8,59.5,73.7,2026.0,Ranked
498.0,,Leuphana University of Lüneburg,Germany,,,,,,,,,,,,,,,,,,,,,,,,,,,THE,7488.0,24.9,11.0,63:37:00,46.3355,23.5,28.1,83.2,33.6,66.0,2026.0,Ranked
499.0,,Southern Cross University,Australia,,,,,,,,,,,,,,,,,,,,,,,,,,,THE,8883.0,43.0,22.0,69:31:00,46.3175,24.4,29.9,72.8,66.9,79.1,2026.0,Ranked
500.0,,University of Nizwa,Oman,,,,,,,,,,,,,,,,,,,,,,,,,,,THE,3498.0,8.9,11.0,77:23:00,46.2745,28.1,26.0,76.2,34.0,83.0,2026.0,Ranked
501.0,,Heriot-Watt University,United Kingdom,,,,,,,,,,,,,,,,,,,,,,,,,,,THE,9705.0,15.4,44.0,39 : 61,46.2545,33.4,30.3,58.8,70.3,95.5,2026.0,Ranked
502.0,,National and Kapodistrian University of Athens,Greece,,,,,,,,,,,,,,,,,,,,,,,,,,,THE,66736.0,34.1,12.0,60:40:00,46.2475,24.4,26.8,78.0,92.5,55.7,2026.0,Ranked
503.0,,Saint Louis University,United States,,,,,,,,,,,,,,,,,,,,,,,,,,,THE,11556.0,7.5,11.0,60:40:00,46.2425,43.8,17.7,73.5,64.4,47.5,2026.0,Ranked
504.0,,Princess Nourah bint Abdulrahman University,Saudi Arabia,,,,,,,,,,,,,,,,,,,,,,,,,,,THE,20015.0,11.0,12.0,100:00:00,46.2145,29.3,21.8,78.5,33.1,85.0,2026.0,Ranked
505.0,,Complutense University of Madrid,Spain,,,,,,,,,,,,,,,,,,,,,,,,,,,THE,57684.0,10.0,16.0,63:37:00,46.123,43.7,34.5,57.6,56.6,49.1,2026.0,Ranked
506.0,,Tehran University of Medical Sciences,Iran,,,,,,,,,,,,,,,,,,,,,,,,,,,THE,12476.0,6.6,16.0,55:45:00,46.0985,49.0,27.7,56.8,84.2,42.7,2026.0,Ranked
507.0,,Bangor University,United Kingdom,,,,,,,,,,,,,,,,,,,,,,,,,,,THE,9035.0,15.7,31.0,59:41:00,46.039,28.3,26.0,70.3,63.2,87.1,2026.0,Ranked
508.0,,Shanghai University,China,,,,,,,,,,,,,,,,,,,,,,,,,,,THE,39590.0,13.4,6.0,50:50:00,46.028,31.5,37.6,64.3,93.6,37.3,2026.0,Ranked
509.0,,University of Trieste,Italy,,,,,,,,,,,,,,,,,,,,,,,,,,,THE,18016.0,24.3,8.0,58:42:00,45.993,34.3,27.7,72.4,57.6,50.9,2026.0,Ranked
510.0,,"Colorado State University, Fort Collins",United States,,,,,,,,,,,,,,,,,,,,,,,,,,,THE,28466.0,15.4,4.0,57:43:00,45.986,35.0,30.2,68.7,70.7,46.2,2026.0,Ranked
511.0,,National Yunlin University of Science and Technology,Taiwan,,,,,,,,,,,,,,,,,,,,,,,,,,,THE,9057.0,21.3,5.0,39 : 61,45.9565,21.1,28.9,81.8,79.9,48.2,2026.0,Ranked
512.0,,Istanbul Technical University,Turkey,,,,,,,,,,,,,,,,,,,,,,,,,,,THE,18037.0,18.8,15.0,42:58:00,45.952,39.7,41.7,50.4,93.0,44.1,2026.0,Ranked
513.0,,University of Nebraska Medical Center,United States,,,,,,,,,,,,,,,,,,,,,,,,,,,THE,3390.0,1.9,8.0,71:29:00,45.9465,38.5,17.3,79.4,67.3,40.8,2026.0,Ranked
514.0,,University of Nicosia,Cyprus,,,,,,,,,,,,,,,,,,,,,,,,,,,THE,6398.0,17.2,65.0,56:44:00,45.9055,19.3,24.1,81.3,51.7,90.2,2026.0,Ranked
515.0,,Wayne State University,United States,,,,,,,,,,,,,,,,,,,,,,,,,,,THE,20958.0,12.7,5.0,59:41:00,45.876,38.9,22.1,72.1,80.1,42.1,2026.0,Ranked
516.0,,University of Stirling,United Kingdom,,,,,,,,,,,,,,,,,,,,,,,,,,,THE,11725.0,18.9,34.0,59:41:00,45.8615,24.4,26.3,74.6,45.6,91.1,2026.0,Ranked
517.0,,Rensselaer Polytechnic Institute,United States,,,,,,,,,,,,,,,,,,,,,,,,,,,THE,6873.0,14.6,16.0,31 : 69,45.8455,38.9,27.9,58.1,85.1,72.6,2026.0,Ranked
518.0,,Constructor University,Germany,,,,,,,,,,,,,,,,,,,,,,,,,,,THE,1750.0,22.6,90.0,42:58:00,45.7995,34.9,32.2,51.4,92.4,94.0,2026.0,Ranked
519.0,,Massey University,New Zealand,,,,,,,,,,,,,,,,,,,,,,,,,,,THE,15413.0,16.5,30.0,64:36:00,45.7665,30.1,29.2,62.3,81.6,86.2,2026.0,Ranked
520.0,,Stevens Institute of Technology,United States,,,,,,,,,,,,,,,,,,,,,,,,,,,THE,7887.0,20.8,40.0,29 : 71,45.762,27.6,25.2,72.2,67.8,79.2,2026.0,Ranked
521.0,,University of Iceland,Iceland,,,,,,,,,,,,,,,,,,,,,,,,,,,THE,9343.0,16.0,13.0,69:31:00,45.748,24.6,35.3,69.3,83.1,55.2,2026.0,Ranked
522.0,,Saarland University,Germany,,,,,,,,,,,,,,,,,,,,,,,,,,,THE,16434.0,9.6,21.0,52:48:00,45.7435,32.5,19.2,73.1,68.7,78.8,2026.0,Ranked
523.0,,University of Siegen,Germany,,,,,,,,,,,,,,,,,,,,,,,,,,,THE,9590.0,26.1,14.0,57:43:00,45.735,30.4,36.7,63.6,63.6,60.0,2026.0,Ranked
524.0,,HSE University,Russia,,,,,,,,,,,,,,,,,,,,,,,,,,,THE,36414.0,18.8,13.0,62:38:00,45.7225,31.7,43.7,54.6,90.7,49.2,2026.0,Ranked
525.0,,University of Hull,United Kingdom,,,,,,,,,,,,,,,,,,,,,,,,,,,THE,13250.0,18.4,35.0,55:45:00,45.7105,27.3,23.8,72.9,57.5,87.8,2026.0,Ranked
526.0,,Wroclaw Medical University,Poland,,,,,,,,,,,,,,,,,,,,,,,,,,,THE,6075.0,8.6,14.0,77:23:00,45.71,43.5,17.9,76.5,48.1,37.5,2026.0,Ranked
527.0,,Memorial University of Newfoundland,Canada,,,,,,,,,,,,,,,,,,,,,,,,,,,THE,16376.0,15.3,29.0,54:46:00,45.7005,30.3,25.7,65.2,82.1,86.2,2026.0,Ranked
528.0,,Jiangsu University,China,,,,,,,,,,,,,,,,,,,,,,,,,,,THE,35531.0,9.4,6.0,43:57:00,45.6815,28.0,18.0,83.6,75.1,54.9,2026.0,Ranked
529.0,,Pusan National University,South Korea,,,,,,,,,,,,,,,,,,,,,,,,,,,THE,15331.0,15.5,14.0,53:47:00,45.6805,41.6,39.6,49.1,95.3,45.1,2026.0,Ranked
530.0,,Yangzhou University,China,,,,,,,,,,,,,,,,,,,,,,,,,,,THE,30130.0,12.4,10.0,,45.668,34.3,27.1,70.1,81.2,45.5,2026.0,Ranked
531.0,,Jinan University (China),China,,,,,,,,,,,,,,,,,,,,,,,,,,,THE,38488.0,15.0,28.0,56:44:00,45.646,26.7,25.9,77.8,65.9,57.1,2026.0,Ranked
532.0,,National Cheng Kung University (NCKU),Taiwan,,,,,,,,,,,,,,,,,,,,,,,,,,,THE,21726.0,19.9,11.0,38 : 62,45.627,36.9,41.3,52.0,99.8,42.3,2026.0,Ranked
533.0,,University of International Business and Economics,China,,,,,,,,,,,,,,,,,,,,,,,,,,,THE,15343.0,14.2,12.0,73:27:00,45.624,29.2,19.0,87.3,31.5,54.0,2026.0,Ranked
534.0,,University of Modena and Reggio Emilia,Italy,,,,,,,,,,,,,,,,,,,,,,,,,,,THE,18479.0,18.9,4.0,54:46:00,45.593,34.7,25.7,72.9,77.9,38.9,2026.0,Ranked
535.0,,Ca’ Foscari University of Venice,Italy,,,,,,,,,,,,,,,,,,,,,,,,,,,THE,11178.0,20.3,13.0,64:36:00,45.5845,38.0,38.0,53.2,61.3,65.9,2026.0,Ranked
536.0,,University of Windsor,Canada,,,,,,,,,,,,,,,,,,,,,,,,,,,THE,14932.0,35.1,36.0,,45.5445,30.4,31.4,60.5,68.2,87.9,2026.0,Ranked
537.0,,University of Limerick,Ireland,,,,,,,,,,,,,,,,,,,,,,,,,,,THE,14691.0,27.1,18.0,52:48:00,45.53,28.6,34.6,61.7,73.1,75.0,2026.0,Ranked
538.0,,University of Messina,Italy,,,,,,,,,,,,,,,,,,,,,,,,,,,THE,14308.0,22.7,6.0,63:37:00,45.508,35.6,28.1,71.8,64.3,36.6,2026.0,Ranked
539.0,,Campus Bio-Medico University of Rome,Italy,,,,,,,,,,,,,,,,,,,,,,,,,,,THE,2820.0,16.1,2.0,62:38:00,45.4475,36.9,27.2,73.3,54.1,33.6,2026.0,Ranked
540.0,,University of Huddersfield,United Kingdom,,,,,,,,,,,,,,,,,,,,,,,,,,,THE,14200.0,19.9,31.0,58:42:00,45.4025,25.6,23.9,73.9,51.3,89.3,2026.0,Ranked
541.0,,Université du Québec,Canada,,,,,,,,,,,,,,,,,,,,,,,,,,,THE,50342.0,17.1,17.0,58:42:00,45.3785,33.4,33.5,57.1,73.2,76.7,2026.0,Ranked
542.0,,The University of Tulsa,United States,,,,,,,,,,,,,,,,,,,,,,,,,,,THE,3771.0,9.9,14.0,49:51:00,45.3725,41.4,17.5,70.6,58.8,60.7,2026.0,Ranked
543.0,,University of Valencia,Spain,,,,,,,,,,,,,,,,,,,,,,,,,,,THE,48963.0,13.1,14.0,64:36:00,45.369,31.8,27.7,70.9,68.5,52.6,2026.0,Ranked
544.0,,"Soochow University, China",China,,,,,,,,,,,,,,,,,,,,,,,,,,,THE,48737.0,15.8,2.0,50:50:00,45.324,29.3,26.4,77.6,92.8,27.1,2026.0,Ranked
545.0,,University of Ulsan,South Korea,,,,,,,,,,,,,,,,,,,,,,,,,,,THE,11778.0,10.7,2.0,45:55:00,45.287,30.6,27.6,75.8,92.9,24.0,2026.0,Ranked
546.0,,University of Toulouse,France,,,,,,,,,,,,,,,,,,,,,,,,,,,THE,110552.0,22.0,16.0,57:43:00,45.278,32.5,30.7,62.9,71.0,67.7,2026.0,Ranked
547.0,,Federation University Australia,Australia,,,,,,,,,,,,,,,,,,,,,,,,,,,THE,8886.0,15.1,41.0,60:40:00,45.276,20.9,18.2,81.5,70.5,87.5,2026.0,Ranked
548.0,,University of Nebraska-Lincoln,United States,,,,,,,,,,,,,,,,,,,,,,,,,,,THE,23880.0,16.7,7.0,50:50:00,45.262,33.1,31.4,63.9,68.6,59.7,2026.0,Ranked
549.0,,Missouri University of Science and Technology,United States,,,,,,,,,,,,,,,,,,,,,,,,,,,THE,7306.0,21.8,13.0,24 : 76,45.2155,27.9,29.5,64.1,89.0,75.2,2026.0,Ranked
550.0,,Maynooth University,Ireland,,,,,,,,,,,,,,,,,,,,,,,,,,,THE,12263.0,25.7,15.0,57:43:00,45.1635,23.5,34.4,68.7,50.5,75.0,2026.0,Ranked
551.0,,University of Catania,Italy,,,,,,,,,,,,,,,,,,,,,,,,,,,THE,30470.0,20.0,5.0,56:44:00,45.153,31.4,22.0,78.7,59.0,47.2,2026.0,Ranked
552.0,,Universiti Putra Malaysia,Malaysia,,,,,,,,,,,,,,,,,,,,,,,,,,,THE,20358.0,12.8,40.0,64:36:00,45.152,40.7,31.6,51.7,57.1,82.5,2026.0,Ranked
553.0,,University of Plymouth,United Kingdom,,,,,,,,,,,,,,,,,,,,,,,,,,,THE,16895.0,17.8,22.0,61:39:00,45.1,23.0,21.2,77.9,65.8,82.2,2026.0,Ranked
554.0,,Mizzou - University of Missouri,United States,,,,,,,,,,,,,,,,,,,,,,,,,,,THE,26560.0,12.2,3.0,56:44:00,45.091,39.8,26.2,63.6,69.3,52.0,2026.0,Ranked
555.0,,Cyprus University of Technology,Cyprus,,,,,,,,,,,,,,,,,,,,,,,,,,,THE,3377.0,15.8,15.0,58:42:00,45.069,28.9,25.6,75.1,36.3,68.5,2026.0,Ranked
556.0,,NOVA University of Lisbon,Portugal,,,,,,,,,,,,,,,,,,,,,,,,,,,THE,25284.0,18.6,26.0,51:49:00,45.057,30.2,36.4,59.7,75.8,62.0,2026.0,Ranked
557.0,,Royal Veterinary College,United Kingdom,,,,,,,,,,,,,,,,,,,,,,,,,,,THE,2305.0,11.0,40.0,81:19:00,45.0565,31.9,21.5,66.2,64.4,93.0,2026.0,Ranked
558.0,,TU Dortmund University,Germany,,,,,,,,,,,,,,,,,,,,,,,,,,,THE,16305.0,44.7,15.0,50:50:00,45.0545,36.0,35.3,57.0,71.5,56.5,2026.0,Ranked
559.0,,Konkuk University,South Korea,,,,,,,,,,,,,,,,,,,,,,,,,,,THE,11274.0,25.4,22.0,,45.0345,34.2,38.8,50.2,96.4,63.7,2026.0,Ranked
560.0,,American University of Sharjah,United Arab Emirates,,,,,,,,,,,,,,,,,,,,,,,,,,,THE,5432.0,17.7,72.0,53:47:00,44.939,20.9,28.7,73.0,49.7,87.5,2026.0,Ranked
561.0,,University of Salerno,Italy,,,,,,,,,,,,,,,,,,,,,,,,,,,THE,20506.0,25.6,4.0,57:43:00,44.8865,30.6,30.2,72.7,63.1,36.9,2026.0,Ranked
562.0,,Imam Abdulrahman Bin Faisal University,Saudi Arabia,,,,,,,,,,,,,,,,,,,,,,,,,,,THE,25111.0,11.0,5.0,89:11:00,44.8695,33.4,19.5,75.4,26.6,75.7,2026.0,Ranked
563.0,,Keele University,United Kingdom,,,,,,,,,,,,,,,,,,,,,,,,,,,THE,10370.0,15.4,20.0,62:38:00,44.861,23.5,22.6,75.5,63.8,82.3,2026.0,Ranked
564.0,,University of Manitoba,Canada,,,,,,,,,,,,,,,,,,,,,,,,,,,THE,26170.0,13.7,24.0,54:46:00,44.8375,29.5,25.1,72.9,61.4,60.4,2026.0,Ranked
565.0,,Zhejiang University of Technology,China,,,,,,,,,,,,,,,,,,,,,,,,,,,THE,31557.0,13.9,9.0,,44.8095,32.0,27.3,69.7,92.5,37.9,2026.0,Ranked
566.0,,University of KwaZulu-Natal,South Africa,,,,,,,,,,,,,,,,,,,,,,,,,,,THE,33675.0,30.7,2.0,62:38:00,44.7855,31.4,37.9,61.5,49.1,54.9,2026.0,Ranked
567.0,,Mahatma Gandhi University,India,,,,,,,,,,,,,,,,,,,,,,,,,,,THE,2470.0,9.8,2.0,65:35:00,44.7685,46.5,28.5,63.6,36.4,30.0,2026.0,Ranked
568.0,,Liverpool John Moores University,United Kingdom,,,,,,,,,,,,,,,,,,,,,,,,,,,THE,24415.0,18.1,16.0,57:43:00,44.705,19.7,19.7,83.8,51.2,79.9,2026.0,Ranked
569.0,,University of Bradford,United Kingdom,,,,,,,,,,,,,,,,,,,,,,,,,,,THE,11775.0,22.0,47.0,56:44:00,44.6865,21.4,21.4,76.1,58.5,93.3,2026.0,Ranked
570.0,,National Taiwan Normal University,Taiwan,,,,,,,,,,,,,,,,,,,,,,,,,,,THE,11067.0,12.4,17.0,,44.5895,36.7,32.3,56.2,86.4,54.4,2026.0,Ranked
571.0,,Shiraz University of Technology,Iran,,,,,,,,,,,,,,,,,,,,,,,,,,,THE,1747.0,14.9,0.0,38 : 62,44.569,34.2,22.4,77.6,45.6,38.4,2026.0,Ranked
572.0,,University of Missouri-Kansas City,United States,,,,,,,,,,,,,,,,,,,,,,,,,,,THE,9605.0,12.3,13.0,58:42:00,44.559,30.3,24.4,75.2,64.3,45.5,2026.0,Ranked
573.0,,Indian Institute of Technology Indore,India,,,,,,,,,,,,,,,,,,,,,,,,,,,THE,2332.0,12.5,0.0,24 : 76,44.5425,42.9,28.9,63.9,40.9,36.0,2026.0,Ranked
574.0,,Polytechnic University of Bari,Italy,,,,,,,,,,,,,,,,,,,,,,,,,,,THE,10542.0,43.2,2.0,31 : 69,44.5325,27.0,31.1,72.8,73.9,36.7,2026.0,Ranked
575.0,,"Goldsmiths, University of London",United Kingdom,,,,,,,,,,,,,,,,,,,,,,,,,,,THE,8195.0,13.8,48.0,69:31:00,44.506,28.2,23.5,71.2,48.8,80.8,2026.0,Ranked
576.0,,Kyungpook National University (KNU),South Korea,,,,,,,,,,,,,,,,,,,,,,,,,,,THE,17162.0,15.8,17.0,47:53:00,44.4975,34.8,38.5,51.0,96.1,52.3,2026.0,Ranked
577.0,,Sultan Qaboos University,Oman,,,,,,,,,,,,,,,,,,,,,,,,,,,THE,7375.0,8.3,4.0,50:50:00,44.45,30.9,24.6,70.1,40.7,73.9,2026.0,Ranked
578.0,,University of the Sunshine Coast,Australia,,,,,,,,,,,,,,,,,,,,,,,,,,,THE,11020.0,27.0,15.0,70:30:00,44.3555,21.9,29.5,72.2,64.5,68.0,2026.0,Ranked
579.0,,Chulalongkorn University,Thailand,,,,,,,,,,,,,,,,,,,,,,,,,,,THE,34173.0,12.0,4.0,55:45:00,44.3495,39.5,31.3,56.1,82.0,46.8,2026.0,Ranked
580.0,,Carleton University,Canada,,,,,,,,,,,,,,,,,,,,,,,,,,,THE,27612.0,27.0,22.0,49:51:00,44.331,23.4,31.5,64.9,79.2,75.4,2026.0,Ranked
581.0,,Tashkent Institute of Irrigation and Agricultural Mechanisation,Uzbekistan,,,,,,,,,,,,,,,,,,,,,,,,,,,THE,5244.0,6.5,11.0,44:56:00,44.3205,35.9,13.6,79.9,49.4,51.2,2026.0,Ranked
582.0,,University of Ferrara,Italy,,,,,,,,,,,,,,,,,,,,,,,,,,,THE,23862.0,33.5,5.0,63:37:00,44.3125,31.9,26.8,70.3,68.5,44.0,2026.0,Ranked
583.0,,Ewha Womans University,South Korea,,,,,,,,,,,,,,,,,,,,,,,,,,,THE,14226.0,16.6,16.0,100:00:00,44.246,36.9,37.3,50.3,90.9,50.9,2026.0,Ranked
584.0,,UPES,India,,,,,,,,,,,,,,,,,,,,,,,,,,,THE,9231.0,9.6,0.0,30 : 70,44.2435,29.6,20.9,81.5,23.2,54.3,2026.0,Ranked
585.0,,University of Graz,Austria,,,,,,,,,,,,,,,,,,,,,,,,,,,THE,10958.0,10.8,19.0,65:35:00,44.2375,32.3,24.1,65.3,51.0,81.2,2026.0,Ranked
586.0,,Alfaisal University,Saudi Arabia,,,,,,,,,,,,,,,,,,,,,,,,,,,THE,3443.0,11.3,37.0,58:42:00,44.21,24.2,19.5,73.7,50.4,97.2,2026.0,Ranked
587.0,,Auckland University of Technology,New Zealand,,,,,,,,,,,,,,,,,,,,,,,,,,,THE,17420.0,17.0,49.0,59:41:00,44.1985,22.6,22.8,73.6,49.8,91.3,2026.0,Ranked
588.0,,University of Pretoria,South Africa,,,,,,,,,,,,,,,,,,,,,,,,,,,THE,34827.0,18.4,7.0,61:39:00,44.1755,32.3,34.7,57.5,61.1,65.2,2026.0,Ranked
589.0,,"Northeastern University, China",China,,,,,,,,,,,,,,,,,,,,,,,,,,,THE,41594.0,13.7,2.0,,44.1305,31.7,31.4,63.9,96.2,35.4,2026.0,Ranked
590.0,,Georgia State University,United States,,,,,,,,,,,,,,,,,,,,,,,,,,,THE,32292.0,16.6,9.0,60:40:00,44.076,32.9,26.7,67.1,62.5,53.3,2026.0,Ranked
591.0,,New Jersey Institute of Technology,United States,,,,,,,,,,,,,,,,,,,,,,,,,,,THE,10459.0,14.9,29.0,29 : 71,44.062,27.5,23.3,65.2,68.5,91.9,2026.0,Ranked
592.0,,Yeungnam University,South Korea,,,,,,,,,,,,,,,,,,,,,,,,,,,THE,19201.0,15.4,6.0,50:50:00,44.0375,25.1,22.9,75.3,62.8,65.2,2026.0,Ranked
593.0,,"China University of Petroleum, Beijing",China,,,,,,,,,,,,,,,,,,,,,,,,,,,THE,18745.0,18.1,5.0,,43.9745,34.2,38.0,56.8,96.7,26.1,2026.0,Ranked
594.0,,Lovely Professional University,India,,,,,,,,,,,,,,,,,,,,,,,,,,,THE,36891.0,14.9,8.0,28 : 72,43.9435,24.6,17.6,87.6,31.5,53.9,2026.0,Ranked
595.0,,Hamburg University of Technology,Germany,,,,,,,,,,,,,,,,,,,,,,,,,,,THE,4396.0,21.3,28.0,30 : 70,43.9245,38.1,26.0,56.9,86.0,61.8,2026.0,Ranked
596.0,,Gachon University,South Korea,,,,,,,,,,,,,,,,,,,,,,,,,,,THE,23826.0,24.4,18.0,50:50:00,43.912,34.9,24.1,63.8,70.0,62.5,2026.0,Ranked
597.0,,Victoria University,Australia,,,,,,,,,,,,,,,,,,,,,,,,,,,THE,14540.0,29.4,25.0,59:41:00,43.867,22.9,24.7,74.5,55.9,71.5,2026.0,Ranked
598.0,,UEH University,Vietnam,,,,,,,,,,,,,,,,,,,,,,,,,,,THE,34586.0,33.8,0.0,70:30:00,43.811,13.0,21.8,92.1,50.1,53.6,2026.0,Ranked
599.0,,RPTU University Kaiserslautern-Landau,Germany,,,,,,,,,,,,,,,,,,,,,,,,,,,THE,10796.0,22.4,14.0,49:51:00,43.661,36.1,30.9,56.3,83.2,51.1,2026.0,Ranked
600.0,,University of Palermo,Italy,,,,,,,,,,,,,,,,,,,,,,,,,,,THE,28637.0,32.9,2.0,58:42:00,43.6415,33.3,30.5,66.7,54.7,37.0,2026.0,Ranked
601.0,,KIIT University,India,,,,,,,,,,,,,,,,,,,,,,,,,,,THE,19682.0,10.3,14.0,56:44:00,43.64,43.0,20.9,63.5,60.6,45.6,2026.0,Ranked
602.0,,Juntendo University,Japan,,,,,,,,,,,,,,,,,,,,,,,,,,,THE,7371.0,5.3,3.0,54:46:00,43.638,37.3,17.2,74.5,83.1,26.3,2026.0,Ranked
603.0,,Lincoln University (New Zealand),New Zealand,,,,,,,,,,,,,,,,,,,,,,,,,,,THE,3123.0,15.0,42.0,55:45:00,43.6335,29.1,25.6,62.2,53.5,91.0,2026.0,Ranked
604.0,,Middlesex University,United Kingdom,,,,,,,,,,,,,,,,,,,,,,,,,,,THE,14860.0,19.8,49.0,59:41:00,43.6105,22.4,18.7,76.1,45.3,92.5,2026.0,Ranked
605.0,,Banaras Hindu University,India,,,,,,,,,,,,,,,,,,,,,,,,,,,THE,12447.0,7.9,4.0,49:51:00,43.5905,49.9,18.0,67.8,31.0,27.6,2026.0,Ranked
606.0,,Jagiellonian University,Poland,,,,,,,,,,,,,,,,,,,,,,,,,,,THE,32022.0,8.8,13.0,67:33:00,43.5905,43.8,33.6,51.1,54.2,45.7,2026.0,Ranked
607.0,,University of Haifa,Israel,,,,,,,,,,,,,,,,,,,,,,,,,,,THE,16297.0,17.5,3.0,66:34:00,43.555,29.6,31.2,68.6,65.0,34.6,2026.0,Ranked
608.0,,University of Denver,United States,,,,,,,,,,,,,,,,,,,,,,,,,,,THE,10234.0,13.3,5.0,62:38:00,43.547,40.2,25.5,63.5,57.2,39.4,2026.0,Ranked
609.0,,Graphic Era University,India,,,,,,,,,,,,,,,,,,,,,,,,,,,THE,11054.0,13.9,2.0,45:55:00,43.516,20.2,22.2,92.0,20.1,36.2,2026.0,Ranked
610.0,,SUNY University at Albany,United States,,,,,,,,,,,,,,,,,,,,,,,,,,,THE,14843.0,15.9,7.0,53:47:00,43.4325,28.7,27.6,66.4,68.8,57.2,2026.0,Ranked
611.0,,Nottingham Trent University,United Kingdom,,,,,,,,,,,,,,,,,,,,,,,,,,,THE,36005.0,15.0,25.0,54:46:00,43.4215,20.8,14.1,83.3,38.1,89.1,2026.0,Ranked
612.0,,Sciences Po,France,,,,,,,,,,,,,,,,,,,,,,,,,,,THE,14675.0,49.1,41.0,64:36:00,43.403,30.1,24.8,67.9,18.6,82.9,2026.0,Ranked
613.0,,Imam Mohammad Ibn Saud Islamic University,Saudi Arabia,,,,,,,,,,,,,,,,,,,,,,,,,,,THE,38256.0,11.2,15.0,50:50:00,43.3695,33.2,22.1,64.9,36.6,83.1,2026.0,Ranked
614.0,,American University of the Middle East,Kuwait,,,,,,,,,,,,,,,,,,,,,,,,,,,THE,5014.0,11.1,15.0,62:38:00,43.3375,29.1,19.5,71.9,27.7,85.6,2026.0,Ranked
615.0,,Aligarh Muslim University,India,,,,,,,,,,,,,,,,,,,,,,,,,,,THE,21223.0,14.7,1.0,39 : 61,43.331,41.3,16.8,72.4,37.2,40.9,2026.0,Ranked
616.0,,University of Greenwich,United Kingdom,,,,,,,,,,,,,,,,,,,,,,,,,,,THE,22915.0,22.4,54.0,57:43:00,43.3035,17.6,16.5,81.6,39.1,97.1,2026.0,Ranked
617.0,,University of Wuppertal,Germany,,,,,,,,,,,,,,,,,,,,,,,,,,,THE,12951.0,29.3,11.0,54:46:00,43.295,31.5,31.2,60.6,65.3,55.5,2026.0,Ranked
618.0,,National University of Sciences and Technology,Pakistan,,,,,,,,,,,,,,,,,,,,,,,,,,,THE,12468.0,12.0,5.0,38 : 62,43.253,23.6,23.8,75.3,64.6,56.2,2026.0,Ranked
619.0,,University of Passau,Germany,,,,,,,,,,,,,,,,,,,,,,,,,,,THE,7360.0,45.5,14.0,59:41:00,43.2325,32.7,37.0,52.5,70.4,57.2,2026.0,Ranked
620.0,,Manchester Metropolitan University,United Kingdom,,,,,,,,,,,,,,,,,,,,,,,,,,,THE,33935.0,18.1,22.0,58:42:00,43.214,20.8,19.5,78.3,42.7,83.0,2026.0,Ranked
621.0,,Centrale Nantes,France,,,,,,,,,,,,,,,,,,,,,,,,,,,THE,1755.0,13.2,37.0,1.011805556,43.1775,39.9,31.2,41.7,86.1,85.4,2026.0,Ranked
622.0,,Nanjing University of Science and Technology (NJUST),China,,,,,,,,,,,,,,,,,,,,,,,,,,,THE,36520.0,15.2,2.0,31 : 69,43.1345,33.4,31.2,66.8,63.4,22.1,2026.0,Ranked
623.0,,University of Arkansas,United States,,,,,,,,,,,,,,,,,,,,,,,,,,,THE,28164.0,20.3,3.0,56:44:00,43.131,28.9,32.5,66.2,67.2,35.1,2026.0,Ranked
624.0,,Anglia Ruskin University (ARU),United Kingdom,,,,,,,,,,,,,,,,,,,,,,,,,,,THE,28065.0,27.2,49.0,62:38:00,42.9605,18.5,14.6,83.6,34.1,91.0,2026.0,Ranked
625.0,,Lehigh University,United States,,,,,,,,,,,,,,,,,,,,,,,,,,,THE,6933.0,11.6,16.0,46:54:00,42.958,33.8,22.7,61.2,67.6,71.2,2026.0,Ranked
626.0,,Tabriz University of Medical Sciences,Iran,,,,,,,,,,,,,,,,,,,,,,,,,,,THE,7290.0,8.5,2.0,53:47:00,42.9385,42.3,16.1,71.8,42.9,33.8,2026.0,Ranked
627.0,,Tarbiat Modares University,Iran,,,,,,,,,,,,,,,,,,,,,,,,,,,THE,10360.0,13.8,6.0,47:53:00,42.917,36.5,25.5,67.1,54.3,32.7,2026.0,Ranked
628.0,,University of Neuchâtel,Switzerland,,,,,,,,,,,,,,,,,,,,,,,,,,,THE,4365.0,10.7,23.0,60:40:00,42.9045,35.0,24.2,57.8,47.1,84.5,2026.0,Ranked
629.0,,The Catholic University of Korea (CUK),South Korea,,,,,,,,,,,,,,,,,,,,,,,,,,,THE,7349.0,18.6,15.0,58:42:00,42.858,31.6,39.0,50.9,92.9,43.2,2026.0,Ranked
630.0,,Mahidol University,Thailand,,,,,,,,,,,,,,,,,,,,,,,,,,,THE,29737.0,8.9,6.0,63:37:00,42.797,38.6,28.4,53.1,88.1,49.6,2026.0,Ranked
631.0,,Bilkent University,Turkey,,,,,,,,,,,,,,,,,,,,,,,,,,,THE,8980.0,19.8,6.0,48:52:00,42.783,28.4,35.5,51.3,99.5,63.2,2026.0,Ranked
632.0,,University of Canterbury,New Zealand,,,,,,,,,,,,,,,,,,,,,,,,,,,THE,14857.0,19.1,18.0,50:50:00,42.7575,26.6,28.3,59.9,64.4,82.1,2026.0,Ranked
633.0,,Graz University of Technology,Austria,,,,,,,,,,,,,,,,,,,,,,,,,,,THE,6734.0,8.7,26.0,27 : 73,42.6605,41.9,22.7,46.5,95.3,79.4,2026.0,Ranked
634.0,,Nanjing Forestry University,China,,,,,,,,,,,,,,,,,,,,,,,,,,,THE,36679.0,18.1,1.0,,42.6525,21.2,23.8,83.4,61.1,27.1,2026.0,Ranked
635.0,,École Nationale des Travaux Publics de l'État (ENTPE),France,,,,,,,,,,,,,,,,,,,,,,,,,,,THE,794.0,13.5,17.0,43:57:00,42.6475,36.4,37.2,41.8,80.1,71.7,2026.0,Ranked
636.0,,TU Braunschweig,Germany,,,,,,,,,,,,,,,,,,,,,,,,,,,THE,14251.0,16.3,15.0,42:58:00,42.6445,36.0,24.3,58.5,77.5,57.7,2026.0,Ranked
637.0,,University of Klagenfurt,Austria,,,,,,,,,,,,,,,,,,,,,,,,,,,THE,3377.0,8.7,33.0,66:34:00,42.637,34.4,19.6,60.5,49.5,89.0,2026.0,Ranked
638.0,,Hiroshima University,Japan,,,,,,,,,,,,,,,,,,,,,,,,,,,THE,14922.0,8.7,12.0,38 : 62,42.622,41.7,31.4,47.8,79.8,49.1,2026.0,Ranked
639.0,,The University of Jordan,Jordan,,,,,,,,,,,,,,,,,,,,,,,,,,,THE,23745.0,12.2,26.0,63:37:00,42.6115,32.0,19.5,67.2,41.6,75.9,2026.0,Ranked
640.0,,Örebro University,Sweden,,,,,,,,,,,,,,,,,,,,,,,,,,,THE,9943.0,16.6,6.0,63:37:00,42.5915,19.3,25.2,78.3,50.5,54.4,2026.0,Ranked
641.0,,University of North Carolina at Charlotte,United States,,,,,,,,,,,,,,,,,,,,,,,,,,,THE,27004.0,21.1,8.0,50:50:00,42.5565,23.9,24.5,76.2,60.9,41.4,2026.0,Ranked
642.0,,University of Granada,Spain,,,,,,,,,,,,,,,,,,,,,,,,,,,THE,51046.0,14.3,11.0,61:39:00,42.5495,31.3,29.7,60.9,60.7,53.4,2026.0,Ranked
643.0,,University of Alaska Fairbanks,United States,,,,,,,,,,,,,,,,,,,,,,,,,,,THE,2895.0,8.5,6.0,56:44:00,42.519,34.8,30.7,53.6,55.0,67.6,2026.0,Ranked
644.0,,Auburn University,United States,,,,,,,,,,,,,,,,,,,,,,,,,,,THE,28365.0,18.5,7.0,51:49:00,42.5055,36.5,27.9,55.6,71.8,54.6,2026.0,Ranked
645.0,,Universiti Pendidikan Sultan Idris,Malaysia,,,,,,,,,,,,,,,,,,,,,,,,,,,THE,5754.0,8.9,28.0,59:41:00,42.5,39.4,27.6,48.4,56.2,81.4,2026.0,Ranked
646.0,,University of Lincoln,United Kingdom,,,,,,,,,,,,,,,,,,,,,,,,,,,THE,15645.0,15.0,24.0,58:42:00,42.454,20.5,18.5,77.2,34.1,86.9,2026.0,Ranked
647.0,,"University of Nevada, Las Vegas",United States,,,,,,,,,,,,,,,,,,,,,,,,,,,THE,26545.0,22.1,3.0,57:43:00,42.452,31.0,22.9,71.9,52.4,40.0,2026.0,Ranked
648.0,,University of Mons,Belgium,,,,,,,,,,,,,,,,,,,,,,,,,,,THE,8374.0,26.7,17.0,56:44:00,42.441,27.2,30.9,58.4,66.4,70.4,2026.0,Ranked
649.0,,University of Crete,Greece,,,,,,,,,,,,,,,,,,,,,,,,,,,THE,12551.0,22.7,5.0,64:36:00,42.3925,24.7,29.1,68.5,66.3,46.2,2026.0,Ranked
650.0,,Ulster University,United Kingdom,,,,,,,,,,,,,,,,,,,,,,,,,,,THE,24440.0,23.3,29.0,55:45:00,42.345,22.8,22.8,65.7,54.3,95.0,2026.0,Ranked
651.0,,Universiti Malaysia Pahang Al-Sultan Abdullah (UMPSA),Malaysia,,,,,,,,,,,,,,,,,,,,,,,,,,,THE,7584.0,12.4,10.0,49:51:00,42.326,37.9,23.9,59.0,52.8,58.7,2026.0,Ranked
652.0,,Université Côte d'Azur,France,,,,,,,,,,,,,,,,,,,,,,,,,,,THE,31714.0,19.8,21.0,57:43:00,42.3195,30.9,20.8,61.4,65.8,81.6,2026.0,Ranked
653.0,,University of Tabriz,Iran,,,,,,,,,,,,,,,,,,,,,,,,,,,THE,21199.0,23.6,15.0,51:49:00,42.3005,28.6,21.4,72.8,45.5,53.3,2026.0,Ranked
654.0,,University of Calabria,Italy,,,,,,,,,,,,,,,,,,,,,,,,,,,THE,10386.0,15.7,8.0,54:46:00,42.299,39.5,21.9,62.4,59.7,42.5,2026.0,Ranked
655.0,,Babol Noshirvani University of Technology,Iran,,,,,,,,,,,,,,,,,,,,,,,,,,,THE,5917.0,26.6,3.0,34 : 66,42.275,22.1,21.9,86.1,36.3,28.3,2026.0,Ranked
656.0,,University of L’Aquila,Italy,,,,,,,,,,,,,,,,,,,,,,,,,,,THE,19246.0,25.5,6.0,53:47:00,42.247,32.8,22.4,66.6,78.5,39.4,2026.0,Ranked
657.0,,East China University of Science and Technology,China,,,,,,,,,,,,,,,,,,,,,,,,,,,THE,32389.0,19.0,2.0,43:57:00,42.185,31.1,29.1,63.3,96.6,22.9,2026.0,Ranked
658.0,,COMSATS University Islamabad,Pakistan,,,,,,,,,,,,,,,,,,,,,,,,,,,THE,33193.0,15.8,1.0,39 : 61,42.1595,19.8,16.9,86.2,43.5,50.9,2026.0,Ranked
659.0,,Concordia University,Canada,,,,,,,,,,,,,,,,,,,,,,,,,,,THE,36811.0,25.5,35.0,49:51:00,42.142,24.5,25.8,63.7,68.0,74.7,2026.0,Ranked
660.0,,Egypt-Japan University of Science and Technology (E-JUST),Egypt,,,,,,,,,,,,,,,,,,,,,,,,,,,THE,3015.0,26.5,4.0,33 : 67,42.132,30.7,27.4,65.0,40.8,53.3,2026.0,Ranked
661.0,,Management & Science University (MSU),Malaysia,,,,,,,,,,,,,,,,,,,,,,,,,,,THE,4038.0,7.5,58.0,61:39:00,42.1275,33.2,15.0,65.8,33.4,92.1,2026.0,Ranked
662.0,,"Amity University, Noida",India,,,,,,,,,,,,,,,,,,,,,,,,,,,THE,29510.0,14.9,14.0,57:43:00,42.127,28.7,17.6,76.9,42.1,50.7,2026.0,Ranked
663.0,,University of Minho,Portugal,,,,,,,,,,,,,,,,,,,,,,,,,,,THE,21465.0,20.8,13.0,55:45:00,42.1055,28.0,33.6,57.1,82.6,48.9,2026.0,Ranked
664.0,,Isfahan University of Technology,Iran,,,,,,,,,,,,,,,,,,,,,,,,,,,THE,10096.0,22.6,3.0,40 : 60,42.0945,34.1,27.6,59.7,84.4,36.6,2026.0,Ranked
665.0,,Panjab University,India,,,,,,,,,,,,,,,,,,,,,,,,,,,THE,16479.0,15.9,2.0,65:35:00,42.09,38.2,19.6,71.2,48.3,24.6,2026.0,Ranked
666.0,,University of Udine,Italy,,,,,,,,,,,,,,,,,,,,,,,,,,,THE,11915.0,16.7,5.0,56:44:00,41.9795,32.8,20.9,69.4,58.5,41.1,2026.0,Ranked
667.0,,Jiangnan University,China,,,,,,,,,,,,,,,,,,,,,,,,,,,THE,32581.0,12.1,1.0,,41.9615,29.5,25.8,68.0,92.8,22.2,2026.0,Ranked
668.0,,Tomsk State University,Russia,,,,,,,,,,,,,,,,,,,,,,,,,,,THE,7985.0,11.7,37.0,,41.943,50.5,38.3,27.0,55.9,74.7,2026.0,Ranked
669.0,,UiT The Arctic University of Norway,Norway,,,,,,,,,,,,,,,,,,,,,,,,,,,THE,15308.0,10.6,10.0,62:38:00,41.9385,27.3,23.1,67.6,48.9,66.0,2026.0,Ranked
670.0,,Universitat Politècnica de Catalunya,Spain,,,,,,,,,,,,,,,,,,,,,,,,,,,THE,24055.0,10.3,13.0,30 : 70,41.9125,34.2,22.6,58.7,75.8,61.7,2026.0,Ranked
671.0,,Majmaah University,Saudi Arabia,,,,,,,,,,,,,,,,,,,,,,,,,,,THE,11910.0,9.9,3.0,47:53:00,41.899,32.2,25.4,59.7,35.6,76.0,2026.0,Ranked
672.0,,Tallinn University of Technology,Estonia,,,,,,,,,,,,,,,,,,,,,,,,,,,THE,7451.0,13.2,12.0,40 : 60,41.898,26.2,24.9,66.0,69.2,58.4,2026.0,Ranked
673.0,,Universiti Tenaga Nasional (UNITEN),Malaysia,,,,,,,,,,,,,,,,,,,,,,,,,,,THE,4317.0,10.0,20.0,33 : 67,41.888,26.1,16.3,72.8,68.1,65.3,2026.0,Ranked
674.0,,Edinburgh Napier University,United Kingdom,,,,,,,,,,,,,,,,,,,,,,,,,,,THE,14615.0,21.8,21.0,55:45:00,41.886,17.5,19.7,75.3,41.2,90.3,2026.0,Ranked
675.0,,ISCTE-University Institute of Lisbon,Portugal,,,,,,,,,,,,,,,,,,,,,,,,,,,THE,10999.0,26.0,18.0,53:47:00,41.878,29.8,35.9,54.9,59.9,50.8,2026.0,Ranked
676.0,,University of Lille,France,,,,,,,,,,,,,,,,,,,,,,,,,,,THE,78318.0,30.6,14.0,61:39:00,41.8105,33.6,23.4,58.5,67.0,65.1,2026.0,Ranked
677.0,,Dhofar University,Oman,,,,,,,,,,,,,,,,,,,,,,,,,,,THE,3049.0,15.9,7.0,53:47:00,41.8025,16.9,19.0,80.8,27.8,79.4,2026.0,Ranked
678.0,,Oklahoma State University,United States,,,,,,,,,,,,,,,,,,,,,,,,,,,THE,22574.0,14.7,5.0,53:47:00,41.7875,36.5,21.1,60.9,61.9,55.4,2026.0,Ranked
679.0,,Ocean University of China,China,,,,,,,,,,,,,,,,,,,,,,,,,,,THE,35422.0,18.2,1.0,,41.7865,31.3,29.5,63.6,69.7,28.4,2026.0,Ranked
680.0,,"UEES, Espiritu Santo University",Ecuador,,,,,,,,,,,,,,,,,,,,,,,,,,,THE,4596.0,10.9,24.0,51:49:00,41.7715,38.8,15.3,58.8,39.9,88.7,2026.0,Ranked
681.0,,University of Cagliari,Italy,,,,,,,,,,,,,,,,,,,,,,,,,,,THE,14312.0,15.0,2.0,62:38:00,41.7665,33.8,24.0,64.3,62.7,40.5,2026.0,Ranked
682.0,,Claude Bernard University Lyon 1,France,,,,,,,,,,,,,,,,,,,,,,,,,,,THE,35702.0,16.9,13.0,56:44:00,41.72,27.0,26.4,62.6,70.1,60.2,2026.0,Ranked
683.0,,Nantes Université,France,,,,,,,,,,,,,,,,,,,,,,,,,,,THE,35045.0,17.3,12.0,57:43:00,41.7185,29.3,21.4,65.6,67.6,59.8,2026.0,Ranked
684.0,,Sukkur IBA University,Pakistan,,,,,,,,,,,,,,,,,,,,,,,,,,,THE,5580.0,19.6,0.0,30 : 70,41.7045,19.6,26.7,77.9,26.3,50.1,2026.0,Ranked
685.0,,Coventry University,United Kingdom,,,,,,,,,,,,,,,,,,,,,,,,,,,THE,30640.0,14.6,58.0,50:50:00,41.677,21.6,15.1,73.5,44.9,94.4,2026.0,Ranked
686.0,,Aberystwyth University,United Kingdom,,,,,,,,,,,,,,,,,,,,,,,,,,,THE,6330.0,15.1,21.0,52:48:00,41.66,26.9,22.2,61.9,62.1,83.1,2026.0,Ranked
687.0,,Toronto Metropolitan University,Canada,,,,,,,,,,,,,,,,,,,,,,,,,,,THE,37827.0,39.8,11.0,54:46:00,41.628,22.4,32.0,61.1,69.0,62.0,2026.0,Ranked
688.0,,Amedeo Avogadro University of Eastern Piedmont,Italy,,,,,,,,,,,,,,,,,,,,,,,,,,,THE,15817.0,35.5,10.0,61:39:00,41.625,25.6,24.8,70.6,52.9,47.8,2026.0,Ranked
689.0,,Symbiosis International University,India,,,,,,,,,,,,,,,,,,,,,,,,,,,THE,22845.0,14.4,7.0,47:53:00,41.613,29.3,15.8,80.2,27.0,43.3,2026.0,Ranked
690.0,,Paderborn University,Germany,,,,,,,,,,,,,,,,,,,,,,,,,,,THE,14479.0,38.3,13.0,51:49:00,41.5835,31.1,35.9,51.4,70.7,50.0,2026.0,Ranked
691.0,,Manipal Academy of Higher Education,India,,,,,,,,,,,,,,,,,,,,,,,,,,,THE,24076.0,8.6,12.0,50:50:00,41.5795,44.7,18.6,56.4,54.1,52.2,2026.0,Ranked
692.0,,Thapar Institute of Engineering and Technology,India,,,,,,,,,,,,,,,,,,,,,,,,,,,THE,7763.0,15.0,4.0,35 : 65,41.571,33.3,17.6,72.5,38.9,44.5,2026.0,Ranked
693.0,,Zhejiang Normal University,China,,,,,,,,,,,,,,,,,,,,,,,,,,,THE,34011.0,13.5,7.0,,41.5545,19.2,22.0,80.1,63.7,39.1,2026.0,Ranked
694.0,,Central University of Punjab,India,,,,,,,,,,,,,,,,,,,,,,,,,,,THE,2829.0,14.1,2.0,37 : 63,41.5405,30.3,19.8,78.7,26.5,29.2,2026.0,Ranked
695.0,,Duy Tan University,Vietnam,,,,,,,,,,,,,,,,,,,,,,,,,,,THE,23574.0,22.7,1.0,61:39:00,41.532,12.8,17.0,91.9,27.9,55.2,2026.0,Ranked
696.0,,Harokopio University of Athens,Greece,,,,,,,,,,,,,,,,,,,,,,,,,,,THE,2994.0,28.1,4.0,51:49:00,41.5145,20.8,24.2,79.3,40.2,39.5,2026.0,Ranked
697.0,,Masaryk University,Czechia,,,,,,,,,,,,,,,,,,,,,,,,,,,THE,33661.0,18.2,25.0,62:38:00,41.499,26.8,32.6,57.1,51.1,66.2,2026.0,Ranked
698.0,,Nanjing University of Aeronautics and Astronautics,China,,,,,,,,,,,,,,,,,,,,,,,,,,,THE,36035.0,15.4,2.0,,41.4785,30.2,35.4,54.9,98.4,25.3,2026.0,Ranked
699.0,,University of Tuscia,Italy,,,,,,,,,,,,,,,,,,,,,,,,,,,THE,6305.0,24.0,12.0,49:51:00,41.477,23.8,28.7,66.5,59.7,50.6,2026.0,Ranked
700.0,,King Faisal University,Saudi Arabia,,,,,,,,,,,,,,,,,,,,,,,,,,,THE,22366.0,10.4,6.0,65:35:00,41.45,25.6,14.8,73.7,40.4,78.4,2026.0,Ranked
701.0,,Lorestan University of Medical Sciences,Iran,,,,,,,,,,,,,,,,,,,,,,,,,,,THE,4068.0,18.9,1.0,57:43:00,41.4385,39.1,18.4,67.9,50.2,29.2,2026.0,Ranked
702.0,,National Research Nuclear University MEPhI,Russia,,,,,,,,,,,,,,,,,,,,,,,,,,,THE,5352.0,10.1,28.0,49:51:00,41.4345,49.3,35.0,29.2,63.4,72.6,2026.0,Ranked
703.0,,Iran University of Medical Sciences,Iran,,,,,,,,,,,,,,,,,,,,,,,,,,,THE,8876.0,7.8,19.0,54:46:00,41.4345,48.3,17.3,56.5,43.1,46.6,2026.0,Ranked
704.0,,Xidian University,China,,,,,,,,,,,,,,,,,,,,,,,,,,,THE,39572.0,14.3,1.0,25 : 75,41.434,28.6,25.2,66.5,95.1,25.8,2026.0,Ranked
705.0,,The University of Texas at San Antonio,United States,,,,,,,,,,,,,,,,,,,,,,,,,,,THE,27369.0,24.2,3.0,53:47:00,41.4225,21.9,23.4,75.7,60.9,40.4,2026.0,Ranked
706.0,,University of New Brunswick UNB,Canada,,,,,,,,,,,,,,,,,,,,,,,,,,,THE,8975.0,12.4,22.0,53:47:00,41.421,23.8,19.5,67.1,63.5,81.0,2026.0,Ranked
707.0,,Golestan University,Iran,,,,,,,,,,,,,,,,,,,,,,,,,,,THE,3950.0,30.4,8.0,62:38:00,41.3455,22.1,15.6,83.1,23.3,59.2,2026.0,Ranked
708.0,,Shiraz University of Medical Sciences,Iran,,,,,,,,,,,,,,,,,,,,,,,,,,,THE,9998.0,9.8,3.0,55:45:00,41.312,46.6,19.5,58.6,58.0,26.8,2026.0,Ranked
709.0,,University of Insubria,Italy,,,,,,,,,,,,,,,,,,,,,,,,,,,THE,9546.0,23.1,5.0,56:44:00,41.306,19.0,23.7,79.3,48.7,41.2,2026.0,Ranked
710.0,,"University of Maryland, Baltimore County",United States,,,,,,,,,,,,,,,,,,,,,,,,,,,THE,12398.0,17.8,19.0,46:54:00,41.2795,27.5,27.2,61.3,67.6,55.8,2026.0,Ranked
711.0,,Tecnológico de Monterrey,Mexico,,,,,,,,,,,,,,,,,,,,,,,,,,,THE,17141.0,14.1,14.0,43:57:00,41.0835,26.7,26.4,59.6,68.4,65.8,2026.0,Ranked
712.0,,Indian Institute of Technology Patna,India,,,,,,,,,,,,,,,,,,,,,,,,,,,THE,2840.0,17.1,1.0,1.011805556,41.061,34.8,22.5,70.4,36.0,22.8,2026.0,Ranked
713.0,,London South Bank University,United Kingdom,,,,,,,,,,,,,,,,,,,,,,,,,,,THE,14425.0,15.9,40.0,55:45:00,41.024,18.5,13.0,75.6,48.1,95.9,2026.0,Ranked
714.0,,Rovira i Virgili University,Spain,,,,,,,,,,,,,,,,,,,,,,,,,,,THE,14226.0,13.2,12.0,60:40:00,40.968,28.2,25.1,62.5,57.5,57.6,2026.0,Ranked
715.0,,Bar-Ilan University,Israel,,,,,,,,,,,,,,,,,,,,,,,,,,,THE,19887.0,20.6,4.0,58:42:00,40.939,33.8,34.8,52.6,65.9,32.8,2026.0,Ranked
716.0,,University of Hertfordshire,United Kingdom,,,,,,,,,,,,,,,,,,,,,,,,,,,THE,27285.0,19.5,61.0,47:53:00,40.8465,18.2,13.2,76.5,44.8,92.1,2026.0,Ranked
717.0,,Chitkara University,India,,,,,,,,,,,,,,,,,,,,,,,,,,,THE,18269.0,13.8,3.0,44:56:00,40.8105,21.1,14.7,91.0,22.7,28.2,2026.0,Ranked
718.0,,Cyprus International University,Northern Cyprus,,,,,,,,,,,,,,,,,,,,,,,,,,,THE,14569.0,23.8,93.0,47:53:00,40.8025,17.8,12.1,83.5,17.5,83.9,2026.0,Ranked
719.0,,Urmia University of Medical Sciences,Iran,,,,,,,,,,,,,,,,,,,,,,,,,,,THE,5350.0,11.5,8.0,50:50:00,40.7795,41.4,11.7,73.2,22.4,30.9,2026.0,Ranked
720.0,,Yarmouk University,Jordan,,,,,,,,,,,,,,,,,,,,,,,,,,,THE,21300.0,23.6,15.0,,40.7555,29.3,17.9,69.9,29.9,63.4,2026.0,Ranked
721.0,,Worcester Polytechnic Institute,United States,,,,,,,,,,,,,,,,,,,,,,,,,,,THE,6312.0,12.9,14.0,36 : 64,40.711,32.6,21.4,59.6,67.2,57.6,2026.0,Ranked
722.0,,Obuda University,Hungary,,,,,,,,,,,,,,,,,,,,,,,,,,,THE,8068.0,26.6,7.0,0.888888889,40.682,17.4,30.9,72.8,27.2,48.8,2026.0,Ranked
723.0,,Federal University of Rio de Janeiro,Brazil,,,,,,,,,,,,,,,,,,,,,,,,,,,THE,56160.0,14.6,1.0,56:44:00,40.681,42.6,36.2,38.1,84.9,37.2,2026.0,Ranked
724.0,,University of Beira Interior,Portugal,,,,,,,,,,,,,,,,,,,,,,,,,,,THE,8307.0,16.8,21.0,56:44:00,40.655,23.8,23.4,71.4,39.7,51.2,2026.0,Ranked
725.0,,University of the West of Scotland,United Kingdom,,,,,,,,,,,,,,,,,,,,,,,,,,,THE,16955.0,24.9,39.0,60:40:00,40.6265,19.5,15.5,69.7,66.1,91.0,2026.0,Ranked
726.0,,École des Mines de Saint-Étienne,France,,,,,,,,,,,,,,,,,,,,,,,,,,,THE,1128.0,9.5,29.0,27 : 73,40.6165,47.3,31.3,30.1,78.9,72.0,2026.0,Ranked
727.0,,Kadir Has University,Turkey,,,,,,,,,,,,,,,,,,,,,,,,,,,THE,4058.0,22.4,11.0,58:42:00,40.5655,19.4,31.7,67.1,32.8,56.1,2026.0,Ranked
728.0,,Kobe University,Japan,,,,,,,,,,,,,,,,,,,,,,,,,,,THE,15355.0,9.8,7.0,35 : 65,40.556,41.5,28.9,45.0,89.0,38.3,2026.0,Ranked
729.0,,Air University,Pakistan,,,,,,,,,,,,,,,,,,,,,,,,,,,THE,10530.0,14.5,0.0,35 : 65,40.54,22.5,12.6,83.7,34.9,49.9,2026.0,Ranked
730.0,,Jouf University,Saudi Arabia,,,,,,,,,,,,,,,,,,,,,,,,,,,THE,11978.0,9.6,2.0,47:53:00,40.5015,23.8,17.6,72.3,25.6,75.5,2026.0,Ranked
731.0,,Malaviya National Institute of Technology,India,,,,,,,,,,,,,,,,,,,,,,,,,,,THE,5589.0,17.0,1.0,26 : 74,40.4325,31.7,19.1,73.9,39.3,24.0,2026.0,Ranked
732.0,,SRUC (Scotland’s Rural College),United Kingdom,,,,,,,,,,,,,,,,,,,,,,,,,,,THE,1400.0,4.3,9.0,65:35:00,40.4,25.2,14.9,75.4,28.0,65.4,2026.0,Ranked
733.0,,Louisiana State University,United States,,,,,,,,,,,,,,,,,,,,,,,,,,,THE,33738.0,20.7,4.0,56:44:00,40.3665,34.1,20.6,60.8,65.7,46.2,2026.0,Ranked
734.0,,University of the Basque Country,Spain,,,,,,,,,,,,,,,,,,,,,,,,,,,THE,39279.0,11.6,6.0,56:44:00,40.3505,31.1,21.9,63.3,61.5,45.0,2026.0,Ranked
735.0,,Shahid Beheshti University of Medical Sciences,Iran,,,,,,,,,,,,,,,,,,,,,,,,,,,THE,12165.0,7.9,6.0,55:45:00,40.334,45.0,20.4,52.8,73.7,31.4,2026.0,Ranked
736.0,,New Mexico State University (Main campus),United States,,,,,,,,,,,,,,,,,,,,,,,,,,,THE,12251.0,15.8,6.0,58:42:00,40.317,26.2,24.5,66.2,56.2,45.0,2026.0,Ranked
737.0,,Mississippi State University,United States,,,,,,,,,,,,,,,,,,,,,,,,,,,THE,20844.0,14.1,4.0,53:47:00,40.311,28.5,21.2,64.8,63.2,50.5,2026.0,Ranked
738.0,,Ben-Gurion University of the Negev,Israel,,,,,,,,,,,,,,,,,,,,,,,,,,,THE,16196.0,12.0,2.0,52:48:00,40.3075,35.5,25.3,57.3,65.2,36.0,2026.0,Ranked
739.0,,Qingdao University,China,,,,,,,,,,,,,,,,,,,,,,,,,,,THE,42202.0,15.6,1.0,51:49:00,40.2955,18.4,20.2,83.3,56.8,23.3,2026.0,Ranked
740.0,,Paris Lodron Universität Salzburg,Austria,,,,,,,,,,,,,,,,,,,,,,,,,,,THE,6302.0,8.5,40.0,68:32:00,40.282,32.3,21.8,51.8,49.6,92.1,2026.0,Ranked
741.0,,University of Aveiro,Portugal,,,,,,,,,,,,,,,,,,,,,,,,,,,THE,14095.0,15.9,11.0,54:46:00,40.2815,31.6,31.5,53.8,55.3,46.3,2026.0,Ranked
742.0,,South China Normal University,China,,,,,,,,,,,,,,,,,,,,,,,,,,,THE,36468.0,19.9,4.0,,40.2795,24.5,24.9,67.1,75.4,35.8,2026.0,Ranked
743.0,,Capital Medical University,China,,,,,,,,,,,,,,,,,,,,,,,,,,,THE,16357.0,4.0,4.0,64:36:00,40.2615,36.9,21.2,64.0,57.2,23.2,2026.0,Ranked
744.0,,Yuan Ze University,Taiwan,,,,,,,,,,,,,,,,,,,,,,,,,,,THE,6717.0,20.4,11.0,43:57:00,40.2605,19.7,27.3,62.5,79.8,61.2,2026.0,Ranked
745.0,,Universidade Estadual Paulista (Unesp),Brazil,,,,,,,,,,,,,,,,,,,,,,,,,,,THE,37420.0,12.5,3.0,52:48:00,40.249,45.6,35.6,36.8,62.7,39.0,2026.0,Ranked
746.0,,University of Bari Aldo Moro,Italy,,,,,,,,,,,,,,,,,,,,,,,,,,,THE,29256.0,18.5,2.0,62:38:00,40.2435,20.0,25.8,71.4,64.6,38.1,2026.0,Ranked
747.0,,UWE Bristol (University of the West of England),United Kingdom,,,,,,,,,,,,,,,,,,,,,,,,,,,THE,30220.0,16.4,29.0,52:48:00,40.228,18.8,14.6,73.3,59.2,81.2,2026.0,Ranked
748.0,,Otto von Guericke University of Magdeburg,Germany,,,,,,,,,,,,,,,,,,,,,,,,,,,THE,12812.0,10.7,30.0,42:58:00,40.218,34.6,18.2,56.6,57.7,72.6,2026.0,Ranked
749.0,,Guangdong University of Technology,China,,,,,,,,,,,,,,,,,,,,,,,,,,,THE,51066.0,17.1,0.0,29 : 71,40.2165,18.8,20.0,78.6,86.7,24.3,2026.0,Ranked
750.0,,Government College University Faisalabad,Pakistan,,,,,,,,,,,,,,,,,,,,,,,,,,,THE,22898.0,26.6,0.0,55:45:00,40.1685,20.3,17.7,81.4,22.3,49.8,2026.0,Ranked
751.0,,De Montfort University,United Kingdom,,,,,,,,,,,,,,,,,,,,,,,,,,,THE,23655.0,20.6,47.0,48:52:00,40.111,17.7,16.4,70.5,50.4,92.9,2026.0,Ranked
752.0,,London Metropolitan University,United Kingdom,,,,,,,,,,,,,,,,,,,,,,,,,,,THE,12395.0,28.2,64.0,64:36:00,40.1085,16.6,14.4,76.6,30.2,91.3,2026.0,Ranked
753.0,,University of the Western Cape,South Africa,,,,,,,,,,,,,,,,,,,,,,,,,,,THE,24431.0,34.2,4.0,63:37:00,40.0635,22.9,24.8,68.3,24.4,62.0,2026.0,Ranked
754.0,,Xi’an Jiaotong-Liverpool University,China,,,,,,,,,,,,,,,,,,,,,,,,,,,THE,21448.0,18.3,3.0,52:48:00,40.0455,21.2,17.6,71.3,40.5,75.7,2026.0,Ranked
755.0,,Polytechnic University of Valencia,Spain,,,,,,,,,,,,,,,,,,,,,,,,,,,THE,30641.0,15.8,16.0,58:42:00,40.0085,32.3,26.2,50.4,86.8,57.2,2026.0,Ranked
756.0,,Texas Tech University,United States,,,,,,,,,,,,,,,,,,,,,,,,,,,THE,37631.0,20.8,8.0,50:50:00,39.9905,31.6,22.0,57.8,64.4,58.3,2026.0,Ranked
757.0,,American University,United States,,,,,,,,,,,,,,,,,,,,,,,,,,,THE,13316.0,12.0,11.0,64:36:00,39.9395,35.7,18.6,63.6,41.6,43.6,2026.0,Ranked
758.0,,Universiti Teknologi Brunei,Brunei Darussalam,,,,,,,,,,,,,,,,,,,,,,,,,,,THE,1977.0,7.7,4.0,61:39:00,39.908,29.9,14.0,68.5,33.5,68.5,2026.0,Ranked
759.0,,SUNY Binghamton University,United States,,,,,,,,,,,,,,,,,,,,,,,,,,,THE,18703.0,20.2,9.0,52:48:00,39.8965,33.2,26.9,54.7,64.6,44.1,2026.0,Ranked
760.0,,Teesside University,United Kingdom,,,,,,,,,,,,,,,,,,,,,,,,,,,THE,18820.0,21.0,42.0,56:44:00,39.8785,20.6,14.3,72.9,29.8,87.9,2026.0,Ranked
761.0,,Keio University,Japan,,,,,,,,,,,,,,,,,,,,,,,,,,,THE,34336.0,10.2,10.0,37 : 63,39.875,37.0,28.3,49.1,73.7,41.0,2026.0,Ranked
762.0,,Isfahan University of Medical Sciences,Iran,,,,,,,,,,,,,,,,,,,,,,,,,,,THE,10760.0,10.5,4.0,59:41:00,39.8685,46.6,22.5,49.7,65.6,27.5,2026.0,Ranked
763.0,,Eastern Mediterranean University,Northern Cyprus,,,,,,,,,,,,,,,,,,,,,,,,,,,THE,14696.0,23.3,72.0,48:52:00,39.8355,20.2,12.7,77.2,30.9,77.3,2026.0,Ranked
764.0,,Ton Duc Thang University,Vietnam,,,,,,,,,,,,,,,,,,,,,,,,,,,THE,27459.0,16.3,2.0,57:43:00,39.782,15.8,12.2,85.9,27.2,63.0,2026.0,Ranked
765.0,,Czech University of Life Sciences Prague (CZU),Czechia,,,,,,,,,,,,,,,,,,,,,,,,,,,THE,17470.0,17.4,29.0,48:52:00,39.729,25.1,17.5,64.9,47.3,78.5,2026.0,Ranked
766.0,,City University of Macau,Macao,,,,,,,,,,,,,,,,,,,,,,,,,,,THE,8701.0,16.6,64.0,53:47:00,39.7235,30.8,17.1,59.7,18.9,93.5,2026.0,Ranked
767.0,,University of Ha’il,Saudi Arabia,,,,,,,,,,,,,,,,,,,,,,,,,,,THE,20652.0,10.9,5.0,62:38:00,39.7005,22.1,12.2,75.5,26.7,79.0,2026.0,Ranked
768.0,,The University of Aizu,Japan,,,,,,,,,,,,,,,,,,,,,,,,,,,THE,1289.0,12.0,13.0,0.520138889,39.6875,27.2,14.3,63.6,58.1,81.5,2026.0,Ranked
769.0,,University of Parma,Italy,,,,,,,,,,,,,,,,,,,,,,,,,,,THE,31624.0,31.5,9.0,59:41:00,39.6585,20.9,23.9,70.1,64.8,39.2,2026.0,Ranked
770.0,,University of Warsaw,Poland,,,,,,,,,,,,,,,,,,,,,,,,,,,THE,34878.0,11.0,10.0,60:40:00,39.6505,38.1,32.6,46.7,39.3,45.0,2026.0,Ranked
771.0,,VIT University,India,,,,,,,,,,,,,,,,,,,,,,,,,,,THE,44159.0,16.0,3.0,29 : 71,39.6385,27.7,21.0,68.8,42.3,40.6,2026.0,Ranked
772.0,,Parthenope University of Naples,Italy,,,,,,,,,,,,,,,,,,,,,,,,,,,THE,14020.0,36.4,3.0,43:57:00,39.6345,18.9,22.8,78.0,34.8,35.4,2026.0,Ranked
773.0,,Sharda University,India,,,,,,,,,,,,,,,,,,,,,,,,,,,THE,15326.0,12.7,11.0,43:57:00,39.63,32.8,13.5,73.7,22.1,40.6,2026.0,Ranked
774.0,,Babol University of Medical Sciences,Iran,,,,,,,,,,,,,,,,,,,,,,,,,,,THE,4418.0,11.8,1.0,54:46:00,39.6225,40.7,12.6,71.1,22.3,23.2,2026.0,Ranked
775.0,,Charles Sturt University,Australia,,,,,,,,,,,,,,,,,,,,,,,,,,,THE,18763.0,21.8,11.0,69:31:00,39.622,18.8,20.2,72.3,52.2,59.2,2026.0,Ranked
776.0,,National Sun Yat-Sen University,Taiwan,,,,,,,,,,,,,,,,,,,,,,,,,,,THE,8876.0,12.3,9.0,43:57:00,39.614,31.5,35.1,43.6,89.0,46.7,2026.0,Ranked
777.0,,University of Santiago de Compostela,Spain,,,,,,,,,,,,,,,,,,,,,,,,,,,THE,24821.0,14.1,8.0,62:38:00,39.613,30.8,23.1,60.9,48.2,48.4,2026.0,Ranked
778.0,,National Institute of Technology Rourkela,India,,,,,,,,,,,,,,,,,,,,,,,,,,,THE,7763.0,19.0,4.0,0.806944444,39.607,34.3,20.5,63.8,66.4,23.3,2026.0,Ranked
779.0,,University of Texas at Arlington,United States,,,,,,,,,,,,,,,,,,,,,,,,,,,THE,38017.0,32.3,16.0,60:40:00,39.556,25.0,23.0,62.2,65.9,56.2,2026.0,Ranked
780.0,,University of Tabuk,Saudi Arabia,,,,,,,,,,,,,,,,,,,,,,,,,,,THE,20099.0,10.3,3.0,41:59:00,39.551,25.1,14.5,70.3,30.1,75.3,2026.0,Ranked
781.0,,Kansas State University,United States,,,,,,,,,,,,,,,,,,,,,,,,,,,THE,18454.0,14.0,5.0,54:46:00,39.5015,35.1,22.9,52.6,68.4,53.2,2026.0,Ranked
782.0,,Taif University,Saudi Arabia,,,,,,,,,,,,,,,,,,,,,,,,,,,THE,38212.0,16.7,3.0,58:42:00,39.4995,16.2,16.4,77.7,23.3,76.3,2026.0,Ranked
783.0,,"International Institute of Information Technology, Hyderabad",India,,,,,,,,,,,,,,,,,,,,,,,,,,,THE,1882.0,13.4,7.0,0.888888889,39.483,29.3,18.7,66.3,56.6,43.5,2026.0,Ranked
784.0,,Bahauddin Zakariya University,Pakistan,,,,,,,,,,,,,,,,,,,,,,,,,,,THE,19120.0,19.5,0.0,40 : 60,39.461,23.7,18.1,75.0,25.2,49.5,2026.0,Ranked
785.0,,Harbin Engineering University,China,,,,,,,,,,,,,,,,,,,,,,,,,,,THE,33564.0,17.1,2.0,24 : 76,39.4575,29.7,33.8,50.6,94.1,26.0,2026.0,Ranked
786.0,,University of Brighton,United Kingdom,,,,,,,,,,,,,,,,,,,,,,,,,,,THE,14840.0,16.8,23.0,61:39:00,39.436,19.9,19.3,63.4,64.9,84.7,2026.0,Ranked
787.0,,Jazan University,Saudi Arabia,,,,,,,,,,,,,,,,,,,,,,,,,,,THE,21894.0,11.6,3.0,68:32:00,39.42,22.5,12.4,75.4,21.1,76.3,2026.0,Ranked
788.0,,University of Rennes 1,France,,,,,,,,,,,,,,,,,,,,,,,,,,,THE,29025.0,19.3,12.0,55:45:00,39.4035,34.3,20.0,53.4,70.0,62.2,2026.0,Ranked
789.0,,University of Toledo,United States,,,,,,,,,,,,,,,,,,,,,,,,,,,THE,13661.0,15.8,10.0,54:46:00,39.382,36.9,18.5,54.6,63.6,56.1,2026.0,Ranked
790.0,,Yıldız Technical University,Turkey,,,,,,,,,,,,,,,,,,,,,,,,,,,THE,20391.0,23.4,13.0,47:53:00,39.357,33.1,31.6,48.5,72.9,39.5,2026.0,Ranked
791.0,,Rochester Institute of Technology,United States,,,,,,,,,,,,,,,,,,,,,,,,,,,THE,14881.0,16.1,13.0,37 : 63,39.3375,24.2,22.6,65.5,62.3,46.7,2026.0,Ranked
792.0,,University of Lahore,Pakistan,,,,,,,,,,,,,,,,,,,,,,,,,,,THE,21224.0,14.0,4.0,39 : 61,39.297,19.8,13.0,81.8,21.4,57.2,2026.0,Ranked
793.0,,University of Derby,United Kingdom,,,,,,,,,,,,,,,,,,,,,,,,,,,THE,15820.0,14.6,26.0,61:39:00,39.293,19.0,14.1,74.0,34.6,80.2,2026.0,Ranked
794.0,,Nanjing Tech University,China,,,,,,,,,,,,,,,,,,,,,,,,,,,THE,37609.0,12.7,4.0,,39.261,24.4,18.4,68.8,87.3,34.6,2026.0,Ranked
795.0,,American University in Cairo,Egypt,,,,,,,,,,,,,,,,,,,,,,,,,,,THE,6233.0,10.4,8.0,58:42:00,39.249,30.1,25.9,53.7,33.9,71.9,2026.0,Ranked
796.0,,Universidade Federal do Rio Grande do Sul,Brazil,,,,,,,,,,,,,,,,,,,,,,,,,,,THE,40018.0,14.4,1.0,52:48:00,39.2215,38.9,23.2,53.6,56.7,35.6,2026.0,Ranked
797.0,,Kafrelsheikh University,Egypt,,,,,,,,,,,,,,,,,,,,,,,,,,,THE,72697.0,27.6,3.0,56:44:00,39.167,28.7,9.6,76.9,21.6,53.1,2026.0,Ranked
798.0,,Alborz University of Medical Sciences,Iran,,,,,,,,,,,,,,,,,,,,,,,,,,,THE,3765.0,11.5,0.0,54:46:00,39.124,41.3,12.7,67.1,27.0,27.3,2026.0,Ranked
799.0,,Beirut Arab University,Lebanon,,,,,,,,,,,,,,,,,,,,,,,,,,,THE,4167.0,10.4,21.0,45:55:00,39.079,43.0,17.3,46.3,21.8,88.2,2026.0,Ranked
800.0,,"University of Veterinary and Animal Sciences, Lahore",Pakistan,,,,,,,,,,,,,,,,,,,,,,,,,,,THE,7679.0,21.2,1.0,53:47:00,39.053,21.2,15.5,75.6,41.6,52.8,2026.0,Ranked
801.0,,Qazvin University of Medical Sciences,Iran,,,,,,,,,,,,,,,,,,,,,,,,,,,THE,3196.0,9.8,3.0,55:45:00,39.0375,37.1,11.7,72.3,22.0,28.4,2026.0,Ranked
802.0,,University of Delhi,India,,,,,,,,,,,,,,,,,,,,,,,,,,,THE,24204.0,20.2,2.0,47:53:00,39.005,42.9,29.7,45.8,53.6,24.7,2026.0,Ranked
803.0,,Ohio University (Main campus),United States,,,,,,,,,,,,,,,,,,,,,,,,,,,THE,20461.0,21.8,4.0,59:41:00,38.992,33.1,18.9,61.6,59.1,38.7,2026.0,Ranked
804.0,,Isra University (Jordan),Jordan,,,,,,,,,,,,,,,,,,,,,,,,,,,THE,5275.0,21.5,24.0,52:48:00,38.974,12.9,16.5,80.5,16.9,74.1,2026.0,Ranked
805.0,,Chang Gung University,Taiwan,,,,,,,,,,,,,,,,,,,,,,,,,,,THE,7142.0,12.4,5.0,51:49:00,38.972,25.8,35.3,50.2,96.1,29.6,2026.0,Ranked
806.0,,Bharathiar University,India,,,,,,,,,,,,,,,,,,,,,,,,,,,THE,3927.0,19.2,0.0,55:45:00,38.9675,35.9,25.9,55.7,45.4,31.2,2026.0,Ranked
807.0,,Baylor University,United States,,,,,,,,,,,,,,,,,,,,,,,,,,,THE,21096.0,14.9,6.0,61:39:00,38.9465,43.0,19.4,53.6,43.2,37.7,2026.0,Ranked
808.0,,Qassim University,Saudi Arabia,,,,,,,,,,,,,,,,,,,,,,,,,,,THE,29826.0,9.5,11.0,45:55:00,38.9425,30.5,19.3,56.2,29.7,84.0,2026.0,Ranked
809.0,,Fuzhou University,China,,,,,,,,,,,,,,,,,,,,,,,,,,,THE,44604.0,17.4,1.0,39 : 61,38.9025,19.2,20.9,71.1,81.5,34.5,2026.0,Ranked
810.0,,"University of Engineering and Technology, Taxila",Pakistan,,,,,,,,,,,,,,,,,,,,,,,,,,,THE,5282.0,19.9,2.0,0.970833333,38.901,19.3,14.4,80.8,28.1,48.9,2026.0,Ranked
811.0,,Kurdistan University of Medical Sciences,Iran,,,,,,,,,,,,,,,,,,,,,,,,,,,THE,3652.0,7.0,7.0,46:54:00,38.885,43.0,10.4,65.8,23.1,33.6,2026.0,Ranked
812.0,,William & Mary,United States,,,,,,,,,,,,,,,,,,,,,,,,,,,THE,8786.0,11.8,6.0,58:42:00,38.8835,39.2,22.6,53.9,45.7,36.9,2026.0,Ranked
813.0,,Northeast Agricultural University,China,,,,,,,,,,,,,,,,,,,,,,,,,,,THE,32409.0,20.7,1.0,55:45:00,38.876,19.3,15.9,84.5,45.1,18.9,2026.0,Ranked
814.0,,Pontifical Catholic University of Rio de Janeiro (PUC-Rio),Brazil,,,,,,,,,,,,,,,,,,,,,,,,,,,THE,11715.0,18.4,2.0,50:50:00,38.8495,37.1,34.2,38.9,72.8,45.4,2026.0,Ranked
815.0,,Jönköping University,Sweden,,,,,,,,,,,,,,,,,,,,,,,,,,,THE,6586.0,13.8,12.0,61:39:00,38.8385,21.0,22.4,65.5,37.0,66.9,2026.0,Ranked
816.0,,Future University in Egypt,Egypt,,,,,,,,,,,,,,,,,,,,,,,,,,,THE,7962.0,9.5,11.0,45:55:00,38.753,22.2,10.6,78.6,18.0,64.4,2026.0,Ranked
817.0,,Birjand University of Medical Sciences,Iran,,,,,,,,,,,,,,,,,,,,,,,,,,,THE,4171.0,12.0,5.0,57:43:00,38.692,36.2,12.5,70.0,20.2,34.4,2026.0,Ranked
818.0,,"Birla Institute of Technology and Science, Pilani",India,,,,,,,,,,,,,,,,,,,,,,,,,,,THE,16157.0,15.3,3.0,0.888888889,38.69,29.0,20.9,66.9,46.1,28.8,2026.0,Ranked
819.0,,Oxford Brookes University,United Kingdom,,,,,,,,,,,,,,,,,,,,,,,,,,,THE,13930.0,13.6,30.0,56:44:00,38.636,26.9,23.1,53.9,30.6,88.1,2026.0,Ranked
820.0,,Shahroud University of Medical Sciences,Iran,,,,,,,,,,,,,,,,,,,,,,,,,,,THE,1709.0,11.4,0.0,34 : 66,38.5915,35.2,13.6,72.1,21.4,23.7,2026.0,Ranked
821.0,,Jawaharlal Nehru University,India,,,,,,,,,,,,,,,,,,,,,,,,,,,THE,7759.0,11.2,1.0,42:58:00,38.5835,46.0,24.4,48.5,39.5,24.1,2026.0,Ranked
822.0,,Leeds Beckett University,United Kingdom,,,,,,,,,,,,,,,,,,,,,,,,,,,THE,19825.0,17.0,23.0,54:46:00,38.5725,19.2,15.9,69.2,48.0,74.9,2026.0,Ranked
823.0,,National Technical University of Athens,Greece,,,,,,,,,,,,,,,,,,,,,,,,,,,THE,13139.0,19.5,5.0,35 : 65,38.5325,33.3,24.4,55.1,61.2,35.4,2026.0,Ranked
824.0,,Jordan University of Science and Technology,Jordan,,,,,,,,,,,,,,,,,,,,,,,,,,,THE,17708.0,12.0,28.0,48:52:00,38.5285,22.9,16.0,64.8,47.2,77.4,2026.0,Ranked
825.0,,RUDN University,Russia,,,,,,,,,,,,,,,,,,,,,,,,,,,THE,27303.0,17.8,34.0,59:41:00,38.509,39.9,27.8,40.2,36.6,68.7,2026.0,Ranked
826.0,,Kerman University of Medical Sciences,Iran,,,,,,,,,,,,,,,,,,,,,,,,,,,THE,5552.0,9.5,3.0,,38.4925,40.6,15.4,63.7,23.8,26.5,2026.0,Ranked
827.0,,University of Jaén,Spain,,,,,,,,,,,,,,,,,,,,,,,,,,,THE,13280.0,13.9,10.0,58:42:00,38.4865,23.9,20.7,67.0,39.2,50.2,2026.0,Ranked
828.0,,Robert Gordon University,United Kingdom,,,,,,,,,,,,,,,,,,,,,,,,,,,THE,11720.0,22.1,33.0,64:36:00,38.43,17.3,13.9,69.9,39.2,90.1,2026.0,Ranked
829.0,,Rafsanjan University of Medical Sciences,Iran,,,,,,,,,,,,,,,,,,,,,,,,,,,THE,2169.0,10.3,0.0,59:41:00,38.337,41.7,12.2,66.4,20.0,23.7,2026.0,Ranked
830.0,,Panthéon-Sorbonne University – Paris 1,France,,,,,,,,,,,,,,,,,,,,,,,,,,,THE,36234.0,29.2,21.0,64:36:00,38.3325,36.9,34.0,38.0,35.8,63.4,2026.0,Ranked
831.0,,Abdul Wali Khan University Mardan,Pakistan,,,,,,,,,,,,,,,,,,,,,,,,,,,THE,13165.0,22.2,0.0,27 : 73,38.3315,19.0,12.5,81.2,24.6,50.1,2026.0,Ranked
832.0,,National Autonomous University of Mexico,Mexico,,,,,,,,,,,,,,,,,,,,,,,,,,,THE,175031.0,16.3,5.0,52:48:00,38.3165,34.2,33.8,37.5,66.7,60.1,2026.0,Ranked
833.0,,Cankaya University,Turkey,,,,,,,,,,,,,,,,,,,,,,,,,,,THE,5609.0,21.3,1.0,44:56:00,38.2315,15.9,15.9,80.9,20.5,51.2,2026.0,Ranked
834.0,,Urmia University,Iran,,,,,,,,,,,,,,,,,,,,,,,,,,,THE,13411.0,27.3,13.0,49:51:00,38.225,31.4,23.6,56.6,34.7,50.0,2026.0,Ranked
835.0,,University of Tunis El Manar,Tunisia,,,,,,,,,,,,,,,,,,,,,,,,,,,THE,16341.0,8.1,10.0,75:25:00,38.1955,45.7,27.2,32.9,70.4,55.2,2026.0,Ranked
836.0,,Southwest Jiaotong University,China,,,,,,,,,,,,,,,,,,,,,,,,,,,THE,49014.0,15.4,1.0,33 : 67,38.1925,26.2,25.4,60.2,83.0,22.9,2026.0,Ranked
837.0,,Northeast Normal University,China,,,,,,,,,,,,,,,,,,,,,,,,,,,THE,31316.0,19.3,3.0,69:31:00,38.179,30.9,17.4,65.1,50.5,32.9,2026.0,Ranked
838.0,,Southern Illinois University Carbondale,United States,,,,,,,,,,,,,,,,,,,,,,,,,,,THE,9238.0,13.7,7.0,53:47:00,38.17,38.3,26.3,43.7,74.8,41.9,2026.0,Ranked
839.0,,Nanjing Normal University,China,,,,,,,,,,,,,,,,,,,,,,,,,,,THE,36007.0,13.7,2.0,66:34:00,38.1675,25.3,17.1,69.8,66.5,28.6,2026.0,Ranked
840.0,,Nanjing Medical University,China,,,,,,,,,,,,,,,,,,,,,,,,,,,THE,23163.0,7.2,3.0,,38.1605,37.1,16.4,62.2,51.5,23.2,2026.0,Ranked
841.0,,University of Seville,Spain,,,,,,,,,,,,,,,,,,,,,,,,,,,THE,60471.0,19.0,12.0,57:43:00,38.1475,24.9,27.9,55.8,60.4,47.4,2026.0,Ranked
842.0,,University of Namur,Belgium,,,,,,,,,,,,,,,,,,,,,,,,,,,THE,6480.0,20.0,17.0,58:42:00,38.14,26.8,26.7,49.0,62.4,70.6,2026.0,Ranked
843.0,,Istanbul Medipol University,Turkey,,,,,,,,,,,,,,,,,,,,,,,,,,,THE,20473.0,34.4,43.0,65:35:00,38.1375,33.0,29.4,42.6,54.6,65.5,2026.0,Ranked
844.0,,King Saud bin Abdulaziz University for Health Sciences,Saudi Arabia,,,,,,,,,,,,,,,,,,,,,,,,,,,THE,8509.0,10.9,0.0,53:47:00,38.136,44.6,19.6,44.5,45.5,55.0,2026.0,Ranked
845.0,,University of Management and Technology,Pakistan,,,,,,,,,,,,,,,,,,,,,,,,,,,THE,22028.0,17.2,2.0,49:51:00,38.079,16.5,11.0,83.5,26.6,52.1,2026.0,Ranked
846.0,,Cairo University,Egypt,,,,,,,,,,,,,,,,,,,,,,,,,,,THE,173478.0,24.6,7.0,60:40:00,38.036,29.4,20.0,60.7,42.7,48.6,2026.0,Ranked
847.0,,Guru Gobind Singh Indraprastha University,India,,,,,,,,,,,,,,,,,,,,,,,,,,,THE,6027.0,14.2,4.0,29 : 71,38.028,30.8,12.4,74.2,26.9,26.8,2026.0,Ranked
848.0,,University of Indonesia,Indonesia,,,,,,,,,,,,,,,,,,,,,,,,,,,THE,42674.0,8.3,17.0,73:27:00,38.0235,45.0,22.0,37.2,60.4,63.9,2026.0,Ranked
849.0,,National Institute of Applied Sciences of Lyon (INSA Lyon),France,,,,,,,,,,,,,,,,,,,,,,,,,,,THE,6160.0,12.6,26.0,38 : 62,38.0195,38.7,22.9,36.7,93.3,69.6,2026.0,Ranked
850.0,,Guilan University of Medical Sciences,Iran,,,,,,,,,,,,,,,,,,,,,,,,,,,THE,5752.0,10.8,1.0,57:43:00,38.0085,40.0,11.6,66.3,25.3,25.9,2026.0,Ranked
851.0,,University of Salford,United Kingdom,,,,,,,,,,,,,,,,,,,,,,,,,,,THE,22475.0,20.9,30.0,56:44:00,38.007,19.0,14.8,64.9,57.0,84.8,2026.0,Ranked
852.0,,Empress Catherine II Saint Petersburg Mining University,Russia,,,,,,,,,,,,,,,,,,,,,,,,,,,THE,10462.0,16.1,17.0,43:57:00,37.9965,28.7,17.9,62.8,51.6,45.8,2026.0,Ranked
853.0,,University of Malakand,Pakistan,,,,,,,,,,,,,,,,,,,,,,,,,,,THE,8902.0,27.1,1.0,28 : 72,37.9795,25.6,12.9,70.6,42.6,50.7,2026.0,Ranked
854.0,,European University Cyprus,Cyprus,,,,,,,,,,,,,,,,,,,,,,,,,,,THE,5474.0,15.2,58.0,62:38:00,37.9585,20.4,15.3,65.8,19.9,92.9,2026.0,Ranked
855.0,,National University of Science and Technology (MISiS),Russia,,,,,,,,,,,,,,,,,,,,,,,,,,,THE,7305.0,12.6,19.0,42:58:00,37.9115,40.2,29.8,34.5,74.7,54.3,2026.0,Ranked
856.0,,University of Rhode Island,United States,,,,,,,,,,,,,,,,,,,,,,,,,,,THE,15859.0,17.4,3.0,58:42:00,37.9,29.6,23.0,55.0,53.2,51.6,2026.0,Ranked
857.0,,Najran University,Saudi Arabia,,,,,,,,,,,,,,,,,,,,,,,,,,,THE,16538.0,13.3,6.0,57:43:00,37.865,16.7,11.9,76.1,18.5,78.9,2026.0,Ranked
858.0,,University of Ljubljana,Slovenia,,,,,,,,,,,,,,,,,,,,,,,,,,,THE,37509.0,12.8,9.0,60:40:00,37.862,27.8,23.8,56.0,69.1,42.6,2026.0,Ranked
859.0,,Reykjavík University,Iceland,,,,,,,,,,,,,,,,,,,,,,,,,,,THE,2851.0,21.5,6.0,45:55:00,37.835,18.8,25.9,62.5,33.7,62.4,2026.0,Ranked
860.0,,University of Córdoba,Spain,,,,,,,,,,,,,,,,,,,,,,,,,,,THE,17571.0,11.8,11.0,59:41:00,37.833,27.4,20.7,60.4,45.8,50.6,2026.0,Ranked
861.0,,International University of Rabat,Morocco,,,,,,,,,,,,,,,,,,,,,,,,,,,THE,8278.0,23.1,5.0,55:45:00,37.8305,18.4,12.0,73.2,31.0,76.3,2026.0,Ranked
862.0,,Jeonbuk National University,South Korea,,,,,,,,,,,,,,,,,,,,,,,,,,,THE,18726.0,20.3,10.0,46:54:00,37.83,33.3,29.2,46.7,69.4,36.7,2026.0,Ranked
863.0,,Norwegian University of Life Sciences,Norway,,,,,,,,,,,,,,,,,,,,,,,,,,,THE,8193.0,8.4,7.0,57:43:00,37.8205,32.0,15.4,58.4,40.8,63.5,2026.0,Ranked
864.0,,Mashhad University of Medical Sciences,Iran,,,,,,,,,,,,,,,,,,,,,,,,,,,THE,9296.0,9.1,5.0,55:45:00,37.8035,33.3,15.4,65.4,38.1,31.6,2026.0,Ranked
865.0,,Chonnam National University,South Korea,,,,,,,,,,,,,,,,,,,,,,,,,,,THE,16714.0,12.6,8.0,51:49:00,37.7795,34.5,29.6,47.0,60.7,33.2,2026.0,Ranked
866.0,,Kaohsiung Medical University,Taiwan,,,,,,,,,,,,,,,,,,,,,,,,,,,THE,6621.0,12.6,5.0,59:41:00,37.779,26.6,34.3,46.9,89.0,31.4,2026.0,Ranked
867.0,,The Islamia University of Bahawalpur,Pakistan,,,,,,,,,,,,,,,,,,,,,,,,,,,THE,53834.0,40.7,0.0,47:53:00,37.747,17.6,13.3,80.3,22.2,49.6,2026.0,Ranked
868.0,,Vilnius University,Lithuania,,,,,,,,,,,,,,,,,,,,,,,,,,,THE,19929.0,11.7,12.0,65:35:00,37.738,26.8,26.5,53.6,58.3,49.8,2026.0,Ranked
869.0,,KL University,India,,,,,,,,,,,,,,,,,,,,,,,,,,,THE,18766.0,14.7,2.0,38 : 62,37.7275,25.6,16.3,75.8,19.9,25.5,2026.0,Ranked
870.0,,National Institute of Technology Silchar,India,,,,,,,,,,,,,,,,,,,,,,,,,,,THE,4599.0,11.7,3.0,0.929861111,37.7135,37.5,18.9,61.7,24.5,22.4,2026.0,Ranked
871.0,,The University of Alabama,United States,,,,,,,,,,,,,,,,,,,,,,,,,,,THE,35682.0,20.6,3.0,57:43:00,37.7005,28.6,22.4,59.4,50.0,39.3,2026.0,Ranked
872.0,,Wenzhou University,China,,,,,,,,,,,,,,,,,,,,,,,,,,,THE,25175.0,19.6,2.0,51:49:00,37.698,15.3,16.6,79.3,54.7,31.9,2026.0,Ranked
873.0,,SR University,India,,,,,,,,,,,,,,,,,,,,,,,,,,,THE,6010.0,15.9,1.0,50:50:00,37.685,15.7,13.9,85.4,20.0,34.7,2026.0,Ranked
874.0,,The Catholic University of America,United States,,,,,,,,,,,,,,,,,,,,,,,,,,,THE,3614.0,10.8,6.0,54:46:00,37.6745,44.5,20.4,40.5,70.9,48.6,2026.0,Ranked
875.0,,University of Westminster,United Kingdom,,,,,,,,,,,,,,,,,,,,,,,,,,,THE,19530.0,20.0,51.0,59:41:00,37.673,19.0,16.5,63.1,48.7,85.4,2026.0,Ranked
876.0,,University of Debrecen,Hungary,,,,,,,,,,,,,,,,,,,,,,,,,,,THE,20923.0,12.2,25.0,56:44:00,37.6635,41.7,18.2,45.7,50.6,58.0,2026.0,Ranked
877.0,,Hacettepe University,Turkey,,,,,,,,,,,,,,,,,,,,,,,,,,,THE,35176.0,14.7,3.0,61:39:00,37.633,34.8,28.6,49.0,58.7,27.0,2026.0,Ranked
878.0,,Waseda University,Japan,,,,,,,,,,,,,,,,,,,,,,,,,,,THE,44876.0,14.2,12.0,39 : 61,37.5985,34.0,26.9,43.5,68.0,53.3,2026.0,Ranked
879.0,,University of Vigo,Spain,,,,,,,,,,,,,,,,,,,,,,,,,,,THE,17290.0,14.6,7.0,51:49:00,37.585,25.2,19.8,60.9,60.1,49.8,2026.0,Ranked
880.0,,Inha University,South Korea,,,,,,,,,,,,,,,,,,,,,,,,,,,THE,14163.0,17.0,8.0,43:57:00,37.5615,31.6,28.2,46.2,83.6,38.1,2026.0,Ranked
881.0,,Clark University,United States,,,,,,,,,,,,,,,,,,,,,,,,,,,THE,3623.0,12.5,29.0,55:45:00,37.559,27.2,19.3,57.2,44.2,66.8,2026.0,Ranked
882.0,,Daffodil International University (DIU),Bangladesh,,,,,,,,,,,,,,,,,,,,,,,,,,,THE,17085.0,22.0,5.0,37 : 63,37.5585,12.1,13.0,81.7,20.1,65.4,2026.0,Ranked
883.0,,University of Salento,Italy,,,,,,,,,,,,,,,,,,,,,,,,,,,THE,14502.0,23.5,3.0,62:38:00,37.552,27.2,21.4,61.4,55.8,35.6,2026.0,Ranked
884.0,,JSS Academy of Higher Education and Research,India,,,,,,,,,,,,,,,,,,,,,,,,,,,THE,8201.0,9.2,9.0,53:47:00,37.551,41.0,11.6,56.4,28.8,53.6,2026.0,Ranked
885.0,,Montanuniversität Leoben,Austria,,,,,,,,,,,,,,,,,,,,,,,,,,,THE,1970.0,6.3,20.0,26 : 74,37.5275,40.7,21.3,34.6,78.6,77.6,2026.0,Ranked
886.0,,Shiraz University,Iran,,,,,,,,,,,,,,,,,,,,,,,,,,,THE,14298.0,19.7,3.0,55:45:00,37.507,27.4,26.0,56.3,62.6,33.2,2026.0,Ranked
887.0,,Arts et Métiers,France,,,,,,,,,,,,,,,,,,,,,,,,,,,THE,6012.0,16.6,14.0,0.847916667,37.477,35.1,23.0,40.6,82.5,66.3,2026.0,Ranked
888.0,,University of Wyoming,United States,,,,,,,,,,,,,,,,,,,,,,,,,,,THE,9462.0,13.3,5.0,53:47:00,37.469,36.4,15.3,57.2,54.1,39.6,2026.0,Ranked
889.0,,Catholic University of Portugal,Portugal,,,,,,,,,,,,,,,,,,,,,,,,,,,THE,12826.0,22.9,24.0,67:33:00,37.343,20.3,24.9,61.9,30.9,57.7,2026.0,Ranked
890.0,,University of Medicine and Pharmacy Carol Davila,Romania,,,,,,,,,,,,,,,,,,,,,,,,,,,THE,12809.0,9.2,17.0,68:32:00,37.3275,26.1,12.5,73.4,30.2,37.0,2026.0,Ranked
891.0,,University of Hagen,Germany,,,,,,,,,,,,,,,,,,,,,,,,,,,THE,22592.0,226.1,11.0,56:44:00,37.32,30.1,36.3,42.4,46.4,44.5,2026.0,Ranked
892.0,,Mansoura University,Egypt,,,,,,,,,,,,,,,,,,,,,,,,,,,THE,165971.0,19.0,14.0,55:45:00,37.306,20.2,11.9,69.4,32.9,76.8,2026.0,Ranked
893.0,,Zhejiang Gongshang University,China,,,,,,,,,,,,,,,,,,,,,,,,,,,THE,19572.0,13.2,4.0,58:42:00,37.3055,20.9,15.4,74.3,45.1,34.4,2026.0,Ranked
894.0,,Gorgan University of Agricultural Sciences and Natural Resources,Iran,,,,,,,,,,,,,,,,,,,,,,,,,,,THE,3866.0,20.5,1.0,54:46:00,37.281,31.4,11.8,68.3,31.4,38.0,2026.0,Ranked
895.0,,The University of Notre Dame Australia,Australia,,,,,,,,,,,,,,,,,,,,,,,,,,,THE,7652.0,14.9,5.0,72:28:00,37.2725,32.4,18.0,56.5,27.8,59.1,2026.0,Ranked
896.0,,Federal University of Minas Gerais,Brazil,,,,,,,,,,,,,,,,,,,,,,,,,,,THE,43267.0,14.9,2.0,56:44:00,37.2165,41.6,25.3,42.4,53.0,36.9,2026.0,Ranked
897.0,,Shri Mata Vaishno Devi University,India,,,,,,,,,,,,,,,,,,,,,,,,,,,THE,2983.0,20.7,0.0,38 : 62,37.2055,29.4,18.5,67.7,22.5,26.1,2026.0,Ranked
898.0,,North-West University,South Africa,,,,,,,,,,,,,,,,,,,,,,,,,,,THE,41784.0,24.1,2.0,63:37:00,37.2045,22.3,18.8,63.8,45.1,56.4,2026.0,Ranked
899.0,,Government College University Lahore,Pakistan,,,,,,,,,,,,,,,,,,,,,,,,,,,THE,12656.0,32.9,0.0,53:47:00,37.2025,17.5,19.3,72.8,23.2,49.0,2026.0,Ranked
900.0,,Universitat Ramon Llull,Spain,,,,,,,,,,,,,,,,,,,,,,,,,,,THE,16683.0,22.0,24.0,53:47:00,37.1875,20.8,17.6,63.2,36.5,73.7,2026.0,Ranked
901.0,,Iqra University,Pakistan,,,,,,,,,,,,,,,,,,,,,,,,,,,THE,10121.0,13.1,1.0,26 : 74,37.181,17.8,9.5,80.9,24.0,52.6,2026.0,Ranked
902.0,,"International Islamic University, Islamabad",Pakistan,,,,,,,,,,,,,,,,,,,,,,,,,,,THE,24592.0,21.9,5.0,58:42:00,37.178,19.0,11.3,77.1,20.4,58.0,2026.0,Ranked
903.0,,University of the Punjab,Pakistan,,,,,,,,,,,,,,,,,,,,,,,,,,,THE,28679.0,21.6,1.0,62:38:00,37.161,28.4,15.2,64.4,31.5,50.6,2026.0,Ranked
904.0,,Ain Shams University,Egypt,,,,,,,,,,,,,,,,,,,,,,,,,,,THE,171505.0,14.3,7.0,52:48:00,37.1545,28.6,27.5,50.4,41.0,53.1,2026.0,Ranked
905.0,,Azerbaijan State University of Economics,Azerbaijan,,,,,,,,,,,,,,,,,,,,,,,,,,,THE,13473.0,9.2,7.0,44:56:00,37.151,23.4,9.3,74.5,19.4,59.0,2026.0,Ranked
906.0,,Sogang University,South Korea,,,,,,,,,,,,,,,,,,,,,,,,,,,THE,10317.0,25.0,18.0,46:54:00,37.1445,30.9,31.4,42.6,73.7,42.6,2026.0,Ranked
907.0,,Capital University of Science and Technology,Pakistan,,,,,,,,,,,,,,,,,,,,,,,,,,,THE,6840.0,28.9,0.0,40 : 60,37.125,18.2,20.1,71.0,23.8,49.0,2026.0,Ranked
908.0,,Chengdu University,China,,,,,,,,,,,,,,,,,,,,,,,,,,,THE,27472.0,16.2,2.0,54:46:00,37.1245,17.4,15.7,77.9,47.9,28.7,2026.0,Ranked
909.0,,Siksha ‘O’ Anusandhan,India,,,,,,,,,,,,,,,,,,,,,,,,,,,THE,11466.0,9.4,3.0,58:42:00,37.043,47.1,20.4,44.9,50.0,23.5,2026.0,Ranked
910.0,,Zanjan University of Medical Sciences,Iran,,,,,,,,,,,,,,,,,,,,,,,,,,,THE,5887.0,11.1,3.0,55:45:00,37.025,36.0,12.5,64.8,31.0,28.0,2026.0,Ranked
911.0,,Northern Border University,Saudi Arabia,,,,,,,,,,,,,,,,,,,,,,,,,,,THE,7128.0,8.6,2.0,63:37:00,36.997,26.5,15.8,59.7,26.0,75.3,2026.0,Ranked
912.0,,Carlos III University of Madrid,Spain,,,,,,,,,,,,,,,,,,,,,,,,,,,THE,18403.0,10.9,18.0,48:52:00,36.983,32.6,21.7,45.7,66.7,62.6,2026.0,Ranked
913.0,,Glasgow Caledonian University,United Kingdom,,,,,,,,,,,,,,,,,,,,,,,,,,,THE,17335.0,25.9,30.0,57:43:00,36.9795,17.8,15.2,63.7,48.7,83.5,2026.0,Ranked
914.0,,An-Najah National University,Palestine,,,,,,,,,,,,,,,,,,,,,,,,,,,THE,25887.0,27.0,12.0,63:37:00,36.959,24.7,13.0,66.9,26.0,63.9,2026.0,Ranked
915.0,,Open University of Catalonia,Spain,,,,,,,,,,,,,,,,,,,,,,,,,,,THE,34578.0,96.6,6.0,57:43:00,36.9545,18.5,20.5,68.3,32.8,50.0,2026.0,Ranked
916.0,,University of Salamanca,Spain,,,,,,,,,,,,,,,,,,,,,,,,,,,THE,25749.0,14.6,16.0,61:39:00,36.9535,32.0,24.8,47.9,46.6,54.5,2026.0,Ranked
917.0,,Ozyegin University,Turkey,,,,,,,,,,,,,,,,,,,,,,,,,,,THE,6166.0,24.1,12.0,47:53:00,36.921,20.6,30.7,47.8,80.9,58.2,2026.0,Ranked
918.0,,Abdullah Gül University,Turkey,,,,,,,,,,,,,,,,,,,,,,,,,,,THE,2977.0,32.4,8.0,50:50:00,36.918,22.2,27.2,54.9,56.9,49.8,2026.0,Ranked
919.0,,Universidade Federal de São Paulo (UNIFESP),Brazil,,,,,,,,,,,,,,,,,,,,,,,,,,,THE,20218.0,11.8,1.0,60:40:00,36.9075,36.0,25.3,46.2,59.2,36.3,2026.0,Ranked
920.0,,Hanoi Medical University,Vietnam,,,,,,,,,,,,,,,,,,,,,,,,,,,THE,13081.0,10.8,0.0,62:38:00,36.9055,32.0,11.9,62.2,44.8,47.5,2026.0,Ranked
921.0,,Bucharest University of Economic Studies,Romania,,,,,,,,,,,,,,,,,,,,,,,,,,,THE,21819.0,15.8,4.0,60:40:00,36.874,19.2,11.9,81.5,23.1,31.8,2026.0,Ranked
922.0,,University of Nova Gorica,Slovenia,,,,,,,,,,,,,,,,,,,,,,,,,,,THE,448.0,3.0,61.0,48:52:00,36.867,29.9,19.0,49.5,29.6,86.7,2026.0,Ranked
923.0,,Makerere University,Uganda,,,,,,,,,,,,,,,,,,,,,,,,,,,THE,25506.0,19.3,4.0,43:57:00,36.856,21.5,26.6,54.2,32.8,69.7,2026.0,Ranked
924.0,,Ferdowsi University of Mashhad,Iran,,,,,,,,,,,,,,,,,,,,,,,,,,,THE,20937.0,26.9,6.0,54:46:00,36.843,30.4,28.0,50.7,49.5,34.2,2026.0,Ranked
925.0,,Ahvaz Jundishapur University of Medical Sciences (AJUMS),Iran,,,,,,,,,,,,,,,,,,,,,,,,,,,THE,9059.0,11.2,4.0,56:44:00,36.8165,39.8,14.5,56.0,56.2,24.3,2026.0,Ranked
926.0,,University of Malta,Malta,,,,,,,,,,,,,,,,,,,,,,,,,,,THE,9650.0,11.8,18.0,61:39:00,36.7905,24.9,18.2,61.6,36.8,56.2,2026.0,Ranked
927.0,,University of Vic – Central University of Catalonia,Spain,,,,,,,,,,,,,,,,,,,,,,,,,,,THE,7881.0,12.7,17.0,61:39:00,36.771,21.4,14.1,70.8,23.6,55.8,2026.0,Ranked
928.0,,Al-Zaytoonah University of Jordan,Jordan,,,,,,,,,,,,,,,,,,,,,,,,,,,THE,10003.0,27.8,24.0,54:46:00,36.753,12.5,16.3,75.5,22.4,63.9,2026.0,Ranked
929.0,,Nanjing University of Information Science and Technology,China,,,,,,,,,,,,,,,,,,,,,,,,,,,THE,36971.0,15.5,3.0,,36.7455,19.8,20.5,65.8,59.8,37.7,2026.0,Ranked
930.0,,University of Regina,Canada,,,,,,,,,,,,,,,,,,,,,,,,,,,THE,14331.0,22.9,34.0,60:40:00,36.7385,18.4,20.9,61.9,43.8,65.7,2026.0,Ranked
931.0,,University of Dhaka,Bangladesh,,,,,,,,,,,,,,,,,,,,,,,,,,,THE,35843.0,18.6,0.0,44:56:00,36.7315,17.7,13.3,76.5,33.2,45.0,2026.0,Ranked
932.0,,Guangzhou Medical University,China,,,,,,,,,,,,,,,,,,,,,,,,,,,THE,16107.0,2.2,2.0,58:42:00,36.718,25.6,11.4,74.5,42.0,24.4,2026.0,Ranked
933.0,,Shahrekord University of Medical Sciences,Iran,,,,,,,,,,,,,,,,,,,,,,,,,,,THE,3423.0,11.4,2.0,58:42:00,36.697,33.8,11.2,69.2,20.7,25.2,2026.0,Ranked
934.0,,University of Petra,Jordan,,,,,,,,,,,,,,,,,,,,,,,,,,,THE,5154.0,17.3,18.0,54:46:00,36.665,15.2,12.4,76.1,17.5,67.4,2026.0,Ranked
935.0,,Gazipur Agricultural University,Bangladesh,,,,,,,,,,,,,,,,,,,,,,,,,,,THE,2027.0,8.9,2.0,54:46:00,36.6415,23.0,9.3,75.3,17.3,51.7,2026.0,Ranked
936.0,,Aristotle University of Thessaloniki,Greece,,,,,,,,,,,,,,,,,,,,,,,,,,,THE,47845.0,18.9,5.0,58:42:00,36.6215,22.7,19.4,63.4,62.6,37.0,2026.0,Ranked
937.0,,Ilam University of Medical Sciences,Iran,,,,,,,,,,,,,,,,,,,,,,,,,,,THE,3024.0,12.9,8.0,54:46:00,36.6175,34.2,12.1,66.7,20.3,29.3,2026.0,Ranked
938.0,,Zahedan University of Medical Sciences,Iran,,,,,,,,,,,,,,,,,,,,,,,,,,,THE,4274.0,10.6,1.0,55:45:00,36.5635,35.0,11.5,67.5,20.4,24.5,2026.0,Ranked
939.0,,North South University,Bangladesh,,,,,,,,,,,,,,,,,,,,,,,,,,,THE,16380.0,19.1,0.0,44:56:00,36.5615,14.8,11.3,80.3,29.4,48.7,2026.0,Ranked
940.0,,Halmstad University,Sweden,,,,,,,,,,,,,,,,,,,,,,,,,,,THE,4642.0,11.9,6.0,62:38:00,36.561,20.4,16.7,64.8,29.0,68.0,2026.0,Ranked
941.0,,Jahangirnagar University,Bangladesh,,,,,,,,,,,,,,,,,,,,,,,,,,,THE,11895.0,16.9,0.0,50:50:00,36.5275,19.7,10.0,77.6,20.4,49.6,2026.0,Ranked
942.0,,University of Ibadan,Nigeria,,,,,,,,,,,,,,,,,,,,,,,,,,,THE,36851.0,17.6,0.0,50:50:00,36.475,29.6,15.6,63.5,22.1,43.8,2026.0,Ranked
943.0,,Eötvös Loránd University,Hungary,,,,,,,,,,,,,,,,,,,,,,,,,,,THE,32848.0,17.7,12.0,61:39:00,36.4545,29.6,19.8,55.4,39.7,50.3,2026.0,Ranked
944.0,,Medical University of Lodz,Poland,,,,,,,,,,,,,,,,,,,,,,,,,,,THE,9642.0,7.5,9.0,69:31:00,36.436,31.3,11.6,65.5,46.4,31.1,2026.0,Ranked
945.0,,Shahid Beheshti University,Iran,,,,,,,,,,,,,,,,,,,,,,,,,,,THE,23882.0,19.0,2.0,60:40:00,36.425,32.5,23.1,49.9,70.9,31.1,2026.0,Ranked
946.0,,University of Roehampton,United Kingdom,,,,,,,,,,,,,,,,,,,,,,,,,,,THE,11170.0,30.2,61.0,57:43:00,36.4065,18.9,22.8,55.0,27.6,88.2,2026.0,Ranked
947.0,,Ontario Tech University,Canada,,,,,,,,,,,,,,,,,,,,,,,,,,,THE,9555.0,30.0,12.0,43:57:00,36.406,17.6,25.3,56.4,60.3,60.6,2026.0,Ranked
948.0,,Florida Atlantic University,United States,,,,,,,,,,,,,,,,,,,,,,,,,,,THE,23754.0,19.5,10.0,66:34:00,36.384,21.9,24.6,53.7,66.3,53.7,2026.0,Ranked
949.0,,Khwaja Fareed University of Engineering and Information Technology,Pakistan,,,,,,,,,,,,,,,,,,,,,,,,,,,THE,11504.0,24.1,0.0,45:55:00,36.3725,11.8,12.8,79.6,36.3,51.3,2026.0,Ranked
950.0,,Old Dominion University,United States,,,,,,,,,,,,,,,,,,,,,,,,,,,THE,17790.0,16.3,3.0,56:44:00,36.347,27.5,20.7,57.4,57.6,36.1,2026.0,Ranked
951.0,,University of Lleida,Spain,,,,,,,,,,,,,,,,,,,,,,,,,,,THE,9739.0,17.0,9.0,59:41:00,36.3145,23.2,20.3,59.6,61.4,43.3,2026.0,Ranked
952.0,,Birmingham City University,United Kingdom,,,,,,,,,,,,,,,,,,,,,,,,,,,THE,27055.0,18.5,31.0,62:38:00,36.297,17.9,13.4,65.5,25.2,86.3,2026.0,Ranked
953.0,,Atatürk University,Turkey,,,,,,,,,,,,,,,,,,,,,,,,,,,THE,33912.0,24.7,10.0,50:50:00,36.275,29.5,28.0,51.8,29.0,36.7,2026.0,Ranked
954.0,,K.N. Toosi University of Technology,Iran,,,,,,,,,,,,,,,,,,,,,,,,,,,THE,7629.0,20.2,2.0,33 : 67,36.2645,23.8,22.6,59.9,47.3,37.7,2026.0,Ranked
955.0,,University of Central Punjab,Pakistan,,,,,,,,,,,,,,,,,,,,,,,,,,,THE,16612.0,25.4,0.0,36 : 64,36.254,12.9,11.8,81.6,20.1,49.9,2026.0,Ranked
956.0,,Ural Federal University,Russia,,,,,,,,,,,,,,,,,,,,,,,,,,,THE,29855.0,15.7,15.0,52:48:00,36.239,25.7,29.2,44.4,58.3,60.5,2026.0,Ranked
957.0,,University of Rome III,Italy,,,,,,,,,,,,,,,,,,,,,,,,,,,THE,36386.0,48.1,6.0,61:39:00,36.2235,22.7,25.6,54.7,63.2,42.2,2026.0,Ranked
958.0,,University of Alcalá,Spain,,,,,,,,,,,,,,,,,,,,,,,,,,,THE,16459.0,10.1,22.0,67:33:00,36.216,29.2,17.0,54.3,47.8,59.6,2026.0,Ranked
959.0,,Northern Illinois University,United States,,,,,,,,,,,,,,,,,,,,,,,,,,,THE,13032.0,14.7,8.0,54:46:00,36.199,28.6,18.5,53.7,54.8,54.6,2026.0,Ranked
960.0,,Al al-Bayt University,Jordan,,,,,,,,,,,,,,,,,,,,,,,,,,,THE,16331.0,24.7,3.0,62:38:00,36.198,14.7,11.1,80.0,18.0,52.3,2026.0,Ranked
961.0,,Baqiyatallah University of Medical Sciences,Iran,,,,,,,,,,,,,,,,,,,,,,,,,,,THE,2650.0,7.4,3.0,1.011805556,36.1925,39.5,18.1,50.0,64.9,22.6,2026.0,Ranked
962.0,,Jamia Hamdard University,India,,,,,,,,,,,,,,,,,,,,,,,,,,,THE,9927.0,15.6,2.0,45:55:00,36.1515,22.5,14.5,68.4,39.1,43.0,2026.0,Ranked
963.0,,Mazandaran University of Medical Sciences,Iran,,,,,,,,,,,,,,,,,,,,,,,,,,,THE,6664.0,10.8,3.0,55:45:00,36.1105,37.6,13.8,59.0,32.1,27.1,2026.0,Ranked
964.0,,Peter the Great St Petersburg Polytechnic University,Russia,,,,,,,,,,,,,,,,,,,,,,,,,,,THE,16730.0,9.9,32.0,43:57:00,36.1075,35.7,23.0,38.0,71.4,62.0,2026.0,Ranked
965.0,,University of Wolverhampton,United Kingdom,,,,,,,,,,,,,,,,,,,,,,,,,,,THE,13835.0,17.9,28.0,64:36:00,36.1045,20.3,15.6,59.3,47.3,78.8,2026.0,Ranked
966.0,,Alagappa University,India,,,,,,,,,,,,,,,,,,,,,,,,,,,THE,5428.0,14.9,0.0,59:41:00,36.092,35.6,14.5,56.7,26.5,44.2,2026.0,Ranked
967.0,,Tomsk Polytechnic University,Russia,,,,,,,,,,,,,,,,,,,,,,,,,,,THE,9179.0,11.0,35.0,33 : 67,36.082,40.9,25.1,29.8,63.5,70.1,2026.0,Ranked
968.0,,Innopolis University,Russia,,,,,,,,,,,,,,,,,,,,,,,,,,,THE,1248.0,13.7,21.0,0.847916667,36.0775,23.9,24.5,45.3,58.3,80.0,2026.0,Ranked
969.0,,Savitribai Phule Pune University,India,,,,,,,,,,,,,,,,,,,,,,,,,,,THE,6043.0,12.2,2.0,46:54:00,36.044,40.9,13.3,56.2,37.1,23.7,2026.0,Ranked
970.0,,Al-Azhar University,Egypt,,,,,,,,,,,,,,,,,,,,,,,,,,,THE,281032.0,21.6,11.0,41:59:00,36.033,22.1,12.8,68.0,24.6,58.9,2026.0,Ranked
971.0,,The Open University,United Kingdom,,,,,,,,,,,,,,,,,,,,,,,,,,,THE,70690.0,22.7,9.0,67:33:00,36.0305,17.8,14.3,67.0,48.0,61.5,2026.0,Ranked
972.0,,University of Gujrat,Pakistan,,,,,,,,,,,,,,,,,,,,,,,,,,,THE,18353.0,26.7,1.0,67:33:00,36.017,14.9,11.6,79.0,21.5,49.3,2026.0,Ranked
973.0,,University of Lagos,Nigeria,,,,,,,,,,,,,,,,,,,,,,,,,,,THE,36484.0,22.4,0.0,51:49:00,35.991,18.4,20.1,66.7,32.6,45.6,2026.0,Ranked
974.0,,Bahçeşehir University,Turkey,,,,,,,,,,,,,,,,,,,,,,,,,,,THE,19548.0,46.0,24.0,50:50:00,35.971,19.0,22.9,59.4,34.0,60.6,2026.0,Ranked
974.0,,Lahore University of Management Sciences,Pakistan,,,,,,,,,,,,,,,,,,,,,,,,,,,THE,4744.0,13.6,2.0,44:56:00,35.971,23.7,20.2,57.4,46.1,54.1,2026.0,Ranked
976.0,,Sheffield Hallam University,United Kingdom,,,,,,,,,,,,,,,,,,,,,,,,,,,THE,29535.0,19.0,23.0,55:45:00,35.935,18.0,14.1,65.5,34.9,73.2,2026.0,Ranked
977.0,,Université de Bretagne Occidentale,France,,,,,,,,,,,,,,,,,,,,,,,,,,,THE,22138.0,24.8,12.0,59:41:00,35.9125,27.0,19.6,51.8,49.4,63.3,2026.0,Ranked
978.0,,Marie and Louis Pasteur University,France,,,,,,,,,,,,,,,,,,,,,,,,,,,THE,27356.0,29.5,13.0,54:46:00,35.874,22.7,20.4,51.9,64.6,68.1,2026.0,Ranked
979.0,,King Mongkut’s University of Technology Thonburi,Thailand,,,,,,,,,,,,,,,,,,,,,,,,,,,THE,14898.0,19.7,4.0,45:55:00,35.839,19.8,22.9,57.0,78.8,41.4,2026.0,Ranked
980.0,,Alexandria University,Egypt,,,,,,,,,,,,,,,,,,,,,,,,,,,THE,186461.0,17.6,7.0,53:47:00,35.8275,20.7,18.2,63.5,31.7,55.0,2026.0,Ranked
981.0,,"National Institute of Technology, Tiruchirappalli",India,,,,,,,,,,,,,,,,,,,,,,,,,,,THE,7452.0,22.2,2.0,24 : 76,35.8125,33.2,22.1,54.0,43.8,22.1,2026.0,Ranked
982.0,,Pablo de Olavide University,Spain,,,,,,,,,,,,,,,,,,,,,,,,,,,THE,12155.0,14.2,16.0,61:39:00,35.807,23.2,19.4,57.3,55.8,52.2,2026.0,Ranked
983.0,,University of Patras,Greece,,,,,,,,,,,,,,,,,,,,,,,,,,,THE,28311.0,27.5,6.0,51:49:00,35.7945,18.5,23.6,60.0,73.2,34.2,2026.0,Ranked
984.0,,Anna University,India,,,,,,,,,,,,,,,,,,,,,,,,,,,THE,11396.0,12.1,1.0,41:59:00,35.773,39.2,16.2,51.8,59.9,21.0,2026.0,Ranked
985.0,,Portland State University,United States,,,,,,,,,,,,,,,,,,,,,,,,,,,THE,16947.0,21.0,6.0,57:43:00,35.77,22.3,24.5,56.7,55.1,38.3,2026.0,Ranked
986.0,,Siberian Federal University,Russia,,,,,,,,,,,,,,,,,,,,,,,,,,,THE,8610.0,19.0,13.0,47:53:00,35.7465,34.2,26.9,36.6,61.1,59.1,2026.0,Ranked
987.0,,Delhi Technological University,India,,,,,,,,,,,,,,,,,,,,,,,,,,,THE,14340.0,22.6,4.0,0.765972222,35.733,23.9,22.7,63.3,37.8,21.3,2026.0,Ranked
988.0,,Ghulam Ishaq Khan Institute of Engineering Sciences and Technology,Pakistan,,,,,,,,,,,,,,,,,,,,,,,,,,,THE,2267.0,16.1,0.0,0.643055556,35.6985,19.5,16.9,66.8,29.5,51.0,2026.0,Ranked
989.0,,Kazan Federal University,Russia,,,,,,,,,,,,,,,,,,,,,,,,,,,THE,22575.0,11.1,33.0,66:34:00,35.684,46.6,22.1,27.7,52.2,68.4,2026.0,Ranked
990.0,,National Veterinary School of Alfort (EnvA),France,,,,,,,,,,,,,,,,,,,,,,,,,,,THE,872.0,5.9,0.0,78:22:00,35.67,44.3,11.9,44.2,44.7,54.7,2026.0,Ranked
991.0,,"Amity University Rajasthan, Jaipur",India,,,,,,,,,,,,,,,,,,,,,,,,,,,THE,3978.0,19.5,0.0,40 : 60,35.6685,31.6,12.8,65.9,17.8,28.7,2026.0,Ranked
992.0,,Mahsa University,Malaysia,,,,,,,,,,,,,,,,,,,,,,,,,,,THE,6044.0,13.8,13.0,0.765972222,35.6135,19.6,8.7,68.5,16.9,81.1,2026.0,Ranked
992.0,,Kingston University,United Kingdom,,,,,,,,,,,,,,,,,,,,,,,,,,,THE,15980.0,20.2,44.0,60:40:00,35.6135,20.4,15.4,54.6,48.3,90.9,2026.0,Ranked
994.0,,Wakayama Medical University,Japan,,,,,,,,,,,,,,,,,,,,,,,,,,,THE,1917.0,4.4,0.0,46:54:00,35.587,36.4,12.6,57.8,58.5,20.2,2026.0,Ranked
995.0,,École Centrale de Lyon,France,,,,,,,,,,,,,,,,,,,,,,,,,,,THE,2251.0,15.6,25.0,29 : 71,35.5785,37.2,22.8,29.5,85.5,76.3,2026.0,Ranked
996.0,,University of the Balearic Islands,Spain,,,,,,,,,,,,,,,,,,,,,,,,,,,THE,12091.0,9.2,8.0,58:42:00,35.555,27.9,16.9,56.6,38.4,52.1,2026.0,Ranked
997.0,,German Jordanian University,Jordan,,,,,,,,,,,,,,,,,,,,,,,,,,,THE,2830.0,9.6,15.0,36 : 64,35.517,22.4,13.6,60.3,24.5,78.6,2026.0,Ranked
998.0,,University of Foggia,Italy,,,,,,,,,,,,,,,,,,,,,,,,,,,THE,9947.0,34.9,1.0,66:34:00,35.511,16.8,26.0,63.6,38.0,32.2,2026.0,Ranked
999.0,,Reichman University,Israel,,,,,,,,,,,,,,,,,,,,,,,,,,,THE,7795.0,32.3,25.0,55:45:00,35.501,15.0,18.7,65.1,46.2,57.0,2026.0,Ranked
1000.0,,Gabriele d‘Annunzio University,Italy,,,,,,,,,,,,,,,,,,,,,,,,,,,THE,21794.0,28.5,3.0,65:35:00,35.4755,17.6,20.9,63.6,56.0,38.7,2026.0,Ranked
1001.0,,IMT Nord Europe,France,,,,,,,,,,,,,,,,,,,,,,,,,,,THE,1621.0,18.0,21.0,1.011805556,35.4715,32.9,31.0,28.8,68.4,72.0,2026.0,Ranked
1002.0,,University of Cape Coast,Ghana,,,,,,,,,,,,,,,,,,,,,,,,,,,THE,36491.0,40.0,0.0,40 : 60,35.4675,18.2,22.1,63.3,33.3,44.9,2026.0,Ranked
1003.0,,Chungbuk National University,South Korea,,,,,,,,,,,,,,,,,,,,,,,,,,,THE,11274.0,13.3,11.0,43:57:00,35.424,33.5,31.4,36.3,70.2,36.5,2026.0,Ranked
1004.0,,Jawaharlal Nehru Technological University Anantapur (JNTUA),India,,,,,,,,,,,,,,,,,,,,,,,,,,,THE,5743.0,17.9,0.0,39 : 61,35.407,31.5,19.9,59.6,22.4,20.9,2026.0,Ranked
1005.0,,Delta University for Science and Technology,Egypt,,,,,,,,,,,,,,,,,,,,,,,,,,,THE,11762.0,18.2,1.0,46:54:00,35.3705,21.4,11.0,70.9,18.0,51.7,2026.0,Ranked
1006.0,,Lithuanian University of Health Sciences,Lithuania,,,,,,,,,,,,,,,,,,,,,,,,,,,THE,6326.0,8.6,28.0,81:19:00,35.3595,29.9,13.6,57.5,29.0,55.8,2026.0,Ranked
1007.0,,Indian Institute of Technology Ropar,India,,,,,,,,,,,,,,,,,,,,,,,,,,,THE,2955.0,16.7,1.0,24 : 76,35.3505,40.6,21.0,46.0,40.4,24.9,2026.0,Ranked
1008.0,,University of Colombo,Sri Lanka,,,,,,,,,,,,,,,,,,,,,,,,,,,THE,35859.0,32.1,1.0,61:39:00,35.3415,26.0,11.7,67.1,27.4,40.7,2026.0,Ranked
1009.0,,University of Hradec Králové,Czechia,,,,,,,,,,,,,,,,,,,,,,,,,,,THE,6300.0,12.2,3.0,63:37:00,35.3195,20.6,15.8,61.7,34.7,63.5,2026.0,Ranked
1010.0,,China Pharmaceutical University,China,,,,,,,,,,,,,,,,,,,,,,,,,,,THE,19664.0,16.7,2.0,63:37:00,35.2975,25.6,20.7,55.8,85.5,21.1,2026.0,Ranked
1011.0,,Tishk International University,Iraq,,,,,,,,,,,,,,,,,,,,,,,,,,,THE,4665.0,16.1,1.0,50:50:00,35.245,15.4,13.3,69.8,19.0,68.6,2026.0,Ranked
1012.0,,University of Campania Luigi Vanvitelli,Italy,,,,,,,,,,,,,,,,,,,,,,,,,,,THE,33016.0,27.1,2.0,55:45:00,35.2385,18.4,10.0,75.0,51.2,31.5,2026.0,Ranked
1013.0,,University of Angers,France,,,,,,,,,,,,,,,,,,,,,,,,,,,THE,25244.0,26.0,14.0,65:35:00,35.2365,18.8,23.1,51.1,58.6,70.9,2026.0,Ranked
1014.0,,University of Girona,Spain,,,,,,,,,,,,,,,,,,,,,,,,,,,THE,14130.0,21.4,14.0,58:42:00,35.1665,21.2,24.6,51.5,53.4,55.9,2026.0,Ranked
1015.0,,Zagazig University,Egypt,,,,,,,,,,,,,,,,,,,,,,,,,,,THE,172762.0,21.8,3.0,52:48:00,35.147,17.9,11.2,71.2,36.4,50.7,2026.0,Ranked
1016.0,,PMAS Arid Agriculture University Rawalpindi,Pakistan,,,,,,,,,,,,,,,,,,,,,,,,,,,THE,10983.0,36.5,0.0,45:55:00,35.115,28.1,12.5,61.7,25.2,49.1,2026.0,Ranked
1017.0,,Universiti Malaysia Terengganu (UMT),Malaysia,,,,,,,,,,,,,,,,,,,,,,,,,,,THE,9037.0,13.7,11.0,69:31:00,35.109,22.6,20.2,55.1,36.6,61.2,2026.0,Ranked
1018.0,,ITMO University,Russia,,,,,,,,,,,,,,,,,,,,,,,,,,,THE,14352.0,17.8,17.0,32 : 68,35.1055,30.4,29.9,33.0,80.6,57.9,2026.0,Ranked
1019.0,,Islamic University of Madinah,Saudi Arabia,,,,,,,,,,,,,,,,,,,,,,,,,,,THE,17328.0,24.6,77.0,0.151388889,35.102,29.7,10.0,53.6,17.7,88.7,2026.0,Ranked
1020.0,,"Arab Academy for Science, Technology and Maritime Transport",Egypt,,,,,,,,,,,,,,,,,,,,,,,,,,,THE,32274.0,10.6,14.0,48:52:00,35.0975,35.1,20.6,44.3,28.6,57.8,2026.0,Ranked
1021.0,,Hamadan University of Medical Sciences (UMSHA),Iran,,,,,,,,,,,,,,,,,,,,,,,,,,,THE,7882.0,14.8,6.0,56:44:00,35.0655,32.7,16.8,59.1,24.3,24.6,2026.0,Ranked
1022.0,,Kyoto Prefectural University of Medicine,Japan,,,,,,,,,,,,,,,,,,,,,,,,,,,THE,1355.0,3.1,1.0,47:53:00,35.06,33.4,15.9,53.9,70.9,21.2,2026.0,Ranked
1023.0,,University of Hyderabad,India,,,,,,,,,,,,,,,,,,,,,,,,,,,THE,5071.0,12.7,1.0,46:54:00,35.048,42.4,21.6,41.6,48.4,24.8,2026.0,Ranked
1024.0,,Indian Institute of Technology Gandhinagar,India,,,,,,,,,,,,,,,,,,,,,,,,,,,THE,2360.0,14.8,1.0,29 : 71,35.0445,40.0,26.6,38.1,39.7,33.5,2026.0,Ranked
1025.0,,Okayama University,Japan,,,,,,,,,,,,,,,,,,,,,,,,,,,THE,13057.0,10.3,9.0,40 : 60,35.0305,34.5,23.1,39.2,87.1,38.8,2026.0,Ranked
1026.0,,GLA University,India,,,,,,,,,,,,,,,,,,,,,,,,,,,THE,15294.0,16.6,0.0,27 : 73,35.018,18.0,15.6,72.5,20.6,34.8,2026.0,Ranked
1027.0,,University of Memphis,United States,,,,,,,,,,,,,,,,,,,,,,,,,,,THE,15761.0,14.3,10.0,60:40:00,34.9995,30.1,19.3,48.6,62.7,45.8,2026.0,Ranked
1028.0,,Covenant University,Nigeria,,,,,,,,,,,,,,,,,,,,,,,,,,,THE,9690.0,22.2,0.0,39 : 61,34.9875,21.6,27.5,50.8,55.7,42.3,2026.0,Ranked
1029.0,,University of Kashan,Iran,,,,,,,,,,,,,,,,,,,,,,,,,,,THE,8035.0,23.4,26.0,45:55:00,34.951,18.6,18.0,64.2,34.6,48.0,2026.0,Ranked
1030.0,,"University of the Andes, Colombia",Colombia,,,,,,,,,,,,,,,,,,,,,,,,,,,THE,15735.0,14.1,2.0,46:54:00,34.934,25.4,22.2,49.8,43.2,57.8,2026.0,Ranked
1031.0,,University of Zaragoza,Spain,,,,,,,,,,,,,,,,,,,,,,,,,,,THE,27923.0,11.2,8.0,54:46:00,34.9115,29.0,20.6,47.9,71.0,42.3,2026.0,Ranked
1032.0,,Bangladesh University of Engineering and Technology,Bangladesh,,,,,,,,,,,,,,,,,,,,,,,,,,,THE,5814.0,11.3,0.0,0.970833333,34.891,23.1,15.2,65.4,38.4,33.5,2026.0,Ranked
1033.0,,University of Rajshahi,Bangladesh,,,,,,,,,,,,,,,,,,,,,,,,,,,THE,19819.0,17.8,0.0,36 : 64,34.8725,16.5,9.9,77.0,22.1,42.0,2026.0,Ranked
1034.0,,Université Bourgogne Europe,France,,,,,,,,,,,,,,,,,,,,,,,,,,,THE,33421.0,28.3,12.0,58:42:00,34.8565,19.5,16.0,58.8,61.1,58.4,2026.0,Ranked
1035.0,,Universidade Federal de Santa Catarina,Brazil,,,,,,,,,,,,,,,,,,,,,,,,,,,THE,36229.0,14.9,3.0,50:50:00,34.8395,36.3,22.4,40.8,65.5,37.0,2026.0,Ranked
1036.0,,Yokohama City University,Japan,,,,,,,,,,,,,,,,,,,,,,,,,,,THE,5142.0,5.4,3.0,55:45:00,34.8185,28.2,10.8,62.0,65.0,28.9,2026.0,Ranked
1037.0,,University of Kurdistan,Iran,,,,,,,,,,,,,,,,,,,,,,,,,,,THE,10254.0,24.9,5.0,56:44:00,34.8155,16.1,15.9,70.1,34.5,40.6,2026.0,Ranked
1038.0,,Riphah International University,Pakistan,,,,,,,,,,,,,,,,,,,,,,,,,,,THE,26970.0,11.9,0.0,58:42:00,34.8055,20.0,10.4,71.2,17.8,50.9,2026.0,Ranked
1039.0,,ZHAW Zurich University of Applied Sciences,Switzerland,,,,,,,,,,,,,,,,,,,,,,,,,,,THE,11059.0,12.0,12.0,54:46:00,34.805,23.3,17.3,50.8,62.3,69.1,2026.0,Ranked
1040.0,,University of Savoie Mont Blanc,France,,,,,,,,,,,,,,,,,,,,,,,,,,,THE,14444.0,24.6,11.0,50:50:00,34.7965,17.8,17.6,58.4,55.1,62.9,2026.0,Ranked
1041.0,,Institute for Advanced Studies in Basic Sciences (IASBS),Iran,,,,,,,,,,,,,,,,,,,,,,,,,,,THE,1053.0,9.4,5.0,57:43:00,34.795,37.6,9.1,51.2,25.6,62.4,2026.0,Ranked
1042.0,,Tokyo Medical University,Japan,,,,,,,,,,,,,,,,,,,,,,,,,,,THE,1322.0,3.4,1.0,51:49:00,34.7705,33.2,18.1,50.9,71.5,21.3,2026.0,Ranked
1043.0,,University of Ghana,Ghana,,,,,,,,,,,,,,,,,,,,,,,,,,,THE,72334.0,46.5,1.0,49:51:00,34.7575,17.0,32.2,49.2,46.8,50.3,2026.0,Ranked
1044.0,,University of Sannio,Italy,,,,,,,,,,,,,,,,,,,,,,,,,,,THE,2637.0,12.9,4.0,47:53:00,34.7295,30.4,16.8,56.5,42.8,29.7,2026.0,Ranked
1045.0,,University of Murcia,Spain,,,,,,,,,,,,,,,,,,,,,,,,,,,THE,26754.0,15.2,5.0,63:37:00,34.6795,25.6,19.4,55.2,55.1,36.5,2026.0,Ranked
1046.0,,Chiang Mai University,Thailand,,,,,,,,,,,,,,,,,,,,,,,,,,,THE,35691.0,13.9,4.0,61:39:00,34.6645,29.0,18.8,51.7,55.0,39.3,2026.0,Ranked
1047.0,,Cochin University of Science and Technology,India,,,,,,,,,,,,,,,,,,,,,,,,,,,THE,4378.0,14.7,2.0,57:43:00,34.6615,40.3,29.0,31.6,75.2,25.0,2026.0,Ranked
1048.0,,University of Texas at El Paso,United States,,,,,,,,,,,,,,,,,,,,,,,,,,,THE,17147.0,21.7,6.0,55:45:00,34.6285,28.0,30.2,41.7,43.7,44.7,2026.0,Ranked
1049.0,,Lakehead University,Canada,,,,,,,,,,,,,,,,,,,,,,,,,,,THE,8464.0,25.6,22.0,58:42:00,34.6255,18.0,25.6,52.8,41.6,58.5,2026.0,Ranked
1050.0,,SRM Institute of Science and Technology,India,,,,,,,,,,,,,,,,,,,,,,,,,,,THE,53777.0,13.1,2.0,43:57:00,34.616,25.0,13.6,67.4,27.8,26.2,2026.0,Ranked
1051.0,,Jashore University of Science and Technology,Bangladesh,,,,,,,,,,,,,,,,,,,,,,,,,,,THE,4510.0,14.7,0.0,33 : 67,34.605,15.2,11.5,74.8,19.4,47.6,2026.0,Ranked
1052.0,,Tallinn University,Estonia,,,,,,,,,,,,,,,,,,,,,,,,,,,THE,3770.0,7.9,11.0,72:28:00,34.585,27.2,24.5,47.8,24.4,55.2,2026.0,Ranked
1053.0,,Ming Chi University of Technology,Taiwan,,,,,,,,,,,,,,,,,,,,,,,,,,,THE,4304.0,18.0,3.0,27 : 73,34.5445,18.3,29.7,49.6,69.7,38.2,2026.0,Ranked
1054.0,,TU Bergakademie Freiberg,Germany,,,,,,,,,,,,,,,,,,,,,,,,,,,THE,4242.0,10.8,55.0,33 : 67,34.5425,38.0,25.5,28.5,57.0,68.1,2026.0,Ranked
1055.0,,Chiba University,Japan,,,,,,,,,,,,,,,,,,,,,,,,,,,THE,13630.0,8.6,5.0,38 : 62,34.54,33.7,21.1,43.7,70.3,34.1,2026.0,Ranked
1055.0,,Florida Institute of Technology,United States,,,,,,,,,,,,,,,,,,,,,,,,,,,THE,6456.0,18.3,21.0,48:52:00,34.54,29.4,17.8,45.8,60.5,60.6,2026.0,Ranked
1057.0,,The University of Haripur,Pakistan,,,,,,,,,,,,,,,,,,,,,,,,,,,THE,7331.0,29.8,1.0,40 : 60,34.533,16.0,12.8,71.7,18.4,51.4,2026.0,Ranked
1058.0,,University of Chile,Chile,,,,,,,,,,,,,,,,,,,,,,,,,,,THE,42010.0,17.3,3.0,49:51:00,34.5295,26.6,21.5,48.3,56.5,49.3,2026.0,Ranked
1059.0,,Palacký University Olomouc,Czechia,,,,,,,,,,,,,,,,,,,,,,,,,,,THE,19564.0,14.8,13.0,68:32:00,34.4535,23.3,25.0,47.3,41.0,60.0,2026.0,Ranked
1060.0,,University of Camerino (Unicam),Italy,,,,,,,,,,,,,,,,,,,,,,,,,,,THE,7780.0,26.1,13.0,51:49:00,34.441,21.7,18.3,54.2,58.5,55.1,2026.0,Ranked
1061.0,,Technische Universität Ilmenau,Germany,,,,,,,,,,,,,,,,,,,,,,,,,,,THE,4752.0,17.8,40.0,29 : 71,34.44,31.4,21.9,37.1,70.9,64.8,2026.0,Ranked
1062.0,,BRAC University,Bangladesh,,,,,,,,,,,,,,,,,,,,,,,,,,,THE,17235.0,21.2,1.0,45:55:00,34.4115,13.6,13.4,74.9,19.9,43.3,2026.0,Ranked
1063.0,,University of Algarve,Portugal,,,,,,,,,,,,,,,,,,,,,,,,,,,THE,9726.0,15.3,19.0,55:45:00,34.319,19.6,22.1,54.1,29.7,62.8,2026.0,Ranked
1064.0,,University of Lancashire,United Kingdom,,,,,,,,,,,,,,,,,,,,,,,,,,,THE,21550.0,15.3,35.0,58:42:00,34.3055,18.7,13.4,57.2,38.7,82.6,2026.0,Ranked
1065.0,,Shantou University,China,,,,,,,,,,,,,,,,,,,,,,,,,,,THE,21935.0,16.7,1.0,48:52:00,34.28,18.3,18.2,63.8,43.9,36.1,2026.0,Ranked
1066.0,,University of Bucharest,Romania,,,,,,,,,,,,,,,,,,,,,,,,,,,THE,31127.0,32.1,2.0,70:30:00,34.2785,21.6,24.1,58.4,27.0,30.9,2026.0,Ranked
1067.0,,"University of Technology, Iraq",Iraq,,,,,,,,,,,,,,,,,,,,,,,,,,,THE,12215.0,6.9,0.0,47:53:00,34.254,26.1,10.3,68.7,25.0,26.1,2026.0,Ranked
1068.0,,Florida Agricultural and Mechanical University,United States,,,,,,,,,,,,,,,,,,,,,,,,,,,THE,8805.0,13.2,1.0,67:33:00,34.253,33.8,19.8,43.1,46.5,50.0,2026.0,Ranked
1069.0,,University of Belgrade,Serbia,,,,,,,,,,,,,,,,,,,,,,,,,,,THE,91512.0,18.1,5.0,61:39:00,34.25,22.6,27.3,50.9,31.9,41.6,2026.0,Ranked
1070.0,,Ateneo de Manila University,Philippines,,,,,,,,,,,,,,,,,,,,,,,,,,,THE,14540.0,10.1,1.0,56:44:00,34.245,27.0,11.2,64.7,23.8,35.6,2026.0,Ranked
1071.0,,Jaume I University,Spain,,,,,,,,,,,,,,,,,,,,,,,,,,,THE,12039.0,14.3,11.0,58:42:00,34.243,25.7,21.9,50.4,46.7,44.3,2026.0,Ranked
1072.0,,European University of Madrid,Spain,,,,,,,,,,,,,,,,,,,,,,,,,,,THE,15141.0,8.2,38.0,51:49:00,34.2285,24.8,10.0,61.2,18.5,65.5,2026.0,Ranked
1073.0,,Gdańsk University of Technology,Poland,,,,,,,,,,,,,,,,,,,,,,,,,,,THE,14684.0,20.3,7.0,39 : 61,34.198,22.1,19.3,55.0,60.6,42.1,2026.0,Ranked
1074.0,,Indian Institute of Technology Mandi,India,,,,,,,,,,,,,,,,,,,,,,,,,,,THE,2684.0,14.8,1.0,25 : 75,34.154,34.3,14.9,54.9,28.8,27.9,2026.0,Ranked
1075.0,,CY Cergy Paris University,France,,,,,,,,,,,,,,,,,,,,,,,,,,,THE,16674.0,16.0,27.0,50:50:00,34.151,26.3,20.5,38.1,56.5,90.1,2026.0,Ranked
1076.0,,University of East London,United Kingdom,,,,,,,,,,,,,,,,,,,,,,,,,,,THE,18135.0,28.6,57.0,49:51:00,34.0995,23.6,15.3,49.5,32.2,87.5,2026.0,Ranked
1077.0,,Shanghai Normal University,China,,,,,,,,,,,,,,,,,,,,,,,,,,,THE,30111.0,14.1,2.0,70:30:00,34.098,32.0,16.6,53.9,40.1,27.6,2026.0,Ranked
1078.0,,Kaunas University of Technology,Lithuania,,,,,,,,,,,,,,,,,,,,,,,,,,,THE,7308.0,13.0,11.0,34 : 66,34.082,25.2,19.9,52.8,46.8,42.2,2026.0,Ranked
1079.0,,Universidad Peruana Cayetano Heredia,Peru,,,,,,,,,,,,,,,,,,,,,,,,,,,THE,8598.0,15.1,1.0,67:33:00,34.0635,20.2,16.1,61.2,33.7,49.7,2026.0,Ranked
1080.0,,Universiti Sultan Zainal Abidin,Malaysia,,,,,,,,,,,,,,,,,,,,,,,,,,,THE,11380.0,14.8,7.0,66:34:00,34.0615,26.0,13.6,58.8,22.5,52.1,2026.0,Ranked
1081.0,,Shaqra University,Saudi Arabia,,,,,,,,,,,,,,,,,,,,,,,,,,,THE,20402.0,15.5,1.0,59:41:00,34.0595,17.1,9.4,67.0,17.1,73.4,2026.0,Ranked
1082.0,,University of Oviedo,Spain,,,,,,,,,,,,,,,,,,,,,,,,,,,THE,18268.0,9.0,7.0,53:47:00,34.0575,30.3,19.8,48.0,48.3,40.6,2026.0,Ranked
1083.0,,Hangzhou Normal University,China,,,,,,,,,,,,,,,,,,,,,,,,,,,THE,32552.0,16.8,1.0,,34.054,16.8,14.9,70.3,42.3,26.6,2026.0,Ranked
1084.0,,Technical University of Madrid,Spain,,,,,,,,,,,,,,,,,,,,,,,,,,,THE,39646.0,15.7,16.0,34 : 66,34.043,27.8,18.1,45.7,71.2,53.8,2026.0,Ranked
1085.0,,University of Alicante,Spain,,,,,,,,,,,,,,,,,,,,,,,,,,,THE,21841.0,13.4,9.0,59:41:00,34.0315,27.6,21.2,47.9,56.1,41.7,2026.0,Ranked
1086.0,,University of Seoul,South Korea,,,,,,,,,,,,,,,,,,,,,,,,,,,THE,9555.0,13.5,7.0,44:56:00,34.015,31.8,28.3,38.5,50.3,38.2,2026.0,Ranked
1087.0,,Kumamoto University,Japan,,,,,,,,,,,,,,,,,,,,,,,,,,,THE,9401.0,9.5,6.0,39 : 61,33.954,33.6,19.3,41.3,82.0,37.0,2026.0,Ranked
1088.0,,Tashkent State Technical University,Uzbekistan,,,,,,,,,,,,,,,,,,,,,,,,,,,THE,14012.0,13.9,1.0,0.806944444,33.938,21.0,8.6,75.3,16.6,26.6,2026.0,Ranked
1089.0,,Chungnam National University,South Korea,,,,,,,,,,,,,,,,,,,,,,,,,,,THE,20792.0,20.2,3.0,47:53:00,33.9375,30.1,30.7,37.9,72.0,25.4,2026.0,Ranked
1090.0,,University of la Costa,Colombia,,,,,,,,,,,,,,,,,,,,,,,,,,,THE,11922.0,28.5,1.0,45:55:00,33.9255,11.9,13.1,72.5,17.4,55.6,2026.0,Ranked
1091.0,,İstinye University,Turkey,,,,,,,,,,,,,,,,,,,,,,,,,,,THE,9114.0,24.1,19.0,62:38:00,33.9125,12.9,18.4,61.1,17.4,76.6,2026.0,Ranked
1092.0,,Edge Hill University,United Kingdom,,,,,,,,,,,,,,,,,,,,,,,,,,,THE,11925.0,15.7,9.0,71:29:00,33.866,18.5,14.2,62.2,30.7,58.7,2026.0,Ranked
1093.0,,Jaypee University of Information Technology,India,,,,,,,,,,,,,,,,,,,,,,,,,,,THE,1938.0,19.0,1.0,32 : 68,33.8535,23.9,16.8,62.9,33.4,23.0,2026.0,Ranked
1094.0,,University of the Aegean,Greece,,,,,,,,,,,,,,,,,,,,,,,,,,,THE,21442.0,58.4,2.0,55:45:00,33.8495,18.1,24.0,52.7,83.5,32.0,2026.0,Ranked
1095.0,,University of Bedfordshire,United Kingdom,,,,,,,,,,,,,,,,,,,,,,,,,,,THE,12295.0,25.1,68.0,61:39:00,33.808,18.1,14.0,55.3,32.9,86.7,2026.0,Ranked
1096.0,,Beni-Suef University,Egypt,,,,,,,,,,,,,,,,,,,,,,,,,,,THE,82628.0,44.9,1.0,48:52:00,33.79,25.8,11.3,59.4,22.8,55.6,2026.0,Ranked
1097.0,,Taiz University,Yemen,,,,,,,,,,,,,,,,,,,,,,,,,,,THE,32637.0,15.0,1.0,36 : 64,33.781,17.1,8.4,70.8,17.2,58.3,2026.0,Ranked
1098.0,,Khulna University of Engineering and Technology (KUET),Bangladesh,,,,,,,,,,,,,,,,,,,,,,,,,,,THE,7985.0,17.8,0.0,32 : 68,33.758,13.8,8.7,78.6,22.1,36.0,2026.0,Ranked
1099.0,,University of Okara,Pakistan,,,,,,,,,,,,,,,,,,,,,,,,,,,THE,19640.0,145.5,0.0,36 : 64,33.734,8.6,16.5,73.4,16.8,49.6,2026.0,Ranked
1100.0,,University of Latvia,Latvia,,,,,,,,,,,,,,,,,,,,,,,,,,,THE,11634.0,30.9,9.0,67:33:00,33.709,20.5,31.3,42.3,52.3,50.7,2026.0,Ranked
1101.0,,"National Institute of Technology, Raipur",India,,,,,,,,,,,,,,,,,,,,,,,,,,,THE,5465.0,20.1,0.0,24 : 76,33.7,28.9,16.1,60.2,28.7,17.3,2026.0,Ranked
1102.0,,University of Gloucestershire,United Kingdom,,,,,,,,,,,,,,,,,,,,,,,,,,,THE,7140.0,15.5,20.0,60:40:00,33.6845,18.5,14.2,58.7,27.1,72.2,2026.0,Ranked
1103.0,,University of Clermont Auvergne,France,,,,,,,,,,,,,,,,,,,,,,,,,,,THE,35429.0,19.9,15.0,59:41:00,33.629,20.8,18.6,49.3,60.1,65.4,2026.0,Ranked
1104.0,,University of Castilla-La Mancha,Spain,,,,,,,,,,,,,,,,,,,,,,,,,,,THE,25421.0,13.5,10.0,57:43:00,33.626,24.0,17.9,52.8,53.5,45.0,2026.0,Ranked
1105.0,,Central Michigan University,United States,,,,,,,,,,,,,,,,,,,,,,,,,,,THE,13765.0,19.8,10.0,59:41:00,33.6095,30.2,16.8,49.6,47.4,40.7,2026.0,Ranked
1106.0,,Datta Meghe Institute of Higher Education & Research (Deemed to be University),India,,,,,,,,,,,,,,,,,,,,,,,,,,,THE,9257.0,13.4,3.0,61:39:00,33.5465,24.4,11.5,63.1,29.9,38.5,2026.0,Ranked
1107.0,,Landmark University,Nigeria,,,,,,,,,,,,,,,,,,,,,,,,,,,THE,3426.0,13.0,1.0,33 : 67,33.539,20.2,18.4,61.9,22.1,37.2,2026.0,Ranked
1108.0,,Mae Fah Luang University,Thailand,,,,,,,,,,,,,,,,,,,,,,,,,,,THE,15574.0,19.4,10.0,70:30:00,33.539,16.3,13.9,61.4,36.8,64.1,2026.0,Ranked
1109.0,,Fujita Health University,Japan,,,,,,,,,,,,,,,,,,,,,,,,,,,THE,3025.0,3.4,2.0,60:40:00,33.515,27.9,13.1,58.0,57.7,23.7,2026.0,Ranked
1110.0,,Nippon Medical School,Japan,,,,,,,,,,,,,,,,,,,,,,,,,,,THE,970.0,1.0,1.0,32 : 68,33.4985,30.0,11.4,58.7,51.5,22.3,2026.0,Ranked
1111.0,,Montana State University,United States,,,,,,,,,,,,,,,,,,,,,,,,,,,THE,14162.0,17.3,2.0,48:52:00,33.492,24.7,21.7,48.7,64.5,36.3,2026.0,Ranked
1112.0,,Bangladesh Agricultural University (BAU),Bangladesh,,,,,,,,,,,,,,,,,,,,,,,,,,,THE,7855.0,13.3,1.0,45:55:00,33.49,21.2,10.3,65.2,24.6,49.4,2026.0,Ranked
1113.0,,Damietta University,Egypt,,,,,,,,,,,,,,,,,,,,,,,,,,,THE,37333.0,32.3,1.0,62:38:00,33.4755,18.0,10.6,69.0,19.6,48.1,2026.0,Ranked
1114.0,,Kalasalingam Academy of Research and Education,India,,,,,,,,,,,,,,,,,,,,,,,,,,,THE,6792.0,4.4,9.0,51:49:00,33.471,27.8,9.2,61.5,22.8,43.2,2026.0,Ranked
1115.0,,South Dakota Mines,United States,,,,,,,,,,,,,,,,,,,,,,,,,,,THE,2057.0,12.5,5.0,24 : 76,33.467,25.8,21.3,42.9,73.1,51.8,2026.0,Ranked
1116.0,,University of the South Pacific,Fiji,,,,,,,,,,,,,,,,,,,,,,,,,,,THE,10583.0,32.6,19.0,59:41:00,33.412,16.1,17.2,56.8,28.8,73.1,2026.0,Ranked
1117.0,,University of Peshawar,Pakistan,,,,,,,,,,,,,,,,,,,,,,,,,,,THE,19301.0,34.0,0.0,24 : 76,33.387,24.0,12.0,59.1,34.8,49.4,2026.0,Ranked
1118.0,,Clarkson University,United States,,,,,,,,,,,,,,,,,,,,,,,,,,,THE,3546.0,13.2,13.0,35 : 65,33.384,32.6,18.2,36.8,63.6,65.4,2026.0,Ranked
1119.0,,"Adam Mickiewicz University, Poznań",Poland,,,,,,,,,,,,,,,,,,,,,,,,,,,THE,30005.0,23.1,7.0,68:32:00,33.377,20.6,30.7,46.8,37.3,38.2,2026.0,Ranked
1120.0,,Sechenov University,Russia,,,,,,,,,,,,,,,,,,,,,,,,,,,THE,21906.0,11.3,23.0,65:35:00,33.3605,30.2,19.4,43.6,40.7,54.9,2026.0,Ranked
1121.0,,"Maulana Abul Kalam Azad University of Technology, West Bengal",India,,,,,,,,,,,,,,,,,,,,,,,,,,,THE,3108.0,17.2,0.0,39 : 61,33.3585,18.7,24.2,59.2,39.1,20.0,2026.0,Ranked
1122.0,,Birla Institute of Technology,India,,,,,,,,,,,,,,,,,,,,,,,,,,,THE,5296.0,16.7,0.0,25 : 75,33.344,22.7,20.0,58.1,45.5,21.3,2026.0,Ranked
1123.0,,University of Hafr Al Batin,Saudi Arabia,,,,,,,,,,,,,,,,,,,,,,,,,,,THE,13026.0,17.0,6.0,59:41:00,33.332,19.9,14.8,54.3,24.8,78.5,2026.0,Ranked
1124.0,,Central University of Jammu,India,,,,,,,,,,,,,,,,,,,,,,,,,,,THE,1086.0,4.8,0.0,45:55:00,33.326,42.5,10.5,50.8,17.4,24.1,2026.0,Ranked
1125.0,,AGH University of Krakow,Poland,,,,,,,,,,,,,,,,,,,,,,,,,,,THE,17827.0,10.2,4.0,33 : 67,33.3245,32.7,21.6,39.8,71.6,34.8,2026.0,Ranked
1126.0,,Multimedia University,Malaysia,,,,,,,,,,,,,,,,,,,,,,,,,,,THE,8957.0,12.9,17.0,45:55:00,33.2785,26.1,21.3,38.7,74.8,64.0,2026.0,Ranked
1127.0,,University of La Laguna,Spain,,,,,,,,,,,,,,,,,,,,,,,,,,,THE,18459.0,12.8,5.0,57:43:00,33.2775,23.4,16.1,55.2,36.2,49.3,2026.0,Ranked
1128.0,,Hazara University Mansehra,Pakistan,,,,,,,,,,,,,,,,,,,,,,,,,,,THE,12789.0,24.6,0.0,45:55:00,33.2575,17.1,11.6,68.1,17.1,49.8,2026.0,Ranked
1129.0,,Cardiff Metropolitan University,United Kingdom,,,,,,,,,,,,,,,,,,,,,,,,,,,THE,11975.0,19.5,29.0,52:48:00,33.2545,20.7,14.4,51.3,26.8,86.8,2026.0,Ranked
1130.0,,Istanbul Gelisim University,Turkey,,,,,,,,,,,,,,,,,,,,,,,,,,,THE,38924.0,37.8,17.0,46:54:00,33.2125,12.8,9.4,71.7,16.2,60.7,2026.0,Ranked
1131.0,,York St John University,United Kingdom,,,,,,,,,,,,,,,,,,,,,,,,,,,THE,8150.0,20.6,30.0,62:38:00,33.197,17.3,15.4,60.1,16.0,66.1,2026.0,Ranked
1132.0,,Universiti Tunku Abdul Rahman (UTAR),Malaysia,,,,,,,,,,,,,,,,,,,,,,,,,,,THE,15730.0,12.9,13.0,52:48:00,33.188,20.8,17.8,51.5,63.5,52.0,2026.0,Ranked
1133.0,,Tanta University,Egypt,,,,,,,,,,,,,,,,,,,,,,,,,,,THE,128933.0,20.0,1.0,54:46:00,33.1675,20.0,9.5,66.3,23.5,49.1,2026.0,Ranked
1134.0,,Imam Khomeini International University,Iran,,,,,,,,,,,,,,,,,,,,,,,,,,,THE,9129.0,25.4,12.0,55:45:00,33.163,30.4,18.0,50.5,25.5,37.4,2026.0,Ranked
1135.0,,Changsha University of Science and Technology,China,,,,,,,,,,,,,,,,,,,,,,,,,,,THE,41350.0,17.4,1.0,35 : 65,33.1385,16.3,15.3,63.4,77.2,23.8,2026.0,Ranked
1136.0,,Novosibirsk State University,Russia,,,,,,,,,,,,,,,,,,,,,,,,,,,THE,7300.0,6.6,23.0,,33.0895,38.4,29.6,24.0,57.0,49.3,2026.0,Ranked
1137.0,,Anhui University,China,,,,,,,,,,,,,,,,,,,,,,,,,,,THE,41446.0,17.4,1.0,,33.086,18.6,16.6,63.0,55.5,22.2,2026.0,Ranked
1138.0,,Gonabad University of Medical Sciences,Iran,,,,,,,,,,,,,,,,,,,,,,,,,,,THE,1937.0,14.3,3.0,58:42:00,33.0845,32.1,10.7,59.9,19.3,23.6,2026.0,Ranked
1139.0,,Semnan University,Iran,,,,,,,,,,,,,,,,,,,,,,,,,,,THE,15754.0,28.9,6.0,53:47:00,33.0375,27.2,17.3,52.2,48.6,31.9,2026.0,Ranked
1140.0,,Al-Balqa Applied University,Jordan,,,,,,,,,,,,,,,,,,,,,,,,,,,THE,24503.0,23.7,3.0,58:42:00,33.031,13.4,16.9,64.7,30.3,47.4,2026.0,Ranked
1141.0,,Silesian University of Technology,Poland,,,,,,,,,,,,,,,,,,,,,,,,,,,THE,16354.0,11.2,6.0,31 : 69,33.0305,27.7,17.7,50.7,45.4,36.0,2026.0,Ranked
1142.0,,New Valley University,Egypt,,,,,,,,,,,,,,,,,,,,,,,,,,,THE,3856.0,8.6,0.0,68:32:00,33.021,23.9,8.6,63.7,17.1,49.1,2026.0,Ranked
1143.0,,"University of Engineering and Technology, Peshawar",Pakistan,,,,,,,,,,,,,,,,,,,,,,,,,,,THE,7425.0,16.6,2.0,0.602083333,32.9805,17.8,12.8,62.9,28.0,53.7,2026.0,Ranked
1144.0,,Nguyen Tat Thanh University,Vietnam,,,,,,,,,,,,,,,,,,,,,,,,,,,THE,34341.0,24.4,1.0,54:46:00,32.953,12.0,9.7,74.5,21.5,45.2,2026.0,Ranked
1145.0,,University of Sadat City,Egypt,,,,,,,,,,,,,,,,,,,,,,,,,,,THE,36086.0,55.3,1.0,48:52:00,32.9275,17.8,11.0,66.4,19.1,50.7,2026.0,Ranked
1146.0,,Nova Southeastern University,United States,,,,,,,,,,,,,,,,,,,,,,,,,,,THE,18393.0,16.2,6.0,71:29:00,32.926,39.4,13.8,41.8,48.9,37.4,2026.0,Ranked
1147.0,,Kanazawa University,Japan,,,,,,,,,,,,,,,,,,,,,,,,,,,THE,10216.0,9.9,6.0,36 : 64,32.917,36.0,21.8,35.6,67.5,34.6,2026.0,Ranked
1148.0,,Selçuk University,Turkey,,,,,,,,,,,,,,,,,,,,,,,,,,,THE,29826.0,21.4,8.0,51:49:00,32.9165,32.1,23.7,37.9,67.1,33.6,2026.0,Ranked
1149.0,,University of Almería,Spain,,,,,,,,,,,,,,,,,,,,,,,,,,,THE,13100.0,16.9,12.0,56:44:00,32.8995,22.7,21.2,51.0,34.5,45.0,2026.0,Ranked
1150.0,,Suez University,Egypt,,,,,,,,,,,,,,,,,,,,,,,,,,,THE,18398.0,16.9,3.0,56:44:00,32.8825,17.7,10.5,66.1,25.9,50.0,2026.0,Ranked
1151.0,,Bartin University,Turkey,,,,,,,,,,,,,,,,,,,,,,,,,,,THE,10537.0,21.8,14.0,49:51:00,32.876,13.7,14.3,69.5,18.5,41.3,2026.0,Ranked
1152.0,,University of Tours,France,,,,,,,,,,,,,,,,,,,,,,,,,,,THE,29179.0,18.1,13.0,61:39:00,32.8695,30.9,15.9,42.7,47.7,59.0,2026.0,Ranked
1153.0,,University of Sulaimani,Iraq,,,,,,,,,,,,,,,,,,,,,,,,,,,THE,24212.0,11.6,0.0,61:39:00,32.862,23.8,8.6,66.9,17.8,34.2,2026.0,Ranked
1154.0,,Fujian Agriculture and Forestry University,China,,,,,,,,,,,,,,,,,,,,,,,,,,,THE,34200.0,14.1,1.0,52:48:00,32.838,20.1,13.3,64.2,45.1,26.5,2026.0,Ranked
1155.0,,Medical University of Gdańsk,Poland,,,,,,,,,,,,,,,,,,,,,,,,,,,THE,6729.0,5.3,12.0,74:26:00,32.8185,26.8,12.0,55.8,45.5,38.3,2026.0,Ranked
1156.0,,Veltech University,India,,,,,,,,,,,,,,,,,,,,,,,,,,,THE,11475.0,15.6,2.0,0.888888889,32.775,18.0,13.6,67.4,30.4,27.8,2026.0,Ranked
1157.0,,Izmir Institute of Technology,Turkey,,,,,,,,,,,,,,,,,,,,,,,,,,,THE,4000.0,14.2,4.0,47:53:00,32.75,31.1,29.8,32.2,60.4,38.1,2026.0,Ranked
1158.0,,National Central University,Taiwan,,,,,,,,,,,,,,,,,,,,,,,,,,,THE,11391.0,10.1,7.0,37 : 63,32.729,31.0,25.1,30.7,99.0,41.8,2026.0,Ranked
1159.0,,University of South Dakota,United States,,,,,,,,,,,,,,,,,,,,,,,,,,,THE,6756.0,15.3,5.0,63:37:00,32.7195,36.2,16.9,43.7,38.3,33.3,2026.0,Ranked
1160.0,,Chang’an University,China,,,,,,,,,,,,,,,,,,,,,,,,,,,THE,40205.0,10.3,5.0,31 : 69,32.713,30.1,17.0,45.8,77.9,27.3,2026.0,Ranked
1161.0,,Hamamatsu University School of Medicine,Japan,,,,,,,,,,,,,,,,,,,,,,,,,,,THE,1205.0,3.9,3.0,47:53:00,32.693,34.2,18.6,42.8,60.5,26.0,2026.0,Ranked
1162.0,,Dr B.R. Ambedkar National Institute of Technology Jalandhar,India,,,,,,,,,,,,,,,,,,,,,,,,,,,THE,5637.0,20.5,0.0,25 : 75,32.6915,25.6,17.0,59.1,25.8,19.3,2026.0,Ranked
1163.0,,Pontifical Catholic University of Rio Grande do Sul (PUCRS),Brazil,,,,,,,,,,,,,,,,,,,,,,,,,,,THE,13166.0,23.8,1.0,52:48:00,32.6755,33.6,19.6,40.2,57.8,36.1,2026.0,Ranked
1164.0,,The Hashemite University,Jordan,,,,,,,,,,,,,,,,,,,,,,,,,,,THE,21051.0,23.5,13.0,64:36:00,32.6645,14.0,16.1,59.7,34.7,60.9,2026.0,Ranked
1165.0,,Northwest University (China),China,,,,,,,,,,,,,,,,,,,,,,,,,,,THE,26259.0,13.2,3.0,54:46:00,32.662,27.9,14.7,54.0,51.4,25.5,2026.0,Ranked
1166.0,,University of Piraeus,Greece,,,,,,,,,,,,,,,,,,,,,,,,,,,THE,14493.0,58.2,2.0,43:57:00,32.6615,16.7,21.7,53.3,88.3,25.6,2026.0,Ranked
1167.0,,O.P. Jindal Global University,India,,,,,,,,,,,,,,,,,,,,,,,,,,,THE,8674.0,7.9,1.0,50:50:00,32.644,26.0,16.3,51.1,16.8,56.6,2026.0,Ranked
1168.0,,Taibah University,Saudi Arabia,,,,,,,,,,,,,,,,,,,,,,,,,,,THE,45990.0,19.5,2.0,63:37:00,32.64,16.1,11.2,60.4,23.0,74.7,2026.0,Ranked
1169.0,,Indraprastha Institute of Information Technology Delhi,India,,,,,,,,,,,,,,,,,,,,,,,,,,,THE,3033.0,16.5,6.0,0.806944444,32.634,25.3,14.6,52.4,52.6,41.5,2026.0,Ranked
1170.0,,University of Szeged,Hungary,,,,,,,,,,,,,,,,,,,,,,,,,,,THE,21326.0,13.2,19.0,56:44:00,32.633,31.2,16.4,42.3,48.7,53.8,2026.0,Ranked
1171.0,,University of the Free State,South Africa,,,,,,,,,,,,,,,,,,,,,,,,,,,THE,31599.0,30.9,2.0,64:36:00,32.596,23.1,20.0,49.6,30.6,51.7,2026.0,Ranked
1172.0,,Jadavpur University,India,,,,,,,,,,,,,,,,,,,,,,,,,,,THE,12547.0,19.0,0.0,32 : 68,32.5865,36.6,15.9,45.0,53.9,20.3,2026.0,Ranked
1173.0,,Moscow Technical University of Communications and Informatics,Russia,,,,,,,,,,,,,,,,,,,,,,,,,,,THE,6443.0,24.5,6.0,0.929861111,32.5755,14.3,11.6,71.0,47.7,23.8,2026.0,Ranked
1174.0,,Riga Technical University,Latvia,,,,,,,,,,,,,,,,,,,,,,,,,,,THE,10472.0,31.7,33.0,35 : 65,32.5725,27.1,25.3,33.6,56.4,65.4,2026.0,Ranked
1175.0,,Minia University,Egypt,,,,,,,,,,,,,,,,,,,,,,,,,,,THE,72863.0,16.5,1.0,57:43:00,32.554,18.5,9.5,65.2,24.1,50.9,2026.0,Ranked
1176.0,,Firat University,Turkey,,,,,,,,,,,,,,,,,,,,,,,,,,,THE,30050.0,26.0,9.0,49:51:00,32.5095,24.4,13.9,57.0,32.7,38.3,2026.0,Ranked
1177.0,,University of Tarapacá,Chile,,,,,,,,,,,,,,,,,,,,,,,,,,,THE,10738.0,29.9,3.0,54:46:00,32.481,12.7,23.6,55.4,21.7,58.7,2026.0,Ranked
1178.0,,Bayero University,Nigeria,,,,,,,,,,,,,,,,,,,,,,,,,,,THE,29362.0,16.9,0.0,44:56:00,32.4775,22.5,11.0,60.7,18.0,49.6,2026.0,Ranked
1179.0,,San Diego State University,United States,,,,,,,,,,,,,,,,,,,,,,,,,,,THE,33402.0,25.5,4.0,59:41:00,32.4725,22.9,12.8,57.2,57.0,34.2,2026.0,Ranked
1180.0,,University of Thessaly,Greece,,,,,,,,,,,,,,,,,,,,,,,,,,,THE,26976.0,28.7,3.0,51:49:00,32.45,14.3,15.5,64.7,43.1,34.7,2026.0,Ranked
1181.0,,Ardabil University of Medical Sciences,Iran,,,,,,,,,,,,,,,,,,,,,,,,,,,THE,3986.0,12.1,1.0,53:47:00,32.409,28.0,11.1,61.5,21.5,21.6,2026.0,Ranked
1182.0,,University of Bisha,Saudi Arabia,,,,,,,,,,,,,,,,,,,,,,,,,,,THE,14581.0,12.2,2.0,63:37:00,32.4035,19.4,8.8,59.5,16.9,74.7,2026.0,Ranked
1183.0,,Bahria University,Pakistan,,,,,,,,,,,,,,,,,,,,,,,,,,,THE,23030.0,20.0,1.0,48:52:00,32.3695,15.0,10.6,65.4,34.7,51.5,2026.0,Ranked
1184.0,,Aswan University,Egypt,,,,,,,,,,,,,,,,,,,,,,,,,,,THE,32185.0,31.6,0.0,50:50:00,32.31,16.0,11.9,64.9,22.6,50.2,2026.0,Ranked
1185.0,,University of Bahrain,Bahrain,,,,,,,,,,,,,,,,,,,,,,,,,,,THE,22268.0,25.2,6.0,73:27:00,32.299,14.0,15.2,60.8,21.4,62.2,2026.0,Ranked
1186.0,,Central University of Haryana,India,,,,,,,,,,,,,,,,,,,,,,,,,,,THE,4612.0,19.8,0.0,44:56:00,32.292,19.3,16.8,63.6,17.6,25.9,2026.0,Ranked
1187.0,,University of Pécs,Hungary,,,,,,,,,,,,,,,,,,,,,,,,,,,THE,15829.0,15.2,24.0,60:40:00,32.2875,32.4,18.7,38.3,40.6,55.9,2026.0,Ranked
1188.0,,Sumy State University,Ukraine,,,,,,,,,,,,,,,,,,,,,,,,,,,THE,7608.0,13.1,7.0,39 : 61,32.2545,20.6,16.4,56.1,21.6,49.7,2026.0,Ranked
1189.0,,University of South Bohemia in České Budějovice,Czechia,,,,,,,,,,,,,,,,,,,,,,,,,,,THE,9375.0,14.0,10.0,69:31:00,32.235,23.5,17.4,50.4,25.1,55.1,2026.0,Ranked
1190.0,,Medical University of Warsaw,Poland,,,,,,,,,,,,,,,,,,,,,,,,,,,THE,10277.0,6.4,10.0,73:27:00,32.23,28.7,12.6,52.2,48.8,33.3,2026.0,Ranked
1191.0,,Kore University of Enna,Italy,,,,,,,,,,,,,,,,,,,,,,,,,,,THE,6035.0,16.8,1.0,72:28:00,32.2225,17.8,16.6,57.8,43.0,41.3,2026.0,Ranked
1192.0,,University of Medicine and Pharmacy of Craiova,Romania,,,,,,,,,,,,,,,,,,,,,,,,,,,THE,4578.0,9.3,14.0,70:30:00,32.2155,26.1,10.4,59.4,23.0,36.8,2026.0,Ranked
1193.0,,Universiti Malaysia Sarawak (UNIMAS),Malaysia,,,,,,,,,,,,,,,,,,,,,,,,,,,THE,11981.0,15.5,14.0,70:30:00,32.205,31.4,22.1,29.7,77.7,60.2,2026.0,Ranked
1194.0,,Anadolu University,Turkey,,,,,,,,,,,,,,,,,,,,,,,,,,,THE,27577.0,21.0,6.0,53:47:00,32.204,23.4,10.8,62.6,22.1,33.4,2026.0,Ranked
1195.0,,University of Mohaghegh Ardabili,Iran,,,,,,,,,,,,,,,,,,,,,,,,,,,THE,15213.0,34.4,10.0,52:48:00,32.198,20.4,17.4,56.3,20.6,45.6,2026.0,Ranked
1196.0,,Institute of Space Technology,Pakistan,,,,,,,,,,,,,,,,,,,,,,,,,,,THE,2193.0,10.1,0.0,34 : 66,32.18,23.2,10.4,59.1,22.5,49.2,2026.0,Ranked
1197.0,,University of Botswana,Botswana,,,,,,,,,,,,,,,,,,,,,,,,,,,THE,18913.0,25.1,5.0,61:39:00,32.157,14.5,13.2,62.9,19.1,58.9,2026.0,Ranked
1198.0,,Financial University under the Government of the Russian Federation,Russia,,,,,,,,,,,,,,,,,,,,,,,,,,,THE,16514.0,13.7,13.0,57:43:00,32.1495,30.0,21.1,42.5,35.2,40.3,2026.0,Ranked
1199.0,,Jiangsu University of Science and Technology,China,,,,,,,,,,,,,,,,,,,,,,,,,,,THE,29068.0,16.0,3.0,,32.125,16.1,16.7,60.3,68.5,22.7,2026.0,Ranked
1200.0,,Universitat Internacional de Catalunya,Spain,,,,,,,,,,,,,,,,,,,,,,,,,,,THE,5729.0,4.5,32.0,65:35:00,32.102,26.1,11.2,50.2,21.3,69.9,2026.0,Ranked
1201.0,,"University of Education, Lahore",Pakistan,,,,,,,,,,,,,,,,,,,,,,,,,,,THE,29744.0,17.4,0.0,57:43:00,32.0975,13.6,8.8,70.3,16.4,50.5,2026.0,Ranked
1202.0,,Universitas Sebelas Maret,Indonesia,,,,,,,,,,,,,,,,,,,,,,,,,,,THE,27604.0,16.7,3.0,65:35:00,32.089,25.1,23.8,42.2,51.0,41.1,2026.0,Ranked
1203.0,,The New School,United States,,,,,,,,,,,,,,,,,,,,,,,,,,,THE,9536.0,10.1,38.0,75:25:00,32.0405,29.9,14.3,43.5,25.7,66.6,2026.0,Ranked
1204.0,,Tokyo University of Agriculture and Technology,Japan,,,,,,,,,,,,,,,,,,,,,,,,,,,THE,5923.0,14.2,7.0,36 : 64,32.038,34.0,25.5,28.0,82.2,39.0,2026.0,Ranked
1205.0,,Karunya Institute of Technology and Sciences,India,,,,,,,,,,,,,,,,,,,,,,,,,,,THE,7715.0,15.2,0.0,37 : 63,32.037,22.2,15.6,60.6,27.6,22.4,2026.0,Ranked
1206.0,,Istanbul University,Turkey,,,,,,,,,,,,,,,,,,,,,,,,,,,THE,55489.0,22.0,8.0,56:44:00,32.035,32.2,25.6,33.2,56.8,38.4,2026.0,Ranked
1207.0,,Athens University of Economics and Business,Greece,,,,,,,,,,,,,,,,,,,,,,,,,,,THE,9211.0,44.7,5.0,46:54:00,32.0315,18.7,24.6,45.3,63.4,43.4,2026.0,Ranked
1208.0,,University of Jeddah,Saudi Arabia,,,,,,,,,,,,,,,,,,,,,,,,,,,THE,30321.0,16.0,2.0,67:33:00,32.0265,16.8,11.0,59.1,21.2,70.7,2026.0,Ranked
1209.0,,University of Maragheh,Iran,,,,,,,,,,,,,,,,,,,,,,,,,,,THE,3719.0,24.5,9.0,59:41:00,32.0125,14.7,17.1,59.6,31.3,47.8,2026.0,Ranked
1210.0,,Saudi Electronic University,Saudi Arabia,,,,,,,,,,,,,,,,,,,,,,,,,,,THE,32325.0,36.4,8.0,46:54:00,31.98,10.6,9.6,65.4,19.1,75.8,2026.0,Ranked
1211.0,,Public University of Navarre,Spain,,,,,,,,,,,,,,,,,,,,,,,,,,,THE,8824.0,11.4,9.0,52:48:00,31.97,25.5,15.2,49.2,43.3,47.3,2026.0,Ranked
1212.0,,Université d’Orléans,France,,,,,,,,,,,,,,,,,,,,,,,,,,,THE,18607.0,19.8,15.0,50:50:00,31.958,20.3,16.6,46.1,51.7,70.1,2026.0,Ranked
1213.0,,University of Deusto,Spain,,,,,,,,,,,,,,,,,,,,,,,,,,,THE,10138.0,18.7,11.0,56:44:00,31.9165,20.7,20.6,49.3,39.9,46.0,2026.0,Ranked
1214.0,,Poznan University of Medical Sciences,Poland,,,,,,,,,,,,,,,,,,,,,,,,,,,THE,7512.0,5.7,10.0,73:27:00,31.908,31.1,14.3,47.8,44.1,33.1,2026.0,Ranked
1215.0,,University of Isfahan,Iran,,,,,,,,,,,,,,,,,,,,,,,,,,,THE,17094.0,22.6,5.0,58:42:00,31.8805,29.0,18.3,46.8,38.9,32.3,2026.0,Ranked
1216.0,,Ahmadu Bello University,Nigeria,,,,,,,,,,,,,,,,,,,,,,,,,,,THE,46669.0,16.5,0.0,37 : 63,31.8775,24.3,10.0,58.9,20.6,44.2,2026.0,Ranked
1217.0,,"Dr D. Y. Patil Vidyapeeth, Pune",India,,,,,,,,,,,,,,,,,,,,,,,,,,,THE,5568.0,10.2,2.0,62:38:00,31.874,43.5,11.1,38.7,20.0,45.5,2026.0,Ranked
1218.0,,National University of Computer and Emerging Sciences,Pakistan,,,,,,,,,,,,,,,,,,,,,,,,,,,THE,17199.0,22.4,2.0,26 : 74,31.8415,13.6,9.1,66.6,30.7,53.1,2026.0,Ranked
1219.0,,Bu-Ali Sina University,Iran,,,,,,,,,,,,,,,,,,,,,,,,,,,THE,10698.0,24.0,7.0,58:42:00,31.827,27.0,20.9,47.6,26.9,32.6,2026.0,Ranked
1220.0,,Hungarian University of Agriculture and Life Sciences,Hungary,,,,,,,,,,,,,,,,,,,,,,,,,,,THE,9478.0,11.0,16.0,59:41:00,31.824,33.2,13.2,42.0,25.3,61.2,2026.0,Ranked
1221.0,,"University of Occupational and Environmental Health, Japan",Japan,,,,,,,,,,,,,,,,,,,,,,,,,,,THE,1145.0,2.4,1.0,53:47:00,31.8165,29.0,11.9,53.1,53.7,23.1,2026.0,Ranked
1222.0,,Hakim Sabzevari University,Iran,,,,,,,,,,,,,,,,,,,,,,,,,,,THE,11500.0,24.4,4.0,60:40:00,31.746,18.1,11.5,63.5,18.6,43.7,2026.0,Ranked
1223.0,,Azarbaijan Shahid Madani University,Iran,,,,,,,,,,,,,,,,,,,,,,,,,,,THE,7326.0,17.8,9.0,57:43:00,31.7375,19.3,13.7,61.0,20.4,39.4,2026.0,Ranked
1224.0,,Kurume University,Japan,,,,,,,,,,,,,,,,,,,,,,,,,,,THE,4659.0,8.1,1.0,,31.7235,28.6,13.3,52.2,49.8,23.7,2026.0,Ranked
1225.0,,Fayoum University,Egypt,,,,,,,,,,,,,,,,,,,,,,,,,,,THE,52796.0,16.3,1.0,62:38:00,31.713,18.3,12.2,60.9,23.6,47.5,2026.0,Ranked
1226.0,,Ankara University,Turkey,,,,,,,,,,,,,,,,,,,,,,,,,,,THE,46452.0,19.7,7.0,57:43:00,31.71,35.5,17.0,41.3,35.5,33.3,2026.0,Ranked
1227.0,,Iuliu Haţieganu University of Medicine and Pharmacy Cluj-Napoca,Romania,,,,,,,,,,,,,,,,,,,,,,,,,,,THE,8247.0,8.7,37.0,68:32:00,31.7015,26.2,12.4,51.3,31.1,49.9,2026.0,Ranked
1228.0,,Universitas Gadjah Mada,Indonesia,,,,,,,,,,,,,,,,,,,,,,,,,,,THE,40174.0,8.1,5.0,58:42:00,31.695,33.1,24.0,31.3,57.2,43.9,2026.0,Ranked
1229.0,,Hindustan Institute of Technology and Science,India,,,,,,,,,,,,,,,,,,,,,,,,,,,THE,7766.0,10.6,6.0,40 : 60,31.6935,26.1,10.6,59.8,20.5,28.8,2026.0,Ranked
1230.0,,I. Horbachevsky Ternopil National Medical University,Ukraine,,,,,,,,,,,,,,,,,,,,,,,,,,,THE,5206.0,8.0,18.0,71:29:00,31.6825,24.9,9.8,60.0,16.5,37.8,2026.0,Ranked
1231.0,,Aichi Medical University,Japan,,,,,,,,,,,,,,,,,,,,,,,,,,,THE,1285.0,2.8,1.0,58:42:00,31.673,31.0,15.0,47.7,54.7,22.4,2026.0,Ranked
1232.0,,University of Ilorin,Nigeria,,,,,,,,,,,,,,,,,,,,,,,,,,,THE,48498.0,34.3,0.0,50:50:00,31.6695,15.5,12.6,64.8,20.2,42.6,2026.0,Ranked
1233.0,,University of Sargodha,Pakistan,,,,,,,,,,,,,,,,,,,,,,,,,,,THE,22199.0,29.4,0.0,59:41:00,31.6625,14.5,13.6,63.0,20.9,49.4,2026.0,Ranked
1234.0,,Galgotias University,India,,,,,,,,,,,,,,,,,,,,,,,,,,,THE,18462.0,14.8,3.0,36 : 64,31.607,21.3,10.9,64.2,19.5,28.3,2026.0,Ranked
1235.0,,Benha University,Egypt,,,,,,,,,,,,,,,,,,,,,,,,,,,THE,111190.0,28.9,1.0,46:54:00,31.5795,16.5,10.3,63.9,22.0,49.0,2026.0,Ranked
1236.0,,Ibn Tofaïl University,Morocco,,,,,,,,,,,,,,,,,,,,,,,,,,,THE,60057.0,73.1,3.0,58:42:00,31.569,26.6,22.2,47.8,22.6,27.2,2026.0,Ranked
1237.0,,"Shivaji University, Kolhapur",India,,,,,,,,,,,,,,,,,,,,,,,,,,,THE,6263.0,15.4,0.0,43:57:00,31.56,34.9,16.6,45.5,29.7,21.5,2026.0,Ranked
1238.0,,Bharathidasan University,India,,,,,,,,,,,,,,,,,,,,,,,,,,,THE,3430.0,20.1,0.0,53:47:00,31.558,34.7,18.3,41.1,32.3,31.9,2026.0,Ranked
1239.0,,Zhejiang University of Finance and Economics,China,,,,,,,,,,,,,,,,,,,,,,,,,,,THE,20962.0,21.4,2.0,61:39:00,31.5075,14.3,13.3,66.8,30.8,28.8,2026.0,Ranked
1240.0,,Nitte (Deemed to be University),India,,,,,,,,,,,,,,,,,,,,,,,,,,,THE,5020.0,8.9,2.0,67:33:00,31.444,43.2,12.5,40.5,19.5,28.6,2026.0,Ranked
1241.0,,Shahrood University of Technology,Iran,,,,,,,,,,,,,,,,,,,,,,,,,,,THE,9421.0,21.8,5.0,46:54:00,31.443,29.0,15.5,47.1,28.2,41.8,2026.0,Ranked
1242.0,,Persian Gulf University,Iran,,,,,,,,,,,,,,,,,,,,,,,,,,,THE,4978.0,21.2,7.0,57:43:00,31.4425,19.6,15.1,56.1,24.1,46.5,2026.0,Ranked
1243.0,,Walailak University,Thailand,,,,,,,,,,,,,,,,,,,,,,,,,,,THE,10993.0,15.2,2.0,71:29:00,31.442,19.4,15.4,56.4,18.7,47.8,2026.0,Ranked
1244.0,,Istanbul University-Cerrahpaşa,Turkey,,,,,,,,,,,,,,,,,,,,,,,,,,,THE,23338.0,18.0,6.0,52:48:00,31.423,30.3,21.2,39.1,63.6,27.5,2026.0,Ranked
1245.0,,Huaqiao University,China,,,,,,,,,,,,,,,,,,,,,,,,,,,THE,35586.0,18.0,21.0,48:52:00,31.402,15.8,15.0,51.4,46.4,68.2,2026.0,Ranked
1246.0,,Al-Baha University,Saudi Arabia,,,,,,,,,,,,,,,,,,,,,,,,,,,THE,17782.0,12.7,2.0,55:45:00,31.3925,19.5,9.1,54.9,21.9,75.4,2026.0,Ranked
1247.0,,Sahand University of Technology,Iran,,,,,,,,,,,,,,,,,,,,,,,,,,,THE,6325.0,28.6,12.0,43:57:00,31.354,28.8,13.6,47.9,47.6,35.2,2026.0,Ranked
1248.0,,University of Las Palmas de Gran Canaria,Spain,,,,,,,,,,,,,,,,,,,,,,,,,,,THE,16681.0,18.2,8.0,57:43:00,31.3515,21.4,26.9,42.7,32.5,41.7,2026.0,Ranked
1249.0,,Kansai Medical University,Japan,,,,,,,,,,,,,,,,,,,,,,,,,,,THE,1545.0,2.9,2.0,57:43:00,31.341,29.4,12.2,51.6,50.0,22.0,2026.0,Ranked
1250.0,,Oakland University,United States,,,,,,,,,,,,,,,,,,,,,,,,,,,THE,12914.0,15.8,4.0,58:42:00,31.284,27.7,16.7,44.5,50.8,38.5,2026.0,Ranked
1251.0,,National Taipei University of Technology,Taiwan,,,,,,,,,,,,,,,,,,,,,,,,,,,THE,10608.0,12.4,5.0,29 : 71,31.2825,26.4,22.5,36.5,82.8,36.1,2026.0,Ranked
1252.0,,VSB - Technical University of Ostrava,Czechia,,,,,,,,,,,,,,,,,,,,,,,,,,,THE,12121.0,16.2,15.0,33 : 67,31.258,25.6,20.9,38.5,48.5,55.4,2026.0,Ranked
1253.0,,Yaşar University,Turkey,,,,,,,,,,,,,,,,,,,,,,,,,,,THE,5975.0,10.8,3.0,51:49:00,31.181,21.5,11.8,57.8,21.1,43.1,2026.0,Ranked
1254.0,,University of Tripoli,Libya,,,,,,,,,,,,,,,,,,,,,,,,,,,THE,71060.0,18.9,2.0,63:37:00,31.1755,14.6,10.7,66.1,17.2,43.3,2026.0,Ranked
1255.0,,University of West London,United Kingdom,,,,,,,,,,,,,,,,,,,,,,,,,,,THE,16885.0,21.9,61.0,53:47:00,31.156,15.4,10.5,53.3,20.7,90.0,2026.0,Ranked
1256.0,,Technological University Dublin,Ireland,,,,,,,,,,,,,,,,,,,,,,,,,,,THE,19364.0,17.0,22.0,43:57:00,31.1205,17.6,14.7,48.8,54.7,64.5,2026.0,Ranked
1257.0,,University of Northern British Columbia (UNBC),Canada,,,,,,,,,,,,,,,,,,,,,,,,,,,THE,3008.0,15.3,15.0,62:38:00,31.111,21.0,22.5,44.4,19.9,57.0,2026.0,Ranked
1258.0,,Federal University of São Carlos,Brazil,,,,,,,,,,,,,,,,,,,,,,,,,,,THE,20250.0,14.2,1.0,50:50:00,31.102,34.3,21.5,33.5,55.4,33.1,2026.0,Ranked
1259.0,,National Chung Hsing University,Taiwan,,,,,,,,,,,,,,,,,,,,,,,,,,,THE,16156.0,13.0,9.0,43:57:00,31.092,24.6,25.4,35.8,74.6,36.6,2026.0,Ranked
1260.0,,University of A Coruña,Spain,,,,,,,,,,,,,,,,,,,,,,,,,,,THE,15460.0,12.6,6.0,52:48:00,31.055,24.1,18.6,46.1,46.6,38.1,2026.0,Ranked
1261.0,,Wilfrid Laurier University,Canada,,,,,,,,,,,,,,,,,,,,,,,,,,,THE,20600.0,25.8,10.0,,31.046,15.8,16.1,49.3,58.4,61.2,2026.0,Ranked
1262.0,,Czech Technical University in Prague,Czechia,,,,,,,,,,,,,,,,,,,,,,,,,,,THE,15476.0,8.2,21.0,31 : 69,31.0455,30.9,17.8,32.6,63.7,59.2,2026.0,Ranked
1263.0,,University of Duhok,Iraq,,,,,,,,,,,,,,,,,,,,,,,,,,,THE,20093.0,10.0,1.0,53:47:00,31.0135,24.2,8.1,61.3,19.7,31.3,2026.0,Ranked
1264.0,,Texas State University,United States,,,,,,,,,,,,,,,,,,,,,,,,,,,THE,31552.0,19.7,2.0,61:39:00,31.0125,18.9,20.2,48.4,40.6,45.8,2026.0,Ranked
1265.0,,Nicolaus Copernicus University in Toruń,Poland,,,,,,,,,,,,,,,,,,,,,,,,,,,THE,17163.0,11.1,6.0,67:33:00,31.009,29.6,23.1,38.6,33.2,35.6,2026.0,Ranked
1266.0,,King Mongkut's University of Technology North Bangkok,Thailand,,,,,,,,,,,,,,,,,,,,,,,,,,,THE,27960.0,22.6,1.0,40 : 60,30.97,17.8,15.3,55.9,57.3,29.6,2026.0,Ranked
1267.0,,University of Wrocław,Poland,,,,,,,,,,,,,,,,,,,,,,,,,,,THE,16900.0,15.3,8.0,66:34:00,30.961,28.7,21.8,37.9,35.5,45.1,2026.0,Ranked
1268.0,,Chittagong University of Engineering & Technology,Bangladesh,,,,,,,,,,,,,,,,,,,,,,,,,,,THE,5758.0,17.4,0.0,1.011805556,30.9185,13.7,11.7,67.2,23.1,32.0,2026.0,Ranked
1269.0,,University of Zagreb,Croatia,,,,,,,,,,,,,,,,,,,,,,,,,,,THE,62046.0,15.8,4.0,61:39:00,30.8685,27.6,19.1,41.8,57.5,31.3,2026.0,Ranked
1270.0,,Hangzhou Dianzi University (HDU),China,,,,,,,,,,,,,,,,,,,,,,,,,,,THE,27192.0,15.7,4.0,24 : 76,30.8455,17.7,17.9,50.1,71.7,33.8,2026.0,Ranked
1271.0,,Akdeniz University,Turkey,,,,,,,,,,,,,,,,,,,,,,,,,,,THE,39309.0,29.4,4.0,54:46:00,30.84,25.1,26.3,38.2,60.9,25.5,2026.0,Ranked
1272.0,,Chaudhary Charan Singh University - Meerut,India,,,,,,,,,,,,,,,,,,,,,,,,,,,THE,3519.0,15.0,0.0,36 : 64,30.8295,34.4,11.0,45.8,32.1,32.9,2026.0,Ranked
1273.0,,Rowan University,United States,,,,,,,,,,,,,,,,,,,,,,,,,,,THE,17484.0,13.3,6.0,50:50:00,30.759,29.6,13.2,45.3,40.6,39.8,2026.0,Ranked
1274.0,,Ilam University,Iran,,,,,,,,,,,,,,,,,,,,,,,,,,,THE,4588.0,19.0,10.0,49:51:00,30.7225,23.1,12.3,54.2,36.4,35.0,2026.0,Ranked
1275.0,,Suez Canal University,Egypt,,,,,,,,,,,,,,,,,,,,,,,,,,,THE,51841.0,14.4,2.0,45:55:00,30.6935,20.0,9.9,56.3,28.5,51.9,2026.0,Ranked
1276.0,,University of South Africa,South Africa,,,,,,,,,,,,,,,,,,,,,,,,,,,THE,207954.0,84.5,2.0,75:25:00,30.6545,19.7,17.8,51.0,30.4,42.2,2026.0,Ranked
1277.0,,Necmettin Erbakan University,Turkey,,,,,,,,,,,,,,,,,,,,,,,,,,,THE,18947.0,12.0,13.0,52:48:00,30.645,37.5,15.2,37.3,23.3,40.7,2026.0,Ranked
1278.0,,Khon Kaen University,Thailand,,,,,,,,,,,,,,,,,,,,,,,,,,,THE,32602.0,16.3,2.0,61:39:00,30.6365,28.6,17.3,41.8,49.5,35.5,2026.0,Ranked
1279.0,,Banasthali University,India,,,,,,,,,,,,,,,,,,,,,,,,,,,THE,12751.0,22.4,2.0,99:01:00,30.6305,29.8,13.4,50.1,29.4,23.3,2026.0,Ranked
1280.0,,Pondicherry University,India,,,,,,,,,,,,,,,,,,,,,,,,,,,THE,9378.0,20.3,0.0,46:54:00,30.628,34.1,17.4,40.6,41.0,22.7,2026.0,Ranked
1281.0,,University of Trás-os-Montes and Alto Douro,Portugal,,,,,,,,,,,,,,,,,,,,,,,,,,,THE,8611.0,14.4,9.0,53:47:00,30.6145,19.6,20.9,47.3,38.6,40.5,2026.0,Ranked
1282.0,,Osmania University,India,,,,,,,,,,,,,,,,,,,,,,,,,,,THE,10493.0,25.3,2.0,48:52:00,30.611,34.7,19.0,39.2,34.3,23.1,2026.0,Ranked
1283.0,,Nagoya City University,Japan,,,,,,,,,,,,,,,,,,,,,,,,,,,THE,4602.0,5.8,4.0,54:46:00,30.601,30.8,18.0,38.5,69.5,26.2,2026.0,Ranked
1284.0,,Xiangtan University,China,,,,,,,,,,,,,,,,,,,,,,,,,,,THE,38768.0,20.0,0.0,49:51:00,30.5975,18.6,17.4,53.6,56.3,23.1,2026.0,Ranked
1285.0,,Icesi University,Colombia,,,,,,,,,,,,,,,,,,,,,,,,,,,THE,5974.0,11.9,3.0,52:48:00,30.5885,20.3,12.1,57.0,21.4,41.8,2026.0,Ranked
1286.0,,Kwame Nkrumah University of Science and Technology,Ghana,,,,,,,,,,,,,,,,,,,,,,,,,,,THE,76838.0,46.8,1.0,39 : 61,30.581,17.7,16.6,53.3,26.7,46.5,2026.0,Ranked
1287.0,,Kuwait University,Kuwait,,,,,,,,,,,,,,,,,,,,,,,,,,,THE,29943.0,18.3,13.0,73:27:00,30.565,18.0,11.4,53.7,33.1,60.2,2026.0,Ranked
1288.0,,October 6 University,Egypt,,,,,,,,,,,,,,,,,,,,,,,,,,,THE,28613.0,15.3,7.0,53:47:00,30.534,19.8,8.4,61.7,16.8,41.0,2026.0,Ranked
1289.0,,Soonchunhyang University,South Korea,,,,,,,,,,,,,,,,,,,,,,,,,,,THE,8983.0,19.4,6.0,50:50:00,30.5245,22.6,27.9,35.8,63.6,33.1,2026.0,Ranked
1290.0,,Duzce University,Turkey,,,,,,,,,,,,,,,,,,,,,,,,,,,THE,21362.0,32.2,7.0,46:54:00,30.519,19.3,20.1,48.3,56.6,29.9,2026.0,Ranked
1291.0,,Pukyong National University,South Korea,,,,,,,,,,,,,,,,,,,,,,,,,,,THE,16710.0,18.1,8.0,47:53:00,30.481,30.3,20.4,36.1,54.1,35.1,2026.0,Ranked
1292.0,,"Amity University, Gurugram",India,,,,,,,,,,,,,,,,,,,,,,,,,,,THE,5677.0,14.8,1.0,52:48:00,30.4785,24.9,13.4,53.6,17.3,33.0,2026.0,Ranked
1293.0,,Democritus University of Thrace,Greece,,,,,,,,,,,,,,,,,,,,,,,,,,,THE,23828.0,33.9,4.0,57:43:00,30.4675,17.4,16.8,56.1,37.0,28.7,2026.0,Ranked
1294.0,,University of Urbino Carlo Bo,Italy,,,,,,,,,,,,,,,,,,,,,,,,,,,THE,15123.0,38.0,6.0,65:35:00,30.4525,17.6,19.9,47.6,36.3,50.1,2026.0,Ranked
1295.0,,National Chengchi University,Taiwan,,,,,,,,,,,,,,,,,,,,,,,,,,,THE,13230.0,15.7,16.0,57:43:00,30.4405,27.1,28.9,25.1,62.5,53.8,2026.0,Ranked
1296.0,,Menoufia University,Egypt,,,,,,,,,,,,,,,,,,,,,,,,,,,THE,129699.0,26.1,1.0,45:55:00,30.4335,15.9,10.5,59.7,28.2,48.8,2026.0,Ranked
1297.0,,Seoul National University of Science and Technology (SeoulTech),South Korea,,,,,,,,,,,,,,,,,,,,,,,,,,,THE,8106.0,11.8,13.0,38 : 62,30.4305,30.3,21.7,35.1,52.6,34.2,2026.0,Ranked
1298.0,,University of Anbar,Iraq,,,,,,,,,,,,,,,,,,,,,,,,,,,THE,27797.0,11.1,1.0,57:43:00,30.418,25.0,11.1,53.2,36.6,32.0,2026.0,Ranked
1299.0,,University of Engineering & Technology (UET) Lahore,Pakistan,,,,,,,,,,,,,,,,,,,,,,,,,,,THE,13860.0,13.5,2.0,33 : 67,30.415,20.2,10.5,54.3,32.4,51.0,2026.0,Ranked
1300.0,,Assiut University,Egypt,,,,,,,,,,,,,,,,,,,,,,,,,,,THE,86744.0,13.2,5.0,51:49:00,30.4025,23.6,12.4,48.3,25.3,57.9,2026.0,Ranked
1301.0,,Gebze Technical University,Turkey,,,,,,,,,,,,,,,,,,,,,,,,,,,THE,8171.0,25.3,5.0,45:55:00,30.4,24.9,22.5,40.0,37.3,40.5,2026.0,Ranked
1302.0,,Miguel Hernández University of Elche,Spain,,,,,,,,,,,,,,,,,,,,,,,,,,,THE,11551.0,15.2,11.0,52:48:00,30.395,22.0,18.4,42.9,62.6,42.6,2026.0,Ranked
1303.0,,Hyogo Medical University,Japan,,,,,,,,,,,,,,,,,,,,,,,,,,,THE,2613.0,4.7,1.0,59:41:00,30.385,31.0,14.2,45.0,52.3,20.4,2026.0,Ranked
1304.0,,Niigata University,Japan,,,,,,,,,,,,,,,,,,,,,,,,,,,THE,11826.0,7.1,3.0,37 : 63,30.3815,31.2,15.7,40.9,54.3,29.1,2026.0,Ranked
1305.0,,DIT University,India,,,,,,,,,,,,,,,,,,,,,,,,,,,THE,5304.0,15.8,3.0,31 : 69,30.365,18.7,11.3,63.2,17.1,25.7,2026.0,Ranked
1306.0,,Diego Portales University,Chile,,,,,,,,,,,,,,,,,,,,,,,,,,,THE,18505.0,17.1,3.0,50:50:00,30.333,16.1,12.2,57.4,19.2,54.1,2026.0,Ranked
1307.0,,Mawlana Bhashani Science and Technology University,Bangladesh,,,,,,,,,,,,,,,,,,,,,,,,,,,THE,4644.0,17.1,0.0,41:59:00,30.328,13.8,8.7,64.8,19.6,46.8,2026.0,Ranked
1308.0,,Universitas Airlangga,Indonesia,,,,,,,,,,,,,,,,,,,,,,,,,,,THE,32097.0,7.2,8.0,66:34:00,30.2505,28.6,14.1,39.2,24.8,66.3,2026.0,Ranked
1309.0,,Salahaddin University–Erbil,Iraq,,,,,,,,,,,,,,,,,,,,,,,,,,,THE,26525.0,10.5,1.0,54:46:00,30.2475,23.4,8.3,60.1,17.0,29.7,2026.0,Ranked
1310.0,,Guru Jambheshwar University of Science and Technology,India,,,,,,,,,,,,,,,,,,,,,,,,,,,THE,7520.0,18.9,0.0,45:55:00,30.233,31.5,11.4,49.9,32.3,18.3,2026.0,Ranked
1311.0,,Austral University,Argentina,,,,,,,,,,,,,,,,,,,,,,,,,,,THE,6488.0,10.8,8.0,55:45:00,30.2045,23.0,11.8,50.6,22.0,52.5,2026.0,Ranked
1312.0,,Biruni University,Turkey,,,,,,,,,,,,,,,,,,,,,,,,,,,THE,12510.0,22.2,17.0,70:30:00,30.1995,14.7,11.3,58.8,17.9,56.4,2026.0,Ranked
1313.0,,Babeş-Bolyai University,Romania,,,,,,,,,,,,,,,,,,,,,,,,,,,THE,40388.0,18.8,5.0,64:36:00,30.194,20.7,18.6,48.1,32.9,39.3,2026.0,Ranked
1314.0,,Port Said University,Egypt,,,,,,,,,,,,,,,,,,,,,,,,,,,THE,31634.0,33.5,1.0,55:45:00,30.1635,13.3,10.3,61.4,29.7,48.6,2026.0,Ranked
1315.0,,"Indian Institute of Science Education and Research, Pune",India,,,,,,,,,,,,,,,,,,,,,,,,,,,THE,1816.0,11.9,0.0,32 : 68,30.1255,36.5,19.8,31.8,31.4,37.6,2026.0,Ranked
1316.0,,Brno University of Technology,Czechia,,,,,,,,,,,,,,,,,,,,,,,,,,,THE,17555.0,14.5,26.0,28 : 72,30.113,24.6,17.7,34.5,73.7,59.0,2026.0,Ranked
1317.0,,Brock University,Canada,,,,,,,,,,,,,,,,,,,,,,,,,,,THE,21118.0,22.0,19.0,57:43:00,30.06,15.0,18.4,48.0,42.1,56.2,2026.0,Ranked
1318.0,,Inönü University,Turkey,,,,,,,,,,,,,,,,,,,,,,,,,,,THE,26262.0,29.7,3.0,52:48:00,30.0485,23.1,15.5,52.6,31.6,22.6,2026.0,Ranked
1319.0,,Kindai University,Japan,,,,,,,,,,,,,,,,,,,,,,,,,,,THE,34923.0,23.2,2.0,32 : 68,30.0415,17.6,13.3,53.6,60.0,33.5,2026.0,Ranked
1320.0,,Mohammed V University of Rabat,Morocco,,,,,,,,,,,,,,,,,,,,,,,,,,,THE,82902.0,37.8,4.0,55:45:00,30.034,29.3,16.1,41.9,43.6,32.1,2026.0,Ranked
1321.0,,Hitotsubashi University,Japan,,,,,,,,,,,,,,,,,,,,,,,,,,,THE,6105.0,14.6,14.0,33 : 67,30.025,32.5,21.8,27.6,25.7,64.1,2026.0,Ranked
1322.0,,Noakhali Science and Technology University (NSTU),Bangladesh,,,,,,,,,,,,,,,,,,,,,,,,,,,THE,9184.0,22.2,0.0,44:56:00,29.997,11.3,9.4,65.5,17.0,48.1,2026.0,Ranked
1323.0,,Institut Teknologi Bandung,Indonesia,,,,,,,,,,,,,,,,,,,,,,,,,,,THE,28425.0,19.4,6.0,44:56:00,29.9955,23.9,25.6,34.8,68.9,31.0,2026.0,Ranked
1324.0,,Universidade Federal do Paraná (UFPR),Brazil,,,,,,,,,,,,,,,,,,,,,,,,,,,THE,33204.0,12.2,8.0,50:50:00,29.98,37.2,18.5,29.7,51.9,35.4,2026.0,Ranked
1325.0,,The University of Electro-Communications,Japan,,,,,,,,,,,,,,,,,,,,,,,,,,,THE,4621.0,14.6,5.0,0.561111111,29.9495,25.7,24.1,32.3,69.1,39.0,2026.0,Ranked
1326.0,,Comenius University Bratislava,Slovakia,,,,,,,,,,,,,,,,,,,,,,,,,,,THE,22226.0,10.4,17.0,65:35:00,29.9305,29.4,17.0,37.2,30.0,52.9,2026.0,Ranked
1327.0,,Hallym University,South Korea,,,,,,,,,,,,,,,,,,,,,,,,,,,THE,7676.0,8.5,4.0,,29.9245,26.8,19.9,39.7,62.5,24.5,2026.0,Ranked
1328.0,,Al-Hussein Bin Talal University,Jordan,,,,,,,,,,,,,,,,,,,,,,,,,,,THE,12333.0,33.2,1.0,55:45:00,29.884,10.8,11.6,62.8,18.6,50.0,2026.0,Ranked
1329.0,,Mendel University in Brno,Czechia,,,,,,,,,,,,,,,,,,,,,,,,,,,THE,9185.0,16.2,17.0,54:46:00,29.88,25.4,18.2,39.7,23.1,57.0,2026.0,Ranked
1330.0,,Sathyabama Institute of Science and Technology,India,,,,,,,,,,,,,,,,,,,,,,,,,,,THE,17560.0,12.5,4.0,49:51:00,29.8435,30.9,10.7,48.6,24.0,27.8,2026.0,Ranked
1331.0,,National Institute of Technology Delhi,India,,,,,,,,,,,,,,,,,,,,,,,,,,,THE,1329.0,13.8,3.0,49:51:00,29.828,32.7,13.9,44.5,20.7,26.3,2026.0,Ranked
1332.0,,"Mehran University of Engineering and Technology, Jamshoro, Pakistan",Pakistan,,,,,,,,,,,,,,,,,,,,,,,,,,,THE,8176.0,18.4,0.0,25 : 75,29.8075,16.1,11.0,56.2,32.2,49.6,2026.0,Ranked
1333.0,,University of Sfax,Tunisia,,,,,,,,,,,,,,,,,,,,,,,,,,,THE,33852.0,9.7,4.0,65:35:00,29.8005,29.7,12.3,41.5,39.3,46.0,2026.0,Ranked
1334.0,,Wuhan Textile University,China,,,,,,,,,,,,,,,,,,,,,,,,,,,THE,24241.0,15.2,2.0,50:50:00,29.795,16.3,12.4,57.9,55.7,23.9,2026.0,Ranked
1335.0,,University of Ioannina,Greece,,,,,,,,,,,,,,,,,,,,,,,,,,,THE,33322.0,38.1,3.0,54:46:00,29.763,16.9,15.7,50.5,52.8,39.5,2026.0,Ranked
1336.0,,University of Žilina,Slovakia,,,,,,,,,,,,,,,,,,,,,,,,,,,THE,7418.0,15.1,7.0,33 : 67,29.7455,26.2,19.6,39.9,45.5,33.9,2026.0,Ranked
1337.0,,Maharishi Markandeshwar University (MMU),India,,,,,,,,,,,,,,,,,,,,,,,,,,,THE,11662.0,12.5,6.0,43:57:00,29.7445,28.8,10.3,50.5,19.1,31.3,2026.0,Ranked
1338.0,,University of Évora,Portugal,,,,,,,,,,,,,,,,,,,,,,,,,,,THE,8196.0,14.0,17.0,58:42:00,29.7265,25.0,21.5,36.8,25.1,54.3,2026.0,Ranked
1339.0,,University of León,Spain,,,,,,,,,,,,,,,,,,,,,,,,,,,THE,9699.0,10.9,5.0,54:46:00,29.6965,24.9,15.9,41.8,61.0,36.8,2026.0,Ranked
1340.0,,Yazd University,Iran,,,,,,,,,,,,,,,,,,,,,,,,,,,THE,13519.0,29.7,3.0,58:42:00,29.623,21.6,18.5,44.8,44.4,35.6,2026.0,Ranked
1341.0,,University of Guilan,Iran,,,,,,,,,,,,,,,,,,,,,,,,,,,THE,17021.0,31.2,1.0,58:42:00,29.621,26.0,18.4,44.5,34.0,25.4,2026.0,Ranked
1342.0,,"University of Chemistry and Technology, Prague",Czechia,,,,,,,,,,,,,,,,,,,,,,,,,,,THE,4505.0,8.8,29.0,57:43:00,29.6165,37.3,14.7,26.9,55.0,54.4,2026.0,Ranked
1343.0,,HES-SO University of Applied Sciences and Arts of Western Switzerland,Switzerland,,,,,,,,,,,,,,,,,,,,,,,,,,,THE,17517.0,6.0,29.0,54:46:00,29.5735,24.5,13.8,36.2,29.6,84.0,2026.0,Ranked
1344.0,,University of Mauritius,Mauritius,,,,,,,,,,,,,,,,,,,,,,,,,,,THE,9108.0,26.0,7.0,58:42:00,29.558,27.5,14.9,42.2,41.3,37.5,2026.0,Ranked
1345.0,,Université de Poitiers,France,,,,,,,,,,,,,,,,,,,,,,,,,,,THE,28005.0,17.7,13.0,59:41:00,29.5315,27.5,20.9,30.5,39.7,61.6,2026.0,Ranked
1346.0,,Kangwon National University,South Korea,,,,,,,,,,,,,,,,,,,,,,,,,,,THE,20621.0,20.1,3.0,42:58:00,29.5195,24.6,24.9,36.6,54.1,25.3,2026.0,Ranked
1347.0,,Chaoyang University of Technology,Taiwan,,,,,,,,,,,,,,,,,,,,,,,,,,,THE,13390.0,34.9,6.0,55:45:00,29.51,15.5,22.8,42.6,53.7,45.3,2026.0,Ranked
1348.0,,University of Nebraska Omaha,United States,,,,,,,,,,,,,,,,,,,,,,,,,,,THE,13614.0,17.1,5.0,57:43:00,29.5085,17.9,16.9,49.8,41.8,36.2,2026.0,Ranked
1349.0,,University of Technology of Compiègne,France,,,,,,,,,,,,,,,,,,,,,,,,,,,THE,4377.0,16.0,18.0,42:58:00,29.501,28.7,11.6,30.6,58.7,81.9,2026.0,Ranked
1350.0,,Ibn Zohr University,Morocco,,,,,,,,,,,,,,,,,,,,,,,,,,,THE,145463.0,130.0,1.0,50:50:00,29.4925,20.9,11.8,55.1,21.0,33.8,2026.0,Ranked
1351.0,,Gazi University,Turkey,,,,,,,,,,,,,,,,,,,,,,,,,,,THE,44013.0,19.9,4.0,52:48:00,29.485,27.3,19.6,37.1,69.5,24.5,2026.0,Ranked
1352.0,,SWPS University,Poland,,,,,,,,,,,,,,,,,,,,,,,,,,,THE,14605.0,31.5,7.0,77:23:00,29.458,15.8,17.0,49.5,32.8,49.4,2026.0,Ranked
1353.0,,Canterbury Christ Church University,United Kingdom,,,,,,,,,,,,,,,,,,,,,,,,,,,THE,23395.0,38.4,55.0,57:43:00,29.4325,18.0,13.5,46.3,19.0,74.1,2026.0,Ranked
1354.0,,Manipal University Jaipur,India,,,,,,,,,,,,,,,,,,,,,,,,,,,THE,12438.0,14.0,5.0,46:54:00,29.413,22.5,13.9,51.1,27.8,30.7,2026.0,Ranked
1355.0,,University of Chittagong,Bangladesh,,,,,,,,,,,,,,,,,,,,,,,,,,,THE,26397.0,24.0,0.0,41:59:00,29.4095,11.5,9.5,60.7,22.8,55.2,2026.0,Ranked
1356.0,,Universidad San Francisco de Quito,Ecuador,,,,,,,,,,,,,,,,,,,,,,,,,,,THE,8153.0,9.0,4.0,50:50:00,29.3985,24.0,12.1,44.2,19.3,63.7,2026.0,Ranked
1357.0,,"Vietnam National University, Hanoi",Vietnam,,,,,,,,,,,,,,,,,,,,,,,,,,,THE,67238.0,18.9,0.0,61:39:00,29.387,17.7,11.5,54.6,28.2,44.3,2026.0,Ranked
1358.0,,Nagasaki University,Japan,,,,,,,,,,,,,,,,,,,,,,,,,,,THE,8747.0,6.7,5.0,39 : 61,29.37,30.1,16.0,35.4,55.2,40.3,2026.0,Ranked
1359.0,,Urmia University of Technology,Iran,,,,,,,,,,,,,,,,,,,,,,,,,,,THE,3145.0,24.8,14.0,29 : 71,29.311,12.2,14.3,56.7,22.0,49.0,2026.0,Ranked
1360.0,,Kohat University of Science and Technology,Pakistan,,,,,,,,,,,,,,,,,,,,,,,,,,,THE,10175.0,45.4,0.0,25 : 75,29.31,17.1,13.0,51.0,21.7,57.7,2026.0,Ranked
1361.0,,Tomas Bata University in Zlín,Czechia,,,,,,,,,,,,,,,,,,,,,,,,,,,THE,8964.0,18.4,12.0,56:44:00,29.305,22.7,21.1,37.7,28.8,53.7,2026.0,Ranked
1362.0,,Changzhou University,China,,,,,,,,,,,,,,,,,,,,,,,,,,,THE,29126.0,17.0,2.0,,29.297,15.5,14.4,54.3,66.9,21.1,2026.0,Ranked
1363.0,,Immanuel Kant Baltic Federal University,Russia,,,,,,,,,,,,,,,,,,,,,,,,,,,THE,6711.0,16.3,19.0,58:42:00,29.2775,37.1,22.1,20.3,37.1,58.0,2026.0,Ranked
1364.0,,Chung Yuan Christian University,Taiwan,,,,,,,,,,,,,,,,,,,,,,,,,,,THE,14676.0,30.2,8.0,47:53:00,29.2745,18.9,24.2,36.4,64.9,42.2,2026.0,Ranked
1365.0,,University of Staffordshire,United Kingdom,,,,,,,,,,,,,,,,,,,,,,,,,,,THE,15275.0,23.0,22.0,49:51:00,29.2325,16.3,12.3,48.0,23.8,73.4,2026.0,Ranked
1366.0,,Gifu University,Japan,,,,,,,,,,,,,,,,,,,,,,,,,,,THE,7064.0,15.3,4.0,38 : 62,29.206,27.7,23.9,30.0,68.9,31.3,2026.0,Ranked
1367.0,,Lorestan University,Iran,,,,,,,,,,,,,,,,,,,,,,,,,,,THE,9397.0,23.7,7.0,46:54:00,29.189,22.9,11.3,51.9,24.6,34.7,2026.0,Ranked
1368.0,,National Kaohsiung University of Science and Technology,Taiwan,,,,,,,,,,,,,,,,,,,,,,,,,,,THE,28069.0,32.6,2.0,36 : 64,29.1595,17.0,22.8,41.7,71.0,29.1,2026.0,Ranked
1369.0,,Indian Institute of Science Education and Research Bhopal,India,,,,,,,,,,,,,,,,,,,,,,,,,,,THE,2194.0,14.2,0.0,39 : 61,29.15,38.3,21.5,29.4,25.1,23.9,2026.0,Ranked
1370.0,,University of Rouen Normandie,France,,,,,,,,,,,,,,,,,,,,,,,,,,,THE,31367.0,23.8,14.0,61:39:00,29.123,24.9,13.9,38.3,51.6,55.9,2026.0,Ranked
1371.0,,University of Cadiz,Spain,,,,,,,,,,,,,,,,,,,,,,,,,,,THE,18319.0,15.7,10.0,61:39:00,29.122,21.2,18.3,42.7,37.4,43.4,2026.0,Ranked
1372.0,,University of Valladolid,Spain,,,,,,,,,,,,,,,,,,,,,,,,,,,THE,21685.0,12.1,8.0,57:43:00,29.1075,24.8,16.7,40.7,44.4,39.5,2026.0,Ranked
1373.0,,University of Malaga,Spain,,,,,,,,,,,,,,,,,,,,,,,,,,,THE,36545.0,13.6,6.0,54:46:00,29.086,21.1,17.1,42.1,54.0,41.5,2026.0,Ranked
1374.0,,University of Jendouba,Tunisia,,,,,,,,,,,,,,,,,,,,,,,,,,,THE,12953.0,21.4,0.0,71:29:00,29.058,19.2,23.2,37.1,51.4,46.4,2026.0,Ranked
1375.0,,Woosong University,South Korea,,,,,,,,,,,,,,,,,,,,,,,,,,,THE,10350.0,15.4,21.0,44:56:00,29.0435,19.1,10.4,43.2,24.2,86.2,2026.0,Ranked
1376.0,,University of the Philippines,Philippines,,,,,,,,,,,,,,,,,,,,,,,,,,,THE,54405.0,10.7,0.0,57:43:00,29.025,27.4,17.9,39.0,28.9,38.6,2026.0,Ranked
1377.0,,University of Winchester,United Kingdom,,,,,,,,,,,,,,,,,,,,,,,,,,,THE,7060.0,16.0,12.0,66:34:00,29.001,19.0,15.4,45.4,18.0,61.2,2026.0,Ranked
1378.0,,Jiangxi Normal University (JXNU),China,,,,,,,,,,,,,,,,,,,,,,,,,,,THE,35356.0,20.5,0.0,67:33:00,28.972,13.7,13.0,60.2,38.7,20.7,2026.0,Ranked
1379.0,,Universitas Padjadjaran,Indonesia,,,,,,,,,,,,,,,,,,,,,,,,,,,THE,32501.0,7.6,5.0,61:39:00,28.941,32.5,13.0,35.1,27.9,52.5,2026.0,Ranked
1380.0,,University of Concepción,Chile,,,,,,,,,,,,,,,,,,,,,,,,,,,THE,29870.0,17.0,2.0,52:48:00,28.9305,19.3,18.1,40.9,47.7,50.8,2026.0,Ranked
1381.0,,University Rey Juan Carlos,Spain,,,,,,,,,,,,,,,,,,,,,,,,,,,THE,39309.0,17.3,6.0,57:43:00,28.9215,18.7,15.3,47.4,46.7,38.4,2026.0,Ranked
1382.0,,Toyohashi University of Technology (TUT),Japan,,,,,,,,,,,,,,,,,,,,,,,,,,,THE,1998.0,10.2,13.0,0.643055556,28.9195,30.7,23.6,21.4,83.6,43.4,2026.0,Ranked
1383.0,,Sakarya University,Turkey,,,,,,,,,,,,,,,,,,,,,,,,,,,THE,41615.0,36.6,9.0,52:48:00,28.901,21.8,13.8,49.7,26.7,33.2,2026.0,Ranked
1384.0,,Jeju National University,South Korea,,,,,,,,,,,,,,,,,,,,,,,,,,,THE,10335.0,15.0,4.0,53:47:00,28.9005,25.3,20.2,38.6,44.1,29.8,2026.0,Ranked
1385.0,,Gyeongsang National University,South Korea,,,,,,,,,,,,,,,,,,,,,,,,,,,THE,16298.0,12.6,2.0,44:56:00,28.8265,27.8,19.5,36.0,55.7,25.9,2026.0,Ranked
1386.0,,"Visvesvaraya National Institute of Technology, Nagpur",India,,,,,,,,,,,,,,,,,,,,,,,,,,,THE,4762.0,16.5,2.0,1.011805556,28.806,32.7,12.8,41.6,36.5,20.1,2026.0,Ranked
1387.0,,Medical University of Silesia in Katowice,Poland,,,,,,,,,,,,,,,,,,,,,,,,,,,THE,10184.0,6.9,5.0,74:26:00,28.7645,30.1,13.0,42.9,32.0,26.2,2026.0,Ranked
1388.0,,Medical University of Lublin,Poland,,,,,,,,,,,,,,,,,,,,,,,,,,,THE,6902.0,5.9,13.0,73:27:00,28.7365,33.5,14.6,35.2,38.5,33.6,2026.0,Ranked
1389.0,,University of Maribor,Slovenia,,,,,,,,,,,,,,,,,,,,,,,,,,,THE,13082.0,13.9,14.0,55:45:00,28.733,21.5,18.0,41.2,46.2,39.5,2026.0,Ranked
1390.0,,The Jikei University School of Medicine,Japan,,,,,,,,,,,,,,,,,,,,,,,,,,,THE,1077.0,0.8,1.0,52:48:00,28.7325,30.3,11.2,43.9,45.4,20.8,2026.0,Ranked
1391.0,,Ege University,Turkey,,,,,,,,,,,,,,,,,,,,,,,,,,,THE,30191.0,13.7,4.0,53:47:00,28.7295,35.0,14.0,34.2,51.3,27.1,2026.0,Ranked
1392.0,,Kashan University of Medical Sciences and Health Services,Iran,,,,,,,,,,,,,,,,,,,,,,,,,,,THE,3416.0,0.7,4.0,57:43:00,28.725,29.2,9.0,48.7,17.9,29.0,2026.0,Ranked
1393.0,,Universidade Eduardo Mondlane,Mozambique,,,,,,,,,,,,,,,,,,,,,,,,,,,THE,41967.0,24.9,1.0,44:56:00,28.713,11.3,8.7,60.3,21.1,52.3,2026.0,Ranked
1394.0,,Fu Jen Catholic University,Taiwan,,,,,,,,,,,,,,,,,,,,,,,,,,,THE,19288.0,25.9,5.0,59:41:00,28.6825,23.1,27.6,28.5,76.6,30.0,2026.0,Ranked
1395.0,,Ho Chi Minh City Open University,Vietnam,,,,,,,,,,,,,,,,,,,,,,,,,,,THE,29906.0,45.6,0.0,64:36:00,28.6585,10.1,10.9,63.1,16.2,39.2,2026.0,Ranked
1396.0,,Nelson Mandela University,South Africa,,,,,,,,,,,,,,,,,,,,,,,,,,,THE,24272.0,34.8,2.0,60:40:00,28.6425,20.9,16.8,43.2,34.0,43.8,2026.0,Ranked
1397.0,,"Federal University of Technology, Minna",Nigeria,,,,,,,,,,,,,,,,,,,,,,,,,,,THE,26887.0,23.7,0.0,0.970833333,28.6405,22.3,8.5,51.8,17.8,44.6,2026.0,Ranked
1398.0,,University of Nigeria Nsukka,Nigeria,,,,,,,,,,,,,,,,,,,,,,,,,,,THE,45307.0,11.1,1.0,46:54:00,28.637,32.0,11.0,40.3,20.3,41.4,2026.0,Ranked
1399.0,,Prince of Songkla University,Thailand,,,,,,,,,,,,,,,,,,,,,,,,,,,THE,33623.0,13.1,2.0,68:32:00,28.6325,24.3,16.0,39.4,51.6,39.2,2026.0,Ranked
1400.0,,University of Burgos,Spain,,,,,,,,,,,,,,,,,,,,,,,,,,,THE,8300.0,14.2,5.0,56:44:00,28.6265,21.8,16.7,44.9,29.0,36.3,2026.0,Ranked
1401.0,,South Valley University (Egypt),Egypt,,,,,,,,,,,,,,,,,,,,,,,,,,,THE,65017.0,29.3,0.0,56:44:00,28.62,12.8,9.3,58.9,19.3,49.4,2026.0,Ranked
1402.0,,Tezpur University,India,,,,,,,,,,,,,,,,,,,,,,,,,,,THE,4573.0,13.0,0.0,45:55:00,28.6045,33.1,17.3,36.8,33.2,19.4,2026.0,Ranked
1403.0,,Damanhour University,Egypt,,,,,,,,,,,,,,,,,,,,,,,,,,,THE,52549.0,34.5,0.0,62:38:00,28.5915,15.0,9.4,56.9,17.2,49.1,2026.0,Ranked
1404.0,,University of Mazandaran,Iran,,,,,,,,,,,,,,,,,,,,,,,,,,,THE,11383.0,24.1,3.0,64:36:00,28.5835,26.6,16.2,43.0,25.4,28.3,2026.0,Ranked
1405.0,,Medical University of Bialystok,Poland,,,,,,,,,,,,,,,,,,,,,,,,,,,THE,5930.0,12.5,8.0,77:23:00,28.578,31.9,12.1,39.1,41.4,30.3,2026.0,Ranked
1406.0,,University of Colima,Mexico,,,,,,,,,,,,,,,,,,,,,,,,,,,THE,14655.0,6.5,0.0,52:48:00,28.5735,23.4,8.2,54.3,19.0,29.9,2026.0,Ranked
1407.0,,Universitas Muhammadiyah Surakarta,Indonesia,,,,,,,,,,,,,,,,,,,,,,,,,,,THE,21386.0,16.3,0.0,59:41:00,28.5435,15.7,9.8,60.5,17.5,29.6,2026.0,Ranked
1408.0,,Ariel University,Israel,,,,,,,,,,,,,,,,,,,,,,,,,,,THE,12587.0,18.4,1.0,50:50:00,28.536,19.7,21.0,41.8,37.3,34.7,2026.0,Ranked
1409.0,,Adolfo Ibáñez University,Chile,,,,,,,,,,,,,,,,,,,,,,,,,,,THE,10615.0,20.9,5.0,38 : 62,28.5335,15.6,17.4,44.3,22.7,62.5,2026.0,Ranked
1410.0,,"MNS University of Agriculture, Multan",Pakistan,,,,,,,,,,,,,,,,,,,,,,,,,,,THE,4477.0,22.5,0.0,28 : 72,28.521,12.5,11.4,56.9,19.0,49.3,2026.0,Ranked
1411.0,,Slovak University of Agriculture in Nitra,Slovakia,,,,,,,,,,,,,,,,,,,,,,,,,,,THE,4478.0,12.5,5.0,54:46:00,28.5155,27.5,19.3,34.0,22.9,49.2,2026.0,Ranked
1412.0,,University of Antioquia,Colombia,,,,,,,,,,,,,,,,,,,,,,,,,,,THE,37677.0,18.4,0.0,52:48:00,28.515,21.1,20.8,38.8,39.9,40.3,2026.0,Ranked
1413.0,,Shahid Chamran University of Ahvaz,Iran,,,,,,,,,,,,,,,,,,,,,,,,,,,THE,13351.0,22.4,2.0,57:43:00,28.508,29.4,11.0,42.0,47.5,28.6,2026.0,Ranked
1414.0,,Shahrekord University,Iran,,,,,,,,,,,,,,,,,,,,,,,,,,,THE,7567.0,20.1,4.0,53:47:00,28.5035,24.0,13.4,48.8,20.5,27.7,2026.0,Ranked
1415.0,,National Institute of Technology Warangal,India,,,,,,,,,,,,,,,,,,,,,,,,,,,THE,6938.0,16.5,5.0,0.929861111,28.502,26.6,13.3,45.9,27.7,25.6,2026.0,Ranked
1416.0,,Zewail City of Science and Technology,Egypt,,,,,,,,,,,,,,,,,,,,,,,,,,,THE,1238.0,5.3,0.0,43:57:00,28.4895,23.7,10.5,48.2,23.7,40.6,2026.0,Ranked
1417.0,,Lahore College for Women University (LCWU),Pakistan,,,,,,,,,,,,,,,,,,,,,,,,,,,THE,10137.0,21.0,0.0,100:00:00,28.4545,22.2,11.3,48.4,17.4,45.5,2026.0,Ranked
1418.0,,Madan Mohan Malaviya University of Technology,India,,,,,,,,,,,,,,,,,,,,,,,,,,,THE,3276.0,11.1,0.0,44:56:00,28.453,25.1,9.3,53.8,20.6,18.5,2026.0,Ranked
1419.0,,Al-Farabi Kazakh National University,Kazakhstan,,,,,,,,,,,,,,,,,,,,,,,,,,,THE,20321.0,4.5,26.0,61:39:00,28.4475,30.1,14.6,27.8,24.1,80.4,2026.0,Ranked
1420.0,,University of Peradeniya,Sri Lanka,,,,,,,,,,,,,,,,,,,,,,,,,,,THE,20419.0,26.2,0.0,60:40:00,28.4395,12.8,12.4,56.4,30.0,39.3,2026.0,Ranked
1421.0,,Erciyes University,Turkey,,,,,,,,,,,,,,,,,,,,,,,,,,,THE,37763.0,26.1,9.0,50:50:00,28.4315,25.0,13.6,43.0,41.0,34.3,2026.0,Ranked
1422.0,,The University of the West Indies,Jamaica,,,,,,,,,,,,,,,,,,,,,,,,,,,THE,22060.0,15.6,1.0,71:29:00,28.416,21.0,12.0,45.4,29.4,52.6,2026.0,Ranked
1423.0,,The John Paul II Catholic University of Lublin,Poland,,,,,,,,,,,,,,,,,,,,,,,,,,,THE,8436.0,8.4,9.0,65:35:00,28.3955,31.6,17.0,36.8,17.4,32.1,2026.0,Ranked
1424.0,,Tokyo University of Science,Japan,,,,,,,,,,,,,,,,,,,,,,,,,,,THE,18002.0,24.1,4.0,25 : 75,28.375,23.8,26.8,27.7,74.8,30.4,2026.0,Ranked
1425.0,,Sohag University,Egypt,,,,,,,,,,,,,,,,,,,,,,,,,,,THE,67926.0,22.2,1.0,58:42:00,28.362,15.0,9.2,55.1,20.6,52.2,2026.0,Ranked
1426.0,,St Francis Xavier University,Canada,,,,,,,,,,,,,,,,,,,,,,,,,,,THE,4575.0,17.9,7.0,62:38:00,28.3565,17.5,18.2,43.1,27.9,51.6,2026.0,Ranked
1427.0,,Warsaw University of Technology,Poland,,,,,,,,,,,,,,,,,,,,,,,,,,,THE,21694.0,10.3,8.0,31 : 69,28.338,28.3,17.7,32.9,61.1,33.9,2026.0,Ranked
1428.0,,University of El Oued,Algeria,,,,,,,,,,,,,,,,,,,,,,,,,,,THE,22276.0,19.9,0.0,62:38:00,28.337,19.8,8.9,53.0,17.5,44.2,2026.0,Ranked
1429.0,,Pavol Jozef Šafárik University in Košice,Slovakia,,,,,,,,,,,,,,,,,,,,,,,,,,,THE,6854.0,9.1,25.0,67:33:00,28.335,41.7,11.2,24.5,24.7,59.3,2026.0,Ranked
1430.0,,Sapporo Medical University,Japan,,,,,,,,,,,,,,,,,,,,,,,,,,,THE,1307.0,3.3,0.0,45:55:00,28.319,31.4,13.4,38.3,57.5,18.4,2026.0,Ranked
1431.0,,University of Reims Champagne-Ardenne,France,,,,,,,,,,,,,,,,,,,,,,,,,,,THE,25691.0,18.5,11.0,58:42:00,28.31,29.1,9.8,37.4,36.4,56.1,2026.0,Ranked
1432.0,,Wrocław University of Science and Technology,Poland,,,,,,,,,,,,,,,,,,,,,,,,,,,THE,21125.0,17.2,6.0,33 : 67,28.309,23.6,19.3,36.2,58.5,34.0,2026.0,Ranked
1433.0,,Shahid Bahonar University of Kerman,Iran,,,,,,,,,,,,,,,,,,,,,,,,,,,THE,13683.0,22.7,2.0,60:40:00,28.3025,19.1,13.8,50.4,32.4,30.0,2026.0,Ranked
1434.0,,University of Social Welfare and Rehabilitation Sciences,Iran,,,,,,,,,,,,,,,,,,,,,,,,,,,THE,1538.0,8.8,2.0,79:21:00,28.29,34.0,15.7,34.3,22.8,33.4,2026.0,Ranked
1435.0,,Sidi Mohamed Ben Abdellah University,Morocco,,,,,,,,,,,,,,,,,,,,,,,,,,,THE,100319.0,44.4,2.0,54:46:00,28.278,25.2,11.9,48.2,24.2,26.2,2026.0,Ranked
1436.0,,Shiga University of Medical Science,Japan,,,,,,,,,,,,,,,,,,,,,,,,,,,THE,1136.0,3.0,4.0,52:48:00,28.277,32.7,13.3,34.2,65.4,25.3,2026.0,Ranked
1437.0,,National Institute of Technology Srinagar,India,,,,,,,,,,,,,,,,,,,,,,,,,,,THE,3598.0,13.3,0.0,1.011805556,28.259,30.5,13.3,41.7,19.3,28.3,2026.0,Ranked
1438.0,,National Institute of Technology Meghalaya,India,,,,,,,,,,,,,,,,,,,,,,,,,,,THE,1020.0,13.2,3.0,0.888888889,28.245,32.7,12.3,39.1,29.1,28.5,2026.0,Ranked
1439.0,,Tianjin Normal University,China,,,,,,,,,,,,,,,,,,,,,,,,,,,THE,23254.0,14.3,6.0,,28.2445,21.0,21.0,34.5,53.8,46.1,2026.0,Ranked
1440.0,,Mutah University,Jordan,,,,,,,,,,,,,,,,,,,,,,,,,,,THE,15579.0,21.6,13.0,53:47:00,28.2285,25.4,13.7,39.2,18.0,57.1,2026.0,Ranked
1441.0,,Sefako Makgatho Health Sciences University,South Africa,,,,,,,,,,,,,,,,,,,,,,,,,,,THE,5570.0,7.1,2.0,65:35:00,28.217,26.0,11.1,42.7,19.2,50.0,2026.0,Ranked
1442.0,,TOBB University of Economics and Technology,Turkey,,,,,,,,,,,,,,,,,,,,,,,,,,,THE,5255.0,13.4,1.0,47:53:00,28.2155,20.0,14.7,40.9,67.5,41.1,2026.0,Ranked
1443.0,,Pontifícia Universidade Católica do Paraná,Brazil,,,,,,,,,,,,,,,,,,,,,,,,,,,THE,11606.0,12.7,1.0,54:46:00,28.1885,26.3,13.1,40.6,52.4,31.4,2026.0,Ranked
1444.0,,Shiv Nadar University,India,,,,,,,,,,,,,,,,,,,,,,,,,,,THE,2290.0,9.2,2.0,43:57:00,28.176,31.7,8.1,40.6,27.7,42.5,2026.0,Ranked
1445.0,,BINUS University,Indonesia,,,,,,,,,,,,,,,,,,,,,,,,,,,THE,15258.0,13.9,4.0,41:59:00,28.1345,21.4,23.5,34.2,50.6,36.3,2026.0,Ranked
1446.0,,USAMV Cluj-Napoca,Romania,,,,,,,,,,,,,,,,,,,,,,,,,,,THE,5453.0,16.7,6.0,54:46:00,28.094,19.7,10.0,52.3,22.0,37.5,2026.0,Ranked
1447.0,,National University of Uzbekistan named after Mirzo Ulugbek,Uzbekistan,,,,,,,,,,,,,,,,,,,,,,,,,,,THE,19704.0,19.3,4.0,48:52:00,28.0775,24.4,10.9,40.9,25.4,59.1,2026.0,Ranked
1448.0,,Gauhati University,India,,,,,,,,,,,,,,,,,,,,,,,,,,,THE,5733.0,12.7,0.0,60:40:00,28.0475,39.4,15.4,31.4,22.4,21.9,2026.0,Ranked
1449.0,,National Taiwan Ocean University,Taiwan,,,,,,,,,,,,,,,,,,,,,,,,,,,THE,8418.0,16.1,8.0,32 : 68,28.041,19.9,27.2,29.3,70.0,35.9,2026.0,Ranked
1450.0,,Shinshu University,Japan,,,,,,,,,,,,,,,,,,,,,,,,,,,THE,10657.0,10.6,3.0,33 : 67,28.027,26.7,18.4,32.5,66.8,31.9,2026.0,Ranked
1451.0,,Zhejiang Chinese Medical University,China,,,,,,,,,,,,,,,,,,,,,,,,,,,THE,24976.0,26.2,5.0,63:37:00,28.0225,20.2,17.5,46.1,36.4,22.7,2026.0,Ranked
1452.0,,National Textile University,Pakistan,,,,,,,,,,,,,,,,,,,,,,,,,,,THE,3839.0,17.5,0.0,30 : 70,28.0185,14.2,13.5,50.4,30.8,47.5,2026.0,Ranked
1453.0,,Tokushima University,Japan,,,,,,,,,,,,,,,,,,,,,,,,,,,THE,7395.0,9.5,2.0,36 : 64,28.009,28.9,20.7,27.2,86.7,24.7,2026.0,Ranked
1454.0,,Holy Spirit University of Kaslik,Lebanon,,,,,,,,,,,,,,,,,,,,,,,,,,,THE,7374.0,13.0,14.0,55:45:00,28.0085,23.0,9.9,38.5,19.5,80.3,2026.0,Ranked
1455.0,,University of Jos,Nigeria,,,,,,,,,,,,,,,,,,,,,,,,,,,THE,37605.0,23.6,0.0,47:53:00,27.9935,15.3,8.6,55.9,18.4,46.4,2026.0,Ranked
1456.0,,University of La Serena,Chile,,,,,,,,,,,,,,,,,,,,,,,,,,,THE,7657.0,22.4,1.0,50:50:00,27.96,14.3,10.3,54.3,17.3,50.3,2026.0,Ranked
1457.0,,Kookmin University,South Korea,,,,,,,,,,,,,,,,,,,,,,,,,,,THE,15777.0,18.5,13.0,49:51:00,27.9595,28.6,21.3,27.0,59.7,38.1,2026.0,Ranked
1458.0,,Reshetnev Siberian State University of Science and Technology,Russia,,,,,,,,,,,,,,,,,,,,,,,,,,,THE,9412.0,11.3,4.0,34 : 66,27.9545,21.1,9.2,53.0,37.8,22.0,2026.0,Ranked
1459.0,,Osaka Metropolitan University,Japan,,,,,,,,,,,,,,,,,,,,,,,,,,,THE,15703.0,8.7,4.0,37 : 63,27.9465,31.3,16.9,28.8,78.3,27.2,2026.0,Ranked
1460.0,,Riga Stradiņš University,Latvia,,,,,,,,,,,,,,,,,,,,,,,,,,,THE,8229.0,24.6,35.0,75:25:00,27.9335,18.5,16.9,39.1,25.0,64.6,2026.0,Ranked
1461.0,,The British University in Egypt,Egypt,,,,,,,,,,,,,,,,,,,,,,,,,,,THE,11180.0,21.8,4.0,51:49:00,27.9045,16.7,12.1,53.0,19.1,37.4,2026.0,Ranked
1462.0,,Budapest University of Technology and Economics,Hungary,,,,,,,,,,,,,,,,,,,,,,,,,,,THE,18656.0,16.3,15.0,32 : 68,27.9025,23.0,18.4,34.2,65.1,38.9,2026.0,Ranked
1463.0,,Opole University of Technology,Poland,,,,,,,,,,,,,,,,,,,,,,,,,,,THE,4752.0,14.6,9.0,30 : 70,27.892,18.6,14.4,45.8,24.1,47.0,2026.0,Ranked
1464.0,,SASTRA University,India,,,,,,,,,,,,,,,,,,,,,,,,,,,THE,11847.0,13.9,0.0,51:49:00,27.891,27.6,11.0,42.8,41.6,27.4,2026.0,Ranked
1465.0,,American International University – Bangladesh,Bangladesh,,,,,,,,,,,,,,,,,,,,,,,,,,,THE,13515.0,21.8,2.0,26 : 74,27.875,11.9,9.2,59.1,25.1,39.5,2026.0,Ranked
1466.0,,Kharazmi University,Iran,,,,,,,,,,,,,,,,,,,,,,,,,,,THE,12192.0,16.3,3.0,55:45:00,27.8715,25.2,14.7,41.8,27.3,33.9,2026.0,Ranked
1467.0,,Vytautas Magnus University,Lithuania,,,,,,,,,,,,,,,,,,,,,,,,,,,THE,8381.0,10.6,19.0,71:29:00,27.863,23.7,12.9,36.9,21.2,69.5,2026.0,Ranked
1468.0,,University of Kerala,India,,,,,,,,,,,,,,,,,,,,,,,,,,,THE,3615.0,12.2,5.0,71:29:00,27.8105,40.2,20.7,23.8,22.4,25.5,2026.0,Ranked
1469.0,,National University of Distance Education (UNED),Spain,,,,,,,,,,,,,,,,,,,,,,,,,,,THE,64730.0,50.0,4.0,58:42:00,27.7455,17.2,19.4,41.8,50.2,33.3,2026.0,Ranked
1470.0,,Istanbul Medeniyet University,Turkey,,,,,,,,,,,,,,,,,,,,,,,,,,,THE,14298.0,15.2,3.0,52:48:00,27.745,19.2,10.9,53.6,18.5,28.0,2026.0,Ranked
1471.0,,I-Shou University,Taiwan,,,,,,,,,,,,,,,,,,,,,,,,,,,THE,10364.0,26.8,15.0,50:50:00,27.735,16.3,21.1,38.2,60.0,39.3,2026.0,Ranked
1472.0,,Université Djillali Liabès de Sidi Bel-Abbès,Algeria,,,,,,,,,,,,,,,,,,,,,,,,,,,THE,29211.0,17.9,1.0,55:45:00,27.6895,25.5,9.7,46.3,17.6,36.8,2026.0,Ranked
1473.0,,Universidade Federal de Pernambuco,Brazil,,,,,,,,,,,,,,,,,,,,,,,,,,,THE,36048.0,13.2,0.0,52:48:00,27.676,33.8,18.5,25.6,62.5,28.8,2026.0,Ranked
1474.0,,National Dong Hwa University,Taiwan,,,,,,,,,,,,,,,,,,,,,,,,,,,THE,10094.0,18.4,10.0,54:46:00,27.658,20.2,25.0,29.0,45.1,52.6,2026.0,Ranked
1475.0,,"University of Health Sciences, Turkey",Turkey,,,,,,,,,,,,,,,,,,,,,,,,,,,THE,24562.0,6.1,11.0,51:49:00,27.6055,45.7,10.6,27.3,17.5,28.8,2026.0,Ranked
1476.0,,University of La Frontera,Chile,,,,,,,,,,,,,,,,,,,,,,,,,,,THE,11481.0,20.2,1.0,50:50:00,27.593,17.8,23.7,35.8,24.1,50.2,2026.0,Ranked
1477.0,,Thammasat University,Thailand,,,,,,,,,,,,,,,,,,,,,,,,,,,THE,39733.0,14.8,1.0,64:36:00,27.5875,23.5,21.0,33.8,37.5,39.0,2026.0,Ranked
1478.0,,IFHE Hyderabad,India,,,,,,,,,,,,,,,,,,,,,,,,,,,THE,8438.0,18.7,0.0,42:58:00,27.5615,17.3,10.3,57.2,18.4,21.0,2026.0,Ranked
1479.0,,Autonomous University of Sinaloa,Mexico,,,,,,,,,,,,,,,,,,,,,,,,,,,THE,79206.0,17.3,9.0,55:45:00,27.538,16.9,7.6,55.8,16.9,39.1,2026.0,Ranked
1480.0,,Lebanese University,Lebanon,,,,,,,,,,,,,,,,,,,,,,,,,,,THE,44105.0,13.6,18.0,55:45:00,27.523,34.8,14.0,21.5,22.8,77.8,2026.0,Ranked
1481.0,,Süleyman Demirel University,Turkey,,,,,,,,,,,,,,,,,,,,,,,,,,,THE,32526.0,28.9,5.0,52:48:00,27.482,27.6,11.5,43.8,24.0,25.4,2026.0,Ranked
1482.0,,University of Brasília,Brazil,,,,,,,,,,,,,,,,,,,,,,,,,,,THE,43678.0,14.4,1.0,53:47:00,27.4785,34.0,17.7,27.7,33.2,35.7,2026.0,Ranked
1483.0,,University of Manouba,Tunisia,,,,,,,,,,,,,,,,,,,,,,,,,,,THE,17341.0,14.4,2.0,58:42:00,27.4745,25.9,9.7,42.1,23.9,45.8,2026.0,Ranked
1484.0,,University of South Wales,United Kingdom,,,,,,,,,,,,,,,,,,,,,,,,,,,THE,17530.0,16.7,31.0,52:48:00,27.459,18.2,11.7,35.7,52.3,78.6,2026.0,Ranked
1485.0,,Universidad del Desarrollo,Chile,,,,,,,,,,,,,,,,,,,,,,,,,,,THE,17491.0,17.7,4.0,57:43:00,27.452,16.4,12.1,47.2,28.0,51.0,2026.0,Ranked
1486.0,,Kyushu Institute of Technology (Kyutech),Japan,,,,,,,,,,,,,,,,,,,,,,,,,,,THE,5616.0,16.1,4.0,0.643055556,27.4515,26.4,16.5,30.9,66.9,39.1,2026.0,Ranked
1487.0,,University of Split,Croatia,,,,,,,,,,,,,,,,,,,,,,,,,,,THE,18811.0,15.0,3.0,59:41:00,27.4225,22.2,15.3,42.3,28.6,34.7,2026.0,Ranked
1488.0,,National Chung Cheng University,Taiwan,,,,,,,,,,,,,,,,,,,,,,,,,,,THE,9183.0,14.8,4.0,46:54:00,27.412,21.4,24.8,28.4,77.3,30.6,2026.0,Ranked
1489.0,,M. Kumarasamy College of Engineering,India,,,,,,,,,,,,,,,,,,,,,,,,,,,THE,4228.0,17.8,0.0,47:53:00,27.388,15.9,9.1,59.7,17.9,19.1,2026.0,Ranked
1490.0,,Yanshan University,China,,,,,,,,,,,,,,,,,,,,,,,,,,,THE,38505.0,12.6,1.0,35 : 65,27.37,21.6,12.2,45.4,57.0,20.8,2026.0,Ranked
1491.0,,Ilia State University,Georgia,,,,,,,,,,,,,,,,,,,,,,,,,,,THE,16579.0,12.2,5.0,61:39:00,27.3435,18.9,9.7,47.6,17.5,53.0,2026.0,Ranked
1492.0,,Suranaree University of Technology,Thailand,,,,,,,,,,,,,,,,,,,,,,,,,,,THE,14931.0,27.9,1.0,53:47:00,27.3345,25.0,17.4,33.7,52.4,36.1,2026.0,Ranked
1493.0,,Khulna University,Bangladesh,,,,,,,,,,,,,,,,,,,,,,,,,,,THE,8131.0,13.9,0.0,45:55:00,27.3225,17.3,9.9,50.7,18.7,45.2,2026.0,Ranked
1494.0,,Universidad Católica San Antonio de Murcia (UCAM),Spain,,,,,,,,,,,,,,,,,,,,,,,,,,,THE,12966.0,20.1,18.0,56:44:00,27.3155,19.1,18.2,35.1,39.2,57.4,2026.0,Ranked
1495.0,,Poznań University of Life Sciences,Poland,,,,,,,,,,,,,,,,,,,,,,,,,,,THE,5626.0,7.7,8.0,59:41:00,27.3065,26.5,12.8,41.0,30.3,30.2,2026.0,Ranked
1496.0,,Hosei University,Japan,,,,,,,,,,,,,,,,,,,,,,,,,,,THE,28578.0,37.4,5.0,39 : 61,27.2985,16.3,11.3,49.3,35.2,40.2,2026.0,Ranked
1497.0,,Tokai University,Japan,,,,,,,,,,,,,,,,,,,,,,,,,,,THE,28774.0,16.6,5.0,29 : 71,27.291,17.6,12.8,46.9,48.3,31.8,2026.0,Ranked
1498.0,,Botswana International University of Science and Technology (BIUST),Botswana,,,,,,,,,,,,,,,,,,,,,,,,,,,THE,2491.0,12.2,10.0,37 : 63,27.2845,23.7,14.1,33.1,19.6,73.2,2026.0,Ranked
1499.0,,Yokohama National University,Japan,,,,,,,,,,,,,,,,,,,,,,,,,,,THE,9459.0,13.2,8.0,28 : 72,27.269,28.3,21.9,22.1,82.3,35.3,2026.0,Ranked
1500.0,,Tzu Chi University,Taiwan,,,,,,,,,,,,,,,,,,,,,,,,,,,THE,3102.0,9.2,7.0,61:39:00,27.2685,25.7,26.0,24.7,66.3,27.8,2026.0,Ranked
1501.0,,University of La Sabana,Colombia,,,,,,,,,,,,,,,,,,,,,,,,,,,THE,10316.0,13.2,2.0,57:43:00,27.2605,20.9,11.2,46.2,21.3,41.8,2026.0,Ranked
1502.0,,Incheon National University,South Korea,,,,,,,,,,,,,,,,,,,,,,,,,,,THE,17160.0,21.2,3.0,39 : 61,27.2595,19.4,18.4,38.7,48.2,35.5,2026.0,Ranked
1503.0,,Netaji Subhas University of Technology,India,,,,,,,,,,,,,,,,,,,,,,,,,,,THE,8856.0,15.5,2.0,0.970833333,27.235,17.7,8.1,57.4,20.8,21.5,2026.0,Ranked
1504.0,,Qom University of Medical Sciences,Iran,,,,,,,,,,,,,,,,,,,,,,,,,,,THE,2793.0,10.3,5.0,56:44:00,27.225,35.8,11.5,34.7,24.6,25.8,2026.0,Ranked
1505.0,,Moulay Ismail University,Morocco,,,,,,,,,,,,,,,,,,,,,,,,,,,THE,79507.0,54.9,1.0,55:45:00,27.2165,14.0,10.8,56.7,21.3,27.9,2026.0,Ranked
1506.0,,Technical University of Crete,Greece,,,,,,,,,,,,,,,,,,,,,,,,,,,THE,7080.0,33.2,5.0,29 : 71,27.2025,15.6,15.1,45.0,45.1,38.9,2026.0,Ranked
1507.0,,Chosun University,South Korea,,,,,,,,,,,,,,,,,,,,,,,,,,,THE,19223.0,25.1,2.0,47:53:00,27.198,25.2,23.1,25.8,75.0,31.0,2026.0,Ranked
1508.0,,Guru Ghasidas Vishwavidyalaya,India,,,,,,,,,,,,,,,,,,,,,,,,,,,THE,9784.0,22.4,0.0,41:59:00,27.1905,20.1,11.5,50.8,22.9,23.6,2026.0,Ranked
1509.0,,Federal University of Technology Akure,Nigeria,,,,,,,,,,,,,,,,,,,,,,,,,,,THE,18945.0,20.5,0.0,26 : 74,27.187,24.4,12.2,40.0,23.9,46.6,2026.0,Ranked
1510.0,,Federal University of Goiás,Brazil,,,,,,,,,,,,,,,,,,,,,,,,,,,THE,23032.0,11.5,1.0,42:58:00,27.185,31.8,23.7,25.4,25.4,30.6,2026.0,Ranked
1511.0,,Universidad de Cartagena,Colombia,,,,,,,,,,,,,,,,,,,,,,,,,,,THE,24568.0,22.6,1.0,47:53:00,27.154,13.4,10.0,55.2,18.9,39.8,2026.0,Ranked
1512.0,,Saitama Medical University,Japan,,,,,,,,,,,,,,,,,,,,,,,,,,,THE,1904.0,1.3,0.0,49:51:00,27.1315,27.0,10.8,42.7,44.8,19.1,2026.0,Ranked
1513.0,,Sabzevar University of Medical Sciences,Iran,,,,,,,,,,,,,,,,,,,,,,,,,,,THE,2226.0,7.0,1.0,56:44:00,27.129,24.4,9.7,48.4,17.7,25.2,2026.0,Ranked
1514.0,,Christ University,India,,,,,,,,,,,,,,,,,,,,,,,,,,,THE,35193.0,20.3,1.0,52:48:00,27.1285,15.6,14.5,52.0,22.1,24.5,2026.0,Ranked
1515.0,,University of Monastir,Tunisia,,,,,,,,,,,,,,,,,,,,,,,,,,,THE,20673.0,9.3,2.0,68:32:00,27.0655,24.2,10.9,39.8,32.7,46.9,2026.0,Ranked
1516.0,,University of Gdańsk,Poland,,,,,,,,,,,,,,,,,,,,,,,,,,,THE,18116.0,10.0,3.0,67:33:00,27.054,27.3,15.1,35.3,31.6,36.9,2026.0,Ranked
1517.0,,Shahid Sadoughi University of Medical Sciences,Iran,,,,,,,,,,,,,,,,,,,,,,,,,,,THE,5717.0,10.5,3.0,56:44:00,27.0475,41.5,11.1,30.1,20.4,23.2,2026.0,Ranked
1518.0,,Transilvania University of Brașov,Romania,,,,,,,,,,,,,,,,,,,,,,,,,,,THE,20101.0,22.5,2.0,53:47:00,27.0355,14.8,13.4,47.7,35.9,40.5,2026.0,Ranked
1519.0,,West University of Timişoara,Romania,,,,,,,,,,,,,,,,,,,,,,,,,,,THE,14808.0,19.6,6.0,66:34:00,27.034,22.7,13.3,43.7,19.2,34.7,2026.0,Ranked
1520.0,,Tokyo Metropolitan University,Japan,,,,,,,,,,,,,,,,,,,,,,,,,,,THE,8789.0,10.7,5.0,39 : 61,27.024,29.7,16.2,29.8,52.8,33.5,2026.0,Ranked
1521.0,,Wrocław University of Environmental and Life Sciences,Poland,,,,,,,,,,,,,,,,,,,,,,,,,,,THE,6399.0,11.9,6.0,67:33:00,27.015,28.5,13.6,36.1,34.9,32.5,2026.0,Ranked
1522.0,,Razi University,Iran,,,,,,,,,,,,,,,,,,,,,,,,,,,THE,11378.0,17.6,4.0,59:41:00,26.9715,27.1,14.7,35.7,46.1,28.8,2026.0,Ranked
1523.0,,University of Macedonia,Greece,,,,,,,,,,,,,,,,,,,,,,,,,,,THE,11703.0,56.3,5.0,50:50:00,26.916,17.7,18.0,43.8,31.8,27.5,2026.0,Ranked
1524.0,,IPB University,Indonesia,,,,,,,,,,,,,,,,,,,,,,,,,,,THE,22993.0,10.3,5.0,58:42:00,26.9045,32.8,12.3,27.5,51.1,44.9,2026.0,Ranked
1525.0,,SGH Warsaw School of Economics,Poland,,,,,,,,,,,,,,,,,,,,,,,,,,,THE,7993.0,14.8,14.0,48:52:00,26.901,25.3,21.6,31.8,16.4,39.7,2026.0,Ranked
1526.0,,Universiti Tun Hussein Onn Malaysia (UTHM),Malaysia,,,,,,,,,,,,,,,,,,,,,,,,,,,THE,15743.0,16.5,7.0,45:55:00,26.874,23.2,15.3,36.3,30.2,46.6,2026.0,Ranked
1527.0,,University of Northampton,United Kingdom,,,,,,,,,,,,,,,,,,,,,,,,,,,THE,14775.0,21.7,46.0,63:37:00,26.83,16.1,11.0,40.4,18.7,80.3,2026.0,Ranked
1528.0,,University Cadi Ayyad of Marrakech,Morocco,,,,,,,,,,,,,,,,,,,,,,,,,,,THE,92358.0,37.2,1.0,55:45:00,26.787,23.3,10.9,43.0,24.5,38.3,2026.0,Ranked
1529.0,,Université Saint-Joseph de Beyrouth,Lebanon,,,,,,,,,,,,,,,,,,,,,,,,,,,THE,8540.0,8.4,13.0,60:40:00,26.7855,32.2,10.9,24.9,28.2,73.7,2026.0,Ranked
1530.0,,"Vels Institute of Science, Technology and Advanced Studies (VISTAS)",India,,,,,,,,,,,,,,,,,,,,,,,,,,,THE,15173.0,15.7,0.0,25 : 75,26.771,31.5,9.9,41.2,20.0,19.3,2026.0,Ranked
1531.0,,Federal University of Lavras,Brazil,,,,,,,,,,,,,,,,,,,,,,,,,,,THE,13186.0,17.1,2.0,49:51:00,26.7605,30.8,19.0,28.7,32.8,29.9,2026.0,Ranked
1532.0,,Tunghai University,Taiwan,,,,,,,,,,,,,,,,,,,,,,,,,,,THE,14886.0,20.5,9.0,55:45:00,26.7355,15.7,15.4,40.8,44.2,48.4,2026.0,Ranked
1533.0,,Helwan University,Egypt,,,,,,,,,,,,,,,,,,,,,,,,,,,THE,153935.0,23.9,1.0,56:44:00,26.7265,22.7,9.0,43.1,23.0,47.6,2026.0,Ranked
1534.0,,Medical University of Sofia,Bulgaria,,,,,,,,,,,,,,,,,,,,,,,,,,,THE,10870.0,5.2,29.0,55:45:00,26.7185,26.4,7.3,37.8,45.9,48.5,2026.0,Ranked
1535.0,,Babcock University,Nigeria,,,,,,,,,,,,,,,,,,,,,,,,,,,THE,13134.0,28.1,0.0,51:49:00,26.7055,27.6,9.9,41.8,16.0,33.5,2026.0,Ranked
1536.0,,Tokyo University of Marine Science and Technology,Japan,,,,,,,,,,,,,,,,,,,,,,,,,,,THE,2571.0,11.6,8.0,33 : 67,26.655,30.2,17.8,22.7,58.1,46.0,2026.0,Ranked
1537.0,,Universitas Negeri Yogyakarta,Indonesia,,,,,,,,,,,,,,,,,,,,,,,,,,,THE,27783.0,17.2,2.0,56:44:00,26.6225,19.2,12.1,46.0,24.3,35.7,2026.0,Ranked
1538.0,,Technical University of Cartagena,Spain,,,,,,,,,,,,,,,,,,,,,,,,,,,THE,4546.0,10.4,10.0,28 : 72,26.619,28.6,13.8,31.2,41.0,42.4,2026.0,Ranked
1539.0,,University of Technology of Troyes,France,,,,,,,,,,,,,,,,,,,,,,,,,,,THE,2898.0,17.9,24.0,26 : 74,26.603,31.8,11.4,22.2,40.4,75.2,2026.0,Ranked
1540.0,,Universidad Loyola,Spain,,,,,,,,,,,,,,,,,,,,,,,,,,,THE,5635.0,17.8,5.0,57:43:00,26.5945,16.2,16.5,41.9,20.2,48.7,2026.0,Ranked
1541.0,,Kagawa University,Japan,,,,,,,,,,,,,,,,,,,,,,,,,,,THE,6421.0,9.8,2.0,43:57:00,26.565,25.2,13.4,35.8,62.0,27.0,2026.0,Ranked
1542.0,,Pirogov Russian National Research Medical University,Russia,,,,,,,,,,,,,,,,,,,,,,,,,,,THE,13377.0,7.8,11.0,70:30:00,26.5555,44.2,14.5,18.2,40.6,29.7,2026.0,Ranked
1543.0,,Vilnius Gediminas Technical University (Vilnius Tech),Lithuania,,,,,,,,,,,,,,,,,,,,,,,,,,,THE,8333.0,13.1,21.0,34 : 66,26.5315,20.8,17.9,31.0,47.3,53.5,2026.0,Ranked
1544.0,,Allameh Tabataba ’i University,Iran,,,,,,,,,,,,,,,,,,,,,,,,,,,THE,14319.0,16.7,3.0,57:43:00,26.526,33.2,12.8,32.6,24.0,30.4,2026.0,Ranked
1545.0,,Warsaw University of Life Sciences – SGGW,Poland,,,,,,,,,,,,,,,,,,,,,,,,,,,THE,15317.0,12.3,8.0,59:41:00,26.515,22.1,12.8,41.4,33.4,33.7,2026.0,Ranked
1546.0,,University of Toyama,Japan,,,,,,,,,,,,,,,,,,,,,,,,,,,THE,8960.0,10.7,3.0,38 : 62,26.4945,28.4,15.3,28.4,67.3,32.9,2026.0,Ranked
1547.0,,Federal University of Uberlândia,Brazil,,,,,,,,,,,,,,,,,,,,,,,,,,,THE,26116.0,14.2,1.0,52:48:00,26.393,24.9,13.1,39.1,39.4,25.9,2026.0,Ranked
1548.0,,University of Antofagasta,Chile,,,,,,,,,,,,,,,,,,,,,,,,,,,THE,7763.0,10.1,3.0,57:43:00,26.3305,22.5,9.6,40.2,18.1,55.0,2026.0,Ranked
1549.0,,Istanbul Okan University,Turkey,,,,,,,,,,,,,,,,,,,,,,,,,,,THE,8326.0,12.9,25.0,46:54:00,26.3295,26.5,11.0,34.1,17.8,58.4,2026.0,Ranked
1550.0,,Moscow Polytechnic University,Russia,,,,,,,,,,,,,,,,,,,,,,,,,,,THE,12752.0,17.2,10.0,38 : 62,26.311,15.8,12.4,49.5,26.1,28.8,2026.0,Ranked
1551.0,,Poznan University of Technology,Poland,,,,,,,,,,,,,,,,,,,,,,,,,,,THE,13680.0,11.0,8.0,31 : 69,26.2995,25.7,14.0,34.7,47.7,31.2,2026.0,Ranked
1552.0,,Lucian Blaga University of Sibiu,Romania,,,,,,,,,,,,,,,,,,,,,,,,,,,THE,13293.0,16.3,4.0,50:50:00,26.2915,19.0,16.0,42.0,22.6,33.9,2026.0,Ranked
1552.0,,Technical University of Košice,Slovakia,,,,,,,,,,,,,,,,,,,,,,,,,,,THE,11397.0,16.8,41.0,25 : 75,26.2915,26.8,16.8,26.4,42.9,51.7,2026.0,Ranked
1554.0,,Yamagata University,Japan,,,,,,,,,,,,,,,,,,,,,,,,,,,THE,8664.0,9.1,3.0,34 : 66,26.2875,28.2,15.1,27.7,71.8,32.1,2026.0,Ranked
1555.0,,University of Zanjan,Iran,,,,,,,,,,,,,,,,,,,,,,,,,,,THE,9883.0,23.7,0.0,56:44:00,26.2745,25.9,13.7,38.0,27.9,28.6,2026.0,Ranked
1556.0,,Cardinal Stefan Wyszyński University in Warsaw,Poland,,,,,,,,,,,,,,,,,,,,,,,,,,,THE,10253.0,12.7,2.0,64:36:00,26.248,27.6,22.1,29.1,18.3,29.8,2026.0,Ranked
1557.0,,Liverpool Hope University,United Kingdom,,,,,,,,,,,,,,,,,,,,,,,,,,,THE,5015.0,16.7,18.0,62:38:00,26.2345,19.5,16.8,30.2,19.0,77.2,2026.0,Ranked
1558.0,,Hassiba Benbouali University of Chlef,Algeria,,,,,,,,,,,,,,,,,,,,,,,,,,,THE,30568.0,20.5,1.0,66:34:00,26.228,16.2,12.0,45.2,31.1,42.2,2026.0,Ranked
1559.0,,Diponegoro University,Indonesia,,,,,,,,,,,,,,,,,,,,,,,,,,,THE,36538.0,16.8,4.0,66:34:00,26.228,32.5,16.8,23.0,45.4,40.7,2026.0,Ranked
1560.0,,Al-Qasim Green University,Iraq,,,,,,,,,,,,,,,,,,,,,,,,,,,THE,3914.0,7.0,0.0,32 : 68,26.2275,22.5,7.9,49.2,16.6,25.0,2026.0,Ranked
1561.0,,University of Havana,Cuba,,,,,,,,,,,,,,,,,,,,,,,,,,,THE,16451.0,11.1,3.0,62:38:00,26.193,30.8,23.0,14.4,55.8,51.8,2026.0,Ranked
1562.0,,Mirpur University of Science and Technology,Pakistan,,,,,,,,,,,,,,,,,,,,,,,,,,,THE,8917.0,27.2,0.0,51:49:00,26.161,11.6,10.3,50.8,19.8,49.6,2026.0,Ranked
1563.0,,KMITL – King Mongkut’s Institute of Technology Ladkrabang,Thailand,,,,,,,,,,,,,,,,,,,,,,,,,,,THE,27090.0,24.8,3.0,50:50:00,26.148,18.9,25.0,24.9,74.5,38.3,2026.0,Ranked
1564.0,,University of Las Américas (UDLA),Ecuador,,,,,,,,,,,,,,,,,,,,,,,,,,,THE,14757.0,11.2,3.0,53:47:00,26.1385,20.5,10.2,38.0,25.2,63.0,2026.0,Ranked
1565.0,,Kitasato University,Japan,,,,,,,,,,,,,,,,,,,,,,,,,,,THE,8517.0,5.0,1.0,55:45:00,26.101,26.7,12.0,36.0,59.8,20.7,2026.0,Ranked
1566.0,,University of Texas Rio Grande Valley,United States,,,,,,,,,,,,,,,,,,,,,,,,,,,THE,27919.0,20.1,3.0,61:39:00,26.037,18.0,9.6,45.8,23.7,43.4,2026.0,Ranked
1567.0,,University of Lodz,Poland,,,,,,,,,,,,,,,,,,,,,,,,,,,THE,21312.0,14.1,10.0,61:39:00,26.0305,24.5,18.5,32.6,21.7,37.2,2026.0,Ranked
1568.0,,Manav Rachna International Institute of Research and Studies,India,,,,,,,,,,,,,,,,,,,,,,,,,,,THE,5684.0,11.2,2.0,50:50:00,26.004,29.8,11.0,37.4,21.7,25.8,2026.0,Ranked
1569.0,,Recep Tayyip Erdoğan University,Turkey,,,,,,,,,,,,,,,,,,,,,,,,,,,THE,11544.0,14.6,4.0,,25.977,20.5,12.4,44.2,30.9,24.5,2026.0,Ranked
1570.0,,Universidad Francisco de Vitoria,Spain,,,,,,,,,,,,,,,,,,,,,,,,,,,THE,14642.0,21.2,8.0,45:55:00,25.975,15.5,12.7,46.3,18.3,41.3,2026.0,Ranked
1571.0,,Obafemi Awolowo University,Nigeria,,,,,,,,,,,,,,,,,,,,,,,,,,,THE,32746.0,26.3,0.0,46:54:00,25.931,21.5,13.4,36.0,45.5,41.1,2026.0,Ranked
1572.0,,Nagoya Institute of Technology,Japan,,,,,,,,,,,,,,,,,,,,,,,,,,,THE,5552.0,15.7,4.0,0.765972222,25.9205,22.8,22.0,25.3,75.3,29.5,2026.0,Ranked
1573.0,,Abdelmalek Essaâdi University,Morocco,,,,,,,,,,,,,,,,,,,,,,,,,,,THE,118761.0,84.4,1.0,53:47:00,25.9075,22.9,11.1,43.1,20.7,29.0,2026.0,Ranked
1574.0,,University of West Bohemia,Czechia,,,,,,,,,,,,,,,,,,,,,,,,,,,THE,11369.0,14.5,6.0,54:46:00,25.9025,19.6,18.0,35.4,38.2,36.7,2026.0,Ranked
1575.0,,Université Hassan II de Casablanca,Morocco,,,,,,,,,,,,,,,,,,,,,,,,,,,THE,120987.0,32.6,2.0,74:26:00,25.902,22.3,9.4,44.6,27.0,28.5,2026.0,Ranked
1576.0,,Universidade Federal do ABC (UFABC),Brazil,,,,,,,,,,,,,,,,,,,,,,,,,,,THE,19284.0,25.4,1.0,38 : 62,25.9015,18.8,17.3,36.0,28.9,45.1,2026.0,Ranked
1577.0,,Chung Shan Medical University,Taiwan,,,,,,,,,,,,,,,,,,,,,,,,,,,THE,7085.0,17.5,3.0,65:35:00,25.8895,20.3,21.4,31.7,63.0,22.2,2026.0,Ranked
1578.0,,University of Nairobi,Kenya,,,,,,,,,,,,,,,,,,,,,,,,,,,THE,52216.0,23.3,2.0,45:55:00,25.8745,15.9,16.1,39.7,22.5,49.4,2026.0,Ranked
1579.0,,Universidade Lusófona,Portugal,,,,,,,,,,,,,,,,,,,,,,,,,,,THE,12743.0,6.2,17.0,55:45:00,25.8485,23.6,9.9,36.9,20.7,54.9,2026.0,Ranked
1580.0,,Dokuz Eylül University,Turkey,,,,,,,,,,,,,,,,,,,,,,,,,,,THE,58554.0,27.8,10.0,49:51:00,25.8365,27.7,15.9,27.2,64.6,30.8,2026.0,Ranked
1581.0,,Toho University,Japan,,,,,,,,,,,,,,,,,,,,,,,,,,,THE,5275.0,13.6,1.0,55:45:00,25.8265,24.4,15.4,33.9,59.5,21.5,2026.0,Ranked
1582.0,,University of Benin,Nigeria,,,,,,,,,,,,,,,,,,,,,,,,,,,THE,43884.0,25.6,0.0,50:50:00,25.7945,15.6,9.2,50.5,17.8,35.5,2026.0,Ranked
1583.0,,Universitas Negeri Padang,Indonesia,,,,,,,,,,,,,,,,,,,,,,,,,,,THE,45714.0,22.1,1.0,67:33:00,25.782,12.8,8.6,52.3,16.8,42.0,2026.0,Ranked
1584.0,,Federal University of Santa Maria,Brazil,,,,,,,,,,,,,,,,,,,,,,,,,,,THE,27692.0,14.2,1.0,55:45:00,25.761,26.9,14.0,34.0,37.2,27.7,2026.0,Ranked
1585.0,,Lublin University of Technology,Poland,,,,,,,,,,,,,,,,,,,,,,,,,,,THE,6721.0,11.4,13.0,27 : 73,25.75,25.8,14.8,31.6,30.8,41.8,2026.0,Ranked
1586.0,,Hormozgan University of Medical Sciences,Iran,,,,,,,,,,,,,,,,,,,,,,,,,,,THE,3672.0,11.3,2.0,54:46:00,25.7445,40.5,11.0,26.2,18.8,26.6,2026.0,Ranked
1587.0,,Tamkang University,Taiwan,,,,,,,,,,,,,,,,,,,,,,,,,,,THE,21955.0,20.1,7.0,46:54:00,25.7405,16.1,12.4,40.1,50.5,44.6,2026.0,Ranked
1588.0,,National University of Colombia,Colombia,,,,,,,,,,,,,,,,,,,,,,,,,,,THE,55643.0,21.0,1.0,41:59:00,25.7275,21.9,15.4,34.3,35.9,41.0,2026.0,Ranked
1589.0,,Lodz University of Technology,Poland,,,,,,,,,,,,,,,,,,,,,,,,,,,THE,10476.0,11.7,6.0,38 : 62,25.7195,25.9,15.8,28.5,61.8,33.0,2026.0,Ranked
1590.0,,Del Rosario University,Colombia,,,,,,,,,,,,,,,,,,,,,,,,,,,THE,10119.0,12.4,4.0,59:41:00,25.6855,21.5,16.2,32.3,30.5,49.8,2026.0,Ranked
1591.0,,Karabük University,Turkey,,,,,,,,,,,,,,,,,,,,,,,,,,,THE,45899.0,41.5,26.0,43:57:00,25.682,15.6,9.8,45.6,18.7,50.8,2026.0,Ranked
1592.0,,University of La Rochelle,France,,,,,,,,,,,,,,,,,,,,,,,,,,,THE,7760.0,19.8,10.0,55:45:00,25.666,19.7,12.6,33.6,30.2,65.5,2026.0,Ranked
1593.0,,Escuela Superior Politécnica del Litoral,Ecuador,,,,,,,,,,,,,,,,,,,,,,,,,,,THE,10308.0,8.9,1.0,39 : 61,25.6655,22.4,9.7,35.8,31.3,56.7,2026.0,Ranked
1594.0,,Yasouj University,Iran,,,,,,,,,,,,,,,,,,,,,,,,,,,THE,4104.0,16.3,4.0,57:43:00,25.66,19.9,14.5,42.2,23.8,26.3,2026.0,Ranked
1595.0,,Vinayaka Mission’s Research Foundation,India,,,,,,,,,,,,,,,,,,,,,,,,,,,THE,14971.0,8.7,0.0,41:59:00,25.6505,26.2,8.6,44.4,16.5,19.3,2026.0,Ranked
1596.0,,Hellenic Open University,Greece,,,,,,,,,,,,,,,,,,,,,,,,,,,THE,21185.0,7.3,1.0,65:35:00,25.6415,23.8,8.9,44.4,16.8,27.3,2026.0,Ranked
1597.0,,Rikkyo University,Japan,,,,,,,,,,,,,,,,,,,,,,,,,,,THE,19644.0,14.7,5.0,56:44:00,25.6275,18.5,9.6,41.0,21.4,56.4,2026.0,Ranked
1598.0,,Moscow Aviation Institute,Russia,,,,,,,,,,,,,,,,,,,,,,,,,,,THE,15797.0,16.6,12.0,27 : 73,25.62,33.1,16.2,22.5,53.0,30.5,2026.0,Ranked
1599.0,,Durban University of Technology,South Africa,,,,,,,,,,,,,,,,,,,,,,,,,,,THE,27036.0,31.4,1.0,56:44:00,25.6105,17.9,14.0,38.1,25.0,51.2,2026.0,Ranked
1600.0,,University of Sunderland,United Kingdom,,,,,,,,,,,,,,,,,,,,,,,,,,,THE,15945.0,14.4,53.0,59:41:00,25.6055,19.3,9.6,34.6,33.7,72.0,2026.0,Ranked
1601.0,,Universiti Malaysia Perlis,Malaysia,,,,,,,,,,,,,,,,,,,,,,,,,,,THE,10470.0,13.0,3.0,47:53:00,25.6015,23.5,13.9,34.2,35.2,39.6,2026.0,Ranked
1602.0,,Guangxi Normal University,China,,,,,,,,,,,,,,,,,,,,,,,,,,,THE,38955.0,18.4,2.0,69:31:00,25.596,16.1,11.1,47.9,40.0,22.1,2026.0,Ranked
1603.0,,Marmara University,Turkey,,,,,,,,,,,,,,,,,,,,,,,,,,,THE,47315.0,25.2,5.0,52:48:00,25.568,25.1,13.7,34.7,34.7,31.9,2026.0,Ranked
1604.0,,Tashkent University of Information Technologies,Uzbekistan,,,,,,,,,,,,,,,,,,,,,,,,,,,THE,20688.0,18.4,0.0,25 : 75,25.562,17.6,9.2,49.5,27.8,23.2,2026.0,Ranked
1605.0,,Université Polytechnique Hauts-de-France,France,,,,,,,,,,,,,,,,,,,,,,,,,,,THE,13034.0,27.3,12.0,48:52:00,25.553,17.4,8.3,35.3,57.7,68.2,2026.0,Ranked
1606.0,,Military Institute of Science and Technology (MIST),Bangladesh,,,,,,,,,,,,,,,,,,,,,,,,,,,THE,3001.0,18.2,0.0,27 : 73,25.53,14.1,8.6,53.8,19.1,26.3,2026.0,Ranked
1607.0,,Southwest Petroleum University,China,,,,,,,,,,,,,,,,,,,,,,,,,,,THE,41268.0,19.6,1.0,35 : 65,25.5225,17.7,15.3,37.5,77.1,20.4,2026.0,Ranked
1608.0,,Bezmiâlem Vakif University,Turkey,,,,,,,,,,,,,,,,,,,,,,,,,,,THE,2814.0,8.1,5.0,70:30:00,25.522,37.8,12.0,26.1,22.9,28.6,2026.0,Ranked
1609.0,,Shree Guru Gobind Singh Tricentenary University,India,,,,,,,,,,,,,,,,,,,,,,,,,,,THE,7375.0,10.3,0.0,50:50:00,25.5135,24.2,10.1,43.2,16.2,24.5,2026.0,Ranked
1610.0,,GMR Institute of Technology,India,,,,,,,,,,,,,,,,,,,,,,,,,,,THE,4130.0,16.7,0.0,32 : 68,25.5125,15.4,10.0,52.0,18.8,22.9,2026.0,Ranked
1611.0,,Université Sultan Moulay Slimane,Morocco,,,,,,,,,,,,,,,,,,,,,,,,,,,THE,43534.0,60.3,0.0,56:44:00,25.5025,18.6,13.0,46.0,18.2,22.9,2026.0,Ranked
1612.0,,Nagaoka University of Technology,Japan,,,,,,,,,,,,,,,,,,,,,,,,,,,THE,2155.0,10.8,12.0,0.561111111,25.48,31.4,16.8,18.4,68.0,41.4,2026.0,Ranked
1613.0,,Universiti Teknologi MARA,Malaysia,,,,,,,,,,,,,,,,,,,,,,,,,,,THE,60349.0,16.3,2.0,66:34:00,25.478,21.2,17.1,33.9,46.5,29.8,2026.0,Ranked
1614.0,,University of the Ryukyus,Japan,,,,,,,,,,,,,,,,,,,,,,,,,,,THE,7468.0,9.2,3.0,38 : 62,25.4185,25.8,13.8,30.8,41.2,38.9,2026.0,Ranked
1615.0,,Goa University,India,,,,,,,,,,,,,,,,,,,,,,,,,,,THE,2771.0,11.0,4.0,64:36:00,25.41,33.9,13.3,28.7,28.0,24.3,2026.0,Ranked
1616.0,,University of Lethbridge,Canada,,,,,,,,,,,,,,,,,,,,,,,,,,,THE,7219.0,13.2,16.0,,25.398,20.8,14.7,29.6,41.6,59.4,2026.0,Ranked
1617.0,,Ritsumeikan University,Japan,,,,,,,,,,,,,,,,,,,,,,,,,,,THE,35919.0,18.0,10.0,37 : 63,25.378,20.7,16.2,28.4,63.4,46.9,2026.0,Ranked
1618.0,,University of Warmia and Mazury in Olsztyn,Poland,,,,,,,,,,,,,,,,,,,,,,,,,,,THE,15830.0,16.8,3.0,61:39:00,25.376,18.2,15.6,41.9,26.7,24.6,2026.0,Ranked
1619.0,,Osaka Medical and Pharmaceutical University,Japan,,,,,,,,,,,,,,,,,,,,,,,,,,,THE,3126.0,5.5,1.0,60:40:00,25.3715,27.5,13.9,32.2,53.2,19.2,2026.0,Ranked
1620.0,,Pace University-New York,United States,,,,,,,,,,,,,,,,,,,,,,,,,,,THE,12280.0,15.7,21.0,63:37:00,25.3685,35.5,8.3,24.9,32.1,49.8,2026.0,Ranked
1621.0,,Karadeniz Technical University,Turkey,,,,,,,,,,,,,,,,,,,,,,,,,,,THE,22986.0,10.5,8.0,52:48:00,25.3405,24.5,13.8,35.1,38.9,27.0,2026.0,Ranked
1622.0,,Pontifical Catholic University of Valparaíso,Chile,,,,,,,,,,,,,,,,,,,,,,,,,,,THE,18070.0,23.2,2.0,43:57:00,25.3365,17.4,17.6,33.0,33.8,51.3,2026.0,Ranked
1623.0,,"University of the Andes, Chile",Chile,,,,,,,,,,,,,,,,,,,,,,,,,,,THE,10398.0,17.7,2.0,56:44:00,25.3215,22.2,16.1,32.0,22.4,48.1,2026.0,Ranked
1624.0,,University of Huelva,Spain,,,,,,,,,,,,,,,,,,,,,,,,,,,THE,10926.0,13.7,3.0,46:54:00,25.305,23.2,16.6,32.6,28.8,36.2,2026.0,Ranked
1625.0,,Ştefan cel Mare University of Suceava,Romania,,,,,,,,,,,,,,,,,,,,,,,,,,,THE,9043.0,22.0,15.0,60:40:00,25.3025,17.4,15.8,39.7,22.0,37.3,2026.0,Ranked
1626.0,,Paris Nanterre University,France,,,,,,,,,,,,,,,,,,,,,,,,,,,THE,30986.0,20.1,16.0,65:35:00,25.297,21.5,16.6,27.0,35.7,61.5,2026.0,Ranked
1627.0,,University for Development Studies,Ghana,,,,,,,,,,,,,,,,,,,,,,,,,,,THE,28162.0,35.9,0.0,28 : 72,25.287,24.4,10.7,35.2,18.4,49.2,2026.0,Ranked
1628.0,,University of Worcester,United Kingdom,,,,,,,,,,,,,,,,,,,,,,,,,,,THE,7725.0,18.2,18.0,72:28:00,25.2785,17.1,12.0,37.9,23.6,59.2,2026.0,Ranked
1629.0,,Mie University,Japan,,,,,,,,,,,,,,,,,,,,,,,,,,,THE,6936.0,11.5,3.0,38 : 62,25.2765,26.7,17.0,26.4,66.5,25.2,2026.0,Ranked
1630.0,,Université Sorbonne Nouvelle,France,,,,,,,,,,,,,,,,,,,,,,,,,,,THE,14218.0,20.2,23.0,77:23:00,25.2735,28.0,12.0,23.3,37.4,67.3,2026.0,Ranked
1631.0,,Slovak University of Technology in Bratislava,Slovakia,,,,,,,,,,,,,,,,,,,,,,,,,,,THE,10809.0,12.9,19.0,33 : 67,25.2725,28.7,14.5,24.7,45.4,45.0,2026.0,Ranked
1632.0,,Communication University of China,China,,,,,,,,,,,,,,,,,,,,,,,,,,,THE,18027.0,15.5,2.0,68:32:00,25.252,25.7,16.4,29.4,56.8,24.3,2026.0,Ranked
1633.0,,Yeditepe University,Turkey,,,,,,,,,,,,,,,,,,,,,,,,,,,THE,17879.0,21.7,7.0,56:44:00,25.24,23.9,14.1,28.9,57.2,41.9,2026.0,Ranked
1634.0,,University of Chester,United Kingdom,,,,,,,,,,,,,,,,,,,,,,,,,,,THE,11380.0,18.4,28.0,66:34:00,25.233,19.8,12.9,31.0,27.9,69.8,2026.0,Ranked
1635.0,,University of Ostrava,Czechia,,,,,,,,,,,,,,,,,,,,,,,,,,,THE,9219.0,16.4,12.0,70:30:00,25.2135,20.0,16.7,32.7,20.7,51.1,2026.0,Ranked
1636.0,,Harran University,Turkey,,,,,,,,,,,,,,,,,,,,,,,,,,,THE,16845.0,18.9,7.0,48:52:00,25.0985,16.8,9.9,48.1,19.1,27.7,2026.0,Ranked
1637.0,,University of Zimbabwe,Zimbabwe,,,,,,,,,,,,,,,,,,,,,,,,,,,THE,24488.0,19.1,1.0,58:42:00,25.0865,14.2,10.6,43.8,20.9,51.3,2026.0,Ranked
1637.0,,University of Talca,Chile,,,,,,,,,,,,,,,,,,,,,,,,,,,THE,11543.0,12.7,2.0,51:49:00,25.0865,20.1,13.7,32.6,37.6,52.0,2026.0,Ranked
1639.0,,"Jaypee Institute of Information Technology, Noida",India,,,,,,,,,,,,,,,,,,,,,,,,,,,THE,5208.0,17.8,0.0,32 : 68,25.0795,20.0,17.6,38.6,26.2,19.3,2026.0,Ranked
1640.0,,National Chin-Yi University of Technology,Taiwan,,,,,,,,,,,,,,,,,,,,,,,,,,,THE,7667.0,22.4,12.0,31 : 69,25.0785,15.0,26.6,27.3,50.3,36.5,2026.0,Ranked
1641.0,,Kyiv National University of Construction and Architecture,Ukraine,,,,,,,,,,,,,,,,,,,,,,,,,,,THE,6697.0,7.1,3.0,42:58:00,25.063,22.6,9.1,41.4,19.3,34.2,2026.0,Ranked
1642.0,,Universitas Syiah Kuala,Indonesia,,,,,,,,,,,,,,,,,,,,,,,,,,,THE,30794.0,15.8,0.0,62:38:00,25.0465,17.5,9.6,48.0,19.5,25.6,2026.0,Ranked
1643.0,,Hirosaki University,Japan,,,,,,,,,,,,,,,,,,,,,,,,,,,THE,6845.0,9.9,1.0,,25.0365,24.8,15.0,30.0,53.2,29.9,2026.0,Ranked
1644.0,,Satbayev University,Kazakhstan,,,,,,,,,,,,,,,,,,,,,,,,,,,THE,8346.0,11.2,17.0,55:45:00,25.034,26.7,14.7,19.3,32.3,77.5,2026.0,Ranked
1645.0,,Muhimbili University of Health and Allied Sciences,Tanzania,,,,,,,,,,,,,,,,,,,,,,,,,,,THE,5254.0,11.8,6.0,32 : 68,24.978,21.6,14.9,30.3,27.5,54.6,2026.0,Ranked
1646.0,,Karpagam Academy of Higher Education,India,,,,,,,,,,,,,,,,,,,,,,,,,,,THE,10846.0,13.8,0.0,31 : 69,24.9495,19.0,11.8,44.4,19.5,24.3,2026.0,Ranked
1647.0,,Universiti Malaysia Kelantan,Malaysia,,,,,,,,,,,,,,,,,,,,,,,,,,,THE,10001.0,20.0,8.0,70:30:00,24.9345,16.1,14.8,35.5,37.7,49.8,2026.0,Ranked
1648.0,,Vali-e-Asr University of Rafsanjan,Iran,,,,,,,,,,,,,,,,,,,,,,,,,,,THE,6371.0,21.7,1.0,64:36:00,24.8885,15.3,10.5,48.4,20.0,26.8,2026.0,Ranked
1649.0,,University of Silesia in Katowice,Poland,,,,,,,,,,,,,,,,,,,,,,,,,,,THE,17261.0,10.6,5.0,66:34:00,24.85,28.0,15.2,28.8,27.8,32.4,2026.0,Ranked
1650.0,,CEU Universities,Spain,,,,,,,,,,,,,,,,,,,,,,,,,,,THE,21391.0,12.6,20.0,64:36:00,24.8435,21.9,11.8,33.9,26.4,49.8,2026.0,Ranked
1651.0,,Lincoln University College,Malaysia,,,,,,,,,,,,,,,,,,,,,,,,,,,THE,3727.0,6.7,52.0,24 : 76,24.813,35.0,9.3,12.6,16.9,97.8,2026.0,Ranked
1652.0,,University of Pannonia,Hungary,,,,,,,,,,,,,,,,,,,,,,,,,,,THE,5317.0,20.0,6.0,49:51:00,24.764,22.7,17.7,29.9,31.8,35.9,2026.0,Ranked
1653.0,,Unisinos University,Brazil,,,,,,,,,,,,,,,,,,,,,,,,,,,THE,14944.0,30.4,0.0,53:47:00,24.7195,21.6,20.7,26.1,55.3,30.7,2026.0,Ranked
1654.0,,Universidade Federal da Bahia,Brazil,,,,,,,,,,,,,,,,,,,,,,,,,,,THE,50721.0,19.0,1.0,54:46:00,24.7075,27.1,14.6,30.0,25.1,33.0,2026.0,Ranked
1655.0,,University of Rijeka,Croatia,,,,,,,,,,,,,,,,,,,,,,,,,,,THE,12749.0,15.6,5.0,59:41:00,24.6965,20.1,19.4,31.3,36.4,30.6,2026.0,Ranked
1656.0,,University of Hormozgan,Iran,,,,,,,,,,,,,,,,,,,,,,,,,,,THE,3685.0,15.4,3.0,66:34:00,24.6905,23.2,15.5,33.9,23.1,30.1,2026.0,Ranked
1657.0,,University of Santo Tomas,Philippines,,,,,,,,,,,,,,,,,,,,,,,,,,,THE,42253.0,15.1,6.0,58:42:00,24.6795,23.0,10.2,32.1,21.1,59.5,2026.0,Ranked
1658.0,,Kastamonu University,Turkey,,,,,,,,,,,,,,,,,,,,,,,,,,,THE,16697.0,31.4,11.0,46:54:00,24.668,15.3,12.0,44.3,18.8,35.1,2026.0,Ranked
1659.0,,Universidad Autónoma de Chile,Chile,,,,,,,,,,,,,,,,,,,,,,,,,,,THE,30410.0,26.8,1.0,64:36:00,24.6525,13.0,13.3,39.9,20.7,55.5,2026.0,Ranked
1660.0,,"National Institute of Applied Sciences, Strasbourg (INSA Strasbourg)",France,,,,,,,,,,,,,,,,,,,,,,,,,,,THE,1980.0,16.9,13.0,37 : 63,24.652,23.2,9.3,28.0,36.9,69.8,2026.0,Ranked
1661.0,,Istanbul Aydın University,Turkey,,,,,,,,,,,,,,,,,,,,,,,,,,,THE,17587.0,16.5,20.0,53:47:00,24.65,21.2,10.0,35.0,18.4,56.8,2026.0,Ranked
1662.0,,University of Carthage,Tunisia,,,,,,,,,,,,,,,,,,,,,,,,,,,THE,32944.0,10.6,1.0,64:36:00,24.6145,24.8,10.2,32.2,34.7,43.9,2026.0,Ranked
1663.0,,Federal University of Rio Grande do Norte (UFRN),Brazil,,,,,,,,,,,,,,,,,,,,,,,,,,,THE,52086.0,19.7,0.0,47:53:00,24.603,26.4,15.7,26.8,43.3,33.2,2026.0,Ranked
1664.0,,Far Eastern Federal University,Russia,,,,,,,,,,,,,,,,,,,,,,,,,,,THE,18054.0,15.6,21.0,59:41:00,24.59,29.1,18.4,16.4,30.3,60.5,2026.0,Ranked
1665.0,,Institut Teknologi Sepuluh Nopember,Indonesia,,,,,,,,,,,,,,,,,,,,,,,,,,,THE,20850.0,6.1,7.0,41:59:00,24.5845,25.9,11.1,28.3,42.0,47.4,2026.0,Ranked
1666.0,,Alzahra University,Iran,,,,,,,,,,,,,,,,,,,,,,,,,,,THE,9275.0,25.5,2.0,100:00:00,24.571,27.3,16.9,28.1,26.6,28.3,2026.0,Ranked
1667.0,,Universidade Federal de Juiz de Fora,Brazil,,,,,,,,,,,,,,,,,,,,,,,,,,,THE,24376.0,15.1,1.0,55:45:00,24.567,23.7,13.1,34.7,25.1,31.5,2026.0,Ranked
1668.0,,Universiti Teknikal Malaysia Melaka,Malaysia,,,,,,,,,,,,,,,,,,,,,,,,,,,THE,9543.0,13.0,6.0,36 : 64,24.55,26.9,11.4,27.3,37.4,48.3,2026.0,Ranked
1669.0,,Maejo University,Thailand,,,,,,,,,,,,,,,,,,,,,,,,,,,THE,17942.0,26.9,1.0,59:41:00,24.5405,14.8,9.6,43.4,35.2,39.5,2026.0,Ranked
1670.0,,Jiangsu Normal University,China,,,,,,,,,,,,,,,,,,,,,,,,,,,THE,29443.0,15.8,1.0,,24.5145,16.2,12.9,42.7,34.8,23.9,2026.0,Ranked
1671.0,,Université de Skikda,Algeria,,,,,,,,,,,,,,,,,,,,,,,,,,,THE,28640.0,23.6,0.0,69:31:00,24.489,13.0,7.7,48.6,16.9,42.2,2026.0,Ranked
1672.0,,Ehime University,Japan,,,,,,,,,,,,,,,,,,,,,,,,,,,THE,8855.0,9.9,2.0,40 : 60,24.478,25.8,14.8,26.7,54.5,31.8,2026.0,Ranked
1673.0,,Tribhuvan University,Nepal,,,,,,,,,,,,,,,,,,,,,,,,,,,THE,499671.0,19.6,0.0,52:48:00,24.4355,13.6,7.8,46.7,18.1,45.7,2026.0,Ranked
1674.0,,Acharya Nagarjuna University,India,,,,,,,,,,,,,,,,,,,,,,,,,,,THE,6220.0,7.6,7.0,32 : 68,24.435,45.0,9.9,16.8,27.6,28.6,2026.0,Ranked
1675.0,,University of the Arts London,United Kingdom,,,,,,,,,,,,,,,,,,,,,,,,,,,THE,20785.0,11.4,59.0,76:24:00,24.422,23.9,11.8,25.4,19.3,74.1,2026.0,Ranked
1676.0,,Centurion University of Technology and Management,India,,,,,,,,,,,,,,,,,,,,,,,,,,,THE,12028.0,21.4,2.0,27 : 73,24.4045,15.3,13.0,41.1,43.4,27.4,2026.0,Ranked
1677.0,,University of Sousse,Tunisia,,,,,,,,,,,,,,,,,,,,,,,,,,,THE,29075.0,13.1,2.0,68:32:00,24.3535,26.9,10.6,31.0,23.1,41.6,2026.0,Ranked
1678.0,,Chang Gung University of Science and Technology,Taiwan,,,,,,,,,,,,,,,,,,,,,,,,,,,THE,6113.0,18.6,0.0,89:11:00,24.3445,16.1,15.2,39.8,41.8,21.0,2026.0,Ranked
1679.0,,University of Novi Sad,Serbia,,,,,,,,,,,,,,,,,,,,,,,,,,,THE,49296.0,14.0,7.0,58:42:00,24.3395,19.9,11.5,32.8,59.6,38.8,2026.0,Ranked
1680.0,,University of Sistan and Baluchestan,Iran,,,,,,,,,,,,,,,,,,,,,,,,,,,THE,8848.0,24.7,1.0,56:44:00,24.3375,27.0,13.1,32.7,20.9,25.7,2026.0,Ranked
1681.0,,Instituto Politécnico de Viana do Castelo,Portugal,,,,,,,,,,,,,,,,,,,,,,,,,,,THE,5913.0,18.6,11.0,49:51:00,24.3305,13.8,15.6,38.1,22.7,45.3,2026.0,Ranked
1682.0,,University of Calabar,Nigeria,,,,,,,,,,,,,,,,,,,,,,,,,,,THE,24000.0,15.7,0.0,88:12:00,24.317,20.4,9.6,39.7,17.0,39.0,2026.0,Ranked
1683.0,,University of Western Macedonia,Greece,,,,,,,,,,,,,,,,,,,,,,,,,,,THE,14635.0,22.9,1.0,51:49:00,24.314,13.3,13.0,44.9,28.7,26.7,2026.0,Ranked
1684.0,,Yamaguchi University,Japan,,,,,,,,,,,,,,,,,,,,,,,,,,,THE,10373.0,10.9,5.0,38 : 62,24.282,27.8,14.2,24.0,58.7,32.2,2026.0,Ranked
1685.0,,Sri Venkateswara University,India,,,,,,,,,,,,,,,,,,,,,,,,,,,THE,6670.0,15.5,0.0,50:50:00,24.2815,36.9,10.6,23.6,26.3,29.2,2026.0,Ranked
1686.0,,Maria Curie-Skłodowska University (UMCS),Poland,,,,,,,,,,,,,,,,,,,,,,,,,,,THE,13964.0,10.0,12.0,74:26:00,24.2715,22.6,21.5,25.8,22.3,36.5,2026.0,Ranked
1687.0,,Pontifical Catholic University of Peru,Peru,,,,,,,,,,,,,,,,,,,,,,,,,,,THE,26939.0,6.4,1.0,47:53:00,24.268,26.1,10.8,30.9,24.1,42.7,2026.0,Ranked
1688.0,,Southern Federal University,Russia,,,,,,,,,,,,,,,,,,,,,,,,,,,THE,18741.0,12.8,15.0,57:43:00,24.246,23.8,16.3,24.6,38.7,47.6,2026.0,Ranked
1689.0,,Cracow University of Technology,Poland,,,,,,,,,,,,,,,,,,,,,,,,,,,THE,12400.0,11.0,7.0,38 : 62,24.2065,25.9,10.4,32.7,30.5,33.6,2026.0,Ranked
1690.0,,Acıbadem University,Turkey,,,,,,,,,,,,,,,,,,,,,,,,,,,THE,3501.0,7.6,8.0,73:27:00,24.1805,27.3,12.4,29.0,26.4,37.0,2026.0,Ranked
1691.0,,Catholic University of the North,Chile,,,,,,,,,,,,,,,,,,,,,,,,,,,THE,11793.0,19.9,4.0,47:53:00,24.1685,14.7,14.9,33.8,19.9,61.0,2026.0,Ranked
1692.0,,University of Tunis,Tunisia,,,,,,,,,,,,,,,,,,,,,,,,,,,THE,18795.0,10.8,2.0,68:32:00,24.1605,33.3,10.0,24.4,28.3,39.8,2026.0,Ranked
1693.0,,Karamanoğlu Mehmet Bey University,Turkey,,,,,,,,,,,,,,,,,,,,,,,,,,,THE,19789.0,28.7,6.0,51:49:00,24.1535,11.7,10.1,49.0,17.2,31.8,2026.0,Ranked
1694.0,,International Hellenic University,Greece,,,,,,,,,,,,,,,,,,,,,,,,,,,THE,58142.0,37.1,3.0,44:56:00,24.147,9.8,10.5,48.8,28.9,32.2,2026.0,Ranked
1695.0,,UNIR – International University of La Rioja,Spain,,,,,,,,,,,,,,,,,,,,,,,,,,,THE,53424.0,46.1,34.0,63:37:00,24.14,12.6,15.6,35.9,20.6,57.4,2026.0,Ranked
1696.0,,Istanbul Bilgi University,Turkey,,,,,,,,,,,,,,,,,,,,,,,,,,,THE,12199.0,18.6,15.0,51:49:00,24.128,16.3,11.1,38.0,17.2,53.5,2026.0,Ranked
1697.0,,"George Emil Palade University of Medicine, Pharmacy, Science, and Technology of Targu Mures",Romania,,,,,,,,,,,,,,,,,,,,,,,,,,,THE,9743.0,17.7,14.0,63:37:00,24.11,17.9,12.8,38.5,23.0,35.3,2026.0,Ranked
1698.0,,Saga University,Japan,,,,,,,,,,,,,,,,,,,,,,,,,,,THE,6403.0,9.6,2.0,42:58:00,24.092,25.4,14.7,25.4,66.9,27.2,2026.0,Ranked
1699.0,,Gunma University,Japan,,,,,,,,,,,,,,,,,,,,,,,,,,,THE,6155.0,7.4,5.0,39 : 61,24.0835,27.9,13.4,24.2,66.3,27.4,2026.0,Ranked
1700.0,,National Research University of Electronic Technology (MIET),Russia,,,,,,,,,,,,,,,,,,,,,,,,,,,THE,5805.0,10.5,4.0,26 : 74,24.074,45.5,15.5,7.9,52.1,22.7,2026.0,Ranked
1701.0,,University of Oum El Bouaghi,Algeria,,,,,,,,,,,,,,,,,,,,,,,,,,,THE,12471.0,11.0,0.0,63:37:00,24.07,23.8,14.5,30.8,30.1,32.0,2026.0,Ranked
1702.0,,University of Primorska,Slovenia,,,,,,,,,,,,,,,,,,,,,,,,,,,THE,5744.0,13.5,23.0,76:24:00,24.061,20.0,17.4,25.1,23.0,62.2,2026.0,Ranked
1703.0,,October University for Modern Sciences and Arts (MSA),Egypt,,,,,,,,,,,,,,,,,,,,,,,,,,,THE,12047.0,10.5,1.0,51:49:00,23.981,21.2,9.1,40.3,17.2,30.8,2026.0,Ranked
1704.0,,Université de Gabès,Tunisia,,,,,,,,,,,,,,,,,,,,,,,,,,,THE,15003.0,13.6,1.0,74:26:00,23.9585,20.3,11.5,35.0,20.5,44.2,2026.0,Ranked
1705.0,,Austral University of Chile,Chile,,,,,,,,,,,,,,,,,,,,,,,,,,,THE,18781.0,19.1,1.0,55:45:00,23.952,15.6,17.2,29.2,41.8,52.4,2026.0,Ranked
1706.0,,Morgan State University,United States,,,,,,,,,,,,,,,,,,,,,,,,,,,THE,8489.0,17.4,10.0,62:38:00,23.945,19.7,14.3,29.8,23.6,54.7,2026.0,Ranked
1707.0,,Georgia Southern University,United States,,,,,,,,,,,,,,,,,,,,,,,,,,,THE,21920.0,19.6,3.0,59:41:00,23.9295,18.3,12.2,37.2,34.7,32.6,2026.0,Ranked
1708.0,,University of Qom,Iran,,,,,,,,,,,,,,,,,,,,,,,,,,,THE,9345.0,29.5,27.0,46:54:00,23.922,28.4,12.5,25.5,21.6,45.4,2026.0,Ranked
1709.0,,Polytechnic Institute of Porto,Portugal,,,,,,,,,,,,,,,,,,,,,,,,,,,THE,21106.0,17.7,7.0,48:52:00,23.918,14.7,13.1,40.0,34.0,32.3,2026.0,Ranked
1710.0,,Technical University of Cluj-Napoca,Romania,,,,,,,,,,,,,,,,,,,,,,,,,,,THE,18486.0,20.3,3.0,38 : 62,23.9175,17.8,13.9,36.4,41.7,27.3,2026.0,Ranked
1711.0,,Cukurova University,Turkey,,,,,,,,,,,,,,,,,,,,,,,,,,,THE,33663.0,22.9,3.0,47:53:00,23.9135,22.3,13.8,32.5,33.7,29.8,2026.0,Ranked
1712.0,,Universidad Andrés Bello (UNAB),Chile,,,,,,,,,,,,,,,,,,,,,,,,,,,THE,49719.0,17.8,3.0,55:45:00,23.877,15.7,10.8,37.6,22.4,52.5,2026.0,Ranked
1713.0,,Telkom University,Indonesia,,,,,,,,,,,,,,,,,,,,,,,,,,,THE,18089.0,14.7,10.0,41:59:00,23.876,16.5,12.8,32.7,36.1,53.9,2026.0,Ranked
1714.0,,Ubon Ratchathani University,Thailand,,,,,,,,,,,,,,,,,,,,,,,,,,,THE,13247.0,18.2,0.0,67:33:00,23.843,15.7,10.1,43.0,27.0,30.7,2026.0,Ranked
1715.0,,Universitas Ahmad Dahlan,Indonesia,,,,,,,,,,,,,,,,,,,,,,,,,,,THE,19044.0,24.6,2.0,55:45:00,23.839,12.0,11.3,43.6,25.8,38.8,2026.0,Ranked
1716.0,,"University of the North, Colombia",Colombia,,,,,,,,,,,,,,,,,,,,,,,,,,,THE,11592.0,16.9,2.0,49:51:00,23.832,19.8,14.4,30.1,24.0,51.0,2026.0,Ranked
1717.0,,Izmir University of Economics,Turkey,,,,,,,,,,,,,,,,,,,,,,,,,,,THE,7269.0,24.2,3.0,54:46:00,23.8275,16.9,15.6,34.6,39.2,31.6,2026.0,Ranked
1718.0,,University of Pau and Pays de l’Adour,France,,,,,,,,,,,,,,,,,,,,,,,,,,,THE,13266.0,13.4,16.0,53:47:00,23.806,24.4,12.5,20.0,31.7,76.2,2026.0,Ranked
1719.0,,State University of Malang,Indonesia,,,,,,,,,,,,,,,,,,,,,,,,,,,THE,37201.0,26.4,4.0,55:45:00,23.778,21.1,11.5,34.5,26.4,37.5,2026.0,Ranked
1720.0,,University of Baghdad,Iraq,,,,,,,,,,,,,,,,,,,,,,,,,,,THE,75593.0,11.2,0.0,60:40:00,23.7725,28.3,14.8,28.2,29.3,20.0,2026.0,Ranked
1721.0,,B. S. Abdur Rahman Crescent Institute of Science and Technology,India,,,,,,,,,,,,,,,,,,,,,,,,,,,THE,9428.0,16.5,0.0,28 : 72,23.754,20.1,10.6,39.4,26.2,25.1,2026.0,Ranked
1722.0,,Pontificia Universidad Javeriana,Colombia,,,,,,,,,,,,,,,,,,,,,,,,,,,THE,29088.0,14.2,1.0,56:44:00,23.7355,21.1,13.0,31.8,24.4,43.0,2026.0,Ranked
1723.0,,Amity University - Kolkata,India,,,,,,,,,,,,,,,,,,,,,,,,,,,THE,5985.0,15.0,10.0,72:28:00,23.7005,18.0,11.5,33.5,22.2,54.9,2026.0,Ranked
1724.0,,Nnamdi Azikiwe University,Nigeria,,,,,,,,,,,,,,,,,,,,,,,,,,,THE,43059.0,16.2,0.0,59:41:00,23.6955,23.3,8.6,36.2,19.2,36.0,2026.0,Ranked
1725.0,,University of Al-Qadisiyah,Iraq,,,,,,,,,,,,,,,,,,,,,,,,,,,THE,27865.0,14.0,0.0,54:46:00,23.6825,21.5,7.9,40.5,16.6,29.8,2026.0,Ranked
1726.0,,Ochanomizu University,Japan,,,,,,,,,,,,,,,,,,,,,,,,,,,THE,2652.0,14.7,6.0,100:00:00,23.675,25.8,18.7,20.2,38.4,40.6,2026.0,Ranked
1727.0,,Universitas Negeri Semarang,Indonesia,,,,,,,,,,,,,,,,,,,,,,,,,,,THE,54005.0,36.5,1.0,63:37:00,23.661,13.2,11.7,44.7,17.1,30.4,2026.0,Ranked
1728.0,,University of Costa Rica,Costa Rica,,,,,,,,,,,,,,,,,,,,,,,,,,,THE,30813.0,14.6,2.0,52:48:00,23.6415,20.9,10.2,33.9,23.2,45.6,2026.0,Ranked
1729.0,,Hanoi University of Science and Technology,Vietnam,,,,,,,,,,,,,,,,,,,,,,,,,,,THE,39204.0,35.8,0.0,0.888888889,23.62,14.5,16.9,30.5,66.1,35.3,2026.0,Ranked
1730.0,,Arak University,Iran,,,,,,,,,,,,,,,,,,,,,,,,,,,THE,6265.0,19.2,13.0,62:38:00,23.594,19.3,14.6,32.9,29.1,35.1,2026.0,Ranked
1731.0,,Federico Santa María Technical University,Chile,,,,,,,,,,,,,,,,,,,,,,,,,,,THE,19907.0,27.1,2.0,26 : 74,23.5815,14.5,12.9,33.0,40.7,53.8,2026.0,Ranked
1732.0,,Universidade do Estado do Rio de Janeiro (UERJ),Brazil,,,,,,,,,,,,,,,,,,,,,,,,,,,THE,34661.0,11.8,0.0,55:45:00,23.5715,32.2,12.3,24.5,23.2,29.7,2026.0,Ranked
1733.0,,University of Babylon,Iraq,,,,,,,,,,,,,,,,,,,,,,,,,,,THE,29695.0,12.9,1.0,55:45:00,23.5415,28.4,9.0,33.4,21.9,22.1,2026.0,Ranked
1734.0,,Federal University of Pelotas,Brazil,,,,,,,,,,,,,,,,,,,,,,,,,,,THE,21972.0,14.9,1.0,57:43:00,23.5335,25.1,14.1,30.0,25.0,27.2,2026.0,Ranked
1735.0,,Eskişehir Osmangazi University,Turkey,,,,,,,,,,,,,,,,,,,,,,,,,,,THE,30370.0,24.9,6.0,47:53:00,23.53,20.6,22.6,26.3,24.6,27.0,2026.0,Ranked
1736.0,,Alexandru Ioan Cuza University,Romania,,,,,,,,,,,,,,,,,,,,,,,,,,,THE,24352.0,16.9,9.0,61:39:00,23.527,22.5,12.2,29.2,41.1,39.3,2026.0,Ranked
1737.0,,Plekhanov Russian University of Economics,Russia,,,,,,,,,,,,,,,,,,,,,,,,,,,THE,13681.0,8.5,14.0,55:45:00,23.51,26.8,13.3,25.0,23.3,44.2,2026.0,Ranked
1738.0,,Saitama University,Japan,,,,,,,,,,,,,,,,,,,,,,,,,,,THE,8341.0,16.0,6.0,32 : 68,23.5075,21.8,18.9,21.3,57.2,38.9,2026.0,Ranked
1739.0,,University of Kufa,Iraq,,,,,,,,,,,,,,,,,,,,,,,,,,,THE,35860.0,11.8,0.0,59:41:00,23.5005,23.6,9.0,38.1,16.9,24.3,2026.0,Ranked
1740.0,,University of Moratuwa,Sri Lanka,,,,,,,,,,,,,,,,,,,,,,,,,,,THE,11079.0,22.1,0.0,40 : 60,23.4835,12.9,14.5,40.2,36.2,26.2,2026.0,Ranked
1741.0,,Dankook University,South Korea,,,,,,,,,,,,,,,,,,,,,,,,,,,THE,26277.0,16.6,5.0,54:46:00,23.464,23.1,14.7,27.8,51.1,26.7,2026.0,Ranked
1742.0,,Gaziantep University,Turkey,,,,,,,,,,,,,,,,,,,,,,,,,,,THE,35026.0,37.9,15.0,40 : 60,23.431,19.0,12.4,33.5,23.5,43.2,2026.0,Ranked
1743.0,,Universidade Federal de Ouro Preto (UFOP),Brazil,,,,,,,,,,,,,,,,,,,,,,,,,,,THE,13409.0,14.4,1.0,50:50:00,23.4245,22.3,22.2,23.5,35.2,26.0,2026.0,Ranked
1744.0,,Tottori University,Japan,,,,,,,,,,,,,,,,,,,,,,,,,,,THE,5994.0,8.3,2.0,39 : 61,23.365,28.4,14.0,22.6,55.3,25.8,2026.0,Ranked
1745.0,,"University of Santiago, Chile (USACH)",Chile,,,,,,,,,,,,,,,,,,,,,,,,,,,THE,26506.0,20.0,4.0,45:55:00,23.3605,17.4,15.9,29.5,30.1,47.5,2026.0,Ranked
1746.0,,University of Yamanashi,Japan,,,,,,,,,,,,,,,,,,,,,,,,,,,THE,4668.0,6.2,6.0,31 : 69,23.349,28.3,14.0,22.2,50.2,30.3,2026.0,Ranked
1747.0,,Universiti Malaysia Sabah (UMS),Malaysia,,,,,,,,,,,,,,,,,,,,,,,,,,,THE,16224.0,9.9,4.0,66:34:00,23.328,23.9,12.2,28.1,28.8,42.1,2026.0,Ranked
1748.0,,L.N. Gumilyov Eurasian National University,Kazakhstan,,,,,,,,,,,,,,,,,,,,,,,,,,,THE,23205.0,18.3,4.0,49:51:00,23.3215,20.9,15.2,25.4,17.2,59.2,2026.0,Ranked
1749.0,,Ladoke Akintola University of Technology,Nigeria,,,,,,,,,,,,,,,,,,,,,,,,,,,THE,40337.0,50.1,0.0,49:51:00,23.257,14.0,10.7,40.7,25.6,37.2,2026.0,Ranked
1750.0,,Tamil Nadu Agricultural University,India,,,,,,,,,,,,,,,,,,,,,,,,,,,THE,8627.0,12.7,0.0,65:35:00,23.207,35.8,13.3,20.7,31.1,17.8,2026.0,Ranked
1751.0,,Kagoshima University,Japan,,,,,,,,,,,,,,,,,,,,,,,,,,,THE,10130.0,10.5,2.0,39 : 61,23.199,26.5,13.8,23.8,56.3,26.5,2026.0,Ranked
1752.0,,University of Economics in Prague,Czechia,,,,,,,,,,,,,,,,,,,,,,,,,,,THE,14471.0,28.3,30.0,52:48:00,23.1885,17.2,15.0,30.1,20.3,52.3,2026.0,Ranked
1753.0,,Tokat Gaziosmanpaşa University,Turkey,,,,,,,,,,,,,,,,,,,,,,,,,,,THE,21110.0,13.7,14.0,39 : 61,23.1055,19.0,10.0,36.5,23.2,36.3,2026.0,Ranked
1754.0,,University of Life Sciences in Lublin,Poland,,,,,,,,,,,,,,,,,,,,,,,,,,,THE,6705.0,10.2,3.0,66:34:00,23.09,24.2,12.0,32.5,23.4,23.8,2026.0,Ranked
1755.0,,Shibaura Institute of Technology,Japan,,,,,,,,,,,,,,,,,,,,,,,,,,,THE,9475.0,25.2,5.0,0.847916667,23.079,18.2,18.7,23.6,45.8,45.0,2026.0,Ranked
1756.0,,University of Brawijaya,Indonesia,,,,,,,,,,,,,,,,,,,,,,,,,,,THE,47186.0,16.1,4.0,60:40:00,23.0455,24.9,13.3,23.7,36.2,43.8,2026.0,Ranked
1757.0,,Université Chouaïb Doukkali,Morocco,,,,,,,,,,,,,,,,,,,,,,,,,,,THE,27900.0,39.6,2.0,60:40:00,23.0375,15.8,11.6,40.1,21.5,28.3,2026.0,Ranked
1758.0,,Wasit University,Iraq,,,,,,,,,,,,,,,,,,,,,,,,,,,THE,17316.0,9.1,0.0,53:47:00,23.027,22.9,8.6,36.9,16.5,27.3,2026.0,Ranked
1759.0,,National University of San Martín,Argentina,,,,,,,,,,,,,,,,,,,,,,,,,,,THE,16968.0,16.5,5.0,60:40:00,23.022,22.0,11.2,29.3,27.6,45.2,2026.0,Ranked
1760.0,,Feng Chia University,Taiwan,,,,,,,,,,,,,,,,,,,,,,,,,,,THE,20114.0,23.0,6.0,41:59:00,23.0215,16.9,18.2,24.2,70.7,35.6,2026.0,Ranked
1761.0,,Dow University of Health Sciences,Pakistan,,,,,,,,,,,,,,,,,,,,,,,,,,,THE,8085.0,7.9,5.0,74:26:00,22.933,24.5,10.4,27.9,19.3,47.3,2026.0,Ranked
1762.0,,Badji Mokhtar University – Annaba,Algeria,,,,,,,,,,,,,,,,,,,,,,,,,,,THE,30510.0,9.0,2.0,75:25:00,22.922,39.9,8.8,17.0,21.3,35.3,2026.0,Ranked
1763.0,,"Balochistan University of Information Technology, Engineering and Management Sciences (BUITEMS)",Pakistan,,,,,,,,,,,,,,,,,,,,,,,,,,,THE,15352.0,24.6,0.0,0.970833333,22.9095,10.8,9.5,41.3,20.9,49.9,2026.0,Ranked
1764.0,,Dnipro University of Technology,Ukraine,,,,,,,,,,,,,,,,,,,,,,,,,,,THE,13079.0,20.8,0.0,27 : 73,22.9055,13.0,7.6,47.1,17.6,27.1,2026.0,Ranked
1765.0,,Federal University of Mato Grosso do Sul,Brazil,,,,,,,,,,,,,,,,,,,,,,,,,,,THE,23578.0,13.3,1.0,56:44:00,22.8995,24.0,14.5,25.6,37.8,32.3,2026.0,Ranked
1766.0,,Russian Presidential Academy of National Economy and Public Administration,Russia,,,,,,,,,,,,,,,,,,,,,,,,,,,THE,21295.0,17.1,4.0,66:34:00,22.8875,23.9,22.5,21.3,27.3,24.4,2026.0,Ranked
1767.0,,Bashkir State Medical University,Russia,,,,,,,,,,,,,,,,,,,,,,,,,,,THE,14567.0,9.8,36.0,47:53:00,22.887,28.3,10.3,23.5,20.1,49.3,2026.0,Ranked
1768.0,,Federal University of Espírito Santo,Brazil,,,,,,,,,,,,,,,,,,,,,,,,,,,THE,30434.0,17.2,1.0,55:45:00,22.871,24.2,12.8,25.5,53.0,30.0,2026.0,Ranked
1769.0,,Aydın Adnan Menderes University,Turkey,,,,,,,,,,,,,,,,,,,,,,,,,,,THE,13698.0,13.8,2.0,51:49:00,22.7985,28.4,20.3,20.0,20.4,22.9,2026.0,Ranked
1770.0,,Federal University of Viçosa,Brazil,,,,,,,,,,,,,,,,,,,,,,,,,,,THE,18831.0,9.9,3.0,56:44:00,22.7945,30.4,12.4,23.4,28.7,27.5,2026.0,Ranked
1771.0,,Kyoto Institute of Technology,Japan,,,,,,,,,,,,,,,,,,,,,,,,,,,THE,4018.0,14.5,6.0,29 : 71,22.7885,25.5,17.7,16.2,72.2,31.8,2026.0,Ranked
1772.0,,Moscow Power Engineering Institute,Russia,,,,,,,,,,,,,,,,,,,,,,,,,,,THE,14453.0,18.5,15.0,34 : 66,22.786,23.2,15.9,20.6,56.4,38.6,2026.0,Ranked
1773.0,,Kasetsart University,Thailand,,,,,,,,,,,,,,,,,,,,,,,,,,,THE,69827.0,17.3,1.0,61:39:00,22.782,18.8,15.9,27.8,41.5,35.0,2026.0,Ranked
1774.0,,Dunarea de Jos University of Galati,Romania,,,,,,,,,,,,,,,,,,,,,,,,,,,THE,12770.0,15.9,23.0,58:42:00,22.773,20.0,10.2,32.3,19.0,46.2,2026.0,Ranked
1775.0,,Dokkyo Medical University,Japan,,,,,,,,,,,,,,,,,,,,,,,,,,,THE,1301.0,1.5,1.0,55:45:00,22.7415,28.1,10.9,27.8,37.4,19.4,2026.0,Ranked
1776.0,,National University of La Plata,Argentina,,,,,,,,,,,,,,,,,,,,,,,,,,,THE,48850.0,13.1,25.0,60:40:00,22.7335,23.5,12.4,21.5,26.5,62.6,2026.0,Ranked
1777.0,,Altınbaş University,Turkey,,,,,,,,,,,,,,,,,,,,,,,,,,,THE,11126.0,24.2,51.0,41:59:00,22.7265,17.6,11.7,30.3,24.1,54.5,2026.0,Ranked
1778.0,,"Vignan’s Foundation for Science, Technology and Research",India,,,,,,,,,,,,,,,,,,,,,,,,,,,THE,8362.0,12.8,4.0,50:50:00,22.673,23.0,9.1,35.1,19.6,25.8,2026.0,Ranked
1779.0,,Universidad Mayor,Chile,,,,,,,,,,,,,,,,,,,,,,,,,,,THE,23839.0,11.5,1.0,55:45:00,22.6715,19.7,8.9,33.2,17.6,48.2,2026.0,Ranked
1780.0,,Fluminense Federal University,Brazil,,,,,,,,,,,,,,,,,,,,,,,,,,,THE,71079.0,20.2,0.0,48:52:00,22.6685,23.6,13.4,27.9,27.2,31.5,2026.0,Ranked
1781.0,,University of Zambia,Zambia,,,,,,,,,,,,,,,,,,,,,,,,,,,THE,29300.0,31.2,5.0,62:38:00,22.652,16.4,11.1,31.1,24.0,57.4,2026.0,Ranked
1782.0,,Al-Nahrain University,Iraq,,,,,,,,,,,,,,,,,,,,,,,,,,,THE,8087.0,4.7,0.0,57:43:00,22.6375,29.7,8.9,28.8,21.0,24.2,2026.0,Ranked
1783.0,,Catholic University of Brasília,Brazil,,,,,,,,,,,,,,,,,,,,,,,,,,,THE,7990.0,20.7,0.0,54:46:00,22.6325,25.5,25.3,13.6,22.2,37.4,2026.0,Ranked
1784.0,,Technical University of Liberec,Czechia,,,,,,,,,,,,,,,,,,,,,,,,,,,THE,5565.0,11.3,10.0,53:47:00,22.6215,22.2,16.9,20.3,37.6,47.7,2026.0,Ranked
1785.0,,University of Pardubice,Czechia,,,,,,,,,,,,,,,,,,,,,,,,,,,THE,7339.0,15.3,9.0,55:45:00,22.61,19.7,18.6,22.8,37.8,40.7,2026.0,Ranked
1786.0,,National Changhua University of Education,Taiwan,,,,,,,,,,,,,,,,,,,,,,,,,,,THE,9029.0,25.2,9.0,49:51:00,22.593,21.6,20.7,20.4,47.7,29.2,2026.0,Ranked
1787.0,,University of Miyazaki,Japan,,,,,,,,,,,,,,,,,,,,,,,,,,,THE,5444.0,7.8,2.0,37 : 63,22.543,27.0,12.6,23.2,49.6,26.4,2026.0,Ranked
1788.0,,Nile University,Egypt,,,,,,,,,,,,,,,,,,,,,,,,,,,THE,3826.0,18.5,1.0,37 : 63,22.512,15.2,12.9,34.6,38.8,31.4,2026.0,Ranked
1789.0,,Damghan University,Iran,,,,,,,,,,,,,,,,,,,,,,,,,,,THE,4893.0,15.9,1.0,62:38:00,22.498,18.0,10.8,36.2,19.9,32.0,2026.0,Ranked
1790.0,,Metropolitan Autonomous University,Mexico,,,,,,,,,,,,,,,,,,,,,,,,,,,THE,61622.0,44.5,1.0,50:50:00,22.4845,21.1,24.4,19.6,30.1,28.0,2026.0,Ranked
1791.0,,Baku State University,Azerbaijan,,,,,,,,,,,,,,,,,,,,,,,,,,,THE,19165.0,12.1,5.0,60:40:00,22.4135,30.1,10.1,21.2,21.0,45.4,2026.0,Ranked
1792.0,,University of West Attica,Greece,,,,,,,,,,,,,,,,,,,,,,,,,,,THE,59127.0,44.1,2.0,43:57:00,22.397,10.2,11.6,43.1,30.1,25.2,2026.0,Ranked
1793.0,,Universidade Federal de Ciências da Saúde de Porto Alegre (UFCSPA),Brazil,,,,,,,,,,,,,,,,,,,,,,,,,,,THE,4652.0,13.0,2.0,70:30:00,22.3815,23.2,13.1,27.5,30.4,30.3,2026.0,Ranked
1794.0,,REVA University,India,,,,,,,,,,,,,,,,,,,,,,,,,,,THE,15628.0,17.4,2.0,37 : 63,22.3675,16.9,8.5,41.3,19.3,23.4,2026.0,Ranked
1795.0,,Konya Technical University,Turkey,,,,,,,,,,,,,,,,,,,,,,,,,,,THE,10365.0,22.2,5.0,29 : 71,22.356,19.4,9.4,37.8,17.3,25.0,2026.0,Ranked
1796.0,,Altai State University,Russia,,,,,,,,,,,,,,,,,,,,,,,,,,,THE,9271.0,18.5,27.0,56:44:00,22.3405,23.0,16.4,17.1,25.3,62.1,2026.0,Ranked
1797.0,,Kazan State Medical University,Russia,,,,,,,,,,,,,,,,,,,,,,,,,,,THE,5835.0,12.2,36.0,54:46:00,22.3365,39.5,11.9,10.1,20.7,45.0,2026.0,Ranked
1798.0,,Grand Valley State University,United States,,,,,,,,,,,,,,,,,,,,,,,,,,,THE,18621.0,13.9,3.0,62:38:00,22.3075,21.2,9.4,31.6,28.5,36.1,2026.0,Ranked
1799.0,,Atılım University,Turkey,,,,,,,,,,,,,,,,,,,,,,,,,,,THE,9249.0,22.2,12.0,46:54:00,22.279,16.0,11.5,32.6,24.1,46.4,2026.0,Ranked
1800.0,,Shahed University,Iran,,,,,,,,,,,,,,,,,,,,,,,,,,,THE,6402.0,15.1,0.0,47:53:00,22.275,26.0,13.1,26.6,32.4,20.4,2026.0,Ranked
1801.0,,Universidade Estadual do Norte Fluminense Darcy Ribeiro,Brazil,,,,,,,,,,,,,,,,,,,,,,,,,,,THE,6353.0,19.4,0.0,62:38:00,22.223,29.8,11.9,21.6,21.9,35.0,2026.0,Ranked
1802.0,,Al-Quds University,Palestine,,,,,,,,,,,,,,,,,,,,,,,,,,,THE,10065.0,10.9,33.0,77:23:00,22.2195,22.9,11.0,17.8,21.1,81.2,2026.0,Ranked
1803.0,,Taras Shevchenko National University of Kyiv,Ukraine,,,,,,,,,,,,,,,,,,,,,,,,,,,THE,25696.0,11.2,5.0,56:44:00,22.199,25.7,15.4,22.4,28.6,30.5,2026.0,Ranked
1804.0,,"State University ""Kyiv Aviation Institute""",Ukraine,,,,,,,,,,,,,,,,,,,,,,,,,,,THE,15407.0,10.5,4.0,40 : 60,22.154,22.3,9.0,34.8,17.2,24.5,2026.0,Ranked
1805.0,,Universidade Estadual de Maringá,Brazil,,,,,,,,,,,,,,,,,,,,,,,,,,,THE,17887.0,11.4,0.0,56:44:00,22.1085,31.8,14.2,19.2,26.8,23.7,2026.0,Ranked
1806.0,,Universitas Pendidikan Indonesia,Indonesia,,,,,,,,,,,,,,,,,,,,,,,,,,,THE,37007.0,16.9,2.0,56:44:00,22.0575,20.3,11.9,32.2,20.7,28.4,2026.0,Ranked
1807.0,,Pázmány Péter Catholic University,Hungary,,,,,,,,,,,,,,,,,,,,,,,,,,,THE,6452.0,15.9,6.0,,21.9585,23.0,11.7,27.1,23.2,36.3,2026.0,Ranked
1808.0,,Universidad Católica del Maule,Chile,,,,,,,,,,,,,,,,,,,,,,,,,,,THE,12490.0,20.4,1.0,53:47:00,21.9385,16.1,15.8,26.0,17.8,54.6,2026.0,Ranked
1809.0,,Kenyatta University,Kenya,,,,,,,,,,,,,,,,,,,,,,,,,,,THE,55018.0,27.6,5.0,58:42:00,21.9085,14.3,9.1,34.2,17.4,54.6,2026.0,Ranked
1810.0,,University of Oradea,Romania,,,,,,,,,,,,,,,,,,,,,,,,,,,THE,18847.0,19.0,5.0,60:40:00,21.87,16.5,13.3,31.7,18.7,38.5,2026.0,Ranked
1811.0,,Shanxi Medical University,China,,,,,,,,,,,,,,,,,,,,,,,,,,,THE,26728.0,8.0,2.0,66:34:00,21.869,24.2,11.6,29.8,23.9,19.6,2026.0,Ranked
1812.0,,Sinop University,Turkey,,,,,,,,,,,,,,,,,,,,,,,,,,,THE,8888.0,28.3,1.0,56:44:00,21.8685,9.9,12.5,40.8,18.2,31.4,2026.0,Ranked
1813.0,,Bharati Vidyapeeth University,India,,,,,,,,,,,,,,,,,,,,,,,,,,,THE,10893.0,7.6,0.0,52:48:00,21.8565,27.1,11.1,25.1,39.2,20.6,2026.0,Ranked
1814.0,,Shimane University,Japan,,,,,,,,,,,,,,,,,,,,,,,,,,,THE,6056.0,8.4,3.0,41:59:00,21.814,26.0,13.0,21.5,41.1,30.4,2026.0,Ranked
1815.0,,Ondokuz Mayis University,Turkey,,,,,,,,,,,,,,,,,,,,,,,,,,,THE,37153.0,18.3,15.0,40 : 60,21.8065,19.7,11.3,29.6,26.2,37.2,2026.0,Ranked
1816.0,,Van Yüzüncü Yil University,Turkey,,,,,,,,,,,,,,,,,,,,,,,,,,,THE,21117.0,16.7,3.0,48:52:00,21.806,22.0,19.5,22.4,30.4,23.0,2026.0,Ranked
1817.0,,Ankara Yildirim Beyazit University,Turkey,,,,,,,,,,,,,,,,,,,,,,,,,,,THE,24127.0,22.3,10.0,55:45:00,21.8035,20.1,13.1,29.5,22.5,31.0,2026.0,Ranked
1818.0,,East West University,Bangladesh,,,,,,,,,,,,,,,,,,,,,,,,,,,THE,12156.0,26.8,0.0,51:49:00,21.7655,11.2,9.3,41.7,17.8,33.9,2026.0,Ranked
1819.0,,Sofia University,Bulgaria,,,,,,,,,,,,,,,,,,,,,,,,,,,THE,21579.0,7.4,8.0,65:35:00,21.7595,27.1,12.3,21.7,24.7,36.0,2026.0,Ranked
1820.0,,R V College of Engineering,India,,,,,,,,,,,,,,,,,,,,,,,,,,,THE,6140.0,17.8,0.0,27 : 73,21.753,28.9,10.9,25.2,30.6,17.1,2026.0,Ranked
1821.0,,Shizuoka University,Japan,,,,,,,,,,,,,,,,,,,,,,,,,,,THE,9821.0,14.9,3.0,30 : 70,21.6645,20.9,16.5,18.5,66.1,33.6,2026.0,Ranked
1822.0,,De La Salle University,Philippines,,,,,,,,,,,,,,,,,,,,,,,,,,,THE,22790.0,18.5,2.0,51:49:00,21.619,18.3,12.6,31.4,24.1,29.1,2026.0,Ranked
1823.0,,El Bosque University,Colombia,,,,,,,,,,,,,,,,,,,,,,,,,,,THE,15881.0,7.6,2.0,60:40:00,21.5975,23.6,9.0,27.1,17.7,42.5,2026.0,Ranked
1824.0,,Muroran Institute of Technology,Japan,,,,,,,,,,,,,,,,,,,,,,,,,,,THE,3287.0,19.1,5.0,0.602083333,21.597,20.2,10.4,24.8,47.8,43.6,2026.0,Ranked
1825.0,,Lobachevsky State University of Nizhni Novgorod,Russia,,,,,,,,,,,,,,,,,,,,,,,,,,,THE,20444.0,10.5,13.0,51:49:00,21.553,31.5,13.9,13.8,35.3,35.7,2026.0,Ranked
1826.0,,Ferhat Abbas Sétif University 1,Algeria,,,,,,,,,,,,,,,,,,,,,,,,,,,THE,40578.0,25.2,0.0,63:37:00,21.5395,15.3,8.5,36.0,20.9,39.0,2026.0,Ranked
1827.0,,Al-Muthanna University,Iraq,,,,,,,,,,,,,,,,,,,,,,,,,,,THE,10814.0,11.8,0.0,63:37:00,21.5035,20.2,8.5,32.2,16.3,36.9,2026.0,Ranked
1828.0,,Polytechnic University of Timişoara,Romania,,,,,,,,,,,,,,,,,,,,,,,,,,,THE,12676.0,18.1,4.0,38 : 62,21.4955,18.0,9.8,33.6,36.4,24.1,2026.0,Ranked
1828.0,,Londrina State University,Brazil,,,,,,,,,,,,,,,,,,,,,,,,,,,THE,20259.0,9.9,1.0,58:42:00,21.4955,30.4,12.1,20.0,26.9,25.9,2026.0,Ranked
1830.0,,Teikyo University,Japan,,,,,,,,,,,,,,,,,,,,,,,,,,,THE,22761.0,20.7,6.0,36 : 64,21.4645,16.2,14.0,29.6,41.7,27.7,2026.0,Ranked
1831.0,,University of Lucknow,India,,,,,,,,,,,,,,,,,,,,,,,,,,,THE,16650.0,22.3,3.0,51:49:00,21.3705,29.5,10.0,23.2,19.2,27.2,2026.0,Ranked
1832.0,,University of Rzeszów,Poland,,,,,,,,,,,,,,,,,,,,,,,,,,,THE,13491.0,12.1,3.0,67:33:00,21.3695,22.7,14.0,25.3,22.7,28.2,2026.0,Ranked
1833.0,,Lagos State University,Nigeria,,,,,,,,,,,,,,,,,,,,,,,,,,,THE,50785.0,46.0,0.0,51:49:00,21.368,17.1,10.5,30.1,20.9,45.5,2026.0,Ranked
1834.0,,St Petersburg Electrotechnical University (LETI),Russia,,,,,,,,,,,,,,,,,,,,,,,,,,,THE,9024.0,14.2,19.0,31 : 69,21.3675,22.2,15.2,19.7,39.2,39.1,2026.0,Ranked
1835.0,,University of Miskolc,Hungary,,,,,,,,,,,,,,,,,,,,,,,,,,,THE,9107.0,17.7,9.0,51:49:00,21.346,23.8,14.7,21.2,24.3,36.4,2026.0,Ranked
1836.0,,Vietnam National University (Ho Chi Minh City),Vietnam,,,,,,,,,,,,,,,,,,,,,,,,,,,THE,95620.0,23.5,0.0,46:54:00,21.3415,14.6,12.0,31.6,39.8,33.1,2026.0,Ranked
1837.0,,University of Rwanda,Rwanda,,,,,,,,,,,,,,,,,,,,,,,,,,,THE,30597.0,22.5,3.0,38 : 62,21.317,14.1,14.9,25.6,21.1,57.5,2026.0,Ranked
1838.0,,Széchenyi István University,Hungary,,,,,,,,,,,,,,,,,,,,,,,,,,,THE,12060.0,16.1,6.0,44:56:00,21.313,18.9,13.1,27.8,27.9,33.1,2026.0,Ranked
1839.0,,Hasanuddin University,Indonesia,,,,,,,,,,,,,,,,,,,,,,,,,,,THE,37300.0,14.8,1.0,61:39:00,21.3015,21.6,11.5,28.0,31.3,25.9,2026.0,Ranked
1840.0,,University of Karachi,Pakistan,,,,,,,,,,,,,,,,,,,,,,,,,,,THE,47940.0,39.8,0.0,62:38:00,21.2985,16.2,11.1,28.8,28.2,47.1,2026.0,Ranked
1841.0,,Universidad Católica de la Santísima Concepción,Chile,,,,,,,,,,,,,,,,,,,,,,,,,,,THE,9954.0,23.7,1.0,56:44:00,21.276,11.7,18.2,26.9,17.6,50.3,2026.0,Ranked
1842.0,,Kochi University,Japan,,,,,,,,,,,,,,,,,,,,,,,,,,,THE,5441.0,8.6,1.0,44:56:00,21.268,24.2,12.9,21.4,46.7,28.0,2026.0,Ranked
1843.0,,Bialystok University of Technology,Poland,,,,,,,,,,,,,,,,,,,,,,,,,,,THE,6335.0,11.0,5.0,34 : 66,21.2565,23.5,14.0,23.5,28.6,27.6,2026.0,Ranked
1844.0,,State University of Ponta Grossa,Brazil,,,,,,,,,,,,,,,,,,,,,,,,,,,THE,8076.0,8.9,1.0,46:54:00,21.2405,26.2,19.0,16.9,20.6,28.1,2026.0,Ranked
1845.0,,Pavlov First Saint Petersburg State Medical University,Russia,,,,,,,,,,,,,,,,,,,,,,,,,,,THE,5569.0,9.0,12.0,74:26:00,21.2305,31.7,12.8,15.2,32.8,30.6,2026.0,Ranked
1846.0,,Samara State Medical University,Russia,,,,,,,,,,,,,,,,,,,,,,,,,,,THE,8007.0,9.3,12.0,59:41:00,21.227,42.8,10.7,6.0,33.2,31.6,2026.0,Ranked
1847.0,,Universidad Nacional de Asunción,Paraguay,,,,,,,,,,,,,,,,,,,,,,,,,,,THE,52870.0,8.9,1.0,56:44:00,21.218,22.4,9.6,24.9,20.4,47.2,2026.0,Ranked
1848.0,,University of Sri Jayewardenepura,Sri Lanka,,,,,,,,,,,,,,,,,,,,,,,,,,,THE,20006.0,25.3,0.0,63:37:00,21.2175,12.6,9.5,37.4,18.2,37.3,2026.0,Ranked
1849.0,,Lviv Polytechnic National University,Ukraine,,,,,,,,,,,,,,,,,,,,,,,,,,,THE,25087.0,12.8,1.0,45:55:00,21.216,20.2,12.0,29.3,23.3,27.4,2026.0,Ranked
1850.0,,Akita University,Japan,,,,,,,,,,,,,,,,,,,,,,,,,,,THE,5042.0,10.6,4.0,36 : 64,21.197,26.3,13.6,18.7,43.3,28.7,2026.0,Ranked
1851.0,,University of Szczecin,Poland,,,,,,,,,,,,,,,,,,,,,,,,,,,THE,9446.0,9.8,6.0,68:32:00,21.1785,23.5,10.0,27.8,17.4,30.8,2026.0,Ranked
1852.0,,GITAM University,India,,,,,,,,,,,,,,,,,,,,,,,,,,,THE,27238.0,13.2,2.0,38 : 62,21.1255,21.7,10.5,29.3,21.6,27.0,2026.0,Ranked
1853.0,,University of Fukui,Japan,,,,,,,,,,,,,,,,,,,,,,,,,,,THE,4833.0,7.8,3.0,30 : 70,21.1035,27.7,12.4,18.7,42.9,26.8,2026.0,Ranked
1854.0,,Tomsk State University of Control Systems and Radioelectronics,Russia,,,,,,,,,,,,,,,,,,,,,,,,,,,THE,6402.0,12.2,16.0,26 : 74,21.085,22.9,16.9,15.0,52.9,37.5,2026.0,Ranked
1855.0,,Adelphi University,United States,,,,,,,,,,,,,,,,,,,,,,,,,,,THE,6884.0,11.7,7.0,70:30:00,21.0825,25.5,7.9,26.2,18.1,35.8,2026.0,Ranked
1856.0,,"Federal University of Technology, Owerri",Nigeria,,,,,,,,,,,,,,,,,,,,,,,,,,,THE,24469.0,18.5,0.0,32 : 68,21.0645,25.2,8.3,23.7,26.9,40.5,2026.0,Ranked
1857.0,,Antonio Nariño University,Colombia,,,,,,,,,,,,,,,,,,,,,,,,,,,THE,13578.0,12.7,2.0,58:42:00,21.0515,18.4,8.3,28.9,17.1,51.5,2026.0,Ranked
1858.0,,Naresuan University,Thailand,,,,,,,,,,,,,,,,,,,,,,,,,,,THE,26692.0,17.8,1.0,68:32:00,21.042,23.6,13.0,20.6,47.0,30.0,2026.0,Ranked
1859.0,,North Khorasan University of Medical Sciences,Iran,,,,,,,,,,,,,,,,,,,,,,,,,,,THE,2221.0,9.5,0.0,56:44:00,21.007,24.7,11.2,25.4,17.5,28.7,2026.0,Ranked
1860.0,,Saints Cyril and Methodius University in Skopje,North Macedonia,,,,,,,,,,,,,,,,,,,,,,,,,,,THE,26028.0,12.2,0.0,57:43:00,21.0005,21.3,10.2,23.9,32.6,43.8,2026.0,Ranked
1861.0,,Bilecik Şeyh Edebali University,Turkey,,,,,,,,,,,,,,,,,,,,,,,,,,,THE,12222.0,16.7,19.0,47:53:00,20.987,16.3,10.2,31.7,21.7,37.9,2026.0,Ranked
1862.0,,Kochi University of Technology,Japan,,,,,,,,,,,,,,,,,,,,,,,,,,,THE,2510.0,19.2,2.0,24 : 76,20.9335,20.0,14.5,18.7,51.9,41.9,2026.0,Ranked
1863.0,,Escuela Politécnica Nacional,Ecuador,,,,,,,,,,,,,,,,,,,,,,,,,,,THE,7569.0,14.2,2.0,30 : 70,20.9075,18.7,9.8,26.7,24.6,47.4,2026.0,Ranked
1864.0,,University of Diyala,Iraq,,,,,,,,,,,,,,,,,,,,,,,,,,,THE,26009.0,13.8,0.0,56:44:00,20.898,18.9,8.4,33.9,17.1,27.1,2026.0,Ranked
1865.0,,Silpakorn University,Thailand,,,,,,,,,,,,,,,,,,,,,,,,,,,THE,29673.0,21.9,2.0,68:32:00,20.853,21.4,15.6,19.6,46.4,30.4,2026.0,Ranked
1866.0,,Federal University of Pará,Brazil,,,,,,,,,,,,,,,,,,,,,,,,,,,THE,49025.0,18.1,0.0,55:45:00,20.8385,25.2,12.9,21.8,28.4,26.5,2026.0,Ranked
1867.0,,Polytechnic University of Bucharest,Romania,,,,,,,,,,,,,,,,,,,,,,,,,,,THE,37048.0,22.3,1.0,41:59:00,20.7425,18.7,9.7,30.5,39.2,22.6,2026.0,Ranked
1868.0,,University of Passo Fundo (UPF),Brazil,,,,,,,,,,,,,,,,,,,,,,,,,,,THE,6729.0,15.2,0.0,56:44:00,20.7185,20.8,12.0,27.5,19.0,27.9,2026.0,Ranked
1869.0,,Université Kasdi Merbah Ouargla,Algeria,,,,,,,,,,,,,,,,,,,,,,,,,,,THE,27341.0,20.0,0.0,60:40:00,20.714,28.2,10.2,21.0,17.3,32.6,2026.0,Ranked
1870.0,,Federal Rural University of Pernambuco,Brazil,,,,,,,,,,,,,,,,,,,,,,,,,,,THE,14329.0,12.6,0.0,53:47:00,20.704,30.4,10.3,19.8,24.1,24.6,2026.0,Ranked
1871.0,,Kharkiv National University of Radio Electronics,Ukraine,,,,,,,,,,,,,,,,,,,,,,,,,,,THE,7129.0,11.6,6.0,30 : 70,20.7025,20.8,9.0,30.0,18.6,29.5,2026.0,Ranked
1872.0,,Samara National Research University (Samara University),Russia,,,,,,,,,,,,,,,,,,,,,,,,,,,THE,9427.0,10.4,10.0,46:54:00,20.6815,27.1,14.1,16.2,34.2,31.6,2026.0,Ranked
1873.0,,Sivas Cumhuriyet University,Turkey,,,,,,,,,,,,,,,,,,,,,,,,,,,THE,34861.0,24.9,11.0,53:47:00,20.657,14.9,9.9,33.4,19.2,34.7,2026.0,Ranked
1874.0,,Université 8 Mai 1945 Guelma,Algeria,,,,,,,,,,,,,,,,,,,,,,,,,,,THE,16676.0,16.1,1.0,70:30:00,20.6405,18.7,8.6,30.6,19.5,35.6,2026.0,Ranked
1875.0,,Grigore T. Popa University of Medicine and Pharmacy,Romania,,,,,,,,,,,,,,,,,,,,,,,,,,,THE,10110.0,10.5,28.0,68:32:00,20.6125,23.8,10.7,21.5,23.9,41.1,2026.0,Ranked
1876.0,,M S Ramaiah University of Applied Sciences (RUAS),India,,,,,,,,,,,,,,,,,,,,,,,,,,,THE,9031.0,12.1,0.0,56:44:00,20.5515,21.8,9.0,31.0,20.2,18.7,2026.0,Ranked
1877.0,,Erzincan Binali Yıldırım University,Turkey,,,,,,,,,,,,,,,,,,,,,,,,,,,THE,24090.0,20.4,4.0,48:52:00,20.548,13.0,9.1,38.1,18.1,25.6,2026.0,Ranked
1878.0,,Sikkim Manipal University,India,,,,,,,,,,,,,,,,,,,,,,,,,,,THE,4411.0,13.2,2.0,42:58:00,20.529,20.8,9.6,29.6,22.1,24.6,2026.0,Ranked
1879.0,,Niğde Ömer Halisdemir University,Turkey,,,,,,,,,,,,,,,,,,,,,,,,,,,THE,13328.0,16.3,9.0,56:44:00,20.5215,17.2,10.3,31.0,20.7,31.1,2026.0,Ranked
1880.0,,Belarusian State University,Belarus,,,,,,,,,,,,,,,,,,,,,,,,,,,THE,23445.0,8.3,22.0,58:42:00,20.5105,24.7,11.1,10.9,45.0,65.8,2026.0,Ranked
1881.0,,Universitas Sumatera Utara,Indonesia,,,,,,,,,,,,,,,,,,,,,,,,,,,THE,40855.0,18.1,2.0,55:45:00,20.4835,17.8,11.3,27.6,21.2,37.7,2026.0,Ranked
1882.0,,National Taipei University,Taiwan,,,,,,,,,,,,,,,,,,,,,,,,,,,THE,8630.0,15.6,6.0,54:46:00,20.4655,19.4,15.4,19.5,51.6,31.5,2026.0,Ranked
1883.0,,Universidade do Estado de Santa Catarina,Brazil,,,,,,,,,,,,,,,,,,,,,,,,,,,THE,11738.0,11.5,1.0,55:45:00,20.463,31.5,11.8,16.2,27.4,23.9,2026.0,Ranked
1884.0,,University of Science and Technology of Oran Mohamed-Boudiaf,Algeria,,,,,,,,,,,,,,,,,,,,,,,,,,,THE,19249.0,10.3,1.0,52:48:00,20.4415,38.6,8.4,11.1,22.4,31.9,2026.0,Ranked
1885.0,,Misr University for Science and Technology,Egypt,,,,,,,,,,,,,,,,,,,,,,,,,,,THE,26246.0,16.1,4.0,50:50:00,20.418,15.6,8.8,31.5,18.1,41.2,2026.0,Ranked
1886.0,,Sakarya University of Applied Sciences,Turkey,,,,,,,,,,,,,,,,,,,,,,,,,,,THE,11118.0,30.2,26.0,31 : 69,20.412,13.2,9.8,32.7,16.4,42.8,2026.0,Ranked
1887.0,,Universidade Federal de Sergipe,Brazil,,,,,,,,,,,,,,,,,,,,,,,,,,,THE,24819.0,14.7,0.0,54:46:00,20.408,20.1,10.6,27.5,22.8,29.9,2026.0,Ranked
1888.0,,Oita University,Japan,,,,,,,,,,,,,,,,,,,,,,,,,,,THE,5240.0,8.3,1.0,37 : 63,20.38,26.5,12.1,19.7,34.9,23.3,2026.0,Ranked
1889.0,,University of Medellín,Colombia,,,,,,,,,,,,,,,,,,,,,,,,,,,THE,7158.0,16.8,2.0,53:47:00,20.3135,18.0,11.4,24.8,23.0,44.5,2026.0,Ranked
1890.0,,University of Mataram,Indonesia,,,,,,,,,,,,,,,,,,,,,,,,,,,THE,30131.0,22.1,0.0,62:38:00,20.2935,11.8,8.4,39.0,17.6,26.3,2026.0,Ranked
1891.0,,University of Namibia,Namibia,,,,,,,,,,,,,,,,,,,,,,,,,,,THE,25403.0,18.7,3.0,63:37:00,20.2855,14.5,9.0,27.2,17.7,60.4,2026.0,Ranked
1892.0,,Mustansiriyah University,Iraq,,,,,,,,,,,,,,,,,,,,,,,,,,,THE,32844.0,8.5,1.0,55:45:00,20.2465,26.8,9.8,19.8,23.9,34.7,2026.0,Ranked
1893.0,,Bolu Abant Izzet Baysal University,Turkey,,,,,,,,,,,,,,,,,,,,,,,,,,,THE,26718.0,24.9,16.0,56:44:00,20.2275,17.1,9.7,29.2,19.0,38.0,2026.0,Ranked
1894.0,,Alberto Hurtado University,Chile,,,,,,,,,,,,,,,,,,,,,,,,,,,THE,7276.0,22.0,2.0,58:42:00,20.1725,15.8,16.6,24.1,16.0,37.7,2026.0,Ranked
1895.0,,Universitas Andalas,Indonesia,,,,,,,,,,,,,,,,,,,,,,,,,,,THE,34409.0,17.7,2.0,60:40:00,20.1665,17.8,11.9,22.6,37.8,42.3,2026.0,Ranked
1896.0,,Mapúa University,Philippines,,,,,,,,,,,,,,,,,,,,,,,,,,,THE,9032.0,24.1,2.0,33 : 67,20.1595,13.7,14.8,30.5,23.4,23.2,2026.0,Ranked
1897.0,,University of Sarajevo,Bosnia And Herzegovina,,,,,,,,,,,,,,,,,,,,,,,,,,,THE,21375.0,13.0,3.0,,20.1415,21.2,11.5,23.4,33.0,29.5,2026.0,Ranked
1898.0,,"Soochow University, Taiwan",Taiwan,,,,,,,,,,,,,,,,,,,,,,,,,,,THE,15287.0,35.9,3.0,59:41:00,20.1405,14.6,18.0,23.0,27.4,34.9,2026.0,Ranked
1899.0,,Technical University of Sofia,Bulgaria,,,,,,,,,,,,,,,,,,,,,,,,,,,THE,10396.0,10.5,8.0,29 : 71,20.081,22.9,11.5,22.1,37.7,24.7,2026.0,Ranked
1900.0,,Universiti Kuala Lumpur,Malaysia,,,,,,,,,,,,,,,,,,,,,,,,,,,THE,17749.0,12.8,3.0,44:56:00,20.0405,20.6,9.6,23.6,28.8,39.3,2026.0,Ranked
1901.0,,The University of Danang,Vietnam,,,,,,,,,,,,,,,,,,,,,,,,,,,THE,60839.0,36.0,1.0,58:42:00,19.9895,10.4,9.4,32.0,24.7,48.1,2026.0,Ranked
1902.0,,University of Dar es Salaam,Tanzania,,,,,,,,,,,,,,,,,,,,,,,,,,,THE,38201.0,20.9,0.0,48:52:00,19.8625,14.5,11.1,26.5,21.9,47.2,2026.0,Ranked
1903.0,,University of Valparaíso,Chile,,,,,,,,,,,,,,,,,,,,,,,,,,,THE,16514.0,17.9,3.0,58:42:00,19.861,16.9,13.1,22.5,20.6,46.7,2026.0,Ranked
1904.0,,National Chi Nan University,Taiwan,,,,,,,,,,,,,,,,,,,,,,,,,,,THE,6145.0,16.5,10.0,52:48:00,19.8055,19.8,16.0,13.9,66.8,33.1,2026.0,Ranked
1905.0,,University of Phayao,Thailand,,,,,,,,,,,,,,,,,,,,,,,,,,,THE,21363.0,21.8,0.0,67:33:00,19.798,13.7,10.7,33.5,19.9,24.1,2026.0,Ranked
1906.0,,University of Shizuoka,Japan,,,,,,,,,,,,,,,,,,,,,,,,,,,THE,3252.0,12.0,3.0,61:39:00,19.6845,23.4,12.5,16.3,59.6,25.1,2026.0,Ranked
1907.0,,Kirikkale University,Turkey,,,,,,,,,,,,,,,,,,,,,,,,,,,THE,25261.0,40.3,1.0,51:49:00,19.684,17.0,19.6,20.1,36.0,20.2,2026.0,Ranked
1908.0,,V.N. Karazin Kharkiv National University,Ukraine,,,,,,,,,,,,,,,,,,,,,,,,,,,THE,17491.0,8.3,27.0,51:49:00,19.6645,26.8,11.2,12.1,35.2,46.3,2026.0,Ranked
1909.0,,University of Birjand,Iran,,,,,,,,,,,,,,,,,,,,,,,,,,,THE,12169.0,33.9,4.0,59:41:00,19.6545,15.6,13.7,27.2,20.3,28.1,2026.0,Ranked
1910.0,,University of Montenegro,Montenegro,,,,,,,,,,,,,,,,,,,,,,,,,,,THE,15557.0,21.1,2.0,61:39:00,19.6475,14.0,12.1,24.3,27.4,48.3,2026.0,Ranked
1911.0,,PSG College of Technology,India,,,,,,,,,,,,,,,,,,,,,,,,,,,THE,7957.0,14.0,0.0,37 : 63,19.602,21.5,9.8,25.1,37.5,18.5,2026.0,Ranked
1912.0,,Adıyaman University,Turkey,,,,,,,,,,,,,,,,,,,,,,,,,,,THE,18054.0,21.3,3.0,33 : 67,19.586,13.0,10.1,33.5,16.8,28.0,2026.0,Ranked
1913.0,,Kwansei Gakuin University,Japan,,,,,,,,,,,,,,,,,,,,,,,,,,,THE,25457.0,20.7,4.0,50:50:00,19.529,23.2,10.4,18.9,30.6,37.0,2026.0,Ranked
1914.0,,Burdur Mehmet Akif Ersoy University,Turkey,,,,,,,,,,,,,,,,,,,,,,,,,,,THE,25140.0,24.8,3.0,54:46:00,19.4895,12.6,9.6,34.9,18.9,23.5,2026.0,Ranked
1915.0,,National Pingtung University of Science and Technology,Taiwan,,,,,,,,,,,,,,,,,,,,,,,,,,,THE,10630.0,18.3,5.0,44:56:00,19.489,16.4,14.3,20.7,49.6,30.8,2026.0,Ranked
1916.0,,AIIMS Rishikesh,India,,,,,,,,,,,,,,,,,,,,,,,,,,,THE,2002.0,1.9,3.0,37 : 63,19.45,29.0,11.2,17.2,22.8,21.0,2026.0,Ranked
1917.0,,Çankırı Karatekin University,Turkey,,,,,,,,,,,,,,,,,,,,,,,,,,,THE,12279.0,21.9,12.0,55:45:00,19.4445,14.4,18.0,23.0,17.1,31.9,2026.0,Ranked
1918.0,,University of Los Lagos,Chile,,,,,,,,,,,,,,,,,,,,,,,,,,,THE,6923.0,19.0,0.0,62:38:00,19.4375,15.6,14.6,21.0,16.6,48.5,2026.0,Ranked
1919.0,,Latvia University of Life Sciences and Technologies,Latvia,,,,,,,,,,,,,,,,,,,,,,,,,,,THE,3998.0,14.1,8.0,49:51:00,19.4345,21.7,15.8,17.9,24.9,27.8,2026.0,Ranked
1920.0,,Bursa Uludağ University,Turkey,,,,,,,,,,,,,,,,,,,,,,,,,,,THE,48233.0,20.3,13.0,67:33:00,19.4315,19.3,10.2,23.4,26.5,36.0,2026.0,Ranked
1921.0,,Ming Chuan University,Taiwan,,,,,,,,,,,,,,,,,,,,,,,,,,,THE,17030.0,21.6,12.0,59:41:00,19.403,14.1,13.6,22.7,42.3,37.3,2026.0,Ranked
1922.0,,NED University of Engineering and Technology,Pakistan,,,,,,,,,,,,,,,,,,,,,,,,,,,THE,12523.0,22.6,0.0,41:59:00,19.4015,13.4,12.5,22.9,26.9,51.7,2026.0,Ranked
1923.0,,Atma Jaya Catholic University of Indonesia,Indonesia,,,,,,,,,,,,,,,,,,,,,,,,,,,THE,7908.0,17.6,7.0,46:54:00,19.389,18.0,12.7,19.5,22.9,48.4,2026.0,Ranked
1924.0,,Georgian Technical University,Georgia,,,,,,,,,,,,,,,,,,,,,,,,,,,THE,17297.0,13.8,3.0,24 : 76,19.3635,29.8,9.0,14.5,17.0,39.1,2026.0,Ranked
1925.0,,Matej Bel University,Slovakia,,,,,,,,,,,,,,,,,,,,,,,,,,,THE,6194.0,14.8,12.0,65:35:00,19.29,18.9,14.2,18.0,21.1,44.7,2026.0,Ranked
1926.0,,Sri Ramachandra Institute of Higher Education and Research,India,,,,,,,,,,,,,,,,,,,,,,,,,,,THE,8949.0,13.5,5.0,61:39:00,19.2775,25.4,12.6,16.3,25.7,29.5,2026.0,Ranked
1927.0,,University of San Martín de Porres,Peru,,,,,,,,,,,,,,,,,,,,,,,,,,,THE,38029.0,17.2,1.0,65:35:00,19.2435,15.7,8.9,28.5,18.4,36.6,2026.0,Ranked
1928.0,,Mendeleev University of Chemical Technology,Russia,,,,,,,,,,,,,,,,,,,,,,,,,,,THE,8593.0,12.6,8.0,51:49:00,19.1635,22.7,17.2,13.1,39.6,26.2,2026.0,Ranked
1929.0,,Universitas Muhammadiyah Yogyakarta,Indonesia,,,,,,,,,,,,,,,,,,,,,,,,,,,THE,23551.0,28.1,2.0,48:52:00,19.136,12.4,11.9,25.4,18.3,49.0,2026.0,Ranked
1930.0,,Sophia University,Japan,,,,,,,,,,,,,,,,,,,,,,,,,,,THE,13016.0,12.2,12.0,60:40:00,19.1205,22.5,11.1,13.9,33.6,50.0,2026.0,Ranked
1931.0,,National Chiayi University,Taiwan,,,,,,,,,,,,,,,,,,,,,,,,,,,THE,11582.0,23.8,3.0,48:52:00,19.118,15.1,14.3,21.2,60.6,23.1,2026.0,Ranked
1932.0,,Universidad Autónoma de Querétaro,Mexico,,,,,,,,,,,,,,,,,,,,,,,,,,,THE,24995.0,42.8,1.0,58:42:00,19.108,22.7,11.3,19.4,29.8,28.3,2026.0,Ranked
1933.0,,University of Taipei,Taiwan,,,,,,,,,,,,,,,,,,,,,,,,,,,THE,7717.0,16.7,2.0,61:39:00,19.068,17.5,19.1,16.1,27.1,32.7,2026.0,Ranked
1934.0,,State University of Santa Cruz,Brazil,,,,,,,,,,,,,,,,,,,,,,,,,,,THE,7689.0,9.3,2.0,56:44:00,19.028,26.1,10.1,16.4,19.3,36.1,2026.0,Ranked
1935.0,,Universidad San Ignacio de Loyola,Peru,,,,,,,,,,,,,,,,,,,,,,,,,,,THE,24365.0,29.6,1.0,48:52:00,19.0245,12.0,10.1,29.4,16.7,40.9,2026.0,Ranked
1936.0,,University of Mascara,Algeria,,,,,,,,,,,,,,,,,,,,,,,,,,,THE,22010.0,22.2,0.0,63:37:00,19.0015,15.7,8.0,27.1,17.0,43.2,2026.0,Ranked
1937.0,,University of Craiova,Romania,,,,,,,,,,,,,,,,,,,,,,,,,,,THE,16584.0,17.0,4.0,52:48:00,18.997,16.2,11.5,26.6,24.2,25.8,2026.0,Ranked
1938.0,,Jianghan University,China,,,,,,,,,,,,,,,,,,,,,,,,,,,THE,22607.0,14.4,1.0,56:44:00,18.9925,17.1,9.8,28.3,27.9,20.0,2026.0,Ranked
1939.0,,Belgorod State National Research University,Russia,,,,,,,,,,,,,,,,,,,,,,,,,,,THE,17325.0,21.2,22.0,57:43:00,18.958,21.8,16.4,11.1,34.9,40.6,2026.0,Ranked
1940.0,,Pontifical Catholic University of Argentina,Argentina,,,,,,,,,,,,,,,,,,,,,,,,,,,THE,18296.0,4.2,10.0,55:45:00,18.9435,24.5,8.2,17.2,16.7,46.8,2026.0,Ranked
1941.0,,KLE Academy of Higher Education and Research,India,,,,,,,,,,,,,,,,,,,,,,,,,,,THE,7175.0,8.5,1.0,58:42:00,18.923,25.0,11.2,15.5,32.0,31.6,2026.0,Ranked
1942.0,,Tokyo University of Agriculture,Japan,,,,,,,,,,,,,,,,,,,,,,,,,,,THE,13209.0,33.6,2.0,44:56:00,18.9205,19.9,9.8,22.8,34.7,26.4,2026.0,Ranked
1943.0,,Kocaeli University,Turkey,,,,,,,,,,,,,,,,,,,,,,,,,,,THE,43687.0,28.6,5.0,47:53:00,18.918,14.1,10.4,28.6,30.5,25.9,2026.0,Ranked
1944.0,,Adana Alparslan Türkeş Science and Technology University,Turkey,,,,,,,,,,,,,,,,,,,,,,,,,,,THE,4769.0,19.2,0.0,43:57:00,18.913,13.7,10.4,31.5,17.2,22.9,2026.0,Ranked
1945.0,,Mahasarakham University,Thailand,,,,,,,,,,,,,,,,,,,,,,,,,,,THE,39291.0,33.6,3.0,61:39:00,18.886,19.9,9.3,24.5,18.9,29.5,2026.0,Ranked
1946.0,,Afyonkarahisar Health Sciences University,Turkey,,,,,,,,,,,,,,,,,,,,,,,,,,,THE,4545.0,12.0,3.0,66:34:00,18.8745,29.8,11.8,13.1,24.6,23.3,2026.0,Ranked
1947.0,,Centro Federal de Educação Tecnológica Celso Suckow da Fonseca (CEFET-RJ),Brazil,,,,,,,,,,,,,,,,,,,,,,,,,,,THE,19873.0,22.2,0.0,36 : 64,18.858,15.5,10.1,26.3,18.6,36.3,2026.0,Ranked
1948.0,,Jean Moulin University – Lyon 3,France,,,,,,,,,,,,,,,,,,,,,,,,,,,THE,27662.0,38.2,21.0,66:34:00,18.852,15.0,13.7,16.0,29.6,59.6,2026.0,Ranked
1949.0,,Mersin University,Turkey,,,,,,,,,,,,,,,,,,,,,,,,,,,THE,27928.0,27.8,7.0,50:50:00,18.845,17.2,10.6,25.3,23.3,29.0,2026.0,Ranked
1950.0,,Muş Alparslan University,Turkey,,,,,,,,,,,,,,,,,,,,,,,,,,,THE,8262.0,28.3,0.0,52:48:00,18.8315,12.1,11.0,32.6,16.8,21.6,2026.0,Ranked
1951.0,,Presidency University,India,,,,,,,,,,,,,,,,,,,,,,,,,,,THE,17979.0,18.0,0.0,34 : 66,18.7885,17.1,7.6,31.1,18.5,19.6,2026.0,Ranked
1952.0,,Don State Technical University,Russia,,,,,,,,,,,,,,,,,,,,,,,,,,,THE,26083.0,13.9,12.0,54:46:00,18.7465,20.9,10.3,21.0,24.6,30.8,2026.0,Ranked
1953.0,,Universidad Pontificia Bolivariana (UPB),Colombia,,,,,,,,,,,,,,,,,,,,,,,,,,,THE,9763.0,11.0,3.0,57:43:00,18.7465,25.5,12.0,12.3,36.1,34.8,2026.0,Ranked
1954.0,,Ionian University,Greece,,,,,,,,,,,,,,,,,,,,,,,,,,,THE,9707.0,24.9,3.0,53:47:00,18.7395,16.3,11.6,26.0,23.8,24.2,2026.0,Ranked
1955.0,,Universitas Negeri Jakarta,Indonesia,,,,,,,,,,,,,,,,,,,,,,,,,,,THE,27808.0,28.4,0.0,64:36:00,18.692,21.2,11.2,23.2,16.0,21.2,2026.0,Ranked
1956.0,,Tikrit University,Iraq,,,,,,,,,,,,,,,,,,,,,,,,,,,THE,33551.0,11.0,0.0,41:59:00,18.6805,30.4,9.4,15.6,16.6,21.9,2026.0,Ranked
1957.0,,National University of Córdoba,Argentina,,,,,,,,,,,,,,,,,,,,,,,,,,,THE,168371.0,15.8,1.0,65:35:00,18.6535,18.9,10.4,21.2,21.3,38.0,2026.0,Ranked
1958.0,,Gheorghe Asachi Technical University of Iaşi,Romania,,,,,,,,,,,,,,,,,,,,,,,,,,,THE,13126.0,22.4,13.0,30 : 70,18.653,18.2,10.2,21.5,33.9,33.6,2026.0,Ranked
1959.0,,Gdynia Maritime University,Poland,,,,,,,,,,,,,,,,,,,,,,,,,,,THE,3279.0,10.2,3.0,29 : 71,18.646,23.4,11.5,15.5,54.2,21.2,2026.0,Ranked
1960.0,,Thiagarajar College of Engineering,India,,,,,,,,,,,,,,,,,,,,,,,,,,,THE,4835.0,16.0,0.0,40 : 60,18.642,19.6,9.0,26.7,20.0,19.2,2026.0,Ranked
1961.0,,Eskişehir Technical University,Turkey,,,,,,,,,,,,,,,,,,,,,,,,,,,THE,11805.0,16.0,3.0,43:57:00,18.576,20.7,9.8,23.1,23.0,23.7,2026.0,Ranked
1962.0,,Azerbaijan State Oil and Industry University,Azerbaijan,,,,,,,,,,,,,,,,,,,,,,,,,,,THE,12831.0,10.3,6.0,38 : 62,18.5745,25.0,8.1,15.7,19.7,44.7,2026.0,Ranked
1963.0,,"Federal University of Agriculture, Abeokuta",Nigeria,,,,,,,,,,,,,,,,,,,,,,,,,,,THE,21219.0,37.0,0.0,39 : 61,18.5175,17.7,8.8,24.3,21.1,34.8,2026.0,Ranked
1964.0,,Afyon Kocatepe University,Turkey,,,,,,,,,,,,,,,,,,,,,,,,,,,THE,22390.0,31.1,6.0,50:50:00,18.517,16.5,9.8,26.4,22.5,26.5,2026.0,Ranked
1965.0,,Mindanao State University – Iligan Institute of Technology,Philippines,,,,,,,,,,,,,,,,,,,,,,,,,,,THE,12388.0,18.0,0.0,59:41:00,18.5135,18.4,9.1,22.7,17.6,39.1,2026.0,Ranked
1966.0,,Zonguldak Bülent Ecevit University,Turkey,,,,,,,,,,,,,,,,,,,,,,,,,,,THE,18524.0,19.2,10.0,53:47:00,18.513,14.9,11.0,26.5,19.5,29.3,2026.0,Ranked
1967.0,,Irkutsk National Research Technical University,Russia,,,,,,,,,,,,,,,,,,,,,,,,,,,THE,9686.0,10.1,13.0,37 : 63,18.501,23.0,10.2,16.7,29.2,34.4,2026.0,Ranked
1968.0,,University of Hyogo,Japan,,,,,,,,,,,,,,,,,,,,,,,,,,,THE,6551.0,12.5,3.0,40 : 60,18.4985,21.8,13.3,13.1,59.2,25.5,2026.0,Ranked
1968.0,,Universitas Muhammadiyah Malang,Indonesia,,,,,,,,,,,,,,,,,,,,,,,,,,,THE,31158.0,37.0,0.0,52:48:00,18.4985,11.6,9.6,31.4,16.5,29.5,2026.0,Ranked
1970.0,,University of Biskra,Algeria,,,,,,,,,,,,,,,,,,,,,,,,,,,THE,28193.0,17.5,0.0,63:37:00,18.4915,18.2,8.3,23.6,18.7,38.5,2026.0,Ranked
1971.0,,Universitas Negeri Surabaya,Indonesia,,,,,,,,,,,,,,,,,,,,,,,,,,,THE,37684.0,29.7,1.0,65:35:00,18.474,13.8,10.6,25.7,21.1,37.0,2026.0,Ranked
1972.0,,Islamic Science University of Malaysia (USIM),Malaysia,,,,,,,,,,,,,,,,,,,,,,,,,,,THE,13123.0,17.6,6.0,64:36:00,18.4715,22.1,9.4,18.5,16.9,40.0,2026.0,Ranked
1973.0,,Islamic University of Indonesia,Indonesia,,,,,,,,,,,,,,,,,,,,,,,,,,,THE,26457.0,31.6,3.0,45:55:00,18.462,14.6,11.7,24.9,17.8,34.4,2026.0,Ranked
1974.0,,İzmir Kâtip Çelebi University,Turkey,,,,,,,,,,,,,,,,,,,,,,,,,,,THE,19291.0,16.5,4.0,52:48:00,18.427,16.5,10.4,25.1,18.9,30.1,2026.0,Ranked
1975.0,,National Ilan University,Taiwan,,,,,,,,,,,,,,,,,,,,,,,,,,,THE,5592.0,23.2,2.0,36 : 64,18.4,14.3,14.1,19.5,47.0,31.5,2026.0,Ranked
1976.0,,Srinakharinwirot University,Thailand,,,,,,,,,,,,,,,,,,,,,,,,,,,THE,29327.0,19.0,2.0,67:33:00,18.396,23.3,10.5,19.5,20.5,24.1,2026.0,Ranked
1977.0,,Central University of Venezuela,Venezuela,,,,,,,,,,,,,,,,,,,,,,,,,,,THE,27604.0,7.8,1.0,54:46:00,18.2915,24.2,8.6,14.1,19.4,48.7,2026.0,Ranked
1978.0,,University of Thi-Qar,Iraq,,,,,,,,,,,,,,,,,,,,,,,,,,,THE,19964.0,12.5,0.0,63:37:00,18.288,20.0,8.9,23.3,16.8,28.6,2026.0,Ranked
1979.0,,Ekiti State University,Nigeria,,,,,,,,,,,,,,,,,,,,,,,,,,,THE,13983.0,25.6,,63:37:00,18.284,24.2,10.1,17.3,16.4,31.6,2026.0,Ranked
1980.0,,Rzeszów University of Technology,Poland,,,,,,,,,,,,,,,,,,,,,,,,,,,THE,10790.0,12.0,1.0,44:56:00,18.276,20.1,8.3,23.4,24.8,25.7,2026.0,Ranked
1981.0,,East China University of Technology,China,,,,,,,,,,,,,,,,,,,,,,,,,,,THE,26036.0,15.6,0.0,35 : 65,18.2635,15.6,10.0,26.1,37.1,19.3,2026.0,Ranked
1982.0,,EAFIT University,Colombia,,,,,,,,,,,,,,,,,,,,,,,,,,,THE,12722.0,19.0,2.0,43:57:00,18.2115,17.4,11.1,18.4,21.3,46.5,2026.0,Ranked
1983.0,,Çanakkale Onsekiz Mart University,Turkey,,,,,,,,,,,,,,,,,,,,,,,,,,,THE,46824.0,23.6,5.0,52:48:00,18.171,14.3,18.6,19.5,21.4,24.7,2026.0,Ranked
1984.0,,University of Port Harcourt,Nigeria,,,,,,,,,,,,,,,,,,,,,,,,,,,THE,42613.0,30.1,0.0,56:44:00,18.147,20.6,8.8,19.5,21.2,37.6,2026.0,Ranked
1985.0,,Temuco Catholic University,Chile,,,,,,,,,,,,,,,,,,,,,,,,,,,THE,10711.0,10.1,0.0,61:39:00,18.1365,21.6,11.0,14.8,18.8,45.1,2026.0,Ranked
1986.0,,University of Caxias do Sul,Brazil,,,,,,,,,,,,,,,,,,,,,,,,,,,THE,13482.0,29.8,0.0,54:46:00,18.1105,18.5,9.2,24.3,23.5,23.4,2026.0,Ranked
1987.0,,Dicle University,Turkey,,,,,,,,,,,,,,,,,,,,,,,,,,,THE,42576.0,21.4,6.0,46:54:00,18.0655,23.9,9.6,18.2,22.4,25.0,2026.0,Ranked
1988.0,,Perm National Research Polytechnic University,Russia,,,,,,,,,,,,,,,,,,,,,,,,,,,THE,10691.0,13.2,6.0,46:54:00,18.0575,21.1,16.0,10.6,51.2,26.2,2026.0,Ranked
1989.0,,Université Cheikh Anta Diop de Dakar (UCAD),Senegal,,,,,,,,,,,,,,,,,,,,,,,,,,,THE,92109.0,62.2,5.0,45:55:00,18.0325,16.3,10.7,17.5,23.9,52.2,2026.0,Ranked
1990.0,,University of Abou Bekr Belkaïd Tlemcen,Algeria,,,,,,,,,,,,,,,,,,,,,,,,,,,THE,40061.0,15.7,1.0,60:40:00,17.993,27.3,8.2,13.7,20.1,35.3,2026.0,Ranked
1991.0,,Başkent University,Turkey,,,,,,,,,,,,,,,,,,,,,,,,,,,THE,14593.0,13.7,3.0,59:41:00,17.9745,20.8,11.8,19.0,24.6,23.1,2026.0,Ranked
1992.0,,Universidad del Valle,Colombia,,,,,,,,,,,,,,,,,,,,,,,,,,,THE,33529.0,8.1,1.0,50:50:00,17.973,24.9,9.4,13.5,21.1,40.1,2026.0,Ranked
1993.0,,Pontificia Universidad Católica del Ecuador,Ecuador,,,,,,,,,,,,,,,,,,,,,,,,,,,THE,29406.0,19.4,2.0,56:44:00,17.942,14.1,9.3,21.4,16.7,53.3,2026.0,Ranked
1994.0,,Kırşehir Ahi Evran University,Turkey,,,,,,,,,,,,,,,,,,,,,,,,,,,THE,13682.0,23.7,16.0,53:47:00,17.936,14.0,11.1,23.8,21.3,34.6,2026.0,Ranked
1995.0,,Universidad Panamericana (UP),Mexico,,,,,,,,,,,,,,,,,,,,,,,,,,,THE,17141.0,7.6,2.0,51:49:00,17.935,24.5,9.2,12.5,19.3,46.9,2026.0,Ranked
1996.0,,Dr. M.G.R. Educational and Research Institute,India,,,,,,,,,,,,,,,,,,,,,,,,,,,THE,31849.0,12.8,0.0,35 : 65,17.9305,18.6,8.6,25.3,16.8,22.5,2026.0,Ranked
1997.0,,Bozok University,Turkey,,,,,,,,,,,,,,,,,,,,,,,,,,,THE,15781.0,18.8,9.0,51:49:00,17.8935,13.6,10.0,26.7,17.1,30.5,2026.0,Ranked
1998.0,,Üsküdar University,Turkey,,,,,,,,,,,,,,,,,,,,,,,,,,,THE,17011.0,28.5,21.0,62:38:00,17.88,13.3,9.0,23.6,19.1,46.7,2026.0,Ranked
1999.0,,Yerevan State University,Armenia,,,,,,,,,,,,,,,,,,,,,,,,,,,THE,14333.0,7.2,3.0,53:47:00,17.864,25.4,9.1,12.4,22.3,41.6,2026.0,Ranked
2000.0,,National Technical University Kharkiv Polytechnic Institute,Ukraine,,,,,,,,,,,,,,,,,,,,,,,,,,,THE,11572.0,8.5,13.0,28 : 72,17.848,24.5,9.2,15.7,19.0,33.1,2026.0,Ranked
2001.0,,Ordu University,Turkey,,,,,,,,,,,,,,,,,,,,,,,,,,,THE,11821.0,17.5,1.0,56:44:00,17.775,14.2,10.7,27.8,17.2,19.4,2026.0,Ranked
2002.0,,Kharkiv Aviation Institute,Ukraine,,,,,,,,,,,,,,,,,,,,,,,,,,,THE,4827.0,12.6,12.0,0.643055556,17.7735,21.3,10.7,17.4,18.8,32.2,2026.0,Ranked
2003.0,,National University of Cuyo,Argentina,,,,,,,,,,,,,,,,,,,,,,,,,,,THE,37486.0,17.2,3.0,62:38:00,17.7545,17.0,10.3,19.3,23.5,40.3,2026.0,Ranked
2004.0,,Dumlupinar University,Turkey,,,,,,,,,,,,,,,,,,,,,,,,,,,THE,51517.0,59.1,20.0,26 : 74,17.7125,11.5,10.6,25.1,19.4,39.2,2026.0,Ranked
2005.0,,Kazakh National Agrarian Research University,Kazakhstan,,,,,,,,,,,,,,,,,,,,,,,,,,,THE,6042.0,11.3,6.0,50:50:00,17.6975,23.7,8.3,15.9,16.6,38.2,2026.0,Ranked
2006.0,,University of Kelaniya,Sri Lanka,,,,,,,,,,,,,,,,,,,,,,,,,,,THE,19766.0,17.2,3.0,66:34:00,17.6965,17.0,8.4,23.2,19.7,33.3,2026.0,Ranked
2007.0,,Petersburg State Transport University,Russia,,,,,,,,,,,,,,,,,,,,,,,,,,,THE,9137.0,22.2,18.0,28 : 72,17.6255,16.6,11.4,15.0,49.0,39.5,2026.0,Ranked
2008.0,,Universidade Estadual de Feira de Santana (UEFS),Brazil,,,,,,,,,,,,,,,,,,,,,,,,,,,THE,10209.0,11.2,0.0,54:46:00,17.6035,21.4,9.8,18.7,17.9,28.3,2026.0,Ranked
2009.0,,Uşak University,Turkey,,,,,,,,,,,,,,,,,,,,,,,,,,,THE,18671.0,26.4,9.0,51:49:00,17.5975,12.5,10.9,25.8,17.1,31.0,2026.0,Ranked
2010.0,,Mackenzie Presbyterian University,Brazil,,,,,,,,,,,,,,,,,,,,,,,,,,,THE,27073.0,28.3,0.0,48:52:00,17.59,20.9,12.6,14.8,27.2,29.9,2026.0,Ranked
2011.0,,Tokyo City University,Japan,,,,,,,,,,,,,,,,,,,,,,,,,,,THE,7789.0,28.2,2.0,26 : 74,17.59,17.9,12.0,15.7,47.3,29.7,2026.0,Ranked
2012.0,,Novosibirsk State Technical University,Russia,,,,,,,,,,,,,,,,,,,,,,,,,,,THE,14178.0,16.5,20.0,37 : 63,17.525,18.1,12.9,14.3,32.8,37.9,2026.0,Ranked
2013.0,,Giresun University,Turkey,,,,,,,,,,,,,,,,,,,,,,,,,,,THE,26576.0,25.5,6.0,50:50:00,17.5175,12.2,9.2,29.3,16.7,23.9,2026.0,Ranked
2014.0,,Larbi Tebessi University,Algeria,,,,,,,,,,,,,,,,,,,,,,,,,,,THE,14303.0,15.4,0.0,65:35:00,17.5065,18.6,9.1,21.3,17.2,30.7,2026.0,Ranked
2015.0,,National University of Kaohsiung,Taiwan,,,,,,,,,,,,,,,,,,,,,,,,,,,THE,6145.0,26.7,4.0,41:59:00,17.506,13.1,19.5,13.3,37.1,33.5,2026.0,Ranked
2016.0,,Jan Evangelista Purkyně University,Czechia,,,,,,,,,,,,,,,,,,,,,,,,,,,THE,8393.0,18.0,5.0,64:36:00,17.475,17.1,13.2,15.4,21.0,41.9,2026.0,Ranked
2017.0,,University of Prishtina,Kosovo,,,,,,,,,,,,,,,,,,,,,,,,,,,THE,25093.0,27.0,2.0,68:32:00,17.4715,13.5,12.6,20.0,20.5,40.2,2026.0,Ranked
2018.0,,University of Béjaïa,Algeria,,,,,,,,,,,,,,,,,,,,,,,,,,,THE,40158.0,22.0,1.0,60:40:00,17.421,17.4,8.7,19.0,19.5,43.8,2026.0,Ranked
2019.0,,University of Laghouat,Algeria,,,,,,,,,,,,,,,,,,,,,,,,,,,THE,25934.0,22.6,0.0,48:52:00,17.4125,17.4,8.2,20.5,17.1,40.9,2026.0,Ranked
2020.0,,Hitit University,Turkey,,,,,,,,,,,,,,,,,,,,,,,,,,,THE,11234.0,24.8,10.0,40 : 60,17.3965,22.7,10.7,15.7,17.8,29.0,2026.0,Ranked
2021.0,,Instituto Politécnico Nacional (IPN),Mexico,,,,,,,,,,,,,,,,,,,,,,,,,,,THE,139234.0,12.7,0.0,44:56:00,17.382,21.9,10.7,16.2,25.4,25.9,2026.0,Ranked
2022.0,,North-Caucasus Federal University,Russia,,,,,,,,,,,,,,,,,,,,,,,,,,,THE,18686.0,7.7,9.0,45:55:00,17.3795,28.1,8.7,11.3,19.8,31.8,2026.0,Ranked
2023.0,,Oran 1 University,Algeria,,,,,,,,,,,,,,,,,,,,,,,,,,,THE,23895.0,18.8,1.0,66:34:00,17.3265,26.2,8.8,11.5,19.2,37.7,2026.0,Ranked
2024.0,,Benemérita Universidad Autónoma de Puebla,Mexico,,,,,,,,,,,,,,,,,,,,,,,,,,,THE,84699.0,24.0,1.0,53:47:00,17.3135,23.3,9.8,13.5,21.2,36.0,2026.0,Ranked
2025.0,,Vasyl Stefanyk Carpathian National University,Ukraine,,,,,,,,,,,,,,,,,,,,,,,,,,,THE,14265.0,17.3,0.0,67:33:00,17.3045,16.2,10.1,24.0,16.6,23.1,2026.0,Ranked
2026.0,,Aksaray University,Turkey,,,,,,,,,,,,,,,,,,,,,,,,,,,THE,16810.0,16.4,10.0,56:44:00,17.1885,14.8,9.3,24.1,18.2,28.9,2026.0,Ranked
2027.0,,Chubu University,Japan,,,,,,,,,,,,,,,,,,,,,,,,,,,THE,9261.0,17.5,1.0,28 : 72,17.1875,17.2,11.5,15.0,38.9,36.3,2026.0,Ranked
2028.0,,University of Cuenca,Ecuador,,,,,,,,,,,,,,,,,,,,,,,,,,,THE,16641.0,19.9,1.0,58:42:00,17.182,13.9,10.9,16.8,35.2,46.3,2026.0,Ranked
2029.0,,National Technical University of Ukraine – Igor Sikorsky Kyiv Polytechnic Institute,Ukraine,,,,,,,,,,,,,,,,,,,,,,,,,,,THE,23940.0,11.1,2.0,0.970833333,17.1035,21.6,10.6,16.7,24.0,22.5,2026.0,Ranked
2030.0,,Mugla Sitki Kocman University,Turkey,,,,,,,,,,,,,,,,,,,,,,,,,,,THE,29793.0,31.0,3.0,49:51:00,17.094,15.6,11.4,21.1,21.9,26.4,2026.0,Ranked
2031.0,,North-Eastern Federal University,Russia,,,,,,,,,,,,,,,,,,,,,,,,,,,THE,12430.0,13.4,6.0,53:47:00,17.0845,24.3,11.6,12.9,16.8,26.8,2026.0,Ranked
2032.0,,Universidad Científica del Sur,Peru,,,,,,,,,,,,,,,,,,,,,,,,,,,THE,20474.0,10.0,1.0,66:34:00,17.058,21.4,9.2,14.4,16.3,41.4,2026.0,Ranked
2033.0,,Manisa Celal Bayar University,Turkey,,,,,,,,,,,,,,,,,,,,,,,,,,,THE,28623.0,23.0,2.0,50:50:00,17.0455,14.7,10.0,24.1,20.6,23.4,2026.0,Ranked
2034.0,,Bursa Technical University,Turkey,,,,,,,,,,,,,,,,,,,,,,,,,,,THE,11418.0,21.0,13.0,47:53:00,17.0245,13.6,8.7,23.3,22.8,34.5,2026.0,Ranked
2035.0,,Jan Kochanowski University in Kielce,Poland,,,,,,,,,,,,,,,,,,,,,,,,,,,THE,9998.0,11.6,4.0,60:40:00,17.0065,20.1,11.3,16.4,19.5,28.0,2026.0,Ranked
2036.0,,National University of Mongolia,Mongolia,,,,,,,,,,,,,,,,,,,,,,,,,,,THE,15781.0,18.4,7.0,62:38:00,17.001,15.6,9.4,15.5,21.7,55.4,2026.0,Ranked
2037.0,,Polytechnic Institute of Setúbal,Portugal,,,,,,,,,,,,,,,,,,,,,,,,,,,THE,6301.0,12.6,11.0,45:55:00,16.967,18.2,9.1,18.5,18.1,35.8,2026.0,Ranked
2038.0,,Privolzhsky Research Medical University,Russia,,,,,,,,,,,,,,,,,,,,,,,,,,,THE,5990.0,8.3,34.0,65:35:00,16.961,25.8,12.3,5.9,19.7,43.0,2026.0,Ranked
2039.0,,Petrozavodsk State University,Russia,,,,,,,,,,,,,,,,,,,,,,,,,,,THE,7512.0,13.3,9.0,51:49:00,16.893,18.2,12.2,14.7,35.4,28.8,2026.0,Ranked
2040.0,,Payame Noor University,Iran,,,,,,,,,,,,,,,,,,,,,,,,,,,THE,399383.0,115.1,0.0,62:38:00,16.879,16.7,8.8,22.4,22.2,23.9,2026.0,Ranked
2041.0,,Kazan National Research Technological University,Russia,,,,,,,,,,,,,,,,,,,,,,,,,,,THE,13472.0,12.3,16.0,39 : 61,16.799,22.0,9.9,10.2,44.2,34.8,2026.0,Ranked
2042.0,,Ibaraki University,Japan,,,,,,,,,,,,,,,,,,,,,,,,,,,THE,7864.0,15.5,2.0,34 : 66,16.7865,17.9,12.8,13.6,42.6,26.8,2026.0,Ranked
2043.0,,North-Western State Medical University named after I.I. Mechnikov,Russia,,,,,,,,,,,,,,,,,,,,,,,,,,,THE,6780.0,6.2,12.0,67:33:00,16.7505,25.9,10.7,10.1,19.3,29.4,2026.0,Ranked
2044.0,,Volgograd State University,Russia,,,,,,,,,,,,,,,,,,,,,,,,,,,THE,8062.0,11.9,4.0,53:47:00,16.75,21.0,12.1,15.4,16.4,23.6,2026.0,Ranked
2045.0,,Pamukkale University,Turkey,,,,,,,,,,,,,,,,,,,,,,,,,,,THE,32376.0,29.0,4.0,48:52:00,16.74,17.9,10.5,18.8,28.3,21.9,2026.0,Ranked
2046.0,,M’Hamed Bougara University of Boumerdès,Algeria,,,,,,,,,,,,,,,,,,,,,,,,,,,THE,32622.0,21.3,1.0,59:41:00,16.7365,15.7,8.6,20.9,22.4,32.6,2026.0,Ranked
2047.0,,Universidad Nacional Agraria La Molina,Peru,,,,,,,,,,,,,,,,,,,,,,,,,,,THE,7819.0,9.2,1.0,49:51:00,16.7325,23.9,8.0,11.1,16.8,44.8,2026.0,Ranked
2048.0,,Ivane Javakhishvili Tbilisi State University,Georgia,,,,,,,,,,,,,,,,,,,,,,,,,,,THE,24977.0,32.5,5.0,59:41:00,16.7215,15.0,12.2,15.9,18.9,43.1,2026.0,Ranked
2049.0,,University of Kerbala,Iraq,,,,,,,,,,,,,,,,,,,,,,,,,,,THE,25226.0,12.4,0.0,55:45:00,16.716,22.3,8.1,16.9,16.4,27.5,2026.0,Ranked
2049.0,,Chuo University,Japan,,,,,,,,,,,,,,,,,,,,,,,,,,,THE,27005.0,20.2,4.0,38 : 62,16.716,18.2,10.8,14.7,37.0,31.0,2026.0,Ranked
2051.0,,Nihon University,Japan,,,,,,,,,,,,,,,,,,,,,,,,,,,THE,77140.0,30.1,2.0,32 : 68,16.6795,15.5,8.9,19.6,45.4,24.4,2026.0,Ranked
2052.0,,"National Pirogov Memorial Medical University, Vinnytsya",Ukraine,,,,,,,,,,,,,,,,,,,,,,,,,,,THE,5026.0,5.2,17.0,60:40:00,16.6435,29.9,9.0,4.6,18.2,41.4,2026.0,Ranked
2053.0,,National University of Life and Environmental Sciences of Ukraine,Ukraine,,,,,,,,,,,,,,,,,,,,,,,,,,,THE,19154.0,14.5,1.0,35 : 65,16.612,16.7,9.2,20.5,23.5,25.7,2026.0,Ranked
2054.0,,Université Frères Mentouri Constantine 1,Algeria,,,,,,,,,,,,,,,,,,,,,,,,,,,THE,29573.0,15.3,1.0,68:32:00,16.599,20.2,8.8,15.2,19.2,36.8,2026.0,Ranked
2055.0,,Saint Petersburg State Pediatric Medical University,Russia,,,,,,,,,,,,,,,,,,,,,,,,,,,THE,6843.0,11.6,18.0,67:33:00,16.54,25.6,11.2,8.0,17.5,35.2,2026.0,Ranked
2056.0,,Alanya Alaaddin Keykubat University,Turkey,,,,,,,,,,,,,,,,,,,,,,,,,,,THE,9049.0,21.9,7.0,47:53:00,16.521,16.4,10.3,20.0,16.4,27.2,2026.0,Ranked
2057.0,,Middle Technical University,Iraq,,,,,,,,,,,,,,,,,,,,,,,,,,,THE,36230.0,20.3,0.0,48:52:00,16.515,12.3,8.3,26.1,18.8,25.3,2026.0,Ranked
2058.0,,Universidad Nacional Mayor de San Marcos,Peru,,,,,,,,,,,,,,,,,,,,,,,,,,,THE,42959.0,13.3,1.0,44:56:00,16.505,20.6,10.6,13.8,16.6,34.0,2026.0,Ranked
2059.0,,National University of Medical Sciences (NUMS),Pakistan,,,,,,,,,,,,,,,,,,,,,,,,,,,THE,9257.0,4.4,0.0,64:36:00,16.4945,23.6,10.0,13.0,19.0,26.3,2026.0,Ranked
2060.0,,National United University,Taiwan,,,,,,,,,,,,,,,,,,,,,,,,,,,THE,7848.0,22.1,1.0,29 : 71,16.4945,13.3,12.7,16.8,54.2,22.4,2026.0,Ranked
2061.0,,Tecnológico de Costa Rica,Costa Rica,,,,,,,,,,,,,,,,,,,,,,,,,,,THE,10169.0,12.8,2.0,38 : 62,16.478,20.1,8.6,14.7,17.8,39.1,2026.0,Ranked
2062.0,,Herzen State Pedagogical University of Russia,Russia,,,,,,,,,,,,,,,,,,,,,,,,,,,THE,17884.0,16.0,21.0,72:28:00,16.464,20.7,12.9,9.8,18.6,39.1,2026.0,Ranked
2063.0,,University of Mosul,Iraq,,,,,,,,,,,,,,,,,,,,,,,,,,,THE,57684.0,13.7,0.0,56:44:00,16.4445,19.3,10.5,16.9,29.9,19.2,2026.0,Ranked
2064.0,,University Mohamed Boudiaf of M’Sila,Algeria,,,,,,,,,,,,,,,,,,,,,,,,,,,THE,32500.0,17.5,1.0,55:45:00,16.42,18.5,9.8,15.7,18.7,35.5,2026.0,Ranked
2065.0,,Hue University,Vietnam,,,,,,,,,,,,,,,,,,,,,,,,,,,THE,50639.0,21.5,1.0,56:44:00,16.378,14.2,9.4,18.1,17.2,44.6,2026.0,Ranked
2066.0,,Ceará State University,Brazil,,,,,,,,,,,,,,,,,,,,,,,,,,,THE,14109.0,13.0,0.0,60:40:00,16.3275,24.9,12.0,10.2,19.8,22.0,2026.0,Ranked
2067.0,,Universidade Nove de Julho (Uninove),Brazil,,,,,,,,,,,,,,,,,,,,,,,,,,,THE,92549.0,20.0,1.0,58:42:00,16.3205,23.6,9.1,12.0,17.8,32.1,2026.0,Ranked
2068.0,,Universidad Industrial de Santander (UIS),Colombia,,,,,,,,,,,,,,,,,,,,,,,,,,,THE,21778.0,25.4,1.0,46:54:00,16.3055,16.2,11.4,14.4,24.2,39.1,2026.0,Ranked
2069.0,,Doshisha University,Japan,,,,,,,,,,,,,,,,,,,,,,,,,,,THE,26715.0,18.1,4.0,42:58:00,16.256,18.1,11.1,12.4,35.5,34.1,2026.0,Ranked
2070.0,,Chinese Culture University,Taiwan,,,,,,,,,,,,,,,,,,,,,,,,,,,THE,18673.0,21.2,7.0,48:52:00,16.175,14.8,11.9,15.8,34.2,30.0,2026.0,Ranked
2071.0,,National University of Costa Rica,Costa Rica,,,,,,,,,,,,,,,,,,,,,,,,,,,THE,19328.0,10.4,3.0,56:44:00,16.1565,21.6,9.2,10.1,17.6,45.1,2026.0,Ranked
2072.0,,University of Guadalajara,Mexico,,,,,,,,,,,,,,,,,,,,,,,,,,,THE,145850.0,20.7,0.0,55:45:00,16.149,17.9,9.3,17.2,19.6,29.7,2026.0,Ranked
2073.0,,Gubkin Russian State University of Oil and Gas,Russia,,,,,,,,,,,,,,,,,,,,,,,,,,,THE,11120.0,14.3,5.0,33 : 67,16.1095,21.4,10.7,10.3,44.9,24.1,2026.0,Ranked
2074.0,,Utsunomiya University,Japan,,,,,,,,,,,,,,,,,,,,,,,,,,,THE,4861.0,14.2,4.0,36 : 64,16.1,19.3,12.8,10.4,34.8,29.1,2026.0,Ranked
2075.0,,Ufa State Petroleum Technological University,Russia,,,,,,,,,,,,,,,,,,,,,,,,,,,THE,12689.0,7.8,13.0,39 : 61,16.0605,23.8,7.9,12.4,17.4,31.1,2026.0,Ranked
2076.0,,Anáhuac University,Mexico,,,,,,,,,,,,,,,,,,,,,,,,,,,THE,16295.0,8.8,4.0,57:43:00,16.045,24.8,9.2,9.6,16.9,33.4,2026.0,Ranked
2077.0,,Trakya University,Turkey,,,,,,,,,,,,,,,,,,,,,,,,,,,THE,42685.0,24.1,11.0,50:50:00,16.002,13.9,9.2,20.5,19.9,30.5,2026.0,Ranked
2078.0,,University of Sciences and Technology Houari Boumediene,Algeria,,,,,,,,,,,,,,,,,,,,,,,,,,,THE,36291.0,13.7,1.0,59:41:00,15.995,19.7,8.3,14.5,25.1,32.3,2026.0,Ranked
2079.0,,Beykent University,Turkey,,,,,,,,,,,,,,,,,,,,,,,,,,,THE,19003.0,24.0,5.0,55:45:00,15.9685,14.4,8.3,21.9,17.4,27.3,2026.0,Ranked
2080.0,,Ryukoku University,Japan,,,,,,,,,,,,,,,,,,,,,,,,,,,THE,15132.0,26.8,3.0,36 : 64,15.9485,15.9,10.5,16.2,24.2,31.8,2026.0,Ranked
2081.0,,Hatay Mustafa Kemal University,Turkey,,,,,,,,,,,,,,,,,,,,,,,,,,,THE,18234.0,20.3,3.0,49:51:00,15.9395,14.6,9.4,21.8,18.1,21.9,2026.0,Ranked
2082.0,,Bernardo O’Higgins University,Chile,,,,,,,,,,,,,,,,,,,,,,,,,,,THE,9085.0,17.7,2.0,66:34:00,15.918,14.6,10.8,13.1,22.6,48.6,2026.0,Ranked
2083.0,,Ogarev Mordovia State University,Russia,,,,,,,,,,,,,,,,,,,,,,,,,,,THE,16100.0,14.0,16.0,37 : 63,15.906,25.4,9.6,7.2,19.6,35.8,2026.0,Ranked
2084.0,,Blida 1 University,Algeria,,,,,,,,,,,,,,,,,,,,,,,,,,,THE,31068.0,22.5,2.0,65:35:00,15.8545,18.3,8.2,15.7,18.2,35.2,2026.0,Ranked
2085.0,,Ovidius University of Constanța,Romania,,,,,,,,,,,,,,,,,,,,,,,,,,,THE,16291.0,12.6,7.0,57:43:00,15.8325,20.1,9.9,14.2,18.3,27.2,2026.0,Ranked
2086.0,,CES University,Colombia,,,,,,,,,,,,,,,,,,,,,,,,,,,THE,7673.0,10.5,2.0,70:30:00,15.795,21.7,9.5,10.4,16.9,37.9,2026.0,Ranked
2087.0,,University of Bío-Bío,Chile,,,,,,,,,,,,,,,,,,,,,,,,,,,THE,11435.0,22.9,1.0,43:57:00,15.7855,14.9,6.8,17.2,18.7,46.8,2026.0,Ranked
2088.0,,Tokyo University of Technology,Japan,,,,,,,,,,,,,,,,,,,,,,,,,,,THE,7808.0,27.1,3.0,35 : 65,15.78,16.3,12.9,11.6,31.7,33.1,2026.0,Ranked
2089.0,,Osaka Institute of Technology,Japan,,,,,,,,,,,,,,,,,,,,,,,,,,,THE,7956.0,28.3,1.0,0.643055556,15.7755,14.4,13.4,13.8,38.6,26.1,2026.0,Ranked
2090.0,,Universidad Santo Tomás,Chile,,,,,,,,,,,,,,,,,,,,,,,,,,,THE,26783.0,21.2,0.0,68:32:00,15.76,13.4,10.7,15.4,16.6,45.6,2026.0,Ranked
2091.0,,Russian State University for the Humanities,Russia,,,,,,,,,,,,,,,,,,,,,,,,,,,THE,17097.0,19.6,5.0,72:28:00,15.7175,15.2,13.9,16.2,16.0,22.7,2026.0,Ranked
2092.0,,Ivan Franko National University of Lviv,Ukraine,,,,,,,,,,,,,,,,,,,,,,,,,,,THE,21946.0,13.2,1.0,66:34:00,15.696,20.5,11.1,11.5,18.8,29.7,2026.0,Ranked
2093.0,,Kansai University,Japan,,,,,,,,,,,,,,,,,,,,,,,,,,,THE,29830.0,11.1,4.0,41:59:00,15.664,21.6,8.8,10.0,29.0,34.4,2026.0,Ranked
2094.0,,Voronezh State University,Russia,,,,,,,,,,,,,,,,,,,,,,,,,,,THE,17718.0,12.3,14.0,50:50:00,15.618,23.5,11.0,7.1,18.7,34.9,2026.0,Ranked
2095.0,,Bogomolets National Medical University,Ukraine,,,,,,,,,,,,,,,,,,,,,,,,,,,THE,10627.0,7.9,8.0,,15.567,24.0,9.9,9.8,17.4,26.4,2026.0,Ranked
2096.0,,Ibn Khaldoun University,Algeria,,,,,,,,,,,,,,,,,,,,,,,,,,,THE,28529.0,25.2,0.0,63:37:00,15.5645,13.7,8.5,19.2,17.2,34.8,2026.0,Ranked
2097.0,,Azerbaijan Technical University (AzTU),Azerbaijan,,,,,,,,,,,,,,,,,,,,,,,,,,,THE,9118.0,6.9,8.0,47:53:00,15.5225,26.2,7.5,5.7,30.4,35.9,2026.0,Ranked
2098.0,,Burapha University,Thailand,,,,,,,,,,,,,,,,,,,,,,,,,,,THE,26526.0,18.4,2.0,68:32:00,15.4545,17.4,10.1,14.1,24.5,29.1,2026.0,Ranked
2099.0,,Universidade Federal do Maranhão (UFMA),Brazil,,,,,,,,,,,,,,,,,,,,,,,,,,,THE,47330.0,23.5,0.0,53:47:00,15.444,15.0,12.0,15.8,24.6,24.2,2026.0,Ranked
2100.0,,University of Guanajuato,Mexico,,,,,,,,,,,,,,,,,,,,,,,,,,,THE,31014.0,21.0,0.0,55:45:00,15.433,16.9,9.3,14.6,22.2,33.1,2026.0,Ranked
2101.0,,Volgograd State Medical University,Russia,,,,,,,,,,,,,,,,,,,,,,,,,,,THE,9367.0,8.2,27.0,58:42:00,15.4285,24.1,9.3,6.0,18.3,41.2,2026.0,Ranked
2102.0,,Sri Lanka Institute of Information Technology,Sri Lanka,,,,,,,,,,,,,,,,,,,,,,,,,,,THE,15304.0,30.5,0.0,41:59:00,15.394,11.1,10.0,20.0,45.8,18.5,2026.0,Ranked
2103.0,,State Islamic University of Sunan Gunung Djati Bandung,Indonesia,,,,,,,,,,,,,,,,,,,,,,,,,,,THE,31937.0,31.3,0.0,67:33:00,15.376,10.7,9.1,25.0,16.2,19.1,2026.0,Ranked
2104.0,,"University of the Andes, Venezuela",Venezuela,,,,,,,,,,,,,,,,,,,,,,,,,,,THE,24855.0,14.5,1.0,60:40:00,15.3545,17.3,8.6,10.0,24.8,50.2,2026.0,Ranked
2105.0,,University Abdelhamid Ibn Badis Mostaganem,Algeria,,,,,,,,,,,,,,,,,,,,,,,,,,,THE,24978.0,18.9,1.0,68:32:00,15.347,22.1,7.9,10.7,16.6,35.5,2026.0,Ranked
2106.0,,Universidad Nacional del Litoral,Argentina,,,,,,,,,,,,,,,,,,,,,,,,,,,THE,50839.0,34.9,1.0,63:37:00,15.342,13.5,9.6,16.9,25.2,33.3,2026.0,Ranked
2107.0,,Kanagawa University,Japan,,,,,,,,,,,,,,,,,,,,,,,,,,,THE,17462.0,14.0,4.0,31 : 69,15.179,17.9,8.1,11.8,25.8,39.7,2026.0,Ranked
2108.0,,Universidade Estadual do Oeste do Paraná (Unioeste),Brazil,,,,,,,,,,,,,,,,,,,,,,,,,,,THE,13600.0,10.7,0.0,62:38:00,15.137,25.3,10.0,8.1,17.9,21.7,2026.0,Ranked
2109.0,,Odesa I.I. Mechnikov National University,Ukraine,,,,,,,,,,,,,,,,,,,,,,,,,,,THE,5839.0,7.8,3.0,65:35:00,15.1165,24.7,9.1,8.5,16.9,26.2,2026.0,Ranked
2110.0,,University of Jijel,Algeria,,,,,,,,,,,,,,,,,,,,,,,,,,,THE,22568.0,21.1,0.0,70:30:00,15.098,15.9,8.7,15.5,17.3,33.9,2026.0,Ranked
2111.0,,Kogakuin University,Japan,,,,,,,,,,,,,,,,,,,,,,,,,,,THE,6553.0,18.1,2.0,0.847916667,15.0905,17.2,8.1,14.3,35.5,26.1,2026.0,Ranked
2112.0,,Okayama University of Science,Japan,,,,,,,,,,,,,,,,,,,,,,,,,,,THE,6859.0,25.8,3.0,25 : 75,15.0815,14.4,11.6,13.3,40.3,24.9,2026.0,Ranked
2113.0,,Universidad Autónoma de Nuevo León (UANL),Mexico,,,,,,,,,,,,,,,,,,,,,,,,,,,THE,134947.0,48.4,0.0,51:49:00,15.0745,12.9,9.7,17.0,22.4,32.8,2026.0,Ranked
2114.0,,Universidad Autónoma de Coahuila,Mexico,,,,,,,,,,,,,,,,,,,,,,,,,,,THE,28386.0,11.3,0.0,58:42:00,15.008,21.5,8.1,12.0,17.1,27.1,2026.0,Ranked
2115.0,,Toyama Prefectural University,Japan,,,,,,,,,,,,,,,,,,,,,,,,,,,THE,2197.0,10.5,1.0,36 : 64,14.91,22.8,9.5,7.9,32.6,23.4,2026.0,Ranked
2116.0,,University of Fortaleza (UNIFOR),Brazil,,,,,,,,,,,,,,,,,,,,,,,,,,,THE,23797.0,24.8,0.0,53:47:00,14.9,14.9,9.7,15.6,19.6,29.7,2026.0,Ranked
2117.0,,University of Lampung,Indonesia,,,,,,,,,,,,,,,,,,,,,,,,,,,THE,27602.0,15.6,0.0,65:35:00,14.89,15.4,8.5,19.1,17.8,19.2,2026.0,Ranked
2118.0,,Voronezh State Technical University,Russia,,,,,,,,,,,,,,,,,,,,,,,,,,,THE,10855.0,12.8,9.0,37 : 63,14.8875,20.3,7.9,12.5,19.7,27.6,2026.0,Ranked
2119.0,,Tokyo Denki University,Japan,,,,,,,,,,,,,,,,,,,,,,,,,,,THE,9991.0,28.6,2.0,0.602083333,14.8775,15.2,8.9,14.2,48.5,21.5,2026.0,Ranked
2120.0,,Northern Technical University,Iraq,,,,,,,,,,,,,,,,,,,,,,,,,,,THE,23224.0,24.6,0.0,43:57:00,14.839,10.8,8.5,21.1,18.2,28.4,2026.0,Ranked
2121.0,,Al-Furat Al-Awsat Technical University,Iraq,,,,,,,,,,,,,,,,,,,,,,,,,,,THE,26536.0,27.5,0.0,50:50:00,14.823,11.5,8.6,21.1,19.6,24.3,2026.0,Ranked
2122.0,,Universidad Autónoma del Estado de Mexico (UAEMex),Mexico,,,,,,,,,,,,,,,,,,,,,,,,,,,THE,69400.0,9.8,1.0,59:41:00,14.8115,23.1,10.0,7.9,18.3,26.6,2026.0,Ranked
2123.0,,Aoyama Gakuin University,Japan,,,,,,,,,,,,,,,,,,,,,,,,,,,THE,20622.0,18.1,5.0,49:51:00,14.7945,16.7,9.4,10.8,29.3,36.4,2026.0,Ranked
2124.0,,Meiji University,Japan,,,,,,,,,,,,,,,,,,,,,,,,,,,THE,34072.0,21.9,5.0,34 : 66,14.786,16.2,10.2,11.6,31.1,31.0,2026.0,Ranked
2125.0,,University of Cauca,Colombia,,,,,,,,,,,,,,,,,,,,,,,,,,,THE,16898.0,12.6,0.0,49:51:00,14.765,19.2,8.7,8.1,34.7,36.8,2026.0,Ranked
2126.0,,Volgograd State Technical University,Russia,,,,,,,,,,,,,,,,,,,,,,,,,,,THE,12434.0,13.5,14.0,33 : 67,14.7595,19.0,9.9,10.5,18.9,31.7,2026.0,Ranked
2127.0,,Russian University of Transport (MIIT),Russia,,,,,,,,,,,,,,,,,,,,,,,,,,,THE,21334.0,24.7,9.0,44:56:00,14.7245,18.1,12.1,8.0,37.4,26.4,2026.0,Ranked
2128.0,,Meijo University,Japan,,,,,,,,,,,,,,,,,,,,,,,,,,,THE,15277.0,31.8,0.0,35 : 65,14.6995,14.8,11.5,10.8,45.4,25.9,2026.0,Ranked
2129.0,,Ukrainian State University of Science and Technologies,Ukraine,,,,,,,,,,,,,,,,,,,,,,,,,,,THE,15419.0,13.0,0.0,34 : 66,14.6955,19.8,8.9,12.0,20.9,24.5,2026.0,Ranked
2130.0,,University of Pernambuco,Brazil,,,,,,,,,,,,,,,,,,,,,,,,,,,THE,19417.0,14.1,,,14.677,17.6,9.3,13.2,19.7,27.2,2026.0,Ranked
2131.0,,MIREA - Russian Technological University,Russia,,,,,,,,,,,,,,,,,,,,,,,,,,,THE,29873.0,22.9,6.0,25 : 75,14.6075,15.9,12.5,8.8,47.8,23.2,2026.0,Ranked
2132.0,,Pontifical Catholic University of Minas Gerais,Brazil,,,,,,,,,,,,,,,,,,,,,,,,,,,THE,35797.0,29.6,0.0,56:44:00,14.569,16.3,10.2,13.7,19.5,25.5,2026.0,Ranked
2133.0,,Tekirdağ Namık Kemal University,Turkey,,,,,,,,,,,,,,,,,,,,,,,,,,,THE,31784.0,28.0,7.0,45:55:00,14.5395,13.1,9.6,17.6,18.4,25.0,2026.0,Ranked
2134.0,,Northern (Arctic) Federal University named after M.V. Lomonosov,Russia,,,,,,,,,,,,,,,,,,,,,,,,,,,THE,9359.0,15.1,9.0,45:55:00,14.536,18.9,10.9,9.1,21.8,29.3,2026.0,Ranked
2135.0,,Universidad Distrital Francisco José de Caldas,Colombia,,,,,,,,,,,,,,,,,,,,,,,,,,,THE,28761.0,14.5,0.0,36 : 64,14.4835,17.5,9.1,12.0,19.3,30.8,2026.0,Ranked
2136.0,,Autonomous University of Baja California,Mexico,,,,,,,,,,,,,,,,,,,,,,,,,,,THE,69358.0,21.2,0.0,55:45:00,14.4465,14.8,9.0,14.4,18.2,32.3,2026.0,Ranked
2137.0,,Trakia University,Bulgaria,,,,,,,,,,,,,,,,,,,,,,,,,,,THE,7188.0,11.7,9.0,67:33:00,14.436,20.9,10.3,8.3,19.4,26.9,2026.0,Ranked
2138.0,,University of Sonora,Mexico,,,,,,,,,,,,,,,,,,,,,,,,,,,THE,36946.0,30.0,2.0,58:42:00,14.434,14.1,8.5,13.8,27.8,34.1,2026.0,Ranked
2139.0,,Toyo University,Japan,,,,,,,,,,,,,,,,,,,,,,,,,,,THE,29543.0,19.1,6.0,41:59:00,14.4085,15.6,9.1,11.0,30.5,35.3,2026.0,Ranked
2140.0,,Paisii Hilendarski University of Plovdiv,Bulgaria,,,,,,,,,,,,,,,,,,,,,,,,,,,THE,21840.0,35.1,2.0,67:33:00,14.3555,13.6,12.5,13.7,21.9,23.1,2026.0,Ranked
2141.0,,Universidad Autónoma de Yucatán,Mexico,,,,,,,,,,,,,,,,,,,,,,,,,,,THE,19900.0,19.7,1.0,50:50:00,14.346,16.0,9.8,11.5,24.1,31.6,2026.0,Ranked
2142.0,,Perm State University,Russia,,,,,,,,,,,,,,,,,,,,,,,,,,,THE,10895.0,14.5,9.0,56:44:00,14.343,18.4,12.0,7.9,24.5,27.8,2026.0,Ranked
2143.0,,Universidad Politécnica Salesiana,Ecuador,,,,,,,,,,,,,,,,,,,,,,,,,,,THE,21393.0,20.3,1.0,41:59:00,14.3305,13.1,9.6,14.6,20.3,33.2,2026.0,Ranked
2144.0,,Chiba Institute of Technology,Japan,,,,,,,,,,,,,,,,,,,,,,,,,,,THE,10048.0,24.6,2.0,0.684027778,14.32,14.5,8.5,15.2,35.5,21.3,2026.0,Ranked
2145.0,,Nizhny Novgorod State Technical University n.a. R.E. Alekseev,Russia,,,,,,,,,,,,,,,,,,,,,,,,,,,THE,8437.0,12.9,9.0,24 : 76,14.3195,20.0,9.0,6.9,40.8,28.1,2026.0,Ranked
2146.0,,Federal University Oye-Ekiti,Nigeria,,,,,,,,,,,,,,,,,,,,,,,,,,,THE,44401.0,45.8,0.0,49:51:00,14.301,10.3,9.2,16.5,16.3,39.9,2026.0,Ranked
2147.0,,State University of Southwestern Bahia (UESB),Brazil,,,,,,,,,,,,,,,,,,,,,,,,,,,THE,9315.0,9.4,0.0,59:41:00,14.2925,26.6,8.7,6.0,16.5,19.5,2026.0,Ranked
2148.0,,Balıkesir University,Turkey,,,,,,,,,,,,,,,,,,,,,,,,,,,THE,31117.0,24.9,2.0,48:52:00,14.2805,14.6,9.9,15.7,21.0,20.7,2026.0,Ranked
2149.0,,Universidad Técnica Particular de Loja,Ecuador,,,,,,,,,,,,,,,,,,,,,,,,,,,THE,38641.0,19.3,2.0,56:44:00,14.2195,13.4,8.5,12.1,20.1,44.9,2026.0,Ranked
2150.0,,Kazan State Power Engineering University,Russia,,,,,,,,,,,,,,,,,,,,,,,,,,,THE,9741.0,25.4,6.0,32 : 68,14.212,13.1,9.8,15.3,24.7,25.7,2026.0,Ranked
2151.0,,Universidad Michoacana de San Nicolás de Hidalgo,Mexico,,,,,,,,,,,,,,,,,,,,,,,,,,,THE,42472.0,26.4,2.0,56:44:00,14.192,15.5,8.9,13.5,19.4,29.5,2026.0,Ranked
2152.0,,University of Kirkuk,Iraq,,,,,,,,,,,,,,,,,,,,,,,,,,,THE,23071.0,13.9,0.0,57:43:00,14.0995,16.1,8.1,14.3,16.4,27.4,2026.0,Ranked
2153.0,,University of Batna 2,Algeria,,,,,,,,,,,,,,,,,,,,,,,,,,,THE,25264.0,13.1,1.0,56:44:00,14.0895,20.2,7.6,10.3,17.1,28.7,2026.0,Ranked
2154.0,,Yuriy Fedkovych Chernivtsi National University,Ukraine,,,,,,,,,,,,,,,,,,,,,,,,,,,THE,13628.0,13.9,0.0,47:53:00,14.0705,17.9,10.0,10.1,17.5,28.8,2026.0,Ranked
2155.0,,Siberian State Medical University,Russia,,,,,,,,,,,,,,,,,,,,,,,,,,,THE,8785.0,11.6,16.0,59:41:00,14.0125,21.3,11.1,4.0,17.5,34.8,2026.0,Ranked
2156.0,,Damascus University,Syria,,,,,,,,,,,,,,,,,,,,,,,,,,,THE,163499.0,56.8,7.0,69:31:00,13.8835,12.5,8.3,12.1,18.1,45.8,2026.0,Ranked
2157.0,,National Formosa University,Taiwan,,,,,,,,,,,,,,,,,,,,,,,,,,,THE,11694.0,19.0,2.0,0.970833333,13.8625,15.0,11.7,8.9,46.3,20.3,2026.0,Ranked
2158.0,,Ziane Achour University of Djelfa,Algeria,,,,,,,,,,,,,,,,,,,,,,,,,,,THE,24721.0,16.0,0.0,47:53:00,13.782,17.7,8.4,10.2,16.8,31.9,2026.0,Ranked
2159.0,,National University of Rosario (UNR),Argentina,,,,,,,,,,,,,,,,,,,,,,,,,,,THE,90716.0,19.0,7.0,66:34:00,13.702,15.0,8.7,9.4,21.1,41.2,2026.0,Ranked
2160.0,,"Delta State University, Abraka",Nigeria,,,,,,,,,,,,,,,,,,,,,,,,,,,THE,40979.0,38.3,0.0,58:42:00,13.6905,13.5,9.4,15.1,16.3,24.0,2026.0,Ranked
2161.0,,University of Basrah,Iraq,,,,,,,,,,,,,,,,,,,,,,,,,,,THE,88218.0,22.8,0.0,64:36:00,13.682,15.2,8.1,14.5,17.1,24.2,2026.0,Ranked
2162.0,,Nueva Granada Military University,Colombia,,,,,,,,,,,,,,,,,,,,,,,,,,,THE,18768.0,9.9,0.0,47:53:00,13.6785,21.8,8.2,6.9,17.3,28.1,2026.0,Ranked
2163.0,,Universidad Autónoma del Estado de Hidalgo,Mexico,,,,,,,,,,,,,,,,,,,,,,,,,,,THE,38623.0,14.2,1.0,58:42:00,13.675,17.7,9.2,10.0,19.2,26.9,2026.0,Ranked
2164.0,,Universitas Sriwijaya,Indonesia,,,,,,,,,,,,,,,,,,,,,,,,,,,THE,42322.0,24.6,0.0,61:39:00,13.6465,14.3,9.5,14.8,18.7,19.8,2026.0,Ranked
2165.0,,Halu Oleo University,Indonesia,,,,,,,,,,,,,,,,,,,,,,,,,,,THE,40051.0,15.5,0.0,60:40:00,13.629,16.3,8.7,13.7,17.0,20.1,2026.0,Ranked
2166.0,,Technological University of Pereira,Colombia,,,,,,,,,,,,,,,,,,,,,,,,,,,THE,16544.0,17.0,0.0,43:57:00,13.552,16.7,7.7,10.0,20.5,34.3,2026.0,Ranked
2167.0,,Samara State Technical University,Russia,,,,,,,,,,,,,,,,,,,,,,,,,,,THE,13464.0,16.3,5.0,35 : 65,13.5395,17.0,10.5,8.3,33.3,22.1,2026.0,Ranked
2168.0,,Universidad de las Fuerzas Armadas – ESPE,Ecuador,,,,,,,,,,,,,,,,,,,,,,,,,,,THE,28109.0,19.9,0.0,46:54:00,13.5015,13.0,8.0,12.8,21.1,35.5,2026.0,Ranked
2169.0,,Oles Honchar Dnipro National University,Ukraine,,,,,,,,,,,,,,,,,,,,,,,,,,,THE,8236.0,11.9,1.0,54:46:00,13.4545,19.2,9.5,9.1,17.7,21.3,2026.0,Ranked
2170.0,,Université Mouloud Mammeri de Tizi-Ouzou,Algeria,,,,,,,,,,,,,,,,,,,,,,,,,,,THE,39859.0,16.3,1.0,63:37:00,13.4355,18.2,8.0,6.6,17.1,41.1,2026.0,Ranked
2171.0,,Universidad Peruana de Ciencias Aplicadas (UPC),Peru,,,,,,,,,,,,,,,,,,,,,,,,,,,THE,81453.0,29.7,2.0,49:51:00,13.3725,12.0,8.8,13.6,17.2,33.5,2026.0,Ranked
2172.0,,Kemerovo State University,Russia,,,,,,,,,,,,,,,,,,,,,,,,,,,THE,15000.0,23.1,7.0,61:39:00,13.3555,15.5,11.2,9.9,18.0,24.6,2026.0,Ranked
2173.0,,Universidad Técnica de Manabí,Ecuador,,,,,,,,,,,,,,,,,,,,,,,,,,,THE,40183.0,41.4,1.0,61:39:00,13.343,9.6,9.3,8.9,16.1,60.0,2026.0,Ranked
2174.0,,Uzhhorod National University,Ukraine,,,,,,,,,,,,,,,,,,,,,,,,,,,THE,17132.0,13.9,6.0,56:44:00,13.19,17.6,9.2,6.9,17.0,34.4,2026.0,Ranked
2175.0,,Autonomous University of Guerrero (UAGro),Mexico,,,,,,,,,,,,,,,,,,,,,,,,,,,THE,34492.0,24.3,0.0,59:41:00,13.1585,16.0,7.7,10.9,17.7,29.7,2026.0,Ranked
2176.0,,Regional Autonomous University of the Andes (UNIANDES),Ecuador,,,,,,,,,,,,,,,,,,,,,,,,,,,THE,6696.0,12.3,1.0,61:39:00,13.156,20.7,10.5,5.0,16.3,24.7,2026.0,Ranked
2177.0,,Jember University,Indonesia,,,,,,,,,,,,,,,,,,,,,,,,,,,THE,39050.0,31.9,0.0,67:33:00,13.1295,10.6,9.8,15.4,20.2,23.1,2026.0,Ranked
2178.0,,National University of Quilmes,Argentina,,,,,,,,,,,,,,,,,,,,,,,,,,,THE,48698.0,36.3,2.0,54:46:00,13.014,12.7,9.2,10.8,22.3,32.9,2026.0,Ranked
2179.0,,State University of Bahia,Brazil,,,,,,,,,,,,,,,,,,,,,,,,,,,THE,23621.0,10.6,0.0,67:33:00,12.988,22.1,8.8,5.2,17.1,22.3,2026.0,Ranked
2180.0,,Irkutsk State University,Russia,,,,,,,,,,,,,,,,,,,,,,,,,,,THE,12975.0,14.1,5.0,66:34:00,12.865,18.6,9.8,6.0,17.4,27.2,2026.0,Ranked
2181.0,,Penza State University,Russia,,,,,,,,,,,,,,,,,,,,,,,,,,,THE,17808.0,14.9,14.0,54:46:00,12.842,16.7,9.4,6.7,17.8,32.9,2026.0,Ranked
2182.0,,Industrial University of Tyumen,Russia,,,,,,,,,,,,,,,,,,,,,,,,,,,THE,11584.0,11.2,7.0,33 : 67,12.8235,20.2,7.9,6.7,18.9,24.1,2026.0,Ranked
2183.0,,Ivanovo State University of Chemistry and Technology,Russia,,,,,,,,,,,,,,,,,,,,,,,,,,,THE,3876.0,19.4,8.0,36 : 64,12.7385,16.9,9.6,7.0,24.1,25.4,2026.0,Ranked
2184.0,,Universidade Estadual do Maranhão,Brazil,,,,,,,,,,,,,,,,,,,,,,,,,,,THE,20516.0,15.3,0.0,62:38:00,12.357,15.8,9.2,8.6,16.2,24.0,2026.0,Ranked
2185.0,,Chelyabinsk State University,Russia,,,,,,,,,,,,,,,,,,,,,,,,,,,THE,13208.0,23.4,2.0,57:43:00,12.3565,12.9,10.6,9.6,17.3,25.4,2026.0,Ranked
2186.0,,Universidade Federal Rural do Semi-Arido,Brazil,,,,,,,,,,,,,,,,,,,,,,,,,,,THE,11086.0,14.8,0.0,41:59:00,12.0795,18.0,8.5,7.4,16.3,19.1,2026.0,Ranked
2187.0,,Instituto Tecnológico Metropolitano,Colombia,,,,,,,,,,,,,,,,,,,,,,,,,,,THE,25069.0,19.7,0.0,43:57:00,11.862,12.9,7.9,9.0,18.7,30.9,2026.0,Ranked
2188.0,,Universidad Pedagogica y Tecnologica de Colombia - UPTC,Colombia,,,,,,,,,,,,,,,,,,,,,,,,,,,THE,36136.0,18.7,0.0,55:45:00,11.434,13.9,8.0,6.0,16.4,34.1,2026.0,Ranked
2189.0,,Omsk State Technical University,Russia,,,,,,,,,,,,,,,,,,,,,,,,,,,THE,13819.0,17.6,8.0,34 : 66,11.166,15.6,8.2,5.0,19.9,25.2,2026.0,Ranked
2190.0,,"Federal Institute of Education, Science and Technology of São Paulo",Brazil,,,,,,,,,,,,,,,,,,,,,,,,,,,THE,70000.0,20.0,0.0,37 : 63,10.8635,12.6,7.1,8.8,17.5,23.3,2026.0,Ranked
2191.0,,Tula State University,Russia,,,,,,,,,,,,,,,,,,,,,,,,,,,THE,18611.0,19.5,6.0,39 : 61,10.274,14.0,8.4,4.4,17.7,22.4,2026.0,Ranked
