qs_2026 Rank,qs_Previous Rank,qs_Institution Name,qs_Country/Territory,qs_Region,qs_Size,qs_Focus,qs_Research,qs_Status,qs_AR SCORE,qs_AR RANK,qs_ER SCORE,qs_ER RANK,qs_FSR SCORE,qs_FSR RANK,qs_CPF SCORE,qs_CPF RANK,qs_IFR SCORE,qs_IFR RANK,qs_ISR SCORE,qs_ISR RANK,qs_ISD SCORE,qs_ISD RANK,qs_IRN SCORE,qs_IRN RANK,qs_EO SCORE,qs_EO RANK,qs_SUS SCORE,qs_SUS RANK,qs_Overall SCORE,qs_2026_rank_original,qs_2026_rank,qs_2026_rank_display,qs_overall_score,qs_overall_score_available,qs_university_key,the_Rank,the_Name,the_Country,the_Student Population,the_Students to Staff Ratio,the_International Students,the_Female to Male Ratio,the_Overall Score,the_Teaching,the_Research Environment,the_Research Quality,the_Industry Impact,the_International Outlook,the_Year,the_rank,the_female_to_male_ratio_clean,the_female_to_male_ratio_original,the_university_key,match_type,match_similarity,country_match,qs_Institution Name_original,the_Name_original,qs_university_key_clean,the_university_key_clean
1.0,1.0,Massachusetts Institute of Technology (MIT),United States of America,Americas,M,CO,VH,Private not for Profit,100.0,4.0,100.0,2.0,100.0,16.0,100.0,7.0,100.0,63.0,91.6,153.0,92.3,130.0,94.1,98.0,100.0,7.0,93.8,33.0,100,1,1.0,1,100.0,True,massachusetts institute of technology,2.0,Massachusetts Institute of Technology,United States of America,11703.0,7.7,0.33,"1 day, 19:57:00",97.6734999999999,99.2,95.3,99.6,100.0,91.9,2026.0,2.0,43.0,"1 day, 19:57:00",massachusetts institute of technology,exact_name_country,100.0,True,Massachusetts Institute of Technology (MIT),Massachusetts Institute of Technology,massachusetts institute of technology,massachusetts institute of technology
2.0,2.0,Imperial College London,United Kingdom,Europe,L,FO,VH,Public,99.6,22.0,100.0,9.0,99.3,42.0,95.0,69.0,100.0,74.0,100.0,35.0,100.0,22.0,97.5,28.0,95.9,68.0,98.3,,99.4,2,2.0,2,99.4,True,imperial college london,8.0,Imperial College London,United Kingdom,21340.0,12.1,0.6,"1 day, 19:57:00",94.689,90.6,94.9,98.0,91.9,98.2,2026.0,8.0,43.0,"1 day, 19:57:00",imperial college london,exact_name_country,100.0,True,Imperial College London,Imperial College London,imperial college london,imperial college london
3.0,6.0,Stanford University,United States of America,Americas,L,FC,VH,Private not for Profit,100.0,5.0,100.0,3.0,100.0,17.0,99.7,24.0,94.2,188.0,73.5,261.0,76.1,230.0,96.5,49.0,100.0,2.0,95.4,,98.9,3,3.0,3,98.9,True,stanford university,5.0,Stanford University,United States of America,17422.0,5.9,0.25,"2 days, 0:52:00",97.151,97.5,97.4,99.5,100.0,83.9,2026.0,5.0,48.0,"2 days, 0:52:00",stanford university,exact_name_country,100.0,True,Stanford University,Stanford University,stanford university,stanford university
4.0,3.0,University of Oxford,United Kingdom,Europe,L,FC,VH,Public,100.0,2.0,100.0,4.0,100.0,9.0,91.0,98.0,98.8,132.0,98.6,80.0,98.7,67.0,100.0,1.0,100.0,3.0,77.9,,97.9,4,4.0,4,97.9,True,university of oxford,1.0,University of Oxford,United Kingdom,22005.0,10.4,0.43,"2 days, 4:48:00",98.21,97.2,100.0,97.7,99.9,96.4,2026.0,1.0,52.0,"2 days, 4:48:00",university of oxford,exact_name_country,100.0,True,University of Oxford,University of Oxford,university of oxford,university of oxford
5.0,4.0,Harvard University,United States of America,Americas,L,FC,VH,Private not for Profit,100.0,1.0,100.0,1.0,98.3,50.0,100.0,1.0,79.1,300.0,81.4,217.0,60.6,335.0,99.4,8.0,100.0,1.0,77.8,,97.7,5,5.0,5,97.7,True,harvard university,6.0,Harvard University,United States of America,22680.0,10.1,0.27,"2 days, 5:47:00",97.051,95.9,100.0,98.9,86.7,88.3,2026.0,6.0,53.0,"2 days, 5:47:00",harvard university,exact_name_country,100.0,True,Harvard University,Harvard University,harvard university,harvard university
6.0,5.0,University of Cambridge,United Kingdom,Europe,L,FC,VH,Public,100.0,3.0,100.0,5.0,100.0,23.0,88.6,107.0,100.0,80.0,93.1,144.0,93.6,120.0,99.2,12.0,100.0,5.0,78.4,194.0,97.2,6,6.0,6,97.2,True,university of cambridge,4.0,University of Cambridge,United Kingdom,21045.0,11.3,0.38,"2 days, 2:50:00",97.2064999999999,96.2,99.9,97.1,87.6,96.3,2026.0,4.0,50.0,"2 days, 2:50:00",university of cambridge,exact_name_country,100.0,True,University of Cambridge,University of Cambridge,university of cambridge,university of cambridge
7.0,7.0,ETH Zurich (Swiss Federal Institute of Technology),Switzerland,Europe,L,FO,VH,Public,99.7,18.0,96.3,42.0,71.7,214.0,98.8,40.0,100.0,28.0,99.3,58.0,73.9,241.0,95.8,64.0,95.0,76.0,99.6,2.0,96.7,7,7.0,7,96.7,True,eth zurich,11.0,ETH Zurich,Switzerland,23106.0,15.5,0.44,33 : 67,93.1259999999999,88.5,97.2,94.5,83.7,95.1,2026.0,11.0,33.0,33 : 67,eth zurich,exact_name_country,100.0,True,ETH Zurich (Swiss Federal Institute of Technology),ETH Zurich,eth zurich,eth zurich
8.0,8.0,National University of Singapore (NUS),Singapore,Asia,XL,FC,VH,Public,99.9,14.0,98.2,32.0,71.5,216.0,95.9,64.0,100.0,37.0,96.9,101.0,72.1,253.0,92.4,140.0,100.0,9.0,90.0,,95.9,8,8.0,8,95.9,True,national university of singapore,17.0,National University of Singapore,Singapore,35558.0,21.0,0.31,"2 days, 1:51:00",89.6719999999999,78.6,93.1,95.1,99.9,92.8,2026.0,17.0,49.0,"2 days, 1:51:00",national university of singapore,exact_name_country,100.0,True,National University of Singapore (NUS),National University of Singapore,national university of singapore,national university of singapore
9.0,9.0,UCL (University College London),United Kingdom,Europe,XL,FC,VH,Public,99.9,15.0,99.4,18.0,94.8,77.0,80.9,151.0,99.6,108.0,100.0,27.0,100.0,17.0,99.9,2.0,89.3,111.0,98.5,,95.8,9,9.0,9,95.8,True,ucl,22.0,UCL,United Kingdom,47520.0,12.1,0.63,"2 days, 12:40:00",87.4425,77.8,85.9,97.6,74.7,97.5,2026.0,22.0,60.0,"2 days, 12:40:00",ucl,exact_name_country,100.0,True,UCL (University College London),UCL,ucl,ucl
10.0,10.0,California Institute of Technology (Caltech),United States of America,Americas,S,FO,VH,Private not for Profit,98.3,33.0,99.2,23.0,100.0,5.0,100.0,3.0,100.0,65.0,90.7,161.0,91.4,136.0,61.8,665.0,49.1,352.0,79.2,185.0,94.3,10,10.0,10,94.3,True,california institute of technology,7.0,California Institute of Technology,United States of America,2401.0,6.7,0.33,39 : 61,96.3164999999999,96.4,97.4,96.8,100.0,87.9,2026.0,7.0,39.0,39 : 61,california institute of technology,exact_name_country,100.0,True,California Institute of Technology (Caltech),California Institute of Technology,california institute of technology,california institute of technology
12.0,15.0,"Nanyang Technological University, Singapore (NTU Singapore)",Singapore,Asia,L,FC,VH,Public,97.1,42.0,91.4,67.0,83.9,148.0,94.6,76.0,100.0,43.0,93.1,145.0,93.6,121.0,86.9,217.0,87.7,121.0,87.2,88.0,93.7,12,12.0,12,93.7,True,nanyang technological university singapore,31.0,"Nanyang Technological University, Singapore",Singapore,25859.0,17.3,0.31,"1 day, 23:53:00",81.6399999999999,65.8,78.1,95.2,100.0,93.6,2026.0,31.0,47.0,"1 day, 23:53:00",nanyang technological university singapore,exact_name_country,100.0,True,"Nanyang Technological University, Singapore (NTU Singapore)","Nanyang Technological University, Singapore",nanyang technological university singapore,nanyang technological university singapore
14.0,14.0,Peking University,China (Mainland),Asia,XL,FC,VH,Public,99.9,12.0,99.6,17.0,96.2,66.0,99.2,35.0,59.9,391.0,37.3,523.0,27.9,640.0,83.2,290.0,97.0,58.0,70.6,,92.6,14,14.0,14,92.6,True,peking university,13.0,Peking University,China (Mainland),35659.0,11.3,0.15,,92.2815,95.4,97.9,89.0,100.0,67.3,2026.0,13.0,,,peking university,exact_name_country,100.0,True,Peking University,Peking University,peking university,peking university
15.0,11.0,University of Pennsylvania,United States of America,Americas,L,FC,VH,Private not for Profit,98.9,30.0,98.7,28.0,99.9,29.0,72.0,199.0,96.9,151.0,76.3,249.0,78.6,221.0,89.4,182.0,100.0,4.0,95.0,24.0,92.5,15,15.0,15,92.5,True,university of pennsylvania,14.0,University of Pennsylvania,United States of America,22422.0,6.6,0.26,"2 days, 7:45:00",90.8024999999999,88.1,90.3,96.1,97.9,78.4,2026.0,14.0,55.0,"2 days, 7:45:00",university of pennsylvania,exact_name_country,100.0,True,University of Pennsylvania,University of Pennsylvania,university of pennsylvania,university of pennsylvania
16.0,16.0,Cornell University,United States of America,Americas,L,FC,VH,Private not for Profit,99.5,25.0,98.8,27.0,64.3,276.0,98.0,48.0,57.6,401.0,75.7,251.0,56.4,363.0,93.0,126.0,99.3,24.0,76.8,218.0,91.6,16,16.0,16,91.6,True,cornell university,19.0,Cornell University,United States of America,25673.0,10.6,0.26,"2 days, 5:47:00",89.4589999999999,85.9,90.6,95.9,70.3,83.5,2026.0,19.0,53.0,"2 days, 5:47:00",cornell university,exact_name_country,100.0,True,Cornell University,Cornell University,cornell university,cornell university
17.0,20.0,Tsinghua University,China (Mainland),Asia,XL,FC,VH,Public,99.9,16.0,99.7,15.0,97.1,63.0,99.6,26.0,39.5,502.0,31.9,570.0,23.9,707.0,80.4,347.0,97.0,60.0,68.7,,91.2,17,17.0,17,91.2,True,tsinghua university,12.0,Tsinghua University,China (Mainland),38569.0,10.8,0.11,,93.0304999999999,95.9,98.5,93.9,100.0,53.4,2026.0,12.0,,,tsinghua university,exact_name_country,100.0,True,Tsinghua University,Tsinghua University,tsinghua university,tsinghua university
17.0,12.0,"University of California, Berkeley (UCB)",United States of America,Americas,XL,FC,VH,Public,100.0,6.0,100.0,6.0,29.4,643.0,97.2,53.0,95.6,172.0,70.6,273.0,52.6,392.0,96.7,47.0,99.8,17.0,98.8,,91.2,17,17.0,17,91.2,True,university of california berkeley,9.0,"University of California, Berkeley",United States of America,42565.0,18.4,0.25,"2 days, 5:47:00",94.406,87.3,99.0,98.9,99.5,83.9,2026.0,9.0,53.0,"2 days, 5:47:00",university of california berkeley,exact_name_country,100.0,True,"University of California, Berkeley (UCB)","University of California, Berkeley",university of california berkeley,university of california berkeley
21.0,23.0,Yale University,United States of America,Americas,L,FC,VH,Private not for Profit,100.0,9.0,100.0,7.0,100.0,12.0,64.8,250.0,86.7,247.0,72.7,262.0,75.4,232.0,92.9,131.0,99.8,18.0,82.4,,90.4,21,21.0,21,90.4,True,yale university,10.0,Yale University,United States of America,14884.0,6.2,0.24,"2 days, 5:47:00",94.081,94.6,94.5,97.2,87.6,81.4,2026.0,10.0,53.0,"2 days, 5:47:00",yale university,exact_name_country,100.0,True,Yale University,Yale University,yale university,yale university
22.0,28.0,Technical University of Munich,Germany,Europe,XL,FO,VH,Public,92.0,60.0,99.7,16.0,70.5,223.0,92.6,90.0,86.3,252.0,98.9,72.0,98.9,63.0,95.9,63.0,57.3,293.0,87.8,,90.2,22,22.0,22,90.2,True,technical university of munich,27.0,Technical University of Munich,Germany,35755.0,40.7,0.45,37 : 63,83.4474999999999,71.9,84.8,91.3,100.0,83.4,2026.0,27.0,37.0,37 : 63,technical university of munich,exact_name_country,100.0,True,Technical University of Munich,Technical University of Munich,technical university of munich,technical university of munich
24.0,32.0,Johns Hopkins University,United States of America,Americas,L,FC,VH,Private not for Profit,93.2,51.0,79.2,108.0,100.0,14.0,85.8,118.0,70.8,333.0,94.2,137.0,94.6,113.0,97.4,29.0,84.1,141.0,93.0,35.0,89.7,24,24.0,24,89.7,True,johns hopkins university,16.0,Johns Hopkins University,United States of America,21275.0,5.6,0.34,"2 days, 6:46:00",90.0604999999999,84.6,89.9,96.3,100.0,81.9,2026.0,16.0,54.0,"2 days, 6:46:00",johns hopkins university,exact_name_country,100.0,True,Johns Hopkins University,Johns Hopkins University,johns hopkins university,johns hopkins university
25.0,22.0,Princeton University,United States of America,Americas,M,CO,VH,Private not for Profit,100.0,10.0,99.8,13.0,67.3,253.0,100.0,5.0,12.7,,70.0,280.0,52.2,397.0,82.6,300.0,98.9,28.0,76.0,222.0,89.4,25,25.0,25,89.4,True,princeton university,3.0,Princeton University,United States of America,8739.0,8.2,0.23,"1 day, 23:53:00",97.211,98.2,97.3,99.0,98.0,85.4,2026.0,3.0,47.0,"1 day, 23:53:00",princeton university,exact_name_country,100.0,True,Princeton University,Princeton University,princeton university,princeton university
25.0,18.0,The University of Sydney,Australia,Oceania,XL,FC,VH,Public,98.9,29.0,94.2,53.0,15.7,,94.3,78.0,99.9,101.0,100.0,18.0,100.0,12.0,95.5,71.0,95.8,70.0,97.6,11.0,89.4,25,25.0,25,89.4,True,the university of sydney,53.0,The University of Sydney,Australia,51531.0,22.4,0.53,,75.06,59.2,67.5,91.5,98.9,88.2,2026.0,53.0,,,the university of sydney,exact_name_country,100.0,True,The University of Sydney,The University of Sydney,the university of sydney,the university of sydney
27.0,29.0,McGill University,Canada,Americas,L,FC,VH,Public,98.1,35.0,93.5,58.0,67.3,250.0,72.4,194.0,88.6,232.0,93.5,138.0,69.6,272.0,92.9,130.0,98.9,27.0,96.3,,88.9,27,27.0,27,88.9,True,mcgill university,41.0,McGill University,Canada,30196.0,11.7,0.29,"2 days, 13:39:00",77.1269999999999,71.0,70.8,86.2,77.5,89.2,2026.0,41.0,61.0,"2 days, 13:39:00",mcgill university,exact_name_country,100.0,True,McGill University,McGill University,mcgill university,mcgill university
29.0,25.0,University of Toronto,Canada,Americas,XL,FC,VH,Public,100.0,11.0,99.1,25.0,45.7,428.0,68.8,224.0,97.9,143.0,97.9,91.0,98.0,78.0,97.0,37.0,99.4,22.0,100.0,1.0,88.5,29,29.0,29,88.5,True,university of toronto,21.0,University of Toronto,Canada,80394.0,25.1,0.39,"2 days, 8:44:00",88.4544999999999,78.2,92.9,92.3,95.8,92.3,2026.0,21.0,56.0,"2 days, 8:44:00",university of toronto,exact_name_country,100.0,True,University of Toronto,University of Toronto,university of toronto,university of toronto
30.0,39.0,Fudan University,China (Mainland),Asia,XL,FC,VH,Public,93.7,50.0,95.1,49.0,84.8,137.0,92.8,89.0,88.5,234.0,46.4,433.0,51.4,402.0,75.5,431.0,73.3,193.0,83.1,134.0,88.4,30,30.0,30,88.4,True,fudan university,36.0,Fudan University,China (Mainland),38601.0,12.4,0.1,"2 days, 4:48:00",79.2785,79.5,77.1,84.8,99.8,53.8,2026.0,36.0,52.0,"2 days, 4:48:00",fudan university,exact_name_country,100.0,True,Fudan University,Fudan University,fudan university,fudan university
32.0,30.0,Australian National University,Australia,Oceania,L,FC,VH,Public,97.9,37.0,82.6,96.0,40.9,495.0,91.7,93.0,100.0,49.0,99.0,68.0,99.1,59.0,93.1,123.0,67.1,232.0,91.8,48.0,87.4,32,32.0,32,87.4,True,australian national university,74.0,Australian National University,Australia,17243.0,13.3,0.51,"2 days, 6:46:00",71.1075,56.7,62.6,85.7,86.3,94.2,2026.0,74.0,54.0,"2 days, 6:46:00",australian national university,exact_name_country,100.0,True,Australian National University,Australian National University,australian national university,australian national university
34.0,27.0,University of Edinburgh,United Kingdom,Europe,XL,FC,VH,Public,99.6,24.0,98.2,33.0,77.3,179.0,54.3,338.0,99.7,105.0,99.9,42.0,99.9,31.0,99.5,5.0,69.7,213.0,98.3,,87.2,34,34.0,34,87.2,True,university of edinburgh,29.0,University of Edinburgh,United Kingdom,35350.0,11.3,0.49,"2 days, 14:38:00",82.4895,75.7,74.7,94.8,71.0,96.2,2026.0,29.0,62.0,"2 days, 14:38:00",university of edinburgh,exact_name_country,100.0,True,University of Edinburgh,University of Edinburgh,university of edinburgh,university of edinburgh
36.0,37.0,Monash University,Australia,Oceania,XL,FC,VH,Public,95.7,45.0,87.5,81.0,11.3,,93.0,88.0,100.0,61.0,100.0,24.0,100.0,15.0,94.7,87.0,86.7,128.0,91.7,,85.8,36,36.0,36,85.8,True,monash university,60.0,Monash University,Australia,56287.0,30.6,0.36,"2 days, 6:46:00",74.0899999999999,54.3,65.5,94.0,99.6,91.9,2026.0,60.0,54.0,"2 days, 6:46:00",monash university,exact_name_country,100.0,True,Monash University,Monash University,monash university,monash university
36.0,32.0,The University of Tokyo,Japan,Asia,L,FC,VH,Public,100.0,7.0,99.9,10.0,92.4,94.0,69.9,217.0,15.9,777.0,44.0,457.0,49.2,422.0,88.8,193.0,100.0,10.0,92.3,44.0,85.8,36,36.0,36,85.8,True,the university of tokyo,26.0,The University of Tokyo,Japan,26298.0,10.2,0.18,,83.5244999999999,94.7,94.2,68.2,100.0,50.8,2026.0,26.0,,,the university of tokyo,exact_name_country,100.0,True,The University of Tokyo,The University of Tokyo,the university of tokyo,the university of tokyo
38.0,34.0,Columbia University,United States of America,Americas,XL,FC,VH,Private not for Profit,99.9,13.0,99.9,11.0,100.0,19.0,44.5,418.0,48.5,445.0,98.1,88.0,72.9,250.0,98.4,18.0,100.0,8.0,77.9,,85.6,38,38.0,38,85.6,True,columbia university,20.0,Columbia University,United States of America,30580.0,5.6,0.42,,89.4025,87.8,87.8,95.9,74.8,83.7,2026.0,20.0,,,columbia university,exact_name_country,100.0,True,Columbia University,Columbia University,columbia university,columbia university
38.0,31.0,Seoul National University,Republic of Korea,Asia,L,FC,VH,Public,99.7,20.0,99.1,24.0,85.6,130.0,81.2,150.0,13.2,,27.5,622.0,33.5,571.0,77.6,391.0,100.0,6.0,90.8,57.0,85.6,38,38.0,38,85.6,True,seoul national university,59.0,Seoul National University,Republic of Korea,26783.0,15.3,0.16,,74.094,74.1,74.8,77.6,100.0,43.5,2026.0,59.0,,,seoul national university,exact_name_country,100.0,True,Seoul National University,Seoul National University,seoul national university,seoul national university
40.0,38.0,University of British Columbia,Canada,Americas,XL,FC,VH,Public,99.6,23.0,96.5,41.0,34.7,568.0,70.9,210.0,98.5,135.0,79.8,222.0,81.7,191.0,96.6,48.0,84.9,135.0,98.5,,85.5,40,40.0,40,85.5,True,university of british columbia,45.0,University of British Columbia,Canada,60112.0,18.7,0.34,"2 days, 7:45:00",77.029,64.1,73.9,88.6,77.4,93.5,2026.0,45.0,55.0,"2 days, 7:45:00",university of british columbia,exact_name_country,100.0,True,University of British Columbia,University of British Columbia,university of british columbia,university of british columbia
41.0,46.0,Institut Polytechnique de Paris,France,Europe,M,CO,VH,Public,58.1,185.0,99.8,14.0,94.8,76.0,97.3,52.0,99.9,99.0,99.2,61.0,99.2,50.0,93.0,125.0,99.1,25.0,77.9,,85.4,41,41.0,41,85.4,True,institut polytechnique de paris,69.0,Institut Polytechnique de Paris,France,6217.0,7.6,0.43,1.0118055555555556,71.6434999999999,71.8,62.4,70.9,99.1,95.1,2026.0,69.0,,1.0118055555555556,institut polytechnique de paris,exact_name_country,100.0,True,Institut Polytechnique de Paris,Institut Polytechnique de Paris,institut polytechnique de paris,institut polytechnique de paris
42.0,50.0,Northwestern University,United States of America,Americas,L,FC,VH,Private not for Profit,92.2,59.0,89.4,74.0,99.1,44.0,71.2,205.0,57.7,399.0,67.2,295.0,50.0,414.0,86.5,229.0,99.5,20.0,74.4,,85.1,42,42.0,42,85.1,True,northwestern university,30.0,Northwestern University,United States of America,20611.0,8.2,0.24,"2 days, 6:46:00",81.869,73.2,76.0,96.9,96.0,71.0,2026.0,30.0,54.0,"2 days, 6:46:00",northwestern university,exact_name_country,100.0,True,Northwestern University,Northwestern University,northwestern university,northwestern university
42.0,40.0,The University of Queensland,Australia,Oceania,XL,FC,VH,Public,94.3,46.0,79.5,105.0,26.5,705.0,94.2,79.0,100.0,60.0,100.0,28.0,100.0,18.0,97.0,36.0,66.6,233.0,92.5,41.0,85.1,42,42.0,42,85.1,True,the university of queensland,81.0,The University of Queensland,Australia,41295.0,23.6,0.43,"2 days, 6:46:00",69.7004999999999,50.9,60.9,87.6,97.6,91.2,2026.0,81.0,54.0,"2 days, 6:46:00",the university of queensland,exact_name_country,100.0,True,The University of Queensland,The University of Queensland,the university of queensland,the university of queensland
45.0,44.0,University of Michigan-Ann Arbor,United States of America,Americas,XL,FC,VH,Public,99.3,26.0,98.5,30.0,85.7,127.0,54.5,334.0,73.9,320.0,56.1,372.0,60.3,339.0,96.0,59.0,99.1,26.0,77.2,,84.7,45,45.0,45,84.7,True,university of michigan ann arbor,23.0,University of Michigan-Ann Arbor,United States of America,48449.0,8.4,0.19,"2 days, 4:48:00",86.9295,85.7,87.3,93.8,81.4,65.8,2026.0,23.0,52.0,"2 days, 4:48:00",university of michigan ann arbor,exact_name_country,100.0,True,University of Michigan-Ann Arbor,University of Michigan-Ann Arbor,university of michigan ann arbor,university of michigan ann arbor
46.0,42.0,"University of California, Los Angeles (UCLA)",United States of America,Americas,XL,FC,VH,Public,100.0,8.0,100.0,8.0,43.6,456.0,84.3,127.0,50.8,437.0,31.8,571.0,37.7,521.0,93.5,117.0,98.0,46.0,78.0,,84.4,46,46.0,46,84.4,True,university of california los angeles,18.0,"University of California, Los Angeles",United States of America,44700.0,9.8,0.15,"2 days, 9:43:00",89.4859999999999,86.0,91.4,95.6,93.5,69.2,2026.0,18.0,57.0,"2 days, 9:43:00",university of california los angeles,exact_name_country,100.0,True,"University of California, Los Angeles (UCLA)","University of California, Los Angeles",university of california los angeles,university of california los angeles
47.0,49.0,Delft University of Technology,Netherlands,Europe,L,CO,VH,Public,86.2,76.0,90.4,71.0,49.1,392.0,84.6,126.0,100.0,68.0,94.8,128.0,95.1,109.0,93.8,102.0,66.0,235.0,96.3,,84.3,47,47.0,47,84.3,True,delft university of technology,57.0,Delft University of Technology,Netherlands,21410.0,14.8,0.35,32 : 68,74.246,64.1,75.1,75.5,100.0,92.1,2026.0,57.0,32.0,32 : 68,delft university of technology,exact_name_country,100.0,True,Delft University of Technology,Delft University of Technology,delft university of technology,delft university of technology
47.0,45.0,Shanghai Jiao Tong University,China (Mainland),Asia,XL,FC,VH,Public,92.7,56.0,93.8,56.0,64.5,275.0,100.0,13.0,40.9,490.0,19.1,741.0,14.4,,77.7,389.0,88.2,119.0,82.5,,84.3,47,47.0,47,84.3,True,shanghai jiao tong university,40.0,Shanghai Jiao Tong University,China (Mainland),41507.0,12.5,0.11,36 : 64,77.5695,75.4,79.1,80.2,100.0,57.7,2026.0,40.0,36.0,36 : 64,shanghai jiao tong university,exact_name_country,100.0,True,Shanghai Jiao Tong University,Shanghai Jiao Tong University,shanghai jiao tong university,shanghai jiao tong university
49.0,47.0,Zhejiang University,China (Mainland),Asia,XL,FC,VH,Public,87.0,75.0,97.2,36.0,53.0,355.0,100.0,11.0,94.1,189.0,23.5,683.0,17.7,,94.0,100.0,74.4,185.0,63.0,,84,49,49.0,49,84.0,True,zhejiang university,39.0,Zhejiang University,China (Mainland),54313.0,13.0,0.14,,78.3135,75.0,78.4,84.3,100.0,55.5,2026.0,39.0,,,zhejiang university,exact_name_country,100.0,True,Zhejiang University,Zhejiang University,zhejiang university,zhejiang university
50.0,56.0,Yonsei University,Republic of Korea,Asia,L,FC,VH,Private not for Profit,91.6,64.0,97.8,34.0,84.3,142.0,67.9,231.0,30.5,582.0,74.3,258.0,76.7,227.0,78.0,382.0,94.4,78.0,87.7,86.0,82.9,50,50.0,50,82.9,True,yonsei university,86.0,Yonsei University (Seoul campus),Republic of Korea,19066.0,15.3,0.17,"2 days, 3:49:00",68.4799999999999,58.7,57.4,87.8,100.0,55.7,2026.0,86.0,51.0,"2 days, 3:49:00",yonsei university,exact_name_country,100.0,True,Yonsei University,Yonsei University (Seoul campus),yonsei university,yonsei university
51.0,54.0,University of Bristol,United Kingdom,Europe,XL,FC,VH,Public,87.3,73.0,89.4,75.0,36.7,546.0,83.2,135.0,90.7,219.0,95.7,118.0,96.0,100.0,95.3,74.0,63.1,248.0,97.0,,82.5,51,51.0,51,82.5,True,university of bristol,80.0,University of Bristol,United Kingdom,29680.0,14.2,0.35,"2 days, 8:44:00",69.737,51.4,56.5,94.4,74.6,91.8,2026.0,80.0,56.0,"2 days, 8:44:00",university of bristol,exact_name_country,100.0,True,University of Bristol,University of Bristol,university of bristol,university of bristol
52.0,58.0,Carnegie Mellon University,United States of America,Americas,L,FC,VH,Private not for Profit,80.1,98.0,94.4,52.0,51.1,370.0,98.6,43.0,52.4,426.0,98.7,77.0,73.4,245.0,79.2,364.0,79.9,161.0,66.2,375.0,82.3,52,52.0,52,82.3,True,carnegie mellon university,24.0,Carnegie Mellon University,United States of America,16257.0,13.0,0.5,"1 day, 20:56:00",84.959,72.7,83.0,99.0,85.5,84.3,2026.0,24.0,44.0,"1 day, 20:56:00",carnegie mellon university,exact_name_country,100.0,True,Carnegie Mellon University,Carnegie Mellon University,carnegie mellon university,carnegie mellon university
55.0,43.0,New York University (NYU),United States of America,Americas,XL,FC,VH,Private not for Profit,98.6,32.0,99.9,12.0,89.0,109.0,31.7,568.0,33.1,553.0,99.7,52.0,99.7,42.0,93.5,115.0,99.5,19.0,91.3,52.0,81.1,55,55.0,55,81.1,True,new york university,32.0,New York University,United States of America,48973.0,9.0,0.46,"2 days, 11:41:00",81.6114999999999,74.6,78.5,94.3,74.8,74.1,2026.0,32.0,59.0,"2 days, 11:41:00",new york university,exact_name_country,100.0,True,New York University (NYU),New York University,new york university,new york university
56.0,50.0,London School of Economics and Political Science (LSE),United Kingdom,Europe,L,FO,VH,Public,80.6,96.0,99.4,20.0,47.2,417.0,64.0,256.0,100.0,41.0,100.0,14.0,100.0,9.0,76.4,417.0,99.9,14.0,92.7,,80.5,56,56.0,56,80.5,True,london school of economics and political science,52.0,London School of Economics and Political Science,United Kingdom,12625.0,12.3,0.72,"2 days, 9:43:00",75.4525,60.5,71.2,93.4,46.8,94.2,2026.0,52.0,57.0,"2 days, 9:43:00",london school of economics and political science,exact_name_country,100.0,True,London School of Economics and Political Science (LSE),London School of Economics and Political Science,london school of economics and political science,london school of economics and political science
57.0,50.0,Kyoto University,Japan,Asia,L,FC,VH,Public,99.7,19.0,99.3,22.0,94.3,80.0,50.9,369.0,22.9,675.0,29.2,601.0,35.1,551.0,85.5,247.0,85.9,132.0,84.0,,80.2,57,57.0,57,80.2,True,kyoto university,61.0,Kyoto University,Japan,21617.0,9.0,0.11,25 : 75,73.961,86.4,82.7,56.9,100.0,45.6,2026.0,61.0,25.0,25 : 75,kyoto university,exact_name_country,100.0,True,Kyoto University,Kyoto University,kyoto university,kyoto university
60.0,63.0,KU Leuven,Belgium,Europe,XL,FC,VH,Public,93.0,53.0,63.5,169.0,9.6,,94.7,75.0,95.8,166.0,65.1,307.0,48.5,428.0,99.5,4.0,83.5,143.0,94.7,25.0,79.7,60,60.0,60,79.7,True,ku leuven,46.0,KU Leuven,Belgium,50336.0,37.1,0.21,"2 days, 4:48:00",76.8154999999999,61.3,73.8,91.3,100.0,79.2,2026.0,46.0,52.0,"2 days, 4:48:00",ku leuven,exact_name_country,100.0,True,KU Leuven,KU Leuven,ku leuven,ku leuven
61.0,67.0,Korea University,Republic of Korea,Asia,L,FC,VH,Private not for Profit,89.2,70.0,95.4,48.0,77.0,183.0,68.2,229.0,24.5,656.0,64.0,311.0,67.5,287.0,67.7,573.0,93.6,83.0,85.9,101.0,79.6,61,61.0,61,79.6,True,korea university,159.0,Korea University,Republic of Korea,21728.0,17.5,0.38,,61.406,52.4,51.3,73.3,99.9,67.8,2026.0,159.0,,,korea university,exact_name_country,100.0,True,Korea University,Korea University,korea university,korea university
62.0,61.0,Duke University,United States of America,Americas,L,FC,VH,Private not for Profit,92.9,54.0,91.0,68.0,100.0,7.0,47.1,402.0,28.3,602.0,62.0,326.0,46.2,450.0,90.8,163.0,95.6,73.0,77.6,205.0,79,62,62.0,62,79.0,True,duke university,28.0,Duke University,United States of America,17871.0,4.4,0.25,"2 days, 7:45:00",82.9195,78.7,74.2,95.4,100.0,74.2,2026.0,28.0,55.0,"2 days, 7:45:00",duke university,exact_name_country,100.0,True,Duke University,Duke University,duke university,duke university
63.0,68.0,National Taiwan University (NTU),Taiwan,Asia,L,FC,VH,Public,97.7,38.0,94.2,54.0,38.8,522.0,70.9,209.0,25.3,647.0,59.2,346.0,63.1,313.0,67.1,587.0,100.0,11.0,88.4,,78.9,63,63.0,63,78.9,True,national taiwan university,141.0,National Taiwan University (NTU),Taiwan,18743.0,9.7,0.24,"1 day, 20:56:00",62.464,59.4,54.9,68.6,100.0,59.2,2026.0,141.0,44.0,"1 day, 20:56:00",national taiwan university,exact_name_country,100.0,True,National Taiwan University (NTU),National Taiwan University (NTU),national taiwan university,national taiwan university
66.0,72.0,"University of California, San Diego (UCSD)",United States of America,Americas,XL,FC,VH,Public,94.0,49.0,80.2,103.0,54.4,347.0,80.3,155.0,43.8,473.0,47.0,431.0,52.0,400.0,94.0,99.0,40.8,430.0,72.3,,76.9,66,66.0,66,76.9,True,university of california san diego,47.0,"University of California, San Diego",United States of America,40586.0,9.8,0.23,"2 days, 3:49:00",76.5385,66.4,63.7,97.1,100.0,71.3,2026.0,47.0,51.0,"2 days, 3:49:00",university of california san diego,exact_name_country,100.0,True,"University of California, San Diego (UCSD)","University of California, San Diego",university of california san diego,university of california san diego
67.0,101.0,King Fahd University of Petroleum & Minerals,Saudi Arabia,Asia,M,FO,VH,Public,53.5,206.0,75.6,124.0,92.4,93.0,93.2,85.0,100.0,27.0,76.2,250.0,76.6,228.0,81.0,330.0,97.8,48.0,62.7,,76.5,67,67.0,67,76.5,True,king fahd university of petroleum and minerals,186.0,King Fahd University of Petroleum and Minerals,Saudi Arabia,5960.0,8.3,0.28,26 : 74,59.69,36.3,43.2,85.7,94.4,92.9,2026.0,186.0,26.0,26 : 74,king fahd university of petroleum and minerals,exact_name_country,100.0,True,King Fahd University of Petroleum & Minerals,King Fahd University of Petroleum and Minerals,king fahd university of petroleum and minerals,king fahd university of petroleum and minerals
68.0,66.0,University of Texas at Austin,United States of America,Americas,XL,FC,VH,Public,97.6,39.0,96.8,38.0,10.7,,85.4,122.0,9.1,,19.1,742.0,14.4,,90.5,169.0,93.9,82.0,70.6,,76.4,68,68.0,68,76.4,True,university of texas at austin,50.0,University of Texas at Austin,United States of America,51158.0,17.0,0.1,"2 days, 8:44:00",75.828,67.8,76.0,90.1,82.3,46.2,2026.0,50.0,56.0,"2 days, 8:44:00",university of texas at austin,exact_name_country,100.0,True,University of Texas at Austin,University of Texas at Austin,university of texas at austin,university of texas at austin
69.0,79.0,Brown University,United States of America,Americas,M,FC,VH,Private not for Profit,72.4,126.0,64.3,166.0,84.5,139.0,82.2,143.0,91.0,218.0,67.0,297.0,70.2,269.0,80.1,352.0,81.9,151.0,72.6,280.0,76.2,69,69.0,69,76.2,True,brown university,65.0,Brown University,United States of America,10887.0,10.3,0.22,,72.5865,70.0,61.0,87.4,69.6,69.9,2026.0,65.0,,,brown university,exact_name_country,100.0,True,Brown University,Brown University,brown university,brown university
70.0,73.0,Université Paris-Saclay,France,Europe,XL,CO,VH,Public,75.3,112.0,99.4,19.0,99.9,24.0,42.4,450.0,45.9,463.0,72.7,263.0,75.4,233.0,98.5,16.0,82.9,146.0,92.7,,75.9,70,70.0,70,75.9,True,universit paris saclay,68.0,Université Paris-Saclay,France,32807.0,14.0,0.25,"2 days, 2:50:00",71.6445,67.9,62.2,80.6,92.4,76.0,2026.0,68.0,50.0,"2 days, 2:50:00",universit paris saclay,exact_name_country,100.0,True,Université Paris-Saclay,Université Paris-Saclay,universite paris saclay,universite paris saclay
70.0,69.0,University of Illinois at Urbana-Champaign,United States of America,Americas,XL,FC,VH,Public,91.7,62.0,91.5,66.0,8.6,,81.6,147.0,14.2,,70.1,277.0,52.2,395.0,91.3,152.0,92.5,86.0,75.9,,75.9,70,70.0,70,75.9,True,university of illinois at urbana champaign,43.0,University of Illinois at Urbana-Champaign,United States of America,50640.0,18.9,0.23,"1 day, 23:53:00",77.072,67.9,80.7,85.3,84.4,62.3,2026.0,43.0,47.0,"1 day, 23:53:00",university of illinois at urbana champaign,exact_name_country,100.0,True,University of Illinois at Urbana-Champaign,University of Illinois at Urbana-Champaign,university of illinois at urbana champaign,university of illinois at urbana champaign
72.0,75.0,Lund University,Sweden,Europe,L,FC,VH,Public,80.1,99.0,64.1,167.0,68.1,246.0,56.6,312.0,98.8,134.0,82.0,213.0,83.7,181.0,97.1,35.0,96.1,65.0,98.8,,75.7,72,72.0,72,75.7,True,lund university,96.0,Lund University,Sweden,23748.0,10.2,0.22,"2 days, 8:44:00",66.5655,49.1,56.7,85.7,99.7,79.2,2026.0,96.0,56.0,"2 days, 8:44:00",lund university,exact_name_country,100.0,True,Lund University,Lund University,lund university,lund university
72.0,63.0,Sorbonne University (merged from Paris IV & UPMC),France,Europe,XL,FC,VH,Public,93.2,52.0,62.1,182.0,56.4,329.0,68.8,225.0,35.5,533.0,66.8,300.0,70.0,270.0,99.4,9.0,84.2,140.0,89.2,,75.7,72,72.0,72,75.7,True,sorbonne university,76.0,Sorbonne University,France,38923.0,13.6,0.23,"2 days, 13:39:00",70.394,67.6,59.2,81.6,73.1,78.4,2026.0,76.0,61.0,"2 days, 13:39:00",sorbonne university,exact_name_country,100.0,True,Sorbonne University (merged from Paris IV & UPMC),Sorbonne University,sorbonne university,sorbonne university
76.0,80.0,University of Birmingham,United Kingdom,Europe,XL,FC,VH,Public,81.1,95.0,75.7,122.0,49.9,385.0,56.1,316.0,96.7,154.0,93.4,139.0,93.9,115.0,96.3,54.0,54.7,305.0,92.8,38.0,73.8,76,76.0,76,73.8,True,university of birmingham,100.0,University of Birmingham,United Kingdom,34145.0,14.6,0.35,"2 days, 8:44:00",66.258,47.7,48.4,93.7,74.2,94.3,2026.0,100.0,56.0,"2 days, 8:44:00",university of birmingham,exact_name_country,100.0,True,University of Birmingham,University of Birmingham,university of birmingham,university of birmingham
77.0,77.0,The University of Western Australia,Australia,Oceania,L,FC,VH,Public,69.0,137.0,56.5,209.0,15.1,,99.2,34.0,100.0,77.0,100.0,36.0,100.0,23.0,93.2,122.0,82.6,147.0,83.7,,73.7,77,77.0,77,73.7,True,the university of western australia,154.0,The University of Western Australia,Australia,19880.0,23.6,0.3,"2 days, 3:49:00",61.7164999999999,38.7,45.1,87.6,98.4,93.4,2026.0,154.0,51.0,"2 days, 3:49:00",the university of western australia,exact_name_country,100.0,True,The University of Western Australia,The University of Western Australia,the university of western australia,the university of western australia
78.0,74.0,KTH Royal Institute of Technology,Sweden,Europe,L,FO,VH,Public,60.2,174.0,62.1,183.0,68.3,242.0,88.2,109.0,95.6,171.0,81.8,215.0,60.9,331.0,91.7,147.0,72.7,197.0,89.8,66.0,73.6,78,78.0,78,73.6,True,kth royal institute of technology,99.0,KTH Royal Institute of Technology,Sweden,15263.0,18.2,0.28,31 : 69,66.277,51.1,57.3,79.7,97.2,90.5,2026.0,99.0,31.0,31 : 69,kth royal institute of technology,exact_name_country,100.0,True,KTH Royal Institute of Technology,KTH Royal Institute of Technology,kth royal institute of technology,kth royal institute of technology
79.0,78.0,University of Glasgow,United Kingdom,Europe,XL,FC,VH,Public,88.3,72.0,73.5,132.0,50.3,377.0,44.8,416.0,98.0,140.0,99.1,67.0,99.1,57.0,97.0,38.0,44.5,395.0,95.4,,73.4,79,79.0,79,73.4,True,university of glasgow,84.0,University of Glasgow,United Kingdom,34075.0,13.4,0.45,"2 days, 12:40:00",68.9254999999999,50.6,52.2,95.9,73.2,95.5,2026.0,84.0,60.0,"2 days, 12:40:00",university of glasgow,exact_name_country,100.0,True,University of Glasgow,University of Glasgow,university of glasgow,university of glasgow
81.0,76.0,University of Washington,United States of America,Americas,XL,FC,VH,Public,90.1,68.0,74.8,128.0,49.2,391.0,69.2,221.0,14.7,,45.8,441.0,34.2,561.0,95.0,83.0,79.9,160.0,74.9,,72.7,81,81.0,81,72.7,True,university of washington,25.0,University of Washington,United States of America,49524.0,9.5,0.18,"2 days, 9:43:00",83.7164999999999,77.0,80.0,97.6,81.6,70.1,2026.0,25.0,57.0,"2 days, 9:43:00",university of washington,exact_name_country,100.0,True,University of Washington,University of Washington,university of washington,university of washington
82.0,,Adelaide University,Australia,Oceania,XL,CO,VH,,78.3,102.0,62.7,176.0,30.5,621.0,69.8,218.0,100.0,90.0,97.5,96.0,72.5,251.0,96.7,46.0,70.4,207.0,86.1,,72.6,82,82.0,82,72.6,True,adelaide university,134.0,Adelaide University,Australia,43623.0,30.4,0.27,"2 days, 7:45:00",63.0524999999999,38.3,48.9,89.5,99.7,89.8,2026.0,134.0,55.0,"2 days, 7:45:00",adelaide university,exact_name_country,100.0,True,Adelaide University,Adelaide University,adelaide university,adelaide university
86.0,82.0,University of Leeds,United Kingdom,Europe,XL,FC,VH,Public,81.8,90.0,82.1,98.0,39.7,512.0,48.8,380.0,89.7,224.0,96.3,108.0,96.5,93.0,99.2,13.0,62.9,250.0,76.4,,72,86,86.0,86,72.0,True,university of leeds,118.0,University of Leeds,United Kingdom,35600.0,14.4,0.39,"2 days, 12:40:00",64.8795,48.3,50.3,87.2,71.6,93.6,2026.0,118.0,60.0,"2 days, 12:40:00",university of leeds,exact_name_country,100.0,True,University of Leeds,University of Leeds,university of leeds,university of leeds
87.0,80.0,University of Southampton,United Kingdom,Europe,L,FC,VH,Public,62.6,163.0,55.9,214.0,40.1,504.0,87.8,111.0,96.8,153.0,98.6,82.0,98.6,69.0,97.4,32.0,58.6,279.0,95.1,23.0,71.2,87,87.0,87,71.2,True,university of southampton,129.0,University of Southampton,United Kingdom,24355.0,14.3,0.46,"2 days, 6:46:00",63.3345,44.6,45.4,89.6,73.1,96.1,2026.0,129.0,54.0,"2 days, 6:46:00",university of southampton,exact_name_country,100.0,True,University of Southampton,University of Southampton,university of southampton,university of southampton
88.0,108.0,Boston University,United States of America,Americas,L,FC,VH,Private not for Profit,75.3,111.0,86.7,83.0,40.6,497.0,61.9,273.0,40.0,500.0,92.8,150.0,93.3,124.0,84.9,256.0,86.9,127.0,73.7,264.0,71.1,88,88.0,88,71.1,True,boston university,77.0,Boston University,United States of America,29239.0,11.4,0.33,"2 days, 10:42:00",70.365,61.2,56.5,91.8,72.4,73.2,2026.0,77.0,58.0,"2 days, 10:42:00",boston university,exact_name_country,100.0,True,Boston University,Boston University,boston university,boston university
91.0,86.0,The University of Osaka,Japan,Asia,L,FC,VH,Public,90.5,67.0,90.0,73.0,45.6,430.0,65.8,242.0,25.2,649.0,21.1,709.0,27.2,651.0,72.0,500.0,51.4,330.0,79.5,,71,91,91.0,91,71.0,True,the university of osaka,152.0,The University of Osaka,Japan,22367.0,10.4,0.12,33 : 67,61.8439999999999,65.9,64.9,53.3,100.0,47.9,2026.0,152.0,33.0,33 : 67,the university of osaka,exact_name_country,100.0,True,The University of Osaka,The University of Osaka,the university of osaka,the university of osaka
93.0,103.0,Uppsala University,Sweden,Europe,L,FC,VH,Public,74.7,113.0,48.1,268.0,66.3,260.0,55.9,318.0,99.7,106.0,82.9,207.0,84.5,174.0,95.9,60.0,82.9,145.0,94.4,26.0,70.3,93,93.0,93,70.3,True,uppsala university,128.0,Uppsala University,Sweden,20953.0,10.9,0.18,"2 days, 11:41:00",63.4564999999999,47.4,54.9,81.3,95.0,71.5,2026.0,128.0,59.0,"2 days, 11:41:00",uppsala university,exact_name_country,100.0,True,Uppsala University,Uppsala University,uppsala university,uppsala university
94.0,89.0,Durham University,United Kingdom,Europe,L,FC,VH,Public,74.1,117.0,91.9,64.0,37.3,539.0,42.9,441.0,99.2,123.0,94.5,134.0,94.9,111.0,90.9,161.0,53.6,316.0,95.2,22.0,70.1,94,94.0,94,70.1,True,durham university,177.0,Durham University,United Kingdom,21470.0,13.2,0.34,"2 days, 6:46:00",60.262,45.2,44.9,81.0,62.8,94.6,2026.0,177.0,54.0,"2 days, 6:46:00",durham university,exact_name_country,100.0,True,Durham University,Durham University,durham university,durham university
94.0,96.0,University of Alberta,Canada,Americas,XL,FC,VH,Public,70.9,133.0,53.0,230.0,44.6,443.0,71.5,204.0,99.4,119.0,78.6,229.0,80.6,199.0,94.5,90.0,77.1,169.0,90.7,58.0,70.1,94,94.0,94,70.1,True,university of alberta,119.0,University of Alberta,Canada,33938.0,21.6,0.28,,64.6105,49.1,55.4,78.1,100.0,88.4,2026.0,119.0,,,university of alberta,exact_name_country,100.0,True,University of Alberta,University of Alberta,university of alberta,university of alberta
96.0,88.0,University of Technology Sydney,Australia,Oceania,L,CO,VH,Public,58.7,180.0,66.7,159.0,11.8,,99.3,33.0,97.6,146.0,91.7,151.0,92.3,128.0,89.7,177.0,52.3,323.0,92.0,47.0,69.9,96,96.0,96,69.9,True,university of technology sydney,149.0,University of Technology Sydney,Australia,29729.0,37.7,0.26,"2 days, 3:49:00",61.9555,36.8,42.6,94.1,88.7,92.9,2026.0,149.0,51.0,"2 days, 3:49:00",university of technology sydney,exact_name_country,100.0,True,University of Technology Sydney,University of Technology Sydney,university of technology sydney,university of technology sydney
98.0,102.0,Karlsruhe Institute of Technology (KIT),Germany,Europe,L,FO,VH,Public,57.1,194.0,87.4,82.0,48.9,397.0,77.1,168.0,83.8,265.0,56.9,363.0,61.1,330.0,86.9,219.0,61.5,254.0,79.5,,69.1,98,98.0,98,69.1,True,karlsruhe institute of technology,167.0,Karlsruhe Institute of Technology,Germany,19911.0,23.1,0.25,30 : 70,60.7369999999999,49.3,54.9,69.3,100.0,73.1,2026.0,167.0,30.0,30 : 70,karlsruhe institute of technology,exact_name_country,100.0,True,Karlsruhe Institute of Technology (KIT),Karlsruhe Institute of Technology,karlsruhe institute of technology,karlsruhe institute of technology
98.0,111.0,Politecnico di Milano,Italy,Europe,XL,CO,VH,Public,83.4,84.0,90.1,72.0,9.3,,53.9,343.0,74.4,317.0,69.3,281.0,72.3,252.0,87.0,215.0,72.0,199.0,72.9,,69.1,98,98.0,98,69.1,True,politecnico di milano,216.0,Politecnico di Milano,Italy,39793.0,21.8,0.23,36 : 64,57.8525,46.2,51.9,67.8,98.0,65.5,2026.0,216.0,36.0,36 : 64,politecnico di milano,exact_name_country,100.0,True,Politecnico di Milano,Politecnico di Milano,politecnico di milano,politecnico di milano
101.0,100.0,University of Copenhagen,Denmark,Europe,XL,FC,VH,Public,85.5,79.0,41.7,324.0,99.6,34.0,36.6,512.0,87.3,241.0,26.5,640.0,19.9,765.0,98.0,22.0,94.4,77.0,76.3,221.0,68.4,101,101.0,101,68.4,True,university of copenhagen,90.0,University of Copenhagen,Denmark,31425.0,4.2,0.14,"2 days, 15:37:00",67.1184999999999,51.3,52.2,91.3,92.8,76.6,2026.0,90.0,63.0,"2 days, 15:37:00",university of copenhagen,exact_name_country,100.0,True,University of Copenhagen,University of Copenhagen,university of copenhagen,university of copenhagen
102.0,98.0,Pohang University of Science And Technology (POSTECH),Republic of Korea,Asia,S,FO,VH,Private not for Profit,61.3,166.0,83.3,94.0,99.9,27.0,98.3,45.0,31.6,568.0,4.2,,8.3,,29.6,,16.0,,64.3,,67.9,102,102.0,102,67.9,True,pohang university of science and technology,142.0,Pohang University of Science and Technology (POSTECH),Republic of Korea,3234.0,9.2,0.07,,62.306,58.3,49.5,79.2,100.0,39.9,2026.0,142.0,,,pohang university of science and technology,exact_name_country,100.0,True,Pohang University of Science And Technology (POSTECH),Pohang University of Science and Technology (POSTECH),pohang university of science and technology,pohang university of science and technology
103.0,145.0,Nanjing University,China (Mainland),Asia,XL,FC,VH,Public,72.1,128.0,61.2,188.0,37.2,541.0,99.0,39.0,82.9,273.0,15.9,799.0,12.0,,69.5,541.0,39.7,440.0,59.5,513.0,67.7,103,103.0,103,67.7,True,nanjing university,63.0,Nanjing University,China (Mainland),34217.0,14.1,0.1,"2 days, 11:41:00",73.7139999999999,69.6,66.2,85.1,99.6,59.6,2026.0,63.0,59.0,"2 days, 11:41:00",nanjing university,exact_name_country,100.0,True,Nanjing University,Nanjing University,nanjing university,nanjing university
105.0,94.0,Lomonosov Moscow State University,Russian Federation,Europe,L,FC,VH,Public,83.7,83.0,87.9,80.0,99.9,26.0,7.3,,25.5,641.0,96.0,112.0,96.1,97.0,87.0,214.0,98.3,37.0,48.8,,67.6,105,105.0,105,67.6,True,lomonosov moscow state university,133.0,Lomonosov Moscow State University,Russian Federation,31603.0,9.7,0.38,"2 days, 3:49:00",63.0545,80.9,69.7,32.9,93.4,71.6,2026.0,133.0,51.0,"2 days, 3:49:00",lomonosov moscow state university,exact_name_country,100.0,True,Lomonosov Moscow State University,Lomonosov Moscow State University,lomonosov moscow state university,lomonosov moscow state university
107.0,109.0,Technical University of Denmark,Denmark,Europe,M,FO,VH,Public,44.8,264.0,36.2,396.0,98.4,49.0,90.9,99.0,100.0,52.0,95.9,113.0,96.1,96.0,87.1,213.0,60.5,269.0,68.0,,67.5,107,107.0,107,67.5,True,technical university of denmark,121.0,Technical University of Denmark,Denmark,11254.0,8.8,0.37,34 : 66,64.34,51.2,46.5,82.6,99.9,93.0,2026.0,121.0,34.0,34 : 66,technical university of denmark,exact_name_country,100.0,True,Technical University of Denmark,Technical University of Denmark,technical university of denmark,technical university of denmark
109.0,107.0,Tohoku University,Japan,Asia,L,FC,VH,Public,84.5,82.0,86.5,84.0,98.2,52.0,35.5,519.0,20.5,705.0,19.4,739.0,25.5,678.0,70.1,529.0,36.5,474.0,82.0,,66.7,109,109.0,109,66.7,True,tohoku university,105.0,Tohoku University,Japan,17349.0,12.6,0.13,28 : 72,65.7274999999999,70.9,70.8,52.8,100.0,59.2,2026.0,105.0,28.0,28 : 72,tohoku university,exact_name_country,100.0,True,Tohoku University,Tohoku University,tohoku university,tohoku university
110.0,120.0,Queen Mary University of London (QMUL),United Kingdom,Europe,L,FC,VH,Public,63.6,160.0,47.1,277.0,31.0,618.0,83.4,134.0,99.9,100.0,99.9,45.0,99.9,34.0,91.9,146.0,40.1,438.0,82.4,,66.6,110,110.0,110,66.6,True,queen mary university of london,137.0,Queen Mary University of London,United Kingdom,25135.0,14.3,0.46,"2 days, 5:47:00",62.853,38.7,42.6,95.7,76.5,97.5,2026.0,137.0,53.0,"2 days, 5:47:00",queen mary university of london,exact_name_country,100.0,True,Queen Mary University of London (QMUL),Queen Mary University of London,queen mary university of london,queen mary university of london
110.0,116.0,University of Wisconsin-Madison,United States of America,Americas,XL,FC,VH,Public,85.7,78.0,63.1,172.0,84.3,141.0,28.1,606.0,57.7,400.0,37.0,527.0,42.6,488.0,88.9,192.0,91.0,96.0,72.5,,66.6,110,110.0,110,66.6,True,university of wisconsin madison,54.0,University of Wisconsin-Madison,United States of America,45254.0,10.7,0.15,,75.0445,70.3,68.8,88.0,82.6,62.0,2026.0,54.0,,,university of wisconsin madison,exact_name_country,100.0,True,University of Wisconsin-Madison,University of Wisconsin-Madison,university of wisconsin madison,university of wisconsin madison
112.0,122.0,Qatar University,Qatar,Asia,M,FC,VH,Public,43.3,273.0,56.5,208.0,73.8,206.0,73.3,188.0,100.0,26.0,98.6,83.0,98.6,70.0,89.6,179.0,98.9,29.0,72.2,,66.5,112,112.0,112,66.5,True,qatar university,221.0,Qatar University,Qatar,9539.0,8.2,0.38,,57.5884999999999,32.4,38.1,89.1,79.1,94.5,2026.0,221.0,,,qatar university,exact_name_country,100.0,True,Qatar University,Qatar University,qatar university,qatar university
113.0,104.0,University of St Andrews,United Kingdom,Europe,M,FO,VH,Public,61.5,165.0,74.9,127.0,63.8,278.0,51.3,368.0,98.8,131.0,99.7,47.0,99.7,36.0,87.7,208.0,28.9,575.0,86.2,97.0,66.4,113,113.0,113,66.4,True,university of st andrews,164.0,University of St Andrews,United Kingdom,11265.0,12.9,0.49,"2 days, 11:41:00",60.9,50.6,43.3,78.2,71.9,94.4,2026.0,164.0,59.0,"2 days, 11:41:00",university of st andrews,exact_name_country,100.0,True,University of St Andrews,University of St Andrews,university of st andrews,university of st andrews
114.0,113.0,Aalto University,Finland,Europe,L,FO,VH,Public,57.5,189.0,56.1,212.0,35.1,564.0,79.6,160.0,97.2,147.0,60.0,343.0,63.9,312.0,80.9,332.0,97.1,55.0,88.3,77.0,66.3,114,114.0,114,66.3,True,aalto university,196.0,Aalto University,Finland,15131.0,21.3,0.26,39 : 61,59.017,44.3,43.4,78.9,91.0,80.7,2026.0,196.0,39.0,39 : 61,aalto university,exact_name_country,100.0,True,Aalto University,Aalto University,aalto university,aalto university
114.0,130.0,"University of California, Davis",United States of America,Americas,XL,FC,VH,Public,72.7,125.0,70.1,146.0,28.3,675.0,66.5,237.0,86.5,250.0,61.9,327.0,65.6,298.0,90.8,165.0,38.0,457.0,79.8,174.0,66.3,114,114.0,114,66.3,True,university of california davis,64.0,"University of California, Davis",United States of America,38565.0,13.6,0.22,"2 days, 10:42:00",72.8189999999999,63.9,66.4,84.9,86.5,77.1,2026.0,64.0,58.0,"2 days, 10:42:00",university of california davis,exact_name_country,100.0,True,"University of California, Davis","University of California, Davis",university of california davis,university of california davis
116.0,93.0,Pontificia Universidad Católica de Chile,Chile,Americas,L,FC,VH,Private not for Profit,98.0,36.0,98.6,29.0,35.1,562.0,14.2,,42.0,482.0,7.8,,11.9,,81.2,328.0,99.9,13.0,80.0,,66.1,116,116.0,116,66.1,True,pontificia universidad cat lica de chile,468.0,Pontificia Universidad Católica de Chile,Chile,28373.0,13.8,0.06,,47.212,33.5,38.6,61.9,80.2,58.1,2026.0,468.0,,,pontificia universidad cat lica de chile,exact_name_country,100.0,True,Pontificia Universidad Católica de Chile,Pontificia Universidad Católica de Chile,pontificia universidad catolica de chile,pontificia universidad catolica de chile
116.0,117.0,University of Helsinki,Finland,Europe,L,CO,VH,Public,74.5,114.0,37.7,370.0,66.9,256.0,62.7,262.0,78.5,305.0,13.1,,19.1,779.0,96.1,57.0,94.2,80.0,95.6,18.0,66.1,116,116.0,116,66.1,True,university of helsinki,104.0,University of Helsinki,Finland,22974.0,15.8,0.07,"2 days, 20:32:00",65.738,50.4,57.3,90.1,70.7,58.6,2026.0,104.0,68.0,"2 days, 20:32:00",university of helsinki,exact_name_country,100.0,True,University of Helsinki,University of Helsinki,university of helsinki,university of helsinki
118.0,126.0,University College Dublin,Ireland,Europe,L,FC,VH,Public,66.5,149.0,57.6,204.0,19.7,,62.0,272.0,99.5,112.0,89.6,170.0,90.5,144.0,89.0,188.0,92.2,88.0,91.7,,66,118,118.0,118,66.0,True,university college dublin,223.0,University College Dublin,Ireland,25252.0,19.1,0.35,,57.4665,35.5,41.7,84.0,74.9,89.4,2026.0,223.0,,,university college dublin,exact_name_country,100.0,True,University College Dublin,University College Dublin,university college dublin,university college dublin
119.0,141.0,Leiden University,Netherlands,Europe,XL,FC,VH,Public,80.4,97.0,46.3,288.0,30.3,629.0,64.9,249.0,89.7,225.0,68.4,288.0,50.9,408.0,94.3,93.0,61.2,263.0,58.6,,65.7,119,119.0,119,65.7,True,leiden university,70.0,Leiden University,Netherlands,34441.0,17.6,0.22,"2 days, 10:42:00",71.3344999999999,49.3,63.3,93.6,99.1,85.2,2026.0,70.0,58.0,"2 days, 10:42:00",leiden university,exact_name_country,100.0,True,Leiden University,Leiden University,leiden university,leiden university
119.0,141.0,Rice University,United States of America,Americas,M,CO,VH,Private not for Profit,50.6,221.0,51.0,245.0,74.9,196.0,81.6,148.0,91.3,215.0,96.6,104.0,96.8,91.0,66.3,605.0,45.7,381.0,81.5,156.0,65.7,119,119.0,119,65.7,True,rice university,103.0,Rice University,United States of America,8223.0,10.3,0.31,"1 day, 19:57:00",65.8395,56.7,46.8,88.1,72.9,82.6,2026.0,103.0,43.0,"1 day, 19:57:00",rice university,exact_name_country,100.0,True,Rice University,Rice University,rice university,rice university
119.0,119.0,University of Oslo,Norway,Europe,L,FC,VH,Public,67.8,143.0,27.7,498.0,78.4,176.0,67.7,232.0,95.8,167.0,46.0,439.0,34.3,560.0,96.8,43.0,86.6,129.0,72.3,,65.7,119,119.0,119,65.7,True,university of oslo,114.0,University of Oslo,Norway,20102.0,11.7,0.18,"2 days, 16:36:00",65.1614999999999,47.8,52.5,90.3,75.2,76.5,2026.0,114.0,64.0,"2 days, 16:36:00",university of oslo,exact_name_country,100.0,True,University of Oslo,University of Oslo,university of oslo,university of oslo
119.0,115.0,University of Waterloo,Canada,Americas,XL,CO,VH,Public,53.0,209.0,74.2,130.0,8.8,,88.3,108.0,81.5,283.0,76.6,247.0,78.9,219.0,83.5,285.0,72.0,201.0,90.5,60.0,65.7,119,119.0,119,65.7,True,university of waterloo,163.0,University of Waterloo,Canada,34772.0,22.7,0.21,"1 day, 23:53:00",60.913,42.7,47.6,83.4,77.0,85.5,2026.0,163.0,47.0,"1 day, 23:53:00",university of waterloo,exact_name_country,100.0,True,University of Waterloo,University of Waterloo,university of waterloo,university of waterloo
123.0,114.0,Georgia Institute of Technology,United States of America,Americas,XL,CO,VH,Public,76.0,107.0,92.8,61.0,32.4,595.0,54.2,340.0,21.5,692.0,60.4,339.0,64.2,308.0,79.0,368.0,67.5,228.0,66.1,,65.5,123,123.0,123,65.5,True,georgia institute of technology,42.0,Georgia Institute of Technology,United States of America,33325.0,28.3,0.32,34 : 66,77.1144999999999,60.8,75.8,90.4,99.1,81.5,2026.0,42.0,34.0,34 : 66,georgia institute of technology,exact_name_country,100.0,True,Georgia Institute of Technology,Georgia Institute of Technology,georgia institute of technology,georgia institute of technology
125.0,123.0,RMIT University,Australia,Oceania,XL,CO,VH,Public,55.1,202.0,60.3,191.0,7.2,,91.3,96.0,100.0,45.0,95.2,125.0,95.5,106.0,83.1,292.0,49.9,345.0,87.9,,65.3,125,125.0,125,65.3,True,rmit university,267.0,RMIT University,Australia,32309.0,23.8,0.38,"2 days, 1:51:00",55.7425,35.2,36.2,82.5,78.2,93.1,2026.0,267.0,49.0,"2 days, 1:51:00",rmit university,exact_name_country,100.0,True,RMIT University,RMIT University,rmit university,rmit university
126.0,123.0,Sungkyunkwan University,Republic of Korea,Asia,L,FC,VH,Private not for Profit,68.4,139.0,75.6,125.0,83.8,149.0,62.3,269.0,24.2,659.0,57.6,359.0,61.6,326.0,49.5,,44.2,400.0,74.7,,65.2,126,126.0,126,65.2,True,sungkyunkwan university,87.0,Sungkyunkwan University (SKKU),Republic of Korea,19012.0,15.8,0.22,"2 days, 1:51:00",68.2645,60.2,57.5,83.4,99.7,64.3,2026.0,87.0,49.0,"2 days, 1:51:00",sungkyunkwan university,exact_name_country,100.0,True,Sungkyunkwan University,Sungkyunkwan University (SKKU),sungkyunkwan university,sungkyunkwan university
126.0,138.0,Universiti Kebangsaan Malaysia (UKM),Malaysia,Asia,L,FC,VH,Public,76.2,106.0,76.4,119.0,78.7,174.0,30.1,587.0,50.1,439.0,94.7,129.0,94.0,114.0,86.1,235.0,35.5,485.0,74.7,,65.2,126,126.0,126,65.2,True,universiti kebangsaan malaysia,347.0,Universiti Kebangsaan Malaysia,Malaysia,20341.0,11.4,0.31,"2 days, 8:44:00",51.7855,47.5,32.4,65.7,61.8,82.6,2026.0,347.0,56.0,"2 days, 8:44:00",universiti kebangsaan malaysia,exact_name_country,100.0,True,Universiti Kebangsaan Malaysia (UKM),Universiti Kebangsaan Malaysia,universiti kebangsaan malaysia,universiti kebangsaan malaysia
128.0,132.0,Sapienza University of Rome,Italy,Europe,XL,FC,VH,Public,90.7,65.0,66.4,161.0,7.8,,62.9,261.0,4.0,,14.8,,20.9,749.0,95.9,61.0,91.5,92.0,81.9,,64.9,128,128.0,128,64.9,True,sapienza university of rome,172.0,Sapienza University of Rome,Italy,60428.0,27.3,0.07,"2 days, 13:39:00",60.6509999999999,55.9,53.5,73.4,85.2,42.9,2026.0,172.0,61.0,"2 days, 13:39:00",sapienza university of rome,exact_name_country,100.0,True,Sapienza University of Rome,Sapienza University of Rome,sapienza university of rome,sapienza university of rome
131.0,144.0,Aarhus University,Denmark,Europe,L,FC,VH,Public,68.3,140.0,41.7,325.0,42.4,472.0,74.1,183.0,96.7,157.0,25.5,654.0,19.1,777.0,96.3,52.0,79.4,164.0,73.2,,64.3,131,131.0,131,64.3,True,aarhus university,101.0,Aarhus University,Denmark,25370.0,12.8,0.12,"2 days, 12:40:00",66.1985,48.6,58.8,83.9,99.8,75.3,2026.0,101.0,60.0,"2 days, 12:40:00",aarhus university,exact_name_country,100.0,True,Aarhus University,Aarhus University,aarhus university,aarhus university
132.0,150.0,University of Bath,United Kingdom,Europe,L,CO,VH,Public,48.9,233.0,81.6,100.0,20.5,,75.9,173.0,95.6,170.0,86.8,187.0,88.0,156.0,85.3,250.0,50.7,337.0,83.8,,64.2,132,132.0,132,64.2,True,university of bath,263.0,University of Bath,United Kingdom,17650.0,17.7,0.29,"1 day, 22:54:00",55.894,39.8,35.1,81.0,67.1,93.2,2026.0,263.0,46.0,"1 day, 22:54:00",university of bath,exact_name_country,100.0,True,University of Bath,University of Bath,university of bath,university of bath
132.0,133.0,University of Science and Technology of China,China (Mainland),Asia,L,CO,VH,Public,57.6,188.0,50.6,248.0,98.1,56.0,99.4,30.0,14.9,,7.8,,13.5,,74.4,457.0,42.8,410.0,55.3,,64.2,132,132.0,132,64.2,True,university of science and technology of china,51.0,University of Science and Technology of China,China (Mainland),22955.0,8.2,0.05,,75.6435,72.9,69.8,89.0,98.9,43.2,2026.0,51.0,,,university of science and technology of china,exact_name_country,100.0,True,University of Science and Technology of China,University of Science and Technology of China,university of science and technology of china,university of science and technology of china
134.0,148.0,Universiti Putra Malaysia (UPM),Malaysia,Asia,L,FC,VH,Public,75.7,108.0,73.4,133.0,66.8,258.0,38.3,487.0,45.2,467.0,98.4,84.0,98.5,71.0,86.8,221.0,23.2,666.0,68.9,,64.1,134,134.0,134,64.1,True,universiti putra malaysia,552.0,Universiti Putra Malaysia,Malaysia,20358.0,12.8,0.4,"2 days, 16:36:00",45.152,40.7,31.6,51.7,57.1,82.5,2026.0,552.0,64.0,"2 days, 16:36:00",universiti putra malaysia,exact_name_country,100.0,True,Universiti Putra Malaysia (UPM),Universiti Putra Malaysia,universiti putra malaysia,universiti putra malaysia
134.0,146.0,Universiti Sains Malaysia (USM),Malaysia,Asia,L,FC,VH,Public,77.6,104.0,79.8,104.0,47.6,410.0,38.4,486.0,34.7,539.0,99.3,57.0,99.3,48.0,92.5,137.0,29.1,568.0,74.5,249.0,64.1,134,134.0,134,64.1,True,universiti sains malaysia,412.0,Universiti Sains Malaysia,Malaysia,26522.0,12.7,0.39,"2 days, 15:37:00",49.4999999999999,42.9,30.3,65.8,64.5,76.5,2026.0,412.0,63.0,"2 days, 15:37:00",universiti sains malaysia,exact_name_country,100.0,True,Universiti Sains Malaysia (USM),Universiti Sains Malaysia,universiti sains malaysia,universiti sains malaysia
137.0,129.0,Newcastle University,United Kingdom,Europe,L,FC,VH,Public,62.9,162.0,68.7,152.0,49.5,388.0,49.1,379.0,92.5,205.0,81.0,220.0,82.8,185.0,95.8,65.0,40.5,433.0,90.9,56.0,63.9,137,137.0,137,63.9,True,newcastle university,145.0,Newcastle University,United Kingdom,26400.0,15.0,0.28,"2 days, 6:46:00",62.0815,39.8,43.2,93.0,80.0,89.5,2026.0,145.0,54.0,"2 days, 6:46:00",newcastle university,exact_name_country,100.0,True,Newcastle University,Newcastle University,newcastle university,newcastle university
138.0,133.0,Macquarie University,Australia,Oceania,L,FC,VH,Public,47.7,242.0,56.7,206.0,13.6,,85.8,119.0,100.0,86.0,97.3,98.0,97.5,86.0,91.0,156.0,62.2,252.0,90.6,59.0,63.3,138,138.0,138,63.3,True,macquarie university,169.0,Macquarie University,Australia,29826.0,50.2,0.25,,60.711,35.9,42.5,90.9,97.2,88.5,2026.0,169.0,,,macquarie university,exact_name_country,100.0,True,Macquarie University,Macquarie University,macquarie university,macquarie university
140.0,136.0,Eindhoven University of Technology,Netherlands,Europe,M,FO,VH,Public,40.5,296.0,77.3,115.0,43.6,455.0,81.9,146.0,100.0,87.0,95.7,119.0,95.9,101.0,74.3,459.0,33.1,512.0,74.1,,63.2,140,140.0,140,63.2,True,eindhoven university of technology,194.0,Eindhoven University of Technology,Netherlands,10823.0,19.1,0.36,30 : 70,59.1714999999999,47.7,49.5,67.0,100.0,88.6,2026.0,194.0,30.0,30 : 70,eindhoven university of technology,exact_name_country,100.0,True,Eindhoven University of Technology,Eindhoven University of Technology,eindhoven university of technology,eindhoven university of technology
140.0,158.0,Erasmus University Rotterdam,Netherlands,Europe,L,FO,VH,Public,49.4,230.0,74.8,129.0,20.7,,75.7,174.0,81.8,280.0,81.6,216.0,60.8,333.0,81.8,318.0,94.0,81.0,62.2,,63.2,140,140.0,140,63.2,True,erasmus university rotterdam,107.0,Erasmus University Rotterdam,Netherlands,31507.0,21.1,0.26,"2 days, 6:46:00",65.569,38.5,52.9,95.9,89.2,87.1,2026.0,107.0,54.0,"2 days, 6:46:00",erasmus university rotterdam,exact_name_country,100.0,True,Erasmus University Rotterdam,Erasmus University Rotterdam,erasmus university rotterdam,erasmus university rotterdam
143.0,200.0,King Saud University,Saudi Arabia,Asia,XL,FC,VH,Public,54.8,204.0,57.7,201.0,55.7,336.0,65.6,244.0,100.0,89.0,29.2,600.0,35.2,549.0,96.8,41.0,99.4,23.0,63.1,,63.1,143,143.0,143,63.1,True,king saud university,266.0,King Saud University,Saudi Arabia,42846.0,11.0,0.11,"1 day, 22:54:00",55.745,38.2,33.8,82.7,89.1,84.0,2026.0,266.0,46.0,"1 day, 22:54:00",king saud university,exact_name_country,100.0,True,King Saud University,King Saud University,king saud university,king saud university
144.0,154.0,Texas A&M University,United States of America,Americas,XL,FC,VH,Public,72.9,124.0,81.5,101.0,6.2,,75.5,175.0,28.0,608.0,20.7,717.0,15.6,,93.0,124.0,63.8,244.0,61.0,,63,144,144.0,144,63.0,True,texas aandm university,153.0,Texas A&M University,United States of America,68486.0,22.6,0.08,"1 day, 23:53:00",61.7755,52.5,57.2,73.4,73.5,63.2,2026.0,153.0,47.0,"1 day, 23:53:00",texas aandm university,exact_name_country,100.0,True,Texas A&M University,Texas A&M University,texas aandm university,texas aandm university
146.0,125.0,University of Southern California,United States of America,Americas,XL,FC,VH,Private not for Profit,61.2,167.0,69.6,150.0,19.6,,66.2,240.0,15.8,786.0,81.2,219.0,82.9,184.0,87.8,204.0,98.0,45.0,92.1,,62.6,146,146.0,146,62.6,True,university of southern california,75.0,University of Southern California,United States of America,42840.0,13.3,0.27,"2 days, 5:47:00",71.0934999999999,59.8,59.6,92.7,74.9,71.5,2026.0,75.0,53.0,"2 days, 5:47:00",university of southern california,exact_name_country,100.0,True,University of Southern California,University of Southern California,university of southern california,university of southern california
147.0,128.0,Stockholm University,Sweden,Europe,L,CO,VH,Public,65.1,155.0,29.5,484.0,28.3,678.0,73.6,186.0,83.0,271.0,79.4,224.0,59.1,346.0,96.7,45.0,90.5,102.0,72.1,,62.5,147,147.0,147,62.5,True,stockholm university,204.0,Stockholm University,Sweden,27746.0,16.2,0.14,,58.4599999999999,33.5,48.4,87.2,66.1,76.5,2026.0,204.0,,,stockholm university,exact_name_country,100.0,True,Stockholm University,Stockholm University,stockholm university,stockholm university
147.0,159.0,University of Groningen,Netherlands,Europe,XL,FC,VH,Public,67.2,147.0,41.6,326.0,56.2,331.0,53.0,353.0,95.4,174.0,89.4,173.0,66.6,293.0,93.4,118.0,53.5,317.0,67.6,,62.5,147,147.0,147,62.5,True,university of groningen,83.0,University of Groningen,Netherlands,33098.0,23.4,0.28,"2 days, 6:46:00",69.2894999999999,47.4,55.9,94.1,99.7,91.7,2026.0,83.0,54.0,"2 days, 6:46:00",university of groningen,exact_name_country,100.0,True,University of Groningen,University of Groningen,university of groningen,university of groningen
147.0,165.0,University of Liverpool,United Kingdom,Europe,L,FC,VH,Public,60.7,171.0,48.8,264.0,37.3,538.0,61.7,276.0,92.4,206.0,91.1,157.0,91.8,133.0,97.0,39.0,47.8,364.0,92.4,,62.5,147,147.0,147,62.5,True,university of liverpool,144.0,University of Liverpool,United Kingdom,26770.0,13.9,0.33,"2 days, 7:45:00",62.2175,43.5,42.0,91.2,68.0,95.0,2026.0,144.0,55.0,"2 days, 7:45:00",university of liverpool,exact_name_country,100.0,True,University of Liverpool,University of Liverpool,university of liverpool,university of liverpool
150.0,171.0,University of Cape Town,South Africa,Africa,L,FC,VH,Public,58.2,183.0,62.3,179.0,14.6,,75.4,176.0,66.1,353.0,27.9,615.0,33.9,562.0,97.7,24.0,97.7,49.0,92.1,,62.3,150,150.0,150,62.3,True,university of cape town,166.0,University of Cape Town,South Africa,20094.0,12.6,0.12,"2 days, 8:44:00",60.7405,39.4,46.7,87.8,84.8,77.9,2026.0,166.0,56.0,"2 days, 8:44:00",university of cape town,exact_name_country,100.0,True,University of Cape Town,University of Cape Town,university of cape town,university of cape town
151.0,120.0,Western University,Canada,Americas,L,FC,VH,Public,42.3,282.0,53.5,227.0,5.2,,93.5,84.0,100.0,85.0,68.7,283.0,71.7,254.0,83.6,282.0,98.0,42.0,94.0,,62,151,151.0,151,62.0,True,western university,215.0,Western University,Canada,31831.0,32.7,0.25,"2 days, 8:44:00",57.8839999999999,39.9,42.6,77.5,99.8,86.9,2026.0,215.0,56.0,"2 days, 8:44:00",western university,exact_name_country,100.0,True,Western University,Western University,western university,western university
152.0,137.0,University of Vienna,Austria,Europe,XL,FC,VH,Public,82.3,88.0,46.4,285.0,31.0,617.0,22.2,682.0,100.0,71.0,96.6,103.0,96.8,90.0,96.3,53.0,92.8,85.0,71.8,,61.9,152,152.0,152,61.9,True,university of vienna,95.0,University of Vienna,Austria,30228.0,36.6,0.34,"2 days, 17:35:00",66.601,50.0,60.9,79.8,80.0,94.0,2026.0,95.0,65.0,"2 days, 17:35:00",university of vienna,exact_name_country,100.0,True,University of Vienna,University of Vienna,university of vienna,university of vienna
153.0,181.0,Universiti Teknologi Malaysia (UTM),Malaysia,Asia,L,CO,VH,Public,64.0,158.0,72.1,139.0,58.8,309.0,57.8,302.0,15.5,797.0,91.4,155.0,92.1,132.0,90.6,167.0,19.9,730.0,69.2,,61.6,153,153.0,153,61.6,True,universiti teknologi malaysia,437.0,Universiti Teknologi Malaysia,Malaysia,16724.0,10.1,0.28,"2 days, 0:52:00",48.429,44.5,29.5,62.0,71.1,70.7,2026.0,437.0,48.0,"2 days, 0:52:00",universiti teknologi malaysia,exact_name_country,100.0,True,Universiti Teknologi Malaysia (UTM),Universiti Teknologi Malaysia,universiti teknologi malaysia,universiti teknologi malaysia
153.0,155.0,Wageningen University & Research,Netherlands,Europe,L,CO,VH,Public,55.0,203.0,34.4,420.0,99.5,37.0,54.8,329.0,72.0,329.0,90.7,159.0,91.5,134.0,97.2,34.0,32.9,516.0,91.2,53.0,61.6,153,153.0,153,61.6,True,wageningen university and research,66.0,Wageningen University & Research,Netherlands,15905.0,16.9,0.31,"2 days, 6:46:00",72.193,58.6,58.4,90.4,99.5,91.6,2026.0,66.0,54.0,"2 days, 6:46:00",wageningen university and research,exact_name_country,100.0,True,Wageningen University & Research,Wageningen University & Research,wageningen university and research,wageningen university and research
155.0,169.0,University of Exeter,United Kingdom,Europe,L,FC,VH,Public,57.9,186.0,58.5,198.0,42.0,480.0,55.8,320.0,94.8,181.0,77.8,235.0,79.9,206.0,95.8,66.0,40.9,428.0,93.9,32.0,61.5,155,155.0,155,61.5,True,university of exeter,174.0,University of Exeter,United Kingdom,29280.0,15.7,0.29,"2 days, 6:46:00",60.575,36.6,42.1,94.0,59.1,93.4,2026.0,174.0,54.0,"2 days, 6:46:00",university of exeter,exact_name_country,100.0,True,University of Exeter,University of Exeter,university of exeter,university of exeter
155.0,155.0,University of Geneva,Switzerland,Europe,L,FC,VH,Public,55.3,201.0,34.8,414.0,47.4,414.0,70.3,214.0,100.0,54.0,98.6,81.0,98.6,68.0,92.1,144.0,63.1,249.0,66.5,370.0,61.5,155,155.0,155,61.5,True,university of geneva,168.0,University of Geneva,Switzerland,17681.0,7.8,0.41,"2 days, 15:37:00",60.7164999999999,43.8,40.0,85.2,85.7,96.1,2026.0,168.0,63.0,"2 days, 15:37:00",university of geneva,exact_name_country,100.0,True,University of Geneva,University of Geneva,university of geneva,university of geneva
157.0,141.0,Lancaster University,United Kingdom,Europe,L,FC,VH,Public,51.2,217.0,45.8,296.0,36.1,555.0,77.5,166.0,96.4,161.0,93.3,141.0,93.8,117.0,87.0,216.0,38.2,452.0,89.2,,61.4,157,157.0,157,61.4,True,lancaster university,185.0,Lancaster University,United Kingdom,16935.0,14.9,0.34,"2 days, 0:52:00",59.728,40.9,40.8,86.7,67.2,95.1,2026.0,185.0,48.0,"2 days, 0:52:00",lancaster university,exact_name_country,100.0,True,Lancaster University,Lancaster University,lancaster university,lancaster university
158.0,131.0,University of Basel,Switzerland,Europe,M,FC,VH,Public,34.0,357.0,20.7,639.0,70.2,229.0,94.2,80.0,100.0,47.0,91.4,156.0,68.0,284.0,90.4,170.0,74.9,183.0,88.4,,61.3,158,158.0,158,61.3,True,university of basel,120.0,University of Basel,Switzerland,8655.0,11.1,0.32,"2 days, 9:43:00",64.5279999999999,50.2,42.8,87.5,99.8,94.2,2026.0,120.0,57.0,"2 days, 9:43:00",university of basel,exact_name_country,100.0,True,University of Basel,University of Basel,university of basel,university of basel
159.0,162.0,Hanyang University,Republic of Korea,Asia,L,FC,VH,Private not for Profit,58.2,184.0,81.9,99.0,81.7,159.0,42.9,440.0,23.7,664.0,70.1,279.0,73.0,249.0,65.5,615.0,54.5,307.0,82.8,137.0,61.2,159,159.0,159,61.2,True,hanyang university,295.0,Hanyang University,Republic of Korea,19402.0,13.6,0.27,,54.3994999999999,45.9,41.5,65.5,99.6,69.2,2026.0,295.0,,,hanyang university,exact_name_country,100.0,True,Hanyang University,Hanyang University,hanyang university,hanyang university
160.0,165.0,University of Barcelona,Spain,Europe,XL,FC,VH,Public,84.9,81.0,48.9,262.0,19.0,,47.8,391.0,39.9,501.0,40.8,484.0,46.2,451.0,96.4,50.0,77.0,170.0,84.7,,61,160,160.0,160,61.0,True,university of barcelona,150.0,University of Barcelona,Spain,45016.0,14.9,0.12,"2 days, 16:36:00",61.9329999999999,44.0,47.8,88.5,92.4,64.6,2026.0,150.0,64.0,"2 days, 16:36:00",university of barcelona,exact_name_country,100.0,True,University of Barcelona,University of Barcelona,university of barcelona,university of barcelona
161.0,152.0,Michigan State University,United States of America,Americas,XL,FC,VH,Public,67.3,146.0,62.9,174.0,13.9,,61.2,280.0,67.2,348.0,21.1,708.0,27.3,649.0,97.6,27.0,75.6,180.0,94.2,28.0,60.9,161,161.0,161,60.9,True,michigan state university,106.0,Michigan State University,United States of America,45537.0,16.5,0.1,"2 days, 5:47:00",65.709,57.1,55.9,82.7,69.9,67.3,2026.0,106.0,53.0,"2 days, 5:47:00",michigan state university,exact_name_country,100.0,True,Michigan State University,Michigan State University,michigan state university,michigan state university
162.0,169.0,Ghent University,Belgium,Europe,XL,FC,VH,Public,68.2,141.0,39.1,350.0,84.5,140.0,32.4,557.0,83.4,267.0,33.8,549.0,39.5,504.0,99.2,11.0,84.9,136.0,94.0,,60.8,162,162.0,162,60.8,True,ghent university,115.0,Ghent University,Belgium,42572.0,37.8,0.14,"2 days, 10:42:00",65.1385,48.8,58.6,82.7,99.9,65.9,2026.0,115.0,58.0,"2 days, 10:42:00",ghent university,exact_name_country,100.0,True,Ghent University,Ghent University,ghent university,ghent university
164.0,152.0,Nagoya University,Japan,Asia,L,FC,VH,Public,74.2,116.0,71.5,141.0,84.2,144.0,38.2,491.0,22.6,681.0,27.6,619.0,33.6,568.0,66.0,610.0,39.2,443.0,74.1,,60.3,164,164.0,164,60.3,True,nagoya university,218.0,Nagoya University,Japan,15559.0,13.3,0.13,31 : 69,57.7854999999999,58.1,56.1,57.0,99.8,43.8,2026.0,218.0,31.0,31 : 69,nagoya university,exact_name_country,100.0,True,Nagoya University,Nagoya University,nagoya university,nagoya university
165.0,139.0,Chalmers University of Technology,Sweden,Europe,M,FO,VH,Private not for Profit,34.6,350.0,56.6,207.0,59.5,303.0,80.9,152.0,100.0,56.0,74.3,257.0,76.8,226.0,77.0,405.0,53.3,319.0,82.7,,60.2,165,165.0,165,60.2,True,chalmers university of technology,240.0,Chalmers University of Technology,Sweden,10245.0,11.9,0.18,33 : 67,56.8745,42.6,45.9,71.2,97.1,76.7,2026.0,240.0,33.0,33 : 67,chalmers university of technology,exact_name_country,100.0,True,Chalmers University of Technology,Chalmers University of Technology,chalmers university of technology,chalmers university of technology
166.0,163.0,Al-Farabi Kazakh National University,Kazakhstan,Asia,L,FC,HI,Public,60.7,172.0,86.3,85.0,99.6,36.0,2.1,,80.9,288.0,83.2,204.0,79.3,213.0,75.7,426.0,66.2,234.0,62.8,443.0,59.8,166,166.0,166,59.8,True,al farabi kazakh national university,1419.0,Al-Farabi Kazakh National University,Kazakhstan,20321.0,4.5,0.26,"2 days, 13:39:00",28.4474999999999,30.1,14.6,27.8,24.1,80.4,2026.0,1419.0,61.0,"2 days, 13:39:00",al farabi kazakh national university,exact_name_country,100.0,True,Al-Farabi Kazakh National University,Al-Farabi Kazakh National University,al farabi kazakh national university,al farabi kazakh national university
167.0,171.0,Washington University in St. Louis,United States of America,Americas,L,FC,VH,Private not for Profit,46.5,251.0,25.7,529.0,99.8,31.0,62.6,263.0,93.1,199.0,81.8,214.0,83.5,182.0,74.8,445.0,55.1,301.0,85.8,,59.6,167,167.0,167,59.6,True,washington university in st louis,67.0,Washington University in St Louis,United States of America,15165.0,8.2,0.28,"2 days, 4:48:00",71.999,60.8,56.2,97.5,74.5,73.8,2026.0,67.0,52.0,"2 days, 4:48:00",washington university in st louis,exact_name_country,100.0,True,Washington University in St. Louis,Washington University in St Louis,washington university in st louis,washington university in st louis
169.0,184.0,University of York,United Kingdom,Europe,L,FC,VH,Public,56.8,197.0,42.3,317.0,55.8,335.0,53.8,344.0,92.4,208.0,75.4,253.0,77.8,223.0,96.0,58.0,41.0,427.0,93.2,34.0,59.4,169,169.0,169,59.4,True,university of york,156.0,University of York,United Kingdom,20330.0,14.3,0.29,"2 days, 9:43:00",61.4895,44.1,43.9,87.5,67.6,90.6,2026.0,156.0,57.0,"2 days, 9:43:00",university of york,exact_name_country,100.0,True,University of York,University of York,university of york,university of york
170.0,173.0,Hokkaido University,Japan,Asia,L,FC,VH,Public,71.5,129.0,68.8,151.0,76.8,185.0,42.7,445.0,28.2,604.0,20.5,724.0,26.6,664.0,77.5,393.0,26.4,617.0,78.5,,59.3,170,170.0,170,59.3,True,hokkaido university,376.0,Hokkaido University,Japan,17693.0,8.3,0.11,30 : 70,50.6284999999999,53.5,45.1,47.9,96.8,47.0,2026.0,376.0,30.0,30 : 70,hokkaido university,exact_name_country,100.0,True,Hokkaido University,Hokkaido University,hokkaido university,hokkaido university
170.0,167.0,Kyushu University,Japan,Asia,L,FC,VH,Public,71.3,130.0,72.1,140.0,87.1,121.0,34.2,534.0,24.5,657.0,39.0,502.0,44.5,468.0,76.4,416.0,20.9,710.0,74.8,,59.3,170,170.0,170,59.3,True,kyushu university,319.0,Kyushu University,Japan,18679.0,7.7,0.14,29 : 71,53.1885,54.2,46.5,53.5,98.8,49.5,2026.0,319.0,29.0,29 : 71,kyushu university,exact_name_country,100.0,True,Kyushu University,Kyushu University,kyushu university,kyushu university
172.0,175.0,Universitat Autónoma de Barcelona,Spain,Europe,XL,FC,VH,Public,76.4,105.0,42.1,318.0,15.2,,76.2,170.0,26.5,632.0,27.2,625.0,33.3,572.0,93.7,105.0,30.4,546.0,90.3,,59.2,172,172.0,172,59.2,True,universitat aut noma de barcelona,184.0,Universitat Autònoma de Barcelona (UAB),Spain,33006.0,13.5,0.16,"2 days, 12:40:00",59.7619999999999,44.9,44.8,84.6,73.3,69.5,2026.0,184.0,60.0,"2 days, 12:40:00",universitat aut noma de barcelona,exact_name_country,100.0,True,Universitat Autónoma de Barcelona,Universitat Autònoma de Barcelona (UAB),universitat autonoma de barcelona,universitat autonoma de barcelona
173.0,200.0,Arizona State University,United States of America,Americas,XL,CO,VH,Public,63.9,159.0,63.3,171.0,9.5,,61.5,277.0,72.5,326.0,53.2,385.0,57.7,353.0,95.2,81.0,42.2,415.0,85.8,,59.1,173,173.0,173,59.1,True,arizona state university,213.0,Arizona State University (Tempe),United States of America,52956.0,18.9,0.17,"1 day, 21:55:00",57.94,39.6,44.5,84.1,70.7,70.6,2026.0,213.0,45.0,"1 day, 21:55:00",arizona state university,exact_name_country,100.0,True,Arizona State University,Arizona State University (Tempe),arizona state university,arizona state university
173.0,176.0,McMaster University,Canada,Americas,L,FC,VH,Public,52.5,211.0,43.6,307.0,61.8,289.0,56.6,311.0,94.6,184.0,66.3,302.0,69.6,273.0,84.3,270.0,60.0,271.0,86.6,,59.1,173,173.0,173,59.1,True,mcmaster university,116.0,McMaster University,Canada,28647.0,28.8,0.23,"2 days, 9:43:00",65.0209999999999,42.2,49.3,93.1,100.0,84.6,2026.0,116.0,57.0,"2 days, 9:43:00",mcmaster university,exact_name_country,100.0,True,McMaster University,McMaster University,mcmaster university,mcmaster university
176.0,210.0,National Tsing Hua University,Taiwan,Asia,M,CO,VH,Public,67.0,148.0,77.1,116.0,34.2,574.0,73.5,187.0,26.7,630.0,37.3,522.0,40.4,501.0,42.1,,25.4,633.0,57.8,,59,176,176.0,176,59.0,True,national tsing hua university,408.0,National Tsing Hua University,Taiwan,14807.0,22.9,0.14,"1 day, 18:58:00",49.5619999999999,37.5,43.5,61.4,99.8,46.3,2026.0,408.0,42.0,"1 day, 18:58:00",national tsing hua university,exact_name_country,100.0,True,National Tsing Hua University,National Tsing Hua University,national tsing hua university,national tsing hua university
177.0,192.0,Tongji University,China (Mainland),Asia,XL,FC,VH,Public,45.2,261.0,41.2,331.0,31.2,613.0,99.6,27.0,92.6,204.0,47.4,425.0,52.4,393.0,74.6,449.0,33.4,507.0,77.2,,58.8,177,177.0,177,58.8,True,tongji university,143.0,Tongji University,China (Mainland),33414.0,11.9,0.16,"1 day, 17:59:00",62.2865,53.2,53.6,74.3,99.9,63.5,2026.0,143.0,41.0,"1 day, 17:59:00",tongji university,exact_name_country,100.0,True,Tongji University,Tongji University,tongji university,tongji university
179.0,178.0,"University of California, Santa Barbara (UCSB)",United States of America,Americas,L,CO,VH,Public,65.3,154.0,32.4,442.0,9.3,,99.0,38.0,81.3,286.0,27.5,620.0,20.6,753.0,75.4,434.0,25.6,628.0,65.2,,58.7,179,179.0,179,58.7,True,university of california santa barbara,72.0,"University of California, Santa Barbara",United States of America,25735.0,22.9,0.18,"2 days, 7:45:00",71.2394999999999,50.3,63.2,94.5,92.7,80.2,2026.0,72.0,55.0,"2 days, 7:45:00",university of california santa barbara,exact_name_country,100.0,True,"University of California, Santa Barbara (UCSB)","University of California, Santa Barbara",university of california santa barbara,university of california santa barbara
181.0,186.0,Cardiff University,United Kingdom,Europe,L,FC,VH,Public,60.1,175.0,54.4,223.0,48.2,403.0,42.2,451.0,87.2,243.0,70.1,278.0,73.0,248.0,93.4,120.0,33.5,502.0,88.9,,57.8,181,181.0,181,57.8,True,cardiff university,232.0,Cardiff University,United Kingdom,27880.0,13.7,0.24,"2 days, 11:41:00",57.1715,35.9,39.1,86.0,70.3,88.4,2026.0,232.0,59.0,"2 days, 11:41:00",cardiff university,exact_name_country,100.0,True,Cardiff University,Cardiff University,cardiff university,cardiff university
182.0,196.0,Emory University,United States of America,Americas,L,FC,VH,Private not for Profit,34.5,353.0,37.7,369.0,92.8,88.0,85.7,120.0,70.0,335.0,49.6,411.0,54.3,378.0,85.0,255.0,42.4,413.0,63.5,432.0,57.7,182,182.0,182,57.7,True,emory university,102.0,Emory University,United States of America,13652.0,4.0,0.2,"2 days, 13:39:00",65.941,53.8,46.2,94.6,82.8,66.4,2026.0,102.0,61.0,"2 days, 13:39:00",emory university,exact_name_country,100.0,True,Emory University,Emory University,emory university,emory university
183.0,174.0,Curtin University,Australia,Oceania,L,CO,VH,Public,46.3,254.0,39.3,348.0,17.7,,89.6,104.0,100.0,57.0,54.3,382.0,58.7,348.0,94.2,96.0,37.9,459.0,82.0,,57.6,183,183.0,183,57.6,True,curtin university,285.0,Curtin University,Australia,29539.0,19.9,0.35,"2 days, 4:48:00",54.924,28.5,34.2,87.5,80.4,95.1,2026.0,285.0,52.0,"2 days, 4:48:00",curtin university,exact_name_country,100.0,True,Curtin University,Curtin University,curtin university,curtin university
184.0,161.0,University of Bern,Switzerland,Europe,M,FC,VH,Public,38.0,313.0,26.0,520.0,49.0,394.0,99.3,32.0,100.0,58.0,52.9,389.0,57.4,356.0,95.5,69.0,37.2,466.0,68.9,,57.5,184,184.0,184,57.5,True,university of bern,109.0,University of Bern,Switzerland,11959.0,17.4,0.18,"2 days, 11:41:00",65.4255,46.6,47.0,92.0,99.4,86.3,2026.0,109.0,59.0,"2 days, 11:41:00",university of bern,exact_name_country,100.0,True,University of Bern,University of Bern,university of bern,university of bern
184.0,167.0,University of Wollongong,Australia,Oceania,L,FC,VH,Public,41.6,287.0,33.1,434.0,21.1,,95.6,66.0,99.5,113.0,82.2,211.0,83.8,179.0,88.6,197.0,25.8,626.0,86.1,,57.5,184,184.0,184,57.5,True,university of wollongong,236.0,University of Wollongong,Australia,16470.0,24.1,0.32,"2 days, 6:46:00",56.9495,34.3,36.6,85.4,89.8,93.4,2026.0,236.0,54.0,"2 days, 6:46:00",university of wollongong,exact_name_country,100.0,True,University of Wollongong,University of Wollongong,university of wollongong,university of wollongong
186.0,194.0,Wuhan University,China (Mainland),Asia,XL,FC,VH,Public,53.6,205.0,46.7,283.0,21.3,,98.0,46.0,47.1,452.0,10.7,,8.2,,77.8,387.0,58.9,276.0,60.8,,57.3,186,186.0,186,57.3,True,wuhan university,124.0,Wuhan University,China (Mainland),49045.0,13.5,0.06,,64.104,54.0,48.4,90.1,99.7,41.6,2026.0,124.0,,,wuhan university,exact_name_country,100.0,True,Wuhan University,Wuhan University,wuhan university,wuhan university
187.0,185.0,Tecnológico de Monterrey (ITESM),Mexico,Americas,XL,FC,HI,Private not for Profit,69.9,136.0,93.9,55.0,69.4,236.0,4.8,,24.5,658.0,18.3,758.0,24.4,696.0,74.6,451.0,97.4,52.0,73.8,,57.1,187,187.0,187,57.1,True,tecnol gico de monterrey,711.0,Tecnológico de Monterrey,Mexico,17141.0,14.1,0.14,"1 day, 19:57:00",41.0834999999999,26.7,26.4,59.6,68.4,65.8,2026.0,711.0,43.0,"1 day, 19:57:00",tecnol gico de monterrey,exact_name_country,100.0,True,Tecnológico de Monterrey (ITESM),Tecnológico de Monterrey,tecnologico de monterrey,tecnologico de monterrey
190.0,208.0,Ohio State University,United States of America,Americas,XL,FC,VH,Public,71.1,131.0,63.0,173.0,53.1,353.0,33.8,539.0,37.4,519.0,20.6,721.0,26.7,661.0,93.7,106.0,66.0,236.0,69.2,,56.9,190,190.0,190,56.9,True,ohio state university,108.0,Ohio State University (Main campus),United States of America,54645.0,9.8,0.12,"2 days, 4:48:00",65.432,57.4,51.7,85.7,85.4,58.4,2026.0,108.0,52.0,"2 days, 4:48:00",ohio state university,exact_name_country,100.0,True,Ohio State University,Ohio State University (Main campus),ohio state university,ohio state university
191.0,203.0,Université Catholique de Louvain (UCL),Belgium,Europe,L,FC,VH,Private not for Profit,61.7,164.0,36.0,398.0,6.4,,59.5,291.0,94.5,185.0,63.1,319.0,66.6,292.0,91.6,150.0,82.0,150.0,81.3,157.0,56.8,191,191.0,191,56.8,True,universit catholique de louvain,187.0,Université Catholique de Louvain,Belgium,27280.0,39.4,0.21,"2 days, 7:45:00",59.6735,40.0,47.7,80.7,95.2,80.3,2026.0,187.0,55.0,"2 days, 7:45:00",universit catholique de louvain,exact_name_country,100.0,True,Université Catholique de Louvain (UCL),Université Catholique de Louvain,universite catholique de louvain,universite catholique de louvain
194.0,172.0,University of Reading,United Kingdom,Europe,L,CO,VH,Public,45.7,256.0,46.8,280.0,20.2,,63.0,260.0,95.0,178.0,85.8,192.0,87.0,162.0,93.3,121.0,57.6,287.0,92.4,,56.2,194,194.0,194,56.2,True,university of reading,201.0,University of Reading,United Kingdom,15970.0,15.8,0.31,"2 days, 6:46:00",58.6515,41.7,38.1,85.2,66.9,94.2,2026.0,201.0,54.0,"2 days, 6:46:00",university of reading,exact_name_country,100.0,True,University of Reading,University of Reading,university of reading,university of reading
194.0,221.0,Vrije Universiteit Amsterdam,Netherlands,Europe,L,FC,VH,Public,53.3,208.0,28.8,489.0,23.3,767.0,80.7,154.0,82.9,272.0,57.6,358.0,42.9,484.0,90.1,173.0,56.4,296.0,68.8,338.0,56.2,194,194.0,194,56.2,True,vrije universiteit amsterdam,179.0,Vrije Universiteit Amsterdam,Netherlands,31949.0,15.8,0.2,"2 days, 9:43:00",60.2059999999999,37.7,41.8,91.8,77.5,84.3,2026.0,179.0,57.0,"2 days, 9:43:00",vrije universiteit amsterdam,exact_name_country,100.0,True,Vrije Universiteit Amsterdam,Vrije Universiteit Amsterdam,vrije universiteit amsterdam,vrije universiteit amsterdam
196.0,181.0,Waseda University,Japan,Asia,XL,CO,VH,Private not for Profit,73.6,118.0,97.2,37.0,29.5,639.0,7.3,,35.2,535.0,43.7,461.0,48.9,426.0,63.1,650.0,90.7,98.0,74.3,252.0,56.1,196,196.0,196,56.1,True,waseda university,878.0,Waseda University,Japan,44876.0,14.2,0.12,39 : 61,37.5985,34.0,26.9,43.5,68.0,53.3,2026.0,878.0,39.0,39 : 61,waseda university,exact_name_country,100.0,True,Waseda University,Waseda University,waseda university,waseda university
197.0,214.0,University of Otago,New Zealand,Oceania,L,FC,VH,Public,60.0,176.0,36.0,399.0,14.8,,63.2,258.0,100.0,53.0,39.6,496.0,45.0,464.0,76.5,413.0,68.7,222.0,88.2,,55.8,197,197.0,197,55.8,True,university of otago,377.0,University of Otago,New Zealand,18703.0,19.9,0.18,"2 days, 12:40:00",50.5809999999999,34.1,34.3,72.4,69.3,81.1,2026.0,377.0,60.0,"2 days, 12:40:00",university of otago,exact_name_country,100.0,True,University of Otago,University of Otago,university of otago,university of otago
199.0,219.0,National Yang Ming Chiao Tung University,Taiwan,Asia,L,FC,VH,Public,42.1,285.0,68.5,153.0,55.4,339.0,71.8,202.0,29.1,593.0,31.9,569.0,37.7,520.0,54.1,782.0,75.8,179.0,74.1,,55.7,199,199.0,199,55.7,True,national yang ming chiao tung university,436.0,National Yang Ming Chiao Tung University (NYCU Taiwan),Taiwan,18360.0,15.9,0.09,37 : 63,48.4439999999999,42.3,42.7,55.3,100.0,39.9,2026.0,436.0,37.0,37 : 63,national yang ming chiao tung university,exact_name_country,100.0,True,National Yang Ming Chiao Tung University,National Yang Ming Chiao Tung University (NYCU Taiwan),national yang ming chiao tung university,national yang ming chiao tung university
202.0,194.0,University of Gothenburg,Sweden,Europe,L,FC,VH,Public,46.4,252.0,24.6,546.0,73.0,211.0,45.4,408.0,94.1,190.0,85.8,191.0,87.1,161.0,93.7,104.0,71.0,205.0,92.9,,55.5,202,202.0,202,55.5,True,university of gothenburg,212.0,University of Gothenburg,Sweden,20756.0,10.9,0.13,,57.9785,34.8,43.2,91.1,78.8,62.7,2026.0,212.0,,,university of gothenburg,exact_name_country,100.0,True,University of Gothenburg,University of Gothenburg,university of gothenburg,university of gothenburg
203.0,215.0,National Cheng Kung University (NCKU),Taiwan,Asia,L,FC,VH,Public,66.4,150.0,79.4,106.0,33.8,578.0,39.8,471.0,28.6,600.0,24.4,670.0,30.5,610.0,58.0,718.0,56.3,297.0,79.7,,55.2,203,203.0,203,55.2,True,national cheng kung university,532.0,National Cheng Kung University (NCKU),Taiwan,21726.0,19.9,0.11,38 : 62,45.6269999999999,36.9,41.3,52.0,99.8,42.3,2026.0,532.0,38.0,38 : 62,national cheng kung university,exact_name_country,100.0,True,National Cheng Kung University (NCKU),National Cheng Kung University (NCKU),national cheng kung university,national cheng kung university
203.0,233.0,University of Twente,Netherlands,Europe,M,CO,VH,Public,29.3,422.0,40.5,333.0,56.0,333.0,77.0,169.0,100.0,93.0,95.2,124.0,70.8,264.0,85.4,248.0,32.6,519.0,79.6,179.0,55.2,203,203.0,203,55.2,True,university of twente,191.0,University of Twente,Netherlands,8204.0,9.5,0.43,37 : 63,59.3175,45.7,45.0,73.0,98.9,92.4,2026.0,191.0,37.0,37 : 63,university of twente,exact_name_country,100.0,True,University of Twente,University of Twente,university of twente,university of twente
207.0,197.0,Deakin University,Australia,Oceania,XL,FC,VH,Public,42.3,281.0,32.6,440.0,5.9,,86.2,116.0,97.2,148.0,83.3,202.0,84.8,172.0,86.8,222.0,43.6,406.0,86.7,,54.9,207,207.0,207,54.9,True,deakin university,210.0,Deakin University,Australia,37191.0,33.3,0.25,"2 days, 10:42:00",57.9975,31.6,38.4,91.7,86.3,87.7,2026.0,210.0,58.0,"2 days, 10:42:00",deakin university,exact_name_country,100.0,True,Deakin University,Deakin University,deakin university,deakin university
207.0,218.0,"University of Maryland, College Park",United States of America,Americas,XL,FC,VH,Public,57.2,191.0,51.8,236.0,44.2,449.0,60.5,284.0,28.0,610.0,24.9,666.0,18.7,783.0,92.9,129.0,59.7,273.0,70.7,,54.9,207,207.0,207,54.9,True,university of maryland college park,117.0,"University of Maryland, College Park",United States of America,33483.0,16.3,0.1,"2 days, 2:50:00",64.9524999999999,50.4,58.3,89.1,69.5,48.9,2026.0,117.0,50.0,"2 days, 2:50:00",university of maryland college park,exact_name_country,100.0,True,"University of Maryland, College Park","University of Maryland, College Park",university of maryland college park,university of maryland college park
210.0,203.0,University of Minnesota (System),United States of America,Americas,XL,FC,VH,Public,68.6,138.0,49.4,257.0,37.2,540.0,49.2,378.0,6.5,,15.4,,21.5,741.0,91.2,153.0,67.2,231.0,91.1,,54.8,210,210.0,210,54.8,True,university of minnesota,88.0,University of Minnesota,United States of America,58751.0,11.9,0.09,"2 days, 7:45:00",67.4769999999999,60.3,59.0,84.1,99.9,44.7,2026.0,88.0,55.0,"2 days, 7:45:00",university of minnesota,exact_name_country,100.0,True,University of Minnesota (System),University of Minnesota,university of minnesota,university of minnesota
211.0,198.0,University of Calgary,Canada,Americas,XL,FC,VH,Public,47.6,245.0,50.5,249.0,24.4,746.0,54.6,332.0,87.4,239.0,76.9,243.0,79.1,216.0,86.2,233.0,61.5,255.0,86.0,100.0,54.7,211,211.0,211,54.7,True,university of calgary,202.0,University of Calgary,Canada,35954.0,20.3,0.26,"2 days, 5:47:00",58.6335,37.8,43.1,83.6,91.4,83.3,2026.0,202.0,53.0,"2 days, 5:47:00",university of calgary,exact_name_country,100.0,True,University of Calgary,University of Calgary,university of calgary,university of calgary
212.0,215.0,University of Florida,United States of America,Americas,XL,FC,VH,Public,58.9,179.0,55.8,215.0,75.1,194.0,34.7,526.0,31.4,570.0,18.1,762.0,24.2,701.0,98.2,20.0,67.9,225.0,74.9,,54.6,212,212.0,212,54.6,True,university of florida,135.0,University of Florida,United States of America,47815.0,15.5,0.1,"2 days, 8:44:00",62.92,55.3,56.7,76.2,90.9,48.9,2026.0,135.0,56.0,"2 days, 8:44:00",university of florida,exact_name_country,100.0,True,University of Florida,University of Florida,university of florida,university of florida
212.0,224.0,University of Lausanne,Switzerland,Europe,L,FO,VH,Public,37.0,322.0,40.2,340.0,49.0,393.0,69.0,223.0,100.0,97.0,67.0,296.0,49.9,415.0,83.5,286.0,61.1,264.0,70.3,,54.6,212,212.0,212,54.6,True,university of lausanne,125.0,University of Lausanne,Switzerland,14241.0,9.8,0.23,,63.7435,44.3,46.1,89.0,99.4,88.4,2026.0,125.0,,,university of lausanne,exact_name_country,100.0,True,University of Lausanne,University of Lausanne,university of lausanne,university of lausanne
215.0,188.0,Keio University,Japan,Asia,XL,FC,VH,Private not for Profit,65.5,153.0,93.8,57.0,65.2,268.0,9.4,,15.2,,19.6,735.0,25.8,674.0,55.6,759.0,95.8,71.0,68.9,,54.5,215,215.0,215,54.5,True,keio university,761.0,Keio University,Japan,34336.0,10.2,0.1,37 : 63,39.875,37.0,28.3,49.1,73.7,41.0,2026.0,761.0,37.0,37 : 63,keio university,exact_name_country,100.0,True,Keio University,Keio University,keio university,keio university
219.0,189.0,University of Ottawa,Canada,Americas,XL,FC,VH,Public,35.8,339.0,38.7,361.0,5.4,,84.8,125.0,96.1,165.0,85.5,193.0,86.8,163.0,92.3,141.0,50.0,342.0,86.8,90.0,54.2,219,219.0,219,54.2,True,university of ottawa,188.0,University of Ottawa,Canada,40753.0,28.7,0.29,"2 days, 10:42:00",59.527,38.2,44.5,85.4,81.7,86.2,2026.0,188.0,58.0,"2 days, 10:42:00",university of ottawa,exact_name_country,100.0,True,University of Ottawa,University of Ottawa,university of ottawa,university of ottawa
221.0,229.0,Chulalongkorn University,Thailand,Asia,XL,FC,VH,Public,82.0,89.0,52.7,233.0,44.8,439.0,12.5,,32.0,564.0,6.2,,11.0,,80.6,342.0,96.4,64.0,80.0,,53.9,221,221.0,221,53.9,True,chulalongkorn university,579.0,Chulalongkorn University,Thailand,34173.0,12.0,0.04,"2 days, 7:45:00",44.3495,39.5,31.3,56.1,82.0,46.8,2026.0,579.0,55.0,"2 days, 7:45:00",chulalongkorn university,exact_name_country,100.0,True,Chulalongkorn University,Chulalongkorn University,chulalongkorn university,chulalongkorn university
223.0,209.0,Tel Aviv University,Israel,Asia,L,FC,VH,Public,43.6,269.0,31.0,462.0,6.1,,99.7,25.0,48.9,444.0,15.3,,21.3,743.0,78.3,378.0,94.2,79.0,77.0,,53.6,223,223.0,223,53.6,True,tel aviv university,217.0,Tel Aviv University,Israel,24379.0,22.7,0.07,"2 days, 9:43:00",57.835,41.8,50.1,79.9,75.0,53.4,2026.0,217.0,57.0,"2 days, 9:43:00",tel aviv university,exact_name_country,100.0,True,Tel Aviv University,Tel Aviv University,tel aviv university,tel aviv university
224.0,239.0,Universitas Gadjah Mada,Indonesia,Asia,XL,FC,VH,Public,70.2,134.0,84.7,93.0,65.4,265.0,3.0,,63.0,370.0,8.9,,14.6,,46.3,,75.9,177.0,66.0,,53.5,224,224.0,224,53.5,True,universitas gadjah mada,1228.0,Universitas Gadjah Mada,Indonesia,40174.0,8.1,0.05,"2 days, 10:42:00",31.695,33.1,24.0,31.3,57.2,43.9,2026.0,1228.0,58.0,"2 days, 10:42:00",universitas gadjah mada,exact_name_country,100.0,True,Universitas Gadjah Mada,Universitas Gadjah Mada,universitas gadjah mada,universitas gadjah mada
225.0,224.0,Loughborough University,United Kingdom,Europe,L,CO,VH,Public,42.8,277.0,64.5,165.0,26.9,699.0,50.6,371.0,94.6,183.0,71.1,269.0,73.9,242.0,81.4,324.0,33.2,509.0,87.9,,53.3,225,225.0,225,53.3,True,loughborough university,339.0,Loughborough University,United Kingdom,18345.0,15.4,0.25,40 : 60,52.1499999999999,34.8,32.9,76.1,70.2,89.4,2026.0,339.0,40.0,40 : 60,loughborough university,exact_name_country,100.0,True,Loughborough University,Loughborough University,loughborough university,loughborough university
226.0,213.0,Queensland University of Technology,Australia,Oceania,XL,CO,VH,Public,51.6,215.0,38.8,356.0,11.6,,70.9,211.0,96.6,158.0,44.8,451.0,49.9,416.0,83.4,287.0,25.6,629.0,88.5,73.0,53.2,226,226.0,226,53.2,True,queensland university of technology,210.0,Queensland University of Technology,Australia,33182.0,36.8,0.18,"2 days, 5:47:00",57.9975,33.0,40.4,89.6,88.1,81.9,2026.0,210.0,53.0,"2 days, 5:47:00",queensland university of technology,exact_name_country,100.0,True,Queensland University of Technology,Queensland University of Technology,queensland university of technology,queensland university of technology
227.0,230.0,Université Libre de Bruxelles (ULB),Belgium,Europe,L,FC,VH,Public,43.3,271.0,46.8,281.0,4.6,,60.3,287.0,99.2,124.0,89.6,171.0,90.4,145.0,90.9,162.0,74.8,184.0,65.2,,53.1,227,227.0,227,53.1,True,universit libre de bruxelles,224.0,Université Libre de Bruxelles,Belgium,33462.0,54.1,0.32,"2 days, 10:42:00",57.458,36.7,44.8,81.3,68.3,86.9,2026.0,224.0,58.0,"2 days, 10:42:00",universit libre de bruxelles,exact_name_country,100.0,True,Université Libre de Bruxelles (ULB),Université Libre de Bruxelles,universite libre de bruxelles,universite libre de bruxelles
229.0,261.0,United Arab Emirates University,United Arab Emirates,Asia,M,FC,VH,Public,43.3,272.0,58.1,199.0,55.1,341.0,35.1,522.0,100.0,24.0,39.1,501.0,44.4,470.0,88.9,191.0,87.9,120.0,68.6,341.0,53,229,229.0,229,53.0,True,united arab emirates university,235.0,United Arab Emirates University,United Arab Emirates,9024.0,13.9,0.18,"3 days, 1:27:00",57.0629999999999,28.7,38.1,91.8,86.5,87.3,2026.0,235.0,73.0,"3 days, 1:27:00",united arab emirates university,exact_name_country,100.0,True,United Arab Emirates University,United Arab Emirates University,united arab emirates university,united arab emirates university
230.0,239.0,Massey University,New Zealand,Oceania,M,CO,VH,Public,42.1,284.0,24.1,558.0,57.3,319.0,50.5,373.0,99.4,120.0,98.9,71.0,98.9,62.0,82.2,308.0,60.7,265.0,83.7,,52.9,230,230.0,230,52.9,True,massey university,519.0,Massey University,New Zealand,15413.0,16.5,0.3,"2 days, 16:36:00",45.7665,30.1,29.2,62.3,81.6,86.2,2026.0,519.0,64.0,"2 days, 16:36:00",massey university,exact_name_country,100.0,True,Massey University,Massey University,massey university,massey university
230.0,260.0,University of Lisbon,Portugal,Europe,XL,FC,VH,Public,57.1,193.0,46.3,289.0,15.5,,51.4,367.0,14.3,,58.6,350.0,62.6,317.0,98.4,17.0,97.3,54.0,79.3,184.0,52.9,230,230.0,230,52.9,True,university of lisbon,426.0,University of Lisbon,Portugal,50344.0,18.1,0.23,"2 days, 6:46:00",48.871,31.1,41.8,66.8,75.3,60.3,2026.0,426.0,54.0,"2 days, 6:46:00",university of lisbon,exact_name_country,100.0,True,University of Lisbon,University of Lisbon,university of lisbon,university of lisbon
233.0,217.0,La Trobe University,Australia,Oceania,L,CO,VH,Public,33.4,365.0,29.0,488.0,13.2,,87.8,110.0,95.6,173.0,97.4,97.0,97.5,85.0,82.1,310.0,28.0,594.0,82.2,,52.1,233,233.0,233,52.1,True,la trobe university,264.0,La Trobe University,Australia,21509.0,31.2,0.37,,55.857,29.5,36.8,88.9,79.0,88.7,2026.0,264.0,,,la trobe university,exact_name_country,100.0,True,La Trobe University,La Trobe University,la trobe university,la trobe university
236.0,236.0,University of Rochester,United States of America,Americas,M,FC,VH,Private not for Profit,27.1,463.0,32.4,443.0,98.2,51.0,56.6,314.0,80.5,294.0,96.2,109.0,96.5,94.0,63.7,641.0,51.2,333.0,72.3,,51.9,236,236.0,236,51.9,True,university of rochester,127.0,University of Rochester,United States of America,10505.0,8.1,0.36,"2 days, 4:48:00",63.6134999999999,51.8,44.5,86.3,92.0,78.1,2026.0,127.0,52.0,"2 days, 4:48:00",university of rochester,exact_name_country,100.0,True,University of Rochester,University of Rochester,university of rochester,university of rochester
237.0,278.0,University of Porto,Portugal,Europe,XL,FC,VH,Public,52.5,212.0,41.5,328.0,13.6,,73.6,185.0,9.2,,38.2,513.0,33.1,575.0,94.3,94.0,61.2,261.0,77.3,,51.6,237,237.0,237,51.6,True,university of porto,415.0,University of Porto,Portugal,38127.0,17.5,0.19,"2 days, 7:45:00",49.2525,33.7,39.1,70.2,67.8,56.0,2026.0,415.0,55.0,"2 days, 7:45:00",university of porto,exact_name_country,100.0,True,University of Porto,University of Porto,university of porto,university of porto
239.0,230.0,Maastricht University,Netherlands,Europe,L,FO,VH,Public,32.8,373.0,33.7,425.0,18.6,,71.7,203.0,99.9,103.0,100.0,21.0,100.0,14.0,85.6,243.0,49.6,350.0,80.2,,51.4,239,239.0,239,51.4,True,maastricht university,131.0,Maastricht University,Netherlands,21903.0,16.4,0.6,"2 days, 12:40:00",63.2565,41.4,46.1,88.3,98.3,96.7,2026.0,131.0,60.0,"2 days, 12:40:00",maastricht university,exact_name_country,100.0,True,Maastricht University,Maastricht University,maastricht university,maastricht university
240.0,281.0,Hebrew University of Jerusalem,Israel,Asia,L,FC,VH,Public,42.9,276.0,36.4,394.0,74.6,201.0,41.9,452.0,81.9,279.0,33.5,551.0,38.8,509.0,74.2,460.0,97.1,57.0,65.5,,51.3,240,240.0,240,51.3,True,hebrew university of jerusalem,261.0,Hebrew University of Jerusalem,Israel,17488.0,16.2,0.03,"2 days, 10:42:00",55.982,48.1,47.2,72.6,77.3,43.1,2026.0,261.0,58.0,"2 days, 10:42:00",hebrew university of jerusalem,exact_name_country,100.0,True,Hebrew University of Jerusalem,Hebrew University of Jerusalem,hebrew university of jerusalem,hebrew university of jerusalem
240.0,244.0,Victoria University of Wellington,New Zealand,Oceania,L,CO,VH,Public,57.2,192.0,32.2,445.0,15.7,,44.3,424.0,100.0,96.0,56.7,367.0,60.9,332.0,70.1,530.0,77.6,168.0,83.3,132.0,51.3,240,240.0,240,51.3,True,victoria university of wellington,434.0,Victoria University of Wellington,New Zealand,15728.0,17.4,0.12,"2 days, 11:41:00",48.5209999999999,29.0,33.5,73.7,62.9,75.0,2026.0,434.0,59.0,"2 days, 11:41:00",victoria university of wellington,exact_name_country,100.0,True,Victoria University of Wellington,Victoria University of Wellington,victoria university of wellington,victoria university of wellington
246.0,273.0,University College Cork,Ireland,Europe,L,FC,VH,Public,43.4,270.0,48.1,269.0,22.5,782.0,52.7,357.0,86.2,253.0,75.0,255.0,77.4,224.0,68.8,551.0,49.5,351.0,83.8,,50.7,246,246.0,246,50.7,True,university college cork,367.0,University College Cork,Ireland,19075.0,20.2,0.23,"2 days, 11:41:00",50.9105,29.3,33.2,78.7,77.6,79.0,2026.0,367.0,59.0,"2 days, 11:41:00",university college cork,exact_name_country,100.0,True,University College Cork,University College Cork,university college cork,university college cork
247.0,271.0,Beijing Normal University,China (Mainland),Asia,L,CO,VH,Public,47.6,244.0,29.6,483.0,30.3,626.0,98.6,44.0,9.0,,32.9,559.0,24.7,690.0,77.1,403.0,18.2,754.0,55.5,,50.6,247,247.0,247,50.6,True,beijing normal university,136.0,Beijing Normal University,China (Mainland),29655.0,15.5,0.07,,62.893,59.6,49.3,80.9,89.1,42.4,2026.0,136.0,,,beijing normal university,exact_name_country,100.0,True,Beijing Normal University,Beijing Normal University,beijing normal university,beijing normal university
247.0,243.0,Dartmouth College,United States of America,Americas,M,FC,VH,Private not for Profit,30.7,398.0,54.3,225.0,79.9,167.0,56.9,307.0,13.5,,58.5,351.0,62.5,318.0,46.2,,87.7,122.0,82.2,,50.6,247,247.0,247,50.6,True,dartmouth college,181.0,Dartmouth College,United States of America,6627.0,7.4,0.19,"2 days, 0:52:00",60.0104999999999,56.3,38.5,81.8,72.8,63.8,2026.0,181.0,48.0,"2 days, 0:52:00",dartmouth college,exact_name_country,100.0,True,Dartmouth College,Dartmouth College,dartmouth college,dartmouth college
250.0,248.0,Vanderbilt University,United States of America,Americas,L,FC,VH,Private not for Profit,32.3,382.0,41.8,323.0,100.0,10.0,50.6,372.0,48.4,446.0,50.9,404.0,55.5,370.0,77.9,383.0,57.5,288.0,61.8,,50.4,250,250.0,250,50.4,True,vanderbilt university,93.0,Vanderbilt University,United States of America,12863.0,3.8,0.18,"2 days, 7:45:00",66.736,53.8,48.1,95.6,91.9,60.8,2026.0,93.0,55.0,"2 days, 7:45:00",vanderbilt university,exact_name_country,100.0,True,Vanderbilt University,Vanderbilt University,vanderbilt university,vanderbilt university
251.0,269.0,Universiti Teknologi Petronas (UTP),Malaysia,Asia,S,SP,VH,Private not for Profit,29.7,415.0,41.0,332.0,44.6,442.0,95.0,70.0,87.0,245.0,29.5,596.0,30.7,608.0,72.1,498.0,5.2,,50.0,704.0,50.2,251,251.0,251,50.2,True,universiti teknologi petronas,205.0,Universiti Teknologi Petronas,Malaysia,4262.0,13.0,0.13,38 : 62,58.3765,41.6,40.3,82.4,94.5,78.9,2026.0,205.0,38.0,38 : 62,universiti teknologi petronas,exact_name_country,100.0,True,Universiti Teknologi Petronas (UTP),Universiti Teknologi Petronas,universiti teknologi petronas,universiti teknologi petronas
251.0,281.0,University of Strathclyde,United Kingdom,Europe,L,CO,VH,Public,37.5,319.0,40.5,335.0,17.8,,57.2,306.0,99.2,122.0,89.0,175.0,90.0,149.0,84.5,263.0,46.0,379.0,84.6,,50.2,251,251.0,251,50.2,True,university of strathclyde,362.0,University of Strathclyde,United Kingdom,19085.0,14.3,0.28,"2 days, 4:48:00",51.0185,37.0,35.2,66.4,79.7,90.5,2026.0,362.0,52.0,"2 days, 4:48:00",university of strathclyde,exact_name_country,100.0,True,University of Strathclyde,University of Strathclyde,university of strathclyde,university of strathclyde
256.0,252.0,Harbin Institute of Technology,China (Mainland),Asia,XL,FO,VH,Public,33.3,367.0,47.9,270.0,42.0,479.0,99.8,22.0,12.9,,9.2,,14.9,,73.6,481.0,35.2,490.0,48.1,,49.8,256,256.0,256,49.8,True,harbin institute of technology,132.0,Harbin Institute of Technology,China (Mainland),32375.0,11.0,0.04,,63.2044999999999,57.2,57.7,77.2,100.0,32.5,2026.0,132.0,,,harbin institute of technology,exact_name_country,100.0,True,Harbin Institute of Technology,Harbin Institute of Technology,harbin institute of technology,harbin institute of technology
257.0,269.0,Tianjin University,China (Mainland),Asia,L,CO,VH,Public,26.3,481.0,37.6,371.0,51.6,368.0,99.9,18.0,29.9,586.0,33.5,550.0,25.1,682.0,72.5,491.0,38.7,449.0,56.2,,49.7,257,257.0,257,49.7,True,tianjin university,208.0,Tianjin University,China (Mainland),27866.0,8.7,0.15,,58.056,49.2,47.0,73.2,99.8,52.8,2026.0,208.0,,,tianjin university,exact_name_country,100.0,True,Tianjin University,Tianjin University,tianjin university,tianjin university
259.0,302.0,Beijing Institute of Technology,China (Mainland),Asia,XL,FO,VH,Public,34.3,355.0,46.7,282.0,42.7,469.0,96.4,62.0,12.3,,15.5,,11.8,,75.3,439.0,22.5,681.0,58.8,,49.5,259,259.0,259,49.5,True,beijing institute of technology,238.0,Beijing Institute of Technology,China (Mainland),33624.0,12.9,0.12,,56.9184999999999,46.5,44.3,76.6,99.6,45.2,2026.0,238.0,,,beijing institute of technology,exact_name_country,100.0,True,Beijing Institute of Technology,Beijing Institute of Technology,beijing institute of technology,beijing institute of technology
261.0,261.0,University of Canterbury,New Zealand,Oceania,L,CO,VH,Public,48.8,235.0,34.7,417.0,12.1,,48.2,387.0,100.0,73.0,48.1,420.0,53.0,389.0,60.9,681.0,87.4,123.0,88.2,,49.4,261,261.0,261,49.4,True,university of canterbury,632.0,University of Canterbury,New Zealand,14857.0,19.1,0.18,"2 days, 2:50:00",42.7575,26.6,28.3,59.9,64.4,82.1,2026.0,632.0,50.0,"2 days, 2:50:00",university of canterbury,exact_name_country,100.0,True,University of Canterbury,University of Canterbury,university of canterbury,university of canterbury
262.0,236.0,University of Aberdeen,United Kingdom,Europe,M,FC,VH,,40.1,299.0,34.8,413.0,44.9,437.0,42.9,442.0,95.8,168.0,87.2,185.0,88.3,155.0,89.7,176.0,30.0,549.0,87.8,,49.3,262,262.0,262,49.3,True,university of aberdeen,249.0,University of Aberdeen,United Kingdom,11875.0,12.9,0.36,"2 days, 10:42:00",56.4059999999999,38.0,34.8,82.3,79.6,96.4,2026.0,249.0,58.0,"2 days, 10:42:00",university of aberdeen,exact_name_country,100.0,True,University of Aberdeen,University of Aberdeen,university of aberdeen,university of aberdeen
262.0,249.0,University of Navarra,Spain,Europe,L,FC,HI,Private not for Profit,40.8,290.0,78.2,111.0,50.6,375.0,25.3,631.0,26.8,629.0,84.0,200.0,85.4,171.0,58.3,714.0,80.5,156.0,66.1,,49.3,262,262.0,262,49.3,True,university of navarra,293.0,University of Navarra,Spain,12748.0,15.3,0.3,"2 days, 8:44:00",54.641,37.2,34.1,81.9,90.7,74.4,2026.0,293.0,56.0,"2 days, 8:44:00",university of navarra,exact_name_country,100.0,True,University of Navarra,University of Navarra,university of navarra,university of navarra
262.0,285.0,University of Surrey,United Kingdom,Europe,L,CO,VH,Public,29.7,411.0,30.0,475.0,33.4,583.0,74.4,182.0,98.0,139.0,88.7,181.0,89.7,152.0,86.6,227.0,30.7,539.0,60.4,,49.3,262,262.0,262,49.3,True,university of surrey,220.0,University of Surrey,United Kingdom,14440.0,14.4,0.33,"2 days, 6:46:00",57.5984999999999,36.3,34.4,89.5,71.6,96.0,2026.0,220.0,54.0,"2 days, 6:46:00",university of surrey,exact_name_country,100.0,True,University of Surrey,University of Surrey,university of surrey,university of surrey
265.0,246.0,Charles University,Czechia,Europe,XL,FC,VH,Public,58.5,182.0,55.5,217.0,37.0,543.0,14.3,,33.5,549.0,61.7,328.0,65.4,300.0,97.2,33.0,73.2,196.0,76.9,217.0,49,265,265.0,265,49.0,True,charles university,465.0,Charles University,Czechia,53904.0,13.5,0.24,"2 days, 14:38:00",47.347,37.9,32.2,64.8,63.4,64.7,2026.0,465.0,62.0,"2 days, 14:38:00",charles university,exact_name_country,100.0,True,Charles University,Charles University,charles university,charles university
267.0,264.0,Norwegian University of Science And Technology,Norway,Europe,XL,FC,VH,Public,45.9,255.0,33.4,430.0,30.7,620.0,45.1,413.0,87.4,240.0,17.7,769.0,23.8,709.0,95.2,77.0,90.5,101.0,80.3,165.0,48.9,267,267.0,267,48.9,True,norwegian university of science and technology,331.0,Norwegian University of Science and Technology,Norway,38384.0,15.0,0.09,"2 days, 3:49:00",52.6365,36.7,39.1,75.9,71.4,64.6,2026.0,331.0,51.0,"2 days, 3:49:00",norwegian university of science and technology,exact_name_country,100.0,True,Norwegian University of Science And Technology,Norwegian University of Science and Technology,norwegian university of science and technology,norwegian university of science and technology
268.0,255.0,Griffith University,Australia,Oceania,L,FC,VH,Public,37.7,318.0,16.6,,13.3,,75.1,178.0,100.0,91.0,70.7,271.0,73.5,243.0,93.4,119.0,26.6,615.0,91.7,,48.7,268,268.0,268,48.7,True,griffith university,291.0,Griffith University,Australia,30484.0,26.3,0.25,"2 days, 12:40:00",54.6964999999999,30.5,37.3,83.7,80.8,87.2,2026.0,291.0,60.0,"2 days, 12:40:00",griffith university,exact_name_country,100.0,True,Griffith University,Griffith University,griffith university,griffith university
271.0,258.0,University of Warsaw,Poland,Europe,XL,CO,VH,Public,61.0,168.0,62.8,175.0,59.5,304.0,10.0,,13.5,,15.7,,21.8,733.0,85.9,238.0,74.4,186.0,74.0,,48.3,271,271.0,271,48.3,True,university of warsaw,770.0,University of Warsaw,Poland,34878.0,11.0,0.1,"2 days, 12:40:00",39.6505,38.1,32.6,46.7,39.3,45.0,2026.0,770.0,60.0,"2 days, 12:40:00",university of warsaw,exact_name_country,100.0,True,University of Warsaw,University of Warsaw,university of warsaw,university of warsaw
272.0,332.0,American University of Sharjah (AUS),United Arab Emirates,Asia,M,CO,VH,Private not for Profit,31.7,388.0,65.1,163.0,24.6,742.0,43.8,428.0,100.0,3.0,100.0,9.0,100.0,4.0,50.6,,60.6,268.0,54.4,,48.2,272,272.0,272,48.2,True,american university of sharjah,560.0,American University of Sharjah,United Arab Emirates,5432.0,17.7,0.72,"2 days, 5:47:00",44.9389999999999,20.9,28.7,73.0,49.7,87.5,2026.0,560.0,53.0,"2 days, 5:47:00",american university of sharjah,exact_name_country,100.0,True,American University of Sharjah (AUS),American University of Sharjah,american university of sharjah,american university of sharjah
272.0,311.0,North Carolina State University,United States of America,Americas,XL,CO,VH,Public,36.4,333.0,47.9,271.0,12.2,,72.9,190.0,67.5,347.0,25.6,651.0,31.7,594.0,79.8,356.0,37.7,464.0,86.7,,48.2,272,272.0,272,48.2,True,north carolina state university,303.0,North Carolina State University,United States of America,32549.0,16.5,0.13,"2 days, 1:51:00",54.1879999999999,45.1,43.9,67.6,81.5,61.5,2026.0,303.0,49.0,"2 days, 1:51:00",north carolina state university,exact_name_country,100.0,True,North Carolina State University,North Carolina State University,north carolina state university,north carolina state university
275.0,297.0,University of Virginia,United States of America,Americas,L,FC,VH,Public,46.5,250.0,47.9,272.0,68.2,245.0,36.5,513.0,5.3,,19.2,740.0,14.5,,82.6,299.0,91.9,91.0,68.9,,48.1,275,275.0,275,48.1,True,university of virginia,171.0,University of Virginia (Main campus),United States of America,25795.0,8.8,0.13,"2 days, 7:45:00",60.6799999999999,51.1,41.7,86.6,79.0,58.3,2026.0,171.0,55.0,"2 days, 7:45:00",university of virginia,exact_name_country,100.0,True,University of Virginia,University of Virginia (Main campus),university of virginia,university of virginia
276.0,331.0,Sun Yat-sen University,China (Mainland),Asia,XL,FC,VH,Public,45.4,259.0,39.0,351.0,53.4,352.0,72.6,193.0,4.1,,6.8,,5.3,,78.4,377.0,38.8,446.0,56.7,,48,276,276.0,276,48.0,True,sun yat sen university,225.0,Sun Yat-sen University,China (Mainland),66020.0,15.5,0.04,"1 day, 22:54:00",57.3595,47.2,40.6,84.0,97.6,34.1,2026.0,225.0,46.0,"1 day, 22:54:00",sun yat sen university,exact_name_country,100.0,True,Sun Yat-sen University,Sun Yat-sen University,sun yat sen university,sun yat sen university
276.0,285.0,University of Milan,Italy,Europe,XL,FC,VH,Public,65.9,152.0,27.0,507.0,10.2,,56.6,313.0,10.8,,13.4,,19.4,772.0,85.1,252.0,63.1,246.0,76.4,,48,276,276.0,276,48.0,True,university of milan,323.0,University of Milan,Italy,44429.0,17.4,0.07,"2 days, 12:40:00",53.1184999999999,38.9,32.5,86.1,71.2,47.2,2026.0,323.0,60.0,"2 days, 12:40:00",university of milan,exact_name_country,100.0,True,University of Milan,University of Milan,university of milan,university of milan
278.0,246.0,University of Sussex,United Kingdom,Europe,L,FC,VH,Public,33.8,360.0,21.0,624.0,21.4,,60.7,283.0,99.0,129.0,89.5,172.0,90.4,146.0,86.3,232.0,53.6,314.0,90.0,,47.9,278,278.0,278,47.9,True,university of sussex,237.0,University of Sussex,United Kingdom,18015.0,16.7,0.37,"2 days, 7:45:00",56.9304999999999,34.3,36.0,88.9,64.8,94.8,2026.0,237.0,55.0,"2 days, 7:45:00",university of sussex,exact_name_country,100.0,True,University of Sussex,University of Sussex,university of sussex,university of sussex
279.0,272.0,Radboud University Nijmegen,Netherlands,Europe,L,FC,VH,Public,38.6,310.0,20.3,648.0,34.8,566.0,73.2,189.0,83.5,266.0,30.1,589.0,36.0,534.0,92.5,136.0,34.9,492.0,67.7,,47.6,279,279.0,279,47.6,True,radboud university nijmegen,155.0,Radboud University Nijmegen,Netherlands,23615.0,16.1,0.13,"2 days, 10:42:00",61.537,38.5,49.7,89.3,82.1,75.9,2026.0,155.0,58.0,"2 days, 10:42:00",radboud university nijmegen,exact_name_country,100.0,True,Radboud University Nijmegen,Radboud University Nijmegen,radboud university nijmegen,radboud university nijmegen
280.0,267.0,University of Antwerp,Belgium,Europe,L,FC,VH,Public,35.0,343.0,18.8,690.0,42.8,465.0,57.7,303.0,96.4,162.0,45.5,444.0,50.5,411.0,95.2,79.0,60.3,270.0,80.6,162.0,47.4,280,280.0,280,47.4,True,university of antwerp,173.0,University of Antwerp,Belgium,16836.0,32.6,0.17,"2 days, 9:43:00",60.6475,38.9,44.3,89.6,98.5,73.4,2026.0,173.0,57.0,"2 days, 9:43:00",university of antwerp,exact_name_country,100.0,True,University of Antwerp,University of Antwerp,university of antwerp,university of antwerp
281.0,235.0,University of Waikato,New Zealand,Oceania,M,CO,VH,Public,28.2,446.0,18.8,691.0,16.2,,82.1,144.0,99.5,116.0,79.7,223.0,81.6,192.0,49.0,,58.4,282.0,84.8,,47.3,281,281.0,281,47.3,True,university of waikato,461.0,University of Waikato,New Zealand,10521.0,20.7,0.31,"2 days, 13:39:00",47.526,24.1,31.5,72.3,74.6,88.1,2026.0,461.0,61.0,"2 days, 13:39:00",university of waikato,exact_name_country,100.0,True,University of Waikato,University of Waikato,university of waikato,university of waikato
283.0,275.0,Dalhousie University,Canada,Americas,L,FC,VH,Public,27.1,465.0,23.9,563.0,15.8,,76.2,171.0,100.0,88.0,79.4,225.0,81.3,195.0,79.9,353.0,39.8,439.0,85.3,,47.2,283,283.0,283,47.2,True,dalhousie university,354.0,Dalhousie University,Canada,17682.0,13.4,0.27,"2 days, 5:47:00",51.4795,33.1,33.2,75.4,74.3,86.6,2026.0,354.0,53.0,"2 days, 5:47:00",dalhousie university,exact_name_country,100.0,True,Dalhousie University,Dalhousie University,dalhousie university,dalhousie university
285.0,301.0,Georgetown University,United States of America,Americas,L,FC,VH,Private not for Profit,38.2,312.0,60.6,190.0,74.2,203.0,21.7,689.0,22.8,677.0,51.1,401.0,55.8,366.0,67.4,581.0,96.0,67.0,69.1,,47,285,285.0,285,47.0,True,georgetown university,209.0,Georgetown University,United States of America,17348.0,9.5,0.19,"2 days, 8:44:00",57.9985,52.2,35.3,82.1,93.0,53.5,2026.0,209.0,56.0,"2 days, 8:44:00",georgetown university,exact_name_country,100.0,True,Georgetown University,Georgetown University,georgetown university,georgetown university
287.0,256.0,Heriot-Watt University,United Kingdom,Europe,M,CO,VH,Public,25.7,490.0,34.8,415.0,27.3,692.0,61.8,275.0,100.0,78.0,97.0,100.0,97.2,89.0,75.7,425.0,37.0,467.0,77.2,,46.8,287,287.0,287,46.8,True,heriot watt university,501.0,Heriot-Watt University,United Kingdom,9705.0,15.4,0.44,39 : 61,46.2545,33.4,30.3,58.8,70.3,95.5,2026.0,501.0,39.0,39 : 61,heriot watt university,exact_name_country,100.0,True,Heriot-Watt University,Heriot-Watt University,heriot watt university,heriot watt university
287.0,308.0,Universitas Airlangga,Indonesia,Asia,XL,FC,VH,Public,52.2,213.0,88.3,78.0,69.6,235.0,2.5,,77.3,308.0,10.8,,16.7,,52.9,797.0,24.0,658.0,56.6,,46.8,287,287.0,287,46.8,True,universitas airlangga,1308.0,Universitas Airlangga,Indonesia,32097.0,7.2,0.08,"2 days, 18:34:00",30.2505,28.6,14.1,39.2,24.8,66.3,2026.0,1308.0,66.0,"2 days, 18:34:00",universitas airlangga,exact_name_country,100.0,True,Universitas Airlangga,Universitas Airlangga,universitas airlangga,universitas airlangga
287.0,293.0,University of Arizona,United States of America,Americas,XL,FC,VH,Public,49.3,231.0,40.4,336.0,42.8,463.0,47.4,397.0,25.4,643.0,15.2,,21.2,746.0,93.5,116.0,54.1,311.0,66.9,,46.8,287,287.0,287,46.8,True,university of arizona,140.0,University of Arizona,United States of America,52414.0,20.9,0.07,"2 days, 9:43:00",62.555,48.3,52.5,86.1,80.6,53.7,2026.0,140.0,57.0,"2 days, 9:43:00",university of arizona,exact_name_country,100.0,True,University of Arizona,University of Arizona,university of arizona,university of arizona
287.0,291.0,University of Bergen,Norway,Europe,L,FC,VH,Public,40.5,297.0,13.7,,67.2,254.0,42.5,446.0,96.9,150.0,37.9,516.0,43.5,477.0,91.0,159.0,69.5,217.0,65.1,397.0,46.8,287,287.0,287,46.8,True,university of bergen,287.0,University of Bergen,Norway,15304.0,13.0,0.13,"2 days, 14:38:00",54.9004999999999,35.3,36.4,84.1,75.4,75.8,2026.0,287.0,62.0,"2 days, 14:38:00",university of bergen,exact_name_country,100.0,True,University of Bergen,University of Bergen,university of bergen,university of bergen
291.0,267.0,University of The Witwatersrand,South Africa,Africa,L,FC,VH,Public,36.8,328.0,50.9,246.0,14.0,,40.2,468.0,86.8,246.0,9.4,,15.1,,96.7,44.0,99.5,21.0,85.6,,46.4,291,291.0,291,46.4,True,university of the witwatersrand,318.0,University of the Witwatersrand,South Africa,26928.0,22.4,0.06,"2 days, 12:40:00",53.2709999999999,34.9,43.1,70.8,91.6,74.3,2026.0,318.0,60.0,"2 days, 12:40:00",university of the witwatersrand,exact_name_country,100.0,True,University of The Witwatersrand,University of the Witwatersrand,university of the witwatersrand,university of the witwatersrand
292.0,298.0,Swansea University,United Kingdom,Europe,L,FC,VH,Public,34.7,348.0,54.7,222.0,28.6,666.0,43.0,439.0,76.9,312.0,80.5,221.0,82.4,187.0,79.7,357.0,13.7,,84.4,121.0,46.2,292,292.0,292,46.2,True,swansea university,321.0,Swansea University,United Kingdom,18650.0,15.9,0.25,"2 days, 1:51:00",53.157,30.8,30.6,87.4,58.3,88.6,2026.0,321.0,49.0,"2 days, 1:51:00",swansea university,exact_name_country,100.0,True,Swansea University,Swansea University,swansea university,swansea university
293.0,307.0,"University of California, Irvine",United States of America,Americas,XL,FC,VH,Public,46.6,249.0,37.1,381.0,26.8,701.0,53.1,351.0,39.5,503.0,64.2,310.0,52.3,394.0,81.9,313.0,28.0,596.0,64.9,,46.1,293,293.0,293,46.1,True,university of california irvine,97.0,"University of California, Irvine",United States of America,35079.0,15.3,0.24,"2 days, 6:46:00",66.4315,47.8,52.8,91.2,98.4,76.3,2026.0,97.0,54.0,"2 days, 6:46:00",university of california irvine,exact_name_country,100.0,True,"University of California, Irvine","University of California, Irvine",university of california irvine,university of california irvine
294.0,259.0,Case Western Reserve University,United States of America,Americas,M,FC,VH,Private not for Profit,22.4,560.0,20.5,642.0,88.6,111.0,66.3,239.0,47.6,449.0,76.7,246.0,79.0,218.0,58.3,715.0,40.9,429.0,70.8,,46,294,294.0,294,46.0,True,case western reserve university,148.0,Case Western Reserve University,United States of America,11514.0,9.9,0.26,"2 days, 3:49:00",61.97,51.8,42.2,88.7,74.9,64.6,2026.0,148.0,51.0,"2 days, 3:49:00",case western reserve university,exact_name_country,100.0,True,Case Western Reserve University,Case Western Reserve University,case western reserve university,case western reserve university
294.0,291.0,Swinburne University of Technology,Australia,Oceania,L,CO,VH,Public,18.8,655.0,19.3,675.0,14.7,,95.0,68.0,87.8,237.0,94.7,130.0,70.5,266.0,74.0,467.0,22.8,675.0,73.4,,46,294,294.0,294,46.0,True,swinburne university of technology,256.0,Swinburne University of Technology,Australia,15725.0,28.4,0.41,"1 day, 19:57:00",56.158,33.0,33.6,91.4,78.1,81.8,2026.0,256.0,43.0,"1 day, 19:57:00",swinburne university of technology,exact_name_country,100.0,True,Swinburne University of Technology,Swinburne University of Technology,swinburne university of technology,swinburne university of technology
294.0,316.0,University of Notre Dame,United States of America,Americas,L,CO,VH,Private not for Profit,38.0,315.0,43.6,306.0,70.8,220.0,36.7,511.0,28.9,596.0,32.7,562.0,28.9,627.0,75.4,435.0,75.4,181.0,72.5,,46,294,294.0,294,46.0,True,university of notre dame,195.0,University of Notre Dame,United States of America,12781.0,10.5,0.14,"1 day, 23:53:00",59.0505,52.8,45.8,73.5,72.5,69.9,2026.0,195.0,47.0,"1 day, 23:53:00",university of notre dame,exact_name_country,100.0,True,University of Notre Dame,University of Notre Dame,university of notre dame,university of notre dame
294.0,278.0,Vrije Universiteit Brussel (VUB),Belgium,Europe,L,FC,VH,Public,33.3,369.0,22.1,599.0,75.6,192.0,27.7,611.0,96.8,152.0,72.1,264.0,74.8,235.0,92.2,143.0,63.2,245.0,80.0,,46,294,294.0,294,46.0,True,vrije universiteit brussel,234.0,Vrije Universiteit Brussel,Belgium,16387.0,37.1,0.24,"2 days, 11:41:00",57.085,37.8,42.5,80.4,93.6,76.6,2026.0,234.0,59.0,"2 days, 11:41:00",vrije universiteit brussel,exact_name_country,100.0,True,Vrije Universiteit Brussel (VUB),Vrije Universiteit Brussel,vrije universiteit brussel,vrije universiteit brussel
299.0,320.0,University of Colorado Boulder,United States of America,Americas,XL,CO,VH,Public,49.0,232.0,36.8,386.0,52.1,359.0,36.0,516.0,38.6,510.0,8.5,,14.2,,85.6,242.0,48.9,354.0,90.3,,45.6,299,299.0,299,45.6,True,university of colorado boulder,160.0,University of Colorado Boulder,United States of America,37094.0,17.0,0.08,"1 day, 22:54:00",61.3184999999999,47.5,51.6,84.1,77.3,53.6,2026.0,160.0,46.0,"1 day, 22:54:00",university of colorado boulder,exact_name_country,100.0,True,University of Colorado Boulder,University of Colorado Boulder,university of colorado boulder,university of colorado boulder
300.0,302.0,Université Paris Cité,France,Europe,XL,FO,VH,Public,37.7,317.0,13.9,,11.0,,92.5,91.0,24.8,653.0,61.0,336.0,45.5,455.0,99.5,6.0,22.8,676.0,55.7,,45.5,300,300.0,300,45.5,True,universit paris cit,192.0,Université Paris Cité,France,66075.0,18.2,0.22,"2 days, 16:36:00",59.2905,44.4,38.0,89.9,68.0,73.1,2026.0,192.0,64.0,"2 days, 16:36:00",universit paris cit,exact_name_country,100.0,True,Université Paris Cité,Université Paris Cité,universite paris cite,universite paris cite
302.0,296.0,Stellenbosch University,South Africa,Africa,L,FC,VH,Public,36.7,331.0,44.8,299.0,5.0,,67.5,233.0,25.4,642.0,14.5,,11.0,,93.6,111.0,88.9,114.0,61.0,,45.2,302,302.0,302,45.2,True,stellenbosch university,326.0,Stellenbosch University,South Africa,25956.0,26.8,0.07,"2 days, 10:42:00",52.815,34.8,40.8,75.5,91.8,58.6,2026.0,326.0,58.0,"2 days, 10:42:00",stellenbosch university,exact_name_country,100.0,True,Stellenbosch University,Stellenbosch University,stellenbosch university,stellenbosch university
303.0,312.0,Jagiellonian University,Poland,Europe,XL,FO,VH,Public,49.9,226.0,54.4,224.0,75.3,193.0,10.4,,8.0,,30.0,591.0,35.9,536.0,88.6,198.0,61.5,256.0,71.6,296.0,45.1,303,303.0,303,45.1,True,jagiellonian university,606.0,Jagiellonian University,Poland,32022.0,8.8,0.13,"2 days, 19:33:00",43.5905,43.8,33.6,51.1,54.2,45.7,2026.0,606.0,67.0,"2 days, 19:33:00",jagiellonian university,exact_name_country,100.0,True,Jagiellonian University,Jagiellonian University,jagiellonian university,jagiellonian university
303.0,324.0,University of Southern Denmark,Denmark,Europe,L,CO,VH,Public,29.2,425.0,24.9,540.0,31.9,602.0,68.4,227.0,91.7,212.0,46.4,435.0,51.3,403.0,77.4,394.0,27.0,607.0,85.0,,45.1,303,303.0,303,45.1,True,university of southern denmark,281.0,University of Southern Denmark,Denmark,17548.0,9.5,0.15,"2 days, 6:46:00",55.207,30.4,36.0,87.3,98.1,75.8,2026.0,281.0,54.0,"2 days, 6:46:00",university of southern denmark,exact_name_country,100.0,True,University of Southern Denmark,University of Southern Denmark,university of southern denmark,university of southern denmark
306.0,306.0,Aalborg University,Denmark,Europe,L,FC,VH,Public,26.4,478.0,25.0,538.0,27.7,685.0,77.2,167.0,89.0,231.0,29.4,597.0,35.4,546.0,91.7,148.0,25.4,634.0,79.1,186.0,44.9,306,306.0,306,44.9,True,aalborg university,259.0,Aalborg University,Denmark,16050.0,13.9,0.13,,56.063,33.6,44.9,80.6,88.0,72.4,2026.0,259.0,,,aalborg university,exact_name_country,100.0,True,Aalborg University,Aalborg University,aalborg university,aalborg university
308.0,319.0,Simon Fraser University,Canada,Americas,L,CO,VH,Public,34.9,345.0,20.7,636.0,7.6,,59.6,289.0,99.1,127.0,86.1,189.0,87.3,158.0,78.4,376.0,34.0,500.0,85.2,109.0,44.7,308,308.0,308,44.7,True,simon fraser university,335.0,Simon Fraser University,Canada,26776.0,24.9,0.31,"2 days, 6:46:00",52.312,26.9,35.6,79.7,83.5,90.7,2026.0,335.0,54.0,"2 days, 6:46:00",simon fraser university,exact_name_country,100.0,True,Simon Fraser University,Simon Fraser University,simon fraser university,simon fraser university
308.0,312.0,University of Johannesburg,South Africa,Africa,L,CO,VH,Public,25.5,496.0,25.9,523.0,46.5,424.0,45.2,410.0,98.5,136.0,60.1,342.0,63.9,310.0,99.1,14.0,69.6,215.0,74.8,,44.7,308,308.0,308,44.7,True,university of johannesburg,388.0,University of Johannesburg,South Africa,32659.0,26.5,0.14,"2 days, 8:44:00",50.2024999999999,29.5,38.4,69.9,81.1,82.0,2026.0,388.0,56.0,"2 days, 8:44:00",university of johannesburg,exact_name_country,100.0,True,University of Johannesburg,University of Johannesburg,university of johannesburg,university of johannesburg
310.0,,"City St George’s, University of London",United Kingdom,Europe,L,FO,VH,,26.9,466.0,32.3,444.0,9.2,,57.8,301.0,92.4,207.0,97.9,90.0,98.0,77.0,77.2,402.0,65.8,238.0,62.3,,44.5,310,310.0,310,44.5,True,city st george s university of london,305.0,"City St George's, University of London",United Kingdom,20905.0,17.1,0.41,"2 days, 11:41:00",54.122,27.4,30.1,91.8,65.0,95.6,2026.0,305.0,59.0,"2 days, 11:41:00",city st george s university of london,exact_name_country,100.0,True,"City St George’s, University of London","City St George's, University of London",city st george s university of london,city st george s university of london
310.0,304.0,Linköping University,Sweden,Europe,L,CO,VH,Public,25.4,501.0,32.2,446.0,50.2,382.0,55.2,328.0,85.8,255.0,46.3,437.0,48.3,430.0,81.5,320.0,50.8,336.0,68.2,,44.5,310,310.0,310,44.5,True,link ping university,241.0,Linköping University,Sweden,15130.0,14.5,0.18,"2 days, 6:46:00",56.7649999999999,31.1,40.4,89.1,96.8,70.3,2026.0,241.0,54.0,"2 days, 6:46:00",link ping university,exact_name_country,100.0,True,Linköping University,Linköping University,linkoping university,linkoping university
310.0,280.0,Ulsan National Institute of Science and Technology,Republic of Korea,Asia,S,FO,VH,Public,21.8,571.0,16.3,,92.5,92.0,99.5,29.0,37.4,520.0,15.5,,18.9,782.0,26.7,,3.9,,57.5,,44.5,310,310.0,310,44.5,True,ulsan national institute of science and technology,243.0,Ulsan National Institute of Science and Technology (UNIST),Republic of Korea,3868.0,12.0,0.08,29 : 71,56.7144999999999,47.4,39.5,81.3,98.1,39.5,2026.0,243.0,29.0,29 : 71,ulsan national institute of science and technology,exact_name_country,100.0,True,Ulsan National Institute of Science and Technology,Ulsan National Institute of Science and Technology (UNIST),ulsan national institute of science and technology,ulsan national institute of science and technology
314.0,324.0,University of Miami,United States of America,Americas,L,FC,VH,Private not for Profit,24.5,521.0,40.3,338.0,57.9,312.0,48.4,386.0,87.8,238.0,25.1,660.0,31.2,598.0,85.2,251.0,59.6,274.0,64.6,,44.3,314,314.0,314,44.3,True,university of miami,227.0,University of Miami,United States of America,18574.0,10.9,0.12,"2 days, 6:46:00",57.3404999999999,47.3,35.5,83.8,83.3,61.6,2026.0,227.0,54.0,"2 days, 6:46:00",university of miami,exact_name_country,100.0,True,University of Miami,University of Miami,university of miami,university of miami
314.0,293.0,University of Tasmania,Australia,Oceania,M,CO,VH,Public,22.5,556.0,12.2,,34.3,572.0,72.8,192.0,87.1,244.0,91.7,152.0,92.3,129.0,80.4,348.0,25.0,640.0,84.0,,44.3,314,314.0,314,44.3,True,university of tasmania,255.0,University of Tasmania,Australia,13316.0,17.1,0.31,"2 days, 10:42:00",56.1789999999999,34.3,36.9,84.5,82.8,89.3,2026.0,255.0,58.0,"2 days, 10:42:00",university of tasmania,exact_name_country,100.0,True,University of Tasmania,University of Tasmania,university of tasmania,university of tasmania
317.0,321.0,L.N. Gumilyov Eurasian National University,Kazakhstan,Asia,L,FO,VH,Public,40.1,300.0,85.8,86.0,94.7,78.0,2.0,,84.6,262.0,25.8,649.0,27.2,650.0,31.4,,7.5,,46.6,,43.9,317,317.0,317,43.9,True,l n gumilyov eurasian national university,1748.0,L.N. Gumilyov Eurasian National University,Kazakhstan,23205.0,18.3,0.04,"2 days, 1:51:00",23.3215,20.9,15.2,25.4,17.2,59.2,2026.0,1748.0,49.0,"2 days, 1:51:00",l n gumilyov eurasian national university,exact_name_country,100.0,True,L.N. Gumilyov Eurasian National University,L.N. Gumilyov Eurasian National University,l n gumilyov eurasian national university,l n gumilyov eurasian national university
319.0,300.0,Huazhong University of Science and Technology,China (Mainland),Asia,XL,FC,VH,Public,30.9,395.0,33.4,431.0,11.6,,100.0,10.0,7.1,,5.2,,4.1,,80.3,349.0,33.5,505.0,55.7,,43.8,319,319.0,319,43.8,True,huazhong university of science and technology,178.0,Huazhong University of Science and Technology,China (Mainland),61789.0,16.2,0.04,,60.2265,46.6,48.4,87.1,99.9,30.9,2026.0,178.0,,,huazhong university of science and technology,exact_name_country,100.0,True,Huazhong University of Science and Technology,Huazhong University of Science and Technology,huazhong university of science and technology,huazhong university of science and technology
320.0,298.0,Bauman Moscow State Technical University,Russian Federation,Europe,L,CO,VH,Public,41.1,289.0,63.8,168.0,99.9,25.0,2.0,,81.0,287.0,85.8,190.0,87.1,160.0,14.2,,10.1,,47.6,,43.5,320,320.0,320,43.5,True,bauman moscow state technical university,340.0,Bauman Moscow State Technical University,Russian Federation,15623.0,6.9,0.2,"1 day, 21:55:00",52.136,68.4,42.8,43.0,54.4,59.6,2026.0,340.0,45.0,"1 day, 21:55:00",bauman moscow state technical university,exact_name_country,100.0,True,Bauman Moscow State Technical University,Bauman Moscow State Technical University,bauman moscow state technical university,bauman moscow state technical university
321.0,334.0,Université Grenoble Alpes,France,Europe,XL,FC,VH,Public,55.3,200.0,19.2,679.0,10.4,,51.8,365.0,30.9,579.0,47.9,421.0,52.7,390.0,94.1,97.0,31.8,529.0,60.0,,43.4,321,321.0,321,43.4,True,universit grenoble alpes,396.0,Université Grenoble Alpes,France,48893.0,17.9,0.19,"2 days, 4:48:00",50.0249999999999,42.6,36.7,62.7,70.0,69.4,2026.0,396.0,52.0,"2 days, 4:48:00",universit grenoble alpes,exact_name_country,100.0,True,Université Grenoble Alpes,Université Grenoble Alpes,universite grenoble alpes,universite grenoble alpes
324.0,336.0,Sichuan University,China (Mainland),Asia,XL,FC,VH,Public,30.8,397.0,34.5,418.0,14.0,,99.9,20.0,9.7,,9.2,,7.1,,72.9,489.0,21.0,709.0,45.3,,43,324,324.0,324,43.0,True,sichuan university,229.0,Sichuan University,China (Mainland),49146.0,15.9,0.05,,57.248,46.5,48.1,74.7,99.6,42.5,2026.0,229.0,,,sichuan university,exact_name_country,100.0,True,Sichuan University,Sichuan University,sichuan university,sichuan university
326.0,285.0,University of Leicester,United Kingdom,Europe,L,FC,VH,Public,29.6,418.0,17.7,,40.1,502.0,44.2,426.0,90.6,220.0,90.6,162.0,91.4,137.0,91.1,155.0,31.0,535.0,81.2,,42.9,326,326.0,326,42.9,True,university of leicester,193.0,University of Leicester,United Kingdom,16435.0,14.5,0.37,"2 days, 5:47:00",59.204,35.4,34.9,95.9,69.0,94.8,2026.0,193.0,53.0,"2 days, 5:47:00",university of leicester,exact_name_country,100.0,True,University of Leicester,University of Leicester,university of leicester,university of leicester
328.0,328.0,University of Delhi,India,Asia,L,FO,VH,Public,46.9,248.0,41.9,319.0,6.9,,47.1,403.0,1.8,,2.8,,7.5,,83.0,294.0,98.9,30.0,71.2,,42.6,328,328.0,328,42.6,True,university of delhi,802.0,University of Delhi,India,24204.0,20.2,0.02,"1 day, 23:53:00",39.0049999999999,42.9,29.7,45.8,53.6,24.7,2026.0,802.0,47.0,"1 day, 23:53:00",university of delhi,exact_name_country,100.0,True,University of Delhi,University of Delhi,university of delhi,university of delhi
328.0,434.0,University of Sharjah,United Arab Emirates,Asia,L,CO,VH,Private not for Profit,28.5,440.0,34.9,411.0,9.3,,52.2,362.0,100.0,15.0,100.0,40.0,100.0,28.0,84.8,259.0,19.3,740.0,58.8,,42.6,328,328.0,328,42.6,True,university of sharjah,338.0,University of Sharjah,United Arab Emirates,12327.0,17.7,0.51,"2 days, 19:33:00",52.2429999999999,23.5,27.0,94.3,44.7,98.7,2026.0,338.0,67.0,"2 days, 19:33:00",university of sharjah,exact_name_country,100.0,True,University of Sharjah,University of Sharjah,university of sharjah,university of sharjah
331.0,328.0,Kyung Hee University,Republic of Korea,Asia,L,FC,VH,Private not for Profit,34.6,349.0,43.0,312.0,86.2,125.0,25.9,625.0,19.8,715.0,68.5,286.0,71.5,256.0,66.8,592.0,21.6,698.0,74.9,,42.5,331,331.0,331,42.5,True,kyung hee university,254.0,Kyung Hee University,Republic of Korea,20363.0,17.4,0.3,"2 days, 6:46:00",56.2245,41.2,40.3,76.5,99.9,72.5,2026.0,254.0,54.0,"2 days, 6:46:00",kyung hee university,exact_name_country,100.0,True,Kyung Hee University,Kyung Hee University,kyung hee university,kyung hee university
331.0,405.0,Satbayev University (previously Kazakh Technical University named after K.I. Satpaev),Kazakhstan,Asia,M,FO,VH,Public,40.6,295.0,58.8,196.0,94.2,81.0,1.7,,89.2,229.0,53.7,383.0,48.5,427.0,25.7,,33.0,515.0,48.7,,42.5,331,331.0,331,42.5,True,satbayev university,1644.0,Satbayev University,Kazakhstan,8346.0,11.2,0.17,"2 days, 7:45:00",25.034,26.7,14.7,19.3,32.3,77.5,2026.0,1644.0,55.0,"2 days, 7:45:00",satbayev university,exact_name_country,100.0,True,Satbayev University (previously Kazakh Technical University named after K.I. Satpaev),Satbayev University,satbayev university,satbayev university
333.0,362.0,York University,Canada,Americas,XL,CO,VH,Public,33.4,366.0,31.7,451.0,5.0,,37.8,493.0,87.3,242.0,78.9,227.0,80.9,197.0,73.5,482.0,82.2,149.0,84.5,,42.4,333,333.0,333,42.4,True,york university,422.0,York University,Canada,41456.0,27.4,0.28,"2 days, 6:46:00",49.0635,29.3,33.2,71.5,72.3,86.0,2026.0,422.0,54.0,"2 days, 6:46:00",york university,exact_name_country,100.0,True,York University,York University,york university,york university
334.0,362.0,Sultan Qaboos University,Oman,Asia,M,FC,VH,Public,28.9,430.0,25.9,522.0,62.3,284.0,39.5,478.0,100.0,81.0,6.0,,9.9,,80.9,333.0,70.0,209.0,69.6,320.0,42.3,334,334.0,334,42.3,True,sultan qaboos university,577.0,Sultan Qaboos University,Oman,7375.0,8.3,0.04,"2 days, 2:50:00",44.45,30.9,24.6,70.1,40.7,73.9,2026.0,577.0,50.0,"2 days, 2:50:00",sultan qaboos university,exact_name_country,100.0,True,Sultan Qaboos University,Sultan Qaboos University,sultan qaboos university,sultan qaboos university
334.0,344.0,Tufts University,United States of America,Americas,L,FC,VH,Private not for Profit,23.8,532.0,21.2,619.0,65.6,264.0,52.5,360.0,42.9,477.0,48.3,419.0,53.2,387.0,67.0,588.0,69.3,219.0,86.3,96.0,42.3,334,334.0,334,42.3,True,tufts university,190.0,Tufts University,United States of America,12718.0,10.5,0.18,"2 days, 11:41:00",59.363,51.3,34.7,88.2,76.6,61.9,2026.0,190.0,59.0,"2 days, 11:41:00",tufts university,exact_name_country,100.0,True,Tufts University,Tufts University,tufts university,tufts university
334.0,365.0,University of Illinois Chicago (UIC),United States of America,Americas,L,FC,VH,Public,48.8,234.0,40.3,337.0,33.1,587.0,39.2,482.0,11.0,,28.4,611.0,21.3,744.0,82.3,304.0,36.4,475.0,66.9,,42.3,334,334.0,334,42.3,True,university of illinois chicago,250.0,University of Illinois Chicago,United States of America,28912.0,11.2,0.2,"2 days, 7:45:00",56.3739999999999,50.1,35.2,80.1,76.1,57.5,2026.0,250.0,55.0,"2 days, 7:45:00",university of illinois chicago,exact_name_country,100.0,True,University of Illinois Chicago (UIC),University of Illinois Chicago,university of illinois chicago,university of illinois chicago
339.0,316.0,Shandong University,China (Mainland),Asia,XL,FC,VH,Public,22.8,549.0,39.0,352.0,21.8,799.0,97.1,54.0,11.2,,5.7,,4.5,,72.8,490.0,26.8,610.0,57.5,,42.2,339,339.0,339,42.2,True,shandong university,275.0,Shandong University,China (Mainland),37862.0,12.7,0.09,,55.4925,46.4,44.0,72.7,99.3,43.5,2026.0,275.0,,,shandong university,exact_name_country,100.0,True,Shandong University,Shandong University,shandong university,shandong university
341.0,362.0,Xiamen University,China (Mainland),Asia,XL,FC,VH,Public,34.3,354.0,24.2,556.0,25.0,733.0,83.9,132.0,10.8,,9.3,,7.1,,64.7,626.0,54.4,308.0,54.1,623.0,42.1,341,341.0,341,42.1,True,xiamen university,276.0,Xiamen University,China (Mainland),42518.0,14.2,0.03,,55.4865,43.3,37.6,84.2,95.1,36.6,2026.0,276.0,,,xiamen university,exact_name_country,100.0,True,Xiamen University,Xiamen University,xiamen university,xiamen university
342.0,344.0,University of Oulu,Finland,Europe,M,FC,VH,Public,23.0,546.0,21.8,607.0,29.5,640.0,74.5,181.0,80.9,289.0,19.7,733.0,25.8,672.0,87.9,203.0,30.6,541.0,75.2,,42,342,342.0,342,42.0,True,university of oulu,272.0,University of Oulu,Finland,11334.0,22.0,0.1,"2 days, 8:44:00",55.6275,36.7,39.5,85.8,70.9,63.6,2026.0,272.0,56.0,"2 days, 8:44:00",university of oulu,exact_name_country,100.0,True,University of Oulu,University of Oulu,university of oulu,university of oulu
343.0,284.0,Southern University of Science and Technology (SUSTech),China (Mainland),Asia,M,FO,VH,Public,14.9,,9.4,,87.5,116.0,100.0,14.0,42.7,479.0,2.8,,7.2,,47.2,,1.3,,65.5,,41.8,343,343.0,343,41.8,True,southern university of science and technology,162.0,Southern University of Science and Technology (SUSTech),China (Mainland),8193.0,9.6,0.01,,60.9575,39.6,44.2,93.9,88.5,63.3,2026.0,162.0,,,southern university of science and technology,exact_name_country,100.0,True,Southern University of Science and Technology (SUSTech),Southern University of Science and Technology (SUSTech),southern university of science and technology,southern university of science and technology
343.0,382.0,University of Pisa,Italy,Europe,L,FC,VH,Public,51.6,216.0,26.3,517.0,12.8,,59.6,290.0,5.0,,10.5,,16.3,,84.6,262.0,25.1,639.0,72.8,278.0,41.8,343,343.0,343,41.8,True,university of pisa,394.0,University of Pisa,Italy,29834.0,17.2,0.07,"2 days, 4:48:00",50.0295,36.3,34.7,77.7,67.7,43.2,2026.0,394.0,52.0,"2 days, 4:48:00",university of pisa,exact_name_country,100.0,True,University of Pisa,University of Pisa,university of pisa,university of pisa
345.0,392.0,National Taiwan University of Science and Technology (Taiwan Tech),Taiwan,Asia,M,FO,VH,Public,36.7,330.0,48.6,266.0,50.6,374.0,46.8,405.0,31.3,571.0,35.3,538.0,38.9,508.0,45.6,,25.4,632.0,56.8,,41.7,345,345.0,345,41.7,True,national taiwan university of science and technology,463.0,National Taiwan University of Science and Technology (Taiwan Tech),Taiwan,9244.0,19.0,0.16,30 : 70,47.4329999999999,33.2,38.3,62.9,97.8,50.0,2026.0,463.0,30.0,30 : 70,national taiwan university of science and technology,exact_name_country,100.0,True,National Taiwan University of Science and Technology (Taiwan Tech),National Taiwan University of Science and Technology (Taiwan Tech),national taiwan university of science and technology,national taiwan university of science and technology
347.0,350.0,Cairo University,Egypt,Africa,XL,FC,VH,Public,60.8,170.0,52.7,232.0,13.8,,6.0,,4.2,,14.4,,10.9,,88.9,190.0,98.0,43.0,66.6,,41.6,347,347.0,347,41.6,True,cairo university,846.0,Cairo University,Egypt,173478.0,24.6,0.07,"2 days, 12:40:00",38.036,29.4,20.0,60.7,42.7,48.6,2026.0,846.0,60.0,"2 days, 12:40:00",cairo university,exact_name_country,100.0,True,Cairo University,Cairo University,cairo university,cairo university
347.0,347.0,Tilburg University,Netherlands,Europe,L,SP,VH,Public,20.5,602.0,37.1,382.0,16.8,,67.1,236.0,99.0,128.0,77.4,238.0,79.5,209.0,61.1,678.0,23.1,669.0,50.6,,41.6,347,347.0,347,41.6,True,tilburg university,330.0,Tilburg University,Netherlands,12796.0,19.9,0.24,"2 days, 5:47:00",52.7114999999999,29.1,42.9,73.8,78.9,85.2,2026.0,330.0,53.0,"2 days, 5:47:00",tilburg university,exact_name_country,100.0,True,Tilburg University,Tilburg University,tilburg university,tilburg university
347.0,355.0,University of Coimbra,Portugal,Europe,L,FC,VH,Public,39.2,307.0,24.9,542.0,14.9,,61.4,279.0,13.1,,33.3,554.0,39.1,506.0,92.2,142.0,47.6,368.0,75.8,226.0,41.6,347,347.0,347,41.6,True,university of coimbra,453.0,University of Coimbra,Portugal,23217.0,20.4,0.19,"2 days, 10:42:00",47.9884999999999,33.8,42.1,61.5,81.4,54.7,2026.0,453.0,58.0,"2 days, 10:42:00",university of coimbra,exact_name_country,100.0,True,University of Coimbra,University of Coimbra,university of coimbra,university of coimbra
350.0,416.0,Technion - Israel Institute of Technology,Israel,Asia,L,FO,VH,Public,32.2,384.0,35.6,404.0,67.3,252.0,33.3,546.0,91.1,217.0,10.6,,8.1,,57.5,725.0,65.9,237.0,53.2,,41.5,350,350.0,350,41.5,True,technion israel institute of technology,343.0,Technion Israel Institute of Technology,Israel,15310.0,21.6,0.14,"1 day, 17:59:00",52.0575,43.9,41.7,62.9,73.1,69.6,2026.0,343.0,41.0,"1 day, 17:59:00",technion israel institute of technology,exact_name_country,100.0,True,Technion - Israel Institute of Technology,Technion Israel Institute of Technology,technion israel institute of technology,technion israel institute of technology
350.0,367.0,University of Münster,Germany,Europe,L,FC,VH,Public,42.3,280.0,41.5,327.0,79.6,170.0,15.5,793.0,35.6,532.0,8.4,,14.1,,82.5,302.0,45.3,387.0,74.6,,41.5,350,350.0,350,41.5,True,university of m nster,198.0,University of Münster,Germany,26499.0,23.7,0.07,,58.9625,43.9,47.2,83.2,82.1,54.4,2026.0,198.0,,,university of m nster,exact_name_country,100.0,True,University of Münster,University of Münster,university of munster,university of munster
350.0,377.0,University of Tsukuba,Japan,Asia,L,FC,VH,Public,49.9,225.0,32.9,436.0,58.9,307.0,30.0,588.0,18.1,742.0,31.1,577.0,37.0,526.0,68.4,561.0,18.1,757.0,73.4,,41.5,350,350.0,350,41.5,True,university of tsukuba,365.0,University of Tsukuba,Japan,15491.0,12.4,0.17,38 : 62,50.9419999999999,52.0,46.7,50.8,77.1,49.8,2026.0,365.0,38.0,38 : 62,university of tsukuba,exact_name_country,100.0,True,University of Tsukuba,University of Tsukuba,university of tsukuba,university of tsukuba
354.0,315.0,Quaid-i-azam University,Pakistan,Asia,M,CO,VH,Public,24.0,530.0,47.6,274.0,5.3,,97.5,51.0,9.8,,3.1,,7.8,,67.5,577.0,27.8,599.0,46.9,,41.3,354,354.0,354,41.3,True,quaid i azam university,484.0,Quaid-i-Azam University,Pakistan,12431.0,20.9,0.02,"1 day, 22:54:00",46.8424999999999,28.8,24.5,84.7,40.6,56.1,2026.0,484.0,46.0,"1 day, 22:54:00",quaid i azam university,exact_name_country,100.0,True,Quaid-i-azam University,Quaid-i-Azam University,quaid i azam university,quaid i azam university
355.0,377.0,Nankai University,China (Mainland),Asia,XL,FC,VH,Public,27.1,464.0,24.4,552.0,28.8,659.0,93.9,81.0,17.8,749.0,5.0,,3.9,,56.1,748.0,47.3,370.0,44.9,,41.2,355,355.0,355,41.2,True,nankai university,253.0,Nankai University,China (Mainland),33291.0,11.7,0.07,,56.3204999999999,45.4,33.9,87.6,80.6,47.9,2026.0,253.0,,,nankai university,exact_name_country,100.0,True,Nankai University,Nankai University,nankai university,nankai university
355.0,321.0,National Technical University of Athens,Greece,Europe,L,FO,VH,Public,28.2,448.0,51.2,244.0,5.9,,80.9,153.0,,,9.6,,14.9,,72.0,499.0,51.4,331.0,49.3,,41.2,355,355.0,355,41.2,True,national technical university of athens,823.0,National Technical University of Athens,Greece,13139.0,19.5,0.05,35 : 65,38.5325,33.3,24.4,55.1,61.2,35.4,2026.0,823.0,35.0,35 : 65,national technical university of athens,exact_name_country,100.0,True,National Technical University of Athens,National Technical University of Athens,national technical university of athens,national technical university of athens
358.0,371.0,George Washington University,United States of America,Americas,L,FC,VH,Private not for Profit,31.7,389.0,45.8,297.0,30.3,628.0,43.4,436.0,13.0,,39.2,498.0,44.7,466.0,78.7,373.0,85.8,133.0,60.0,,41.1,358,358.0,358,41.1,True,george washington university,226.0,George Washington University,United States of America,21756.0,12.4,0.19,"2 days, 13:39:00",57.349,48.5,34.3,84.4,67.8,67.5,2026.0,226.0,61.0,"2 days, 13:39:00",george washington university,exact_name_country,100.0,True,George Washington University,George Washington University,george washington university,george washington university
358.0,368.0,Mahidol University,Thailand,Asia,L,FC,VH,Public,59.4,177.0,38.8,358.0,82.4,155.0,9.0,,8.5,,9.1,,14.0,,67.9,569.0,17.4,774.0,61.2,,41.1,358,358.0,358,41.1,True,mahidol university,630.0,Mahidol University,Thailand,29737.0,8.9,0.06,"2 days, 15:37:00",42.797,38.6,28.4,53.1,88.1,49.6,2026.0,630.0,63.0,"2 days, 15:37:00",mahidol university,exact_name_country,100.0,True,Mahidol University,Mahidol University,mahidol university,mahidol university
358.0,349.0,University of Victoria,Canada,Americas,L,CO,VH,Public,25.6,495.0,17.3,,6.2,,78.7,163.0,97.2,149.0,46.0,440.0,51.0,406.0,61.3,673.0,21.2,703.0,79.9,,41.1,358,358.0,358,41.1,True,university of victoria,316.0,University of Victoria,Canada,17663.0,26.3,0.17,"2 days, 10:42:00",53.4799999999999,30.2,37.1,82.9,66.8,83.6,2026.0,316.0,58.0,"2 days, 10:42:00",university of victoria,exact_name_country,100.0,True,University of Victoria,University of Victoria,university of victoria,university of victoria
362.0,354.0,University of Pretoria,South Africa,Africa,XL,FC,VH,Public,32.3,381.0,55.1,221.0,6.2,,31.2,574.0,57.2,404.0,17.4,776.0,23.5,713.0,97.6,26.0,84.8,138.0,80.1,168.0,40.9,362,362.0,362,40.9,True,university of pretoria,588.0,University of Pretoria,South Africa,34827.0,18.4,0.07,"2 days, 13:39:00",44.1755,32.3,34.7,57.5,61.1,65.2,2026.0,588.0,61.0,"2 days, 13:39:00",university of pretoria,exact_name_country,100.0,True,University of Pretoria,University of Pretoria,university of pretoria,university of pretoria
362.0,358.0,University of Tartu,Estonia,Europe,M,FC,VH,Public,28.6,437.0,23.7,567.0,94.6,79.0,19.1,728.0,62.1,374.0,20.8,712.0,26.9,654.0,89.0,186.0,89.2,112.0,64.2,,40.9,362,362.0,362,40.9,True,university of tartu,353.0,University of Tartu,Estonia,9766.0,8.9,0.13,"2 days, 20:32:00",51.5649999999999,34.5,31.4,84.0,65.1,59.7,2026.0,353.0,68.0,"2 days, 20:32:00",university of tartu,exact_name_country,100.0,True,University of Tartu,University of Tartu,university of tartu,university of tartu
362.0,336.0,University of the Philippines,Philippines,Asia,XL,FC,HI,Public,50.6,220.0,71.1,143.0,42.7,467.0,3.2,,2.4,,1.2,,5.7,,66.4,600.0,80.8,155.0,68.9,,40.9,362,362.0,362,40.9,True,university of the philippines,1376.0,University of the Philippines,Philippines,54405.0,10.7,0.0,"2 days, 9:43:00",29.0249999999999,27.4,17.9,39.0,28.9,38.6,2026.0,1376.0,57.0,"2 days, 9:43:00",university of the philippines,exact_name_country,100.0,True,University of the Philippines,University of the Philippines,university of the philippines,university of the philippines
366.0,375.0,University of Turku,Finland,Europe,L,FC,VH,Public,36.3,334.0,20.2,651.0,63.2,279.0,39.6,476.0,46.2,462.0,8.9,,14.7,,89.2,184.0,46.1,378.0,74.4,,40.6,366,366.0,366,40.6,True,university of turku,344.0,University of Turku,Finland,13966.0,15.4,0.07,"2 days, 16:36:00",52.018,34.2,35.6,83.4,66.0,52.6,2026.0,344.0,64.0,"2 days, 16:36:00",university of turku,exact_name_country,100.0,True,University of Turku,University of Turku,university of turku,university of turku
367.0,316.0,RUDN University,Russian Federation,Europe,XL,FC,VH,Public,28.4,443.0,61.2,189.0,94.0,84.0,3.9,,10.9,,95.3,123.0,95.6,105.0,88.3,199.0,14.3,,58.9,,40.5,367,367.0,367,40.5,True,rudn university,825.0,RUDN University,Russian Federation,27303.0,17.8,0.34,"2 days, 11:41:00",38.509,39.9,27.8,40.2,36.6,68.7,2026.0,825.0,59.0,"2 days, 11:41:00",rudn university,exact_name_country,100.0,True,RUDN University,RUDN University,rudn university,rudn university
367.0,385.0,Universiti Brunei Darussalam (UBD),Brunei Darussalam,Asia,S,CO,VH,Public,29.9,406.0,20.5,643.0,94.2,82.0,22.5,679.0,100.0,70.0,43.5,463.0,42.1,492.0,53.0,796.0,58.2,283.0,52.4,655.0,40.5,367,367.0,367,40.5,True,universiti brunei darussalam,374.0,Universiti Brunei Darussalam,Brunei Darussalam,3464.0,11.8,0.11,"2 days, 16:36:00",50.641,33.1,34.7,80.5,31.4,72.1,2026.0,374.0,64.0,"2 days, 16:36:00",universiti brunei darussalam,exact_name_country,100.0,True,Universiti Brunei Darussalam (UBD),Universiti Brunei Darussalam,universiti brunei darussalam,universiti brunei darussalam
370.0,326.0,Daegu Gyeongbuk Institute of Science and Technology (DGIST),Republic of Korea,Asia,S,FO,VH,Public,17.0,,28.1,494.0,82.3,156.0,100.0,4.0,5.1,,7.3,,10.8,,15.8,,2.5,,42.8,,40.4,370,370.0,370,40.4,True,daegu gyeongbuk institute of science and technology,363.0,Daegu Gyeongbuk Institute of Science and Technology (DGIST),Republic of Korea,942.0,6.7,0.04,35 : 65,51.0099999999999,49.4,38.7,64.0,89.6,32.4,2026.0,363.0,35.0,35 : 65,daegu gyeongbuk institute of science and technology,exact_name_country,100.0,True,Daegu Gyeongbuk Institute of Science and Technology (DGIST),Daegu Gyeongbuk Institute of Science and Technology (DGIST),daegu gyeongbuk institute of science and technology,daegu gyeongbuk institute of science and technology
371.0,377.0,Pontificia Universidad Javeriana,Colombia,Americas,L,FC,HI,Private not for Profit,60.5,173.0,61.8,185.0,37.8,535.0,2.7,,3.8,,3.7,,8.5,,38.7,,83.1,144.0,58.6,,40.3,371,371.0,371,40.3,True,pontificia universidad javeriana,1722.0,Pontificia Universidad Javeriana,Colombia,29088.0,14.2,0.01,"2 days, 8:44:00",23.7355,21.1,13.0,31.8,24.4,43.0,2026.0,1722.0,56.0,"2 days, 8:44:00",pontificia universidad javeriana,exact_name_country,100.0,True,Pontificia Universidad Javeriana,Pontificia Universidad Javeriana,pontificia universidad javeriana,pontificia universidad javeriana
374.0,416.0,Oxford Brookes University,United Kingdom,Europe,L,CO,HI,Public,38.7,309.0,62.3,178.0,14.8,,12.4,,80.8,291.0,89.8,168.0,90.7,143.0,61.8,666.0,26.0,624.0,59.8,506.0,40,374,374.0,374,40.0,True,oxford brookes university,819.0,Oxford Brookes University,United Kingdom,13930.0,13.6,0.3,"2 days, 8:44:00",38.6359999999999,26.9,23.1,53.9,30.6,88.1,2026.0,819.0,56.0,"2 days, 8:44:00",oxford brookes university,exact_name_country,100.0,True,Oxford Brookes University,Oxford Brookes University,oxford brookes university,oxford brookes university
377.0,385.0,South China University of Technology,China (Mainland),Asia,XL,FO,VH,Public,18.8,652.0,20.8,635.0,29.4,641.0,99.3,31.0,15.9,778.0,10.5,,16.4,,64.8,623.0,40.4,434.0,50.1,,39.8,377,377.0,377,39.8,True,south china university of technology,280.0,South China University of Technology,China (Mainland),41221.0,12.0,0.07,39 : 61,55.257,39.0,39.1,84.0,99.7,43.0,2026.0,280.0,39.0,39 : 61,south china university of technology,exact_name_country,100.0,True,South China University of Technology,South China University of Technology,south china university of technology,south china university of technology
378.0,340.0,University of Saskatchewan,Canada,Americas,L,FC,VH,Public,16.0,,10.2,,21.1,,71.9,201.0,82.4,276.0,65.4,305.0,68.7,280.0,77.3,397.0,44.3,396.0,83.6,131.0,39.6,378,378.0,378,39.6,True,university of saskatchewan,397.0,University of Saskatchewan,Canada,18283.0,19.2,0.22,"2 days, 7:45:00",49.9565,39.5,34.0,63.0,96.1,76.0,2026.0,397.0,55.0,"2 days, 7:45:00",university of saskatchewan,exact_name_country,100.0,True,University of Saskatchewan,University of Saskatchewan,university of saskatchewan,university of saskatchewan
379.0,396.0,University of Liege,Belgium,Europe,L,FC,VH,Public,24.4,523.0,16.9,,10.8,,63.2,259.0,62.1,375.0,65.6,303.0,68.9,277.0,95.2,78.0,32.9,517.0,79.7,,39.5,379,379.0,379,39.5,True,university of liege,314.0,University of Liège,Belgium,22785.0,29.7,0.21,"2 days, 11:41:00",53.5354999999999,34.8,41.8,72.7,97.5,72.5,2026.0,314.0,59.0,"2 days, 11:41:00",university of li ge,exact_name_country,100.0,True,University of Liege,University of Liège,university of liege,university of liege
379.0,347.0,University of Naples - Federico II,Italy,Europe,XL,FC,VH,Public,47.8,241.0,32.8,438.0,6.8,,59.5,292.0,2.9,,1.2,,1.2,,94.9,86.0,12.5,,57.5,,39.5,379,379.0,379,39.5,True,university of naples federico ii,348.0,University of Naples Federico II,Italy,53650.0,17.5,0.03,"2 days, 9:43:00",51.732,40.0,31.8,83.9,72.5,35.2,2026.0,348.0,57.0,"2 days, 9:43:00",university of naples federico ii,exact_name_country,100.0,True,University of Naples - Federico II,University of Naples Federico II,university of naples federico ii,university of naples federico ii
381.0,332.0,University of East Anglia (UEA),United Kingdom,Europe,L,FC,VH,Public,24.7,514.0,15.0,,24.0,753.0,55.5,324.0,81.9,278.0,49.3,413.0,54.0,380.0,86.8,224.0,31.8,528.0,91.1,,39.4,381,381.0,381,39.4,True,university of east anglia,290.0,University of East Anglia,United Kingdom,16240.0,13.2,0.26,"2 days, 9:43:00",54.7519999999999,34.7,30.2,89.1,62.0,87.3,2026.0,290.0,57.0,"2 days, 9:43:00",university of east anglia,exact_name_country,100.0,True,University of East Anglia (UEA),University of East Anglia,university of east anglia,university of east anglia
381.0,355.0,University of Luxembourg,Luxembourg,Europe,M,FO,VH,,13.2,,8.2,,87.2,118.0,39.5,479.0,100.0,19.0,100.0,33.0,100.0,21.0,68.1,566.0,58.8,277.0,42.4,,39.4,381,381.0,381,39.4,True,university of luxembourg,265.0,University of Luxembourg,Luxembourg,5718.0,20.0,0.52,"2 days, 5:47:00",55.7969999999999,39.9,39.3,75.1,79.8,92.1,2026.0,265.0,53.0,"2 days, 5:47:00",university of luxembourg,exact_name_country,100.0,True,University of Luxembourg,University of Luxembourg,university of luxembourg,university of luxembourg
385.0,342.0,Brunel University of London,United Kingdom,Europe,L,CO,VH,Public,17.6,694.0,25.2,536.0,12.2,,51.8,364.0,99.5,114.0,100.0,32.0,100.0,20.0,76.7,410.0,28.8,578.0,80.4,,39.1,385,385.0,385,39.1,True,brunel university of london,414.0,Brunel University of London,United Kingdom,15410.0,18.0,0.53,"1 day, 20:56:00",49.2875,24.0,26.6,81.8,64.9,98.1,2026.0,414.0,44.0,"1 day, 20:56:00",brunel university of london,exact_name_country,100.0,True,Brunel University of London,Brunel University of London,brunel university of london,brunel university of london
385.0,359.0,Gwangju Institute of Science and Technology (GIST),Republic of Korea,Asia,S,SP,VH,Public,21.3,584.0,12.4,,56.7,326.0,99.9,16.0,15.7,787.0,18.5,751.0,20.8,750.0,28.9,,2.2,,55.3,,39.1,385,385.0,385,39.1,True,gwangju institute of science and technology,402.0,Gwangju Institute of Science and Technology (GIST),Republic of Korea,1773.0,9.3,0.09,30 : 70,49.7879999999999,49.3,39.8,53.4,94.0,52.3,2026.0,402.0,30.0,30 : 70,gwangju institute of science and technology,exact_name_country,100.0,True,Gwangju Institute of Science and Technology (GIST),Gwangju Institute of Science and Technology (GIST),gwangju institute of science and technology,gwangju institute of science and technology
387.0,336.0,Flinders University,Australia,Oceania,L,FC,VH,Public,19.6,629.0,9.7,,11.3,,64.3,252.0,97.9,144.0,97.3,99.0,97.4,87.0,77.3,400.0,15.5,,81.6,,39,387,387.0,387,39.0,True,flinders university,320.0,Flinders University,Australia,16021.0,29.9,0.4,"2 days, 15:37:00",53.172,27.9,36.9,82.9,68.7,88.3,2026.0,320.0,63.0,"2 days, 15:37:00",flinders university,exact_name_country,100.0,True,Flinders University,Flinders University,flinders university,flinders university
388.0,452.0,Beihang University (former BUAA),China (Mainland),Asia,L,CO,VH,Public,18.3,665.0,23.5,569.0,57.8,313.0,91.6,95.0,9.5,,8.3,,6.4,,50.1,,20.9,711.0,36.7,,38.5,388,388.0,388,38.5,True,beihang university,252.0,Beihang University,China (Mainland),35223.0,13.4,0.04,,56.3285,47.8,46.5,73.8,100.0,34.7,2026.0,252.0,,,beihang university,exact_name_country,100.0,True,Beihang University (former BUAA),Beihang University,beihang university,beihang university
390.0,393.0,National and Kapodistrian University of Athens,Greece,Europe,XL,FC,VH,Public,34.9,344.0,38.9,354.0,3.0,,45.1,412.0,12.7,,27.2,624.0,32.7,581.0,79.7,358.0,88.9,115.0,64.3,,38.4,390,390.0,390,38.4,True,national and kapodistrian university of athens,502.0,National and Kapodistrian University of Athens,Greece,66736.0,34.1,0.12,"2 days, 12:40:00",46.2475,24.4,26.8,78.0,92.5,55.7,2026.0,502.0,60.0,"2 days, 12:40:00",national and kapodistrian university of athens,exact_name_country,100.0,True,National and Kapodistrian University of Athens,National and Kapodistrian University of Athens,national and kapodistrian university of athens,national and kapodistrian university of athens
391.0,501.0,Abu Dhabi University,United Arab Emirates,Asia,S,FO,VH,Private for Profit,24.6,518.0,49.8,256.0,23.9,755.0,35.9,518.0,100.0,5.0,99.9,44.0,99.9,32.0,34.5,,10.1,,49.6,,38.3,391,391.0,391,38.3,True,abu dhabi university,233.0,Abu Dhabi University,United Arab Emirates,2344.0,10.7,0.6,"2 days, 2:50:00",57.1709999999999,38.0,33.9,92.0,29.5,98.0,2026.0,233.0,50.0,"2 days, 2:50:00",abu dhabi university,exact_name_country,100.0,True,Abu Dhabi University,Abu Dhabi University,abu dhabi university,abu dhabi university
392.0,396.0,Sejong University,Republic of Korea,Asia,L,CO,VH,Private not for Profit,16.3,,19.4,672.0,16.3,,92.2,92.0,32.4,558.0,50.7,407.0,37.8,516.0,77.8,388.0,1.8,,61.3,,38.2,392,392.0,392,38.2,True,sejong university,269.0,Sejong University,Republic of Korea,13684.0,20.9,0.16,"1 day, 22:54:00",55.7189999999999,33.6,33.6,92.6,83.7,65.8,2026.0,269.0,46.0,"1 day, 22:54:00",sejong university,exact_name_country,100.0,True,Sejong University,Sejong University,sejong university,sejong university
392.0,371.0,Universitat Politècnica de Catalunya,Spain,Europe,L,CO,VH,Public,40.8,291.0,32.8,437.0,42.5,471.0,27.0,617.0,16.7,771.0,31.0,578.0,36.9,527.0,84.0,276.0,35.7,481.0,77.0,,38.2,392,392.0,392,38.2,True,universitat polit cnica de catalunya,670.0,Universitat Politècnica de Catalunya,Spain,24055.0,10.3,0.13,30 : 70,41.9124999999999,34.2,22.6,58.7,75.8,61.7,2026.0,670.0,30.0,30 : 70,universitat polit cnica de catalunya,exact_name_country,100.0,True,Universitat Politècnica de Catalunya,Universitat Politècnica de Catalunya,universitat politecnica de catalunya,universitat politecnica de catalunya
395.0,423.0,Aston University,United Kingdom,Europe,L,CO,VH,Public,18.1,673.0,27.1,506.0,12.0,,56.7,309.0,97.9,142.0,63.4,317.0,67.0,290.0,81.8,317.0,28.3,587.0,67.6,,38.1,395,395.0,395,38.1,True,aston university,427.0,Aston University,United Kingdom,15710.0,20.9,0.35,"1 day, 23:53:00",48.8409999999999,21.7,26.2,83.6,64.6,95.7,2026.0,427.0,47.0,"1 day, 23:53:00",aston university,exact_name_country,100.0,True,Aston University,Aston University,aston university,aston university
397.0,380.0,University of Kent,United Kingdom,Europe,L,CO,VH,Public,20.2,607.0,13.8,,16.2,,58.3,297.0,96.4,163.0,49.2,414.0,54.0,381.0,88.0,202.0,44.0,404.0,65.5,,37.7,397,397.0,397,37.7,True,university of kent,438.0,University of Kent,United Kingdom,15680.0,17.0,0.28,"2 days, 6:46:00",48.4195,29.5,28.4,73.2,64.4,92.6,2026.0,438.0,54.0,"2 days, 6:46:00",university of kent,exact_name_country,100.0,True,University of Kent,University of Kent,university of kent,university of kent
399.0,426.0,IPB University (aka Bogor Agricultural University),Indonesia,Asia,L,FO,VH,Public,35.1,342.0,56.0,213.0,82.9,153.0,3.0,,73.7,323.0,6.0,,10.8,,26.2,,45.3,386.0,63.2,,37.6,399,399.0,399,37.6,True,ipb university,1524.0,IPB University,Indonesia,22993.0,10.3,0.05,"2 days, 10:42:00",26.9045,32.8,12.3,27.5,51.1,44.9,2026.0,1524.0,58.0,"2 days, 10:42:00",ipb university,exact_name_country,100.0,True,IPB University (aka Bogor Agricultural University),IPB University,ipb university,ipb university
400.0,384.0,Western Sydney University,Australia,Oceania,XL,FC,VH,Public,26.3,480.0,22.5,593.0,7.4,,44.5,419.0,100.0,59.0,67.7,292.0,70.9,263.0,87.3,211.0,11.8,,82.6,140.0,37.5,400,400.0,400,37.5,True,western sydney university,306.0,Western Sydney University,Australia,32737.0,36.4,0.26,"2 days, 11:41:00",54.0185,30.6,31.8,88.0,68.3,88.5,2026.0,306.0,59.0,"2 days, 11:41:00",western sydney university,exact_name_country,100.0,True,Western Sydney University,Western Sydney University,western sydney university,western sydney university
401.0,456.0,Umeå University,Sweden,Europe,L,FC,VH,Public,27.2,461.0,20.2,652.0,80.7,165.0,25.0,639.0,77.2,310.0,37.5,520.0,28.0,638.0,76.9,406.0,11.9,,77.1,213.0,37.4,401,401.0,401,37.4,True,ume university,405.0,Umeå University,Sweden,13447.0,9.4,0.08,"2 days, 14:38:00",49.6945,30.0,33.1,80.2,63.2,62.1,2026.0,405.0,62.0,"2 days, 14:38:00",ume university,exact_name_country,100.0,True,Umeå University,Umeå University,umea university,umea university
401.0,431.0,University of Granada,Spain,Europe,XL,FC,VH,Public,59.3,178.0,24.3,554.0,11.2,,26.3,622.0,9.9,,31.7,572.0,37.6,522.0,96.4,51.0,13.1,,58.4,,37.4,401,401.0,401,37.4,True,university of granada,642.0,University of Granada,Spain,51046.0,14.3,0.11,"2 days, 13:39:00",42.5495,31.3,29.7,60.9,60.7,53.4,2026.0,642.0,61.0,"2 days, 13:39:00",university of granada,exact_name_country,100.0,True,University of Granada,University of Granada,university of granada,university of granada
401.0,421.0,University of Limerick,Ireland,Europe,L,FC,HI,Public,27.9,453.0,36.6,390.0,23.6,758.0,34.5,527.0,93.2,198.0,48.4,417.0,53.3,385.0,71.6,506.0,14.7,,75.9,,37.4,401,401.0,401,37.4,True,university of limerick,537.0,University of Limerick,Ireland,14691.0,27.1,0.18,"2 days, 4:48:00",45.5299999999999,28.6,34.6,61.7,73.1,75.0,2026.0,537.0,52.0,"2 days, 4:48:00",university of limerick,exact_name_country,100.0,True,University of Limerick,University of Limerick,university of limerick,university of limerick
404.0,375.0,University of Florence,Italy,Europe,XL,FC,VH,Public,45.1,262.0,16.9,,7.0,,49.7,376.0,11.2,,20.8,713.0,26.9,655.0,86.1,234.0,36.9,468.0,72.9,,37.2,404,404.0,404,37.2,True,university of florence,355.0,University of Florence,Italy,42558.0,22.9,0.09,"2 days, 12:40:00",51.4234999999999,37.6,37.9,75.9,76.7,46.7,2026.0,355.0,60.0,"2 days, 12:40:00",university of florence,exact_name_country,100.0,True,University of Florence,University of Florence,university of florence,university of florence
407.0,371.0,Lincoln University,New Zealand,Oceania,S,SP,VH,Public,13.3,,10.7,,32.4,597.0,62.6,264.0,100.0,55.0,99.6,53.0,99.1,58.0,25.4,,45.1,389.0,62.0,,37,407,407.0,407,37.0,True,lincoln university,603.0,Lincoln University (New Zealand),New Zealand,3123.0,15.0,0.42,"2 days, 7:45:00",43.6335,29.1,25.6,62.2,53.5,91.0,2026.0,603.0,55.0,"2 days, 7:45:00",lincoln university,exact_name_country,100.0,True,Lincoln University,Lincoln University (New Zealand),lincoln university,lincoln university
408.0,371.0,University of Turin,Italy,Europe,XL,FC,VH,Public,48.1,237.0,14.3,,5.1,,42.5,447.0,5.2,,10.1,,16.0,,90.0,175.0,61.4,257.0,78.7,,36.9,408,408.0,408,36.9,True,university of turin,468.0,University of Turin,Italy,60028.0,25.4,0.06,"2 days, 14:38:00",47.212,24.3,31.9,81.7,74.0,44.3,2026.0,468.0,62.0,"2 days, 14:38:00",university of turin,exact_name_country,100.0,True,University of Turin,University of Turin,university of turin,university of turin
409.0,442.0,Università Cattolica del Sacro Cuore,Italy,Europe,L,FO,VH,Private not for Profit,33.1,370.0,43.1,311.0,28.7,663.0,40.3,466.0,17.1,764.0,13.9,,19.9,763.0,72.4,492.0,42.7,411.0,62.0,,36.8,409,409.0,409,36.8,True,universit cattolica del sacro cuore,298.0,Università Cattolica del Sacro Cuore,Italy,23548.0,32.3,0.06,"2 days, 18:34:00",54.315,37.4,32.9,89.6,81.9,47.8,2026.0,298.0,66.0,"2 days, 18:34:00",universit cattolica del sacro cuore,exact_name_country,100.0,True,Università Cattolica del Sacro Cuore,Università Cattolica del Sacro Cuore,universita cattolica del sacro cuore,universita cattolica del sacro cuore
410.0,412.0,Auckland University of Technology,New Zealand,Oceania,L,CO,VH,Public,29.6,417.0,22.5,587.0,13.7,,33.2,549.0,100.0,76.0,100.0,39.0,100.0,27.0,50.4,,23.4,663.0,74.0,,36.7,410,410.0,410,36.7,True,auckland university of technology,587.0,Auckland University of Technology,New Zealand,17420.0,17.0,0.49,"2 days, 11:41:00",44.1984999999999,22.6,22.8,73.6,49.8,91.3,2026.0,587.0,59.0,"2 days, 11:41:00",auckland university of technology,exact_name_country,100.0,True,Auckland University of Technology,Auckland University of Technology,auckland university of technology,auckland university of technology
410.0,421.0,Dublin City University,Ireland,Europe,L,FC,HI,Public,29.2,423.0,37.5,376.0,27.8,683.0,22.0,685.0,80.8,292.0,43.2,466.0,48.4,429.0,78.0,381.0,40.2,436.0,79.7,,36.7,410,410.0,410,36.7,True,dublin city university,310.0,Dublin City University,Ireland,14712.0,27.3,0.13,"2 days, 10:42:00",53.6939999999999,28.5,36.6,88.6,69.0,71.1,2026.0,310.0,58.0,"2 days, 10:42:00",dublin city university,exact_name_country,100.0,True,Dublin City University,Dublin City University,dublin city university,dublin city university
410.0,539.0,Sunway University,Malaysia,Asia,M,CO,VH,Private not for Profit,20.9,592.0,53.3,228.0,56.9,324.0,25.2,636.0,57.1,405.0,66.9,298.0,68.7,279.0,61.4,671.0,5.1,,61.2,,36.7,410,410.0,410,36.7,True,sunway university,307.0,Sunway University,Malaysia,5046.0,8.4,0.27,"2 days, 5:47:00",54.0054999999999,27.2,34.2,90.1,58.4,89.3,2026.0,307.0,53.0,"2 days, 5:47:00",sunway university,exact_name_country,100.0,True,Sunway University,Sunway University,sunway university,sunway university
410.0,396.0,University of Southern Queensland,Australia,Oceania,M,CO,VH,Public,11.0,,8.2,,7.9,,90.1,103.0,78.5,304.0,48.7,416.0,52.0,398.0,82.2,307.0,11.0,,65.5,,36.7,410,410.0,410,36.7,True,university of southern queensland,373.0,University of Southern Queensland,Australia,10582.0,21.5,0.19,"2 days, 15:37:00",50.7099999999999,29.3,26.8,87.1,51.3,81.5,2026.0,373.0,63.0,"2 days, 15:37:00",university of southern queensland,exact_name_country,100.0,True,University of Southern Queensland,University of Southern Queensland,university of southern queensland,university of southern queensland
416.0,420.0,Czech Technical University In Prague,Czechia,Europe,L,SP,VH,Public,26.8,468.0,51.3,243.0,89.4,107.0,6.2,,28.7,598.0,56.0,374.0,60.2,341.0,69.4,542.0,23.1,670.0,53.6,,36.5,416,416.0,416,36.5,True,czech technical university in prague,1262.0,Czech Technical University in Prague,Czechia,15476.0,8.2,0.21,31 : 69,31.0454999999999,30.9,17.8,32.6,63.7,59.2,2026.0,1262.0,31.0,31 : 69,czech technical university in prague,exact_name_country,100.0,True,Czech Technical University In Prague,Czech Technical University in Prague,czech technical university in prague,czech technical university in prague
419.0,359.0,University of Aveiro,Portugal,Europe,L,CO,VH,Public,18.6,658.0,15.5,,13.1,,94.7,73.0,5.2,,24.8,667.0,30.9,605.0,85.5,245.0,3.3,,64.7,,36.4,419,419.0,419,36.4,True,university of aveiro,741.0,University of Aveiro,Portugal,14095.0,15.9,0.11,"2 days, 6:46:00",40.2814999999999,31.6,31.5,53.8,55.3,46.3,2026.0,741.0,54.0,"2 days, 6:46:00",university of aveiro,exact_name_country,100.0,True,University of Aveiro,University of Aveiro,university of aveiro,university of aveiro
420.0,425.0,National Taipei University of Technology,Taiwan,Asia,M,FO,VH,Public,18.2,672.0,57.6,202.0,28.6,667.0,58.8,294.0,25.6,639.0,31.7,573.0,34.9,552.0,25.6,,29.2,565.0,58.9,,36.3,420,420.0,420,36.3,True,national taipei university of technology,1251.0,National Taipei University of Technology,Taiwan,10608.0,12.4,0.05,29 : 71,31.2825,26.4,22.5,36.5,82.8,36.1,2026.0,1251.0,29.0,29 : 71,national taipei university of technology,exact_name_country,100.0,True,National Taipei University of Technology,National Taipei University of Technology,national taipei university of technology,national taipei university of technology
423.0,436.0,Murdoch University,Australia,Oceania,M,CO,VH,Public,13.0,,8.7,,7.4,,73.9,184.0,89.6,226.0,82.5,209.0,61.4,328.0,75.1,442.0,24.9,642.0,53.4,,36.1,423,423.0,423,36.1,True,murdoch university,406.0,Murdoch University,Australia,15815.0,29.1,0.53,,49.657,25.9,27.4,80.2,72.7,94.7,2026.0,406.0,,,murdoch university,exact_name_country,100.0,True,Murdoch University,Murdoch University,murdoch university,murdoch university
423.0,462.0,Tampere University,Finland,Europe,L,FC,VH,Public,29.2,424.0,24.7,543.0,24.8,737.0,47.7,392.0,61.6,378.0,13.9,,19.6,771.0,84.0,277.0,42.1,417.0,49.2,,36.1,423,423.0,423,36.1,True,tampere university,346.0,Tampere University,Finland,17284.0,19.2,0.1,"2 days, 5:47:00",51.9299999999999,31.2,38.7,80.2,85.2,53.8,2026.0,346.0,53.0,"2 days, 5:47:00",tampere university,exact_name_country,100.0,True,Tampere University,Tampere University,tampere university,tampere university
423.0,466.0,Washington State University,United States of America,Americas,L,FC,VH,Public,28.7,434.0,39.9,345.0,23.1,771.0,42.7,444.0,50.7,438.0,9.2,,15.0,,77.9,386.0,15.5,,78.5,,36.1,423,423.0,423,36.1,True,washington state university,435.0,Washington State University,United States of America,25504.0,16.9,0.06,"2 days, 6:46:00",48.4695,37.3,33.1,67.8,82.8,56.2,2026.0,435.0,54.0,"2 days, 6:46:00",washington state university,exact_name_country,100.0,True,Washington State University,Washington State University,washington state university,washington state university
427.0,413.0,Graz University of Technology,Austria,Europe,M,FO,VH,Public,21.9,568.0,22.1,601.0,99.2,43.0,18.8,735.0,86.6,248.0,71.3,267.0,53.1,388.0,52.3,,15.2,,42.6,,36,427,427.0,427,36.0,True,graz university of technology,633.0,Graz University of Technology,Austria,6734.0,8.7,0.26,27 : 73,42.6604999999999,41.9,22.7,46.5,95.3,79.4,2026.0,633.0,27.0,27 : 73,graz university of technology,exact_name_country,100.0,True,Graz University of Technology,Graz University of Technology,graz university of technology,graz university of technology
428.0,418.0,University of Dundee,United Kingdom,Europe,M,FC,VH,Public,25.5,497.0,21.3,618.0,44.8,438.0,20.6,704.0,92.0,209.0,84.4,198.0,85.8,169.0,78.7,374.0,13.9,,78.6,,35.9,428,428.0,428,35.9,True,university of dundee,325.0,University of Dundee,United Kingdom,15420.0,19.4,0.36,"2 days, 17:35:00",52.849,28.5,32.6,82.1,87.0,91.7,2026.0,325.0,65.0,"2 days, 17:35:00",university of dundee,exact_name_country,100.0,True,University of Dundee,University of Dundee,university of dundee,university of dundee
430.0,408.0,Masaryk University,Czechia,Europe,XL,CO,VH,Public,32.3,383.0,37.3,377.0,13.1,,18.8,738.0,34.5,541.0,76.8,245.0,79.0,217.0,79.8,355.0,58.8,278.0,77.0,,35.7,430,430.0,430,35.7,True,masaryk university,697.0,Masaryk University,Czechia,33661.0,18.2,0.25,"2 days, 14:38:00",41.4989999999999,26.8,32.6,57.1,51.1,66.2,2026.0,697.0,62.0,"2 days, 14:38:00",masaryk university,exact_name_country,100.0,True,Masaryk University,Masaryk University,masaryk university,masaryk university
433.0,501.0,East China Normal University,China (Mainland),Asia,XL,CO,VH,Public,19.9,619.0,16.4,,20.2,,82.1,145.0,46.7,457.0,15.7,,11.9,,69.2,544.0,14.5,,47.7,,35.6,433,433.0,433,35.6,True,east china normal university,286.0,East China Normal University,China (Mainland),30163.0,15.0,0.07,"2 days, 14:38:00",54.921,43.1,36.5,79.5,90.6,55.3,2026.0,286.0,62.0,"2 days, 14:38:00",east china normal university,exact_name_country,100.0,True,East China Normal University,East China Normal University,east china normal university,east china normal university
435.0,452.0,National Taiwan Normal University,Taiwan,Asia,M,CO,VH,Public,47.8,240.0,28.2,493.0,68.3,243.0,9.6,,19.7,717.0,39.6,495.0,42.6,486.0,24.1,,29.0,573.0,68.2,,35.4,435,435.0,435,35.4,True,national taiwan normal university,570.0,National Taiwan Normal University,Taiwan,11067.0,12.4,0.17,,44.5895,36.7,32.3,56.2,86.4,54.4,2026.0,570.0,,,national taiwan normal university,exact_name_country,100.0,True,National Taiwan Normal University,National Taiwan Normal University,national taiwan normal university,national taiwan normal university
436.0,513.0,Prince Mohammad Bin Fahd University,Saudi Arabia,Asia,S,SP,VH,Private not for Profit,22.5,558.0,33.6,427.0,33.1,588.0,54.7,331.0,100.0,13.0,29.6,593.0,22.2,726.0,32.3,,3.3,,37.4,,35.2,436,436.0,436,35.2,True,prince mohammad bin fahd university,352.0,Prince Mohammad Bin Fahd University,Saudi Arabia,2470.0,10.8,0.17,"1 day, 23:53:00",51.6155,32.0,33.3,78.5,56.4,89.5,2026.0,352.0,47.0,"1 day, 23:53:00",prince mohammad bin fahd university,exact_name_country,100.0,True,Prince Mohammad Bin Fahd University,Prince Mohammad Bin Fahd University,prince mohammad bin fahd university,prince mohammad bin fahd university
436.0,466.0,Universitat Ramon Llull,Spain,Europe,L,CO,HI,Private not for Profit,17.5,,72.5,136.0,10.3,,15.5,797.0,80.4,295.0,68.0,290.0,71.1,261.0,31.3,,81.2,152.0,56.7,,35.2,436,436.0,436,35.2,True,universitat ramon llull,900.0,Universitat Ramon Llull,Spain,16683.0,22.0,0.24,"2 days, 5:47:00",37.1875,20.8,17.6,63.2,36.5,73.7,2026.0,900.0,53.0,"2 days, 5:47:00",universitat ramon llull,exact_name_country,100.0,True,Universitat Ramon Llull,Universitat Ramon Llull,universitat ramon llull,universitat ramon llull
439.0,485.0,National Sun Yat-sen University,Taiwan,Asia,M,CO,VH,Public,36.8,326.0,32.1,447.0,35.6,558.0,38.0,492.0,35.5,534.0,16.5,788.0,22.2,728.0,46.4,,14.7,,67.0,362.0,35,439,439.0,439,35.0,True,national sun yat sen university,776.0,National Sun Yat-Sen University,Taiwan,8876.0,12.3,0.09,"1 day, 19:57:00",39.614,31.5,35.1,43.6,89.0,46.7,2026.0,776.0,43.0,"1 day, 19:57:00",national sun yat sen university,exact_name_country,100.0,True,National Sun Yat-sen University,National Sun Yat-Sen University,national sun yat sen university,national sun yat sen university
440.0,477.0,Ajman University,United Arab Emirates,Asia,S,FO,VH,Private not for Profit,27.8,454.0,51.3,241.0,15.7,,10.2,,100.0,8.0,100.0,4.0,99.7,37.0,65.2,621.0,12.8,,46.2,,34.9,440,440.0,440,34.9,True,ajman university,411.0,Ajman University,United Arab Emirates,4626.0,15.2,0.81,"2 days, 9:43:00",49.5085,25.8,28.7,84.0,22.8,99.5,2026.0,411.0,57.0,"2 days, 9:43:00",ajman university,exact_name_country,100.0,True,Ajman University,Ajman University,ajman university,ajman university
440.0,445.0,James Cook University,Australia,Oceania,M,FC,VH,Public,21.0,591.0,11.0,,27.5,689.0,60.3,286.0,46.9,454.0,37.6,518.0,43.2,480.0,83.8,279.0,11.2,,81.9,,34.9,440,440.0,440,34.9,True,james cook university,357.0,James Cook University,Australia,9165.0,15.3,0.14,"2 days, 18:34:00",51.2615,28.8,31.9,82.3,67.8,81.5,2026.0,357.0,66.0,"2 days, 18:34:00",james cook university,exact_name_country,100.0,True,James Cook University,James Cook University,james cook university,james cook university
440.0,497.0,"University of California, Riverside",United States of America,Americas,L,FC,VH,Public,21.4,577.0,21.1,623.0,10.0,,64.2,254.0,80.9,290.0,30.4,587.0,36.3,530.0,75.4,433.0,7.0,,55.6,,34.9,440,440.0,440,34.9,True,university of california riverside,329.0,"University of California, Riverside",United States of America,25233.0,19.6,0.16,"2 days, 3:49:00",52.7615,37.4,32.6,79.5,69.8,75.1,2026.0,329.0,51.0,"2 days, 3:49:00",university of california riverside,exact_name_country,100.0,True,"University of California, Riverside","University of California, Riverside",university of california riverside,university of california riverside
446.0,439.0,Vilnius University,Lithuania,Europe,L,FC,HI,Public,26.9,467.0,28.0,496.0,73.1,210.0,6.2,,28.4,601.0,28.5,609.0,34.5,557.0,80.2,351.0,91.3,93.0,70.3,,34.8,446,446.0,446,34.8,True,vilnius university,868.0,Vilnius University,Lithuania,19929.0,11.7,0.12,"2 days, 17:35:00",37.738,26.8,26.5,53.6,58.3,49.8,2026.0,868.0,65.0,"2 days, 17:35:00",vilnius university,exact_name_country,100.0,True,Vilnius University,Vilnius University,vilnius university,vilnius university
447.0,387.0,Belarusian State University,Belarus,Europe,L,CO,HI,Public,32.5,377.0,51.5,239.0,91.8,98.0,1.7,,4.9,,71.1,268.0,67.5,286.0,34.4,,61.3,258.0,,,34.6,447,447.0,447,34.6,True,belarusian state university,1880.0,Belarusian State University,Belarus,23445.0,8.3,0.22,"2 days, 10:42:00",20.5105,24.7,11.1,10.9,45.0,65.8,2026.0,1880.0,58.0,"2 days, 10:42:00",belarusian state university,exact_name_country,100.0,True,Belarusian State University,Belarusian State University,belarusian state university,belarusian state university
449.0,470.0,Iowa State University,United States of America,Americas,L,CO,VH,Public,26.4,479.0,21.6,611.0,10.8,,61.0,281.0,6.7,,17.8,764.0,24.0,703.0,78.9,370.0,50.6,339.0,65.0,,34.4,449,449.0,449,34.4,True,iowa state university,424.0,Iowa State University,United States of America,27116.0,17.2,0.08,"1 day, 22:54:00",48.9599999999999,41.6,36.2,64.7,87.0,44.0,2026.0,424.0,46.0,"1 day, 22:54:00",iowa state university,exact_name_country,100.0,True,Iowa State University,Iowa State University,iowa state university,iowa state university
450.0,401.0,Kazan Federal University,Russian Federation,Europe,L,FC,VH,Public,27.2,460.0,19.5,669.0,98.1,54.0,3.8,,14.0,,97.7,94.0,97.8,83.0,86.7,225.0,19.6,732.0,55.3,,34.3,450,450.0,450,34.3,True,kazan federal university,989.0,Kazan Federal University,Russian Federation,22575.0,11.1,0.33,"2 days, 18:34:00",35.684,46.6,22.1,27.7,52.2,68.4,2026.0,989.0,66.0,"2 days, 18:34:00",kazan federal university,exact_name_country,100.0,True,Kazan Federal University,Kazan Federal University,kazan federal university,kazan federal university
452.0,508.0,Shenzhen University,China (Mainland),Asia,XL,CO,VH,Public,11.9,,8.7,,40.1,501.0,90.9,100.0,15.9,780.0,2.7,,7.5,,69.0,547.0,26.0,623.0,48.2,,34.2,452,452.0,452,34.2,True,shenzhen university,382.0,Shenzhen University,China (Mainland),35012.0,13.8,0.01,"2 days, 1:51:00",50.3255,26.5,35.9,86.4,82.8,38.2,2026.0,382.0,49.0,"2 days, 1:51:00",shenzhen university,exact_name_country,100.0,True,Shenzhen University,Shenzhen University,shenzhen university,shenzhen university
452.0,460.0,Stony Brook University,United States of America,Americas,L,FC,VH,Public,24.2,527.0,17.8,,43.6,459.0,32.4,556.0,47.4,451.0,53.4,384.0,57.9,352.0,73.7,474.0,31.9,527.0,82.5,,34.2,452,452.0,452,34.2,True,stony brook university,313.0,Stony Brook University,United States of America,24947.0,9.8,0.17,"2 days, 6:46:00",53.5595,43.4,30.8,78.9,68.3,72.3,2026.0,313.0,54.0,"2 days, 6:46:00",stony brook university,exact_name_country,100.0,True,Stony Brook University,Stony Brook University,stony brook university,stony brook university
452.0,389.0,University of Cyprus,Cyprus,Asia,M,CO,VH,Public,14.6,,10.8,,10.3,,62.3,270.0,94.3,187.0,42.2,471.0,46.1,452.0,69.8,534.0,54.6,306.0,52.9,650.0,34.2,452,452.0,452,34.2,True,university of cyprus,493.0,University of Cyprus,Cyprus,6983.0,19.9,0.14,"2 days, 14:38:00",46.554,28.9,30.7,69.2,70.2,74.1,2026.0,493.0,62.0,"2 days, 14:38:00",university of cyprus,exact_name_country,100.0,True,University of Cyprus,University of Cyprus,university of cyprus,university of cyprus
456.0,472.0,University of Essex,United Kingdom,Europe,L,CO,VH,Public,23.7,535.0,9.9,,17.1,,35.1,525.0,99.9,102.0,99.2,64.0,99.2,53.0,77.0,404.0,24.7,645.0,54.5,,34.1,456,456.0,456,34.1,True,university of essex,350.0,University of Essex,United Kingdom,16005.0,14.8,0.48,"2 days, 7:45:00",51.683,30.1,30.2,81.0,61.2,97.3,2026.0,350.0,55.0,"2 days, 7:45:00",university of essex,exact_name_country,100.0,True,University of Essex,University of Essex,university of essex,university of essex
458.0,393.0,"University of California, Santa Cruz",United States of America,Americas,L,CO,VH,Public,24.7,517.0,13.6,,10.0,,62.4,268.0,71.4,331.0,10.0,,15.7,,62.2,662.0,14.3,,84.3,122.0,34,458,458.0,458,34.0,True,university of california santa cruz,182.0,"University of California, Santa Cruz",United States of America,19357.0,23.6,0.1,"1 day, 23:53:00",59.892,38.3,41.7,93.2,75.7,73.5,2026.0,182.0,47.0,"1 day, 23:53:00",university of california santa cruz,exact_name_country,100.0,True,"University of California, Santa Cruz","University of California, Santa Cruz",university of california santa cruz,university of california santa cruz
461.0,554.0,Jordan University of Science & Technology,Jordan,Asia,L,CO,VH,Public,32.0,386.0,47.8,273.0,23.1,774.0,12.3,,66.7,350.0,87.9,183.0,83.8,180.0,54.6,775.0,5.8,,52.1,,33.9,461,461.0,461,33.9,True,jordan university of science and technology,824.0,Jordan University of Science and Technology,Jordan,17708.0,12.0,0.28,"2 days, 0:52:00",38.5284999999999,22.9,16.0,64.8,47.2,77.4,2026.0,824.0,48.0,"2 days, 0:52:00",jordan university of science and technology,exact_name_country,100.0,True,Jordan University of Science & Technology,Jordan University of Science and Technology,jordan university of science and technology,jordan university of science and technology
461.0,442.0,Novosibirsk State University,Russian Federation,Europe,M,FO,VH,Public,28.8,432.0,31.1,460.0,93.6,87.0,13.0,,9.1,,70.6,272.0,69.5,274.0,55.7,758.0,13.3,,43.8,,33.9,461,461.0,461,33.9,True,novosibirsk state university,1136.0,Novosibirsk State University,Russian Federation,7300.0,6.6,0.23,,33.0895,38.4,29.6,24.0,57.0,49.3,2026.0,1136.0,,,novosibirsk state university,exact_name_country,100.0,True,Novosibirsk State University,Novosibirsk State University,novosibirsk state university,novosibirsk state university
461.0,477.0,Royal Holloway University of London,United Kingdom,Europe,L,CO,VH,Public,22.8,548.0,11.8,,15.1,,41.0,460.0,96.3,164.0,88.9,177.0,89.9,151.0,73.0,487.0,12.3,,61.7,,33.9,461,461.0,461,33.9,True,royal holloway university of london,420.0,"Royal Holloway, University of London",United Kingdom,12155.0,15.9,0.33,"2 days, 9:43:00",49.111,32.3,28.9,72.2,65.1,92.5,2026.0,420.0,57.0,"2 days, 9:43:00",royal holloway university of london,exact_name_country,100.0,True,Royal Holloway University of London,"Royal Holloway, University of London",royal holloway university of london,royal holloway university of london
465.0,383.0,Anna University,India,Asia,L,SP,VH,Public,15.0,,19.4,674.0,9.2,,99.8,23.0,,,1.6,,6.0,,47.3,,17.8,763.0,64.5,,33.8,465,465.0,465,33.8,True,anna university,984.0,Anna University,India,11396.0,12.1,0.01,"1 day, 17:59:00",35.773,39.2,16.2,51.8,59.9,21.0,2026.0,984.0,41.0,"1 day, 17:59:00",anna university,exact_name_country,100.0,True,Anna University,Anna University,anna university,anna university
465.0,415.0,Concordia University,Canada,Americas,XL,CO,VH,Public,21.7,572.0,18.0,,5.2,,32.0,563.0,64.0,362.0,94.4,135.0,94.8,112.0,75.6,429.0,58.4,281.0,81.8,153.0,33.8,465,465.0,465,33.8,True,concordia university,659.0,Concordia University,Canada,36811.0,25.5,0.35,"2 days, 1:51:00",42.1419999999999,24.5,25.8,63.7,68.0,74.7,2026.0,659.0,49.0,"2 days, 1:51:00",concordia university,exact_name_country,100.0,True,Concordia University,Concordia University,concordia university,concordia university
465.0,489.0,Shanghai University,China (Mainland),Asia,XL,FO,VH,Public,29.8,410.0,21.4,615.0,51.1,369.0,48.5,385.0,29.6,589.0,10.2,,7.8,,62.5,657.0,12.5,,42.9,,33.8,465,465.0,465,33.8,True,shanghai university,508.0,Shanghai University,China (Mainland),39590.0,13.4,0.06,"2 days, 2:50:00",46.028,31.5,37.6,64.3,93.6,37.3,2026.0,508.0,50.0,"2 days, 2:50:00",shanghai university,exact_name_country,100.0,True,Shanghai University,Shanghai University,shanghai university,shanghai university
465.0,452.0,University of Kansas,United States of America,Americas,L,FC,VH,Public,17.6,697.0,22.8,582.0,91.9,97.0,13.6,,79.0,301.0,12.6,,18.6,786.0,87.5,210.0,42.8,409.0,62.2,,33.8,465,465.0,465,33.8,True,university of kansas,375.0,University of Kansas,United States of America,23777.0,9.0,0.07,"2 days, 6:46:00",50.6319999999999,45.4,29.8,70.7,79.3,56.2,2026.0,375.0,54.0,"2 days, 6:46:00",university of kansas,exact_name_country,100.0,True,University of Kansas,University of Kansas,university of kansas,university of kansas
469.0,471.0,Ben Gurion University of The Negev,Israel,Asia,L,FC,VH,Public,19.5,631.0,26.9,510.0,15.0,,58.7,295.0,71.2,332.0,23.8,679.0,17.9,798.0,63.4,643.0,24.5,649.0,48.8,,33.7,469,469.0,469,33.7,True,ben gurion university of the negev,738.0,Ben-Gurion University of the Negev,Israel,16196.0,12.0,0.02,"2 days, 4:48:00",40.3075,35.5,25.3,57.3,65.2,36.0,2026.0,738.0,52.0,"2 days, 4:48:00",ben gurion university of the negev,exact_name_country,100.0,True,Ben Gurion University of The Negev,Ben-Gurion University of the Negev,ben gurion university of the negev,ben gurion university of the negev
473.0,524.0,Pusan National University,Republic of Korea,Asia,L,FC,VH,Public,28.6,439.0,20.2,650.0,57.6,315.0,36.7,509.0,19.9,714.0,27.1,626.0,33.2,573.0,57.5,726.0,18.9,744.0,73.6,,33.5,473,473.0,473,33.5,True,pusan national university,529.0,Pusan National University,Republic of Korea,15331.0,15.5,0.14,"2 days, 5:47:00",45.6805,41.6,39.6,49.1,95.3,45.1,2026.0,529.0,53.0,"2 days, 5:47:00",pusan national university,exact_name_country,100.0,True,Pusan National University,Pusan National University,pusan national university,pusan national university
473.0,405.0,Università della Svizzera Italiana,Switzerland,Europe,S,FO,VH,Public,9.3,,9.4,,70.3,227.0,43.4,434.0,100.0,33.0,100.0,10.0,100.0,5.0,42.7,,2.2,,48.2,,33.5,473,473.0,473,33.5,True,universit della svizzera italiana,262.0,Università della Svizzera italiana,Switzerland,4029.0,12.1,0.7,"1 day, 22:54:00",55.9085,41.1,29.7,80.3,92.9,98.2,2026.0,262.0,46.0,"1 day, 22:54:00",universit della svizzera italiana,exact_name_country,100.0,True,Università della Svizzera Italiana,Università della Svizzera italiana,universita della svizzera italiana,universita della svizzera italiana
479.0,489.0,Chung-Ang University,Republic of Korea,Asia,L,FC,VH,Private not for Profit,24.9,512.0,37.6,372.0,79.2,172.0,16.7,769.0,19.7,719.0,62.4,323.0,66.1,297.0,31.3,,17.3,777.0,68.9,,33.3,479,479.0,479,33.3,True,chung ang university,456.0,Chung-Ang University,Republic of Korea,18394.0,21.9,0.26,,47.924,38.8,38.9,55.7,93.3,63.4,2026.0,456.0,,,chung ang university,exact_name_country,100.0,True,Chung-Ang University,Chung-Ang University,chung ang university,chung ang university
480.0,474.0,Hiroshima University,Japan,Asia,L,FC,VH,Public,34.6,351.0,17.1,,79.8,168.0,17.2,762.0,19.2,725.0,22.7,690.0,17.1,,70.3,525.0,12.4,,73.2,,33.2,480,480.0,480,33.2,True,hiroshima university,638.0,Hiroshima University,Japan,14922.0,8.7,0.12,38 : 62,42.6219999999999,41.7,31.4,47.8,79.8,49.1,2026.0,638.0,38.0,38 : 62,hiroshima university,exact_name_country,100.0,True,Hiroshima University,Hiroshima University,hiroshima university,hiroshima university
482.0,448.0,Dalian University of Technology,China (Mainland),Asia,XL,CO,VH,Public,11.4,,11.0,,23.4,766.0,95.7,65.0,15.4,800.0,5.3,,4.2,,59.8,697.0,21.8,697.0,46.8,798.0,33,482,482.0,482,33.0,True,dalian university of technology,404.0,Dalian University of Technology,China (Mainland),42273.0,16.6,0.05,32 : 68,49.714,34.6,39.3,71.6,99.0,35.6,2026.0,404.0,32.0,32 : 68,dalian university of technology,exact_name_country,100.0,True,Dalian University of Technology,Dalian University of Technology,dalian university of technology,dalian university of technology
482.0,465.0,Kobe University,Japan,Asia,L,FC,VH,Public,36.9,324.0,39.0,353.0,45.0,434.0,19.4,725.0,11.2,,10.7,,15.9,,53.3,791.0,27.0,608.0,73.3,,33,482,482.0,482,33.0,True,kobe university,728.0,Kobe University,Japan,15355.0,9.8,0.07,35 : 65,40.556,41.5,28.9,45.0,89.0,38.3,2026.0,728.0,35.0,35 : 65,kobe university,exact_name_country,100.0,True,Kobe University,Kobe University,kobe university,kobe university
485.0,508.0,Aristotle University of Thessaloniki,Greece,Europe,XL,FC,VH,Public,38.2,311.0,35.9,402.0,6.4,,28.4,602.0,2.1,,8.1,,13.8,,90.9,160.0,48.3,359.0,66.4,,32.9,485,485.0,485,32.9,True,aristotle university of thessaloniki,936.0,Aristotle University of Thessaloniki,Greece,47845.0,18.9,0.05,"2 days, 10:42:00",36.6215,22.7,19.4,63.4,62.6,37.0,2026.0,936.0,58.0,"2 days, 10:42:00",aristotle university of thessaloniki,exact_name_country,100.0,True,Aristotle University of Thessaloniki,Aristotle University of Thessaloniki,aristotle university of thessaloniki,aristotle university of thessaloniki
485.0,506.0,University of Trento,Italy,Europe,L,CO,VH,Public,34.8,346.0,18.6,693.0,32.9,589.0,40.0,470.0,32.3,560.0,11.3,,17.2,,85.6,244.0,7.1,,51.8,,32.9,485,485.0,485,32.9,True,university of trento,360.0,University of Trento,Italy,14183.0,16.6,0.09,"2 days, 5:47:00",51.0595,34.6,35.2,77.4,70.3,61.5,2026.0,360.0,53.0,"2 days, 5:47:00",university of trento,exact_name_country,100.0,True,University of Trento,University of Trento,university of trento,university of trento
487.0,516.0,Edith Cowan University,Australia,Oceania,L,CO,VH,Public,13.7,,13.1,,6.0,,60.4,285.0,96.4,160.0,82.4,210.0,84.0,176.0,63.8,637.0,7.4,,51.0,,32.8,487,487.0,487,32.8,True,edith cowan university,381.0,Edith Cowan University,Australia,18928.0,27.9,0.35,"2 days, 14:38:00",50.3384999999999,22.5,25.8,89.2,69.6,89.0,2026.0,381.0,62.0,"2 days, 14:38:00",edith cowan university,exact_name_country,100.0,True,Edith Cowan University,Edith Cowan University,edith cowan university,edith cowan university
487.0,527.0,Warsaw University of Technology,Poland,Europe,L,FO,VH,Public,28.4,442.0,72.4,137.0,55.7,337.0,9.5,,3.4,,17.6,771.0,23.7,710.0,63.8,638.0,15.9,,38.4,,32.8,487,487.0,487,32.8,True,warsaw university of technology,1427.0,Warsaw University of Technology,Poland,21694.0,10.3,0.08,31 : 69,28.3379999999999,28.3,17.7,32.9,61.1,33.9,2026.0,1427.0,31.0,31 : 69,warsaw university of technology,exact_name_country,100.0,True,Warsaw University of Technology,Warsaw University of Technology,warsaw university of technology,warsaw university of technology
491.0,431.0,Central South University,China (Mainland),Asia,XL,FO,VH,Public,12.1,,10.2,,7.3,,100.0,8.0,9.0,,7.0,,5.4,,73.8,472.0,23.2,667.0,42.7,,32.6,491,491.0,491,32.6,True,central south university,297.0,Central South University,China (Mainland),57917.0,20.4,0.04,,54.3214999999999,39.1,42.6,80.3,99.7,31.4,2026.0,297.0,,,central south university,exact_name_country,100.0,True,Central South University,Central South University,central south university,central south university
491.0,513.0,Imam Abdulrahman Bin Faisal University (formerly University of Dammam),Saudi Arabia,Asia,L,FC,HI,Public,16.9,,31.4,456.0,94.9,74.0,5.6,,99.2,125.0,34.8,544.0,35.4,544.0,73.9,471.0,2.9,,55.3,,32.6,491,491.0,491,32.6,True,imam abdulrahman bin faisal university,562.0,Imam Abdulrahman Bin Faisal University,Saudi Arabia,25111.0,11.0,0.05,"3 days, 17:11:00",44.8695,33.4,19.5,75.4,26.6,75.7,2026.0,562.0,89.0,"3 days, 17:11:00",imam abdulrahman bin faisal university,exact_name_country,100.0,True,Imam Abdulrahman Bin Faisal University (formerly University of Dammam),Imam Abdulrahman Bin Faisal University,imam abdulrahman bin faisal university,imam abdulrahman bin faisal university
491.0,554.0,Universiti Utara Malaysia (UUM),Malaysia,Asia,M,CO,VH,Public,31.2,393.0,39.2,349.0,48.0,404.0,12.7,,25.6,638.0,86.9,186.0,84.0,177.0,42.4,,16.4,799.0,49.5,,32.6,491,491.0,491,32.6,True,universiti utara malaysia,447.0,Universiti Utara Malaysia,Malaysia,11413.0,11.1,0.33,"2 days, 17:35:00",48.104,41.1,30.2,66.2,30.1,82.1,2026.0,447.0,65.0,"2 days, 17:35:00",universiti utara malaysia,exact_name_country,100.0,True,Universiti Utara Malaysia (UUM),Universiti Utara Malaysia,universiti utara malaysia,universiti utara malaysia
494.0,403.0,University of Canberra,Australia,Oceania,M,CO,VH,Public,18.2,670.0,11.9,,3.4,,50.8,370.0,82.8,274.0,83.1,205.0,84.6,173.0,66.7,593.0,10.9,,73.2,,32.5,494,494.0,494,32.5,True,university of canberra,442.0,University of Canberra,Australia,10723.0,27.2,0.44,"2 days, 9:43:00",48.3339999999999,25.7,31.0,76.0,57.0,89.1,2026.0,442.0,57.0,"2 days, 9:43:00",university of canberra,exact_name_country,100.0,True,University of Canberra,University of Canberra,university of canberra,university of canberra
498.0,489.0,University of Jyväskylä,Finland,Europe,M,FO,VH,Public,23.4,539.0,13.7,,87.8,112.0,20.8,702.0,51.1,435.0,6.3,,11.8,,84.3,269.0,13.9,,70.6,,32.3,498,498.0,498,32.3,True,university of jyv skyl,444.0,University of Jyväskylä,Finland,11150.0,13.1,0.04,"2 days, 16:36:00",48.1554999999999,31.9,34.4,77.2,49.1,48.6,2026.0,444.0,64.0,"2 days, 16:36:00",university of jyv skyl,exact_name_country,100.0,True,University of Jyväskylä,University of Jyväskylä,university of jyvaskyla,university of jyvaskyla
499.0,547.0,Northwestern Polytechnical University,China (Mainland),Asia,XL,CO,VH,Public,9.5,,9.9,,52.3,356.0,82.6,139.0,25.5,640.0,10.1,,7.8,,57.6,724.0,11.5,,39.0,,32.2,499,499.0,499,32.2,True,northwestern polytechnical university,274.0,Northwestern Polytechnical University,China (Mainland),35982.0,13.6,0.05,29 : 71,55.5289999999999,41.0,42.4,78.6,99.7,47.6,2026.0,274.0,29.0,29 : 71,northwestern polytechnical university,exact_name_country,100.0,True,Northwestern Polytechnical University,Northwestern Polytechnical University,northwestern polytechnical university,northwestern polytechnical university
499.0,431.0,Tomsk State University,Russian Federation,Europe,M,CO,VH,Public,25.3,502.0,20.0,656.0,99.3,39.0,7.0,,28.0,609.0,94.7,131.0,93.2,125.0,66.4,599.0,7.1,,30.6,,32.2,499,499.0,499,32.2,True,tomsk state university,668.0,Tomsk State University,Russian Federation,7985.0,11.7,0.37,,41.9429999999999,50.5,38.3,27.0,55.9,74.7,2026.0,668.0,,,tomsk state university,exact_name_country,100.0,True,Tomsk State University,Tomsk State University,tomsk state university,tomsk state university
503.0,587.0,Shoolini University of Biotechnology and Management Sciences,India,Asia,S,CO,VH,Private not for Profit,16.2,,22.5,589.0,12.1,,82.6,138.0,29.0,595.0,2.2,,6.4,,54.1,781.0,1.8,,57.3,,32.1,503,503.0,503,32.1,True,shoolini university of biotechnology and management sciences,454.0,Shoolini University of Biotechnology and Management Sciences,India,3676.0,16.4,0.01,"2 days, 2:50:00",47.9845,27.8,24.1,88.7,25.8,68.7,2026.0,454.0,50.0,"2 days, 2:50:00",shoolini university of biotechnology and management sciences,exact_name_country,100.0,True,Shoolini University of Biotechnology and Management Sciences,Shoolini University of Biotechnology and Management Sciences,shoolini university of biotechnology and management sciences,shoolini university of biotechnology and management sciences
504.0,489.0,Chongqing University,China (Mainland),Asia,XL,SP,VH,Public,11.9,,9.8,,18.2,,93.8,82.0,28.1,605.0,3.9,,3.2,,58.1,717.0,19.1,743.0,40.0,,32,504,504.0,504,32.0,True,chongqing university,389.0,Chongqing University,China (Mainland),45609.0,17.7,0.03,,50.1979999999999,30.2,36.0,78.1,98.1,46.6,2026.0,389.0,,,chongqing university,exact_name_country,100.0,True,Chongqing University,Chongqing University,chongqing university,chongqing university
504.0,511.0,Ewha Womans University,Republic of Korea,Asia,L,FC,HI,Private not for Profit,33.5,363.0,26.6,515.0,75.1,195.0,13.6,,9.6,,37.5,519.0,43.1,481.0,32.9,,28.4,586.0,67.1,361.0,32,504,504.0,504,32.0,True,ewha womans university,583.0,Ewha Womans University,Republic of Korea,14226.0,16.6,0.16,"4 days, 4:00:00",44.246,36.9,37.3,50.3,90.9,50.9,2026.0,583.0,100.0,"4 days, 4:00:00",ewha womans university,exact_name_country,100.0,True,Ewha Womans University,Ewha Womans University,ewha womans university,ewha womans university
504.0,448.0,Hunan University,China (Mainland),Asia,XL,FO,VH,Public,10.9,,11.8,,20.8,,94.7,74.0,5.9,,2.8,,2.3,,57.7,721.0,32.5,520.0,40.6,,32,504,504.0,504,32.0,True,hunan university,296.0,Hunan University,China (Mainland),36496.0,15.3,0.03,"1 day, 20:56:00",54.3384999999999,36.6,34.6,90.9,96.5,31.7,2026.0,296.0,44.0,"1 day, 20:56:00",hunan university,exact_name_country,100.0,True,Hunan University,Hunan University,hunan university,hunan university
504.0,456.0,University of Guelph,Canada,Americas,L,CO,VH,Public,19.9,621.0,19.2,680.0,7.9,,55.2,327.0,49.6,443.0,24.0,672.0,30.1,613.0,74.8,446.0,18.2,755.0,80.7,161.0,32,504,504.0,504,32.0,True,university of guelph,446.0,University of Guelph,Canada,23314.0,28.3,0.11,"2 days, 11:41:00",48.1089999999999,34.8,36.7,64.1,80.0,63.6,2026.0,446.0,59.0,"2 days, 11:41:00",university of guelph,exact_name_country,100.0,True,University of Guelph,University of Guelph,university of guelph,university of guelph
509.0,585.0,Institut Teknologi Sepuluh Nopember (ITS),Indonesia,Asia,L,CO,VH,Public,27.4,456.0,60.2,192.0,62.1,287.0,2.7,,69.6,337.0,11.9,,17.9,800.0,27.6,,17.0,782.0,52.5,654.0,31.9,509,509.0,509,31.9,True,institut teknologi sepuluh nopember,1665.0,Institut Teknologi Sepuluh Nopember,Indonesia,20850.0,6.1,0.07,"1 day, 17:59:00",24.5845,25.9,11.1,28.3,42.0,47.4,2026.0,1665.0,41.0,"1 day, 17:59:00",institut teknologi sepuluh nopember,exact_name_country,100.0,True,Institut Teknologi Sepuluh Nopember (ITS),Institut Teknologi Sepuluh Nopember,institut teknologi sepuluh nopember,institut teknologi sepuluh nopember
511.0,516.0,Ateneo de Manila University,Philippines,Asia,L,FC,MD,Private not for Profit,32.2,385.0,70.0,148.0,33.1,586.0,3.0,,3.6,,4.3,,8.5,,24.3,,80.4,157.0,60.5,,31.6,511,511.0,511,31.6,True,ateneo de manila university,1070.0,Ateneo de Manila University,Philippines,14540.0,10.1,0.01,"2 days, 8:44:00",34.245,27.0,11.2,64.7,23.8,35.6,2026.0,1070.0,56.0,"2 days, 8:44:00",ateneo de manila university,exact_name_country,100.0,True,Ateneo de Manila University,Ateneo de Manila University,ateneo de manila university,ateneo de manila university
511.0,508.0,SOAS University of London,United Kingdom,Europe,M,FO,VH,Public,24.7,516.0,19.0,686.0,18.4,,23.7,663.0,100.0,67.0,99.2,63.0,99.2,52.0,17.8,,35.2,489.0,65.0,,31.6,511,511.0,511,31.6,True,soas university of london,477.0,SOAS University of London,United Kingdom,5395.0,15.0,0.41,"2 days, 15:37:00",46.998,38.7,34.7,59.9,38.9,79.9,2026.0,477.0,63.0,"2 days, 15:37:00",soas university of london,exact_name_country,100.0,True,SOAS University of London,SOAS University of London,soas university of london,soas university of london
511.0,531.0,University of Bradford,United Kingdom,Europe,M,CO,VH,Public,14.0,,11.2,,9.3,,40.3,465.0,75.0,316.0,99.2,66.0,99.2,56.0,70.5,519.0,41.5,421.0,70.4,,31.6,511,511.0,511,31.6,True,university of bradford,569.0,University of Bradford,United Kingdom,11775.0,22.0,0.47,"2 days, 8:44:00",44.6864999999999,21.4,21.4,76.1,58.5,93.3,2026.0,569.0,56.0,"2 days, 8:44:00",university of bradford,exact_name_country,100.0,True,University of Bradford,University of Bradford,university of bradford,university of bradford
515.0,567.0,Lebanese University,Lebanon,Asia,XL,FC,HI,Public,32.9,372.0,55.3,219.0,16.0,,3.4,,52.2,427.0,47.2,428.0,44.1,474.0,59.9,695.0,38.9,445.0,45.2,,31.5,515,515.0,515,31.5,True,lebanese university,1480.0,Lebanese University,Lebanon,44105.0,13.6,0.18,"2 days, 7:45:00",27.5229999999999,34.8,14.0,21.5,22.8,77.8,2026.0,1480.0,55.0,"2 days, 7:45:00",lebanese university,exact_name_country,100.0,True,Lebanese University,Lebanese University,lebanese university,lebanese university
515.0,596.0,Universitas Padjadjaran (UNPAD),Indonesia,Asia,XL,FO,VH,Public,29.9,408.0,51.7,237.0,55.9,334.0,2.2,,54.3,417.0,4.4,,9.4,,31.8,,45.4,384.0,59.7,,31.5,515,515.0,515,31.5,True,universitas padjadjaran,1379.0,Universitas Padjadjaran,Indonesia,32501.0,7.6,0.05,"2 days, 13:39:00",28.941,32.5,13.0,35.1,27.9,52.5,2026.0,1379.0,61.0,"2 days, 13:39:00",universitas padjadjaran,exact_name_country,100.0,True,Universitas Padjadjaran (UNPAD),Universitas Padjadjaran,universitas padjadjaran,universitas padjadjaran
517.0,452.0,University of Stirling,United Kingdom,Europe,M,CO,VH,Public,16.8,,13.1,,14.6,,38.3,489.0,79.5,299.0,81.3,218.0,83.0,183.0,62.7,655.0,22.4,685.0,81.2,,31.4,517,517.0,517,31.4,True,university of stirling,516.0,University of Stirling,United Kingdom,11725.0,18.9,0.34,"2 days, 11:41:00",45.8614999999999,24.4,26.3,74.6,45.6,91.1,2026.0,516.0,59.0,"2 days, 11:41:00",university of stirling,exact_name_country,100.0,True,University of Stirling,University of Stirling,university of stirling,university of stirling
519.0,516.0,Kyungpook National University,Republic of Korea,Asia,L,FC,VH,Public,18.0,680.0,20.3,649.0,78.5,175.0,29.6,593.0,18.7,733.0,44.6,452.0,49.7,417.0,55.8,752.0,15.5,,68.3,,31.3,519,519.0,519,31.3,True,kyungpook national university,576.0,Kyungpook National University (KNU),Republic of Korea,17162.0,15.8,0.17,"1 day, 23:53:00",44.4974999999999,34.8,38.5,51.0,96.1,52.3,2026.0,576.0,47.0,"1 day, 23:53:00",kyungpook national university,exact_name_country,100.0,True,Kyungpook National University,Kyungpook National University (KNU),kyungpook national university,kyungpook national university
519.0,451.0,University of Electronic Science and Technology of China,China (Mainland),Asia,XL,FO,VH,Public,5.8,,16.3,,11.3,,99.9,17.0,4.2,,4.4,,3.5,,83.2,289.0,11.5,,37.6,,31.3,519,519.0,519,31.3,True,university of electronic science and technology of china,333.0,University of Electronic Science and Technology of China,China (Mainland),39817.0,16.7,0.02,28 : 72,52.511,37.6,37.5,80.2,99.1,33.6,2026.0,333.0,28.0,28 : 72,university of electronic science and technology of china,exact_name_country,100.0,True,University of Electronic Science and Technology of China,University of Electronic Science and Technology of China,university of electronic science and technology of china,university of electronic science and technology of china
519.0,516.0,Ural Federal University,Russian Federation,Europe,XL,CO,VH,Public,25.8,488.0,24.7,544.0,98.2,53.0,3.5,,8.7,,49.3,412.0,54.1,379.0,91.0,158.0,5.6,,54.4,,31.3,519,519.0,519,31.3,True,ural federal university,956.0,Ural Federal University,Russian Federation,29855.0,15.7,0.15,"2 days, 4:48:00",36.239,25.7,29.2,44.4,58.3,60.5,2026.0,956.0,52.0,"2 days, 4:48:00",ural federal university,exact_name_country,100.0,True,Ural Federal University,Ural Federal University,ural federal university,ural federal university
524.0,501.0,University of Huddersfield,United Kingdom,Europe,L,CO,VH,Public,17.9,683.0,19.0,684.0,9.1,,36.3,515.0,79.7,298.0,91.6,154.0,92.2,131.0,74.6,450.0,2.2,,69.1,,31.2,524,524.0,524,31.2,True,university of huddersfield,540.0,University of Huddersfield,United Kingdom,14200.0,19.9,0.31,"2 days, 10:42:00",45.4024999999999,25.6,23.9,73.9,51.3,89.3,2026.0,540.0,58.0,"2 days, 10:42:00",university of huddersfield,exact_name_country,100.0,True,University of Huddersfield,University of Huddersfield,university of huddersfield,university of huddersfield
526.0,,Boston College,United States of America,Americas,L,CO,VH,Private not for Profit,29.9,407.0,30.2,471.0,28.0,681.0,26.8,618.0,9.8,,28.5,608.0,34.5,556.0,47.7,,64.8,240.0,56.0,,30.9,526,526.0,526,30.9,True,boston college,282.0,Boston College,United States of America,12989.0,14.6,0.13,"2 days, 7:45:00",55.165,45.8,33.1,84.0,60.0,59.4,2026.0,282.0,55.0,"2 days, 7:45:00",boston college,exact_name_country,100.0,True,Boston College,Boston College,boston college,boston college
526.0,567.0,Chiang Mai University,Thailand,Asia,XL,FC,HI,Public,48.8,236.0,30.4,467.0,22.0,790.0,8.8,,5.5,,8.7,,13.3,,65.8,613.0,28.7,584.0,67.6,,30.9,526,526.0,526,30.9,True,chiang mai university,1046.0,Chiang Mai University,Thailand,35691.0,13.9,0.04,"2 days, 13:39:00",34.6645,29.0,18.8,51.7,55.0,39.3,2026.0,1046.0,61.0,"2 days, 13:39:00",chiang mai university,exact_name_country,100.0,True,Chiang Mai University,Chiang Mai University,chiang mai university,chiang mai university
526.0,516.0,University of Hull,United Kingdom,Europe,L,FC,HI,Public,13.2,,14.3,,15.9,,36.9,505.0,68.3,342.0,95.6,121.0,95.9,103.0,70.3,526.0,29.5,556.0,75.4,,30.9,526,526.0,526,30.9,True,university of hull,525.0,University of Hull,United Kingdom,13250.0,18.4,0.35,"2 days, 7:45:00",45.7105,27.3,23.8,72.9,57.5,87.8,2026.0,525.0,55.0,"2 days, 7:45:00",university of hull,exact_name_country,100.0,True,University of Hull,University of Hull,university of hull,university of hull
526.0,539.0,University of Salamanca,Spain,Europe,L,FC,VH,Public,36.9,323.0,23.5,568.0,36.8,545.0,11.8,,10.2,,25.9,647.0,31.9,590.0,86.3,231.0,33.4,506.0,70.8,,30.9,526,526.0,526,30.9,True,university of salamanca,916.0,University of Salamanca,Spain,25749.0,14.6,0.16,"2 days, 13:39:00",36.9534999999999,32.0,24.8,47.9,46.6,54.5,2026.0,916.0,61.0,"2 days, 13:39:00",university of salamanca,exact_name_country,100.0,True,University of Salamanca,University of Salamanca,university of salamanca,university of salamanca
530.0,547.0,University of Genoa,Italy,Europe,L,FC,VH,Public,28.0,451.0,10.6,,19.8,,52.6,358.0,9.2,,17.5,773.0,23.6,711.0,83.1,291.0,16.6,795.0,62.3,,30.8,530,530.0,530,30.8,True,university of genoa,410.0,University of Genoa,Italy,20218.0,16.4,0.09,"2 days, 10:42:00",49.5295,39.4,30.9,74.6,76.2,46.9,2026.0,410.0,58.0,"2 days, 10:42:00",university of genoa,exact_name_country,100.0,True,University of Genoa,University of Genoa,university of genoa,university of genoa
530.0,596.0,University of Iowa,United States of America,Americas,L,FC,VH,Public,25.5,498.0,16.2,,50.1,383.0,27.4,614.0,40.4,496.0,8.5,,14.2,,68.7,555.0,47.1,373.0,61.0,,30.8,530,530.0,530,30.8,True,university of iowa,309.0,University of Iowa,United States of America,28383.0,11.0,0.05,"2 days, 7:45:00",53.7415,46.8,34.3,74.9,89.9,52.3,2026.0,309.0,55.0,"2 days, 7:45:00",university of iowa,exact_name_country,100.0,True,University of Iowa,University of Iowa,university of iowa,university of iowa
534.0,565.0,University of Connecticut,United States of America,Americas,L,FC,VH,Public,20.8,597.0,14.6,,28.1,679.0,33.5,543.0,54.6,415.0,34.9,543.0,40.6,500.0,85.1,253.0,40.1,437.0,63.4,,30.7,534,534.0,534,30.7,True,university of connecticut,395.0,University of Connecticut,United States of America,29850.0,11.6,0.14,"2 days, 5:47:00",50.0274999999999,40.6,28.6,73.4,69.1,66.3,2026.0,395.0,53.0,"2 days, 5:47:00",university of connecticut,exact_name_country,100.0,True,University of Connecticut,University of Connecticut,university of connecticut,university of connecticut
535.0,,King Khalid University,Saudi Arabia,Asia,L,FC,VH,Public,25.8,489.0,17.6,,64.6,274.0,7.0,,100.0,30.0,35.9,535.0,26.9,658.0,84.4,266.0,2.7,,45.7,,30.6,535,535.0,535,30.6,True,king khalid university,302.0,King Khalid University,Saudi Arabia,29832.0,7.1,0.15,"2 days, 7:45:00",54.269,41.2,31.6,80.0,58.4,88.2,2026.0,302.0,55.0,"2 days, 7:45:00",king khalid university,exact_name_country,100.0,True,King Khalid University,King Khalid University,king khalid university,king khalid university
535.0,,Lebanese American University,Lebanon,Asia,M,FC,HI,Private not for Profit,20.2,610.0,44.6,301.0,31.3,612.0,10.7,,80.6,293.0,26.6,638.0,31.7,593.0,78.3,380.0,29.2,564.0,58.3,,30.6,535,535.0,535,30.6,True,lebanese american university,268.0,Lebanese American University,Lebanon,7606.0,12.0,0.13,"2 days, 4:48:00",55.731,36.8,32.5,93.7,32.0,80.8,2026.0,268.0,52.0,"2 days, 4:48:00",lebanese american university,exact_name_country,100.0,True,Lebanese American University,Lebanese American University,lebanese american university,lebanese american university
535.0,,Prince Sultan University,Saudi Arabia,Asia,S,SP,VH,Private not for Profit,10.6,,12.0,,19.4,,61.9,274.0,100.0,35.0,23.2,686.0,24.7,691.0,62.7,654.0,15.9,,45.7,,30.6,535,535.0,535,30.6,True,prince sultan university,390.0,Prince Sultan University (PSU),Saudi Arabia,5837.0,18.0,0.08,"2 days, 6:46:00",50.1375,19.2,29.6,92.2,51.8,82.1,2026.0,390.0,54.0,"2 days, 6:46:00",prince sultan university,exact_name_country,100.0,True,Prince Sultan University,Prince Sultan University (PSU),prince sultan university,prince sultan university
535.0,596.0,University of Ljubljana,Slovenia,Europe,XL,FC,VH,Public,29.7,414.0,18.9,689.0,45.6,431.0,11.0,,7.1,,18.1,760.0,13.7,,85.7,241.0,98.1,41.0,54.2,,30.6,535,535.0,535,30.6,True,university of ljubljana,858.0,University of Ljubljana,Slovenia,37509.0,12.8,0.09,"2 days, 12:40:00",37.862,27.8,23.8,56.0,69.1,42.6,2026.0,858.0,60.0,"2 days, 12:40:00",university of ljubljana,exact_name_country,100.0,True,University of Ljubljana,University of Ljubljana,university of ljubljana,university of ljubljana
540.0,580.0,Jinan University (China),China (Mainland),Asia,XL,FC,VH,Public,8.6,,8.7,,12.3,,75.3,177.0,41.6,486.0,89.1,174.0,66.3,295.0,47.2,,10.5,,40.5,,30.5,540,540.0,540,30.5,True,jinan university,531.0,Jinan University (China),China (Mainland),38488.0,15.0,0.28,"2 days, 8:44:00",45.646,26.7,25.9,77.8,65.9,57.1,2026.0,531.0,56.0,"2 days, 8:44:00",jinan university,exact_name_country,100.0,True,Jinan University (China),Jinan University (China),jinan university,jinan university
540.0,531.0,University of Utah,United States of America,Americas,XL,FC,VH,Public,21.8,570.0,13.1,,53.8,349.0,38.3,488.0,21.2,695.0,18.2,759.0,24.3,699.0,74.5,455.0,28.3,588.0,59.6,,30.5,540,540.0,540,30.5,True,university of utah,239.0,University of Utah,United States of America,33106.0,15.5,0.09,"2 days, 2:50:00",56.9044999999999,43.4,39.2,86.5,91.4,41.7,2026.0,239.0,50.0,"2 days, 2:50:00",university of utah,exact_name_country,100.0,True,University of Utah,University of Utah,university of utah,university of utah
542.0,592.0,Ain Shams University,Egypt,Africa,XL,FC,VH,Public,35.6,340.0,38.8,357.0,17.1,,3.5,,29.5,590.0,13.7,,19.7,769.0,80.8,336.0,69.6,216.0,56.7,,30.3,542,542.0,542,30.3,True,ain shams university,904.0,Ain Shams University,Egypt,171505.0,14.3,0.07,"2 days, 4:48:00",37.1545,28.6,27.5,50.4,41.0,53.1,2026.0,904.0,52.0,"2 days, 4:48:00",ain shams university,exact_name_country,100.0,True,Ain Shams University,Ain Shams University,ain shams university,ain shams university
542.0,570.0,University of the Punjab,Pakistan,Asia,XL,CO,VH,Public,22.5,559.0,57.6,203.0,5.7,,24.4,649.0,4.0,,1.7,,6.1,,71.8,504.0,89.4,109.0,44.3,,30.3,542,542.0,542,30.3,True,university of the punjab,903.0,University of the Punjab,Pakistan,28679.0,21.6,0.01,"2 days, 14:38:00",37.1609999999999,28.4,15.2,64.4,31.5,50.6,2026.0,903.0,62.0,"2 days, 14:38:00",university of the punjab,exact_name_country,100.0,True,University of the Punjab,University of the Punjab,university of the punjab,university of the punjab
546.0,547.0,University of Windsor,Canada,Americas,L,CO,VH,Public,5.1,,7.1,,2.7,,58.2,299.0,89.4,228.0,94.6,132.0,95.0,110.0,49.5,,34.4,497.0,68.7,,30.2,546,546.0,546,30.2,True,university of windsor,536.0,University of Windsor,Canada,14932.0,35.1,0.36,,45.5445,30.4,31.4,60.5,68.2,87.9,2026.0,536.0,,,university of windsor,exact_name_country,100.0,True,University of Windsor,University of Windsor,university of windsor,university of windsor
549.0,573.0,Florida State University,United States of America,Americas,XL,FC,VH,Public,32.7,375.0,24.0,562.0,11.4,,34.1,536.0,16.4,772.0,9.0,,14.7,,74.5,454.0,34.8,493.0,62.5,449.0,30.1,549,549.0,549,30.1,True,florida state university,341.0,Florida State University,United States of America,40660.0,24.6,0.07,"2 days, 10:42:00",52.0819999999999,39.0,39.5,73.8,67.3,57.2,2026.0,341.0,58.0,"2 days, 10:42:00",florida state university,exact_name_country,100.0,True,Florida State University,Florida State University,florida state university,florida state university
551.0,596.0,Thammasat University,Thailand,Asia,XL,FC,HI,Public,36.7,329.0,38.3,365.0,27.2,694.0,3.9,,15.9,779.0,2.2,,6.9,,45.7,,90.6,100.0,60.7,,29.9,551,551.0,551,29.9,True,thammasat university,1477.0,Thammasat University,Thailand,39733.0,14.8,0.01,"2 days, 16:36:00",27.5875,23.5,21.0,33.8,37.5,39.0,2026.0,1477.0,64.0,"2 days, 16:36:00",thammasat university,exact_name_country,100.0,True,Thammasat University,Thammasat University,thammasat university,thammasat university
551.0,,Universiti Tenaga Nasional (UNITEN),Malaysia,Asia,S,SP,VH,Private for Profit,9.5,,19.9,660.0,76.6,187.0,34.1,535.0,34.7,537.0,70.5,274.0,65.6,299.0,55.7,754.0,5.3,,48.7,,29.9,551,551.0,551,29.9,True,universiti tenaga nasional,673.0,Universiti Tenaga Nasional (UNITEN),Malaysia,4317.0,10.0,0.2,33 : 67,41.888,26.1,16.3,72.8,68.1,65.3,2026.0,673.0,33.0,33 : 67,universiti tenaga nasional,exact_name_country,100.0,True,Universiti Tenaga Nasional (UNITEN),Universiti Tenaga Nasional (UNITEN),universiti tenaga nasional,universiti tenaga nasional
553.0,539.0,Hitotsubashi University,Japan,Asia,M,SP,VH,Public,19.7,627.0,78.1,112.0,42.2,473.0,4.0,,31.3,573.0,33.5,553.0,36.1,533.0,11.7,,57.5,290.0,32.2,,29.8,553,553.0,553,29.8,True,hitotsubashi university,1321.0,Hitotsubashi University,Japan,6105.0,14.6,0.14,33 : 67,30.025,32.5,21.8,27.6,25.7,64.1,2026.0,1321.0,33.0,33 : 67,hitotsubashi university,exact_name_country,100.0,True,Hitotsubashi University,Hitotsubashi University,hitotsubashi university,hitotsubashi university
553.0,506.0,University of Delaware,United States of America,Americas,L,CO,VH,Public,12.5,,9.4,,9.6,,64.1,255.0,48.2,447.0,22.5,695.0,28.6,632.0,68.5,559.0,28.7,581.0,72.9,,29.8,553,553.0,553,29.8,True,university of delaware,449.0,University of Delaware,United States of America,21608.0,14.6,0.11,"2 days, 10:42:00",48.053,36.1,32.0,68.5,80.4,58.1,2026.0,449.0,58.0,"2 days, 10:42:00",university of delaware,exact_name_country,100.0,True,University of Delaware,University of Delaware,university of delaware,university of delaware
555.0,535.0,Lahore University of Management Sciences (LUMS),Pakistan,Asia,S,CO,VH,Private not for Profit,21.4,578.0,77.3,114.0,28.8,660.0,16.5,775.0,10.8,,3.1,,7.3,,26.2,,48.4,358.0,45.0,,29.7,555,555.0,555,29.7,True,lahore university of management sciences,974.0,Lahore University of Management Sciences,Pakistan,4744.0,13.6,0.02,"1 day, 20:56:00",35.971,23.7,20.2,57.4,46.1,54.1,2026.0,974.0,44.0,"1 day, 20:56:00",lahore university of management sciences,exact_name_country,100.0,True,Lahore University of Management Sciences (LUMS),Lahore University of Management Sciences,lahore university of management sciences,lahore university of management sciences
556.0,477.0,Indian Institute of Technology Indore,India,Asia,S,FO,VH,Public,8.0,,16.9,,28.8,658.0,96.9,57.0,1.8,,1.3,,5.7,,28.2,,5.3,,34.7,,29.6,556,556.0,556,29.6,True,indian institute of technology indore,573.0,Indian Institute of Technology Indore,India,2332.0,12.5,0.0,24 : 76,44.5425,42.9,28.9,63.9,40.9,36.0,2026.0,573.0,24.0,24 : 76,indian institute of technology indore,exact_name_country,100.0,True,Indian Institute of Technology Indore,Indian Institute of Technology Indore,indian institute of technology indore,indian institute of technology indore
556.0,,University of Houston,United States of America,Americas,XL,CO,VH,Public,18.7,656.0,24.9,541.0,8.1,,30.2,585.0,48.0,448.0,43.9,459.0,32.8,579.0,74.1,465.0,67.3,230.0,57.1,558.0,29.6,556,556.0,556,29.6,True,university of houston,459.0,University of Houston,United States of America,46269.0,24.0,0.16,"2 days, 5:47:00",47.6915,33.2,26.2,73.0,68.8,75.3,2026.0,459.0,53.0,"2 days, 5:47:00",university of houston,exact_name_country,100.0,True,University of Houston,University of Houston,university of houston,university of houston
558.0,552.0,Al Ain University,United Arab Emirates,Asia,S,FO,VH,Private not for Profit,25.6,494.0,20.8,631.0,20.8,,17.0,764.0,100.0,1.0,100.0,20.0,74.4,238.0,37.1,,7.3,,42.9,,29.5,558,558.0,558,29.5,True,al ain university,428.0,Al Ain University,United Arab Emirates,2588.0,11.0,0.61,"2 days, 3:49:00",48.8045,28.0,30.2,78.7,18.6,99.1,2026.0,428.0,51.0,"2 days, 3:49:00",al ain university,exact_name_country,100.0,True,Al Ain University,Al Ain University,al ain university,al ain university
558.0,526.0,Coventry University,United Kingdom,Europe,L,CO,VH,Public,16.0,,18.5,697.0,21.8,798.0,14.8,,85.1,258.0,99.5,62.0,99.5,51.0,84.3,271.0,18.4,752.0,71.2,,29.5,558,558.0,558,29.5,True,coventry university,685.0,Coventry University,United Kingdom,30640.0,14.6,0.58,"2 days, 2:50:00",41.677,21.6,15.1,73.5,44.9,94.4,2026.0,685.0,50.0,"2 days, 2:50:00",coventry university,exact_name_country,100.0,True,Coventry University,Coventry University,coventry university,coventry university
558.0,580.0,Jawaharlal Nehru University,India,Asia,M,CO,VH,Public,39.8,303.0,17.4,,16.7,,37.6,497.0,,,1.7,,6.0,,56.9,737.0,20.6,716.0,59.3,,29.5,558,558.0,558,29.5,True,jawaharlal nehru university,821.0,Jawaharlal Nehru University,India,7759.0,11.2,0.01,"1 day, 18:58:00",38.5834999999999,46.0,24.4,48.5,39.5,24.1,2026.0,821.0,42.0,"1 day, 18:58:00",jawaharlal nehru university,exact_name_country,100.0,True,Jawaharlal Nehru University,Jawaharlal Nehru University,jawaharlal nehru university,jawaharlal nehru university
558.0,576.0,Sogang University,Republic of Korea,Asia,M,CO,VH,Private not for Profit,27.3,459.0,51.9,235.0,61.3,290.0,8.9,,9.5,,35.3,537.0,39.2,505.0,16.2,,23.4,665.0,49.8,,29.5,558,558.0,558,29.5,True,sogang university,906.0,Sogang University,Republic of Korea,10317.0,25.0,0.18,"1 day, 22:54:00",37.1445,30.9,31.4,42.6,73.7,42.6,2026.0,906.0,46.0,"1 day, 22:54:00",sogang university,exact_name_country,100.0,True,Sogang University,Sogang University,sogang university,sogang university
558.0,587.0,University of Kwazulu-Natal,South Africa,Africa,XL,FC,VH,Public,17.9,682.0,14.4,,6.9,,44.5,420.0,29.1,591.0,2.1,,6.7,,95.9,62.0,79.4,163.0,63.0,,29.5,558,558.0,558,29.5,True,university of kwazulu natal,566.0,University of KwaZulu-Natal,South Africa,33675.0,30.7,0.02,"2 days, 14:38:00",44.7854999999999,31.4,37.9,61.5,49.1,54.9,2026.0,566.0,62.0,"2 days, 14:38:00",university of kwazulu natal,exact_name_country,100.0,True,University of Kwazulu-Natal,University of KwaZulu-Natal,university of kwazulu natal,university of kwazulu natal
563.0,,Ajou University,Republic of Korea,Asia,M,FC,VH,Private not for Profit,19.8,623.0,22.1,600.0,70.2,230.0,34.3,530.0,13.3,,58.0,355.0,58.4,350.0,18.1,,5.3,,53.3,,29.4,563,563.0,563,29.4,True,ajou university,474.0,Ajou University,Republic of Korea,7348.0,15.0,0.26,39 : 61,47.1194999999999,34.3,38.6,58.4,95.8,59.4,2026.0,474.0,39.0,39 : 61,ajou university,exact_name_country,100.0,True,Ajou University,Ajou University,ajou university,ajou university
563.0,,American University of the Middle East,Kuwait,Asia,M,SP,HI,Private for Profit,25.9,487.0,34.7,416.0,28.9,652.0,8.9,,100.0,7.0,36.9,528.0,38.6,512.0,67.2,586.0,6.1,,47.2,,29.4,563,563.0,563,29.4,True,american university of the middle east,614.0,American University of the Middle East,Kuwait,5014.0,11.1,0.15,"2 days, 14:38:00",43.3375,29.1,19.5,71.9,27.7,85.6,2026.0,614.0,62.0,"2 days, 14:38:00",american university of the middle east,exact_name_country,100.0,True,American University of the Middle East,American University of the Middle East,american university of the middle east,american university of the middle east
563.0,574.0,University of Debrecen,Hungary,Europe,L,FC,HI,Public,27.3,458.0,21.5,613.0,45.9,426.0,7.4,,14.4,,76.5,248.0,78.7,220.0,74.9,444.0,25.9,625.0,70.4,,29.4,563,563.0,563,29.4,True,university of debrecen,876.0,University of Debrecen,Hungary,20923.0,12.2,0.25,"2 days, 8:44:00",37.6635,41.7,18.2,45.7,50.6,58.0,2026.0,876.0,56.0,"2 days, 8:44:00",university of debrecen,exact_name_country,100.0,True,University of Debrecen,University of Debrecen,university of debrecen,university of debrecen
566.0,474.0,Bangor University,United Kingdom,Europe,M,FC,VH,Public,12.8,,10.5,,18.9,,44.4,422.0,38.1,515.0,77.4,239.0,79.5,210.0,74.7,447.0,16.9,787.0,78.0,,29.3,566,566.0,566,29.3,True,bangor university,507.0,Bangor University,United Kingdom,9035.0,15.7,0.31,"2 days, 11:41:00",46.0389999999999,28.3,26.0,70.3,63.2,87.1,2026.0,507.0,59.0,"2 days, 11:41:00",bangor university,exact_name_country,100.0,True,Bangor University,Bangor University,bangor university,bangor university
566.0,,Savitribai Phule Pune University,India,Asia,M,CO,VH,Public,11.1,,20.3,647.0,47.1,420.0,63.8,257.0,,,3.3,,7.5,,54.7,773.0,30.4,547.0,43.0,,29.3,566,566.0,566,29.3,True,savitribai phule pune university,969.0,Savitribai Phule Pune University,India,6043.0,12.2,0.02,"1 day, 22:54:00",36.044,40.9,13.3,56.2,37.1,23.7,2026.0,969.0,46.0,"1 day, 22:54:00",savitribai phule pune university,exact_name_country,100.0,True,Savitribai Phule Pune University,Savitribai Phule Pune University,savitribai phule pune university,savitribai phule pune university
566.0,,University of Minho,Portugal,Europe,L,FC,VH,Public,22.2,564.0,17.1,,28.3,676.0,38.6,485.0,21.3,694.0,26.0,645.0,32.0,589.0,83.6,284.0,15.7,,67.7,,29.3,566,566.0,566,29.3,True,university of minho,663.0,University of Minho,Portugal,21465.0,20.8,0.13,"2 days, 7:45:00",42.1055,28.0,33.6,57.1,82.6,48.9,2026.0,663.0,55.0,"2 days, 7:45:00",university of minho,exact_name_country,100.0,True,University of Minho,University of Minho,university of minho,university of minho
571.0,501.0,Colorado School of Mines,United States of America,Americas,M,FO,VH,Public,11.3,,22.5,588.0,18.8,,69.9,216.0,28.7,599.0,11.2,,17.1,,30.9,,29.4,558.0,54.7,,29.2,571,571.0,571,29.2,True,colorado school of mines,470.0,Colorado School of Mines,United States of America,7022.0,17.2,0.07,32 : 68,47.2099999999999,40.9,32.6,63.7,86.7,41.5,2026.0,470.0,32.0,32 : 68,colorado school of mines,exact_name_country,100.0,True,Colorado School of Mines,Colorado School of Mines,colorado school of mines,colorado school of mines
575.0,,Brno University of Technology,Czechia,Europe,L,FO,VH,Public,17.7,691.0,36.4,393.0,37.0,544.0,13.7,,26.7,631.0,77.3,241.0,79.2,215.0,80.7,339.0,15.7,,61.3,,29.1,575,575.0,575,29.1,True,brno university of technology,1316.0,Brno University of Technology,Czechia,17555.0,14.5,0.26,28 : 72,30.113,24.6,17.7,34.5,73.7,59.0,2026.0,1316.0,28.0,28 : 72,brno university of technology,exact_name_country,100.0,True,Brno University of Technology,Brno University of Technology,brno university of technology,brno university of technology
578.0,562.0,Universiti Teknologi Brunei,Brunei Darussalam,Asia,S,FO,VH,Public,20.2,609.0,13.1,,86.5,123.0,22.7,673.0,100.0,62.0,7.7,,11.5,,20.7,,16.6,794.0,34.7,,29,578,578.0,578,29.0,True,universiti teknologi brunei,758.0,Universiti Teknologi Brunei,Brunei Darussalam,1977.0,7.7,0.04,"2 days, 13:39:00",39.908,29.9,14.0,68.5,33.5,68.5,2026.0,758.0,61.0,"2 days, 13:39:00",universiti teknologi brunei,exact_name_country,100.0,True,Universiti Teknologi Brunei,Universiti Teknologi Brunei,universiti teknologi brunei,universiti teknologi brunei
582.0,574.0,Florida International University,United States of America,Americas,XL,FC,HI,Public,22.7,551.0,38.3,363.0,18.3,,17.5,759.0,27.7,617.0,22.6,692.0,28.7,630.0,84.7,260.0,28.0,595.0,79.0,187.0,28.8,582,582.0,582,28.8,True,florida international university,489.0,Florida International University,United States of America,35509.0,22.2,0.09,"2 days, 8:44:00",46.7604999999999,33.2,32.6,70.7,65.5,49.1,2026.0,489.0,56.0,"2 days, 8:44:00",florida international university,exact_name_country,100.0,True,Florida International University,Florida International University,florida international university,florida international university
582.0,547.0,University of Iceland,Iceland,Europe,M,CO,VH,,9.6,,2.0,,99.6,35.0,18.0,751.0,32.4,557.0,18.1,761.0,24.2,700.0,75.5,432.0,89.3,110.0,49.4,,28.8,582,582.0,582,28.8,True,university of iceland,521.0,University of Iceland,Iceland,9343.0,16.0,0.13,"2 days, 21:31:00",45.748,24.6,35.3,69.3,83.1,55.2,2026.0,521.0,69.0,"2 days, 21:31:00",university of iceland,exact_name_country,100.0,True,University of Iceland,University of Iceland,university of iceland,university of iceland
584.0,,Charles Darwin University,Australia,Oceania,M,FO,VH,Public,7.8,,7.3,,6.4,,65.1,247.0,41.8,483.0,88.9,178.0,88.5,154.0,49.7,,4.8,,70.7,,28.7,584,584.0,584,28.7,True,charles darwin university,467.0,Charles Darwin University,Australia,7195.0,23.9,0.38,"2 days, 17:35:00",47.2335,22.7,29.9,78.9,50.4,82.4,2026.0,467.0,65.0,"2 days, 17:35:00",charles darwin university,exact_name_country,100.0,True,Charles Darwin University,Charles Darwin University,charles darwin university,charles darwin university
584.0,564.0,Eotvos Lorand University,Hungary,Europe,XL,CO,VH,Public,31.6,390.0,29.7,479.0,16.6,,9.3,,5.7,,26.1,644.0,32.2,588.0,79.8,354.0,69.2,220.0,68.1,,28.7,584,584.0,584,28.7,True,eotvos lorand university,943.0,Eötvös Loránd University,Hungary,32848.0,17.7,0.12,"2 days, 13:39:00",36.4544999999999,29.6,19.8,55.4,39.7,50.3,2026.0,943.0,61.0,"2 days, 13:39:00",e tv s lor nd university,exact_name_country,100.0,True,Eotvos Lorand University,Eötvös Loránd University,eotvos lorand university,eotvos lorand university
584.0,554.0,University of Dhaka,Bangladesh,Asia,XL,FC,HI,Public,30.5,401.0,51.3,242.0,10.5,,6.9,,2.2,,1.4,,1.3,,57.8,720.0,97.0,59.0,54.2,,28.7,584,584.0,584,28.7,True,university of dhaka,931.0,University of Dhaka,Bangladesh,35843.0,18.6,0.0,"1 day, 20:56:00",36.7315,17.7,13.3,76.5,33.2,45.0,2026.0,931.0,44.0,"1 day, 20:56:00",university of dhaka,exact_name_country,100.0,True,University of Dhaka,University of Dhaka,university of dhaka,university of dhaka
587.0,,American University,United States of America,Americas,M,CO,VH,Private not for Profit,19.8,624.0,50.2,253.0,45.1,433.0,7.6,,16.7,770.0,27.0,630.0,33.1,574.0,34.6,,51.6,328.0,74.6,,28.6,587,587.0,587,28.6,True,american university,757.0,American University,United States of America,13316.0,12.0,0.11,"2 days, 16:36:00",39.9395,35.7,18.6,63.6,41.6,43.6,2026.0,757.0,64.0,"2 days, 16:36:00",american university,exact_name_country,100.0,True,American University,American University,american university,american university
587.0,,National Central University,Taiwan,Asia,M,CO,VH,Public,28.9,428.0,38.7,360.0,26.4,706.0,25.6,628.0,18.5,735.0,18.4,755.0,20.4,755.0,33.9,,18.7,747.0,60.6,496.0,28.6,587,587.0,587,28.6,True,national central university,1158.0,National Central University,Taiwan,11391.0,10.1,0.07,37 : 63,32.729,31.0,25.1,30.7,99.0,41.8,2026.0,1158.0,37.0,37 : 63,national central university,exact_name_country,100.0,True,National Central University,National Central University,national central university,national central university
591.0,587.0,Bond University,Australia,Oceania,S,FO,VH,Private not for Profit,5.9,,8.3,,52.1,362.0,53.8,346.0,63.5,366.0,90.4,164.0,91.2,139.0,24.6,,11.6,,23.5,,28.5,591,591.0,591,28.5,True,bond university,462.0,Bond University,Australia,3588.0,10.2,0.32,"2 days, 8:44:00",47.509,26.8,21.9,87.3,25.8,80.4,2026.0,462.0,56.0,"2 days, 8:44:00",bond university,exact_name_country,100.0,True,Bond University,Bond University,bond university,bond university
591.0,,Illinois Institute of Technology,United States of America,Americas,M,CO,VH,Private not for Profit,16.9,,23.3,575.0,15.8,,47.5,396.0,18.7,734.0,99.7,48.0,99.7,38.0,27.3,,22.5,683.0,32.5,,28.5,591,591.0,591,28.5,True,illinois institute of technology,336.0,Illinois Institute of Technology,United States of America,6734.0,13.6,0.45,38 : 62,52.2945,41.0,26.9,77.3,92.4,73.5,2026.0,336.0,38.0,38 : 62,illinois institute of technology,exact_name_country,100.0,True,Illinois Institute of Technology,Illinois Institute of Technology,illinois institute of technology,illinois institute of technology
591.0,497.0,National Research Nuclear University MEPhI (Moscow Engineering Physics Institute),Russian Federation,Europe,M,FO,VH,Public,10.3,,20.9,627.0,99.3,40.0,11.2,,60.6,387.0,93.3,142.0,93.8,118.0,30.2,,17.6,769.0,23.0,,28.5,591,591.0,591,28.5,True,national research nuclear university mephi,702.0,National Research Nuclear University MEPhI,Russian Federation,5352.0,10.1,0.28,"2 days, 1:51:00",41.4345,49.3,35.0,29.2,63.4,72.6,2026.0,702.0,49.0,"2 days, 1:51:00",national research nuclear university mephi,exact_name_country,100.0,True,National Research Nuclear University MEPhI (Moscow Engineering Physics Institute),National Research Nuclear University MEPhI,national research nuclear university mephi,national research nuclear university mephi
595.0,,Zayed University,United Arab Emirates,Asia,M,SP,VH,Public,19.8,625.0,31.7,452.0,34.7,567.0,21.8,688.0,100.0,17.0,2.8,,7.1,,48.5,,29.3,561.0,41.1,,28.4,595,595.0,595,28.4,True,zayed university,497.0,Zayed University,United Arab Emirates,7520.0,13.7,0.02,"3 days, 11:17:00",46.3715,21.8,21.7,85.8,59.5,73.7,2026.0,497.0,83.0,"3 days, 11:17:00",zayed university,exact_name_country,100.0,True,Zayed University,Zayed University,zayed university,zayed university
597.0,554.0,Hasselt University,Belgium,Europe,M,FC,HI,Public,8.8,,5.2,,85.7,128.0,22.8,671.0,78.5,306.0,41.1,483.0,46.4,448.0,69.8,533.0,6.6,,62.7,,28.3,597,597.0,597,28.3,True,hasselt university,345.0,Hasselt University,Belgium,6128.0,28.4,0.16,"2 days, 2:50:00",51.979,35.0,37.8,72.8,87.8,71.2,2026.0,345.0,50.0,"2 days, 2:50:00",hasselt university,exact_name_country,100.0,True,Hasselt University,Hasselt University,hasselt university,hasselt university
597.0,,Taipei Medical University,Taiwan,Asia,M,SP,VH,Private not for Profit,16.9,,14.7,,94.2,83.0,32.3,558.0,20.0,713.0,22.0,699.0,16.6,,24.7,,11.9,,48.1,,28.3,597,597.0,597,28.3,True,taipei medical university,418.0,Taipei Medical University,Taiwan,6154.0,8.8,0.11,"2 days, 11:41:00",49.1855,46.3,32.2,63.6,86.6,48.6,2026.0,418.0,59.0,"2 days, 11:41:00",taipei medical university,exact_name_country,100.0,True,Taipei Medical University,Taipei Medical University,taipei medical university,taipei medical university
597.0,,Tulane University,United States of America,Americas,L,FC,HI,Private not for Profit,14.5,,13.8,,87.2,117.0,17.5,760.0,20.3,708.0,18.5,752.0,24.6,692.0,79.2,363.0,46.2,375.0,51.8,,28.3,597,597.0,597,28.3,True,tulane university,433.0,Tulane University,United States of America,13113.0,7.4,0.1,"2 days, 13:39:00",48.528,43.0,23.4,75.8,63.8,50.2,2026.0,433.0,61.0,"2 days, 13:39:00",tulane university,exact_name_country,100.0,True,Tulane University,Tulane University,tulane university,tulane university
597.0,570.0,University of Szeged,Hungary,Europe,L,FC,HI,Private not for Profit,26.2,484.0,22.7,583.0,41.9,482.0,8.9,,15.4,,56.4,368.0,60.6,336.0,75.3,438.0,29.0,574.0,69.4,,28.3,597,597.0,597,28.3,True,university of szeged,1170.0,University of Szeged,Hungary,21326.0,13.2,0.19,"2 days, 8:44:00",32.6329999999999,31.2,16.4,42.3,48.7,53.8,2026.0,1170.0,56.0,"2 days, 8:44:00",university of szeged,exact_name_country,100.0,True,University of Szeged,University of Szeged,university of szeged,university of szeged
597.0,596.0,University of Texas at Dallas,United States of America,Americas,L,FC,VH,Public,19.3,641.0,33.7,426.0,5.5,,43.0,438.0,14.4,,61.1,335.0,64.9,305.0,55.3,765.0,9.1,,48.9,733.0,28.3,597,597.0,597,28.3,True,university of texas at dallas,476.0,University of Texas at Dallas,United States of America,26710.0,24.5,0.22,"1 day, 20:56:00",47.0149999999999,29.2,26.6,76.6,73.8,63.4,2026.0,476.0,44.0,"1 day, 20:56:00",university of texas at dallas,exact_name_country,100.0,True,University of Texas at Dallas,University of Texas at Dallas,university of texas at dallas,university of texas at dallas
604.0,,National Chengchi University,Taiwan,Asia,L,CO,HI,Public,28.3,444.0,46.9,279.0,21.2,,3.4,,38.0,516.0,36.2,532.0,41.1,497.0,12.8,,93.3,84.0,41.4,,28.2,604,604.0,604,28.2,True,national chengchi university,1295.0,National Chengchi University,Taiwan,13230.0,15.7,0.16,"2 days, 9:43:00",30.4405,27.1,28.9,25.1,62.5,53.8,2026.0,1295.0,57.0,"2 days, 9:43:00",national chengchi university,exact_name_country,100.0,True,National Chengchi University,National Chengchi University,national chengchi university,national chengchi university
604.0,535.0,University of Eastern Finland,Finland,Europe,L,CO,VH,Public,18.9,649.0,10.3,,45.0,435.0,35.3,520.0,39.2,507.0,12.0,,17.9,797.0,84.0,275.0,5.6,,71.2,,28.2,604,604.0,604,28.2,True,university of eastern finland,482.0,University of Eastern Finland,Finland,12849.0,17.1,0.07,"2 days, 20:32:00",46.8674999999999,28.6,31.1,76.6,67.6,49.7,2026.0,482.0,68.0,"2 days, 20:32:00",university of eastern finland,exact_name_country,100.0,True,University of Eastern Finland,University of Eastern Finland,university of eastern finland,university of eastern finland
607.0,,University of Siena,Italy,Europe,M,FC,VH,Public,21.4,580.0,7.8,,15.3,,60.2,288.0,4.6,,19.7,734.0,25.8,673.0,61.2,675.0,12.3,,63.4,,28,607,607.0,607,28.0,True,university of siena,371.0,University of Siena,Italy,10480.0,16.8,0.09,"2 days, 15:37:00",50.795,39.3,35.1,75.0,75.5,46.7,2026.0,371.0,63.0,"2 days, 15:37:00",university of siena,exact_name_country,100.0,True,University of Siena,University of Siena,university of siena,university of siena
609.0,592.0,Nottingham Trent University,United Kingdom,Europe,XL,CO,VH,Public,16.4,,22.9,580.0,15.5,,10.7,,67.1,349.0,90.4,165.0,91.2,140.0,84.8,258.0,20.4,717.0,77.5,,27.9,609,609.0,609,27.9,True,nottingham trent university,611.0,Nottingham Trent University,United Kingdom,36005.0,15.0,0.25,"2 days, 6:46:00",43.4214999999999,20.8,14.1,83.3,38.1,89.1,2026.0,611.0,54.0,"2 days, 6:46:00",nottingham trent university,exact_name_country,100.0,True,Nottingham Trent University,Nottingham Trent University,nottingham trent university,nottingham trent university
609.0,559.0,Peter the Great St.Petersburg Polytechnic University,Russian Federation,Europe,L,CO,VH,Public,18.0,679.0,17.8,,79.8,169.0,4.9,,18.9,730.0,89.8,167.0,90.7,142.0,70.4,522.0,11.1,,51.6,,27.9,609,609.0,609,27.9,True,peter the great st petersburg polytechnic university,964.0,Peter the Great St Petersburg Polytechnic University,Russian Federation,16730.0,9.9,0.32,"1 day, 19:57:00",36.1075,35.7,23.0,38.0,71.4,62.0,2026.0,964.0,43.0,"1 day, 19:57:00",peter the great st petersburg polytechnic university,exact_name_country,100.0,True,Peter the Great St.Petersburg Polytechnic University,Peter the Great St Petersburg Polytechnic University,peter the great st petersburg polytechnic university,peter the great st petersburg polytechnic university
609.0,,Universiti Malaysia Pahang Al-Sultan Abdullah (UMPSA),Malaysia,Asia,M,FO,VH,Public,17.2,,9.9,,23.6,760.0,57.9,300.0,32.1,561.0,19.0,746.0,21.1,747.0,61.6,668.0,5.2,,51.4,,27.9,609,609.0,609,27.9,True,universiti malaysia pahang al sultan abdullah,651.0,Universiti Malaysia Pahang Al-Sultan Abdullah (UMPSA),Malaysia,7584.0,12.4,0.1,"2 days, 1:51:00",42.326,37.9,23.9,59.0,52.8,58.7,2026.0,651.0,49.0,"2 days, 1:51:00",universiti malaysia pahang al sultan abdullah,exact_name_country,100.0,True,Universiti Malaysia Pahang Al-Sultan Abdullah (UMPSA),Universiti Malaysia Pahang Al-Sultan Abdullah (UMPSA),universiti malaysia pahang al sultan abdullah,universiti malaysia pahang al sultan abdullah
613.0,,University of Plymouth,United Kingdom,Europe,L,FC,HI,Public,13.8,,14.2,,15.4,,36.7,508.0,61.3,,61.4,332.0,65.1,303.0,82.1,311.0,13.8,,58.6,,27.8,613,613.0,613,27.8,True,university of plymouth,553.0,University of Plymouth,United Kingdom,16895.0,17.8,0.22,"2 days, 13:39:00",45.0999999999999,23.0,21.2,77.9,65.8,82.2,2026.0,553.0,61.0,"2 days, 13:39:00",university of plymouth,exact_name_country,100.0,True,University of Plymouth,University of Plymouth,university of plymouth,university of plymouth
622.0,559.0,Umm Al-Qura University,Saudi Arabia,Asia,XL,FC,HI,Public,23.6,537.0,15.4,,61.3,291.0,4.9,,100.0,95.0,26.1,643.0,19.6,770.0,71.3,510.0,11.5,,36.8,,27.6,622,622.0,622,27.6,True,umm al qura university,491.0,Umm Al-Qura University,Saudi Arabia,34462.0,13.3,0.06,"1 day, 23:53:00",46.61,35.4,25.3,75.7,34.5,63.2,2026.0,491.0,47.0,"1 day, 23:53:00",umm al qura university,exact_name_country,100.0,True,Umm Al-Qura University,Umm Al-Qura University,umm al qura university,umm al qura university
624.0,,Diponegoro University,Indonesia,Asia,XL,FC,HI,Public,30.0,405.0,53.2,229.0,30.5,622.0,2.3,,46.4,461.0,7.1,,12.0,,35.5,,24.2,655.0,51.0,,27.5,624,624.0,624,27.5,True,diponegoro university,1559.0,Diponegoro University,Indonesia,36538.0,16.8,0.04,"2 days, 18:34:00",26.2279999999999,32.5,16.8,23.0,45.4,40.7,2026.0,1559.0,66.0,"2 days, 18:34:00",diponegoro university,exact_name_country,100.0,True,Diponegoro University,Diponegoro University,diponegoro university,diponegoro university
628.0,527.0,Missouri University of Science and Technology,United States of America,Americas,M,CO,VH,Public,4.9,,10.5,,8.6,,87.7,112.0,26.9,627.0,32.5,563.0,35.3,547.0,41.7,,8.8,,34.0,,27.4,628,628.0,628,27.4,True,missouri university of science and technology,549.0,Missouri University of Science and Technology,United States of America,7306.0,21.8,0.13,24 : 76,45.2155,27.9,29.5,64.1,89.0,75.2,2026.0,549.0,24.0,24 : 76,missouri university of science and technology,exact_name_country,100.0,True,Missouri University of Science and Technology,Missouri University of Science and Technology,missouri university of science and technology,missouri university of science and technology
628.0,,National Chung Hsing University,Taiwan,Asia,L,CO,VH,Public,28.6,436.0,30.9,463.0,29.4,642.0,22.5,677.0,12.3,,14.0,,19.0,781.0,34.5,,42.2,416.0,56.3,,27.4,628,628.0,628,27.4,True,national chung hsing university,1259.0,National Chung Hsing University,Taiwan,16156.0,13.0,0.09,"1 day, 19:57:00",31.092,24.6,25.4,35.8,74.6,36.6,2026.0,1259.0,43.0,"1 day, 19:57:00",national chung hsing university,exact_name_country,100.0,True,National Chung Hsing University,National Chung Hsing University,national chung hsing university,national chung hsing university
628.0,,University of Crete,Greece,Europe,L,FC,HI,Public,19.3,639.0,17.8,,3.9,,69.6,219.0,2.7,,7.2,,12.0,,61.9,664.0,4.5,,40.6,,27.4,628,628.0,628,27.4,True,university of crete,649.0,University of Crete,Greece,12551.0,22.7,0.05,"2 days, 16:36:00",42.3925,24.7,29.1,68.5,66.3,46.2,2026.0,649.0,64.0,"2 days, 16:36:00",university of crete,exact_name_country,100.0,True,University of Crete,University of Crete,university of crete,university of crete
635.0,,Tallinn University of Technology,Estonia,Europe,M,FO,VH,Public,16.2,,18.6,694.0,33.5,581.0,23.5,665.0,53.2,425.0,26.8,635.0,32.8,578.0,81.2,326.0,50.5,341.0,43.0,,27.2,635,635.0,635,27.2,True,tallinn university of technology,672.0,Tallinn University of Technology,Estonia,7451.0,13.2,0.12,40 : 60,41.898,26.2,24.9,66.0,69.2,58.4,2026.0,672.0,40.0,40 : 60,tallinn university of technology,exact_name_country,100.0,True,Tallinn University of Technology,Tallinn University of Technology,tallinn university of technology,tallinn university of technology
635.0,,University of Portsmouth,United Kingdom,Europe,L,CO,VH,Public,10.9,,13.1,,12.0,,27.8,607.0,80.1,297.0,90.7,160.0,91.4,135.0,81.5,322.0,13.5,,62.6,448.0,27.2,635,635.0,635,27.2,True,university of portsmouth,448.0,University of Portsmouth,United Kingdom,22370.0,15.9,0.36,"2 days, 0:52:00",48.0605,22.0,20.1,88.7,51.1,94.5,2026.0,448.0,48.0,"2 days, 0:52:00",university of portsmouth,exact_name_country,100.0,True,University of Portsmouth,University of Portsmouth,university of portsmouth,university of portsmouth
638.0,576.0,Southern Cross University,Australia,Oceania,M,CO,VH,Public,6.0,,4.3,,3.9,,55.5,322.0,92.7,203.0,62.6,322.0,66.2,296.0,61.1,677.0,6.2,,65.9,,27.1,638,638.0,638,27.1,True,southern cross university,499.0,Southern Cross University,Australia,8883.0,43.0,0.22,"2 days, 21:31:00",46.3175,24.4,29.9,72.8,66.9,79.1,2026.0,499.0,69.0,"2 days, 21:31:00",southern cross university,exact_name_country,100.0,True,Southern Cross University,Southern Cross University,southern cross university,southern cross university
638.0,570.0,"University of Chemistry and Technology, Prague",Czechia,Europe,S,FO,VH,Public,8.2,,12.2,,99.5,38.0,19.2,727.0,33.7,547.0,85.4,194.0,86.7,164.0,32.0,,9.4,,43.4,,27.1,638,638.0,638,27.1,True,university of chemistry and technology prague,1342.0,"University of Chemistry and Technology, Prague",Czechia,4505.0,8.8,0.29,"2 days, 9:43:00",29.6165,37.3,14.7,26.9,55.0,54.4,2026.0,1342.0,57.0,"2 days, 9:43:00",university of chemistry and technology prague,exact_name_country,100.0,True,"University of Chemistry and Technology, Prague","University of Chemistry and Technology, Prague",university of chemistry and technology prague,university of chemistry and technology prague
642.0,539.0,University of Fribourg,Switzerland,Europe,M,CO,VH,Public,13.6,,5.5,,14.1,,27.3,615.0,99.9,98.0,52.5,392.0,51.2,405.0,60.4,687.0,49.6,349.0,66.8,367.0,27,642,642.0,642,27.0,True,university of fribourg,423.0,University of Fribourg,Switzerland,6817.0,14.8,0.17,"2 days, 17:35:00",49.0299999999999,39.1,33.8,62.4,71.9,81.3,2026.0,423.0,65.0,"2 days, 17:35:00",university of fribourg,exact_name_country,100.0,True,University of Fribourg,University of Fribourg,university of fribourg,university of fribourg
643.0,,Inha University,Republic of Korea,Asia,L,FC,VH,Private not for Profit,17.5,699.0,19.9,659.0,74.7,198.0,23.8,661.0,17.7,752.0,25.7,650.0,29.4,622.0,28.1,,17.1,779.0,64.7,,26.9,643,643.0,643,26.9,True,inha university,880.0,Inha University,Republic of Korea,14163.0,17.0,0.08,"1 day, 19:57:00",37.5615,31.6,28.2,46.2,83.6,38.1,2026.0,880.0,43.0,"1 day, 19:57:00",inha university,exact_name_country,100.0,True,Inha University,Inha University,inha university,inha university
643.0,,Manchester Metropolitan University,United Kingdom,Europe,XL,CO,VH,Public,18.8,654.0,16.4,,11.4,,16.8,766.0,63.1,369.0,61.4,331.0,65.2,302.0,89.0,189.0,19.2,741.0,78.0,,26.9,643,643.0,643,26.9,True,manchester metropolitan university,620.0,Manchester Metropolitan University,United Kingdom,33935.0,18.1,0.22,"2 days, 10:42:00",43.214,20.8,19.5,78.3,42.7,83.0,2026.0,620.0,58.0,"2 days, 10:42:00",manchester metropolitan university,exact_name_country,100.0,True,Manchester Metropolitan University,Manchester Metropolitan University,manchester metropolitan university,manchester metropolitan university
643.0,,University of Manitoba,Canada,Americas,L,FC,VH,Public,19.2,643.0,20.0,657.0,31.8,604.0,22.6,675.0,,,68.4,287.0,71.5,257.0,70.0,532.0,39.5,442.0,55.7,,26.9,643,643.0,643,26.9,True,university of manitoba,564.0,University of Manitoba,Canada,26170.0,13.7,0.24,"2 days, 6:46:00",44.8375,29.5,25.1,72.9,61.4,60.4,2026.0,564.0,54.0,"2 days, 6:46:00",university of manitoba,exact_name_country,100.0,True,University of Manitoba,University of Manitoba,university of manitoba,university of manitoba
648.0,,King Faisal University,Saudi Arabia,Asia,L,FC,HI,Public,25.3,506.0,29.8,476.0,24.5,743.0,6.3,,99.4,121.0,11.0,,14.9,,66.0,609.0,14.9,,54.3,,26.8,648,648.0,648,26.8,True,king faisal university,700.0,King Faisal University,Saudi Arabia,22366.0,10.4,0.06,"2 days, 17:35:00",41.45,25.6,14.8,73.7,40.4,78.4,2026.0,700.0,65.0,"2 days, 17:35:00",king faisal university,exact_name_country,100.0,True,King Faisal University,King Faisal University,king faisal university,king faisal university
650.0,,University of Brescia,Italy,Europe,M,FO,VH,Public,7.3,,4.1,,8.7,,85.0,124.0,2.0,,8.5,,14.2,,58.8,710.0,11.6,,63.9,,26.7,650,650.0,650,26.7,True,university of brescia,391.0,University of Brescia,Italy,10190.0,24.3,0.05,"2 days, 4:48:00",50.126,35.4,24.7,88.0,72.0,43.2,2026.0,391.0,52.0,"2 days, 4:48:00",university of brescia,exact_name_country,100.0,True,University of Brescia,University of Brescia,university of brescia,university of brescia
654.0,,De La Salle University,Philippines,Asia,L,CO,HI,Private not for Profit,32.7,374.0,58.6,197.0,9.6,,6.8,,2.8,,3.5,,7.8,,27.3,,60.7,266.0,44.1,,26.6,654,654.0,654,26.6,True,de la salle university,1822.0,De La Salle University,Philippines,22790.0,18.5,0.02,"2 days, 3:49:00",21.619,18.3,12.6,31.4,24.1,29.1,2026.0,1822.0,51.0,"2 days, 3:49:00",de la salle university,exact_name_country,100.0,True,De La Salle University,De La Salle University,de la salle university,de la salle university
654.0,,Konkuk University,Republic of Korea,Asia,L,FC,VH,Private not for Profit,11.6,,12.8,,61.3,292.0,34.1,537.0,16.2,774.0,43.9,458.0,49.1,424.0,52.5,799.0,14.7,,61.8,,26.6,654,654.0,654,26.6,True,konkuk university,559.0,Konkuk University,Republic of Korea,11274.0,25.4,0.22,,45.0345,34.2,38.8,50.2,96.4,63.7,2026.0,559.0,,,konkuk university,exact_name_country,100.0,True,Konkuk University,Konkuk University,konkuk university,konkuk university
654.0,,University of South Florida,United States of America,Americas,XL,CO,VH,Public,17.4,,20.4,646.0,13.8,,36.7,507.0,14.3,,41.4,480.0,46.7,444.0,81.9,314.0,13.5,,66.4,,26.6,654,654.0,654,26.6,True,university of south florida,383.0,University of South Florida,United States of America,40449.0,18.0,0.16,,50.3245,33.6,35.5,71.0,99.5,64.5,2026.0,383.0,,,university of south florida,exact_name_country,100.0,True,University of South Florida,University of South Florida,university of south florida,university of south florida
660.0,,Bar-Ilan University,Israel,Asia,L,FC,VH,Public,11.0,,14.3,,10.4,,59.4,293.0,54.4,416.0,4.9,,3.9,,53.2,792.0,33.1,511.0,41.7,,26.5,660,660.0,660,26.5,True,bar ilan university,715.0,Bar-Ilan University,Israel,19887.0,20.6,0.04,"2 days, 10:42:00",40.939,33.8,34.8,52.6,65.9,32.8,2026.0,715.0,58.0,"2 days, 10:42:00",bar ilan university,exact_name_country,100.0,True,Bar-Ilan University,Bar-Ilan University,bar ilan university,bar ilan university
660.0,,Memorial University of Newfoundland,Canada,Americas,L,FC,VH,Public,10.7,,10.5,,15.7,,43.7,431.0,30.7,581.0,78.5,230.0,80.6,200.0,73.6,479.0,17.4,773.0,53.3,,26.5,660,660.0,660,26.5,True,memorial university of newfoundland,527.0,Memorial University of Newfoundland,Canada,16376.0,15.3,0.29,"2 days, 6:46:00",45.7005,30.3,25.7,65.2,82.1,86.2,2026.0,527.0,54.0,"2 days, 6:46:00",memorial university of newfoundland,exact_name_country,100.0,True,Memorial University of Newfoundland,Memorial University of Newfoundland,memorial university of newfoundland,memorial university of newfoundland
664.0,,COMSATS University Islamabad,Pakistan,Asia,XL,CO,VH,Public,17.0,,35.8,403.0,17.0,,36.8,506.0,1.4,,1.6,,6.0,,87.3,212.0,8.3,,62.7,,26.4,664,664.0,664,26.4,True,comsats university islamabad,658.0,COMSATS University Islamabad,Pakistan,33193.0,15.8,0.01,39 : 61,42.1595,19.8,16.9,86.2,43.5,50.9,2026.0,658.0,39.0,39 : 61,comsats university islamabad,exact_name_country,100.0,True,COMSATS University Islamabad,COMSATS University Islamabad,comsats university islamabad,comsats university islamabad
668.0,,Chang Gung University,Taiwan,Asia,M,FO,VH,Private not for Profit,9.3,,6.6,,74.6,200.0,58.2,298.0,7.9,,9.5,,13.2,,25.5,,2.1,,48.8,,26.3,668,668.0,668,26.3,True,chang gung university,805.0,Chang Gung University,Taiwan,7142.0,12.4,0.05,"2 days, 3:49:00",38.972,25.8,35.3,50.2,96.1,29.6,2026.0,805.0,51.0,"2 days, 3:49:00",chang gung university,exact_name_country,100.0,True,Chang Gung University,Chang Gung University,chang gung university,chang gung university
668.0,,Lehigh University,United States of America,Americas,M,CO,VH,Private not for Profit,7.2,,12.4,,30.5,625.0,37.1,501.0,68.9,339.0,40.0,490.0,45.4,459.0,44.9,,45.4,385.0,61.5,,26.3,668,668.0,668,26.3,True,lehigh university,625.0,Lehigh University,United States of America,6933.0,11.6,0.16,"1 day, 22:54:00",42.958,33.8,22.7,61.2,67.6,71.2,2026.0,625.0,46.0,"1 day, 22:54:00",lehigh university,exact_name_country,100.0,True,Lehigh University,Lehigh University,lehigh university,lehigh university
673.0,,East China University of Science and Technology,China (Mainland),Asia,XL,CO,VH,Public,9.1,,10.3,,15.4,,82.5,140.0,3.3,,2.5,,2.1,,43.5,,12.5,,40.2,,26.2,673,673.0,673,26.2,True,east china university of science and technology,657.0,East China University of Science and Technology,China (Mainland),32389.0,19.0,0.02,"1 day, 19:57:00",42.1849999999999,31.1,29.1,63.3,96.6,22.9,2026.0,657.0,43.0,"1 day, 19:57:00",east china university of science and technology,exact_name_country,100.0,True,East China University of Science and Technology,East China University of Science and Technology,east china university of science and technology,east china university of science and technology
673.0,,Stevens Institute of Technology,United States of America,Americas,M,FO,VH,Private not for Profit,4.0,,10.0,,8.4,,60.9,282.0,54.1,418.0,98.7,79.0,98.2,73.0,21.7,,13.5,,46.7,,26.2,673,673.0,673,26.2,True,stevens institute of technology,520.0,Stevens Institute of Technology,United States of America,7887.0,20.8,0.4,29 : 71,45.762,27.6,25.2,72.2,67.8,79.2,2026.0,520.0,29.0,29 : 71,stevens institute of technology,exact_name_country,100.0,True,Stevens Institute of Technology,Stevens Institute of Technology,stevens institute of technology,stevens institute of technology
676.0,,Beirut Arab University,Lebanon,Asia,S,FC,HI,Private not for Profit,20.0,614.0,22.2,597.0,28.8,661.0,7.6,,94.8,180.0,61.1,334.0,56.5,362.0,29.6,,44.1,401.0,42.1,,26.1,676,676.0,676,26.1,True,beirut arab university,799.0,Beirut Arab University,Lebanon,4167.0,10.4,0.21,"1 day, 21:55:00",39.079,43.0,17.3,46.3,21.8,88.2,2026.0,799.0,45.0,"1 day, 21:55:00",beirut arab university,exact_name_country,100.0,True,Beirut Arab University,Beirut Arab University,beirut arab university,beirut arab university
676.0,,Jadavpur University,India,Asia,M,FO,VH,Public,23.2,544.0,10.5,,13.7,,55.8,319.0,,,1.1,,5.5,,44.0,,19.5,733.0,61.4,470.0,26.1,676,676.0,676,26.1,True,jadavpur university,1172.0,Jadavpur University,India,12547.0,19.0,0.0,32 : 68,32.5865,36.6,15.9,45.0,53.9,20.3,2026.0,1172.0,32.0,32 : 68,jadavpur university,exact_name_country,100.0,True,Jadavpur University,Jadavpur University,jadavpur university,jadavpur university
678.0,,University of Haifa,Israel,Asia,L,CO,VH,Public,17.4,,13.0,,15.8,,44.8,417.0,17.8,751.0,6.7,,5.2,,69.6,539.0,29.6,554.0,67.4,360.0,26,678,678.0,678,26.0,True,university of haifa,607.0,University of Haifa,Israel,16297.0,17.5,0.03,"2 days, 18:34:00",43.555,29.6,31.2,68.6,65.0,34.6,2026.0,607.0,66.0,"2 days, 18:34:00",university of haifa,exact_name_country,100.0,True,University of Haifa,University of Haifa,university of haifa,university of haifa
680.0,,Nanjing University of Aeronautics and Astronautics,China (Mainland),Asia,L,FO,VH,Public,6.3,,10.9,,26.4,707.0,79.7,158.0,7.2,,8.8,,6.8,,46.2,,1.3,,37.0,,25.9,680,680.0,680,25.9,True,nanjing university of aeronautics and astronautics,698.0,Nanjing University of Aeronautics and Astronautics,China (Mainland),36035.0,15.4,0.02,,41.4785,30.2,35.4,54.9,98.4,25.3,2026.0,698.0,,,nanjing university of aeronautics and astronautics,exact_name_country,100.0,True,Nanjing University of Aeronautics and Astronautics,Nanjing University of Aeronautics and Astronautics,nanjing university of aeronautics and astronautics,nanjing university of aeronautics and astronautics
680.0,,Ritsumeikan University,Japan,Asia,XL,CO,HI,Private not for Profit,25.7,493.0,61.5,187.0,10.3,,5.0,,36.5,525.0,17.8,766.0,23.9,704.0,41.1,,4.8,,64.4,,25.9,680,680.0,680,25.9,True,ritsumeikan university,1617.0,Ritsumeikan University,Japan,35919.0,18.0,0.1,37 : 63,25.378,20.7,16.2,28.4,63.4,46.9,2026.0,1617.0,37.0,37 : 63,ritsumeikan university,exact_name_country,100.0,True,Ritsumeikan University,Ritsumeikan University,ritsumeikan university,ritsumeikan university
680.0,,University of Brawijaya,Indonesia,Asia,XL,FC,HI,Public,30.1,404.0,55.3,218.0,20.4,,1.9,,35.9,531.0,2.7,,6.9,,27.3,,29.1,567.0,53.3,,25.9,680,680.0,680,25.9,True,university of brawijaya,1756.0,University of Brawijaya,Indonesia,47186.0,16.1,0.04,"2 days, 12:40:00",23.0455,24.9,13.3,23.7,36.2,43.8,2026.0,1756.0,60.0,"2 days, 12:40:00",university of brawijaya,exact_name_country,100.0,True,University of Brawijaya,University of Brawijaya,university of brawijaya,university of brawijaya
684.0,,Comenius University Bratislava,Slovakia,Europe,L,FC,HI,Public,16.8,,14.7,,61.3,293.0,6.9,,8.4,,39.0,504.0,44.5,469.0,68.8,549.0,87.0,126.0,43.7,,25.8,684,684.0,684,25.8,True,comenius university bratislava,1326.0,Comenius University Bratislava,Slovakia,22226.0,10.4,0.17,"2 days, 17:35:00",29.9305,29.4,17.0,37.2,30.0,52.9,2026.0,1326.0,65.0,"2 days, 17:35:00",comenius university bratislava,exact_name_country,100.0,True,Comenius University Bratislava,Comenius University Bratislava,comenius university bratislava,comenius university bratislava
686.0,,Cyprus University of Technology,Cyprus,Asia,S,CO,VH,Public,8.1,,4.9,,49.3,389.0,39.8,472.0,68.1,343.0,42.0,474.0,43.4,478.0,46.6,,11.3,,49.6,,25.7,686,686.0,686,25.7,True,cyprus university of technology,555.0,Cyprus University of Technology,Cyprus,3377.0,15.8,0.15,"2 days, 10:42:00",45.0689999999999,28.9,25.6,75.1,36.3,68.5,2026.0,555.0,58.0,"2 days, 10:42:00",cyprus university of technology,exact_name_country,100.0,True,Cyprus University of Technology,Cyprus University of Technology,cyprus university of technology,cyprus university of technology
688.0,,Baku State University,Azerbaijan,Asia,L,CO,HI,Public,22.0,566.0,20.1,654.0,94.0,85.0,1.9,,13.4,,7.0,,11.2,,22.1,,64.1,243.0,43.3,,25.6,688,688.0,688,25.6,True,baku state university,1791.0,Baku State University,Azerbaijan,19165.0,12.1,0.05,"2 days, 12:40:00",22.4135,30.1,10.1,21.2,21.0,45.4,2026.0,1791.0,60.0,"2 days, 12:40:00",baku state university,exact_name_country,100.0,True,Baku State University,Baku State University,baku state university,baku state university
688.0,576.0,Tomsk Polytechnic University,Russian Federation,Europe,M,FO,VH,Public,9.4,,15.4,,96.0,67.0,7.0,,14.8,,88.8,179.0,83.9,178.0,60.4,686.0,2.0,,47.7,,25.6,688,688.0,688,25.6,True,tomsk polytechnic university,967.0,Tomsk Polytechnic University,Russian Federation,9179.0,11.0,0.35,33 : 67,36.0819999999999,40.9,25.1,29.8,63.5,70.1,2026.0,967.0,33.0,33 : 67,tomsk polytechnic university,exact_name_country,100.0,True,Tomsk Polytechnic University,Tomsk Polytechnic University,tomsk polytechnic university,tomsk polytechnic university
688.0,,Université Côte d’Azur,France,Europe,XL,FC,VH,Public,21.6,573.0,8.2,,9.1,,27.7,609.0,36.5,526.0,51.0,402.0,55.6,367.0,83.3,288.0,13.6,,69.2,,25.6,688,688.0,688,25.6,True,universit c te d azur,652.0,Université Côte d'Azur,France,31714.0,19.8,0.21,"2 days, 9:43:00",42.3194999999999,30.9,20.8,61.4,65.8,81.6,2026.0,652.0,57.0,"2 days, 9:43:00",universit c te d azur,exact_name_country,100.0,True,Université Côte d’Azur,Université Côte d'Azur,universite cote d azur,universite cote d azur
691.0,,Eastern Mediterranean University,Northern Cyprus,Asia,L,FC,HI,Public,9.2,,4.5,,5.6,,31.3,571.0,77.1,311.0,100.0,19.0,100.0,13.0,51.3,,53.6,315.0,45.4,,25.4,691,691.0,691,25.4,True,eastern mediterranean university,763.0,Eastern Mediterranean University,Northern Cyprus,14696.0,23.3,0.72,"2 days, 0:52:00",39.8354999999999,20.2,12.7,77.2,30.9,77.3,2026.0,763.0,48.0,"2 days, 0:52:00",eastern mediterranean university,exact_name_country,100.0,True,Eastern Mediterranean University,Eastern Mediterranean University,eastern mediterranean university,eastern mediterranean university
691.0,,Universidade Federal do Rio Grande Do Sul,Brazil,Americas,XL,FC,VH,Public,36.8,327.0,9.2,,20.0,,15.7,788.0,3.8,,2.4,,7.0,,80.5,344.0,32.3,525.0,63.9,,25.4,691,691.0,691,25.4,True,universidade federal do rio grande do sul,796.0,Universidade Federal do Rio Grande do Sul,Brazil,40018.0,14.4,0.01,"2 days, 4:48:00",39.2215,38.9,23.2,53.6,56.7,35.6,2026.0,796.0,52.0,"2 days, 4:48:00",universidade federal do rio grande do sul,exact_name_country,100.0,True,Universidade Federal do Rio Grande Do Sul,Universidade Federal do Rio Grande do Sul,universidade federal do rio grande do sul,universidade federal do rio grande do sul
695.0,,Rensselaer Polytechnic Institute,United States of America,Americas,M,CO,VH,Private not for Profit,10.2,,17.9,,28.7,662.0,54.7,330.0,,,34.4,547.0,25.7,675.0,25.8,,41.3,423.0,38.7,,25.3,695,695.0,695,25.3,True,rensselaer polytechnic institute,517.0,Rensselaer Polytechnic Institute,United States of America,6873.0,14.6,0.16,31 : 69,45.8455,38.9,27.9,58.1,85.1,72.6,2026.0,517.0,31.0,31 : 69,rensselaer polytechnic institute,exact_name_country,100.0,True,Rensselaer Polytechnic Institute,Rensselaer Polytechnic Institute,rensselaer polytechnic institute,rensselaer polytechnic institute
697.0,,Beijing University of Chemical Technology,China (Mainland),Asia,L,CO,VH,Public,6.1,,7.2,,28.6,668.0,81.5,149.0,3.2,,2.5,,7.1,,36.6,,2.8,,40.5,,25.1,697,697.0,697,25.1,True,beijing university of chemical technology,451.0,Beijing University of Chemical Technology,China (Mainland),26260.0,18.5,0.01,40 : 60,48.0089999999999,26.4,31.8,84.2,96.6,25.0,2026.0,451.0,40.0,40 : 60,beijing university of chemical technology,exact_name_country,100.0,True,Beijing University of Chemical Technology,Beijing University of Chemical Technology,beijing university of chemical technology,beijing university of chemical technology
697.0,,University of Klagenfurt,Austria,Europe,S,CO,VH,Public,7.2,,5.8,,57.4,318.0,16.4,777.0,98.2,138.0,94.8,127.0,95.2,108.0,43.9,,13.6,,36.3,,25.1,697,697.0,697,25.1,True,university of klagenfurt,637.0,University of Klagenfurt,Austria,3377.0,8.7,0.33,"2 days, 18:34:00",42.6369999999999,34.4,19.6,60.5,49.5,89.0,2026.0,637.0,66.0,"2 days, 18:34:00",university of klagenfurt,exact_name_country,100.0,True,University of Klagenfurt,University of Klagenfurt,university of klagenfurt,university of klagenfurt
,,Jeonbuk National University (formerly known as Chonbuk National University),Republic of Korea,Asia,L,FC,VH,Public,19.9,618.0,14.2,,73.7,207.0,21.4,693.0,12.5,,16.5,789.0,20.4,756.0,34.0,,3.5,,64.6,,-,701-710,701.0,701-710,,False,jeonbuk national university,862.0,Jeonbuk National University,Republic of Korea,18726.0,20.3,0.1,"1 day, 22:54:00",37.83,33.3,29.2,46.7,69.4,36.7,2026.0,862.0,46.0,"1 day, 22:54:00",jeonbuk national university,exact_name_country,100.0,True,Jeonbuk National University (formerly known as Chonbuk National University),Jeonbuk National University,jeonbuk national university,jeonbuk national university
,,Kasetsart University,Thailand,Asia,XL,CO,VH,Public,37.4,320.0,37.1,383.0,10.3,,4.6,,7.7,,1.7,,6.2,,46.2,,31.2,534.0,60.8,,-,701-710,701.0,701-710,,False,kasetsart university,1773.0,Kasetsart University,Thailand,69827.0,17.3,0.01,"2 days, 13:39:00",22.782,18.8,15.9,27.8,41.5,35.0,2026.0,1773.0,61.0,"2 days, 13:39:00",kasetsart university,exact_name_country,100.0,True,Kasetsart University,Kasetsart University,kasetsart university,kasetsart university
,565.0,Nanjing University of Science and Technology,China (Mainland),Asia,L,FO,VH,Public,7.0,,8.5,,14.6,,86.1,117.0,,,,,,,38.2,,6.4,,39.4,,-,701-710,701.0,701-710,,False,nanjing university of science and technology,622.0,Nanjing University of Science and Technology (NJUST),China (Mainland),36520.0,15.2,0.02,31 : 69,43.1345,33.4,31.2,66.8,63.4,22.1,2026.0,622.0,31.0,31 : 69,nanjing university of science and technology,exact_name_country,100.0,True,Nanjing University of Science and Technology,Nanjing University of Science and Technology (NJUST),nanjing university of science and technology,nanjing university of science and technology
,,Universidad Panamericana (UP),Mexico,Americas,L,FO,HI,Private not for Profit,15.9,,34.4,419.0,81.2,162.0,1.7,,24.5,655.0,5.0,,4.0,,14.3,,73.5,191.0,36.2,,-,701-710,701.0,701-710,,False,universidad panamericana,1995.0,Universidad Panamericana (UP),Mexico,17141.0,7.6,0.02,"2 days, 3:49:00",17.935,24.5,9.2,12.5,19.3,46.9,2026.0,1995.0,51.0,"2 days, 3:49:00",universidad panamericana,exact_name_country,100.0,True,Universidad Panamericana (UP),Universidad Panamericana (UP),universidad panamericana,universidad panamericana
,,University of Central Florida,United States of America,Americas,XL,FC,VH,Public,18.6,659.0,37.1,384.0,4.1,,33.0,553.0,13.2,,7.7,,6.0,,73.7,475.0,17.4,775.0,45.9,,-,701-710,701.0,701-710,,False,university of central florida,478.0,University of Central Florida,United States of America,61009.0,30.8,0.05,"2 days, 9:43:00",46.9885,29.1,32.8,77.2,74.3,36.8,2026.0,478.0,57.0,"2 days, 9:43:00",university of central florida,exact_name_country,100.0,True,University of Central Florida,University of Central Florida,university of central florida,university of central florida
,,University of Zagreb,Croatia,Europe,XL,FC,VH,Public,23.2,545.0,12.8,,26.8,700.0,8.1,,1.9,,5.1,,10.0,,92.1,145.0,98.4,34.0,60.9,,-,701-710,701.0,701-710,,False,university of zagreb,1269.0,University of Zagreb,Croatia,62046.0,15.8,0.04,"2 days, 13:39:00",30.8684999999999,27.6,19.1,41.8,57.5,31.3,2026.0,1269.0,61.0,"2 days, 13:39:00",university of zagreb,exact_name_country,100.0,True,University of Zagreb,University of Zagreb,university of zagreb,university of zagreb
,,Asia University Taiwan,Taiwan,Asia,M,CO,VH,Private for Profit,9.0,,2.8,,5.1,,79.9,156.0,14.5,,6.0,,10.2,,64.2,633.0,2.1,,36.6,,-,711-720,711.0,711-720,,False,asia university taiwan,492.0,"Asia University, Taiwan",Taiwan,10858.0,29.9,0.03,"2 days, 15:37:00",46.5824999999999,16.6,34.9,82.8,75.3,49.5,2026.0,492.0,63.0,"2 days, 15:37:00",asia university taiwan,exact_name_country,100.0,True,Asia University Taiwan,"Asia University, Taiwan",asia university taiwan,asia university taiwan
,,Budapest University of Technology and Economics,Hungary,Europe,L,FO,VH,Public,20.8,595.0,37.5,375.0,18.6,,15.3,800.0,4.6,,22.7,691.0,28.8,629.0,60.0,691.0,37.8,460.0,57.9,545.0,-,711-720,711.0,711-720,,False,budapest university of technology and economics,1462.0,Budapest University of Technology and Economics,Hungary,18656.0,16.3,0.15,32 : 68,27.9025,23.0,18.4,34.2,65.1,38.9,2026.0,1462.0,32.0,32 : 68,budapest university of technology and economics,exact_name_country,100.0,True,Budapest University of Technology and Economics,Budapest University of Technology and Economics,budapest university of technology and economics,budapest university of technology and economics
,,Drexel University,United States of America,Americas,L,FC,VH,Private not for Profit,8.9,,11.2,,30.2,630.0,36.9,503.0,31.3,572.0,37.4,521.0,43.0,483.0,68.8,552.0,35.3,487.0,48.7,,-,711-720,711.0,711-720,,False,drexel university,421.0,Drexel University,United States of America,18893.0,12.2,0.15,"2 days, 4:48:00",49.066,42.4,25.5,72.1,74.7,60.6,2026.0,421.0,52.0,"2 days, 4:48:00",drexel university,exact_name_country,100.0,True,Drexel University,Drexel University,drexel university,drexel university
,,"Goldsmiths, University of London",United Kingdom,Europe,M,FO,VH,Public,18.3,668.0,7.5,,20.8,,17.0,765.0,89.1,230.0,97.8,93.0,97.9,82.0,22.7,,25.2,637.0,43.0,,-,711-720,711.0,711-720,,False,goldsmiths university of london,575.0,"Goldsmiths, University of London",United Kingdom,8195.0,13.8,0.48,"2 days, 21:31:00",44.506,28.2,23.5,71.2,48.8,80.8,2026.0,575.0,69.0,"2 days, 21:31:00",goldsmiths university of london,exact_name_country,100.0,True,"Goldsmiths, University of London","Goldsmiths, University of London",goldsmiths university of london,goldsmiths university of london
,595.0,ITMO University,Russian Federation,Europe,L,FO,VH,Public,12.7,,17.4,,92.6,89.0,11.0,,27.2,621.0,44.5,453.0,49.7,418.0,60.1,689.0,3.9,,26.6,,-,711-720,711.0,711-720,,False,itmo university,1018.0,ITMO University,Russian Federation,14352.0,17.8,0.17,32 : 68,35.1055,30.4,29.9,33.0,80.6,57.9,2026.0,1018.0,32.0,32 : 68,itmo university,exact_name_country,100.0,True,ITMO University,ITMO University,itmo university,itmo university
,,Toronto Metropolitan University (formerly Ryerson University),Canada,Americas,XL,CO,VH,Public,12.5,,19.4,673.0,2.3,,41.0,459.0,46.5,458.0,19.6,736.0,25.7,676.0,60.9,679.0,20.1,723.0,66.0,,-,711-720,711.0,711-720,,False,toronto metropolitan university,687.0,Toronto Metropolitan University,Canada,37827.0,39.8,0.11,"2 days, 6:46:00",41.6279999999999,22.4,32.0,61.1,69.0,62.0,2026.0,687.0,54.0,"2 days, 6:46:00",toronto metropolitan university,exact_name_country,100.0,True,Toronto Metropolitan University (formerly Ryerson University),Toronto Metropolitan University,toronto metropolitan university,toronto metropolitan university
,,University of Nebraska - Lincoln,United States of America,Americas,L,CO,VH,Public,14.3,,11.5,,23.8,756.0,37.7,495.0,27.1,622.0,12.1,,18.1,794.0,79.6,359.0,17.5,771.0,63.8,,-,711-720,711.0,711-720,,False,university of nebraska lincoln,548.0,University of Nebraska-Lincoln,United States of America,23880.0,16.7,0.07,"2 days, 2:50:00",45.2619999999999,33.1,31.4,63.9,68.6,59.7,2026.0,548.0,50.0,"2 days, 2:50:00",university of nebraska lincoln,exact_name_country,100.0,True,University of Nebraska - Lincoln,University of Nebraska-Lincoln,university of nebraska lincoln,university of nebraska lincoln
,,Prince Sattam Bin Abdulaziz University,Saudi Arabia,Asia,L,FO,VH,Public,6.4,,3.1,,69.3,237.0,19.6,720.0,99.6,109.0,15.5,,18.4,789.0,93.6,109.0,3.0,,36.3,,-,721-730,721.0,721-730,,False,prince sattam bin abdulaziz university,440.0,Prince Sattam Bin Abdulaziz University,Saudi Arabia,24820.0,10.8,0.06,"2 days, 19:33:00",48.3704999999999,25.4,28.8,80.8,57.7,79.7,2026.0,440.0,67.0,"2 days, 19:33:00",prince sattam bin abdulaziz university,exact_name_country,100.0,True,Prince Sattam Bin Abdulaziz University,Prince Sattam Bin Abdulaziz University,prince sattam bin abdulaziz university,prince sattam bin abdulaziz university
,,Taras Shevchenko National University of Kyiv,Ukraine,Europe,L,CO,VH,Public,21.9,567.0,50.1,254.0,30.7,619.0,3.9,,1.7,,3.7,,8.2,,37.6,,72.0,200.0,37.9,,-,721-730,721.0,721-730,,False,taras shevchenko national university of kyiv,1803.0,Taras Shevchenko National University of Kyiv,Ukraine,25696.0,11.2,0.05,"2 days, 8:44:00",22.1989999999999,25.7,15.4,22.4,28.6,30.5,2026.0,1803.0,56.0,"2 days, 8:44:00",taras shevchenko national university of kyiv,exact_name_country,100.0,True,Taras Shevchenko National University of Kyiv,Taras Shevchenko National University of Kyiv,taras shevchenko national university of kyiv,taras shevchenko national university of kyiv
,,Temple University,United States of America,Americas,L,FC,VH,Public,16.8,,15.0,,37.9,534.0,24.6,647.0,4.4,,11.6,,17.5,,64.7,625.0,38.7,447.0,72.1,,-,721-730,721.0,721-730,,False,temple university,417.0,Temple University,United States of America,30684.0,11.3,0.06,"2 days, 9:43:00",49.19,43.2,22.6,79.9,70.8,41.2,2026.0,417.0,57.0,"2 days, 9:43:00",temple university,exact_name_country,100.0,True,Temple University,Temple University,temple university,temple university
,,University of Patras,Greece,Europe,L,FC,VH,Public,16.8,,25.7,527.0,4.2,,44.3,425.0,2.3,,9.2,,14.3,,66.2,606.0,4.7,,65.3,392.0,-,721-730,721.0,721-730,,False,university of patras,983.0,University of Patras,Greece,28311.0,27.5,0.06,"2 days, 3:49:00",35.7945,18.5,23.6,60.0,73.2,34.2,2026.0,983.0,51.0,"2 days, 3:49:00",university of patras,exact_name_country,100.0,True,University of Patras,University of Patras,university of patras,university of patras
,,UWE Bristol (University of the West of England),United Kingdom,Europe,XL,CO,HI,Public,10.6,,15.1,,8.9,,25.2,633.0,66.1,354.0,88.9,176.0,89.9,150.0,72.4,493.0,4.2,,53.3,,-,721-730,721.0,721-730,,False,uwe bristol,747.0,UWE Bristol (University of the West of England),United Kingdom,30220.0,16.4,0.29,"2 days, 4:48:00",40.228,18.8,14.6,73.3,59.2,81.2,2026.0,747.0,52.0,"2 days, 4:48:00",uwe bristol,exact_name_country,100.0,True,UWE Bristol (University of the West of England),UWE Bristol (University of the West of England),uwe bristol,uwe bristol
,,Far Eastern Federal University,Russian Federation,Europe,L,CO,HI,Public,13.9,,9.5,,98.7,47.0,2.6,,16.7,769.0,79.3,226.0,80.5,204.0,48.0,,7.1,,37.5,,-,731-740,731.0,731-740,,False,far eastern federal university,1664.0,Far Eastern Federal University,Russian Federation,18054.0,15.6,0.21,"2 days, 11:41:00",24.59,29.1,18.4,16.4,30.3,60.5,2026.0,1664.0,59.0,"2 days, 11:41:00",far eastern federal university,exact_name_country,100.0,True,Far Eastern Federal University,Far Eastern Federal University,far eastern federal university,far eastern federal university
,,National Institute of Technology Tiruchirappalli,India,Asia,M,FO,VH,Public,4.1,,5.3,,10.6,,89.5,105.0,,,3.5,,7.5,,38.2,,8.8,,37.4,,-,731-740,731.0,731-740,,False,national institute of technology tiruchirappalli,981.0,"National Institute of Technology, Tiruchirappalli",India,7452.0,22.2,0.02,24 : 76,35.8125,33.2,22.1,54.0,43.8,22.1,2026.0,981.0,24.0,24 : 76,national institute of technology tiruchirappalli,exact_name_country,100.0,True,National Institute of Technology Tiruchirappalli,"National Institute of Technology, Tiruchirappalli",national institute of technology tiruchirappalli,national institute of technology tiruchirappalli
,,Princess Nourah bint Abdulrahman University,Saudi Arabia,Asia,L,CO,VH,Public,18.3,666.0,24.1,561.0,28.7,664.0,7.2,,83.8,264.0,31.3,575.0,35.9,537.0,74.6,452.0,2.8,,49.8,,-,731-740,731.0,731-740,,False,princess nourah bint abdulrahman university,504.0,Princess Nourah bint Abdulrahman University,Saudi Arabia,20015.0,11.0,0.12,"4 days, 4:00:00",46.2145,29.3,21.8,78.5,33.1,85.0,2026.0,504.0,100.0,"4 days, 4:00:00",princess nourah bint abdulrahman university,exact_name_country,100.0,True,Princess Nourah bint Abdulrahman University,Princess Nourah bint Abdulrahman University,princess nourah bint abdulrahman university,princess nourah bint abdulrahman university
,,Texas Tech University,United States of America,Americas,XL,FC,HI,Public,14.5,,26.9,509.0,10.0,,18.8,739.0,63.8,364.0,17.4,777.0,23.5,714.0,70.6,517.0,28.1,591.0,66.1,,-,731-740,731.0,731-740,,False,texas tech university,756.0,Texas Tech University,United States of America,37631.0,20.8,0.08,"2 days, 2:50:00",39.9905,31.6,22.0,57.8,64.4,58.3,2026.0,756.0,50.0,"2 days, 2:50:00",texas tech university,exact_name_country,100.0,True,Texas Tech University,Texas Tech University,texas tech university,texas tech university
,,Aberystwyth University,United Kingdom,Europe,M,CO,VH,Public,12.8,,11.5,,27.6,687.0,23.9,658.0,61.3,,42.0,475.0,45.4,457.0,63.3,646.0,11.0,,63.1,,-,741-750,741.0,741-750,,False,aberystwyth university,686.0,Aberystwyth University,United Kingdom,6330.0,15.1,0.21,"2 days, 4:48:00",41.66,26.9,22.2,61.9,62.1,83.1,2026.0,686.0,52.0,"2 days, 4:48:00",aberystwyth university,exact_name_country,100.0,True,Aberystwyth University,Aberystwyth University,aberystwyth university,aberystwyth university
,,Brandeis University,United States of America,Americas,M,CO,VH,Private not for Profit,12.8,,9.7,,50.2,381.0,25.0,638.0,33.0,554.0,83.4,201.0,62.1,322.0,24.7,,30.5,544.0,28.8,,-,741-750,741.0,741-750,,False,brandeis university,445.0,Brandeis University,United States of America,4949.0,10.8,0.34,"2 days, 8:44:00",48.1299999999999,37.3,26.1,70.0,64.5,79.7,2026.0,445.0,56.0,"2 days, 8:44:00",brandeis university,exact_name_country,100.0,True,Brandeis University,Brandeis University,brandeis university,brandeis university
,,Kaunas University of Technology,Lithuania,Europe,M,FO,VH,Public,15.1,,22.0,602.0,37.9,533.0,17.5,761.0,4.8,,40.0,489.0,45.4,458.0,68.6,556.0,29.0,570.0,58.9,,-,741-750,741.0,741-750,,False,kaunas university of technology,1078.0,Kaunas University of Technology,Lithuania,7308.0,13.0,0.11,34 : 66,34.0819999999999,25.2,19.9,52.8,46.8,42.2,2026.0,1078.0,34.0,34 : 66,kaunas university of technology,exact_name_country,100.0,True,Kaunas University of Technology,Kaunas University of Technology,kaunas university of technology,kaunas university of technology
,,Plekhanov Russian University of Economics,Russian Federation,Europe,L,FO,VH,Public,15.5,,30.1,474.0,57.8,314.0,3.3,,4.1,,26.7,636.0,31.7,595.0,61.2,674.0,55.2,300.0,42.4,,-,741-750,741.0,741-750,,False,plekhanov russian university of economics,1737.0,Plekhanov Russian University of Economics,Russian Federation,13681.0,8.5,0.14,"2 days, 7:45:00",23.5099999999999,26.8,13.3,25.0,23.3,44.2,2026.0,1737.0,55.0,"2 days, 7:45:00",plekhanov russian university of economics,exact_name_country,100.0,True,Plekhanov Russian University of Economics,Plekhanov Russian University of Economics,plekhanov russian university of economics,plekhanov russian university of economics
,,Syracuse University,United States of America,Americas,L,CO,VH,Private not for Profit,17.0,,18.3,699.0,16.1,,17.0,763.0,25.2,648.0,45.5,443.0,50.5,410.0,56.7,742.0,58.0,285.0,60.9,,-,741-750,741.0,741-750,,False,syracuse university,460.0,Syracuse University,United States of America,21104.0,15.4,0.21,"2 days, 6:46:00",47.6219999999999,35.5,27.9,71.1,64.4,68.7,2026.0,460.0,54.0,"2 days, 6:46:00",syracuse university,exact_name_country,100.0,True,Syracuse University,Syracuse University,syracuse university,syracuse university
,,The Catholic University of Korea,Republic of Korea,Asia,M,FC,VH,Private not for Profit,7.9,,6.0,,97.4,61.0,31.0,576.0,4.7,,52.9,390.0,47.1,441.0,14.3,,1.9,,44.8,,-,741-750,741.0,741-750,,False,the catholic university of korea,629.0,The Catholic University of Korea (CUK),Republic of Korea,7349.0,18.6,0.15,"2 days, 10:42:00",42.858,31.6,39.0,50.9,92.9,43.2,2026.0,629.0,58.0,"2 days, 10:42:00",the catholic university of korea,exact_name_country,100.0,True,The Catholic University of Korea,The Catholic University of Korea (CUK),the catholic university of korea,the catholic university of korea
,,University of Baghdad,Iraq,Asia,XL,FC,VH,Public,18.1,675.0,41.2,330.0,31.1,614.0,2.5,,2.8,,1.2,,1.1,,69.0,545.0,85.6,134.0,43.4,,-,741-750,741.0,741-750,,False,university of baghdad,1720.0,University of Baghdad,Iraq,75593.0,11.2,0.0,"2 days, 12:40:00",23.7724999999999,28.3,14.8,28.2,29.3,20.0,2026.0,1720.0,60.0,"2 days, 12:40:00",university of baghdad,exact_name_country,100.0,True,University of Baghdad,University of Baghdad,university of baghdad,university of baghdad
,,University of Malta,Malta,Europe,M,FC,VH,Public,9.3,,7.4,,47.7,408.0,10.1,,33.1,551.0,42.2,472.0,47.5,436.0,76.8,409.0,98.1,40.0,38.2,,-,741-750,741.0,741-750,,False,university of malta,926.0,University of Malta,Malta,9650.0,11.8,0.18,"2 days, 13:39:00",36.7905,24.9,18.2,61.6,36.8,56.2,2026.0,926.0,61.0,"2 days, 13:39:00",university of malta,exact_name_country,100.0,True,University of Malta,University of Malta,university of malta,university of malta
,,University of Messina,Italy,Europe,L,FC,VH,Public,12.6,,2.9,,18.6,,55.5,323.0,1.4,,17.8,767.0,23.9,706.0,78.6,375.0,1.6,,61.5,,-,741-750,741.0,741-750,,False,university of messina,538.0,University of Messina,Italy,14308.0,22.7,0.06,"2 days, 15:37:00",45.508,35.6,28.1,71.8,64.3,36.6,2026.0,538.0,63.0,"2 days, 15:37:00",university of messina,exact_name_country,100.0,True,University of Messina,University of Messina,university of messina,university of messina
,,University of Pecs,Hungary,Europe,L,FC,HI,Public,20.1,613.0,20.1,653.0,52.3,357.0,5.0,,12.8,,77.3,240.0,79.5,211.0,42.4,,12.8,,53.7,,-,741-750,741.0,741-750,,False,university of pecs,1187.0,University of Pécs,Hungary,15829.0,15.2,0.24,"2 days, 12:40:00",32.2874999999999,32.4,18.7,38.3,40.6,55.9,2026.0,1187.0,60.0,"2 days, 12:40:00",university of p cs,exact_name_country,100.0,True,University of Pecs,University of Pécs,university of pecs,university of pecs
,,Victoria University,Australia,Oceania,L,CO,HI,Public,9.2,,10.1,,3.4,,48.7,381.0,23.6,667.0,74.6,256.0,77.1,225.0,48.9,,9.7,,59.3,,-,741-750,741.0,741-750,,False,victoria university,597.0,Victoria University,Australia,14540.0,29.4,0.25,"2 days, 11:41:00",43.8669999999999,22.9,24.7,74.5,55.9,71.5,2026.0,597.0,59.0,"2 days, 11:41:00",victoria university,exact_name_country,100.0,True,Victoria University,Victoria University,victoria university,victoria university
,,Vytautas Magnus University,Lithuania,Europe,M,FO,VH,Public,14.0,,19.9,658.0,44.2,447.0,5.0,,46.8,455.0,70.8,270.0,73.5,244.0,62.8,653.0,26.8,611.0,47.0,,-,741-750,741.0,741-750,,False,vytautas magnus university,1467.0,Vytautas Magnus University,Lithuania,8381.0,10.6,0.19,"2 days, 23:29:00",27.8629999999999,23.7,12.9,36.9,21.2,69.5,2026.0,1467.0,71.0,"2 days, 23:29:00",vytautas magnus university,exact_name_country,100.0,True,Vytautas Magnus University,Vytautas Magnus University,vytautas magnus university,vytautas magnus university
,,University of Oregon,United States of America,Americas,L,CO,VH,Public,23.2,543.0,22.5,592.0,14.7,,25.3,632.0,10.5,,5.4,,4.3,,53.8,785.0,36.9,470.0,55.7,,-,751-760,751.0,751-760,,False,university of oregon,458.0,University of Oregon,United States of America,22659.0,13.7,0.05,"2 days, 11:41:00",47.7035,34.7,30.0,75.7,73.8,41.4,2026.0,458.0,59.0,"2 days, 11:41:00",university of oregon,exact_name_country,100.0,True,University of Oregon,University of Oregon,university of oregon,university of oregon
,,University of Trieste,Italy,Europe,L,FC,VH,Public,16.1,,7.8,,5.5,,53.8,345.0,11.6,,16.8,783.0,22.9,721.0,70.8,514.0,18.7,746.0,36.4,,-,751-760,751.0,751-760,,False,university of trieste,509.0,University of Trieste,Italy,18016.0,24.3,0.08,"2 days, 10:42:00",45.993,34.3,27.7,72.4,57.6,50.9,2026.0,509.0,58.0,"2 days, 10:42:00",university of trieste,exact_name_country,100.0,True,University of Trieste,University of Trieste,university of trieste,university of trieste
,,Al-Ahliyya Amman University,Jordan,Asia,M,FO,VH,Private not for Profit,17.1,,21.0,625.0,15.8,,6.4,,93.7,196.0,100.0,29.0,98.0,79.0,32.7,,6.0,,38.2,,-,761-770,761.0,761-770,,False,al ahliyya amman university,441.0,Al-Ahliyya Amman University,Jordan,4510.0,14.8,0.64,"2 days, 4:48:00",48.3609999999999,18.6,24.7,88.0,56.9,93.8,2026.0,441.0,52.0,"2 days, 4:48:00",al ahliyya amman university,exact_name_country,100.0,True,Al-Ahliyya Amman University,Al-Ahliyya Amman University,al ahliyya amman university,al ahliyya amman university
,,Bangladesh University of Engineering and Technology,Bangladesh,Asia,M,SP,VH,Public,21.3,582.0,42.5,316.0,15.6,,30.8,578.0,,,,,,,23.0,,29.9,551.0,30.0,,-,761-770,761.0,761-770,,False,bangladesh university of engineering and technology,1032.0,Bangladesh University of Engineering and Technology,Bangladesh,5814.0,11.3,0.0,0.9708333333333333,34.891,23.1,15.2,65.4,38.4,33.5,2026.0,1032.0,,0.9708333333333333,bangladesh university of engineering and technology,exact_name_country,100.0,True,Bangladesh University of Engineering and Technology,Bangladesh University of Engineering and Technology,bangladesh university of engineering and technology,bangladesh university of engineering and technology
,,"Government College University, Faisalabad",Pakistan,Asia,L,CO,VH,Public,4.2,,7.1,,7.6,,72.2,197.0,1.3,,1.1,,5.5,,77.6,392.0,33.5,503.0,32.2,,-,761-770,761.0,761-770,,False,government college university faisalabad,750.0,Government College University Faisalabad,Pakistan,22898.0,26.6,0.0,"2 days, 7:45:00",40.1685,20.3,17.7,81.4,22.3,49.8,2026.0,750.0,55.0,"2 days, 7:45:00",government college university faisalabad,exact_name_country,100.0,True,"Government College University, Faisalabad",Government College University Faisalabad,government college university faisalabad,government college university faisalabad
,,New Jersey Institute of Technology (NJIT),United States of America,Americas,M,FO,VH,Public,7.5,,19.8,666.0,13.2,,40.6,462.0,36.0,529.0,65.4,306.0,68.7,281.0,37.7,,10.4,,54.2,,-,761-770,761.0,761-770,,False,new jersey institute of technology,591.0,New Jersey Institute of Technology,United States of America,10459.0,14.9,0.29,29 : 71,44.062,27.5,23.3,65.2,68.5,91.9,2026.0,591.0,29.0,29 : 71,new jersey institute of technology,exact_name_country,100.0,True,New Jersey Institute of Technology (NJIT),New Jersey Institute of Technology,new jersey institute of technology,new jersey institute of technology
,,Riga Technical University,Latvia,Europe,M,CO,VH,Public,12.6,,31.9,449.0,31.7,606.0,6.0,,22.1,686.0,84.9,195.0,86.3,165.0,38.2,,40.5,432.0,47.6,,-,761-770,761.0,761-770,,False,riga technical university,1174.0,Riga Technical University,Latvia,10472.0,31.7,0.33,35 : 65,32.5725,27.1,25.3,33.6,56.4,65.4,2026.0,1174.0,35.0,35 : 65,riga technical university,exact_name_country,100.0,True,Riga Technical University,Riga Technical University,riga technical university,riga technical university
,,University of Belgrade,Serbia,Europe,XL,FC,VH,Public,23.6,536.0,14.0,,6.5,,10.1,,3.6,,7.4,,5.8,,94.5,91.0,98.4,36.0,52.1,,-,761-770,761.0,761-770,,False,university of belgrade,1069.0,University of Belgrade,Serbia,91512.0,18.1,0.05,"2 days, 13:39:00",34.25,22.6,27.3,50.9,31.9,41.6,2026.0,1069.0,61.0,"2 days, 13:39:00",university of belgrade,exact_name_country,100.0,True,University of Belgrade,University of Belgrade,university of belgrade,university of belgrade
,,University of Bucharest,Romania,Europe,XL,CO,VH,Public,21.1,590.0,35.9,400.0,9.0,,8.3,,3.5,,4.8,,10.0,,72.3,495.0,67.9,226.0,60.8,,-,761-770,761.0,761-770,,False,university of bucharest,1066.0,University of Bucharest,Romania,31127.0,32.1,0.02,"2 days, 22:30:00",34.2785,21.6,24.1,58.4,27.0,30.9,2026.0,1066.0,70.0,"2 days, 22:30:00",university of bucharest,exact_name_country,100.0,True,University of Bucharest,University of Bucharest,university of bucharest,university of bucharest
,,University of Nizwa,Oman,Asia,S,CO,VH,Private not for Profit,11.0,,12.8,,47.5,412.0,13.0,,100.0,32.0,26.2,642.0,27.0,653.0,26.1,,73.5,190.0,19.0,,-,761-770,761.0,761-770,,False,university of nizwa,500.0,University of Nizwa,Oman,3498.0,8.9,0.11,"3 days, 5:23:00",46.2744999999999,28.1,26.0,76.2,34.0,83.0,2026.0,500.0,77.0,"3 days, 5:23:00",university of nizwa,exact_name_country,100.0,True,University of Nizwa,University of Nizwa,university of nizwa,university of nizwa
,,Holy Spirit University of Kaslik,Lebanon,Asia,M,FO,HI,Private not for Profit,11.1,,20.7,637.0,70.4,226.0,3.8,,99.4,117.0,52.2,397.0,53.4,383.0,9.6,,7.3,,38.0,,-,771-780,771.0,771-780,,False,holy spirit university of kaslik,1454.0,Holy Spirit University of Kaslik,Lebanon,7374.0,13.0,0.14,"2 days, 7:45:00",28.0084999999999,23.0,9.9,38.5,19.5,80.3,2026.0,1454.0,55.0,"2 days, 7:45:00",holy spirit university of kaslik,exact_name_country,100.0,True,Holy Spirit University of Kaslik,Holy Spirit University of Kaslik,holy spirit university of kaslik,holy spirit university of kaslik
,,Rovira i Virgili University,Spain,Europe,L,FC,VH,Public,9.5,,4.5,,19.9,,48.0,388.0,9.8,,28.4,610.0,34.4,559.0,82.2,309.0,1.8,,65.0,,-,771-780,771.0,771-780,,False,rovira i virgili university,714.0,Rovira i Virgili University,Spain,14226.0,13.2,0.12,"2 days, 12:40:00",40.9679999999999,28.2,25.1,62.5,57.5,57.6,2026.0,714.0,60.0,"2 days, 12:40:00",rovira i virgili university,exact_name_country,100.0,True,Rovira i Virgili University,Rovira i Virgili University,rovira i virgili university,rovira i virgili university
,,Thapar Institute of Engineering & Technology,India,Asia,M,FO,VH,Public,4.0,,9.3,,14.3,,71.2,206.0,17.1,763.0,4.7,,8.7,,33.7,,11.6,,58.5,,-,771-780,771.0,771-780,,False,thapar institute of engineering and technology,692.0,Thapar Institute of Engineering and Technology,India,7763.0,15.0,0.04,35 : 65,41.5709999999999,33.3,17.6,72.5,38.9,44.5,2026.0,692.0,35.0,35 : 65,thapar institute of engineering and technology,exact_name_country,100.0,True,Thapar Institute of Engineering & Technology,Thapar Institute of Engineering and Technology,thapar institute of engineering and technology,thapar institute of engineering and technology
,,Alexandria University,Egypt,Africa,XL,FC,VH,Public,32.7,376.0,24.2,555.0,7.2,,3.5,,1.9,,13.6,,19.0,780.0,80.7,341.0,33.0,514.0,56.6,,-,781-790,781.0,781-790,,False,alexandria university,980.0,Alexandria University,Egypt,186461.0,17.6,0.07,"2 days, 5:47:00",35.8275,20.7,18.2,63.5,31.7,55.0,2026.0,980.0,53.0,"2 days, 5:47:00",alexandria university,exact_name_country,100.0,True,Alexandria University,Alexandria University,alexandria university,alexandria university
,,Carleton University,Canada,Americas,L,CO,VH,Public,15.6,,16.8,,7.3,,18.6,743.0,17.6,756.0,56.9,364.0,42.4,489.0,74.9,443.0,43.1,407.0,61.1,,-,781-790,781.0,781-790,,False,carleton university,580.0,Carleton University,Canada,27612.0,27.0,0.22,"2 days, 1:51:00",44.331,23.4,31.5,64.9,79.2,75.4,2026.0,580.0,49.0,"2 days, 1:51:00",carleton university,exact_name_country,100.0,True,Carleton University,Carleton University,carleton university,carleton university
,,Georgia State University,United States of America,Americas,L,FO,VH,Public,14.8,,29.1,486.0,6.0,,33.2,547.0,6.6,,18.9,747.0,14.3,,64.6,627.0,29.0,572.0,47.3,,-,781-790,781.0,781-790,,False,georgia state university,590.0,Georgia State University,United States of America,32292.0,16.6,0.09,"2 days, 12:40:00",44.076,32.9,26.7,67.1,62.5,53.3,2026.0,590.0,60.0,"2 days, 12:40:00",georgia state university,exact_name_country,100.0,True,Georgia State University,Georgia State University,georgia state university,georgia state university
,,Kuwait University,Kuwait,Asia,XL,FC,HI,Public,20.9,594.0,17.5,,9.4,,5.5,,24.1,662.0,32.0,567.0,37.8,519.0,55.1,769.0,97.1,56.0,58.3,,-,781-790,781.0,781-790,,False,kuwait university,1287.0,Kuwait University,Kuwait,29943.0,18.3,0.13,"3 days, 1:27:00",30.565,18.0,11.4,53.7,33.1,60.2,2026.0,1287.0,73.0,"3 days, 1:27:00",kuwait university,exact_name_country,100.0,True,Kuwait University,Kuwait University,kuwait university,kuwait university
,,University of Kentucky,United States of America,Americas,L,FC,VH,Public,15.0,,15.0,,19.2,,32.1,561.0,18.2,739.0,5.7,,4.5,,77.3,401.0,24.4,651.0,59.6,,-,781-790,781.0,781-790,,False,university of kentucky,443.0,University of Kentucky,United States of America,28680.0,11.4,0.03,"2 days, 12:40:00",48.318,44.0,29.6,68.8,71.1,43.6,2026.0,443.0,60.0,"2 days, 12:40:00",university of kentucky,exact_name_country,100.0,True,University of Kentucky,University of Kentucky,university of kentucky,university of kentucky
,,University of Mons,Belgium,Europe,M,CO,VH,Public,7.0,,8.1,,5.2,,53.2,349.0,40.9,491.0,47.0,432.0,50.6,409.0,43.6,,7.3,,54.4,,-,781-790,781.0,781-790,,False,university of mons,648.0,University of Mons,Belgium,8374.0,26.7,0.17,"2 days, 8:44:00",42.4409999999999,27.2,30.9,58.4,66.4,70.4,2026.0,648.0,56.0,"2 days, 8:44:00",university of mons,exact_name_country,100.0,True,University of Mons,University of Mons,university of mons,university of mons
,,V.N. Karazin Kharkiv National University,Ukraine,Europe,L,FC,HI,Public,14.3,,30.2,470.0,70.5,222.0,1.9,,4.4,,67.8,291.0,69.0,276.0,35.2,,4.6,,46.2,,-,781-790,781.0,781-790,,False,v n karazin kharkiv national university,1908.0,V.N. Karazin Kharkiv National University,Ukraine,17491.0,8.3,0.27,"2 days, 3:49:00",19.6645,26.8,11.2,12.1,35.2,46.3,2026.0,1908.0,51.0,"2 days, 3:49:00",v n karazin kharkiv national university,exact_name_country,100.0,True,V.N. Karazin Kharkiv National University,V.N. Karazin Kharkiv National University,v n karazin kharkiv national university,v n karazin kharkiv national university
,,Wayne State University,United States of America,Americas,L,FC,VH,Public,9.0,,6.8,,70.3,228.0,18.0,752.0,17.9,747.0,10.5,,8.1,,69.8,536.0,34.1,499.0,66.9,,-,781-790,781.0,781-790,,False,wayne state university,515.0,Wayne State University,United States of America,20958.0,12.7,0.05,"2 days, 11:41:00",45.876,38.9,22.1,72.1,80.1,42.1,2026.0,515.0,59.0,"2 days, 11:41:00",wayne state university,exact_name_country,100.0,True,Wayne State University,Wayne State University,wayne state university,wayne state university
,,Chiba University,Japan,Asia,L,FC,VH,Public,22.5,555.0,12.5,,65.8,261.0,17.8,755.0,11.3,,7.9,,12.1,,30.2,,6.2,,48.7,,-,791-800,791.0,791-800,,False,chiba university,1055.0,Chiba University,Japan,13630.0,8.6,0.05,38 : 62,34.54,33.7,21.1,43.7,70.3,34.1,2026.0,1055.0,38.0,38 : 62,chiba university,exact_name_country,100.0,True,Chiba University,Chiba University,chiba university,chiba university
,,Norwegian University of Life Sciences (UMB),Norway,Europe,M,FO,VH,,8.2,,8.2,,100.0,15.0,13.4,,,,,,,,77.7,390.0,25.5,630.0,50.8,,-,791-800,791.0,791-800,,False,norwegian university of life sciences,863.0,Norwegian University of Life Sciences,Norway,8193.0,8.4,0.07,"2 days, 9:43:00",37.8204999999999,32.0,15.4,58.4,40.8,63.5,2026.0,863.0,57.0,"2 days, 9:43:00",norwegian university of life sciences,exact_name_country,100.0,True,Norwegian University of Life Sciences (UMB),Norwegian University of Life Sciences,norwegian university of life sciences,norwegian university of life sciences
,,Universiti Tunku Abdul Rahman (UTAR),Malaysia,Asia,M,FC,HI,Private not for Profit,19.4,636.0,43.9,304.0,19.2,,13.4,,15.8,784.0,8.0,,11.9,,51.7,,5.1,,57.7,548.0,-,791-800,791.0,791-800,,False,universiti tunku abdul rahman,1132.0,Universiti Tunku Abdul Rahman (UTAR),Malaysia,15730.0,12.9,0.13,"2 days, 4:48:00",33.1879999999999,20.8,17.8,51.5,63.5,52.0,2026.0,1132.0,52.0,"2 days, 4:48:00",universiti tunku abdul rahman,exact_name_country,100.0,True,Universiti Tunku Abdul Rahman (UTAR),Universiti Tunku Abdul Rahman (UTAR),universiti tunku abdul rahman,universiti tunku abdul rahman
,,Wake Forest University,United States of America,Americas,M,FC,VH,Private not for Profit,7.4,,18.9,688.0,100.0,6.0,11.9,,6.2,,16.0,798.0,12.1,,38.8,,28.3,589.0,42.2,,-,791-800,791.0,791-800,,False,wake forest university,431.0,Wake Forest University,United States of America,8289.0,3.4,0.1,"2 days, 8:44:00",48.6825,38.0,23.2,80.5,92.3,38.7,2026.0,431.0,56.0,"2 days, 8:44:00",wake forest university,exact_name_country,100.0,True,Wake Forest University,Wake Forest University,wake forest university,wake forest university
,,AGH University of Krakow,Poland,Europe,L,CO,VH,Public,13.1,,30.6,465.0,54.7,344.0,12.7,,4.4,,7.3,,12.1,,75.6,430.0,4.0,,47.4,,-,801-850,801.0,801-850,,False,agh university of krakow,1125.0,AGH University of Krakow,Poland,17827.0,10.2,0.04,33 : 67,33.3244999999999,32.7,21.6,39.8,71.6,34.8,2026.0,1125.0,33.0,33 : 67,agh university of krakow,exact_name_country,100.0,True,AGH University of Krakow,AGH University of Krakow,agh university of krakow,agh university of krakow
,,Alfaisal University,Saudi Arabia,Asia,S,FO,VH,Private not for Profit,7.9,,5.9,,31.7,605.0,21.8,687.0,100.0,29.0,96.7,102.0,92.4,127.0,28.1,,5.7,,31.0,,-,801-850,801.0,801-850,,False,alfaisal university,586.0,Alfaisal University,Saudi Arabia,3443.0,11.3,0.37,"2 days, 10:42:00",44.2099999999999,24.2,19.5,73.7,50.4,97.2,2026.0,586.0,58.0,"2 days, 10:42:00",alfaisal university,exact_name_country,100.0,True,Alfaisal University,Alfaisal University,alfaisal university,alfaisal university
,,Azerbaijan State University of Economics,Azerbaijan,Asia,L,FO,HI,Public,21.2,587.0,37.2,379.0,36.7,548.0,1.5,,32.0,563.0,10.7,,13.9,,11.7,,51.5,329.0,39.2,,-,801-850,801.0,801-850,,False,azerbaijan state university of economics,905.0,Azerbaijan State University of Economics,Azerbaijan,13473.0,9.2,0.07,"1 day, 20:56:00",37.1509999999999,23.4,9.3,74.5,19.4,59.0,2026.0,905.0,44.0,"1 day, 20:56:00",azerbaijan state university of economics,exact_name_country,100.0,True,Azerbaijan State University of Economics,Azerbaijan State University of Economics,azerbaijan state university of economics,azerbaijan state university of economics
,,Bournemouth University,United Kingdom,Europe,L,CO,VH,Public,8.0,,11.0,,8.1,,29.4,594.0,84.7,261.0,47.7,422.0,52.6,391.0,76.3,418.0,7.7,,43.4,,-,801-850,801.0,801-850,,False,bournemouth university,471.0,Bournemouth University,United Kingdom,15605.0,19.9,0.24,"2 days, 6:46:00",47.175,18.8,21.7,89.3,46.4,89.2,2026.0,471.0,54.0,"2 days, 6:46:00",bournemouth university,exact_name_country,100.0,True,Bournemouth University,Bournemouth University,bournemouth university,bournemouth university
,,De Montfort University,United Kingdom,Europe,L,FO,VH,Public,6.4,,9.5,,6.8,,16.7,770.0,81.4,284.0,96.4,107.0,96.6,92.0,57.1,734.0,10.5,,64.5,,-,801-850,801.0,801-850,,False,de montfort university,751.0,De Montfort University,United Kingdom,23655.0,20.6,0.47,"2 days, 0:52:00",40.111,17.7,16.4,70.5,50.4,92.9,2026.0,751.0,48.0,"2 days, 0:52:00",de montfort university,exact_name_country,100.0,True,De Montfort University,De Montfort University,de montfort university,de montfort university
,,Donghua University,China (Mainland),Asia,L,CO,VH,Public,4.5,,4.4,,32.4,596.0,70.6,213.0,2.0,,4.2,,3.4,,32.1,,5.1,,28.5,,-,801-850,801.0,801-850,,False,donghua university,480.0,Donghua University,China (Mainland),23520.0,12.2,0.07,"2 days, 0:52:00",46.924,32.9,25.2,77.8,93.2,37.9,2026.0,480.0,48.0,"2 days, 0:52:00",donghua university,exact_name_country,100.0,True,Donghua University,Donghua University,donghua university,donghua university
,,German Jordanian University,Jordan,Asia,S,FO,VH,Public,14.6,,28.7,490.0,34.6,569.0,12.7,,85.3,256.0,23.9,676.0,26.0,668.0,18.3,,11.3,,22.1,,-,801-850,801.0,801-850,,False,german jordanian university,997.0,German Jordanian University,Jordan,2830.0,9.6,0.15,36 : 64,35.5169999999999,22.4,13.6,60.3,24.5,78.6,2026.0,997.0,36.0,36 : 64,german jordanian university,exact_name_country,100.0,True,German Jordanian University,German Jordanian University,german jordanian university,german jordanian university
,,Keele University,United Kingdom,Europe,M,FC,VH,Public,8.5,,8.0,,21.3,,28.5,600.0,60.9,385.0,50.7,408.0,42.3,490.0,66.4,601.0,10.1,,39.4,,-,801-850,801.0,801-850,,False,keele university,563.0,Keele University,United Kingdom,10370.0,15.4,0.2,"2 days, 14:38:00",44.861,23.5,22.6,75.5,63.8,82.3,2026.0,563.0,62.0,"2 days, 14:38:00",keele university,exact_name_country,100.0,True,Keele University,Keele University,keele university,keele university
,,Middlesex University,United Kingdom,Europe,L,CO,HI,Public,7.5,,9.3,,11.3,,14.3,,88.6,233.0,99.7,49.0,99.7,39.0,56.5,744.0,24.6,647.0,40.0,,-,801-850,801.0,801-850,,False,middlesex university,604.0,Middlesex University,United Kingdom,14860.0,19.8,0.49,"2 days, 11:41:00",43.6104999999999,22.4,18.7,76.1,45.3,92.5,2026.0,604.0,59.0,"2 days, 11:41:00",middlesex university,exact_name_country,100.0,True,Middlesex University,Middlesex University,middlesex university,middlesex university
,,Ocean University of China,China (Mainland),Asia,XL,FC,VH,Public,6.3,,5.8,,9.6,,72.1,198.0,4.0,,2.6,,2.2,,49.8,,3.9,,41.5,,-,801-850,801.0,801-850,,False,ocean university of china,679.0,Ocean University of China,China (Mainland),35422.0,18.2,0.01,,41.7865,31.3,29.5,63.6,69.7,28.4,2026.0,679.0,,,ocean university of china,exact_name_country,100.0,True,Ocean University of China,Ocean University of China,ocean university of china,ocean university of china
,,Qassim University,Saudi Arabia,Asia,L,FC,VH,Public,15.5,,6.5,,47.0,421.0,3.8,,100.0,64.0,25.1,661.0,31.1,600.0,72.1,497.0,3.0,,52.2,,-,801-850,801.0,801-850,,False,qassim university,808.0,Qassim University,Saudi Arabia,29826.0,9.5,0.11,"1 day, 21:55:00",38.9424999999999,30.5,19.3,56.2,29.7,84.0,2026.0,808.0,45.0,"1 day, 21:55:00",qassim university,exact_name_country,100.0,True,Qassim University,Qassim University,qassim university,qassim university
,,Tokyo University of Science (RIKADAI),Japan,Asia,L,FO,VH,Private not for Profit,11.5,,57.5,205.0,12.1,,16.3,778.0,15.1,,7.2,,10.7,,22.6,,49.0,353.0,46.5,,-,801-850,801.0,801-850,,False,tokyo university of science,1424.0,Tokyo University of Science,Japan,18002.0,24.1,0.04,25 : 75,28.375,23.8,26.8,27.7,74.8,30.4,2026.0,1424.0,25.0,25 : 75,tokyo university of science,exact_name_country,100.0,True,Tokyo University of Science (RIKADAI),Tokyo University of Science,tokyo university of science,tokyo university of science
,,Universidade Federal de Santa Catarina,Brazil,Americas,L,FC,VH,Public,26.1,485.0,8.3,,25.2,731.0,15.8,786.0,5.9,,4.0,,8.7,,64.4,631.0,23.7,659.0,65.2,,-,801-850,801.0,801-850,,False,universidade federal de santa catarina,1035.0,Universidade Federal de Santa Catarina,Brazil,36229.0,14.9,0.03,"2 days, 2:50:00",34.8394999999999,36.3,22.4,40.8,65.5,37.0,2026.0,1035.0,50.0,"2 days, 2:50:00",universidade federal de santa catarina,exact_name_country,100.0,True,Universidade Federal de Santa Catarina,Universidade Federal de Santa Catarina,universidade federal de santa catarina,universidade federal de santa catarina
,,Universidade Federal de São Paulo (UNIFESP),Brazil,Americas,L,FC,VH,Public,14.1,,8.8,,97.9,59.0,10.4,,6.1,,2.2,,6.7,,49.5,,3.6,,61.8,,-,801-850,801.0,801-850,,False,universidade federal de s o paulo,919.0,Universidade Federal de São Paulo (UNIFESP),Brazil,20218.0,11.8,0.01,"2 days, 12:40:00",36.9075,36.0,25.3,46.2,59.2,36.3,2026.0,919.0,60.0,"2 days, 12:40:00",universidade federal de s o paulo,exact_name_country,100.0,True,Universidade Federal de São Paulo (UNIFESP),Universidade Federal de São Paulo (UNIFESP),universidade federal de sao paulo,universidade federal de sao paulo
,,Universiti Malaysia Terengganu (UMT),Malaysia,Asia,M,CO,VH,Public,16.7,,8.2,,18.6,,28.9,596.0,23.6,668.0,30.3,588.0,31.7,592.0,58.9,709.0,5.0,,58.2,,-,801-850,801.0,801-850,,False,universiti malaysia terengganu,1017.0,Universiti Malaysia Terengganu (UMT),Malaysia,9037.0,13.7,0.11,"2 days, 21:31:00",35.1089999999999,22.6,20.2,55.1,36.6,61.2,2026.0,1017.0,69.0,"2 days, 21:31:00",universiti malaysia terengganu,exact_name_country,100.0,True,Universiti Malaysia Terengganu (UMT),Universiti Malaysia Terengganu (UMT),universiti malaysia terengganu,universiti malaysia terengganu
,,University of Brighton,United Kingdom,Europe,L,FO,VH,Public,9.6,,9.7,,12.4,,24.9,642.0,64.9,359.0,68.1,289.0,71.2,260.0,73.1,486.0,11.5,,39.1,,-,801-850,801.0,801-850,,False,university of brighton,786.0,University of Brighton,United Kingdom,14840.0,16.8,0.23,"2 days, 13:39:00",39.4359999999999,19.9,19.3,63.4,64.9,84.7,2026.0,786.0,61.0,"2 days, 13:39:00",university of brighton,exact_name_country,100.0,True,University of Brighton,University of Brighton,university of brighton,university of brighton
,,University of Engineering & Technology (UET) Lahore,Pakistan,Asia,L,SP,VH,Public,11.1,,49.1,260.0,20.4,,15.1,,,,2.3,,6.5,,56.5,746.0,54.1,310.0,40.7,,-,801-850,801.0,801-850,,False,university of engineering and technology lahore,1299.0,University of Engineering & Technology (UET) Lahore,Pakistan,13860.0,13.5,0.02,33 : 67,30.4149999999999,20.2,10.5,54.3,32.4,51.0,2026.0,1299.0,33.0,33 : 67,university of engineering and technology lahore,exact_name_country,100.0,True,University of Engineering & Technology (UET) Lahore,University of Engineering & Technology (UET) Lahore,university of engineering and technology lahore,university of engineering and technology lahore
,,University of Greenwich,United Kingdom,Europe,L,CO,HI,Public,6.2,,7.0,,5.2,,15.2,,94.0,193.0,99.6,54.0,99.6,43.0,75.8,421.0,19.7,731.0,44.9,,-,801-850,801.0,801-850,,False,university of greenwich,616.0,University of Greenwich,United Kingdom,22915.0,22.4,0.54,"2 days, 9:43:00",43.3034999999999,17.6,16.5,81.6,39.1,97.1,2026.0,616.0,57.0,"2 days, 9:43:00",university of greenwich,exact_name_country,100.0,True,University of Greenwich,University of Greenwich,university of greenwich,university of greenwich
,,University of Hyderabad,India,Asia,M,FC,VH,Public,17.7,692.0,4.6,,20.7,,54.5,335.0,,,2.6,,6.9,,34.0,,3.4,,42.1,,-,801-850,801.0,801-850,,False,university of hyderabad,1023.0,University of Hyderabad,India,5071.0,12.7,0.01,"1 day, 22:54:00",35.048,42.4,21.6,41.6,48.4,24.8,2026.0,1023.0,46.0,"1 day, 22:54:00",university of hyderabad,exact_name_country,100.0,True,University of Hyderabad,University of Hyderabad,university of hyderabad,university of hyderabad
,,University of Latvia,Latvia,Europe,M,FC,VH,Public,14.5,,22.8,581.0,10.0,,10.4,,16.1,775.0,10.0,,15.8,,66.6,595.0,92.0,89.0,56.0,,-,801-850,801.0,801-850,,False,university of latvia,1100.0,University of Latvia,Latvia,11634.0,30.9,0.09,"2 days, 19:33:00",33.7089999999999,20.5,31.3,42.3,52.3,50.7,2026.0,1100.0,67.0,"2 days, 19:33:00",university of latvia,exact_name_country,100.0,True,University of Latvia,University of Latvia,university of latvia,university of latvia
,,University of Lincoln,United Kingdom,Europe,L,CO,VH,Public,8.0,,9.3,,13.0,,14.6,,84.8,259.0,73.7,260.0,75.2,234.0,73.7,478.0,6.0,,63.8,,-,801-850,801.0,801-850,,False,university of lincoln,646.0,University of Lincoln,United Kingdom,15645.0,15.0,0.24,"2 days, 10:42:00",42.4539999999999,20.5,18.5,77.2,34.1,86.9,2026.0,646.0,58.0,"2 days, 10:42:00",university of lincoln,exact_name_country,100.0,True,University of Lincoln,University of Lincoln,university of lincoln,university of lincoln
,,"University of Maryland, Baltimore County",United States of America,Americas,L,FC,HI,Public,13.6,,8.2,,18.9,,20.0,710.0,72.9,325.0,50.8,406.0,55.5,371.0,45.4,,10.3,,66.0,,-,801-850,801.0,801-850,,False,university of maryland baltimore county,710.0,"University of Maryland, Baltimore County",United States of America,12398.0,17.8,0.19,"1 day, 22:54:00",41.2795,27.5,27.2,61.3,67.6,55.8,2026.0,710.0,46.0,"1 day, 22:54:00",university of maryland baltimore county,exact_name_country,100.0,True,"University of Maryland, Baltimore County","University of Maryland, Baltimore County",university of maryland baltimore county,university of maryland baltimore county
,,University of Modena and Reggio Emilia,Italy,Europe,L,FC,VH,Public,12.3,,7.6,,4.6,,56.7,310.0,4.8,,7.5,,13.1,,55.1,767.0,20.3,719.0,54.4,,-,801-850,801.0,801-850,,False,university of modena and reggio emilia,534.0,University of Modena and Reggio Emilia,Italy,18479.0,18.9,0.04,"2 days, 6:46:00",45.5929999999999,34.7,25.7,72.9,77.9,38.9,2026.0,534.0,54.0,"2 days, 6:46:00",university of modena and reggio emilia,exact_name_country,100.0,True,University of Modena and Reggio Emilia,University of Modena and Reggio Emilia,university of modena and reggio emilia,university of modena and reggio emilia
,,University of Namur,Belgium,Europe,M,FO,VH,,6.4,,8.8,,5.8,,44.4,421.0,37.2,521.0,59.3,345.0,62.7,316.0,47.5,,10.3,,53.4,,-,801-850,801.0,801-850,,False,university of namur,842.0,University of Namur,Belgium,6480.0,20.0,0.17,"2 days, 10:42:00",38.14,26.8,26.7,49.0,62.4,70.6,2026.0,842.0,58.0,"2 days, 10:42:00",university of namur,exact_name_country,100.0,True,University of Namur,University of Namur,university of namur,university of namur
,,University of Ulsan,Republic of Korea,Asia,L,FC,VH,Private not for Profit,6.0,,3.8,,60.2,300.0,50.1,374.0,2.7,,3.6,,7.9,,29.1,,6.4,,44.2,,-,801-850,801.0,801-850,,False,university of ulsan,545.0,University of Ulsan,Republic of Korea,11778.0,10.7,0.02,"1 day, 21:55:00",45.287,30.6,27.6,75.8,92.9,24.0,2026.0,545.0,45.0,"1 day, 21:55:00",university of ulsan,exact_name_country,100.0,True,University of Ulsan,University of Ulsan,university of ulsan,university of ulsan
,,University of Westminster,United Kingdom,Europe,L,CO,HI,Public,12.3,,11.4,,7.1,,9.0,,85.2,257.0,99.2,65.0,99.2,54.0,37.6,,34.2,498.0,40.3,,-,801-850,801.0,801-850,,False,university of westminster,875.0,University of Westminster,United Kingdom,19530.0,20.0,0.51,"2 days, 11:41:00",37.673,19.0,16.5,63.1,48.7,85.4,2026.0,875.0,59.0,"2 days, 11:41:00",university of westminster,exact_name_country,100.0,True,University of Westminster,University of Westminster,university of westminster,university of westminster
,,Altai State University,Russian Federation,Europe,M,CO,VH,Public,12.9,,7.0,,90.7,101.0,1.9,,8.6,,71.3,266.0,68.1,283.0,18.3,,2.0,,46.2,,-,851-900,851.0,851-900,,False,altai state university,1796.0,Altai State University,Russian Federation,9271.0,18.5,0.27,"2 days, 8:44:00",22.3405,23.0,16.4,17.1,25.3,62.1,2026.0,1796.0,56.0,"2 days, 8:44:00",altai state university,exact_name_country,100.0,True,Altai State University,Altai State University,altai state university,altai state university
,,Auburn University,United States of America,Americas,XL,CO,VH,Public,11.6,,17.6,,10.7,,24.3,650.0,58.1,397.0,10.1,,16.0,,57.2,728.0,29.6,553.0,50.1,,-,851-900,851.0,851-900,,False,auburn university,644.0,Auburn University,United States of America,28365.0,18.5,0.07,"2 days, 3:49:00",42.5055,36.5,27.9,55.6,71.8,54.6,2026.0,644.0,51.0,"2 days, 3:49:00",auburn university,exact_name_country,100.0,True,Auburn University,Auburn University,auburn university,auburn university
,,Australian Catholic University,Australia,Oceania,L,CO,HI,Public,12.0,,11.8,,8.0,,19.4,724.0,86.4,251.0,61.7,329.0,65.4,301.0,35.6,,1.7,,49.3,,-,851-900,851.0,851-900,,False,australian catholic university,425.0,Australian Catholic University,Australia,22604.0,31.7,0.2,"3 days, 4:24:00",48.927,17.7,24.7,97.1,28.0,83.9,2026.0,425.0,76.0,"3 days, 4:24:00",australian catholic university,exact_name_country,100.0,True,Australian Catholic University,Australian Catholic University,australian catholic university,australian catholic university
,,Azerbaijan State Oil and Industry University,Azerbaijan,Asia,L,FO,HI,Public,13.1,,19.0,685.0,73.3,208.0,1.5,,46.8,456.0,9.7,,13.9,,8.5,,45.0,391.0,31.0,,-,851-900,851.0,851-900,,False,azerbaijan state oil and industry university,1962.0,Azerbaijan State Oil and Industry University,Azerbaijan,12831.0,10.3,0.06,38 : 62,18.5745,25.0,8.1,15.7,19.7,44.7,2026.0,1962.0,38.0,38 : 62,azerbaijan state oil and industry university,exact_name_country,100.0,True,Azerbaijan State Oil and Industry University,Azerbaijan State Oil and Industry University,azerbaijan state oil and industry university,azerbaijan state oil and industry university
,,Azerbaijan Technical University,Azerbaijan,Asia,M,SP,MD,,19.1,645.0,25.5,532.0,82.2,157.0,1.4,,13.9,,13.4,,16.5,,4.2,,11.6,,27.9,,-,851-900,851.0,851-900,,False,azerbaijan technical university,2097.0,Azerbaijan Technical University (AzTU),Azerbaijan,9118.0,6.9,0.08,"1 day, 23:53:00",15.5224999999999,26.2,7.5,5.7,30.4,35.9,2026.0,2097.0,47.0,"1 day, 23:53:00",azerbaijan technical university,exact_name_country,100.0,True,Azerbaijan Technical University,Azerbaijan Technical University (AzTU),azerbaijan technical university,azerbaijan technical university
,,BINUS UNIVERSITY (Bina Nusantara University),Indonesia,Asia,L,CO,VH,Private for Profit,20.1,611.0,33.3,432.0,28.5,670.0,4.3,,51.5,429.0,8.7,,13.5,,14.4,,20.6,714.0,41.1,,-,851-900,851.0,851-900,,False,binus university,1445.0,BINUS University,Indonesia,15258.0,13.9,0.04,"1 day, 17:59:00",28.1345,21.4,23.5,34.2,50.6,36.3,2026.0,1445.0,41.0,"1 day, 17:59:00",binus university,exact_name_country,100.0,True,BINUS UNIVERSITY (Bina Nusantara University),BINUS University,binus university,binus university
,,Chungnam National University,Republic of Korea,Asia,L,FC,VH,Public,11.7,,10.6,,54.7,343.0,21.0,697.0,8.4,,20.0,729.0,25.1,681.0,40.8,,6.7,,59.9,,-,851-900,851.0,851-900,,False,chungnam national university,1089.0,Chungnam National University,Republic of Korea,20792.0,20.2,0.03,"1 day, 23:53:00",33.9375,30.1,30.7,37.9,72.0,25.4,2026.0,1089.0,47.0,"1 day, 23:53:00",chungnam national university,exact_name_country,100.0,True,Chungnam National University,Chungnam National University,chungnam national university,chungnam national university
,,Dhofar University,Oman,Asia,S,FO,VH,Private not for Profit,10.0,,9.5,,12.1,,19.6,719.0,100.0,21.0,11.1,,13.8,,35.1,,70.3,208.0,18.7,,-,851-900,851.0,851-900,,False,dhofar university,677.0,Dhofar University,Oman,3049.0,15.9,0.07,"2 days, 5:47:00",41.8025,16.9,19.0,80.8,27.8,79.4,2026.0,677.0,53.0,"2 days, 5:47:00",dhofar university,exact_name_country,100.0,True,Dhofar University,Dhofar University,dhofar university,dhofar university
,,Edinburgh Napier University,United Kingdom,Europe,L,CO,HI,Public,7.9,,5.5,,6.1,,21.9,686.0,89.5,227.0,84.7,196.0,86.1,167.0,59.4,702.0,8.6,,40.1,,-,851-900,851.0,851-900,,False,edinburgh napier university,674.0,Edinburgh Napier University,United Kingdom,14615.0,21.8,0.21,"2 days, 7:45:00",41.886,17.5,19.7,75.3,41.2,90.3,2026.0,674.0,55.0,"2 days, 7:45:00",edinburgh napier university,exact_name_country,100.0,True,Edinburgh Napier University,Edinburgh Napier University,edinburgh napier university,edinburgh napier university
,,Instituto Politécnico Nacional (IPN),Mexico,Americas,XL,FO,VH,Public,26.6,474.0,33.9,423.0,17.0,,3.1,,6.7,,2.1,,6.6,,47.4,,12.7,,56.3,,-,851-900,851.0,851-900,,False,instituto polit cnico nacional,2021.0,Instituto Politécnico Nacional (IPN),Mexico,139234.0,12.7,0.0,"1 day, 20:56:00",17.3819999999999,21.9,10.7,16.2,25.4,25.9,2026.0,2021.0,44.0,"1 day, 20:56:00",instituto polit cnico nacional,exact_name_country,100.0,True,Instituto Politécnico Nacional (IPN),Instituto Politécnico Nacional (IPN),instituto politecnico nacional,instituto politecnico nacional
,,Jiangnan University,China (Mainland),Asia,L,FC,VH,Public,5.8,,4.7,,15.6,,65.0,248.0,,,,,,,58.3,716.0,1.2,,30.0,,-,851-900,851.0,851-900,,False,jiangnan university,667.0,Jiangnan University,China (Mainland),32581.0,12.1,0.01,,41.9615,29.5,25.8,68.0,92.8,22.2,2026.0,667.0,,,jiangnan university,exact_name_country,100.0,True,Jiangnan University,Jiangnan University,jiangnan university,jiangnan university
,,Liverpool John Moores University,United Kingdom,Europe,L,CO,VH,Public,13.5,,12.0,,9.6,,20.4,707.0,53.8,420.0,21.2,707.0,27.3,648.0,89.7,178.0,11.5,,53.9,,-,851-900,851.0,851-900,,False,liverpool john moores university,568.0,Liverpool John Moores University,United Kingdom,24415.0,18.1,0.16,"2 days, 9:43:00",44.705,19.7,19.7,83.8,51.2,79.9,2026.0,568.0,57.0,"2 days, 9:43:00",liverpool john moores university,exact_name_country,100.0,True,Liverpool John Moores University,Liverpool John Moores University,liverpool john moores university,liverpool john moores university
,,Louisiana State University,United States of America,Americas,XL,CO,VH,Public,14.1,,12.9,,9.6,,23.8,659.0,22.4,682.0,6.9,,12.5,,63.4,644.0,36.8,471.0,75.4,,-,851-900,851.0,851-900,,False,louisiana state university,733.0,Louisiana State University,United States of America,33738.0,20.7,0.04,"2 days, 8:44:00",40.3665,34.1,20.6,60.8,65.7,46.2,2026.0,733.0,56.0,"2 days, 8:44:00",louisiana state university,exact_name_country,100.0,True,Louisiana State University,Louisiana State University,louisiana state university,louisiana state university
,,Mendel University in Brno,Czechia,Europe,M,FO,VH,Public,9.8,,8.3,,68.8,239.0,8.3,,14.3,,38.8,507.0,41.5,495.0,74.1,461.0,4.8,,49.4,,-,851-900,851.0,851-900,,False,mendel university in brno,1329.0,Mendel University in Brno,Czechia,9185.0,16.2,0.17,"2 days, 6:46:00",29.8799999999999,25.4,18.2,39.7,23.1,57.0,2026.0,1329.0,54.0,"2 days, 6:46:00",mendel university in brno,exact_name_country,100.0,True,Mendel University in Brno,Mendel University in Brno,mendel university in brno,mendel university in brno
,,Multimedia University (MMU),Malaysia,Asia,M,FO,VH,Private for Profit,18.9,651.0,27.0,508.0,17.3,,9.2,,53.6,422.0,56.8,365.0,60.8,334.0,26.9,,5.1,,39.1,,-,851-900,851.0,851-900,,False,multimedia university,1126.0,Multimedia University,Malaysia,8957.0,12.9,0.17,"1 day, 21:55:00",33.2785,26.1,21.3,38.7,74.8,64.0,2026.0,1126.0,45.0,"1 day, 21:55:00",multimedia university,exact_name_country,100.0,True,Multimedia University (MMU),Multimedia University,multimedia university,multimedia university
,,Nantes University,France,Europe,XL,CO,VH,Public,14.8,,5.9,,12.3,,30.6,582.0,20.2,709.0,25.0,665.0,31.0,603.0,88.1,201.0,4.6,,48.3,,-,851-900,851.0,851-900,,False,nantes university,683.0,Nantes Université,France,35045.0,17.3,0.12,"2 days, 9:43:00",41.7185,29.3,21.4,65.6,67.6,59.8,2026.0,683.0,57.0,"2 days, 9:43:00",nantes universit,exact_name_country,100.0,True,Nantes University,Nantes Université,nantes university,nantes universite
,,O. P. Jindal Global University (JGU),India,Asia,M,SP,VH,Private not for Profit,15.9,,29.7,481.0,66.8,257.0,3.2,,34.3,543.0,2.1,,6.5,,23.3,,3.5,,46.7,,-,851-900,851.0,851-900,,False,o p jindal global university,1167.0,O.P. Jindal Global University,India,8674.0,7.9,0.01,"2 days, 2:50:00",32.644,26.0,16.3,51.1,16.8,56.6,2026.0,1167.0,50.0,"2 days, 2:50:00",o p jindal global university,exact_name_country,100.0,True,O. P. Jindal Global University (JGU),O.P. Jindal Global University,o p jindal global university,o p jindal global university
,,Oklahoma State University,United States of America,Americas,L,FC,HI,Public,10.6,,12.8,,12.2,,21.3,694.0,65.0,358.0,12.0,,17.9,799.0,71.4,509.0,30.6,543.0,50.5,695.0,-,851-900,851.0,851-900,,False,oklahoma state university,678.0,Oklahoma State University,United States of America,22574.0,14.7,0.05,"2 days, 5:47:00",41.7874999999999,36.5,21.1,60.9,61.9,55.4,2026.0,678.0,53.0,"2 days, 5:47:00",oklahoma state university,exact_name_country,100.0,True,Oklahoma State University,Oklahoma State University,oklahoma state university,oklahoma state university
,,Prince of Songkla University,Thailand,Asia,XL,FC,HI,Public,32.4,380.0,13.5,,20.4,,6.9,,7.4,,2.7,,7.2,,55.4,764.0,5.6,,60.9,,-,851-900,851.0,851-900,,False,prince of songkla university,1399.0,Prince of Songkla University,Thailand,33623.0,13.1,0.02,"2 days, 20:32:00",28.6324999999999,24.3,16.0,39.4,51.6,39.2,2026.0,1399.0,68.0,"2 days, 20:32:00",prince of songkla university,exact_name_country,100.0,True,Prince of Songkla University,Prince of Songkla University,prince of songkla university,prince of songkla university
,,Tokyo University of Agriculture and Technology,Japan,Asia,M,FO,VH,Public,15.6,,11.2,,18.7,,40.3,464.0,11.6,,11.3,,15.3,,42.4,,1.7,,33.2,,-,851-900,851.0,851-900,,False,tokyo university of agriculture and technology,1204.0,Tokyo University of Agriculture and Technology,Japan,5923.0,14.2,0.07,36 : 64,32.038,34.0,25.5,28.0,82.2,39.0,2026.0,1204.0,36.0,36 : 64,tokyo university of agriculture and technology,exact_name_country,100.0,True,Tokyo University of Agriculture and Technology,Tokyo University of Agriculture and Technology,tokyo university of agriculture and technology,tokyo university of agriculture and technology
,,Université du Québec,Canada,Americas,XL,FC,HI,Public,20.5,600.0,14.9,,2.5,,16.8,767.0,40.3,497.0,19.0,744.0,14.4,,65.4,616.0,31.4,531.0,51.6,,-,851-900,851.0,851-900,,False,universit du qu bec,541.0,Université du Québec,Canada,50342.0,17.1,0.17,"2 days, 10:42:00",45.3784999999999,33.4,33.5,57.1,73.2,76.7,2026.0,541.0,58.0,"2 days, 10:42:00",universit du qu bec,exact_name_country,100.0,True,Université du Québec,Université du Québec,universite du quebec,universite du quebec
,,Universiti Pendidikan Sultan Idris (UPSI),Malaysia,Asia,M,FO,VH,Public,17.0,,18.5,696.0,39.1,519.0,5.5,,45.3,466.0,63.4,318.0,56.9,359.0,23.0,,5.2,,42.5,,-,851-900,851.0,851-900,,False,universiti pendidikan sultan idris,645.0,Universiti Pendidikan Sultan Idris,Malaysia,5754.0,8.9,0.28,"2 days, 11:41:00",42.4999999999999,39.4,27.6,48.4,56.2,81.4,2026.0,645.0,59.0,"2 days, 11:41:00",universiti pendidikan sultan idris,exact_name_country,100.0,True,Universiti Pendidikan Sultan Idris (UPSI),Universiti Pendidikan Sultan Idris,universiti pendidikan sultan idris,universiti pendidikan sultan idris
,,University of Ghana,Ghana,Africa,XL,FC,HI,Public,17.8,687.0,12.4,,2.1,,10.8,,8.1,,1.8,,1.6,,80.8,337.0,96.8,63.0,52.8,651.0,-,851-900,851.0,851-900,,False,university of ghana,1043.0,University of Ghana,Ghana,72334.0,46.5,0.01,"2 days, 1:51:00",34.7575,17.0,32.2,49.2,46.8,50.3,2026.0,1043.0,49.0,"2 days, 1:51:00",university of ghana,exact_name_country,100.0,True,University of Ghana,University of Ghana,university of ghana,university of ghana
,,University of Santo Tomas,Philippines,Asia,XL,FC,MD,Private not for Profit,20.3,605.0,45.9,294.0,14.1,,1.7,,38.5,513.0,9.0,,7.0,,19.1,,25.5,631.0,40.2,,-,851-900,851.0,851-900,,False,university of santo tomas,1657.0,University of Santo Tomas,Philippines,42253.0,15.1,0.06,"2 days, 10:42:00",24.6794999999999,23.0,10.2,32.1,21.1,59.5,2026.0,1657.0,58.0,"2 days, 10:42:00",university of santo tomas,exact_name_country,100.0,True,University of Santo Tomas,University of Santo Tomas,university of santo tomas,university of santo tomas
,,University of Seoul,Republic of Korea,Asia,M,CO,VH,Public,17.6,695.0,15.6,,49.2,390.0,16.5,773.0,6.4,,12.0,,16.3,,38.4,,6.9,,48.5,,-,851-900,851.0,851-900,,False,university of seoul,1086.0,University of Seoul,Republic of Korea,9555.0,13.5,0.07,"1 day, 20:56:00",34.015,31.8,28.3,38.5,50.3,38.2,2026.0,1086.0,44.0,"1 day, 20:56:00",university of seoul,exact_name_country,100.0,True,University of Seoul,University of Seoul,university of seoul,university of seoul
,,Verona University,Italy,Europe,L,FO,VH,Public,13.1,,5.0,,5.9,,50.0,375.0,6.3,,8.4,,14.1,,70.3,523.0,6.9,,52.7,,-,851-900,851.0,851-900,,False,verona university,398.0,Verona University,Italy,21809.0,25.6,0.05,"2 days, 16:36:00",49.925,34.6,31.1,81.6,71.1,45.0,2026.0,398.0,64.0,"2 days, 16:36:00",verona university,exact_name_country,100.0,True,Verona University,Verona University,verona university,verona university
,,Vilnius Gediminas Technical University,Lithuania,Europe,M,SP,VH,Public,13.8,,17.4,,38.4,529.0,15.6,790.0,19.3,723.0,54.3,381.0,58.7,347.0,42.7,,9.3,,35.1,,-,851-900,851.0,851-900,,False,vilnius gediminas technical university,1543.0,Vilnius Gediminas Technical University (Vilnius Tech),Lithuania,8333.0,13.1,0.21,34 : 66,26.5314999999999,20.8,17.9,31.0,47.3,53.5,2026.0,1543.0,34.0,34 : 66,vilnius gediminas technical university,exact_name_country,100.0,True,Vilnius Gediminas Technical University,Vilnius Gediminas Technical University (Vilnius Tech),vilnius gediminas technical university,vilnius gediminas technical university
,,Worcester Polytechnic Institute,United States of America,Americas,M,FO,VH,Private not for Profit,3.7,,15.3,,20.5,,40.7,461.0,36.9,522.0,36.6,530.0,27.4,647.0,29.4,,16.7,791.0,47.3,,-,851-900,851.0,851-900,,False,worcester polytechnic institute,721.0,Worcester Polytechnic Institute,United States of America,6312.0,12.9,0.14,36 : 64,40.711,32.6,21.4,59.6,67.2,57.6,2026.0,721.0,36.0,36 : 64,worcester polytechnic institute,exact_name_country,100.0,True,Worcester Polytechnic Institute,Worcester Polytechnic Institute,worcester polytechnic institute,worcester polytechnic institute
,,Yarmouk University,Jordan,Asia,L,FC,HI,Public,23.4,541.0,32.0,448.0,5.3,,5.2,,7.7,,25.9,646.0,28.4,634.0,44.6,,42.3,414.0,45.3,,-,851-900,851.0,851-900,,False,yarmouk university,720.0,Yarmouk University,Jordan,21300.0,23.6,0.15,,40.7555,29.3,17.9,69.9,29.9,63.4,2026.0,720.0,,,yarmouk university,exact_name_country,100.0,True,Yarmouk University,Yarmouk University,yarmouk university,yarmouk university
,,Chonnam National University,Republic of Korea,Asia,L,FC,VH,Public,12.2,,6.8,,47.3,415.0,24.0,654.0,14.6,,16.3,793.0,21.9,731.0,29.2,,6.5,,61.3,,-,901-950,901.0,901-950,,False,chonnam national university,865.0,Chonnam National University,Republic of Korea,16714.0,12.6,0.08,"2 days, 3:49:00",37.7795,34.5,29.6,47.0,60.7,33.2,2026.0,865.0,51.0,"2 days, 3:49:00",chonnam national university,exact_name_country,100.0,True,Chonnam National University,Chonnam National University,chonnam national university,chonnam national university
,,Future University in Egypt,Egypt,Africa,M,FO,VH,Private not for Profit,7.1,,40.5,334.0,47.2,416.0,5.3,,18.2,738.0,33.0,558.0,34.5,558.0,50.4,,3.3,,35.7,,-,901-950,901.0,901-950,,False,future university in egypt,816.0,Future University in Egypt,Egypt,7962.0,9.5,0.11,"1 day, 21:55:00",38.7529999999999,22.2,10.6,78.6,18.0,64.4,2026.0,816.0,45.0,"1 day, 21:55:00",future university in egypt,exact_name_country,100.0,True,Future University in Egypt,Future University in Egypt,future university in egypt,future university in egypt
,,Kanazawa University,Japan,Asia,M,FC,VH,Public,13.2,,7.1,,58.1,311.0,22.1,684.0,11.6,,10.8,,15.4,,33.9,,1.7,,53.1,,-,901-950,901.0,901-950,,False,kanazawa university,1147.0,Kanazawa University,Japan,10216.0,9.9,0.06,36 : 64,32.917,36.0,21.8,35.6,67.5,34.6,2026.0,1147.0,36.0,36 : 64,kanazawa university,exact_name_country,100.0,True,Kanazawa University,Kanazawa University,kanazawa university,kanazawa university
,,Kansas State University,United States of America,Americas,L,CO,VH,Public,9.1,,11.9,,16.2,,31.6,569.0,26.2,633.0,9.5,,7.3,,60.4,685.0,21.0,706.0,43.4,,-,901-950,901.0,901-950,,False,kansas state university,781.0,Kansas State University,United States of America,18454.0,14.0,0.05,"2 days, 6:46:00",39.5015,35.1,22.9,52.6,68.4,53.2,2026.0,781.0,54.0,"2 days, 6:46:00",kansas state university,exact_name_country,100.0,True,Kansas State University,Kansas State University,kansas state university,kansas state university
,,Khon Kaen University,Thailand,Asia,XL,FC,HI,Public,26.6,472.0,22.6,585.0,11.7,,8.8,,6.4,,3.3,,7.6,,57.1,733.0,5.9,,59.9,,-,901-950,901.0,901-950,,False,khon kaen university,1278.0,Khon Kaen University,Thailand,32602.0,16.3,0.02,"2 days, 13:39:00",30.6365,28.6,17.3,41.8,49.5,35.5,2026.0,1278.0,61.0,"2 days, 13:39:00",khon kaen university,exact_name_country,100.0,True,Khon Kaen University,Khon Kaen University,khon kaen university,khon kaen university
,,London South Bank University,United Kingdom,Europe,L,FO,VH,Public,4.9,,6.3,,13.6,,8.5,,94.1,192.0,98.1,87.0,98.2,75.0,47.7,,15.2,,50.8,,-,901-950,901.0,901-950,,False,london south bank university,713.0,London South Bank University,United Kingdom,14425.0,15.9,0.4,"2 days, 7:45:00",41.0239999999999,18.5,13.0,75.6,48.1,95.9,2026.0,713.0,55.0,"2 days, 7:45:00",london south bank university,exact_name_country,100.0,True,London South Bank University,London South Bank University,london south bank university,london south bank university
,,Lovely Professional University (LPU),India,Asia,XL,CO,VH,Private not for Profit,20.0,615.0,27.3,504.0,17.1,,10.9,,14.0,,7.0,,11.5,,73.7,477.0,1.7,,49.4,,-,901-950,901.0,901-950,,False,lovely professional university,594.0,Lovely Professional University,India,36891.0,14.9,0.08,28 : 72,43.9434999999999,24.6,17.6,87.6,31.5,53.9,2026.0,594.0,28.0,28 : 72,lovely professional university,exact_name_country,100.0,True,Lovely Professional University (LPU),Lovely Professional University,lovely professional university,lovely professional university
,,Nagasaki University,Japan,Asia,M,FC,VH,Public,9.0,,3.7,,84.3,143.0,12.2,,8.5,,10.8,,15.3,,48.4,,3.4,,59.6,,-,901-950,901.0,901-950,,False,nagasaki university,1358.0,Nagasaki University,Japan,8747.0,6.7,0.05,39 : 61,29.3699999999999,30.1,16.0,35.4,55.2,40.3,2026.0,1358.0,39.0,39 : 61,nagasaki university,exact_name_country,100.0,True,Nagasaki University,Nagasaki University,nagasaki university,nagasaki university
,,Osaka Metropolitan University,Japan,Asia,L,FC,VH,,18.1,676.0,14.0,,57.2,321.0,12.3,,6.2,,5.2,,9.4,,34.1,,8.9,,47.7,,-,901-950,901.0,901-950,,False,osaka metropolitan university,1459.0,Osaka Metropolitan University,Japan,15703.0,8.7,0.04,37 : 63,27.9465,31.3,16.9,28.8,78.3,27.2,2026.0,1459.0,37.0,37 : 63,osaka metropolitan university,exact_name_country,100.0,True,Osaka Metropolitan University,Osaka Metropolitan University,osaka metropolitan university,osaka metropolitan university
,,Panjab University,India,Asia,L,CO,VH,Public,9.4,,11.5,,10.3,,43.5,433.0,,,3.2,,7.5,,33.0,,39.6,441.0,50.9,,-,901-950,901.0,901-950,,False,panjab university,665.0,Panjab University,India,16479.0,15.9,0.02,"2 days, 17:35:00",42.09,38.2,19.6,71.2,48.3,24.6,2026.0,665.0,65.0,"2 days, 17:35:00",panjab university,exact_name_country,100.0,True,Panjab University,Panjab University,panjab university,panjab university
,,Saveetha Institute of Medical And Technical Sciences (SIMATS),India,Asia,L,FO,VH,Private not for Profit,8.9,,2.9,,26.2,713.0,20.3,708.0,84.0,263.0,10.7,,15.4,,83.0,293.0,1.7,,48.2,,-,901-950,901.0,901-950,,False,saveetha institute of medical and technical sciences,372.0,Saveetha Institute of Medical and Technical Sciences,India,15494.0,9.7,0.06,"2 days, 4:48:00",50.7375,37.9,18.4,93.4,20.4,71.8,2026.0,372.0,52.0,"2 days, 4:48:00",saveetha institute of medical and technical sciences,exact_name_country,100.0,True,Saveetha Institute of Medical And Technical Sciences (SIMATS),Saveetha Institute of Medical and Technical Sciences,saveetha institute of medical and technical sciences,saveetha institute of medical and technical sciences
,,Taif University,Saudi Arabia,Asia,XL,FC,VH,Public,7.0,,2.7,,9.2,,30.2,586.0,100.0,44.0,4.7,,9.2,,80.5,343.0,2.9,,46.0,,-,901-950,901.0,901-950,,False,taif university,782.0,Taif University,Saudi Arabia,38212.0,16.7,0.03,"2 days, 10:42:00",39.4995,16.2,16.4,77.7,23.3,76.3,2026.0,782.0,58.0,"2 days, 10:42:00",taif university,exact_name_country,100.0,True,Taif University,Taif University,taif university,taif university
,,Tallinn University,Estonia,Europe,M,FO,VH,Public,11.1,,12.4,,12.6,,9.9,,63.9,363.0,30.6,585.0,36.5,529.0,55.1,768.0,45.6,382.0,44.3,,-,901-950,901.0,901-950,,False,tallinn university,1052.0,Tallinn University,Estonia,3770.0,7.9,0.11,"3 days, 0:28:00",34.5849999999999,27.2,24.5,47.8,24.4,55.2,2026.0,1052.0,72.0,"3 days, 0:28:00",tallinn university,exact_name_country,100.0,True,Tallinn University,Tallinn University,tallinn university,tallinn university
,,Tashkent State Technical University,Uzbekistan,Asia,L,CO,HI,Public,30.6,399.0,16.2,,20.1,,2.1,,62.9,371.0,1.8,,6.1,,9.9,,30.7,540.0,33.9,,-,901-950,901.0,901-950,,False,tashkent state technical university,1088.0,Tashkent State Technical University,Uzbekistan,14012.0,13.9,0.01,0.8069444444444445,33.938,21.0,8.6,75.3,16.6,26.6,2026.0,1088.0,,0.8069444444444445,tashkent state technical university,exact_name_country,100.0,True,Tashkent State Technical University,Tashkent State Technical University,tashkent state technical university,tashkent state technical university
,,University of Alaska Fairbanks,United States of America,Americas,S,CO,VH,Public,3.4,,3.5,,99.7,33.0,19.9,713.0,6.3,,5.5,,4.3,,40.4,,5.9,,37.9,,-,901-950,901.0,901-950,,False,university of alaska fairbanks,643.0,University of Alaska Fairbanks,United States of America,2895.0,8.5,0.06,"2 days, 8:44:00",42.519,34.8,30.7,53.6,55.0,67.6,2026.0,643.0,56.0,"2 days, 8:44:00",university of alaska fairbanks,exact_name_country,100.0,True,University of Alaska Fairbanks,University of Alaska Fairbanks,university of alaska fairbanks,university of alaska fairbanks
,,University of Hertfordshire,United Kingdom,Europe,L,CO,HI,Public,5.8,,6.7,,6.8,,12.1,,81.4,285.0,100.0,12.0,100.0,7.0,57.7,723.0,17.0,780.0,39.0,,-,901-950,901.0,901-950,,False,university of hertfordshire,716.0,University of Hertfordshire,United Kingdom,27285.0,19.5,0.61,"1 day, 23:53:00",40.8465,18.2,13.2,76.5,44.8,92.1,2026.0,716.0,47.0,"1 day, 23:53:00",university of hertfordshire,exact_name_country,100.0,True,University of Hertfordshire,University of Hertfordshire,university of hertfordshire,university of hertfordshire
,,University of Maribor,Slovenia,Europe,L,FC,HI,Public,10.8,,15.6,,36.4,551.0,12.7,,2.3,,27.3,623.0,28.3,635.0,67.4,580.0,41.3,422.0,49.9,705.0,-,901-950,901.0,901-950,,False,university of maribor,1389.0,University of Maribor,Slovenia,13082.0,13.9,0.14,"2 days, 7:45:00",28.7329999999999,21.5,18.0,41.2,46.2,39.5,2026.0,1389.0,55.0,"2 days, 7:45:00",university of maribor,exact_name_country,100.0,True,University of Maribor,University of Maribor,university of maribor,university of maribor
,,University of Peshawar,Pakistan,Asia,L,FO,VH,Public,9.4,,11.9,,87.2,119.0,12.3,,,,2.0,,1.7,,49.0,,19.2,742.0,25.8,,-,901-950,901.0,901-950,,False,university of peshawar,1117.0,University of Peshawar,Pakistan,19301.0,34.0,0.0,24 : 76,33.387,24.0,12.0,59.1,34.8,49.4,2026.0,1117.0,24.0,24 : 76,university of peshawar,exact_name_country,100.0,True,University of Peshawar,University of Peshawar,university of peshawar,university of peshawar
,,University of Salford,United Kingdom,Europe,L,CO,HI,Public,10.8,,7.9,,9.1,,12.0,,55.6,408.0,88.2,182.0,89.2,153.0,61.6,670.0,13.8,,43.4,,-,901-950,901.0,901-950,,False,university of salford,851.0,University of Salford,United Kingdom,22475.0,20.9,0.3,"2 days, 8:44:00",38.007,19.0,14.8,64.9,57.0,84.8,2026.0,851.0,56.0,"2 days, 8:44:00",university of salford,exact_name_country,100.0,True,University of Salford,University of Salford,university of salford,university of salford
,,University of South Africa,South Africa,Africa,XL,CO,VH,Public,13.8,,13.6,,1.2,,11.7,,,,13.3,,10.1,,92.5,138.0,96.0,66.0,43.3,,-,901-950,901.0,901-950,,False,university of south africa,1276.0,University of South Africa,South Africa,207954.0,84.5,0.02,"3 days, 3:25:00",30.6545,19.7,17.8,51.0,30.4,42.2,2026.0,1276.0,75.0,"3 days, 3:25:00",university of south africa,exact_name_country,100.0,True,University of South Africa,University of South Africa,university of south africa,university of south africa
,,Virginia Commonwealth University,United States of America,Americas,L,FC,VH,Public,9.5,,9.9,,42.8,464.0,20.0,712.0,12.6,,6.0,,11.5,,68.8,550.0,18.3,753.0,48.4,,-,901-950,901.0,901-950,,False,virginia commonwealth university,455.0,Virginia Commonwealth University,United States of America,25120.0,10.1,0.04,"2 days, 17:35:00",47.9664999999999,38.1,23.0,81.3,75.3,35.4,2026.0,455.0,65.0,"2 days, 17:35:00",virginia commonwealth university,exact_name_country,100.0,True,Virginia Commonwealth University,Virginia Commonwealth University,virginia commonwealth university,virginia commonwealth university
,,Yeungnam University,Republic of Korea,Asia,L,FC,VH,Private for Profit,5.1,,4.7,,18.9,,47.5,395.0,38.6,511.0,17.8,763.0,23.3,716.0,46.7,,4.9,,33.5,,-,901-950,901.0,901-950,,False,yeungnam university,592.0,Yeungnam University,Republic of Korea,19201.0,15.4,0.06,"2 days, 2:50:00",44.0375,25.1,22.9,75.3,62.8,65.2,2026.0,592.0,50.0,"2 days, 2:50:00",yeungnam university,exact_name_country,100.0,True,Yeungnam University,Yeungnam University,yeungnam university,yeungnam university
,,Al Nahrain University,Iraq,Asia,M,FO,VH,Public,8.2,,24.1,559.0,98.9,45.0,3.7,,2.5,,1.0,,5.5,,15.6,,10.1,,29.4,,-,951-1000,951.0,951-1000,,False,al nahrain university,1782.0,Al-Nahrain University,Iraq,8087.0,4.7,0.0,"2 days, 9:43:00",22.6375,29.7,8.9,28.8,21.0,24.2,2026.0,1782.0,57.0,"2 days, 9:43:00",al nahrain university,exact_name_country,100.0,True,Al Nahrain University,Al-Nahrain University,al nahrain university,al nahrain university
,,Al-Quds University,Palestine,Asia,M,FC,MD,Public,10.1,,20.5,644.0,19.4,,2.8,,72.3,327.0,90.5,163.0,76.3,229.0,15.0,,12.3,,40.1,,-,951-1000,951.0,951-1000,,False,al quds university,1802.0,Al-Quds University,Palestine,10065.0,10.9,0.33,"3 days, 5:23:00",22.2195,22.9,11.0,17.8,21.1,81.2,2026.0,1802.0,77.0,"3 days, 5:23:00",al quds university,exact_name_country,100.0,True,Al-Quds University,Al-Quds University,al quds university,al quds university
,,Athens University of Economics And Business,Greece,Europe,M,SP,HI,Public,10.1,,37.2,380.0,2.1,,31.9,565.0,1.9,,6.6,,11.0,,14.8,,33.9,501.0,39.8,,-,951-1000,951.0,951-1000,,False,athens university of economics and business,1207.0,Athens University of Economics and Business,Greece,9211.0,44.7,0.05,"1 day, 22:54:00",32.0314999999999,18.7,24.6,45.3,63.4,43.4,2026.0,1207.0,46.0,"1 day, 22:54:00",athens university of economics and business,exact_name_country,100.0,True,Athens University of Economics And Business,Athens University of Economics and Business,athens university of economics and business,athens university of economics and business
,,Charles Sturt University,Australia,Oceania,L,CO,VH,Public,6.4,,9.4,,14.1,,13.9,,66.0,356.0,47.2,427.0,52.2,396.0,60.4,684.0,13.4,,64.9,,-,951-1000,951.0,951-1000,,False,charles sturt university,775.0,Charles Sturt University,Australia,18763.0,21.8,0.11,"2 days, 21:31:00",39.6219999999999,18.8,20.2,72.3,52.2,59.2,2026.0,775.0,69.0,"2 days, 21:31:00",charles sturt university,exact_name_country,100.0,True,Charles Sturt University,Charles Sturt University,charles sturt university,charles sturt university
,,Clarkson University,United States of America,Americas,S,CO,VH,Private not for Profit,1.0,,4.0,,19.0,,47.3,400.0,42.9,478.0,38.0,515.0,42.1,493.0,31.0,,12.2,,26.9,,-,951-1000,951.0,951-1000,,False,clarkson university,1118.0,Clarkson University,United States of America,3546.0,13.2,0.13,35 : 65,33.384,32.6,18.2,36.8,63.6,65.4,2026.0,1118.0,35.0,35 : 65,clarkson university,exact_name_country,100.0,True,Clarkson University,Clarkson University,clarkson university,clarkson university
,,CY Cergy Paris University,France,Europe,M,FO,VH,Public,5.2,,5.2,,64.9,270.0,7.4,,55.1,410.0,59.0,347.0,62.9,314.0,47.9,,1.3,,31.4,,-,951-1000,951.0,951-1000,,False,cy cergy paris university,1075.0,CY Cergy Paris University,France,16674.0,16.0,0.27,"2 days, 2:50:00",34.1509999999999,26.3,20.5,38.1,56.5,90.1,2026.0,1075.0,50.0,"2 days, 2:50:00",cy cergy paris university,exact_name_country,100.0,True,CY Cergy Paris University,CY Cergy Paris University,cy cergy paris university,cy cergy paris university
,,George Mason University,United States of America,Americas,L,CO,VH,Public,12.0,,11.6,,17.1,,18.0,753.0,15.6,790.0,17.1,778.0,12.9,,67.6,575.0,17.4,776.0,56.1,578.0,-,951-1000,951.0,951-1000,,False,george mason university,439.0,George Mason University,United States of America,32918.0,17.1,0.13,"2 days, 4:48:00",48.3779999999999,31.0,28.3,79.8,63.9,60.4,2026.0,439.0,52.0,"2 days, 4:48:00",george mason university,exact_name_country,100.0,True,George Mason University,George Mason University,george mason university,george mason university
,,Guru Gobind Singh Indraprastha University,India,Asia,S,CO,VH,Public,5.8,,14.6,,12.5,,48.5,384.0,5.0,,9.4,,12.6,,26.9,,12.8,,43.0,,-,951-1000,951.0,951-1000,,False,guru gobind singh indraprastha university,847.0,Guru Gobind Singh Indraprastha University,India,6027.0,14.2,0.04,29 : 71,38.028,30.8,12.4,74.2,26.9,26.8,2026.0,847.0,29.0,29 : 71,guru gobind singh indraprastha university,exact_name_country,100.0,True,Guru Gobind Singh Indraprastha University,Guru Gobind Singh Indraprastha University,guru gobind singh indraprastha university,guru gobind singh indraprastha university
,,Hasanuddin University,Indonesia,Asia,XL,FC,HI,Public,23.5,538.0,17.5,,41.9,484.0,1.7,,11.9,,3.1,,7.8,,20.0,,22.0,695.0,53.0,,-,951-1000,951.0,951-1000,,False,hasanuddin university,1839.0,Hasanuddin University,Indonesia,37300.0,14.8,0.01,"2 days, 13:39:00",21.3014999999999,21.6,11.5,28.0,31.3,25.9,2026.0,1839.0,61.0,"2 days, 13:39:00",hasanuddin university,exact_name_country,100.0,True,Hasanuddin University,Hasanuddin University,hasanuddin university,hasanuddin university
,,Immanuel Kant Baltic Federal University,Russian Federation,Europe,M,CO,VH,Public,7.7,,4.7,,86.3,124.0,3.1,,28.1,607.0,53.2,386.0,51.0,407.0,34.5,,1.9,,32.1,,-,951-1000,951.0,951-1000,,False,immanuel kant baltic federal university,1363.0,Immanuel Kant Baltic Federal University,Russian Federation,6711.0,16.3,0.19,"2 days, 10:42:00",29.2775,37.1,22.1,20.3,37.1,58.0,2026.0,1363.0,58.0,"2 days, 10:42:00",immanuel kant baltic federal university,exact_name_country,100.0,True,Immanuel Kant Baltic Federal University,Immanuel Kant Baltic Federal University,immanuel kant baltic federal university,immanuel kant baltic federal university
,,Ivane Javakhishvili Tbilisi State University,Georgia,Asia,L,FC,MD,Public,11.9,,1.4,,83.5,150.0,1.4,,1.9,,7.5,,12.2,,24.7,,95.2,75.0,18.2,,-,951-1000,951.0,951-1000,,False,ivane javakhishvili tbilisi state university,2048.0,Ivane Javakhishvili Tbilisi State University,Georgia,24977.0,32.5,0.05,"2 days, 11:41:00",16.7215,15.0,12.2,15.9,18.9,43.1,2026.0,2048.0,59.0,"2 days, 11:41:00",ivane javakhishvili tbilisi state university,exact_name_country,100.0,True,Ivane Javakhishvili Tbilisi State University,Ivane Javakhishvili Tbilisi State University,ivane javakhishvili tbilisi state university,ivane javakhishvili tbilisi state university
,,Kumamoto University,Japan,Asia,M,FC,VH,Public,9.2,,4.4,,67.5,249.0,21.4,692.0,8.2,,6.9,,11.4,,33.9,,3.4,,50.4,,-,951-1000,951.0,951-1000,,False,kumamoto university,1087.0,Kumamoto University,Japan,9401.0,9.5,0.06,39 : 61,33.9539999999999,33.6,19.3,41.3,82.0,37.0,2026.0,1087.0,39.0,39 : 61,kumamoto university,exact_name_country,100.0,True,Kumamoto University,Kumamoto University,kumamoto university,kumamoto university
,,Nanjing Normal University,China (Mainland),Asia,XL,SP,VH,Public,6.4,,4.6,,20.7,,42.8,443.0,,,7.8,,6.0,,57.2,730.0,8.2,,40.2,,-,951-1000,951.0,951-1000,,False,nanjing normal university,839.0,Nanjing Normal University,China (Mainland),36007.0,13.7,0.02,"2 days, 18:34:00",38.1675,25.3,17.1,69.8,66.5,28.6,2026.0,839.0,66.0,"2 days, 18:34:00",nanjing normal university,exact_name_country,100.0,True,Nanjing Normal University,Nanjing Normal University,nanjing normal university,nanjing normal university
,,National Chung Cheng University,Taiwan,Asia,M,CO,VH,Public,18.9,650.0,34.8,412.0,16.6,,9.5,,7.9,,6.3,,10.5,,28.9,,5.1,,51.6,,-,951-1000,951.0,951-1000,,False,national chung cheng university,1488.0,National Chung Cheng University,Taiwan,9183.0,14.8,0.04,"1 day, 22:54:00",27.412,21.4,24.8,28.4,77.3,30.6,2026.0,1488.0,46.0,"1 day, 22:54:00",national chung cheng university,exact_name_country,100.0,True,National Chung Cheng University,National Chung Cheng University,national chung cheng university,national chung cheng university
,,North South University,Bangladesh,Asia,L,FO,HI,Private not for Profit,16.9,,54.1,226.0,7.5,,6.6,,10.5,,1.6,,6.0,,30.2,,11.7,,37.3,,-,951-1000,951.0,951-1000,,False,north south university,939.0,North South University,Bangladesh,16380.0,19.1,0.0,"1 day, 20:56:00",36.5615,14.8,11.3,80.3,29.4,48.7,2026.0,939.0,44.0,"1 day, 20:56:00",north south university,exact_name_country,100.0,True,North South University,North South University,north south university,north south university
,,North-West University,South Africa,Africa,XL,CO,VH,Public,8.4,,14.9,,7.0,,24.9,641.0,9.2,,3.1,,7.7,,94.6,89.0,24.8,643.0,60.4,,-,951-1000,951.0,951-1000,,False,north west university,898.0,North-West University,South Africa,41784.0,24.1,0.02,"2 days, 15:37:00",37.2044999999999,22.3,18.8,63.8,45.1,56.4,2026.0,898.0,63.0,"2 days, 15:37:00",north west university,exact_name_country,100.0,True,North-West University,North-West University,north west university,north west university
,,Okayama University,Japan,Asia,L,FC,VH,Public,11.5,,5.1,,67.5,248.0,14.7,,8.3,,11.6,,17.0,,41.7,,3.4,,58.3,,-,951-1000,951.0,951-1000,,False,okayama university,1025.0,Okayama University,Japan,13057.0,10.3,0.09,40 : 60,35.0304999999999,34.5,23.1,39.2,87.1,38.8,2026.0,1025.0,40.0,40 : 60,okayama university,exact_name_country,100.0,True,Okayama University,Okayama University,okayama university,okayama university
,,Rochester Institute of Technology (RIT),United States of America,Americas,L,CO,VH,Private not for Profit,10.0,,28.4,491.0,24.6,741.0,11.5,,8.7,,26.9,631.0,33.0,576.0,41.2,,13.7,,55.1,,-,951-1000,951.0,951-1000,,False,rochester institute of technology,791.0,Rochester Institute of Technology,United States of America,14881.0,16.1,0.13,37 : 63,39.3374999999999,24.2,22.6,65.5,62.3,46.7,2026.0,791.0,37.0,37 : 63,rochester institute of technology,exact_name_country,100.0,True,Rochester Institute of Technology (RIT),Rochester Institute of Technology,rochester institute of technology,rochester institute of technology
,,Saint Louis University,United States of America,Americas,L,CO,VH,Private not for Profit,5.7,,4.2,,50.8,373.0,23.8,660.0,20.6,701.0,42.2,473.0,31.5,596.0,23.5,,18.5,748.0,35.9,,-,951-1000,951.0,951-1000,,False,saint louis university,503.0,Saint Louis University,United States of America,11556.0,7.5,0.11,"2 days, 12:40:00",46.2425,43.8,17.7,73.5,64.4,47.5,2026.0,503.0,60.0,"2 days, 12:40:00",saint louis university,exact_name_country,100.0,True,Saint Louis University,Saint Louis University,saint louis university,saint louis university
,,Sophia University,Japan,Asia,L,CO,HI,Private not for Profit,18.7,657.0,27.2,505.0,25.9,720.0,2.5,,41.0,489.0,20.3,726.0,26.4,666.0,9.1,,21.3,702.0,48.7,,-,951-1000,951.0,951-1000,,False,sophia university,1930.0,Sophia University,Japan,13016.0,12.2,0.12,"2 days, 12:40:00",19.1205,22.5,11.1,13.9,33.6,50.0,2026.0,1930.0,60.0,"2 days, 12:40:00",sophia university,exact_name_country,100.0,True,Sophia University,Sophia University,sophia university,sophia university
,,Universidad Nacional Mayor de San Marcos,Peru,Americas,XL,FC,HI,Public,28.9,429.0,28.4,492.0,11.0,,1.7,,,,,,,,32.9,,53.0,321.0,24.3,,-,951-1000,951.0,951-1000,,False,universidad nacional mayor de san marcos,2058.0,Universidad Nacional Mayor de San Marcos,Peru,42959.0,13.3,0.01,"1 day, 20:56:00",16.505,20.6,10.6,13.8,16.6,34.0,2026.0,2058.0,44.0,"1 day, 20:56:00",universidad nacional mayor de san marcos,exact_name_country,100.0,True,Universidad Nacional Mayor de San Marcos,Universidad Nacional Mayor de San Marcos,universidad nacional mayor de san marcos,universidad nacional mayor de san marcos
,,University of Bahrain,Bahrain,Asia,L,CO,HI,Public,14.3,,15.1,,8.1,,5.0,,94.1,191.0,10.5,,14.0,,38.7,,55.5,299.0,28.9,,-,951-1000,951.0,951-1000,,False,university of bahrain,1185.0,University of Bahrain,Bahrain,22268.0,25.2,0.06,"3 days, 1:27:00",32.299,14.0,15.2,60.8,21.4,62.2,2026.0,1185.0,73.0,"3 days, 1:27:00",university of bahrain,exact_name_country,100.0,True,University of Bahrain,University of Bahrain,university of bahrain,university of bahrain
,,University of Lahore,Pakistan,Asia,L,CO,VH,Private not for Profit,17.8,685.0,23.4,574.0,14.3,,8.5,,8.0,,6.0,,9.7,,76.4,415.0,3.4,,62.2,,-,951-1000,951.0,951-1000,,False,university of lahore,792.0,University of Lahore,Pakistan,21224.0,14.0,0.04,39 : 61,39.297,19.8,13.0,81.8,21.4,57.2,2026.0,792.0,39.0,39 : 61,university of lahore,exact_name_country,100.0,True,University of Lahore,University of Lahore,university of lahore,university of lahore
,,University of the Western Cape,South Africa,Africa,L,CO,VH,Public,12.0,,6.4,,6.1,,23.9,656.0,30.3,583.0,5.5,,10.5,,84.4,267.0,28.1,592.0,35.7,,-,951-1000,951.0,951-1000,,False,university of the western cape,753.0,University of the Western Cape,South Africa,24431.0,34.2,0.04,"2 days, 15:37:00",40.0635,22.9,24.8,68.3,24.4,62.0,2026.0,753.0,63.0,"2 days, 15:37:00",university of the western cape,exact_name_country,100.0,True,University of the Western Cape,University of the Western Cape,university of the western cape,university of the western cape
,,Al Azhar University,Egypt,Africa,XL,CO,VH,Public,21.5,574.0,13.9,,14.9,,2.0,,1.7,,16.8,782.0,12.7,,64.4,630.0,33.2,510.0,35.3,,-,1001-1200,1001.0,1001-1200,,False,al azhar university,970.0,Al-Azhar University,Egypt,281032.0,21.6,0.11,"1 day, 17:59:00",36.033,22.1,12.8,68.0,24.6,58.9,2026.0,970.0,41.0,"1 day, 17:59:00",al azhar university,exact_name_country,100.0,True,Al Azhar University,Al-Azhar University,al azhar university,al azhar university
,,Alexandru Ioan Cuza University,Romania,Europe,L,CO,HI,Public,11.7,,20.6,641.0,7.8,,5.8,,4.6,,17.0,779.0,21.4,742.0,49.1,,23.1,668.0,48.7,,-,1001-1200,1001.0,1001-1200,,False,alexandru ioan cuza university,1736.0,Alexandru Ioan Cuza University,Romania,24352.0,16.9,0.09,"2 days, 13:39:00",23.5269999999999,22.5,12.2,29.2,41.1,39.3,2026.0,1736.0,61.0,"2 days, 13:39:00",alexandru ioan cuza university,exact_name_country,100.0,True,Alexandru Ioan Cuza University,Alexandru Ioan Cuza University,alexandru ioan cuza university,alexandru ioan cuza university
,,An-Najah National University,Palestine,Asia,L,FC,MD,Public,13.5,,14.5,,11.5,,4.3,,49.8,441.0,47.4,426.0,43.8,475.0,39.0,,11.3,,47.1,,-,1001-1200,1001.0,1001-1200,,False,an najah national university,914.0,An-Najah National University,Palestine,25887.0,27.0,0.12,"2 days, 15:37:00",36.9589999999999,24.7,13.0,66.9,26.0,63.9,2026.0,914.0,63.0,"2 days, 15:37:00",an najah national university,exact_name_country,100.0,True,An-Najah National University,An-Najah National University,an najah national university,an najah national university
,,"Arab Academy for Science, Technology and Maritime Transport",Egypt,Africa,L,FO,VH,Public,7.5,,12.4,,44.7,441.0,2.4,,9.2,,34.9,542.0,33.6,569.0,27.0,,16.8,789.0,29.7,,-,1001-1200,1001.0,1001-1200,,False,arab academy for science technology and maritime transport,1020.0,"Arab Academy for Science, Technology and Maritime Transport",Egypt,32274.0,10.6,0.14,"2 days, 0:52:00",35.0975,35.1,20.6,44.3,28.6,57.8,2026.0,1020.0,48.0,"2 days, 0:52:00",arab academy for science technology and maritime transport,exact_name_country,100.0,True,"Arab Academy for Science, Technology and Maritime Transport","Arab Academy for Science, Technology and Maritime Transport",arab academy for science technology and maritime transport,arab academy for science technology and maritime transport
,,Assiut University,Egypt,Africa,XL,FC,HI,Public,16.3,,15.1,,20.7,,4.0,,21.1,697.0,7.2,,10.6,,66.5,596.0,3.0,,53.3,,-,1001-1200,1001.0,1001-1200,,False,assiut university,1300.0,Assiut University,Egypt,86744.0,13.2,0.05,"2 days, 3:49:00",30.4024999999999,23.6,12.4,48.3,25.3,57.9,2026.0,1300.0,51.0,"2 days, 3:49:00",assiut university,exact_name_country,100.0,True,Assiut University,Assiut University,assiut university,assiut university
,,Banaras Hindu University,India,Asia,L,FC,VH,Public,18.9,648.0,10.6,,14.4,,18.8,737.0,1.5,,3.0,,7.2,,59.3,704.0,15.6,,44.5,,-,1001-1200,1001.0,1001-1200,,False,banaras hindu university,605.0,Banaras Hindu University,India,12447.0,7.9,0.04,"2 days, 1:51:00",43.5905,49.9,18.0,67.8,31.0,27.6,2026.0,605.0,49.0,"2 days, 1:51:00",banaras hindu university,exact_name_country,100.0,True,Banaras Hindu University,Banaras Hindu University,banaras hindu university,banaras hindu university
,,Baylor University,United States of America,Americas,L,CO,VH,Private not for Profit,8.7,,20.9,628.0,17.5,,12.8,,3.7,,6.6,,5.2,,46.9,,24.5,650.0,42.9,,-,1001-1200,1001.0,1001-1200,,False,baylor university,807.0,Baylor University,United States of America,21096.0,14.9,0.06,"2 days, 13:39:00",38.9465,43.0,19.4,53.6,43.2,37.7,2026.0,807.0,61.0,"2 days, 13:39:00",baylor university,exact_name_country,100.0,True,Baylor University,Baylor University,baylor university,baylor university
,,Birmingham City University,United Kingdom,Europe,XL,FO,HI,Public,8.2,,8.0,,8.7,,6.5,,54.9,412.0,65.5,304.0,68.8,278.0,44.5,,12.1,,37.9,,-,1001-1200,1001.0,1001-1200,,False,birmingham city university,952.0,Birmingham City University,United Kingdom,27055.0,18.5,0.31,"2 days, 14:38:00",36.297,17.9,13.4,65.5,25.2,86.3,2026.0,952.0,62.0,"2 days, 14:38:00",birmingham city university,exact_name_country,100.0,True,Birmingham City University,Birmingham City University,birmingham city university,birmingham city university
,,Chung Yuan Christian University,Taiwan,Asia,L,CO,HI,Public,9.9,,9.2,,6.9,,25.2,637.0,5.3,,11.8,,14.9,,17.3,,28.6,585.0,46.7,,-,1001-1200,1001.0,1001-1200,,False,chung yuan christian university,1364.0,Chung Yuan Christian University,Taiwan,14676.0,30.2,0.08,"1 day, 23:53:00",29.2745,18.9,24.2,36.4,64.9,42.2,2026.0,1364.0,47.0,"1 day, 23:53:00",chung yuan christian university,exact_name_country,100.0,True,Chung Yuan Christian University,Chung Yuan Christian University,chung yuan christian university,chung yuan christian university
,,Chungbuk National University,Republic of Korea,Asia,M,FC,VH,Public,6.5,,4.6,,47.9,405.0,19.6,717.0,10.7,,21.5,703.0,21.6,740.0,33.4,,1.8,,50.9,,-,1001-1200,1001.0,1001-1200,,False,chungbuk national university,1003.0,Chungbuk National University,Republic of Korea,11274.0,13.3,0.11,"1 day, 19:57:00",35.4239999999999,33.5,31.4,36.3,70.2,36.5,2026.0,1003.0,43.0,"1 day, 19:57:00",chungbuk national university,exact_name_country,100.0,True,Chungbuk National University,Chungbuk National University,chungbuk national university,chungbuk national university
,,Clark University,United States of America,Americas,S,CO,VH,Private not for Profit,2.5,,3.6,,25.6,724.0,23.5,666.0,15.2,,94.6,133.0,93.8,119.0,29.1,,19.3,739.0,42.4,,-,1001-1200,1001.0,1001-1200,,False,clark university,881.0,Clark University,United States of America,3623.0,12.5,0.29,"2 days, 7:45:00",37.559,27.2,19.3,57.2,44.2,66.8,2026.0,881.0,55.0,"2 days, 7:45:00",clark university,exact_name_country,100.0,True,Clark University,Clark University,clark university,clark university
,,Daffodil International University,Bangladesh,Asia,L,FO,VH,Private not for Profit,15.6,,23.0,578.0,5.7,,6.9,,7.7,,5.0,,8.6,,45.1,,8.3,,51.7,,-,1001-1200,1001.0,1001-1200,,False,daffodil international university,882.0,Daffodil International University (DIU),Bangladesh,17085.0,22.0,0.05,37 : 63,37.5585,12.1,13.0,81.7,20.1,65.4,2026.0,882.0,37.0,37 : 63,daffodil international university,exact_name_country,100.0,True,Daffodil International University,Daffodil International University (DIU),daffodil international university,daffodil international university
,,Dankook University,Republic of Korea,Asia,L,FC,HI,Private not for Profit,10.0,,8.3,,72.0,213.0,4.8,,5.5,,12.6,,16.2,,17.1,,3.6,,47.6,,-,1001-1200,1001.0,1001-1200,,False,dankook university,1741.0,Dankook University,Republic of Korea,26277.0,16.6,0.05,"2 days, 6:46:00",23.464,23.1,14.7,27.8,51.1,26.7,2026.0,1741.0,54.0,"2 days, 6:46:00",dankook university,exact_name_country,100.0,True,Dankook University,Dankook University,dankook university,dankook university
,,Financial University under the Government of the Russian Federation,Russian Federation,Europe,L,FO,VH,Public,4.9,,17.4,,44.1,450.0,2.7,,6.7,,39.2,500.0,44.7,467.0,37.6,,57.5,291.0,43.8,,-,1001-1200,1001.0,1001-1200,,False,financial university under the government of the russian federation,1198.0,Financial University under the Government of the Russian Federation,Russian Federation,16514.0,13.7,0.13,"2 days, 9:43:00",32.1495,30.0,21.1,42.5,35.2,40.3,2026.0,1198.0,57.0,"2 days, 9:43:00",financial university under the government of the russian federation,exact_name_country,100.0,True,Financial University under the Government of the Russian Federation,Financial University under the Government of the Russian Federation,financial university under the government of the russian federation,financial university under the government of the russian federation
,,Georgian Technical University,Georgia,Asia,L,FO,HI,Public,7.1,,7.1,,1.0,,54.4,336.0,,,,,,,7.8,,29.3,562.0,3.0,,-,1001-1200,1001.0,1001-1200,,False,georgian technical university,1924.0,Georgian Technical University,Georgia,17297.0,13.8,0.03,24 : 76,19.3635,29.8,9.0,14.5,17.0,39.1,2026.0,1924.0,24.0,24 : 76,georgian technical university,exact_name_country,100.0,True,Georgian Technical University,Georgian Technical University,georgian technical university,georgian technical university
,,Gifu University,Japan,Asia,M,FO,VH,Public,6.4,,4.5,,58.9,308.0,14.3,,7.1,,6.2,,10.2,,23.4,,1.8,,44.1,,-,1001-1200,1001.0,1001-1200,,False,gifu university,1366.0,Gifu University,Japan,7064.0,15.3,0.04,38 : 62,29.206,27.7,23.9,30.0,68.9,31.3,2026.0,1366.0,38.0,38 : 62,gifu university,exact_name_country,100.0,True,Gifu University,Gifu University,gifu university,gifu university
,,Glasgow Caledonian University,United Kingdom,Europe,L,FO,VH,Public,7.2,,9.5,,6.3,,11.2,,45.5,465.0,77.3,242.0,79.4,212.0,40.3,,8.5,,56.7,,-,1001-1200,1001.0,1001-1200,,False,glasgow caledonian university,913.0,Glasgow Caledonian University,United Kingdom,17335.0,25.9,0.3,"2 days, 9:43:00",36.9795,17.8,15.2,63.7,48.7,83.5,2026.0,913.0,57.0,"2 days, 9:43:00",glasgow caledonian university,exact_name_country,100.0,True,Glasgow Caledonian University,Glasgow Caledonian University,glasgow caledonian university,glasgow caledonian university
,,Hallym University,Republic of Korea,Asia,M,FC,VH,Private not for Profit,3.4,,2.7,,95.6,70.0,13.1,,4.3,,3.5,,7.6,,9.1,,1.8,,41.4,,-,1001-1200,1001.0,1001-1200,,False,hallym university,1327.0,Hallym University,Republic of Korea,7676.0,8.5,0.04,,29.9245,26.8,19.9,39.7,62.5,24.5,2026.0,1327.0,,,hallym university,exact_name_country,100.0,True,Hallym University,Hallym University,hallym university,hallym university
,,Harbin Engineering University,China (Mainland),Asia,L,FO,VH,Public,5.2,,6.5,,24.0,752.0,46.8,406.0,3.0,,3.6,,8.6,,40.0,,7.2,,24.3,,-,1001-1200,1001.0,1001-1200,,False,harbin engineering university,785.0,Harbin Engineering University,China (Mainland),33564.0,17.1,0.02,24 : 76,39.4575,29.7,33.8,50.6,94.1,26.0,2026.0,785.0,24.0,24 : 76,harbin engineering university,exact_name_country,100.0,True,Harbin Engineering University,Harbin Engineering University,harbin engineering university,harbin engineering university
,,Kangwon National University,Republic of Korea,Asia,L,FC,HI,Public,8.0,,7.1,,32.0,601.0,15.4,798.0,6.5,,10.2,,14.2,,28.6,,3.5,,56.6,,-,1001-1200,1001.0,1001-1200,,False,kangwon national university,1346.0,Kangwon National University,Republic of Korea,20621.0,20.1,0.03,"1 day, 18:58:00",29.5195,24.6,24.9,36.6,54.1,25.3,2026.0,1346.0,42.0,"1 day, 18:58:00",kangwon national university,exact_name_country,100.0,True,Kangwon National University,Kangwon National University,kangwon national university,kangwon national university
,,Kookmin University,Republic of Korea,Asia,L,CO,HI,Private for Profit,5.3,,6.2,,51.0,371.0,5.3,,7.0,,63.5,316.0,63.9,311.0,9.9,,5.2,,43.7,,-,1001-1200,1001.0,1001-1200,,False,kookmin university,1457.0,Kookmin University,Republic of Korea,15777.0,18.5,0.13,"2 days, 1:51:00",27.9595,28.6,21.3,27.0,59.7,38.1,2026.0,1457.0,49.0,"2 days, 1:51:00",kookmin university,exact_name_country,100.0,True,Kookmin University,Kookmin University,kookmin university,kookmin university
,,Kyushu Institute of Technology,Japan,Asia,M,SP,VH,Public,5.0,,9.0,,12.9,,37.5,499.0,10.4,,5.9,,10.1,,21.6,,1.8,,34.9,,-,1001-1200,1001.0,1001-1200,,False,kyushu institute of technology,1486.0,Kyushu Institute of Technology (Kyutech),Japan,5616.0,16.1,0.04,0.6430555555555556,27.4514999999999,26.4,16.5,30.9,66.9,39.1,2026.0,1486.0,,0.6430555555555556,kyushu institute of technology,exact_name_country,100.0,True,Kyushu Institute of Technology,Kyushu Institute of Technology (Kyutech),kyushu institute of technology,kyushu institute of technology
,,Leeds Beckett University,United Kingdom,Europe,L,CO,HI,Public,5.1,,10.3,,5.2,,13.5,,46.9,453.0,45.2,447.0,50.3,412.0,36.6,,10.8,,61.7,,-,1001-1200,1001.0,1001-1200,,False,leeds beckett university,822.0,Leeds Beckett University,United Kingdom,19825.0,17.0,0.23,"2 days, 6:46:00",38.5725,19.2,15.9,69.2,48.0,74.9,2026.0,822.0,54.0,"2 days, 6:46:00",leeds beckett university,exact_name_country,100.0,True,Leeds Beckett University,Leeds Beckett University,leeds beckett university,leeds beckett university
,,Lobachevsky State University of Nizhni Novgorod,Russian Federation,Europe,L,FO,VH,Public,10.0,,8.2,,50.9,372.0,3.5,,2.6,,37.0,526.0,42.6,487.0,18.0,,3.9,,38.2,,-,1001-1200,1001.0,1001-1200,,False,lobachevsky state university of nizhni novgorod,1825.0,Lobachevsky State University of Nizhni Novgorod,Russian Federation,20444.0,10.5,0.13,"2 days, 3:49:00",21.5529999999999,31.5,13.9,13.8,35.3,35.7,2026.0,1825.0,51.0,"2 days, 3:49:00",lobachevsky state university of nizhni novgorod,exact_name_country,100.0,True,Lobachevsky State University of Nizhni Novgorod,Lobachevsky State University of Nizhni Novgorod,lobachevsky state university of nizhni novgorod,lobachevsky state university of nizhni novgorod
,,Lodz University of Technology,Poland,Europe,M,SP,VH,Public,6.0,,7.3,,59.0,306.0,16.0,784.0,4.1,,8.3,,12.4,,49.2,,4.1,,40.3,,-,1001-1200,1001.0,1001-1200,,False,lodz university of technology,1589.0,Lodz University of Technology,Poland,10476.0,11.7,0.06,38 : 62,25.7195,25.9,15.8,28.5,61.8,33.0,2026.0,1589.0,38.0,38 : 62,lodz university of technology,exact_name_country,100.0,True,Lodz University of Technology,Lodz University of Technology,lodz university of technology,lodz university of technology
,,London Metropolitan University,United Kingdom,Europe,L,CO,MD,Public,5.9,,7.3,,4.7,,7.0,,68.5,340.0,97.6,95.0,97.7,84.0,22.4,,20.8,713.0,20.9,,-,1001-1200,1001.0,1001-1200,,False,london metropolitan university,752.0,London Metropolitan University,United Kingdom,12395.0,28.2,0.64,"2 days, 16:36:00",40.1084999999999,16.6,14.4,76.6,30.2,91.3,2026.0,752.0,64.0,"2 days, 16:36:00",london metropolitan university,exact_name_country,100.0,True,London Metropolitan University,London Metropolitan University,london metropolitan university,london metropolitan university
,,Makerere University,Uganda,Africa,XL,FC,HI,Public,13.4,,5.3,,5.8,,6.5,,8.3,,13.6,,10.3,,65.3,617.0,98.3,38.0,42.0,,-,1001-1200,1001.0,1001-1200,,False,makerere university,923.0,Makerere University,Uganda,25506.0,19.3,0.04,"1 day, 19:57:00",36.856,21.5,26.6,54.2,32.8,69.7,2026.0,923.0,43.0,"1 day, 19:57:00",makerere university,exact_name_country,100.0,True,Makerere University,Makerere University,makerere university,makerere university
,,Mansoura University,Egypt,Africa,XL,FC,VH,Public,18.8,653.0,15.8,,5.2,,5.0,,9.9,,21.2,706.0,24.5,695.0,81.9,315.0,12.6,,55.5,,-,1001-1200,1001.0,1001-1200,,False,mansoura university,892.0,Mansoura University,Egypt,165971.0,19.0,0.14,"2 days, 7:45:00",37.306,20.2,11.9,69.4,32.9,76.8,2026.0,892.0,55.0,"2 days, 7:45:00",mansoura university,exact_name_country,100.0,True,Mansoura University,Mansoura University,mansoura university,mansoura university
,,Mississippi State University,United States of America,Americas,L,CO,VH,Public,7.2,,8.7,,9.1,,33.5,542.0,19.7,720.0,5.5,,4.3,,70.2,527.0,12.8,,38.5,,-,1001-1200,1001.0,1001-1200,,False,mississippi state university,737.0,Mississippi State University,United States of America,20844.0,14.1,0.04,"2 days, 5:47:00",40.3109999999999,28.5,21.2,64.8,63.2,50.5,2026.0,737.0,53.0,"2 days, 5:47:00",mississippi state university,exact_name_country,100.0,True,Mississippi State University,Mississippi State University,mississippi state university,mississippi state university
,,Mustansiriyah University,Iraq,Asia,XL,FC,HI,Public,8.3,,23.5,572.0,64.9,269.0,1.8,,43.6,474.0,6.3,,5.0,,19.2,,10.4,,26.5,,-,1001-1200,1001.0,1001-1200,,False,mustansiriyah university,1892.0,Mustansiriyah University,Iraq,32844.0,8.5,0.01,"2 days, 7:45:00",20.2464999999999,26.8,9.8,19.8,23.9,34.7,2026.0,1892.0,55.0,"2 days, 7:45:00",mustansiriyah university,exact_name_country,100.0,True,Mustansiriyah University,Mustansiriyah University,mustansiriyah university,mustansiriyah university
,,Mutah University,Jordan,Asia,L,FC,MD,Public,15.6,,21.8,608.0,12.1,,3.4,,15.7,788.0,32.9,560.0,32.2,587.0,28.0,,10.1,,33.2,,-,1001-1200,1001.0,1001-1200,,False,mutah university,1440.0,Mutah University,Jordan,15579.0,21.6,0.13,"2 days, 5:47:00",28.2284999999999,25.4,13.7,39.2,18.0,57.1,2026.0,1440.0,53.0,"2 days, 5:47:00",mutah university,exact_name_country,100.0,True,Mutah University,Mutah University,mutah university,mutah university
,,"National Technical University ""Kharkiv Polytechnic Institute""",Ukraine,Europe,M,CO,VH,Public,7.6,,20.8,633.0,61.1,294.0,1.8,,2.3,,33.3,555.0,34.7,553.0,17.1,,4.6,,38.9,,-,1001-1200,1001.0,1001-1200,,False,national technical university kharkiv polytechnic institute,2000.0,National Technical University Kharkiv Polytechnic Institute,Ukraine,11572.0,8.5,0.13,28 : 72,17.848,24.5,9.2,15.7,19.0,33.1,2026.0,2000.0,28.0,28 : 72,national technical university kharkiv polytechnic institute,exact_name_country,100.0,True,"National Technical University ""Kharkiv Polytechnic Institute""",National Technical University Kharkiv Polytechnic Institute,national technical university kharkiv polytechnic institute,national technical university kharkiv polytechnic institute
,,Niigata University,Japan,Asia,L,FC,HI,Public,6.6,,5.1,,88.7,110.0,6.7,,6.6,,6.1,,10.6,,23.1,,7.2,,43.0,,-,1001-1200,1001.0,1001-1200,,False,niigata university,1304.0,Niigata University,Japan,11826.0,7.1,0.03,37 : 63,30.3815,31.2,15.7,40.9,54.3,29.1,2026.0,1304.0,37.0,37 : 63,niigata university,exact_name_country,100.0,True,Niigata University,Niigata University,niigata university,niigata university
,,Northwest University (China),China (Mainland),Asia,L,CO,VH,Public,5.8,,3.2,,55.7,338.0,31.8,566.0,4.8,,4.7,,9.3,,37.6,,5.1,,33.1,,-,1001-1200,1001.0,1001-1200,,False,northwest university,1165.0,Northwest University (China),China (Mainland),26259.0,13.2,0.03,"2 days, 6:46:00",32.662,27.9,14.7,54.0,51.4,25.5,2026.0,1165.0,54.0,"2 days, 6:46:00",northwest university,exact_name_country,100.0,True,Northwest University (China),Northwest University (China),northwest university,northwest university
,,Obuda University,Hungary,Europe,M,FO,VH,Public,7.9,,8.9,,3.9,,19.6,721.0,34.7,538.0,13.3,,19.3,774.0,44.5,,5.1,,42.4,,-,1001-1200,1001.0,1001-1200,,False,obuda university,722.0,Obuda University,Hungary,8068.0,26.6,0.07,0.8888888888888888,40.6819999999999,17.4,30.9,72.8,27.2,48.8,2026.0,722.0,,0.8888888888888888,obuda university,exact_name_country,100.0,True,Obuda University,Obuda University,obuda university,obuda university
,,Ohio University,United States of America,Americas,L,FC,HI,Public,10.9,,13.3,,7.6,,14.0,,3.9,,6.3,,11.7,,51.8,,27.9,598.0,38.3,,-,1001-1200,1001.0,1001-1200,,False,ohio university,803.0,Ohio University (Main campus),United States of America,20461.0,21.8,0.04,"2 days, 11:41:00",38.992,33.1,18.9,61.6,59.1,38.7,2026.0,803.0,59.0,"2 days, 11:41:00",ohio university,exact_name_country,100.0,True,Ohio University,Ohio University (Main campus),ohio university,ohio university
,,Pontificia Universidad Catolica del Ecuador,Ecuador,Americas,L,FO,HI,Private not for Profit,24.4,524.0,19.1,682.0,13.5,,1.9,,18.0,745.0,2.6,,2.2,,35.3,,46.2,377.0,23.0,,-,1001-1200,1001.0,1001-1200,,False,pontificia universidad catolica del ecuador,1993.0,Pontificia Universidad Católica del Ecuador,Ecuador,29406.0,19.4,0.02,"2 days, 8:44:00",17.9419999999999,14.1,9.3,21.4,16.7,53.3,2026.0,1993.0,56.0,"2 days, 8:44:00",pontificia universidad cat lica del ecuador,exact_name_country,100.0,True,Pontificia Universidad Catolica del Ecuador,Pontificia Universidad Católica del Ecuador,pontificia universidad catolica del ecuador,pontificia universidad catolica del ecuador
,,Poznan University of Technology,Poland,Europe,L,FO,VH,Public,10.9,,13.1,,39.8,510.0,12.8,,3.4,,10.7,,15.5,,47.8,,7.4,,27.6,,-,1001-1200,1001.0,1001-1200,,False,poznan university of technology,1551.0,Poznan University of Technology,Poland,13680.0,11.0,0.08,31 : 69,26.2995,25.7,14.0,34.7,47.7,31.2,2026.0,1551.0,31.0,31 : 69,poznan university of technology,exact_name_country,100.0,True,Poznan University of Technology,Poznan University of Technology,poznan university of technology,poznan university of technology
,,San Diego State University,United States of America,Americas,XL,CO,VH,Public,7.9,,8.7,,4.5,,22.8,670.0,7.9,,4.6,,3.7,,70.6,515.0,32.1,526.0,46.5,,-,1001-1200,1001.0,1001-1200,,False,san diego state university,1179.0,San Diego State University,United States of America,33402.0,25.5,0.04,"2 days, 11:41:00",32.4725,22.9,12.8,57.2,57.0,34.2,2026.0,1179.0,59.0,"2 days, 11:41:00",san diego state university,exact_name_country,100.0,True,San Diego State University,San Diego State University,san diego state university,san diego state university
,,Seoul National University of Science and Technology,Republic of Korea,Asia,M,FO,VH,Public,10.5,,7.9,,20.5,,18.9,734.0,12.0,,32.2,565.0,28.6,633.0,28.6,,1.9,,49.7,,-,1001-1200,1001.0,1001-1200,,False,seoul national university of science and technology,1297.0,Seoul National University of Science and Technology (SeoulTech),Republic of Korea,8106.0,11.8,0.13,38 : 62,30.4305,30.3,21.7,35.1,52.6,34.2,2026.0,1297.0,38.0,38 : 62,seoul national university of science and technology,exact_name_country,100.0,True,Seoul National University of Science and Technology,Seoul National University of Science and Technology (SeoulTech),seoul national university of science and technology,seoul national university of science and technology
,,Sheffield Hallam University,United Kingdom,Europe,XL,CO,HI,Public,9.8,,13.4,,10.9,,7.1,,42.6,480.0,42.7,469.0,48.0,434.0,60.6,682.0,12.3,,40.6,,-,1001-1200,1001.0,1001-1200,,False,sheffield hallam university,976.0,Sheffield Hallam University,United Kingdom,29535.0,19.0,0.23,"2 days, 7:45:00",35.935,18.0,14.1,65.5,34.9,73.2,2026.0,976.0,55.0,"2 days, 7:45:00",sheffield hallam university,exact_name_country,100.0,True,Sheffield Hallam University,Sheffield Hallam University,sheffield hallam university,sheffield hallam university
,,Siberian Federal University,Russian Federation,Europe,M,CO,VH,Public,7.8,,9.9,,29.9,634.0,7.9,,56.8,406.0,46.0,438.0,47.4,437.0,37.7,,10.3,,44.4,,-,1001-1200,1001.0,1001-1200,,False,siberian federal university,986.0,Siberian Federal University,Russian Federation,8610.0,19.0,0.13,"1 day, 23:53:00",35.7465,34.2,26.9,36.6,61.1,59.1,2026.0,986.0,47.0,"1 day, 23:53:00",siberian federal university,exact_name_country,100.0,True,Siberian Federal University,Siberian Federal University,siberian federal university,siberian federal university
,,Slovak University of Technology in Bratislava,Slovakia,Europe,M,FO,VH,Public,10.8,,10.6,,48.9,396.0,7.7,,4.8,,29.1,602.0,21.8,732.0,54.2,779.0,17.9,762.0,28.1,,-,1001-1200,1001.0,1001-1200,,False,slovak university of technology in bratislava,1631.0,Slovak University of Technology in Bratislava,Slovakia,10809.0,12.9,0.19,33 : 67,25.2724999999999,28.7,14.5,24.7,45.4,45.0,2026.0,1631.0,33.0,33 : 67,slovak university of technology in bratislava,exact_name_country,100.0,True,Slovak University of Technology in Bratislava,Slovak University of Technology in Bratislava,slovak university of technology in bratislava,slovak university of technology in bratislava
,,Soonchunhyang University,Republic of Korea,Asia,M,FC,VH,Private not for Profit,7.7,,9.1,,70.9,219.0,10.1,,7.5,,7.3,,11.0,,12.8,,1.9,,45.2,,-,1001-1200,1001.0,1001-1200,,False,soonchunhyang university,1289.0,Soonchunhyang University,Republic of Korea,8983.0,19.4,0.06,"2 days, 2:50:00",30.5245,22.6,27.9,35.8,63.6,33.1,2026.0,1289.0,50.0,"2 days, 2:50:00",soonchunhyang university,exact_name_country,100.0,True,Soonchunhyang University,Soonchunhyang University,soonchunhyang university,soonchunhyang university
,,Southern Federal University,Russian Federation,Europe,L,CO,VH,Public,7.0,,7.5,,65.4,266.0,3.5,,4.9,,42.3,470.0,47.6,435.0,43.6,,3.7,,31.4,,-,1001-1200,1001.0,1001-1200,,False,southern federal university,1688.0,Southern Federal University,Russian Federation,18741.0,12.8,0.15,"2 days, 9:43:00",24.246,23.8,16.3,24.6,38.7,47.6,2026.0,1688.0,57.0,"2 days, 9:43:00",southern federal university,exact_name_country,100.0,True,Southern Federal University,Southern Federal University,southern federal university,southern federal university
,,SRM Institute of Science and Technology (f.k.a SRM University),India,Asia,XL,CO,VH,Private not for Profit,14.1,,21.8,606.0,17.1,,8.6,,1.7,,2.6,,7.1,,75.1,441.0,4.9,,49.2,,-,1001-1200,1001.0,1001-1200,,False,srm institute of science and technology,1050.0,SRM Institute of Science and Technology,India,53777.0,13.1,0.02,"1 day, 19:57:00",34.616,25.0,13.6,67.4,27.8,26.2,2026.0,1050.0,43.0,"1 day, 19:57:00",srm institute of science and technology,exact_name_country,100.0,True,SRM Institute of Science and Technology (f.k.a SRM University),SRM Institute of Science and Technology,srm institute of science and technology,srm institute of science and technology
,,Sumy State University,Ukraine,Europe,M,FC,HI,Public,6.3,,11.0,,47.1,418.0,5.2,,3.9,,29.1,603.0,29.5,620.0,35.5,,4.5,,48.2,,-,1001-1200,1001.0,1001-1200,,False,sumy state university,1188.0,Sumy State University,Ukraine,7608.0,13.1,0.07,39 : 61,32.2544999999999,20.6,16.4,56.1,21.6,49.7,2026.0,1188.0,39.0,39 : 61,sumy state university,exact_name_country,100.0,True,Sumy State University,Sumy State University,sumy state university,sumy state university
,,Széchenyi István University,Hungary,Europe,M,FO,VH,Private for Profit,12.2,,36.6,391.0,28.9,655.0,2.9,,4.9,,13.4,,19.3,773.0,16.5,,4.8,,44.9,,-,1001-1200,1001.0,1001-1200,,False,sz chenyi istv n university,1838.0,Széchenyi István University,Hungary,12060.0,16.1,0.06,"1 day, 20:56:00",21.3129999999999,18.9,13.1,27.8,27.9,33.1,2026.0,1838.0,44.0,"1 day, 20:56:00",sz chenyi istv n university,exact_name_country,100.0,True,Széchenyi István University,Széchenyi István University,szechenyi istvan university,szechenyi istvan university
,,Technical University of Kosice,Slovakia,Europe,M,FO,VH,Public,8.2,,13.8,,21.4,,10.3,,1.8,,89.6,169.0,66.7,291.0,40.5,,21.4,699.0,21.9,,-,1001-1200,1001.0,1001-1200,,False,technical university of kosice,1552.0,Technical University of Košice,Slovakia,11397.0,16.8,0.41,25 : 75,26.2915,26.8,16.8,26.4,42.9,51.7,2026.0,1552.0,25.0,25 : 75,technical university of ko ice,exact_name_country,100.0,True,Technical University of Kosice,Technical University of Košice,technical university of kosice,technical university of kosice
,,Telkom University (aka Telkom Institute of Technology),Indonesia,Asia,L,SP,VH,Private for Profit,13.6,,14.7,,23.3,768.0,2.5,,53.5,423.0,12.1,,17.0,,15.5,,11.6,,36.3,,-,1001-1200,1001.0,1001-1200,,False,telkom university,1713.0,Telkom University,Indonesia,18089.0,14.7,0.1,"1 day, 17:59:00",23.8759999999999,16.5,12.8,32.7,36.1,53.9,2026.0,1713.0,41.0,"1 day, 17:59:00",telkom university,exact_name_country,100.0,True,Telkom University (aka Telkom Institute of Technology),Telkom University,telkom university,telkom university
,,The Hashemite University,Jordan,Asia,L,FC,HI,Public,15.6,,23.7,566.0,5.5,,7.8,,9.9,,18.4,756.0,13.9,,45.1,,5.1,,45.4,,-,1001-1200,1001.0,1001-1200,,False,the hashemite university,1164.0,The Hashemite University,Jordan,21051.0,23.5,0.13,"2 days, 16:36:00",32.6645,14.0,16.1,59.7,34.7,60.9,2026.0,1164.0,64.0,"2 days, 16:36:00",the hashemite university,exact_name_country,100.0,True,The Hashemite University,The Hashemite University,the hashemite university,the hashemite university
,,Tokyo Metropolitan University,Japan,Asia,M,CO,VH,Public,17.5,,8.2,,41.9,483.0,14.8,,9.7,,8.0,,11.6,,39.5,,4.9,,26.4,,-,1001-1200,1001.0,1001-1200,,False,tokyo metropolitan university,1520.0,Tokyo Metropolitan University,Japan,8789.0,10.7,0.05,39 : 61,27.0239999999999,29.7,16.2,29.8,52.8,33.5,2026.0,1520.0,39.0,39 : 61,tokyo metropolitan university,exact_name_country,100.0,True,Tokyo Metropolitan University,Tokyo Metropolitan University,tokyo metropolitan university,tokyo metropolitan university
,,Universidad del Valle,Colombia,Americas,XL,FC,MD,Public,24.1,529.0,9.7,,11.1,,2.8,,3.3,,2.2,,6.6,,24.7,,28.8,580.0,34.9,,-,1001-1200,1001.0,1001-1200,,False,universidad del valle,1992.0,Universidad del Valle,Colombia,33529.0,8.1,0.01,"2 days, 2:50:00",17.973,24.9,9.4,13.5,21.1,40.1,2026.0,1992.0,50.0,"2 days, 2:50:00",universidad del valle,exact_name_country,100.0,True,Universidad del Valle,Universidad del Valle,universidad del valle,universidad del valle
,,Universidad Peruana Cayetano Heredia,Peru,Americas,M,FO,VH,Private not for Profit,15.2,,12.1,,59.1,305.0,3.6,,1.6,,1.8,,1.6,,23.9,,4.6,,53.2,,-,1001-1200,1001.0,1001-1200,,False,universidad peruana cayetano heredia,1079.0,Universidad Peruana Cayetano Heredia,Peru,8598.0,15.1,0.01,"2 days, 19:33:00",34.0635,20.2,16.1,61.2,33.7,49.7,2026.0,1079.0,67.0,"2 days, 19:33:00",universidad peruana cayetano heredia,exact_name_country,100.0,True,Universidad Peruana Cayetano Heredia,Universidad Peruana Cayetano Heredia,universidad peruana cayetano heredia,universidad peruana cayetano heredia
,,Universidad Pontificia Bolivariana,Colombia,Americas,M,FO,VH,Private not for Profit,10.7,,12.7,,83.9,146.0,2.8,,4.8,,4.5,,8.8,,17.7,,27.6,601.0,28.5,,-,1001-1200,1001.0,1001-1200,,False,universidad pontificia bolivariana,1953.0,Universidad Pontificia Bolivariana (UPB),Colombia,9763.0,11.0,0.03,"2 days, 9:43:00",18.7464999999999,25.5,12.0,12.3,36.1,34.8,2026.0,1953.0,57.0,"2 days, 9:43:00",universidad pontificia bolivariana,exact_name_country,100.0,True,Universidad Pontificia Bolivariana,Universidad Pontificia Bolivariana (UPB),universidad pontificia bolivariana,universidad pontificia bolivariana
,,Universidad Rey Juan Carlos,Spain,Europe,XL,CO,VH,Public,12.5,,16.9,,11.5,,9.4,,24.2,660.0,20.3,727.0,26.4,667.0,65.3,619.0,14.5,,64.0,,-,1001-1200,1001.0,1001-1200,,False,universidad rey juan carlos,1381.0,University Rey Juan Carlos,Spain,39309.0,17.3,0.06,"2 days, 9:43:00",28.9214999999999,18.7,15.3,47.4,46.7,38.4,2026.0,1381.0,57.0,"2 days, 9:43:00",university rey juan carlos,exact_name_country,100.0,True,Universidad Rey Juan Carlos,University Rey Juan Carlos,universidad rey juan carlos,university rey juan carlos
,,Universidade Federal do Paraná (UFPR),Brazil,Americas,XL,FC,VH,Public,19.4,637.0,8.7,,25.7,722.0,9.8,,3.9,,11.2,,8.5,,55.4,762.0,18.0,759.0,40.0,,-,1001-1200,1001.0,1001-1200,,False,universidade federal do paran,1324.0,Universidade Federal do Paraná (UFPR),Brazil,33204.0,12.2,0.08,"2 days, 2:50:00",29.98,37.2,18.5,29.7,51.9,35.4,2026.0,1324.0,50.0,"2 days, 2:50:00",universidade federal do paran,exact_name_country,100.0,True,Universidade Federal do Paraná (UFPR),Universidade Federal do Paraná (UFPR),universidade federal do parana,universidade federal do parana
,,Universitas Sumatera Utara,Indonesia,Asia,XL,FC,HI,Public,14.4,,13.4,,38.0,532.0,1.8,,14.1,,2.6,,7.0,,28.6,,7.4,,46.0,,-,1001-1200,1001.0,1001-1200,,False,universitas sumatera utara,1881.0,Universitas Sumatera Utara,Indonesia,40855.0,18.1,0.02,"2 days, 7:45:00",20.4835,17.8,11.3,27.6,21.2,37.7,2026.0,1881.0,55.0,"2 days, 7:45:00",universitas sumatera utara,exact_name_country,100.0,True,Universitas Sumatera Utara,Universitas Sumatera Utara,universitas sumatera utara,universitas sumatera utara
,,Université de Bretagne Occidentale (UBO),France,Europe,L,FO,VH,,6.2,,5.4,,32.1,600.0,25.2,634.0,,,,,,,82.7,297.0,3.6,,47.2,,-,1001-1200,1001.0,1001-1200,,False,universit de bretagne occidentale,977.0,Université de Bretagne Occidentale,France,22138.0,24.8,0.12,"2 days, 11:41:00",35.9125,27.0,19.6,51.8,49.4,63.3,2026.0,977.0,59.0,"2 days, 11:41:00",universit de bretagne occidentale,exact_name_country,100.0,True,Université de Bretagne Occidentale (UBO),Université de Bretagne Occidentale,universite de bretagne occidentale,universite de bretagne occidentale
,,Universiti Malaysia Perlis (UniMAP),Malaysia,Asia,M,FO,VH,Public,10.7,,9.1,,29.8,636.0,13.7,,1.8,,4.9,,9.1,,47.9,,5.2,,43.1,,-,1001-1200,1001.0,1001-1200,,False,universiti malaysia perlis,1601.0,Universiti Malaysia Perlis,Malaysia,10470.0,13.0,0.03,"1 day, 23:53:00",25.6015,23.5,13.9,34.2,35.2,39.6,2026.0,1601.0,47.0,"1 day, 23:53:00",universiti malaysia perlis,exact_name_country,100.0,True,Universiti Malaysia Perlis (UniMAP),Universiti Malaysia Perlis,universiti malaysia perlis,universiti malaysia perlis
,,Universiti Malaysia Sarawak (UNIMAS),Malaysia,Asia,M,FC,HI,Public,20.1,612.0,14.4,,17.3,,6.8,,43.9,472.0,19.7,732.0,23.0,719.0,35.9,,5.0,,42.6,,-,1001-1200,1001.0,1001-1200,,False,universiti malaysia sarawak,1193.0,Universiti Malaysia Sarawak (UNIMAS),Malaysia,11981.0,15.5,0.14,"2 days, 22:30:00",32.205,31.4,22.1,29.7,77.7,60.2,2026.0,1193.0,70.0,"2 days, 22:30:00",universiti malaysia sarawak,exact_name_country,100.0,True,Universiti Malaysia Sarawak (UNIMAS),Universiti Malaysia Sarawak (UNIMAS),universiti malaysia sarawak,universiti malaysia sarawak
,,University of Anbar,Iraq,Asia,L,CO,HI,Public,25.3,507.0,15.4,,27.2,695.0,3.0,,3.5,,1.8,,6.3,,25.9,,5.6,,31.7,,-,1001-1200,1001.0,1001-1200,,False,university of anbar,1298.0,University of Anbar,Iraq,27797.0,11.1,0.01,"2 days, 9:43:00",30.418,25.0,11.1,53.2,36.6,32.0,2026.0,1298.0,57.0,"2 days, 9:43:00",university of anbar,exact_name_country,100.0,True,University of Anbar,University of Anbar,university of anbar,university of anbar
,,University of Colombo,Sri Lanka,Asia,L,CO,HI,Public,15.1,,20.9,626.0,3.3,,6.1,,1.2,,1.5,,5.9,,20.7,,76.0,176.0,61.1,,-,1001-1200,1001.0,1001-1200,,False,university of colombo,1008.0,University of Colombo,Sri Lanka,35859.0,32.1,0.01,"2 days, 13:39:00",35.3414999999999,26.0,11.7,67.1,27.4,40.7,2026.0,1008.0,61.0,"2 days, 13:39:00",university of colombo,exact_name_country,100.0,True,University of Colombo,University of Colombo,university of colombo,university of colombo
,,University of Denver,United States of America,Americas,M,CO,VH,Private not for Profit,7.8,,12.2,,43.6,458.0,12.7,,6.0,,14.2,,20.2,760.0,31.8,,37.5,465.0,49.5,,-,1001-1200,1001.0,1001-1200,,False,university of denver,608.0,University of Denver,United States of America,10234.0,13.3,0.05,"2 days, 14:38:00",43.547,40.2,25.5,63.5,57.2,39.4,2026.0,608.0,62.0,"2 days, 14:38:00",university of denver,exact_name_country,100.0,True,University of Denver,University of Denver,university of denver,university of denver
,,University of Deusto,Spain,Europe,M,FO,VH,,8.9,,29.8,477.0,7.4,,14.3,,8.8,,29.9,592.0,35.8,539.0,29.1,,52.2,324.0,31.6,,-,1001-1200,1001.0,1001-1200,,False,university of deusto,1213.0,University of Deusto,Spain,10138.0,18.7,0.11,"2 days, 8:44:00",31.9165,20.7,20.6,49.3,39.9,46.0,2026.0,1213.0,56.0,"2 days, 8:44:00",university of deusto,exact_name_country,100.0,True,University of Deusto,University of Deusto,university of deusto,university of deusto
,,University of East London,United Kingdom,Europe,L,FO,HI,Public,3.9,,6.5,,2.6,,9.5,,83.3,268.0,99.8,46.0,99.8,35.0,34.5,,14.1,,29.5,,-,1001-1200,1001.0,1001-1200,,False,university of east london,1076.0,University of East London,United Kingdom,18135.0,28.6,0.57,"2 days, 1:51:00",34.0995,23.6,15.3,49.5,32.2,87.5,2026.0,1076.0,49.0,"2 days, 1:51:00",university of east london,exact_name_country,100.0,True,University of East London,University of East London,university of east london,university of east london
,,University of Hradec Kralove,Czechia,Europe,M,FO,VH,Public,5.8,,6.9,,24.8,739.0,13.3,,60.2,388.0,6.2,,10.5,,49.4,,5.2,,23.0,,-,1001-1200,1001.0,1001-1200,,False,university of hradec kralove,1009.0,University of Hradec Králové,Czechia,6300.0,12.2,0.03,"2 days, 15:37:00",35.3195,20.6,15.8,61.7,34.7,63.5,2026.0,1009.0,63.0,"2 days, 15:37:00",university of hradec kr lov,exact_name_country,100.0,True,University of Hradec Kralove,University of Hradec Králové,university of hradec kralove,university of hradec kralove
,,University of Ibadan,Nigeria,Africa,XL,CO,VH,,11.6,,16.6,,6.4,,7.3,,,,,,,,64.8,624.0,76.2,175.0,41.9,,-,1001-1200,1001.0,1001-1200,,False,university of ibadan,942.0,University of Ibadan,Nigeria,36851.0,17.6,0.0,"2 days, 2:50:00",36.4749999999999,29.6,15.6,63.5,22.1,43.8,2026.0,942.0,50.0,"2 days, 2:50:00",university of ibadan,exact_name_country,100.0,True,University of Ibadan,University of Ibadan,university of ibadan,university of ibadan
,,University of Ioannina,Greece,Europe,XL,FC,HI,,9.4,,5.6,,1.9,,32.0,562.0,2.0,,7.5,,11.9,,55.7,757.0,3.6,,36.5,,-,1001-1200,1001.0,1001-1200,,False,university of ioannina,1335.0,University of Ioannina,Greece,33322.0,38.1,0.03,"2 days, 6:46:00",29.7629999999999,16.9,15.7,50.5,52.8,39.5,2026.0,1335.0,54.0,"2 days, 6:46:00",university of ioannina,exact_name_country,100.0,True,University of Ioannina,University of Ioannina,university of ioannina,university of ioannina
,,University of Karachi,Pakistan,Asia,XL,CO,HI,Public,14.5,,19.2,676.0,2.0,,10.4,,4.7,,1.2,,1.1,,48.4,,51.2,332.0,31.3,,-,1001-1200,1001.0,1001-1200,,False,university of karachi,1840.0,University of Karachi,Pakistan,47940.0,39.8,0.0,"2 days, 14:38:00",21.2984999999999,16.2,11.1,28.8,28.2,47.1,2026.0,1840.0,62.0,"2 days, 14:38:00",university of karachi,exact_name_country,100.0,True,University of Karachi,University of Karachi,university of karachi,university of karachi
,,University of Lagos,Nigeria,Africa,XL,CO,HI,,9.4,,16.5,,2.5,,5.2,,,,,,,,45.9,,90.4,103.0,36.6,,-,1001-1200,1001.0,1001-1200,,False,university of lagos,973.0,University of Lagos,Nigeria,36484.0,22.4,0.0,"2 days, 3:49:00",35.991,18.4,20.1,66.7,32.6,45.6,2026.0,973.0,51.0,"2 days, 3:49:00",university of lagos,exact_name_country,100.0,True,University of Lagos,University of Lagos,university of lagos,university of lagos
,,"University of Missouri, Kansas City",United States of America,Americas,M,CO,VH,Public,5.1,,9.5,,21.9,795.0,25.7,627.0,6.9,,31.3,574.0,23.5,715.0,26.4,,13.4,,30.8,,-,1001-1200,1001.0,1001-1200,,False,university of missouri kansas city,572.0,University of Missouri-Kansas City,United States of America,9605.0,12.3,0.13,"2 days, 10:42:00",44.559,30.3,24.4,75.2,64.3,45.5,2026.0,572.0,58.0,"2 days, 10:42:00",university of missouri kansas city,exact_name_country,100.0,True,"University of Missouri, Kansas City",University of Missouri-Kansas City,university of missouri kansas city,university of missouri kansas city
,,University of Murcia,Spain,Europe,L,FC,VH,Public,15.3,,5.4,,24.9,735.0,14.9,,,,7.0,,12.2,,77.9,385.0,4.9,,64.4,,-,1001-1200,1001.0,1001-1200,,False,university of murcia,1045.0,University of Murcia,Spain,26754.0,15.2,0.05,"2 days, 15:37:00",34.6795,25.6,19.4,55.2,55.1,36.5,2026.0,1045.0,63.0,"2 days, 15:37:00",university of murcia,exact_name_country,100.0,True,University of Murcia,University of Murcia,university of murcia,university of murcia
,,University of Nairobi,Kenya,Africa,XL,FC,HI,Public,12.8,,13.7,,25.7,723.0,2.6,,,,,,,,48.7,,95.6,72.0,39.1,,-,1001-1200,1001.0,1001-1200,,False,university of nairobi,1578.0,University of Nairobi,Kenya,52216.0,23.3,0.02,"1 day, 21:55:00",25.8744999999999,15.9,16.1,39.7,22.5,49.4,2026.0,1578.0,45.0,"1 day, 21:55:00",university of nairobi,exact_name_country,100.0,True,University of Nairobi,University of Nairobi,university of nairobi,university of nairobi
,,University of North Carolina at Charlotte,United States of America,Americas,L,CO,VH,Public,6.7,,7.0,,7.7,,19.6,718.0,15.5,795.0,13.7,,19.7,767.0,66.4,598.0,15.3,,43.9,,-,1001-1200,1001.0,1001-1200,,False,university of north carolina at charlotte,641.0,University of North Carolina at Charlotte,United States of America,27004.0,21.1,0.08,"2 days, 2:50:00",42.5565,23.9,24.5,76.2,60.9,41.4,2026.0,641.0,50.0,"2 days, 2:50:00",university of north carolina at charlotte,exact_name_country,100.0,True,University of North Carolina at Charlotte,University of North Carolina at Charlotte,university of north carolina at charlotte,university of north carolina at charlotte
,,University of Parma,Italy,Europe,XL,FC,HI,Public,13.6,,5.8,,4.5,,33.0,551.0,5.2,,16.8,784.0,22.9,722.0,63.0,651.0,12.5,,37.0,,-,1001-1200,1001.0,1001-1200,,False,university of parma,769.0,University of Parma,Italy,31624.0,31.5,0.09,"2 days, 11:41:00",39.6584999999999,20.9,23.9,70.1,64.8,39.2,2026.0,769.0,59.0,"2 days, 11:41:00",university of parma,exact_name_country,100.0,True,University of Parma,University of Parma,university of parma,university of parma
,,University of Regina,Canada,Americas,L,CO,HI,Public,4.7,,2.9,,5.7,,34.3,532.0,4.0,,51.2,400.0,54.5,376.0,48.5,,6.4,,64.2,,-,1001-1200,1001.0,1001-1200,,False,university of regina,930.0,University of Regina,Canada,14331.0,22.9,0.34,"2 days, 12:40:00",36.7385,18.4,20.9,61.9,43.8,65.7,2026.0,930.0,60.0,"2 days, 12:40:00",university of regina,exact_name_country,100.0,True,University of Regina,University of Regina,university of regina,university of regina
,,University of Rhode Island,United States of America,Americas,L,CO,VH,Public,7.2,,5.7,,8.7,,26.5,619.0,7.8,,4.3,,9.2,,53.2,793.0,15.8,,68.0,,-,1001-1200,1001.0,1001-1200,,False,university of rhode island,856.0,University of Rhode Island,United States of America,15859.0,17.4,0.03,"2 days, 10:42:00",37.9,29.6,23.0,55.0,53.2,51.6,2026.0,856.0,58.0,"2 days, 10:42:00",university of rhode island,exact_name_country,100.0,True,University of Rhode Island,University of Rhode Island,university of rhode island,university of rhode island
,,University of Salento,Italy,Europe,L,CO,VH,Public,6.8,,1.9,,8.2,,41.5,454.0,1.5,,4.5,,9.5,,71.9,501.0,3.4,,31.9,,-,1001-1200,1001.0,1001-1200,,False,university of salento,883.0,University of Salento,Italy,14502.0,23.5,0.03,"2 days, 14:38:00",37.552,27.2,21.4,61.4,55.8,35.6,2026.0,883.0,62.0,"2 days, 14:38:00",university of salento,exact_name_country,100.0,True,University of Salento,University of Salento,university of salento,university of salento
,,University of Tabuk,Saudi Arabia,Asia,L,FC,HI,Public,8.8,,3.5,,27.3,693.0,6.7,,93.7,197.0,5.5,,9.9,,42.7,,2.8,,34.7,,-,1001-1200,1001.0,1001-1200,,False,university of tabuk,780.0,University of Tabuk,Saudi Arabia,20099.0,10.3,0.03,"1 day, 17:59:00",39.551,25.1,14.5,70.3,30.1,75.3,2026.0,780.0,41.0,"1 day, 17:59:00",university of tabuk,exact_name_country,100.0,True,University of Tabuk,University of Tabuk,university of tabuk,university of tabuk
,,University of the Free State,South Africa,Africa,L,FO,VH,Public,7.2,,12.1,,4.9,,13.8,,,,8.3,,6.4,,93.7,107.0,18.4,751.0,41.7,,-,1001-1200,1001.0,1001-1200,,False,university of the free state,1171.0,University of the Free State,South Africa,31599.0,30.9,0.02,"2 days, 16:36:00",32.596,23.1,20.0,49.6,30.6,51.7,2026.0,1171.0,64.0,"2 days, 16:36:00",university of the free state,exact_name_country,100.0,True,University of the Free State,University of the Free State,university of the free state,university of the free state
,,University of Toledo,United States of America,Americas,L,FC,HI,Public,4.2,,4.5,,13.8,,28.8,598.0,7.7,,21.6,702.0,16.3,,45.4,,14.5,,39.9,,-,1001-1200,1001.0,1001-1200,,False,university of toledo,789.0,University of Toledo,United States of America,13661.0,15.8,0.1,"2 days, 6:46:00",39.3819999999999,36.9,18.5,54.6,63.6,56.1,2026.0,789.0,54.0,"2 days, 6:46:00",university of toledo,exact_name_country,100.0,True,University of Toledo,University of Toledo,university of toledo,university of toledo
,,University of Warmia and Mazury in Olsztyn,Poland,Europe,L,FC,HI,Public,10.8,,14.5,,42.0,478.0,7.7,,2.6,,4.6,,9.0,,42.6,,4.0,,43.7,,-,1001-1200,1001.0,1001-1200,,False,university of warmia and mazury in olsztyn,1618.0,University of Warmia and Mazury in Olsztyn,Poland,15830.0,16.8,0.03,"2 days, 13:39:00",25.376,18.2,15.6,41.9,26.7,24.6,2026.0,1618.0,61.0,"2 days, 13:39:00",university of warmia and mazury in olsztyn,exact_name_country,100.0,True,University of Warmia and Mazury in Olsztyn,University of Warmia and Mazury in Olsztyn,university of warmia and mazury in olsztyn,university of warmia and mazury in olsztyn
,,University of Wolverhampton,United Kingdom,Europe,L,CO,HI,Public,3.1,,3.7,,14.0,,14.9,,40.8,493.0,78.9,228.0,80.9,198.0,55.7,756.0,5.9,,31.0,,-,1001-1200,1001.0,1001-1200,,False,university of wolverhampton,965.0,University of Wolverhampton,United Kingdom,13835.0,17.9,0.28,"2 days, 16:36:00",36.1045,20.3,15.6,59.3,47.3,78.8,2026.0,965.0,64.0,"2 days, 16:36:00",university of wolverhampton,exact_name_country,100.0,True,University of Wolverhampton,University of Wolverhampton,university of wolverhampton,university of wolverhampton
,,University of Wyoming,United States of America,Americas,M,CO,VH,Public,3.6,,2.3,,39.4,515.0,29.6,592.0,12.6,,8.1,,13.5,,52.0,,10.6,,43.4,,-,1001-1200,1001.0,1001-1200,,False,university of wyoming,888.0,University of Wyoming,United States of America,9462.0,13.3,0.05,"2 days, 5:47:00",37.469,36.4,15.3,57.2,54.1,39.6,2026.0,888.0,53.0,"2 days, 5:47:00",university of wyoming,exact_name_country,100.0,True,University of Wyoming,University of Wyoming,university of wyoming,university of wyoming
,,University of Zilina,Slovakia,Europe,M,FO,VH,Public,6.3,,7.3,,59.5,302.0,13.9,,5.5,,12.3,,14.7,,25.6,,5.6,,36.5,,-,1001-1200,1001.0,1001-1200,,False,university of zilina,1336.0,University of Žilina,Slovakia,7418.0,15.1,0.07,33 : 67,29.7455,26.2,19.6,39.9,45.5,33.9,2026.0,1336.0,33.0,33 : 67,university of ilina,exact_name_country,100.0,True,University of Zilina,University of Žilina,university of zilina,university of zilina
,,William & Mary,United States of America,Americas,M,CO,VH,Public,10.0,,14.9,,26.4,708.0,16.2,779.0,6.0,,9.0,,14.7,,37.9,,38.6,450.0,44.4,,-,1001-1200,1001.0,1001-1200,,False,william and mary,812.0,William & Mary,United States of America,8786.0,11.8,0.06,"2 days, 10:42:00",38.8835,39.2,22.6,53.9,45.7,36.9,2026.0,812.0,58.0,"2 days, 10:42:00",william and mary,exact_name_country,100.0,True,William & Mary,William & Mary,william and mary,william and mary
,,Yerevan State University,Armenia,Asia,M,CO,HI,Public,8.7,,6.0,,64.8,271.0,1.9,,8.7,,3.0,,7.2,,21.2,,90.0,106.0,13.3,,-,1001-1200,1001.0,1001-1200,,False,yerevan state university,1999.0,Yerevan State University,Armenia,14333.0,7.2,0.03,"2 days, 5:47:00",17.864,25.4,9.1,12.4,22.3,41.6,2026.0,1999.0,53.0,"2 days, 5:47:00",yerevan state university,exact_name_country,100.0,True,Yerevan State University,Yerevan State University,yerevan state university,yerevan state university
,,Yokohama City University,Japan,Asia,M,FO,VH,Public,3.3,,3.7,,96.7,64.0,19.0,730.0,7.2,,6.0,,10.0,,15.0,,3.5,,14.5,,-,1001-1200,1001.0,1001-1200,,False,yokohama city university,1036.0,Yokohama City University,Japan,5142.0,5.4,0.03,"2 days, 7:45:00",34.8184999999999,28.2,10.8,62.0,65.0,28.9,2026.0,1036.0,55.0,"2 days, 7:45:00",yokohama city university,exact_name_country,100.0,True,Yokohama City University,Yokohama City University,yokohama city university,yokohama city university
,,Yokohama National University,Japan,Asia,M,CO,VH,Public,11.6,,24.5,548.0,22.9,777.0,11.3,,17.2,762.0,12.5,,18.2,792.0,28.1,,22.5,684.0,41.2,,-,1001-1200,1001.0,1001-1200,,False,yokohama national university,1499.0,Yokohama National University,Japan,9459.0,13.2,0.08,28 : 72,27.269,28.3,21.9,22.1,82.3,35.3,2026.0,1499.0,28.0,28 : 72,yokohama national university,exact_name_country,100.0,True,Yokohama National University,Yokohama National University,yokohama national university,yokohama national university
,,Yuan Ze University,Taiwan,Asia,M,CO,VH,Private for Profit,8.6,,9.7,,13.7,,19.7,716.0,22.2,684.0,23.0,689.0,25.9,671.0,38.9,,2.1,,42.9,,-,1001-1200,1001.0,1001-1200,,False,yuan ze university,744.0,Yuan Ze University,Taiwan,6717.0,20.4,0.11,"1 day, 19:57:00",40.2605,19.7,27.3,62.5,79.8,61.2,2026.0,744.0,43.0,"1 day, 19:57:00",yuan ze university,exact_name_country,100.0,True,Yuan Ze University,Yuan Ze University,yuan ze university,yuan ze university
,,Al-Balqa Applied University,Jordan,Asia,L,FC,HI,Public,10.2,,15.4,,6.0,,5.8,,15.2,,5.2,,9.2,,46.0,,5.5,,41.8,,-,1201-1400,1201.0,1201-1400,,False,al balqa applied university,1140.0,Al-Balqa Applied University,Jordan,24503.0,23.7,0.03,"2 days, 10:42:00",33.031,13.4,16.9,64.7,30.3,47.4,2026.0,1140.0,58.0,"2 days, 10:42:00",al balqa applied university,exact_name_country,100.0,True,Al-Balqa Applied University,Al-Balqa Applied University,al balqa applied university,al balqa applied university
,,Bahauddin Zakariya University,Pakistan,Asia,L,CO,VH,Public,8.5,,7.8,,4.1,,30.3,584.0,,,1.0,,1.0,,50.8,,8.3,,25.7,,-,1201-1400,1201.0,1201-1400,,False,bahauddin zakariya university,784.0,Bahauddin Zakariya University,Pakistan,19120.0,19.5,0.0,40 : 60,39.461,23.7,18.1,75.0,25.2,49.5,2026.0,784.0,40.0,40 : 60,bahauddin zakariya university,exact_name_country,100.0,True,Bahauddin Zakariya University,Bahauddin Zakariya University,bahauddin zakariya university,bahauddin zakariya university
,,Benemérita Universidad Autónoma de Puebla,Mexico,Americas,XL,FC,HI,Public,19.9,616.0,8.0,,2.4,,2.9,,3.6,,1.7,,6.1,,29.1,,2.3,,28.9,,-,1201-1400,1201.0,1201-1400,,False,benem rita universidad aut noma de puebla,2024.0,Benemérita Universidad Autónoma de Puebla,Mexico,84699.0,24.0,0.01,"2 days, 5:47:00",17.3134999999999,23.3,9.8,13.5,21.2,36.0,2026.0,2024.0,53.0,"2 days, 5:47:00",benem rita universidad aut noma de puebla,exact_name_country,100.0,True,Benemérita Universidad Autónoma de Puebla,Benemérita Universidad Autónoma de Puebla,benemerita universidad autonoma de puebla,benemerita universidad autonoma de puebla
,,Beni-Suef University,Egypt,Africa,XL,FC,HI,Public,8.7,,4.1,,2.1,,11.1,,13.7,,1.6,,6.0,,51.5,,2.8,,39.8,,-,1201-1400,1201.0,1201-1400,,False,beni suef university,1096.0,Beni-Suef University,Egypt,82628.0,44.9,0.01,"2 days, 0:52:00",33.79,25.8,11.3,59.4,22.8,55.6,2026.0,1096.0,48.0,"2 days, 0:52:00",beni suef university,exact_name_country,100.0,True,Beni-Suef University,Beni-Suef University,beni suef university,beni suef university
,,BRAC University,Bangladesh,Asia,L,CO,HI,Private not for Profit,14.9,,33.4,429.0,11.6,,3.6,,1.7,,1.8,,6.2,,30.4,,4.5,,30.0,,-,1201-1400,1201.0,1201-1400,,False,brac university,1062.0,BRAC University,Bangladesh,17235.0,21.2,0.01,"1 day, 21:55:00",34.4115,13.6,13.4,74.9,19.9,43.3,2026.0,1062.0,45.0,"1 day, 21:55:00",brac university,exact_name_country,100.0,True,BRAC University,BRAC University,brac university,brac university
,,Brock University,Canada,Americas,L,CO,HI,Public,6.7,,10.9,,4.7,,16.6,772.0,4.2,,27.5,621.0,33.5,570.0,29.2,,6.7,,41.5,,-,1201-1400,1201.0,1201-1400,,False,brock university,1317.0,Brock University,Canada,21118.0,22.0,0.19,"2 days, 9:43:00",30.06,15.0,18.4,48.0,42.1,56.2,2026.0,1317.0,57.0,"2 days, 9:43:00",brock university,exact_name_country,100.0,True,Brock University,Brock University,brock university,brock university
,,Canterbury Christ Church University,United Kingdom,Europe,XL,CO,MD,Public,6.8,,4.7,,5.3,,6.8,,41.5,487.0,60.4,340.0,64.2,309.0,21.9,,2.2,,21.7,,-,1201-1400,1201.0,1201-1400,,False,canterbury christ church university,1353.0,Canterbury Christ Church University,United Kingdom,23395.0,38.4,0.55,"2 days, 9:43:00",29.4325,18.0,13.5,46.3,19.0,74.1,2026.0,1353.0,57.0,"2 days, 9:43:00",canterbury christ church university,exact_name_country,100.0,True,Canterbury Christ Church University,Canterbury Christ Church University,canterbury christ church university,canterbury christ church university
,,Chitkara University,India,Asia,L,CO,VH,Private not for Profit,10.0,,10.9,,18.2,,5.4,,13.1,,5.4,,9.1,,44.0,,1.7,,47.4,,-,1201-1400,1201.0,1201-1400,,False,chitkara university,717.0,Chitkara University,India,18269.0,13.8,0.03,"1 day, 20:56:00",40.8105,21.1,14.7,91.0,22.7,28.2,2026.0,717.0,44.0,"1 day, 20:56:00",chitkara university,exact_name_country,100.0,True,Chitkara University,Chitkara University,chitkara university,chitkara university
,,Delta University for Science & Technology,Egypt,Africa,L,FO,HI,Private not for Profit,26.2,483.0,8.8,,5.7,,5.1,,8.5,,2.4,,6.6,,14.0,,3.2,,33.1,,-,1201-1400,1201.0,1201-1400,,False,delta university for science and technology,1005.0,Delta University for Science and Technology,Egypt,11762.0,18.2,0.01,"1 day, 22:54:00",35.3704999999999,21.4,11.0,70.9,18.0,51.7,2026.0,1005.0,46.0,"1 day, 22:54:00",delta university for science and technology,exact_name_country,100.0,True,Delta University for Science & Technology,Delta University for Science and Technology,delta university for science and technology,delta university for science and technology
,,Doshisha University,Japan,Asia,L,CO,HI,Private not for Profit,11.1,,16.2,,7.0,,2.5,,22.1,685.0,6.3,,11.6,,18.7,,26.3,620.0,22.1,,-,1201-1400,1201.0,1201-1400,,False,doshisha university,2069.0,Doshisha University,Japan,26715.0,18.1,0.04,"1 day, 18:58:00",16.256,18.1,11.1,12.4,35.5,34.1,2026.0,2069.0,42.0,"1 day, 18:58:00",doshisha university,exact_name_country,100.0,True,Doshisha University,Doshisha University,doshisha university,doshisha university
,,Feng Chia University,Taiwan,Asia,L,FO,VH,Private for Profit,12.3,,11.8,,6.4,,11.7,,5.6,,6.8,,11.0,,10.1,,21.0,707.0,53.9,,-,1201-1400,1201.0,1201-1400,,False,feng chia university,1760.0,Feng Chia University,Taiwan,20114.0,23.0,0.06,"1 day, 17:59:00",23.0215,16.9,18.2,24.2,70.7,35.6,2026.0,1760.0,41.0,"1 day, 17:59:00",feng chia university,exact_name_country,100.0,True,Feng Chia University,Feng Chia University,feng chia university,feng chia university
,,Fu Jen Catholic University,Taiwan,Asia,L,FC,HI,Private not for Profit,10.6,,10.8,,4.5,,14.9,,13.2,,8.1,,12.5,,9.3,,35.8,479.0,44.5,,-,1201-1400,1201.0,1201-1400,,False,fu jen catholic university,1394.0,Fu Jen Catholic University,Taiwan,19288.0,25.9,0.05,"2 days, 11:41:00",28.6824999999999,23.1,27.6,28.5,76.6,30.0,2026.0,1394.0,59.0,"2 days, 11:41:00",fu jen catholic university,exact_name_country,100.0,True,Fu Jen Catholic University,Fu Jen Catholic University,fu jen catholic university,fu jen catholic university
,,Galgotias University,India,Asia,L,CO,HI,Private not for Profit,16.6,,4.6,,36.2,553.0,3.2,,21.1,696.0,15.0,,18.1,793.0,16.9,,3.3,,,,-,1201-1400,1201.0,1201-1400,,False,galgotias university,1234.0,Galgotias University,India,18462.0,14.8,0.03,36 : 64,31.607,21.3,10.9,64.2,19.5,28.3,2026.0,1234.0,36.0,36 : 64,galgotias university,exact_name_country,100.0,True,Galgotias University,Galgotias University,galgotias university,galgotias university
,,Gunma University,Japan,Asia,M,FO,VH,Public,3.8,,2.8,,89.8,104.0,9.0,,5.5,,5.2,,8.6,,10.5,,1.8,,15.4,,-,1201-1400,1201.0,1201-1400,,False,gunma university,1699.0,Gunma University,Japan,6155.0,7.4,0.05,39 : 61,24.0835,27.9,13.4,24.2,66.3,27.4,2026.0,1699.0,39.0,39 : 61,gunma university,exact_name_country,100.0,True,Gunma University,Gunma University,gunma university,gunma university
,,Helwan University,Egypt,Africa,XL,CO,HI,Public,11.0,,15.0,,4.9,,2.6,,1.2,,3.4,,2.8,,63.6,642.0,20.1,724.0,36.1,,-,1201-1400,1201.0,1201-1400,,False,helwan university,1533.0,Helwan University,Egypt,153935.0,23.9,0.01,"2 days, 8:44:00",26.7265,22.7,9.0,43.1,23.0,47.6,2026.0,1533.0,56.0,"2 days, 8:44:00",helwan university,exact_name_country,100.0,True,Helwan University,Helwan University,helwan university,helwan university
,,International Islamic University Islamabad (IIU),Pakistan,Asia,L,CO,HI,Public,9.3,,14.3,,5.0,,15.5,795.0,5.7,,9.6,,13.2,,57.9,719.0,3.3,,28.8,,-,1201-1400,1201.0,1201-1400,,False,international islamic university islamabad,902.0,"International Islamic University, Islamabad",Pakistan,24592.0,21.9,0.05,"2 days, 10:42:00",37.178,19.0,11.3,77.1,20.4,58.0,2026.0,902.0,58.0,"2 days, 10:42:00",international islamic university islamabad,exact_name_country,100.0,True,International Islamic University Islamabad (IIU),"International Islamic University, Islamabad",international islamic university islamabad,international islamic university islamabad
,,Islamic University of Madinah,Saudi Arabia,Asia,L,FO,HI,Public,8.1,,3.5,,7.8,,3.0,,46.5,459.0,100.0,8.0,100.0,3.0,19.1,,2.6,,7.6,,-,1201-1400,1201.0,1201-1400,,False,islamic university of madinah,1019.0,Islamic University of Madinah,Saudi Arabia,17328.0,24.6,0.77,0.15138888888888888,35.102,29.7,10.0,53.6,17.7,88.7,2026.0,1019.0,,0.15138888888888888,islamic university of madinah,exact_name_country,100.0,True,Islamic University of Madinah,Islamic University of Madinah,islamic university of madinah,islamic university of madinah
,,Ivan Franko National University of Lviv,Ukraine,Europe,L,CO,HI,Public,9.6,,25.3,533.0,32.8,590.0,1.7,,1.3,,1.6,,6.0,,13.3,,26.1,622.0,43.1,,-,1201-1400,1201.0,1201-1400,,False,ivan franko national university of lviv,2092.0,Ivan Franko National University of Lviv,Ukraine,21946.0,13.2,0.01,"2 days, 18:34:00",15.696,20.5,11.1,11.5,18.8,29.7,2026.0,2092.0,66.0,"2 days, 18:34:00",ivan franko national university of lviv,exact_name_country,100.0,True,Ivan Franko National University of Lviv,Ivan Franko National University of Lviv,ivan franko national university of lviv,ivan franko national university of lviv
,,Jahangirnagar University,Bangladesh,Asia,L,CO,HI,,12.2,,17.5,,5.7,,9.3,,,,,,,,35.3,,4.5,,33.2,,-,1201-1400,1201.0,1201-1400,,False,jahangirnagar university,941.0,Jahangirnagar University,Bangladesh,11895.0,16.9,0.0,"2 days, 2:50:00",36.5274999999999,19.7,10.0,77.6,20.4,49.6,2026.0,941.0,50.0,"2 days, 2:50:00",jahangirnagar university,exact_name_country,100.0,True,Jahangirnagar University,Jahangirnagar University,jahangirnagar university,jahangirnagar university
,,Jeju National University,Republic of Korea,Asia,M,FC,VH,Public,5.1,,3.4,,44.3,446.0,13.5,,9.4,,9.3,,13.1,,23.4,,1.8,,53.4,,-,1201-1400,1201.0,1201-1400,,False,jeju national university,1384.0,Jeju National University,Republic of Korea,10335.0,15.0,0.04,"2 days, 5:47:00",28.9004999999999,25.3,20.2,38.6,44.1,29.8,2026.0,1384.0,53.0,"2 days, 5:47:00",jeju national university,exact_name_country,100.0,True,Jeju National University,Jeju National University,jeju national university,jeju national university
,,Kagoshima University,Japan,Asia,M,FC,VH,Public,7.8,,4.7,,69.6,234.0,6.1,,5.1,,5.0,,4.0,,24.0,,1.6,,23.0,,-,1201-1400,1201.0,1201-1400,,False,kagoshima university,1751.0,Kagoshima University,Japan,10130.0,10.5,0.02,39 : 61,23.1989999999999,26.5,13.8,23.8,56.3,26.5,2026.0,1751.0,39.0,39 : 61,kagoshima university,exact_name_country,100.0,True,Kagoshima University,Kagoshima University,kagoshima university,kagoshima university
,,Kharkiv National University of Radio Electronics,Ukraine,Europe,M,SP,HI,Public,3.2,,22.5,591.0,31.1,615.0,2.2,,1.8,,10.7,,14.9,,12.9,,4.7,,33.3,,-,1201-1400,1201.0,1201-1400,,False,kharkiv national university of radio electronics,1871.0,Kharkiv National University of Radio Electronics,Ukraine,7129.0,11.6,0.06,30 : 70,20.7025,20.8,9.0,30.0,18.6,29.5,2026.0,1871.0,30.0,30 : 70,kharkiv national university of radio electronics,exact_name_country,100.0,True,Kharkiv National University of Radio Electronics,Kharkiv National University of Radio Electronics,kharkiv national university of radio electronics,kharkiv national university of radio electronics
,,King Mongkut's University of Technology North Bangkok,Thailand,Asia,L,FO,VH,Public,13.4,,11.9,,5.3,,7.3,,3.8,,1.4,,5.8,,31.1,,3.1,,31.7,,-,1201-1400,1201.0,1201-1400,,False,king mongkut s university of technology north bangkok,1266.0,King Mongkut's University of Technology North Bangkok,Thailand,27960.0,22.6,0.01,40 : 60,30.97,17.8,15.3,55.9,57.3,29.6,2026.0,1266.0,40.0,40 : 60,king mongkut s university of technology north bangkok,exact_name_country,100.0,True,King Mongkut's University of Technology North Bangkok,King Mongkut's University of Technology North Bangkok,king mongkut s university of technology north bangkok,king mongkut s university of technology north bangkok
,,Kwame Nkrumah University of Science and Technology,Ghana,Africa,XL,CO,HI,,10.2,,9.2,,6.0,,3.9,,,,,,,,65.9,611.0,49.9,344.0,42.3,,-,1201-1400,1201.0,1201-1400,,False,kwame nkrumah university of science and technology,1286.0,Kwame Nkrumah University of Science and Technology,Ghana,76838.0,46.8,0.01,39 : 61,30.581,17.7,16.6,53.3,26.7,46.5,2026.0,1286.0,39.0,39 : 61,kwame nkrumah university of science and technology,exact_name_country,100.0,True,Kwame Nkrumah University of Science and Technology,Kwame Nkrumah University of Science and Technology,kwame nkrumah university of science and technology,kwame nkrumah university of science and technology
,,Kyoto Institute of Technology,Japan,Asia,S,FO,VH,Public,8.0,,6.3,,18.6,,18.7,741.0,15.3,,13.6,,17.1,,13.2,,1.8,,24.6,,-,1201-1400,1201.0,1201-1400,,False,kyoto institute of technology,1771.0,Kyoto Institute of Technology,Japan,4018.0,14.5,0.06,29 : 71,22.7885,25.5,17.7,16.2,72.2,31.8,2026.0,1771.0,29.0,29 : 71,kyoto institute of technology,exact_name_country,100.0,True,Kyoto Institute of Technology,Kyoto Institute of Technology,kyoto institute of technology,kyoto institute of technology
,,Latvia University of Life Sciences and Technologies,Latvia,Europe,S,FO,VH,Public,7.5,,10.1,,5.7,,7.9,,1.8,,16.5,790.0,19.1,776.0,24.1,,17.7,768.0,35.8,,-,1201-1400,1201.0,1201-1400,,False,latvia university of life sciences and technologies,1919.0,Latvia University of Life Sciences and Technologies,Latvia,3998.0,14.1,0.08,"2 days, 1:51:00",19.4344999999999,21.7,15.8,17.9,24.9,27.8,2026.0,1919.0,49.0,"2 days, 1:51:00",latvia university of life sciences and technologies,exact_name_country,100.0,True,Latvia University of Life Sciences and Technologies,Latvia University of Life Sciences and Technologies,latvia university of life sciences and technologies,latvia university of life sciences and technologies
,,Meiji University,Japan,Asia,XL,FO,HI,Private for Profit,9.4,,24.6,545.0,5.9,,2.5,,14.5,,8.9,,13.3,,12.6,,29.4,559.0,29.4,,-,1201-1400,1201.0,1201-1400,,False,meiji university,2124.0,Meiji University,Japan,34072.0,21.9,0.05,34 : 66,14.786,16.2,10.2,11.6,31.1,31.0,2026.0,2124.0,34.0,34 : 66,meiji university,exact_name_country,100.0,True,Meiji University,Meiji University,meiji university,meiji university
,,Nagoya Institute of Technology (NIT),Japan,Asia,M,FO,VH,Public,9.5,,4.4,,11.5,,28.6,599.0,6.9,,7.8,,6.0,,19.6,,8.6,,18.1,,-,1201-1400,1201.0,1201-1400,,False,nagoya institute of technology,1572.0,Nagoya Institute of Technology,Japan,5552.0,15.7,0.04,0.7659722222222223,25.9204999999999,22.8,22.0,25.3,75.3,29.5,2026.0,1572.0,,0.7659722222222223,nagoya institute of technology,exact_name_country,100.0,True,Nagoya Institute of Technology (NIT),Nagoya Institute of Technology,nagoya institute of technology,nagoya institute of technology
,,National Chin-Yi University of Technology,Taiwan,Asia,M,FO,VH,Public,13.0,,16.4,,8.8,,12.9,,3.1,,20.6,718.0,21.3,745.0,15.6,,2.1,,40.0,,-,1201-1400,1201.0,1201-1400,,False,national chin yi university of technology,1640.0,National Chin-Yi University of Technology,Taiwan,7667.0,22.4,0.12,31 : 69,25.0785,15.0,26.6,27.3,50.3,36.5,2026.0,1640.0,31.0,31 : 69,national chin yi university of technology,exact_name_country,100.0,True,National Chin-Yi University of Technology,National Chin-Yi University of Technology,national chin yi university of technology,national chin yi university of technology
,,National Dong Hwa University,Taiwan,Asia,M,CO,HI,Public,16.3,,7.0,,8.6,,8.7,,13.9,,18.6,750.0,22.2,729.0,10.7,,2.1,,46.9,,-,1201-1400,1201.0,1201-1400,,False,national dong hwa university,1474.0,National Dong Hwa University,Taiwan,10094.0,18.4,0.1,"2 days, 6:46:00",27.6579999999999,20.2,25.0,29.0,45.1,52.6,2026.0,1474.0,54.0,"2 days, 6:46:00",national dong hwa university,exact_name_country,100.0,True,National Dong Hwa University,National Dong Hwa University,national dong hwa university,national dong hwa university
,,National Taiwan Ocean University,Taiwan,Asia,M,FO,VH,Public,7.7,,6.3,,16.0,,18.5,745.0,10.2,,13.9,,16.6,,18.6,,4.1,,55.7,,-,1201-1400,1201.0,1201-1400,,False,national taiwan ocean university,1449.0,National Taiwan Ocean University,Taiwan,8418.0,16.1,0.08,32 : 68,28.0409999999999,19.9,27.2,29.3,70.0,35.9,2026.0,1449.0,32.0,32 : 68,national taiwan ocean university,exact_name_country,100.0,True,National Taiwan Ocean University,National Taiwan Ocean University,national taiwan ocean university,national taiwan ocean university
,,New Mexico State University,United States of America,Americas,L,CO,VH,,6.6,,6.8,,13.0,,21.3,695.0,10.4,,10.0,,7.7,,38.6,,10.8,,43.0,,-,1201-1400,1201.0,1201-1400,,False,new mexico state university,736.0,New Mexico State University (Main campus),United States of America,12251.0,15.8,0.06,"2 days, 10:42:00",40.317,26.2,24.5,66.2,56.2,45.0,2026.0,736.0,58.0,"2 days, 10:42:00",new mexico state university,exact_name_country,100.0,True,New Mexico State University,New Mexico State University (Main campus),new mexico state university,new mexico state university
,,Novosibirsk State Technical University,Russian Federation,Europe,L,FO,VH,Public,5.7,,11.1,,27.7,686.0,2.8,,2.0,,56.7,366.0,55.2,372.0,11.6,,7.3,,15.2,,-,1201-1400,1201.0,1201-1400,,False,novosibirsk state technical university,2012.0,Novosibirsk State Technical University,Russian Federation,14178.0,16.5,0.2,37 : 63,17.525,18.1,12.9,14.3,32.8,37.9,2026.0,2012.0,37.0,37 : 63,novosibirsk state technical university,exact_name_country,100.0,True,Novosibirsk State Technical University,Novosibirsk State Technical University,novosibirsk state technical university,novosibirsk state technical university
,,Pondicherry University,India,Asia,M,CO,VH,Public,5.1,,3.4,,7.4,,33.4,545.0,2.3,,1.6,,6.0,,34.7,,3.2,,47.1,,-,1201-1400,1201.0,1201-1400,,False,pondicherry university,1280.0,Pondicherry University,India,9378.0,20.3,0.0,"1 day, 22:54:00",30.628,34.1,17.4,40.6,41.0,22.7,2026.0,1280.0,46.0,"1 day, 22:54:00",pondicherry university,exact_name_country,100.0,True,Pondicherry University,Pondicherry University,pondicherry university,pondicherry university
,,Portland State University,United States of America,Americas,L,CO,VH,Public,4.9,,2.6,,14.8,,15.7,789.0,2.1,,10.8,,8.3,,42.3,,16.5,796.0,47.0,,-,1201-1400,1201.0,1201-1400,,False,portland state university,985.0,Portland State University,United States of America,16947.0,21.0,0.06,"2 days, 9:43:00",35.77,22.3,24.5,56.7,55.1,38.3,2026.0,985.0,57.0,"2 days, 9:43:00",portland state university,exact_name_country,100.0,True,Portland State University,Portland State University,portland state university,portland state university
,,Pukyong National University,Republic of Korea,Asia,L,CO,VH,Public,9.4,,6.0,,21.2,,13.6,,6.6,,13.9,,10.6,,33.9,,1.7,,58.6,,-,1201-1400,1201.0,1201-1400,,False,pukyong national university,1291.0,Pukyong National University,Republic of Korea,16710.0,18.1,0.08,"1 day, 23:53:00",30.481,30.3,20.4,36.1,54.1,35.1,2026.0,1291.0,47.0,"1 day, 23:53:00",pukyong national university,exact_name_country,100.0,True,Pukyong National University,Pukyong National University,pukyong national university,pukyong national university
,,Riphah International University,Pakistan,Asia,L,CO,HI,Private not for Profit,13.8,,8.2,,26.2,712.0,6.4,,2.2,,1.5,,5.9,,51.8,,3.2,,32.3,,-,1201-1400,1201.0,1201-1400,,False,riphah international university,1038.0,Riphah International University,Pakistan,26970.0,11.9,0.0,"2 days, 10:42:00",34.8055,20.0,10.4,71.2,17.8,50.9,2026.0,1038.0,58.0,"2 days, 10:42:00",riphah international university,exact_name_country,100.0,True,Riphah International University,Riphah International University,riphah international university,riphah international university
,,Samara National Research University (Samara University),Russian Federation,Europe,M,CO,VH,Public,4.0,,3.7,,74.6,199.0,3.2,,2.9,,22.3,696.0,27.1,652.0,19.5,,13.2,,30.6,,-,1201-1400,1201.0,1201-1400,,False,samara national research university,1872.0,Samara National Research University (Samara University),Russian Federation,9427.0,10.4,0.1,"1 day, 22:54:00",20.6815,27.1,14.1,16.2,34.2,31.6,2026.0,1872.0,46.0,"1 day, 22:54:00",samara national research university,exact_name_country,100.0,True,Samara National Research University (Samara University),Samara National Research University (Samara University),samara national research university,samara national research university
,,Sathyabama Institute of Science and Technology,India,Asia,L,CO,VH,Private not for Profit,11.0,,10.4,,27.0,698.0,9.4,,7.5,,6.1,,10.6,,29.5,,1.7,,51.0,,-,1201-1400,1201.0,1201-1400,,False,sathyabama institute of science and technology,1330.0,Sathyabama Institute of Science and Technology,India,17560.0,12.5,0.04,"2 days, 1:51:00",29.8435,30.9,10.7,48.6,24.0,27.8,2026.0,1330.0,49.0,"2 days, 1:51:00",sathyabama institute of science and technology,exact_name_country,100.0,True,Sathyabama Institute of Science and Technology,Sathyabama Institute of Science and Technology,sathyabama institute of science and technology,sathyabama institute of science and technology
,,Shinshu University,Japan,Asia,M,FC,VH,Public,4.7,,4.9,,39.9,507.0,20.2,709.0,6.8,,4.7,,8.8,,25.2,,3.4,,24.6,,-,1201-1400,1201.0,1201-1400,,False,shinshu university,1450.0,Shinshu University,Japan,10657.0,10.6,0.03,33 : 67,28.0269999999999,26.7,18.4,32.5,66.8,31.9,2026.0,1450.0,33.0,33 : 67,shinshu university,exact_name_country,100.0,True,Shinshu University,Shinshu University,shinshu university,shinshu university
,,Shiv Nadar University,India,Asia,S,CO,VH,Private for Profit,7.5,,6.1,,42.1,476.0,20.8,701.0,17.4,759.0,3.2,,7.3,,13.5,,1.8,,30.4,,-,1201-1400,1201.0,1201-1400,,False,shiv nadar university,1444.0,Shiv Nadar University,India,2290.0,9.2,0.02,"1 day, 19:57:00",28.176,31.7,8.1,40.6,27.7,42.5,2026.0,1444.0,43.0,"1 day, 19:57:00",shiv nadar university,exact_name_country,100.0,True,Shiv Nadar University,Shiv Nadar University,shiv nadar university,shiv nadar university
,,Slovak University of Agriculture in Nitra,Slovakia,Europe,S,SP,HI,Public,8.9,,10.6,,36.7,547.0,15.5,794.0,8.8,,8.9,,12.3,,28.5,,5.7,,24.9,,-,1201-1400,1201.0,1201-1400,,False,slovak university of agriculture in nitra,1411.0,Slovak University of Agriculture in Nitra,Slovakia,4478.0,12.5,0.05,"2 days, 6:46:00",28.5155,27.5,19.3,34.0,22.9,49.2,2026.0,1411.0,54.0,"2 days, 6:46:00",slovak university of agriculture in nitra,exact_name_country,100.0,True,Slovak University of Agriculture in Nitra,Slovak University of Agriculture in Nitra,slovak university of agriculture in nitra,slovak university of agriculture in nitra
,,Suranaree University of Technology,Thailand,Asia,L,FC,HI,Public,10.2,,6.5,,5.9,,16.7,768.0,7.4,,2.4,,6.7,,27.3,,3.2,,44.6,,-,1201-1400,1201.0,1201-1400,,False,suranaree university of technology,1492.0,Suranaree University of Technology,Thailand,14931.0,27.9,0.01,"2 days, 5:47:00",27.3345,25.0,17.4,33.7,52.4,36.1,2026.0,1492.0,53.0,"2 days, 5:47:00",suranaree university of technology,exact_name_country,100.0,True,Suranaree University of Technology,Suranaree University of Technology,suranaree university of technology,suranaree university of technology
,,Taibah University,Saudi Arabia,Asia,XL,FC,HI,Public,9.2,,4.3,,7.6,,7.4,,90.6,221.0,3.6,,8.2,,38.0,,2.5,,32.5,,-,1201-1400,1201.0,1201-1400,,False,taibah university,1168.0,Taibah University,Saudi Arabia,45990.0,19.5,0.02,"2 days, 15:37:00",32.64,16.1,11.2,60.4,23.0,74.7,2026.0,1168.0,63.0,"2 days, 15:37:00",taibah university,exact_name_country,100.0,True,Taibah University,Taibah University,taibah university,taibah university
,,Tamkang University,Taiwan,Asia,L,CO,HI,Private for Profit,7.8,,9.9,,5.2,,11.0,,8.0,,11.6,,16.4,,24.6,,35.6,484.0,45.7,,-,1201-1400,1201.0,1201-1400,,False,tamkang university,1587.0,Tamkang University,Taiwan,21955.0,20.1,0.07,"1 day, 22:54:00",25.7404999999999,16.1,12.4,40.1,50.5,44.6,2026.0,1587.0,46.0,"1 day, 22:54:00",tamkang university,exact_name_country,100.0,True,Tamkang University,Tamkang University,tamkang university,tamkang university
,,Tanta University,Egypt,Africa,XL,FC,HI,Public,7.7,,9.8,,7.2,,4.0,,1.5,,3.0,,7.3,,73.3,484.0,5.7,,48.1,,-,1201-1400,1201.0,1201-1400,,False,tanta university,1133.0,Tanta University,Egypt,128933.0,20.0,0.01,"2 days, 6:46:00",33.1674999999999,20.0,9.5,66.3,23.5,49.1,2026.0,1133.0,54.0,"2 days, 6:46:00",tanta university,exact_name_country,100.0,True,Tanta University,Tanta University,tanta university,tanta university
,,Technical University of Cluj-Napoca,Romania,Europe,L,SP,VH,Public,5.8,,10.7,,10.5,,8.2,,4.0,,5.6,,10.1,,46.5,,5.1,,42.1,,-,1201-1400,1201.0,1201-1400,,False,technical university of cluj napoca,1710.0,Technical University of Cluj-Napoca,Romania,18486.0,20.3,0.03,38 : 62,23.9174999999999,17.8,13.9,36.4,41.7,27.3,2026.0,1710.0,38.0,38 : 62,technical university of cluj napoca,exact_name_country,100.0,True,Technical University of Cluj-Napoca,Technical University of Cluj-Napoca,technical university of cluj napoca,technical university of cluj napoca
,,Technical University of Liberec,Czechia,Europe,M,CO,VH,Public,5.6,,5.0,,43.9,452.0,9.3,,15.6,789.0,14.9,,18.7,785.0,28.5,,2.5,,15.7,,-,1201-1400,1201.0,1201-1400,,False,technical university of liberec,1784.0,Technical University of Liberec,Czechia,5565.0,11.3,0.1,"2 days, 5:47:00",22.6215,22.2,16.9,20.3,37.6,47.7,2026.0,1784.0,53.0,"2 days, 5:47:00",technical university of liberec,exact_name_country,100.0,True,Technical University of Liberec,Technical University of Liberec,technical university of liberec,technical university of liberec
,,Tecnológico de Costa Rica (TEC),Costa Rica,Americas,M,FO,HI,Public,11.2,,24.9,539.0,23.2,770.0,2.1,,9.7,,3.0,,7.3,,11.1,,11.6,,17.8,,-,1201-1400,1201.0,1201-1400,,False,tecnol gico de costa rica,2061.0,Tecnológico de Costa Rica,Costa Rica,10169.0,12.8,0.02,38 : 62,16.478,20.1,8.6,14.7,17.8,39.1,2026.0,2061.0,38.0,38 : 62,tecnol gico de costa rica,exact_name_country,100.0,True,Tecnológico de Costa Rica (TEC),Tecnológico de Costa Rica,tecnologico de costa rica,tecnologico de costa rica
,,"The University of Notre Dame, Australia",Australia,Oceania,M,FC,HI,Private not for Profit,3.4,,5.9,,6.3,,10.2,,53.7,421.0,21.9,700.0,28.0,637.0,11.5,,1.7,,34.1,,-,1201-1400,1201.0,1201-1400,,False,the university of notre dame australia,895.0,The University of Notre Dame Australia,Australia,7652.0,14.9,0.05,"3 days, 0:28:00",37.2725,32.4,18.0,56.5,27.8,59.1,2026.0,895.0,72.0,"3 days, 0:28:00",the university of notre dame australia,exact_name_country,100.0,True,"The University of Notre Dame, Australia",The University of Notre Dame Australia,the university of notre dame australia,the university of notre dame australia
,,Tishk International University,Iraq,Asia,M,CO,HI,Private for Profit,13.4,,4.0,,8.0,,11.8,,74.2,318.0,1.6,,5.9,,33.5,,5.9,,17.3,,-,1201-1400,1201.0,1201-1400,,False,tishk international university,1011.0,Tishk International University,Iraq,4665.0,16.1,0.01,"2 days, 2:50:00",35.245,15.4,13.3,69.8,19.0,68.6,2026.0,1011.0,50.0,"2 days, 2:50:00",tishk international university,exact_name_country,100.0,True,Tishk International University,Tishk International University,tishk international university,tishk international university
,,Tokai University,Japan,Asia,L,FC,HI,Private not for Profit,12.8,,9.0,,18.1,,5.4,,7.7,,5.3,,4.2,,28.8,,3.4,,34.4,,-,1201-1400,1201.0,1201-1400,,False,tokai university,1497.0,Tokai University,Japan,28774.0,16.6,0.05,29 : 71,27.2909999999999,17.6,12.8,46.9,48.3,31.8,2026.0,1497.0,29.0,29 : 71,tokai university,exact_name_country,100.0,True,Tokai University,Tokai University,tokai university,tokai university
,,Tokushima University,Japan,Asia,M,SP,VH,Public,5.4,,3.2,,70.1,231.0,10.2,,3.3,,3.8,,7.8,,18.2,,6.4,,23.3,,-,1201-1400,1201.0,1201-1400,,False,tokushima university,1453.0,Tokushima University,Japan,7395.0,9.5,0.02,36 : 64,28.0089999999999,28.9,20.7,27.2,86.7,24.7,2026.0,1453.0,36.0,36 : 64,tokushima university,exact_name_country,100.0,True,Tokushima University,Tokushima University,tokushima university,tokushima university
,,Tomas Bata University in Zlin,Czechia,Europe,M,CO,HI,Public,6.1,,10.3,,13.6,,11.1,,33.1,552.0,30.7,583.0,35.5,542.0,31.2,,5.1,,26.2,,-,1201-1400,1201.0,1201-1400,,False,tomas bata university in zlin,1361.0,Tomas Bata University in Zlín,Czechia,8964.0,18.4,0.12,"2 days, 8:44:00",29.305,22.7,21.1,37.7,28.8,53.7,2026.0,1361.0,56.0,"2 days, 8:44:00",tomas bata university in zl n,exact_name_country,100.0,True,Tomas Bata University in Zlin,Tomas Bata University in Zlín,tomas bata university in zlin,tomas bata university in zlin
,,Tunghai University,Taiwan,Asia,L,FO,VH,Private for Profit,10.1,,9.2,,6.7,,13.1,,13.5,,17.8,765.0,21.7,735.0,28.2,,21.9,696.0,47.5,,-,1201-1400,1201.0,1201-1400,,False,tunghai university,1532.0,Tunghai University,Taiwan,14886.0,20.5,0.09,"2 days, 7:45:00",26.7355,15.7,15.4,40.8,44.2,48.4,2026.0,1532.0,55.0,"2 days, 7:45:00",tunghai university,exact_name_country,100.0,True,Tunghai University,Tunghai University,tunghai university,tunghai university
,,Universidad Autónoma de Nuevo León (UANL),Mexico,Americas,XL,FC,HI,Public,20.9,593.0,10.7,,3.1,,2.9,,4.0,,1.3,,1.2,,39.1,,18.4,750.0,43.7,,-,1201-1400,1201.0,1201-1400,,False,universidad aut noma de nuevo le n,2113.0,Universidad Autónoma de Nuevo León (UANL),Mexico,134947.0,48.4,0.0,"2 days, 3:49:00",15.0744999999999,12.9,9.7,17.0,22.4,32.8,2026.0,2113.0,51.0,"2 days, 3:49:00",universidad aut noma de nuevo le n,exact_name_country,100.0,True,Universidad Autónoma de Nuevo León (UANL),Universidad Autónoma de Nuevo León (UANL),universidad autonoma de nuevo leon,universidad autonoma de nuevo leon
,,Universidad Autónoma del Estado de Hidalgo,Mexico,Americas,XL,FC,MD,Public,3.6,,8.3,,51.7,366.0,1.9,,2.6,,2.9,,7.2,,13.3,,2.3,,41.8,,-,1201-1400,1201.0,1201-1400,,False,universidad aut noma del estado de hidalgo,2163.0,Universidad Autónoma del Estado de Hidalgo,Mexico,38623.0,14.2,0.01,"2 days, 10:42:00",13.675,17.7,9.2,10.0,19.2,26.9,2026.0,2163.0,58.0,"2 days, 10:42:00",universidad aut noma del estado de hidalgo,exact_name_country,100.0,True,Universidad Autónoma del Estado de Hidalgo,Universidad Autónoma del Estado de Hidalgo,universidad autonoma del estado de hidalgo,universidad autonoma del estado de hidalgo
,,Universidad Autónoma del Estado de México,Mexico,Americas,XL,FC,MD,Public,23.0,547.0,12.8,,7.5,,2.0,,3.9,,1.7,,6.1,,15.6,,2.1,,39.8,,-,1201-1400,1201.0,1201-1400,,False,universidad aut noma del estado de m xico,2122.0,Universidad Autónoma del Estado de Mexico (UAEMex),Mexico,69400.0,9.8,0.01,"2 days, 11:41:00",14.8114999999999,23.1,10.0,7.9,18.3,26.6,2026.0,2122.0,59.0,"2 days, 11:41:00",universidad aut noma del estado de mexico,exact_name_country,100.0,True,Universidad Autónoma del Estado de México,Universidad Autónoma del Estado de Mexico (UAEMex),universidad autonoma del estado de mexico,universidad autonoma del estado de mexico
,,Universidad Cientifica del Sur,Peru,Americas,L,FC,MD,Private for Profit,6.1,,6.8,,68.3,244.0,1.7,,4.2,,1.3,,5.7,,14.8,,4.8,,30.1,,-,1201-1400,1201.0,1201-1400,,False,universidad cientifica del sur,2032.0,Universidad Científica del Sur,Peru,20474.0,10.0,0.01,"2 days, 18:34:00",17.058,21.4,9.2,14.4,16.3,41.4,2026.0,2032.0,66.0,"2 days, 18:34:00",universidad cient fica del sur,exact_name_country,100.0,True,Universidad Cientifica del Sur,Universidad Científica del Sur,universidad cientifica del sur,universidad cientifica del sur
,,Universidad del Desarrollo,Chile,Americas,L,CO,HI,Private not for Profit,11.8,,15.7,,15.7,,4.0,,10.6,,3.3,,7.6,,18.3,,6.8,,47.5,,-,1201-1400,1201.0,1201-1400,,False,universidad del desarrollo,1485.0,Universidad del Desarrollo,Chile,17491.0,17.7,0.04,"2 days, 9:43:00",27.4519999999999,16.4,12.1,47.2,28.0,51.0,2026.0,1485.0,57.0,"2 days, 9:43:00",universidad del desarrollo,exact_name_country,100.0,True,Universidad del Desarrollo,Universidad del Desarrollo,universidad del desarrollo,universidad del desarrollo
,,Universidad Industrial de Santander,Colombia,Americas,L,FC,MD,Public,12.7,,17.6,,5.8,,3.4,,6.0,,2.0,,6.3,,18.5,,13.3,,28.5,,-,1201-1400,1201.0,1201-1400,,False,universidad industrial de santander,2068.0,Universidad Industrial de Santander (UIS),Colombia,21778.0,25.4,0.01,"1 day, 22:54:00",16.3055,16.2,11.4,14.4,24.2,39.1,2026.0,2068.0,46.0,"1 day, 22:54:00",universidad industrial de santander,exact_name_country,100.0,True,Universidad Industrial de Santander,Universidad Industrial de Santander (UIS),universidad industrial de santander,universidad industrial de santander
,,Universidad Nacional de Asunción,Paraguay,Americas,XL,FC,MD,Public,7.6,,5.5,,43.1,462.0,1.2,,1.5,,2.7,,7.0,,13.1,,73.8,189.0,28.8,,-,1201-1400,1201.0,1201-1400,,False,universidad nacional de asunci n,1847.0,Universidad Nacional de Asunción,Paraguay,52870.0,8.9,0.01,"2 days, 8:44:00",21.2179999999999,22.4,9.6,24.9,20.4,47.2,2026.0,1847.0,56.0,"2 days, 8:44:00",universidad nacional de asunci n,exact_name_country,100.0,True,Universidad Nacional de Asunción,Universidad Nacional de Asunción,universidad nacional de asuncion,universidad nacional de asuncion
,,Universidad Nacional del Litoral,Argentina,Americas,XL,CO,HI,Public,18.1,674.0,10.1,,3.1,,4.1,,6.6,,1.5,,1.4,,26.8,,7.1,,41.0,,-,1201-1400,1201.0,1201-1400,,False,universidad nacional del litoral,2106.0,Universidad Nacional del Litoral,Argentina,50839.0,34.9,0.01,"2 days, 15:37:00",15.3419999999999,13.5,9.6,16.9,25.2,33.3,2026.0,2106.0,63.0,"2 days, 15:37:00",universidad nacional del litoral,exact_name_country,100.0,True,Universidad Nacional del Litoral,Universidad Nacional del Litoral,universidad nacional del litoral,universidad nacional del litoral
,,Universidad Peruana de Ciencias Aplicadas (UPC),Peru,Americas,XL,FO,HI,Private not for Profit,17.8,689.0,26.8,511.0,4.7,,1.4,,17.1,766.0,2.1,,1.8,,10.1,,4.8,,32.0,,-,1201-1400,1201.0,1201-1400,,False,universidad peruana de ciencias aplicadas,2171.0,Universidad Peruana de Ciencias Aplicadas (UPC),Peru,81453.0,29.7,0.02,"2 days, 1:51:00",13.3725,12.0,8.8,13.6,17.2,33.5,2026.0,2171.0,49.0,"2 days, 1:51:00",universidad peruana de ciencias aplicadas,exact_name_country,100.0,True,Universidad Peruana de Ciencias Aplicadas (UPC),Universidad Peruana de Ciencias Aplicadas (UPC),universidad peruana de ciencias aplicadas,universidad peruana de ciencias aplicadas
,,Universidade do Estado do Rio de Janeiro (UERJ),Brazil,Americas,XL,FC,HI,Public,13.2,,6.5,,22.6,780.0,4.0,,4.8,,1.4,,1.3,,48.0,,22.6,680.0,31.8,,-,1201-1400,1201.0,1201-1400,,False,universidade do estado do rio de janeiro,1732.0,Universidade do Estado do Rio de Janeiro (UERJ),Brazil,34661.0,11.8,0.0,"2 days, 7:45:00",23.5715,32.2,12.3,24.5,23.2,29.7,2026.0,1732.0,55.0,"2 days, 7:45:00",universidade do estado do rio de janeiro,exact_name_country,100.0,True,Universidade do Estado do Rio de Janeiro (UERJ),Universidade do Estado do Rio de Janeiro (UERJ),universidade do estado do rio de janeiro,universidade do estado do rio de janeiro
,,Universidade Federal da Bahia,Brazil,Americas,XL,FC,HI,Public,13.5,,5.0,,11.8,,5.7,,6.9,,2.0,,1.8,,48.7,,20.6,715.0,41.4,,-,1201-1400,1201.0,1201-1400,,False,universidade federal da bahia,1654.0,Universidade Federal da Bahia,Brazil,50721.0,19.0,0.01,"2 days, 6:46:00",24.7075,27.1,14.6,30.0,25.1,33.0,2026.0,1654.0,54.0,"2 days, 6:46:00",universidade federal da bahia,exact_name_country,100.0,True,Universidade Federal da Bahia,Universidade Federal da Bahia,universidade federal da bahia,universidade federal da bahia
,,Universidade Federal de Pernambuco (UFPE),Brazil,Americas,XL,FC,HI,Public,16.0,,4.4,,20.3,,7.6,,4.8,,1.4,,5.9,,58.3,713.0,6.8,,36.1,,-,1201-1400,1201.0,1201-1400,,False,universidade federal de pernambuco,1473.0,Universidade Federal de Pernambuco,Brazil,36048.0,13.2,0.0,"2 days, 4:48:00",27.676,33.8,18.5,25.6,62.5,28.8,2026.0,1473.0,52.0,"2 days, 4:48:00",universidade federal de pernambuco,exact_name_country,100.0,True,Universidade Federal de Pernambuco (UFPE),Universidade Federal de Pernambuco,universidade federal de pernambuco,universidade federal de pernambuco
,,Universitas Muhammadiyah Yogyakarta (UMY),Indonesia,Asia,L,FO,HI,Private not for Profit,10.9,,4.2,,4.8,,2.2,,82.5,275.0,3.9,,8.3,,8.3,,2.7,,37.9,,-,1201-1400,1201.0,1201-1400,,False,universitas muhammadiyah yogyakarta,1929.0,Universitas Muhammadiyah Yogyakarta,Indonesia,23551.0,28.1,0.02,"2 days, 0:52:00",19.136,12.4,11.9,25.4,18.3,49.0,2026.0,1929.0,48.0,"2 days, 0:52:00",universitas muhammadiyah yogyakarta,exact_name_country,100.0,True,Universitas Muhammadiyah Yogyakarta (UMY),Universitas Muhammadiyah Yogyakarta,universitas muhammadiyah yogyakarta,universitas muhammadiyah yogyakarta
,,Universitas Negeri Yogyakarta,Indonesia,Asia,L,CO,HI,Public,17.4,,6.7,,12.2,,2.0,,18.8,732.0,2.8,,7.2,,10.8,,2.8,,32.5,,-,1201-1400,1201.0,1201-1400,,False,universitas negeri yogyakarta,1537.0,Universitas Negeri Yogyakarta,Indonesia,27783.0,17.2,0.02,"2 days, 8:44:00",26.6225,19.2,12.1,46.0,24.3,35.7,2026.0,1537.0,56.0,"2 days, 8:44:00",universitas negeri yogyakarta,exact_name_country,100.0,True,Universitas Negeri Yogyakarta,Universitas Negeri Yogyakarta,universitas negeri yogyakarta,universitas negeri yogyakarta
,,Universitas Pendidikan Indonesia,Indonesia,Asia,XL,CO,HI,Public,17.4,,5.7,,16.2,,2.2,,17.6,757.0,2.5,,7.1,,20.0,,2.7,,43.1,,-,1201-1400,1201.0,1201-1400,,False,universitas pendidikan indonesia,1806.0,Universitas Pendidikan Indonesia,Indonesia,37007.0,16.9,0.02,"2 days, 8:44:00",22.0574999999999,20.3,11.9,32.2,20.7,28.4,2026.0,1806.0,56.0,"2 days, 8:44:00",universitas pendidikan indonesia,exact_name_country,100.0,True,Universitas Pendidikan Indonesia,Universitas Pendidikan Indonesia,universitas pendidikan indonesia,universitas pendidikan indonesia
,,Université de Poitiers,France,Europe,L,CO,VH,Public,11.1,,1.2,,7.6,,8.5,,,,38.9,505.0,29.1,626.0,74.6,448.0,13.6,,39.3,,-,1201-1400,1201.0,1201-1400,,False,universit de poitiers,1345.0,Université de Poitiers,France,28005.0,17.7,0.13,"2 days, 11:41:00",29.5314999999999,27.5,20.9,30.5,39.7,61.6,2026.0,1345.0,59.0,"2 days, 11:41:00",universit de poitiers,exact_name_country,100.0,True,Université de Poitiers,Université de Poitiers,universite de poitiers,universite de poitiers
,,Universiti Kuala Lumpur (UniKL),Malaysia,Asia,L,FC,HI,Private for Profit,9.9,,10.8,,33.8,579.0,4.1,,7.1,,5.0,,9.8,,18.1,,5.1,,23.2,,-,1201-1400,1201.0,1201-1400,,False,universiti kuala lumpur,1900.0,Universiti Kuala Lumpur,Malaysia,17749.0,12.8,0.03,"1 day, 20:56:00",20.0405,20.6,9.6,23.6,28.8,39.3,2026.0,1900.0,44.0,"1 day, 20:56:00",universiti kuala lumpur,exact_name_country,100.0,True,Universiti Kuala Lumpur (UniKL),Universiti Kuala Lumpur,universiti kuala lumpur,universiti kuala lumpur
,,Universiti Malaysia Kelantan,Malaysia,Asia,M,CO,VH,Public,9.5,,3.6,,7.1,,10.6,,17.0,768.0,14.2,,16.4,,25.5,,5.1,,47.9,,-,1201-1400,1201.0,1201-1400,,False,universiti malaysia kelantan,1647.0,Universiti Malaysia Kelantan,Malaysia,10001.0,20.0,0.08,"2 days, 22:30:00",24.9344999999999,16.1,14.8,35.5,37.7,49.8,2026.0,1647.0,70.0,"2 days, 22:30:00",universiti malaysia kelantan,exact_name_country,100.0,True,Universiti Malaysia Kelantan,Universiti Malaysia Kelantan,universiti malaysia kelantan,universiti malaysia kelantan
,,Universiti Teknikal Malaysia Melaka (UTeM),Malaysia,Asia,M,SP,VH,Public,10.3,,11.2,,18.0,,11.4,,5.4,,10.7,,13.9,,34.7,,5.2,,36.4,,-,1201-1400,1201.0,1201-1400,,False,universiti teknikal malaysia melaka,1668.0,Universiti Teknikal Malaysia Melaka,Malaysia,9543.0,13.0,0.06,36 : 64,24.5499999999999,26.9,11.4,27.3,37.4,48.3,2026.0,1668.0,36.0,36 : 64,universiti teknikal malaysia melaka,exact_name_country,100.0,True,Universiti Teknikal Malaysia Melaka (UTeM),Universiti Teknikal Malaysia Melaka,universiti teknikal malaysia melaka,universiti teknikal malaysia melaka
,,University of Babylon,Iraq,Asia,L,FC,HI,Public,7.7,,25.9,524.0,19.6,,3.7,,1.3,,1.2,,1.1,,36.6,,5.8,,29.8,,-,1201-1400,1201.0,1201-1400,,False,university of babylon,1733.0,University of Babylon,Iraq,29695.0,12.9,0.01,"2 days, 7:45:00",23.5414999999999,28.4,9.0,33.4,21.9,22.1,2026.0,1733.0,55.0,"2 days, 7:45:00",university of babylon,exact_name_country,100.0,True,University of Babylon,University of Babylon,university of babylon,university of babylon
,,University of Basrah,Iraq,Asia,XL,FC,HI,Public,9.1,,26.6,514.0,18.7,,2.2,,,,1.0,,1.0,,34.7,,14.2,,20.0,,-,1201-1400,1201.0,1201-1400,,False,university of basrah,2161.0,University of Basrah,Iraq,88218.0,22.8,0.0,"2 days, 16:36:00",13.6819999999999,15.2,8.1,14.5,17.1,24.2,2026.0,2161.0,64.0,"2 days, 16:36:00",university of basrah,exact_name_country,100.0,True,University of Basrah,University of Basrah,university of basrah,university of basrah
,,University of Derby,United Kingdom,Europe,L,CO,HI,Public,5.4,,7.5,,12.0,,10.9,,40.8,492.0,49.9,409.0,54.6,375.0,42.8,,2.2,,34.0,,-,1201-1400,1201.0,1201-1400,,False,university of derby,793.0,University of Derby,United Kingdom,15820.0,14.6,0.26,"2 days, 13:39:00",39.293,19.0,14.1,74.0,34.6,80.2,2026.0,793.0,61.0,"2 days, 13:39:00",university of derby,exact_name_country,100.0,True,University of Derby,University of Derby,university of derby,university of derby
,,University of International Business and Economics,China (Mainland),Asia,L,SP,VH,Public,3.3,,5.1,,16.5,,8.4,,8.6,,43.3,465.0,32.4,586.0,8.2,,21.2,704.0,29.8,,-,1201-1400,1201.0,1201-1400,,False,university of international business and economics,533.0,University of International Business and Economics,China (Mainland),15343.0,14.2,0.12,"3 days, 1:27:00",45.6239999999999,29.2,19.0,87.3,31.5,54.0,2026.0,533.0,73.0,"3 days, 1:27:00",university of international business and economics,exact_name_country,100.0,True,University of International Business and Economics,University of International Business and Economics,university of international business and economics,university of international business and economics
,,University of Kerbala,Iraq,Asia,L,FC,HI,Public,12.8,,14.8,,35.3,560.0,2.0,,2.1,,1.9,,1.7,,13.9,,5.6,,21.3,,-,1201-1400,1201.0,1201-1400,,False,university of kerbala,2049.0,University of Kerbala,Iraq,25226.0,12.4,0.0,"2 days, 7:45:00",16.7159999999999,22.3,8.1,16.9,16.4,27.5,2026.0,2049.0,55.0,"2 days, 7:45:00",university of kerbala,exact_name_country,100.0,True,University of Kerbala,University of Kerbala,university of kerbala,university of kerbala
,,University of Kufa,Iraq,Asia,XL,FC,HI,Public,7.4,,33.3,433.0,31.7,607.0,2.1,,,,1.0,,1.0,,26.3,,5.7,,15.6,,-,1201-1400,1201.0,1201-1400,,False,university of kufa,1739.0,University of Kufa,Iraq,35860.0,11.8,0.0,"2 days, 11:41:00",23.5005,23.6,9.0,38.1,16.9,24.3,2026.0,1739.0,59.0,"2 days, 11:41:00",university of kufa,exact_name_country,100.0,True,University of Kufa,University of Kufa,university of kufa,university of kufa
,,University of Memphis,United States of America,Americas,L,CO,VH,Public,4.1,,4.1,,18.6,,13.9,,2.5,,19.4,737.0,14.7,,41.9,,15.0,,35.1,,-,1201-1400,1201.0,1201-1400,,False,university of memphis,1027.0,University of Memphis,United States of America,15761.0,14.3,0.1,"2 days, 12:40:00",34.9995,30.1,19.3,48.6,62.7,45.8,2026.0,1027.0,60.0,"2 days, 12:40:00",university of memphis,exact_name_country,100.0,True,University of Memphis,University of Memphis,university of memphis,university of memphis
,,University of Miskolc,Hungary,Europe,M,FO,VH,Private not for Profit,9.0,,10.3,,20.4,,4.7,,3.0,,6.4,,5.0,,24.5,,16.3,,27.8,,-,1201-1400,1201.0,1201-1400,,False,university of miskolc,1835.0,University of Miskolc,Hungary,9107.0,17.7,0.09,"2 days, 3:49:00",21.346,23.8,14.7,21.2,24.3,36.4,2026.0,1835.0,51.0,"2 days, 3:49:00",university of miskolc,exact_name_country,100.0,True,University of Miskolc,University of Miskolc,university of miskolc,university of miskolc
,,University of Mosul,Iraq,Asia,XL,FC,HI,Public,7.3,,12.9,,23.4,764.0,1.7,,1.0,,1.3,,5.7,,30.2,,28.8,577.0,26.4,,-,1201-1400,1201.0,1201-1400,,False,university of mosul,2063.0,University of Mosul,Iraq,57684.0,13.7,0.0,"2 days, 8:44:00",16.4444999999999,19.3,10.5,16.9,29.9,19.2,2026.0,2063.0,56.0,"2 days, 8:44:00",university of mosul,exact_name_country,100.0,True,University of Mosul,University of Mosul,university of mosul,university of mosul
,,University of Novi Sad,Serbia,Europe,XL,FC,HI,Public,12.5,,6.5,,10.5,,6.9,,,,,,,,82.1,312.0,30.7,538.0,31.2,,-,1201-1400,1201.0,1201-1400,,False,university of novi sad,1679.0,University of Novi Sad,Serbia,49296.0,14.0,0.07,"2 days, 10:42:00",24.3394999999999,19.9,11.5,32.8,59.6,38.8,2026.0,1679.0,58.0,"2 days, 10:42:00",university of novi sad,exact_name_country,100.0,True,University of Novi Sad,University of Novi Sad,university of novi sad,university of novi sad
,,University of Ostrava,Czechia,Europe,M,FC,HI,Public,8.0,,2.9,,20.5,,5.9,,34.6,540.0,32.2,564.0,24.2,702.0,28.9,,5.0,,24.2,,-,1201-1400,1201.0,1201-1400,,False,university of ostrava,1635.0,University of Ostrava,Czechia,9219.0,16.4,0.12,"2 days, 22:30:00",25.2134999999999,20.0,16.7,32.7,20.7,51.1,2026.0,1635.0,70.0,"2 days, 22:30:00",university of ostrava,exact_name_country,100.0,True,University of Ostrava,University of Ostrava,university of ostrava,university of ostrava
,,University of Pannonia,Hungary,Europe,S,FO,VH,Public,6.1,,7.3,,33.3,584.0,14.9,,5.8,,7.2,,5.6,,55.5,760.0,5.0,,23.4,,-,1201-1400,1201.0,1201-1400,,False,university of pannonia,1652.0,University of Pannonia,Hungary,5317.0,20.0,0.06,"2 days, 1:51:00",24.7639999999999,22.7,17.7,29.9,31.8,35.9,2026.0,1652.0,49.0,"2 days, 1:51:00",university of pannonia,exact_name_country,100.0,True,University of Pannonia,University of Pannonia,university of pannonia,university of pannonia
,,University of Pardubice,Czechia,Europe,M,CO,VH,Public,5.2,,5.2,,47.8,407.0,5.8,,12.3,,15.5,,19.7,768.0,36.2,,2.5,,15.8,,-,1201-1400,1201.0,1201-1400,,False,university of pardubice,1785.0,University of Pardubice,Czechia,7339.0,15.3,0.09,"2 days, 7:45:00",22.61,19.7,18.6,22.8,37.8,40.7,2026.0,1785.0,55.0,"2 days, 7:45:00",university of pardubice,exact_name_country,100.0,True,University of Pardubice,University of Pardubice,university of pardubice,university of pardubice
,,University of Peradeniya,Sri Lanka,Asia,L,CO,HI,Public,10.4,,13.6,,14.3,,3.7,,,,1.6,,6.0,,39.5,,17.7,765.0,50.6,,-,1201-1400,1201.0,1201-1400,,False,university of peradeniya,1420.0,University of Peradeniya,Sri Lanka,20419.0,26.2,0.0,"2 days, 12:40:00",28.4395,12.8,12.4,56.4,30.0,39.3,2026.0,1420.0,60.0,"2 days, 12:40:00",university of peradeniya,exact_name_country,100.0,True,University of Peradeniya,University of Peradeniya,university of peradeniya,university of peradeniya
,,University of Petra,Jordan,Asia,M,CO,HI,Private for Profit,8.8,,8.1,,10.0,,6.2,,25.9,635.0,47.1,429.0,44.2,472.0,9.9,,5.7,,34.6,,-,1201-1400,1201.0,1201-1400,,False,university of petra,934.0,University of Petra,Jordan,5154.0,17.3,0.18,"2 days, 6:46:00",36.665,15.2,12.4,76.1,17.5,67.4,2026.0,934.0,54.0,"2 days, 6:46:00",university of petra,exact_name_country,100.0,True,University of Petra,University of Petra,university of petra,university of petra
,,University of Primorska,Slovenia,Europe,M,CO,HI,Public,3.6,,5.7,,12.3,,8.3,,31.6,567.0,38.9,506.0,37.4,523.0,45.4,,13.2,,21.8,,-,1201-1400,1201.0,1201-1400,,False,university of primorska,1702.0,University of Primorska,Slovenia,5744.0,13.5,0.23,"3 days, 4:24:00",24.061,20.0,17.4,25.1,23.0,62.2,2026.0,1702.0,76.0,"3 days, 4:24:00",university of primorska,exact_name_country,100.0,True,University of Primorska,University of Primorska,university of primorska,university of primorska
,,University of Rajshahi,Bangladesh,Asia,L,CO,HI,,13.2,,13.1,,6.2,,6.4,,1.3,,1.2,,5.6,,23.5,,4.4,,39.3,,-,1201-1400,1201.0,1201-1400,,False,university of rajshahi,1033.0,University of Rajshahi,Bangladesh,19819.0,17.8,0.0,36 : 64,34.8724999999999,16.5,9.9,77.0,22.1,42.0,2026.0,1033.0,36.0,36 : 64,university of rajshahi,exact_name_country,100.0,True,University of Rajshahi,University of Rajshahi,university of rajshahi,university of rajshahi
,,University of Rijeka,Croatia,Europe,L,CO,VH,Public,7.3,,8.4,,17.0,,8.7,,2.8,,5.8,,10.1,,50.2,,15.3,,42.4,,-,1201-1400,1201.0,1201-1400,,False,university of rijeka,1655.0,University of Rijeka,Croatia,12749.0,15.6,0.05,"2 days, 11:41:00",24.6964999999999,20.1,19.4,31.3,36.4,30.6,2026.0,1655.0,59.0,"2 days, 11:41:00",university of rijeka,exact_name_country,100.0,True,University of Rijeka,University of Rijeka,university of rijeka,university of rijeka
,,University of Sarajevo,Bosnia and Herzegovina,Europe,L,CO,HI,Public,5.0,,1.0,,6.5,,2.9,,,,5.2,,4.1,,41.3,,89.1,113.0,20.5,,-,1201-1400,1201.0,1201-1400,,False,university of sarajevo,1897.0,University of Sarajevo,Bosnia and Herzegovina,21375.0,13.0,0.03,,20.1414999999999,21.2,11.5,23.4,33.0,29.5,2026.0,1897.0,,,university of sarajevo,exact_name_country,100.0,True,University of Sarajevo,University of Sarajevo,university of sarajevo,university of sarajevo
,,University of Silesia in Katowice,Poland,Europe,L,CO,VH,Public,8.6,,6.8,,31.3,611.0,5.7,,5.1,,7.4,,12.0,,59.3,703.0,10.1,,44.4,,-,1201-1400,1201.0,1201-1400,,False,university of silesia in katowice,1649.0,University of Silesia in Katowice,Poland,17261.0,10.6,0.05,"2 days, 18:34:00",24.85,28.0,15.2,28.8,27.8,32.4,2026.0,1649.0,66.0,"2 days, 18:34:00",university of silesia in katowice,exact_name_country,100.0,True,University of Silesia in Katowice,University of Silesia in Katowice,university of silesia in katowice,university of silesia in katowice
,,University of Split,Croatia,Europe,L,FC,HI,Public,7.6,,9.2,,8.7,,8.8,,1.6,,3.3,,7.5,,52.3,,22.4,687.0,44.8,,-,1201-1400,1201.0,1201-1400,,False,university of split,1487.0,University of Split,Croatia,18811.0,15.0,0.03,"2 days, 11:41:00",27.4225,22.2,15.3,42.3,28.6,34.7,2026.0,1487.0,59.0,"2 days, 11:41:00",university of split,exact_name_country,100.0,True,University of Split,University of Split,university of split,university of split
,,Zagazig University,Egypt,Africa,XL,FC,VH,Public,11.3,,9.1,,4.5,,5.1,,1.3,,8.1,,12.0,,69.8,535.0,5.2,,53.0,,-,1201-1400,1201.0,1201-1400,,False,zagazig university,1015.0,Zagazig University,Egypt,172762.0,21.8,0.03,"2 days, 4:48:00",35.147,17.9,11.2,71.2,36.4,50.7,2026.0,1015.0,52.0,"2 days, 4:48:00",zagazig university,exact_name_country,100.0,True,Zagazig University,Zagazig University,zagazig university,zagazig university
,,Aoyama Gakuin University,Japan,Asia,L,FO,HI,Private not for Profit,7.1,,16.8,,7.4,,2.5,,20.3,707.0,4.5,,3.6,,9.5,,14.5,,9.6,,-,1401+,1401.0,1401+,,False,aoyama gakuin university,2123.0,Aoyama Gakuin University,Japan,20622.0,18.1,0.05,"2 days, 1:51:00",14.7945,16.7,9.4,10.8,29.3,36.4,2026.0,2123.0,49.0,"2 days, 1:51:00",aoyama gakuin university,exact_name_country,100.0,True,Aoyama Gakuin University,Aoyama Gakuin University,aoyama gakuin university,aoyama gakuin university
,,Aswan University,Egypt,Africa,L,FC,HI,Public,7.1,,2.2,,11.8,,6.4,,1.1,,1.8,,6.1,,53.9,784.0,2.9,,40.0,,-,1401+,1401.0,1401+,,False,aswan university,1184.0,Aswan University,Egypt,32185.0,31.6,0.0,"2 days, 2:50:00",32.31,16.0,11.9,64.9,22.6,50.2,2026.0,1184.0,50.0,"2 days, 2:50:00",aswan university,exact_name_country,100.0,True,Aswan University,Aswan University,aswan university,aswan university
,,Benha University,Egypt,Africa,XL,FC,HI,Public,6.2,,4.4,,8.2,,4.2,,1.0,,2.4,,6.7,,59.7,699.0,2.9,,36.1,,-,1401+,1401.0,1401+,,False,benha university,1235.0,Benha University,Egypt,111190.0,28.9,0.01,"1 day, 22:54:00",31.5794999999999,16.5,10.3,63.9,22.0,49.0,2026.0,1235.0,46.0,"1 day, 22:54:00",benha university,exact_name_country,100.0,True,Benha University,Benha University,benha university,benha university
,,Central Michigan University,United States of America,Americas,L,FC,HI,Public,3.6,,5.0,,11.5,,11.2,,4.8,,23.4,684.0,17.6,,26.2,,15.0,,29.2,,-,1401+,1401.0,1401+,,False,central michigan university,1105.0,Central Michigan University,United States of America,13765.0,19.8,0.1,"2 days, 11:41:00",33.6095,30.2,16.8,49.6,47.4,40.7,2026.0,1105.0,59.0,"2 days, 11:41:00",central michigan university,exact_name_country,100.0,True,Central Michigan University,Central Michigan University,central michigan university,central michigan university
,,Chaoyang University of Technology,Taiwan,Asia,L,FO,VH,Private for Profit,5.0,,6.7,,6.4,,8.4,,7.4,,13.2,,15.9,,22.2,,2.1,,40.6,,-,1401+,1401.0,1401+,,False,chaoyang university of technology,1347.0,Chaoyang University of Technology,Taiwan,13390.0,34.9,0.06,"2 days, 7:45:00",29.51,15.5,22.8,42.6,53.7,45.3,2026.0,1347.0,55.0,"2 days, 7:45:00",chaoyang university of technology,exact_name_country,100.0,True,Chaoyang University of Technology,Chaoyang University of Technology,chaoyang university of technology,chaoyang university of technology
,,Chittagong University of Engineering and Technology,Bangladesh,Asia,M,SP,HI,Public,10.0,,16.2,,10.0,,12.1,,1.6,,,,,,8.1,,4.8,,20.3,,-,1401+,1401.0,1401+,,False,chittagong university of engineering and technology,1268.0,Chittagong University of Engineering & Technology,Bangladesh,5758.0,17.4,0.0,1.0118055555555556,30.9184999999999,13.7,11.7,67.2,23.1,32.0,2026.0,1268.0,,1.0118055555555556,chittagong university of engineering and technology,exact_name_country,100.0,True,Chittagong University of Engineering and Technology,Chittagong University of Engineering & Technology,chittagong university of engineering and technology,chittagong university of engineering and technology
,,East West University,Bangladesh,Asia,L,FO,HI,Private not for Profit,8.8,,17.7,,3.7,,4.5,,1.4,,1.0,,5.5,,9.2,,8.3,,32.5,,-,1401+,1401.0,1401+,,False,east west university,1818.0,East West University,Bangladesh,12156.0,26.8,0.0,"2 days, 3:49:00",21.7655,11.2,9.3,41.7,17.8,33.9,2026.0,1818.0,51.0,"2 days, 3:49:00",east west university,exact_name_country,100.0,True,East West University,East West University,east west university,east west university
,,Escuela Politécnica Nacional,Ecuador,Americas,M,FO,VH,Public,10.2,,10.8,,18.8,,5.7,,6.3,,3.0,,7.1,,16.9,,6.6,,25.2,,-,1401+,1401.0,1401+,,False,escuela polit cnica nacional,1863.0,Escuela Politécnica Nacional,Ecuador,7569.0,14.2,0.02,30 : 70,20.9075,18.7,9.8,26.7,24.6,47.4,2026.0,1863.0,30.0,30 : 70,escuela polit cnica nacional,exact_name_country,100.0,True,Escuela Politécnica Nacional,Escuela Politécnica Nacional,escuela politecnica nacional,escuela politecnica nacional
,,Herzen State Pedagogical University of Russia,Russian Federation,Europe,L,FO,HI,Public,3.8,,4.2,,22.2,785.0,1.5,,1.7,,59.8,344.0,56.4,364.0,11.4,,7.2,,25.4,,-,1401+,1401.0,1401+,,False,herzen state pedagogical university of russia,2062.0,Herzen State Pedagogical University of Russia,Russian Federation,17884.0,16.0,0.21,"3 days, 0:28:00",16.464,20.7,12.9,9.8,18.6,39.1,2026.0,2062.0,72.0,"3 days, 0:28:00",herzen state pedagogical university of russia,exact_name_country,100.0,True,Herzen State Pedagogical University of Russia,Herzen State Pedagogical University of Russia,herzen state pedagogical university of russia,herzen state pedagogical university of russia
,,Islamic University of Indonesia (Universitas Islam Indonesia),Indonesia,Asia,L,CO,HI,Private not for Profit,17.5,,7.4,,2.8,,3.2,,3.8,,1.2,,1.1,,12.9,,5.1,,34.4,,-,1401+,1401.0,1401+,,False,islamic university of indonesia,1973.0,Islamic University of Indonesia,Indonesia,26457.0,31.6,0.03,"1 day, 21:55:00",18.4619999999999,14.6,11.7,24.9,17.8,34.4,2026.0,1973.0,45.0,"1 day, 21:55:00",islamic university of indonesia,exact_name_country,100.0,True,Islamic University of Indonesia (Universitas Islam Indonesia),Islamic University of Indonesia,islamic university of indonesia,islamic university of indonesia
,,Kazan National Research Technological University,Russian Federation,Europe,L,CO,HI,Public,5.3,,7.8,,27.9,682.0,2.0,,1.9,,30.9,581.0,32.4,585.0,10.3,,5.5,,13.7,,-,1401+,1401.0,1401+,,False,kazan national research technological university,2041.0,Kazan National Research Technological University,Russian Federation,13472.0,12.3,0.16,39 : 61,16.799,22.0,9.9,10.2,44.2,34.8,2026.0,2041.0,39.0,39 : 61,kazan national research technological university,exact_name_country,100.0,True,Kazan National Research Technological University,Kazan National Research Technological University,kazan national research technological university,kazan national research technological university
,,Khulna University,Bangladesh,Asia,M,CO,HI,,8.6,,7.9,,14.3,,8.6,,,,,,,,20.8,,4.3,,25.4,,-,1401+,1401.0,1401+,,False,khulna university,1493.0,Khulna University,Bangladesh,8131.0,13.9,0.0,"1 day, 21:55:00",27.3225,17.3,9.9,50.7,18.7,45.2,2026.0,1493.0,45.0,"1 day, 21:55:00",khulna university,exact_name_country,100.0,True,Khulna University,Khulna University,khulna university,khulna university
,,Khulna University of Engineering and Technology,Bangladesh,Asia,M,SP,HI,Public,7.3,,16.7,,10.5,,13.4,,1.4,,,,,,12.6,,4.5,,22.0,,-,1401+,1401.0,1401+,,False,khulna university of engineering and technology,1098.0,Khulna University of Engineering and Technology (KUET),Bangladesh,7985.0,17.8,0.0,32 : 68,33.758,13.8,8.7,78.6,22.1,36.0,2026.0,1098.0,32.0,32 : 68,khulna university of engineering and technology,exact_name_country,100.0,True,Khulna University of Engineering and Technology,Khulna University of Engineering and Technology (KUET),khulna university of engineering and technology,khulna university of engineering and technology
,,Kindai University (previously Kinki University),Japan,Asia,XL,FC,HI,Private for Profit,5.3,,6.4,,10.2,,8.6,,25.7,637.0,3.2,,7.4,,30.4,,1.7,,41.2,,-,1401+,1401.0,1401+,,False,kindai university,1319.0,Kindai University,Japan,34923.0,23.2,0.02,32 : 68,30.0414999999999,17.6,13.3,53.6,60.0,33.5,2026.0,1319.0,32.0,32 : 68,kindai university,exact_name_country,100.0,True,Kindai University (previously Kinki University),Kindai University,kindai university,kindai university
,,Lublin University of Technology,Poland,Europe,M,FO,VH,Public,6.9,,3.0,,28.1,680.0,8.9,,2.5,,29.5,595.0,27.5,645.0,14.4,,3.9,,17.7,,-,1401+,1401.0,1401+,,False,lublin university of technology,1585.0,Lublin University of Technology,Poland,6721.0,11.4,0.13,27 : 73,25.75,25.8,14.8,31.6,30.8,41.8,2026.0,1585.0,27.0,27 : 73,lublin university of technology,exact_name_country,100.0,True,Lublin University of Technology,Lublin University of Technology,lublin university of technology,lublin university of technology
,,Mahasarakham University,Thailand,Asia,XL,FC,MD,Public,18.5,662.0,2.7,,2.8,,2.6,,8.7,,3.6,,7.7,,11.0,,10.3,,23.9,,-,1401+,1401.0,1401+,,False,mahasarakham university,1945.0,Mahasarakham University,Thailand,39291.0,33.6,0.03,"2 days, 13:39:00",18.886,19.9,9.3,24.5,18.9,29.5,2026.0,1945.0,61.0,"2 days, 13:39:00",mahasarakham university,exact_name_country,100.0,True,Mahasarakham University,Mahasarakham University,mahasarakham university,mahasarakham university
,,Manav Rachna International Institute of Research and Studies (MRIIRS),India,Asia,M,CO,HI,Private for Profit,5.9,,2.5,,43.9,453.0,3.7,,7.4,,3.4,,7.6,,3.3,,1.8,,23.6,,-,1401+,1401.0,1401+,,False,manav rachna international institute of research and studies,1568.0,Manav Rachna International Institute of Research and Studies,India,5684.0,11.2,0.02,"2 days, 2:50:00",26.0039999999999,29.8,11.0,37.4,21.7,25.8,2026.0,1568.0,50.0,"2 days, 2:50:00",manav rachna international institute of research and studies,exact_name_country,100.0,True,Manav Rachna International Institute of Research and Studies (MRIIRS),Manav Rachna International Institute of Research and Studies,manav rachna international institute of research and studies,manav rachna international institute of research and studies
,,Mapua University,Philippines,Asia,M,FO,VH,Private for Profit,9.7,,16.2,,4.3,,9.3,,3.0,,1.9,,1.7,,6.3,,3.9,,37.0,,-,1401+,1401.0,1401+,,False,mapua university,1896.0,Mapúa University,Philippines,9032.0,24.1,0.02,33 : 67,20.1594999999999,13.7,14.8,30.5,23.4,23.2,2026.0,1896.0,33.0,33 : 67,map a university,exact_name_country,100.0,True,Mapua University,Mapúa University,mapua university,mapua university
,,Naresuan University,Thailand,Asia,L,FC,MD,Public,10.9,,5.3,,9.3,,3.0,,6.9,,1.8,,6.2,,12.5,,3.1,,39.6,,-,1401+,1401.0,1401+,,False,naresuan university,1858.0,Naresuan University,Thailand,26692.0,17.8,0.01,"2 days, 20:32:00",21.0419999999999,23.6,13.0,20.6,47.0,30.0,2026.0,1858.0,68.0,"2 days, 20:32:00",naresuan university,exact_name_country,100.0,True,Naresuan University,Naresuan University,naresuan university,naresuan university
,,National Taipei University,Taiwan,Asia,M,FO,HI,Public,12.4,,8.0,,11.6,,4.4,,5.9,,10.1,,14.6,,3.9,,26.6,614.0,26.6,,-,1401+,1401.0,1401+,,False,national taipei university,1882.0,National Taipei University,Taiwan,8630.0,15.6,0.06,"2 days, 6:46:00",20.4655,19.4,15.4,19.5,51.6,31.5,2026.0,1882.0,54.0,"2 days, 6:46:00",national taipei university,exact_name_country,100.0,True,National Taipei University,National Taipei University,national taipei university,national taipei university
,,Nile University,Egypt,Africa,S,SP,HI,Private not for Profit,8.6,,4.6,,29.2,646.0,7.4,,5.5,,2.7,,6.9,,9.8,,3.3,,19.8,,-,1401+,1401.0,1401+,,False,nile university,1788.0,Nile University,Egypt,3826.0,18.5,0.01,37 : 63,22.512,15.2,12.9,34.6,38.8,31.4,2026.0,1788.0,37.0,37 : 63,nile university,exact_name_country,100.0,True,Nile University,Nile University,nile university,nile university
,,Perm State University,Russian Federation,Europe,M,CO,VH,Public,4.0,,3.3,,35.4,559.0,2.1,,1.8,,20.4,725.0,22.2,727.0,6.0,,4.0,,29.7,,-,1401+,1401.0,1401+,,False,perm state university,2142.0,Perm State University,Russian Federation,10895.0,14.5,0.09,"2 days, 8:44:00",14.343,18.4,12.0,7.9,24.5,27.8,2026.0,2142.0,56.0,"2 days, 8:44:00",perm state university,exact_name_country,100.0,True,Perm State University,Perm State University,perm state university,perm state university
,,Rikkyo University,Japan,Asia,L,FO,HI,Private for Profit,5.5,,14.3,,9.9,,3.0,,32.8,556.0,10.6,,14.2,,12.3,,10.0,,30.0,,-,1401+,1401.0,1401+,,False,rikkyo university,1597.0,Rikkyo University,Japan,19644.0,14.7,0.05,"2 days, 8:44:00",25.6275,18.5,9.6,41.0,21.4,56.4,2026.0,1597.0,56.0,"2 days, 8:44:00",rikkyo university,exact_name_country,100.0,True,Rikkyo University,Rikkyo University,rikkyo university,rikkyo university
,,Shanghai Normal University,China (Mainland),Asia,XL,CO,HI,Public,4.4,,3.4,,17.0,,9.5,,6.8,,4.9,,10.0,,24.9,,1.4,,32.2,,-,1401+,1401.0,1401+,,False,shanghai normal university,1077.0,Shanghai Normal University,China (Mainland),30111.0,14.1,0.02,"2 days, 22:30:00",34.098,32.0,16.6,53.9,40.1,27.6,2026.0,1077.0,70.0,"2 days, 22:30:00",shanghai normal university,exact_name_country,100.0,True,Shanghai Normal University,Shanghai Normal University,shanghai normal university,shanghai normal university
,,Silpakorn University,Thailand,Asia,L,CO,HI,Public,10.4,,12.6,,5.7,,4.5,,8.0,,2.7,,7.1,,26.7,,3.1,,22.6,,-,1401+,1401.0,1401+,,False,silpakorn university,1865.0,Silpakorn University,Thailand,29673.0,21.9,0.02,"2 days, 20:32:00",20.853,21.4,15.6,19.6,46.4,30.4,2026.0,1865.0,68.0,"2 days, 20:32:00",silpakorn university,exact_name_country,100.0,True,Silpakorn University,Silpakorn University,silpakorn university,silpakorn university
,,Suez Canal University,Egypt,Africa,XL,FC,HI,Public,6.1,,3.9,,17.4,,4.4,,2.5,,3.0,,7.3,,52.2,,2.9,,48.0,762.0,-,1401+,1401.0,1401+,,False,suez canal university,1275.0,Suez Canal University,Egypt,51841.0,14.4,0.02,"1 day, 21:55:00",30.6934999999999,20.0,9.9,56.3,28.5,51.9,2026.0,1275.0,45.0,"1 day, 21:55:00",suez canal university,exact_name_country,100.0,True,Suez Canal University,Suez Canal University,suez canal university,suez canal university
,,Tashkent University of Information Technologies,Uzbekistan,Asia,L,SP,HI,Public,10.7,,15.4,,7.4,,1.7,,10.4,,3.3,,7.4,,3.5,,9.4,,27.7,,-,1401+,1401.0,1401+,,False,tashkent university of information technologies,1604.0,Tashkent University of Information Technologies,Uzbekistan,20688.0,18.4,0.0,25 : 75,25.5619999999999,17.6,9.2,49.5,27.8,23.2,2026.0,1604.0,25.0,25 : 75,tashkent university of information technologies,exact_name_country,100.0,True,Tashkent University of Information Technologies,Tashkent University of Information Technologies,tashkent university of information technologies,tashkent university of information technologies
,,Universidad Autónoma de Chile,Chile,Americas,XL,FO,VH,Private not for Profit,7.9,,4.7,,6.2,,6.2,,15.6,792.0,1.7,,1.5,,38.9,,2.5,,35.9,,-,1401+,1401.0,1401+,,False,universidad aut noma de chile,1659.0,Universidad Autónoma de Chile,Chile,30410.0,26.8,0.01,"2 days, 16:36:00",24.6525,13.0,13.3,39.9,20.7,55.5,2026.0,1659.0,64.0,"2 days, 16:36:00",universidad aut noma de chile,exact_name_country,100.0,True,Universidad Autónoma de Chile,Universidad Autónoma de Chile,universidad autonoma de chile,universidad autonoma de chile
,,Universidad Nacional Agraria la Molina,Peru,Americas,M,FO,VH,Public,9.3,,8.0,,16.7,,2.8,,1.5,,2.8,,7.0,,12.6,,4.7,,34.4,,-,1401+,1401.0,1401+,,False,universidad nacional agraria la molina,2047.0,Universidad Nacional Agraria La Molina,Peru,7819.0,9.2,0.01,"2 days, 1:51:00",16.7325,23.9,8.0,11.1,16.8,44.8,2026.0,2047.0,49.0,"2 days, 1:51:00",universidad nacional agraria la molina,exact_name_country,100.0,True,Universidad Nacional Agraria la Molina,Universidad Nacional Agraria La Molina,universidad nacional agraria la molina,universidad nacional agraria la molina
,,Universitas Andalas,Indonesia,Asia,XL,CO,HI,Public,13.4,,8.1,,13.9,,1.5,,14.4,,3.6,,7.8,,6.0,,5.1,,39.1,,-,1401+,1401.0,1401+,,False,universitas andalas,1895.0,Universitas Andalas,Indonesia,34409.0,17.7,0.02,"2 days, 12:40:00",20.1665,17.8,11.9,22.6,37.8,42.3,2026.0,1895.0,60.0,"2 days, 12:40:00",universitas andalas,exact_name_country,100.0,True,Universitas Andalas,Universitas Andalas,universitas andalas,universitas andalas
,,Universitas Negeri Padang,Indonesia,Asia,XL,FO,HI,Public,10.5,,2.5,,31.5,608.0,1.3,,17.7,753.0,2.1,,6.4,,6.4,,2.6,,39.2,,-,1401+,1401.0,1401+,,False,universitas negeri padang,1583.0,Universitas Negeri Padang,Indonesia,45714.0,22.1,0.01,"2 days, 19:33:00",25.7819999999999,12.8,8.6,52.3,16.8,42.0,2026.0,1583.0,67.0,"2 days, 19:33:00",universitas negeri padang,exact_name_country,100.0,True,Universitas Negeri Padang,Universitas Negeri Padang,universitas negeri padang,universitas negeri padang
,,Universitas Syiah Kuala,Indonesia,Asia,L,FC,HI,Public,8.6,,3.0,,18.1,,3.6,,3.1,,2.5,,6.8,,24.4,,2.6,,38.6,,-,1401+,1401.0,1401+,,False,universitas syiah kuala,1642.0,Universitas Syiah Kuala,Indonesia,30794.0,15.8,0.0,"2 days, 14:38:00",25.0465,17.5,9.6,48.0,19.5,25.6,2026.0,1642.0,62.0,"2 days, 14:38:00",universitas syiah kuala,exact_name_country,100.0,True,Universitas Syiah Kuala,Universitas Syiah Kuala,universitas syiah kuala,universitas syiah kuala
,,Universiti Sultan Zainal Abidin,Malaysia,Asia,M,CO,VH,Public,8.0,,2.8,,13.8,,5.4,,19.5,721.0,9.9,,13.6,,28.1,,5.1,,16.9,,-,1401+,1401.0,1401+,,False,universiti sultan zainal abidin,1080.0,Universiti Sultan Zainal Abidin,Malaysia,11380.0,14.8,0.07,"2 days, 18:34:00",34.0614999999999,26.0,13.6,58.8,22.5,52.1,2026.0,1080.0,66.0,"2 days, 18:34:00",universiti sultan zainal abidin,exact_name_country,100.0,True,Universiti Sultan Zainal Abidin,Universiti Sultan Zainal Abidin,universiti sultan zainal abidin,universiti sultan zainal abidin
,,University of Moratuwa,Sri Lanka,Asia,M,SP,VH,Public,6.0,,8.0,,5.3,,15.6,791.0,,,1.0,,1.0,,13.2,,13.1,,24.9,,-,1401+,1401.0,1401+,,False,university of moratuwa,1740.0,University of Moratuwa,Sri Lanka,11079.0,22.1,0.0,40 : 60,23.4835,12.9,14.5,40.2,36.2,26.2,2026.0,1740.0,40.0,40 : 60,university of moratuwa,exact_name_country,100.0,True,University of Moratuwa,University of Moratuwa,university of moratuwa,university of moratuwa
,,University of Oradea,Romania,Europe,L,FC,MD,Public,7.5,,4.2,,6.5,,4.0,,1.7,,9.4,,13.8,,38.8,,9.0,,41.8,,-,1401+,1401.0,1401+,,False,university of oradea,1810.0,University of Oradea,Romania,18847.0,19.0,0.05,"2 days, 12:40:00",21.8699999999999,16.5,13.3,31.7,18.7,38.5,2026.0,1810.0,60.0,"2 days, 12:40:00",university of oradea,exact_name_country,100.0,True,University of Oradea,University of Oradea,university of oradea,university of oradea
,,University of Sri Jayewardenepura,Sri Lanka,Asia,L,CO,HI,Public,8.0,,12.2,,5.7,,7.0,,,,1.3,,5.7,,27.8,,22.8,674.0,27.4,,-,1401+,1401.0,1401+,,False,university of sri jayewardenepura,1848.0,University of Sri Jayewardenepura,Sri Lanka,20006.0,25.3,0.0,"2 days, 15:37:00",21.2175,12.6,9.5,37.4,18.2,37.3,2026.0,1848.0,63.0,"2 days, 15:37:00",university of sri jayewardenepura,exact_name_country,100.0,True,University of Sri Jayewardenepura,University of Sri Jayewardenepura,university of sri jayewardenepura,university of sri jayewardenepura
,,University of Tripoli,Libya,Africa,XL,FC,MD,Public,6.8,,12.8,,8.6,,1.3,,1.2,,3.4,,7.6,,30.6,,28.7,582.0,11.2,,-,1401+,1401.0,1401+,,False,university of tripoli,1254.0,University of Tripoli,Libya,71060.0,18.9,0.02,"2 days, 15:37:00",31.1754999999999,14.6,10.7,66.1,17.2,43.3,2026.0,1254.0,63.0,"2 days, 15:37:00",university of tripoli,exact_name_country,100.0,True,University of Tripoli,University of Tripoli,university of tripoli,university of tripoli
,,University of West Bohemia,Czechia,Europe,M,CO,VH,Public,7.2,,5.3,,12.5,,7.9,,,,6.2,,4.8,,40.9,,15.5,,19.5,,-,1401+,1401.0,1401+,,False,university of west bohemia,1574.0,University of West Bohemia,Czechia,11369.0,14.5,0.06,"2 days, 6:46:00",25.9025,19.6,18.0,35.4,38.2,36.7,2026.0,1574.0,54.0,"2 days, 6:46:00",university of west bohemia,exact_name_country,100.0,True,University of West Bohemia,University of West Bohemia,university of west bohemia,university of west bohemia
,,Voronezh State University,Russian Federation,Europe,L,CO,HI,Public,5.7,,4.7,,31.3,610.0,1.6,,3.7,,34.5,546.0,40.2,502.0,12.2,,3.5,,20.4,,-,1401+,1401.0,1401+,,False,voronezh state university,2094.0,Voronezh State University,Russian Federation,17718.0,12.3,0.14,"2 days, 2:50:00",15.6179999999999,23.5,11.0,7.1,18.7,34.9,2026.0,2094.0,50.0,"2 days, 2:50:00",voronezh state university,exact_name_country,100.0,True,Voronezh State University,Voronezh State University,voronezh state university,voronezh state university
,,Walailak University,Thailand,Asia,L,FC,MD,Public,8.3,,2.7,,12.5,,5.6,,13.9,,3.0,,7.4,,31.5,,3.2,,43.0,,-,1401+,1401.0,1401+,,False,walailak university,1243.0,Walailak University,Thailand,10993.0,15.2,0.02,"2 days, 23:29:00",31.442,19.4,15.4,56.4,18.7,47.8,2026.0,1243.0,71.0,"2 days, 23:29:00",walailak university,exact_name_country,100.0,True,Walailak University,Walailak University,walailak university,walailak university
,,Yamaguchi University,Japan,Asia,M,FC,HI,Public,4.4,,2.9,,46.1,425.0,8.2,,8.0,,4.5,,8.9,,15.4,,1.7,,22.5,,-,1401+,1401.0,1401+,,False,yamaguchi university,1684.0,Yamaguchi University,Japan,10373.0,10.9,0.05,38 : 62,24.2819999999999,27.8,14.2,24.0,58.7,32.2,2026.0,1684.0,38.0,38 : 62,yamaguchi university,exact_name_country,100.0,True,Yamaguchi University,Yamaguchi University,yamaguchi university,yamaguchi university
19.0,13.0,The University of Melbourne,Australia,Oceania,XL,FC,VH,Public,99.7,21.0,97.4,35.0,20.5,,94.8,72.0,96.7,156.0,100.0,37.0,74.4,239.0,96.9,40.0,98.3,39.0,98.2,,90.8,19,19.0,19,90.8,True,the university of melbourne,37.0,University of Melbourne,Australia,51622.0,23.3,0.51,"2 days, 10:42:00",79.0485,67.7,75.5,87.8,99.3,91.6,2026.0,37.0,58.0,"2 days, 10:42:00",university of melbourne,fuzzy_high,92.0,True,The University of Melbourne,University of Melbourne,the university of melbourne,university of melbourne
31.0,40.0,King's College London (KCL),United Kingdom,Europe,XL,FC,VH,Public,96.2,44.0,91.8,65.0,74.4,202.0,70.2,215.0,99.5,115.0,99.0,70.0,99.0,61.0,98.4,19.0,76.4,174.0,96.5,14.0,88.3,31,31.0,31,88.3,True,king s college london,38.0,Kingâ€™s College London,United Kingdom,34410.0,12.6,0.52,"2 days, 16:36:00",78.6574999999999,64.2,72.1,95.5,72.3,96.9,2026.0,38.0,64.0,"2 days, 16:36:00",king s college london,fuzzy_high,97.67,True,King's College London (KCL),Kingâ€™s College London,king s college london,kinga s college london
35.0,34.0,The University of Manchester,United Kingdom,Europe,XL,FC,VH,Public,98.6,31.0,98.8,26.0,58.2,310.0,56.8,308.0,95.3,176.0,99.5,56.0,99.5,45.0,99.4,7.0,91.9,90.0,98.2,,86.4,35,35.0,35,86.4,True,the university of manchester,56.0,University of Manchester,United Kingdom,43470.0,14.9,0.46,"2 days, 9:43:00",74.9325,61.2,65.9,92.4,74.0,94.5,2026.0,56.0,57.0,"2 days, 9:43:00",university of manchester,fuzzy_high,92.31,True,The University of Manchester,University of Manchester,the university of manchester,university of manchester
53.0,55.0,The University of Amsterdam,Netherlands,Europe,XL,FC,VH,Public,92.5,57.0,72.6,135.0,27.5,688.0,87.2,113.0,98.8,133.0,95.8,117.0,71.3,259.0,95.1,82.0,90.3,104.0,64.0,,81.5,53,53.0,53,81.5,True,the university of amsterdam,62.0,University of Amsterdam,Netherlands,31035.0,12.6,0.39,"2 days, 12:40:00",73.7445,55.4,63.6,96.6,76.0,92.5,2026.0,62.0,60.0,"2 days, 12:40:00",university of amsterdam,fuzzy_high,92.0,True,The University of Amsterdam,University of Amsterdam,the university of amsterdam,university of amsterdam
92.0,105.0,The University of Sheffield,United Kingdom,Europe,L,FC,VH,Public,73.0,122.0,61.7,186.0,50.3,378.0,68.4,226.0,81.6,281.0,98.0,89.0,98.1,76.0,96.8,42.0,47.9,363.0,94.3,27.0,70.9,92,92.0,92,70.9,True,the university of sheffield,111.0,University of Sheffield,United Kingdom,29305.0,15.2,0.41,"2 days, 5:47:00",65.3465,49.7,49.1,88.3,79.4,90.4,2026.0,111.0,53.0,"2 days, 5:47:00",university of sheffield,fuzzy_high,92.0,True,The University of Sheffield,University of Sheffield,the university of sheffield,university of sheffield
97.0,108.0,The University of Nottingham,United Kingdom,Europe,XL,FC,VH,Public,75.4,110.0,78.4,110.0,44.5,444.0,48.6,382.0,92.7,202.0,78.5,231.0,80.6,201.0,97.4,30.0,53.7,313.0,92.9,,69.4,97,97.0,97,69.4,True,the university of nottingham,146.0,University of Nottingham,United Kingdom,35470.0,15.5,0.28,"2 days, 7:45:00",62.0269999999999,45.8,43.3,87.3,72.1,91.8,2026.0,146.0,55.0,"2 days, 7:45:00",university of nottingham,fuzzy_high,92.31,True,The University of Nottingham,University of Nottingham,the university of nottingham,university of nottingham
140.0,155.0,"University of North Carolina, Chapel Hill",United States of America,Americas,L,FC,VH,Public,72.2,127.0,55.5,216.0,85.6,129.0,47.9,389.0,31.1,577.0,25.0,663.0,31.1,602.0,89.5,181.0,74.0,188.0,83.9,126.0,63.2,140,140.0,140,63.2,True,university of north carolina chapel hill,78.0,University of North Carolina at Chapel Hill,United States of America,34813.0,8.0,0.1,"2 days, 13:39:00",70.2734999999999,63.8,59.6,91.3,75.9,49.9,2026.0,78.0,61.0,"2 days, 13:39:00",university of north carolina at chapel hill,fuzzy_high,96.39,True,"University of North Carolina, Chapel Hill",University of North Carolina at Chapel Hill,university of north carolina chapel hill,university of north carolina at chapel hill
163.0,149.0,King Abdul Aziz University (KAU),Saudi Arabia,Asia,XL,FC,VH,Public,67.5,145.0,76.6,118.0,41.4,490.0,47.8,390.0,83.1,270.0,9.2,,14.9,,95.0,84.0,44.9,392.0,77.5,,60.7,163,163.0,163,60.7,True,king abdul aziz university,399.0,King Abdulaziz University,Saudi Arabia,56251.0,12.5,0.05,"2 days, 9:43:00",49.876,29.8,22.9,87.1,67.6,74.8,2026.0,399.0,57.0,"2 days, 9:43:00",king abdulaziz university,fuzzy_high,98.04,True,King Abdul Aziz University (KAU),King Abdulaziz University,king abdul aziz university,king abdulaziz university
180.0,227.0,Indian Institute of Technology Madras (IITM),India,Asia,M,CO,VH,Public,56.8,196.0,85.8,87.0,21.3,,90.2,102.0,3.1,,3.2,,7.4,,45.6,,45.8,380.0,73.0,274.0,58.4,180,180.0,180,58.4,True,indian institute of technology madras,1074.0,Indian Institute of Technology Mandi,India,2684.0,14.8,0.01,25 : 75,34.1539999999999,34.3,14.9,54.9,28.8,27.9,2026.0,1074.0,25.0,25 : 75,indian institute of technology mandi,fuzzy_high,93.15,True,Indian Institute of Technology Madras (IITM),Indian Institute of Technology Mandi,indian institute of technology madras,indian institute of technology mandi
187.0,164.0,University Complutense Madrid,Spain,Europe,XL,FC,VH,Public,78.5,101.0,73.9,131.0,41.6,486.0,12.8,,18.2,736.0,32.9,561.0,38.7,511.0,92.7,132.0,97.3,53.0,80.4,,57.1,187,187.0,187,57.1,True,university complutense madrid,505.0,Complutense University of Madrid,Spain,57684.0,10.0,0.16,"2 days, 15:37:00",46.123,43.7,34.5,57.6,56.6,49.1,2026.0,505.0,63.0,"2 days, 15:37:00",complutense university of madrid,fuzzy_high,95.08,True,University Complutense Madrid,Complutense University of Madrid,university complutense madrid,complutense university of madrid
199.0,206.0,Queen's University Belfast,United Kingdom,Europe,L,FC,VH,Public,49.6,228.0,43.4,309.0,30.3,627.0,57.5,304.0,100.0,79.0,98.8,74.0,98.9,65.0,95.4,73.0,19.5,735.0,89.5,67.0,55.7,199,199.0,199,55.7,True,queen s university belfast,200.0,Queenâ€™s University Belfast,United Kingdom,21900.0,17.0,0.49,"2 days, 10:42:00",58.785,34.7,38.4,90.8,70.0,98.3,2026.0,200.0,58.0,"2 days, 10:42:00",queen s university belfast,fuzzy_high,98.11,True,Queen's University Belfast,Queenâ€™s University Belfast,queen s university belfast,queena s university belfast
227.0,179.0,The University of Newcastle,Australia,Oceania,L,FC,VH,Public,36.0,336.0,30.5,466.0,29.7,638.0,95.2,67.0,100.0,92.0,36.2,533.0,41.8,494.0,81.8,319.0,20.8,712.0,84.8,,53.1,227,227.0,227,53.1,True,the university of newcastle,289.0,University of Newcastle,Australia,22320.0,29.2,0.2,"2 days, 10:42:00",54.767,30.0,36.8,84.9,86.5,84.2,2026.0,289.0,58.0,"2 days, 10:42:00",university of newcastle,fuzzy_high,92.0,True,The University of Newcastle,University of Newcastle,the university of newcastle,university of newcastle
233.0,236.0,University of Padova,Italy,Europe,XL,FC,VH,Public,73.5,119.0,40.2,341.0,13.5,,54.4,337.0,15.5,796.0,18.8,748.0,24.9,686.0,95.5,70.0,29.6,555.0,85.0,,52.1,233,233.0,233,52.1,True,university of padova,242.0,University of Padua,Italy,49946.0,30.1,0.11,"2 days, 10:42:00",56.724,46.4,41.0,80.0,78.9,53.2,2026.0,242.0,58.0,"2 days, 10:42:00",university of padua,fuzzy_high,92.31,True,University of Padova,University of Padua,university of padova,university of padua
265.0,265.0,Universitat Pompeu Fabra,Spain,Europe,M,FO,VH,Public,43.7,268.0,39.5,346.0,19.1,,70.6,212.0,84.7,260.0,40.0,487.0,45.5,456.0,75.8,422.0,23.0,671.0,66.4,,49,265,265.0,265,49.0,True,universitat pompeu fabra,189.0,Pompeu Fabra University,Spain,12225.0,21.3,0.17,"2 days, 14:38:00",59.4555,36.6,45.3,87.5,81.6,80.1,2026.0,189.0,62.0,"2 days, 14:38:00",pompeu fabra university,fuzzy_high,93.62,True,Universitat Pompeu Fabra,Pompeu Fabra University,universitat pompeu fabra,pompeu fabra university
305.0,295.0,Xi'an Jiaotong University,China (Mainland),Asia,XL,FC,VH,Public,28.5,441.0,44.2,302.0,15.9,,97.8,49.0,5.5,,6.8,,5.3,,82.9,295.0,34.9,491.0,55.8,581.0,45,305,305.0,305,45.0,True,xi an jiaotong university,228.0,Xiâ€™an Jiaotong University,China (Mainland),54986.0,15.9,0.06,34 : 66,57.2654999999999,45.1,49.4,75.9,100.0,38.2,2026.0,228.0,34.0,34 : 66,xi an jiaotong university,fuzzy_high,98.04,True,Xi'an Jiaotong University,Xiâ€™an Jiaotong University,xi an jiaotong university,xia an jiaotong university
328.0,328.0,Rutgers University – New Brunswick,United States of America,Americas,XL,CO,VH,Public,47.7,243.0,45.8,295.0,53.4,351.0,16.5,774.0,24.1,661.0,38.8,508.0,44.3,471.0,75.3,437.0,44.6,393.0,87.5,87.0,42.6,328,328.0,328,42.6,True,rutgers university new brunswick,322.0,Rutgers Universityâ€“New Brunswick,United States of America,46825.0,11.3,0.16,"2 days, 5:47:00",53.1484999999999,45.3,31.4,78.4,69.1,58.6,2026.0,322.0,53.0,"2 days, 5:47:00",rutgers university new brunswick,fuzzy_high,98.46,True,Rutgers University – New Brunswick,Rutgers Universityâ€“New Brunswick,rutgers university new brunswick,rutgers universitya new brunswick
381.0,410.0,The American University in Cairo,Egypt,Africa,M,CO,VH,Private not for Profit,40.8,292.0,46.9,278.0,39.0,521.0,12.2,,98.0,141.0,7.1,,11.7,,46.8,,88.6,118.0,51.6,,39.4,381,381.0,381,39.4,True,the american university in cairo,795.0,American University in Cairo,Egypt,6233.0,10.4,0.08,"2 days, 10:42:00",39.249,30.1,25.9,53.7,33.9,71.9,2026.0,795.0,58.0,"2 days, 10:42:00",american university in cairo,fuzzy_high,93.33,True,The American University in Cairo,American University in Cairo,the american university in cairo,american university in cairo
384.0,396.0,Northeastern University,United States of America,Americas,XL,CO,VH,Private not for Profit,28.0,450.0,31.3,457.0,23.3,769.0,33.7,541.0,63.3,368.0,95.8,116.0,96.1,99.0,66.3,602.0,54.3,309.0,80.2,,39.3,384,384.0,384,39.3,True,northeastern university,245.0,"Northeastern University, US",United States of America,29623.0,15.8,0.4,"2 days, 5:47:00",56.6119999999999,38.4,32.4,90.5,69.2,79.6,2026.0,245.0,53.0,"2 days, 5:47:00",northeastern university us,fuzzy_high,93.88,True,Northeastern University,"Northeastern University, US",northeastern university,northeastern university us
395.0,396.0,Ruhr-Universität Bochum,Germany,Europe,XL,FC,VH,Public,29.1,427.0,11.8,,3.9,,65.8,243.0,59.3,394.0,55.6,376.0,59.9,343.0,90.0,174.0,21.4,701.0,72.5,,38.1,395,395.0,395,38.1,True,ruhr universit t bochum,271.0,Ruhr University Bochum,Germany,30732.0,39.4,0.2,"2 days, 3:49:00",55.653,39.9,46.1,72.6,98.9,63.7,2026.0,271.0,51.0,"2 days, 3:49:00",ruhr university bochum,fuzzy_high,93.33,True,Ruhr-Universität Bochum,Ruhr University Bochum,ruhr universitat bochum,ruhr university bochum
430.0,448.0,Université de Montpellier,France,Europe,XL,FO,VH,Public,26.7,471.0,4.9,,11.7,,72.3,195.0,29.0,594.0,42.8,468.0,48.0,433.0,99.4,10.0,18.8,745.0,55.3,,35.7,430,430.0,430,35.7,True,universit de montpellier,403.0,Montpellier University,France,39869.0,19.9,0.15,"2 days, 8:44:00",49.7354999999999,39.5,33.5,68.7,68.7,66.8,2026.0,403.0,56.0,"2 days, 8:44:00",montpellier university,fuzzy_high,93.62,True,Université de Montpellier,Montpellier University,universite de montpellier,montpellier university
433.0,426.0,Leibniz Universität Hannover,Germany,Europe,L,FO,VH,Public,29.6,419.0,37.2,378.0,19.9,,33.7,540.0,54.7,413.0,33.3,556.0,39.1,507.0,80.5,345.0,20.3,720.0,78.7,,35.6,433,433.0,433,35.6,True,leibniz universit t hannover,378.0,Leibniz University Hannover,Germany,17855.0,33.3,0.16,"1 day, 21:55:00",50.4684999999999,38.8,41.7,64.3,84.3,56.9,2026.0,378.0,45.0,"1 day, 21:55:00",leibniz university hannover,fuzzy_high,94.55,True,Leibniz Universität Hannover,Leibniz University Hannover,leibniz universitat hannover,leibniz university hannover
461.0,389.0,Università Vita-Salute San Raffaele,Italy,Europe,S,SP,VH,Private not for Profit,4.8,,3.1,,89.3,108.0,99.5,28.0,6.2,,11.3,,16.3,,35.5,,4.1,,26.1,,33.9,461,461.0,461,33.9,True,universit vita salute san raffaele,257.0,Vita-Salute San Raffaele University,Italy,4573.0,27.6,0.06,"2 days, 16:36:00",56.1179999999999,34.3,34.0,98.8,66.3,51.3,2026.0,257.0,64.0,"2 days, 16:36:00",vita salute san raffaele university,fuzzy_high,97.14,True,Università Vita-Salute San Raffaele,Vita-Salute San Raffaele University,universita vita salute san raffaele,vita salute san raffaele university
469.0,423.0,Laval University,Canada,Americas,L,FC,VH,Public,25.3,503.0,11.3,,33.3,585.0,29.8,590.0,57.4,402.0,54.9,378.0,59.2,345.0,78.8,371.0,49.9,347.0,81.6,,33.7,469,469.0,469,33.7,True,laval university,413.0,Université Laval,Canada,30127.0,13.4,0.18,"2 days, 11:41:00",49.3255,31.8,34.6,69.4,91.7,72.3,2026.0,413.0,59.0,"2 days, 11:41:00",universit laval,fuzzy_high,100.0,True,Laval University,Université Laval,laval university,universite laval
473.0,472.0,Johannes Kepler University Linz,Austria,Europe,M,FO,VH,Public,17.5,700.0,14.9,,80.0,166.0,25.2,635.0,89.9,223.0,57.5,360.0,61.6,327.0,56.6,743.0,15.3,,61.0,,33.5,473,473.0,473,33.5,True,johannes kepler university linz,419.0,Johannes Kepler University of Linz,Austria,6857.0,20.5,0.23,"2 days, 1:51:00",49.1225,36.7,35.4,61.4,98.5,75.6,2026.0,419.0,49.0,"2 days, 1:51:00",johannes kepler university of linz,fuzzy_high,95.38,True,Johannes Kepler University Linz,Johannes Kepler University of Linz,johannes kepler university linz,johannes kepler university of linz
480.0,430.0,University of Science and Technology Beijing,China (Mainland),Asia,L,CO,VH,Public,16.4,,14.6,,13.9,,99.2,37.0,4.2,,5.1,,4.0,,59.1,706.0,8.5,,41.6,,33.2,480,480.0,480,33.2,True,university of science and technology beijing,1199.0,Jiangsu University of Science and Technology,China (Mainland),29068.0,16.0,0.03,,32.125,16.1,16.7,60.3,68.5,22.7,2026.0,1199.0,,,jiangsu university of science and technology,fuzzy_high,93.18,True,University of Science and Technology Beijing,Jiangsu University of Science and Technology,university of science and technology beijing,jiangsu university of science and technology
542.0,513.0,University of Milano-Bicocca,Italy,Europe,L,FO,VH,Public,28.6,438.0,19.2,677.0,5.2,,56.0,317.0,7.3,,8.3,,14.0,,80.8,335.0,15.0,,53.6,,30.3,542,542.0,542,30.3,True,university of milano bicocca,457.0,University of Milan-Bicocca,Italy,28650.0,24.9,0.05,"2 days, 13:39:00",47.7699999999999,25.1,27.1,87.7,68.1,46.3,2026.0,457.0,61.0,"2 days, 13:39:00",university of milan bicocca,fuzzy_high,98.18,True,University of Milano-Bicocca,University of Milan-Bicocca,university of milano bicocca,university of milan bicocca
546.0,488.0,University of Hawaii at Mañoa,United States of America,Americas,L,FC,VH,Public,21.3,583.0,10.5,,32.4,594.0,51.8,366.0,25.2,650.0,11.1,,17.0,,84.5,264.0,13.3,,60.9,,30.2,546,546.0,546,30.2,True,university of hawaii at ma oa,300.0,University of Hawaiâ€™i at MÄnoa,United States of America,15780.0,12.5,0.1,"2 days, 11:41:00",54.3094999999999,38.9,43.0,73.7,67.6,74.0,2026.0,300.0,59.0,"2 days, 11:41:00",university of hawai i at m noa,fuzzy_high,95.08,True,University of Hawaii at Mañoa,University of Hawaiâ€™i at MÄnoa,university of hawaii at manoa,university of hawaia i at ma noa
578.0,576.0,Universidad Adolfo Ibáñez,Chile,Americas,M,SP,VH,Private not for Profit,28.7,433.0,63.3,170.0,7.6,,9.1,,46.4,460.0,8.0,,11.7,,34.4,,60.7,267.0,40.0,,29,578,578.0,578,29.0,True,universidad adolfo ib ez,1409.0,Adolfo Ibáñez University,Chile,10615.0,20.9,0.05,38 : 62,28.5335,15.6,17.4,44.3,22.7,62.5,2026.0,1409.0,38.0,38 : 62,adolfo ib ez university,fuzzy_high,100.0,True,Universidad Adolfo Ibáñez,Adolfo Ibáñez University,universidad adolfo ibanez,adolfo ibanez university
587.0,562.0,Université Claude Bernard Lyon 1,France,Europe,XL,FC,VH,Public,26.1,486.0,5.9,,9.6,,53.0,356.0,10.1,,20.5,723.0,15.5,,91.7,149.0,16.0,,51.0,,28.6,587,587.0,587,28.6,True,universit claude bernard lyon 1,682.0,Claude Bernard University Lyon 1,France,35702.0,16.9,0.13,"2 days, 8:44:00",41.72,27.0,26.4,62.6,70.1,60.2,2026.0,682.0,56.0,"2 days, 8:44:00",claude bernard university lyon 1,fuzzy_high,100.0,True,Université Claude Bernard Lyon 1,Claude Bernard University Lyon 1,universite claude bernard lyon 1,claude bernard university lyon 1
622.0,,University of New Brunswick,Canada,Americas,M,CO,VH,Public,7.1,,17.9,,22.2,786.0,41.1,458.0,67.5,346.0,65.1,308.0,68.5,282.0,51.1,,24.7,646.0,62.7,,27.6,622,622.0,622,27.6,True,university of new brunswick,706.0,University of New Brunswick UNB,Canada,8975.0,12.4,0.22,"2 days, 5:47:00",41.421,23.8,19.5,67.1,63.5,81.0,2026.0,706.0,53.0,"2 days, 5:47:00",university of new brunswick unb,fuzzy_high,93.1,True,University of New Brunswick,University of New Brunswick UNB,university of new brunswick,university of new brunswick unb
660.0,,Ca' Foscari University of Venice,Italy,Europe,M,CO,VH,Public,27.1,462.0,21.7,609.0,10.1,,20.7,703.0,44.0,471.0,18.6,749.0,24.7,688.0,68.2,564.0,20.0,729.0,74.0,,26.5,660,660.0,660,26.5,True,ca foscari university of venice,535.0,Caâ€™ Foscari University of Venice,Italy,11178.0,20.3,0.13,"2 days, 16:36:00",45.5845,38.0,38.0,53.2,61.3,65.9,2026.0,535.0,64.0,"2 days, 16:36:00",ca foscari university of venice,fuzzy_high,98.41,True,Ca' Foscari University of Venice,Caâ€™ Foscari University of Venice,ca foscari university of venice,caa foscari university of venice
668.0,,Birla Institute of Technology and Science,India,Asia,L,CO,VH,Private not for Profit,18.0,678.0,32.6,441.0,12.4,,39.3,480.0,2.9,,4.0,,7.9,,41.8,,55.0,302.0,58.8,,26.3,668,668.0,668,26.3,True,birla institute of technology and science,818.0,"Birla Institute of Technology and Science, Pilani",India,16157.0,15.3,0.03,0.8888888888888888,38.69,29.0,20.9,66.9,46.1,28.8,2026.0,818.0,,0.8888888888888888,birla institute of technology and science pilani,fuzzy_high,92.13,True,Birla Institute of Technology and Science,"Birla Institute of Technology and Science, Pilani",birla institute of technology and science,birla institute of technology and science pilani
668.0,,Palacký University in Olomouc,Czechia,Europe,L,FO,VH,Public,21.5,576.0,19.8,665.0,36.5,550.0,14.7,,40.1,499.0,28.5,606.0,34.5,555.0,85.8,239.0,9.0,,67.5,,26.3,668,668.0,668,26.3,True,palack university in olomouc,1059.0,Palacký University Olomouc,Czechia,19564.0,14.8,0.13,"2 days, 20:32:00",34.4535,23.3,25.0,47.3,41.0,60.0,2026.0,1059.0,68.0,"2 days, 20:32:00",palack university olomouc,fuzzy_high,94.55,True,Palacký University in Olomouc,Palacký University Olomouc,palacky university in olomouc,palacky university olomouc
,,National University of Science and Technology MISiS,Russian Federation,Europe,M,FO,VH,Public,7.2,,15.5,,76.8,186.0,21.0,698.0,10.7,,67.4,294.0,70.2,268.0,43.7,,25.1,638.0,37.5,,-,721-730,721.0,721-730,,False,national university of science and technology misis,855.0,National University of Science and Technology (MISiS),Russian Federation,7305.0,12.6,0.19,"1 day, 18:58:00",37.9115,40.2,29.8,34.5,74.7,54.3,2026.0,855.0,42.0,"1 day, 18:58:00",national university of science and technology,fuzzy_high,93.75,True,National University of Science and Technology MISiS,National University of Science and Technology (MISiS),national university of science and technology misis,national university of science and technology
,,Babes-Bolyai University,Romania,Europe,XL,CO,VH,Public,21.9,569.0,34.9,410.0,8.7,,8.0,,18.9,729.0,7.1,,12.6,,83.9,278.0,35.9,477.0,65.0,,-,761-770,761.0,761-770,,False,babes bolyai university,1313.0,BabeÅŸ-Bolyai University,Romania,40388.0,18.8,0.05,"2 days, 16:36:00",30.194,20.7,18.6,48.1,32.9,39.3,2026.0,1313.0,64.0,"2 days, 16:36:00",babe bolyai university,fuzzy_high,93.62,True,Babes-Bolyai University,BabeÅŸ-Bolyai University,babes bolyai university,babeay bolyai university
,,Czech University of Life Sciences in Prague,Czechia,Europe,L,FO,VH,Public,11.6,,8.7,,13.7,,22.3,680.0,36.0,530.0,82.5,208.0,84.1,175.0,85.4,249.0,5.0,,72.5,,-,761-770,761.0,761-770,,False,czech university of life sciences in prague,765.0,Czech University of Life Sciences Prague (CZU),Czechia,17470.0,17.4,0.29,"2 days, 0:52:00",39.729,25.1,17.5,64.9,47.3,78.5,2026.0,765.0,48.0,"2 days, 0:52:00",czech university of life sciences prague,fuzzy_high,96.39,True,Czech University of Life Sciences in Prague,Czech University of Life Sciences Prague (CZU),czech university of life sciences in prague,czech university of life sciences prague
,,University of Maynooth,Ireland,Europe,L,FO,VH,Public,16.6,,13.1,,14.2,,21.0,699.0,91.2,216.0,32.2,566.0,38.0,514.0,45.1,,16.3,,52.3,,-,771-780,771.0,771-780,,False,university of maynooth,550.0,Maynooth University,Ireland,12263.0,25.7,0.15,"2 days, 9:43:00",45.1635,23.5,34.4,68.7,50.5,75.0,2026.0,550.0,57.0,"2 days, 9:43:00",maynooth university,fuzzy_high,92.68,True,University of Maynooth,Maynooth University,university of maynooth,maynooth university
,,Technological University of Dublin,Ireland,Europe,L,CO,HI,Public,17.7,690.0,22.4,594.0,18.0,,6.1,,49.8,440.0,63.7,312.0,67.3,288.0,53.7,787.0,22.6,679.0,58.7,,-,781-790,781.0,781-790,,False,technological university of dublin,1256.0,Technological University Dublin,Ireland,19364.0,17.0,0.22,"1 day, 19:57:00",31.1204999999999,17.6,14.7,48.8,54.7,64.5,2026.0,1256.0,43.0,"1 day, 19:57:00",technological university dublin,fuzzy_high,95.38,True,Technological University of Dublin,Technological University Dublin,technological university of dublin,technological university dublin
,,Universidad del Rosario,Colombia,Americas,M,FC,HI,Private not for Profit,23.8,531.0,32.7,439.0,35.1,563.0,4.4,,9.8,,5.8,,4.6,,31.2,,48.5,357.0,58.2,,-,781-790,781.0,781-790,,False,universidad del rosario,1590.0,Del Rosario University,Colombia,10119.0,12.4,0.04,"2 days, 11:41:00",25.6854999999999,21.5,16.2,32.3,30.5,49.8,2026.0,1590.0,59.0,"2 days, 11:41:00",del rosario university,fuzzy_high,100.0,True,Universidad del Rosario,Del Rosario University,universidad del rosario,del rosario university
,,"National Technical University of Ukraine ""Igor Sikorsky Kyiv Polytechnic Institute""",Ukraine,Europe,L,CO,VH,Public,18.4,663.0,49.0,261.0,38.5,527.0,2.1,,1.3,,3.0,,7.3,,22.7,,48.8,355.0,37.2,,-,801-850,801.0,801-850,,False,national technical university of ukraine igor sikorsky kyiv polytechnic institute,2029.0,National Technical University of Ukraine â€“ Igor Sikorsky Kyiv Polytechnic Institute,Ukraine,23940.0,11.1,0.02,0.9708333333333333,17.1035,21.6,10.6,16.7,24.0,22.5,2026.0,2029.0,,0.9708333333333333,national technical university of ukraine igor sikorsky kyiv polytechnic institute,fuzzy_high,98.78,True,"National Technical University of Ukraine ""Igor Sikorsky Kyiv Polytechnic Institute""",National Technical University of Ukraine â€“ Igor Sikorsky Kyiv Polytechnic Institute,national technical university of ukraine igor sikorsky kyiv polytechnic institute,national technical university of ukraine a igor sikorsky kyiv polytechnic institute
,,Universidad de San Francisco de Quito,Ecuador,Americas,M,FC,HI,Private not for Profit,25.0,510.0,18.2,,41.4,489.0,4.6,,57.2,403.0,2.9,,7.3,,32.1,,12.5,,54.8,,-,801-850,801.0,801-850,,False,universidad de san francisco de quito,1356.0,Universidad San Francisco de Quito,Ecuador,8153.0,9.0,0.04,"2 days, 2:50:00",29.3984999999999,24.0,12.1,44.2,19.3,63.7,2026.0,1356.0,50.0,"2 days, 2:50:00",universidad san francisco de quito,fuzzy_high,95.65,True,Universidad de San Francisco de Quito,Universidad San Francisco de Quito,universidad de san francisco de quito,universidad san francisco de quito
,,Zurich University of Applied Sciences (ZHAW),Switzerland,Europe,M,CO,VH,,7.2,,12.5,,81.1,164.0,5.0,,73.9,319.0,25.1,659.0,31.2,597.0,43.1,,7.4,,55.1,,-,801-850,801.0,801-850,,False,zurich university of applied sciences,1039.0,ZHAW Zurich University of Applied Sciences,Switzerland,11059.0,12.0,0.12,"2 days, 6:46:00",34.8049999999999,23.3,17.3,50.8,62.3,69.1,2026.0,1039.0,54.0,"2 days, 6:46:00",zhaw zurich university of applied sciences,fuzzy_high,93.67,True,Zurich University of Applied Sciences (ZHAW),ZHAW Zurich University of Applied Sciences,zurich university of applied sciences,zhaw zurich university of applied sciences
,,Catania University,Italy,Europe,L,FC,VH,Public,17.5,,6.2,,8.7,,35.9,517.0,15.4,798.0,8.2,,12.6,,74.4,456.0,9.4,,46.3,,-,851-900,851.0,851-900,,False,catania university,551.0,University of Catania,Italy,30470.0,20.0,0.05,"2 days, 8:44:00",45.153,31.4,22.0,78.7,59.0,47.2,2026.0,551.0,56.0,"2 days, 8:44:00",university of catania,fuzzy_high,92.31,True,Catania University,University of Catania,catania university,university of catania
,,Universidad Anahuac,Mexico,Americas,L,CO,MD,Private not for Profit,18.0,681.0,29.7,480.0,60.9,295.0,1.4,,6.2,,5.2,,9.5,,3.7,,68.7,221.0,25.3,,-,851-900,851.0,851-900,,False,universidad anahuac,2076.0,Anáhuac University,Mexico,16295.0,8.8,0.04,"2 days, 9:43:00",16.0449999999999,24.8,9.2,9.6,16.9,33.4,2026.0,2076.0,57.0,"2 days, 9:43:00",an huac university,fuzzy_high,100.0,True,Universidad Anahuac,Anáhuac University,universidad anahuac,anahuac university
,,Wroclaw University of Science and Technology (WUST),Poland,Europe,L,SP,VH,Public,15.0,,31.0,461.0,45.7,429.0,10.8,,4.7,,10.6,,15.9,,68.8,553.0,4.0,,31.2,,-,851-900,851.0,851-900,,False,wroclaw university of science and technology,1432.0,WrocÅ‚aw University of Science and Technology,Poland,21125.0,17.2,0.06,33 : 67,28.309,23.6,19.3,36.2,58.5,34.0,2026.0,1432.0,33.0,33 : 67,wroc aw university of science and technology,fuzzy_high,94.38,True,Wroclaw University of Science and Technology (WUST),WrocÅ‚aw University of Science and Technology,wroclaw university of science and technology,wroca aw university of science and technology
,,King Mongkut's University of Technology Thonburi,Thailand,Asia,L,CO,VH,Public,20.8,596.0,15.1,,17.9,,17.7,757.0,11.7,,7.1,,11.5,,45.0,,3.1,,61.5,,-,901-950,901.0,901-950,,False,king mongkut s university of technology thonburi,979.0,King Mongkutâ€™s University of Technology Thonburi,Thailand,14898.0,19.7,0.04,"1 day, 21:55:00",35.839,19.8,22.9,57.0,78.8,41.4,2026.0,979.0,45.0,"1 day, 21:55:00",king mongkut s university of technology thonburi,fuzzy_high,98.97,True,King Mongkut's University of Technology Thonburi,King Mongkutâ€™s University of Technology Thonburi,king mongkut s university of technology thonburi,king mongkuta s university of technology thonburi
,,University at Albany SUNY,United States of America,Americas,L,CO,VH,Public,10.1,,9.7,,7.3,,44.1,427.0,5.3,,10.1,,7.8,,63.2,647.0,12.8,,47.4,,-,901-950,901.0,901-950,,False,university at albany suny,610.0,SUNY University at Albany,United States of America,14843.0,15.9,0.07,"2 days, 5:47:00",43.4325,28.7,27.6,66.4,68.8,57.2,2026.0,610.0,53.0,"2 days, 5:47:00",suny university at albany,fuzzy_high,100.0,True,University at Albany SUNY,SUNY University at Albany,university at albany suny,suny university at albany
,,Escuela Superior Politécnica del Litoral - ESPOL,Ecuador,Americas,M,CO,VH,Public,22.7,552.0,21.5,612.0,32.6,593.0,5.0,,20.1,712.0,2.4,,6.7,,27.4,,12.3,,49.3,,-,951-1000,951.0,951-1000,,False,escuela superior polit cnica del litoral espol,1593.0,Escuela Superior Politécnica del Litoral,Ecuador,10308.0,8.9,0.01,39 : 61,25.6654999999999,22.4,9.7,35.8,31.3,56.7,2026.0,1593.0,39.0,39 : 61,escuela superior polit cnica del litoral,fuzzy_high,93.02,True,Escuela Superior Politécnica del Litoral - ESPOL,Escuela Superior Politécnica del Litoral,escuela superior politecnica del litoral espol,escuela superior politecnica del litoral
,,The Robert Gordon University,United Kingdom,Europe,L,CO,HI,Public,4.0,,19.4,671.0,6.7,,11.4,,78.5,303.0,84.4,199.0,85.8,170.0,34.2,,9.4,,46.9,,-,951-1000,951.0,951-1000,,False,the robert gordon university,828.0,Robert Gordon University,United Kingdom,11720.0,22.1,0.33,"2 days, 16:36:00",38.43,17.3,13.9,69.9,39.2,90.1,2026.0,828.0,64.0,"2 days, 16:36:00",robert gordon university,fuzzy_high,92.31,True,The Robert Gordon University,Robert Gordon University,the robert gordon university,robert gordon university
,,Universidad Autónoma Metropolitana (UAM),Mexico,Americas,XL,FC,HI,Public,32.5,379.0,16.0,,5.3,,4.3,,11.5,,1.5,,1.4,,47.1,,6.2,,47.7,,-,951-1000,951.0,951-1000,,False,universidad aut noma metropolitana,1790.0,Metropolitan Autonomous University,Mexico,61622.0,44.5,0.01,"2 days, 2:50:00",22.4845,21.1,24.4,19.6,30.1,28.0,2026.0,1790.0,50.0,"2 days, 2:50:00",metropolitan autonomous university,fuzzy_high,92.54,True,Universidad Autónoma Metropolitana (UAM),Metropolitan Autonomous University,universidad autonoma metropolitana,metropolitan autonomous university
,,Universidad EAFIT,Colombia,Americas,L,CO,HI,Private not for Profit,19.4,634.0,46.0,293.0,6.8,,4.1,,4.1,,1.9,,1.7,,10.8,,51.8,326.0,45.4,,-,951-1000,951.0,951-1000,,False,universidad eafit,1982.0,EAFIT University,Colombia,12722.0,19.0,0.02,"1 day, 19:57:00",18.2114999999999,17.4,11.1,18.4,21.3,46.5,2026.0,1982.0,43.0,"1 day, 19:57:00",eafit university,fuzzy_high,100.0,True,Universidad EAFIT,EAFIT University,universidad eafit,eafit university
,,University of Ha'il,Saudi Arabia,Asia,L,FC,HI,Public,8.7,,4.3,,41.1,492.0,5.0,,100.0,46.0,5.4,,9.8,,62.3,660.0,2.9,,45.6,,-,951-1000,951.0,951-1000,,False,university of ha il,767.0,University of Haâ€™il,Saudi Arabia,20652.0,10.9,0.05,"2 days, 14:38:00",39.7004999999999,22.1,12.2,75.5,26.7,79.0,2026.0,767.0,62.0,"2 days, 14:38:00",university of ha il,fuzzy_high,97.44,True,University of Ha'il,University of Haâ€™il,university of ha il,university of haa il
,,Binghamton University SUNY,United States of America,Americas,L,CO,VH,Public,10.1,,14.1,,9.3,,19.5,723.0,17.3,760.0,15.5,,21.6,739.0,26.2,,11.3,,44.8,,-,1001-1200,1001.0,1001-1200,,False,binghamton university suny,759.0,SUNY Binghamton University,United States of America,18703.0,20.2,0.09,"2 days, 4:48:00",39.8964999999999,33.2,26.9,54.7,64.6,44.1,2026.0,759.0,52.0,"2 days, 4:48:00",suny binghamton university,fuzzy_high,100.0,True,Binghamton University SUNY,SUNY Binghamton University,binghamton university suny,suny binghamton university
,,MATE Hungarian University of Agriculture and Life Sciences,Hungary,Europe,M,FO,VH,Private not for Profit,7.1,,8.0,,34.1,577.0,7.2,,4.1,,43.1,467.0,48.3,431.0,59.0,707.0,4.8,,55.4,,-,1001-1200,1001.0,1001-1200,,False,mate hungarian university of agriculture and life sciences,1220.0,Hungarian University of Agriculture and Life Sciences,Hungary,9478.0,11.0,0.16,"2 days, 11:41:00",31.824,33.2,13.2,42.0,25.3,61.2,2026.0,1220.0,59.0,"2 days, 11:41:00",hungarian university of agriculture and life sciences,fuzzy_high,95.5,True,MATE Hungarian University of Agriculture and Life Sciences,Hungarian University of Agriculture and Life Sciences,mate hungarian university of agriculture and life sciences,hungarian university of agriculture and life sciences
,,National University Lviv Polytechnic,Ukraine,Europe,L,CO,VH,Public,9.6,,26.3,518.0,38.6,525.0,2.6,,3.7,,2.1,,6.4,,20.2,,17.9,761.0,50.8,,-,1001-1200,1001.0,1001-1200,,False,national university lviv polytechnic,1849.0,Lviv Polytechnic National University,Ukraine,25087.0,12.8,0.01,"1 day, 21:55:00",21.2159999999999,20.2,12.0,29.3,23.3,27.4,2026.0,1849.0,45.0,"1 day, 21:55:00",lviv polytechnic national university,fuzzy_high,100.0,True,National University Lviv Polytechnic,Lviv Polytechnic National University,national university lviv polytechnic,lviv polytechnic national university
,,Northern Borders University,Saudi Arabia,Asia,M,FC,HI,Public,13.4,,6.4,,28.8,657.0,4.5,,100.0,42.0,16.1,797.0,12.2,,18.0,,3.0,,15.7,,-,1001-1200,1001.0,1001-1200,,False,northern borders university,911.0,Northern Border University,Saudi Arabia,7128.0,8.6,0.02,"2 days, 15:37:00",36.997,26.5,15.8,59.7,26.0,75.3,2026.0,911.0,63.0,"2 days, 15:37:00",northern border university,fuzzy_high,98.11,True,Northern Borders University,Northern Border University,northern borders university,northern border university
,,Poznan University of Life Sciences,Poland,Europe,M,FO,VH,Public,6.6,,4.1,,92.2,95.0,14.8,,1.7,,11.1,,14.5,,37.5,,4.1,,26.6,,-,1001-1200,1001.0,1001-1200,,False,poznan university of life sciences,1495.0,PoznaÅ„ University of Life Sciences,Poland,5626.0,7.7,0.08,"2 days, 11:41:00",27.3064999999999,26.5,12.8,41.0,30.3,30.2,2026.0,1495.0,59.0,"2 days, 11:41:00",pozna university of life sciences,fuzzy_high,97.06,True,Poznan University of Life Sciences,PoznaÅ„ University of Life Sciences,poznan university of life sciences,poznaa university of life sciences
,,Sebelas Maret University,Indonesia,Asia,XL,FC,HI,Public,21.2,586.0,21.4,616.0,25.2,730.0,2.5,,33.3,550.0,11.2,,16.9,,20.5,,2.8,,50.8,,-,1001-1200,1001.0,1001-1200,,False,sebelas maret university,1202.0,Universitas Sebelas Maret,Indonesia,27604.0,16.7,0.03,"2 days, 17:35:00",32.089,25.1,23.8,42.2,51.0,41.1,2026.0,1202.0,65.0,"2 days, 17:35:00",universitas sebelas maret,fuzzy_high,93.88,True,Sebelas Maret University,Universitas Sebelas Maret,sebelas maret university,universitas sebelas maret
,,Southwest University,China (Mainland),Asia,XL,CO,VH,Public,3.2,,3.5,,12.0,,45.1,414.0,1.5,,5.3,,4.2,,51.4,,16.5,798.0,37.9,,-,1001-1200,1001.0,1001-1200,,False,southwest university,292.0,Southeast University,China (Mainland),43942.0,13.4,0.04,35 : 65,54.6924999999999,39.3,46.3,73.7,99.8,47.6,2026.0,292.0,35.0,35 : 65,southeast university,fuzzy_high,95.0,True,Southwest University,Southeast University,southwest university,southeast university
,,Technical University of Ostrava,Czechia,Europe,M,FO,VH,Public,7.7,,21.5,614.0,28.9,653.0,10.3,,15.2,,41.1,482.0,45.1,463.0,56.9,738.0,5.0,,46.5,,-,1001-1200,1001.0,1001-1200,,False,technical university of ostrava,1252.0,VSB - Technical University of Ostrava,Czechia,12121.0,16.2,0.15,33 : 67,31.258,25.6,20.9,38.5,48.5,55.4,2026.0,1252.0,33.0,33 : 67,vsb technical university of ostrava,fuzzy_high,93.94,True,Technical University of Ostrava,VSB - Technical University of Ostrava,technical university of ostrava,vsb technical university of ostrava
,,Universidad Austral de Chile,Chile,Americas,L,FC,HI,Private not for Profit,19.3,638.0,15.4,,4.1,,14.3,,20.5,703.0,2.5,,6.8,,45.8,,4.8,,44.0,,-,1001-1200,1001.0,1001-1200,,False,universidad austral de chile,1705.0,Austral University of Chile,Chile,18781.0,19.1,0.01,"2 days, 7:45:00",23.952,15.6,17.2,29.2,41.8,52.4,2026.0,1705.0,55.0,"2 days, 7:45:00",austral university of chile,fuzzy_high,92.59,True,Universidad Austral de Chile,Austral University of Chile,universidad austral de chile,austral university of chile
,,Universidad Diego Portales,Chile,Americas,L,FO,VH,Private not for Profit,19.0,647.0,25.8,526.0,11.9,,5.5,,17.5,758.0,6.3,,4.9,,37.1,,8.8,,36.4,,-,1001-1200,1001.0,1001-1200,,False,universidad diego portales,1306.0,Diego Portales University,Chile,18505.0,17.1,0.03,"2 days, 2:50:00",30.333,16.1,12.2,57.4,19.2,54.1,2026.0,1306.0,50.0,"2 days, 2:50:00",diego portales university,fuzzy_high,100.0,True,Universidad Diego Portales,Diego Portales University,universidad diego portales,diego portales university
,,Universidad ICESI,Colombia,Americas,M,FO,HI,Private not for Profit,7.8,,8.8,,87.6,114.0,2.4,,5.1,,5.2,,9.3,,7.4,,12.9,,15.9,,-,1001-1200,1001.0,1001-1200,,False,universidad icesi,1285.0,Icesi University,Colombia,5974.0,11.9,0.03,"2 days, 4:48:00",30.5884999999999,20.3,12.1,57.0,21.4,41.8,2026.0,1285.0,52.0,"2 days, 4:48:00",icesi university,fuzzy_high,100.0,True,Universidad ICESI,Icesi University,universidad icesi,icesi university
,,Universidad Técnica Federico Santa María,Chile,Americas,L,FO,VH,Private not for Profit,13.3,,37.5,374.0,4.7,,8.3,,19.0,728.0,1.8,,1.6,,46.3,,17.7,767.0,42.7,,-,1001-1200,1001.0,1001-1200,,False,universidad t cnica federico santa mar a,1731.0,Federico Santa María Technical University,Chile,19907.0,27.1,0.02,26 : 74,23.5815,14.5,12.9,33.0,40.7,53.8,2026.0,1731.0,26.0,26 : 74,federico santa mar a technical university,fuzzy_high,97.5,True,Universidad Técnica Federico Santa María,Federico Santa María Technical University,universidad tecnica federico santa maria,federico santa maria technical university
,,University of Texas Arlington,United States of America,Americas,XL,CO,VH,Public,7.0,,9.2,,6.6,,16.4,776.0,12.7,,39.7,492.0,45.2,460.0,57.7,722.0,14.9,,64.5,,-,1001-1200,1001.0,1001-1200,,False,university of texas arlington,779.0,University of Texas at Arlington,United States of America,38017.0,32.3,0.16,"2 days, 12:40:00",39.556,25.0,23.0,62.2,65.9,56.2,2026.0,779.0,60.0,"2 days, 12:40:00",university of texas at arlington,fuzzy_high,95.08,True,University of Texas Arlington,University of Texas at Arlington,university of texas arlington,university of texas at arlington
,,University of Texas at San Antonio,United States of America,Americas,L,FC,HI,Public,6.7,,6.0,,5.8,,30.6,581.0,14.1,,4.6,,3.7,,59.9,694.0,8.0,,44.5,,-,1001-1200,1001.0,1001-1200,,False,university of texas at san antonio,705.0,The University of Texas at San Antonio,United States of America,27369.0,24.2,0.03,"2 days, 5:47:00",41.4225,21.9,23.4,75.7,60.9,40.4,2026.0,705.0,53.0,"2 days, 5:47:00",the university of texas at san antonio,fuzzy_high,94.44,True,University of Texas at San Antonio,The University of Texas at San Antonio,university of texas at san antonio,the university of texas at san antonio
,,Xi'an Jiaotong-Liverpool University,China (Mainland),Asia,L,CO,HI,Private not for Profit,5.9,,5.4,,8.1,,12.0,,95.2,177.0,5.2,,10.2,,45.9,,1.3,,44.0,,-,1001-1200,1001.0,1001-1200,,False,xi an jiaotong liverpool university,754.0,Xiâ€™an Jiaotong-Liverpool University,China (Mainland),21448.0,18.3,0.03,"2 days, 4:48:00",40.0455,21.2,17.6,71.3,40.5,75.7,2026.0,754.0,52.0,"2 days, 4:48:00",xi an jiaotong liverpool university,fuzzy_high,98.59,True,Xi'an Jiaotong-Liverpool University,Xiâ€™an Jiaotong-Liverpool University,xi an jiaotong liverpool university,xia an jiaotong liverpool university
,,British University in Egypt,Egypt,Africa,M,FO,VH,Private for Profit,8.4,,10.8,,36.7,549.0,4.6,,1.8,,6.1,,10.1,,18.4,,3.0,,20.6,,-,1201-1400,1201.0,1201-1400,,False,british university in egypt,1461.0,The British University in Egypt,Egypt,11180.0,21.8,0.04,"2 days, 3:49:00",27.9044999999999,16.7,12.1,53.0,19.1,37.4,2026.0,1461.0,51.0,"2 days, 3:49:00",the british university in egypt,fuzzy_high,93.1,True,British University in Egypt,The British University in Egypt,british university in egypt,the british university in egypt
,,Odessa I.I.Mechnikov National University,Ukraine,Europe,M,FO,HI,Public,3.9,,6.3,,70.5,224.0,1.6,,2.2,,6.1,,10.1,,12.9,,16.8,790.0,15.5,,-,1201-1400,1201.0,1201-1400,,False,odessa i i mechnikov national university,2109.0,Odesa I.I. Mechnikov National University,Ukraine,5839.0,7.8,0.03,"2 days, 17:35:00",15.1165,24.7,9.1,8.5,16.9,26.2,2026.0,2109.0,65.0,"2 days, 17:35:00",odesa i i mechnikov national university,fuzzy_high,98.73,True,Odessa I.I.Mechnikov National University,Odesa I.I. Mechnikov National University,odessa i i mechnikov national university,odesa i i mechnikov national university
,,"The ""Gheorghe Asachi"" Technical University of Iasi",Romania,Europe,L,SP,VH,Public,6.5,,14.5,,3.8,,10.0,,,,8.6,,6.6,,49.3,,5.3,,22.7,,-,1201-1400,1201.0,1201-1400,,False,the gheorghe asachi technical university of iasi,1958.0,Gheorghe Asachi Technical University of IaÅŸi,Romania,13126.0,22.4,0.13,30 : 70,18.653,18.2,10.2,21.5,33.9,33.6,2026.0,1958.0,30.0,30 : 70,gheorghe asachi technical university of ia i,fuzzy_high,92.47,True,"The ""Gheorghe Asachi"" Technical University of Iasi",Gheorghe Asachi Technical University of IaÅŸi,the gheorghe asachi technical university of iasi,gheorghe asachi technical university of iaayi
,,The Russian Presidential Academy of National Economy and Public Administration,Russian Federation,Europe,XL,FO,VH,Public,5.6,,14.9,,48.4,401.0,1.2,,2.1,,4.6,,9.3,,21.8,,53.7,312.0,14.3,,-,1201-1400,1201.0,1201-1400,,False,the russian presidential academy of national economy and public administration,1766.0,Russian Presidential Academy of National Economy and Public Administration,Russian Federation,21295.0,17.1,0.04,"2 days, 18:34:00",22.8874999999999,23.9,22.5,21.3,27.3,24.4,2026.0,1766.0,66.0,"2 days, 18:34:00",russian presidential academy of national economy and public administration,fuzzy_high,97.37,True,The Russian Presidential Academy of National Economy and Public Administration,Russian Presidential Academy of National Economy and Public Administration,the russian presidential academy of national economy and public administration,russian presidential academy of national economy and public administration
,,The University of Northampton,United Kingdom,Europe,L,CO,MD,Public,3.4,,3.9,,6.4,,4.4,,51.5,431.0,93.4,140.0,93.9,116.0,16.8,,5.9,,19.0,,-,1201-1400,1201.0,1201-1400,,False,the university of northampton,1527.0,University of Northampton,United Kingdom,14775.0,21.7,0.46,"2 days, 15:37:00",26.83,16.1,11.0,40.4,18.7,80.3,2026.0,1527.0,63.0,"2 days, 15:37:00",university of northampton,fuzzy_high,92.59,True,The University of Northampton,University of Northampton,the university of northampton,university of northampton
,,UCAM Universidad Católica San Antonio de Murcia,Spain,Europe,L,FO,VH,,9.6,,5.6,,9.9,,7.5,,14.6,,43.8,460.0,49.0,425.0,23.9,,1.8,,41.4,,-,1201-1400,1201.0,1201-1400,,False,ucam universidad cat lica san antonio de murcia,1494.0,Universidad Católica San Antonio de Murcia (UCAM),Spain,12966.0,20.1,0.18,"2 days, 8:44:00",27.3155,19.1,18.2,35.1,39.2,57.4,2026.0,1494.0,56.0,"2 days, 8:44:00",universidad cat lica san antonio de murcia,fuzzy_high,94.25,True,UCAM Universidad Católica San Antonio de Murcia,Universidad Católica San Antonio de Murcia (UCAM),ucam universidad catolica san antonio de murcia,universidad catolica san antonio de murcia
,,Universidad Nacional Costa Rica,Costa Rica,Americas,L,CO,MD,Public,13.5,,18.4,698.0,17.5,,2.2,,13.1,,4.1,,3.3,,16.8,,11.4,,23.3,,-,1201-1400,1201.0,1201-1400,,False,universidad nacional costa rica,2071.0,National University of Costa Rica,Costa Rica,19328.0,10.4,0.03,"2 days, 8:44:00",16.1564999999999,21.6,9.2,10.1,17.6,45.1,2026.0,2071.0,56.0,"2 days, 8:44:00",national university of costa rica,fuzzy_high,92.06,True,Universidad Nacional Costa Rica,National University of Costa Rica,universidad nacional costa rica,national university of costa rica
,,Université Ibn Tofail,Morocco,Africa,XL,CO,HI,Public,14.6,,3.1,,1.5,,12.0,,27.0,624.0,4.2,,9.1,,28.6,,5.0,,36.8,,-,1201-1400,1201.0,1201-1400,,False,universit ibn tofail,1236.0,Ibn Tofaïl University,Morocco,60057.0,73.1,0.03,"2 days, 10:42:00",31.569,26.6,22.2,47.8,22.6,27.2,2026.0,1236.0,58.0,"2 days, 10:42:00",ibn tofa l university,fuzzy_high,100.0,True,Université Ibn Tofail,Ibn Tofaïl University,universite ibn tofail,ibn tofail university
,,Université Jean Moulin Lyon 3,France,Europe,L,SP,VH,Public,11.2,,11.4,,2.4,,4.3,,27.0,626.0,44.1,456.0,49.2,421.0,11.8,,5.9,,25.4,,-,1201-1400,1201.0,1201-1400,,False,universit jean moulin lyon 3,1948.0,Jean Moulin University â€“ Lyon 3,France,27662.0,38.2,0.21,"2 days, 18:34:00",18.852,15.0,13.7,16.0,29.6,59.6,2026.0,1948.0,66.0,"2 days, 18:34:00",jean moulin university lyon 3,fuzzy_high,96.67,True,Université Jean Moulin Lyon 3,Jean Moulin University â€“ Lyon 3,universite jean moulin lyon 3,jean moulin university a lyon 3
,,Université Paris-Nanterre,France,Europe,XL,FO,VH,Public,14.6,,4.7,,4.7,,4.0,,11.7,,2.1,,1.8,,60.0,692.0,44.3,398.0,39.8,,-,1201-1400,1201.0,1201-1400,,False,universit paris nanterre,1626.0,Paris Nanterre University,France,30986.0,20.1,0.16,"2 days, 17:35:00",25.297,21.5,16.6,27.0,35.7,61.5,2026.0,1626.0,65.0,"2 days, 17:35:00",paris nanterre university,fuzzy_high,100.0,True,Université Paris-Nanterre,Paris Nanterre University,universite paris nanterre,paris nanterre university
,,University of Texas El Paso,United States of America,Americas,L,CO,VH,Public,6.8,,3.7,,7.6,,21.5,690.0,13.9,,10.1,,7.8,,61.6,669.0,9.1,,41.5,,-,1201-1400,1201.0,1201-1400,,False,university of texas el paso,1048.0,University of Texas at El Paso,United States of America,17147.0,21.7,0.06,"2 days, 7:45:00",34.6284999999999,28.0,30.2,41.7,43.7,44.7,2026.0,1048.0,55.0,"2 days, 7:45:00",university of texas at el paso,fuzzy_high,94.74,True,University of Texas El Paso,University of Texas at El Paso,university of texas el paso,university of texas at el paso
,,University POLITEHNICA of Bucharest,Romania,Europe,L,FO,VH,Public,6.3,,20.8,630.0,4.9,,14.6,,1.7,,4.7,,3.7,,61.4,672.0,9.4,,22.8,,-,1201-1400,1201.0,1201-1400,,False,university politehnica of bucharest,1867.0,Polytechnic University of Bucharest,Romania,37048.0,22.3,0.01,"1 day, 17:59:00",20.7425,18.7,9.7,30.5,39.2,22.6,2026.0,1867.0,41.0,"1 day, 17:59:00",polytechnic university of bucharest,fuzzy_high,94.29,True,University POLITEHNICA of Bucharest,Polytechnic University of Bucharest,university politehnica of bucharest,polytechnic university of bucharest
,,West University of Timisoara,Romania,Europe,L,CO,HI,Public,13.7,,17.0,,7.4,,5.5,,2.0,,10.6,,14.8,,29.8,,32.8,518.0,42.2,,-,1201-1400,1201.0,1201-1400,,False,west university of timisoara,1519.0,West University of TimiÅŸoara,Romania,14808.0,19.6,0.06,"2 days, 18:34:00",27.034,22.7,13.3,43.7,19.2,34.7,2026.0,1519.0,66.0,"2 days, 18:34:00",west university of timi oara,fuzzy_high,94.74,True,West University of Timisoara,West University of TimiÅŸoara,west university of timisoara,west university of timiayoara
,,American International University-Bangladesh (AIUB),Bangladesh,Asia,M,FO,VH,Private not for Profit,8.3,,8.5,,9.0,,4.4,,5.4,,17.7,770.0,18.5,788.0,7.9,,4.6,,30.3,,-,1401+,1401.0,1401+,,False,american international university bangladesh,1465.0,American International University â€“ Bangladesh,Bangladesh,13515.0,21.8,0.02,26 : 74,27.875,11.9,9.2,59.1,25.1,39.5,2026.0,1465.0,26.0,26 : 74,american international university bangladesh,fuzzy_high,97.78,True,American International University-Bangladesh (AIUB),American International University â€“ Bangladesh,american international university bangladesh,american international university a bangladesh
,,Atma Jaya Catholic University Indonesia,Indonesia,Asia,M,FO,HI,Private for Profit,11.1,,10.7,,10.5,,2.0,,9.8,,1.7,,6.1,,7.4,,22.6,678.0,30.2,,-,1401+,1401.0,1401+,,False,atma jaya catholic university indonesia,1923.0,Atma Jaya Catholic University of Indonesia,Indonesia,7908.0,17.6,0.07,"1 day, 22:54:00",19.389,18.0,12.7,19.5,22.9,48.4,2026.0,1923.0,46.0,"1 day, 22:54:00",atma jaya catholic university of indonesia,fuzzy_high,96.3,True,Atma Jaya Catholic University Indonesia,Atma Jaya Catholic University of Indonesia,atma jaya catholic university indonesia,atma jaya catholic university of indonesia
,,State University Malang (Universitas Negeri Malang),Indonesia,Asia,XL,FO,VH,Public,10.5,,4.9,,9.9,,2.9,,23.4,670.0,1.6,,6.1,,13.0,,7.3,,34.1,,-,1401+,1401.0,1401+,,False,state university malang,1719.0,State University of Malang,Indonesia,37201.0,26.4,0.04,"2 days, 7:45:00",23.778,21.1,11.5,34.5,26.4,37.5,2026.0,1719.0,55.0,"2 days, 7:45:00",state university of malang,fuzzy_high,93.88,True,State University Malang (Universitas Negeri Malang),State University of Malang,state university malang,state university of malang
13.0,21.0,University of Chicago,United States of America,Americas,L,FC,VH,Private not for Profit,99.8,17.0,99.3,21.0,97.3,62.0,78.1,164.0,86.1,254.0,92.8,148.0,69.1,275.0,87.7,207.0,99.8,16.0,73.3,,93,13,13.0,13,93.0,True,university of chicago,15.0,The University of Chicago,United States of America,16509.0,5.9,0.39,"1 day, 23:53:00",90.6345,89.6,90.1,96.8,76.4,79.7,2026.0,15.0,47.0,"1 day, 23:53:00",the university of chicago,manual_review_approved,91.3,True,University of Chicago,The University of Chicago,university of chicago,the university of chicago
65.0,65.0,The University of Auckland,New Zealand,Oceania,XL,FC,VH,Public,91.7,63.0,55.2,220.0,17.6,,79.1,162.0,100.0,83.0,95.5,122.0,95.8,104.0,88.8,194.0,96.9,61.0,95.7,17.0,77.5,65,65.0,65,77.5,True,the university of auckland,158.0,University of Auckland,New Zealand,33639.0,23.3,0.33,"2 days, 7:45:00",61.428,40.4,46.8,85.7,92.2,87.2,2026.0,158.0,55.0,"2 days, 7:45:00",university of auckland,manual_review_approved,91.67,True,The University of Auckland,University of Auckland,the university of auckland,university of auckland
74.0,69.0,The University of Warwick,United Kingdom,Europe,L,FC,VH,Public,82.7,85.0,93.0,60.0,48.3,402.0,43.6,432.0,99.5,111.0,99.2,60.0,99.3,49.0,93.8,101.0,75.3,182.0,84.6,,75.2,74,74.0,74,75.2,True,the university of warwick,123.0,University of Warwick,United Kingdom,26515.0,13.2,0.44,"2 days, 2:50:00",64.1125,48.1,49.3,85.6,69.4,95.6,2026.0,123.0,50.0,"2 days, 2:50:00",university of warwick,manual_review_approved,91.3,True,The University of Warwick,University of Warwick,the university of warwick,university of warwick
173.0,139.0,Universidad de Chile,Chile,Americas,XL,FC,VH,Public,91.9,61.0,92.0,63.0,10.9,,18.2,747.0,12.2,,8.1,,13.1,,77.9,384.0,97.6,50.0,69.5,,59.1,173,173.0,173,59.1,True,universidad de chile,1058.0,University of Chile,Chile,42010.0,17.3,0.03,"2 days, 1:51:00",34.5295,26.6,21.5,48.3,56.5,49.3,2026.0,1058.0,49.0,"2 days, 1:51:00",university of chile,manual_review_approved,89.47,True,Universidad de Chile,University of Chile,universidad de chile,university of chile
257.0,283.0,Université Paris 1 Panthéon-Sorbonne,France,Europe,XL,FO,VH,Public,78.0,103.0,62.2,180.0,6.8,,4.8,,39.0,508.0,61.2,333.0,65.0,304.0,70.8,513.0,84.3,139.0,61.8,,49.7,257,257.0,257,49.7,True,universit paris 1 panth on sorbonne,830.0,PanthÃ©on-Sorbonne University â€“ Paris 1,France,36234.0,29.2,0.21,"2 days, 16:36:00",38.3325,36.9,34.0,38.0,35.8,63.4,2026.0,830.0,64.0,"2 days, 16:36:00",panth on sorbonne university paris 1,manual_review_approved,88.0,True,Université Paris 1 Panthéon-Sorbonne,PanthÃ©on-Sorbonne University â€“ Paris 1,universite paris 1 pantheon sorbonne,pantha on sorbonne university a paris 1
301.0,285.0,Universidad Carlos III de Madrid,Spain,Europe,L,FO,VH,Public,45.2,260.0,65.3,162.0,50.5,376.0,8.1,,73.8,321.0,75.2,254.0,56.0,365.0,67.8,572.0,26.3,618.0,77.3,,45.4,301,301.0,301,45.4,True,universidad carlos iii de madrid,912.0,Carlos III University of Madrid,Spain,18403.0,10.9,0.18,"2 days, 0:52:00",36.983,32.6,21.7,45.7,66.7,62.6,2026.0,912.0,48.0,"2 days, 0:52:00",carlos iii university of madrid,manual_review_approved,90.32,True,Universidad Carlos III de Madrid,Carlos III University of Madrid,universidad carlos iii de madrid,carlos iii university of madrid
324.0,368.0,University of Jordan,Jordan,Asia,XL,FC,HI,Public,47.9,239.0,59.8,194.0,28.9,656.0,7.3,,33.8,545.0,64.5,309.0,68.0,285.0,69.2,543.0,90.1,105.0,64.1,,43,324,324.0,324,43.0,True,university of jordan,639.0,The University of Jordan,Jordan,23745.0,12.2,0.26,"2 days, 15:37:00",42.6115,32.0,19.5,67.2,41.6,75.9,2026.0,639.0,63.0,"2 days, 15:37:00",the university of jordan,manual_review_approved,90.91,True,University of Jordan,The University of Jordan,university of jordan,the university of jordan
345.0,359.0,Pontificia Universidad Católica del Perú (PUCP),Peru,Americas,L,FO,VH,Private not for Profit,63.1,161.0,66.7,158.0,50.0,384.0,2.3,,4.2,,1.9,,6.4,,44.4,,50.6,338.0,59.7,,41.7,345,345.0,345,41.7,True,pontificia universidad cat lica del per,1687.0,Pontifical Catholic University of Peru,Peru,26939.0,6.4,0.01,"1 day, 23:53:00",24.268,26.1,10.8,30.9,24.1,42.7,2026.0,1687.0,47.0,"1 day, 23:53:00",pontifical catholic university of peru,manual_review_approved,88.31,True,Pontificia Universidad Católica del Perú (PUCP),Pontifical Catholic University of Peru,pontificia universidad catolica del peru,pontifical catholic university of peru
371.0,353.0,National University of Sciences And Technology (NUST) Islamabad,Pakistan,Asia,L,FC,VH,Public,29.3,421.0,76.3,121.0,66.7,259.0,32.3,559.0,5.7,,5.0,,9.3,,76.6,411.0,3.4,,63.3,435.0,40.3,371,371.0,371,40.3,True,national university of sciences and technology islamabad,618.0,National University of Sciences and Technology,Pakistan,12468.0,12.0,0.05,38 : 62,43.253,23.6,23.8,75.3,64.6,56.2,2026.0,618.0,38.0,38 : 62,national university of sciences and technology,manual_review_approved,90.2,True,National University of Sciences And Technology (NUST) Islamabad,National University of Sciences and Technology,national university of sciences and technology islamabad,national university of sciences and technology
410.0,466.0,University at Buffalo SUNY,United States of America,Americas,L,FC,VH,Public,26.3,482.0,19.1,683.0,10.7,,53.0,354.0,51.5,430.0,52.5,393.0,57.0,358.0,74.1,462.0,43.7,405.0,82.7,,36.7,410,410.0,410,36.7,True,university at buffalo suny,317.0,University at Buffalo,United States of America,27152.0,16.4,0.16,"1 day, 23:53:00",53.4169999999999,42.3,34.5,75.4,73.4,71.7,2026.0,317.0,47.0,"1 day, 23:53:00",university at buffalo,manual_review_approved,89.36,True,University at Buffalo SUNY,University at Buffalo,university at buffalo suny,university at buffalo
452.0,501.0,Johannes Gutenberg Universität Mainz,Germany,Europe,L,FO,VH,Public,32.5,378.0,19.8,667.0,70.5,225.0,18.1,750.0,51.3,433.0,26.4,641.0,32.4,584.0,87.5,209.0,18.1,756.0,52.2,,34.2,452,452.0,452,34.2,True,johannes gutenberg universit t mainz,342.0,Johannes Gutenberg University of Mainz,Germany,29586.0,11.4,0.11,"2 days, 11:41:00",52.0765,38.9,27.1,83.0,72.3,66.0,2026.0,342.0,59.0,"2 days, 11:41:00",johannes gutenberg university of mainz,manual_review_approved,91.89,True,Johannes Gutenberg Universität Mainz,Johannes Gutenberg University of Mainz,johannes gutenberg universitat mainz,johannes gutenberg university of mainz
494.0,535.0,Université de Bordeaux,France,Europe,XL,FO,VH,Public,43.2,274.0,10.0,,13.5,,28.1,605.0,31.7,566.0,35.2,539.0,40.9,498.0,93.5,113.0,25.3,635.0,56.5,,32.5,494,494.0,494,32.5,True,universit de bordeaux,472.0,University of Bordeaux,France,51535.0,21.0,0.15,"2 days, 12:40:00",47.1329999999999,36.8,28.0,68.6,68.3,64.6,2026.0,472.0,60.0,"2 days, 12:40:00",university of bordeaux,manual_review_approved,90.91,True,Université de Bordeaux,University of Bordeaux,universite de bordeaux,university of bordeaux
499.0,497.0,Universidad de Costa Rica,Costa Rica,Americas,XL,CO,HI,Public,46.4,253.0,31.6,453.0,44.4,445.0,2.5,,3.0,,3.4,,2.8,,46.1,,86.1,130.0,53.7,,32.2,499,499.0,499,32.2,True,universidad de costa rica,1728.0,University of Costa Rica,Costa Rica,30813.0,14.6,0.02,"2 days, 4:48:00",23.6414999999999,20.9,10.2,33.9,23.2,45.6,2026.0,1728.0,52.0,"2 days, 4:48:00",university of costa rica,manual_review_approved,91.67,True,Universidad de Costa Rica,University of Costa Rica,universidad de costa rica,university of costa rica
525.0,587.0,The University of Georgia,United States of America,Americas,XL,FC,VH,Public,27.9,452.0,36.7,388.0,14.0,,33.0,552.0,11.1,,8.8,,6.8,,85.0,254.0,35.8,478.0,65.9,,31.1,525,525.0,525,31.1,True,the university of georgia,391.0,University of Georgia (USA),United States of America,38946.0,15.4,0.07,"2 days, 11:41:00",50.126,41.5,38.3,67.4,66.6,51.9,2026.0,391.0,59.0,"2 days, 11:41:00",university of georgia,manual_review_approved,91.3,True,The University of Georgia,University of Georgia (USA),the university of georgia,university of georgia
542.0,587.0,Universiti Teknologi MARA - UiTM,Malaysia,Asia,XL,FC,VH,Public,44.5,267.0,48.8,265.0,26.3,709.0,5.6,,2.5,,3.4,,7.7,,74.3,458.0,4.9,,55.4,,30.3,542,542.0,542,30.3,True,universiti teknologi mara uitm,1613.0,Universiti Teknologi MARA,Malaysia,60349.0,16.3,0.02,"2 days, 18:34:00",25.4779999999999,21.2,17.1,33.9,46.5,29.8,2026.0,1613.0,66.0,"2 days, 18:34:00",universiti teknologi mara,manual_review_approved,90.91,True,Universiti Teknologi MARA - UiTM,Universiti Teknologi MARA,universiti teknologi mara uitm,universiti teknologi mara
546.0,554.0,Universität Ulm,Germany,Europe,M,FO,VH,Public,10.9,,10.2,,83.9,147.0,43.8,430.0,47.5,450.0,30.8,582.0,23.1,718.0,67.2,585.0,3.4,,38.7,,30.2,546,546.0,546,30.2,True,universit t ulm,284.0,Ulm University,Germany,10101.0,16.2,0.14,"2 days, 5:47:00",55.0804999999999,42.3,31.6,83.1,91.2,64.8,2026.0,284.0,53.0,"2 days, 5:47:00",ulm university,manual_review_approved,89.66,True,Universität Ulm,Ulm University,universitat ulm,ulm university
609.0,559.0,University of Ulster,United Kingdom,Europe,L,CO,VH,Public,12.6,,19.8,664.0,11.4,,19.0,731.0,100.0,94.0,90.1,166.0,90.9,141.0,71.5,508.0,10.1,,75.6,227.0,27.9,609,609.0,609,27.9,True,university of ulster,650.0,Ulster University,United Kingdom,24440.0,23.3,0.29,"2 days, 7:45:00",42.345,22.8,22.8,65.7,54.3,95.0,2026.0,650.0,55.0,"2 days, 7:45:00",ulster university,manual_review_approved,91.89,True,University of Ulster,Ulster University,university of ulster,ulster university
613.0,,Universidad de Concepción,Chile,Americas,L,FC,HI,Private not for Profit,36.8,325.0,34.0,422.0,20.2,,12.3,,14.5,,2.6,,6.9,,64.1,634.0,16.9,786.0,69.5,,27.8,613,613.0,613,27.8,True,universidad de concepci n,1380.0,University of Concepción,Chile,29870.0,17.0,0.02,"2 days, 4:48:00",28.9305,19.3,18.1,40.9,47.7,50.8,2026.0,1380.0,52.0,"2 days, 4:48:00",university of concepci n,manual_review_approved,91.67,True,Universidad de Concepción,University of Concepción,universidad de concepcion,university of concepcion
638.0,544.0,Universidad de Zaragoza,Spain,Europe,L,FC,VH,Public,29.7,413.0,9.9,,54.6,346.0,15.6,792.0,2.3,,10.2,,16.0,,89.2,185.0,14.8,,69.7,319.0,27.1,638,638.0,638,27.1,True,universidad de zaragoza,1031.0,University of Zaragoza,Spain,27923.0,11.2,0.08,"2 days, 6:46:00",34.9115,29.0,20.6,47.9,71.0,42.3,2026.0,1031.0,54.0,"2 days, 6:46:00",university of zaragoza,manual_review_approved,90.91,True,Universidad de Zaragoza,University of Zaragoza,universidad de zaragoza,university of zaragoza
650.0,,Paris Lodron University of Salzburg,Austria,Europe,M,CO,VH,Public,13.3,,4.8,,38.7,524.0,11.6,,98.4,137.0,98.1,86.0,98.2,74.0,59.1,705.0,23.7,661.0,62.2,,26.7,650,650.0,650,26.7,True,paris lodron university of salzburg,740.0,Paris Lodron Universität Salzburg,Austria,6302.0,8.5,0.4,"2 days, 20:32:00",40.282,32.3,21.8,51.8,49.6,92.1,2026.0,740.0,68.0,"2 days, 20:32:00",paris lodron universit t salzburg,manual_review_approved,91.18,True,Paris Lodron University of Salzburg,Paris Lodron Universität Salzburg,paris lodron university of salzburg,paris lodron universitat salzburg
697.0,,Kazakh National Agrarian University,Kazakhstan,Asia,M,SP,MD,Public,22.8,550.0,27.7,499.0,92.6,91.0,1.4,,26.2,634.0,39.2,499.0,35.2,550.0,7.7,,4.3,,38.7,,25.1,697,697.0,697,25.1,True,kazakh national agrarian university,2005.0,Kazakh National Agrarian Research University,Kazakhstan,6042.0,11.3,0.06,"2 days, 2:50:00",17.6974999999999,23.7,8.3,15.9,16.6,38.2,2026.0,2005.0,50.0,"2 days, 2:50:00",kazakh national agrarian research university,manual_review_approved,88.61,True,Kazakh National Agrarian University,Kazakh National Agrarian Research University,kazakh national agrarian university,kazakh national agrarian research university
697.0,,Universidad de Alcalá,Spain,Europe,L,FC,VH,Public,13.8,,10.2,,72.5,212.0,10.8,,11.8,,50.9,403.0,55.6,369.0,79.4,361.0,11.8,,72.1,,25.1,697,697.0,697,25.1,True,universidad de alcal,958.0,University of Alcalá,Spain,16459.0,10.1,0.22,"2 days, 19:33:00",36.2159999999999,29.2,17.0,54.3,47.8,59.6,2026.0,958.0,67.0,"2 days, 19:33:00",university of alcal,manual_review_approved,90.0,True,Universidad de Alcalá,University of Alcalá,universidad de alcala,university of alcala
,,Université de Rennes 1,France,Europe,L,FO,VH,Public,21.3,581.0,11.0,,15.6,,36.7,510.0,15.9,781.0,19.0,745.0,14.4,,86.9,218.0,9.8,,49.4,,-,711-720,711.0,711-720,,False,universit de rennes 1,788.0,University of Rennes 1,France,29025.0,19.3,0.12,"2 days, 7:45:00",39.4034999999999,34.3,20.0,53.4,70.0,62.2,2026.0,788.0,55.0,"2 days, 7:45:00",university of rennes 1,manual_review_approved,90.91,True,Université de Rennes 1,University of Rennes 1,universite de rennes 1,university of rennes 1
,,Université de Tunis El Manar,Tunisia,Africa,L,FC,VH,Public,15.8,,6.2,,39.9,508.0,9.2,,61.9,376.0,16.7,787.0,19.9,764.0,82.5,301.0,61.3,259.0,56.7,,-,731-740,731.0,731-740,,False,universit de tunis el manar,835.0,University of Tunis El Manar,Tunisia,16341.0,8.1,0.1,"3 days, 3:25:00",38.1955,45.7,27.2,32.9,70.4,55.2,2026.0,835.0,75.0,"3 days, 3:25:00",university of tunis el manar,manual_review_approved,89.29,True,Université de Tunis El Manar,University of Tunis El Manar,universite de tunis el manar,university of tunis el manar
,,Adam Mickiewicz University,Poland,Europe,L,CO,VH,Public,24.1,528.0,12.3,,45.7,427.0,8.8,,10.9,,15.6,,21.7,737.0,88.7,196.0,15.8,,63.6,431.0,-,741-750,741.0,741-750,,False,adam mickiewicz university,1119.0,"Adam Mickiewicz University, PoznaÅ„",Poland,30005.0,23.1,0.07,"2 days, 20:32:00",33.3769999999999,20.6,30.7,46.8,37.3,38.2,2026.0,1119.0,68.0,"2 days, 20:32:00",adam mickiewicz university pozna,manual_review_approved,88.14,True,Adam Mickiewicz University,"Adam Mickiewicz University, PoznaÅ„",adam mickiewicz university,adam mickiewicz university poznaa
,,Universidad de Alicante,Spain,Europe,L,FC,VH,Public,21.1,589.0,11.5,,36.0,556.0,14.2,,11.5,,21.4,704.0,27.5,644.0,79.3,362.0,10.4,,70.9,,-,781-790,781.0,781-790,,False,universidad de alicante,1085.0,University of Alicante,Spain,21841.0,13.4,0.09,"2 days, 11:41:00",34.0315,27.6,21.2,47.9,56.1,41.7,2026.0,1085.0,59.0,"2 days, 11:41:00",university of alicante,manual_review_approved,90.91,True,Universidad de Alicante,University of Alicante,universidad de alicante,university of alicante
,,Universidad de Antioquia,Colombia,Americas,XL,FO,VH,Public,39.7,304.0,24.1,557.0,5.9,,7.1,,4.9,,,,,,55.7,753.0,26.7,612.0,45.5,,-,781-790,781.0,781-790,,False,universidad de antioquia,1412.0,University of Antioquia,Colombia,37677.0,18.4,0.0,"2 days, 4:48:00",28.5149999999999,21.1,20.8,38.8,39.9,40.3,2026.0,1412.0,52.0,"2 days, 4:48:00",university of antioquia,manual_review_approved,91.3,True,Universidad de Antioquia,University of Antioquia,universidad de antioquia,university of antioquia
,,Applied Science Private University - Jordan,Jordan,Asia,M,CO,HI,Private for Profit,16.4,,27.8,497.0,30.0,631.0,7.4,,36.3,528.0,82.1,212.0,79.3,214.0,44.9,,5.9,,39.4,,-,791-800,791.0,791-800,,False,applied science private university jordan,496.0,Applied Science Private University,Jordan,4766.0,12.6,0.26,"2 days, 4:48:00",46.3795,21.7,22.7,87.1,21.5,85.4,2026.0,496.0,52.0,"2 days, 4:48:00",applied science private university,manual_review_approved,90.67,True,Applied Science Private University - Jordan,Applied Science Private University,applied science private university jordan,applied science private university
,,Pontificia Universidad Católica de Valparaíso,Chile,Americas,L,CO,VH,Private not for Profit,36.4,332.0,29.0,487.0,6.8,,13.2,,15.1,,2.6,,2.2,,43.3,,12.2,,36.9,,-,791-800,791.0,791-800,,False,pontificia universidad cat lica de valpara so,1622.0,Pontifical Catholic University of Valparaíso,Chile,18070.0,23.2,0.02,"1 day, 19:57:00",25.3365,17.4,17.6,33.0,33.8,51.3,2026.0,1622.0,43.0,"1 day, 19:57:00",pontifical catholic university of valpara so,manual_review_approved,90.91,True,Pontificia Universidad Católica de Valparaíso,Pontifical Catholic University of Valparaíso,pontificia universidad catolica de valparaiso,pontifical catholic university of valparaiso
,,Gdansk University of Technology,Poland,Europe,L,FO,VH,Public,12.0,,24.1,560.0,31.8,603.0,25.5,630.0,6.9,,7.8,,12.7,,70.0,531.0,4.0,,64.0,,-,801-850,801.0,801-850,,False,gdansk university of technology,1073.0,GdaÅ„sk University of Technology,Poland,14684.0,20.3,0.07,39 : 61,34.198,22.1,19.3,55.0,60.6,42.1,2026.0,1073.0,39.0,39 : 61,gda sk university of technology,manual_review_approved,88.89,True,Gdansk University of Technology,GdaÅ„sk University of Technology,gdansk university of technology,gdaa sk university of technology
,,Universität Duisburg-Essen,Germany,Europe,XL,FC,VH,Public,16.1,,8.1,,21.9,794.0,15.3,799.0,33.0,555.0,52.7,391.0,57.2,357.0,90.5,168.0,16.9,788.0,44.9,,-,801-850,801.0,801-850,,False,universit t duisburg essen,312.0,University of Duisburg-Essen,Germany,37867.0,33.1,0.2,"2 days, 2:50:00",53.6054999999999,35.4,34.6,82.7,87.4,64.3,2026.0,312.0,50.0,"2 days, 2:50:00",university of duisburg essen,manual_review_approved,88.89,True,Universität Duisburg-Essen,University of Duisburg-Essen,universitat duisburg essen,university of duisburg essen
,,University of Wroclaw,Poland,Europe,L,CO,VH,Public,20.6,599.0,22.0,603.0,45.0,436.0,6.9,,7.2,,15.6,,21.7,736.0,63.2,648.0,18.5,749.0,45.3,,-,801-850,801.0,801-850,,False,university of wroclaw,1267.0,University of WrocÅ‚aw,Poland,16900.0,15.3,0.08,"2 days, 18:34:00",30.961,28.7,21.8,37.9,35.5,45.1,2026.0,1267.0,66.0,"2 days, 18:34:00",university of wroc aw,manual_review_approved,88.37,True,University of Wroclaw,University of WrocÅ‚aw,university of wroclaw,university of wroca aw
,,Imam Muhammad Ibn Saud Islamic University - IMSIU,Saudi Arabia,Asia,XL,FC,HI,Public,16.7,,11.9,,27.1,696.0,2.4,,91.9,210.0,18.5,753.0,24.6,693.0,56.8,741.0,35.6,483.0,34.8,,-,851-900,851.0,851-900,,False,imam muhammad ibn saud islamic university imsiu,613.0,Imam Mohammad Ibn Saud Islamic University,Saudi Arabia,38256.0,11.2,0.15,"2 days, 2:50:00",43.3695,33.2,22.1,64.9,36.6,83.1,2026.0,613.0,50.0,"2 days, 2:50:00",imam mohammad ibn saud islamic university,manual_review_approved,90.91,True,Imam Muhammad Ibn Saud Islamic University - IMSIU,Imam Mohammad Ibn Saud Islamic University,imam muhammad ibn saud islamic university imsiu,imam mohammad ibn saud islamic university
,,Al Jouf University,Saudi Arabia,Asia,M,FC,VH,Public,12.6,,9.8,,44.8,440.0,7.0,,99.2,126.0,3.2,,7.3,,56.9,740.0,2.9,,23.7,,-,901-950,901.0,901-950,,False,al jouf university,730.0,Jouf University,Saudi Arabia,11978.0,9.6,0.02,"1 day, 23:53:00",40.5015,23.8,17.6,72.3,25.6,75.5,2026.0,730.0,47.0,"1 day, 23:53:00",jouf university,manual_review_approved,90.91,True,Al Jouf University,Jouf University,al jouf university,jouf university
,,Universidad de Oviedo,Spain,Europe,L,CO,VH,Public,18.2,671.0,8.4,,34.1,576.0,11.6,,5.8,,6.0,,11.4,,74.0,468.0,11.9,,63.7,,-,901-950,901.0,901-950,,False,universidad de oviedo,1082.0,University of Oviedo,Spain,18268.0,9.0,0.07,"2 days, 5:47:00",34.0575,30.3,19.8,48.0,48.3,40.6,2026.0,1082.0,53.0,"2 days, 5:47:00",university of oviedo,manual_review_approved,90.0,True,Universidad de Oviedo,University of Oviedo,universidad de oviedo,university of oviedo
,,Universidad de Valladolid,Spain,Europe,L,CO,VH,,16.1,,6.4,,41.2,491.0,7.1,,9.6,,7.7,,13.3,,84.9,257.0,20.3,721.0,59.2,,-,901-950,901.0,901-950,,False,universidad de valladolid,1372.0,University of Valladolid,Spain,21685.0,12.1,0.08,"2 days, 9:43:00",29.1074999999999,24.8,16.7,40.7,44.4,39.5,2026.0,1372.0,57.0,"2 days, 9:43:00",university of valladolid,manual_review_approved,91.67,True,Universidad de Valladolid,University of Valladolid,universidad de valladolid,university of valladolid
,,University of Alabama,United States of America,Americas,XL,CO,VH,Public,12.1,,29.6,482.0,8.0,,18.8,736.0,7.1,,4.4,,3.5,,59.7,698.0,29.4,557.0,53.1,,-,901-950,901.0,901-950,,False,university of alabama,871.0,The University of Alabama,United States of America,35682.0,20.6,0.03,"2 days, 9:43:00",37.7005,28.6,22.4,59.4,50.0,39.3,2026.0,871.0,57.0,"2 days, 9:43:00",the university of alabama,manual_review_approved,91.3,True,University of Alabama,The University of Alabama,university of alabama,the university of alabama
,,Lodz University,Poland,Europe,L,CO,VH,Public,15.4,,7.3,,47.9,406.0,6.9,,5.7,,19.0,743.0,25.1,684.0,75.7,427.0,21.0,705.0,29.8,,-,951-1000,951.0,951-1000,,False,lodz university,1567.0,University of Lodz,Poland,21312.0,14.1,0.1,"2 days, 13:39:00",26.0304999999999,24.5,18.5,32.6,21.7,37.2,2026.0,1567.0,61.0,"2 days, 13:39:00",university of lodz,manual_review_approved,90.91,True,Lodz University,University of Lodz,lodz university,university of lodz
,,Universidad Espíritu Santo (UEES),Ecuador,Americas,S,FO,VH,Private not for Profit,6.1,,8.9,,33.7,580.0,11.2,,62.5,373.0,63.5,315.0,47.3,438.0,25.3,,13.1,,42.8,,-,951-1000,951.0,951-1000,,False,universidad esp ritu santo,680.0,"UEES, Espiritu Santo University",Ecuador,4596.0,10.9,0.24,"2 days, 3:49:00",41.7715,38.8,15.3,58.8,39.9,88.7,2026.0,680.0,51.0,"2 days, 3:49:00",uees espiritu santo university,manual_review_approved,90.91,True,Universidad Espíritu Santo (UEES),"UEES, Espiritu Santo University",universidad espiritu santo,uees espiritu santo university
,,Riga Stradins University,Latvia,Europe,M,SP,HI,Public,7.4,,16.2,,16.3,,3.4,,30.9,580.0,96.1,111.0,95.9,102.0,15.9,,14.8,,29.5,,-,1001-1200,1001.0,1001-1200,,False,riga stradins university,1460.0,Riga StradiÅ†Å¡ University,Latvia,8229.0,24.6,0.35,"3 days, 3:25:00",27.9335,18.5,16.9,39.1,25.0,64.6,2026.0,1460.0,75.0,"3 days, 3:25:00",riga stradi university,manual_review_approved,89.8,True,Riga Stradins University,Riga StradiÅ†Å¡ University,riga stradins university,riga stradia a university
,,Universidad Andrés Bello - UNAB,Chile,Americas,XL,FC,HI,Private not for Profit,19.5,633.0,16.4,,11.1,,3.9,,9.6,,3.8,,8.2,,60.9,680.0,2.5,,56.9,559.0,-,1001-1200,1001.0,1001-1200,,False,universidad andr s bello unab,1712.0,Universidad Andrés Bello (UNAB),Chile,49719.0,17.8,0.03,"2 days, 7:45:00",23.877,15.7,10.8,37.6,22.4,52.5,2026.0,1712.0,55.0,"2 days, 7:45:00",universidad andr s bello,manual_review_approved,90.2,True,Universidad Andrés Bello - UNAB,Universidad Andrés Bello (UNAB),universidad andres bello unab,universidad andres bello
,,Universidad de Castilla-La Mancha,Spain,Europe,L,FC,VH,Public,10.7,,4.7,,22.0,791.0,17.9,754.0,2.7,,9.7,,15.5,,70.4,521.0,7.9,,46.9,,-,1001-1200,1001.0,1001-1200,,False,universidad de castilla la mancha,1104.0,University of Castilla-La Mancha,Spain,25421.0,13.5,0.1,"2 days, 9:43:00",33.626,24.0,17.9,52.8,53.5,45.0,2026.0,1104.0,57.0,"2 days, 9:43:00",university of castilla la mancha,manual_review_approved,90.62,True,Universidad de Castilla-La Mancha,University of Castilla-La Mancha,universidad de castilla la mancha,university of castilla la mancha
,,Universidad de Guadalajara (UDG),Mexico,Americas,XL,FC,HI,Public,26.5,475.0,12.5,,21.3,,1.6,,2.8,,1.3,,5.7,,45.1,,9.8,,55.2,601.0,-,1001-1200,1001.0,1001-1200,,False,universidad de guadalajara,2072.0,University of Guadalajara,Mexico,145850.0,20.7,0.0,"2 days, 7:45:00",16.1489999999999,17.9,9.3,17.2,19.6,29.7,2026.0,2072.0,55.0,"2 days, 7:45:00",university of guadalajara,manual_review_approved,88.0,True,Universidad de Guadalajara (UDG),University of Guadalajara,universidad de guadalajara,university of guadalajara
,,Universidad de Talca,Chile,Americas,M,FO,VH,Public,14.4,,11.7,,9.1,,13.2,,27.4,619.0,1.9,,1.7,,46.4,,2.5,,29.4,,-,1001-1200,1001.0,1001-1200,,False,universidad de talca,1637.0,University of Talca,Chile,11543.0,12.7,0.02,"2 days, 3:49:00",25.0864999999999,20.1,13.7,32.6,37.6,52.0,2026.0,1637.0,51.0,"2 days, 3:49:00",university of talca,manual_review_approved,89.47,True,Universidad de Talca,University of Talca,universidad de talca,university of talca
,,Universitat Jaume I,Spain,Europe,L,CO,VH,Public,7.7,,3.3,,20.8,,28.4,601.0,4.8,,24.1,671.0,30.2,612.0,51.1,,1.7,,59.6,,-,1001-1200,1001.0,1001-1200,,False,universitat jaume i,1071.0,Jaume I University,Spain,12039.0,14.3,0.11,"2 days, 10:42:00",34.2429999999999,25.7,21.9,50.4,46.7,44.3,2026.0,1071.0,58.0,"2 days, 10:42:00",jaume i university,manual_review_approved,91.89,True,Universitat Jaume I,Jaume I University,universitat jaume i,jaume i university
,,Université de Sfax,Tunisia,Africa,XL,CO,VH,Public,11.4,,4.2,,56.3,330.0,6.1,,1.1,,5.6,,9.6,,58.9,708.0,13.6,,49.6,,-,1001-1200,1001.0,1001-1200,,False,universit de sfax,1333.0,University of Sfax,Tunisia,33852.0,9.7,0.04,"2 days, 17:35:00",29.8005,29.7,12.3,41.5,39.3,46.0,2026.0,1333.0,65.0,"2 days, 17:35:00",university of sfax,manual_review_approved,88.89,True,Université de Sfax,University of Sfax,universite de sfax,university of sfax
,,University of Malaysia Sabah (UMS),Malaysia,Asia,L,FC,HI,Public,22.0,565.0,15.7,,15.1,,6.2,,23.9,663.0,12.4,,15.3,,33.2,,5.0,,48.1,,-,1001-1200,1001.0,1001-1200,,False,university of malaysia sabah,1747.0,Universiti Malaysia Sabah (UMS),Malaysia,16224.0,9.9,0.04,"2 days, 18:34:00",23.328,23.9,12.2,28.1,28.8,42.1,2026.0,1747.0,66.0,"2 days, 18:34:00",universiti malaysia sabah,manual_review_approved,90.57,True,University of Malaysia Sabah (UMS),Universiti Malaysia Sabah (UMS),university of malaysia sabah,universiti malaysia sabah
,,University of the Algarve,Portugal,Europe,M,CO,VH,,7.2,,3.2,,13.6,,28.3,604.0,6.6,,53.0,388.0,57.4,355.0,66.3,604.0,3.0,,45.0,,-,1001-1200,1001.0,1001-1200,,False,university of the algarve,1063.0,University of Algarve,Portugal,9726.0,15.3,0.19,"2 days, 7:45:00",34.319,19.6,22.1,54.1,29.7,62.8,2026.0,1063.0,55.0,"2 days, 7:45:00",university of algarve,manual_review_approved,91.3,True,University of the Algarve,University of Algarve,university of the algarve,university of algarve
,,University of Tulsa,United States of America,Americas,S,CO,VH,Private not for Profit,2.8,,5.3,,49.8,387.0,15.1,,20.7,699.0,39.7,493.0,45.2,461.0,22.2,,22.5,682.0,46.7,,-,1001-1200,1001.0,1001-1200,,False,university of tulsa,542.0,The University of Tulsa,United States of America,3771.0,9.9,0.14,"2 days, 1:51:00",45.3724999999999,41.4,17.5,70.6,58.8,60.7,2026.0,542.0,49.0,"2 days, 1:51:00",the university of tulsa,manual_review_approved,90.48,True,University of Tulsa,The University of Tulsa,university of tulsa,the university of tulsa
,,Warsaw University of Life Sciences,Poland,Europe,L,FO,VH,Public,8.0,,7.9,,23.1,773.0,14.6,,2.4,,11.9,,15.8,,67.5,576.0,7.1,,42.6,,-,1001-1200,1001.0,1001-1200,,False,warsaw university of life sciences,1545.0,Warsaw University of Life Sciences â€“ SGGW,Poland,15317.0,12.3,0.08,"2 days, 11:41:00",26.5149999999999,22.1,12.8,41.4,33.4,33.7,2026.0,1545.0,59.0,"2 days, 11:41:00",warsaw university of life sciences sggw,manual_review_approved,90.67,True,Warsaw University of Life Sciences,Warsaw University of Life Sciences â€“ SGGW,warsaw university of life sciences,warsaw university of life sciences a sggw
,,"Ahmadu Bello University, Zaria",Nigeria,Africa,XL,CO,HI,,6.3,,9.4,,10.0,,2.2,,2.0,,1.4,,5.8,,44.1,,80.8,154.0,28.0,,-,1201-1400,1201.0,1201-1400,,False,ahmadu bello university zaria,1216.0,Ahmadu Bello University,Nigeria,46669.0,16.5,0.0,37 : 63,31.8775,24.3,10.0,58.9,20.6,44.2,2026.0,1216.0,37.0,37 : 63,ahmadu bello university,manual_review_approved,88.46,True,"Ahmadu Bello University, Zaria",Ahmadu Bello University,ahmadu bello university zaria,ahmadu bello university
,,King Mongkut's Institute of Technology Ladkrabang,Thailand,Asia,L,CO,VH,Public,13.5,,11.4,,6.3,,6.1,,31.2,576.0,4.2,,8.5,,20.2,,10.7,,36.7,,-,1201-1400,1201.0,1201-1400,,False,king mongkut s institute of technology ladkrabang,1563.0,KMITL â€“ King Mongkutâ€™s Institute of Technology Ladkrabang,Thailand,27090.0,24.8,0.03,"2 days, 2:50:00",26.1479999999999,18.9,25.0,24.9,74.5,38.3,2026.0,1563.0,50.0,"2 days, 2:50:00",kmitl king mongkut s institute of technology ladkrabang,manual_review_approved,91.59,True,King Mongkut's Institute of Technology Ladkrabang,KMITL â€“ King Mongkutâ€™s Institute of Technology Ladkrabang,king mongkut s institute of technology ladkrabang,kmitl a king mongkuta s institute of technology ladkrabang
,,Saint-Petersburg Electrotechnical University LETI,Russian Federation,Europe,M,FO,VH,Public,4.8,,6.3,,51.9,363.0,3.0,,5.6,,56.2,371.0,58.5,349.0,15.9,,7.3,,26.4,,-,1201-1400,1201.0,1201-1400,,False,saint petersburg electrotechnical university leti,1834.0,St Petersburg Electrotechnical University (LETI),Russian Federation,9024.0,14.2,0.19,31 : 69,21.3675,22.2,15.2,19.7,39.2,39.1,2026.0,1834.0,31.0,31 : 69,st petersburg electrotechnical university,manual_review_approved,91.11,True,Saint-Petersburg Electrotechnical University LETI,St Petersburg Electrotechnical University (LETI),saint petersburg electrotechnical university leti,st petersburg electrotechnical university
,,Transilvania University of Brasov,Romania,Europe,L,FC,HI,Public,9.0,,10.2,,8.4,,7.1,,5.0,,3.8,,8.9,,69.6,538.0,5.3,,32.2,,-,1201-1400,1201.0,1201-1400,,False,transilvania university of brasov,1518.0,Transilvania University of BraÈ™ov,Romania,20101.0,22.5,0.02,"2 days, 5:47:00",27.0355,14.8,13.4,47.7,35.9,40.5,2026.0,1518.0,53.0,"2 days, 5:47:00",transilvania university of bra ov,manual_review_approved,89.55,True,Transilvania University of Brasov,Transilvania University of BraÈ™ov,transilvania university of brasov,transilvania university of brae ov
,,Universidad de la Frontera (UFRO),Chile,Americas,M,CO,VH,Public,14.4,,7.5,,6.5,,19.2,726.0,3.1,,1.7,,1.5,,44.0,,2.7,,32.3,,-,1201-1400,1201.0,1201-1400,,False,universidad de la frontera,1476.0,University of La Frontera,Chile,11481.0,20.2,0.01,"2 days, 2:50:00",27.5929999999999,17.8,23.7,35.8,24.1,50.2,2026.0,1476.0,50.0,"2 days, 2:50:00",university of la frontera,manual_review_approved,88.0,True,Universidad de la Frontera (UFRO),University of La Frontera,universidad de la frontera,university of la frontera
,,Universidad de Valparaíso,Chile,Americas,L,FC,HI,Public,15.5,,8.4,,12.8,,5.0,,8.6,,2.9,,2.4,,34.3,,4.8,,39.7,,-,1201-1400,1201.0,1201-1400,,False,universidad de valpara so,1903.0,University of Valparaíso,Chile,16514.0,17.9,0.03,"2 days, 10:42:00",19.861,16.9,13.1,22.5,20.6,46.7,2026.0,1903.0,58.0,"2 days, 10:42:00",university of valpara so,manual_review_approved,91.67,True,Universidad de Valparaíso,University of Valparaíso,universidad de valparaiso,university of valparaiso
,,Universidade Federal Fluminense,Brazil,Americas,XL,FC,HI,Public,12.5,,3.1,,17.4,,6.4,,8.8,,1.3,,5.8,,57.0,736.0,17.6,770.0,55.7,,-,1201-1400,1201.0,1201-1400,,False,universidade federal fluminense,1780.0,Fluminense Federal University,Brazil,71079.0,20.2,0.0,"2 days, 0:52:00",22.6684999999999,23.6,13.4,27.9,27.2,31.5,2026.0,1780.0,48.0,"2 days, 0:52:00",fluminense federal university,manual_review_approved,90.0,True,Universidade Federal Fluminense,Fluminense Federal University,universidade federal fluminense,fluminense federal university
,,Université de Sousse,Tunisia,Africa,L,FC,HI,Public,6.4,,3.9,,51.8,365.0,2.9,,1.2,,3.7,,7.9,,36.6,,9.4,,44.1,,-,1201-1400,1201.0,1201-1400,,False,universit de sousse,1677.0,University of Sousse,Tunisia,29075.0,13.1,0.02,"2 days, 20:32:00",24.3535,26.9,10.6,31.0,23.1,41.6,2026.0,1677.0,68.0,"2 days, 20:32:00",university of sousse,manual_review_approved,90.0,True,Université de Sousse,University of Sousse,universite de sousse,university of sousse
,,Université de Tunis,Tunisia,Africa,L,FO,VH,Public,11.3,,5.8,,28.3,674.0,3.0,,2.5,,2.8,,7.1,,17.4,,58.5,280.0,29.6,,-,1201-1400,1201.0,1201-1400,,False,universit de tunis,1692.0,University of Tunis,Tunisia,18795.0,10.8,0.02,"2 days, 20:32:00",24.1605,33.3,10.0,24.4,28.3,39.8,2026.0,1692.0,68.0,"2 days, 20:32:00",university of tunis,manual_review_approved,89.47,True,Université de Tunis,University of Tunis,universite de tunis,university of tunis
,,Université Mohammed V de Rabat,Morocco,Africa,XL,CO,VH,Public,4.8,,3.1,,2.4,,9.5,,4.7,,5.7,,11.1,,75.6,428.0,75.8,178.0,42.6,,-,1201-1400,1201.0,1201-1400,,False,universit mohammed v de rabat,1320.0,Mohammed V University of Rabat,Morocco,82902.0,37.8,0.04,"2 days, 7:45:00",30.034,29.3,16.1,41.9,43.6,32.1,2026.0,1320.0,55.0,"2 days, 7:45:00",mohammed v university of rabat,manual_review_approved,90.0,True,Université Mohammed V de Rabat,Mohammed V University of Rabat,universite mohammed v de rabat,mohammed v university of rabat
,,"University of Management and Technology (UMT), Pakistan",Pakistan,Asia,L,CO,HI,Private not for Profit,7.2,,10.9,,17.6,,9.4,,1.9,,1.7,,6.0,,54.4,777.0,3.3,,46.6,,-,1201-1400,1201.0,1201-1400,,False,university of management and technology pakistan,845.0,University of Management and Technology,Pakistan,22028.0,17.2,0.02,"2 days, 1:51:00",38.079,16.5,11.0,83.5,26.6,52.1,2026.0,845.0,49.0,"2 days, 1:51:00",university of management and technology,manual_review_approved,89.66,True,"University of Management and Technology (UMT), Pakistan",University of Management and Technology,university of management and technology pakistan,university of management and technology
,,Mendeleev University of Chemical Technology of Russia,Russian Federation,Europe,M,FO,VH,Public,4.7,,7.3,,26.1,715.0,5.6,,1.1,,15.7,,19.2,775.0,15.5,,14.2,,10.4,,-,1401+,1401.0,1401+,,False,mendeleev university of chemical technology of russia,1928.0,Mendeleev University of Chemical Technology,Russian Federation,8593.0,12.6,0.08,"2 days, 3:49:00",19.1635,22.7,17.2,13.1,39.6,26.2,2026.0,1928.0,51.0,"2 days, 3:49:00",mendeleev university of chemical technology,manual_review_approved,89.58,True,Mendeleev University of Chemical Technology of Russia,Mendeleev University of Chemical Technology,mendeleev university of chemical technology of russia,mendeleev university of chemical technology
,,"The Islamia University of Bahawalpur,Pakistan",Pakistan,Asia,XL,CO,HI,Public,6.2,,7.0,,4.7,,9.1,,,,,,,,55.8,751.0,3.1,,36.2,,-,1401+,1401.0,1401+,,False,the islamia university of bahawalpur pakistan,867.0,The Islamia University of Bahawalpur,Pakistan,53834.0,40.7,0.0,"1 day, 23:53:00",37.7469999999999,17.6,13.3,80.3,22.2,49.6,2026.0,867.0,47.0,"1 day, 23:53:00",the islamia university of bahawalpur,manual_review_approved,88.89,True,"The Islamia University of Bahawalpur,Pakistan",The Islamia University of Bahawalpur,the islamia university of bahawalpur pakistan,the islamia university of bahawalpur
,,Universidad Autónoma de Baja California,Mexico,Americas,XL,CO,HI,Public,10.5,,7.6,,6.0,,2.3,,4.8,,5.8,,4.6,,13.7,,2.3,,49.0,732.0,-,1401+,1401.0,1401+,,False,universidad aut noma de baja california,2136.0,Autonomous University of Baja California,Mexico,69358.0,21.2,0.0,"2 days, 7:45:00",14.4464999999999,14.8,9.0,14.4,18.2,32.3,2026.0,2136.0,55.0,"2 days, 7:45:00",autonomous university of baja california,manual_review_approved,89.74,True,Universidad Autónoma de Baja California,Autonomous University of Baja California,universidad autonoma de baja california,autonomous university of baja california
,,Universidad Católica de Temuco,Chile,Americas,M,CO,HI,Private not for Profit,5.4,,2.5,,2.7,,9.7,,49.7,442.0,1.4,,1.3,,21.9,,2.5,,26.7,,-,1401+,1401.0,1401+,,False,universidad cat lica de temuco,1985.0,Temuco Catholic University,Chile,10711.0,10.1,0.0,"2 days, 13:39:00",18.1364999999999,21.6,11.0,14.8,18.8,45.1,2026.0,1985.0,61.0,"2 days, 13:39:00",temuco catholic university,manual_review_approved,90.91,True,Universidad Católica de Temuco,Temuco Catholic University,universidad catolica de temuco,temuco catholic university
,,Universidad de Cuenca,Ecuador,Americas,L,FC,MD,Public,11.1,,5.1,,6.1,,3.1,,6.8,,3.2,,2.6,,20.2,,16.1,,39.3,,-,1401+,1401.0,1401+,,False,universidad de cuenca,2028.0,University of Cuenca,Ecuador,16641.0,19.9,0.01,"2 days, 10:42:00",17.182,13.9,10.9,16.8,35.2,46.3,2026.0,2028.0,58.0,"2 days, 10:42:00",university of cuenca,manual_review_approved,90.0,True,Universidad de Cuenca,University of Cuenca,universidad de cuenca,university of cuenca
,,Universidad de Tarapaca,Chile,Americas,M,CO,VH,Public,4.1,,2.1,,4.4,,20.4,706.0,17.7,755.0,,,,,49.6,,2.5,,21.0,,-,1401+,1401.0,1401+,,False,universidad de tarapaca,1177.0,University of Tarapacá,Chile,10738.0,29.9,0.03,"2 days, 6:46:00",32.4809999999999,12.7,23.6,55.4,21.7,58.7,2026.0,1177.0,54.0,"2 days, 6:46:00",university of tarapac,manual_review_approved,90.91,True,Universidad de Tarapaca,University of Tarapacá,universidad de tarapaca,university of tarapaca
,,Universidad del Bio-Bio,Chile,Americas,M,CO,VH,Public,11.6,,5.0,,4.9,,8.6,,11.8,,1.9,,1.6,,32.1,,2.5,,24.0,,-,1401+,1401.0,1401+,,False,universidad del bio bio,2087.0,University of Bío-Bío,Chile,11435.0,22.9,0.01,"1 day, 19:57:00",15.7854999999999,14.9,6.8,17.2,18.7,46.8,2026.0,2087.0,43.0,"1 day, 19:57:00",university of b o b o,manual_review_approved,88.37,True,Universidad del Bio-Bio,University of Bío-Bío,universidad del bio bio,university of bio bio
