University Name,Country,Region,QS Rank,QS Previous Rank,QS Overall Score,QS Academic Reputation Score,QS Academic Reputation Rank,QS Employer Reputation Score,QS Employer Reputation Rank,QS Faculty Student Ratio Score,QS Faculty Student Ratio Rank,QS Citations per Faculty Score,QS Citations per Faculty Rank,QS International Faculty Ratio Score,QS International Faculty Ratio Rank,QS International Student Ratio Score,QS International Student Ratio Rank,QS International Student Diversity Score,QS International Student Diversity Rank,QS International Research Network Score,QS International Research Network Rank,QS Employment Outcomes Score,QS Employment Outcomes Rank,QS Sustainability Score,QS Sustainability Rank,THE Rank,THE Overall Score,THE Student Population,THE Students to Staff Ratio,THE International Students,THE Female to Male Ratio,THE Teaching Score,THE Research Environment Score,THE Research Quality Score,THE Industry Impact Score,THE International Outlook Score,Ranking Year
Massachusetts Institute of Technology (MIT),United States,Americas,1,1,100,100.0,4,100.0,2,100.0,16,100.0,7,100.0,63,91.6,153,92.3,130,94.1,98,100.0,7,93.8,33,2,97.6734999999999,11703,7.7,0.33,"1 day, 19:57:00",99.2,95.3,99.6,100.0,91.9,2026
California Institute of Technology (Caltech),United States,Americas,10,10,94.3,98.3,33,99.2,23,100.0,5,100.0,3,100.0,65,90.7,161,91.4,136,61.8,665,49.1,352,79.2,185,7,96.3164999999999,2401,6.7,0.33,39 : 61,96.4,97.4,96.8,100.0,87.9,2026
University of Isfahan,Iran,Asia,1001-1200,,-,7.7,701+,10.7,701+,4.9,801+,30.7,579,,,2.5,801+,2.1,801+,52.8,798,4.7,801+,27.7,801+,1215,31.8804999999999,17094,22.6,0.05,"2 days, 10:42:00",29.0,18.3,46.8,38.9,32.3,2026
University of Ioannina,Greece,Europe,1001-1200,1001-1200,-,9.4,701+,5.6,701+,1.9,801+,32.0,562,2.0,801+,7.5,801+,11.9,801+,55.7,757,3.6,801+,36.5,801+,1335,29.7629999999999,33322,38.1,0.03,"2 days, 6:46:00",16.9,15.7,50.5,52.8,39.5,2026
University of Ibadan,Nigeria,Africa,1001-1200,1001-1200,-,11.6,701+,16.6,701+,6.4,801+,7.3,801+,,,,,,,64.8,624,76.2,175,41.9,801+,942,36.4749999999999,36851,17.6,0.0,"2 days, 2:50:00",29.6,15.6,63.5,22.1,43.8,2026
University of East London,United Kingdom,Europe,1001-1200,901-950,-,3.9,701+,6.5,701+,2.6,801+,9.5,801+,83.3,268,99.8,46,99.8,35,34.5,801+,14.1,801+,29.5,801+,1076,34.0995,18135,28.6,0.57,"2 days, 1:51:00",23.6,15.3,49.5,32.2,87.5,2026
University of Deusto,Spain,Europe,1001-1200,1001-1200,-,8.9,701+,29.8,477,7.4,801+,14.3,801+,8.8,801+,29.9,592,35.8,539,29.1,801+,52.2,324,31.6,801+,1213,31.9165,10138,18.7,0.11,"2 days, 8:44:00",20.7,20.6,49.3,39.9,46.0,2026
University of Denver,United States,Americas,1001-1200,951-1000,-,7.8,701+,12.2,701+,43.6,458,12.7,801+,6.0,801+,14.2,801+,20.2,760,31.8,801+,37.5,465,49.5,715=,608,43.547,10234,13.3,0.05,"2 days, 14:38:00",40.2,25.5,63.5,57.2,39.4,2026
University of Colombo,Sri Lanka,Asia,1001-1200,951-1000,-,15.1,701+,20.9,626,3.3,801+,6.1,801+,1.2,801+,1.5,801+,5.9,801+,20.7,801+,76.0,176,61.1,477=,1008,35.3414999999999,35859,32.1,0.01,"2 days, 13:39:00",26.0,11.7,67.1,27.4,40.7,2026
University of Anbar,Iraq,Asia,1001-1200,,-,25.3,507,15.4,701+,27.2,695,3.0,801+,3.5,801+,1.8,801+,6.3,801+,25.9,801+,5.6,801+,31.7,801+,1298,30.418,27797,11.1,0.01,"2 days, 9:43:00",25.0,11.1,53.2,36.6,32.0,2026
Universiti Malaysia Sarawak (UNIMAS),Malaysia,Asia,1001-1200,1001-1200,-,20.1,612,14.4,701+,17.3,801+,6.8,801+,43.9,472,19.7,732,23.0,719,35.9,801+,5.0,801+,42.6,801+,1193,32.205,11981,15.5,0.14,"2 days, 22:30:00",31.4,22.1,29.7,77.7,60.2,2026
Universiti Malaysia Perlis (UniMAP),Malaysia,Asia,1001-1200,1201-1400,-,10.7,701+,9.1,701+,29.8,636,13.7,801+,1.8,801+,4.9,801+,9.1,801+,47.9,801+,5.2,801+,43.1,801+,1601,25.6015,10470,13.0,0.03,"1 day, 23:53:00",23.5,13.9,34.2,35.2,39.6,2026
Universitas Sumatera Utara,Indonesia,Asia,1001-1200,1201-1400,-,14.4,701+,13.4,701+,38.0,532,1.8,801+,14.1,801+,2.6,801+,7.0,801+,28.6,801+,7.4,801+,46.0,801+,1881,20.4835,40855,18.1,0.02,"2 days, 7:45:00",17.8,11.3,27.6,21.2,37.7,2026
Universidad Pontificia Bolivariana,Colombia,Americas,1001-1200,901-950,-,10.7,701+,12.7,701+,83.9,146,2.8,801+,4.8,801+,4.5,801+,8.8,801+,17.7,801+,27.6,601,28.5,801+,1953,18.7464999999999,9763,11.0,0.03,"2 days, 9:43:00",25.5,12.0,12.3,36.1,34.8,2026
Universidad Peruana Cayetano Heredia,Peru,Americas,1001-1200,1001-1200,-,15.2,701+,12.1,701+,59.1,305,3.6,801+,1.6,801+,1.8,801+,1.6,801+,23.9,801+,4.6,801+,53.2,641=,1079,34.0635,8598,15.1,0.01,"2 days, 19:33:00",20.2,16.1,61.2,33.7,49.7,2026
Universidad del Valle,Colombia,Americas,1001-1200,1001-1200,-,24.1,529,9.7,701+,11.1,801+,2.8,801+,3.3,801+,2.2,801+,6.6,801+,24.7,801+,28.8,580,34.9,801+,1992,17.973,33529,8.1,0.01,"2 days, 2:50:00",24.9,9.4,13.5,21.1,40.1,2026
Tokyo Metropolitan University,Japan,Asia,1001-1200,1001-1200,-,17.5,701+,8.2,701+,41.9,483,14.8,801+,9.7,801+,8.0,801+,11.6,801+,39.5,801+,4.9,801+,26.4,801+,1520,27.0239999999999,8789,10.7,0.05,39 : 61,29.7,16.2,29.8,52.8,33.5,2026
The Hashemite University,Jordan,Asia,1001-1200,1001-1200,-,15.6,701+,23.7,566,5.5,801+,7.8,801+,9.9,801+,18.4,756,13.9,801+,45.1,801+,5.1,801+,45.4,801+,1164,32.6645,21051,23.5,0.13,"2 days, 16:36:00",14.0,16.1,59.7,34.7,60.9,2026
Telkom University (aka Telkom Institute of Technology),Indonesia,Asia,1001-1200,1001-1200,-,13.6,701+,14.7,701+,23.3,768,2.5,801+,53.5,423,12.1,801+,17.0,801+,15.5,801+,11.6,801+,36.3,801+,1713,23.8759999999999,18089,14.7,0.1,"1 day, 17:59:00",16.5,12.8,32.7,36.1,53.9,2026
Sumy State University,Ukraine,Europe,1001-1200,1001-1200,-,6.3,701+,11.0,701+,47.1,418,5.2,801+,3.9,801+,29.1,603,29.5,620,35.5,801+,4.5,801+,48.2,751=,1188,32.2544999999999,7608,13.1,0.07,39 : 61,20.6,16.4,56.1,21.6,49.7,2026
SRM Institute of Science and Technology (f.k.a SRM University),India,Asia,1001-1200,1001-1200,-,14.1,701+,21.8,606,17.1,801+,8.6,801+,1.7,801+,2.6,801+,7.1,801+,75.1,441,4.9,801+,49.2,729=,1050,34.616,53777,13.1,0.02,"1 day, 19:57:00",25.0,13.6,67.4,27.8,26.2,2026
University of Karachi,Pakistan,Asia,1001-1200,1001-1200,-,14.5,701+,19.2,676,2.0,801+,10.4,801+,4.7,801+,1.2,801+,1.1,801+,48.4,801+,51.2,332,31.3,801+,1840,21.2984999999999,47940,39.8,0.0,"2 days, 14:38:00",16.2,11.1,28.8,28.2,47.1,2026
"University of Missouri, Kansas City",United States,Americas,1001-1200,1001-1200,-,5.1,701+,9.5,701+,21.9,795,25.7,627,6.9,801+,31.3,574,23.5,715,26.4,801+,13.4,801+,30.8,801+,572,44.559,9605,12.3,0.13,"2 days, 10:42:00",30.3,24.4,75.2,64.3,45.5,2026
University of Murcia,Spain,Europe,1001-1200,901-950,-,15.3,701+,5.4,701+,24.9,735,14.9,801+,,,7.0,801+,12.2,801+,77.9,385,4.9,801+,64.4,413=,1045,34.6795,26754,15.2,0.05,"2 days, 15:37:00",25.6,19.4,55.2,55.1,36.5,2026
University of Nairobi,Kenya,Africa,1001-1200,901-950,-,12.8,701+,13.7,701+,25.7,723,2.6,801+,,,,,,,48.7,801+,95.6,72,39.1,801+,1578,25.8744999999999,52216,23.3,0.02,"1 day, 21:55:00",15.9,16.1,39.7,22.5,49.4,2026
Al Azhar University,Egypt,Africa,1001-1200,1001-1200,-,21.5,574,13.9,701+,14.9,801+,2.0,801+,1.7,801+,16.8,782,12.7,801+,64.4,630,33.2,510,35.3,801+,970,36.033,281032,21.6,0.11,"1 day, 17:59:00",22.1,12.8,68.0,24.6,58.9,2026
Yuan Ze University,Taiwan,Asia,1001-1200,1201-1400,-,8.6,701+,9.7,701+,13.7,801+,19.7,716,22.2,684,23.0,689,25.9,671,38.9,801+,2.1,801+,42.9,801+,744,40.2605,6717,20.4,0.11,"1 day, 19:57:00",19.7,27.3,62.5,79.8,61.2,2026
Yokohama National University,Japan,Asia,1001-1200,1001-1200,-,11.6,701+,24.5,548,22.9,777,11.3,801+,17.2,762,12.5,801+,18.2,792,28.1,801+,22.5,684,41.2,801+,1499,27.269,9459,13.2,0.08,28 : 72,28.3,21.9,22.1,82.3,35.3,2026
Yokohama City University,Japan,Asia,1001-1200,901-950,-,3.3,701+,3.7,701+,96.7,64,19.0,730,7.2,801+,6.0,801+,10.0,801+,15.0,801+,3.5,801+,14.5,801+,1036,34.8184999999999,5142,5.4,0.03,"2 days, 7:45:00",28.2,10.8,62.0,65.0,28.9,2026
Yerevan State University,Armenia,Asia,1001-1200,901-950,-,8.7,701+,6.0,701+,64.8,271,1.9,801+,8.7,801+,3.0,801+,7.2,801+,21.2,801+,90.0,106,13.3,801+,1999,17.864,14333,7.2,0.03,"2 days, 5:47:00",25.4,9.1,12.4,22.3,41.6,2026
William & Mary,United States,Americas,1001-1200,1001-1200,-,10.0,701+,14.9,701+,26.4,708,16.2,779,6.0,801+,9.0,801+,14.7,801+,37.9,801+,38.6,450,44.4,801+,812,38.8835,8786,11.8,0.06,"2 days, 10:42:00",39.2,22.6,53.9,45.7,36.9,2026
University of Wyoming,United States,Americas,1001-1200,1001-1200,-,3.6,701+,2.3,701+,39.4,515,29.6,592,12.6,801+,8.1,801+,13.5,801+,52.0,801+,10.6,801+,43.4,801+,888,37.469,9462,13.3,0.05,"2 days, 5:47:00",36.4,15.3,57.2,54.1,39.6,2026
University of Wolverhampton,United Kingdom,Europe,1001-1200,1001-1200,-,3.1,701+,3.7,701+,14.0,801+,14.9,801+,40.8,493,78.9,228,80.9,198,55.7,756,5.9,801+,31.0,801+,965,36.1045,13835,17.9,0.28,"2 days, 16:36:00",20.3,15.6,59.3,47.3,78.8,2026
University of Warmia and Mazury in Olsztyn,Poland,Europe,1001-1200,1001-1200,-,10.8,701+,14.5,701+,42.0,478,7.7,801+,2.6,801+,4.6,801+,9.0,801+,42.6,801+,4.0,801+,43.7,801+,1618,25.376,15830,16.8,0.03,"2 days, 13:39:00",18.2,15.6,41.9,26.7,24.6,2026
University of Tulsa,United States,Americas,1001-1200,1001-1200,-,2.8,701+,5.3,701+,49.8,387,15.1,801+,20.7,699,39.7,493,45.2,461,22.2,801+,22.5,682,46.7,799=,542,45.3724999999999,3771,9.9,0.14,"2 days, 1:51:00",41.4,17.5,70.6,58.8,60.7,2026
University of Toledo,United States,Americas,1001-1200,1001-1200,-,4.2,701+,4.5,701+,13.8,801+,28.8,598,7.7,801+,21.6,702,16.3,801+,45.4,801+,14.5,801+,39.9,801+,789,39.3819999999999,13661,15.8,0.1,"2 days, 6:46:00",36.9,18.5,54.6,63.6,56.1,2026
University of the Free State,South Africa,Africa,1001-1200,1001-1200,-,7.2,701+,12.1,701+,4.9,801+,13.8,801+,,,8.3,801+,6.4,801+,93.7,107,18.4,751,41.7,801+,1171,32.596,31599,30.9,0.02,"2 days, 16:36:00",23.1,20.0,49.6,30.6,51.7,2026
University of Texas at San Antonio,United States,Americas,1001-1200,1001-1200,-,6.7,701+,6.0,701+,5.8,801+,30.6,581,14.1,801+,4.6,801+,3.7,801+,59.9,694,8.0,801+,44.5,801+,705,41.4225,27369,24.2,0.03,"2 days, 5:47:00",21.9,23.4,75.7,60.9,40.4,2026
University of Tabuk,Saudi Arabia,Asia,1001-1200,1001-1200,-,8.8,701+,3.5,701+,27.3,693,6.7,801+,93.7,197,5.5,801+,9.9,801+,42.7,801+,2.8,801+,34.7,801+,780,39.551,20099,10.3,0.03,"1 day, 17:59:00",25.1,14.5,70.3,30.1,75.3,2026
University of Salento,Italy,Europe,1001-1200,1001-1200,-,6.8,701+,1.9,701+,8.2,801+,41.5,454,1.5,801+,4.5,801+,9.5,801+,71.9,501,3.4,801+,31.9,801+,883,37.552,14502,23.5,0.03,"2 days, 14:38:00",27.2,21.4,61.4,55.8,35.6,2026
University of Rhode Island,United States,Americas,1001-1200,1001-1200,-,7.2,701+,5.7,701+,8.7,801+,26.5,619,7.8,801+,4.3,801+,9.2,801+,53.2,793,15.8,801+,68.0,351=,856,37.9,15859,17.4,0.03,"2 days, 10:42:00",29.6,23.0,55.0,53.2,51.6,2026
University of Regina,Canada,Americas,1001-1200,951-1000,-,4.7,701+,2.9,701+,5.7,801+,34.3,532,4.0,801+,51.2,400,54.5,376,48.5,801+,6.4,801+,64.2,417=,930,36.7385,14331,22.9,0.34,"2 days, 12:40:00",18.4,20.9,61.9,43.8,65.7,2026
University of Parma,Italy,Europe,1001-1200,951-1000,-,13.6,701+,5.8,701+,4.5,801+,33.0,551,5.2,801+,16.8,784,22.9,722,63.0,651,12.5,801+,37.0,801+,769,39.6584999999999,31624,31.5,0.09,"2 days, 11:41:00",20.9,23.9,70.1,64.8,39.2,2026
University of North Carolina at Charlotte,United States,Americas,1001-1200,1001-1200,-,6.7,701+,7.0,701+,7.7,801+,19.6,718,15.5,795,13.7,801+,19.7,767,66.4,598,15.3,801+,43.9,801+,641,42.5565,27004,21.1,0.08,"2 days, 2:50:00",23.9,24.5,76.2,60.9,41.4,2026
Southern Federal University,Russian Federation,Europe,1001-1200,951-1000,-,7.0,701+,7.5,701+,65.4,266,3.5,801+,4.9,801+,42.3,470,47.6,435,43.6,801+,3.7,801+,31.4,801+,1688,24.246,18741,12.8,0.15,"2 days, 9:43:00",23.8,16.3,24.6,38.7,47.6,2026
Soonchunhyang University,South Korea,Asia,1001-1200,1001-1200,-,7.7,701+,9.1,701+,70.9,219,10.1,801+,7.5,801+,7.3,801+,11.0,801+,12.8,801+,1.9,801+,45.2,801+,1289,30.5245,8983,19.4,0.06,"2 days, 2:50:00",22.6,27.9,35.8,63.6,33.1,2026
University of Lagos,Nigeria,Africa,1001-1200,1001-1200,-,9.4,701+,16.5,701+,2.5,801+,5.2,801+,,,,,,,45.9,801+,90.4,103,36.6,801+,973,35.991,36484,22.4,0.0,"2 days, 3:49:00",18.4,20.1,66.7,32.6,45.6,2026
Siberian Federal University,Russian Federation,Europe,1001-1200,1001-1200,-,7.8,701+,9.9,701+,29.9,634,7.9,801+,56.8,406,46.0,438,47.4,437,37.7,801+,10.3,801+,44.4,801+,986,35.7465,8610,19.0,0.13,"1 day, 23:53:00",34.2,26.9,36.6,61.1,59.1,2026
Kangwon National University,South Korea,Asia,1001-1200,1001-1200,-,8.0,701+,7.1,701+,32.0,601,15.4,798,6.5,801+,10.2,801+,14.2,801+,28.6,801+,3.5,801+,56.6,568=,1346,29.5195,20621,20.1,0.03,"1 day, 18:58:00",24.6,24.9,36.6,54.1,25.3,2026
Harbin Engineering University,China,Asia,1001-1200,1001-1200,-,5.2,701+,6.5,701+,24.0,752,46.8,406,3.0,801+,3.6,801+,8.6,801+,40.0,801+,7.2,801+,24.3,801+,785,39.4575,33564,17.1,0.02,24 : 76,29.7,33.8,50.6,94.1,26.0,2026
Baylor University,United States,Americas,1001-1200,1001-1200,-,8.7,701+,20.9,628,17.5,801+,12.8,801+,3.7,801+,6.6,801+,5.2,801+,46.9,801+,24.5,650,42.9,801+,807,38.9465,21096,14.9,0.06,"2 days, 13:39:00",43.0,19.4,53.6,43.2,37.7,2026
Glasgow Caledonian University,United Kingdom,Europe,1001-1200,1001-1200,-,7.2,701+,9.5,701+,6.3,801+,11.2,801+,45.5,465,77.3,242,79.4,212,40.3,801+,8.5,801+,56.7,562=,913,36.9795,17335,25.9,0.3,"2 days, 9:43:00",17.8,15.2,63.7,48.7,83.5,2026
Gifu University,Japan,Asia,1001-1200,1001-1200,-,6.4,701+,4.5,701+,58.9,308,14.3,801+,7.1,801+,6.2,801+,10.2,801+,23.4,801+,1.8,801+,44.1,801+,1366,29.206,7064,15.3,0.04,38 : 62,27.7,23.9,30.0,68.9,31.3,2026
Georgian Technical University,Georgia,Asia,1001-1200,901-950,-,7.1,701+,7.1,701+,1.0,801+,54.4,336,,,,,,,7.8,801+,29.3,562,3.0,801+,1924,19.3635,17297,13.8,0.03,24 : 76,29.8,9.0,14.5,17.0,39.1,2026
Gebze Technical University,Turkey,Asia,1001-1200,1001-1200,-,7.0,701+,9.5,701+,9.1,801+,40.3,463,19.7,718,10.6,801+,15.3,801+,41.4,801+,2.5,801+,42.2,801+,1301,30.4,8171,25.3,0.05,"1 day, 21:55:00",24.9,22.5,40.0,37.3,40.5,2026
Financial University under the Government of the Russian Federation,Russian Federation,Europe,1001-1200,951-1000,-,4.9,701+,17.4,701+,44.1,450,2.7,801+,6.7,801+,39.2,500,44.7,467,37.6,801+,57.5,291,43.8,801+,1198,32.1495,16514,13.7,0.13,"2 days, 9:43:00",30.0,21.1,42.5,35.2,40.3,2026
Alexandru Ioan Cuza University,Romania,Europe,1001-1200,1201-1400,-,11.7,701+,20.6,641,7.8,801+,5.8,801+,4.6,801+,17.0,779,21.4,742,49.1,801+,23.1,668,48.7,737=,1736,23.5269999999999,24352,16.9,0.09,"2 days, 13:39:00",22.5,12.2,29.2,41.1,39.3,2026
Dankook University,South Korea,Asia,1001-1200,1001-1200,-,10.0,701+,8.3,701+,72.0,213,4.8,801+,5.5,801+,12.6,801+,16.2,801+,17.1,801+,3.6,801+,47.6,770=,1741,23.464,26277,16.6,0.05,"2 days, 6:46:00",23.1,14.7,27.8,51.1,26.7,2026
Clark University,United States,Americas,1001-1200,951-1000,-,2.5,701+,3.6,701+,25.6,724,23.5,666,15.2,801+,94.6,133,93.8,119,29.1,801+,19.3,739,42.4,801+,881,37.559,3623,12.5,0.29,"2 days, 7:45:00",27.2,19.3,57.2,44.2,66.8,2026
Chungbuk National University,South Korea,Asia,1001-1200,1001-1200,-,6.5,701+,4.6,701+,47.9,405,19.6,717,10.7,801+,21.5,703,21.6,740,33.4,801+,1.8,801+,50.9,684=,1003,35.4239999999999,11274,13.3,0.11,"1 day, 19:57:00",33.5,31.4,36.3,70.2,36.5,2026
An-Najah National University,Palestine,Asia,1001-1200,1001-1200,-,13.5,701+,14.5,701+,11.5,801+,4.3,801+,49.8,441,47.4,426,43.8,475,39.0,801+,11.3,801+,47.1,785=,914,36.9589999999999,25887,27.0,0.12,"2 days, 15:37:00",24.7,13.0,66.9,26.0,63.9,2026
Chung Yuan Christian University,Taiwan,Asia,1001-1200,1001-1200,-,9.9,701+,9.2,701+,6.9,801+,25.2,637,5.3,801+,11.8,801+,14.9,801+,17.3,801+,28.6,585,46.7,799=,1364,29.2745,14676,30.2,0.08,"1 day, 23:53:00",18.9,24.2,36.4,64.9,42.2,2026
Slovak University of Technology in Bratislava,Slovakia,Europe,1001-1200,1001-1200,-,10.8,701+,10.6,701+,48.9,396,7.7,801+,4.8,801+,29.1,602,21.8,732,54.2,779,17.9,762,28.1,801+,1631,25.2724999999999,10809,12.9,0.19,33 : 67,28.7,14.5,24.7,45.4,45.0,2026
"Arab Academy for Science, Technology and Maritime Transport",Egypt,Africa,1001-1200,1001-1200,-,7.5,701+,12.4,701+,44.7,441,2.4,801+,9.2,801+,34.9,542,33.6,569,27.0,801+,16.8,789,29.7,801+,1020,35.0975,32274,10.6,0.14,"2 days, 0:52:00",35.1,20.6,44.3,28.6,57.8,2026
Assiut University,Egypt,Africa,1001-1200,1001-1200,-,16.3,701+,15.1,701+,20.7,801+,4.0,801+,21.1,697,7.2,801+,10.6,801+,66.5,596,3.0,801+,53.3,636=,1300,30.4024999999999,86744,13.2,0.05,"2 days, 3:49:00",23.6,12.4,48.3,25.3,57.9,2026
Banaras Hindu University,India,Asia,1001-1200,1001-1200,-,18.9,648,10.6,701+,14.4,801+,18.8,737,1.5,801+,3.0,801+,7.2,801+,59.3,704,15.6,801+,44.5,801+,605,43.5905,12447,7.9,0.04,"2 days, 1:51:00",49.9,18.0,67.8,31.0,27.6,2026
Daffodil International University,Bangladesh,Asia,1001-1200,1201-1400,-,15.6,701+,23.0,578,5.7,801+,6.9,801+,7.7,801+,5.0,801+,8.6,801+,45.1,801+,8.3,801+,51.7,667=,882,37.5585,17085,22.0,0.05,37 : 63,12.1,13.0,81.7,20.1,65.4,2026
Kookmin University,South Korea,Asia,1001-1200,1201-1400,-,5.3,701+,6.2,701+,51.0,371,5.3,801+,7.0,801+,63.5,316,63.9,311,9.9,801+,5.2,801+,43.7,801+,1457,27.9595,15777,18.5,0.13,"2 days, 1:51:00",28.6,21.3,27.0,59.7,38.1,2026
Hallym University,South Korea,Asia,1001-1200,951-1000,-,3.4,701+,2.7,701+,95.6,70,13.1,801+,4.3,801+,3.5,801+,7.6,801+,9.1,801+,1.8,801+,41.4,801+,1327,29.9245,7676,8.5,0.04,,26.8,19.9,39.7,62.5,24.5,2026
Leeds Beckett University,United Kingdom,Europe,1001-1200,1001-1200,-,5.1,701+,10.3,701+,5.2,801+,13.5,801+,46.9,453,45.2,447,50.3,412,36.6,801+,10.8,801+,61.7,464=,822,38.5725,19825,17.0,0.23,"2 days, 6:46:00",19.2,15.9,69.2,48.0,74.9,2026
Sheffield Hallam University,United Kingdom,Europe,1001-1200,1001-1200,-,9.8,701+,13.4,701+,10.9,801+,7.1,801+,42.6,480,42.7,469,48.0,434,60.6,682,12.3,801+,40.6,801+,976,35.935,29535,19.0,0.23,"2 days, 7:45:00",18.0,14.1,65.5,34.9,73.2,2026
Seoul National University of Science and Technology,South Korea,Asia,1001-1200,1201-1400,-,10.5,701+,7.9,701+,20.5,801+,18.9,734,12.0,801+,32.2,565,28.6,633,28.6,801+,1.9,801+,49.7,708=,1297,30.4305,8106,11.8,0.13,38 : 62,30.3,21.7,35.1,52.6,34.2,2026
San Diego State University,United States,Americas,1001-1200,1001-1200,-,7.9,701+,8.7,701+,4.5,801+,22.8,670,7.9,801+,4.6,801+,3.7,801+,70.6,515,32.1,526,46.5,801+,1179,32.4725,33402,25.5,0.04,"2 days, 11:41:00",22.9,12.8,57.2,57.0,34.2,2026
Poznan University of Technology,Poland,Europe,1001-1200,1001-1200,-,10.9,701+,13.1,701+,39.8,510,12.8,801+,3.4,801+,10.7,801+,15.5,801+,47.8,801+,7.4,801+,27.6,801+,1551,26.2995,13680,11.0,0.08,31 : 69,25.7,14.0,34.7,47.7,31.2,2026
Ohio University,United States,Americas,1001-1200,1001-1200,-,10.9,701+,13.3,701+,7.6,801+,14.0,801+,3.9,801+,6.3,801+,11.7,801+,51.8,801+,27.9,598,38.3,801+,803,38.992,20461,21.8,0.04,"2 days, 11:41:00",33.1,18.9,61.6,59.1,38.7,2026
Kyushu Institute of Technology,Japan,Asia,1001-1200,1001-1200,-,5.0,701+,9.0,701+,12.9,801+,37.5,499,10.4,801+,5.9,801+,10.1,801+,21.6,801+,1.8,801+,34.9,801+,1486,27.4514999999999,5616,16.1,0.04,0.6430555555555556,26.4,16.5,30.9,66.9,39.1,2026
Obuda University,Hungary,Europe,1001-1200,1201-1400,-,7.9,701+,8.9,701+,3.9,801+,19.6,721,34.7,538,13.3,801+,19.3,774,44.5,801+,5.1,801+,42.4,801+,722,40.6819999999999,8068,26.6,0.07,0.8888888888888888,17.4,30.9,72.8,27.2,48.8,2026
Northwest University (China),China,Asia,1001-1200,1001-1200,-,5.8,701+,3.2,701+,55.7,338,31.8,566,4.8,801+,4.7,801+,9.3,801+,37.6,801+,5.1,801+,33.1,801+,1165,32.662,26259,13.2,0.03,"2 days, 6:46:00",27.9,14.7,54.0,51.4,25.5,2026
Niigata University,Japan,Asia,1001-1200,951-1000,-,6.6,701+,5.1,701+,88.7,110,6.7,801+,6.6,801+,6.1,801+,10.6,801+,23.1,801+,7.2,801+,43.0,801+,1304,30.3815,11826,7.1,0.03,37 : 63,31.2,15.7,40.9,54.3,29.1,2026
Birmingham City University,United Kingdom,Europe,1001-1200,1001-1200,-,8.2,701+,8.0,701+,8.7,801+,6.5,801+,54.9,412,65.5,304,68.8,278,44.5,801+,12.1,801+,37.9,801+,952,36.297,27055,18.5,0.31,"2 days, 14:38:00",17.9,13.4,65.5,25.2,86.3,2026
Mutah University,Jordan,Asia,1001-1200,1001-1200,-,15.6,701+,21.8,608,12.1,801+,3.4,801+,15.7,788,32.9,560,32.2,587,28.0,801+,10.1,801+,33.2,801+,1440,28.2284999999999,15579,21.6,0.13,"2 days, 5:47:00",25.4,13.7,39.2,18.0,57.1,2026
Mustansiriyah University,Iraq,Asia,1001-1200,1001-1200,-,8.3,701+,23.5,572,64.9,269,1.8,801+,43.6,474,6.3,801+,5.0,801+,19.2,801+,10.4,801+,26.5,801+,1892,20.2464999999999,32844,8.5,0.01,"2 days, 7:45:00",26.8,9.8,19.8,23.9,34.7,2026
Mississippi State University,United States,Americas,1001-1200,1001-1200,-,7.2,701+,8.7,701+,9.1,801+,33.5,542,19.7,720,5.5,801+,4.3,801+,70.2,527,12.8,801+,38.5,801+,737,40.3109999999999,20844,14.1,0.04,"2 days, 5:47:00",28.5,21.2,64.8,63.2,50.5,2026
Marmara University,Turkey,Asia,1001-1200,1001-1200,-,11.8,701+,23.1,577,5.4,801+,4.9,801+,5.5,801+,6.8,801+,12.3,801+,52.5,801+,38.1,453,42.6,801+,1603,25.568,47315,25.2,0.05,"2 days, 4:48:00",25.1,13.7,34.7,34.7,31.9,2026
Mansoura University,Egypt,Africa,1001-1200,951-1000,-,18.8,653,15.8,701+,5.2,801+,5.0,801+,9.9,801+,21.2,706,24.5,695,81.9,315,12.6,801+,55.5,591=,892,37.306,165971,19.0,0.14,"2 days, 7:45:00",20.2,11.9,69.4,32.9,76.8,2026
"National Technical University ""Kharkiv Polytechnic Institute""",Ukraine,Europe,1001-1200,1001-1200,-,7.6,701+,20.8,633,61.1,294,1.8,801+,2.3,801+,33.3,555,34.7,553,17.1,801+,4.6,801+,38.9,801+,2000,17.848,11572,8.5,0.13,28 : 72,24.5,9.2,15.7,19.0,33.1,2026
Lobachevsky State University of Nizhni Novgorod,Russian Federation,Europe,1001-1200,1001-1200,-,10.0,701+,8.2,701+,50.9,372,3.5,801+,2.6,801+,37.0,526,42.6,487,18.0,801+,3.9,801+,38.2,801+,1825,21.5529999999999,20444,10.5,0.13,"2 days, 3:49:00",31.5,13.9,13.8,35.3,35.7,2026
Lodz University of Technology,Poland,Europe,1001-1200,1001-1200,-,6.0,701+,7.3,701+,59.0,306,16.0,784,4.1,801+,8.3,801+,12.4,801+,49.2,801+,4.1,801+,40.3,801+,1589,25.7195,10476,11.7,0.06,38 : 62,25.9,15.8,28.5,61.8,33.0,2026
London Metropolitan University,United Kingdom,Europe,1001-1200,1001-1200,-,5.9,701+,7.3,701+,4.7,801+,7.0,801+,68.5,340,97.6,95,97.7,84,22.4,801+,20.8,713,20.9,801+,752,40.1084999999999,12395,28.2,0.64,"2 days, 16:36:00",16.6,14.4,76.6,30.2,91.3,2026
Makerere University,Uganda,Africa,1001-1200,901-950,-,13.4,701+,5.3,701+,5.8,801+,6.5,801+,8.3,801+,13.6,801+,10.3,801+,65.3,617,98.3,38,42.0,801+,923,36.856,25506,19.3,0.04,"1 day, 19:57:00",21.5,26.6,54.2,32.8,69.7,2026
University of Copenhagen,Denmark,Europe,101,100,68.4,85.5,79,41.7,324,99.6,34,36.6,512,87.3,241,26.5,640,19.9,765,98.0,22,94.4,77,76.3,221,90,67.1184999999999,31425,4.2,0.14,"2 days, 15:37:00",51.3,52.2,91.3,92.8,76.6,2026
Pohang University of Science And Technology (POSTECH),South Korea,Asia,102,98,67.9,61.3,166,83.3,94,99.9,27,98.3,45,31.6,568,4.2,801+,8.3,801+,29.6,801+,16.0,801+,64.3,415=,142,62.306,3234,9.2,0.07,,58.3,49.5,79.2,100.0,39.9,2026
Nanjing University,China,Asia,103,145,67.7,72.1,128,61.2,188,37.2,541,99.0,39,82.9,273,15.9,799,12.0,801+,69.5,541,39.7,440,59.5,513,63,73.7139999999999,34217,14.1,0.1,"2 days, 11:41:00",69.6,66.2,85.1,99.6,59.6,2026
Lomonosov Moscow State University,Russian Federation,Europe,105,94,67.6,83.7,83,87.9,80,99.9,26,7.3,801+,25.5,641,96.0,112,96.1,97,87.0,214,98.3,37,48.8,734=,133,63.0545,31603,9.7,0.38,"2 days, 3:49:00",80.9,69.7,32.9,93.4,71.6,2026
Technical University of Denmark,Denmark,Europe,107,109,67.5,44.8,264,36.2,396,98.4,49,90.9,99,100.0,52,95.9,113,96.1,96,87.1,213,60.5,269,68.0,351=,121,64.34,11254,8.8,0.37,34 : 66,51.2,46.5,82.6,99.9,93.0,2026
Tohoku University,Japan,Asia,109,107,66.7,84.5,82,86.5,84,98.2,52,35.5,519,20.5,705,19.4,739,25.5,678,70.1,529,36.5,474,82.0,149=,105,65.7274999999999,17349,12.6,0.13,28 : 72,70.9,70.8,52.8,100.0,59.2,2026
The University of Hong Kong,Hong Kong,Asia,11,17,94.2,99.3,27,82.5,97,85.3,131,96.6,60,100.0,31,100.0,38,100.0,24,82.3,305,99.8,15,84.8,112=,33,80.4654999999999,17668,17.8,0.48,"2 days, 8:44:00",68.3,70.8,95.6,96.5,96.6,2026
Queen Mary University of London (QMUL),United Kingdom,Europe,110,120,66.6,63.6,160,47.1,277,31.0,618,83.4,134,99.9,100,99.9,45,99.9,34,91.9,146,40.1,438,82.4,144=,137,62.853,25135,14.3,0.46,"2 days, 5:47:00",38.7,42.6,95.7,76.5,97.5,2026
University of Wisconsin-Madison,United States,Americas,110,116,66.6,85.7,78,63.1,172,84.3,141,28.1,606,57.7,400,37.0,527,42.6,488,88.9,192,91.0,96,72.5,281=,54,75.0445,45254,10.7,0.15,,70.3,68.8,88.0,82.6,62.0,2026
Qatar University,Qatar,Asia,112,122,66.5,43.3,273,56.5,208,73.8,206,73.3,188,100.0,26,98.6,83,98.6,70,89.6,179,98.9,29,72.2,289=,221,57.5884999999999,9539,8.2,0.38,,32.4,38.1,89.1,79.1,94.5,2026
University of St Andrews,United Kingdom,Europe,113,104,66.4,61.5,165,74.9,127,63.8,278,51.3,368,98.8,131,99.7,47,99.7,36,87.7,208,28.9,575,86.2,97,164,60.9,11265,12.9,0.49,"2 days, 11:41:00",50.6,43.3,78.2,71.9,94.4,2026
"University of California, Davis",United States,Americas,114,130,66.3,72.7,125,70.1,146,28.3,675,66.5,237,86.5,250,61.9,327,65.6,298,90.8,165,38.0,457,79.8,174,64,72.8189999999999,38565,13.6,0.22,"2 days, 10:42:00",63.9,66.4,84.9,86.5,77.1,2026
Aalto University,Finland,Europe,114,113,66.3,57.5,189,56.1,212,35.1,564,79.6,160,97.2,147,60.0,343,63.9,312,80.9,332,97.1,55,88.3,77,196,59.017,15131,21.3,0.26,39 : 61,44.3,43.4,78.9,91.0,80.7,2026
University of Helsinki,Finland,Europe,116,117,66.1,74.5,114,37.7,370,66.9,256,62.7,262,78.5,305,13.1,801+,19.1,779,96.1,57,94.2,80,95.6,18,104,65.738,22974,15.8,0.07,"2 days, 20:32:00",50.4,57.3,90.1,70.7,58.6,2026
University College Dublin,Ireland,Europe,118,126,66,66.5,149,57.6,204,19.7,801+,62.0,272,99.5,112,89.6,170,90.5,144,89.0,188,92.2,88,91.7,49=,223,57.4665,25252,19.1,0.35,,35.5,41.7,84.0,74.9,89.4,2026
Rice University,United States,Americas,119,141,65.7,50.6,221,51.0,245,74.9,196,81.6,148,91.3,215,96.6,104,96.8,91,66.3,605,45.7,381,81.5,156,103,65.8395,8223,10.3,0.31,"1 day, 19:57:00",56.7,46.8,88.1,72.9,82.6,2026
University of Oslo,Norway,Europe,119,119,65.7,67.8,143,27.7,498,78.4,176,67.7,232,95.8,167,46.0,439,34.3,560,96.8,43,86.6,129,72.3,286=,114,65.1614999999999,20102,11.7,0.18,"2 days, 16:36:00",47.8,52.5,90.3,75.2,76.5,2026
University of Waterloo,Canada,Americas,119,115,65.7,53.0,209,74.2,130,8.8,801+,88.3,108,81.5,283,76.6,247,78.9,219,83.5,285,72.0,201,90.5,60,163,60.913,34772,22.7,0.21,"1 day, 23:53:00",42.7,47.6,83.4,77.0,85.5,2026
Leiden University,Netherlands,Europe,119,141,65.7,80.4,97,46.3,288,30.3,629,64.9,249,89.7,225,68.4,288,50.9,408,94.3,93,61.2,263,58.6,530=,70,71.3344999999999,34441,17.6,0.22,"2 days, 10:42:00",49.3,63.3,93.6,99.1,85.2,2026
"Nanyang Technological University, Singapore (NTU Singapore)",Singapore,Asia,12,15,93.7,97.1,42,91.4,67,83.9,148,94.6,76,100.0,43,93.1,145,93.6,121,86.9,217,87.7,121,87.2,88,31,81.6399999999999,25859,17.3,0.31,"1 day, 23:53:00",65.8,78.1,95.2,100.0,93.6,2026
Helwan University,Egypt,Africa,1201-1400,1201-1400,-,11.0,701+,15.0,701+,4.9,801+,2.6,801+,1.2,801+,3.4,801+,2.8,801+,63.6,642,20.1,724,36.1,801+,1533,26.7265,153935,23.9,0.01,"2 days, 8:44:00",22.7,9.0,43.1,23.0,47.6,2026
International Islamic University Islamabad (IIU),Pakistan,Asia,1201-1400,1001-1200,-,9.3,701+,14.3,701+,5.0,801+,15.5,795,5.7,801+,9.6,801+,13.2,801+,57.9,719,3.3,801+,28.8,801+,902,37.178,24592,21.9,0.05,"2 days, 10:42:00",19.0,11.3,77.1,20.4,58.0,2026
Islamic University of Madinah,Saudi Arabia,Asia,1201-1400,1001-1200,-,8.1,701+,3.5,701+,7.8,801+,3.0,801+,46.5,459,100.0,8,100.0,3,19.1,801+,2.6,801+,7.6,801+,1019,35.102,17328,24.6,0.77,0.15138888888888888,29.7,10.0,53.6,17.7,88.7,2026
Latvia University of Life Sciences and Technologies,Latvia,Europe,1201-1400,,-,7.5,701+,10.1,701+,5.7,801+,7.9,801+,1.8,801+,16.5,790,19.1,776,24.1,801+,17.7,768,35.8,801+,1919,19.4344999999999,3998,14.1,0.08,"2 days, 1:51:00",21.7,15.8,17.9,24.9,27.8,2026
Ivan Franko National University of Lviv,Ukraine,Europe,1201-1400,1201-1400,-,9.6,701+,25.3,533,32.8,590,1.7,801+,1.3,801+,1.6,801+,6.0,801+,13.3,801+,26.1,622,43.1,801+,2092,15.696,21946,13.2,0.01,"2 days, 18:34:00",20.5,11.1,11.5,18.8,29.7,2026
King Mongkut's University of Technology North Bangkok,Thailand,Asia,1201-1400,1201-1400,-,13.4,701+,11.9,701+,5.3,801+,7.3,801+,3.8,801+,1.4,801+,5.8,801+,31.1,801+,3.1,801+,31.7,801+,1266,30.97,27960,22.6,0.01,40 : 60,17.8,15.3,55.9,57.3,29.6,2026
Jeju National University,South Korea,Asia,1201-1400,1201-1400,-,5.1,701+,3.4,701+,44.3,446,13.5,801+,9.4,801+,9.3,801+,13.1,801+,23.4,801+,1.8,801+,53.4,632=,1384,28.9004999999999,10335,15.0,0.04,"2 days, 5:47:00",25.3,20.2,38.6,44.1,29.8,2026
Kagoshima University,Japan,Asia,1201-1400,1001-1200,-,7.8,701+,4.7,701+,69.6,234,6.1,801+,5.1,801+,5.0,801+,4.0,801+,24.0,801+,1.6,801+,23.0,801+,1751,23.1989999999999,10130,10.5,0.02,39 : 61,26.5,13.8,23.8,56.3,26.5,2026
Kharkiv National University of Radio Electronics,Ukraine,Europe,1201-1400,1201-1400,-,3.2,701+,22.5,591,31.1,615,2.2,801+,1.8,801+,10.7,801+,14.9,801+,12.9,801+,4.7,801+,33.3,801+,1871,20.7025,7129,11.6,0.06,30 : 70,20.8,9.0,30.0,18.6,29.5,2026
Hanoi University of Science and Technology,Vietnam,Asia,1201-1400,1201-1400,-,12.3,701+,15.9,701+,3.3,801+,10.0,801+,5.7,801+,1.5,801+,5.8,801+,23.3,801+,30.8,537,51.3,677=,1729,23.6199999999999,39204,35.8,0.0,0.8888888888888888,14.5,16.9,30.5,66.1,35.3,2026
Kwame Nkrumah University of Science and Technology,Ghana,Africa,1201-1400,1201-1400,-,10.2,701+,9.2,701+,6.0,801+,3.9,801+,,,,,,,65.9,611,49.9,344,42.3,801+,1286,30.581,76838,46.8,0.01,39 : 61,17.7,16.6,53.3,26.7,46.5,2026
Kyoto Institute of Technology,Japan,Asia,1201-1400,1201-1400,-,8.0,701+,6.3,701+,18.6,801+,18.7,741,15.3,801+,13.6,801+,17.1,801+,13.2,801+,1.8,801+,24.6,801+,1771,22.7885,4018,14.5,0.06,29 : 71,25.5,17.7,16.2,72.2,31.8,2026
Jahangirnagar University,Bangladesh,Asia,1201-1400,1201-1400,-,12.2,701+,17.5,701+,5.7,801+,9.3,801+,,,,,,,35.3,801+,4.5,801+,33.2,801+,941,36.5274999999999,11895,16.9,0.0,"2 days, 2:50:00",19.7,10.0,77.6,20.4,49.6,2026
Gunma University,Japan,Asia,1201-1400,1001-1200,-,3.8,701+,2.8,701+,89.8,104,9.0,801+,5.5,801+,5.2,801+,8.6,801+,10.5,801+,1.8,801+,15.4,801+,1699,24.0835,6155,7.4,0.05,39 : 61,27.9,13.4,24.2,66.3,27.4,2026
Delta University for Science & Technology,Egypt,Africa,1201-1400,,-,26.2,483,8.8,701+,5.7,801+,5.1,801+,8.5,801+,2.4,801+,6.6,801+,14.0,801+,3.2,801+,33.1,801+,1005,35.3704999999999,11762,18.2,0.01,"1 day, 22:54:00",21.4,11.0,70.9,18.0,51.7,2026
Fu Jen Catholic University,Taiwan,Asia,1201-1400,1201-1400,-,10.6,701+,10.8,701+,4.5,801+,14.9,801+,13.2,801+,8.1,801+,12.5,801+,9.3,801+,35.8,479,44.5,801+,1394,28.6824999999999,19288,25.9,0.05,"2 days, 11:41:00",23.1,27.6,28.5,76.6,30.0,2026
Feng Chia University,Taiwan,Asia,1201-1400,1201-1400,-,12.3,701+,11.8,701+,6.4,801+,11.7,801+,5.6,801+,6.8,801+,11.0,801+,10.1,801+,21.0,707,53.9,624=,1760,23.0215,20114,23.0,0.06,"1 day, 17:59:00",16.9,18.2,24.2,70.7,35.6,2026
Doshisha University,Japan,Asia,1201-1400,1201-1400,-,11.1,701+,16.2,701+,7.0,801+,2.5,801+,22.1,685,6.3,801+,11.6,801+,18.7,801+,26.3,620,22.1,801+,2069,16.256,26715,18.1,0.04,"1 day, 18:58:00",18.1,11.1,12.4,35.5,34.1,2026
Damascus University,Syria,Asia,1201-1400,1201-1400,-,8.0,701+,6.4,701+,1.7,801+,1.5,801+,5.4,801+,11.2,801+,14.6,801+,23.2,801+,95.8,69,32.0,801+,2156,13.8834999999999,163499,56.8,0.07,"2 days, 21:31:00",12.5,8.3,12.1,18.1,45.8,2026
Cukurova University,Turkey,Asia,1201-1400,1201-1400,-,6.7,701+,6.1,701+,8.6,801+,4.9,801+,2.5,801+,6.5,801+,12.0,801+,56.0,749,14.1,801+,42.3,801+,1711,23.9135,33663,22.9,0.03,"1 day, 23:53:00",22.3,13.8,32.5,33.7,29.8,2026
Chitkara University,India,Asia,1201-1400,1201-1400,-,10.0,701+,10.9,701+,18.2,801+,5.4,801+,13.1,801+,5.4,801+,9.1,801+,44.0,801+,1.7,801+,47.4,776=,717,40.8105,18269,13.8,0.03,"1 day, 20:56:00",21.1,14.7,91.0,22.7,28.2,2026
Canterbury Christ Church University,United Kingdom,Europe,1201-1400,1001-1200,-,6.8,701+,4.7,701+,5.3,801+,6.8,801+,41.5,487,60.4,340,64.2,309,21.9,801+,2.2,801+,21.7,801+,1353,29.4325,23395,38.4,0.55,"2 days, 9:43:00",18.0,13.5,46.3,19.0,74.1,2026
Brock University,Canada,Americas,1201-1400,1201-1400,-,6.7,701+,10.9,701+,4.7,801+,16.6,772,4.2,801+,27.5,621,33.5,570,29.2,801+,6.7,801+,41.5,801+,1317,30.06,21118,22.0,0.19,"2 days, 9:43:00",15.0,18.4,48.0,42.1,56.2,2026
British University in Egypt,Egypt,Africa,1201-1400,1201-1400,-,8.4,701+,10.8,701+,36.7,549,4.6,801+,1.8,801+,6.1,801+,10.1,801+,18.4,801+,3.0,801+,20.6,801+,1461,27.9044999999999,11180,21.8,0.04,"2 days, 3:49:00",16.7,12.1,53.0,19.1,37.4,2026
BRAC University,Bangladesh,Asia,1201-1400,1001-1200,-,14.9,701+,33.4,429,11.6,801+,3.6,801+,1.7,801+,1.8,801+,6.2,801+,30.4,801+,4.5,801+,30.0,801+,1062,34.4115,17235,21.2,0.01,"1 day, 21:55:00",13.6,13.4,74.9,19.9,43.3,2026
Beni-Suef University,Egypt,Africa,1201-1400,,-,8.7,701+,4.1,701+,2.1,801+,11.1,801+,13.7,801+,1.6,801+,6.0,801+,51.5,801+,2.8,801+,39.8,801+,1096,33.79,82628,44.9,0.01,"2 days, 0:52:00",25.8,11.3,59.4,22.8,55.6,2026
Bahauddin Zakariya University,Pakistan,Asia,1201-1400,1201-1400,-,8.5,701+,7.8,701+,4.1,801+,30.3,584,,,1.0,801+,1.0,801+,50.8,801+,8.3,801+,25.7,801+,784,39.461,19120,19.5,0.0,40 : 60,23.7,18.1,75.0,25.2,49.5,2026
Al-Balqa Applied University,Jordan,Asia,1201-1400,1201-1400,-,10.2,701+,15.4,701+,6.0,801+,5.8,801+,15.2,801+,5.2,801+,9.2,801+,46.0,801+,5.5,801+,41.8,801+,1140,33.031,24503,23.7,0.03,"2 days, 10:42:00",13.4,16.9,64.7,30.3,47.4,2026
Galgotias University,India,Asia,1201-1400,,-,16.6,701+,4.6,701+,36.2,553,3.2,801+,21.1,696,15.0,801+,18.1,793,16.9,801+,3.3,801+,,,1234,31.607,18462,14.8,0.03,36 : 64,21.3,10.9,64.2,19.5,28.3,2026
Meiji University,Japan,Asia,1201-1400,1201-1400,-,9.4,701+,24.6,545,5.9,801+,2.5,801+,14.5,801+,8.9,801+,13.3,801+,12.6,801+,29.4,559,29.4,801+,2124,14.786,34072,21.9,0.05,34 : 66,16.2,10.2,11.6,31.1,31.0,2026
Samara National Research University (Samara University),Russian Federation,Europe,1201-1400,1001-1200,-,4.0,701+,3.7,701+,74.6,199,3.2,801+,2.9,801+,22.3,696,27.1,652,19.5,801+,13.2,801+,30.6,801+,1872,20.6815,9427,10.4,0.1,"1 day, 22:54:00",27.1,14.1,16.2,34.2,31.6,2026
National Chin-Yi University of Technology,Taiwan,Asia,1201-1400,,-,13.0,701+,16.4,701+,8.8,801+,12.9,801+,3.1,801+,20.6,718,21.3,745,15.6,801+,2.1,801+,40.0,801+,1640,25.0785,7667,22.4,0.12,31 : 69,15.0,26.6,27.3,50.3,36.5,2026
University of Basrah,Iraq,Asia,1201-1400,1201-1400,-,9.1,701+,26.6,514,18.7,801+,2.2,801+,,,1.0,801+,1.0,801+,34.7,801+,14.2,801+,20.0,801+,2161,13.6819999999999,88218,22.8,0.0,"2 days, 16:36:00",15.2,8.1,14.5,17.1,24.2,2026
University of Babylon,Iraq,Asia,1201-1400,1201-1400,-,7.7,701+,25.9,524,19.6,801+,3.7,801+,1.3,801+,1.2,801+,1.1,801+,36.6,801+,5.8,801+,29.8,801+,1733,23.5414999999999,29695,12.9,0.01,"2 days, 7:45:00",28.4,9.0,33.4,21.9,22.1,2026
Universiti Teknikal Malaysia Melaka (UTeM),Malaysia,Asia,1201-1400,1201-1400,-,10.3,701+,11.2,701+,18.0,801+,11.4,801+,5.4,801+,10.7,801+,13.9,801+,34.7,801+,5.2,801+,36.4,801+,1668,24.5499999999999,9543,13.0,0.06,36 : 64,26.9,11.4,27.3,37.4,48.3,2026
Universiti Malaysia Kelantan,Malaysia,Asia,1201-1400,,-,9.5,701+,3.6,701+,7.1,801+,10.6,801+,17.0,768,14.2,801+,16.4,801+,25.5,801+,5.1,801+,47.9,763=,1647,24.9344999999999,10001,20.0,0.08,"2 days, 22:30:00",16.1,14.8,35.5,37.7,49.8,2026
Universiti Kuala Lumpur (UniKL),Malaysia,Asia,1201-1400,1201-1400,-,9.9,701+,10.8,701+,33.8,579,4.1,801+,7.1,801+,5.0,801+,9.8,801+,18.1,801+,5.1,801+,23.2,801+,1900,20.0405,17749,12.8,0.03,"1 day, 20:56:00",20.6,9.6,23.6,28.8,39.3,2026
Universitas Pendidikan Indonesia,Indonesia,Asia,1201-1400,1201-1400,-,17.4,701+,5.7,701+,16.2,801+,2.2,801+,17.6,757,2.5,801+,7.1,801+,20.0,801+,2.7,801+,43.1,801+,1806,22.0574999999999,37007,16.9,0.02,"2 days, 8:44:00",20.3,11.9,32.2,20.7,28.4,2026
Universitas Negeri Yogyakarta,Indonesia,Asia,1201-1400,1201-1400,-,17.4,701+,6.7,701+,12.2,801+,2.0,801+,18.8,732,2.8,801+,7.2,801+,10.8,801+,2.8,801+,32.5,801+,1537,26.6225,27783,17.2,0.02,"2 days, 8:44:00",19.2,12.1,46.0,24.3,35.7,2026
Universitas Muhammadiyah Yogyakarta (UMY),Indonesia,Asia,1201-1400,1201-1400,-,10.9,701+,4.2,701+,4.8,801+,2.2,801+,82.5,275,3.9,801+,8.3,801+,8.3,801+,2.7,801+,37.9,801+,1929,19.136,23551,28.1,0.02,"2 days, 0:52:00",12.4,11.9,25.4,18.3,49.0,2026
Universidade Federal de Pernambuco (UFPE),Brazil,Americas,1201-1400,1001-1200,-,16.0,701+,4.4,701+,20.3,801+,7.6,801+,4.8,801+,1.4,801+,5.9,801+,58.3,713,6.8,801+,36.1,801+,1473,27.676,36048,13.2,0.0,"2 days, 4:48:00",33.8,18.5,25.6,62.5,28.8,2026
Universidade Federal da Bahia,Brazil,Americas,1201-1400,1201-1400,-,13.5,701+,5.0,701+,11.8,801+,5.7,801+,6.9,801+,2.0,801+,1.8,801+,48.7,801+,20.6,715,41.4,801+,1654,24.7075,50721,19.0,0.01,"2 days, 6:46:00",27.1,14.6,30.0,25.1,33.0,2026
Universidade do Estado do Rio de Janeiro (UERJ),Brazil,Americas,1201-1400,1201-1400,-,13.2,701+,6.5,701+,22.6,780,4.0,801+,4.8,801+,1.4,801+,1.3,801+,48.0,801+,22.6,680,31.8,801+,1732,23.5715,34661,11.8,0.0,"2 days, 7:45:00",32.2,12.3,24.5,23.2,29.7,2026
Universidad Peruana de Ciencias Aplicadas (UPC),Peru,Americas,1201-1400,1201-1400,-,17.8,689,26.8,511,4.7,801+,1.4,801+,17.1,766,2.1,801+,1.8,801+,10.1,801+,4.8,801+,32.0,801+,2171,13.3725,81453,29.7,0.02,"2 days, 1:51:00",12.0,8.8,13.6,17.2,33.5,2026
Universidad Nacional del Litoral,Argentina,Americas,1201-1400,1201-1400,-,18.1,674,10.1,701+,3.1,801+,4.1,801+,6.6,801+,1.5,801+,1.4,801+,26.8,801+,7.1,801+,41.0,801+,2106,15.3419999999999,50839,34.9,0.01,"2 days, 15:37:00",13.5,9.6,16.9,25.2,33.3,2026
Universidad Industrial de Santander,Colombia,Americas,1201-1400,1201-1400,-,12.7,701+,17.6,701+,5.8,801+,3.4,801+,6.0,801+,2.0,801+,6.3,801+,18.5,801+,13.3,801+,28.5,801+,2068,16.3055,21778,25.4,0.01,"1 day, 22:54:00",16.2,11.4,14.4,24.2,39.1,2026
Universidad del Desarrollo,Chile,Americas,1201-1400,1201-1400,-,11.8,701+,15.7,701+,15.7,801+,4.0,801+,10.6,801+,3.3,801+,7.6,801+,18.3,801+,6.8,801+,47.5,774=,1485,27.4519999999999,17491,17.7,0.04,"2 days, 9:43:00",16.4,12.1,47.2,28.0,51.0,2026
University of Derby,United Kingdom,Europe,1201-1400,1001-1200,-,5.4,701+,7.5,701+,12.0,801+,10.9,801+,40.8,492,49.9,409,54.6,375,42.8,801+,2.2,801+,34.0,801+,793,39.293,15820,14.6,0.26,"2 days, 13:39:00",19.0,14.1,74.0,34.6,80.2,2026
University of International Business and Economics,China,Asia,1201-1400,1201-1400,-,3.3,701+,5.1,701+,16.5,801+,8.4,801+,8.6,801+,43.3,465,32.4,586,8.2,801+,21.2,704,29.8,801+,533,45.6239999999999,15343,14.2,0.12,"3 days, 1:27:00",29.2,19.0,87.3,31.5,54.0,2026
University of Kerbala,Iraq,Asia,1201-1400,,-,12.8,701+,14.8,701+,35.3,560,2.0,801+,2.1,801+,1.9,801+,1.7,801+,13.9,801+,5.6,801+,21.3,801+,2049,16.7159999999999,25226,12.4,0.0,"2 days, 7:45:00",22.3,8.1,16.9,16.4,27.5,2026
Nagoya Institute of Technology (NIT),Japan,Asia,1201-1400,1201-1400,-,9.5,701+,4.4,701+,11.5,801+,28.6,599,6.9,801+,7.8,801+,6.0,801+,19.6,801+,8.6,801+,18.1,801+,1572,25.9204999999999,5552,15.7,0.04,0.7659722222222223,22.8,22.0,25.3,75.3,29.5,2026
Zagazig University,Egypt,Africa,1201-1400,1201-1400,-,11.3,701+,9.1,701+,4.5,801+,5.1,801+,1.3,801+,8.1,801+,12.0,801+,69.8,535,5.2,801+,53.0,646=,1015,35.147,172762,21.8,0.03,"2 days, 4:48:00",17.9,11.2,71.2,36.4,50.7,2026
University of Split,Croatia,Europe,1201-1400,1201-1400,-,7.6,701+,9.2,701+,8.7,801+,8.8,801+,1.6,801+,3.3,801+,7.5,801+,52.3,801+,22.4,687,44.8,801+,1487,27.4225,18811,15.0,0.03,"2 days, 11:41:00",22.2,15.3,42.3,28.6,34.7,2026
University of Silesia in Katowice,Poland,Europe,1201-1400,1201-1400,-,8.6,701+,6.8,701+,31.3,611,5.7,801+,5.1,801+,7.4,801+,12.0,801+,59.3,703,10.1,801+,44.4,801+,1649,24.85,17261,10.6,0.05,"2 days, 18:34:00",28.0,15.2,28.8,27.8,32.4,2026
University of Sarajevo,Bosnia and Herzegovina,Europe,1201-1400,1001-1200,-,5.0,701+,1.0,701+,6.5,801+,2.9,801+,,,5.2,801+,4.1,801+,41.3,801+,89.1,113,20.5,801+,1897,20.1414999999999,21375,13.0,0.03,,21.2,11.5,23.4,33.0,29.5,2026
University of Rijeka,Croatia,Europe,1201-1400,1201-1400,-,7.3,701+,8.4,701+,17.0,801+,8.7,801+,2.8,801+,5.8,801+,10.1,801+,50.2,801+,15.3,801+,42.4,801+,1655,24.6964999999999,12749,15.6,0.05,"2 days, 11:41:00",20.1,19.4,31.3,36.4,30.6,2026
University of Rajshahi,Bangladesh,Asia,1201-1400,1201-1400,-,13.2,701+,13.1,701+,6.2,801+,6.4,801+,1.3,801+,1.2,801+,5.6,801+,23.5,801+,4.4,801+,39.3,801+,1033,34.8724999999999,19819,17.8,0.0,36 : 64,16.5,9.9,77.0,22.1,42.0,2026
University of Primorska,Slovenia,Europe,1201-1400,1201-1400,-,3.6,701+,5.7,701+,12.3,801+,8.3,801+,31.6,567,38.9,506,37.4,523,45.4,801+,13.2,801+,21.8,801+,1702,24.061,5744,13.5,0.23,"3 days, 4:24:00",20.0,17.4,25.1,23.0,62.2,2026
Tunghai University,Taiwan,Asia,1201-1400,1201-1400,-,10.1,701+,9.2,701+,6.7,801+,13.1,801+,13.5,801+,17.8,765,21.7,735,28.2,801+,21.9,696,47.5,774=,1532,26.7355,14886,20.5,0.09,"2 days, 7:45:00",15.7,15.4,40.8,44.2,48.4,2026
University of Petra,Jordan,Asia,1201-1400,,-,8.8,701+,8.1,701+,10.0,801+,6.2,801+,25.9,635,47.1,429,44.2,472,9.9,801+,5.7,801+,34.6,801+,934,36.665,5154,17.3,0.18,"2 days, 6:46:00",15.2,12.4,76.1,17.5,67.4,2026
University of Pardubice,Czechia,Europe,1201-1400,1201-1400,-,5.2,701+,5.2,701+,47.8,407,5.8,801+,12.3,801+,15.5,801+,19.7,768,36.2,801+,2.5,801+,15.8,801+,1785,22.61,7339,15.3,0.09,"2 days, 7:45:00",19.7,18.6,22.8,37.8,40.7,2026
University of Pannonia,Hungary,Europe,1201-1400,1201-1400,-,6.1,701+,7.3,701+,33.3,584,14.9,801+,5.8,801+,7.2,801+,5.6,801+,55.5,760,5.0,801+,23.4,801+,1652,24.7639999999999,5317,20.0,0.06,"2 days, 1:51:00",22.7,17.7,29.9,31.8,35.9,2026
University of Ostrava,Czechia,Europe,1201-1400,1201-1400,-,8.0,701+,2.9,701+,20.5,801+,5.9,801+,34.6,540,32.2,564,24.2,702,28.9,801+,5.0,801+,24.2,801+,1635,25.2134999999999,9219,16.4,0.12,"2 days, 22:30:00",20.0,16.7,32.7,20.7,51.1,2026
University of Novi Sad,Serbia,Europe,1201-1400,1001-1200,-,12.5,701+,6.5,701+,10.5,801+,6.9,801+,,,,,,,82.1,312,30.7,538,31.2,801+,1679,24.3394999999999,49296,14.0,0.07,"2 days, 10:42:00",19.9,11.5,32.8,59.6,38.8,2026
University of Mosul,Iraq,Asia,1201-1400,,-,7.3,701+,12.9,701+,23.4,764,1.7,801+,1.0,801+,1.3,801+,5.7,801+,30.2,801+,28.8,577,26.4,801+,2063,16.4444999999999,57684,13.7,0.0,"2 days, 8:44:00",19.3,10.5,16.9,29.9,19.2,2026
University of Miskolc,Hungary,Europe,1201-1400,1201-1400,-,9.0,701+,10.3,701+,20.4,801+,4.7,801+,3.0,801+,6.4,801+,5.0,801+,24.5,801+,16.3,801+,27.8,801+,1835,21.346,9107,17.7,0.09,"2 days, 3:49:00",23.8,14.7,21.2,24.3,36.4,2026
University of Memphis,United States,Americas,1201-1400,1201-1400,-,4.1,701+,4.1,701+,18.6,801+,13.9,801+,2.5,801+,19.4,737,14.7,801+,41.9,801+,15.0,801+,35.1,801+,1027,34.9995,15761,14.3,0.1,"2 days, 12:40:00",30.1,19.3,48.6,62.7,45.8,2026
University of Peradeniya,Sri Lanka,Asia,1201-1400,1201-1400,-,10.4,701+,13.6,701+,14.3,801+,3.7,801+,,,1.6,801+,6.0,801+,39.5,801+,17.7,765,50.6,693=,1420,28.4395,20419,26.2,0.0,"2 days, 12:40:00",12.8,12.4,56.4,30.0,39.3,2026
Tokushima University,Japan,Asia,1201-1400,1001-1200,-,5.4,701+,3.2,701+,70.1,231,10.2,801+,3.3,801+,3.8,801+,7.8,801+,18.2,801+,6.4,801+,23.3,801+,1453,28.0089999999999,7395,9.5,0.02,36 : 64,28.9,20.7,27.2,86.7,24.7,2026
University of Kufa,Iraq,Asia,1201-1400,1201-1400,-,7.4,701+,33.3,433,31.7,607,2.1,801+,,,1.0,801+,1.0,801+,26.3,801+,5.7,801+,15.6,801+,1739,23.5005,35860,11.8,0.0,"2 days, 11:41:00",23.6,9.0,38.1,16.9,24.3,2026
Tishk International University,Iraq,Asia,1201-1400,,-,13.4,701+,4.0,701+,8.0,801+,11.8,801+,74.2,318,1.6,801+,5.9,801+,33.5,801+,5.9,801+,17.3,801+,1011,35.245,4665,16.1,0.01,"2 days, 2:50:00",15.4,13.3,69.8,19.0,68.6,2026
Tamkang University,Taiwan,Asia,1201-1400,1201-1400,-,7.8,701+,9.9,701+,5.2,801+,11.0,801+,8.0,801+,11.6,801+,16.4,801+,24.6,801+,35.6,484,45.7,801+,1587,25.7404999999999,21955,20.1,0.07,"1 day, 22:54:00",16.1,12.4,40.1,50.5,44.6,2026
Taibah University,Saudi Arabia,Asia,1201-1400,1001-1200,-,9.2,701+,4.3,701+,7.6,801+,7.4,801+,90.6,221,3.6,801+,8.2,801+,38.0,801+,2.5,801+,32.5,801+,1168,32.64,45990,19.5,0.02,"2 days, 15:37:00",16.1,11.2,60.4,23.0,74.7,2026
Suranaree University of Technology,Thailand,Asia,1201-1400,1201-1400,-,10.2,701+,6.5,701+,5.9,801+,16.7,768,7.4,801+,2.4,801+,6.7,801+,27.3,801+,3.2,801+,44.6,801+,1492,27.3345,14931,27.9,0.01,"2 days, 5:47:00",25.0,17.4,33.7,52.4,36.1,2026
Slovak University of Agriculture in Nitra,Slovakia,Europe,1201-1400,1001-1200,-,8.9,701+,10.6,701+,36.7,547,15.5,794,8.8,801+,8.9,801+,12.3,801+,28.5,801+,5.7,801+,24.9,801+,1411,28.5155,4478,12.5,0.05,"2 days, 6:46:00",27.5,19.3,34.0,22.9,49.2,2026
Shiv Nadar University,India,Asia,1201-1400,,-,7.5,701+,6.1,701+,42.1,476,20.8,701,17.4,759,3.2,801+,7.3,801+,13.5,801+,1.8,801+,30.4,801+,1444,28.176,2290,9.2,0.02,"1 day, 19:57:00",31.7,8.1,40.6,27.7,42.5,2026
Shinshu University,Japan,Asia,1201-1400,1001-1200,-,4.7,701+,4.9,701+,39.9,507,20.2,709,6.8,801+,4.7,801+,8.8,801+,25.2,801+,3.4,801+,24.6,801+,1450,28.0269999999999,10657,10.6,0.03,33 : 67,26.7,18.4,32.5,66.8,31.9,2026
Sathyabama Institute of Science and Technology,India,Asia,1201-1400,1201-1400,-,11.0,701+,10.4,701+,27.0,698,9.4,801+,7.5,801+,6.1,801+,10.6,801+,29.5,801+,1.7,801+,51.0,680=,1330,29.8435,17560,12.5,0.04,"2 days, 1:51:00",30.9,10.7,48.6,24.0,27.8,2026
Tanta University,Egypt,Africa,1201-1400,1201-1400,-,7.7,701+,9.8,701+,7.2,801+,4.0,801+,1.5,801+,3.0,801+,7.3,801+,73.3,484,5.7,801+,48.1,757=,1133,33.1674999999999,128933,20.0,0.01,"2 days, 6:46:00",20.0,9.5,66.3,23.5,49.1,2026
Pukyong National University,South Korea,Asia,1201-1400,1201-1400,-,9.4,701+,6.0,701+,21.2,801+,13.6,801+,6.6,801+,13.9,801+,10.6,801+,33.9,801+,1.7,801+,58.6,530=,1291,30.481,16710,18.1,0.08,"1 day, 23:53:00",30.3,20.4,36.1,54.1,35.1,2026
Pondicherry University,India,Asia,1201-1400,1201-1400,-,5.1,701+,3.4,701+,7.4,801+,33.4,545,2.3,801+,1.6,801+,6.0,801+,34.7,801+,3.2,801+,47.1,785=,1280,30.628,9378,20.3,0.0,"1 day, 22:54:00",34.1,17.4,40.6,41.0,22.7,2026
Ozyegin University,Turkey,Asia,1201-1400,,-,6.6,701+,16.1,701+,10.2,801+,10.1,801+,14.7,801+,33.5,552,38.7,510,18.4,801+,2.6,801+,45.1,801+,917,36.9209999999999,6166,24.1,0.12,"1 day, 23:53:00",20.6,30.7,47.8,80.9,58.2,2026
Novosibirsk State Technical University,Russian Federation,Europe,1201-1400,1201-1400,-,5.7,701+,11.1,701+,27.7,686,2.8,801+,2.0,801+,56.7,366,55.2,372,11.6,801+,7.3,801+,15.2,801+,2012,17.525,14178,16.5,0.2,37 : 63,18.1,12.9,14.3,32.8,37.9,2026
New Mexico State University,United States,Americas,1201-1400,,-,6.6,701+,6.8,701+,13.0,801+,21.3,695,10.4,801+,10.0,801+,7.7,801+,38.6,801+,10.8,801+,43.0,801+,736,40.317,12251,15.8,0.06,"2 days, 10:42:00",26.2,24.5,66.2,56.2,45.0,2026
National Taiwan Ocean University,Taiwan,Asia,1201-1400,1201-1400,-,7.7,701+,6.3,701+,16.0,801+,18.5,745,10.2,801+,13.9,801+,16.6,801+,18.6,801+,4.1,801+,55.7,582=,1449,28.0409999999999,8418,16.1,0.08,32 : 68,19.9,27.2,29.3,70.0,35.9,2026
National Dong Hwa University,Taiwan,Asia,1201-1400,1201-1400,-,16.3,701+,7.0,701+,8.6,801+,8.7,801+,13.9,801+,18.6,750,22.2,729,10.7,801+,2.1,801+,46.9,793=,1474,27.6579999999999,10094,18.4,0.1,"2 days, 6:46:00",20.2,25.0,29.0,45.1,52.6,2026
Tokai University,Japan,Asia,1201-1400,1201-1400,-,12.8,701+,9.0,701+,18.1,801+,5.4,801+,7.7,801+,5.3,801+,4.2,801+,28.8,801+,3.4,801+,34.4,801+,1497,27.2909999999999,28774,16.6,0.05,29 : 71,17.6,12.8,46.9,48.3,31.8,2026
Portland State University,United States,Americas,1201-1400,1201-1400,-,4.9,701+,2.6,701+,14.8,801+,15.7,789,2.1,801+,10.8,801+,8.3,801+,42.3,801+,16.5,796,47.0,789=,985,35.77,16947,21.0,0.06,"2 days, 9:43:00",22.3,24.5,56.7,55.1,38.3,2026
Technical University of Cluj-Napoca,Romania,Europe,1201-1400,1201-1400,-,5.8,701+,10.7,701+,10.5,801+,8.2,801+,4.0,801+,5.6,801+,10.1,801+,46.5,801+,5.1,801+,42.1,801+,1710,23.9174999999999,18486,20.3,0.03,38 : 62,17.8,13.9,36.4,41.7,27.3,2026
Riphah International University,Pakistan,Asia,1201-1400,,-,13.8,701+,8.2,701+,26.2,712,6.4,801+,2.2,801+,1.5,801+,5.9,801+,51.8,801+,3.2,801+,32.3,801+,1038,34.8055,26970,11.9,0.0,"2 days, 10:42:00",20.0,10.4,71.2,17.8,50.9,2026
The Russian Presidential Academy of National Economy and Public Administration,Russian Federation,Europe,1201-1400,1001-1200,-,5.6,701+,14.9,701+,48.4,401,1.2,801+,2.1,801+,4.6,801+,9.3,801+,21.8,801+,53.7,312,14.3,801+,1766,22.8874999999999,21295,17.1,0.04,"2 days, 18:34:00",23.9,22.5,21.3,27.3,24.4,2026
The University of Northampton,United Kingdom,Europe,1201-1400,1001-1200,-,3.4,701+,3.9,701+,6.4,801+,4.4,801+,51.5,431,93.4,140,93.9,116,16.8,801+,5.9,801+,19.0,801+,1527,26.83,14775,21.7,0.46,"2 days, 15:37:00",16.1,11.0,40.4,18.7,80.3,2026
"The University of Notre Dame, Australia",Australia,Oceania,1201-1400,1401+,-,3.4,701+,5.9,701+,6.3,801+,10.2,801+,53.7,421,21.9,700,28.0,637,11.5,801+,1.7,801+,34.1,801+,895,37.2725,7652,14.9,0.05,"3 days, 0:28:00",32.4,18.0,56.5,27.8,59.1,2026
Technical University of Liberec,Czechia,Europe,1201-1400,1201-1400,-,5.6,701+,5.0,701+,43.9,452,9.3,801+,15.6,789,14.9,801+,18.7,785,28.5,801+,2.5,801+,15.7,801+,1784,22.6215,5565,11.3,0.1,"2 days, 5:47:00",22.2,16.9,20.3,37.6,47.7,2026
Georgia Institute of Technology,United States,Americas,123,114,65.5,76.0,107,92.8,61,32.4,595,54.2,340,21.5,692,60.4,339,64.2,308,79.0,368,67.5,228,66.1,376=,42,77.1144999999999,33325,28.3,0.32,34 : 66,60.8,75.8,90.4,99.1,81.5,2026
RMIT University,Australia,Oceania,125,123,65.3,55.1,202,60.3,191,7.2,801+,91.3,96,100.0,45,95.2,125,95.5,106,83.1,292,49.9,345,87.9,80=,267,55.7425,32309,23.8,0.38,"2 days, 1:51:00",35.2,36.2,82.5,78.2,93.1,2026
Sungkyunkwan University,South Korea,Asia,126,123,65.2,68.4,139,75.6,125,83.8,149,62.3,269,24.2,659,57.6,359,61.6,326,49.5,801+,44.2,400,74.7,243=,87,68.2645,19012,15.8,0.22,"2 days, 1:51:00",60.2,57.5,83.4,99.7,64.3,2026
Universiti Kebangsaan Malaysia (UKM),Malaysia,Asia,126,138,65.2,76.2,106,76.4,119,78.7,174,30.1,587,50.1,439,94.7,129,94.0,114,86.1,235,35.5,485,74.7,243=,347,51.7855,20341,11.4,0.31,"2 days, 8:44:00",47.5,32.4,65.7,61.8,82.6,2026
Sapienza University of Rome,Italy,Europe,128,132,64.9,90.7,65,66.4,161,7.8,801+,62.9,261,4.0,801+,14.8,801+,20.9,749,95.9,61,91.5,92,81.9,151=,172,60.6509999999999,60428,27.3,0.07,"2 days, 13:39:00",55.9,53.5,73.4,85.2,42.9,2026
University of Chicago,United States,Americas,13,21,93,99.8,17,99.3,21,97.3,62,78.1,164,86.1,254,92.8,148,69.1,275,87.7,207,99.8,16,73.3,269=,15,90.6345,16509,5.9,0.39,"1 day, 23:53:00",89.6,90.1,96.8,76.4,79.7,2026
Aarhus University,Denmark,Europe,131,144,64.3,68.3,140,41.7,325,42.4,472,74.1,183,96.7,157,25.5,654,19.1,777,96.3,52,79.4,164,73.2,271=,101,66.1985,25370,12.8,0.12,"2 days, 12:40:00",48.6,58.8,83.9,99.8,75.3,2026
University of Science and Technology of China,China,Asia,132,133,64.2,57.6,188,50.6,248,98.1,56,99.4,30,14.9,801+,7.8,801+,13.5,801+,74.4,457,42.8,410,55.3,596=,51,75.6435,22955,8.2,0.05,,72.9,69.8,89.0,98.9,43.2,2026
University of Bath,United Kingdom,Europe,132,150,64.2,48.9,233,81.6,100,20.5,801+,75.9,173,95.6,170,86.8,187,88.0,156,85.3,250,50.7,337,83.8,127=,263,55.894,17650,17.7,0.29,"1 day, 22:54:00",39.8,35.1,81.0,67.1,93.2,2026
Universiti Sains Malaysia (USM),Malaysia,Asia,134,146,64.1,77.6,104,79.8,104,47.6,410,38.4,486,34.7,539,99.3,57,99.3,48,92.5,137,29.1,568,74.5,249,412,49.4999999999999,26522,12.7,0.39,"2 days, 15:37:00",42.9,30.3,65.8,64.5,76.5,2026
Universiti Putra Malaysia (UPM),Malaysia,Asia,134,148,64.1,75.7,108,73.4,133,66.8,258,38.3,487,45.2,467,98.4,84,98.5,71,86.8,221,23.2,666,68.9,331=,552,45.152,20358,12.8,0.4,"2 days, 16:36:00",40.7,31.6,51.7,57.1,82.5,2026
Newcastle University,United Kingdom,Europe,137,129,63.9,62.9,162,68.7,152,49.5,388,49.1,379,92.5,205,81.0,220,82.8,185,95.8,65,40.5,433,90.9,56,145,62.0815,26400,15.0,0.28,"2 days, 6:46:00",39.8,43.2,93.0,80.0,89.5,2026
Macquarie University,Australia,Oceania,138,133,63.3,47.7,242,56.7,206,13.6,801+,85.8,119,100.0,86,97.3,98,97.5,86,91.0,156,62.2,252,90.6,59,169,60.711,29826,50.2,0.25,,35.9,42.5,90.9,97.2,88.5,2026
Peking University,China,Asia,14,14,92.6,99.9,12,99.6,17,96.2,66,99.2,35,59.9,391,37.3,523,27.9,640,83.2,290,97.0,58,70.6,308=,13,92.2815,35659,11.3,0.15,,95.4,97.9,89.0,100.0,67.3,2026
Eindhoven University of Technology,Netherlands,Europe,140,136,63.2,40.5,296,77.3,115,43.6,455,81.9,146,100.0,87,95.7,119,95.9,101,74.3,459,33.1,512,74.1,255=,194,59.1714999999999,10823,19.1,0.36,30 : 70,47.7,49.5,67.0,100.0,88.6,2026
Erasmus University Rotterdam,Netherlands,Europe,140,158,63.2,49.4,230,74.8,129,20.7,801+,75.7,174,81.8,280,81.6,216,60.8,333,81.8,318,94.0,81,62.2,454=,107,65.569,31507,21.1,0.26,"2 days, 6:46:00",38.5,52.9,95.9,89.2,87.1,2026
Universitas Negeri Padang,Indonesia,Asia,1401+,,-,10.5,701+,2.5,701+,31.5,608,1.3,801+,17.7,753,2.1,801+,6.4,801+,6.4,801+,2.6,801+,39.2,801+,1583,25.7819999999999,45714,22.1,0.01,"2 days, 19:33:00",12.8,8.6,52.3,16.8,42.0,2026
Universitas Andalas,Indonesia,Asia,1401+,1401+,-,13.4,701+,8.1,701+,13.9,801+,1.5,801+,14.4,801+,3.6,801+,7.8,801+,6.0,801+,5.1,801+,39.1,801+,1895,20.1665,34409,17.7,0.02,"2 days, 12:40:00",17.8,11.9,22.6,37.8,42.3,2026
Universidad Nacional Agraria la Molina,Peru,Americas,1401+,1201-1400,-,9.3,701+,8.0,701+,16.7,801+,2.8,801+,1.5,801+,2.8,801+,7.0,801+,12.6,801+,4.7,801+,34.4,801+,2047,16.7325,7819,9.2,0.01,"2 days, 1:51:00",23.9,8.0,11.1,16.8,44.8,2026
Sakarya University,Turkey,Asia,1401+,1401+,-,5.9,701+,7.6,701+,4.9,801+,6.6,801+,2.6,801+,21.8,701,27.9,639,26.1,801+,2.3,801+,49.5,715=,1383,28.901,41615,36.6,0.09,"2 days, 4:48:00",21.8,13.8,49.7,26.7,33.2,2026
Suez Canal University,Egypt,Africa,1401+,1201-1400,-,6.1,701+,3.9,701+,17.4,801+,4.4,801+,2.5,801+,3.0,801+,7.3,801+,52.2,801+,2.9,801+,48.0,762,1275,30.6934999999999,51841,14.4,0.02,"1 day, 21:55:00",20.0,9.9,56.3,28.5,51.9,2026
Silpakorn University,Thailand,Asia,1401+,1401+,-,10.4,701+,12.6,701+,5.7,801+,4.5,801+,8.0,801+,2.7,801+,7.1,801+,26.7,801+,3.1,801+,22.6,801+,1865,20.853,29673,21.9,0.02,"2 days, 20:32:00",21.4,15.6,19.6,46.4,30.4,2026
Tashkent University of Information Technologies,Uzbekistan,Asia,1401+,,-,10.7,701+,15.4,701+,7.4,801+,1.7,801+,10.4,801+,3.3,801+,7.4,801+,3.5,801+,9.4,801+,27.7,801+,1604,25.5619999999999,20688,18.4,0.0,25 : 75,17.6,9.2,49.5,27.8,23.2,2026
Shanghai Normal University,China,Asia,1401+,1401+,-,4.4,701+,3.4,701+,17.0,801+,9.5,801+,6.8,801+,4.9,801+,10.0,801+,24.9,801+,1.4,801+,32.2,801+,1077,34.098,30111,14.1,0.02,"2 days, 22:30:00",32.0,16.6,53.9,40.1,27.6,2026
University of West Bohemia,Czechia,Europe,1401+,1201-1400,-,7.2,701+,5.3,701+,12.5,801+,7.9,801+,,,6.2,801+,4.8,801+,40.9,801+,15.5,801+,19.5,801+,1574,25.9025,11369,14.5,0.06,"2 days, 6:46:00",19.6,18.0,35.4,38.2,36.7,2026
Universiti Sultan Zainal Abidin,Malaysia,Asia,1401+,,-,8.0,701+,2.8,701+,13.8,801+,5.4,801+,19.5,721,9.9,801+,13.6,801+,28.1,801+,5.1,801+,16.9,801+,1080,34.0614999999999,11380,14.8,0.07,"2 days, 18:34:00",26.0,13.6,58.8,22.5,52.1,2026
University of Moratuwa,Sri Lanka,Asia,1401+,,-,6.0,701+,8.0,701+,5.3,801+,15.6,791,,,1.0,801+,1.0,801+,13.2,801+,13.1,801+,24.9,801+,1740,23.4835,11079,22.1,0.0,40 : 60,12.9,14.5,40.2,36.2,26.2,2026
University of Oradea,Romania,Europe,1401+,1401+,-,7.5,701+,4.2,701+,6.5,801+,4.0,801+,1.7,801+,9.4,801+,13.8,801+,38.8,801+,9.0,801+,41.8,801+,1810,21.8699999999999,18847,19.0,0.05,"2 days, 12:40:00",16.5,13.3,31.7,18.7,38.5,2026
University of Sri Jayewardenepura,Sri Lanka,Asia,1401+,1201-1400,-,8.0,701+,12.2,701+,5.7,801+,7.0,801+,,,1.3,801+,5.7,801+,27.8,801+,22.8,674,27.4,801+,1848,21.2175,20006,25.3,0.0,"2 days, 15:37:00",12.6,9.5,37.4,18.2,37.3,2026
University of Tripoli,Libya,Africa,1401+,,-,6.8,701+,12.8,701+,8.6,801+,1.3,801+,1.2,801+,3.4,801+,7.6,801+,30.6,801+,28.7,582,11.2,801+,1254,31.1754999999999,71060,18.9,0.02,"2 days, 15:37:00",14.6,10.7,66.1,17.2,43.3,2026
Voronezh State University,Russian Federation,Europe,1401+,1201-1400,-,5.7,701+,4.7,701+,31.3,610,1.6,801+,3.7,801+,34.5,546,40.2,502,12.2,801+,3.5,801+,20.4,801+,2094,15.6179999999999,17718,12.3,0.14,"2 days, 2:50:00",23.5,11.0,7.1,18.7,34.9,2026
Rikkyo University,Japan,Asia,1401+,1201-1400,-,5.5,701+,14.3,701+,9.9,801+,3.0,801+,32.8,556,10.6,801+,14.2,801+,12.3,801+,10.0,801+,30.0,801+,1597,25.6275,19644,14.7,0.05,"2 days, 8:44:00",18.5,9.6,41.0,21.4,56.4,2026
Universitas Syiah Kuala,Indonesia,Asia,1401+,,-,8.6,701+,3.0,701+,18.1,801+,3.6,801+,3.1,801+,2.5,801+,6.8,801+,24.4,801+,2.6,801+,38.6,801+,1642,25.0465,30794,15.8,0.0,"2 days, 14:38:00",17.5,9.6,48.0,19.5,25.6,2026
Perm State University,Russian Federation,Europe,1401+,1201-1400,-,4.0,701+,3.3,701+,35.4,559,2.1,801+,1.8,801+,20.4,725,22.2,727,6.0,801+,4.0,801+,29.7,801+,2142,14.343,10895,14.5,0.09,"2 days, 8:44:00",18.4,12.0,7.9,24.5,27.8,2026
Aswan University,Egypt,Africa,1401+,,-,7.1,701+,2.2,701+,11.8,801+,6.4,801+,1.1,801+,1.8,801+,6.1,801+,53.9,784,2.9,801+,40.0,801+,1184,32.31,32185,31.6,0.0,"2 days, 2:50:00",16.0,11.9,64.9,22.6,50.2,2026
National Taipei University,Taiwan,Asia,1401+,1201-1400,-,12.4,701+,8.0,701+,11.6,801+,4.4,801+,5.9,801+,10.1,801+,14.6,801+,3.9,801+,26.6,614,26.6,801+,1882,20.4655,8630,15.6,0.06,"2 days, 6:46:00",19.4,15.4,19.5,51.6,31.5,2026
Anadolu University,Turkey,Asia,1401+,1201-1400,-,6.2,701+,8.4,701+,17.5,801+,5.1,801+,2.2,801+,5.3,801+,4.2,801+,24.9,801+,22.3,691,22.3,801+,1194,32.204,27577,21.0,0.06,"2 days, 5:47:00",23.4,10.8,62.6,22.1,33.4,2026
Aoyama Gakuin University,Japan,Asia,1401+,1201-1400,-,7.1,701+,16.8,701+,7.4,801+,2.5,801+,20.3,707,4.5,801+,3.6,801+,9.5,801+,14.5,801+,9.6,801+,2123,14.7945,20622,18.1,0.05,"2 days, 1:51:00",16.7,9.4,10.8,29.3,36.4,2026
Benha University,Egypt,Africa,1401+,,-,6.2,701+,4.4,701+,8.2,801+,4.2,801+,1.0,801+,2.4,801+,6.7,801+,59.7,699,2.9,801+,36.1,801+,1235,31.5794999999999,111190,28.9,0.01,"1 day, 22:54:00",16.5,10.3,63.9,22.0,49.0,2026
Central Michigan University,United States,Americas,1401+,1201-1400,-,3.6,701+,5.0,701+,11.5,801+,11.2,801+,4.8,801+,23.4,684,17.6,801+,26.2,801+,15.0,801+,29.2,801+,1105,33.6095,13765,19.8,0.1,"2 days, 11:41:00",30.2,16.8,49.6,47.4,40.7,2026
Chaoyang University of Technology,Taiwan,Asia,1401+,1201-1400,-,5.0,701+,6.7,701+,6.4,801+,8.4,801+,7.4,801+,13.2,801+,15.9,801+,22.2,801+,2.1,801+,40.6,801+,1347,29.51,13390,34.9,0.06,"2 days, 7:45:00",15.5,22.8,42.6,53.7,45.3,2026
Chittagong University of Engineering and Technology,Bangladesh,Asia,1401+,1201-1400,-,10.0,701+,16.2,701+,10.0,801+,12.1,801+,1.6,801+,,,,,8.1,801+,4.8,801+,20.3,801+,1268,30.9184999999999,5758,17.4,0.0,1.0118055555555556,13.7,11.7,67.2,23.1,32.0,2026
East West University,Bangladesh,Asia,1401+,1401+,-,8.8,701+,17.7,701+,3.7,801+,4.5,801+,1.4,801+,1.0,801+,5.5,801+,9.2,801+,8.3,801+,32.5,801+,1818,21.7655,12156,26.8,0.0,"2 days, 3:49:00",11.2,9.3,41.7,17.8,33.9,2026
Herzen State Pedagogical University of Russia,Russian Federation,Europe,1401+,1201-1400,-,3.8,701+,4.2,701+,22.2,785,1.5,801+,1.7,801+,59.8,344,56.4,364,11.4,801+,7.2,801+,25.4,801+,2062,16.464,17884,16.0,0.21,"3 days, 0:28:00",20.7,12.9,9.8,18.6,39.1,2026
Nile University,Egypt,Africa,1401+,,-,8.6,701+,4.6,701+,29.2,646,7.4,801+,5.5,801+,2.7,801+,6.9,801+,9.8,801+,3.3,801+,19.8,801+,1788,22.512,3826,18.5,0.01,37 : 63,15.2,12.9,34.6,38.8,31.4,2026
Hue University,Vietnam,Asia,1401+,1201-1400,-,7.6,701+,15.0,701+,3.7,801+,2.6,801+,1.5,801+,2.0,801+,6.2,801+,27.7,801+,6.6,801+,28.3,801+,2065,16.378,50639,21.5,0.01,"2 days, 8:44:00",14.2,9.4,18.1,17.2,44.6,2026
Kazan National Research Technological University,Russian Federation,Europe,1401+,1201-1400,-,5.3,701+,7.8,701+,27.9,682,2.0,801+,1.9,801+,30.9,581,32.4,585,10.3,801+,5.5,801+,13.7,801+,2041,16.799,13472,12.3,0.16,39 : 61,22.0,9.9,10.2,44.2,34.8,2026
Khulna University,Bangladesh,Asia,1401+,1201-1400,-,8.6,701+,7.9,701+,14.3,801+,8.6,801+,,,,,,,20.8,801+,4.3,801+,25.4,801+,1493,27.3225,8131,13.9,0.0,"1 day, 21:55:00",17.3,9.9,50.7,18.7,45.2,2026
Khulna University of Engineering and Technology,Bangladesh,Asia,1401+,1201-1400,-,7.3,701+,16.7,701+,10.5,801+,13.4,801+,1.4,801+,,,,,12.6,801+,4.5,801+,22.0,801+,1098,33.758,7985,17.8,0.0,32 : 68,13.8,8.7,78.6,22.1,36.0,2026
Kindai University (previously Kinki University),Japan,Asia,1401+,1201-1400,-,5.3,701+,6.4,701+,10.2,801+,8.6,801+,25.7,637,3.2,801+,7.4,801+,30.4,801+,1.7,801+,41.2,801+,1319,30.0414999999999,34923,23.2,0.02,32 : 68,17.6,13.3,53.6,60.0,33.5,2026
Lublin University of Technology,Poland,Europe,1401+,1201-1400,-,6.9,701+,3.0,701+,28.1,680,8.9,801+,2.5,801+,29.5,595,27.5,645,14.4,801+,3.9,801+,17.7,801+,1585,25.75,6721,11.4,0.13,27 : 73,25.8,14.8,31.6,30.8,41.8,2026
Mahasarakham University,Thailand,Asia,1401+,,-,18.5,662,2.7,701+,2.8,801+,2.6,801+,8.7,801+,3.6,801+,7.7,801+,11.0,801+,10.3,801+,23.9,801+,1945,18.886,39291,33.6,0.03,"2 days, 13:39:00",19.9,9.3,24.5,18.9,29.5,2026
Manav Rachna International Institute of Research and Studies (MRIIRS),India,Asia,1401+,,-,5.9,701+,2.5,701+,43.9,453,3.7,801+,7.4,801+,3.4,801+,7.6,801+,3.3,801+,1.8,801+,23.6,801+,1568,26.0039999999999,5684,11.2,0.02,"2 days, 2:50:00",29.8,11.0,37.4,21.7,25.8,2026
Naresuan University,Thailand,Asia,1401+,1401+,-,10.9,701+,5.3,701+,9.3,801+,3.0,801+,6.9,801+,1.8,801+,6.2,801+,12.5,801+,3.1,801+,39.6,801+,1858,21.0419999999999,26692,17.8,0.01,"2 days, 20:32:00",23.6,13.0,20.6,47.0,30.0,2026
Islamic University of Indonesia (Universitas Islam Indonesia),Indonesia,Asia,1401+,1201-1400,-,17.5,701+,7.4,701+,2.8,801+,3.2,801+,3.8,801+,1.2,801+,1.1,801+,12.9,801+,5.1,801+,34.4,801+,1973,18.4619999999999,26457,31.6,0.03,"1 day, 21:55:00",14.6,11.7,24.9,17.8,34.4,2026
Walailak University,Thailand,Asia,1401+,,-,8.3,701+,2.7,701+,12.5,801+,5.6,801+,13.9,801+,3.0,801+,7.4,801+,31.5,801+,3.2,801+,43.0,801+,1243,31.442,10993,15.2,0.02,"2 days, 23:29:00",19.4,15.4,56.4,18.7,47.8,2026
Yamaguchi University,Japan,Asia,1401+,1201-1400,-,4.4,701+,2.9,701+,46.1,425,8.2,801+,8.0,801+,4.5,801+,8.9,801+,15.4,801+,1.7,801+,22.5,801+,1684,24.2819999999999,10373,10.9,0.05,38 : 62,27.8,14.2,24.0,58.7,32.2,2026
King Saud University,Saudi Arabia,Asia,143,200,63.1,54.8,204,57.7,201,55.7,336,65.6,244,100.0,89,29.2,600,35.2,549,96.8,41,99.4,23,63.1,439=,266,55.745,42846,11.0,0.11,"1 day, 22:54:00",38.2,33.8,82.7,89.1,84.0,2026
Texas A&M University,United States,Americas,144,154,63,72.9,124,81.5,101,6.2,801+,75.5,175,28.0,608,20.7,717,15.6,801+,93.0,124,63.8,244,61.0,480=,153,61.7755,68486,22.6,0.08,"1 day, 23:53:00",52.5,57.2,73.4,73.5,63.2,2026
University of Southern California,United States,Americas,146,125,62.6,61.2,167,69.6,150,19.6,801+,66.2,240,15.8,786,81.2,219,82.9,184,87.8,204,98.0,45,92.1,45=,75,71.0934999999999,42840,13.3,0.27,"2 days, 5:47:00",59.8,59.6,92.7,74.9,71.5,2026
University of Groningen,Netherlands,Europe,147,159,62.5,67.2,147,41.6,326,56.2,331,53.0,353,95.4,174,89.4,173,66.6,293,93.4,118,53.5,317,67.6,355=,83,69.2894999999999,33098,23.4,0.28,"2 days, 6:46:00",47.4,55.9,94.1,99.7,91.7,2026
University of Liverpool,United Kingdom,Europe,147,165,62.5,60.7,171,48.8,264,37.3,538,61.7,276,92.4,206,91.1,157,91.8,133,97.0,39,47.8,364,92.4,42=,144,62.2175,26770,13.9,0.33,"2 days, 7:45:00",43.5,42.0,91.2,68.0,95.0,2026
Stockholm University,Sweden,Europe,147,128,62.5,65.1,155,29.5,484,28.3,678,73.6,186,83.0,271,79.4,224,59.1,346,96.7,45,90.5,102,72.1,291=,204,58.4599999999999,27746,16.2,0.14,,33.5,48.4,87.2,66.1,76.5,2026
University of Pennsylvania,United States,Americas,15,11,92.5,98.9,30,98.7,28,99.9,29,72.0,199,96.9,151,76.3,249,78.6,221,89.4,182,100.0,4,95.0,24,14,90.8024999999999,22422,6.6,0.26,"2 days, 7:45:00",88.1,90.3,96.1,97.9,78.4,2026
University of Cape Town,South Africa,Africa,150,171,62.3,58.2,183,62.3,179,14.6,801+,75.4,176,66.1,353,27.9,615,33.9,562,97.7,24,97.7,49,92.1,45=,166,60.7405,20094,12.6,0.12,"2 days, 8:44:00",39.4,46.7,87.8,84.8,77.9,2026
Western University,Canada,Americas,151,120,62,42.3,282,53.5,227,5.2,801+,93.5,84,100.0,85,68.7,283,71.7,254,83.6,282,98.0,42,94.0,30=,215,57.8839999999999,31831,32.7,0.25,"2 days, 8:44:00",39.9,42.6,77.5,99.8,86.9,2026
University of Vienna,Austria,Europe,152,137,61.9,82.3,88,46.4,285,31.0,617,22.2,682,100.0,71,96.6,103,96.8,90,96.3,53,92.8,85,71.8,294=,95,66.601,30228,36.6,0.34,"2 days, 17:35:00",50.0,60.9,79.8,80.0,94.0,2026
Universiti Teknologi Malaysia (UTM),Malaysia,Asia,153,181,61.6,64.0,158,72.1,139,58.8,309,57.8,302,15.5,797,91.4,155,92.1,132,90.6,167,19.9,730,69.2,326=,437,48.429,16724,10.1,0.28,"2 days, 0:52:00",44.5,29.5,62.0,71.1,70.7,2026
Wageningen University & Research,Netherlands,Europe,153,155,61.6,55.0,203,34.4,420,99.5,37,54.8,329,72.0,329,90.7,159,91.5,134,97.2,34,32.9,516,91.2,53,66,72.193,15905,16.9,0.31,"2 days, 6:46:00",58.6,58.4,90.4,99.5,91.6,2026
University of Exeter,United Kingdom,Europe,155,169,61.5,57.9,186,58.5,198,42.0,480,55.8,320,94.8,181,77.8,235,79.9,206,95.8,66,40.9,428,93.9,32,174,60.575,29280,15.7,0.29,"2 days, 6:46:00",36.6,42.1,94.0,59.1,93.4,2026
University of Geneva,Switzerland,Europe,155,155,61.5,55.3,201,34.8,414,47.4,414,70.3,214,100.0,54,98.6,81,98.6,68,92.1,144,63.1,249,66.5,370,168,60.7164999999999,17681,7.8,0.41,"2 days, 15:37:00",43.8,40.0,85.2,85.7,96.1,2026
Lancaster University,United Kingdom,Europe,157,141,61.4,51.2,217,45.8,296,36.1,555,77.5,166,96.4,161,93.3,141,93.8,117,87.0,216,38.2,452,89.2,68=,185,59.728,16935,14.9,0.34,"2 days, 0:52:00",40.9,40.8,86.7,67.2,95.1,2026
University of Basel,Switzerland,Europe,158,131,61.3,34.0,357,20.7,639,70.2,229,94.2,80,100.0,47,91.4,156,68.0,284,90.4,170,74.9,183,88.4,74=,120,64.5279999999999,8655,11.1,0.32,"2 days, 9:43:00",50.2,42.8,87.5,99.8,94.2,2026
Hanyang University,South Korea,Asia,159,162,61.2,58.2,184,81.9,99,81.7,159,42.9,440,23.7,664,70.1,279,73.0,249,65.5,615,54.5,307,82.8,137,295,54.3994999999999,19402,13.6,0.27,,45.9,41.5,65.5,99.6,69.2,2026
Cornell University,United States,Americas,16,16,91.6,99.5,25,98.8,27,64.3,276,98.0,48,57.6,401,75.7,251,56.4,363,93.0,126,99.3,24,76.8,218,19,89.4589999999999,25673,10.6,0.26,"2 days, 5:47:00",85.9,90.6,95.9,70.3,83.5,2026
University of Barcelona,Spain,Europe,160,165,61,84.9,81,48.9,262,19.0,801+,47.8,391,39.9,501,40.8,484,46.2,451,96.4,50,77.0,170,84.7,115=,150,61.9329999999999,45016,14.9,0.12,"2 days, 16:36:00",44.0,47.8,88.5,92.4,64.6,2026
Michigan State University,United States,Americas,161,152,60.9,67.3,146,62.9,174,13.9,801+,61.2,280,67.2,348,21.1,708,27.3,649,97.6,27,75.6,180,94.2,28,106,65.709,45537,16.5,0.1,"2 days, 5:47:00",57.1,55.9,82.7,69.9,67.3,2026
Ghent University,Belgium,Europe,162,169,60.8,68.2,141,39.1,350,84.5,140,32.4,557,83.4,267,33.8,549,39.5,504,99.2,11,84.9,136,94.0,30=,115,65.1385,42572,37.8,0.14,"2 days, 10:42:00",48.8,58.6,82.7,99.9,65.9,2026
Nagoya University,Japan,Asia,164,152,60.3,74.2,116,71.5,141,84.2,144,38.2,491,22.6,681,27.6,619,33.6,568,66.0,610,39.2,443,74.1,255=,218,57.7854999999999,15559,13.3,0.13,31 : 69,58.1,56.1,57.0,99.8,43.8,2026
Chalmers University of Technology,Sweden,Europe,165,139,60.2,34.6,350,56.6,207,59.5,303,80.9,152,100.0,56,74.3,257,76.8,226,77.0,405,53.3,319,82.7,138=,240,56.8745,10245,11.9,0.18,33 : 67,42.6,45.9,71.2,97.1,76.7,2026
Al-Farabi Kazakh National University,Kazakhstan,Asia,166,163,59.8,60.7,172,86.3,85,99.6,36,2.1,801+,80.9,288,83.2,204,79.3,213,75.7,426,66.2,234,62.8,443,1419,28.4474999999999,20321,4.5,0.26,"2 days, 13:39:00",30.1,14.6,27.8,24.1,80.4,2026
Washington University in St. Louis,United States,Americas,167,171,59.6,46.5,251,25.7,529,99.8,31,62.6,263,93.1,199,81.8,214,83.5,182,74.8,445,55.1,301,85.8,102=,67,71.999,15165,8.2,0.28,"2 days, 4:48:00",60.8,56.2,97.5,74.5,73.8,2026
University of York,United Kingdom,Europe,169,184,59.4,56.8,197,42.3,317,55.8,335,53.8,344,92.4,208,75.4,253,77.8,223,96.0,58,41.0,427,93.2,34,156,61.4895,20330,14.3,0.29,"2 days, 9:43:00",44.1,43.9,87.5,67.6,90.6,2026
"University of California, Berkeley (UCB)",United States,Americas,17,12,91.2,100.0,6,100.0,6,29.4,643,97.2,53,95.6,172,70.6,273,52.6,392,96.7,47,99.8,17,98.8,3=,9,94.406,42565,18.4,0.25,"2 days, 5:47:00",87.3,99.0,98.9,99.5,83.9,2026
Tsinghua University,China,Asia,17,20,91.2,99.9,16,99.7,15,97.1,63,99.6,26,39.5,502,31.9,570,23.9,707,80.4,347,97.0,60,68.7,339=,12,93.0304999999999,38569,10.8,0.11,,95.9,98.5,93.9,100.0,53.4,2026
Hokkaido University,Japan,Asia,170,173,59.3,71.5,129,68.8,151,76.8,185,42.7,445,28.2,604,20.5,724,26.6,664,77.5,393,26.4,617,78.5,192=,376,50.6284999999999,17693,8.3,0.11,30 : 70,53.5,45.1,47.9,96.8,47.0,2026
Kyushu University,Japan,Asia,170,167,59.3,71.3,130,72.1,140,87.1,121,34.2,534,24.5,657,39.0,502,44.5,468,76.4,416,20.9,710,74.8,241=,319,53.1885,18679,7.7,0.14,29 : 71,54.2,46.5,53.5,98.8,49.5,2026
Arizona State University,United States,Americas,173,200,59.1,63.9,159,63.3,171,9.5,801+,61.5,277,72.5,326,53.2,385,57.7,353,95.2,81,42.2,415,85.8,102=,213,57.94,52956,18.9,0.17,"1 day, 21:55:00",39.6,44.5,84.1,70.7,70.6,2026
McMaster University,Canada,Americas,173,176,59.1,52.5,211,43.6,307,61.8,289,56.6,311,94.6,184,66.3,302,69.6,273,84.3,270,60.0,271,86.6,93=,116,65.0209999999999,28647,28.8,0.23,"2 days, 9:43:00",42.2,49.3,93.1,100.0,84.6,2026
National Tsing Hua University,Taiwan,Asia,176,210,59,67.0,148,77.1,116,34.2,574,73.5,187,26.7,630,37.3,522,40.4,501,42.1,801+,25.4,633,57.8,546=,408,49.5619999999999,14807,22.9,0.14,"1 day, 18:58:00",37.5,43.5,61.4,99.8,46.3,2026
Tongji University,China,Asia,177,192,58.8,45.2,261,41.2,331,31.2,613,99.6,27,92.6,204,47.4,425,52.4,393,74.6,449,33.4,507,77.2,210=,143,62.2865,33414,11.9,0.16,"1 day, 17:59:00",53.2,53.6,74.3,99.9,63.5,2026
"University of California, Santa Barbara (UCSB)",United States,Americas,179,178,58.7,65.3,154,32.4,442,9.3,801+,99.0,38,81.3,286,27.5,620,20.6,753,75.4,434,25.6,628,65.2,393=,72,71.2394999999999,25735,22.9,0.18,"2 days, 7:45:00",50.3,63.2,94.5,92.7,80.2,2026
Cardiff University,United Kingdom,Europe,181,186,57.8,60.1,175,54.4,223,48.2,403,42.2,451,87.2,243,70.1,278,73.0,248,93.4,120,33.5,502,88.9,71=,232,57.1715,27880,13.7,0.24,"2 days, 11:41:00",35.9,39.1,86.0,70.3,88.4,2026
Emory University,United States,Americas,182,196,57.7,34.5,353,37.7,369,92.8,88,85.7,120,70.0,335,49.6,411,54.3,378,85.0,255,42.4,413,63.5,432,102,65.941,13652,4.0,0.2,"2 days, 13:39:00",53.8,46.2,94.6,82.8,66.4,2026
Curtin University,Australia,Oceania,183,174,57.6,46.3,254,39.3,348,17.7,801+,89.6,104,100.0,57,54.3,382,58.7,348,94.2,96,37.9,459,82.0,149=,285,54.924,29539,19.9,0.35,"2 days, 4:48:00",28.5,34.2,87.5,80.4,95.1,2026
University of Bern,Switzerland,Europe,184,161,57.5,38.0,313,26.0,520,49.0,394,99.3,32,100.0,58,52.9,389,57.4,356,95.5,69,37.2,466,68.9,331=,109,65.4255,11959,17.4,0.18,"2 days, 11:41:00",46.6,47.0,92.0,99.4,86.3,2026
University of Wollongong,Australia,Oceania,184,167,57.5,41.6,287,33.1,434,21.1,801+,95.6,66,99.5,113,82.2,211,83.8,179,88.6,197,25.8,626,86.1,98=,236,56.9495,16470,24.1,0.32,"2 days, 6:46:00",34.3,36.6,85.4,89.8,93.4,2026
Wuhan University,China,Asia,186,194,57.3,53.6,205,46.7,283,21.3,801+,98.0,46,47.1,452,10.7,801+,8.2,801+,77.8,387,58.9,276,60.8,491=,124,64.104,49045,13.5,0.06,,54.0,48.4,90.1,99.7,41.6,2026
The University of Melbourne,Australia,Oceania,19,13,90.8,99.7,21,97.4,35,20.5,801+,94.8,72,96.7,156,100.0,37,74.4,239,96.9,40,98.3,39,98.2,9=,37,79.0485,51622,23.3,0.51,"2 days, 10:42:00",67.7,75.5,87.8,99.3,91.6,2026
Ohio State University,United States,Americas,190,208,56.9,71.1,131,63.0,173,53.1,353,33.8,539,37.4,519,20.6,721,26.7,661,93.7,106,66.0,236,69.2,326=,108,65.432,54645,9.8,0.12,"2 days, 4:48:00",57.4,51.7,85.7,85.4,58.4,2026
University of Reading,United Kingdom,Europe,194,172,56.2,45.7,256,46.8,280,20.2,801+,63.0,260,95.0,178,85.8,192,87.0,162,93.3,121,57.6,287,92.4,42=,201,58.6515,15970,15.8,0.31,"2 days, 6:46:00",41.7,38.1,85.2,66.9,94.2,2026
Vrije Universiteit Amsterdam,Netherlands,Europe,194,221,56.2,53.3,208,28.8,489,23.3,767,80.7,154,82.9,272,57.6,358,42.9,484,90.1,173,56.4,296,68.8,338,179,60.2059999999999,31949,15.8,0.2,"2 days, 9:43:00",37.7,41.8,91.8,77.5,84.3,2026
Waseda University,Japan,Asia,196,181,56.1,73.6,118,97.2,37,29.5,639,7.3,801+,35.2,535,43.7,461,48.9,426,63.1,650,90.7,98,74.3,252,878,37.5985,44876,14.2,0.12,39 : 61,34.0,26.9,43.5,68.0,53.3,2026
University of Otago,New Zealand,Oceania,197,214,55.8,60.0,176,36.0,399,14.8,801+,63.2,258,100.0,53,39.6,496,45.0,464,76.5,413,68.7,222,88.2,78=,377,50.5809999999999,18703,19.9,0.18,"2 days, 12:40:00",34.1,34.3,72.4,69.3,81.1,2026
National Yang Ming Chiao Tung University,Taiwan,Asia,199,219,55.7,42.1,285,68.5,153,55.4,339,71.8,202,29.1,593,31.9,569,37.7,520,54.1,782,75.8,179,74.1,255=,436,48.4439999999999,18360,15.9,0.09,37 : 63,42.3,42.7,55.3,100.0,39.9,2026
Imperial College London,United Kingdom,Europe,2,2,99.4,99.6,22,100.0,9,99.3,42,95.0,69,100.0,74,100.0,35,100.0,22,97.5,28,95.9,68,98.3,7=,8,94.689,21340,12.1,0.6,"1 day, 19:57:00",90.6,94.9,98.0,91.9,98.2,2026
University of Gothenburg,Sweden,Europe,202,194,55.5,46.4,252,24.6,546,73.0,211,45.4,408,94.1,190,85.8,191,87.1,161,93.7,104,71.0,205,92.9,36=,212,57.9785,20756,10.9,0.13,,34.8,43.2,91.1,78.8,62.7,2026
National Cheng Kung University (NCKU),Taiwan,Asia,203,215,55.2,66.4,150,79.4,106,33.8,578,39.8,471,28.6,600,24.4,670,30.5,610,58.0,718,56.3,297,79.7,175=,532,45.6269999999999,21726,19.9,0.11,38 : 62,36.9,41.3,52.0,99.8,42.3,2026
University of Twente,Netherlands,Europe,203,233,55.2,29.3,422,40.5,333,56.0,333,77.0,169,100.0,93,95.2,124,70.8,264,85.4,248,32.6,519,79.6,179,191,59.3175,8204,9.5,0.43,37 : 63,45.7,45.0,73.0,98.9,92.4,2026
Deakin University,Australia,Oceania,207,197,54.9,42.3,281,32.6,440,5.9,801+,86.2,116,97.2,148,83.3,202,84.8,172,86.8,222,43.6,406,86.7,91=,210,57.9975,37191,33.3,0.25,"2 days, 10:42:00",31.6,38.4,91.7,86.3,87.7,2026
"University of Maryland, College Park",United States,Americas,207,218,54.9,57.2,191,51.8,236,44.2,449,60.5,284,28.0,610,24.9,666,18.7,783,92.9,129,59.7,273,70.7,305=,117,64.9524999999999,33483,16.3,0.1,"2 days, 2:50:00",50.4,58.3,89.1,69.5,48.9,2026
Yale University,United States,Americas,21,23,90.4,100.0,9,100.0,7,100.0,12,64.8,250,86.7,247,72.7,262,75.4,232,92.9,131,99.8,18,82.4,144=,10,94.081,14884,6.2,0.24,"2 days, 5:47:00",94.6,94.5,97.2,87.6,81.4,2026
University of Minnesota (System),United States,Americas,210,203,54.8,68.6,138,49.4,257,37.2,540,49.2,378,6.5,801+,15.4,801+,21.5,741,91.2,153,67.2,231,91.1,54=,88,67.4769999999999,58751,11.9,0.09,"2 days, 7:45:00",60.3,59.0,84.1,99.9,44.7,2026
University of Calgary,Canada,Americas,211,198,54.7,47.6,245,50.5,249,24.4,746,54.6,332,87.4,239,76.9,243,79.1,216,86.2,233,61.5,255,86.0,100,202,58.6335,35954,20.3,0.26,"2 days, 5:47:00",37.8,43.1,83.6,91.4,83.3,2026
University of Florida,United States,Americas,212,215,54.6,58.9,179,55.8,215,75.1,194,34.7,526,31.4,570,18.1,762,24.2,701,98.2,20,67.9,225,74.9,237=,135,62.92,47815,15.5,0.1,"2 days, 8:44:00",55.3,56.7,76.2,90.9,48.9,2026
University of Lausanne,Switzerland,Europe,212,224,54.6,37.0,322,40.2,340,49.0,393,69.0,223,100.0,97,67.0,296,49.9,415,83.5,286,61.1,264,70.3,313=,125,63.7435,14241,9.8,0.23,,44.3,46.1,89.0,99.4,88.4,2026
Keio University,Japan,Asia,215,188,54.5,65.5,153,93.8,57,65.2,268,9.4,801+,15.2,801+,19.6,735,25.8,674,55.6,759,95.8,71,68.9,331=,761,39.875,34336,10.2,0.1,37 : 63,37.0,28.3,49.1,73.7,41.0,2026
University of Ottawa,Canada,Americas,219,189,54.2,35.8,339,38.7,361,5.4,801+,84.8,125,96.1,165,85.5,193,86.8,163,92.3,141,50.0,342,86.8,90,188,59.527,40753,28.7,0.29,"2 days, 10:42:00",38.2,44.5,85.4,81.7,86.2,2026
Technical University of Munich,Germany,Europe,22,28,90.2,92.0,60,99.7,16,70.5,223,92.6,90,86.3,252,98.9,72,98.9,63,95.9,63,57.3,293,87.8,83=,27,83.4474999999999,35755,40.7,0.45,37 : 63,71.9,84.8,91.3,100.0,83.4,2026
Chulalongkorn University,Thailand,Asia,221,229,53.9,82.0,89,52.7,233,44.8,439,12.5,801+,32.0,564,6.2,801+,11.0,801+,80.6,342,96.4,64,80.0,169=,579,44.3495,34173,12.0,0.04,"2 days, 7:45:00",39.5,31.3,56.1,82.0,46.8,2026
Tel Aviv University,Israel,Asia,223,209,53.6,43.6,269,31.0,462,6.1,801+,99.7,25,48.9,444,15.3,801+,21.3,743,78.3,378,94.2,79,77.0,214=,217,57.835,24379,22.7,0.07,"2 days, 9:43:00",41.8,50.1,79.9,75.0,53.4,2026
Universitas Gadjah Mada,Indonesia,Asia,224,239,53.5,70.2,134,84.7,93,65.4,265,3.0,801+,63.0,370,8.9,801+,14.6,801+,46.3,801+,75.9,177,66.0,381=,1228,31.695,40174,8.1,0.05,"2 days, 10:42:00",33.1,24.0,31.3,57.2,43.9,2026
Loughborough University,United Kingdom,Europe,225,224,53.3,42.8,277,64.5,165,26.9,699,50.6,371,94.6,183,71.1,269,73.9,242,81.4,324,33.2,509,87.9,80=,339,52.1499999999999,18345,15.4,0.25,40 : 60,34.8,32.9,76.1,70.2,89.4,2026
Queensland University of Technology,Australia,Oceania,226,213,53.2,51.6,215,38.8,356,11.6,801+,70.9,211,96.6,158,44.8,451,49.9,416,83.4,287,25.6,629,88.5,73,210,57.9975,33182,36.8,0.18,"2 days, 5:47:00",33.0,40.4,89.6,88.1,81.9,2026
The University of Newcastle,Australia,Oceania,227,179,53.1,36.0,336,30.5,466,29.7,638,95.2,67,100.0,92,36.2,533,41.8,494,81.8,319,20.8,712,84.8,112=,289,54.767,22320,29.2,0.2,"2 days, 10:42:00",30.0,36.8,84.9,86.5,84.2,2026
United Arab Emirates University,United Arab Emirates,Asia,229,261,53,43.3,272,58.1,199,55.1,341,35.1,522,100.0,24,39.1,501,44.4,470,88.9,191,87.9,120,68.6,341,235,57.0629999999999,9024,13.9,0.18,"3 days, 1:27:00",28.7,38.1,91.8,86.5,87.3,2026
Massey University,New Zealand,Oceania,230,239,52.9,42.1,284,24.1,558,57.3,319,50.5,373,99.4,120,98.9,71,98.9,62,82.2,308,60.7,265,83.7,129=,519,45.7665,15413,16.5,0.3,"2 days, 16:36:00",30.1,29.2,62.3,81.6,86.2,2026
University of Lisbon,Portugal,Europe,230,260,52.9,57.1,193,46.3,289,15.5,801+,51.4,367,14.3,801+,58.6,350,62.6,317,98.4,17,97.3,54,79.3,184,426,48.871,50344,18.1,0.23,"2 days, 6:46:00",31.1,41.8,66.8,75.3,60.3,2026
La Trobe University,Australia,Oceania,233,217,52.1,33.4,365,29.0,488,13.2,801+,87.8,110,95.6,173,97.4,97,97.5,85,82.1,310,28.0,594,82.2,146=,264,55.857,21509,31.2,0.37,,29.5,36.8,88.9,79.0,88.7,2026
University of Rochester,United States,Americas,236,236,51.9,27.1,463,32.4,443,98.2,51,56.6,314,80.5,294,96.2,109,96.5,94,63.7,641,51.2,333,72.3,286=,127,63.6134999999999,10505,8.1,0.36,"2 days, 4:48:00",51.8,44.5,86.3,92.0,78.1,2026
University of Porto,Portugal,Europe,237,278,51.6,52.5,212,41.5,328,13.6,801+,73.6,185,9.2,801+,38.2,513,33.1,575,94.3,94,61.2,261,77.3,208=,415,49.2525,38127,17.5,0.19,"2 days, 7:45:00",33.7,39.1,70.2,67.8,56.0,2026
Maastricht University,Netherlands,Europe,239,230,51.4,32.8,373,33.7,425,18.6,801+,71.7,203,99.9,103,100.0,21,100.0,14,85.6,243,49.6,350,80.2,166=,131,63.2565,21903,16.4,0.6,"2 days, 12:40:00",41.4,46.1,88.3,98.3,96.7,2026
Johns Hopkins University,United States,Americas,24,32,89.7,93.2,51,79.2,108,100.0,14,85.8,118,70.8,333,94.2,137,94.6,113,97.4,29,84.1,141,93.0,35,16,90.0604999999999,21275,5.6,0.34,"2 days, 6:46:00",84.6,89.9,96.3,100.0,81.9,2026
Victoria University of Wellington,New Zealand,Oceania,240,244,51.3,57.2,192,32.2,445,15.7,801+,44.3,424,100.0,96,56.7,367,60.9,332,70.1,530,77.6,168,83.3,132,434,48.5209999999999,15728,17.4,0.12,"2 days, 11:41:00",29.0,33.5,73.7,62.9,75.0,2026
Hebrew University of Jerusalem,Israel,Asia,240,281,51.3,42.9,276,36.4,394,74.6,201,41.9,452,81.9,279,33.5,551,38.8,509,74.2,460,97.1,57,65.5,387=,261,55.982,17488,16.2,0.03,"2 days, 10:42:00",48.1,47.2,72.6,77.3,43.1,2026
Hong Kong Baptist University,Hong Kong,Asia,244,252,50.9,28.3,445,21.7,610,67.3,251,82.3,141,99.4,118,100.0,22,99.9,33,38.2,801+,23.0,672,67.5,358=,214,57.932,7628,13.4,0.6,"2 days, 16:36:00",34.6,41.0,84.5,79.5,97.4,2026
University College Cork,Ireland,Europe,246,273,50.7,43.4,270,48.1,269,22.5,782,52.7,357,86.2,253,75.0,255,77.4,224,68.8,551,49.5,351,83.8,127=,367,50.9105,19075,20.2,0.23,"2 days, 11:41:00",29.3,33.2,78.7,77.6,79.0,2026
Beijing Normal University,China,Asia,247,271,50.6,47.6,244,29.6,483,30.3,626,98.6,44,9.0,801+,32.9,559,24.7,690,77.1,403,18.2,754,55.5,591=,136,62.893,29655,15.5,0.07,,59.6,49.3,80.9,89.1,42.4,2026
Dartmouth College,United States,Americas,247,243,50.6,30.7,398,54.3,225,79.9,167,56.9,307,13.5,801+,58.5,351,62.5,318,46.2,801+,87.7,122,82.2,146=,181,60.0104999999999,6627,7.4,0.19,"2 days, 0:52:00",56.3,38.5,81.8,72.8,63.8,2026
Princeton University,United States,Americas,25,22,89.4,100.0,10,99.8,13,67.3,253,100.0,5,12.7,801+,70.0,280,52.2,397,82.6,300,98.9,28,76.0,222,3,97.211,8739,8.2,0.23,"1 day, 23:53:00",98.2,97.3,99.0,98.0,85.4,2026
The University of Sydney,Australia,Oceania,25,18,89.4,98.9,29,94.2,53,15.7,801+,94.3,78,99.9,101,100.0,18,100.0,12,95.5,71,95.8,70,97.6,11,53,75.06,51531,22.4,0.53,,59.2,67.5,91.5,98.9,88.2,2026
Vanderbilt University,United States,Americas,250,248,50.4,32.3,382,41.8,323,100.0,10,50.6,372,48.4,446,50.9,404,55.5,370,77.9,383,57.5,288,61.8,460=,93,66.736,12863,3.8,0.18,"2 days, 7:45:00",53.8,48.1,95.6,91.9,60.8,2026
Universiti Teknologi Petronas (UTP),Malaysia,Asia,251,269,50.2,29.7,415,41.0,332,44.6,442,95.0,70,87.0,245,29.5,596,30.7,608,72.1,498,5.2,801+,50.0,704,205,58.3765,4262,13.0,0.13,38 : 62,41.6,40.3,82.4,94.5,78.9,2026
University of Strathclyde,United Kingdom,Europe,251,281,50.2,37.5,319,40.5,335,17.8,801+,57.2,306,99.2,122,89.0,175,90.0,149,84.5,263,46.0,379,84.6,117=,362,51.0185,19085,14.3,0.28,"2 days, 4:48:00",37.0,35.2,66.4,79.7,90.5,2026
Harbin Institute of Technology,China,Asia,256,252,49.8,33.3,367,47.9,270,42.0,479,99.8,22,12.9,801+,9.2,801+,14.9,801+,73.6,481,35.2,490,48.1,757=,132,63.2044999999999,32375,11.0,0.04,,57.2,57.7,77.2,100.0,32.5,2026
Tianjin University,China,Asia,257,269,49.7,26.3,481,37.6,371,51.6,368,99.9,18,29.9,586,33.5,550,25.1,682,72.5,491,38.7,449,56.2,576=,208,58.056,27866,8.7,0.15,,49.2,47.0,73.2,99.8,52.8,2026
Beijing Institute of Technology,China,Asia,259,302,49.5,34.3,355,46.7,282,42.7,469,96.4,62,12.3,801+,15.5,801+,11.8,801+,75.3,439,22.5,681,58.8,525=,238,56.9184999999999,33624,12.9,0.12,,46.5,44.3,76.6,99.6,45.2,2026
University of Canterbury,New Zealand,Oceania,261,261,49.4,48.8,235,34.7,417,12.1,801+,48.2,387,100.0,73,48.1,420,53.0,389,60.9,681,87.4,123,88.2,78=,632,42.7575,14857,19.1,0.18,"2 days, 2:50:00",26.6,28.3,59.9,64.4,82.1,2026
University of Aberdeen,United Kingdom,Europe,262,236,49.3,40.1,299,34.8,413,44.9,437,42.9,442,95.8,168,87.2,185,88.3,155,89.7,176,30.0,549,87.8,83=,249,56.4059999999999,11875,12.9,0.36,"2 days, 10:42:00",38.0,34.8,82.3,79.6,96.4,2026
University of Surrey,United Kingdom,Europe,262,285,49.3,29.7,411,30.0,475,33.4,583,74.4,182,98.0,139,88.7,181,89.7,152,86.6,227,30.7,539,60.4,499=,220,57.5984999999999,14440,14.4,0.33,"2 days, 6:46:00",36.3,34.4,89.5,71.6,96.0,2026
University of Navarra,Spain,Europe,262,249,49.3,40.8,290,78.2,111,50.6,375,25.3,631,26.8,629,84.0,200,85.4,171,58.3,714,80.5,156,66.1,376=,293,54.641,12748,15.3,0.3,"2 days, 8:44:00",37.2,34.1,81.9,90.7,74.4,2026
Charles University,Czechia,Europe,265,246,49,58.5,182,55.5,217,37.0,543,14.3,801+,33.5,549,61.7,328,65.4,300,97.2,33,73.2,196,76.9,217,465,47.347,53904,13.5,0.24,"2 days, 14:38:00",37.9,32.2,64.8,63.4,64.7,2026
Norwegian University of Science And Technology,Norway,Europe,267,264,48.9,45.9,255,33.4,430,30.7,620,45.1,413,87.4,240,17.7,769,23.8,709,95.2,77,90.5,101,80.3,165,331,52.6365,38384,15.0,0.09,"2 days, 3:49:00",36.7,39.1,75.9,71.4,64.6,2026
Griffith University,Australia,Oceania,268,255,48.7,37.7,318,16.6,701+,13.3,801+,75.1,178,100.0,91,70.7,271,73.5,243,93.4,119,26.6,615,91.7,49=,291,54.6964999999999,30484,26.3,0.25,"2 days, 12:40:00",30.5,37.3,83.7,80.8,87.2,2026
Middle East Technical University,Turkey,Asia,269,285,48.5,44.8,265,88.7,77,12.8,801+,34.4,528,18.0,743,31.0,579,36.9,528,79.2,365,82.2,148,71.8,294=,385,50.2755,15224,21.6,0.13,"2 days, 1:51:00",46.4,44.8,52.2,90.2,57.7,2026
McGill University,Canada,Americas,27,29,88.9,98.1,35,93.5,58,67.3,250,72.4,194,88.6,232,93.5,138,69.6,272,92.9,130,98.9,27,96.3,15=,41,77.1269999999999,30196,11.7,0.29,"2 days, 13:39:00",71.0,70.8,86.2,77.5,89.2,2026
University of Warsaw,Poland,Europe,271,258,48.3,61.0,168,62.8,175,59.5,304,10.0,801+,13.5,801+,15.7,801+,21.8,733,85.9,238,74.4,186,74.0,259=,770,39.6505,34878,11.0,0.1,"2 days, 12:40:00",38.1,32.6,46.7,39.3,45.0,2026
American University of Sharjah (AUS),United Arab Emirates,Asia,272,332,48.2,31.7,388,65.1,163,24.6,742,43.8,428,100.0,3,100.0,9,100.0,4,50.6,801+,60.6,268,54.4,613=,560,44.9389999999999,5432,17.7,0.72,"2 days, 5:47:00",20.9,28.7,73.0,49.7,87.5,2026
North Carolina State University,United States,Americas,272,311,48.2,36.4,333,47.9,271,12.2,801+,72.9,190,67.5,347,25.6,651,31.7,594,79.8,356,37.7,464,86.7,91=,303,54.1879999999999,32549,16.5,0.13,"2 days, 1:51:00",45.1,43.9,67.6,81.5,61.5,2026
University of Virginia,United States,Americas,275,297,48.1,46.5,250,47.9,272,68.2,245,36.5,513,5.3,801+,19.2,740,14.5,801+,82.6,299,91.9,91,68.9,331=,171,60.6799999999999,25795,8.8,0.13,"2 days, 7:45:00",51.1,41.7,86.6,79.0,58.3,2026
University of Milan,Italy,Europe,276,285,48,65.9,152,27.0,507,10.2,801+,56.6,313,10.8,801+,13.4,801+,19.4,772,85.1,252,63.1,246,76.4,219=,323,53.1184999999999,44429,17.4,0.07,"2 days, 12:40:00",38.9,32.5,86.1,71.2,47.2,2026
Sun Yat-sen University,China,Asia,276,331,48,45.4,259,39.0,351,53.4,352,72.6,193,4.1,801+,6.8,801+,5.3,801+,78.4,377,38.8,446,56.7,562=,225,57.3595,66020,15.5,0.04,"1 day, 22:54:00",47.2,40.6,84.0,97.6,34.1,2026
University of Sussex,United Kingdom,Europe,278,246,47.9,33.8,360,21.0,624,21.4,801+,60.7,283,99.0,129,89.5,172,90.4,146,86.3,232,53.6,314,90.0,63=,237,56.9304999999999,18015,16.7,0.37,"2 days, 7:45:00",34.3,36.0,88.9,64.8,94.8,2026
Radboud University Nijmegen,Netherlands,Europe,279,272,47.6,38.6,310,20.3,648,34.8,566,73.2,189,83.5,266,30.1,589,36.0,534,92.5,136,34.9,492,67.7,353=,155,61.537,23615,16.1,0.13,"2 days, 10:42:00",38.5,49.7,89.3,82.1,75.9,2026
University of Antwerp,Belgium,Europe,280,267,47.4,35.0,343,18.8,690,42.8,465,57.7,303,96.4,162,45.5,444,50.5,411,95.2,79,60.3,270,80.6,162,173,60.6475,16836,32.6,0.17,"2 days, 9:43:00",38.9,44.3,89.6,98.5,73.4,2026
University of Waikato,New Zealand,Oceania,281,235,47.3,28.2,446,18.8,691,16.2,801+,82.1,144,99.5,116,79.7,223,81.6,192,49.0,801+,58.4,282,84.8,112=,461,47.526,10521,20.7,0.31,"2 days, 13:39:00",24.1,31.5,72.3,74.6,88.1,2026
Dalhousie University,Canada,Americas,283,275,47.2,27.1,465,23.9,563,15.8,801+,76.2,171,100.0,88,79.4,225,81.3,195,79.9,353,39.8,439,85.3,107=,354,51.4795,17682,13.4,0.27,"2 days, 5:47:00",33.1,33.2,75.4,74.3,86.6,2026
University of Macau,Macao,Asia,285,245,47,18.5,660,17.9,701+,11.7,801+,99.9,21,100.0,25,100.0,30,99.6,44,55.1,770,56.8,294,52.2,658=,147,62.0075,12258,19.4,0.51,"2 days, 5:47:00",40.2,40.9,92.9,87.0,92.5,2026
Georgetown University,United States,Americas,285,301,47,38.2,312,60.6,190,74.2,203,21.7,689,22.8,677,51.1,401,55.8,366,67.4,581,96.0,67,69.1,329=,209,57.9985,17348,9.5,0.19,"2 days, 8:44:00",52.2,35.3,82.1,93.0,53.5,2026
Heriot-Watt University,United Kingdom,Europe,287,256,46.8,25.7,490,34.8,415,27.3,692,61.8,275,100.0,78,97.0,100,97.2,89,75.7,425,37.0,467,77.2,210=,501,46.2545,9705,15.4,0.44,39 : 61,33.4,30.3,58.8,70.3,95.5,2026
University of Bergen,Norway,Europe,287,291,46.8,40.5,297,13.7,701+,67.2,254,42.5,446,96.9,150,37.9,516,43.5,477,91.0,159,69.5,217,65.1,397,287,54.9004999999999,15304,13.0,0.13,"2 days, 14:38:00",35.3,36.4,84.1,75.4,75.8,2026
University of Arizona,United States,Americas,287,293,46.8,49.3,231,40.4,336,42.8,463,47.4,397,25.4,643,15.2,801+,21.2,746,93.5,116,54.1,311,66.9,363=,140,62.555,52414,20.9,0.07,"2 days, 9:43:00",48.3,52.5,86.1,80.6,53.7,2026
Universitas Airlangga,Indonesia,Asia,287,308,46.8,52.2,213,88.3,78,69.6,235,2.5,801+,77.3,308,10.8,801+,16.7,801+,52.9,797,24.0,658,56.6,568=,1308,30.2505,32097,7.2,0.08,"2 days, 18:34:00",28.6,14.1,39.2,24.8,66.3,2026
University of Toronto,Canada,Americas,29,25,88.5,100.0,11,99.1,25,45.7,428,68.8,224,97.9,143,97.9,91,98.0,78,97.0,37,99.4,22,100.0,1,21,88.4544999999999,80394,25.1,0.39,"2 days, 8:44:00",78.2,92.9,92.3,95.8,92.3,2026
University of The Witwatersrand,South Africa,Africa,291,267,46.4,36.8,328,50.9,246,14.0,801+,40.2,468,86.8,246,9.4,801+,15.1,801+,96.7,44,99.5,21,85.6,104=,318,53.2709999999999,26928,22.4,0.06,"2 days, 12:40:00",34.9,43.1,70.8,91.6,74.3,2026
Swansea University,United Kingdom,Europe,292,298,46.2,34.7,348,54.7,222,28.6,666,43.0,439,76.9,312,80.5,221,82.4,187,79.7,357,13.7,801+,84.4,121,321,53.157,18650,15.9,0.25,"2 days, 1:51:00",30.8,30.6,87.4,58.3,88.6,2026
"University of California, Irvine",United States,Americas,293,307,46.1,46.6,249,37.1,381,26.8,701,53.1,351,39.5,503,64.2,310,52.3,394,81.9,313,28.0,596,64.9,403=,97,66.4315,35079,15.3,0.24,"2 days, 6:46:00",47.8,52.8,91.2,98.4,76.3,2026
Case Western Reserve University,United States,Americas,294,259,46,22.4,560,20.5,642,88.6,111,66.3,239,47.6,449,76.7,246,79.0,218,58.3,715,40.9,429,70.8,303=,148,61.97,11514,9.9,0.26,"2 days, 3:49:00",51.8,42.2,88.7,74.9,64.6,2026
Swinburne University of Technology,Australia,Oceania,294,291,46,18.8,655,19.3,675,14.7,801+,95.0,68,87.8,237,94.7,130,70.5,266,74.0,467,22.8,675,73.4,267=,256,56.158,15725,28.4,0.41,"1 day, 19:57:00",33.0,33.6,91.4,78.1,81.8,2026
Vrije Universiteit Brussel (VUB),Belgium,Europe,294,278,46,33.3,369,22.1,599,75.6,192,27.7,611,96.8,152,72.1,264,74.8,235,92.2,143,63.2,245,80.0,169=,234,57.085,16387,37.1,0.24,"2 days, 11:41:00",37.8,42.5,80.4,93.6,76.6,2026
University of Notre Dame,United States,Americas,294,316,46,38.0,315,43.6,306,70.8,220,36.7,511,28.9,596,32.7,562,28.9,627,75.4,435,75.4,181,72.5,281=,195,59.0505,12781,10.5,0.14,"1 day, 23:53:00",52.8,45.8,73.5,72.5,69.9,2026
Istanbul Technical University,Turkey,Asia,298,326,45.8,39.6,305,85.3,91,11.5,801+,35.3,521,10.4,801+,36.5,531,42.2,491,76.2,419,79.7,162,68.5,342=,512,45.952,18037,18.8,0.15,"1 day, 18:58:00",39.7,41.7,50.4,93.0,44.1,2026
University of Colorado Boulder,United States,Americas,299,320,45.6,49.0,232,36.8,386,52.1,359,36.0,516,38.6,510,8.5,801+,14.2,801+,85.6,242,48.9,354,90.3,61=,160,61.3184999999999,37094,17.0,0.08,"1 day, 22:54:00",47.5,51.6,84.1,77.3,53.6,2026
Stanford University,United States,Americas,3,6,98.9,100.0,5,100.0,3,100.0,17,99.7,24,94.2,188,73.5,261,76.1,230,96.5,49,100.0,2,95.4,19=,5,97.151,17422,5.9,0.25,"2 days, 0:52:00",97.5,97.4,99.5,100.0,83.9,2026
Fudan University,China,Asia,30,39,88.4,93.7,50,95.1,49,84.8,137,92.8,89,88.5,234,46.4,433,51.4,402,75.5,431,73.3,193,83.1,134,36,79.2785,38601,12.4,0.1,"2 days, 4:48:00",79.5,77.1,84.8,99.8,53.8,2026
Stellenbosch University,South Africa,Africa,302,296,45.2,36.7,331,44.8,299,5.0,801+,67.5,233,25.4,642,14.5,801+,11.0,801+,93.6,111,88.9,114,61.0,480=,326,52.815,25956,26.8,0.07,"2 days, 10:42:00",34.8,40.8,75.5,91.8,58.6,2026
University of Southern Denmark,Denmark,Europe,303,324,45.1,29.2,425,24.9,540,31.9,602,68.4,227,91.7,212,46.4,435,51.3,403,77.4,394,27.0,607,85.0,110=,281,55.207,17548,9.5,0.15,"2 days, 6:46:00",30.4,36.0,87.3,98.1,75.8,2026
Jagiellonian University,Poland,Europe,303,312,45.1,49.9,226,54.4,224,75.3,193,10.4,801+,8.0,801+,30.0,591,35.9,536,88.6,198,61.5,256,71.6,296,606,43.5905,32022,8.8,0.13,"2 days, 19:33:00",43.8,33.6,51.1,54.2,45.7,2026
Aalborg University,Denmark,Europe,306,306,44.9,26.4,478,25.0,538,27.7,685,77.2,167,89.0,231,29.4,597,35.4,546,91.7,148,25.4,634,79.1,186,259,56.063,16050,13.9,0.13,,33.6,44.9,80.6,88.0,72.4,2026
Simon Fraser University,Canada,Americas,308,319,44.7,34.9,345,20.7,636,7.6,801+,59.6,289,99.1,127,86.1,189,87.3,158,78.4,376,34.0,500,85.2,109,335,52.312,26776,24.9,0.31,"2 days, 6:46:00",26.9,35.6,79.7,83.5,90.7,2026
University of Johannesburg,South Africa,Africa,308,312,44.7,25.5,496,25.9,523,46.5,424,45.2,410,98.5,136,60.1,342,63.9,310,99.1,14,69.6,215,74.8,241=,388,50.2024999999999,32659,26.5,0.14,"2 days, 8:44:00",29.5,38.4,69.9,81.1,82.0,2026
"City St George’s, University of London",United Kingdom,Europe,310,,44.5,26.9,466,32.3,444,9.2,801+,57.8,301,92.4,207,97.9,90,98.0,77,77.2,402,65.8,238,62.3,452=,305,54.122,20905,17.1,0.41,"2 days, 11:41:00",27.4,30.1,91.8,65.0,95.6,2026
Ulsan National Institute of Science and Technology,South Korea,Asia,310,280,44.5,21.8,571,16.3,701+,92.5,92,99.5,29,37.4,520,15.5,801+,18.9,782,26.7,801+,3.9,801+,57.5,550=,243,56.7144999999999,3868,12.0,0.08,29 : 71,47.4,39.5,81.3,98.1,39.5,2026
University of Miami,United States,Americas,314,324,44.3,24.5,521,40.3,338,57.9,312,48.4,386,87.8,238,25.1,660,31.2,598,85.2,251,59.6,274,64.6,407=,227,57.3404999999999,18574,10.9,0.12,"2 days, 6:46:00",47.3,35.5,83.8,83.3,61.6,2026
University of Tasmania,Australia,Oceania,314,293,44.3,22.5,556,12.2,701+,34.3,572,72.8,192,87.1,244,91.7,152,92.3,129,80.4,348,25.0,640,84.0,124=,255,56.1789999999999,13316,17.1,0.31,"2 days, 10:42:00",34.3,36.9,84.5,82.8,89.3,2026
L.N. Gumilyov Eurasian National University,Kazakhstan,Asia,317,321,43.9,40.1,300,85.8,86,94.7,78,2.0,801+,84.6,262,25.8,649,27.2,650,31.4,801+,7.5,801+,46.6,801+,1748,23.3215,23205,18.3,0.04,"2 days, 1:51:00",20.9,15.2,25.4,17.2,59.2,2026
Huazhong University of Science and Technology,China,Asia,319,300,43.8,30.9,395,33.4,431,11.6,801+,100.0,10,7.1,801+,5.2,801+,4.1,801+,80.3,349,33.5,505,55.7,582=,178,60.2265,61789,16.2,0.04,,46.6,48.4,87.1,99.9,30.9,2026
The Chinese University of Hong Kong,Hong Kong,Asia,32,36,87.4,94.2,48,67.3,157,75.9,191,95.0,71,100.0,50,93.3,143,90.3,147,68.2,563,91.2,94,84.1,123,44,77.0595,18461,18.2,0.25,,63.2,63.8,97.9,90.9,92.1,2026
Australian National University,Australia,Oceania,32,30,87.4,97.9,37,82.6,96,40.9,495,91.7,93,100.0,49,99.0,68,99.1,59,93.1,123,67.1,232,91.8,48,74,71.1075,17243,13.3,0.51,"2 days, 6:46:00",56.7,62.6,85.7,86.3,94.2,2026
Bauman Moscow State Technical University,Russian Federation,Europe,320,298,43.5,41.1,289,63.8,168,99.9,25,2.0,801+,81.0,287,85.8,190,87.1,160,14.2,801+,10.1,801+,47.6,770=,340,52.136,15623,6.9,0.2,"1 day, 21:55:00",68.4,42.8,43.0,54.4,59.6,2026
University of Tehran,Iran,Asia,322,368,43.3,31.0,394,41.8,322,4.2,801+,91.1,97,2.5,801+,3.3,801+,2.7,801+,86.8,223,58.1,284,45.5,801+,490,46.655,55821,26.1,0.02,"1 day, 22:54:00",38.3,31.1,70.1,65.0,36.1,2026
Sichuan University,China,Asia,324,336,43,30.8,397,34.5,418,14.0,801+,99.9,20,9.7,801+,9.2,801+,7.1,801+,72.9,489,21.0,709,45.3,801+,229,57.248,49146,15.9,0.05,,46.5,48.1,74.7,99.6,42.5,2026
University of Jordan,Jordan,Asia,324,368,43,47.9,239,59.8,194,28.9,656,7.3,801+,33.8,545,64.5,309,68.0,285,69.2,543,90.1,105,64.1,420=,639,42.6115,23745,12.2,0.26,"2 days, 15:37:00",32.0,19.5,67.2,41.6,75.9,2026
University of Leicester,United Kingdom,Europe,326,285,42.9,29.6,418,17.7,701+,40.1,502,44.2,426,90.6,220,90.6,162,91.4,137,91.1,155,31.0,535,81.2,158=,193,59.204,16435,14.5,0.37,"2 days, 5:47:00",35.4,34.9,95.9,69.0,94.8,2026
University of Delhi,India,Asia,328,328,42.6,46.9,248,41.9,319,6.9,801+,47.1,403,1.8,801+,2.8,801+,7.5,801+,83.0,294,98.9,30,71.2,297=,802,39.0049999999999,24204,20.2,0.02,"1 day, 23:53:00",42.9,29.7,45.8,53.6,24.7,2026
University of Sharjah,United Arab Emirates,Asia,328,434,42.6,28.5,440,34.9,411,9.3,801+,52.2,362,100.0,15,100.0,40,100.0,28,84.8,259,19.3,740,58.8,525=,338,52.2429999999999,12327,17.7,0.51,"2 days, 19:33:00",23.5,27.0,94.3,44.7,98.7,2026
Satbayev University (previously Kazakh Technical University named after K.I. Satpaev),Kazakhstan,Asia,331,405,42.5,40.6,295,58.8,196,94.2,81,1.7,801+,89.2,229,53.7,383,48.5,427,25.7,801+,33.0,515,48.7,737=,1644,25.034,8346,11.2,0.17,"2 days, 7:45:00",26.7,14.7,19.3,32.3,77.5,2026
Kyung Hee University,South Korea,Asia,331,328,42.5,34.6,349,43.0,312,86.2,125,25.9,625,19.8,715,68.5,286,71.5,256,66.8,592,21.6,698,74.9,237=,254,56.2245,20363,17.4,0.3,"2 days, 6:46:00",41.2,40.3,76.5,99.9,72.5,2026
York University,Canada,Americas,333,362,42.4,33.4,366,31.7,451,5.0,801+,37.8,493,87.3,242,78.9,227,80.9,197,73.5,482,82.2,149,84.5,119=,422,49.0635,41456,27.4,0.28,"2 days, 6:46:00",29.3,33.2,71.5,72.3,86.0,2026
Sultan Qaboos University,Oman,Asia,334,362,42.3,28.9,430,25.9,522,62.3,284,39.5,478,100.0,81,6.0,801+,9.9,801+,80.9,333,70.0,209,69.6,320,577,44.45,7375,8.3,0.04,"2 days, 2:50:00",30.9,24.6,70.1,40.7,73.9,2026
Tufts University,United States,Americas,334,344,42.3,23.8,532,21.2,619,65.6,264,52.5,360,42.9,477,48.3,419,53.2,387,67.0,588,69.3,219,86.3,96,190,59.363,12718,10.5,0.18,"2 days, 11:41:00",51.3,34.7,88.2,76.6,61.9,2026
University of Illinois Chicago (UIC),United States,Americas,334,365,42.3,48.8,234,40.3,337,33.1,587,39.2,482,11.0,801+,28.4,611,21.3,744,82.3,304,36.4,475,66.9,363=,250,56.3739999999999,28912,11.2,0.2,"2 days, 7:45:00",50.1,35.2,80.1,76.1,57.5,2026
Shandong University,China,Asia,339,316,42.2,22.8,549,39.0,352,21.8,799,97.1,54,11.2,801+,5.7,801+,4.5,801+,72.8,490,26.8,610,57.5,550=,275,55.4925,37862,12.7,0.09,,46.4,44.0,72.7,99.3,43.5,2026
University of Edinburgh,United Kingdom,Europe,34,27,87.2,99.6,24,98.2,33,77.3,179,54.3,338,99.7,105,99.9,42,99.9,31,99.5,5,69.7,213,98.3,7=,29,82.4895,35350,11.3,0.49,"2 days, 14:38:00",75.7,74.7,94.8,71.0,96.2,2026
Xiamen University,China,Asia,341,362,42.1,34.3,354,24.2,556,25.0,733,83.9,132,10.8,801+,9.3,801+,7.1,801+,64.7,626,54.4,308,54.1,623,276,55.4865,42518,14.2,0.03,,43.3,37.6,84.2,95.1,36.6,2026
University of Oulu,Finland,Europe,342,344,42,23.0,546,21.8,607,29.5,640,74.5,181,80.9,289,19.7,733,25.8,672,87.9,203,30.6,541,75.2,232=,272,55.6275,11334,22.0,0.1,"2 days, 8:44:00",36.7,39.5,85.8,70.9,63.6,2026
University of Pisa,Italy,Europe,343,382,41.8,51.6,216,26.3,517,12.8,801+,59.6,290,5.0,801+,10.5,801+,16.3,801+,84.6,262,25.1,639,72.8,278,394,50.0295,29834,17.2,0.07,"2 days, 4:48:00",36.3,34.7,77.7,67.7,43.2,2026
Southern University of Science and Technology (SUSTech),China,Asia,343,284,41.8,14.9,701+,9.4,701+,87.5,116,100.0,14,42.7,479,2.8,801+,7.2,801+,47.2,801+,1.3,801+,65.5,387=,162,60.9575,8193,9.6,0.01,,39.6,44.2,93.9,88.5,63.3,2026
National Taiwan University of Science and Technology (Taiwan Tech),Taiwan,Asia,345,392,41.7,36.7,330,48.6,266,50.6,374,46.8,405,31.3,571,35.3,538,38.9,508,45.6,801+,25.4,632,56.8,560=,463,47.4329999999999,9244,19.0,0.16,30 : 70,33.2,38.3,62.9,97.8,50.0,2026
Cairo University,Egypt,Africa,347,350,41.6,60.8,170,52.7,232,13.8,801+,6.0,801+,4.2,801+,14.4,801+,10.9,801+,88.9,190,98.0,43,66.6,368=,846,38.036,173478,24.6,0.07,"2 days, 12:40:00",29.4,20.0,60.7,42.7,48.6,2026
Tilburg University,Netherlands,Europe,347,347,41.6,20.5,602,37.1,382,16.8,801+,67.1,236,99.0,128,77.4,238,79.5,209,61.1,678,23.1,669,50.6,693=,330,52.7114999999999,12796,19.9,0.24,"2 days, 5:47:00",29.1,42.9,73.8,78.9,85.2,2026
University of Coimbra,Portugal,Europe,347,355,41.6,39.2,307,24.9,542,14.9,801+,61.4,279,13.1,801+,33.3,554,39.1,506,92.2,142,47.6,368,75.8,226,453,47.9884999999999,23217,20.4,0.19,"2 days, 10:42:00",33.8,42.1,61.5,81.4,54.7,2026
The University of Manchester,United Kingdom,Europe,35,34,86.4,98.6,31,98.8,26,58.2,310,56.8,308,95.3,176,99.5,56,99.5,45,99.4,7,91.9,90,98.2,9=,56,74.9325,43470,14.9,0.46,"2 days, 9:43:00",61.2,65.9,92.4,74.0,94.5,2026
Technion - Israel Institute of Technology,Israel,Asia,350,416,41.5,32.2,384,35.6,404,67.3,252,33.3,546,91.1,217,10.6,801+,8.1,801+,57.5,725,65.9,237,53.2,641=,343,52.0575,15310,21.6,0.14,"1 day, 17:59:00",43.9,41.7,62.9,73.1,69.6,2026
University of Tsukuba,Japan,Asia,350,377,41.5,49.9,225,32.9,436,58.9,307,30.0,588,18.1,742,31.1,577,37.0,526,68.4,561,18.1,757,73.4,267=,365,50.9419999999999,15491,12.4,0.17,38 : 62,52.0,46.7,50.8,77.1,49.8,2026
Quaid-i-azam University,Pakistan,Asia,354,315,41.3,24.0,530,47.6,274,5.3,801+,97.5,51,9.8,801+,3.1,801+,7.8,801+,67.5,577,27.8,599,46.9,793=,484,46.8424999999999,12431,20.9,0.02,"1 day, 22:54:00",28.8,24.5,84.7,40.6,56.1,2026
Nankai University,China,Asia,355,377,41.2,27.1,464,24.4,552,28.8,659,93.9,81,17.8,749,5.0,801+,3.9,801+,56.1,748,47.3,370,44.9,801+,253,56.3204999999999,33291,11.7,0.07,,45.4,33.9,87.6,80.6,47.9,2026
National Technical University of Athens,Greece,Europe,355,321,41.2,28.2,448,51.2,244,5.9,801+,80.9,153,,,9.6,801+,14.9,801+,72.0,499,51.4,331,49.3,725=,823,38.5325,13139,19.5,0.05,35 : 65,33.3,24.4,55.1,61.2,35.4,2026
George Washington University,United States,Americas,358,371,41.1,31.7,389,45.8,297,30.3,628,43.4,436,13.0,801+,39.2,498,44.7,466,78.7,373,85.8,133,60.0,502=,226,57.349,21756,12.4,0.19,"2 days, 13:39:00",48.5,34.3,84.4,67.8,67.5,2026
Mahidol University,Thailand,Asia,358,368,41.1,59.4,177,38.8,358,82.4,155,9.0,801+,8.5,801+,9.1,801+,14.0,801+,67.9,569,17.4,774,61.2,474=,630,42.797,29737,8.9,0.06,"2 days, 15:37:00",38.6,28.4,53.1,88.1,49.6,2026
University of Victoria,Canada,Americas,358,349,41.1,25.6,495,17.3,701+,6.2,801+,78.7,163,97.2,149,46.0,440,51.0,406,61.3,673,21.2,703,79.9,172=,316,53.4799999999999,17663,26.3,0.17,"2 days, 10:42:00",30.2,37.1,82.9,66.8,83.6,2026
Monash University,Australia,Oceania,36,37,85.8,95.7,45,87.5,81,11.3,801+,93.0,88,100.0,61,100.0,24,100.0,15,94.7,87,86.7,128,91.7,49=,60,74.0899999999999,56287,30.6,0.36,"2 days, 6:46:00",54.3,65.5,94.0,99.6,91.9,2026
The University of Tokyo,Japan,Asia,36,32,85.8,100.0,7,99.9,10,92.4,94,69.9,217,15.9,777,44.0,457,49.2,422,88.8,193,100.0,10,92.3,44,26,83.5244999999999,26298,10.2,0.18,,94.7,94.2,68.2,100.0,50.8,2026
University of Pretoria,South Africa,Africa,362,354,40.9,32.3,381,55.1,221,6.2,801+,31.2,574,57.2,404,17.4,776,23.5,713,97.6,26,84.8,138,80.1,168,588,44.1755,34827,18.4,0.07,"2 days, 13:39:00",32.3,34.7,57.5,61.1,65.2,2026
University of Tartu,Estonia,Europe,362,358,40.9,28.6,437,23.7,567,94.6,79,19.1,728,62.1,374,20.8,712,26.9,654,89.0,186,89.2,112,64.2,417=,353,51.5649999999999,9766,8.9,0.13,"2 days, 20:32:00",34.5,31.4,84.0,65.1,59.7,2026
University of the Philippines,Philippines,Asia,362,336,40.9,50.6,220,71.1,143,42.7,467,3.2,801+,2.4,801+,1.2,801+,5.7,801+,66.4,600,80.8,155,68.9,331=,1376,29.0249999999999,54405,10.7,0.0,"2 days, 9:43:00",27.4,17.9,39.0,28.9,38.6,2026
University of Turku,Finland,Europe,366,375,40.6,36.3,334,20.2,651,63.2,279,39.6,476,46.2,462,8.9,801+,14.7,801+,89.2,184,46.1,378,74.4,250=,344,52.018,13966,15.4,0.07,"2 days, 16:36:00",34.2,35.6,83.4,66.0,52.6,2026
RUDN University,Russian Federation,Europe,367,316,40.5,28.4,443,61.2,189,94.0,84,3.9,801+,10.9,801+,95.3,123,95.6,105,88.3,199,14.3,801+,58.9,521=,825,38.509,27303,17.8,0.34,"2 days, 11:41:00",39.9,27.8,40.2,36.6,68.7,2026
Universiti Brunei Darussalam (UBD),Brunei Darussalam,Asia,367,385,40.5,29.9,406,20.5,643,94.2,82,22.5,679,100.0,70,43.5,463,42.1,492,53.0,796,58.2,283,52.4,655,374,50.641,3464,11.8,0.11,"2 days, 16:36:00",33.1,34.7,80.5,31.4,72.1,2026
Daegu Gyeongbuk Institute of Science and Technology (DGIST),South Korea,Asia,370,326,40.4,17.0,701+,28.1,494,82.3,156,100.0,4,5.1,801+,7.3,801+,10.8,801+,15.8,801+,2.5,801+,42.8,801+,363,51.0099999999999,942,6.7,0.04,35 : 65,49.4,38.7,64.0,89.6,32.4,2026
Pontificia Universidad Javeriana,Colombia,Americas,371,377,40.3,60.5,173,61.8,185,37.8,535,2.7,801+,3.8,801+,3.7,801+,8.5,801+,38.7,801+,83.1,144,58.6,530=,1722,23.7355,29088,14.2,0.01,"2 days, 8:44:00",21.1,13.0,31.8,24.4,43.0,2026
Oxford Brookes University,United Kingdom,Europe,374,416,40,38.7,309,62.3,178,14.8,801+,12.4,801+,80.8,291,89.8,168,90.7,143,61.8,666,26.0,624,59.8,506,819,38.6359999999999,13930,13.6,0.3,"2 days, 8:44:00",26.9,23.1,53.9,30.6,88.1,2026
Sharif University of Technology,Iran,Asia,375,342,39.9,17.8,686,48.2,267,8.2,801+,99.2,36,2.6,801+,1.6,801+,5.9,801+,68.4,560,38.7,448,38.7,801+,358,51.162,10163,21.9,0.01,25 : 75,35.2,38.0,78.0,96.7,33.2,2026
South China University of Technology,China,Asia,377,385,39.8,18.8,652,20.8,635,29.4,641,99.3,31,15.9,778,10.5,801+,16.4,801+,64.8,623,40.4,434,50.1,701=,280,55.257,41221,12.0,0.07,39 : 61,39.0,39.1,84.0,99.7,43.0,2026
University of Saskatchewan,Canada,Americas,378,340,39.6,16.0,701+,10.2,701+,21.1,801+,71.9,201,82.4,276,65.4,305,68.7,280,77.3,397,44.3,396,83.6,131,397,49.9565,18283,19.2,0.22,"2 days, 7:45:00",39.5,34.0,63.0,96.1,76.0,2026
University of Naples - Federico II,Italy,Europe,379,347,39.5,47.8,241,32.8,438,6.8,801+,59.5,292,2.9,801+,1.2,801+,1.2,801+,94.9,86,12.5,801+,57.5,550=,348,51.732,53650,17.5,0.03,"2 days, 9:43:00",40.0,31.8,83.9,72.5,35.2,2026
Columbia University,United States,Americas,38,34,85.6,99.9,13,99.9,11,100.0,19,44.5,418,48.5,445,98.1,88,72.9,250,98.4,18,100.0,8,77.9,198=,20,89.4025,30580,5.6,0.42,,87.8,87.8,95.9,74.8,83.7,2026
Seoul National University,South Korea,Asia,38,31,85.6,99.7,20,99.1,24,85.6,130,81.2,150,13.2,801+,27.5,622,33.5,571,77.6,391,100.0,6,90.8,57,59,74.094,26783,15.3,0.16,,74.1,74.8,77.6,100.0,43.5,2026
University of Luxembourg,Luxembourg,Europe,381,355,39.4,13.2,701+,8.2,701+,87.2,118,39.5,479,100.0,19,100.0,33,100.0,21,68.1,566,58.8,277,42.4,801+,265,55.7969999999999,5718,20.0,0.52,"2 days, 5:47:00",39.9,39.3,75.1,79.8,92.1,2026
The American University in Cairo,Egypt,Africa,381,410,39.4,40.8,292,46.9,278,39.0,521,12.2,801+,98.0,141,7.1,801+,11.7,801+,46.8,801+,88.6,118,51.6,669=,795,39.249,6233,10.4,0.08,"2 days, 10:42:00",30.1,25.9,53.7,33.9,71.9,2026
University of East Anglia (UEA),United Kingdom,Europe,381,332,39.4,24.7,514,15.0,701+,24.0,753,55.5,324,81.9,278,49.3,413,54.0,380,86.8,224,31.8,528,91.1,54=,290,54.7519999999999,16240,13.2,0.26,"2 days, 9:43:00",34.7,30.2,89.1,62.0,87.3,2026
Brunel University of London,United Kingdom,Europe,385,342,39.1,17.6,694,25.2,536,12.2,801+,51.8,364,99.5,114,100.0,32,100.0,20,76.7,410,28.8,578,80.4,163=,414,49.2875,15410,18.0,0.53,"1 day, 20:56:00",24.0,26.6,81.8,64.9,98.1,2026
Gwangju Institute of Science and Technology (GIST),South Korea,Asia,385,359,39.1,21.3,584,12.4,701+,56.7,326,99.9,16,15.7,787,18.5,751,20.8,750,28.9,801+,2.2,801+,55.3,596=,402,49.7879999999999,1773,9.3,0.09,30 : 70,49.3,39.8,53.4,94.0,52.3,2026
Flinders University,Australia,Oceania,387,336,39,19.6,629,9.7,701+,11.3,801+,64.3,252,97.9,144,97.3,99,97.4,87,77.3,400,15.5,801+,81.6,154=,320,53.172,16021,29.9,0.4,"2 days, 15:37:00",27.9,36.9,82.9,68.7,88.3,2026
Beihang University (former BUAA),China,Asia,388,452,38.5,18.3,665,23.5,569,57.8,313,91.6,95,9.5,801+,8.3,801+,6.4,801+,50.1,801+,20.9,711,36.7,801+,252,56.3285,35223,13.4,0.04,,47.8,46.5,73.8,100.0,34.7,2026
National and Kapodistrian University of Athens,Greece,Europe,390,393,38.4,34.9,344,38.9,354,3.0,801+,45.1,412,12.7,801+,27.2,624,32.7,581,79.7,358,88.9,115,64.3,415=,502,46.2475,66736,34.1,0.12,"2 days, 12:40:00",24.4,26.8,78.0,92.5,55.7,2026
Abu Dhabi University,United Arab Emirates,Asia,391,501,38.3,24.6,518,49.8,256,23.9,755,35.9,518,100.0,5,99.9,44,99.9,32,34.5,801+,10.1,801+,49.6,711=,233,57.1709999999999,2344,10.7,0.6,"2 days, 2:50:00",38.0,33.9,92.0,29.5,98.0,2026
Sejong University,South Korea,Asia,392,396,38.2,16.3,701+,19.4,672,16.3,801+,92.2,92,32.4,558,50.7,407,37.8,516,77.8,388,1.8,801+,61.3,471=,269,55.7189999999999,13684,20.9,0.16,"1 day, 22:54:00",33.6,33.6,92.6,83.7,65.8,2026
Aston University,United Kingdom,Europe,395,423,38.1,18.1,673,27.1,506,12.0,801+,56.7,309,97.9,142,63.4,317,67.0,290,81.8,317,28.3,587,67.6,355=,427,48.8409999999999,15710,20.9,0.35,"1 day, 23:53:00",21.7,26.2,83.6,64.6,95.7,2026
University of Kent,United Kingdom,Europe,397,380,37.7,20.2,607,13.8,701+,16.2,801+,58.3,297,96.4,163,49.2,414,54.0,381,88.0,202,44.0,404,65.5,387=,438,48.4195,15680,17.0,0.28,"2 days, 6:46:00",29.5,28.4,73.2,64.4,92.6,2026
IPB University (aka Bogor Agricultural University),Indonesia,Asia,399,426,37.6,35.1,342,56.0,213,82.9,153,3.0,801+,73.7,323,6.0,801+,10.8,801+,26.2,801+,45.3,386,63.2,436=,1524,26.9045,22993,10.3,0.05,"2 days, 10:42:00",32.8,12.3,27.5,51.1,44.9,2026
University of Oxford,United Kingdom,Europe,4,3,97.9,100.0,2,100.0,4,100.0,9,91.0,98,98.8,132,98.6,80,98.7,67,100.0,1,100.0,3,77.9,198=,1,98.21,22005,10.4,0.43,"2 days, 4:48:00",97.2,100.0,97.7,99.9,96.4,2026
University of British Columbia,Canada,Americas,40,38,85.5,99.6,23,96.5,41,34.7,568,70.9,210,98.5,135,79.8,222,81.7,191,96.6,48,84.9,135,98.5,5=,45,77.029,60112,18.7,0.34,"2 days, 7:45:00",64.1,73.9,88.6,77.4,93.5,2026
Western Sydney University,Australia,Oceania,400,384,37.5,26.3,480,22.5,593,7.4,801+,44.5,419,100.0,59,67.7,292,70.9,263,87.3,211,11.8,801+,82.6,140,306,54.0185,32737,36.4,0.26,"2 days, 11:41:00",30.6,31.8,88.0,68.3,88.5,2026
University of Granada,Spain,Europe,401,431,37.4,59.3,178,24.3,554,11.2,801+,26.3,622,9.9,801+,31.7,572,37.6,522,96.4,51,13.1,801+,58.4,536=,642,42.5495,51046,14.3,0.11,"2 days, 13:39:00",31.3,29.7,60.9,60.7,53.4,2026
University of Limerick,Ireland,Europe,401,421,37.4,27.9,453,36.6,390,23.6,758,34.5,527,93.2,198,48.4,417,53.3,385,71.6,506,14.7,801+,75.9,223=,537,45.5299999999999,14691,27.1,0.18,"2 days, 4:48:00",28.6,34.6,61.7,73.1,75.0,2026
University of Florence,Italy,Europe,404,375,37.2,45.1,262,16.9,701+,7.0,801+,49.7,376,11.2,801+,20.8,713,26.9,655,86.1,234,36.9,468,72.9,275=,355,51.4234999999999,42558,22.9,0.09,"2 days, 12:40:00",37.6,37.9,75.9,76.7,46.7,2026
Lincoln University,New Zealand,Oceania,407,371,37,13.3,701+,10.7,701+,32.4,597,62.6,264,100.0,55,99.6,53,99.1,58,25.4,801+,45.1,389,62.0,458=,603,43.6335,3123,15.0,0.42,"2 days, 7:45:00",29.1,25.6,62.2,53.5,91.0,2026
University of Turin,Italy,Europe,408,371,36.9,48.1,237,14.3,701+,5.1,801+,42.5,447,5.2,801+,10.1,801+,16.0,801+,90.0,175,61.4,257,78.7,188=,468,47.212,60028,25.4,0.06,"2 days, 14:38:00",24.3,31.9,81.7,74.0,44.3,2026
Institut Polytechnique de Paris,France,Europe,41,46,85.4,58.1,185,99.8,14,94.8,76,97.3,52,99.9,99,99.2,61,99.2,50,93.0,125,99.1,25,77.9,198=,69,71.6434999999999,6217,7.6,0.43,1.0118055555555556,71.8,62.4,70.9,99.1,95.1,2026
Sunway University,Malaysia,Asia,410,539,36.7,20.9,592,53.3,228,56.9,324,25.2,636,57.1,405,66.9,298,68.7,279,61.4,671,5.1,801+,61.2,474=,307,54.0054999999999,5046,8.4,0.27,"2 days, 5:47:00",27.2,34.2,90.1,58.4,89.3,2026
Dublin City University,Ireland,Europe,410,421,36.7,29.2,423,37.5,376,27.8,683,22.0,685,80.8,292,43.2,466,48.4,429,78.0,381,40.2,436,79.7,175=,310,53.6939999999999,14712,27.3,0.13,"2 days, 10:42:00",28.5,36.6,88.6,69.0,71.1,2026
Auckland University of Technology,New Zealand,Oceania,410,412,36.7,29.6,417,22.5,587,13.7,801+,33.2,549,100.0,76,100.0,39,100.0,27,50.4,801+,23.4,663,74.0,259=,587,44.1984999999999,17420,17.0,0.49,"2 days, 11:41:00",22.6,22.8,73.6,49.8,91.3,2026
University of Southern Queensland,Australia,Oceania,410,396,36.7,11.0,701+,8.2,701+,7.9,801+,90.1,103,78.5,304,48.7,416,52.0,398,82.2,307,11.0,801+,65.5,387=,373,50.7099999999999,10582,21.5,0.19,"2 days, 15:37:00",29.3,26.8,87.1,51.3,81.5,2026
Bilkent University,Turkey,Asia,415,477,36.6,33.8,361,73.3,134,14.5,801+,27.7,610,61.6,379,7.6,801+,12.1,801+,40.5,801+,27.0,609,51.7,667=,631,42.7829999999999,8980,19.8,0.06,"2 days, 0:52:00",28.4,35.5,51.3,99.5,63.2,2026
Czech Technical University In Prague,Czechia,Europe,416,420,36.5,26.8,468,51.3,243,89.4,107,6.2,801+,28.7,598,56.0,374,60.2,341,69.4,542,23.1,670,53.6,630=,1262,31.0454999999999,15476,8.2,0.21,31 : 69,30.9,17.8,32.6,63.7,59.2,2026
University of Aveiro,Portugal,Europe,419,359,36.4,18.6,658,15.5,701+,13.1,801+,94.7,73,5.2,801+,24.8,667,30.9,605,85.5,245,3.3,801+,64.7,405=,741,40.2814999999999,14095,15.9,0.11,"2 days, 6:46:00",31.6,31.5,53.8,55.3,46.3,2026
The University of Queensland,Australia,Oceania,42,40,85.1,94.3,46,79.5,105,26.5,705,94.2,79,100.0,60,100.0,28,100.0,18,97.0,36,66.6,233,92.5,41,81,69.7004999999999,41295,23.6,0.43,"2 days, 6:46:00",50.9,60.9,87.6,97.6,91.2,2026
Northwestern University,United States,Americas,42,50,85.1,92.2,59,89.4,74,99.1,44,71.2,205,57.7,399,67.2,295,50.0,414,86.5,229,99.5,20,74.4,250=,30,81.869,20611,8.2,0.24,"2 days, 6:46:00",73.2,76.0,96.9,96.0,71.0,2026
National Taipei University of Technology,Taiwan,Asia,420,425,36.3,18.2,672,57.6,202,28.6,667,58.8,294,25.6,639,31.7,573,34.9,552,25.6,801+,29.2,565,58.9,521=,1251,31.2825,10608,12.4,0.05,29 : 71,26.4,22.5,36.5,82.8,36.1,2026
Murdoch University,Australia,Oceania,423,436,36.1,13.0,701+,8.7,701+,7.4,801+,73.9,184,89.6,226,82.5,209,61.4,328,75.1,442,24.9,642,53.4,632=,406,49.657,15815,29.1,0.53,,25.9,27.4,80.2,72.7,94.7,2026
Tampere University,Finland,Europe,423,462,36.1,29.2,424,24.7,543,24.8,737,47.7,392,61.6,378,13.9,801+,19.6,771,84.0,277,42.1,417,49.2,729=,346,51.9299999999999,17284,19.2,0.1,"2 days, 5:47:00",31.2,38.7,80.2,85.2,53.8,2026
Washington State University,United States,Americas,423,466,36.1,28.7,434,39.9,345,23.1,771,42.7,444,50.7,438,9.2,801+,15.0,801+,77.9,386,15.5,801+,78.5,192=,435,48.4695,25504,16.9,0.06,"2 days, 6:46:00",37.3,33.1,67.8,82.8,56.2,2026
Graz University of Technology,Austria,Europe,427,413,36,21.9,568,22.1,601,99.2,43,18.8,735,86.6,248,71.3,267,53.1,388,52.3,801+,15.2,801+,42.6,801+,633,42.6604999999999,6734,8.7,0.26,27 : 73,41.9,22.7,46.5,95.3,79.4,2026
University of Dundee,United Kingdom,Europe,428,418,35.9,25.5,497,21.3,618,44.8,438,20.6,704,92.0,209,84.4,198,85.8,169,78.7,374,13.9,801+,78.6,190=,325,52.849,15420,19.4,0.36,"2 days, 17:35:00",28.5,32.6,82.1,87.0,91.7,2026
Masaryk University,Czechia,Europe,430,408,35.7,32.3,383,37.3,377,13.1,801+,18.8,738,34.5,541,76.8,245,79.0,217,79.8,355,58.8,278,77.0,214=,697,41.4989999999999,33661,18.2,0.25,"2 days, 14:38:00",26.8,32.6,57.1,51.1,66.2,2026
East China Normal University,China,Asia,433,501,35.6,19.9,619,16.4,701+,20.2,801+,82.1,145,46.7,457,15.7,801+,11.9,801+,69.2,544,14.5,801+,47.7,765=,286,54.921,30163,15.0,0.07,"2 days, 14:38:00",43.1,36.5,79.5,90.6,55.3,2026
National Taiwan Normal University,Taiwan,Asia,435,452,35.4,47.8,240,28.2,493,68.3,243,9.6,801+,19.7,717,39.6,495,42.6,486,24.1,801+,29.0,573,68.2,346=,570,44.5895,11067,12.4,0.17,,36.7,32.3,56.2,86.4,54.4,2026
Universitat Ramon Llull,Spain,Europe,436,466,35.2,17.5,701+,72.5,136,10.3,801+,15.5,797,80.4,295,68.0,290,71.1,261,31.3,801+,81.2,152,56.7,562=,900,37.1875,16683,22.0,0.24,"2 days, 5:47:00",20.8,17.6,63.2,36.5,73.7,2026
Prince Mohammad Bin Fahd University,Saudi Arabia,Asia,436,513,35.2,22.5,558,33.6,427,33.1,588,54.7,331,100.0,13,29.6,593,22.2,726,32.3,801+,3.3,801+,37.4,801+,352,51.6155,2470,10.8,0.17,"1 day, 23:53:00",32.0,33.3,78.5,56.4,89.5,2026
National Sun Yat-sen University,Taiwan,Asia,439,485,35,36.8,326,32.1,447,35.6,558,38.0,492,35.5,534,16.5,788,22.2,728,46.4,801+,14.7,801+,67.0,362,776,39.614,8876,12.3,0.09,"1 day, 19:57:00",31.5,35.1,43.6,89.0,46.7,2026
The Hong Kong University of Science and Technology,Hong Kong,Asia,44,47,84.8,89.4,69,69.7,149,67.5,247,100.0,12,100.0,23,99.3,59,99.0,60,49.5,801+,76.6,173,79.7,175=,58,74.123,8912,14.3,0.48,,56.2,60.6,95.6,100.0,97.2,2026
James Cook University,Australia,Oceania,440,445,34.9,21.0,591,11.0,701+,27.5,689,60.3,286,46.9,454,37.6,518,43.2,480,83.8,279,11.2,801+,81.9,151=,357,51.2615,9165,15.3,0.14,"2 days, 18:34:00",28.8,31.9,82.3,67.8,81.5,2026
Macau University of Science and Technology,Macao,Asia,440,464,34.9,7.4,701+,10.9,701+,4.8,801+,79.5,161,100.0,18,100.0,1,87.9,157,23.9,801+,36.8,472,52.0,663=,260,56.045,18264,44.6,0.94,"2 days, 9:43:00",34.2,38.8,81.1,84.6,93.2,2026
"University of California, Riverside",United States,Americas,440,497,34.9,21.4,577,21.1,623,10.0,801+,64.2,254,80.9,290,30.4,587,36.3,530,75.4,433,7.0,801+,55.6,589=,329,52.7615,25233,19.6,0.16,"2 days, 3:49:00",37.4,32.6,79.5,69.8,75.1,2026
Ajman University,United Arab Emirates,Asia,440,477,34.9,27.8,454,51.3,241,15.7,801+,10.2,801+,100.0,8,100.0,4,99.7,37,65.2,621,12.8,801+,46.2,801+,411,49.5085,4626,15.2,0.81,"2 days, 9:43:00",25.8,28.7,84.0,22.8,99.5,2026
Vilnius University,Lithuania,Europe,446,439,34.8,26.9,467,28.0,496,73.1,210,6.2,801+,28.4,601,28.5,609,34.5,557,80.2,351,91.3,93,70.3,313=,868,37.738,19929,11.7,0.12,"2 days, 17:35:00",26.8,26.5,53.6,58.3,49.8,2026
Belarusian State University,Belarus,Europe,447,387,34.6,32.5,377,51.5,239,91.8,98,1.7,801+,4.9,801+,71.1,268,67.5,286,34.4,801+,61.3,258,,,1880,20.5105,23445,8.3,0.22,"2 days, 10:42:00",24.7,11.1,10.9,45.0,65.8,2026
Iowa State University,United States,Americas,449,470,34.4,26.4,479,21.6,611,10.8,801+,61.0,281,6.7,801+,17.8,764,24.0,703,78.9,370,50.6,339,65.0,398=,424,48.9599999999999,27116,17.2,0.08,"1 day, 22:54:00",41.6,36.2,64.7,87.0,44.0,2026
University of Michigan-Ann Arbor,United States,Americas,45,44,84.7,99.3,26,98.5,30,85.7,127,54.5,334,73.9,320,56.1,372,60.3,339,96.0,59,99.1,26,77.2,210=,23,86.9295,48449,8.4,0.19,"2 days, 4:48:00",85.7,87.3,93.8,81.4,65.8,2026
Kazan Federal University,Russian Federation,Europe,450,401,34.3,27.2,460,19.5,669,98.1,54,3.8,801+,14.0,801+,97.7,94,97.8,83,86.7,225,19.6,732,55.3,596=,989,35.684,22575,11.1,0.33,"2 days, 18:34:00",46.6,22.1,27.7,52.2,68.4,2026
Shenzhen University,China,Asia,452,508,34.2,11.9,701+,8.7,701+,40.1,501,90.9,100,15.9,780,2.7,801+,7.5,801+,69.0,547,26.0,623,48.2,751=,382,50.3255,35012,13.8,0.01,"2 days, 1:51:00",26.5,35.9,86.4,82.8,38.2,2026
Stony Brook University,United States,Americas,452,460,34.2,24.2,527,17.8,701+,43.6,459,32.4,556,47.4,451,53.4,384,57.9,352,73.7,474,31.9,527,82.5,141=,313,53.5595,24947,9.8,0.17,"2 days, 6:46:00",43.4,30.8,78.9,68.3,72.3,2026
University of Cyprus,Cyprus,Asia,452,389,34.2,14.6,701+,10.8,701+,10.3,801+,62.3,270,94.3,187,42.2,471,46.1,452,69.8,534,54.6,306,52.9,650,493,46.554,6983,19.9,0.14,"2 days, 14:38:00",28.9,30.7,69.2,70.2,74.1,2026
Amirkabir University of Technology,Iran,Asia,456,403,34.1,8.5,701+,26.7,513,7.4,801+,100.0,9,41.7,485,5.7,801+,4.5,801+,67.2,583,5.4,801+,35.5,801+,385,50.2755,8344,17.8,0.04,34 : 66,37.1,33.0,75.3,91.9,46.6,2026
University of Essex,United Kingdom,Europe,456,472,34.1,23.7,535,9.9,701+,17.1,801+,35.1,525,99.9,102,99.2,64,99.2,53,77.0,404,24.7,645,54.5,610=,350,51.683,16005,14.8,0.48,"2 days, 7:45:00",30.1,30.2,81.0,61.2,97.3,2026
"University of California, Santa Cruz",United States,Americas,458,393,34,24.7,517,13.6,701+,10.0,801+,62.4,268,71.4,331,10.0,801+,15.7,801+,62.2,662,14.3,801+,84.3,122,182,59.892,19357,23.6,0.1,"1 day, 23:53:00",38.3,41.7,93.2,75.7,73.5,2026
"University of California, Los Angeles (UCLA)",United States,Americas,46,42,84.4,100.0,8,100.0,8,43.6,456,84.3,127,50.8,437,31.8,571,37.7,521,93.5,117,98.0,46,78.0,195=,18,89.4859999999999,44700,9.8,0.15,"2 days, 9:43:00",86.0,91.4,95.6,93.5,69.2,2026
Novosibirsk State University,Russian Federation,Europe,461,442,33.9,28.8,432,31.1,460,93.6,87,13.0,801+,9.1,801+,70.6,272,69.5,274,55.7,758,13.3,801+,43.8,801+,1136,33.0895,7300,6.6,0.23,,38.4,29.6,24.0,57.0,49.3,2026
Jordan University of Science & Technology,Jordan,Asia,461,554,33.9,32.0,386,47.8,273,23.1,774,12.3,801+,66.7,350,87.9,183,83.8,180,54.6,775,5.8,801+,52.1,661=,824,38.5284999999999,17708,12.0,0.28,"2 days, 0:52:00",22.9,16.0,64.8,47.2,77.4,2026
Royal Holloway University of London,United Kingdom,Europe,461,477,33.9,22.8,548,11.8,701+,15.1,801+,41.0,460,96.3,164,88.9,177,89.9,151,73.0,487,12.3,801+,61.7,464=,420,49.111,12155,15.9,0.33,"2 days, 9:43:00",32.3,28.9,72.2,65.1,92.5,2026
Shanghai University,China,Asia,465,489,33.8,29.8,410,21.4,615,51.1,369,48.5,385,29.6,589,10.2,801+,7.8,801+,62.5,657,12.5,801+,42.9,801+,508,46.028,39590,13.4,0.06,"2 days, 2:50:00",31.5,37.6,64.3,93.6,37.3,2026
Concordia University,Canada,Americas,465,415,33.8,21.7,572,18.0,701+,5.2,801+,32.0,563,64.0,362,94.4,135,94.8,112,75.6,429,58.4,281,81.8,153,659,42.1419999999999,36811,25.5,0.35,"2 days, 1:51:00",24.5,25.8,63.7,68.0,74.7,2026
University of Kansas,United States,Americas,465,452,33.8,17.6,697,22.8,582,91.9,97,13.6,801+,79.0,301,12.6,801+,18.6,786,87.5,210,42.8,409,62.2,454=,375,50.6319999999999,23777,9.0,0.07,"2 days, 6:46:00",45.4,29.8,70.7,79.3,56.2,2026
Anna University,India,Asia,465,383,33.8,15.0,701+,19.4,674,9.2,801+,99.8,23,,,1.6,801+,6.0,801+,47.3,801+,17.8,763,64.5,409=,984,35.773,11396,12.1,0.01,"1 day, 17:59:00",39.2,16.2,51.8,59.9,21.0,2026
Ben Gurion University of The Negev,Israel,Asia,469,471,33.7,19.5,631,26.9,510,15.0,801+,58.7,295,71.2,332,23.8,679,17.9,798,63.4,643,24.5,649,48.8,734=,738,40.3075,16196,12.0,0.02,"2 days, 4:48:00",35.5,25.3,57.3,65.2,36.0,2026
Delft University of Technology,Netherlands,Europe,47,49,84.3,86.2,76,90.4,71,49.1,392,84.6,126,100.0,68,94.8,128,95.1,109,93.8,102,66.0,235,96.3,15=,57,74.246,21410,14.8,0.35,32 : 68,64.1,75.1,75.5,100.0,92.1,2026
Shanghai Jiao Tong University,China,Asia,47,45,84.3,92.7,56,93.8,56,64.5,275,100.0,13,40.9,490,19.1,741,14.4,801+,77.7,389,88.2,119,82.5,141=,40,77.5695,41507,12.5,0.11,36 : 64,75.4,79.1,80.2,100.0,57.7,2026
Pusan National University,South Korea,Asia,473,524,33.5,28.6,439,20.2,650,57.6,315,36.7,509,19.9,714,27.1,626,33.2,573,57.5,726,18.9,744,73.6,265=,529,45.6805,15331,15.5,0.14,"2 days, 5:47:00",41.6,39.6,49.1,95.3,45.1,2026
Chung-Ang University,South Korea,Asia,479,489,33.3,24.9,512,37.6,372,79.2,172,16.7,769,19.7,719,62.4,323,66.1,297,31.3,801+,17.3,777,68.9,331=,456,47.924,18394,21.9,0.26,,38.8,38.9,55.7,93.3,63.4,2026
Hiroshima University,Japan,Asia,480,474,33.2,34.6,351,17.1,701+,79.8,168,17.2,762,19.2,725,22.7,690,17.1,801+,70.3,525,12.4,801+,73.2,271=,638,42.6219999999999,14922,8.7,0.12,38 : 62,41.7,31.4,47.8,79.8,49.1,2026
Kobe University,Japan,Asia,482,465,33,36.9,324,39.0,353,45.0,434,19.4,725,11.2,801+,10.7,801+,15.9,801+,53.3,791,27.0,608,73.3,269=,728,40.556,15355,9.8,0.07,35 : 65,41.5,28.9,45.0,89.0,38.3,2026
Duy Tan University,Vietnam,Asia,482,495,33,13.7,701+,27.7,500,6.3,801+,76.0,172,43.4,475,2.1,801+,6.3,801+,87.7,206,6.4,801+,58.7,528=,695,41.532,23574,22.7,0.01,"2 days, 13:39:00",12.8,17.0,91.9,27.9,55.2,2026
Dalian University of Technology,China,Asia,482,448,33,11.4,701+,11.0,701+,23.4,766,95.7,65,15.4,800,5.3,801+,4.2,801+,59.8,697,21.8,697,46.8,798,404,49.714,42273,16.6,0.05,32 : 68,34.6,39.3,71.6,99.0,35.6,2026
University of Trento,Italy,Europe,485,506,32.9,34.8,346,18.6,693,32.9,589,40.0,470,32.3,560,11.3,801+,17.2,801+,85.6,244,7.1,801+,51.8,665=,360,51.0595,14183,16.6,0.09,"2 days, 5:47:00",34.6,35.2,77.4,70.3,61.5,2026
Aristotle University of Thessaloniki,Greece,Europe,485,508,32.9,38.2,311,35.9,402,6.4,801+,28.4,602,2.1,801+,8.1,801+,13.8,801+,90.9,160,48.3,359,66.4,371=,936,36.6215,47845,18.9,0.05,"2 days, 10:42:00",22.7,19.4,63.4,62.6,37.0,2026
Warsaw University of Technology,Poland,Europe,487,527,32.8,28.4,442,72.4,137,55.7,337,9.5,801+,3.4,801+,17.6,771,23.7,710,63.8,638,15.9,801+,38.4,801+,1427,28.3379999999999,21694,10.3,0.08,31 : 69,28.3,17.7,32.9,61.1,33.9,2026
Edith Cowan University,Australia,Oceania,487,516,32.8,13.7,701+,13.1,701+,6.0,801+,60.4,285,96.4,160,82.4,210,84.0,176,63.8,637,7.4,801+,51.0,680=,381,50.3384999999999,18928,27.9,0.35,"2 days, 14:38:00",22.5,25.8,89.2,69.6,89.0,2026
Zhejiang University,China,Asia,49,47,84,87.0,75,97.2,36,53.0,355,100.0,11,94.1,189,23.5,683,17.7,801+,94.0,100,74.4,185,63.0,441=,39,78.3135,54313,13.0,0.14,,75.0,78.4,84.3,100.0,55.5,2026
Universiti Utara Malaysia (UUM),Malaysia,Asia,491,554,32.6,31.2,393,39.2,349,48.0,404,12.7,801+,25.6,638,86.9,186,84.0,177,42.4,801+,16.4,799,49.5,715=,447,48.104,11413,11.1,0.33,"2 days, 17:35:00",41.1,30.2,66.2,30.1,82.1,2026
Imam Abdulrahman Bin Faisal University (formerly University of Dammam),Saudi Arabia,Asia,491,513,32.6,16.9,701+,31.4,456,94.9,74,5.6,801+,99.2,125,34.8,544,35.4,544,73.9,471,2.9,801+,55.3,596=,562,44.8695,25111,11.0,0.05,"3 days, 17:11:00",33.4,19.5,75.4,26.6,75.7,2026
Central South University,China,Asia,491,431,32.6,12.1,701+,10.2,701+,7.3,801+,100.0,8,9.0,801+,7.0,801+,5.4,801+,73.8,472,23.2,667,42.7,801+,297,54.3214999999999,57917,20.4,0.04,,39.1,42.6,80.3,99.7,31.4,2026
University of Canberra,Australia,Oceania,494,403,32.5,18.2,670,11.9,701+,3.4,801+,50.8,370,82.8,274,83.1,205,84.6,173,66.7,593,10.9,801+,73.2,271=,442,48.3339999999999,10723,27.2,0.44,"2 days, 9:43:00",25.7,31.0,76.0,57.0,89.1,2026
Iran University of Science and Technology,Iran,Asia,496,436,32.4,11.8,701+,24.3,553,4.3,801+,99.9,19,7.0,801+,8.6,801+,11.3,801+,64.4,629,9.4,801+,27.3,801+,416,49.2149999999999,12556,29.0,0.07,36 : 64,32.0,33.9,79.5,88.6,34.0,2026
Northwestern Polytechnical University,China,Asia,499,547,32.2,9.5,701+,9.9,701+,52.3,356,82.6,139,25.5,640,10.1,801+,7.8,801+,57.6,724,11.5,801+,39.0,801+,274,55.5289999999999,35982,13.6,0.05,29 : 71,41.0,42.4,78.6,99.7,47.6,2026
Tomsk State University,Russian Federation,Europe,499,431,32.2,25.3,502,20.0,656,99.3,39,7.0,801+,28.0,609,94.7,131,93.2,125,66.4,599,7.1,801+,30.6,801+,668,41.9429999999999,7985,11.7,0.37,,50.5,38.3,27.0,55.9,74.7,2026
Harvard University,United States,Americas,5,4,97.7,100.0,1,100.0,1,98.3,50,100.0,1,79.1,300,81.4,217,60.6,335,99.4,8,100.0,1,77.8,201=,6,97.051,22680,10.1,0.27,"2 days, 5:47:00",95.9,100.0,98.9,86.7,88.3,2026
Yonsei University,South Korea,Asia,50,56,82.9,91.6,64,97.8,34,84.3,142,67.9,231,30.5,582,74.3,258,76.7,227,78.0,382,94.4,78,87.7,86,86,68.4799999999999,19066,15.3,0.17,"2 days, 3:49:00",58.7,57.4,87.8,100.0,55.7,2026
Shoolini University of Biotechnology and Management Sciences,India,Asia,503,587,32.1,16.2,701+,22.5,589,12.1,801+,82.6,138,29.0,595,2.2,801+,6.4,801+,54.1,781,1.8,801+,57.3,555=,454,47.9845,3676,16.4,0.01,"2 days, 2:50:00",27.8,24.1,88.7,25.8,68.7,2026
Chongqing University,China,Asia,504,489,32,11.9,701+,9.8,701+,18.2,801+,93.8,82,28.1,605,3.9,801+,3.2,801+,58.1,717,19.1,743,40.0,801+,389,50.1979999999999,45609,17.7,0.03,,30.2,36.0,78.1,98.1,46.6,2026
Ewha Womans University,South Korea,Asia,504,511,32,33.5,363,26.6,515,75.1,195,13.6,801+,9.6,801+,37.5,519,43.1,481,32.9,801+,28.4,586,67.1,361,583,44.246,14226,16.6,0.16,"4 days, 4:00:00",36.9,37.3,50.3,90.9,50.9,2026
Hunan University,China,Asia,504,448,32,10.9,701+,11.8,701+,20.8,801+,94.7,74,5.9,801+,2.8,801+,2.3,801+,57.7,721,32.5,520,40.6,801+,296,54.3384999999999,36496,15.3,0.03,"1 day, 20:56:00",36.6,34.6,90.9,96.5,31.7,2026
University of Guelph,Canada,Americas,504,456,32,19.9,621,19.2,680,7.9,801+,55.2,327,49.6,443,24.0,672,30.1,613,74.8,446,18.2,755,80.7,161,446,48.1089999999999,23314,28.3,0.11,"2 days, 11:41:00",34.8,36.7,64.1,80.0,63.6,2026
Institut Teknologi Sepuluh Nopember (ITS),Indonesia,Asia,509,585,31.9,27.4,456,60.2,192,62.1,287,2.7,801+,69.6,337,11.9,801+,17.9,800,27.6,801+,17.0,782,52.5,654,1665,24.5845,20850,6.1,0.07,"1 day, 17:59:00",25.9,11.1,28.3,42.0,47.4,2026
University of Bristol,United Kingdom,Europe,51,54,82.5,87.3,73,89.4,75,36.7,546,83.2,135,90.7,219,95.7,118,96.0,100,95.3,74,63.1,248,97.0,12=,80,69.737,29680,14.2,0.35,"2 days, 8:44:00",51.4,56.5,94.4,74.6,91.8,2026
University of Bradford,United Kingdom,Europe,511,531,31.6,14.0,701+,11.2,701+,9.3,801+,40.3,465,75.0,316,99.2,66,99.2,56,70.5,519,41.5,421,70.4,311=,569,44.6864999999999,11775,22.0,0.47,"2 days, 8:44:00",21.4,21.4,76.1,58.5,93.3,2026
Ateneo de Manila University,Philippines,Asia,511,516,31.6,32.2,385,70.0,148,33.1,586,3.0,801+,3.6,801+,4.3,801+,8.5,801+,24.3,801+,80.4,157,60.5,497=,1070,34.245,14540,10.1,0.01,"2 days, 8:44:00",27.0,11.2,64.7,23.8,35.6,2026
SOAS University of London,United Kingdom,Europe,511,508,31.6,24.7,516,19.0,686,18.4,801+,23.7,663,100.0,67,99.2,63,99.2,52,17.8,801+,35.2,489,65.0,398=,477,46.998,5395,15.0,0.41,"2 days, 15:37:00",38.7,34.7,59.9,38.9,79.9,2026
Universitas Padjadjaran (UNPAD),Indonesia,Asia,515,596,31.5,29.9,408,51.7,237,55.9,334,2.2,801+,54.3,417,4.4,801+,9.4,801+,31.8,801+,45.4,384,59.7,507=,1379,28.941,32501,7.6,0.05,"2 days, 13:39:00",32.5,13.0,35.1,27.9,52.5,2026
Lebanese University,Lebanon,Asia,515,567,31.5,32.9,372,55.3,219,16.0,801+,3.4,801+,52.2,427,47.2,428,44.1,474,59.9,695,38.9,445,45.2,801+,1480,27.5229999999999,44105,13.6,0.18,"2 days, 7:45:00",34.8,14.0,21.5,22.8,77.8,2026
University of Stirling,United Kingdom,Europe,517,452,31.4,16.8,701+,13.1,701+,14.6,801+,38.3,489,79.5,299,81.3,218,83.0,183,62.7,655,22.4,685,81.2,158=,516,45.8614999999999,11725,18.9,0.34,"2 days, 11:41:00",24.4,26.3,74.6,45.6,91.1,2026
Kyungpook National University,South Korea,Asia,519,516,31.3,18.0,680,20.3,649,78.5,175,29.6,593,18.7,733,44.6,452,49.7,417,55.8,752,15.5,801+,68.3,344=,576,44.4974999999999,17162,15.8,0.17,"1 day, 23:53:00",34.8,38.5,51.0,96.1,52.3,2026
University of Electronic Science and Technology of China,China,Asia,519,451,31.3,5.8,701+,16.3,701+,11.3,801+,99.9,17,4.2,801+,4.4,801+,3.5,801+,83.2,289,11.5,801+,37.6,801+,333,52.511,39817,16.7,0.02,28 : 72,37.6,37.5,80.2,99.1,33.6,2026
Ural Federal University,Russian Federation,Europe,519,516,31.3,25.8,488,24.7,544,98.2,53,3.5,801+,8.7,801+,49.3,412,54.1,379,91.0,158,5.6,801+,54.4,613=,956,36.239,29855,15.7,0.15,"2 days, 4:48:00",25.7,29.2,44.4,58.3,60.5,2026
Carnegie Mellon University,United States,Americas,52,58,82.3,80.1,98,94.4,52,51.1,370,98.6,43,52.4,426,98.7,77,73.4,245,79.2,364,79.9,161,66.2,375,24,84.959,16257,13.0,0.5,"1 day, 20:56:00",72.7,83.0,99.0,85.5,84.3,2026
University of Huddersfield,United Kingdom,Europe,524,501,31.2,17.9,683,19.0,684,9.1,801+,36.3,515,79.7,298,91.6,154,92.2,131,74.6,450,2.2,801+,69.1,329=,540,45.4024999999999,14200,19.9,0.31,"2 days, 10:42:00",25.6,23.9,73.9,51.3,89.3,2026
The University of Georgia,United States,Americas,525,587,31.1,27.9,452,36.7,388,14.0,801+,33.0,552,11.1,801+,8.8,801+,6.8,801+,85.0,254,35.8,478,65.9,385=,391,50.126,38946,15.4,0.07,"2 days, 11:41:00",41.5,38.3,67.4,66.6,51.9,2026
Boston College,United States,Americas,526,631-640,30.9,29.9,407,30.2,471,28.0,681,26.8,618,9.8,801+,28.5,608,34.5,556,47.7,801+,64.8,240,56.0,579=,282,55.165,12989,14.6,0.13,"2 days, 7:45:00",45.8,33.1,84.0,60.0,59.4,2026
Chiang Mai University,Thailand,Asia,526,567,30.9,48.8,236,30.4,467,22.0,790,8.8,801+,5.5,801+,8.7,801+,13.3,801+,65.8,613,28.7,584,67.6,355=,1046,34.6645,35691,13.9,0.04,"2 days, 13:39:00",29.0,18.8,51.7,55.0,39.3,2026
University of Salamanca,Spain,Europe,526,539,30.9,36.9,323,23.5,568,36.8,545,11.8,801+,10.2,801+,25.9,647,31.9,590,86.3,231,33.4,506,70.8,303=,916,36.9534999999999,25749,14.6,0.16,"2 days, 13:39:00",32.0,24.8,47.9,46.6,54.5,2026
University of Hull,United Kingdom,Europe,526,516,30.9,13.2,701+,14.3,701+,15.9,801+,36.9,505,68.3,342,95.6,121,95.9,103,70.3,526,29.5,556,75.4,228=,525,45.7105,13250,18.4,0.35,"2 days, 7:45:00",27.3,23.8,72.9,57.5,87.8,2026
The University of Amsterdam,Netherlands,Europe,53,55,81.5,92.5,57,72.6,135,27.5,688,87.2,113,98.8,133,95.8,117,71.3,259,95.1,82,90.3,104,64.0,422=,62,73.7445,31035,12.6,0.39,"2 days, 12:40:00",55.4,63.6,96.6,76.0,92.5,2026
University of Genoa,Italy,Europe,530,547,30.8,28.0,451,10.6,701+,19.8,801+,52.6,358,9.2,801+,17.5,773,23.6,711,83.1,291,16.6,795,62.3,452=,410,49.5295,20218,16.4,0.09,"2 days, 10:42:00",39.4,30.9,74.6,76.2,46.9,2026
University of Iowa,United States,Americas,530,596,30.8,25.5,498,16.2,701+,50.1,383,27.4,614,40.4,496,8.5,801+,14.2,801+,68.7,555,47.1,373,61.0,480=,309,53.7415,28383,11.0,0.05,"2 days, 7:45:00",46.8,34.3,74.9,89.9,52.3,2026
The Education University of Hong Kong,Hong Kong,Asia,530,,30.8,9.4,701+,7.8,701+,71.7,215,39.7,474,99.8,104,68.6,285,61.7,325,43.4,801+,9.4,801+,35.3,801+,197,59.0104999999999,5692,13.0,0.27,"2 days, 15:37:00",35.8,38.9,91.6,74.4,89.5,2026
University of Connecticut,United States,Americas,534,565,30.7,20.8,597,14.6,701+,28.1,679,33.5,543,54.6,415,34.9,543,40.6,500,85.1,253,40.1,437,63.4,433=,395,50.0274999999999,29850,11.6,0.14,"2 days, 5:47:00",40.6,28.6,73.4,69.1,66.3,2026
King Khalid University,Saudi Arabia,Asia,535,601-610,30.6,25.8,489,17.6,701+,64.6,274,7.0,801+,100.0,30,35.9,535,26.9,658,84.4,266,2.7,801+,45.7,801+,302,54.269,29832,7.1,0.15,"2 days, 7:45:00",41.2,31.6,80.0,58.4,88.2,2026
Lebanese American University,Lebanon,Asia,535,701-710,30.6,20.2,610,44.6,301,31.3,612,10.7,801+,80.6,293,26.6,638,31.7,593,78.3,380,29.2,564,58.3,539=,268,55.731,7606,12.0,0.13,"2 days, 4:48:00",36.8,32.5,93.7,32.0,80.8,2026
Prince Sultan University,Saudi Arabia,Asia,535,681-690,30.6,10.6,701+,12.0,701+,19.4,801+,61.9,274,100.0,35,23.2,686,24.7,691,62.7,654,15.9,801+,45.7,801+,390,50.1375,5837,18.0,0.08,"2 days, 6:46:00",19.2,29.6,92.2,51.8,82.1,2026
University of Ljubljana,Slovenia,Europe,535,596,30.6,29.7,414,18.9,689,45.6,431,11.0,801+,7.1,801+,18.1,760,13.7,801+,85.7,241,98.1,41,54.2,619=,858,37.862,37509,12.8,0.09,"2 days, 12:40:00",27.8,23.8,56.0,69.1,42.6,2026
The Hong Kong Polytechnic University,Hong Kong,Asia,54,57,81.2,81.2,93,47.5,275,77.1,182,98.7,41,100.0,34,98.8,76,97.9,81,82.8,296,74.1,187,80.8,160,82,69.6739999999999,18636,17.8,0.42,"2 days, 2:50:00",51.9,55.4,91.8,86.5,97.3,2026
Jinan University (China),China,Asia,540,580,30.5,8.6,701+,8.7,701+,12.3,801+,75.3,177,41.6,486,89.1,174,66.3,295,47.2,801+,10.5,801+,40.5,801+,531,45.646,38488,15.0,0.28,"2 days, 8:44:00",26.7,25.9,77.8,65.9,57.1,2026
University of Utah,United States,Americas,540,531,30.5,21.8,570,13.1,701+,53.8,349,38.3,488,21.2,695,18.2,759,24.3,699,74.5,455,28.3,588,59.6,509=,239,56.9044999999999,33106,15.5,0.09,"2 days, 2:50:00",43.4,39.2,86.5,91.4,41.7,2026
Ain Shams University,Egypt,Africa,542,592,30.3,35.6,340,38.8,357,17.1,801+,3.5,801+,29.5,590,13.7,801+,19.7,769,80.8,336,69.6,216,56.7,562=,904,37.1545,171505,14.3,0.07,"2 days, 4:48:00",28.6,27.5,50.4,41.0,53.1,2026
University of the Punjab,Pakistan,Asia,542,570,30.3,22.5,559,57.6,203,5.7,801+,24.4,649,4.0,801+,1.7,801+,6.1,801+,71.8,504,89.4,109,44.3,801+,903,37.1609999999999,28679,21.6,0.01,"2 days, 14:38:00",28.4,15.2,64.4,31.5,50.6,2026
University of Windsor,Canada,Americas,546,547,30.2,5.1,701+,7.1,701+,2.7,801+,58.2,299,89.4,228,94.6,132,95.0,110,49.5,801+,34.4,497,68.7,339=,536,45.5445,14932,35.1,0.36,,30.4,31.4,60.5,68.2,87.9,2026
Florida State University,United States,Americas,549,573,30.1,32.7,375,24.0,562,11.4,801+,34.1,536,16.4,772,9.0,801+,14.7,801+,74.5,454,34.8,493,62.5,449,341,52.0819999999999,40660,24.6,0.07,"2 days, 10:42:00",39.0,39.5,73.8,67.3,57.2,2026
New York University (NYU),United States,Americas,55,43,81.1,98.6,32,99.9,12,89.0,109,31.7,568,33.1,553,99.7,52,99.7,42,93.5,115,99.5,19,91.3,52,32,81.6114999999999,48973,9.0,0.46,"2 days, 11:41:00",74.6,78.5,94.3,74.8,74.1,2026
Thammasat University,Thailand,Asia,551,596,29.9,36.7,329,38.3,365,27.2,694,3.9,801+,15.9,779,2.2,801+,6.9,801+,45.7,801+,90.6,100,60.7,494=,1477,27.5875,39733,14.8,0.01,"2 days, 16:36:00",23.5,21.0,33.8,37.5,39.0,2026
Universiti Tenaga Nasional (UNITEN),Malaysia,Asia,551,641-650,29.9,9.5,701+,19.9,660,76.6,187,34.1,535,34.7,537,70.5,274,65.6,299,55.7,754,5.3,801+,48.7,737=,673,41.888,4317,10.0,0.2,33 : 67,26.1,16.3,72.8,68.1,65.3,2026
University of Delaware,United States,Americas,553,506,29.8,12.5,701+,9.4,701+,9.6,801+,64.1,255,48.2,447,22.5,695,28.6,632,68.5,559,28.7,581,72.9,275=,449,48.053,21608,14.6,0.11,"2 days, 10:42:00",36.1,32.0,68.5,80.4,58.1,2026
Hitotsubashi University,Japan,Asia,553,539,29.8,19.7,627,78.1,112,42.2,473,4.0,801+,31.3,573,33.5,553,36.1,533,11.7,801+,57.5,290,32.2,801+,1321,30.025,6105,14.6,0.14,33 : 67,32.5,21.8,27.6,25.7,64.1,2026
Lahore University of Management Sciences (LUMS),Pakistan,Asia,555,535,29.7,21.4,578,77.3,114,28.8,660,16.5,775,10.8,801+,3.1,801+,7.3,801+,26.2,801+,48.4,358,45.0,801+,974,35.971,4744,13.6,0.02,"1 day, 20:56:00",23.7,20.2,57.4,46.1,54.1,2026
Indian Institute of Technology Indore,India,Asia,556,477,29.6,8.0,701+,16.9,701+,28.8,658,96.9,57,1.8,801+,1.3,801+,5.7,801+,28.2,801+,5.3,801+,34.7,801+,573,44.5425,2332,12.5,0.0,24 : 76,42.9,28.9,63.9,40.9,36.0,2026
University of Houston,United States,Americas,556,651-660,29.6,18.7,656,24.9,541,8.1,801+,30.2,585,48.0,448,43.9,459,32.8,579,74.1,465,67.3,230,57.1,558,459,47.6915,46269,24.0,0.16,"2 days, 5:47:00",33.2,26.2,73.0,68.8,75.3,2026
Coventry University,United Kingdom,Europe,558,526,29.5,16.0,701+,18.5,697,21.8,798,14.8,801+,85.1,258,99.5,62,99.5,51,84.3,271,18.4,752,71.2,297=,685,41.677,30640,14.6,0.58,"2 days, 2:50:00",21.6,15.1,73.5,44.9,94.4,2026
Al Ain University,United Arab Emirates,Asia,558,552,29.5,25.6,494,20.8,631,20.8,801+,17.0,764,100.0,1,100.0,20,74.4,238,37.1,801+,7.3,801+,42.9,801+,428,48.8045,2588,11.0,0.61,"2 days, 3:49:00",28.0,30.2,78.7,18.6,99.1,2026
University of Kwazulu-Natal,South Africa,Africa,558,587,29.5,17.9,682,14.4,701+,6.9,801+,44.5,420,29.1,591,2.1,801+,6.7,801+,95.9,62,79.4,163,63.0,441=,566,44.7854999999999,33675,30.7,0.02,"2 days, 14:38:00",31.4,37.9,61.5,49.1,54.9,2026
Jawaharlal Nehru University,India,Asia,558,580,29.5,39.8,303,17.4,701+,16.7,801+,37.6,497,,,1.7,801+,6.0,801+,56.9,737,20.6,716,59.3,514=,821,38.5834999999999,7759,11.2,0.01,"1 day, 18:58:00",46.0,24.4,48.5,39.5,24.1,2026
Sogang University,South Korea,Asia,558,576,29.5,27.3,459,51.9,235,61.3,290,8.9,801+,9.5,801+,35.3,537,39.2,505,16.2,801+,23.4,665,49.8,706=,906,37.1445,10317,25.0,0.18,"1 day, 22:54:00",30.9,31.4,42.6,73.7,42.6,2026
London School of Economics and Political Science (LSE),United Kingdom,Europe,56,50,80.5,80.6,96,99.4,20,47.2,417,64.0,256,100.0,41,100.0,14,100.0,9,76.4,417,99.9,14,92.7,39=,52,75.4525,12625,12.3,0.72,"2 days, 9:43:00",60.5,71.2,93.4,46.8,94.2,2026
Ajou University,South Korea,Asia,563,631-640,29.4,19.8,623,22.1,600,70.2,230,34.3,530,13.3,801+,58.0,355,58.4,350,18.1,801+,5.3,801+,53.3,636=,474,47.1194999999999,7348,15.0,0.26,39 : 61,34.3,38.6,58.4,95.8,59.4,2026
American University of the Middle East,Kuwait,Asia,563,611-620,29.4,25.9,487,34.7,416,28.9,652,8.9,801+,100.0,7,36.9,528,38.6,512,67.2,586,6.1,801+,47.2,783=,614,43.3375,5014,11.1,0.15,"2 days, 14:38:00",29.1,19.5,71.9,27.7,85.6,2026
University of Debrecen,Hungary,Europe,563,574,29.4,27.3,458,21.5,613,45.9,426,7.4,801+,14.4,801+,76.5,248,78.7,220,74.9,444,25.9,625,70.4,311=,876,37.6635,20923,12.2,0.25,"2 days, 8:44:00",41.7,18.2,45.7,50.6,58.0,2026
Bangor University,United Kingdom,Europe,566,474,29.3,12.8,701+,10.5,701+,18.9,801+,44.4,422,38.1,515,77.4,239,79.5,210,74.7,447,16.9,787,78.0,195=,507,46.0389999999999,9035,15.7,0.31,"2 days, 11:41:00",28.3,26.0,70.3,63.2,87.1,2026
Savitribai Phule Pune University,India,Asia,566,631-640,29.3,11.1,701+,20.3,647,47.1,420,63.8,257,,,3.3,801+,7.5,801+,54.7,773,30.4,547,43.0,801+,969,36.044,6043,12.2,0.02,"1 day, 22:54:00",40.9,13.3,56.2,37.1,23.7,2026
University of Minho,Portugal,Europe,566,611-620,29.3,22.2,564,17.1,701+,28.3,676,38.6,485,21.3,694,26.0,645,32.0,589,83.6,284,15.7,801+,67.7,353=,663,42.1055,21465,20.8,0.13,"2 days, 7:45:00",28.0,33.6,57.1,82.6,48.9,2026
Kyoto University,Japan,Asia,57,50,80.2,99.7,19,99.3,22,94.3,80,50.9,369,22.9,675,29.2,601,35.1,551,85.5,247,85.9,132,84.0,124=,61,73.961,21617,9.0,0.11,25 : 75,86.4,82.7,56.9,100.0,45.6,2026
Hacettepe University,Turkey,Asia,571,641-650,29.2,33.0,371,50.5,251,18.5,801+,11.8,801+,3.9,801+,6.1,801+,10.9,801+,73.5,483,30.8,536,58.3,539=,877,37.6329999999999,35176,14.7,0.03,"2 days, 13:39:00",34.8,28.6,49.0,58.7,27.0,2026
Isfahan University of Technology,Iran,Asia,571,489,29.2,7.8,701+,22.6,586,6.4,801+,97.7,50,2.2,801+,3.9,801+,7.7,801+,45.7,801+,9.6,801+,28.0,801+,664,42.0945,10096,22.6,0.03,40 : 60,34.1,27.6,59.7,84.4,36.6,2026
Colorado School of Mines,United States,Americas,571,501,29.2,11.3,701+,22.5,588,18.8,801+,69.9,216,28.7,599,11.2,801+,17.1,801+,30.9,801+,29.4,558,54.7,608=,470,47.2099999999999,7022,17.2,0.07,32 : 68,40.9,32.6,63.7,86.7,41.5,2026
Brno University of Technology,Czechia,Europe,575,611-620,29.1,17.7,691,36.4,393,37.0,544,13.7,801+,26.7,631,77.3,241,79.2,215,80.7,339,15.7,801+,61.3,471=,1316,30.113,17555,14.5,0.26,28 : 72,24.6,17.7,34.5,73.7,59.0,2026
Universiti Teknologi Brunei,Brunei Darussalam,Asia,578,562,29,20.2,609,13.1,701+,86.5,123,22.7,673,100.0,62,7.7,801+,11.5,801+,20.7,801+,16.6,794,34.7,801+,758,39.908,1977,7.7,0.04,"2 days, 13:39:00",29.9,14.0,68.5,33.5,68.5,2026
University of Tabriz,Iran,Asia,578,552,29,9.7,701+,11.2,701+,2.9,801+,91.7,94,1.7,801+,25.4,655,24.4,697,76.9,408,5.1,801+,29.6,801+,653,42.3005,21199,23.6,0.15,"2 days, 3:49:00",28.6,21.4,72.8,45.5,53.3,2026
Florida International University,United States,Americas,582,574,28.8,22.7,551,38.3,363,18.3,801+,17.5,759,27.7,617,22.6,692,28.7,630,84.7,260,28.0,595,79.0,187,489,46.7604999999999,35509,22.2,0.09,"2 days, 8:44:00",33.2,32.6,70.7,65.5,49.1,2026
University of Iceland,Iceland,Europe,582,547,28.8,9.6,701+,2.0,701+,99.6,35,18.0,751,32.4,557,18.1,761,24.2,700,75.5,432,89.3,110,49.4,719=,521,45.748,9343,16.0,0.13,"2 days, 21:31:00",24.6,35.3,69.3,83.1,55.2,2026
University of Dhaka,Bangladesh,Asia,584,554,28.7,30.5,401,51.3,242,10.5,801+,6.9,801+,2.2,801+,1.4,801+,1.3,801+,57.8,720,97.0,59,54.2,619=,931,36.7315,35843,18.6,0.0,"1 day, 20:56:00",17.7,13.3,76.5,33.2,45.0,2026
Charles Darwin University,Australia,Oceania,584,621-630,28.7,7.8,701+,7.3,701+,6.4,801+,65.1,247,41.8,483,88.9,178,88.5,154,49.7,801+,4.8,801+,70.7,305=,467,47.2335,7195,23.9,0.38,"2 days, 17:35:00",22.7,29.9,78.9,50.4,82.4,2026
National Central University,Taiwan,Asia,587,641-650,28.6,28.9,428,38.7,360,26.4,706,25.6,628,18.5,735,18.4,755,20.4,755,33.9,801+,18.7,747,60.6,496,1158,32.729,11391,10.1,0.07,37 : 63,31.0,25.1,30.7,99.0,41.8,2026
American University,United States,Americas,587,711-720,28.6,19.8,624,50.2,253,45.1,433,7.6,801+,16.7,770,27.0,630,33.1,574,34.6,801+,51.6,328,74.6,247=,757,39.9395,13316,12.0,0.11,"2 days, 16:36:00",35.7,18.6,63.6,41.6,43.6,2026
National Research Nuclear University MEPhI (Moscow Engineering Physics Institute),Russian Federation,Europe,591,497,28.5,10.3,701+,20.9,627,99.3,40,11.2,801+,60.6,387,93.3,142,93.8,118,30.2,801+,17.6,769,23.0,801+,702,41.4345,5352,10.1,0.28,"2 days, 1:51:00",49.3,35.0,29.2,63.4,72.6,2026
Illinois Institute of Technology,United States,Americas,591,601-610,28.5,16.9,701+,23.3,575,15.8,801+,47.5,396,18.7,734,99.7,48,99.7,38,27.3,801+,22.5,683,32.5,801+,336,52.2945,6734,13.6,0.45,38 : 62,41.0,26.9,77.3,92.4,73.5,2026
Bond University,Australia,Oceania,591,587,28.5,5.9,701+,8.3,701+,52.1,362,53.8,346,63.5,366,90.4,164,91.2,139,24.6,801+,11.6,801+,23.5,801+,462,47.509,3588,10.2,0.32,"2 days, 8:44:00",26.8,21.9,87.3,25.8,80.4,2026
Zayed University,United Arab Emirates,Asia,595,621-630,28.4,19.8,625,31.7,452,34.7,567,21.8,688,100.0,17,2.8,801+,7.1,801+,48.5,801+,29.3,561,41.1,801+,497,46.3715,7520,13.7,0.02,"3 days, 11:17:00",21.8,21.7,85.8,59.5,73.7,2026
University of Szeged,Hungary,Europe,597,570,28.3,26.2,484,22.7,583,41.9,482,8.9,801+,15.4,801+,56.4,368,60.6,336,75.3,438,29.0,574,69.4,323=,1170,32.6329999999999,21326,13.2,0.19,"2 days, 8:44:00",31.2,16.4,42.3,48.7,53.8,2026
Hasselt University,Belgium,Europe,597,554,28.3,8.8,701+,5.2,701+,85.7,128,22.8,671,78.5,306,41.1,483,46.4,448,69.8,533,6.6,801+,62.7,444=,345,51.979,6128,28.4,0.16,"2 days, 2:50:00",35.0,37.8,72.8,87.8,71.2,2026
Taipei Medical University,Taiwan,Asia,597,611-620,28.3,16.9,701+,14.7,701+,94.2,83,32.3,558,20.0,713,22.0,699,16.6,801+,24.7,801+,11.9,801+,48.1,757=,418,49.1855,6154,8.8,0.11,"2 days, 11:41:00",46.3,32.2,63.6,86.6,48.6,2026
Tulane University,United States,Americas,597,631-640,28.3,14.5,701+,13.8,701+,87.2,117,17.5,760,20.3,708,18.5,752,24.6,692,79.2,363,46.2,375,51.8,665=,433,48.528,13113,7.4,0.1,"2 days, 13:39:00",43.0,23.4,75.8,63.8,50.2,2026
University of Texas at Dallas,United States,Americas,597,596,28.3,19.3,641,33.7,426,5.5,801+,43.0,438,14.4,801+,61.1,335,64.9,305,55.3,765,9.1,801+,48.9,733,476,47.0149999999999,26710,24.5,0.22,"1 day, 20:56:00",29.2,26.6,76.6,73.8,63.4,2026
University of Cambridge,United Kingdom,Europe,6,5,97.2,100.0,3,100.0,5,100.0,23,88.6,107,100.0,80,93.1,144,93.6,120,99.2,12,100.0,5,78.4,194,4,97.2064999999999,21045,11.3,0.38,"2 days, 2:50:00",96.2,99.9,97.1,87.6,96.3,2026
KU Leuven,Belgium,Europe,60,63,79.7,93.0,53,63.5,169,9.6,801+,94.7,75,95.8,166,65.1,307,48.5,428,99.5,4,83.5,143,94.7,25,46,76.8154999999999,50336,37.1,0.21,"2 days, 4:48:00",61.3,73.8,91.3,100.0,79.2,2026
National Chengchi University,Taiwan,Asia,604,601-610,28.2,28.3,444,46.9,279,21.2,801+,3.4,801+,38.0,516,36.2,532,41.1,497,12.8,801+,93.3,84,41.4,801+,1295,30.4405,13230,15.7,0.16,"2 days, 9:43:00",27.1,28.9,25.1,62.5,53.8,2026
University of Eastern Finland,Finland,Europe,604,535,28.2,18.9,649,10.3,701+,45.0,435,35.3,520,39.2,507,12.0,801+,17.9,797,84.0,275,5.6,801+,71.2,297=,482,46.8674999999999,12849,17.1,0.07,"2 days, 20:32:00",28.6,31.1,76.6,67.6,49.7,2026
University of Siena,Italy,Europe,607,691-700,28,21.4,580,7.8,701+,15.3,801+,60.2,288,4.6,801+,19.7,734,25.8,673,61.2,675,12.3,801+,63.4,433=,371,50.795,10480,16.8,0.09,"2 days, 15:37:00",39.3,35.1,75.0,75.5,46.7,2026
Peter the Great St.Petersburg Polytechnic University,Russian Federation,Europe,609,559,27.9,18.0,679,17.8,701+,79.8,169,4.9,801+,18.9,730,89.8,167,90.7,142,70.4,522,11.1,801+,51.6,669=,964,36.1075,16730,9.9,0.32,"1 day, 19:57:00",35.7,23.0,38.0,71.4,62.0,2026
Nottingham Trent University,United Kingdom,Europe,609,592,27.9,16.4,701+,22.9,580,15.5,801+,10.7,801+,67.1,349,90.4,165,91.2,140,84.8,258,20.4,717,77.5,206=,611,43.4214999999999,36005,15.0,0.25,"2 days, 6:46:00",20.8,14.1,83.3,38.1,89.1,2026
Universiti Malaysia Pahang Al-Sultan Abdullah (UMPSA),Malaysia,Asia,609,741-750,27.9,17.2,701+,9.9,701+,23.6,760,57.9,300,32.1,561,19.0,746,21.1,747,61.6,668,5.2,801+,51.4,675=,651,42.326,7584,12.4,0.1,"2 days, 1:51:00",37.9,23.9,59.0,52.8,58.7,2026
Korea University,South Korea,Asia,61,67,79.6,89.2,70,95.4,48,77.0,183,68.2,229,24.5,656,64.0,311,67.5,287,67.7,573,93.6,83,85.9,101,159,61.406,21728,17.5,0.38,,52.4,51.3,73.3,99.9,67.8,2026
University of Plymouth,United Kingdom,Europe,613,661-670,27.8,13.8,701+,14.2,701+,15.4,801+,36.7,508,61.3,382=,61.4,332,65.1,303,82.1,311,13.8,801+,58.6,530=,553,45.0999999999999,16895,17.8,0.22,"2 days, 13:39:00",23.0,21.2,77.9,65.8,82.2,2026
Duke University,United States,Americas,62,61,79,92.9,54,91.0,68,100.0,7,47.1,402,28.3,602,62.0,326,46.2,450,90.8,163,95.6,73,77.6,205,28,82.9195,17871,4.4,0.25,"2 days, 7:45:00",78.7,74.2,95.4,100.0,74.2,2026
Umm Al-Qura University,Saudi Arabia,Asia,622,559,27.6,23.6,537,15.4,701+,61.3,291,4.9,801+,100.0,95,26.1,643,19.6,770,71.3,510,11.5,801+,36.8,801+,491,46.61,34462,13.3,0.06,"1 day, 23:53:00",35.4,25.3,75.7,34.5,63.2,2026
Diponegoro University,Indonesia,Asia,624,721-730,27.5,30.0,405,53.2,229,30.5,622,2.3,801+,46.4,461,7.1,801+,12.0,801+,35.5,801+,24.2,655,51.0,680=,1559,26.2279999999999,36538,16.8,0.04,"2 days, 18:34:00",32.5,16.8,23.0,45.4,40.7,2026
Istanbul University,Turkey,Asia,628,621-630,27.4,33.3,368,43.0,313,4.5,801+,5.1,801+,7.0,801+,20.6,720,26.8,660,70.5,518,78.8,166,37.5,801+,1206,32.035,55489,22.0,0.08,"2 days, 8:44:00",32.2,25.6,33.2,56.8,38.4,2026
Missouri University of Science and Technology,United States,Americas,628,527,27.4,4.9,701+,10.5,701+,8.6,801+,87.7,112,26.9,627,32.5,563,35.3,547,41.7,801+,8.8,801+,34.0,801+,549,45.2155,7306,21.8,0.13,24 : 76,27.9,29.5,64.1,89.0,75.2,2026
National Chung Hsing University,Taiwan,Asia,628,661-670,27.4,28.6,436,30.9,463,29.4,642,22.5,677,12.3,801+,14.0,801+,19.0,781,34.5,801+,42.2,416,56.3,573=,1259,31.092,16156,13.0,0.09,"1 day, 19:57:00",24.6,25.4,35.8,74.6,36.6,2026
University of Crete,Greece,Europe,628,601-610,27.4,19.3,639,17.8,701+,3.9,801+,69.6,219,2.7,801+,7.2,801+,12.0,801+,61.9,664,4.5,801+,40.6,801+,649,42.3925,12551,22.7,0.05,"2 days, 16:36:00",24.7,29.1,68.5,66.3,46.2,2026
National Taiwan University (NTU),Taiwan,Asia,63,68,78.9,97.7,38,94.2,54,38.8,522,70.9,209,25.3,647,59.2,346,63.1,313,67.1,587,100.0,11,88.4,74=,141,62.464,18743,9.7,0.24,"1 day, 20:56:00",59.4,54.9,68.6,100.0,59.2,2026
City University of Hong Kong,Hong Kong,Asia,63,62,78.9,75.5,109,46.7,284,94.8,75,100.0,2,100.0,16,100.0,5,100.0,2,64.5,628,48.5,356,75.2,232=,73,71.1404999999999,8219,12.4,0.76,"2 days, 6:46:00",56.5,52.7,92.7,100.0,98.4,2026
Tallinn University of Technology,Estonia,Europe,635,621-630,27.2,16.2,701+,18.6,694,33.5,581,23.5,665,53.2,425,26.8,635,32.8,578,81.2,326,50.5,341,43.0,801+,672,41.898,7451,13.2,0.12,40 : 60,26.2,24.9,66.0,69.2,58.4,2026
University of Portsmouth,United Kingdom,Europe,635,631-640,27.2,10.9,701+,13.1,701+,12.0,801+,27.8,607,80.1,297,90.7,160,91.4,135,81.5,322,13.5,801+,62.6,448,448,48.0605,22370,15.9,0.36,"2 days, 0:52:00",22.0,20.1,88.7,51.1,94.5,2026
Southern Cross University,Australia,Oceania,638,576,27.1,6.0,701+,4.3,701+,3.9,801+,55.5,322,92.7,203,62.6,322,66.2,296,61.1,677,6.2,801+,65.9,385=,499,46.3175,8883,43.0,0.22,"2 days, 21:31:00",24.4,29.9,72.8,66.9,79.1,2026
"University of Chemistry and Technology, Prague",Czechia,Europe,638,570,27.1,8.2,701+,12.2,701+,99.5,38,19.2,727,33.7,547,85.4,194,86.7,164,32.0,801+,9.4,801+,43.4,801+,1342,29.6165,4505,8.8,0.29,"2 days, 9:43:00",37.3,14.7,26.9,55.0,54.4,2026
University of Fribourg,Switzerland,Europe,642,539,27,13.6,701+,5.5,701+,14.1,801+,27.3,615,99.9,98,52.5,392,51.2,405,60.4,687,49.6,349,66.8,367,423,49.0299999999999,6817,14.8,0.17,"2 days, 17:35:00",39.1,33.8,62.4,71.9,81.3,2026
Manchester Metropolitan University,United Kingdom,Europe,643,601-610,26.9,18.8,654,16.4,701+,11.4,801+,16.8,766,63.1,369,61.4,331,65.2,302,89.0,189,19.2,741,78.0,195=,620,43.214,33935,18.1,0.22,"2 days, 10:42:00",20.8,19.5,78.3,42.7,83.0,2026
Inha University,South Korea,Asia,643,631-640,26.9,17.5,699,19.9,659,74.7,198,23.8,661,17.7,752,25.7,650,29.4,622,28.1,801+,17.1,779,64.7,405=,880,37.5615,14163,17.0,0.08,"1 day, 19:57:00",31.6,28.2,46.2,83.6,38.1,2026
University of Manitoba,Canada,Americas,643,661-670,26.9,19.2,643,20.0,657,31.8,604,22.6,675,,,68.4,287,71.5,257,70.0,532,39.5,442,55.7,582=,564,44.8375,26170,13.7,0.24,"2 days, 6:46:00",29.5,25.1,72.9,61.4,60.4,2026
King Faisal University,Saudi Arabia,Asia,648,761-770,26.8,25.3,506,29.8,476,24.5,743,6.3,801+,99.4,121,11.0,801+,14.9,801+,66.0,609,14.9,801+,54.3,617=,700,41.45,22366,10.4,0.06,"2 days, 17:35:00",25.6,14.8,73.7,40.4,78.4,2026
The University of Auckland,New Zealand,Oceania,65,65,77.5,91.7,63,55.2,220,17.6,801+,79.1,162,100.0,83,95.5,122,95.8,104,88.8,194,96.9,61,95.7,17,158,61.428,33639,23.3,0.33,"2 days, 7:45:00",40.4,46.8,85.7,92.2,87.2,2026
University of Brescia,Italy,Europe,650,691-700,26.7,7.3,701+,4.1,701+,8.7,801+,85.0,124,2.0,801+,8.5,801+,14.2,801+,58.8,710,11.6,801+,63.9,425=,391,50.126,10190,24.3,0.05,"2 days, 4:48:00",35.4,24.7,88.0,72.0,43.2,2026
De La Salle University,Philippines,Asia,654,641-650,26.6,32.7,374,58.6,197,9.6,801+,6.8,801+,2.8,801+,3.5,801+,7.8,801+,27.3,801+,60.7,266,44.1,801+,1822,21.619,22790,18.5,0.02,"2 days, 3:49:00",18.3,12.6,31.4,24.1,29.1,2026
Konkuk University,South Korea,Asia,654,721-730,26.6,11.6,701+,12.8,701+,61.3,292,34.1,537,16.2,774,43.9,458,49.1,424,52.5,799,14.7,801+,61.8,460=,559,45.0345,11274,25.4,0.22,,34.2,38.8,50.2,96.4,63.7,2026
University of South Florida,United States,Americas,654,621-630,26.6,17.4,701+,20.4,646,13.8,801+,36.7,507,14.3,801+,41.4,480,46.7,444,81.9,314,13.5,801+,66.4,371=,383,50.3245,40449,18.0,0.16,,33.6,35.5,71.0,99.5,64.5,2026
"University of California, San Diego (UCSD)",United States,Americas,66,72,76.9,94.0,49,80.2,103,54.4,347,80.3,155,43.8,473,47.0,431,52.0,400,94.0,99,40.8,430,72.3,286=,47,76.5385,40586,9.8,0.23,"2 days, 3:49:00",66.4,63.7,97.1,100.0,71.3,2026
Bar-Ilan University,Israel,Asia,660,671-680,26.5,11.0,701+,14.3,701+,10.4,801+,59.4,293,54.4,416,4.9,801+,3.9,801+,53.2,792,33.1,511,41.7,801+,715,40.939,19887,20.6,0.04,"2 days, 10:42:00",33.8,34.8,52.6,65.9,32.8,2026
Memorial University of Newfoundland,Canada,Americas,660,661-670,26.5,10.7,701+,10.5,701+,15.7,801+,43.7,431,30.7,581,78.5,230,80.6,200,73.6,479,17.4,773,53.3,636=,527,45.7005,16376,15.3,0.29,"2 days, 6:46:00",30.3,25.7,65.2,82.1,86.2,2026
COMSATS University Islamabad,Pakistan,Asia,664,711-720,26.4,17.0,701+,35.8,403,17.0,801+,36.8,506,1.4,801+,1.6,801+,6.0,801+,87.3,212,8.3,801+,62.7,444=,658,42.1595,33193,15.8,0.01,39 : 61,19.8,16.9,86.2,43.5,50.9,2026
Chang Gung University,Taiwan,Asia,668,631-640,26.3,9.3,701+,6.6,701+,74.6,200,58.2,298,7.9,801+,9.5,801+,13.2,801+,25.5,801+,2.1,801+,48.8,734=,805,38.972,7142,12.4,0.05,"2 days, 3:49:00",25.8,35.3,50.2,96.1,29.6,2026
Lehigh University,United States,Americas,668,641-650,26.3,7.2,701+,12.4,701+,30.5,625,37.1,501,68.9,339,40.0,490,45.4,459,44.9,801+,45.4,385,61.5,467=,625,42.958,6933,11.6,0.16,"1 day, 22:54:00",33.8,22.7,61.2,67.6,71.2,2026
King Fahd University of Petroleum & Minerals,Saudi Arabia,Asia,67,101,76.5,53.5,206,75.6,124,92.4,93,93.2,85,100.0,27,76.2,250,76.6,228,81.0,330,97.8,48,62.7,444=,186,59.69,5960,8.3,0.28,26 : 74,36.3,43.2,85.7,94.4,92.9,2026
Stevens Institute of Technology,United States,Americas,673,701-710,26.2,4.0,701+,10.0,701+,8.4,801+,60.9,282,54.1,418,98.7,79,98.2,73,21.7,801+,13.5,801+,46.7,799=,520,45.762,7887,20.8,0.4,29 : 71,27.6,25.2,72.2,67.8,79.2,2026
East China University of Science and Technology,China,Asia,673,641-650,26.2,9.1,701+,10.3,701+,15.4,801+,82.5,140,3.3,801+,2.5,801+,2.1,801+,43.5,801+,12.5,801+,40.2,801+,657,42.1849999999999,32389,19.0,0.02,"1 day, 19:57:00",31.1,29.1,63.3,96.6,22.9,2026
Jadavpur University,India,Asia,676,721-730,26.1,23.2,544,10.5,701+,13.7,801+,55.8,319,,,1.1,801+,5.5,801+,44.0,801+,19.5,733,61.4,470,1172,32.5865,12547,19.0,0.0,32 : 68,36.6,15.9,45.0,53.9,20.3,2026
Beirut Arab University,Lebanon,Asia,676,641-650,26.1,20.0,614,22.2,597,28.8,661,7.6,801+,94.8,180,61.1,334,56.5,362,29.6,801+,44.1,401,42.1,801+,799,39.079,4167,10.4,0.21,"1 day, 21:55:00",43.0,17.3,46.3,21.8,88.2,2026
University of Haifa,Israel,Asia,678,671-680,26,17.4,701+,13.0,701+,15.8,801+,44.8,417,17.8,751,6.7,801+,5.2,801+,69.6,539,29.6,554,67.4,360,607,43.555,16297,17.5,0.03,"2 days, 18:34:00",29.6,31.2,68.6,65.0,34.6,2026
University of Texas at Austin,United States,Americas,68,66,76.4,97.6,39,96.8,38,10.7,801+,85.4,122,9.1,801+,19.1,742,14.4,801+,90.5,169,93.9,82,70.6,308=,50,75.828,51158,17.0,0.1,"2 days, 8:44:00",67.8,76.0,90.1,82.3,46.2,2026
Nanjing University of Aeronautics and Astronautics,China,Asia,680,761-770,25.9,6.3,701+,10.9,701+,26.4,707,79.7,158,7.2,801+,8.8,801+,6.8,801+,46.2,801+,1.3,801+,37.0,801+,698,41.4785,36035,15.4,0.02,,30.2,35.4,54.9,98.4,25.3,2026
Ritsumeikan University,Japan,Asia,680,641-650,25.9,25.7,493,61.5,187,10.3,801+,5.0,801+,36.5,525,17.8,766,23.9,704,41.1,801+,4.8,801+,64.4,413=,1617,25.378,35919,18.0,0.1,37 : 63,20.7,16.2,28.4,63.4,46.9,2026
University of Brawijaya,Indonesia,Asia,680,801-850,25.9,30.1,404,55.3,218,20.4,801+,1.9,801+,35.9,531,2.7,801+,6.9,801+,27.3,801+,29.1,567,53.3,636=,1756,23.0455,47186,16.1,0.04,"2 days, 12:40:00",24.9,13.3,23.7,36.2,43.8,2026
Comenius University Bratislava,Slovakia,Europe,684,661-670,25.8,16.8,701+,14.7,701+,61.3,293,6.9,801+,8.4,801+,39.0,504,44.5,469,68.8,549,87.0,126,43.7,801+,1326,29.9305,22226,10.4,0.17,"2 days, 17:35:00",29.4,17.0,37.2,30.0,52.9,2026
Ton Duc Thang University,Vietnam,Asia,684,711-720,25.8,6.1,701+,13.3,701+,8.6,801+,74.8,180,7.7,801+,2.0,801+,6.3,801+,88.1,200,6.8,801+,43.9,801+,764,39.782,27459,16.3,0.02,"2 days, 9:43:00",15.8,12.2,85.9,27.2,63.0,2026
Cyprus University of Technology,Cyprus,Asia,686,,25.7,8.1,701+,4.9,701+,49.3,389,39.8,472,68.1,343,42.0,474,43.4,478,46.6,801+,11.3,801+,49.6,711=,555,45.0689999999999,3377,15.8,0.15,"2 days, 10:42:00",28.9,25.6,75.1,36.3,68.5,2026
Tomsk Polytechnic University,Russian Federation,Europe,688,576,25.6,9.4,701+,15.4,701+,96.0,67,7.0,801+,14.8,801+,88.8,179,83.9,178,60.4,686,2.0,801+,47.7,765=,967,36.0819999999999,9179,11.0,0.35,33 : 67,40.9,25.1,29.8,63.5,70.1,2026
Baku State University,Azerbaijan,Asia,688,951-1000,25.6,22.0,566,20.1,654,94.0,85,1.9,801+,13.4,801+,7.0,801+,11.2,801+,22.1,801+,64.1,243,43.3,801+,1791,22.4135,19165,12.1,0.05,"2 days, 12:40:00",30.1,10.1,21.2,21.0,45.4,2026
Brown University,United States,Americas,69,79,76.2,72.4,126,64.3,166,84.5,139,82.2,143,91.0,218,67.0,297,70.2,269,80.1,352,81.9,151,72.6,280,65,72.5865,10887,10.3,0.22,,70.0,61.0,87.4,69.6,69.9,2026
Eastern Mediterranean University,Northern Cyprus,Asia,691,611-620,25.4,9.2,701+,4.5,701+,5.6,801+,31.3,571,77.1,311,100.0,19,100.0,13,51.3,801+,53.6,315,45.4,801+,763,39.8354999999999,14696,23.3,0.72,"2 days, 0:52:00",20.2,12.7,77.2,30.9,77.3,2026
Universidade Federal do Rio Grande Do Sul,Brazil,Americas,691,691-700,25.4,36.8,327,9.2,701+,20.0,801+,15.7,788,3.8,801+,2.4,801+,7.0,801+,80.5,344,32.3,525,63.9,425=,796,39.2215,40018,14.4,0.01,"2 days, 4:48:00",38.9,23.2,53.6,56.7,35.6,2026
Rensselaer Polytechnic Institute,United States,Americas,695,601-610,25.3,10.2,701+,17.9,701+,28.7,662,54.7,330,,,34.4,547,25.7,675,25.8,801+,41.3,423,38.7,801+,517,45.8455,6873,14.6,0.16,31 : 69,38.9,27.9,58.1,85.1,72.6,2026
University of Klagenfurt,Austria,Europe,697,611-620,25.1,7.2,701+,5.8,701+,57.4,318,16.4,777,98.2,138,94.8,127,95.2,108,43.9,801+,13.6,801+,36.3,801+,637,42.6369999999999,3377,8.7,0.33,"2 days, 18:34:00",34.4,19.6,60.5,49.5,89.0,2026
Beijing University of Chemical Technology,China,Asia,697,701-710,25.1,6.1,701+,7.2,701+,28.6,668,81.5,149,3.2,801+,2.5,801+,7.1,801+,36.6,801+,2.8,801+,40.5,801+,451,48.0089999999999,26260,18.5,0.01,40 : 60,26.4,31.8,84.2,96.6,25.0,2026
ETH Zurich (Swiss Federal Institute of Technology),Switzerland,Europe,7,7,96.7,99.7,18,96.3,42,71.7,214,98.8,40,100.0,28,99.3,58,73.9,241,95.8,64,95.0,76,99.6,2,11,93.1259999999999,23106,15.5,0.44,33 : 67,88.5,97.2,94.5,83.7,95.1,2026
University of Illinois at Urbana-Champaign,United States,Americas,70,69,75.9,91.7,62,91.5,66,8.6,801+,81.6,147,14.2,801+,70.1,277,52.2,395,91.3,152,92.5,86,75.9,223=,43,77.072,50640,18.9,0.23,"1 day, 23:53:00",67.9,80.7,85.3,84.4,62.3,2026
"Lingnan University, Hong Kong",Hong Kong,Asia,701-710,711-720,-,16.0,701+,12.5,701+,19.3,801+,22.3,681,100.0,38,99.6,55,93.1,126,10.6,801+,5.0,801+,47.0,789=,311,53.6639999999999,3210,19.4,0.45,"2 days, 14:38:00",29.5,38.4,83.7,40.7,94.5,2026
Kasetsart University,Thailand,Asia,701-710,781-790,-,37.4,320,37.1,383,10.3,801+,4.6,801+,7.7,801+,1.7,801+,6.2,801+,46.2,801+,31.2,534,60.8,491=,1773,22.782,69827,17.3,0.01,"2 days, 13:39:00",18.8,15.9,27.8,41.5,35.0,2026
Universidad Panamericana (UP),Mexico,Americas,701-710,691-700,-,15.9,701+,34.4,419,81.2,162,1.7,801+,24.5,655,5.0,801+,4.0,801+,14.3,801+,73.5,191,36.2,801+,1995,17.935,17141,7.6,0.02,"2 days, 3:49:00",24.5,9.2,12.5,19.3,46.9,2026
University of Central Florida,United States,Americas,701-710,741-750,-,18.6,659,37.1,384,4.1,801+,33.0,553,13.2,801+,7.7,801+,6.0,801+,73.7,475,17.4,775,45.9,801+,478,46.9885,61009,30.8,0.05,"2 days, 9:43:00",29.1,32.8,77.2,74.3,36.8,2026
University of Zagreb,Croatia,Europe,701-710,651-660,-,23.2,545,12.8,701+,26.8,700,8.1,801+,1.9,801+,5.1,801+,10.0,801+,92.1,145,98.4,34,60.9,486=,1269,30.8684999999999,62046,15.8,0.04,"2 days, 13:39:00",27.6,19.1,41.8,57.5,31.3,2026
Shiraz University,Iran,Asia,701-710,691-700,-,10.2,701+,10.9,701+,6.0,801+,68.3,228,1.2,801+,4.3,801+,8.0,801+,68.1,565,23.4,664,45.7,801+,886,37.5069999999999,14298,19.7,0.03,"2 days, 7:45:00",27.4,26.0,56.3,62.6,33.2,2026
Jeonbuk National University (formerly known as Chonbuk National University),South Korea,Asia,701-710,681-690,-,19.9,618,14.2,701+,73.7,207,21.4,693,12.5,801+,16.5,789,20.4,756,34.0,801+,3.5,801+,64.6,407=,862,37.83,18726,20.3,0.1,"1 day, 22:54:00",33.3,29.2,46.7,69.4,36.7,2026
Nanjing University of Science and Technology,China,Asia,701-710,565,-,7.0,701+,8.5,701+,14.6,801+,86.1,117,,,,,,,38.2,801+,6.4,801+,39.4,801+,622,43.1345,36520,15.2,0.02,31 : 69,33.4,31.2,66.8,63.4,22.1,2026
ITMO University,Russian Federation,Europe,711-720,595,-,12.7,701+,17.4,701+,92.6,89,11.0,801+,27.2,621,44.5,453,49.7,418,60.1,689,3.9,801+,26.6,801+,1018,35.1055,14352,17.8,0.17,32 : 68,30.4,29.9,33.0,80.6,57.9,2026
University of Nebraska - Lincoln,United States,Americas,711-720,701-710,-,14.3,701+,11.5,701+,23.8,756,37.7,495,27.1,622,12.1,801+,18.1,794,79.6,359,17.5,771,63.8,427=,548,45.2619999999999,23880,16.7,0.07,"2 days, 2:50:00",33.1,31.4,63.9,68.6,59.7,2026
Toronto Metropolitan University (formerly Ryerson University),Canada,Americas,711-720,801-850,-,12.5,701+,19.4,673,2.3,801+,41.0,459,46.5,458,19.6,736,25.7,676,60.9,679,20.1,723,66.0,381=,687,41.6279999999999,37827,39.8,0.11,"2 days, 6:46:00",22.4,32.0,61.1,69.0,62.0,2026
"Goldsmiths, University of London",United Kingdom,Europe,711-720,681-690,-,18.3,668,7.5,701+,20.8,801+,17.0,765,89.1,230,97.8,93,97.9,82,22.7,801+,25.2,637,43.0,801+,575,44.506,8195,13.8,0.48,"2 days, 21:31:00",28.2,23.5,71.2,48.8,80.8,2026
Drexel University,United States,Americas,711-720,721-730,-,8.9,701+,11.2,701+,30.2,630,36.9,503,31.3,572,37.4,521,43.0,483,68.8,552,35.3,487,48.7,737=,421,49.066,18893,12.2,0.15,"2 days, 4:48:00",42.4,25.5,72.1,74.7,60.6,2026
Asia University Taiwan,Taiwan,Asia,711-720,801-850,-,9.0,701+,2.8,701+,5.1,801+,79.9,156,14.5,801+,6.0,801+,10.2,801+,64.2,633,2.1,801+,36.6,801+,492,46.5824999999999,10858,29.9,0.03,"2 days, 15:37:00",16.6,34.9,82.8,75.3,49.5,2026
Budapest University of Technology and Economics,Hungary,Europe,711-720,721-730,-,20.8,595,37.5,375,18.6,801+,15.3,800,4.6,801+,22.7,691,28.8,629,60.0,691,37.8,460,57.9,545,1462,27.9025,18656,16.3,0.15,32 : 68,23.0,18.4,34.2,65.1,38.9,2026
Sorbonne University (merged from Paris IV & UPMC),France,Europe,72,63,75.7,93.2,52,62.1,182,56.4,329,68.8,225,35.5,533,66.8,300,70.0,270,99.4,9,84.2,140,89.2,68=,76,70.394,38923,13.6,0.23,"2 days, 13:39:00",67.6,59.2,81.6,73.1,78.4,2026
Lund University,Sweden,Europe,72,75,75.7,80.1,99,64.1,167,68.1,246,56.6,312,98.8,134,82.0,213,83.7,181,97.1,35,96.1,65,98.8,3=,96,66.5655,23748,10.2,0.22,"2 days, 8:44:00",49.1,56.7,85.7,99.7,79.2,2026
University of Patras,Greece,Europe,721-730,761-770,-,16.8,701+,25.7,527,4.2,801+,44.3,425,2.3,801+,9.2,801+,14.3,801+,66.2,606,4.7,801+,65.3,392,983,35.7945,28311,27.5,0.06,"2 days, 3:49:00",18.5,23.6,60.0,73.2,34.2,2026
Prince Sattam Bin Abdulaziz University,Saudi Arabia,Asia,721-730,,-,6.4,701+,3.1,701+,69.3,237,19.6,720,99.6,109,15.5,801+,18.4,789,93.6,109,3.0,801+,36.3,801+,440,48.3704999999999,24820,10.8,0.06,"2 days, 19:33:00",25.4,28.8,80.8,57.7,79.7,2026
Taras Shevchenko National University of Kyiv,Ukraine,Europe,721-730,701-710,-,21.9,567,50.1,254,30.7,619,3.9,801+,1.7,801+,3.7,801+,8.2,801+,37.6,801+,72.0,200,37.9,801+,1803,22.1989999999999,25696,11.2,0.05,"2 days, 8:44:00",25.7,15.4,22.4,28.6,30.5,2026
Temple University,United States,Americas,721-730,681-690,-,16.8,701+,15.0,701+,37.9,534,24.6,647,4.4,801+,11.6,801+,17.5,801+,64.7,625,38.7,447,72.1,291=,417,49.19,30684,11.3,0.06,"2 days, 9:43:00",43.2,22.6,79.9,70.8,41.2,2026
UWE Bristol (University of the West of England),United Kingdom,Europe,721-730,741-750,-,10.6,701+,15.1,701+,8.9,801+,25.2,633,66.1,354,88.9,176,89.9,150,72.4,493,4.2,801+,53.3,636=,747,40.228,30220,16.4,0.29,"2 days, 4:48:00",18.8,14.6,73.3,59.2,81.2,2026
National Institute of Technology Tiruchirappalli,India,Asia,731-740,701-710,-,4.1,701+,5.3,701+,10.6,801+,89.5,105,,,3.5,801+,7.5,801+,38.2,801+,8.8,801+,37.4,801+,981,35.8125,7452,22.2,0.02,24 : 76,33.2,22.1,54.0,43.8,22.1,2026
Texas Tech University,United States,Americas,731-740,781-790,-,14.5,701+,26.9,509,10.0,801+,18.8,739,63.8,364,17.4,777,23.5,714,70.6,517,28.1,591,66.1,376=,756,39.9905,37631,20.8,0.08,"2 days, 2:50:00",31.6,22.0,57.8,64.4,58.3,2026
Princess Nourah bint Abdulrahman University,Saudi Arabia,Asia,731-740,681-690,-,18.3,666,24.1,561,28.7,664,7.2,801+,83.8,264,31.3,575,35.9,537,74.6,452,2.8,801+,49.8,706=,504,46.2145,20015,11.0,0.12,"4 days, 4:00:00",29.3,21.8,78.5,33.1,85.0,2026
Far Eastern Federal University,Russian Federation,Europe,731-740,631-640,-,13.9,701+,9.5,701+,98.7,47,2.6,801+,16.7,769,79.3,226,80.5,204,48.0,801+,7.1,801+,37.5,801+,1664,24.59,18054,15.6,0.21,"2 days, 11:41:00",29.1,18.4,16.4,30.3,60.5,2026
The University of Warwick,United Kingdom,Europe,74,69,75.2,82.7,85,93.0,60,48.3,402,43.6,432,99.5,111,99.2,60,99.3,49,93.8,101,75.3,182,84.6,117=,123,64.1125,26515,13.2,0.44,"2 days, 2:50:00",48.1,49.3,85.6,69.4,95.6,2026
University of Malta,Malta,Europe,741-750,751-760,-,9.3,701+,7.4,701+,47.7,408,10.1,801+,33.1,551,42.2,472,47.5,436,76.8,409,98.1,40,38.2,801+,926,36.7905,9650,11.8,0.18,"2 days, 13:39:00",24.9,18.2,61.6,36.8,56.2,2026
University of Messina,Italy,Europe,741-750,751-760,-,12.6,701+,2.9,701+,18.6,801+,55.5,323,1.4,801+,17.8,767,23.9,706,78.6,375,1.6,801+,61.5,467=,538,45.508,14308,22.7,0.06,"2 days, 15:37:00",35.6,28.1,71.8,64.3,36.6,2026
Kaunas University of Technology,Lithuania,Europe,741-750,751-760,-,15.1,701+,22.0,602,37.9,533,17.5,761,4.8,801+,40.0,489,45.4,458,68.6,556,29.0,570,58.9,521=,1078,34.0819999999999,7308,13.0,0.11,34 : 66,25.2,19.9,52.8,46.8,42.2,2026
Plekhanov Russian University of Economics,Russian Federation,Europe,741-750,711-720,-,15.5,701+,30.1,474,57.8,314,3.3,801+,4.1,801+,26.7,636,31.7,595,61.2,674,55.2,300,42.4,801+,1737,23.5099999999999,13681,8.5,0.14,"2 days, 7:45:00",26.8,13.3,25.0,23.3,44.2,2026
Shahid Beheshti University (SBU),Iran,Asia,741-750,851-900,-,11.8,701+,22.5,590,6.0,801+,49.4,377,5.2,801+,24.7,668,25.1,683,68.0,567,24.2,654,33.6,801+,945,36.425,23882,19.0,0.02,"2 days, 12:40:00",32.5,23.1,49.9,70.9,31.1,2026
Syracuse University,United States,Americas,741-750,801-850,-,17.0,701+,18.3,699,16.1,801+,17.0,763,25.2,648,45.5,443,50.5,410,56.7,742,58.0,285,60.9,486=,460,47.6219999999999,21104,15.4,0.21,"2 days, 6:46:00",35.5,27.9,71.1,64.4,68.7,2026
The Catholic University of Korea,South Korea,Asia,741-750,801-850,-,7.9,701+,6.0,701+,97.4,61,31.0,576,4.7,801+,52.9,390,47.1,441,14.3,801+,1.9,801+,44.8,801+,629,42.858,7349,18.6,0.15,"2 days, 10:42:00",31.6,39.0,50.9,92.9,43.2,2026
University of Baghdad,Iraq,Asia,741-750,801-850,-,18.1,675,41.2,330,31.1,614,2.5,801+,2.8,801+,1.2,801+,1.1,801+,69.0,545,85.6,134,43.4,801+,1720,23.7724999999999,75593,11.2,0.0,"2 days, 12:40:00",28.3,14.8,28.2,29.3,20.0,2026
Vytautas Magnus University,Lithuania,Europe,741-750,741-750,-,14.0,701+,19.9,658,44.2,447,5.0,801+,46.8,455,70.8,270,73.5,244,62.8,653,26.8,611,47.0,789=,1467,27.8629999999999,8381,10.6,0.19,"2 days, 23:29:00",23.7,12.9,36.9,21.2,69.5,2026
Victoria University,Australia,Oceania,741-750,741-750,-,9.2,701+,10.1,701+,3.4,801+,48.7,381,23.6,667,74.6,256,77.1,225,48.9,801+,9.7,801+,59.3,514=,597,43.8669999999999,14540,29.4,0.25,"2 days, 11:41:00",22.9,24.7,74.5,55.9,71.5,2026
Aberystwyth University,United Kingdom,Europe,741-750,661-670,-,12.8,701+,11.5,701+,27.6,687,23.9,658,61.3,382=,42.0,475,45.4,457,63.3,646,11.0,801+,63.1,439=,686,41.66,6330,15.1,0.21,"2 days, 4:48:00",26.9,22.2,61.9,62.1,83.1,2026
Brandeis University,United States,Americas,741-750,721-730,-,12.8,701+,9.7,701+,50.2,381,25.0,638,33.0,554,83.4,201,62.1,322,24.7,801+,30.5,544,28.8,801+,445,48.1299999999999,4949,10.8,0.34,"2 days, 8:44:00",37.3,26.1,70.0,64.5,79.7,2026
University of Oregon,United States,Americas,751-760,801-850,-,23.2,543,22.5,592,14.7,801+,25.3,632,10.5,801+,5.4,801+,4.3,801+,53.8,785,36.9,470,55.7,582=,458,47.7035,22659,13.7,0.05,"2 days, 11:41:00",34.7,30.0,75.7,73.8,41.4,2026
University of Trieste,Italy,Europe,751-760,721-730,-,16.1,701+,7.8,701+,5.5,801+,53.8,345,11.6,801+,16.8,783,22.9,721,70.8,514,18.7,746,36.4,801+,509,45.993,18016,24.3,0.08,"2 days, 10:42:00",34.3,27.7,72.4,57.6,50.9,2026
University of Birmingham,United Kingdom,Europe,76,80,73.8,81.1,95,75.7,122,49.9,385,56.1,316,96.7,154,93.4,139,93.9,115,96.3,54,54.7,305,92.8,38,100,66.258,34145,14.6,0.35,"2 days, 8:44:00",47.7,48.4,93.7,74.2,94.3,2026
Al-Ahliyya Amman University,Jordan,Asia,761-770,801-850,-,17.1,701+,21.0,625,15.8,801+,6.4,801+,93.7,196,100.0,29,98.0,79,32.7,801+,6.0,801+,38.2,801+,441,48.3609999999999,4510,14.8,0.64,"2 days, 4:48:00",18.6,24.7,88.0,56.9,93.8,2026
Bangladesh University of Engineering and Technology,Bangladesh,Asia,761-770,761-770,-,21.3,582,42.5,316,15.6,801+,30.8,578,,,,,,,23.0,801+,29.9,551,30.0,801+,1032,34.891,5814,11.3,0.0,0.9708333333333333,23.1,15.2,65.4,38.4,33.5,2026
New Jersey Institute of Technology (NJIT),United States,Americas,761-770,791-800,-,7.5,701+,19.8,666,13.2,801+,40.6,462,36.0,529,65.4,306,68.7,281,37.7,801+,10.4,801+,54.2,619=,591,44.062,10459,14.9,0.29,29 : 71,27.5,23.3,65.2,68.5,91.9,2026
Riga Technical University,Latvia,Europe,761-770,721-730,-,12.6,701+,31.9,449,31.7,606,6.0,801+,22.1,686,84.9,195,86.3,165,38.2,801+,40.5,432,47.6,770=,1174,32.5725,10472,31.7,0.33,35 : 65,27.1,25.3,33.6,56.4,65.4,2026
University of Belgrade,Serbia,Europe,761-770,731-740,-,23.6,536,14.0,701+,6.5,801+,10.1,801+,3.6,801+,7.4,801+,5.8,801+,94.5,91,98.4,36,52.1,661=,1069,34.25,91512,18.1,0.05,"2 days, 13:39:00",22.6,27.3,50.9,31.9,41.6,2026
University of Bucharest,Romania,Europe,761-770,801-850,-,21.1,590,35.9,400,9.0,801+,8.3,801+,3.5,801+,4.8,801+,10.0,801+,72.3,495,67.9,226,60.8,491=,1066,34.2785,31127,32.1,0.02,"2 days, 22:30:00",21.6,24.1,58.4,27.0,30.9,2026
"Government College University, Faisalabad",Pakistan,Asia,761-770,,-,4.2,701+,7.1,701+,7.6,801+,72.2,197,1.3,801+,1.1,801+,5.5,801+,77.6,392,33.5,503,32.2,801+,750,40.1685,22898,26.6,0.0,"2 days, 7:45:00",20.3,17.7,81.4,22.3,49.8,2026
"Vietnam National University, Hanoi",Vietnam,Asia,761-770,851-900,-,24.3,525,33.0,435,9.2,801+,4.3,801+,6.6,801+,1.3,801+,1.3,801+,68.3,562,68.7,223,69.4,323=,1357,29.387,67238,18.9,0.0,"2 days, 13:39:00",17.7,11.5,54.6,28.2,44.3,2026
University of Nizwa,Oman,Asia,761-770,,-,11.0,701+,12.8,701+,47.5,412,13.0,801+,100.0,32,26.2,642,27.0,653,26.1,801+,73.5,190,19.0,801+,500,46.2744999999999,3498,8.9,0.11,"3 days, 5:23:00",28.1,26.0,76.2,34.0,83.0,2026
The University of Western Australia,Australia,Oceania,77,77,73.7,69.0,137,56.5,209,15.1,801+,99.2,34,100.0,77,100.0,36,100.0,23,93.2,122,82.6,147,83.7,129=,154,61.7164999999999,19880,23.6,0.3,"2 days, 3:49:00",38.7,45.1,87.6,98.4,93.4,2026
Holy Spirit University of Kaslik,Lebanon,Asia,771-780,771-780,-,11.1,701+,20.7,637,70.4,226,3.8,801+,99.4,117,52.2,397,53.4,383,9.6,801+,7.3,801+,38.0,801+,1454,28.0084999999999,7374,13.0,0.14,"2 days, 7:45:00",23.0,9.9,38.5,19.5,80.3,2026
Rovira i Virgili University,Spain,Europe,771-780,731-740,-,9.5,701+,4.5,701+,19.9,801+,48.0,388,9.8,801+,28.4,610,34.4,559,82.2,309,1.8,801+,65.0,398=,714,40.9679999999999,14226,13.2,0.12,"2 days, 12:40:00",28.2,25.1,62.5,57.5,57.6,2026
Thapar Institute of Engineering & Technology,India,Asia,771-780,851-900,-,4.0,701+,9.3,701+,14.3,801+,71.2,206,17.1,763,4.7,801+,8.7,801+,33.7,801+,11.6,801+,58.5,534=,692,41.5709999999999,7763,15.0,0.04,35 : 65,33.3,17.6,72.5,38.9,44.5,2026
KTH Royal Institute of Technology,Sweden,Europe,78,74,73.6,60.2,174,62.1,183,68.3,242,88.2,109,95.6,171,81.8,215,60.9,331,91.7,147,72.7,197,89.8,66,99,66.277,15263,18.2,0.28,31 : 69,51.1,57.3,79.7,97.2,90.5,2026
University of Mons,Belgium,Europe,781-790,781-790,-,7.0,701+,8.1,701+,5.2,801+,53.2,349,40.9,491,47.0,432,50.6,409,43.6,801+,7.3,801+,54.4,613=,648,42.4409999999999,8374,26.7,0.17,"2 days, 8:44:00",27.2,30.9,58.4,66.4,70.4,2026
University of Kentucky,United States,Americas,781-790,791-800,-,15.0,701+,15.0,701+,19.2,801+,32.1,561,18.2,739,5.7,801+,4.5,801+,77.3,401,24.4,651,59.6,509=,443,48.318,28680,11.4,0.03,"2 days, 12:40:00",44.0,29.6,68.8,71.1,43.6,2026
V.N. Karazin Kharkiv National University,Ukraine,Europe,781-790,741-750,-,14.3,701+,30.2,470,70.5,222,1.9,801+,4.4,801+,67.8,291,69.0,276,35.2,801+,4.6,801+,46.2,801+,1908,19.6645,17491,8.3,0.27,"2 days, 3:49:00",26.8,11.2,12.1,35.2,46.3,2026
Kuwait University,Kuwait,Asia,781-790,801-850,-,20.9,594,17.5,701+,9.4,801+,5.5,801+,24.1,662,32.0,567,37.8,519,55.1,769,97.1,56,58.3,539=,1287,30.565,29943,18.3,0.13,"3 days, 1:27:00",18.0,11.4,53.7,33.1,60.2,2026
Georgia State University,United States,Americas,781-790,851-900,-,14.8,701+,29.1,486,6.0,801+,33.2,547,6.6,801+,18.9,747,14.3,801+,64.6,627,29.0,572,47.3,780=,590,44.076,32292,16.6,0.09,"2 days, 12:40:00",32.9,26.7,67.1,62.5,53.3,2026
Carleton University,Canada,Americas,781-790,741-750,-,15.6,701+,16.8,701+,7.3,801+,18.6,743,17.6,756,56.9,364,42.4,489,74.9,443,43.1,407,61.1,477=,580,44.331,27612,27.0,0.22,"2 days, 1:51:00",23.4,31.5,64.9,79.2,75.4,2026
Alexandria University,Egypt,Africa,781-790,801-850,-,32.7,376,24.2,555,7.2,801+,3.5,801+,1.9,801+,13.6,801+,19.0,780,80.7,341,33.0,514,56.6,568=,980,35.8275,186461,17.6,0.07,"2 days, 5:47:00",20.7,18.2,63.5,31.7,55.0,2026
Wayne State University,United States,Americas,781-790,791-800,-,9.0,701+,6.8,701+,70.3,228,18.0,752,17.9,747,10.5,801+,8.1,801+,69.8,536,34.1,499,66.9,363=,515,45.876,20958,12.7,0.05,"2 days, 11:41:00",38.9,22.1,72.1,80.1,42.1,2026
University of Glasgow,United Kingdom,Europe,79,78,73.4,88.3,72,73.5,132,50.3,377,44.8,416,98.0,140,99.1,67,99.1,57,97.0,38,44.5,395,95.4,19=,84,68.9254999999999,34075,13.4,0.45,"2 days, 12:40:00",50.6,52.2,95.9,73.2,95.5,2026
Universiti Tunku Abdul Rahman (UTAR),Malaysia,Asia,791-800,801-850,-,19.4,636,43.9,304,19.2,801+,13.4,801+,15.8,784,8.0,801+,11.9,801+,51.7,801+,5.1,801+,57.7,548,1132,33.1879999999999,15730,12.9,0.13,"2 days, 4:48:00",20.8,17.8,51.5,63.5,52.0,2026
Wake Forest University,United States,Americas,791-800,741-750,-,7.4,701+,18.9,688,100.0,6,11.9,801+,6.2,801+,16.0,798,12.1,801+,38.8,801+,28.3,589,42.2,801+,431,48.6825,8289,3.4,0.1,"2 days, 8:44:00",38.0,23.2,80.5,92.3,38.7,2026
Chiba University,Japan,Asia,791-800,771-780,-,22.5,555,12.5,701+,65.8,261,17.8,755,11.3,801+,7.9,801+,12.1,801+,30.2,801+,6.2,801+,48.7,737=,1055,34.54,13630,8.6,0.05,38 : 62,33.7,21.1,43.7,70.3,34.1,2026
Norwegian University of Life Sciences (UMB),Norway,Europe,791-800,691-700,-,8.2,701+,8.2,701+,100.0,15,13.4,801+,,,,,,,77.7,390,25.5,630,50.8,688=,863,37.8204999999999,8193,8.4,0.07,"2 days, 9:43:00",32.0,15.4,58.4,40.8,63.5,2026
National University of Singapore (NUS),Singapore,Asia,8,8,95.9,99.9,14,98.2,32,71.5,216,95.9,64,100.0,37,96.9,101,72.1,253,92.4,140,100.0,9,90.0,63=,17,89.6719999999999,35558,21.0,0.31,"2 days, 1:51:00",78.6,93.1,95.1,99.9,92.8,2026
University of Latvia,Latvia,Europe,801-850,781-790,-,14.5,701+,22.8,581,10.0,801+,10.4,801+,16.1,775,10.0,801+,15.8,801+,66.6,595,92.0,89,56.0,579=,1100,33.7089999999999,11634,30.9,0.09,"2 days, 19:33:00",20.5,31.3,42.3,52.3,50.7,2026
AGH University of Krakow,Poland,Europe,801-850,851-900,-,13.1,701+,30.6,465,54.7,344,12.7,801+,4.4,801+,7.3,801+,12.1,801+,75.6,430,4.0,801+,47.4,776=,1125,33.3244999999999,17827,10.2,0.04,33 : 67,32.7,21.6,39.8,71.6,34.8,2026
University of Westminster,United Kingdom,Europe,801-850,741-750,-,12.3,701+,11.4,701+,7.1,801+,9.0,801+,85.2,257,99.2,65,99.2,54,37.6,801+,34.2,498,40.3,801+,875,37.673,19530,20.0,0.51,"2 days, 11:41:00",19.0,16.5,63.1,48.7,85.4,2026
University of Ulsan,South Korea,Asia,801-850,801-850,-,6.0,701+,3.8,701+,60.2,300,50.1,374,2.7,801+,3.6,801+,7.9,801+,29.1,801+,6.4,801+,44.2,801+,545,45.287,11778,10.7,0.02,"1 day, 21:55:00",30.6,27.6,75.8,92.9,24.0,2026
University of Namur,Belgium,Europe,801-850,,-,6.4,701+,8.8,701+,5.8,801+,44.4,421,37.2,521,59.3,345,62.7,316,47.5,801+,10.3,801+,53.4,632=,842,38.14,6480,20.0,0.17,"2 days, 10:42:00",26.8,26.7,49.0,62.4,70.6,2026
"University of Maryland, Baltimore County",United States,Americas,801-850,771-780,-,13.6,701+,8.2,701+,18.9,801+,20.0,710,72.9,325,50.8,406,55.5,371,45.4,801+,10.3,801+,66.0,381=,710,41.2795,12398,17.8,0.19,"1 day, 22:54:00",27.5,27.2,61.3,67.6,55.8,2026
University of Lincoln,United Kingdom,Europe,801-850,851-900,-,8.0,701+,9.3,701+,13.0,801+,14.6,801+,84.8,259,73.7,260,75.2,234,73.7,478,6.0,801+,63.8,427=,646,42.4539999999999,15645,15.0,0.24,"2 days, 10:42:00",20.5,18.5,77.2,34.1,86.9,2026
University of Hyderabad,India,Asia,801-850,801-850,-,17.7,692,4.6,701+,20.7,801+,54.5,335,,,2.6,801+,6.9,801+,34.0,801+,3.4,801+,42.1,801+,1023,35.048,5071,12.7,0.01,"1 day, 22:54:00",42.4,21.6,41.6,48.4,24.8,2026
University of Greenwich,United Kingdom,Europe,801-850,691-700,-,6.2,701+,7.0,701+,5.2,801+,15.2,801+,94.0,193,99.6,54,99.6,43,75.8,421,19.7,731,44.9,801+,616,43.3034999999999,22915,22.4,0.54,"2 days, 9:43:00",17.6,16.5,81.6,39.1,97.1,2026
University of Engineering & Technology (UET) Lahore,Pakistan,Asia,801-850,751-760,-,11.1,701+,49.1,260,20.4,801+,15.1,801+,,,2.3,801+,6.5,801+,56.5,746,54.1,310,40.7,801+,1299,30.4149999999999,13860,13.5,0.02,33 : 67,20.2,10.5,54.3,32.4,51.0,2026
University of Brighton,United Kingdom,Europe,801-850,801-850,-,9.6,701+,9.7,701+,12.4,801+,24.9,642,64.9,359,68.1,289,71.2,260,73.1,486,11.5,801+,39.1,801+,786,39.4359999999999,14840,16.8,0.23,"2 days, 13:39:00",19.9,19.3,63.4,64.9,84.7,2026
Universiti Malaysia Terengganu (UMT),Malaysia,Asia,801-850,1001-1200,-,16.7,701+,8.2,701+,18.6,801+,28.9,596,23.6,668,30.3,588,31.7,592,58.9,709,5.0,801+,58.2,543=,1017,35.1089999999999,9037,13.7,0.11,"2 days, 21:31:00",22.6,20.2,55.1,36.6,61.2,2026
Universidade Federal de Santa Catarina,Brazil,Americas,801-850,781-790,-,26.1,485,8.3,701+,25.2,731,15.8,786,5.9,801+,4.0,801+,8.7,801+,64.4,631,23.7,659,65.2,393=,1035,34.8394999999999,36229,14.9,0.03,"2 days, 2:50:00",36.3,22.4,40.8,65.5,37.0,2026
University of Modena and Reggio Emilia,Italy,Europe,801-850,721-730,-,12.3,701+,7.6,701+,4.6,801+,56.7,310,4.8,801+,7.5,801+,13.1,801+,55.1,767,20.3,719,54.4,613=,534,45.5929999999999,18479,18.9,0.04,"2 days, 6:46:00",34.7,25.7,72.9,77.9,38.9,2026
Qassim University,Saudi Arabia,Asia,801-850,781-790,-,15.5,701+,6.5,701+,47.0,421,3.8,801+,100.0,64,25.1,661,31.1,600,72.1,497,3.0,801+,52.2,658=,808,38.9424999999999,29826,9.5,0.11,"1 day, 21:55:00",30.5,19.3,56.2,29.7,84.0,2026
Ocean University of China,China,Asia,801-850,801-850,-,6.3,701+,5.8,701+,9.6,801+,72.1,198,4.0,801+,2.6,801+,2.2,801+,49.8,801+,3.9,801+,41.5,801+,679,41.7865,35422,18.2,0.01,,31.3,29.5,63.6,69.7,28.4,2026
Middlesex University,United Kingdom,Europe,801-850,721-730,-,7.5,701+,9.3,701+,11.3,801+,14.3,801+,88.6,233,99.7,49,99.7,39,56.5,744,24.6,647,40.0,801+,604,43.6104999999999,14860,19.8,0.49,"2 days, 11:41:00",22.4,18.7,76.1,45.3,92.5,2026
Keele University,United Kingdom,Europe,801-850,791-800,-,8.5,701+,8.0,701+,21.3,801+,28.5,600,60.9,385,50.7,408,42.3,490,66.4,601,10.1,801+,39.4,801+,563,44.861,10370,15.4,0.2,"2 days, 14:38:00",23.5,22.6,75.5,63.8,82.3,2026
German Jordanian University,Jordan,Asia,801-850,901-950,-,14.6,701+,28.7,490,34.6,569,12.7,801+,85.3,256,23.9,676,26.0,668,18.3,801+,11.3,801+,22.1,801+,997,35.5169999999999,2830,9.6,0.15,36 : 64,22.4,13.6,60.3,24.5,78.6,2026
Donghua University,China,Asia,801-850,851-900,-,4.5,701+,4.4,701+,32.4,596,70.6,213,2.0,801+,4.2,801+,3.4,801+,32.1,801+,5.1,801+,28.5,801+,480,46.924,23520,12.2,0.07,"2 days, 0:52:00",32.9,25.2,77.8,93.2,37.9,2026
De Montfort University,United Kingdom,Europe,801-850,711-720,-,6.4,701+,9.5,701+,6.8,801+,16.7,770,81.4,284,96.4,107,96.6,92,57.1,734,10.5,801+,64.5,409=,751,40.111,23655,20.6,0.47,"2 days, 0:52:00",17.7,16.4,70.5,50.4,92.9,2026
Bournemouth University,United Kingdom,Europe,801-850,771-780,-,8.0,701+,11.0,701+,8.1,801+,29.4,594,84.7,261,47.7,422,52.6,391,76.3,418,7.7,801+,43.4,801+,471,47.175,15605,19.9,0.24,"2 days, 6:46:00",18.8,21.7,89.3,46.4,89.2,2026
Azerbaijan State University of Economics,Azerbaijan,Asia,801-850,1001-1200,-,21.2,587,37.2,379,36.7,548,1.5,801+,32.0,563,10.7,801+,13.9,801+,11.7,801+,51.5,329,39.2,801+,905,37.1509999999999,13473,9.2,0.07,"1 day, 20:56:00",23.4,9.3,74.5,19.4,59.0,2026
Alfaisal University,Saudi Arabia,Asia,801-850,791-800,-,7.9,701+,5.9,701+,31.7,605,21.8,687,100.0,29,96.7,102,92.4,127,28.1,801+,5.7,801+,31.0,801+,586,44.2099999999999,3443,11.3,0.37,"2 days, 10:42:00",24.2,19.5,73.7,50.4,97.2,2026
Tokyo University of Science (RIKADAI),Japan,Asia,801-850,751-760,-,11.5,701+,57.5,205,12.1,801+,16.3,778,15.1,801+,7.2,801+,10.7,801+,22.6,801+,49.0,353,46.5,801+,1424,28.375,18002,24.1,0.04,25 : 75,23.8,26.8,27.7,74.8,30.4,2026
University of Washington,United States,Americas,81,76,72.7,90.1,68,74.8,128,49.2,391,69.2,221,14.7,801+,45.8,441,34.2,561,95.0,83,79.9,160,74.9,237=,25,83.7164999999999,49524,9.5,0.18,"2 days, 9:43:00",77.0,80.0,97.6,81.6,70.1,2026
Adelaide University,Australia,Oceania,82,,72.6,78.3,102,62.7,176,30.5,621,69.8,218,100.0,90,97.5,96,72.5,251,96.7,46,70.4,207,86.1,98=,134,63.0524999999999,43623,30.4,0.27,"2 days, 7:45:00",38.3,48.9,89.5,99.7,89.8,2026
Vilnius Gediminas Technical University,Lithuania,Europe,851-900,851-900,-,13.8,701+,17.4,701+,38.4,529,15.6,790,19.3,723,54.3,381,58.7,347,42.7,801+,9.3,801+,35.1,801+,1543,26.5314999999999,8333,13.1,0.21,34 : 66,20.8,17.9,31.0,47.3,53.5,2026
Yarmouk University,Jordan,Asia,851-900,951-1000,-,23.4,541,32.0,448,5.3,801+,5.2,801+,7.7,801+,25.9,646,28.4,634,44.6,801+,42.3,414,45.3,801+,720,40.7555,21300,23.6,0.15,,29.3,17.9,69.9,29.9,63.4,2026
University of Seoul,South Korea,Asia,851-900,1001-1200,-,17.6,695,15.6,701+,49.2,390,16.5,773,6.4,801+,12.0,801+,16.3,801+,38.4,801+,6.9,801+,48.5,743=,1086,34.015,9555,13.5,0.07,"1 day, 20:56:00",31.8,28.3,38.5,50.3,38.2,2026
University of Santo Tomas,Philippines,Asia,851-900,851-900,-,20.3,605,45.9,294,14.1,801+,1.7,801+,38.5,513,9.0,801+,7.0,801+,19.1,801+,25.5,631,40.2,801+,1657,24.6794999999999,42253,15.1,0.06,"2 days, 10:42:00",23.0,10.2,32.1,21.1,59.5,2026
University of Ghana,Ghana,Africa,851-900,851-900,-,17.8,687,12.4,701+,2.1,801+,10.8,801+,8.1,801+,1.8,801+,1.6,801+,80.8,337,96.8,63,52.8,651,1043,34.7575,72334,46.5,0.01,"2 days, 1:51:00",17.0,32.2,49.2,46.8,50.3,2026
Tokyo University of Agriculture and Technology,Japan,Asia,851-900,851-900,-,15.6,701+,11.2,701+,18.7,801+,40.3,464,11.6,801+,11.3,801+,15.3,801+,42.4,801+,1.7,801+,33.2,801+,1204,32.038,5923,14.2,0.07,36 : 64,34.0,25.5,28.0,82.2,39.0,2026
Prince of Songkla University,Thailand,Asia,851-900,951-1000,-,32.4,380,13.5,701+,20.4,801+,6.9,801+,7.4,801+,2.7,801+,7.2,801+,55.4,764,5.6,801+,60.9,486=,1399,28.6324999999999,33623,13.1,0.02,"2 days, 20:32:00",24.3,16.0,39.4,51.6,39.2,2026
Oklahoma State University,United States,Americas,851-900,851-900,-,10.6,701+,12.8,701+,12.2,801+,21.3,694,65.0,358,12.0,801+,17.9,799,71.4,509,30.6,543,50.5,695,678,41.7874999999999,22574,14.7,0.05,"2 days, 5:47:00",36.5,21.1,60.9,61.9,55.4,2026
O. P. Jindal Global University (JGU),India,Asia,851-900,1001-1200,-,15.9,701+,29.7,481,66.8,257,3.2,801+,34.3,543,2.1,801+,6.5,801+,23.3,801+,3.5,801+,46.7,799=,1167,32.644,8674,7.9,0.01,"2 days, 2:50:00",26.0,16.3,51.1,16.8,56.6,2026
Multimedia University (MMU),Malaysia,Asia,851-900,1001-1200,-,18.9,651,27.0,508,17.3,801+,9.2,801+,53.6,422,56.8,365,60.8,334,26.9,801+,5.1,801+,39.1,801+,1126,33.2785,8957,12.9,0.17,"1 day, 21:55:00",26.1,21.3,38.7,74.8,64.0,2026
Mendel University in Brno,Czechia,Europe,851-900,851-900,-,9.8,701+,8.3,701+,68.8,239,8.3,801+,14.3,801+,38.8,507,41.5,495,74.1,461,4.8,801+,49.4,719=,1329,29.8799999999999,9185,16.2,0.17,"2 days, 6:46:00",25.4,18.2,39.7,23.1,57.0,2026
Louisiana State University,United States,Americas,851-900,901-950,-,14.1,701+,12.9,701+,9.6,801+,23.8,659,22.4,682,6.9,801+,12.5,801+,63.4,644,36.8,471,75.4,228=,733,40.3665,33738,20.7,0.04,"2 days, 8:44:00",34.1,20.6,60.8,65.7,46.2,2026
Liverpool John Moores University,United Kingdom,Europe,851-900,801-850,-,13.5,701+,12.0,701+,9.6,801+,20.4,707,53.8,420,21.2,707,27.3,648,89.7,178,11.5,801+,53.9,624=,568,44.705,24415,18.1,0.16,"2 days, 9:43:00",19.7,19.7,83.8,51.2,79.9,2026
Jiangnan University,China,Asia,851-900,1001-1200,-,5.8,701+,4.7,701+,15.6,801+,65.0,248,,,,,,,58.3,716,1.2,801+,30.0,801+,667,41.9615,32581,12.1,0.01,,29.5,25.8,68.0,92.8,22.2,2026
Worcester Polytechnic Institute,United States,Americas,851-900,901-950,-,3.7,701+,15.3,701+,20.5,801+,40.7,461,36.9,522,36.6,530,27.4,647,29.4,801+,16.7,791,47.3,780=,721,40.711,6312,12.9,0.14,36 : 64,32.6,21.4,59.6,67.2,57.6,2026
Verona University,Italy,Europe,851-900,771-780,-,13.1,701+,5.0,701+,5.9,801+,50.0,375,6.3,801+,8.4,801+,14.1,801+,70.3,523,6.9,801+,52.7,652=,398,49.925,21809,25.6,0.05,"2 days, 16:36:00",34.6,31.1,81.6,71.1,45.0,2026
Universiti Pendidikan Sultan Idris (UPSI),Malaysia,Asia,851-900,951-1000,-,17.0,701+,18.5,696,39.1,519,5.5,801+,45.3,466,63.4,318,56.9,359,23.0,801+,5.2,801+,42.5,801+,645,42.4999999999999,5754,8.9,0.28,"2 days, 11:41:00",39.4,27.6,48.4,56.2,81.4,2026
Auburn University,United States,Americas,851-900,951-1000,-,11.6,701+,17.6,701+,10.7,801+,24.3,650,58.1,397,10.1,801+,16.0,801+,57.2,728,29.6,553,50.1,701=,644,42.5055,28365,18.5,0.07,"2 days, 3:49:00",36.5,27.9,55.6,71.8,54.6,2026
Chungnam National University,South Korea,Asia,851-900,851-900,-,11.7,701+,10.6,701+,54.7,343,21.0,697,8.4,801+,20.0,729,25.1,681,40.8,801+,6.7,801+,59.9,504=,1089,33.9375,20792,20.2,0.03,"1 day, 23:53:00",30.1,30.7,37.9,72.0,25.4,2026
Azerbaijan State Oil and Industry University,Azerbaijan,Asia,851-900,1001-1200,-,13.1,701+,19.0,685,73.3,208,1.5,801+,46.8,456,9.7,801+,13.9,801+,8.5,801+,45.0,391,31.0,801+,1962,18.5745,12831,10.3,0.06,38 : 62,25.0,8.1,15.7,19.7,44.7,2026
Dhofar University,Oman,Asia,851-900,,-,10.0,701+,9.5,701+,12.1,801+,19.6,719,100.0,21,11.1,801+,13.8,801+,35.1,801+,70.3,208,18.7,801+,677,41.8025,3049,15.9,0.07,"2 days, 5:47:00",16.9,19.0,80.8,27.8,79.4,2026
Edinburgh Napier University,United Kingdom,Europe,851-900,801-850,-,7.9,701+,5.5,701+,6.1,801+,21.9,686,89.5,227,84.7,196,86.1,167,59.4,702,8.6,801+,40.1,801+,674,41.886,14615,21.8,0.21,"2 days, 7:45:00",17.5,19.7,75.3,41.2,90.3,2026
Australian Catholic University,Australia,Oceania,851-900,901-950,-,12.0,701+,11.8,701+,8.0,801+,19.4,724,86.4,251,61.7,329,65.4,301,35.6,801+,1.7,801+,49.3,725=,425,48.927,22604,31.7,0.2,"3 days, 4:24:00",17.7,24.7,97.1,28.0,83.9,2026
BINUS UNIVERSITY (Bina Nusantara University),Indonesia,Asia,851-900,951-1000,-,20.1,611,33.3,432,28.5,670,4.3,801+,51.5,429,8.7,801+,13.5,801+,14.4,801+,20.6,714,41.1,801+,1445,28.1345,15258,13.9,0.04,"1 day, 17:59:00",21.4,23.5,34.2,50.6,36.3,2026
Azerbaijan Technical University,Azerbaijan,Asia,851-900,,-,19.1,645,25.5,532,82.2,157,1.4,801+,13.9,801+,13.4,801+,16.5,801+,4.2,801+,11.6,801+,27.9,801+,2097,15.5224999999999,9118,6.9,0.08,"1 day, 23:53:00",26.2,7.5,5.7,30.4,35.9,2026
Altai State University,Russian Federation,Europe,851-900,741-750,-,12.9,701+,7.0,701+,90.7,101,1.9,801+,8.6,801+,71.3,266,68.1,283,18.3,801+,2.0,801+,46.2,801+,1796,22.3405,9271,18.5,0.27,"2 days, 8:44:00",23.0,16.4,17.1,25.3,62.1,2026
University of Leeds,United Kingdom,Europe,86,82,72,81.8,90,82.1,98,39.7,512,48.8,380,89.7,224,96.3,108,96.5,93,99.2,13,62.9,250,76.4,219=,118,64.8795,35600,14.4,0.39,"2 days, 12:40:00",48.3,50.3,87.2,71.6,93.6,2026
University of Southampton,United Kingdom,Europe,87,80,71.2,62.6,163,55.9,214,40.1,504,87.8,111,96.8,153,98.6,82,98.6,69,97.4,32,58.6,279,95.1,23,129,63.3345,24355,14.3,0.46,"2 days, 6:46:00",44.6,45.4,89.6,73.1,96.1,2026
Boston University,United States,Americas,88,108,71.1,75.3,111,86.7,83,40.6,497,61.9,273,40.0,500,92.8,150,93.3,124,84.9,256,86.9,127,73.7,264,77,70.365,29239,11.4,0.33,"2 days, 10:42:00",61.2,56.5,91.8,72.4,73.2,2026
UCL (University College London),United Kingdom,Europe,9,9,95.8,99.9,15,99.4,18,94.8,77,80.9,151,99.6,108,100.0,27,100.0,17,99.9,2,89.3,111,98.5,5=,22,87.4425,47520,12.1,0.63,"2 days, 12:40:00",77.8,85.9,97.6,74.7,97.5,2026
Taif University,Saudi Arabia,Asia,901-950,,-,7.0,701+,2.7,701+,9.2,801+,30.2,586,100.0,44,4.7,801+,9.2,801+,80.5,343,2.9,801+,46.0,801+,782,39.4995,38212,16.7,0.03,"2 days, 10:42:00",16.2,16.4,77.7,23.3,76.3,2026
Saveetha Institute of Medical And Technical Sciences (SIMATS),India,Asia,901-950,951-1000,-,8.9,701+,2.9,701+,26.2,713,20.3,708,84.0,263,10.7,801+,15.4,801+,83.0,293,1.7,801+,48.2,751=,372,50.7375,15494,9.7,0.06,"2 days, 4:48:00",37.9,18.4,93.4,20.4,71.8,2026
Panjab University,India,Asia,901-950,1001-1200,-,9.4,701+,11.5,701+,10.3,801+,43.5,433,,,3.2,801+,7.5,801+,33.0,801+,39.6,441,50.9,684=,665,42.09,16479,15.9,0.02,"2 days, 17:35:00",38.2,19.6,71.2,48.3,24.6,2026
Osaka Metropolitan University,Japan,Asia,901-950,901-950,-,18.1,676,14.0,701+,57.2,321,12.3,801+,6.2,801+,5.2,801+,9.4,801+,34.1,801+,8.9,801+,47.7,765=,1459,27.9465,15703,8.7,0.04,37 : 63,31.3,16.9,28.8,78.3,27.2,2026
Tallinn University,Estonia,Europe,901-950,1001-1200,-,11.1,701+,12.4,701+,12.6,801+,9.9,801+,63.9,363,30.6,585,36.5,529,55.1,768,45.6,382,44.3,801+,1052,34.5849999999999,3770,7.9,0.11,"3 days, 0:28:00",27.2,24.5,47.8,24.4,55.2,2026
Tashkent State Technical University,Uzbekistan,Asia,901-950,,-,30.6,399,16.2,701+,20.1,801+,2.1,801+,62.9,371,1.8,801+,6.1,801+,9.9,801+,30.7,540,33.9,801+,1088,33.938,14012,13.9,0.01,0.8069444444444445,21.0,8.6,75.3,16.6,26.6,2026
University of Alaska Fairbanks,United States,Americas,901-950,801-850,-,3.4,701+,3.5,701+,99.7,33,19.9,713,6.3,801+,5.5,801+,4.3,801+,40.4,801+,5.9,801+,37.9,801+,643,42.519,2895,8.5,0.06,"2 days, 8:44:00",34.8,30.7,53.6,55.0,67.6,2026
University of Hertfordshire,United Kingdom,Europe,901-950,851-900,-,5.8,701+,6.7,701+,6.8,801+,12.1,801+,81.4,285,100.0,12,100.0,7,57.7,723,17.0,780,39.0,801+,716,40.8465,27285,19.5,0.61,"1 day, 23:53:00",18.2,13.2,76.5,44.8,92.1,2026
University of Maribor,Slovenia,Europe,901-950,901-950,-,10.8,701+,15.6,701+,36.4,551,12.7,801+,2.3,801+,27.3,623,28.3,635,67.4,580,41.3,422,49.9,705,1389,28.7329999999999,13082,13.9,0.14,"2 days, 7:45:00",21.5,18.0,41.2,46.2,39.5,2026
University of Peshawar,Pakistan,Asia,901-950,901-950,-,9.4,701+,11.9,701+,87.2,119,12.3,801+,,,2.0,801+,1.7,801+,49.0,801+,19.2,742,25.8,801+,1117,33.387,19301,34.0,0.0,24 : 76,24.0,12.0,59.1,34.8,49.4,2026
University of Salford,United Kingdom,Europe,901-950,901-950,-,10.8,701+,7.9,701+,9.1,801+,12.0,801+,55.6,408,88.2,182,89.2,153,61.6,670,13.8,801+,43.4,801+,851,38.007,22475,20.9,0.3,"2 days, 8:44:00",19.0,14.8,64.9,57.0,84.8,2026
Yeungnam University,South Korea,Asia,901-950,951-1000,-,5.1,701+,4.7,701+,18.9,801+,47.5,395,38.6,511,17.8,763,23.3,716,46.7,801+,4.9,801+,33.5,801+,592,44.0375,19201,15.4,0.06,"2 days, 2:50:00",25.1,22.9,75.3,62.8,65.2,2026
Nagasaki University,Japan,Asia,901-950,851-900,-,9.0,701+,3.7,701+,84.3,143,12.2,801+,8.5,801+,10.8,801+,15.3,801+,48.4,801+,3.4,801+,59.6,509=,1358,29.3699999999999,8747,6.7,0.05,39 : 61,30.1,16.0,35.4,55.2,40.3,2026
Lovely Professional University (LPU),India,Asia,901-950,,-,20.0,615,27.3,504,17.1,801+,10.9,801+,14.0,801+,7.0,801+,11.5,801+,73.7,477,1.7,801+,49.4,719=,594,43.9434999999999,36891,14.9,0.08,28 : 72,24.6,17.6,87.6,31.5,53.9,2026
University of Alabama,United States,Americas,901-950,951-1000,-,12.1,701+,29.6,482,8.0,801+,18.8,736,7.1,801+,4.4,801+,3.5,801+,59.7,698,29.4,557,53.1,644=,871,37.7005,35682,20.6,0.03,"2 days, 9:43:00",28.6,22.4,59.4,50.0,39.3,2026
Khon Kaen University,Thailand,Asia,901-950,951-1000,-,26.6,472,22.6,585,11.7,801+,8.8,801+,6.4,801+,3.3,801+,7.6,801+,57.1,733,5.9,801+,59.9,504=,1278,30.6365,32602,16.3,0.02,"2 days, 13:39:00",28.6,17.3,41.8,49.5,35.5,2026
London South Bank University,United Kingdom,Europe,901-950,801-850,-,4.9,701+,6.3,701+,13.6,801+,8.5,801+,94.1,192,98.1,87,98.2,75,47.7,801+,15.2,801+,50.8,688=,713,41.0239999999999,14425,15.9,0.4,"2 days, 7:45:00",18.5,13.0,75.6,48.1,95.9,2026
University of South Africa,South Africa,Africa,901-950,851-900,-,13.8,701+,13.6,701+,1.2,801+,11.7,801+,,,13.3,801+,10.1,801+,92.5,138,96.0,66,43.3,801+,1276,30.6545,207954,84.5,0.02,"3 days, 3:25:00",19.7,17.8,51.0,30.4,42.2,2026
Chonnam National University,South Korea,Asia,901-950,851-900,-,12.2,701+,6.8,701+,47.3,415,24.0,654,14.6,801+,16.3,793,21.9,731,29.2,801+,6.5,801+,61.3,471=,865,37.7795,16714,12.6,0.08,"2 days, 3:49:00",34.5,29.6,47.0,60.7,33.2,2026
Virginia Commonwealth University,United States,Americas,901-950,851-900,-,9.5,701+,9.9,701+,42.8,464,20.0,712,12.6,801+,6.0,801+,11.5,801+,68.8,550,18.3,753,48.4,746=,455,47.9664999999999,25120,10.1,0.04,"2 days, 17:35:00",38.1,23.0,81.3,75.3,35.4,2026
Kanazawa University,Japan,Asia,901-950,901-950,-,13.2,701+,7.1,701+,58.1,311,22.1,684,11.6,801+,10.8,801+,15.4,801+,33.9,801+,1.7,801+,53.1,644=,1147,32.917,10216,9.9,0.06,36 : 64,36.0,21.8,35.6,67.5,34.6,2026
Future University in Egypt,Egypt,Africa,901-950,901-950,-,7.1,701+,40.5,334,47.2,416,5.3,801+,18.2,738,33.0,558,34.5,558,50.4,801+,3.3,801+,35.7,801+,816,38.7529999999999,7962,9.5,0.11,"1 day, 21:55:00",22.2,10.6,78.6,18.0,64.4,2026
Kansas State University,United States,Americas,901-950,851-900,-,9.1,701+,11.9,701+,16.2,801+,31.6,569,26.2,633,9.5,801+,7.3,801+,60.4,685,21.0,706,43.4,801+,781,39.5015,18454,14.0,0.05,"2 days, 6:46:00",35.1,22.9,52.6,68.4,53.2,2026
The University of Osaka,Japan,Asia,91,86,71,90.5,67,90.0,73,45.6,430,65.8,242,25.2,649,21.1,709,27.2,651,72.0,500,51.4,330,79.5,180=,152,61.8439999999999,22367,10.4,0.12,33 : 67,65.9,64.9,53.3,100.0,47.9,2026
The University of Sheffield,United Kingdom,Europe,92,105,70.9,73.0,122,61.7,186,50.3,378,68.4,226,81.6,281,98.0,89,98.1,76,96.8,42,47.9,363,94.3,27,111,65.3465,29305,15.2,0.41,"2 days, 5:47:00",49.7,49.1,88.3,79.4,90.4,2026
Uppsala University,Sweden,Europe,93,103,70.3,74.7,113,48.1,268,66.3,260,55.9,318,99.7,106,82.9,207,84.5,174,95.9,60,82.9,145,94.4,26,128,63.4564999999999,20953,10.9,0.18,"2 days, 11:41:00",47.4,54.9,81.3,95.0,71.5,2026
University of Alberta,Canada,Americas,94,96,70.1,70.9,133,53.0,230,44.6,443,71.5,204,99.4,119,78.6,229,80.6,199,94.5,90,77.1,169,90.7,58,119,64.6105,33938,21.6,0.28,,49.1,55.4,78.1,100.0,88.4,2026
Durham University,United Kingdom,Europe,94,89,70.1,74.1,117,91.9,64,37.3,539,42.9,441,99.2,123,94.5,134,94.9,111,90.9,161,53.6,316,95.2,22,177,60.262,21470,13.2,0.34,"2 days, 6:46:00",45.2,44.9,81.0,62.8,94.6,2026
Immanuel Kant Baltic Federal University,Russian Federation,Europe,951-1000,801-850,-,7.7,701+,4.7,701+,86.3,124,3.1,801+,28.1,607,53.2,386,51.0,407,34.5,801+,1.9,801+,32.1,801+,1363,29.2775,6711,16.3,0.19,"2 days, 10:42:00",37.1,22.1,20.3,37.1,58.0,2026
Hasanuddin University,Indonesia,Asia,951-1000,1001-1200,-,23.5,538,17.5,701+,41.9,484,1.7,801+,11.9,801+,3.1,801+,7.8,801+,20.0,801+,22.0,695,53.0,646=,1839,21.3014999999999,37300,14.8,0.01,"2 days, 13:39:00",21.6,11.5,28.0,31.3,25.9,2026
Guru Gobind Singh Indraprastha University,India,Asia,951-1000,1001-1200,-,5.8,701+,14.6,701+,12.5,801+,48.5,384,5.0,801+,9.4,801+,12.6,801+,26.9,801+,12.8,801+,43.0,801+,847,38.028,6027,14.2,0.04,29 : 71,30.8,12.4,74.2,26.9,26.8,2026
George Mason University,United States,Americas,951-1000,1001-1200,-,12.0,701+,11.6,701+,17.1,801+,18.0,753,15.6,790,17.1,778,12.9,801+,67.6,575,17.4,776,56.1,578,439,48.3779999999999,32918,17.1,0.13,"2 days, 4:48:00",31.0,28.3,79.8,63.9,60.4,2026
CY Cergy Paris University,France,Europe,951-1000,851-900,-,5.2,701+,5.2,701+,64.9,270,7.4,801+,55.1,410,59.0,347,62.9,314,47.9,801+,1.3,801+,31.4,801+,1075,34.1509999999999,16674,16.0,0.27,"2 days, 2:50:00",26.3,20.5,38.1,56.5,90.1,2026
Ivane Javakhishvili Tbilisi State University,Georgia,Asia,951-1000,791-800,-,11.9,701+,1.4,701+,83.5,150,1.4,801+,1.9,801+,7.5,801+,12.2,801+,24.7,801+,95.2,75,18.2,801+,2048,16.7215,24977,32.5,0.05,"2 days, 11:41:00",15.0,12.2,15.9,18.9,43.1,2026
Clarkson University,United States,Americas,951-1000,851-900,-,1.0,701+,4.0,701+,19.0,801+,47.3,400,42.9,478,38.0,515,42.1,493,31.0,801+,12.2,801+,26.9,801+,1118,33.384,3546,13.2,0.13,35 : 65,32.6,18.2,36.8,63.6,65.4,2026
Charles Sturt University,Australia,Oceania,951-1000,851-900,-,6.4,701+,9.4,701+,14.1,801+,13.9,801+,66.0,356,47.2,427,52.2,396,60.4,684,13.4,801+,64.9,403=,775,39.6219999999999,18763,21.8,0.11,"2 days, 21:31:00",18.8,20.2,72.3,52.2,59.2,2026
Athens University of Economics And Business,Greece,Europe,951-1000,951-1000,-,10.1,701+,37.2,380,2.1,801+,31.9,565,1.9,801+,6.6,801+,11.0,801+,14.8,801+,33.9,501,39.8,801+,1207,32.0314999999999,9211,44.7,0.05,"1 day, 22:54:00",18.7,24.6,45.3,63.4,43.4,2026
Al-Quds University,Palestine,Asia,951-1000,851-900,-,10.1,701+,20.5,644,19.4,801+,2.8,801+,72.3,327,90.5,163,76.3,229,15.0,801+,12.3,801+,40.1,801+,1802,22.2195,10065,10.9,0.33,"3 days, 5:23:00",22.9,11.0,17.8,21.1,81.2,2026
Al Nahrain University,Iraq,Asia,951-1000,,-,8.2,701+,24.1,559,98.9,45,3.7,801+,2.5,801+,1.0,801+,5.5,801+,15.6,801+,10.1,801+,29.4,801+,1782,22.6375,8087,4.7,0.0,"2 days, 9:43:00",29.7,8.9,28.8,21.0,24.2,2026
Ferdowsi University of Mashhad,Iran,Asia,951-1000,951-1000,-,11.1,701+,10.9,701+,5.7,801+,35.1,524,,,9.5,801+,12.4,801+,74.5,453,12.9,801+,33.3,801+,924,36.8429999999999,20937,26.9,0.06,"2 days, 6:46:00",30.4,28.0,50.7,49.5,34.2,2026
Kumamoto University,Japan,Asia,951-1000,951-1000,-,9.2,701+,4.4,701+,67.5,249,21.4,692,8.2,801+,6.9,801+,11.4,801+,33.9,801+,3.4,801+,50.4,696=,1087,33.9539999999999,9401,9.5,0.06,39 : 61,33.6,19.3,41.3,82.0,37.0,2026
North South University,Bangladesh,Asia,951-1000,901-950,-,16.9,701+,54.1,226,7.5,801+,6.6,801+,10.5,801+,1.6,801+,6.0,801+,30.2,801+,11.7,801+,37.3,801+,939,36.5615,16380,19.1,0.0,"1 day, 20:56:00",14.8,11.3,80.3,29.4,48.7,2026
National Chung Cheng University,Taiwan,Asia,951-1000,1001-1200,-,18.9,650,34.8,412,16.6,801+,9.5,801+,7.9,801+,6.3,801+,10.5,801+,28.9,801+,5.1,801+,51.6,669=,1488,27.412,9183,14.8,0.04,"1 day, 22:54:00",21.4,24.8,28.4,77.3,30.6,2026
North-West University,South Africa,Africa,951-1000,851-900,-,8.4,701+,14.9,701+,7.0,801+,24.9,641,9.2,801+,3.1,801+,7.7,801+,94.6,89,24.8,643,60.4,499=,898,37.2044999999999,41784,24.1,0.02,"2 days, 15:37:00",22.3,18.8,63.8,45.1,56.4,2026
Rochester Institute of Technology (RIT),United States,Americas,951-1000,1001-1200,-,10.0,701+,28.4,491,24.6,741,11.5,801+,8.7,801+,26.9,631,33.0,576,41.2,801+,13.7,801+,55.1,602=,791,39.3374999999999,14881,16.1,0.13,37 : 63,24.2,22.6,65.5,62.3,46.7,2026
Saint Louis University,United States,Americas,951-1000,951-1000,-,5.7,701+,4.2,701+,50.8,373,23.8,660,20.6,701,42.2,473,31.5,596,23.5,801+,18.5,748,35.9,801+,503,46.2425,11556,7.5,0.11,"2 days, 12:40:00",43.8,17.7,73.5,64.4,47.5,2026
Sophia University,Japan,Asia,951-1000,951-1000,-,18.7,657,27.2,505,25.9,720,2.5,801+,41.0,489,20.3,726,26.4,666,9.1,801+,21.3,702,48.7,737=,1930,19.1205,13016,12.2,0.12,"2 days, 12:40:00",22.5,11.1,13.9,33.6,50.0,2026
The Robert Gordon University,United Kingdom,Europe,951-1000,901-950,-,4.0,701+,19.4,671,6.7,801+,11.4,801+,78.5,303,84.4,199,85.8,170,34.2,801+,9.4,801+,46.9,793=,828,38.43,11720,22.1,0.33,"2 days, 16:36:00",17.3,13.9,69.9,39.2,90.1,2026
Universidad Nacional Mayor de San Marcos,Peru,Americas,951-1000,901-950,-,28.9,429,28.4,492,11.0,801+,1.7,801+,,,,,,,32.9,801+,53.0,321,24.3,801+,2058,16.505,42959,13.3,0.01,"1 day, 20:56:00",20.6,10.6,13.8,16.6,34.0,2026
University of Bahrain,Bahrain,Asia,951-1000,951-1000,-,14.3,701+,15.1,701+,8.1,801+,5.0,801+,94.1,191,10.5,801+,14.0,801+,38.7,801+,55.5,299,28.9,801+,1185,32.299,22268,25.2,0.06,"3 days, 1:27:00",14.0,15.2,60.8,21.4,62.2,2026
University of Lahore,Pakistan,Asia,951-1000,951-1000,-,17.8,685,23.4,574,14.3,801+,8.5,801+,8.0,801+,6.0,801+,9.7,801+,76.4,415,3.4,801+,62.2,454=,792,39.297,21224,14.0,0.04,39 : 61,19.8,13.0,81.8,21.4,57.2,2026
University of the Western Cape,South Africa,Africa,951-1000,951-1000,-,12.0,701+,6.4,701+,6.1,801+,23.9,656,30.3,583,5.5,801+,10.5,801+,84.4,267,28.1,592,35.7,801+,753,40.0635,24431,34.2,0.04,"2 days, 15:37:00",22.9,24.8,68.3,24.4,62.0,2026
Nanjing Normal University,China,Asia,951-1000,1001-1200,-,6.4,701+,4.6,701+,20.7,801+,42.8,443,,,7.8,801+,6.0,801+,57.2,730,8.2,801+,40.2,801+,839,38.1675,36007,13.7,0.02,"2 days, 18:34:00",25.3,17.1,69.8,66.5,28.6,2026
Okayama University,Japan,Asia,951-1000,851-900,-,11.5,701+,5.1,701+,67.5,248,14.7,801+,8.3,801+,11.6,801+,17.0,801+,41.7,801+,3.4,801+,58.3,539=,1025,35.0304999999999,13057,10.3,0.09,40 : 60,34.5,23.1,39.2,87.1,38.8,2026
University of Technology Sydney,Australia,Oceania,96,88,69.9,58.7,180,66.7,159,11.8,801+,99.3,33,97.6,146,91.7,151,92.3,128,89.7,177,52.3,323,92.0,47,149,61.9555,29729,37.7,0.26,"2 days, 3:49:00",36.8,42.6,94.1,88.7,92.9,2026
The University of Nottingham,United Kingdom,Europe,97,108,69.4,75.4,110,78.4,110,44.5,444,48.6,382,92.7,202,78.5,231,80.6,201,97.4,30,53.7,313,92.9,36=,146,62.0269999999999,35470,15.5,0.28,"2 days, 7:45:00",45.8,43.3,87.3,72.1,91.8,2026
Karlsruhe Institute of Technology (KIT),Germany,Europe,98,102,69.1,57.1,194,87.4,82,48.9,397,77.1,168,83.8,265,56.9,363,61.1,330,86.9,219,61.5,254,79.5,180=,167,60.7369999999999,19911,23.1,0.25,30 : 70,49.3,54.9,69.3,100.0,73.1,2026
Politecnico di Milano,Italy,Europe,98,111,69.1,83.4,84,90.1,72,9.3,801+,53.9,343,74.4,317,69.3,281,72.3,252,87.0,215,72.0,199,72.9,275=,216,57.8525,39793,21.8,0.23,36 : 64,46.2,51.9,67.8,98.0,65.5,2026
