QS_Rank,QS_Previous_Rank,QS_University_Name,QS_Country,QS_Region,QS_Size,QS_Focus,QS_Research_Level,QS_Status,QS_Academic_Reputation_Score,THE_Rank,THE_University_Name,THE_Country,THE_Student_Population,THE_Students_to_Staff_Ratio,THE_International_Students,THE_Female_to_Male_Ratio,THE_Overall_Score,THE_Teaching,THE_Research_Environment,THE_Research_Quality,THE_Industry_Impact,THE_International_Outlook,THE_Year,University_Name,Country,Year,Data_Source,QS_THE_Match_Status
306,306,Aalborg University,Denmark,Europe,L,FC,VH,Public,26.4,259.0,Aalborg University,Denmark,"16,050",13.9,13%,,56.063,33.6,44.9,80.6,88.0,72.4,2026.0,Aalborg University,Denmark,2026,QS + THE,Matched
114,113,Aalto University,Finland,Europe,L,FO,VH,Public,57.5,196.0,Aalto University,Finland,"15,131",21.3,26%,39 : 61,59.017,44.3,43.4,78.9,91.0,80.7,2026.0,Aalto University,Finland,2026,QS + THE,Matched
131,144,Aarhus University,Denmark,Europe,L,FC,VH,Public,68.3,101.0,Aarhus University,Denmark,"25,370",12.8,12%,60 : 40,66.1985,48.6,58.8,83.9,99.8,75.3,2026.0,Aarhus University,Denmark,2026,QS + THE,Matched
,,,,,,,,,,1573.0,Abdelmalek Essaâdi University,Morocco,"118,761",84.4,1%,53 : 47,25.9075,22.9,11.1,43.1,20.7,29.0,2026.0,Abdelmalek Essaâdi University,Morocco,2026,THE only,THE record not matched in QS
,,,,,,,,,,831.0,Abdul Wali Khan University Mardan,Pakistan,"13,165",22.2,0%,27 : 73,38.3315,19.0,12.5,81.2,24.6,50.1,2026.0,Abdul Wali Khan University Mardan,Pakistan,2026,THE only,THE record not matched in QS
,,,,,,,,,,918.0,Abdullah Gül University,Turkey,"2,977",32.4,8%,50 : 50,36.91799999999999,22.2,27.2,54.9,56.9,49.8,2026.0,Abdullah Gül University,Turkey,2026,THE only,THE record not matched in QS
741-750,661-670,Aberystwyth University,United Kingdom,Europe,M,CO,VH,Public,12.8,686.0,Aberystwyth University,United Kingdom,"6,330",15.1,21%,52 : 48,41.66,26.9,22.2,61.9,62.1,83.1,2026.0,Aberystwyth University,United Kingdom,2026,QS + THE,Matched
643,621-630,Abo Akademi University,Finland,Europe,M,CO,VH,Public,9.5,,,,,,,,,,,,,,,Abo Akademi University,Finland,2026,QS only,QS record not matched in THE
391,501,Abu Dhabi University,United Arab Emirates,Asia,S,FO,VH,Private for Profit,24.6,233.0,Abu Dhabi University,United Arab Emirates,"2,344",10.7,60%,50 : 50,57.17099999999999,38.0,33.9,92.0,29.5,98.0,2026.0,Abu Dhabi University,United Arab Emirates,2026,QS + THE,Matched
951-1000,851-900,Abylkas Saginov Karaganda Technical University,Kazakhstan,Asia,M,FO,HI,Public,10.3,,,,,,,,,,,,,,,Abylkas Saginov Karaganda Technical University,Kazakhstan,2026,QS only,QS record not matched in THE
,,,,,,,,,,1690.0,Acıbadem University,Turkey,"3,501",7.6,8%,73 : 27,24.1805,27.3,12.4,29.0,26.4,37.0,2026.0,Acıbadem University,Turkey,2026,THE only,THE record not matched in QS
,,,,,,,,,,1674.0,Acharya Nagarjuna University,India,"6,220",7.6,7%,32 : 68,24.434999999999995,45.0,9.9,16.8,27.6,28.6,2026.0,Acharya Nagarjuna University,India,2026,THE only,THE record not matched in QS
1201-1400,,ADA University,Azerbaijan,Asia,S,SP,LO,Public,8.4,,,,,,,,,,,,,,,ADA University,Azerbaijan,2026,QS only,QS record not matched in THE
741-750,761-770,Adam Mickiewicz University,Poland,Europe,L,CO,VH,Public,24.1,,,,,,,,,,,,,,,Adam Mickiewicz University,Poland,2026,QS only,QS record not matched in THE
,,,,,,,,,,1119.0,"Adam Mickiewicz University, Poznań",Poland,"30,005",23.1,7%,68 : 32,33.376999999999995,20.6,30.7,46.8,37.3,38.2,2026.0,"Adam Mickiewicz University, Poznań",Poland,2026,THE only,THE record not matched in QS
1001-1200,,Adamson University,Philippines,Asia,M,CO,MD,Private for Profit,39.3,,,,,,,,,,,,,,,Adamson University,Philippines,2026,QS only,QS record not matched in THE
,,,,,,,,,,1944.0,Adana Alparslan Türkeş Science and Technology University,Turkey,"4,769",19.2,0%,43 : 57,18.913,13.7,10.4,31.5,17.2,22.9,2026.0,Adana Alparslan Türkeş Science and Technology University,Turkey,2026,THE only,THE record not matched in QS
851-900,771-780,Addis Ababa University,Ethiopia,Africa,XL,FO,VH,,7.8,,,,,,,,,,,,,,,Addis Ababa University,Ethiopia,2026,QS only,QS record not matched in THE
82,,Adelaide University,Australia,Oceania,XL,CO,VH,,78.3,134.0,Adelaide University,Australia,"43,623",30.4,27%,55 : 45,63.0525,38.3,48.9,89.5,99.7,89.8,2026.0,Adelaide University,Australia,2026,QS + THE,Matched
,,,,,,,,,,1855.0,Adelphi University,United States,"6,884",11.7,7%,70 : 30,21.0825,25.5,7.9,26.2,18.1,35.8,2026.0,Adelphi University,United States,2026,THE only,THE record not matched in QS
,,,,,,,,,,1409.0,Adolfo Ibáñez University,Chile,"10,615",20.9,5%,38 : 62,28.5335,15.6,17.4,44.3,22.7,62.5,2026.0,Adolfo Ibáñez University,Chile,2026,THE only,THE record not matched in QS
,,,,,,,,,,1912.0,Adıyaman University,Turkey,"18,054",21.3,3%,33 : 67,19.586,13.0,10.1,33.5,16.8,28.0,2026.0,Adıyaman University,Turkey,2026,THE only,THE record not matched in QS
,,,,,,,,,,1964.0,Afyon Kocatepe University,Turkey,"22,390",31.1,6%,50 : 50,18.517,16.5,9.8,26.4,22.5,26.5,2026.0,Afyon Kocatepe University,Turkey,2026,THE only,THE record not matched in QS
,,,,,,,,,,1946.0,Afyonkarahisar Health Sciences University,Turkey,"4,545",12.0,3%,66 : 34,18.8745,29.8,11.8,13.1,24.6,23.3,2026.0,Afyonkarahisar Health Sciences University,Turkey,2026,THE only,THE record not matched in QS
1001-1200,,Aga Khan University,Pakistan,Asia,S,FO,VH,Private not for Profit,6.4,,,,,,,,,,,,,,,Aga Khan University,Pakistan,2026,QS only,QS record not matched in THE
801-850,851-900,AGH University of Krakow,Poland,Europe,L,CO,VH,Public,13.1,1125.0,AGH University of Krakow,Poland,"17,827",10.2,4%,33 : 67,33.32449999999999,32.7,21.6,39.8,71.6,34.8,2026.0,AGH University of Krakow,Poland,2026,QS + THE,Matched
801-850,711-720,Ahlia University,Bahrain,Asia,S,SP,HI,Private not for Profit,18.1,,,,,,,,,,,,,,,Ahlia University,Bahrain,2026,QS only,QS record not matched in THE
,,,,,,,,,,1216.0,Ahmadu Bello University,Nigeria,"46,669",16.5,0%,37 : 63,31.8775,24.3,10.0,58.9,20.6,44.2,2026.0,Ahmadu Bello University,Nigeria,2026,THE only,THE record not matched in QS
1201-1400,,"Ahmadu Bello University, Zaria",Nigeria,Africa,XL,CO,HI,,6.3,,,,,,,,,,,,,,,"Ahmadu Bello University, Zaria",Nigeria,2026,QS only,QS record not matched in THE
,,,,,,,,,,925.0,Ahvaz Jundishapur University of Medical Sciences (AJUMS),Iran,"9,059",11.2,4%,56 : 44,36.81649999999999,39.8,14.5,56.0,56.2,24.3,2026.0,Ahvaz Jundishapur University of Medical Sciences (AJUMS),Iran,2026,THE only,THE record not matched in QS
,,,,,,,,,,1231.0,Aichi Medical University,Japan,"1,285",2.8,1%,58 : 42,31.673,31.0,15.0,47.7,54.7,22.4,2026.0,Aichi Medical University,Japan,2026,THE only,THE record not matched in QS
,,,,,,,,,,1916.0,AIIMS Rishikesh,India,"2,002",1.9,3%,37 : 63,19.45,29.0,11.2,17.2,22.8,21.0,2026.0,AIIMS Rishikesh,India,2026,THE only,THE record not matched in QS
542,592,Ain Shams University,Egypt,Africa,XL,FC,VH,Public,35.6,904.0,Ain Shams University,Egypt,"171,505",14.3,7%,52 : 48,37.1545,28.6,27.5,50.4,41.0,53.1,2026.0,Ain Shams University,Egypt,2026,QS + THE,Matched
,,,,,,,,,,729.0,Air University,Pakistan,"10,530",14.5,0%,35 : 65,40.54,22.5,12.6,83.7,34.9,49.9,2026.0,Air University,Pakistan,2026,THE only,THE record not matched in QS
428,481,Aix-Marseille University,France,Europe,XL,FC,VH,Public,51.0,,,,,,,,,,,,,,,Aix-Marseille University,France,2026,QS only,QS record not matched in THE
440,477,Ajman University,United Arab Emirates,Asia,S,FO,VH,Private not for Profit,27.8,411.0,Ajman University,United Arab Emirates,"4,626",15.2,81%,57 : 43,49.5085,25.8,28.7,84.0,22.8,99.5,2026.0,Ajman University,United Arab Emirates,2026,QS + THE,Matched
563,631-640,Ajou University,Republic of Korea,Asia,M,FC,VH,Private not for Profit,19.8,,,,,,,,,,,,,,,Ajou University,Republic of Korea,2026,QS only,QS record not matched in THE
,,,,,,,,,,474.0,Ajou University,South Korea,"7,348",15.0,26%,39 : 61,47.1195,34.3,38.6,58.4,95.8,59.4,2026.0,Ajou University,South Korea,2026,THE only,THE record not matched in QS
1401+,1401+,Akdeniz Üniversitesi,Türkiye,Asia,XL,FC,HI,Public,8.3,,,,,,,,,,,,,,,Akdeniz Üniversitesi,Türkiye,2026,QS only,QS record not matched in THE
,,,,,,,,,,1271.0,Akdeniz University,Turkey,"39,309",29.4,4%,54 : 46,30.840000000000003,25.1,26.3,38.2,60.9,25.5,2026.0,Akdeniz University,Turkey,2026,THE only,THE record not matched in QS
,,,,,,,,,,1850.0,Akita University,Japan,"5,042",10.6,4%,36 : 64,21.197,26.3,13.6,18.7,43.3,28.7,2026.0,Akita University,Japan,2026,THE only,THE record not matched in QS
,,,,,,,,,,2026.0,Aksaray University,Turkey,"16,810",16.4,10%,56 : 44,17.1885,14.8,9.3,24.1,18.2,28.9,2026.0,Aksaray University,Turkey,2026,THE only,THE record not matched in QS
761-770,801-850,Al-Ahliyya Amman University,Jordan,Asia,M,FO,VH,Private not for Profit,17.1,441.0,Al-Ahliyya Amman University,Jordan,"4,510",14.8,64%,52 : 48,48.36099999999999,18.6,24.7,88.0,56.9,93.8,2026.0,Al-Ahliyya Amman University,Jordan,2026,QS + THE,Matched
558,552,Al Ain University,United Arab Emirates,Asia,S,FO,VH,Private not for Profit,25.6,428.0,Al Ain University,United Arab Emirates,"2,588",11.0,61%,51 : 49,48.8045,28.0,30.2,78.7,18.6,99.1,2026.0,Al Ain University,United Arab Emirates,2026,QS + THE,Matched
,,,,,,,,,,960.0,Al al-Bayt University,Jordan,"16,331",24.7,3%,62 : 38,36.19799999999999,14.7,11.1,80.0,18.0,52.3,2026.0,Al al-Bayt University,Jordan,2026,THE only,THE record not matched in QS
1001-1200,1001-1200,Al Azhar University,Egypt,Africa,XL,CO,VH,Public,21.5,970.0,Al-Azhar University,Egypt,"281,032",21.6,11%,41 : 59,36.033,22.1,12.8,68.0,24.6,58.9,2026.0,Al Azhar University,Egypt,2026,QS + THE,Matched
,,,,,,,,,,1246.0,Al-Baha University,Saudi Arabia,"17,782",12.7,2%,55 : 45,31.3925,19.5,9.1,54.9,21.9,75.4,2026.0,Al-Baha University,Saudi Arabia,2026,THE only,THE record not matched in QS
1201-1400,1201-1400,Al-Balqa Applied University,Jordan,Asia,L,FC,HI,Public,10.2,1140.0,Al-Balqa Applied University,Jordan,"24,503",23.7,3%,58 : 42,33.031,13.4,16.9,64.7,30.3,47.4,2026.0,Al-Balqa Applied University,Jordan,2026,QS + THE,Matched
166,163,Al-Farabi Kazakh National University,Kazakhstan,Asia,L,FC,HI,Public,60.7,1419.0,Al-Farabi Kazakh National University,Kazakhstan,"20,321",4.5,26%,61 : 39,28.4475,30.1,14.6,27.8,24.1,80.4,2026.0,Al-Farabi Kazakh National University,Kazakhstan,2026,QS + THE,Matched
,,,,,,,,,,2121.0,Al-Furat Al-Awsat Technical University,Iraq,"26,536",27.5,0%,50 : 50,14.823,11.5,8.6,21.1,19.6,24.3,2026.0,Al-Furat Al-Awsat Technical University,Iraq,2026,THE only,THE record not matched in QS
,,,,,,,,,,1328.0,Al-Hussein Bin Talal University,Jordan,"12,333",33.2,1%,55 : 45,29.884,10.8,11.6,62.8,18.6,50.0,2026.0,Al-Hussein Bin Talal University,Jordan,2026,THE only,THE record not matched in QS
901-950,801-850,Al Jouf University,Saudi Arabia,Asia,M,FC,VH,Public,12.6,,,,,,,,,,,,,,,Al Jouf University,Saudi Arabia,2026,QS only,QS record not matched in THE
,,,,,,,,,,1827.0,Al-Muthanna University,Iraq,"10,814",11.8,0%,63 : 37,21.5035,20.2,8.5,32.2,16.3,36.9,2026.0,Al-Muthanna University,Iraq,2026,THE only,THE record not matched in QS
951-1000,,Al Nahrain University,Iraq,Asia,M,FO,VH,Public,8.2,1782.0,Al-Nahrain University,Iraq,"8,087",4.7,0%,57 : 43,22.637500000000003,29.7,8.9,28.8,21.0,24.2,2026.0,Al Nahrain University,Iraq,2026,QS + THE,Matched
,,,,,,,,,,1560.0,Al-Qasim Green University,Iraq,"3,914",7.0,0%,32 : 68,26.2275,22.5,7.9,49.2,16.6,25.0,2026.0,Al-Qasim Green University,Iraq,2026,THE only,THE record not matched in QS
951-1000,851-900,Al-Quds University,Palestine,Asia,M,FC,MD,Public,10.1,1802.0,Al-Quds University,Palestine,"10,065",10.9,33%,77 : 23,22.2195,22.9,11.0,17.8,21.1,81.2,2026.0,Al-Quds University,Palestine,2026,QS + THE,Matched
1201-1400,,Al Zaytoonah University,Jordan,Asia,M,CO,HI,Private not for Profit,5.9,,,,,,,,,,,,,,,Al Zaytoonah University,Jordan,2026,QS only,QS record not matched in THE
,,,,,,,,,,928.0,Al-Zaytoonah University of Jordan,Jordan,"10,003",27.8,24%,54 : 46,36.753,12.5,16.3,75.5,22.4,63.9,2026.0,Al-Zaytoonah University of Jordan,Jordan,2026,THE only,THE record not matched in QS
,,,,,,,,,,966.0,Alagappa University,India,"5,428",14.9,0%,59 : 41,36.092000000000006,35.6,14.5,56.7,26.5,44.2,2026.0,Alagappa University,India,2026,THE only,THE record not matched in QS
,,,,,,,,,,2056.0,Alanya Alaaddin Keykubat University,Turkey,"9,049",21.9,7%,47 : 53,16.520999999999997,16.4,10.3,20.0,16.4,27.2,2026.0,Alanya Alaaddin Keykubat University,Turkey,2026,THE only,THE record not matched in QS
,,,,,,,,,,1894.0,Alberto Hurtado University,Chile,"7,276",22.0,2%,58 : 42,20.1725,15.8,16.6,24.1,16.0,37.7,2026.0,Alberto Hurtado University,Chile,2026,THE only,THE record not matched in QS
,,,,,,,,,,798.0,Alborz University of Medical Sciences,Iran,"3,765",11.5,0%,54 : 46,39.124,41.3,12.7,67.1,27.0,27.3,2026.0,Alborz University of Medical Sciences,Iran,2026,THE only,THE record not matched in QS
781-790,801-850,Alexandria University,Egypt,Africa,XL,FC,VH,Public,32.7,980.0,Alexandria University,Egypt,"186,461",17.6,7%,53 : 47,35.8275,20.7,18.2,63.5,31.7,55.0,2026.0,Alexandria University,Egypt,2026,QS + THE,Matched
1001-1200,1201-1400,Alexandru Ioan Cuza University,Romania,Europe,L,CO,HI,Public,11.7,1736.0,Alexandru Ioan Cuza University,Romania,"24,352",16.9,9%,61 : 39,23.526999999999997,22.5,12.2,29.2,41.1,39.3,2026.0,Alexandru Ioan Cuza University,Romania,2026,QS + THE,Matched
801-850,791-800,Alfaisal University,Saudi Arabia,Asia,S,FO,VH,Private not for Profit,7.9,586.0,Alfaisal University,Saudi Arabia,"3,443",11.3,37%,58 : 42,44.21,24.2,19.5,73.7,50.4,97.2,2026.0,Alfaisal University,Saudi Arabia,2026,QS + THE,Matched
,,,,,,,,,,615.0,Aligarh Muslim University,India,"21,223",14.7,1%,39 : 61,43.331,41.3,16.8,72.4,37.2,40.9,2026.0,Aligarh Muslim University,India,2026,THE only,THE record not matched in QS
1001-1200,1001-1200,"Aligarh Muslim University (AMU), Aligarh",India,Asia,L,CO,VH,Public,15.4,,,,,,,,,,,,,,,"Aligarh Muslim University (AMU), Aligarh",India,2026,QS only,QS record not matched in THE
,,,,,,,,,,1544.0,Allameh Tabataba ’i University,Iran,"14,319",16.7,3%,57 : 43,26.526000000000003,33.2,12.8,32.6,24.0,30.4,2026.0,Allameh Tabataba ’i University,Iran,2026,THE only,THE record not matched in QS
138,133,Alma Mater Studiorum - University of Bologna,Italy,Europe,XL,FC,VH,Public,90.6,,,,,,,,,,,,,,,Alma Mater Studiorum - University of Bologna,Italy,2026,QS only,QS record not matched in THE
1001-1200,951-1000,Almaty Technological University,Kazakhstan,Asia,M,CO,MD,Public,5.9,,,,,,,,,,,,,,,Almaty Technological University,Kazakhstan,2026,QS only,QS record not matched in THE
851-900,741-750,Altai State University,Russian Federation,Europe,M,CO,VH,Public,12.9,1796.0,Altai State University,Russian Federation,"9,271",18.5,27%,56 : 44,22.3405,23.0,16.4,17.1,25.3,62.1,2026.0,Altai State University,Russian Federation,2026,QS + THE,Matched
,,,,,,,,,,1777.0,Altınbaş University,Turkey,"11,126",24.2,51%,41 : 59,22.726499999999994,17.6,11.7,30.3,24.1,54.5,2026.0,Altınbaş University,Turkey,2026,THE only,THE record not matched in QS
,,,,,,,,,,1666.0,Alzahra University,Iran,"9,275",25.5,2%,100 : 0,24.571,27.3,16.9,28.1,26.6,28.3,2026.0,Alzahra University,Iran,2026,THE only,THE record not matched in QS
,,,,,,,,,,688.0,Amedeo Avogadro University of Eastern Piedmont,Italy,"15,817",35.5,10%,61 : 39,41.62499999999999,25.6,24.8,70.6,52.9,47.8,2026.0,Amedeo Avogadro University of Eastern Piedmont,Italy,2026,THE only,THE record not matched in QS
1401+,,American International University-Bangladesh (AIUB),Bangladesh,Asia,M,FO,VH,Private not for Profit,8.3,1465.0,American International University – Bangladesh,Bangladesh,"13,515",21.8,2%,26 : 74,27.875,11.9,9.2,59.1,25.1,39.5,2026.0,American International University-Bangladesh (AIUB),Bangladesh,2026,QS + THE,Matched
587,711-720,American University,United States of America,Americas,M,CO,VH,Private not for Profit,19.8,757.0,American University,United States,"13,316",12.0,11%,64 : 36,39.9395,35.7,18.6,63.6,41.6,43.6,2026.0,American University,United States,2026,QS + THE,Matched
381,410,The American University in Cairo,Egypt,Africa,M,CO,VH,Private not for Profit,40.8,795.0,American University in Cairo,Egypt,"6,233",10.4,8%,58 : 42,39.249,30.1,25.9,53.7,33.9,71.9,2026.0,The American University in Cairo,Egypt,2026,QS + THE,Matched
678,621-630,American University in Dubai,United Arab Emirates,Asia,S,FO,HI,Private for Profit,14.4,,,,,,,,,,,,,,,American University in Dubai,United Arab Emirates,2026,QS only,QS record not matched in THE
237,250,American University of Beirut (AUB),Lebanon,Asia,M,FC,VH,Private not for Profit,41.5,,,,,,,,,,,,,,,American University of Beirut (AUB),Lebanon,2026,QS only,QS record not matched in THE
901-950,,American University of Central Asia,Kyrgyzstan,Asia,S,FO,MD,Private not for Profit,12.7,,,,,,,,,,,,,,,American University of Central Asia,Kyrgyzstan,2026,QS only,QS record not matched in THE
563,611-620,American University of the Middle East,Kuwait,Asia,M,SP,HI,Private for Profit,25.9,614.0,American University of the Middle East,Kuwait,"5,014",11.1,15%,62 : 38,43.3375,29.1,19.5,71.9,27.7,85.6,2026.0,American University of the Middle East,Kuwait,2026,QS + THE,Matched
591,485,American University of Ras Al Khaimah ( AURAK ),United Arab Emirates,Asia,S,SP,MD,Public,8.4,,,,,,,,,,,,,,,American University of Ras Al Khaimah ( AURAK ),United Arab Emirates,2026,QS only,QS record not matched in THE
272,332,American University of Sharjah (AUS),United Arab Emirates,Asia,M,CO,VH,Private not for Profit,31.7,560.0,American University of Sharjah,United Arab Emirates,"5,432",17.7,72%,53 : 47,44.93899999999999,20.9,28.7,73.0,49.7,87.5,2026.0,American University of Sharjah (AUS),United Arab Emirates,2026,QS + THE,Matched
,,,,,,,,,,385.0,Amirkabir University of Technology,Iran,"8,344",17.8,4%,34 : 66,50.2755,37.1,33.0,75.3,91.9,46.6,2026.0,Amirkabir University of Technology,Iran,2026,THE only,THE record not matched in QS
456,403,Amirkabir University of Technology,Iran (Islamic Republic of),Asia,M,SP,VH,Public,8.5,,,,,,,,,,,,,,,Amirkabir University of Technology,Iran (Islamic Republic of),2026,QS only,QS record not matched in THE
951-1000,1001-1200,Amity University,India,Asia,L,CO,VH,Private not for Profit,10.5,,,,,,,,,,,,,,,Amity University,India,2026,QS only,QS record not matched in THE
,,,,,,,,,,1292.0,"Amity University, Gurugram",India,"5,677",14.8,1%,52 : 48,30.4785,24.9,13.4,53.6,17.3,33.0,2026.0,"Amity University, Gurugram",India,2026,THE only,THE record not matched in QS
,,,,,,,,,,1723.0,Amity University - Kolkata,India,"5,985",15.0,10%,72 : 28,23.7005,18.0,11.5,33.5,22.2,54.9,2026.0,Amity University - Kolkata,India,2026,THE only,THE record not matched in QS
,,,,,,,,,,662.0,"Amity University, Noida",India,"29,510",14.9,14%,57 : 43,42.127,28.7,17.6,76.9,42.1,50.7,2026.0,"Amity University, Noida",India,2026,THE only,THE record not matched in QS
,,,,,,,,,,991.0,"Amity University Rajasthan, Jaipur",India,"3,978",19.5,0%,40 : 60,35.66850000000001,31.6,12.8,65.9,17.8,28.7,2026.0,"Amity University Rajasthan, Jaipur",India,2026,THE only,THE record not matched in QS
1201-1400,,Amman Arab University,Jordan,Asia,S,FO,VH,Private not for Profit,8.4,,,,,,,,,,,,,,,Amman Arab University,Jordan,2026,QS only,QS record not matched in THE
1001-1200,1001-1200,Amrita Vishwa Vidyapeetham,India,Asia,L,FC,VH,Private not for Profit,6.9,,,,,,,,,,,,,,,Amrita Vishwa Vidyapeetham,India,2026,QS only,QS record not matched in THE
1001-1200,1001-1200,An-Najah National University,Palestine,Asia,L,FC,MD,Public,13.5,914.0,An-Najah National University,Palestine,"25,887",27.0,12%,63 : 37,36.959,24.7,13.0,66.9,26.0,63.9,2026.0,An-Najah National University,Palestine,2026,QS + THE,Matched
,,,,,,,,,,1194.0,Anadolu University,Turkey,"27,577",21.0,6%,53 : 47,32.204,23.4,10.8,62.6,22.1,33.4,2026.0,Anadolu University,Turkey,2026,THE only,THE record not matched in QS
1401+,1201-1400,Anadolu University,Türkiye,Asia,L,SP,VH,Public,6.2,,,,,,,,,,,,,,,Anadolu University,Türkiye,2026,QS only,QS record not matched in THE
,,,,,,,,,,2076.0,Anáhuac University,Mexico,"16,295",8.8,4%,57 : 43,16.044999999999998,24.8,9.2,9.6,16.9,33.4,2026.0,Anáhuac University,Mexico,2026,THE only,THE record not matched in QS
,,,,,,,,,,624.0,Anglia Ruskin University (ARU),United Kingdom,"28,065",27.2,49%,62 : 38,42.9605,18.5,14.6,83.6,34.1,91.0,2026.0,Anglia Ruskin University (ARU),United Kingdom,2026,THE only,THE record not matched in QS
,,,,,,,,,,1137.0,Anhui University,China,"41,446",17.4,1%,,33.086,18.6,16.6,63.0,55.5,22.2,2026.0,Anhui University,China,2026,THE only,THE record not matched in QS
697,801-850,Ankara Üniversitesi,Türkiye,Asia,XL,FC,HI,Public,30.6,,,,,,,,,,,,,,,Ankara Üniversitesi,Türkiye,2026,QS only,QS record not matched in THE
,,,,,,,,,,1226.0,Ankara University,Turkey,"46,452",19.7,7%,57 : 43,31.709999999999997,35.5,17.0,41.3,35.5,33.3,2026.0,Ankara University,Turkey,2026,THE only,THE record not matched in QS
,,,,,,,,,,1817.0,Ankara Yildirim Beyazit University,Turkey,"24,127",22.3,10%,55 : 45,21.8035,20.1,13.1,29.5,22.5,31.0,2026.0,Ankara Yildirim Beyazit University,Turkey,2026,THE only,THE record not matched in QS
465,383,Anna University,India,Asia,L,SP,VH,Public,15.0,984.0,Anna University,India,"11,396",12.1,1%,41 : 59,35.773,39.2,16.2,51.8,59.9,21.0,2026.0,Anna University,India,2026,QS + THE,Matched
,,,,,,,,,,1857.0,Antonio Nariño University,Colombia,"13,578",12.7,2%,58 : 42,21.0515,18.4,8.3,28.9,17.1,51.5,2026.0,Antonio Nariño University,Colombia,2026,THE only,THE record not matched in QS
1401+,1201-1400,Aoyama Gakuin University,Japan,Asia,L,FO,HI,Private not for Profit,7.1,2123.0,Aoyama Gakuin University,Japan,"20,622",18.1,5%,49 : 51,14.7945,16.7,9.4,10.8,29.3,36.4,2026.0,Aoyama Gakuin University,Japan,2026,QS + THE,Matched
,,,,,,,,,,496.0,Applied Science Private University,Jordan,"4,766",12.6,26%,52 : 48,46.3795,21.7,22.7,87.1,21.5,85.4,2026.0,Applied Science Private University,Jordan,2026,THE only,THE record not matched in QS
791-800,851-900,Applied Science Private University - Jordan,Jordan,Asia,M,CO,HI,Private for Profit,16.4,,,,,,,,,,,,,,,Applied Science Private University - Jordan,Jordan,2026,QS only,QS record not matched in THE
613,539,Applied Science University - Bahrain,Bahrain,Asia,S,FO,VH,Private not for Profit,26.6,,,,,,,,,,,,,,,Applied Science University - Bahrain,Bahrain,2026,QS only,QS record not matched in THE
1001-1200,1001-1200,"Arab Academy for Science, Technology and Maritime Transport",Egypt,Africa,L,FO,VH,Public,7.5,1020.0,"Arab Academy for Science, Technology and Maritime Transport",Egypt,"32,274",10.6,14%,48 : 52,35.0975,35.1,20.6,44.3,28.6,57.8,2026.0,"Arab Academy for Science, Technology and Maritime Transport",Egypt,2026,QS + THE,Matched
,,,,,,,,,,464.0,Arabian Gulf University,Bahrain,"1,458",6.5,73%,71 : 29,47.409,45.2,13.8,73.0,29.2,93.4,2026.0,Arabian Gulf University,Bahrain,2026,THE only,THE record not matched in QS
,,,,,,,,,,1730.0,Arak University,Iran,"6,265",19.2,13%,62 : 38,23.594,19.3,14.6,32.9,29.1,35.1,2026.0,Arak University,Iran,2026,THE only,THE record not matched in QS
,,,,,,,,,,1181.0,Ardabil University of Medical Sciences,Iran,"3,986",12.1,1%,53 : 47,32.409,28.0,11.1,61.5,21.5,21.6,2026.0,Ardabil University of Medical Sciences,Iran,2026,THE only,THE record not matched in QS
,,,,,,,,,,1408.0,Ariel University,Israel,"12,587",18.4,1%,50 : 50,28.536,19.7,21.0,41.8,37.3,34.7,2026.0,Ariel University,Israel,2026,THE only,THE record not matched in QS
485,508,Aristotle University of Thessaloniki,Greece,Europe,XL,FC,VH,Public,38.2,936.0,Aristotle University of Thessaloniki,Greece,"47,845",18.9,5%,58 : 42,36.6215,22.7,19.4,63.4,62.6,37.0,2026.0,Aristotle University of Thessaloniki,Greece,2026,QS + THE,Matched
173,200,Arizona State University,United States of America,Americas,XL,CO,VH,Public,63.9,213.0,Arizona State University (Tempe),United States,"52,956",18.9,17%,45 : 55,57.94,39.6,44.5,84.1,70.7,70.6,2026.0,Arizona State University,United States,2026,QS + THE,Matched
,,,,,,,,,,887.0,Arts et Métiers,France,"6,012",16.6,14%,19 : 81,37.477,35.1,23.0,40.6,82.5,66.3,2026.0,Arts et Métiers,France,2026,THE only,THE record not matched in QS
1001-1200,951-1000,Asfendiyarov Kazakh National Medical University,Kazakhstan,Asia,M,FO,HI,Public,7.3,,,,,,,,,,,,,,,Asfendiyarov Kazakh National Medical University,Kazakhstan,2026,QS only,QS record not matched in THE
1201-1400,,Ashoka University,India,Asia,S,SP,VH,Private for Profit,10.1,,,,,,,,,,,,,,,Ashoka University,India,2026,QS only,QS record not matched in THE
597,611-620,Asia Pacific University of Technology and Innovation (APU) Malaysia,Malaysia,Asia,S,SP,HI,Private for Profit,17.3,,,,,,,,,,,,,,,Asia Pacific University of Technology and Innovation (APU) Malaysia,Malaysia,2026,QS only,QS record not matched in THE
711-720,801-850,Asia University Taiwan,Taiwan,Asia,M,CO,VH,Private for Profit,9.0,492.0,"Asia University, Taiwan",Taiwan,"10,858",29.9,3%,63 : 37,46.5825,16.6,34.9,82.8,75.3,49.5,2026.0,Asia University Taiwan,Taiwan,2026,QS + THE,Matched
1001-1200,1001-1200,Assiut University,Egypt,Africa,XL,FC,HI,Public,16.3,1300.0,Assiut University,Egypt,"86,744",13.2,5%,51 : 49,30.4025,23.6,12.4,48.3,25.3,57.9,2026.0,Assiut University,Egypt,2026,QS + THE,Matched
395,423,Aston University,United Kingdom,Europe,L,CO,VH,Public,18.1,427.0,Aston University,United Kingdom,"15,710",20.9,35%,47 : 53,48.841,21.7,26.2,83.6,64.6,95.7,2026.0,Aston University,United Kingdom,2026,QS + THE,Matched
1401+,,Aswan University,Egypt,Africa,L,FC,HI,Public,7.1,1184.0,Aswan University,Egypt,"32,185",31.6,0%,50 : 50,32.31,16.0,11.9,64.9,22.6,50.2,2026.0,Aswan University,Egypt,2026,QS + THE,Matched
,,,,,,,,,,953.0,Atatürk University,Turkey,"33,912",24.7,10%,50 : 50,36.27499999999999,29.5,28.0,51.8,29.0,36.7,2026.0,Atatürk University,Turkey,2026,THE only,THE record not matched in QS
1201-1400,1201-1400,Ataturk University,Türkiye,Asia,XL,CO,VH,Public,8.1,,,,,,,,,,,,,,,Ataturk University,Türkiye,2026,QS only,QS record not matched in THE
511,516,Ateneo de Manila University,Philippines,Asia,L,FC,MD,Private not for Profit,32.2,1070.0,Ateneo de Manila University,Philippines,"14,540",10.1,1%,56 : 44,34.245,27.0,11.2,64.7,23.8,35.6,2026.0,Ateneo de Manila University,Philippines,2026,QS + THE,Matched
951-1000,951-1000,Athens University of Economics And Business,Greece,Europe,M,SP,HI,Public,10.1,1207.0,Athens University of Economics and Business,Greece,"9,211",44.7,5%,46 : 54,32.031499999999994,18.7,24.6,45.3,63.4,43.4,2026.0,Athens University of Economics And Business,Greece,2026,QS + THE,Matched
,,,,,,,,,,1799.0,Atılım University,Turkey,"9,249",22.2,12%,46 : 54,22.279,16.0,11.5,32.6,24.1,46.4,2026.0,Atılım University,Turkey,2026,THE only,THE record not matched in QS
1401+,1201-1400,Atma Jaya Catholic University Indonesia,Indonesia,Asia,M,FO,HI,Private for Profit,11.1,,,,,,,,,,,,,,,Atma Jaya Catholic University Indonesia,Indonesia,2026,QS only,QS record not matched in THE
,,,,,,,,,,1923.0,Atma Jaya Catholic University of Indonesia,Indonesia,"7,908",17.6,7%,46 : 54,19.389,18.0,12.7,19.5,22.9,48.4,2026.0,Atma Jaya Catholic University of Indonesia,Indonesia,2026,THE only,THE record not matched in QS
851-900,951-1000,Auburn University,United States of America,Americas,XL,CO,VH,Public,11.6,644.0,Auburn University,United States,"28,365",18.5,7%,51 : 49,42.5055,36.5,27.9,55.6,71.8,54.6,2026.0,Auburn University,United States,2026,QS + THE,Matched
410,412,Auckland University of Technology,New Zealand,Oceania,L,CO,VH,Public,29.6,587.0,Auckland University of Technology,New Zealand,"17,420",17.0,49%,59 : 41,44.19849999999999,22.6,22.8,73.6,49.8,91.3,2026.0,Auckland University of Technology,New Zealand,2026,QS + THE,Matched
731-740,621-630,Auezov South Kazakhstan State University (SKSU),Kazakhstan,Asia,L,CO,MD,Public,21.2,,,,,,,,,,,,,,,Auezov South Kazakhstan State University (SKSU),Kazakhstan,2026,QS only,QS record not matched in THE
,,,,,,,,,,1311.0,Austral University,Argentina,"6,488",10.8,8%,55 : 45,30.2045,23.0,11.8,50.6,22.0,52.5,2026.0,Austral University,Argentina,2026,THE only,THE record not matched in QS
,,,,,,,,,,1705.0,Austral University of Chile,Chile,"18,781",19.1,1%,55 : 45,23.952,15.6,17.2,29.2,41.8,52.4,2026.0,Austral University of Chile,Chile,2026,THE only,THE record not matched in QS
851-900,901-950,Australian Catholic University,Australia,Oceania,L,CO,HI,Public,12.0,425.0,Australian Catholic University,Australia,"22,604",31.7,20%,76 : 24,48.927,17.7,24.7,97.1,28.0,83.9,2026.0,Australian Catholic University,Australia,2026,QS + THE,Matched
32,30,Australian National University,Australia,Oceania,L,FC,VH,Public,97.9,74.0,Australian National University,Australia,"17,243",13.3,51%,54 : 46,71.1075,56.7,62.6,85.7,86.3,94.2,2026.0,Australian National University,Australia,2026,QS + THE,Matched
,,,,,,,,,,2136.0,Autonomous University of Baja California,Mexico,"69,358",21.2,0%,55 : 45,14.4465,14.8,9.0,14.4,18.2,32.3,2026.0,Autonomous University of Baja California,Mexico,2026,THE only,THE record not matched in QS
,,,,,,,,,,2175.0,Autonomous University of Guerrero (UAGro),Mexico,"34,492",24.3,0%,59 : 41,13.158499999999998,16.0,7.7,10.9,17.7,29.7,2026.0,Autonomous University of Guerrero (UAGro),Mexico,2026,THE only,THE record not matched in QS
,,,,,,,,,,384.0,Autonomous University of Madrid,Spain,"29,772",13.0,14%,62 : 38,50.303,41.8,31.3,73.4,66.5,56.2,2026.0,Autonomous University of Madrid,Spain,2026,THE only,THE record not matched in QS
,,,,,,,,,,1479.0,Autonomous University of Sinaloa,Mexico,"79,206",17.3,9%,55 : 45,27.538,16.9,7.6,55.8,16.9,39.1,2026.0,Autonomous University of Sinaloa,Mexico,2026,THE only,THE record not matched in QS
,,,,,,,,,,1769.0,Aydın Adnan Menderes University,Turkey,"13,698",13.8,2%,51 : 49,22.7985,28.4,20.3,20.0,20.4,22.9,2026.0,Aydın Adnan Menderes University,Turkey,2026,THE only,THE record not matched in QS
,,,,,,,,,,1223.0,Azarbaijan Shahid Madani University,Iran,"7,326",17.8,9%,57 : 43,31.7375,19.3,13.7,61.0,20.4,39.4,2026.0,Azarbaijan Shahid Madani University,Iran,2026,THE only,THE record not matched in QS
851-900,1001-1200,Azerbaijan State Oil and Industry University,Azerbaijan,Asia,L,FO,HI,Public,13.1,1962.0,Azerbaijan State Oil and Industry University,Azerbaijan,"12,831",10.3,6%,38 : 62,18.5745,25.0,8.1,15.7,19.7,44.7,2026.0,Azerbaijan State Oil and Industry University,Azerbaijan,2026,QS + THE,Matched
801-850,1001-1200,Azerbaijan State University of Economics,Azerbaijan,Asia,L,FO,HI,Public,21.2,905.0,Azerbaijan State University of Economics,Azerbaijan,"13,473",9.2,7%,44 : 56,37.151,23.4,9.3,74.5,19.4,59.0,2026.0,Azerbaijan State University of Economics,Azerbaijan,2026,QS + THE,Matched
851-900,,Azerbaijan Technical University,Azerbaijan,Asia,M,SP,MD,,19.1,2097.0,Azerbaijan Technical University (AzTU),Azerbaijan,"9,118",6.9,8%,47 : 53,15.5225,26.2,7.5,5.7,30.4,35.9,2026.0,Azerbaijan Technical University,Azerbaijan,2026,QS + THE,Matched
1001-1200,,Azerbaijan University of Architecture and Construction,Azerbaijan,Asia,M,FO,MD,Public,25.7,,,,,,,,,,,,,,,Azerbaijan University of Architecture and Construction,Azerbaijan,2026,QS only,QS record not matched in THE
,,,,,,,,,,1721.0,B. S. Abdur Rahman Crescent Institute of Science and Technology,India,"9,428",16.5,0%,28 : 72,23.754,20.1,10.6,39.4,26.2,25.1,2026.0,B. S. Abdur Rahman Crescent Institute of Science and Technology,India,2026,THE only,THE record not matched in QS
,,,,,,,,,,1535.0,Babcock University,Nigeria,"13,134",28.1,0%,51 : 49,26.7055,27.6,9.9,41.8,16.0,33.5,2026.0,Babcock University,Nigeria,2026,THE only,THE record not matched in QS
761-770,781-790,Babes-Bolyai University,Romania,Europe,XL,CO,VH,Public,21.9,1313.0,Babeş-Bolyai University,Romania,"40,388",18.8,5%,64 : 36,30.194,20.7,18.6,48.1,32.9,39.3,2026.0,Babes-Bolyai University,Romania,2026,QS + THE,Matched
,,,,,,,,,,655.0,Babol Noshirvani University of Technology,Iran,"5,917",26.6,3%,34 : 66,42.275,22.1,21.9,86.1,36.3,28.3,2026.0,Babol Noshirvani University of Technology,Iran,2026,THE only,THE record not matched in QS
,,,,,,,,,,774.0,Babol University of Medical Sciences,Iran,"4,418",11.8,1%,54 : 46,39.6225,40.7,12.6,71.1,22.3,23.2,2026.0,Babol University of Medical Sciences,Iran,2026,THE only,THE record not matched in QS
,,,,,,,,,,1762.0,Badji Mokhtar University – Annaba,Algeria,"30,510",9.0,2%,75 : 25,22.922,39.9,8.8,17.0,21.3,35.3,2026.0,Badji Mokhtar University – Annaba,Algeria,2026,THE only,THE record not matched in QS
1201-1400,1201-1400,Bahauddin Zakariya University,Pakistan,Asia,L,CO,VH,Public,8.5,784.0,Bahauddin Zakariya University,Pakistan,"19,120",19.5,0%,40 : 60,39.461,23.7,18.1,75.0,25.2,49.5,2026.0,Bahauddin Zakariya University,Pakistan,2026,QS + THE,Matched
,,,,,,,,,,974.0,Bahçeşehir University,Turkey,"19,548",46.0,24%,50 : 50,35.971,19.0,22.9,59.4,34.0,60.6,2026.0,Bahçeşehir University,Turkey,2026,THE only,THE record not matched in QS
,,,,,,,,,,1183.0,Bahria University,Pakistan,"23,030",20.0,1%,48 : 52,32.3695,15.0,10.6,65.4,34.7,51.5,2026.0,Bahria University,Pakistan,2026,THE only,THE record not matched in QS
901-950,,Baku Engineering University,Azerbaijan,Asia,M,FO,MD,Public,24.9,,,,,,,,,,,,,,,Baku Engineering University,Azerbaijan,2026,QS only,QS record not matched in THE
688,951-1000,Baku State University,Azerbaijan,Asia,L,CO,HI,Public,22.0,1791.0,Baku State University,Azerbaijan,"19,165",12.1,5%,60 : 40,22.413500000000003,30.1,10.1,21.2,21.0,45.4,2026.0,Baku State University,Azerbaijan,2026,QS + THE,Matched
,,,,,,,,,,2148.0,Balıkesir University,Turkey,"31,117",24.9,2%,48 : 52,14.280499999999998,14.6,9.9,15.7,21.0,20.7,2026.0,Balıkesir University,Turkey,2026,THE only,THE record not matched in QS
,,,,,,,,,,1763.0,"Balochistan University of Information Technology, Engineering and Management Sciences (BUITEMS)",Pakistan,"15,352",24.6,0%,22 : 78,22.9095,10.8,9.5,41.3,20.9,49.9,2026.0,"Balochistan University of Information Technology, Engineering and Management Sciences (BUITEMS)",Pakistan,2026,THE only,THE record not matched in QS
1001-1200,1001-1200,Banaras Hindu University,India,Asia,L,FC,VH,Public,18.9,605.0,Banaras Hindu University,India,"12,447",7.9,4%,49 : 51,43.590500000000006,49.9,18.0,67.8,31.0,27.6,2026.0,Banaras Hindu University,India,2026,QS + THE,Matched
,,,,,,,,,,1279.0,Banasthali University,India,"12,751",22.4,2%,99 : 1,30.6305,29.8,13.4,50.1,29.4,23.3,2026.0,Banasthali University,India,2026,THE only,THE record not matched in QS
255,256,Bandung Institute of Technology (ITB),Indonesia,Asia,L,CO,VH,Public,58.5,,,,,,,,,,,,,,,Bandung Institute of Technology (ITB),Indonesia,2026,QS only,QS record not matched in THE
,,,,,,,,,,1112.0,Bangladesh Agricultural University (BAU),Bangladesh,"7,855",13.3,1%,45 : 55,33.49,21.2,10.3,65.2,24.6,49.4,2026.0,Bangladesh Agricultural University (BAU),Bangladesh,2026,THE only,THE record not matched in QS
761-770,761-770,Bangladesh University of Engineering and Technology,Bangladesh,Asia,M,SP,VH,Public,21.3,1032.0,Bangladesh University of Engineering and Technology,Bangladesh,"5,814",11.3,0%,22 : 78,34.891000000000005,23.1,15.2,65.4,38.4,33.5,2026.0,Bangladesh University of Engineering and Technology,Bangladesh,2026,QS + THE,Matched
566,474,Bangor University,United Kingdom,Europe,M,FC,VH,Public,12.8,507.0,Bangor University,United Kingdom,"9,035",15.7,31%,59 : 41,46.039,28.3,26.0,70.3,63.2,87.1,2026.0,Bangor University,United Kingdom,2026,QS + THE,Matched
,,,,,,,,,,961.0,Baqiyatallah University of Medical Sciences,Iran,"2,650",7.4,3%,23 : 77,36.1925,39.5,18.1,50.0,64.9,22.6,2026.0,Baqiyatallah University of Medical Sciences,Iran,2026,THE only,THE record not matched in QS
660,671-680,Bar-Ilan University,Israel,Asia,L,FC,VH,Public,11.0,715.0,Bar-Ilan University,Israel,"19,887",20.6,4%,58 : 42,40.939,33.8,34.8,52.6,65.9,32.8,2026.0,Bar-Ilan University,Israel,2026,QS + THE,Matched
,,,,,,,,,,1151.0,Bartin University,Turkey,"10,537",21.8,14%,49 : 51,32.876,13.7,14.3,69.5,18.5,41.3,2026.0,Bartin University,Turkey,2026,THE only,THE record not matched in QS
,,,,,,,,,,1767.0,Bashkir State Medical University,Russian Federation,"14,567",9.8,36%,47 : 53,22.887,28.3,10.3,23.5,20.1,49.3,2026.0,Bashkir State Medical University,Russian Federation,2026,THE only,THE record not matched in QS
,,,,,,,,,,1991.0,Başkent University,Turkey,"14,593",13.7,3%,59 : 41,17.974500000000003,20.8,11.8,19.0,24.6,23.1,2026.0,Başkent University,Turkey,2026,THE only,THE record not matched in QS
320,298,Bauman Moscow State Technical University,Russian Federation,Europe,L,CO,VH,Public,41.1,340.0,Bauman Moscow State Technical University,Russian Federation,"15,623",6.9,20%,45 : 55,52.136,68.4,42.8,43.0,54.4,59.6,2026.0,Bauman Moscow State Technical University,Russian Federation,2026,QS + THE,Matched
,,,,,,,,,,1178.0,Bayero University,Nigeria,"29,362",16.9,0%,44 : 56,32.4775,22.5,11.0,60.7,18.0,49.6,2026.0,Bayero University,Nigeria,2026,THE only,THE record not matched in QS
1001-1200,1001-1200,Baylor University,United States of America,Americas,L,CO,VH,Private not for Profit,8.7,807.0,Baylor University,United States,"21,096",14.9,6%,61 : 39,38.9465,43.0,19.4,53.6,43.2,37.7,2026.0,Baylor University,United States,2026,QS + THE,Matched
,,,,,,,,,,252.0,Beihang University,China,"35,223",13.4,4%,,56.3285,47.8,46.5,73.8,100.0,34.7,2026.0,Beihang University,China,2026,THE only,THE record not matched in QS
388,452,Beihang University (former BUAA),China (Mainland),Asia,L,CO,VH,Public,18.3,,,,,,,,,,,,,,,Beihang University (former BUAA),China (Mainland),2026,QS only,QS record not matched in THE
1201-1400,1201-1400,Beijing Foreign Studies University,China (Mainland),Asia,M,SP,VH,Public,8.4,,,,,,,,,,,,,,,Beijing Foreign Studies University,China (Mainland),2026,QS only,QS record not matched in THE
,,,,,,,,,,238.0,Beijing Institute of Technology,China,"33,624",12.9,12%,,56.9185,46.5,44.3,76.6,99.6,45.2,2026.0,Beijing Institute of Technology,China,2026,THE only,THE record not matched in QS
259,302,Beijing Institute of Technology,China (Mainland),Asia,XL,FO,VH,Public,34.3,,,,,,,,,,,,,,,Beijing Institute of Technology,China (Mainland),2026,QS only,QS record not matched in THE
851-900,901-950,Beijing Jiaotong University,China (Mainland),Asia,L,FO,VH,Public,12.3,,,,,,,,,,,,,,,Beijing Jiaotong University,China (Mainland),2026,QS only,QS record not matched in THE
,,,,,,,,,,136.0,Beijing Normal University,China,"29,655",15.5,7%,,62.893,59.6,49.3,80.9,89.1,42.4,2026.0,Beijing Normal University,China,2026,THE only,THE record not matched in QS
247,271,Beijing Normal University,China (Mainland),Asia,L,CO,VH,Public,47.6,,,,,,,,,,,,,,,Beijing Normal University,China (Mainland),2026,QS only,QS record not matched in THE
,,,,,,,,,,451.0,Beijing University of Chemical Technology,China,"26,260",18.5,1%,40 : 60,48.00899999999999,26.4,31.8,84.2,96.6,25.0,2026.0,Beijing University of Chemical Technology,China,2026,THE only,THE record not matched in QS
697,701-710,Beijing University of Chemical Technology,China (Mainland),Asia,L,CO,VH,Public,6.1,,,,,,,,,,,,,,,Beijing University of Chemical Technology,China (Mainland),2026,QS only,QS record not matched in THE
1201-1400,1201-1400,Beijing University of Chinese Medicine,China (Mainland),Asia,L,FO,VH,Public,5.7,,,,,,,,,,,,,,,Beijing University of Chinese Medicine,China (Mainland),2026,QS only,QS record not matched in THE
1001-1200,901-950,Beijing University of Posts and Telecommunications,China (Mainland),Asia,L,FO,VH,Public,4.3,,,,,,,,,,,,,,,Beijing University of Posts and Telecommunications,China (Mainland),2026,QS only,QS record not matched in THE
791-800,801-850,Beijing University of Technology,China (Mainland),Asia,L,CO,VH,Public,9.0,,,,,,,,,,,,,,,Beijing University of Technology,China (Mainland),2026,QS only,QS record not matched in THE
676,641-650,Beirut Arab University,Lebanon,Asia,S,FC,HI,Private not for Profit,20.0,799.0,Beirut Arab University,Lebanon,"4,167",10.4,21%,45 : 55,39.079,43.0,17.3,46.3,21.8,88.2,2026.0,Beirut Arab University,Lebanon,2026,QS + THE,Matched
851-900,801-850,Belarusian National Technical University,Belarus,Europe,L,SP,LO,Public,16.6,,,,,,,,,,,,,,,Belarusian National Technical University,Belarus,2026,QS only,QS record not matched in THE
447,387,Belarusian State University,Belarus,Europe,L,CO,HI,Public,32.5,1880.0,Belarusian State University,Belarus,"23,445",8.3,22%,58 : 42,20.5105,24.7,11.1,10.9,45.0,65.8,2026.0,Belarusian State University,Belarus,2026,QS + THE,Matched
1401+,1201-1400,Belarusian State University of Informatics and Radioelectronics,Belarus,Europe,M,CO,HI,Public,6.7,,,,,,,,,,,,,,,Belarusian State University of Informatics and Radioelectronics,Belarus,2026,QS only,QS record not matched in THE
,,,,,,,,,,1939.0,Belgorod State National Research University,Russian Federation,"17,325",21.2,22%,57 : 43,18.958,21.8,16.4,11.1,34.9,40.6,2026.0,Belgorod State National Research University,Russian Federation,2026,THE only,THE record not matched in QS
1401+,1201-1400,Belgorod State University,Russian Federation,Europe,L,FC,HI,Public,3.1,,,,,,,,,,,,,,,Belgorod State University,Russian Federation,2026,QS only,QS record not matched in THE
469,471,Ben Gurion University of The Negev,Israel,Asia,L,FC,VH,Public,19.5,738.0,Ben-Gurion University of the Negev,Israel,"16,196",12.0,2%,52 : 48,40.3075,35.5,25.3,57.3,65.2,36.0,2026.0,Ben Gurion University of The Negev,Israel,2026,QS + THE,Matched
1201-1400,1201-1400,Benemérita Universidad Autónoma de Puebla,Mexico,Americas,XL,FC,HI,Public,19.9,2024.0,Benemérita Universidad Autónoma de Puebla,Mexico,"84,699",24.0,1%,53 : 47,17.313499999999998,23.3,9.8,13.5,21.2,36.0,2026.0,Benemérita Universidad Autónoma de Puebla,Mexico,2026,QS + THE,Matched
1401+,,Benha University,Egypt,Africa,XL,FC,HI,Public,6.2,1235.0,Benha University,Egypt,"111,190",28.9,1%,46 : 54,31.5795,16.5,10.3,63.9,22.0,49.0,2026.0,Benha University,Egypt,2026,QS + THE,Matched
1201-1400,,Beni-Suef University,Egypt,Africa,XL,FC,HI,Public,8.7,1096.0,Beni-Suef University,Egypt,"82,628",44.9,1%,48 : 52,33.79,25.8,11.3,59.4,22.8,55.6,2026.0,Beni-Suef University,Egypt,2026,QS + THE,Matched
,,,,,,,,,,2082.0,Bernardo O’Higgins University,Chile,"9,085",17.7,2%,66 : 34,15.918,14.6,10.8,13.1,22.6,48.6,2026.0,Bernardo O’Higgins University,Chile,2026,THE only,THE record not matched in QS
,,,,,,,,,,2079.0,Beykent University,Turkey,"19,003",24.0,5%,55 : 45,15.9685,14.4,8.3,21.9,17.4,27.3,2026.0,Beykent University,Turkey,2026,THE only,THE record not matched in QS
,,,,,,,,,,1608.0,Bezmiâlem Vakif University,Turkey,"2,814",8.1,5%,70 : 30,25.522,37.8,12.0,26.1,22.9,28.6,2026.0,Bezmiâlem Vakif University,Turkey,2026,THE only,THE record not matched in QS
,,,,,,,,,,806.0,Bharathiar University,India,"3,927",19.2,0%,55 : 45,38.9675,35.9,25.9,55.7,45.4,31.2,2026.0,Bharathiar University,India,2026,THE only,THE record not matched in QS
,,,,,,,,,,1238.0,Bharathidasan University,India,"3,430",20.1,0%,53 : 47,31.558,34.7,18.3,41.1,32.3,31.9,2026.0,Bharathidasan University,India,2026,THE only,THE record not matched in QS
,,,,,,,,,,1813.0,Bharati Vidyapeeth University,India,"10,893",7.6,0%,52 : 48,21.856500000000004,27.1,11.1,25.1,39.2,20.6,2026.0,Bharati Vidyapeeth University,India,2026,THE only,THE record not matched in QS
,,,,,,,,,,1843.0,Bialystok University of Technology,Poland,"6,335",11.0,5%,34 : 66,21.256500000000003,23.5,14.0,23.5,28.6,27.6,2026.0,Bialystok University of Technology,Poland,2026,THE only,THE record not matched in QS
,,,,,,,,,,1861.0,Bilecik Şeyh Edebali University,Turkey,"12,222",16.7,19%,47 : 53,20.987,16.3,10.2,31.7,21.7,37.9,2026.0,Bilecik Şeyh Edebali University,Turkey,2026,THE only,THE record not matched in QS
,,,,,,,,,,631.0,Bilkent University,Turkey,"8,980",19.8,6%,48 : 52,42.783,28.4,35.5,51.3,99.5,63.2,2026.0,Bilkent University,Turkey,2026,THE only,THE record not matched in QS
415,477,Bilkent University,Türkiye,Asia,M,CO,VH,Private not for Profit,33.8,,,,,,,,,,,,,,,Bilkent University,Türkiye,2026,QS only,QS record not matched in THE
1001-1200,1001-1200,Binghamton University SUNY,United States of America,Americas,L,CO,VH,Public,10.1,,,,,,,,,,,,,,,Binghamton University SUNY,United States,2026,QS only,QS record not matched in THE
851-900,951-1000,BINUS UNIVERSITY (Bina Nusantara University),Indonesia,Asia,L,CO,VH,Private for Profit,20.1,1445.0,BINUS University,Indonesia,"15,258",13.9,4%,41 : 59,28.1345,21.4,23.5,34.2,50.6,36.3,2026.0,BINUS UNIVERSITY (Bina Nusantara University),Indonesia,2026,QS + THE,Matched
,,,,,,,,,,817.0,Birjand University of Medical Sciences,Iran,"4,171",12.0,5%,57 : 43,38.692,36.2,12.5,70.0,20.2,34.4,2026.0,Birjand University of Medical Sciences,Iran,2026,THE only,THE record not matched in QS
388,408,"Birkbeck College, University of London",United Kingdom,Europe,M,CO,VH,Public,15.5,,,,,,,,,,,,,,,"Birkbeck College, University of London",United Kingdom,2026,QS only,QS record not matched in THE
,,,,,,,,,,349.0,"Birkbeck, University of London",United Kingdom,"7,420",17.3,43%,57 : 43,51.717,34.2,32.2,76.0,65.5,91.6,2026.0,"Birkbeck, University of London",United Kingdom,2026,THE only,THE record not matched in QS
,,,,,,,,,,1122.0,Birla Institute of Technology,India,"5,296",16.7,0%,25 : 75,33.343999999999994,22.7,20.0,58.1,45.5,21.3,2026.0,Birla Institute of Technology,India,2026,THE only,THE record not matched in QS
668,801-850,Birla Institute of Technology and Science,India,Asia,L,CO,VH,Private not for Profit,18.0,,,,,,,,,,,,,,,Birla Institute of Technology and Science,India,2026,QS only,QS record not matched in THE
,,,,,,,,,,818.0,"Birla Institute of Technology and Science, Pilani",India,"16,157",15.3,3%,20 : 80,38.690000000000005,29.0,20.9,66.9,46.1,28.8,2026.0,"Birla Institute of Technology and Science, Pilani",India,2026,THE only,THE record not matched in QS
1001-1200,1001-1200,Birmingham City University,United Kingdom,Europe,XL,FO,HI,Public,8.2,952.0,Birmingham City University,United Kingdom,"27,055",18.5,31%,62 : 38,36.297,17.9,13.4,65.5,25.2,86.3,2026.0,Birmingham City University,United Kingdom,2026,QS + THE,Matched
,,,,,,,,,,1312.0,Biruni University,Turkey,"12,510",22.2,17%,70 : 30,30.1995,14.7,11.3,58.8,17.9,56.4,2026.0,Biruni University,Turkey,2026,THE only,THE record not matched in QS
1201-1400,1201-1400,Birzeit university,Palestine,Asia,M,CO,HI,Private not for Profit,12.5,,,,,,,,,,,,,,,Birzeit university,Palestine,2026,QS only,QS record not matched in THE
,,,,,,,,,,2084.0,Blida 1 University,Algeria,"31,068",22.5,2%,65 : 35,15.8545,18.3,8.2,15.7,18.2,35.2,2026.0,Blida 1 University,Algeria,2026,THE only,THE record not matched in QS
,,,,,,,,,,486.0,Boğaziçi University,Turkey,"11,998",28.5,5%,46 : 54,46.82449999999999,32.9,36.1,60.9,94.0,61.6,2026.0,Boğaziçi University,Turkey,2026,THE only,THE record not matched in QS
371,418,Bogazici University,Türkiye,Asia,M,CO,VH,Public,36.2,,,,,,,,,,,,,,,Bogazici University,Türkiye,2026,QS only,QS record not matched in THE
,,,,,,,,,,2095.0,Bogomolets National Medical University,Ukraine,"10,627",7.9,8%,,15.567,24.0,9.9,9.8,17.4,26.4,2026.0,Bogomolets National Medical University,Ukraine,2026,THE only,THE record not matched in QS
,,,,,,,,,,1893.0,Bolu Abant Izzet Baysal University,Turkey,"26,718",24.9,16%,56 : 44,20.227500000000003,17.1,9.7,29.2,19.0,38.0,2026.0,Bolu Abant Izzet Baysal University,Turkey,2026,THE only,THE record not matched in QS
591,587,Bond University,Australia,Oceania,S,FO,VH,Private not for Profit,5.9,462.0,Bond University,Australia,"3,588",10.2,32%,56 : 44,47.509,26.8,21.9,87.3,25.8,80.4,2026.0,Bond University,Australia,2026,QS + THE,Matched
526,631-640,Boston College,United States of America,Americas,L,CO,VH,Private not for Profit,29.9,282.0,Boston College,United States,"12,989",14.6,13%,55 : 45,55.165,45.8,33.1,84.0,60.0,59.4,2026.0,Boston College,United States,2026,QS + THE,Matched
88,108,Boston University,United States of America,Americas,L,FC,VH,Private not for Profit,75.3,77.0,Boston University,United States,"29,239",11.4,33%,58 : 42,70.365,61.2,56.5,91.8,72.4,73.2,2026.0,Boston University,United States,2026,QS + THE,Matched
,,,,,,,,,,1498.0,Botswana International University of Science and Technology (BIUST),Botswana,"2,491",12.2,10%,37 : 63,27.2845,23.7,14.1,33.1,19.6,73.2,2026.0,Botswana International University of Science and Technology (BIUST),Botswana,2026,THE only,THE record not matched in QS
801-850,771-780,Bournemouth University,United Kingdom,Europe,L,CO,VH,Public,8.0,471.0,Bournemouth University,United Kingdom,"15,605",19.9,24%,54 : 46,47.175,18.8,21.7,89.3,46.4,89.2,2026.0,Bournemouth University,United Kingdom,2026,QS + THE,Matched
,,,,,,,,,,1997.0,Bozok University,Turkey,"15,781",18.8,9%,51 : 49,17.8935,13.6,10.0,26.7,17.1,30.5,2026.0,Bozok University,Turkey,2026,THE only,THE record not matched in QS
1201-1400,1001-1200,BRAC University,Bangladesh,Asia,L,CO,HI,Private not for Profit,14.9,1062.0,BRAC University,Bangladesh,"17,235",21.2,1%,45 : 55,34.411500000000004,13.6,13.4,74.9,19.9,43.3,2026.0,BRAC University,Bangladesh,2026,QS + THE,Matched
741-750,721-730,Brandeis University,United States of America,Americas,M,CO,VH,Private not for Profit,12.8,445.0,Brandeis University,United States,"4,949",10.8,34%,56 : 44,48.13,37.3,26.1,70.0,64.5,79.7,2026.0,Brandeis University,United States,2026,QS + THE,Matched
1001-1200,1001-1200,Brigham Young University,United States of America,Americas,XL,CO,VH,Private not for Profit,7.7,,,,,,,,,,,,,,,Brigham Young University,United States,2026,QS only,QS record not matched in THE
1201-1400,1201-1400,British University in Egypt,Egypt,Africa,M,FO,VH,Private for Profit,8.4,1461.0,The British University in Egypt,Egypt,"11,180",21.8,4%,51 : 49,27.904499999999995,16.7,12.1,53.0,19.1,37.4,2026.0,British University in Egypt,Egypt,2026,QS + THE,Matched
575,611-620,Brno University of Technology,Czechia,Europe,L,FO,VH,Public,17.7,1316.0,Brno University of Technology,Czechia,"17,555",14.5,26%,28 : 72,30.113,24.6,17.7,34.5,73.7,59.0,2026.0,Brno University of Technology,Czechia,2026,QS + THE,Matched
1201-1400,1201-1400,Brock University,Canada,Americas,L,CO,HI,Public,6.7,1317.0,Brock University,Canada,"21,118",22.0,19%,57 : 43,30.06,15.0,18.4,48.0,42.1,56.2,2026.0,Brock University,Canada,2026,QS + THE,Matched
69,79,Brown University,United States of America,Americas,M,FC,VH,Private not for Profit,72.4,65.0,Brown University,United States,"10,887",10.3,22%,,72.58650000000002,70.0,61.0,87.4,69.6,69.9,2026.0,Brown University,United States,2026,QS + THE,Matched
385,342,Brunel University of London,United Kingdom,Europe,L,CO,VH,Public,17.6,414.0,Brunel University of London,United Kingdom,"15,410",18.0,53%,44 : 56,49.28750000000001,24.0,26.6,81.8,64.9,98.1,2026.0,Brunel University of London,United Kingdom,2026,QS + THE,Matched
,,,,,,,,,,1219.0,Bu-Ali Sina University,Iran,"10,698",24.0,7%,58 : 42,31.827,27.0,20.9,47.6,26.9,32.6,2026.0,Bu-Ali Sina University,Iran,2026,THE only,THE record not matched in QS
,,,,,,,,,,921.0,Bucharest University of Economic Studies,Romania,"21,819",15.8,4%,60 : 40,36.874,19.2,11.9,81.5,23.1,31.8,2026.0,Bucharest University of Economic Studies,Romania,2026,THE only,THE record not matched in QS
711-720,721-730,Budapest University of Technology and Economics,Hungary,Europe,L,FO,VH,Public,20.8,1462.0,Budapest University of Technology and Economics,Hungary,"18,656",16.3,15%,32 : 68,27.9025,23.0,18.4,34.2,65.1,38.9,2026.0,Budapest University of Technology and Economics,Hungary,2026,QS + THE,Matched
,,,,,,,,,,2098.0,Burapha University,Thailand,"26,526",18.4,2%,68 : 32,15.4545,17.4,10.1,14.1,24.5,29.1,2026.0,Burapha University,Thailand,2026,THE only,THE record not matched in QS
,,,,,,,,,,1914.0,Burdur Mehmet Akif Ersoy University,Turkey,"25,140",24.8,3%,54 : 46,19.4895,12.6,9.6,34.9,18.9,23.5,2026.0,Burdur Mehmet Akif Ersoy University,Turkey,2026,THE only,THE record not matched in QS
,,,,,,,,,,2034.0,Bursa Technical University,Turkey,"11,418",21.0,13%,47 : 53,17.024499999999996,13.6,8.7,23.3,22.8,34.5,2026.0,Bursa Technical University,Turkey,2026,THE only,THE record not matched in QS
,,,,,,,,,,1920.0,Bursa Uludağ University,Turkey,"48,233",20.3,13%,67 : 33,19.4315,19.3,10.2,23.4,26.5,36.0,2026.0,Bursa Uludağ University,Turkey,2026,THE only,THE record not matched in QS
660,601-610,Ca' Foscari University of Venice,Italy,Europe,M,CO,VH,Public,27.1,535.0,Ca’ Foscari University of Venice,Italy,"11,178",20.3,13%,64 : 36,45.5845,38.0,38.0,53.2,61.3,65.9,2026.0,Ca' Foscari University of Venice,Italy,2026,QS + THE,Matched
347,350,Cairo University,Egypt,Africa,XL,FC,VH,Public,60.8,846.0,Cairo University,Egypt,"173,478",24.6,7%,60 : 40,38.036,29.4,20.0,60.7,42.7,48.6,2026.0,Cairo University,Egypt,2026,QS + THE,Matched
10,10,California Institute of Technology (Caltech),United States of America,Americas,S,FO,VH,Private not for Profit,98.3,7.0,California Institute of Technology,United States,"2,401",6.7,33%,39 : 61,96.3165,96.4,97.4,96.8,100.0,87.9,2026.0,California Institute of Technology (Caltech),United States,2026,QS + THE,Matched
1201-1400,1401+,California Polytechnic State University,United States of America,Americas,L,CO,HI,Public,5.6,,,,,,,,,,,,,,,California Polytechnic State University,United States,2026,QS only,QS record not matched in THE
,,,,,,,,,,539.0,Campus Bio-Medico University of Rome,Italy,"2,820",16.1,2%,62 : 38,45.4475,36.9,27.2,73.3,54.1,33.6,2026.0,Campus Bio-Medico University of Rome,Italy,2026,THE only,THE record not matched in QS
1201-1400,,Can Tho University,Viet Nam,Asia,XL,CO,HI,Public,10.2,,,,,,,,,,,,,,,Can Tho University,Viet Nam,2026,QS only,QS record not matched in THE
604,523,Canadian University of Dubai,United Arab Emirates,Asia,S,FO,HI,Private for Profit,22.7,,,,,,,,,,,,,,,Canadian University of Dubai,United Arab Emirates,2026,QS only,QS record not matched in THE
,,,,,,,,,,1983.0,Çanakkale Onsekiz Mart University,Turkey,"46,824",23.6,5%,52 : 48,18.171000000000003,14.3,18.6,19.5,21.4,24.7,2026.0,Çanakkale Onsekiz Mart University,Turkey,2026,THE only,THE record not matched in QS
,,,,,,,,,,833.0,Cankaya University,Turkey,"5,609",21.3,1%,44 : 56,38.2315,15.9,15.9,80.9,20.5,51.2,2026.0,Cankaya University,Turkey,2026,THE only,THE record not matched in QS
,,,,,,,,,,1917.0,Çankırı Karatekin University,Turkey,"12,279",21.9,12%,55 : 45,19.4445,14.4,18.0,23.0,17.1,31.9,2026.0,Çankırı Karatekin University,Turkey,2026,THE only,THE record not matched in QS
1201-1400,1001-1200,Canterbury Christ Church University,United Kingdom,Europe,XL,CO,MD,Public,6.8,1353.0,Canterbury Christ Church University,United Kingdom,"23,395",38.4,55%,57 : 43,29.4325,18.0,13.5,46.3,19.0,74.1,2026.0,Canterbury Christ Church University,United Kingdom,2026,QS + THE,Matched
,,,,,,,,,,743.0,Capital Medical University,China,"16,357",4.0,4%,64 : 36,40.2615,36.9,21.2,64.0,57.2,23.2,2026.0,Capital Medical University,China,2026,THE only,THE record not matched in QS
,,,,,,,,,,907.0,Capital University of Science and Technology,Pakistan,"6,840",28.9,0%,40 : 60,37.125,18.2,20.1,71.0,23.8,49.0,2026.0,Capital University of Science and Technology,Pakistan,2026,THE only,THE record not matched in QS
,,,,,,,,,,1129.0,Cardiff Metropolitan University,United Kingdom,"11,975",19.5,29%,52 : 48,33.2545,20.7,14.4,51.3,26.8,86.8,2026.0,Cardiff Metropolitan University,United Kingdom,2026,THE only,THE record not matched in QS
181,186,Cardiff University,United Kingdom,Europe,L,FC,VH,Public,60.1,232.0,Cardiff University,United Kingdom,"27,880",13.7,24%,59 : 41,57.1715,35.9,39.1,86.0,70.3,88.4,2026.0,Cardiff University,United Kingdom,2026,QS + THE,Matched
,,,,,,,,,,1556.0,Cardinal Stefan Wyszyński University in Warsaw,Poland,"10,253",12.7,2%,64 : 36,26.248,27.6,22.1,29.1,18.3,29.8,2026.0,Cardinal Stefan Wyszyński University in Warsaw,Poland,2026,THE only,THE record not matched in QS
781-790,741-750,Carleton University,Canada,Americas,L,CO,VH,Public,15.6,580.0,Carleton University,Canada,"27,612",27.0,22%,49 : 51,44.331,23.4,31.5,64.9,79.2,75.4,2026.0,Carleton University,Canada,2026,QS + THE,Matched
,,,,,,,,,,912.0,Carlos III University of Madrid,Spain,"18,403",10.9,18%,48 : 52,36.983,32.6,21.7,45.7,66.7,62.6,2026.0,Carlos III University of Madrid,Spain,2026,THE only,THE record not matched in QS
52,58,Carnegie Mellon University,United States of America,Americas,L,FC,VH,Private not for Profit,80.1,24.0,Carnegie Mellon University,United States,"16,257",13.0,50%,44 : 56,84.959,72.7,83.0,99.0,85.5,84.3,2026.0,Carnegie Mellon University,United States,2026,QS + THE,Matched
294,259,Case Western Reserve University,United States of America,Americas,M,FC,VH,Private not for Profit,22.4,148.0,Case Western Reserve University,United States,"11,514",9.9,26%,51 : 49,61.97,51.8,42.2,88.7,74.9,64.6,2026.0,Case Western Reserve University,United States,2026,QS + THE,Matched
851-900,901-950,Catania University,Italy,Europe,L,FC,VH,Public,17.5,,,,,,,,,,,,,,,Catania University,Italy,2026,QS only,QS record not matched in THE
,,,,,,,,,,874.0,The Catholic University of America,United States,"3,614",10.8,6%,54 : 46,37.6745,44.5,20.4,40.5,70.9,48.6,2026.0,The Catholic University of America,United States,2026,THE only,THE record not matched in QS
,,,,,,,,,,1783.0,Catholic University of Brasília,Brazil,"7,990",20.7,0%,54 : 46,22.632500000000004,25.5,25.3,13.6,22.2,37.4,2026.0,Catholic University of Brasília,Brazil,2026,THE only,THE record not matched in QS
741-750,801-850,The Catholic University of Korea,Republic of Korea,Asia,M,FC,VH,Private not for Profit,7.9,,,,,,,,,,,,,,,The Catholic University of Korea,Republic of Korea,2026,QS only,QS record not matched in THE
,,,,,,,,,,629.0,The Catholic University of Korea (CUK),South Korea,"7,349",18.6,15%,58 : 42,42.858,31.6,39.0,50.9,92.9,43.2,2026.0,The Catholic University of Korea (CUK),South Korea,2026,THE only,THE record not matched in QS
,,,,,,,,,,1691.0,Catholic University of the North,Chile,"11,793",19.9,4%,47 : 53,24.1685,14.7,14.9,33.8,19.9,61.0,2026.0,Catholic University of the North,Chile,2026,THE only,THE record not matched in QS
,,,,,,,,,,889.0,Catholic University of Portugal,Portugal,"12,826",22.9,24%,67 : 33,37.343,20.3,24.9,61.9,30.9,57.7,2026.0,Catholic University of Portugal,Portugal,2026,THE only,THE record not matched in QS
,,,,,,,,,,2066.0,Ceará State University,Brazil,"14,109",13.0,0%,60 : 40,16.327499999999997,24.9,12.0,10.2,19.8,22.0,2026.0,Ceará State University,Brazil,2026,THE only,THE record not matched in QS
,,,,,,,,,,270.0,Central European University,Austria,"1,453",7.8,96%,58 : 42,55.693,50.0,34.4,76.3,28.3,92.6,2026.0,Central European University,Austria,2026,THE only,THE record not matched in QS
1401+,1201-1400,Central Michigan University,United States of America,Americas,L,FC,HI,Public,3.6,1105.0,Central Michigan University,United States,"13,765",19.8,10%,59 : 41,33.6095,30.2,16.8,49.6,47.4,40.7,2026.0,Central Michigan University,United States,2026,QS + THE,Matched
,,,,,,,,,,473.0,Central Queensland University,Australia,"13,193",25.5,27%,61 : 39,47.129,18.0,26.9,86.6,50.2,80.4,2026.0,Central Queensland University,Australia,2026,THE only,THE record not matched in QS
499,495,Central Queensland University Australia (CQUniversity),Australia,Oceania,S,CO,VH,Public,13.6,,,,,,,,,,,,,,,Central Queensland University Australia (CQUniversity),Australia,2026,QS only,QS record not matched in THE
,,,,,,,,,,297.0,Central South University,China,"57,917",20.4,4%,,54.32149999999999,39.1,42.6,80.3,99.7,31.4,2026.0,Central South University,China,2026,THE only,THE record not matched in QS
491,431,Central South University,China (Mainland),Asia,XL,FO,VH,Public,12.1,,,,,,,,,,,,,,,Central South University,China (Mainland),2026,QS only,QS record not matched in THE
,,,,,,,,,,1186.0,Central University of Haryana,India,"4,612",19.8,0%,44 : 56,32.291999999999994,19.3,16.8,63.6,17.6,25.9,2026.0,Central University of Haryana,India,2026,THE only,THE record not matched in QS
,,,,,,,,,,1124.0,Central University of Jammu,India,"1,086",4.8,0%,45 : 55,33.32599999999999,42.5,10.5,50.8,17.4,24.1,2026.0,Central University of Jammu,India,2026,THE only,THE record not matched in QS
,,,,,,,,,,694.0,Central University of Punjab,India,"2,829",14.1,2%,37 : 63,41.5405,30.3,19.8,78.7,26.5,29.2,2026.0,Central University of Punjab,India,2026,THE only,THE record not matched in QS
,,,,,,,,,,1977.0,Central University of Venezuela,Venezuela,"27,604",7.8,1%,54 : 46,18.2915,24.2,8.6,14.1,19.4,48.7,2026.0,Central University of Venezuela,Venezuela,2026,THE only,THE record not matched in QS
,,,,,,,,,,621.0,Centrale Nantes,France,"1,755",13.2,37%,23 : 77,43.1775,39.9,31.2,41.7,86.1,85.4,2026.0,Centrale Nantes,France,2026,THE only,THE record not matched in QS
,,,,,,,,,,1947.0,Centro Federal de Educação Tecnológica Celso Suckow da Fonseca (CEFET-RJ),Brazil,"19,873",22.2,0%,36 : 64,18.858,15.5,10.1,26.3,18.6,36.3,2026.0,Centro Federal de Educação Tecnológica Celso Suckow da Fonseca (CEFET-RJ),Brazil,2026,THE only,THE record not matched in QS
,,,,,,,,,,1676.0,Centurion University of Technology and Management,India,"12,028",21.4,2%,27 : 73,24.4045,15.3,13.0,41.1,43.4,27.4,2026.0,Centurion University of Technology and Management,India,2026,THE only,THE record not matched in QS
,,,,,,,,,,2086.0,CES University,Colombia,"7,673",10.5,2%,70 : 30,15.794999999999998,21.7,9.5,10.4,16.9,37.9,2026.0,CES University,Colombia,2026,THE only,THE record not matched in QS
,,,,,,,,,,1650.0,CEU Universities,Spain,"21,391",12.6,20%,64 : 36,24.8435,21.9,11.8,33.9,26.4,49.8,2026.0,CEU Universities,Spain,2026,THE only,THE record not matched in QS
1001-1200,1201-1400,CEU University,Spain,Europe,L,FO,VH,,7.3,,,,,,,,,,,,,,,CEU University,Spain,2026,QS only,QS record not matched in THE
165,139,Chalmers University of Technology,Sweden,Europe,M,FO,VH,Private not for Profit,34.6,240.0,Chalmers University of Technology,Sweden,"10,245",11.9,18%,33 : 67,56.8745,42.6,45.9,71.2,97.1,76.7,2026.0,Chalmers University of Technology,Sweden,2026,QS + THE,Matched
575,691-700,Chandigarh University,India,Asia,XL,FC,HI,Private not for Profit,22.4,,,,,,,,,,,,,,,Chandigarh University,India,2026,QS only,QS record not matched in THE
668,631-640,Chang Gung University,Taiwan,Asia,M,FO,VH,Private not for Profit,9.3,805.0,Chang Gung University,Taiwan,"7,142",12.4,5%,51 : 49,38.972,25.8,35.3,50.2,96.1,29.6,2026.0,Chang Gung University,Taiwan,2026,QS + THE,Matched
,,,,,,,,,,1678.0,Chang Gung University of Science and Technology,Taiwan,"6,113",18.6,0%,89 : 11,24.3445,16.1,15.2,39.8,41.8,21.0,2026.0,Chang Gung University of Science and Technology,Taiwan,2026,THE only,THE record not matched in QS
1201-1400,1001-1200,Chang Jung Christian University,Taiwan,Asia,M,CO,HI,Private not for Profit,8.5,,,,,,,,,,,,,,,Chang Jung Christian University,Taiwan,2026,QS only,QS record not matched in THE
,,,,,,,,,,1160.0,Chang’an University,China,"40,205",10.3,5%,31 : 69,32.713,30.1,17.0,45.8,77.9,27.3,2026.0,Chang’an University,China,2026,THE only,THE record not matched in QS
,,,,,,,,,,1135.0,Changsha University of Science and Technology,China,"41,350",17.4,1%,35 : 65,33.1385,16.3,15.3,63.4,77.2,23.8,2026.0,Changsha University of Science and Technology,China,2026,THE only,THE record not matched in QS
,,,,,,,,,,1362.0,Changzhou University,China,"29,126",17.0,2%,,29.297,15.5,14.4,54.3,66.9,21.1,2026.0,Changzhou University,China,2026,THE only,THE record not matched in QS
1401+,1201-1400,Chaoyang University of Technology,Taiwan,Asia,L,FO,VH,Private for Profit,5.0,1347.0,Chaoyang University of Technology,Taiwan,"13,390",34.9,6%,55 : 45,29.51,15.5,22.8,42.6,53.7,45.3,2026.0,Chaoyang University of Technology,Taiwan,2026,QS + THE,Matched
,,,,,,,,,,91.0,Charité - Universitätsmedizin Berlin,Germany,"9,520",18.1,21%,65 : 35,66.937,47.2,48.7,98.2,100.0,72.4,2026.0,Charité - Universitätsmedizin Berlin,Germany,2026,THE only,THE record not matched in QS
584,621-630,Charles Darwin University,Australia,Oceania,M,FO,VH,Public,7.8,467.0,Charles Darwin University,Australia,"7,195",23.9,38%,65 : 35,47.2335,22.7,29.9,78.9,50.4,82.4,2026.0,Charles Darwin University,Australia,2026,QS + THE,Matched
951-1000,851-900,Charles Sturt University,Australia,Oceania,L,CO,VH,Public,6.4,775.0,Charles Sturt University,Australia,"18,763",21.8,11%,69 : 31,39.62199999999999,18.8,20.2,72.3,52.2,59.2,2026.0,Charles Sturt University,Australia,2026,QS + THE,Matched
265,246,Charles University,Czechia,Europe,XL,FC,VH,Public,58.5,465.0,Charles University,Czechia,"53,904",13.5,24%,62 : 38,47.347,37.9,32.2,64.8,63.4,64.7,2026.0,Charles University,Czechia,2026,QS + THE,Matched
,,,,,,,,,,1272.0,Chaudhary Charan Singh University - Meerut,India,"3,519",15.0,0%,36 : 64,30.8295,34.4,11.0,45.8,32.1,32.9,2026.0,Chaudhary Charan Singh University - Meerut,India,2026,THE only,THE record not matched in QS
,,,,,,,,,,2185.0,Chelyabinsk State University,Russian Federation,"13,208",23.4,2%,57 : 43,12.3565,12.9,10.6,9.6,17.3,25.4,2026.0,Chelyabinsk State University,Russian Federation,2026,THE only,THE record not matched in QS
,,,,,,,,,,908.0,Chengdu University,China,"27,472",16.2,2%,54 : 46,37.1245,17.4,15.7,77.9,47.9,28.7,2026.0,Chengdu University,China,2026,THE only,THE record not matched in QS
526,567,Chiang Mai University,Thailand,Asia,XL,FC,HI,Public,48.8,1046.0,Chiang Mai University,Thailand,"35,691",13.9,4%,61 : 39,34.664500000000004,29.0,18.8,51.7,55.0,39.3,2026.0,Chiang Mai University,Thailand,2026,QS + THE,Matched
,,,,,,,,,,2144.0,Chiba Institute of Technology,Japan,"10,048",24.6,2%,15 : 85,14.32,14.5,8.5,15.2,35.5,21.3,2026.0,Chiba Institute of Technology,Japan,2026,THE only,THE record not matched in QS
791-800,771-780,Chiba University,Japan,Asia,L,FC,VH,Public,22.5,1055.0,Chiba University,Japan,"13,630",8.6,5%,38 : 62,34.54,33.7,21.1,43.7,70.3,34.1,2026.0,Chiba University,Japan,2026,QS + THE,Matched
504,484,China Agricultural University,China (Mainland),Asia,L,FC,VH,Public,12.3,,,,,,,,,,,,,,,China Agricultural University,China (Mainland),2026,QS only,QS record not matched in THE
,,,,,,,,,,324.0,"China Medical University, Taiwan",Taiwan,"7,217",15.5,7%,57 : 43,52.9175,28.2,32.5,91.7,95.4,51.3,2026.0,"China Medical University, Taiwan",Taiwan,2026,THE only,THE record not matched in QS
,,,,,,,,,,1010.0,China Pharmaceutical University,China,"19,664",16.7,2%,63 : 37,35.2975,25.6,20.7,55.8,85.5,21.1,2026.0,China Pharmaceutical University,China,2026,THE only,THE record not matched in QS
851-900,771-780,China University of Geosciences,China (Mainland),Asia,L,FO,VH,Public,6.6,,,,,,,,,,,,,,,China University of Geosciences,China (Mainland),2026,QS only,QS record not matched in THE
654,681-690,China University of Mining and Technology,China (Mainland),Asia,L,FO,VH,Public,4.3,,,,,,,,,,,,,,,China University of Mining and Technology,China (Mainland),2026,QS only,QS record not matched in THE
686,631-640,China University of Petroleum,China (Mainland),Asia,L,CO,VH,Public,3.1,,,,,,,,,,,,,,,China University of Petroleum,China (Mainland),2026,QS only,QS record not matched in THE
,,,,,,,,,,593.0,"China University of Petroleum, Beijing",China,"18,745",18.1,5%,,43.974500000000006,34.2,38.0,56.8,96.7,26.1,2026.0,"China University of Petroleum, Beijing",China,2026,THE only,THE record not matched in QS
1201-1400,1201-1400,China University of Political Science and Law,China (Mainland),Asia,L,FO,MD,Public,3.5,,,,,,,,,,,,,,,China University of Political Science and Law,China (Mainland),2026,QS only,QS record not matched in THE
,,,,,,,,,,2070.0,Chinese Culture University,Taiwan,"18,673",21.2,7%,48 : 52,16.175,14.8,11.9,15.8,34.2,30.0,2026.0,Chinese Culture University,Taiwan,2026,THE only,THE record not matched in QS
,,,,,,,,,,44.0,The Chinese University of Hong Kong,Hong Kong,"18,461",18.2,25%,,77.0595,63.2,63.8,97.9,90.9,92.1,2026.0,The Chinese University of Hong Kong,Hong Kong,2026,THE only,THE record not matched in QS
32,36,The Chinese University of Hong Kong,"Hong Kong SAR, China",Asia,L,FC,VH,Public,94.2,,,,,,,,,,,,,,,The Chinese University of Hong Kong,"Hong Kong SAR, China",2026,QS only,QS record not matched in THE
1201-1400,1201-1400,Chitkara University,India,Asia,L,CO,VH,Private not for Profit,10.0,717.0,Chitkara University,India,"18,269",13.8,3%,44 : 56,40.810500000000005,21.1,14.7,91.0,22.7,28.2,2026.0,Chitkara University,India,2026,QS + THE,Matched
1401+,1201-1400,Chittagong University of Engineering and Technology,Bangladesh,Asia,M,SP,HI,Public,10.0,1268.0,Chittagong University of Engineering & Technology,Bangladesh,"5,758",17.4,0%,23 : 77,30.918499999999995,13.7,11.7,67.2,23.1,32.0,2026.0,Chittagong University of Engineering and Technology,Bangladesh,2026,QS + THE,Matched
,,,,,,,,,,389.0,Chongqing University,China,"45,609",17.7,3%,,50.19799999999999,30.2,36.0,78.1,98.1,46.6,2026.0,Chongqing University,China,2026,THE only,THE record not matched in QS
504,489,Chongqing University,China (Mainland),Asia,XL,SP,VH,Public,11.9,,,,,,,,,,,,,,,Chongqing University,China (Mainland),2026,QS only,QS record not matched in THE
901-950,851-900,Chonnam National University,Republic of Korea,Asia,L,FC,VH,Public,12.2,,,,,,,,,,,,,,,Chonnam National University,Republic of Korea,2026,QS only,QS record not matched in THE
,,,,,,,,,,865.0,Chonnam National University,South Korea,"16,714",12.6,8%,51 : 49,37.7795,34.5,29.6,47.0,60.7,33.2,2026.0,Chonnam National University,South Korea,2026,THE only,THE record not matched in QS
,,,,,,,,,,1507.0,Chosun University,South Korea,"19,223",25.1,2%,47 : 53,27.198,25.2,23.1,25.8,75.0,31.0,2026.0,Chosun University,South Korea,2026,THE only,THE record not matched in QS
1401+,,"CHRIST (Deemed to be University), Bengaluru",India,Asia,XL,CO,HI,Private not for Profit,7.0,,,,,,,,,,,,,,,"CHRIST (Deemed to be University), Bengaluru",India,2026,QS only,QS record not matched in THE
,,,,,,,,,,1514.0,Christ University,India,"35,193",20.3,1%,52 : 48,27.128499999999995,15.6,14.5,52.0,22.1,24.5,2026.0,Christ University,India,2026,THE only,THE record not matched in QS
618,611-620,Christian-Albrechts-Universität zu Kiel,Germany,Europe,L,FC,VH,Public,24.4,,,,,,,,,,,,,,,Christian-Albrechts-Universität zu Kiel,Germany,2026,QS only,QS record not matched in THE
,,,,,,,,,,2027.0,Chubu University,Japan,"9,261",17.5,1%,28 : 72,17.1875,17.2,11.5,15.0,38.9,36.3,2026.0,Chubu University,Japan,2026,THE only,THE record not matched in QS
221,229,Chulalongkorn University,Thailand,Asia,XL,FC,VH,Public,82.0,579.0,Chulalongkorn University,Thailand,"34,173",12.0,4%,55 : 45,44.3495,39.5,31.3,56.1,82.0,46.8,2026.0,Chulalongkorn University,Thailand,2026,QS + THE,Matched
479,489,Chung-Ang University,Republic of Korea,Asia,L,FC,VH,Private not for Profit,24.9,,,,,,,,,,,,,,,Chung-Ang University,Republic of Korea,2026,QS only,QS record not matched in THE
,,,,,,,,,,456.0,Chung-Ang University,South Korea,"18,394",21.9,26%,,47.924,38.8,38.9,55.7,93.3,63.4,2026.0,Chung-Ang University,South Korea,2026,THE only,THE record not matched in QS
,,,,,,,,,,1577.0,Chung Shan Medical University,Taiwan,"7,085",17.5,3%,65 : 35,25.8895,20.3,21.4,31.7,63.0,22.2,2026.0,Chung Shan Medical University,Taiwan,2026,THE only,THE record not matched in QS
1001-1200,1001-1200,Chung Yuan Christian University,Taiwan,Asia,L,CO,HI,Public,9.9,1364.0,Chung Yuan Christian University,Taiwan,"14,676",30.2,8%,47 : 53,29.2745,18.9,24.2,36.4,64.9,42.2,2026.0,Chung Yuan Christian University,Taiwan,2026,QS + THE,Matched
1001-1200,1001-1200,Chungbuk National University,Republic of Korea,Asia,M,FC,VH,Public,6.5,,,,,,,,,,,,,,,Chungbuk National University,Republic of Korea,2026,QS only,QS record not matched in THE
,,,,,,,,,,1003.0,Chungbuk National University,South Korea,"11,274",13.3,11%,43 : 57,35.42399999999999,33.5,31.4,36.3,70.2,36.5,2026.0,Chungbuk National University,South Korea,2026,THE only,THE record not matched in QS
851-900,851-900,Chungnam National University,Republic of Korea,Asia,L,FC,VH,Public,11.7,,,,,,,,,,,,,,,Chungnam National University,Republic of Korea,2026,QS only,QS record not matched in THE
,,,,,,,,,,1089.0,Chungnam National University,South Korea,"20,792",20.2,3%,47 : 53,33.9375,30.1,30.7,37.9,72.0,25.4,2026.0,Chungnam National University,South Korea,2026,THE only,THE record not matched in QS
,,,,,,,,,,2049.0,Chuo University,Japan,"27,005",20.2,4%,38 : 62,16.715999999999998,18.2,10.8,14.7,37.0,31.0,2026.0,Chuo University,Japan,2026,THE only,THE record not matched in QS
1001-1200,1201-1400,The City College of New York,United States of America,Americas,L,FC,HI,Public,11.8,,,,,,,,,,,,,,,The City College of New York,United States,2026,QS only,QS record not matched in THE
,,,,,,,,,,305.0,"City St George's, University of London",United Kingdom,"20,905",17.1,41%,59 : 41,54.122,27.4,30.1,91.8,65.0,95.6,2026.0,"City St George's, University of London",United Kingdom,2026,THE only,THE record not matched in QS
310,,"City St George’s, University of London",United Kingdom,Europe,L,FO,VH,,26.9,,,,,,,,,,,,,,,"City St George’s, University of London",United Kingdom,2026,QS only,QS record not matched in THE
,,,,,,,,,,73.0,City University of Hong Kong,Hong Kong,"8,219",12.4,76%,54 : 46,71.14049999999999,56.5,52.7,92.7,100.0,98.4,2026.0,City University of Hong Kong,Hong Kong,2026,THE only,THE record not matched in QS
63,62,City University of Hong Kong,"Hong Kong SAR, China",Asia,M,CO,VH,Public,75.5,,,,,,,,,,,,,,,City University of Hong Kong,"Hong Kong SAR, China",2026,QS only,QS record not matched in THE
,,,,,,,,,,766.0,City University of Macau,Macao,"8,701",16.6,64%,53 : 47,39.7235,30.8,17.1,59.7,18.9,93.5,2026.0,City University of Macau,Macao,2026,THE only,THE record not matched in QS
613,661-670,City University of New York,United States of America,Americas,XL,FC,VH,Public,25.3,,,,,,,,,,,,,,,City University of New York,United States,2026,QS only,QS record not matched in THE
1001-1200,951-1000,Clark University,United States of America,Americas,S,CO,VH,Private not for Profit,2.5,881.0,Clark University,United States,"3,623",12.5,29%,55 : 45,37.559,27.2,19.3,57.2,44.2,66.8,2026.0,Clark University,United States,2026,QS + THE,Matched
951-1000,851-900,Clarkson University,United States of America,Americas,S,CO,VH,Private not for Profit,1.0,1118.0,Clarkson University,United States,"3,546",13.2,13%,35 : 65,33.384,32.6,18.2,36.8,63.6,65.4,2026.0,Clarkson University,United States,2026,QS + THE,Matched
,,,,,,,,,,682.0,Claude Bernard University Lyon 1,France,"35,702",16.9,13%,56 : 44,41.72,27.0,26.4,62.6,70.1,60.2,2026.0,Claude Bernard University Lyon 1,France,2026,THE only,THE record not matched in QS
951-1000,951-1000,Clemson University,United States of America,Americas,L,CO,VH,Public,9.6,,,,,,,,,,,,,,,Clemson University,United States,2026,QS only,QS record not matched in THE
1401+,1201-1400,Cleveland State University,United States of America,Americas,M,FO,VH,Public,4.5,,,,,,,,,,,,,,,Cleveland State University,United States,2026,QS only,QS record not matched in THE
,,,,,,,,,,1047.0,Cochin University of Science and Technology,India,"4,378",14.7,2%,57 : 43,34.6615,40.3,29.0,31.6,75.2,25.0,2026.0,Cochin University of Science and Technology,India,2026,THE only,THE record not matched in QS
901-950,771-780,Colegio de México,Mexico,Americas,S,SP,VH,Public,19.5,,,,,,,,,,,,,,,Colegio de México,Mexico,2026,QS only,QS record not matched in THE
571,501,Colorado School of Mines,United States of America,Americas,M,FO,VH,Public,11.3,470.0,Colorado School of Mines,United States,"7,022",17.2,7%,32 : 68,47.21,40.9,32.6,63.7,86.7,41.5,2026.0,Colorado School of Mines,United States,2026,QS + THE,Matched
458,442,Colorado State University,United States of America,Americas,L,CO,VH,Public,25.2,,,,,,,,,,,,,,,Colorado State University,United States,2026,QS only,QS record not matched in THE
,,,,,,,,,,510.0,"Colorado State University, Fort Collins",United States,"28,466",15.4,4%,57 : 43,45.986,35.0,30.2,68.7,70.7,46.2,2026.0,"Colorado State University, Fort Collins",United States,2026,THE only,THE record not matched in QS
38,34,Columbia University,United States of America,Americas,XL,FC,VH,Private not for Profit,99.9,20.0,Columbia University,United States,"30,580",5.6,42%,,89.4025,87.8,87.8,95.9,74.8,83.7,2026.0,Columbia University,United States,2026,QS + THE,Matched
684,661-670,Comenius University Bratislava,Slovakia,Europe,L,FC,HI,Public,16.8,1326.0,Comenius University Bratislava,Slovakia,"22,226",10.4,17%,65 : 35,29.9305,29.4,17.0,37.2,30.0,52.9,2026.0,Comenius University Bratislava,Slovakia,2026,QS + THE,Matched
,,,,,,,,,,1632.0,Communication University of China,China,"18,027",15.5,2%,68 : 32,25.252,25.7,16.4,29.4,56.8,24.3,2026.0,Communication University of China,China,2026,THE only,THE record not matched in QS
,,,,,,,,,,505.0,Complutense University of Madrid,Spain,"57,684",10.0,16%,63 : 37,46.123000000000005,43.7,34.5,57.6,56.6,49.1,2026.0,Complutense University of Madrid,Spain,2026,THE only,THE record not matched in QS
664,711-720,COMSATS University Islamabad,Pakistan,Asia,XL,CO,VH,Public,17.0,658.0,COMSATS University Islamabad,Pakistan,"33,193",15.8,1%,39 : 61,42.1595,19.8,16.9,86.2,43.5,50.9,2026.0,COMSATS University Islamabad,Pakistan,2026,QS + THE,Matched
465,415,Concordia University,Canada,Americas,XL,CO,VH,Public,21.7,659.0,Concordia University,Canada,"36,811",25.5,35%,49 : 51,42.142,24.5,25.8,63.7,68.0,74.7,2026.0,Concordia University,Canada,2026,QS + THE,Matched
,,,,,,,,,,518.0,Constructor University,Germany,"1,750",22.6,90%,42 : 58,45.7995,34.9,32.2,51.4,92.4,94.0,2026.0,Constructor University,Germany,2026,THE only,THE record not matched in QS
16,16,Cornell University,United States of America,Americas,L,FC,VH,Private not for Profit,99.5,19.0,Cornell University,United States,"25,673",10.6,26%,53 : 47,89.45899999999999,85.9,90.6,95.9,70.3,83.5,2026.0,Cornell University,United States,2026,QS + THE,Matched
,,,,,,,,,,1028.0,Covenant University,Nigeria,"9,690",22.2,0%,39 : 61,34.9875,21.6,27.5,50.8,55.7,42.3,2026.0,Covenant University,Nigeria,2026,THE only,THE record not matched in QS
558,526,Coventry University,United Kingdom,Europe,L,CO,VH,Public,16.0,685.0,Coventry University,United Kingdom,"30,640",14.6,58%,50 : 50,41.677,21.6,15.1,73.5,44.9,94.4,2026.0,Coventry University,United Kingdom,2026,QS + THE,Matched
,,,,,,,,,,1689.0,Cracow University of Technology,Poland,"12,400",11.0,7%,38 : 62,24.2065,25.9,10.4,32.7,30.5,33.6,2026.0,Cracow University of Technology,Poland,2026,THE only,THE record not matched in QS
1001-1200,1001-1200,Cracow University of Technology of Tadeusz Kościuszko,Poland,Europe,L,SP,VH,Public,12.6,,,,,,,,,,,,,,,Cracow University of Technology of Tadeusz Kościuszko,Poland,2026,QS only,QS record not matched in THE
,,,,,,,,,,1711.0,Cukurova University,Turkey,"33,663",22.9,3%,47 : 53,23.9135,22.3,13.8,32.5,33.7,29.8,2026.0,Cukurova University,Turkey,2026,THE only,THE record not matched in QS
1201-1400,1201-1400,Cukurova University,Türkiye,Asia,XL,FC,HI,Public,6.7,,,,,,,,,,,,,,,Cukurova University,Türkiye,2026,QS only,QS record not matched in THE
183,174,Curtin University,Australia,Oceania,L,CO,VH,Public,46.3,285.0,Curtin University,Australia,"29,539",19.9,35%,52 : 48,54.924,28.5,34.2,87.5,80.4,95.1,2026.0,Curtin University,Australia,2026,QS + THE,Matched
951-1000,851-900,CY Cergy Paris University,France,Europe,M,FO,VH,Public,5.2,1075.0,CY Cergy Paris University,France,"16,674",16.0,27%,50 : 50,34.151,26.3,20.5,38.1,56.5,90.1,2026.0,CY Cergy Paris University,France,2026,QS + THE,Matched
,,,,,,,,,,718.0,Cyprus International University,Northern Cyprus,"14,569",23.8,93%,47 : 53,40.80250000000001,17.8,12.1,83.5,17.5,83.9,2026.0,Cyprus International University,Northern Cyprus,2026,THE only,THE record not matched in QS
686,,Cyprus University of Technology,Cyprus,Asia,S,CO,VH,Public,8.1,555.0,Cyprus University of Technology,Cyprus,"3,377",15.8,15%,58 : 42,45.069,28.9,25.6,75.1,36.3,68.5,2026.0,Cyprus University of Technology,Cyprus,2026,QS + THE,Matched
416,420,Czech Technical University In Prague,Czechia,Europe,L,SP,VH,Public,26.8,1262.0,Czech Technical University in Prague,Czechia,"15,476",8.2,21%,31 : 69,31.0455,30.9,17.8,32.6,63.7,59.2,2026.0,Czech Technical University In Prague,Czechia,2026,QS + THE,Matched
761-770,711-720,Czech University of Life Sciences in Prague,Czechia,Europe,L,FO,VH,Public,11.6,,,,,,,,,,,,,,,Czech University of Life Sciences in Prague,Czechia,2026,QS only,QS record not matched in THE
,,,,,,,,,,765.0,Czech University of Life Sciences Prague (CZU),Czechia,"17,470",17.4,29%,48 : 52,39.729000000000006,25.1,17.5,64.9,47.3,78.5,2026.0,Czech University of Life Sciences Prague (CZU),Czechia,2026,THE only,THE record not matched in QS
1001-1200,951-1000,D. Serikbayev East Kazakhstan Technical University,Kazakhstan,Asia,M,FO,HI,Public,14.6,,,,,,,,,,,,,,,D. Serikbayev East Kazakhstan Technical University,Kazakhstan,2026,QS only,QS record not matched in THE
370,326,Daegu Gyeongbuk Institute of Science and Technology (DGIST),Republic of Korea,Asia,S,FO,VH,Public,17.0,,,,,,,,,,,,,,,Daegu Gyeongbuk Institute of Science and Technology (DGIST),Republic of Korea,2026,QS only,QS record not matched in THE
,,,,,,,,,,363.0,Daegu Gyeongbuk Institute of Science and Technology (DGIST),South Korea,942,6.7,4%,35 : 65,51.00999999999999,49.4,38.7,64.0,89.6,32.4,2026.0,Daegu Gyeongbuk Institute of Science and Technology (DGIST),South Korea,2026,THE only,THE record not matched in QS
1001-1200,1201-1400,Daffodil International University,Bangladesh,Asia,L,FO,VH,Private not for Profit,15.6,882.0,Daffodil International University (DIU),Bangladesh,"17,085",22.0,5%,37 : 63,37.5585,12.1,13.0,81.7,20.1,65.4,2026.0,Daffodil International University,Bangladesh,2026,QS + THE,Matched
283,275,Dalhousie University,Canada,Americas,L,FC,VH,Public,27.1,354.0,Dalhousie University,Canada,"17,682",13.4,27%,53 : 47,51.4795,33.1,33.2,75.4,74.3,86.6,2026.0,Dalhousie University,Canada,2026,QS + THE,Matched
,,,,,,,,,,404.0,Dalian University of Technology,China,"42,273",16.6,5%,32 : 68,49.714,34.6,39.3,71.6,99.0,35.6,2026.0,Dalian University of Technology,China,2026,THE only,THE record not matched in QS
482,448,Dalian University of Technology,China (Mainland),Asia,XL,CO,VH,Public,11.4,,,,,,,,,,,,,,,Dalian University of Technology,China (Mainland),2026,QS only,QS record not matched in THE
,,,,,,,,,,1403.0,Damanhour University,Egypt,"52,549",34.5,0%,62 : 38,28.5915,15.0,9.4,56.9,17.2,49.1,2026.0,Damanhour University,Egypt,2026,THE only,THE record not matched in QS
,,,,,,,,,,2156.0,Damascus University,Syria,"163,499",56.8,7%,69 : 31,13.883499999999998,12.5,8.3,12.1,18.1,45.8,2026.0,Damascus University,Syria,2026,THE only,THE record not matched in QS
1201-1400,1201-1400,Damascus University,Syrian Arab Republic,Asia,XL,FC,MD,Public,8.0,,,,,,,,,,,,,,,Damascus University,Syrian Arab Republic,2026,QS only,QS record not matched in THE
,,,,,,,,,,1789.0,Damghan University,Iran,"4,893",15.9,1%,62 : 38,22.498,18.0,10.8,36.2,19.9,32.0,2026.0,Damghan University,Iran,2026,THE only,THE record not matched in QS
,,,,,,,,,,1113.0,Damietta University,Egypt,"37,333",32.3,1%,62 : 38,33.4755,18.0,10.6,69.0,19.6,48.1,2026.0,Damietta University,Egypt,2026,THE only,THE record not matched in QS
1001-1200,1001-1200,Dankook University,Republic of Korea,Asia,L,FC,HI,Private not for Profit,10.0,,,,,,,,,,,,,,,Dankook University,Republic of Korea,2026,QS only,QS record not matched in THE
,,,,,,,,,,1741.0,Dankook University,South Korea,"26,277",16.6,5%,54 : 46,23.464,23.1,14.7,27.8,51.1,26.7,2026.0,Dankook University,South Korea,2026,THE only,THE record not matched in QS
247,243,Dartmouth College,United States of America,Americas,M,FC,VH,Private not for Profit,30.7,181.0,Dartmouth College,United States,"6,627",7.4,19%,48 : 52,60.01049999999999,56.3,38.5,81.8,72.8,63.8,2026.0,Dartmouth College,United States,2026,QS + THE,Matched
,,,,,,,,,,1106.0,Datta Meghe Institute of Higher Education & Research (Deemed to be University),India,"9,257",13.4,3%,61 : 39,33.5465,24.4,11.5,63.1,29.9,38.5,2026.0,Datta Meghe Institute of Higher Education & Research (Deemed to be University),India,2026,THE only,THE record not matched in QS
654,641-650,De La Salle University,Philippines,Asia,L,CO,HI,Private not for Profit,32.7,1822.0,De La Salle University,Philippines,"22,790",18.5,2%,51 : 49,21.619,18.3,12.6,31.4,24.1,29.1,2026.0,De La Salle University,Philippines,2026,QS + THE,Matched
801-850,711-720,De Montfort University,United Kingdom,Europe,L,FO,VH,Public,6.4,751.0,De Montfort University,United Kingdom,"23,655",20.6,47%,48 : 52,40.111,17.7,16.4,70.5,50.4,92.9,2026.0,De Montfort University,United Kingdom,2026,QS + THE,Matched
207,197,Deakin University,Australia,Oceania,XL,FC,VH,Public,42.3,210.0,Deakin University,Australia,"37,191",33.3,25%,58 : 42,57.9975,31.6,38.4,91.7,86.3,87.7,2026.0,Deakin University,Australia,2026,QS + THE,Matched
,,,,,,,,,,1590.0,Del Rosario University,Colombia,"10,119",12.4,4%,59 : 41,25.6855,21.5,16.2,32.3,30.5,49.8,2026.0,Del Rosario University,Colombia,2026,THE only,THE record not matched in QS
47,49,Delft University of Technology,Netherlands,Europe,L,CO,VH,Public,86.2,57.0,Delft University of Technology,Netherlands,"21,410",14.8,35%,32 : 68,74.246,64.1,75.1,75.5,100.0,92.1,2026.0,Delft University of Technology,Netherlands,2026,QS + THE,Matched
,,,,,,,,,,987.0,Delhi Technological University,India,"14,340",22.6,4%,17 : 83,35.73299999999999,23.9,22.7,63.3,37.8,21.3,2026.0,Delhi Technological University,India,2026,THE only,THE record not matched in QS
,,,,,,,,,,2160.0,"Delta State University, Abraka",Nigeria,"40,979",38.3,0%,58 : 42,13.690499999999998,13.5,9.4,15.1,16.3,24.0,2026.0,"Delta State University, Abraka",Nigeria,2026,THE only,THE record not matched in QS
1201-1400,,Delta University for Science & Technology,Egypt,Africa,L,FO,HI,Private not for Profit,26.2,1005.0,Delta University for Science and Technology,Egypt,"11,762",18.2,1%,46 : 54,35.37049999999999,21.4,11.0,70.9,18.0,51.7,2026.0,Delta University for Science & Technology,Egypt,2026,QS + THE,Matched
,,,,,,,,,,1293.0,Democritus University of Thrace,Greece,"23,828",33.9,4%,57 : 43,30.4675,17.4,16.8,56.1,37.0,28.7,2026.0,Democritus University of Thrace,Greece,2026,THE only,THE record not matched in QS
851-900,,Dhofar University,Oman,Asia,S,FO,VH,Private not for Profit,10.0,677.0,Dhofar University,Oman,"3,049",15.9,7%,53 : 47,41.8025,16.9,19.0,80.8,27.8,79.4,2026.0,Dhofar University,Oman,2026,QS + THE,Matched
,,,,,,,,,,1987.0,Dicle University,Turkey,"42,576",21.4,6%,46 : 54,18.0655,23.9,9.6,18.2,22.4,25.0,2026.0,Dicle University,Turkey,2026,THE only,THE record not matched in QS
,,,,,,,,,,1306.0,Diego Portales University,Chile,"18,505",17.1,3%,50 : 50,30.333,16.1,12.2,57.4,19.2,54.1,2026.0,Diego Portales University,Chile,2026,THE only,THE record not matched in QS
624,721-730,Diponegoro University,Indonesia,Asia,XL,FC,HI,Public,30.0,1559.0,Diponegoro University,Indonesia,"36,538",16.8,4%,66 : 34,26.228,32.5,16.8,23.0,45.4,40.7,2026.0,Diponegoro University,Indonesia,2026,QS + THE,Matched
,,,,,,,,,,1305.0,DIT University,India,"5,304",15.8,3%,31 : 69,30.365,18.7,11.3,63.2,17.1,25.7,2026.0,DIT University,India,2026,THE only,THE record not matched in QS
,,,,,,,,,,1764.0,Dnipro University of Technology,Ukraine,"13,079",20.8,0%,27 : 73,22.9055,13.0,7.6,47.1,17.6,27.1,2026.0,Dnipro University of Technology,Ukraine,2026,THE only,THE record not matched in QS
,,,,,,,,,,1775.0,Dokkyo Medical University,Japan,"1,301",1.5,1%,55 : 45,22.7415,28.1,10.9,27.8,37.4,19.4,2026.0,Dokkyo Medical University,Japan,2026,THE only,THE record not matched in QS
1201-1400,1201-1400,Dokuz Eylül Üniversitesi,Türkiye,Asia,XL,FC,HI,Public,9.5,,,,,,,,,,,,,,,Dokuz Eylül Üniversitesi,Türkiye,2026,QS only,QS record not matched in THE
,,,,,,,,,,1580.0,Dokuz Eylül University,Turkey,"58,554",27.8,10%,49 : 51,25.8365,27.7,15.9,27.2,64.6,30.8,2026.0,Dokuz Eylül University,Turkey,2026,THE only,THE record not matched in QS
,,,,,,,,,,1952.0,Don State Technical University,Russian Federation,"26,083",13.9,12%,54 : 46,18.7465,20.9,10.3,21.0,24.6,30.8,2026.0,Don State Technical University,Russian Federation,2026,THE only,THE record not matched in QS
618,701-710,Dongguk University,Republic of Korea,Asia,L,FC,HI,Private not for Profit,12.8,,,,,,,,,,,,,,,Dongguk University,Republic of Korea,2026,QS only,QS record not matched in THE
,,,,,,,,,,480.0,Donghua University,China,"23,520",12.2,7%,48 : 52,46.924,32.9,25.2,77.8,93.2,37.9,2026.0,Donghua University,China,2026,THE only,THE record not matched in QS
801-850,851-900,Donghua University,China (Mainland),Asia,L,CO,VH,Public,4.5,,,,,,,,,,,,,,,Donghua University,China (Mainland),2026,QS only,QS record not matched in THE
1201-1400,1201-1400,Doshisha University,Japan,Asia,L,CO,HI,Private not for Profit,11.1,2069.0,Doshisha University,Japan,"26,715",18.1,4%,42 : 58,16.256,18.1,11.1,12.4,35.5,34.1,2026.0,Doshisha University,Japan,2026,QS + THE,Matched
,,,,,,,,,,1761.0,Dow University of Health Sciences,Pakistan,"8,085",7.9,5%,74 : 26,22.933,24.5,10.4,27.9,19.3,47.3,2026.0,Dow University of Health Sciences,Pakistan,2026,THE only,THE record not matched in QS
,,,,,,,,,,1162.0,Dr B.R. Ambedkar National Institute of Technology Jalandhar,India,"5,637",20.5,0%,25 : 75,32.691500000000005,25.6,17.0,59.1,25.8,19.3,2026.0,Dr B.R. Ambedkar National Institute of Technology Jalandhar,India,2026,THE only,THE record not matched in QS
,,,,,,,,,,1217.0,"Dr D. Y. Patil Vidyapeeth, Pune",India,"5,568",10.2,2%,62 : 38,31.87400000000001,43.5,11.1,38.7,20.0,45.5,2026.0,"Dr D. Y. Patil Vidyapeeth, Pune",India,2026,THE only,THE record not matched in QS
,,,,,,,,,,1996.0,Dr. M.G.R. Educational and Research Institute,India,"31,849",12.8,0%,35 : 65,17.9305,18.6,8.6,25.3,16.8,22.5,2026.0,Dr. M.G.R. Educational and Research Institute,India,2026,THE only,THE record not matched in QS
711-720,721-730,Drexel University,United States of America,Americas,L,FC,VH,Private not for Profit,8.9,421.0,Drexel University,United States,"18,893",12.2,15%,52 : 48,49.066,42.4,25.5,72.1,74.7,60.6,2026.0,Drexel University,United States,2026,QS + THE,Matched
410,421,Dublin City University,Ireland,Europe,L,FC,HI,Public,29.2,310.0,Dublin City University,Ireland,"14,712",27.3,13%,58 : 42,53.694,28.5,36.6,88.6,69.0,71.1,2026.0,Dublin City University,Ireland,2026,QS + THE,Matched
62,61,Duke University,United States of America,Americas,L,FC,VH,Private not for Profit,92.9,28.0,Duke University,United States,"17,871",4.4,25%,55 : 45,82.9195,78.7,74.2,95.4,100.0,74.2,2026.0,Duke University,United States,2026,QS + THE,Matched
,,,,,,,,,,2004.0,Dumlupinar University,Turkey,"51,517",59.1,20%,26 : 74,17.712500000000002,11.5,10.6,25.1,19.4,39.2,2026.0,Dumlupinar University,Turkey,2026,THE only,THE record not matched in QS
,,,,,,,,,,1774.0,Dunarea de Jos University of Galati,Romania,"12,770",15.9,23%,58 : 42,22.773,20.0,10.2,32.3,19.0,46.2,2026.0,Dunarea de Jos University of Galati,Romania,2026,THE only,THE record not matched in QS
,,,,,,,,,,1599.0,Durban University of Technology,South Africa,"27,036",31.4,1%,56 : 44,25.6105,17.9,14.0,38.1,25.0,51.2,2026.0,Durban University of Technology,South Africa,2026,THE only,THE record not matched in QS
94,89,Durham University,United Kingdom,Europe,L,FC,VH,Public,74.1,177.0,Durham University,United Kingdom,"21,470",13.2,34%,54 : 46,60.262,45.2,44.9,81.0,62.8,94.6,2026.0,Durham University,United Kingdom,2026,QS + THE,Matched
482,495,Duy Tan University,Viet Nam,Asia,L,CO,VH,Private for Profit,13.7,,,,,,,,,,,,,,,Duy Tan University,Viet Nam,2026,QS only,QS record not matched in THE
,,,,,,,,,,695.0,Duy Tan University,Vietnam,"23,574",22.7,1%,61 : 39,41.532,12.8,17.0,91.9,27.9,55.2,2026.0,Duy Tan University,Vietnam,2026,THE only,THE record not matched in QS
,,,,,,,,,,1290.0,Duzce University,Turkey,"21,362",32.2,7%,46 : 54,30.519,19.3,20.1,48.3,56.6,29.9,2026.0,Duzce University,Turkey,2026,THE only,THE record not matched in QS
,,,,,,,,,,1982.0,EAFIT University,Colombia,"12,722",19.0,2%,43 : 57,18.2115,17.4,11.1,18.4,21.3,46.5,2026.0,EAFIT University,Colombia,2026,THE only,THE record not matched in QS
,,,,,,,,,,286.0,East China Normal University,China,"30,163",15.0,7%,62 : 38,54.921,43.1,36.5,79.5,90.6,55.3,2026.0,East China Normal University,China,2026,THE only,THE record not matched in QS
433,501,East China Normal University,China (Mainland),Asia,XL,CO,VH,Public,19.9,,,,,,,,,,,,,,,East China Normal University,China (Mainland),2026,QS only,QS record not matched in THE
,,,,,,,,,,657.0,East China University of Science and Technology,China,"32,389",19.0,2%,43 : 57,42.185,31.1,29.1,63.3,96.6,22.9,2026.0,East China University of Science and Technology,China,2026,THE only,THE record not matched in QS
673,641-650,East China University of Science and Technology,China (Mainland),Asia,XL,CO,VH,Public,9.1,,,,,,,,,,,,,,,East China University of Science and Technology,China (Mainland),2026,QS only,QS record not matched in THE
,,,,,,,,,,1981.0,East China University of Technology,China,"26,036",15.6,0%,35 : 65,18.2635,15.6,10.0,26.1,37.1,19.3,2026.0,East China University of Technology,China,2026,THE only,THE record not matched in QS
1401+,1401+,East West University,Bangladesh,Asia,L,FO,HI,Private not for Profit,8.8,1818.0,East West University,Bangladesh,"12,156",26.8,0%,51 : 49,21.7655,11.2,9.3,41.7,17.8,33.9,2026.0,East West University,Bangladesh,2026,QS + THE,Matched
691,611-620,Eastern Mediterranean University,Northern Cyprus,Asia,L,FC,HI,Public,9.2,763.0,Eastern Mediterranean University,Northern Cyprus,"14,696",23.3,72%,48 : 52,39.8355,20.2,12.7,77.2,30.9,77.3,2026.0,Eastern Mediterranean University,Northern Cyprus,2026,QS + THE,Matched
215,222,Eberhard Karls Universität Tübingen,Germany,Europe,L,FC,VH,Public,61.0,,,,,,,,,,,,,,,Eberhard Karls Universität Tübingen,Germany,2026,QS only,QS record not matched in THE
,,,,,,,,,,995.0,École Centrale de Lyon,France,"2,251",15.6,25%,29 : 71,35.5785,37.2,22.8,29.5,85.5,76.3,2026.0,École Centrale de Lyon,France,2026,THE only,THE record not matched in QS
,,,,,,,,,,726.0,École des Mines de Saint-Étienne,France,"1,128",9.5,29%,27 : 73,40.6165,47.3,31.3,30.1,78.9,72.0,2026.0,École des Mines de Saint-Étienne,France,2026,THE only,THE record not matched in QS
,,,,,,,,,,635.0,École Nationale des Travaux Publics de l'État (ENTPE),France,794,13.5,17%,43 : 57,42.6475,36.4,37.2,41.8,80.1,71.7,2026.0,École Nationale des Travaux Publics de l'État (ENTPE),France,2026,THE only,THE record not matched in QS
205,187,Ecole Normale Supérieure de Lyon,France,Europe,S,CO,VH,Public,41.7,315.0,École Normale Supérieure de Lyon,France,"1,934",7.1,11%,45 : 55,53.524,56.8,44.0,51.9,90.2,64.4,2026.0,Ecole Normale Supérieure de Lyon,France,2026,QS + THE,Matched
22,26,École Polytechnique Fédérale de Lausanne,Switzerland,Europe,M,FO,VH,Public,92.7,35.0,École Polytechnique Fédérale de Lausanne,Switzerland,"13,306",13.3,64%,31 : 69,79.61549999999998,73.5,70.8,87.5,99.9,95.4,2026.0,École Polytechnique Fédérale de Lausanne,Switzerland,2026,QS + THE,Matched
,,,,,,,,,,1092.0,Edge Hill University,United Kingdom,"11,925",15.7,9%,71 : 29,33.866,18.5,14.2,62.2,30.7,58.7,2026.0,Edge Hill University,United Kingdom,2026,THE only,THE record not matched in QS
851-900,801-850,Edinburgh Napier University,United Kingdom,Europe,L,CO,HI,Public,7.9,674.0,Edinburgh Napier University,United Kingdom,"14,615",21.8,21%,55 : 45,41.886,17.5,19.7,75.3,41.2,90.3,2026.0,Edinburgh Napier University,United Kingdom,2026,QS + THE,Matched
487,516,Edith Cowan University,Australia,Oceania,L,CO,VH,Public,13.7,381.0,Edith Cowan University,Australia,"18,928",27.9,35%,62 : 38,50.3385,22.5,25.8,89.2,69.6,89.0,2026.0,Edith Cowan University,Australia,2026,QS + THE,Matched
,,,,,,,,,,197.0,The Education University of Hong Kong,Hong Kong,"5,692",13.0,27%,63 : 37,59.01049999999999,35.8,38.9,91.6,74.4,89.5,2026.0,The Education University of Hong Kong,Hong Kong,2026,THE only,THE record not matched in QS
530,,The Education University of Hong Kong,"Hong Kong SAR, China",Asia,M,FO,VH,,9.4,,,,,,,,,,,,,,,The Education University of Hong Kong,"Hong Kong SAR, China",2026,QS only,QS record not matched in THE
851-900,721-730,Effat University,Saudi Arabia,Asia,S,FO,VH,Private not for Profit,4.9,,,,,,,,,,,,,,,Effat University,Saudi Arabia,2026,QS only,QS record not matched in THE
1001-1200,1001-1200,Ege Üniversitesi,Türkiye,Asia,XL,FC,HI,Public,14.5,,,,,,,,,,,,,,,Ege Üniversitesi,Türkiye,2026,QS only,QS record not matched in THE
,,,,,,,,,,1391.0,Ege University,Turkey,"30,191",13.7,4%,53 : 47,28.729499999999994,35.0,14.0,34.2,51.3,27.1,2026.0,Ege University,Turkey,2026,THE only,THE record not matched in QS
,,,,,,,,,,660.0,Egypt-Japan University of Science and Technology (E-JUST),Egypt,"3,015",26.5,4%,33 : 67,42.132,30.7,27.4,65.0,40.8,53.3,2026.0,Egypt-Japan University of Science and Technology (E-JUST),Egypt,2026,THE only,THE record not matched in QS
,,,,,,,,,,1672.0,Ehime University,Japan,"8,855",9.9,2%,40 : 60,24.477999999999994,25.8,14.8,26.7,54.5,31.8,2026.0,Ehime University,Japan,2026,THE only,THE record not matched in QS
140,136,Eindhoven University of Technology,Netherlands,Europe,M,FO,VH,Public,40.5,194.0,Eindhoven University of Technology,Netherlands,"10,823",19.1,36%,30 : 70,59.1715,47.7,49.5,67.0,100.0,88.6,2026.0,Eindhoven University of Technology,Netherlands,2026,QS + THE,Matched
,,,,,,,,,,1979.0,Ekiti State University,Nigeria,"13,983",25.6,,63 : 37,18.284,24.2,10.1,17.3,16.4,31.6,2026.0,Ekiti State University,Nigeria,2026,THE only,THE record not matched in QS
,,,,,,,,,,1823.0,El Bosque University,Colombia,"15,881",7.6,2%,60 : 40,21.5975,23.6,9.0,27.1,17.7,42.5,2026.0,El Bosque University,Colombia,2026,THE only,THE record not matched in QS
182,196,Emory University,United States of America,Americas,L,FC,VH,Private not for Profit,34.5,102.0,Emory University,United States,"13,652",4.0,20%,61 : 39,65.941,53.8,46.2,94.6,82.8,66.4,2026.0,Emory University,United States,2026,QS + THE,Matched
,,,,,,,,,,852.0,Empress Catherine II Saint Petersburg Mining University,Russian Federation,"10,462",16.1,17%,43 : 57,37.996500000000005,28.7,17.9,62.8,51.6,45.8,2026.0,Empress Catherine II Saint Petersburg Mining University,Russian Federation,2026,THE only,THE record not matched in QS
584,564,Eotvos Lorand University,Hungary,Europe,XL,CO,VH,Public,31.6,943.0,Eötvös Loránd University,Hungary,"32,848",17.7,12%,61 : 39,36.4545,29.6,19.8,55.4,39.7,50.3,2026.0,Eotvos Lorand University,Hungary,2026,QS + THE,Matched
140,158,Erasmus University Rotterdam,Netherlands,Europe,L,FO,VH,Public,49.4,107.0,Erasmus University Rotterdam,Netherlands,"31,507",21.1,26%,54 : 46,65.569,38.5,52.9,95.9,89.2,87.1,2026.0,Erasmus University Rotterdam,Netherlands,2026,QS + THE,Matched
1201-1400,1201-1400,Erciyes Üniversitesi,Türkiye,Asia,XL,FC,HI,Public,6.8,,,,,,,,,,,,,,,Erciyes Üniversitesi,Türkiye,2026,QS only,QS record not matched in THE
,,,,,,,,,,1421.0,Erciyes University,Turkey,"37,763",26.1,9%,50 : 50,28.4315,25.0,13.6,43.0,41.0,34.3,2026.0,Erciyes University,Turkey,2026,THE only,THE record not matched in QS
,,,,,,,,,,1877.0,Erzincan Binali Yıldırım University,Turkey,"24,090",20.4,4%,48 : 52,20.548,13.0,9.1,38.1,18.1,25.6,2026.0,Erzincan Binali Yıldırım University,Turkey,2026,THE only,THE record not matched in QS
1401+,1201-1400,Escuela Politécnica Nacional,Ecuador,Americas,M,FO,VH,Public,10.2,1863.0,Escuela Politécnica Nacional,Ecuador,"7,569",14.2,2%,30 : 70,20.9075,18.7,9.8,26.7,24.6,47.4,2026.0,Escuela Politécnica Nacional,Ecuador,2026,QS + THE,Matched
,,,,,,,,,,1593.0,Escuela Superior Politécnica del Litoral,Ecuador,"10,308",8.9,1%,39 : 61,25.6655,22.4,9.7,35.8,31.3,56.7,2026.0,Escuela Superior Politécnica del Litoral,Ecuador,2026,THE only,THE record not matched in QS
951-1000,1001-1200,Escuela Superior Politécnica del Litoral - ESPOL,Ecuador,Americas,M,CO,VH,Public,22.7,,,,,,,,,,,,,,,Escuela Superior Politécnica del Litoral - ESPOL,Ecuador,2026,QS only,QS record not matched in THE
,,,,,,,,,,1735.0,Eskişehir Osmangazi University,Turkey,"30,370",24.9,6%,47 : 53,23.53,20.6,22.6,26.3,24.6,27.0,2026.0,Eskişehir Osmangazi University,Turkey,2026,THE only,THE record not matched in QS
,,,,,,,,,,1961.0,Eskişehir Technical University,Turkey,"11,805",16.0,3%,43 : 57,18.576,20.7,9.8,23.1,23.0,23.7,2026.0,Eskişehir Technical University,Turkey,2026,THE only,THE record not matched in QS
7,7,ETH Zurich (Swiss Federal Institute of Technology),Switzerland,Europe,L,FO,VH,Public,99.7,11.0,ETH Zurich,Switzerland,"23,106",15.5,44%,33 : 67,93.126,88.5,97.2,94.5,83.7,95.1,2026.0,ETH Zurich (Swiss Federal Institute of Technology),Switzerland,2026,QS + THE,Matched
,,,,,,,,,,854.0,European University Cyprus,Cyprus,"5,474",15.2,58%,62 : 38,37.9585,20.4,15.3,65.8,19.9,92.9,2026.0,European University Cyprus,Cyprus,2026,THE only,THE record not matched in QS
851-900,,European University of Lefke (EUL),Northern Cyprus,Asia,M,FO,HI,Public,6.7,,,,,,,,,,,,,,,European University of Lefke (EUL),Northern Cyprus,2026,QS only,QS record not matched in THE
,,,,,,,,,,1072.0,European University of Madrid,Spain,"15,141",8.2,38%,51 : 49,34.228500000000004,24.8,10.0,61.2,18.5,65.5,2026.0,European University of Madrid,Spain,2026,THE only,THE record not matched in QS
504,511,Ewha Womans University,Republic of Korea,Asia,L,FC,HI,Private not for Profit,33.5,,,,,,,,,,,,,,,Ewha Womans University,Republic of Korea,2026,QS only,QS record not matched in THE
,,,,,,,,,,583.0,Ewha Womans University,South Korea,"14,226",16.6,16%,100 : 0,44.246,36.9,37.3,50.3,90.9,50.9,2026.0,Ewha Womans University,South Korea,2026,THE only,THE record not matched in QS
731-740,631-640,Far Eastern Federal University,Russian Federation,Europe,L,CO,HI,Public,13.9,1664.0,Far Eastern Federal University,Russian Federation,"18,054",15.6,21%,59 : 41,24.59,29.1,18.4,16.4,30.3,60.5,2026.0,Far Eastern Federal University,Russian Federation,2026,QS + THE,Matched
,,,,,,,,,,1225.0,Fayoum University,Egypt,"52,796",16.3,1%,62 : 38,31.713,18.3,12.2,60.9,23.6,47.5,2026.0,Fayoum University,Egypt,2026,THE only,THE record not matched in QS
,,,,,,,,,,2190.0,"Federal Institute of Education, Science and Technology of São Paulo",Brazil,"70,000",20.0,0%,37 : 63,10.8635,12.6,7.1,8.8,17.5,23.3,2026.0,"Federal Institute of Education, Science and Technology of São Paulo",Brazil,2026,THE only,THE record not matched in QS
,,,,,,,,,,1870.0,Federal Rural University of Pernambuco,Brazil,"14,329",12.6,0%,53 : 47,20.704,30.4,10.3,19.8,24.1,24.6,2026.0,Federal Rural University of Pernambuco,Brazil,2026,THE only,THE record not matched in QS
,,,,,,,,,,1963.0,"Federal University of Agriculture, Abeokuta",Nigeria,"21,219",37.0,0%,39 : 61,18.5175,17.7,8.8,24.3,21.1,34.8,2026.0,"Federal University of Agriculture, Abeokuta",Nigeria,2026,THE only,THE record not matched in QS
,,,,,,,,,,1768.0,Federal University of Espírito Santo,Brazil,"30,434",17.2,1%,55 : 45,22.871,24.2,12.8,25.5,53.0,30.0,2026.0,Federal University of Espírito Santo,Brazil,2026,THE only,THE record not matched in QS
,,,,,,,,,,1510.0,Federal University of Goiás,Brazil,"23,032",11.5,1%,42 : 58,27.184999999999995,31.8,23.7,25.4,25.4,30.6,2026.0,Federal University of Goiás,Brazil,2026,THE only,THE record not matched in QS
,,,,,,,,,,1531.0,Federal University of Lavras,Brazil,"13,186",17.1,2%,49 : 51,26.7605,30.8,19.0,28.7,32.8,29.9,2026.0,Federal University of Lavras,Brazil,2026,THE only,THE record not matched in QS
,,,,,,,,,,1765.0,Federal University of Mato Grosso do Sul,Brazil,"23,578",13.3,1%,56 : 44,22.8995,24.0,14.5,25.6,37.8,32.3,2026.0,Federal University of Mato Grosso do Sul,Brazil,2026,THE only,THE record not matched in QS
,,,,,,,,,,896.0,Federal University of Minas Gerais,Brazil,"43,267",14.9,2%,56 : 44,37.2165,41.6,25.3,42.4,53.0,36.9,2026.0,Federal University of Minas Gerais,Brazil,2026,THE only,THE record not matched in QS
,,,,,,,,,,1866.0,Federal University of Pará,Brazil,"49,025",18.1,0%,55 : 45,20.8385,25.2,12.9,21.8,28.4,26.5,2026.0,Federal University of Pará,Brazil,2026,THE only,THE record not matched in QS
,,,,,,,,,,1734.0,Federal University of Pelotas,Brazil,"21,972",14.9,1%,57 : 43,23.5335,25.1,14.1,30.0,25.0,27.2,2026.0,Federal University of Pelotas,Brazil,2026,THE only,THE record not matched in QS
,,,,,,,,,,723.0,Federal University of Rio de Janeiro,Brazil,"56,160",14.6,1%,56 : 44,40.681,42.6,36.2,38.1,84.9,37.2,2026.0,Federal University of Rio de Janeiro,Brazil,2026,THE only,THE record not matched in QS
,,,,,,,,,,1663.0,Federal University of Rio Grande do Norte (UFRN),Brazil,"52,086",19.7,0%,47 : 53,24.602999999999994,26.4,15.7,26.8,43.3,33.2,2026.0,Federal University of Rio Grande do Norte (UFRN),Brazil,2026,THE only,THE record not matched in QS
,,,,,,,,,,1584.0,Federal University of Santa Maria,Brazil,"27,692",14.2,1%,55 : 45,25.761,26.9,14.0,34.0,37.2,27.7,2026.0,Federal University of Santa Maria,Brazil,2026,THE only,THE record not matched in QS
,,,,,,,,,,1258.0,Federal University of São Carlos,Brazil,"20,250",14.2,1%,50 : 50,31.102,34.3,21.5,33.5,55.4,33.1,2026.0,Federal University of São Carlos,Brazil,2026,THE only,THE record not matched in QS
1001-1200,1001-1200,"The Federal University of Sao Carlos, UFSCar",Brazil,Americas,L,FC,VH,Public,15.0,,,,,,,,,,,,,,,"The Federal University of Sao Carlos, UFSCar",Brazil,2026,QS only,QS record not matched in THE
,,,,,,,,,,1509.0,Federal University of Technology Akure,Nigeria,"18,945",20.5,0%,26 : 74,27.187,24.4,12.2,40.0,23.9,46.6,2026.0,Federal University of Technology Akure,Nigeria,2026,THE only,THE record not matched in QS
,,,,,,,,,,1397.0,"Federal University of Technology, Minna",Nigeria,"26,887",23.7,0%,22 : 78,28.6405,22.3,8.5,51.8,17.8,44.6,2026.0,"Federal University of Technology, Minna",Nigeria,2026,THE only,THE record not matched in QS
,,,,,,,,,,1856.0,"Federal University of Technology, Owerri",Nigeria,"24,469",18.5,0%,32 : 68,21.0645,25.2,8.3,23.7,26.9,40.5,2026.0,"Federal University of Technology, Owerri",Nigeria,2026,THE only,THE record not matched in QS
,,,,,,,,,,1547.0,Federal University of Uberlândia,Brazil,"26,116",14.2,1%,52 : 48,26.393,24.9,13.1,39.1,39.4,25.9,2026.0,Federal University of Uberlândia,Brazil,2026,THE only,THE record not matched in QS
,,,,,,,,,,1770.0,Federal University of Viçosa,Brazil,"18,831",9.9,3%,56 : 44,22.7945,30.4,12.4,23.4,28.7,27.5,2026.0,Federal University of Viçosa,Brazil,2026,THE only,THE record not matched in QS
,,,,,,,,,,2146.0,Federal University Oye-Ekiti,Nigeria,"44,401",45.8,0%,49 : 51,14.301,10.3,9.2,16.5,16.3,39.9,2026.0,Federal University Oye-Ekiti,Nigeria,2026,THE only,THE record not matched in QS
,,,,,,,,,,547.0,Federation University Australia,Australia,"8,886",15.1,41%,60 : 40,45.276,20.9,18.2,81.5,70.5,87.5,2026.0,Federation University Australia,Australia,2026,THE only,THE record not matched in QS
,,,,,,,,,,1731.0,Federico Santa María Technical University,Chile,"19,907",27.1,2%,26 : 74,23.5815,14.5,12.9,33.0,40.7,53.8,2026.0,Federico Santa María Technical University,Chile,2026,THE only,THE record not matched in QS
1201-1400,1201-1400,Feng Chia University,Taiwan,Asia,L,FO,VH,Private for Profit,12.3,1760.0,Feng Chia University,Taiwan,"20,114",23.0,6%,41 : 59,23.0215,16.9,18.2,24.2,70.7,35.6,2026.0,Feng Chia University,Taiwan,2026,QS + THE,Matched
,,,,,,,,,,924.0,Ferdowsi University of Mashhad,Iran,"20,937",26.9,6%,54 : 46,36.843,30.4,28.0,50.7,49.5,34.2,2026.0,Ferdowsi University of Mashhad,Iran,2026,THE only,THE record not matched in QS
951-1000,951-1000,Ferdowsi University of Mashhad,Iran (Islamic Republic of),Asia,L,CO,VH,Public,11.1,,,,,,,,,,,,,,,Ferdowsi University of Mashhad,Iran (Islamic Republic of),2026,QS only,QS record not matched in THE
,,,,,,,,,,1826.0,Ferhat Abbas Sétif University 1,Algeria,"40,578",25.2,0%,63 : 37,21.5395,15.3,8.5,36.0,20.9,39.0,2026.0,Ferhat Abbas Sétif University 1,Algeria,2026,THE only,THE record not matched in QS
1001-1200,951-1000,Financial University under the Government of the Russian Federation,Russian Federation,Europe,L,FO,VH,Public,4.9,1198.0,Financial University under the Government of the Russian Federation,Russian Federation,"16,514",13.7,13%,57 : 43,32.1495,30.0,21.1,42.5,35.2,40.3,2026.0,Financial University under the Government of the Russian Federation,Russian Federation,2026,QS + THE,Matched
,,,,,,,,,,1176.0,Firat University,Turkey,"30,050",26.0,9%,49 : 51,32.5095,24.4,13.9,57.0,32.7,38.3,2026.0,Firat University,Turkey,2026,THE only,THE record not matched in QS
387,336,Flinders University,Australia,Oceania,L,FC,VH,Public,19.6,320.0,Flinders University,Australia,"16,021",29.9,40%,63 : 37,53.172,27.9,36.9,82.9,68.7,88.3,2026.0,Flinders University,Australia,2026,QS + THE,Matched
,,,,,,,,,,1068.0,Florida Agricultural and Mechanical University,United States,"8,805",13.2,1%,67 : 33,34.253,33.8,19.8,43.1,46.5,50.0,2026.0,Florida Agricultural and Mechanical University,United States,2026,THE only,THE record not matched in QS
,,,,,,,,,,948.0,Florida Atlantic University,United States,"23,754",19.5,10%,66 : 34,36.384,21.9,24.6,53.7,66.3,53.7,2026.0,Florida Atlantic University,United States,2026,THE only,THE record not matched in QS
1001-1200,1201-1400,Florida Atlantic University - Boca Raton,United States of America,Americas,L,FC,HI,Public,6.6,,,,,,,,,,,,,,,Florida Atlantic University - Boca Raton,United States,2026,QS only,QS record not matched in THE
,,,,,,,,,,1055.0,Florida Institute of Technology,United States,"6,456",18.3,21%,48 : 52,34.54,29.4,17.8,45.8,60.5,60.6,2026.0,Florida Institute of Technology,United States,2026,THE only,THE record not matched in QS
582,574,Florida International University,United States of America,Americas,XL,FC,HI,Public,22.7,489.0,Florida International University,United States,"35,509",22.2,9%,56 : 44,46.76049999999999,33.2,32.6,70.7,65.5,49.1,2026.0,Florida International University,United States,2026,QS + THE,Matched
549,573,Florida State University,United States of America,Americas,XL,FC,VH,Public,32.7,341.0,Florida State University,United States,"40,660",24.6,7%,58 : 42,52.082,39.0,39.5,73.8,67.3,57.2,2026.0,Florida State University,United States,2026,QS + THE,Matched
,,,,,,,,,,1780.0,Fluminense Federal University,Brazil,"71,079",20.2,0%,48 : 52,22.6685,23.6,13.4,27.9,27.2,31.5,2026.0,Fluminense Federal University,Brazil,2026,THE only,THE record not matched in QS
1001-1200,1001-1200,Fordham University,United States of America,Americas,L,CO,HI,Private not for Profit,9.1,,,,,,,,,,,,,,,Fordham University,United States,2026,QS only,QS record not matched in THE
,,,,,,,,,,113.0,Free University of Berlin,Germany,"24,851",43.9,24%,63 : 37,65.23449999999998,50.2,58.3,82.2,72.4,79.5,2026.0,Free University of Berlin,Germany,2026,THE only,THE record not matched in QS
,,,,,,,,,,432.0,Free University of Bozen-Bolzano,Italy,"4,032",10.4,17%,65 : 35,48.641,31.4,21.9,83.7,51.3,78.2,2026.0,Free University of Bozen-Bolzano,Italy,2026,THE only,THE record not matched in QS
88,97,Freie Universität Berlin,Germany,Europe,L,FC,VH,Public,88.3,,,,,,,,,,,,,,,Freie Universität Berlin,Germany,2026,QS only,QS record not matched in THE
,,,,,,,,,,203.0,Friedrich Schiller University Jena,Germany,"14,754",16.0,14%,,58.553,44.0,42.5,83.5,88.7,62.0,2026.0,Friedrich Schiller University Jena,Germany,2026,THE only,THE record not matched in QS
1201-1400,1201-1400,Fu Jen Catholic University,Taiwan,Asia,L,FC,HI,Private not for Profit,10.6,1394.0,Fu Jen Catholic University,Taiwan,"19,288",25.9,5%,59 : 41,28.6825,23.1,27.6,28.5,76.6,30.0,2026.0,Fu Jen Catholic University,Taiwan,2026,QS + THE,Matched
,,,,,,,,,,36.0,Fudan University,China,"38,601",12.4,10%,52 : 48,79.2785,79.5,77.1,84.8,99.8,53.8,2026.0,Fudan University,China,2026,THE only,THE record not matched in QS
30,39,Fudan University,China (Mainland),Asia,XL,FC,VH,Public,93.7,,,,,,,,,,,,,,,Fudan University,China (Mainland),2026,QS only,QS record not matched in THE
,,,,,,,,,,1154.0,Fujian Agriculture and Forestry University,China,"34,200",14.1,1%,52 : 48,32.838,20.1,13.3,64.2,45.1,26.5,2026.0,Fujian Agriculture and Forestry University,China,2026,THE only,THE record not matched in QS
,,,,,,,,,,1109.0,Fujita Health University,Japan,"3,025",3.4,2%,60 : 40,33.515,27.9,13.1,58.0,57.7,23.7,2026.0,Fujita Health University,Japan,2026,THE only,THE record not matched in QS
901-950,901-950,Future University in Egypt,Egypt,Africa,M,FO,VH,Private not for Profit,7.1,816.0,Future University in Egypt,Egypt,"7,962",9.5,11%,45 : 55,38.75299999999999,22.2,10.6,78.6,18.0,64.4,2026.0,Future University in Egypt,Egypt,2026,QS + THE,Matched
,,,,,,,,,,809.0,Fuzhou University,China,"44,604",17.4,1%,39 : 61,38.90249999999999,19.2,20.9,71.1,81.5,34.5,2026.0,Fuzhou University,China,2026,THE only,THE record not matched in QS
,,,,,,,,,,1000.0,Gabriele d‘Annunzio University,Italy,"21,794",28.5,3%,65 : 35,35.475500000000004,17.6,20.9,63.6,56.0,38.7,2026.0,Gabriele d‘Annunzio University,Italy,2026,THE only,THE record not matched in QS
,,,,,,,,,,596.0,Gachon University,South Korea,"23,826",24.4,18%,50 : 50,43.91199999999999,34.9,24.1,63.8,70.0,62.5,2026.0,Gachon University,South Korea,2026,THE only,THE record not matched in QS
1201-1400,,Galgotias University,India,Asia,L,CO,HI,Private not for Profit,16.6,1234.0,Galgotias University,India,"18,462",14.8,3%,36 : 64,31.607000000000003,21.3,10.9,64.2,19.5,28.3,2026.0,Galgotias University,India,2026,QS + THE,Matched
,,,,,,,,,,1448.0,Gauhati University,India,"5,733",12.7,0%,60 : 40,28.0475,39.4,15.4,31.4,22.4,21.9,2026.0,Gauhati University,India,2026,THE only,THE record not matched in QS
901-950,901-950,Gazi Üniversitesi,Türkiye,Asia,XL,FC,HI,Public,23.7,,,,,,,,,,,,,,,Gazi Üniversitesi,Türkiye,2026,QS only,QS record not matched in THE
,,,,,,,,,,1351.0,Gazi University,Turkey,"44,013",19.9,4%,52 : 48,29.485,27.3,19.6,37.1,69.5,24.5,2026.0,Gazi University,Turkey,2026,THE only,THE record not matched in QS
,,,,,,,,,,1742.0,Gaziantep University,Turkey,"35,026",37.9,15%,40 : 60,23.431,19.0,12.4,33.5,23.5,43.2,2026.0,Gaziantep University,Turkey,2026,THE only,THE record not matched in QS
,,,,,,,,,,935.0,Gazipur Agricultural University,Bangladesh,"2,027",8.9,2%,54 : 46,36.6415,23.0,9.3,75.3,17.3,51.7,2026.0,Gazipur Agricultural University,Bangladesh,2026,THE only,THE record not matched in QS
801-850,801-850,Gdansk University of Technology,Poland,Europe,L,FO,VH,Public,12.0,1073.0,Gdańsk University of Technology,Poland,"14,684",20.3,7%,39 : 61,34.198,22.1,19.3,55.0,60.6,42.1,2026.0,Gdansk University of Technology,Poland,2026,QS + THE,Matched
,,,,,,,,,,1959.0,Gdynia Maritime University,Poland,"3,279",10.2,3%,29 : 71,18.646,23.4,11.5,15.5,54.2,21.2,2026.0,Gdynia Maritime University,Poland,2026,THE only,THE record not matched in QS
,,,,,,,,,,1301.0,Gebze Technical University,Turkey,"8,171",25.3,5%,45 : 55,30.4,24.9,22.5,40.0,37.3,40.5,2026.0,Gebze Technical University,Turkey,2026,THE only,THE record not matched in QS
1001-1200,1001-1200,Gebze Technical University,Türkiye,Asia,M,CO,VH,Public,7.0,,,,,,,,,,,,,,,Gebze Technical University,Türkiye,2026,QS only,QS record not matched in THE
243,252,Georg-August-Universität Göttingen,Germany,Europe,L,FC,VH,Public,57.3,,,,,,,,,,,,,,,Georg-August-Universität Göttingen,Germany,2026,QS only,QS record not matched in THE
,,,,,,,,,,1697.0,"George Emil Palade University of Medicine, Pharmacy, Science, and Technology of Targu Mures",Romania,"9,743",17.7,14%,63 : 37,24.11,17.9,12.8,38.5,23.0,35.3,2026.0,"George Emil Palade University of Medicine, Pharmacy, Science, and Technology of Targu Mures",Romania,2026,THE only,THE record not matched in QS
951-1000,1001-1200,George Mason University,United States of America,Americas,L,CO,VH,Public,12.0,439.0,George Mason University,United States,"32,918",17.1,13%,52 : 48,48.37799999999999,31.0,28.3,79.8,63.9,60.4,2026.0,George Mason University,United States,2026,QS + THE,Matched
358,371,George Washington University,United States of America,Americas,L,FC,VH,Private not for Profit,31.7,226.0,George Washington University,United States,"21,756",12.4,19%,61 : 39,57.349,48.5,34.3,84.4,67.8,67.5,2026.0,George Washington University,United States,2026,QS + THE,Matched
285,301,Georgetown University,United States of America,Americas,L,FC,VH,Private not for Profit,38.2,209.0,Georgetown University,United States,"17,348",9.5,19%,56 : 44,57.9985,52.2,35.3,82.1,93.0,53.5,2026.0,Georgetown University,United States,2026,QS + THE,Matched
123,114,Georgia Institute of Technology,United States of America,Americas,XL,CO,VH,Public,76.0,42.0,Georgia Institute of Technology,United States,"33,325",28.3,32%,34 : 66,77.11449999999999,60.8,75.8,90.4,99.1,81.5,2026.0,Georgia Institute of Technology,United States,2026,QS + THE,Matched
,,,,,,,,,,1707.0,Georgia Southern University,United States,"21,920",19.6,3%,59 : 41,23.9295,18.3,12.2,37.2,34.7,32.6,2026.0,Georgia Southern University,United States,2026,THE only,THE record not matched in QS
781-790,851-900,Georgia State University,United States of America,Americas,L,FO,VH,Public,14.8,590.0,Georgia State University,United States,"32,292",16.6,9%,60 : 40,44.076,32.9,26.7,67.1,62.5,53.3,2026.0,Georgia State University,United States,2026,QS + THE,Matched
1001-1200,901-950,Georgian Technical University,Georgia,Asia,L,FO,HI,Public,7.1,1924.0,Georgian Technical University,Georgia,"17,297",13.8,3%,24 : 76,19.3635,29.8,9.0,14.5,17.0,39.1,2026.0,Georgian Technical University,Georgia,2026,QS + THE,Matched
801-850,901-950,German Jordanian University,Jordan,Asia,S,FO,VH,Public,14.6,997.0,German Jordanian University,Jordan,"2,830",9.6,15%,36 : 64,35.517,22.4,13.6,60.3,24.5,78.6,2026.0,German Jordanian University,Jordan,2026,QS + THE,Matched
1201-1400,1201-1400,German university in Cairo,Egypt,Africa,L,CO,HI,Private not for Profit,11.6,,,,,,,,,,,,,,,German university in Cairo,Egypt,2026,QS only,QS record not matched in THE
1001-1200,,German University of Technology in Oman  (GUTECH),Oman,Asia,S,FO,HI,Private for Profit,9.1,,,,,,,,,,,,,,,German University of Technology in Oman  (GUTECH),Oman,2026,QS only,QS record not matched in THE
162,169,Ghent University,Belgium,Europe,XL,FC,VH,Public,68.2,115.0,Ghent University,Belgium,"42,572",37.8,14%,58 : 42,65.13850000000001,48.8,58.6,82.7,99.9,65.9,2026.0,Ghent University,Belgium,2026,QS + THE,Matched
1201-1400,1201-1400,"The ""Gheorghe Asachi"" Technical University of Iasi",Romania,Europe,L,SP,VH,Public,6.5,1958.0,Gheorghe Asachi Technical University of Iaşi,Romania,"13,126",22.4,13%,30 : 70,18.653,18.2,10.2,21.5,33.9,33.6,2026.0,"The ""Gheorghe Asachi"" Technical University of Iasi",Romania,2026,QS + THE,Matched
,,,,,,,,,,988.0,Ghulam Ishaq Khan Institute of Engineering Sciences and Technology,Pakistan,"2,267",16.1,0%,14 : 86,35.6985,19.5,16.9,66.8,29.5,51.0,2026.0,Ghulam Ishaq Khan Institute of Engineering Sciences and Technology,Pakistan,2026,THE only,THE record not matched in QS
1001-1200,1001-1200,Gifu University,Japan,Asia,M,FO,VH,Public,6.4,1366.0,Gifu University,Japan,"7,064",15.3,4%,38 : 62,29.206,27.7,23.9,30.0,68.9,31.3,2026.0,Gifu University,Japan,2026,QS + THE,Matched
,,,,,,,,,,2013.0,Giresun University,Turkey,"26,576",25.5,6%,50 : 50,17.5175,12.2,9.2,29.3,16.7,23.9,2026.0,Giresun University,Turkey,2026,THE only,THE record not matched in QS
,,,,,,,,,,1852.0,GITAM University,India,"27,238",13.2,2%,38 : 62,21.1255,21.7,10.5,29.3,21.6,27.0,2026.0,GITAM University,India,2026,THE only,THE record not matched in QS
,,,,,,,,,,1026.0,GLA University,India,"15,294",16.6,0%,27 : 73,35.018,18.0,15.6,72.5,20.6,34.8,2026.0,GLA University,India,2026,THE only,THE record not matched in QS
1001-1200,1001-1200,Glasgow Caledonian University,United Kingdom,Europe,L,FO,VH,Public,7.2,913.0,Glasgow Caledonian University,United Kingdom,"17,335",25.9,30%,57 : 43,36.9795,17.8,15.2,63.7,48.7,83.5,2026.0,Glasgow Caledonian University,United Kingdom,2026,QS + THE,Matched
,,,,,,,,,,1610.0,GMR Institute of Technology,India,"4,130",16.7,0%,32 : 68,25.5125,15.4,10.0,52.0,18.8,22.9,2026.0,GMR Institute of Technology,India,2026,THE only,THE record not matched in QS
,,,,,,,,,,1615.0,Goa University,India,"2,771",11.0,4%,64 : 36,25.41,33.9,13.3,28.7,28.0,24.3,2026.0,Goa University,India,2026,THE only,THE record not matched in QS
316,309,Goethe Universität Frankfurt am Main,Germany,Europe,L,FC,VH,Public,52.1,,,,,,,,,,,,,,,Goethe Universität Frankfurt am Main,Germany,2026,QS only,QS record not matched in THE
,,,,,,,,,,219.0,Goethe University Frankfurt,Germany,"27,422",20.2,13%,60 : 40,57.6535,42.2,41.9,82.1,81.4,68.9,2026.0,Goethe University Frankfurt,Germany,2026,THE only,THE record not matched in QS
711-720,681-690,"Goldsmiths, University of London",United Kingdom,Europe,M,FO,VH,Public,18.3,575.0,"Goldsmiths, University of London",United Kingdom,"8,195",13.8,48%,69 : 31,44.506,28.2,23.5,71.2,48.8,80.8,2026.0,"Goldsmiths, University of London",United Kingdom,2026,QS + THE,Matched
,,,,,,,,,,707.0,Golestan University,Iran,"3,950",30.4,8%,62 : 38,41.3455,22.1,15.6,83.1,23.3,59.2,2026.0,Golestan University,Iran,2026,THE only,THE record not matched in QS
,,,,,,,,,,1138.0,Gonabad University of Medical Sciences,Iran,"1,937",14.3,3%,58 : 42,33.0845,32.1,10.7,59.9,19.3,23.6,2026.0,Gonabad University of Medical Sciences,Iran,2026,THE only,THE record not matched in QS
,,,,,,,,,,894.0,Gorgan University of Agricultural Sciences and Natural Resources,Iran,"3,866",20.5,1%,54 : 46,37.281,31.4,11.8,68.3,31.4,38.0,2026.0,Gorgan University of Agricultural Sciences and Natural Resources,Iran,2026,THE only,THE record not matched in QS
761-770,,"Government College University, Faisalabad",Pakistan,Asia,L,CO,VH,Public,4.2,750.0,Government College University Faisalabad,Pakistan,"22,898",26.6,0%,55 : 45,40.1685,20.3,17.7,81.4,22.3,49.8,2026.0,"Government College University, Faisalabad",Pakistan,2026,QS + THE,Matched
,,,,,,,,,,899.0,Government College University Lahore,Pakistan,"12,656",32.9,0%,53 : 47,37.20249999999999,17.5,19.3,72.8,23.2,49.0,2026.0,Government College University Lahore,Pakistan,2026,THE only,THE record not matched in QS
,,,,,,,,,,1798.0,Grand Valley State University,United States,"18,621",13.9,3%,62 : 38,22.3075,21.2,9.4,31.6,28.5,36.1,2026.0,Grand Valley State University,United States,2026,THE only,THE record not matched in QS
,,,,,,,,,,609.0,Graphic Era University,India,"11,054",13.9,2%,45 : 55,43.516000000000005,20.2,22.2,92.0,20.1,36.2,2026.0,Graphic Era University,India,2026,THE only,THE record not matched in QS
427,413,Graz University of Technology,Austria,Europe,M,FO,VH,Public,21.9,633.0,Graz University of Technology,Austria,"6,734",8.7,26%,27 : 73,42.66049999999999,41.9,22.7,46.5,95.3,79.4,2026.0,Graz University of Technology,Austria,2026,QS + THE,Matched
268,255,Griffith University,Australia,Oceania,L,FC,VH,Public,37.7,291.0,Griffith University,Australia,"30,484",26.3,25%,60 : 40,54.69649999999999,30.5,37.3,83.7,80.8,87.2,2026.0,Griffith University,Australia,2026,QS + THE,Matched
,,,,,,,,,,1875.0,Grigore T. Popa University of Medicine and Pharmacy,Romania,"10,110",10.5,28%,68 : 32,20.6125,23.8,10.7,21.5,23.9,41.1,2026.0,Grigore T. Popa University of Medicine and Pharmacy,Romania,2026,THE only,THE record not matched in QS
,,,,,,,,,,749.0,Guangdong University of Technology,China,"51,066",17.1,0%,29 : 71,40.2165,18.8,20.0,78.6,86.7,24.3,2026.0,Guangdong University of Technology,China,2026,THE only,THE record not matched in QS
,,,,,,,,,,1602.0,Guangxi Normal University,China,"38,955",18.4,2%,69 : 31,25.596,16.1,11.1,47.9,40.0,22.1,2026.0,Guangxi Normal University,China,2026,THE only,THE record not matched in QS
,,,,,,,,,,932.0,Guangzhou Medical University,China,"16,107",2.2,2%,58 : 42,36.718,25.6,11.4,74.5,42.0,24.4,2026.0,Guangzhou Medical University,China,2026,THE only,THE record not matched in QS
,,,,,,,,,,2073.0,Gubkin Russian State University of Oil and Gas,Russian Federation,"11,120",14.3,5%,33 : 67,16.109499999999997,21.4,10.7,10.3,44.9,24.1,2026.0,Gubkin Russian State University of Oil and Gas,Russian Federation,2026,THE only,THE record not matched in QS
,,,,,,,,,,850.0,Guilan University of Medical Sciences,Iran,"5,752",10.8,1%,57 : 43,38.0085,40.0,11.6,66.3,25.3,25.9,2026.0,Guilan University of Medical Sciences,Iran,2026,THE only,THE record not matched in QS
901-950,851-900,Gulf University for Science and Technology (GUST),Kuwait,Asia,S,FO,VH,Private for Profit,15.9,,,,,,,,,,,,,,,Gulf University for Science and Technology (GUST),Kuwait,2026,QS only,QS record not matched in THE
1201-1400,1001-1200,Gunma University,Japan,Asia,M,FO,VH,Public,3.8,1699.0,Gunma University,Japan,"6,155",7.4,5%,39 : 61,24.0835,27.9,13.4,24.2,66.3,27.4,2026.0,Gunma University,Japan,2026,QS + THE,Matched
,,,,,,,,,,1508.0,Guru Ghasidas Vishwavidyalaya,India,"9,784",22.4,0%,41 : 59,27.1905,20.1,11.5,50.8,22.9,23.6,2026.0,Guru Ghasidas Vishwavidyalaya,India,2026,THE only,THE record not matched in QS
951-1000,1001-1200,Guru Gobind Singh Indraprastha University,India,Asia,S,CO,VH,Public,5.8,847.0,Guru Gobind Singh Indraprastha University,India,"6,027",14.2,4%,29 : 71,38.028,30.8,12.4,74.2,26.9,26.8,2026.0,Guru Gobind Singh Indraprastha University,India,2026,QS + THE,Matched
,,,,,,,,,,1310.0,Guru Jambheshwar University of Science and Technology,India,"7,520",18.9,0%,45 : 55,30.233,31.5,11.4,49.9,32.3,18.3,2026.0,Guru Jambheshwar University of Science and Technology,India,2026,THE only,THE record not matched in QS
385,359,Gwangju Institute of Science and Technology (GIST),Republic of Korea,Asia,S,SP,VH,Public,21.3,,,,,,,,,,,,,,,Gwangju Institute of Science and Technology (GIST),Republic of Korea,2026,QS only,QS record not matched in THE
,,,,,,,,,,402.0,Gwangju Institute of Science and Technology (GIST),South Korea,"1,773",9.3,9%,30 : 70,49.78799999999999,49.3,39.8,53.4,94.0,52.3,2026.0,Gwangju Institute of Science and Technology (GIST),South Korea,2026,THE only,THE record not matched in QS
,,,,,,,,,,1385.0,Gyeongsang National University,South Korea,"16,298",12.6,2%,44 : 56,28.8265,27.8,19.5,36.0,55.7,25.9,2026.0,Gyeongsang National University,South Korea,2026,THE only,THE record not matched in QS
,,,,,,,,,,877.0,Hacettepe University,Turkey,"35,176",14.7,3%,61 : 39,37.633,34.8,28.6,49.0,58.7,27.0,2026.0,Hacettepe University,Turkey,2026,THE only,THE record not matched in QS
571,641-650,Hacettepe University,Türkiye,Asia,L,FC,VH,Public,33.0,,,,,,,,,,,,,,,Hacettepe University,Türkiye,2026,QS only,QS record not matched in THE
,,,,,,,,,,1222.0,Hakim Sabzevari University,Iran,"11,500",24.4,4%,60 : 40,31.746,18.1,11.5,63.5,18.6,43.7,2026.0,Hakim Sabzevari University,Iran,2026,THE only,THE record not matched in QS
1001-1200,951-1000,Hallym University,Republic of Korea,Asia,M,FC,VH,Private not for Profit,3.4,,,,,,,,,,,,,,,Hallym University,Republic of Korea,2026,QS only,QS record not matched in THE
,,,,,,,,,,1327.0,Hallym University,South Korea,"7,676",8.5,4%,,29.9245,26.8,19.9,39.7,62.5,24.5,2026.0,Hallym University,South Korea,2026,THE only,THE record not matched in QS
,,,,,,,,,,940.0,Halmstad University,Sweden,"4,642",11.9,6%,62 : 38,36.56099999999999,20.4,16.7,64.8,29.0,68.0,2026.0,Halmstad University,Sweden,2026,THE only,THE record not matched in QS
,,,,,,,,,,2165.0,Halu Oleo University,Indonesia,"40,051",15.5,0%,60 : 40,13.628999999999998,16.3,8.7,13.7,17.0,20.1,2026.0,Halu Oleo University,Indonesia,2026,THE only,THE record not matched in QS
244,183,Hamad Bin Khalifa University,Qatar,Asia,S,FO,VH,Public,14.3,,,,,,,,,,,,,,,Hamad Bin Khalifa University,Qatar,2026,QS only,QS record not matched in THE
,,,,,,,,,,1021.0,Hamadan University of Medical Sciences (UMSHA),Iran,"7,882",14.8,6%,56 : 44,35.0655,32.7,16.8,59.1,24.3,24.6,2026.0,Hamadan University of Medical Sciences (UMSHA),Iran,2026,THE only,THE record not matched in QS
,,,,,,,,,,1161.0,Hamamatsu University School of Medicine,Japan,"1,205",3.9,3%,47 : 53,32.693,34.2,18.6,42.8,60.5,26.0,2026.0,Hamamatsu University School of Medicine,Japan,2026,THE only,THE record not matched in QS
,,,,,,,,,,595.0,Hamburg University of Technology,Germany,"4,396",21.3,28%,30 : 70,43.9245,38.1,26.0,56.9,86.0,61.8,2026.0,Hamburg University of Technology,Germany,2026,THE only,THE record not matched in QS
,,,,,,,,,,1270.0,Hangzhou Dianzi University (HDU),China,"27,192",15.7,4%,24 : 76,30.845499999999998,17.7,17.9,50.1,71.7,33.8,2026.0,Hangzhou Dianzi University (HDU),China,2026,THE only,THE record not matched in QS
,,,,,,,,,,1083.0,Hangzhou Normal University,China,"32,552",16.8,1%,,34.053999999999995,16.8,14.9,70.3,42.3,26.6,2026.0,Hangzhou Normal University,China,2026,THE only,THE record not matched in QS
,,,,,,,,,,920.0,Hanoi Medical University,Vietnam,"13,081",10.8,0%,62 : 38,36.9055,32.0,11.9,62.2,44.8,47.5,2026.0,Hanoi Medical University,Vietnam,2026,THE only,THE record not matched in QS
1201-1400,1201-1400,Hanoi University of Science and Technology,Viet Nam,Asia,XL,FO,VH,Public,12.3,,,,,,,,,,,,,,,Hanoi University of Science and Technology,Viet Nam,2026,QS only,QS record not matched in THE
,,,,,,,,,,1729.0,Hanoi University of Science and Technology,Vietnam,"39,204",35.8,0%,20 : 80,23.62,14.5,16.9,30.5,66.1,35.3,2026.0,Hanoi University of Science and Technology,Vietnam,2026,THE only,THE record not matched in QS
159,162,Hanyang University,Republic of Korea,Asia,L,FC,VH,Private not for Profit,58.2,,,,,,,,,,,,,,,Hanyang University,Republic of Korea,2026,QS only,QS record not matched in THE
,,,,,,,,,,295.0,Hanyang University,South Korea,"19,402",13.6,27%,,54.3995,45.9,41.5,65.5,99.6,69.2,2026.0,Hanyang University,South Korea,2026,THE only,THE record not matched in QS
,,,,,,,,,,785.0,Harbin Engineering University,China,"33,564",17.1,2%,24 : 76,39.4575,29.7,33.8,50.6,94.1,26.0,2026.0,Harbin Engineering University,China,2026,THE only,THE record not matched in QS
1001-1200,1001-1200,Harbin Engineering University,China (Mainland),Asia,L,FO,VH,Public,5.2,,,,,,,,,,,,,,,Harbin Engineering University,China (Mainland),2026,QS only,QS record not matched in THE
,,,,,,,,,,132.0,Harbin Institute of Technology,China,"32,375",11.0,4%,,63.2045,57.2,57.7,77.2,100.0,32.5,2026.0,Harbin Institute of Technology,China,2026,THE only,THE record not matched in QS
256,252,Harbin Institute of Technology,China (Mainland),Asia,XL,FO,VH,Public,33.3,,,,,,,,,,,,,,,Harbin Institute of Technology,China (Mainland),2026,QS only,QS record not matched in THE
,,,,,,,,,,696.0,Harokopio University of Athens,Greece,"2,994",28.1,4%,51 : 49,41.5145,20.8,24.2,79.3,40.2,39.5,2026.0,Harokopio University of Athens,Greece,2026,THE only,THE record not matched in QS
1401+,1201-1400,Harper Adams University,United Kingdom,Europe,M,FO,HI,Public,4.0,,,,,,,,,,,,,,,Harper Adams University,United Kingdom,2026,QS only,QS record not matched in THE
,,,,,,,,,,1636.0,Harran University,Turkey,"16,845",18.9,7%,48 : 52,25.0985,16.8,9.9,48.1,19.1,27.7,2026.0,Harran University,Turkey,2026,THE only,THE record not matched in QS
5,4,Harvard University,United States of America,Americas,L,FC,VH,Private not for Profit,100.0,6.0,Harvard University,United States,"22,680",10.1,27%,53 : 47,97.051,95.9,100.0,98.9,86.7,88.3,2026.0,Harvard University,United States,2026,QS + THE,Matched
951-1000,1001-1200,Hasanuddin University,Indonesia,Asia,XL,FC,HI,Public,23.5,1839.0,Hasanuddin University,Indonesia,"37,300",14.8,1%,61 : 39,21.3015,21.6,11.5,28.0,31.3,25.9,2026.0,Hasanuddin University,Indonesia,2026,QS + THE,Matched
1001-1200,1001-1200,The Hashemite University,Jordan,Asia,L,FC,HI,Public,15.6,1164.0,The Hashemite University,Jordan,"21,051",23.5,13%,64 : 36,32.6645,14.0,16.1,59.7,34.7,60.9,2026.0,The Hashemite University,Jordan,2026,QS + THE,Matched
597,554,Hasselt University,Belgium,Europe,M,FC,HI,Public,8.8,345.0,Hasselt University,Belgium,"6,128",28.4,16%,50 : 50,51.979,35.0,37.8,72.8,87.8,71.2,2026.0,Hasselt University,Belgium,2026,QS + THE,Matched
,,,,,,,,,,1558.0,Hassiba Benbouali University of Chlef,Algeria,"30,568",20.5,1%,66 : 34,26.228,16.2,12.0,45.2,31.1,42.2,2026.0,Hassiba Benbouali University of Chlef,Algeria,2026,THE only,THE record not matched in QS
,,,,,,,,,,2081.0,Hatay Mustafa Kemal University,Turkey,"18,234",20.3,3%,49 : 51,15.9395,14.6,9.4,21.8,18.1,21.9,2026.0,Hatay Mustafa Kemal University,Turkey,2026,THE only,THE record not matched in QS
,,,,,,,,,,1128.0,Hazara University Mansehra,Pakistan,"12,789",24.6,0%,45 : 55,33.25749999999999,17.1,11.6,68.1,17.1,49.8,2026.0,Hazara University Mansehra,Pakistan,2026,THE only,THE record not matched in QS
240,281,Hebrew University of Jerusalem,Israel,Asia,L,FC,VH,Public,42.9,261.0,Hebrew University of Jerusalem,Israel,"17,488",16.2,3%,58 : 42,55.982,48.1,47.2,72.6,77.3,43.1,2026.0,Hebrew University of Jerusalem,Israel,2026,QS + THE,Matched
,,,,,,,,,,299.0,Heinrich Heine University Düsseldorf,Germany,"25,296",26.8,14%,58 : 42,54.312,36.2,34.3,84.3,83.9,67.2,2026.0,Heinrich Heine University Düsseldorf,Germany,2026,THE only,THE record not matched in QS
,,,,,,,,,,1596.0,Hellenic Open University,Greece,"21,185",7.3,1%,65 : 35,25.6415,23.8,8.9,44.4,16.8,27.3,2026.0,Hellenic Open University,Greece,2026,THE only,THE record not matched in QS
1201-1400,1201-1400,Helwan University,Egypt,Africa,XL,CO,HI,Public,11.0,1533.0,Helwan University,Egypt,"153,935",23.9,1%,56 : 44,26.7265,22.7,9.0,43.1,23.0,47.6,2026.0,Helwan University,Egypt,2026,QS + THE,Matched
287,256,Heriot-Watt University,United Kingdom,Europe,M,CO,VH,Public,25.7,501.0,Heriot-Watt University,United Kingdom,"9,705",15.4,44%,39 : 61,46.2545,33.4,30.3,58.8,70.3,95.5,2026.0,Heriot-Watt University,United Kingdom,2026,QS + THE,Matched
1401+,1201-1400,Herzen State Pedagogical University of Russia,Russian Federation,Europe,L,FO,HI,Public,3.8,2062.0,Herzen State Pedagogical University of Russia,Russian Federation,"17,884",16.0,21%,72 : 28,16.464,20.7,12.9,9.8,18.6,39.1,2026.0,Herzen State Pedagogical University of Russia,Russian Federation,2026,QS + THE,Matched
,,,,,,,,,,1343.0,HES-SO University of Applied Sciences and Arts of Western Switzerland,Switzerland,"17,517",6.0,29%,54 : 46,29.573500000000003,24.5,13.8,36.2,29.6,84.0,2026.0,HES-SO University of Applied Sciences and Arts of Western Switzerland,Switzerland,2026,THE only,THE record not matched in QS
,,,,,,,,,,1229.0,Hindustan Institute of Technology and Science,India,"7,766",10.6,6%,40 : 60,31.6935,26.1,10.6,59.8,20.5,28.8,2026.0,Hindustan Institute of Technology and Science,India,2026,THE only,THE record not matched in QS
,,,,,,,,,,1643.0,Hirosaki University,Japan,"6,845",9.9,1%,,25.0365,24.8,15.0,30.0,53.2,29.9,2026.0,Hirosaki University,Japan,2026,THE only,THE record not matched in QS
480,474,Hiroshima University,Japan,Asia,L,FC,VH,Public,34.6,638.0,Hiroshima University,Japan,"14,922",8.7,12%,38 : 62,42.62199999999999,41.7,31.4,47.8,79.8,49.1,2026.0,Hiroshima University,Japan,2026,QS + THE,Matched
,,,,,,,,,,2020.0,Hitit University,Turkey,"11,234",24.8,10%,40 : 60,17.3965,22.7,10.7,15.7,17.8,29.0,2026.0,Hitit University,Turkey,2026,THE only,THE record not matched in QS
553,539,Hitotsubashi University,Japan,Asia,M,SP,VH,Public,19.7,1321.0,Hitotsubashi University,Japan,"6,105",14.6,14%,33 : 67,30.025,32.5,21.8,27.6,25.7,64.1,2026.0,Hitotsubashi University,Japan,2026,QS + THE,Matched
,,,,,,,,,,1395.0,Ho Chi Minh City Open University,Vietnam,"29,906",45.6,0%,64 : 36,28.6585,10.1,10.9,63.1,16.2,39.2,2026.0,Ho Chi Minh City Open University,Vietnam,2026,THE only,THE record not matched in QS
1001-1200,1001-1200,Hohai University,China (Mainland),Asia,XL,FO,VH,Public,3.2,,,,,,,,,,,,,,,Hohai University,China (Mainland),2026,QS only,QS record not matched in THE
170,173,Hokkaido University,Japan,Asia,L,FC,VH,Public,71.5,376.0,Hokkaido University,Japan,"17,693",8.3,11%,30 : 70,50.6285,53.5,45.1,47.9,96.8,47.0,2026.0,Hokkaido University,Japan,2026,QS + THE,Matched
771-780,771-780,Holy Spirit University of Kaslik,Lebanon,Asia,M,FO,HI,Private not for Profit,11.1,1454.0,Holy Spirit University of Kaslik,Lebanon,"7,374",13.0,14%,55 : 45,28.0085,23.0,9.9,38.5,19.5,80.3,2026.0,Holy Spirit University of Kaslik,Lebanon,2026,QS + THE,Matched
,,,,,,,,,,214.0,Hong Kong Baptist University,Hong Kong,"7,628",13.4,60%,64 : 36,57.932,34.6,41.0,84.5,79.5,97.4,2026.0,Hong Kong Baptist University,Hong Kong,2026,THE only,THE record not matched in QS
244,252,Hong Kong Baptist University,"Hong Kong SAR, China",Asia,M,CO,VH,Public,28.3,,,,,,,,,,,,,,,Hong Kong Baptist University,"Hong Kong SAR, China",2026,QS only,QS record not matched in THE
781-790,,Hong Kong Metropolitan University,"Hong Kong SAR, China",Asia,L,FO,HI,,26.5,,,,,,,,,,,,,,,Hong Kong Metropolitan University,"Hong Kong SAR, China",2026,QS only,QS record not matched in THE
,,,,,,,,,,82.0,The Hong Kong Polytechnic University,Hong Kong,"18,636",17.8,42%,50 : 50,69.67399999999999,51.9,55.4,91.8,86.5,97.3,2026.0,The Hong Kong Polytechnic University,Hong Kong,2026,THE only,THE record not matched in QS
54,57,The Hong Kong Polytechnic University,"Hong Kong SAR, China",Asia,L,CO,VH,Public,81.2,,,,,,,,,,,,,,,The Hong Kong Polytechnic University,"Hong Kong SAR, China",2026,QS only,QS record not matched in THE
,,,,,,,,,,58.0,The Hong Kong University of Science and Technology,Hong Kong,"8,912",14.3,48%,,74.123,56.2,60.6,95.6,100.0,97.2,2026.0,The Hong Kong University of Science and Technology,Hong Kong,2026,THE only,THE record not matched in QS
44,47,The Hong Kong University of Science and Technology,"Hong Kong SAR, China",Asia,M,FO,VH,Public,89.4,,,,,,,,,,,,,,,The Hong Kong University of Science and Technology,"Hong Kong SAR, China",2026,QS only,QS record not matched in THE
1401+,1201-1400,Hongik University,Republic of Korea,Asia,L,FO,VH,Private for Profit,6.3,,,,,,,,,,,,,,,Hongik University,Republic of Korea,2026,QS only,QS record not matched in THE
,,,,,,,,,,1586.0,Hormozgan University of Medical Sciences,Iran,"3,672",11.3,2%,54 : 46,25.7445,40.5,11.0,26.2,18.8,26.6,2026.0,Hormozgan University of Medical Sciences,Iran,2026,THE only,THE record not matched in QS
,,,,,,,,,,1496.0,Hosei University,Japan,"28,578",37.4,5%,39 : 61,27.2985,16.3,11.3,49.3,35.2,40.2,2026.0,Hosei University,Japan,2026,THE only,THE record not matched in QS
1001-1200,1001-1200,Howard University,United States of America,Americas,M,FC,HI,Private not for Profit,8.3,,,,,,,,,,,,,,,Howard University,United States,2026,QS only,QS record not matched in THE
,,,,,,,,,,524.0,HSE University,Russian Federation,"36,414",18.8,13%,62 : 38,45.7225,31.7,43.7,54.6,90.7,49.2,2026.0,HSE University,Russian Federation,2026,THE only,THE record not matched in QS
,,,,,,,,,,1245.0,Huaqiao University,China,"35,586",18.0,21%,48 : 52,31.402,15.8,15.0,51.4,46.4,68.2,2026.0,Huaqiao University,China,2026,THE only,THE record not matched in QS
901-950,801-850,Huazhong Agricultural University,China (Mainland),Asia,XL,CO,VH,Public,5.2,,,,,,,,,,,,,,,Huazhong Agricultural University,China (Mainland),2026,QS only,QS record not matched in THE
,,,,,,,,,,178.0,Huazhong University of Science and Technology,China,"61,789",16.2,4%,,60.2265,46.6,48.4,87.1,99.9,30.9,2026.0,Huazhong University of Science and Technology,China,2026,THE only,THE record not matched in QS
319,300,Huazhong University of Science and Technology,China (Mainland),Asia,XL,FC,VH,Public,30.9,,,,,,,,,,,,,,,Huazhong University of Science and Technology,China (Mainland),2026,QS only,QS record not matched in THE
1401+,1201-1400,Hue University,Viet Nam,Asia,XL,CO,HI,Public,7.6,,,,,,,,,,,,,,,Hue University,Viet Nam,2026,QS only,QS record not matched in THE
,,,,,,,,,,2065.0,Hue University,Vietnam,"50,639",21.5,1%,56 : 44,16.378,14.2,9.4,18.1,17.2,44.6,2026.0,Hue University,Vietnam,2026,THE only,THE record not matched in QS
680,651-660,HUFS - Hankuk (Korea) University of Foreign Studies,Republic of Korea,Asia,L,CO,HI,Private not for Profit,17.6,,,,,,,,,,,,,,,HUFS - Hankuk (Korea) University of Foreign Studies,Republic of Korea,2026,QS only,QS record not matched in THE
,,,,,,,,,,258.0,Humanitas University,Italy,"2,475",15.9,18%,58 : 42,56.117,36.6,29.0,98.5,64.0,64.0,2026.0,Humanitas University,Italy,2026,THE only,THE record not matched in QS
130,126,Humboldt-Universität zu Berlin,Germany,Europe,XL,FC,VH,Public,94.3,,,,,,,,,,,,,,,Humboldt-Universität zu Berlin,Germany,2026,QS only,QS record not matched in THE
,,,,,,,,,,89.0,Humboldt University of Berlin,Germany,"34,833",42.1,18%,,67.19699999999999,52.6,60.6,85.5,65.9,77.6,2026.0,Humboldt University of Berlin,Germany,2026,THE only,THE record not matched in QS
,,,,,,,,,,296.0,Hunan University,China,"36,496",15.3,3%,44 : 56,54.3385,36.6,34.6,90.9,96.5,31.7,2026.0,Hunan University,China,2026,THE only,THE record not matched in QS
504,448,Hunan University,China (Mainland),Asia,XL,FO,VH,Public,10.9,,,,,,,,,,,,,,,Hunan University,China (Mainland),2026,QS only,QS record not matched in THE
,,,,,,,,,,1220.0,Hungarian University of Agriculture and Life Sciences,Hungary,"9,478",11.0,16%,59 : 41,31.824,33.2,13.2,42.0,25.3,61.2,2026.0,Hungarian University of Agriculture and Life Sciences,Hungary,2026,THE only,THE record not matched in QS
,,,,,,,,,,1303.0,Hyogo Medical University,Japan,"2,613",4.7,1%,59 : 41,30.385,31.0,14.2,45.0,52.3,20.4,2026.0,Hyogo Medical University,Japan,2026,THE only,THE record not matched in QS
,,,,,,,,,,1230.0,I. Horbachevsky Ternopil National Medical University,Ukraine,"5,206",8.0,18%,71 : 29,31.6825,24.9,9.8,60.0,16.5,37.8,2026.0,I. Horbachevsky Ternopil National Medical University,Ukraine,2026,THE only,THE record not matched in QS
851-900,791-800,I.M. Sechenov First Moscow State Medical University,Russian Federation,Europe,L,SP,VH,Public,5.0,,,,,,,,,,,,,,,I.M. Sechenov First Moscow State Medical University,Russian Federation,2026,QS only,QS record not matched in THE
,,,,,,,,,,1471.0,I-Shou University,Taiwan,"10,364",26.8,15%,50 : 50,27.735,16.3,21.1,38.2,60.0,39.3,2026.0,I-Shou University,Taiwan,2026,THE only,THE record not matched in QS
,,,,,,,,,,2042.0,Ibaraki University,Japan,"7,864",15.5,2%,34 : 66,16.7865,17.9,12.8,13.6,42.6,26.8,2026.0,Ibaraki University,Japan,2026,THE only,THE record not matched in QS
,,,,,,,,,,2096.0,Ibn Khaldoun University,Algeria,"28,529",25.2,0%,63 : 37,15.5645,13.7,8.5,19.2,17.2,34.8,2026.0,Ibn Khaldoun University,Algeria,2026,THE only,THE record not matched in QS
,,,,,,,,,,1236.0,Ibn Tofaïl University,Morocco,"60,057",73.1,3%,58 : 42,31.569,26.6,22.2,47.8,22.6,27.2,2026.0,Ibn Tofaïl University,Morocco,2026,THE only,THE record not matched in QS
,,,,,,,,,,1350.0,Ibn Zohr University,Morocco,"145,463",130.0,1%,50 : 50,29.4925,20.9,11.8,55.1,21.0,33.8,2026.0,Ibn Zohr University,Morocco,2026,THE only,THE record not matched in QS
,,,,,,,,,,1285.0,Icesi University,Colombia,"5,974",11.9,3%,52 : 48,30.5885,20.3,12.1,57.0,21.4,41.8,2026.0,Icesi University,Colombia,2026,THE only,THE record not matched in QS
438,435,IE University,Spain,Europe,M,FO,HI,Private for Profit,12.7,,,,,,,,,,,,,,,IE University,Spain,2026,QS only,QS record not matched in THE
,,,,,,,,,,1478.0,IFHE Hyderabad,India,"8,438",18.7,0%,42 : 58,27.5615,17.3,10.3,57.2,18.4,21.0,2026.0,IFHE Hyderabad,India,2026,THE only,THE record not matched in QS
801-850,,IIT Gandhinagar,India,Asia,S,FO,VH,Public,7.0,,,,,,,,,,,,,,,IIT Gandhinagar,India,2026,QS only,QS record not matched in THE
,,,,,,,,,,1274.0,Ilam University,Iran,"4,588",19.0,10%,49 : 51,30.7225,23.1,12.3,54.2,36.4,35.0,2026.0,Ilam University,Iran,2026,THE only,THE record not matched in QS
,,,,,,,,,,937.0,Ilam University of Medical Sciences,Iran,"3,024",12.9,8%,54 : 46,36.6175,34.2,12.1,66.7,20.3,29.3,2026.0,Ilam University of Medical Sciences,Iran,2026,THE only,THE record not matched in QS
,,,,,,,,,,1491.0,Ilia State University,Georgia,"16,579",12.2,5%,61 : 39,27.343499999999995,18.9,9.7,47.6,17.5,53.0,2026.0,Ilia State University,Georgia,2026,THE only,THE record not matched in QS
591,601-610,Illinois Institute of Technology,United States of America,Americas,M,CO,VH,Private not for Profit,16.9,336.0,Illinois Institute of Technology,United States,"6,734",13.6,45%,38 : 62,52.2945,41.0,26.9,77.3,92.4,73.5,2026.0,Illinois Institute of Technology,United States,2026,QS + THE,Matched
491,513,Imam Abdulrahman Bin Faisal University (formerly University of Dammam),Saudi Arabia,Asia,L,FC,HI,Public,16.9,562.0,Imam Abdulrahman Bin Faisal University,Saudi Arabia,"25,111",11.0,5%,89 : 11,44.8695,33.4,19.5,75.4,26.6,75.7,2026.0,Imam Abdulrahman Bin Faisal University (formerly University of Dammam),Saudi Arabia,2026,QS + THE,Matched
,,,,,,,,,,1134.0,Imam Khomeini International University,Iran,"9,129",25.4,12%,55 : 45,33.163000000000004,30.4,18.0,50.5,25.5,37.4,2026.0,Imam Khomeini International University,Iran,2026,THE only,THE record not matched in QS
,,,,,,,,,,613.0,Imam Mohammad Ibn Saud Islamic University,Saudi Arabia,"38,256",11.2,15%,50 : 50,43.3695,33.2,22.1,64.9,36.6,83.1,2026.0,Imam Mohammad Ibn Saud Islamic University,Saudi Arabia,2026,THE only,THE record not matched in QS
851-900,901-950,Imam Muhammad Ibn Saud Islamic University - IMSIU,Saudi Arabia,Asia,XL,FC,HI,Public,16.7,,,,,,,,,,,,,,,Imam Muhammad Ibn Saud Islamic University - IMSIU,Saudi Arabia,2026,QS only,QS record not matched in THE
951-1000,801-850,Immanuel Kant Baltic Federal University,Russian Federation,Europe,M,CO,VH,Public,7.7,1363.0,Immanuel Kant Baltic Federal University,Russian Federation,"6,711",16.3,19%,58 : 42,29.277500000000003,37.1,22.1,20.3,37.1,58.0,2026.0,Immanuel Kant Baltic Federal University,Russian Federation,2026,QS + THE,Matched
2,2,Imperial College London,United Kingdom,Europe,L,FO,VH,Public,99.6,8.0,Imperial College London,United Kingdom,"21,340",12.1,60%,43 : 57,94.689,90.6,94.9,98.0,91.9,98.2,2026.0,Imperial College London,United Kingdom,2026,QS + THE,Matched
,,,,,,,,,,430.0,IMT Atlantique,France,"1,295",7.5,37%,26 : 74,48.7405,47.3,35.5,48.3,97.8,81.2,2026.0,IMT Atlantique,France,2026,THE only,THE record not matched in QS
,,,,,,,,,,1001.0,IMT Nord Europe,France,"1,621",18.0,21%,23 : 77,35.4715,32.9,31.0,28.8,68.4,72.0,2026.0,IMT Nord Europe,France,2026,THE only,THE record not matched in QS
,,,,,,,,,,1502.0,Incheon National University,South Korea,"17,160",21.2,3%,39 : 61,27.2595,19.4,18.4,38.7,48.2,35.5,2026.0,Incheon National University,South Korea,2026,THE only,THE record not matched in QS
1401+,,"Independent University,Bangladesh",Bangladesh,Asia,M,CO,HI,Private not for Profit,8.8,,,,,,,,,,,,,,,"Independent University,Bangladesh",Bangladesh,2026,QS only,QS record not matched in THE
1401+,1401+,Indian Institute of Information Technology - Allahabad,India,Asia,S,FO,VH,Public,4.2,,,,,,,,,,,,,,,Indian Institute of Information Technology - Allahabad,India,2026,QS only,QS record not matched in THE
,,,,,,,,,,251.0,Indian Institute of Science,India,"5,020",10.5,1%,26 : 74,56.367,61.8,56.9,51.2,98.0,31.4,2026.0,Indian Institute of Science,India,2026,THE only,THE record not matched in QS
219,211,Indian Institute of Science (IISc) Bangalore,India,Asia,M,SP,VH,Public,56.6,,,,,,,,,,,,,,,Indian Institute of Science (IISc) Bangalore,India,2026,QS only,QS record not matched in THE
,,,,,,,,,,1369.0,Indian Institute of Science Education and Research Bhopal,India,"2,194",14.2,0%,39 : 61,29.15,38.3,21.5,29.4,25.1,23.9,2026.0,Indian Institute of Science Education and Research Bhopal,India,2026,THE only,THE record not matched in QS
,,,,,,,,,,1315.0,"Indian Institute of Science Education and Research, Pune",India,"1,816",11.9,0%,32 : 68,30.1255,36.5,19.8,31.8,31.4,37.6,2026.0,"Indian Institute of Science Education and Research, Pune",India,2026,THE only,THE record not matched in QS
566,531,Indian Institute of Technology BHU Varanasi (IIT BHU Varanasi),India,Asia,M,FO,VH,Public,9.3,,,,,,,,,,,,,,,Indian Institute of Technology BHU Varanasi (IIT BHU Varanasi),India,2026,QS only,QS record not matched in THE
951-1000,951-1000,Indian Institute of Technology Bhubaneswar (IIT BBS),India,Asia,S,FO,VH,Public,5.0,,,,,,,,,,,,,,,Indian Institute of Technology Bhubaneswar (IIT BBS),India,2026,QS only,QS record not matched in THE
129,118,Indian Institute of Technology Bombay (IITB),India,Asia,L,FO,VH,Public,73.3,,,,,,,,,,,,,,,Indian Institute of Technology Bombay (IITB),India,2026,QS only,QS record not matched in THE
123,150,Indian Institute of Technology Delhi (IITD),India,Asia,M,FO,VH,Public,67.9,,,,,,,,,,,,,,,Indian Institute of Technology Delhi (IITD),India,2026,QS only,QS record not matched in THE
,,,,,,,,,,1024.0,Indian Institute of Technology Gandhinagar,India,"2,360",14.8,1%,29 : 71,35.0445,40.0,26.6,38.1,39.7,33.5,2026.0,Indian Institute of Technology Gandhinagar,India,2026,THE only,THE record not matched in QS
334,344,Indian Institute of Technology Guwahati (IITG),India,Asia,M,CO,VH,Public,25.4,,,,,,,,,,,,,,,Indian Institute of Technology Guwahati (IITG),India,2026,QS only,QS record not matched in THE
664,681-690,Indian Institute of Technology Hyderabad (IITH),India,Asia,S,CO,VH,Public,10.3,,,,,,,,,,,,,,,Indian Institute of Technology Hyderabad (IITH),India,2026,QS only,QS record not matched in THE
556,477,Indian Institute of Technology Indore,India,Asia,S,FO,VH,Public,8.0,573.0,Indian Institute of Technology Indore,India,"2,332",12.5,0%,24 : 76,44.5425,42.9,28.9,63.9,40.9,36.0,2026.0,Indian Institute of Technology Indore,India,2026,QS + THE,Matched
222,263,Indian Institute of Technology Kanpur (IITK),India,Asia,M,FO,VH,Public,49.4,,,,,,,,,,,,,,,Indian Institute of Technology Kanpur (IITK),India,2026,QS only,QS record not matched in THE
215,222,Indian Institute of Technology Kharagpur (IITKGP),India,Asia,L,CO,VH,Public,42.5,,,,,,,,,,,,,,,Indian Institute of Technology Kharagpur (IITKGP),India,2026,QS only,QS record not matched in THE
180,227,Indian Institute of Technology Madras (IITM),India,Asia,M,CO,VH,Public,56.8,,,,,,,,,,,,,,,Indian Institute of Technology Madras (IITM),India,2026,QS only,QS record not matched in THE
,,,,,,,,,,1074.0,Indian Institute of Technology Mandi,India,"2,684",14.8,1%,25 : 75,34.154,34.3,14.9,54.9,28.8,27.9,2026.0,Indian Institute of Technology Mandi,India,2026,THE only,THE record not matched in QS
,,,,,,,,,,712.0,Indian Institute of Technology Patna,India,"2,840",17.1,1%,23 : 77,41.061,34.8,22.5,70.4,36.0,22.8,2026.0,Indian Institute of Technology Patna,India,2026,THE only,THE record not matched in QS
339,335,Indian Institute of Technology Roorkee (IITR),India,Asia,M,FO,VH,Public,26.8,,,,,,,,,,,,,,,Indian Institute of Technology Roorkee (IITR),India,2026,QS only,QS record not matched in THE
,,,,,,,,,,1007.0,Indian Institute of Technology Ropar,India,"2,955",16.7,1%,24 : 76,35.3505,40.6,21.0,46.0,40.4,24.9,2026.0,Indian Institute of Technology Ropar,India,2026,THE only,THE record not matched in QS
,,,,,,,,,,199.0,Indiana University,United States,"67,529",11.5,13%,53 : 47,58.8775,47.1,36.9,87.3,85.3,62.4,2026.0,Indiana University,United States,2026,THE only,THE record not matched in QS
306,355,Indiana University Bloomington,United States of America,Americas,XL,FC,VH,Public,44.7,,,,,,,,,,,,,,,Indiana University Bloomington,United States,2026,QS only,QS record not matched in THE
,,,,,,,,,,1169.0,Indraprastha Institute of Information Technology Delhi,India,"3,033",16.5,6%,18 : 82,32.634,25.3,14.6,52.4,52.6,41.5,2026.0,Indraprastha Institute of Information Technology Delhi,India,2026,THE only,THE record not matched in QS
1201-1400,,Industrial University of Ho Chi Minh City,Viet Nam,Asia,L,CO,HI,Public,22.6,,,,,,,,,,,,,,,Industrial University of Ho Chi Minh City,Viet Nam,2026,QS only,QS record not matched in THE
,,,,,,,,,,2182.0,Industrial University of Tyumen,Russian Federation,"11,584",11.2,7%,33 : 67,12.8235,20.2,7.9,6.7,18.9,24.1,2026.0,Industrial University of Tyumen,Russian Federation,2026,THE only,THE record not matched in QS
643,631-640,Inha University,Republic of Korea,Asia,L,FC,VH,Private not for Profit,17.5,,,,,,,,,,,,,,,Inha University,Republic of Korea,2026,QS only,QS record not matched in THE
,,,,,,,,,,880.0,Inha University,South Korea,"14,163",17.0,8%,43 : 57,37.5615,31.6,28.2,46.2,83.6,38.1,2026.0,Inha University,South Korea,2026,THE only,THE record not matched in QS
,,,,,,,,,,968.0,Innopolis University,Russian Federation,"1,248",13.7,21%,19 : 81,36.0775,23.9,24.5,45.3,58.3,80.0,2026.0,Innopolis University,Russian Federation,2026,THE only,THE record not matched in QS
,,,,,,,,,,1318.0,Inönü University,Turkey,"26,262",29.7,3%,52 : 48,30.0485,23.1,15.5,52.6,31.6,22.6,2026.0,Inönü University,Turkey,2026,THE only,THE record not matched in QS
,,,,,,,,,,401.0,Institut Agro,France,"2,565",8.8,17%,61 : 39,49.822,48.4,34.9,58.2,78.7,64.2,2026.0,Institut Agro,France,2026,THE only,THE record not matched in QS
406,405,Institut National des Sciences Appliquées de Lyon (INSA),France,Europe,M,FO,VH,Public,9.4,,,,,,,,,,,,,,,Institut National des Sciences Appliquées de Lyon (INSA),France,2026,QS only,QS record not matched in THE
41,46,Institut Polytechnique de Paris,France,Europe,M,CO,VH,Public,58.1,69.0,Institut Polytechnique de Paris,France,"6,217",7.6,43%,23 : 77,71.64349999999999,71.8,62.4,70.9,99.1,95.1,2026.0,Institut Polytechnique de Paris,France,2026,QS + THE,Matched
,,,,,,,,,,1323.0,Institut Teknologi Bandung,Indonesia,"28,425",19.4,6%,44 : 56,29.9955,23.9,25.6,34.8,68.9,31.0,2026.0,Institut Teknologi Bandung,Indonesia,2026,THE only,THE record not matched in QS
1201-1400,,Institut Teknologi Nasional Bandung (ITENAS Bandung),Indonesia,Asia,M,SP,LO,Private not for Profit,22.4,,,,,,,,,,,,,,,Institut Teknologi Nasional Bandung (ITENAS Bandung),Indonesia,2026,QS only,QS record not matched in THE
509,585,Institut Teknologi Sepuluh Nopember (ITS),Indonesia,Asia,L,CO,VH,Public,27.4,1665.0,Institut Teknologi Sepuluh Nopember,Indonesia,"20,850",6.1,7%,41 : 59,24.5845,25.9,11.1,28.3,42.0,47.4,2026.0,Institut Teknologi Sepuluh Nopember (ITS),Indonesia,2026,QS + THE,Matched
,,,,,,,,,,1041.0,Institute for Advanced Studies in Basic Sciences (IASBS),Iran,"1,053",9.4,5%,57 : 43,34.795,37.6,9.1,51.2,25.6,62.4,2026.0,Institute for Advanced Studies in Basic Sciences (IASBS),Iran,2026,THE only,THE record not matched in QS
,,,,,,,,,,170.0,Institute of Science Tokyo,Japan,"13,407",8.3,17%,23 : 77,60.6895,66.9,60.5,52.7,92.1,52.2,2026.0,Institute of Science Tokyo,Japan,2026,THE only,THE record not matched in QS
,,,,,,,,,,1196.0,Institute of Space Technology,Pakistan,"2,193",10.1,0%,34 : 66,32.18,23.2,10.4,59.1,22.5,49.2,2026.0,Institute of Space Technology,Pakistan,2026,THE only,THE record not matched in QS
,,,,,,,,,,1681.0,Instituto Politécnico de Viana do Castelo,Portugal,"5,913",18.6,11%,49 : 51,24.3305,13.8,15.6,38.1,22.7,45.3,2026.0,Instituto Politécnico de Viana do Castelo,Portugal,2026,THE only,THE record not matched in QS
851-900,801-850,Instituto Politécnico Nacional (IPN),Mexico,Americas,XL,FO,VH,Public,26.6,2021.0,Instituto Politécnico Nacional (IPN),Mexico,"139,234",12.7,0%,44 : 56,17.381999999999998,21.9,10.7,16.2,25.4,25.9,2026.0,Instituto Politécnico Nacional (IPN),Mexico,2026,QS + THE,Matched
801-850,751-760,Instituto Tecnológico Autonomo de México (ITAM),Mexico,Americas,S,SP,MD,Private not for Profit,21.5,,,,,,,,,,,,,,,Instituto Tecnológico Autonomo de México (ITAM),Mexico,2026,QS only,QS record not matched in THE
1201-1400,1201-1400,Instituto Tecnológico de Santo Domingo (INTEC),Dominican Republic,Americas,M,FO,MD,Public,1.9,,,,,,,,,,,,,,,Instituto Tecnológico de Santo Domingo (INTEC),Dominican Republic,2026,QS only,QS record not matched in THE
,,,,,,,,,,2187.0,Instituto Tecnológico Metropolitano,Colombia,"25,069",19.7,0%,43 : 57,11.862,12.9,7.9,9.0,18.7,30.9,2026.0,Instituto Tecnológico Metropolitano,Colombia,2026,THE only,THE record not matched in QS
1201-1400,1001-1200,International Christian University,Japan,Asia,S,FO,HI,Private for Profit,6.3,,,,,,,,,,,,,,,International Christian University,Japan,2026,QS only,QS record not matched in THE
,,,,,,,,,,1694.0,International Hellenic University,Greece,"58,142",37.1,3%,44 : 56,24.147,9.8,10.5,48.8,28.9,32.2,2026.0,International Hellenic University,Greece,2026,THE only,THE record not matched in QS
,,,,,,,,,,783.0,"International Institute of Information Technology, Hyderabad",India,"1,882",13.4,7%,20 : 80,39.483,29.3,18.7,66.3,56.6,43.5,2026.0,"International Institute of Information Technology, Hyderabad",India,2026,THE only,THE record not matched in QS
1201-1400,1001-1200,International Islamic University Islamabad (IIU),Pakistan,Asia,L,CO,HI,Public,9.3,902.0,"International Islamic University, Islamabad",Pakistan,"24,592",21.9,5%,58 : 42,37.178,19.0,11.3,77.1,20.4,58.0,2026.0,International Islamic University Islamabad (IIU),Pakistan,2026,QS + THE,Matched
613,661-670,International Islamic University Malaysia (IIUM),Malaysia,Asia,L,FC,HI,Public,36.0,,,,,,,,,,,,,,,International Islamic University Malaysia (IIUM),Malaysia,2026,QS only,QS record not matched in THE
,,,,,,,,,,861.0,International University of Rabat,Morocco,"8,278",23.1,5%,55 : 45,37.8305,18.4,12.0,73.2,31.0,76.3,2026.0,International University of Rabat,Morocco,2026,THE only,THE record not matched in QS
509,516,INTI International University,Malaysia,Asia,S,CO,VH,Private for Profit,14.3,,,,,,,,,,,,,,,INTI International University,Malaysia,2026,QS only,QS record not matched in THE
,,,,,,,,,,1954.0,Ionian University,Greece,"9,707",24.9,3%,53 : 47,18.739500000000003,16.3,11.6,26.0,23.8,24.2,2026.0,Ionian University,Greece,2026,THE only,THE record not matched in QS
449,470,Iowa State University,United States of America,Americas,L,CO,VH,Public,26.4,424.0,Iowa State University,United States,"27,116",17.2,8%,46 : 54,48.96,41.6,36.2,64.7,87.0,44.0,2026.0,Iowa State University,United States,2026,QS + THE,Matched
399,426,IPB University (aka Bogor Agricultural University),Indonesia,Asia,L,FO,VH,Public,35.1,1524.0,IPB University,Indonesia,"22,993",10.3,5%,58 : 42,26.9045,32.8,12.3,27.5,51.1,44.9,2026.0,IPB University (aka Bogor Agricultural University),Indonesia,2026,QS + THE,Matched
,,,,,,,,,,901.0,Iqra University,Pakistan,"10,121",13.1,1%,26 : 74,37.181,17.8,9.5,80.9,24.0,52.6,2026.0,Iqra University,Pakistan,2026,THE only,THE record not matched in QS
,,,,,,,,,,703.0,Iran University of Medical Sciences,Iran,"8,876",7.8,19%,54 : 46,41.43449999999999,48.3,17.3,56.5,43.1,46.6,2026.0,Iran University of Medical Sciences,Iran,2026,THE only,THE record not matched in QS
,,,,,,,,,,416.0,Iran University of Science and Technology,Iran,"12,556",29.0,7%,36 : 64,49.21499999999999,32.0,33.9,79.5,88.6,34.0,2026.0,Iran University of Science and Technology,Iran,2026,THE only,THE record not matched in QS
496,436,Iran University of Science and Technology,Iran (Islamic Republic of),Asia,M,FO,VH,Public,11.8,,,,,,,,,,,,,,,Iran University of Science and Technology,Iran (Islamic Republic of),2026,QS only,QS record not matched in THE
,,,,,,,,,,1967.0,Irkutsk National Research Technical University,Russian Federation,"9,686",10.1,13%,37 : 63,18.501,23.0,10.2,16.7,29.2,34.4,2026.0,Irkutsk National Research Technical University,Russian Federation,2026,THE only,THE record not matched in QS
,,,,,,,,,,2180.0,Irkutsk State University,Russian Federation,"12,975",14.1,5%,66 : 34,12.865,18.6,9.8,6.0,17.4,27.2,2026.0,Irkutsk State University,Russian Federation,2026,THE only,THE record not matched in QS
711-720,661-670,ISCTE - Instituto Universitario de Lisboa,Portugal,Europe,L,FO,VH,Public,8.6,,,,,,,,,,,,,,,ISCTE - Instituto Universitario de Lisboa,Portugal,2026,QS only,QS record not matched in THE
,,,,,,,,,,675.0,ISCTE-University Institute of Lisbon,Portugal,"10,999",26.0,18%,53 : 47,41.878,29.8,35.9,54.9,59.9,50.8,2026.0,ISCTE-University Institute of Lisbon,Portugal,2026,THE only,THE record not matched in QS
,,,,,,,,,,762.0,Isfahan University of Medical Sciences,Iran,"10,760",10.5,4%,59 : 41,39.8685,46.6,22.5,49.7,65.6,27.5,2026.0,Isfahan University of Medical Sciences,Iran,2026,THE only,THE record not matched in QS
,,,,,,,,,,664.0,Isfahan University of Technology,Iran,"10,096",22.6,3%,40 : 60,42.0945,34.1,27.6,59.7,84.4,36.6,2026.0,Isfahan University of Technology,Iran,2026,THE only,THE record not matched in QS
571,489,Isfahan University of Technology,Iran (Islamic Republic of),Asia,M,FO,VH,,7.8,,,,,,,,,,,,,,,Isfahan University of Technology,Iran (Islamic Republic of),2026,QS only,QS record not matched in THE
,,,,,,,,,,867.0,The Islamia University of Bahawalpur,Pakistan,"53,834",40.7,0%,47 : 53,37.74699999999999,17.6,13.3,80.3,22.2,49.6,2026.0,The Islamia University of Bahawalpur,Pakistan,2026,THE only,THE record not matched in QS
1401+,,"The Islamia University of Bahawalpur,Pakistan",Pakistan,Asia,XL,CO,HI,Public,6.2,,,,,,,,,,,,,,,"The Islamia University of Bahawalpur,Pakistan",Pakistan,2026,QS only,QS record not matched in THE
1201-1400,,Islamic Azad University,Iran (Islamic Republic of),Asia,,CO,,,6.1,,,,,,,,,,,,,,,Islamic Azad University,Iran (Islamic Republic of),2026,QS only,QS record not matched in THE
,,,,,,,,,,1972.0,Islamic Science University of Malaysia (USIM),Malaysia,"13,123",17.6,6%,64 : 36,18.4715,22.1,9.4,18.5,16.9,40.0,2026.0,Islamic Science University of Malaysia (USIM),Malaysia,2026,THE only,THE record not matched in QS
1401+,1201-1400,Islamic University of Indonesia (Universitas Islam Indonesia),Indonesia,Asia,L,CO,HI,Private not for Profit,17.5,1973.0,Islamic University of Indonesia,Indonesia,"26,457",31.6,3%,45 : 55,18.462,14.6,11.7,24.9,17.8,34.4,2026.0,Islamic University of Indonesia (Universitas Islam Indonesia),Indonesia,2026,QS + THE,Matched
1001-1200,,Islamic University of Lebanon,Lebanon,Asia,M,FO,MD,Private for Profit,10.6,,,,,,,,,,,,,,,Islamic University of Lebanon,Lebanon,2026,QS only,QS record not matched in THE
1201-1400,1001-1200,Islamic University of Madinah,Saudi Arabia,Asia,L,FO,HI,Public,8.1,1019.0,Islamic University of Madinah,Saudi Arabia,"17,328",24.6,77%,2 : 98,35.102,29.7,10.0,53.6,17.7,88.7,2026.0,Islamic University of Madinah,Saudi Arabia,2026,QS + THE,Matched
1201-1400,,Islamic University of Technology,Bangladesh,Asia,S,FO,VH,Public,6.5,,,,,,,,,,,,,,,Islamic University of Technology,Bangladesh,2026,QS only,QS record not matched in THE
,,,,,,,,,,804.0,Isra University (Jordan),Jordan,"5,275",21.5,24%,52 : 48,38.974,12.9,16.5,80.5,16.9,74.1,2026.0,Isra University (Jordan),Jordan,2026,THE only,THE record not matched in QS
1201-1400,1201-1400,Istanbul Aydin University,Türkiye,Asia,L,FO,HI,Private not for Profit,8.6,,,,,,,,,,,,,,,Istanbul Aydin University,Türkiye,2026,QS only,QS record not matched in THE
,,,,,,,,,,1661.0,Istanbul Aydın University,Turkey,"17,587",16.5,20%,53 : 47,24.65,21.2,10.0,35.0,18.4,56.8,2026.0,Istanbul Aydın University,Turkey,2026,THE only,THE record not matched in QS
1401+,1201-1400,Istanbul Bilgi Üniversitesi,Türkiye,Asia,M,FO,HI,Private not for Profit,5.6,,,,,,,,,,,,,,,Istanbul Bilgi Üniversitesi,Türkiye,2026,QS only,QS record not matched in THE
,,,,,,,,,,1696.0,Istanbul Bilgi University,Turkey,"12,199",18.6,15%,51 : 49,24.128,16.3,11.1,38.0,17.2,53.5,2026.0,Istanbul Bilgi University,Turkey,2026,THE only,THE record not matched in QS
,,,,,,,,,,1130.0,Istanbul Gelisim University,Turkey,"38,924",37.8,17%,46 : 54,33.212500000000006,12.8,9.4,71.7,16.2,60.7,2026.0,Istanbul Gelisim University,Turkey,2026,THE only,THE record not matched in QS
,,,,,,,,,,1470.0,Istanbul Medeniyet University,Turkey,"14,298",15.2,3%,52 : 48,27.745,19.2,10.9,53.6,18.5,28.0,2026.0,Istanbul Medeniyet University,Turkey,2026,THE only,THE record not matched in QS
,,,,,,,,,,843.0,Istanbul Medipol University,Turkey,"20,473",34.4,43%,65 : 35,38.1375,33.0,29.4,42.6,54.6,65.5,2026.0,Istanbul Medipol University,Turkey,2026,THE only,THE record not matched in QS
,,,,,,,,,,1549.0,Istanbul Okan University,Turkey,"8,326",12.9,25%,46 : 54,26.3295,26.5,11.0,34.1,17.8,58.4,2026.0,Istanbul Okan University,Turkey,2026,THE only,THE record not matched in QS
,,,,,,,,,,512.0,Istanbul Technical University,Turkey,"18,037",18.8,15%,42 : 58,45.952,39.7,41.7,50.4,93.0,44.1,2026.0,Istanbul Technical University,Turkey,2026,THE only,THE record not matched in QS
298,326,Istanbul Technical University,Türkiye,Asia,L,FO,VH,Public,39.6,,,,,,,,,,,,,,,Istanbul Technical University,Türkiye,2026,QS only,QS record not matched in THE
,,,,,,,,,,1206.0,Istanbul University,Turkey,"55,489",22.0,8%,56 : 44,32.035000000000004,32.2,25.6,33.2,56.8,38.4,2026.0,Istanbul University,Turkey,2026,THE only,THE record not matched in QS
628,621-630,Istanbul University,Türkiye,Asia,XL,FC,HI,Public,33.3,,,,,,,,,,,,,,,Istanbul University,Türkiye,2026,QS only,QS record not matched in THE
,,,,,,,,,,1244.0,Istanbul University-Cerrahpaşa,Turkey,"23,338",18.0,6%,52 : 48,31.423,30.3,21.2,39.1,63.6,27.5,2026.0,Istanbul University-Cerrahpaşa,Turkey,2026,THE only,THE record not matched in QS
,,,,,,,,,,1091.0,İstinye University,Turkey,"9,114",24.1,19%,62 : 38,33.912499999999994,12.9,18.4,61.1,17.4,76.6,2026.0,İstinye University,Turkey,2026,THE only,THE record not matched in QS
711-720,595,ITMO University,Russian Federation,Europe,L,FO,VH,Public,12.7,1018.0,ITMO University,Russian Federation,"14,352",17.8,17%,32 : 68,35.1055,30.4,29.9,33.0,80.6,57.9,2026.0,ITMO University,Russian Federation,2026,QS + THE,Matched
1001-1200,1001-1200,IU Indianapolis,United States of America,Americas,L,FC,HI,Public,8.9,,,,,,,,,,,,,,,IU Indianapolis,United States,2026,QS only,QS record not matched in THE
,,,,,,,,,,1227.0,Iuliu Haţieganu University of Medicine and Pharmacy Cluj-Napoca,Romania,"8,247",8.7,37%,68 : 32,31.7015,26.2,12.4,51.3,31.1,49.9,2026.0,Iuliu Haţieganu University of Medicine and Pharmacy Cluj-Napoca,Romania,2026,THE only,THE record not matched in QS
1201-1400,1201-1400,Ivan Franko National University of Lviv,Ukraine,Europe,L,CO,HI,Public,9.6,2092.0,Ivan Franko National University of Lviv,Ukraine,"21,946",13.2,1%,66 : 34,15.696,20.5,11.1,11.5,18.8,29.7,2026.0,Ivan Franko National University of Lviv,Ukraine,2026,QS + THE,Matched
951-1000,791-800,Ivane Javakhishvili Tbilisi State University,Georgia,Asia,L,FC,MD,Public,11.9,2048.0,Ivane Javakhishvili Tbilisi State University,Georgia,"24,977",32.5,5%,59 : 41,16.7215,15.0,12.2,15.9,18.9,43.1,2026.0,Ivane Javakhishvili Tbilisi State University,Georgia,2026,QS + THE,Matched
,,,,,,,,,,2183.0,Ivanovo State University of Chemistry and Technology,Russian Federation,"3,876",19.4,8%,36 : 64,12.738499999999998,16.9,9.6,7.0,24.1,25.4,2026.0,Ivanovo State University of Chemistry and Technology,Russian Federation,2026,THE only,THE record not matched in QS
,,,,,,,,,,1157.0,Izmir Institute of Technology,Turkey,"4,000",14.2,4%,47 : 53,32.74999999999999,31.1,29.8,32.2,60.4,38.1,2026.0,Izmir Institute of Technology,Turkey,2026,THE only,THE record not matched in QS
,,,,,,,,,,1974.0,İzmir Kâtip Çelebi University,Turkey,"19,291",16.5,4%,52 : 48,18.427,16.5,10.4,25.1,18.9,30.1,2026.0,İzmir Kâtip Çelebi University,Turkey,2026,THE only,THE record not matched in QS
,,,,,,,,,,1717.0,Izmir University of Economics,Turkey,"7,269",24.2,3%,54 : 46,23.8275,16.9,15.6,34.6,39.2,31.6,2026.0,Izmir University of Economics,Turkey,2026,THE only,THE record not matched in QS
1201-1400,1201-1400,Izmir Yüksek Teknoloji Enstitüsü (IYTE),Türkiye,Asia,S,CO,VH,Public,11.0,,,,,,,,,,,,,,,Izmir Yüksek Teknoloji Enstitüsü (IYTE),Türkiye,2026,QS only,QS record not matched in THE
1401+,,Jadara University,Jordan,Asia,M,CO,MD,Private not for Profit,9.9,,,,,,,,,,,,,,,Jadara University,Jordan,2026,QS only,QS record not matched in THE
676,721-730,Jadavpur University,India,Asia,M,FO,VH,Public,23.2,1172.0,Jadavpur University,India,"12,547",19.0,0%,32 : 68,32.5865,36.6,15.9,45.0,53.9,20.3,2026.0,Jadavpur University,India,2026,QS + THE,Matched
303,312,Jagiellonian University,Poland,Europe,XL,FO,VH,Public,49.9,606.0,Jagiellonian University,Poland,"32,022",8.8,13%,67 : 33,43.5905,43.8,33.6,51.1,54.2,45.7,2026.0,Jagiellonian University,Poland,2026,QS + THE,Matched
1201-1400,1201-1400,Jahangirnagar University,Bangladesh,Asia,L,CO,HI,,12.2,941.0,Jahangirnagar University,Bangladesh,"11,895",16.9,0%,50 : 50,36.5275,19.7,10.0,77.6,20.4,49.6,2026.0,Jahangirnagar University,Bangladesh,2026,QS + THE,Matched
440,445,James Cook University,Australia,Oceania,M,FC,VH,Public,21.0,357.0,James Cook University,Australia,"9,165",15.3,14%,66 : 34,51.2615,28.8,31.9,82.3,67.8,81.5,2026.0,James Cook University,Australia,2026,QS + THE,Matched
1401+,1201-1400,"Jamia Hamdard, New Delhi",India,Asia,M,FO,VH,Public,6.3,,,,,,,,,,,,,,,"Jamia Hamdard, New Delhi",India,2026,QS only,QS record not matched in THE
,,,,,,,,,,962.0,Jamia Hamdard University,India,"9,927",15.6,2%,45 : 55,36.1515,22.5,14.5,68.4,39.1,43.0,2026.0,Jamia Hamdard University,India,2026,THE only,THE record not matched in QS
,,,,,,,,,,487.0,Jamia Millia Islamia,India,"10,370",12.1,5%,52 : 48,46.7825,43.0,18.2,79.6,43.8,42.5,2026.0,Jamia Millia Islamia,India,2026,THE only,THE record not matched in QS
761-770,851-900,"Jamia Millia Islamia, New Delhi",India,Asia,M,CO,VH,Public,13.0,,,,,,,,,,,,,,,"Jamia Millia Islamia, New Delhi",India,2026,QS only,QS record not matched in THE
,,,,,,,,,,2016.0,Jan Evangelista Purkyně University,Czechia,"8,393",18.0,5%,64 : 36,17.474999999999998,17.1,13.2,15.4,21.0,41.9,2026.0,Jan Evangelista Purkyně University,Czechia,2026,THE only,THE record not matched in QS
,,,,,,,,,,2035.0,Jan Kochanowski University in Kielce,Poland,"9,998",11.6,4%,60 : 40,17.006500000000003,20.1,11.3,16.4,19.5,28.0,2026.0,Jan Kochanowski University in Kielce,Poland,2026,THE only,THE record not matched in QS
,,,,,,,,,,1051.0,Jashore University of Science and Technology,Bangladesh,"4,510",14.7,0%,33 : 67,34.605,15.2,11.5,74.8,19.4,47.6,2026.0,Jashore University of Science and Technology,Bangladesh,2026,THE only,THE record not matched in QS
,,,,,,,,,,1071.0,Jaume I University,Spain,"12,039",14.3,11%,58 : 42,34.242999999999995,25.7,21.9,50.4,46.7,44.3,2026.0,Jaume I University,Spain,2026,THE only,THE record not matched in QS
,,,,,,,,,,1004.0,Jawaharlal Nehru Technological University Anantapur (JNTUA),India,"5,743",17.9,0%,39 : 61,35.407000000000004,31.5,19.9,59.6,22.4,20.9,2026.0,Jawaharlal Nehru Technological University Anantapur (JNTUA),India,2026,THE only,THE record not matched in QS
558,580,Jawaharlal Nehru University,India,Asia,M,CO,VH,Public,39.8,821.0,Jawaharlal Nehru University,India,"7,759",11.2,1%,42 : 58,38.5835,46.0,24.4,48.5,39.5,24.1,2026.0,Jawaharlal Nehru University,India,2026,QS + THE,Matched
,,,,,,,,,,1639.0,"Jaypee Institute of Information Technology, Noida",India,"5,208",17.8,0%,32 : 68,25.079500000000003,20.0,17.6,38.6,26.2,19.3,2026.0,"Jaypee Institute of Information Technology, Noida",India,2026,THE only,THE record not matched in QS
,,,,,,,,,,1093.0,Jaypee University of Information Technology,India,"1,938",19.0,1%,32 : 68,33.8535,23.9,16.8,62.9,33.4,23.0,2026.0,Jaypee University of Information Technology,India,2026,THE only,THE record not matched in QS
,,,,,,,,,,787.0,Jazan University,Saudi Arabia,"21,894",11.6,3%,68 : 32,39.42,22.5,12.4,75.4,21.1,76.3,2026.0,Jazan University,Saudi Arabia,2026,THE only,THE record not matched in QS
,,,,,,,,,,1948.0,Jean Moulin University – Lyon 3,France,"27,662",38.2,21%,66 : 34,18.852,15.0,13.7,16.0,29.6,59.6,2026.0,Jean Moulin University – Lyon 3,France,2026,THE only,THE record not matched in QS
1201-1400,1201-1400,Jeju National University,Republic of Korea,Asia,M,FC,VH,Public,5.1,,,,,,,,,,,,,,,Jeju National University,Republic of Korea,2026,QS only,QS record not matched in THE
,,,,,,,,,,1384.0,Jeju National University,South Korea,"10,335",15.0,4%,53 : 47,28.9005,25.3,20.2,38.6,44.1,29.8,2026.0,Jeju National University,South Korea,2026,THE only,THE record not matched in QS
,,,,,,,,,,2177.0,Jember University,Indonesia,"39,050",31.9,0%,67 : 33,13.129499999999998,10.6,9.8,15.4,20.2,23.1,2026.0,Jember University,Indonesia,2026,THE only,THE record not matched in QS
701-710,681-690,Jeonbuk National University (formerly known as Chonbuk National University),Republic of Korea,Asia,L,FC,VH,Public,19.9,,,,,,,,,,,,,,,Jeonbuk National University (formerly known as Chonbuk National University),Republic of Korea,2026,QS only,QS record not matched in THE
,,,,,,,,,,862.0,Jeonbuk National University,South Korea,"18,726",20.3,10%,46 : 54,37.83,33.3,29.2,46.7,69.4,36.7,2026.0,Jeonbuk National University,South Korea,2026,THE only,THE record not matched in QS
,,,,,,,,,,1938.0,Jianghan University,China,"22,607",14.4,1%,56 : 44,18.9925,17.1,9.8,28.3,27.9,20.0,2026.0,Jianghan University,China,2026,THE only,THE record not matched in QS
,,,,,,,,,,667.0,Jiangnan University,China,"32,581",12.1,1%,,41.9615,29.5,25.8,68.0,92.8,22.2,2026.0,Jiangnan University,China,2026,THE only,THE record not matched in QS
851-900,1001-1200,Jiangnan University,China (Mainland),Asia,L,FC,VH,Public,5.8,,,,,,,,,,,,,,,Jiangnan University,China (Mainland),2026,QS only,QS record not matched in THE
,,,,,,,,,,1670.0,Jiangsu Normal University,China,"29,443",15.8,1%,,24.5145,16.2,12.9,42.7,34.8,23.9,2026.0,Jiangsu Normal University,China,2026,THE only,THE record not matched in QS
,,,,,,,,,,528.0,Jiangsu University,China,"35,531",9.4,6%,43 : 57,45.6815,28.0,18.0,83.6,75.1,54.9,2026.0,Jiangsu University,China,2026,THE only,THE record not matched in QS
,,,,,,,,,,1199.0,Jiangsu University of Science and Technology,China,"29,068",16.0,3%,,32.125,16.1,16.7,60.3,68.5,22.7,2026.0,Jiangsu University of Science and Technology,China,2026,THE only,THE record not matched in QS
,,,,,,,,,,1378.0,Jiangxi Normal University (JXNU),China,"35,356",20.5,0%,67 : 33,28.971999999999998,13.7,13.0,60.2,38.7,20.7,2026.0,Jiangxi Normal University (JXNU),China,2026,THE only,THE record not matched in QS
,,,,,,,,,,1390.0,The Jikei University School of Medicine,Japan,"1,077",0.8,1%,52 : 48,28.732499999999995,30.3,11.2,43.9,45.4,20.8,2026.0,The Jikei University School of Medicine,Japan,2026,THE only,THE record not matched in QS
473,497,Jilin University,China (Mainland),Asia,XL,FC,VH,Public,16.2,,,,,,,,,,,,,,,Jilin University,China (Mainland),2026,QS only,QS record not matched in THE
,,,,,,,,,,531.0,Jinan University (China),China,"38,488",15.0,28%,56 : 44,45.646,26.7,25.9,77.8,65.9,57.1,2026.0,Jinan University (China),China,2026,THE only,THE record not matched in QS
540,580,Jinan University (China),China (Mainland),Asia,XL,FC,VH,Public,8.6,,,,,,,,,,,,,,,Jinan University (China),China (Mainland),2026,QS only,QS record not matched in THE
452,501,Johannes Gutenberg Universität Mainz,Germany,Europe,L,FO,VH,Public,32.5,,,,,,,,,,,,,,,Johannes Gutenberg Universität Mainz,Germany,2026,QS only,QS record not matched in THE
,,,,,,,,,,342.0,Johannes Gutenberg University of Mainz,Germany,"29,586",11.4,11%,59 : 41,52.0765,38.9,27.1,83.0,72.3,66.0,2026.0,Johannes Gutenberg University of Mainz,Germany,2026,THE only,THE record not matched in QS
473,472,Johannes Kepler University Linz,Austria,Europe,M,FO,VH,Public,17.5,,,,,,,,,,,,,,,Johannes Kepler University Linz,Austria,2026,QS only,QS record not matched in THE
,,,,,,,,,,419.0,Johannes Kepler University of Linz,Austria,"6,857",20.5,23%,49 : 51,49.1225,36.7,35.4,61.4,98.5,75.6,2026.0,Johannes Kepler University of Linz,Austria,2026,THE only,THE record not matched in QS
,,,,,,,,,,1423.0,The John Paul II Catholic University of Lublin,Poland,"8,436",8.4,9%,65 : 35,28.3955,31.6,17.0,36.8,17.4,32.1,2026.0,The John Paul II Catholic University of Lublin,Poland,2026,THE only,THE record not matched in QS
24,32,Johns Hopkins University,United States of America,Americas,L,FC,VH,Private not for Profit,93.2,16.0,Johns Hopkins University,United States,"21,275",5.6,34%,54 : 46,90.06049999999999,84.6,89.9,96.3,100.0,81.9,2026.0,Johns Hopkins University,United States,2026,QS + THE,Matched
,,,,,,,,,,815.0,Jönköping University,Sweden,"6,586",13.8,12%,61 : 39,38.83849999999999,21.0,22.4,65.5,37.0,66.9,2026.0,Jönköping University,Sweden,2026,THE only,THE record not matched in QS
461,554,Jordan University of Science & Technology,Jordan,Asia,L,CO,VH,Public,32.0,824.0,Jordan University of Science and Technology,Jordan,"17,708",12.0,28%,48 : 52,38.5285,22.9,16.0,64.8,47.2,77.4,2026.0,Jordan University of Science & Technology,Jordan,2026,QS + THE,Matched
,,,,,,,,,,730.0,Jouf University,Saudi Arabia,"11,978",9.6,2%,47 : 53,40.5015,23.8,17.6,72.3,25.6,75.5,2026.0,Jouf University,Saudi Arabia,2026,THE only,THE record not matched in QS
,,,,,,,,,,884.0,JSS Academy of Higher Education and Research,India,"8,201",9.2,9%,53 : 47,37.551,41.0,11.6,56.4,28.8,53.6,2026.0,JSS Academy of Higher Education and Research,India,2026,THE only,THE record not matched in QS
416,428,Julius-Maximilians-Universität Würzburg,Germany,Europe,L,FC,VH,Public,21.4,,,,,,,,,,,,,,,Julius-Maximilians-Universität Würzburg,Germany,2026,QS only,QS record not matched in THE
,,,,,,,,,,602.0,Juntendo University,Japan,"7,371",5.3,3%,54 : 46,43.63799999999999,37.3,17.2,74.5,83.1,26.3,2026.0,Juntendo University,Japan,2026,THE only,THE record not matched in QS
496,445,Justus-Liebig-Universität Gießen,Germany,Europe,L,FC,VH,Public,15.4,,,,,,,,,,,,,,,Justus-Liebig-Universität Gießen,Germany,2026,QS only,QS record not matched in THE
,,,,,,,,,,364.0,Justus Liebig University Giessen,Germany,"25,359",37.8,12%,63 : 37,50.9975,35.0,39.2,72.5,71.3,62.7,2026.0,Justus Liebig University Giessen,Germany,2026,THE only,THE record not matched in QS
,,,,,,,,,,954.0,K.N. Toosi University of Technology,Iran,"7,629",20.2,2%,33 : 67,36.2645,23.8,22.6,59.9,47.3,37.7,2026.0,K.N. Toosi University of Technology,Iran,2026,THE only,THE record not matched in QS
,,,,,,,,,,727.0,Kadir Has University,Turkey,"4,058",22.4,11%,58 : 42,40.5655,19.4,31.7,67.1,32.8,56.1,2026.0,Kadir Has University,Turkey,2026,THE only,THE record not matched in QS
,,,,,,,,,,797.0,Kafrelsheikh University,Egypt,"72,697",27.6,3%,56 : 44,39.167,28.7,9.6,76.9,21.6,53.1,2026.0,Kafrelsheikh University,Egypt,2026,THE only,THE record not matched in QS
,,,,,,,,,,1541.0,Kagawa University,Japan,"6,421",9.8,2%,43 : 57,26.564999999999998,25.2,13.4,35.8,62.0,27.0,2026.0,Kagawa University,Japan,2026,THE only,THE record not matched in QS
1201-1400,1001-1200,Kagoshima University,Japan,Asia,M,FC,VH,Public,7.8,1751.0,Kagoshima University,Japan,"10,130",10.5,2%,39 : 61,23.199,26.5,13.8,23.8,56.3,26.5,2026.0,Kagoshima University,Japan,2026,QS + THE,Matched
,,,,,,,,,,1114.0,Kalasalingam Academy of Research and Education,India,"6,792",4.4,9%,51 : 49,33.471,27.8,9.2,61.5,22.8,43.2,2026.0,Kalasalingam Academy of Research and Education,India,2026,THE only,THE record not matched in QS
1001-1200,,Kalinga Institute of Industrial Technology,India,Asia,L,CO,VH,Private not for Profit,6.4,,,,,,,,,,,,,,,Kalinga Institute of Industrial Technology,India,2026,QS only,QS record not matched in THE
,,,,,,,,,,2107.0,Kanagawa University,Japan,"17,462",14.0,4%,31 : 69,15.178999999999998,17.9,8.1,11.8,25.8,39.7,2026.0,Kanagawa University,Japan,2026,THE only,THE record not matched in QS
901-950,901-950,Kanazawa University,Japan,Asia,M,FC,VH,Public,13.2,1147.0,Kanazawa University,Japan,"10,216",9.9,6%,36 : 64,32.917,36.0,21.8,35.6,67.5,34.6,2026.0,Kanazawa University,Japan,2026,QS + THE,Matched
1001-1200,1001-1200,Kangwon National University,Republic of Korea,Asia,L,FC,HI,Public,8.0,,,,,,,,,,,,,,,Kangwon National University,Republic of Korea,2026,QS only,QS record not matched in THE
,,,,,,,,,,1346.0,Kangwon National University,South Korea,"20,621",20.1,3%,42 : 58,29.5195,24.6,24.9,36.6,54.1,25.3,2026.0,Kangwon National University,South Korea,2026,THE only,THE record not matched in QS
,,,,,,,,,,1249.0,Kansai Medical University,Japan,"1,545",2.9,2%,57 : 43,31.341,29.4,12.2,51.6,50.0,22.0,2026.0,Kansai Medical University,Japan,2026,THE only,THE record not matched in QS
,,,,,,,,,,2093.0,Kansai University,Japan,"29,830",11.1,4%,41 : 59,15.664,21.6,8.8,10.0,29.0,34.4,2026.0,Kansai University,Japan,2026,THE only,THE record not matched in QS
901-950,851-900,Kansas State University,United States of America,Americas,L,CO,VH,Public,9.1,781.0,Kansas State University,United States,"18,454",14.0,5%,54 : 46,39.5015,35.1,22.9,52.6,68.4,53.2,2026.0,Kansas State University,United States,2026,QS + THE,Matched
,,,,,,,,,,866.0,Kaohsiung Medical University,Taiwan,"6,621",12.6,5%,59 : 41,37.779,26.6,34.3,46.9,89.0,31.4,2026.0,Kaohsiung Medical University,Taiwan,2026,THE only,THE record not matched in QS
,,,,,,,,,,1591.0,Karabük University,Turkey,"45,899",41.5,26%,43 : 57,25.682,15.6,9.8,45.6,18.7,50.8,2026.0,Karabük University,Turkey,2026,THE only,THE record not matched in QS
,,,,,,,,,,1621.0,Karadeniz Technical University,Turkey,"22,986",10.5,8%,52 : 48,25.3405,24.5,13.8,35.1,38.9,27.0,2026.0,Karadeniz Technical University,Turkey,2026,THE only,THE record not matched in QS
901-950,901-950,Karaganda Buketov University,Kazakhstan,Asia,L,CO,MD,Private not for Profit,17.6,,,,,,,,,,,,,,,Karaganda Buketov University,Kazakhstan,2026,QS only,QS record not matched in THE
,,,,,,,,,,1693.0,Karamanoğlu Mehmet Bey University,Turkey,"19,789",28.7,6%,51 : 49,24.1535,11.7,10.1,49.0,17.2,31.8,2026.0,Karamanoğlu Mehmet Bey University,Turkey,2026,THE only,THE record not matched in QS
668,671-680,Karl-Franzens-Universität Graz,Austria,Europe,L,FO,VH,Public,26.8,,,,,,,,,,,,,,,Karl-Franzens-Universität Graz,Austria,2026,QS only,QS record not matched in THE
98,102,Karlsruhe Institute of Technology (KIT),Germany,Europe,L,FO,VH,Public,57.1,167.0,Karlsruhe Institute of Technology,Germany,"19,911",23.1,25%,30 : 70,60.737,49.3,54.9,69.3,100.0,73.1,2026.0,Karlsruhe Institute of Technology (KIT),Germany,2026,QS + THE,Matched
,,,,,,,,,,55.0,Karolinska Institute,Sweden,"8,123",9.8,23%,70 : 30,74.99499999999998,59.6,66.0,95.5,94.7,77.8,2026.0,Karolinska Institute,Sweden,2026,THE only,THE record not matched in QS
,,,,,,,,,,1646.0,Karpagam Academy of Higher Education,India,"10,846",13.8,0%,31 : 69,24.9495,19.0,11.8,44.4,19.5,24.3,2026.0,Karpagam Academy of Higher Education,India,2026,THE only,THE record not matched in QS
,,,,,,,,,,1205.0,Karunya Institute of Technology and Sciences,India,"7,715",15.2,0%,37 : 63,32.037,22.2,15.6,60.6,27.6,22.4,2026.0,Karunya Institute of Technology and Sciences,India,2026,THE only,THE record not matched in QS
701-710,781-790,Kasetsart University,Thailand,Asia,XL,CO,VH,Public,37.4,1773.0,Kasetsart University,Thailand,"69,827",17.3,1%,61 : 39,22.782,18.8,15.9,27.8,41.5,35.0,2026.0,Kasetsart University,Thailand,2026,QS + THE,Matched
,,,,,,,,,,1392.0,Kashan University of Medical Sciences and Health Services,Iran,"3,416",0.7,4%,57 : 43,28.725,29.2,9.0,48.7,17.9,29.0,2026.0,Kashan University of Medical Sciences and Health Services,Iran,2026,THE only,THE record not matched in QS
,,,,,,,,,,1658.0,Kastamonu University,Turkey,"16,697",31.4,11%,46 : 54,24.668,15.3,12.0,44.3,18.8,35.1,2026.0,Kastamonu University,Turkey,2026,THE only,THE record not matched in QS
741-750,751-760,Kaunas University of Technology,Lithuania,Europe,M,FO,VH,Public,15.1,1078.0,Kaunas University of Technology,Lithuania,"7,308",13.0,11%,34 : 66,34.081999999999994,25.2,19.9,52.8,46.8,42.2,2026.0,Kaunas University of Technology,Lithuania,2026,QS + THE,Matched
1201-1400,1201-1400,Kazakh Ablai khan University of International Relations and World Languages,Kazakhstan,Asia,M,SP,LO,Public,10.4,,,,,,,,,,,,,,,Kazakh Ablai khan University of International Relations and World Languages,Kazakhstan,2026,QS only,QS record not matched in THE
1001-1200,1001-1200,Kazakh-British Technical University,Kazakhstan,Asia,M,FO,HI,Public,15.9,,,,,,,,,,,,,,,Kazakh-British Technical University,Kazakhstan,2026,QS only,QS record not matched in THE
,,,,,,,,,,2005.0,Kazakh National Agrarian Research University,Kazakhstan,"6,042",11.3,6%,50 : 50,17.697499999999998,23.7,8.3,15.9,16.6,38.2,2026.0,Kazakh National Agrarian Research University,Kazakhstan,2026,THE only,THE record not matched in QS
697,671-680,Kazakh National Agrarian University,Kazakhstan,Asia,M,SP,MD,Public,22.8,,,,,,,,,,,,,,,Kazakh National Agrarian University,Kazakhstan,2026,QS only,QS record not matched in THE
628,671-680,Kazakh National Pedagogical University Abai,Kazakhstan,Asia,L,CO,MD,Public,31.7,,,,,,,,,,,,,,,Kazakh National Pedagogical University Abai,Kazakhstan,2026,QS only,QS record not matched in THE
450,401,Kazan Federal University,Russian Federation,Europe,L,FC,VH,Public,27.2,989.0,Kazan Federal University,Russian Federation,"22,575",11.1,33%,66 : 34,35.684,46.6,22.1,27.7,52.2,68.4,2026.0,Kazan Federal University,Russian Federation,2026,QS + THE,Matched
1401+,1201-1400,Kazan National Research Technological University,Russian Federation,Europe,L,CO,HI,Public,5.3,2041.0,Kazan National Research Technological University,Russian Federation,"13,472",12.3,16%,39 : 61,16.799,22.0,9.9,10.2,44.2,34.8,2026.0,Kazan National Research Technological University,Russian Federation,2026,QS + THE,Matched
,,,,,,,,,,1797.0,Kazan State Medical University,Russian Federation,"5,835",12.2,36%,54 : 46,22.3365,39.5,11.9,10.1,20.7,45.0,2026.0,Kazan State Medical University,Russian Federation,2026,THE only,THE record not matched in QS
,,,,,,,,,,2150.0,Kazan State Power Engineering University,Russian Federation,"9,741",25.4,6%,32 : 68,14.212,13.1,9.8,15.3,24.7,25.7,2026.0,Kazan State Power Engineering University,Russian Federation,2026,THE only,THE record not matched in QS
801-850,791-800,Keele University,United Kingdom,Europe,M,FC,VH,Public,8.5,563.0,Keele University,United Kingdom,"10,370",15.4,20%,62 : 38,44.861,23.5,22.6,75.5,63.8,82.3,2026.0,Keele University,United Kingdom,2026,QS + THE,Matched
215,188,Keio University,Japan,Asia,XL,FC,VH,Private not for Profit,65.5,761.0,Keio University,Japan,"34,336",10.2,10%,37 : 63,39.87500000000001,37.0,28.3,49.1,73.7,41.0,2026.0,Keio University,Japan,2026,QS + THE,Matched
,,,,,,,,,,2172.0,Kemerovo State University,Russian Federation,"15,000",23.1,7%,61 : 39,13.3555,15.5,11.2,9.9,18.0,24.6,2026.0,Kemerovo State University,Russian Federation,2026,THE only,THE record not matched in QS
1001-1200,1001-1200,Kent State University,United States of America,Americas,L,FO,VH,Public,7.0,,,,,,,,,,,,,,,Kent State University,United States,2026,QS only,QS record not matched in THE
,,,,,,,,,,1809.0,Kenyatta University,Kenya,"55,018",27.6,5%,58 : 42,21.9085,14.3,9.1,34.2,17.4,54.6,2026.0,Kenyatta University,Kenya,2026,THE only,THE record not matched in QS
,,,,,,,,,,826.0,Kerman University of Medical Sciences,Iran,"5,552",9.5,3%,,38.49249999999999,40.6,15.4,63.7,23.8,26.5,2026.0,Kerman University of Medical Sciences,Iran,2026,THE only,THE record not matched in QS
,,,,,,,,,,387.0,Kermanshah University of Medical Sciences,Iran,"7,118",7.0,24%,50 : 50,50.20599999999999,48.8,23.5,73.1,57.0,63.8,2026.0,Kermanshah University of Medical Sciences,Iran,2026,THE only,THE record not matched in QS
,,,,,,,,,,247.0,Khalifa University,United Arab Emirates,"4,299",7.1,29%,57 : 43,56.564,37.6,28.0,88.5,92.3,94.8,2026.0,Khalifa University,United Arab Emirates,2026,THE only,THE record not matched in QS
177,202,Khalifa University of Science and Technology,United Arab Emirates,Asia,S,SP,VH,Public,34.3,,,,,,,,,,,,,,,Khalifa University of Science and Technology,United Arab Emirates,2026,QS only,QS record not matched in THE
,,,,,,,,,,1466.0,Kharazmi University,Iran,"12,192",16.3,3%,55 : 45,27.8715,25.2,14.7,41.8,27.3,33.9,2026.0,Kharazmi University,Iran,2026,THE only,THE record not matched in QS
,,,,,,,,,,2002.0,Kharkiv Aviation Institute,Ukraine,"4,827",12.6,12%,14 : 86,17.7735,21.3,10.7,17.4,18.8,32.2,2026.0,Kharkiv Aviation Institute,Ukraine,2026,THE only,THE record not matched in QS
1201-1400,1201-1400,Kharkiv National University of Radio Electronics,Ukraine,Europe,M,SP,HI,Public,3.2,1871.0,Kharkiv National University of Radio Electronics,Ukraine,"7,129",11.6,6%,30 : 70,20.7025,20.8,9.0,30.0,18.6,29.5,2026.0,Kharkiv National University of Radio Electronics,Ukraine,2026,QS + THE,Matched
951-1000,,Khazar University,Azerbaijan,Asia,M,CO,MD,Private not for Profit,7.8,,,,,,,,,,,,,,,Khazar University,Azerbaijan,2026,QS only,QS record not matched in THE
761-770,801-850,Khoja Akhmet Yassawi International Kazakh-Turkish University,Kazakhstan,Asia,M,FC,MD,Public,19.1,,,,,,,,,,,,,,,Khoja Akhmet Yassawi International Kazakh-Turkish University,Kazakhstan,2026,QS only,QS record not matched in THE
901-950,951-1000,Khon Kaen University,Thailand,Asia,XL,FC,HI,Public,26.6,1278.0,Khon Kaen University,Thailand,"32,602",16.3,2%,61 : 39,30.6365,28.6,17.3,41.8,49.5,35.5,2026.0,Khon Kaen University,Thailand,2026,QS + THE,Matched
1401+,1201-1400,Khulna University,Bangladesh,Asia,M,CO,HI,,8.6,1493.0,Khulna University,Bangladesh,"8,131",13.9,0%,45 : 55,27.3225,17.3,9.9,50.7,18.7,45.2,2026.0,Khulna University,Bangladesh,2026,QS + THE,Matched
1401+,1201-1400,Khulna University of Engineering and Technology,Bangladesh,Asia,M,SP,HI,Public,7.3,1098.0,Khulna University of Engineering and Technology (KUET),Bangladesh,"7,985",17.8,0%,32 : 68,33.758,13.8,8.7,78.6,22.1,36.0,2026.0,Khulna University of Engineering and Technology,Bangladesh,2026,QS + THE,Matched
,,,,,,,,,,949.0,Khwaja Fareed University of Engineering and Information Technology,Pakistan,"11,504",24.1,0%,45 : 55,36.3725,11.8,12.8,79.6,36.3,51.3,2026.0,Khwaja Fareed University of Engineering and Information Technology,Pakistan,2026,THE only,THE record not matched in QS
,,,,,,,,,,601.0,KIIT University,India,"19,682",10.3,14%,56 : 44,43.64,43.0,20.9,63.5,60.6,45.6,2026.0,KIIT University,India,2026,THE only,THE record not matched in QS
1401+,1201-1400,Kindai University (previously Kinki University),Japan,Asia,XL,FC,HI,Private for Profit,5.3,1319.0,Kindai University,Japan,"34,923",23.2,2%,32 : 68,30.0415,17.6,13.3,53.6,60.0,33.5,2026.0,Kindai University (previously Kinki University),Japan,2026,QS + THE,Matched
163,149,King Abdul Aziz University (KAU),Saudi Arabia,Asia,XL,FC,VH,Public,67.5,,,,,,,,,,,,,,,King Abdul Aziz University (KAU),Saudi Arabia,2026,QS only,QS record not matched in THE
,,,,,,,,,,399.0,King Abdulaziz University,Saudi Arabia,"56,251",12.5,5%,57 : 43,49.876,29.8,22.9,87.1,67.6,74.8,2026.0,King Abdulaziz University,Saudi Arabia,2026,THE only,THE record not matched in QS
67,101,King Fahd University of Petroleum & Minerals,Saudi Arabia,Asia,M,FO,VH,Public,53.5,186.0,King Fahd University of Petroleum and Minerals,Saudi Arabia,"5,960",8.3,28%,26 : 74,59.690000000000005,36.3,43.2,85.7,94.4,92.9,2026.0,King Fahd University of Petroleum & Minerals,Saudi Arabia,2026,QS + THE,Matched
648,761-770,King Faisal University,Saudi Arabia,Asia,L,FC,HI,Public,25.3,700.0,King Faisal University,Saudi Arabia,"22,366",10.4,6%,65 : 35,41.45,25.6,14.8,73.7,40.4,78.4,2026.0,King Faisal University,Saudi Arabia,2026,QS + THE,Matched
535,601-610,King Khalid University,Saudi Arabia,Asia,L,FC,VH,Public,25.8,302.0,King Khalid University,Saudi Arabia,"29,832",7.1,15%,55 : 45,54.269,41.2,31.6,80.0,58.4,88.2,2026.0,King Khalid University,Saudi Arabia,2026,QS + THE,Matched
1201-1400,1201-1400,King Mongkut's Institute of Technology Ladkrabang,Thailand,Asia,L,CO,VH,Public,13.5,,,,,,,,,,,,,,,King Mongkut's Institute of Technology Ladkrabang,Thailand,2026,QS only,QS record not matched in THE
1201-1400,1201-1400,King Mongkut's University of Technology North Bangkok,Thailand,Asia,L,FO,VH,Public,13.4,1266.0,King Mongkut's University of Technology North Bangkok,Thailand,"27,960",22.6,1%,40 : 60,30.97,17.8,15.3,55.9,57.3,29.6,2026.0,King Mongkut's University of Technology North Bangkok,Thailand,2026,QS + THE,Matched
901-950,951-1000,King Mongkut's University of Technology Thonburi,Thailand,Asia,L,CO,VH,Public,20.8,,,,,,,,,,,,,,,King Mongkut's University of Technology Thonburi,Thailand,2026,QS only,QS record not matched in THE
,,,,,,,,,,979.0,King Mongkut’s University of Technology Thonburi,Thailand,"14,898",19.7,4%,45 : 55,35.839,19.8,22.9,57.0,78.8,41.4,2026.0,King Mongkut’s University of Technology Thonburi,Thailand,2026,THE only,THE record not matched in QS
31,40,King's College London (KCL),United Kingdom,Europe,XL,FC,VH,Public,96.2,,,,,,,,,,,,,,,King's College London (KCL),United Kingdom,2026,QS only,QS record not matched in THE
,,,,,,,,,,844.0,King Saud bin Abdulaziz University for Health Sciences,Saudi Arabia,"8,509",10.9,0%,53 : 47,38.136,44.6,19.6,44.5,45.5,55.0,2026.0,King Saud bin Abdulaziz University for Health Sciences,Saudi Arabia,2026,THE only,THE record not matched in QS
143,200,King Saud University,Saudi Arabia,Asia,XL,FC,VH,Public,54.8,266.0,King Saud University,Saudi Arabia,"42,846",11.0,11%,46 : 54,55.745,38.2,33.8,82.7,89.1,84.0,2026.0,King Saud University,Saudi Arabia,2026,QS + THE,Matched
,,,,,,,,,,38.0,King’s College London,United Kingdom,"34,410",12.6,52%,64 : 36,78.65749999999998,64.2,72.1,95.5,72.3,96.9,2026.0,King’s College London,United Kingdom,2026,THE only,THE record not matched in QS
,,,,,,,,,,992.0,Kingston University,United Kingdom,"15,980",20.2,44%,60 : 40,35.6135,20.4,15.4,54.6,48.3,90.9,2026.0,Kingston University,United Kingdom,2026,THE only,THE record not matched in QS
660,601-610,"Kingston University, London",United Kingdom,Europe,L,CO,HI,Public,20.7,,,,,,,,,,,,,,,"Kingston University, London",United Kingdom,2026,QS only,QS record not matched in THE
,,,,,,,,,,1907.0,Kirikkale University,Turkey,"25,261",40.3,1%,51 : 49,19.684,17.0,19.6,20.1,36.0,20.2,2026.0,Kirikkale University,Turkey,2026,THE only,THE record not matched in QS
,,,,,,,,,,1565.0,Kitasato University,Japan,"8,517",5.0,1%,55 : 45,26.101,26.7,12.0,36.0,59.8,20.7,2026.0,Kitasato University,Japan,2026,THE only,THE record not matched in QS
,,,,,,,,,,869.0,KL University,India,"18,766",14.7,2%,38 : 62,37.7275,25.6,16.3,75.8,19.9,25.5,2026.0,KL University,India,2026,THE only,THE record not matched in QS
,,,,,,,,,,1941.0,KLE Academy of Higher Education and Research,India,"7,175",8.5,1%,58 : 42,18.923,25.0,11.2,15.5,32.0,31.6,2026.0,KLE Academy of Higher Education and Research,India,2026,THE only,THE record not matched in QS
,,,,,,,,,,1563.0,KMITL – King Mongkut’s Institute of Technology Ladkrabang,Thailand,"27,090",24.8,3%,50 : 50,26.148,18.9,25.0,24.9,74.5,38.3,2026.0,KMITL – King Mongkut’s Institute of Technology Ladkrabang,Thailand,2026,THE only,THE record not matched in QS
482,465,Kobe University,Japan,Asia,L,FC,VH,Public,36.9,728.0,Kobe University,Japan,"15,355",9.8,7%,35 : 65,40.556,41.5,28.9,45.0,89.0,38.3,2026.0,Kobe University,Japan,2026,QS + THE,Matched
,,,,,,,,,,351.0,Koç University,Turkey,"7,111",21.0,12%,49 : 51,51.626,34.6,41.9,70.6,91.2,59.2,2026.0,Koç University,Turkey,2026,THE only,THE record not matched in QS
323,401,Koc University,Türkiye,Asia,M,FC,VH,Private not for Profit,36.0,,,,,,,,,,,,,,,Koc University,Türkiye,2026,QS only,QS record not matched in THE
,,,,,,,,,,1943.0,Kocaeli University,Turkey,"43,687",28.6,5%,47 : 53,18.918,14.1,10.4,28.6,30.5,25.9,2026.0,Kocaeli University,Turkey,2026,THE only,THE record not matched in QS
,,,,,,,,,,1842.0,Kochi University,Japan,"5,441",8.6,1%,44 : 56,21.268,24.2,12.9,21.4,46.7,28.0,2026.0,Kochi University,Japan,2026,THE only,THE record not matched in QS
,,,,,,,,,,1862.0,Kochi University of Technology,Japan,"2,510",19.2,2%,24 : 76,20.9335,20.0,14.5,18.7,51.9,41.9,2026.0,Kochi University of Technology,Japan,2026,THE only,THE record not matched in QS
,,,,,,,,,,2111.0,Kogakuin University,Japan,"6,553",18.1,2%,19 : 81,15.0905,17.2,8.1,14.3,35.5,26.1,2026.0,Kogakuin University,Japan,2026,THE only,THE record not matched in QS
,,,,,,,,,,1360.0,Kohat University of Science and Technology,Pakistan,"10,175",45.4,0%,25 : 75,29.31,17.1,13.0,51.0,21.7,57.7,2026.0,Kohat University of Science and Technology,Pakistan,2026,THE only,THE record not matched in QS
654,721-730,Konkuk University,Republic of Korea,Asia,L,FC,VH,Private not for Profit,11.6,,,,,,,,,,,,,,,Konkuk University,Republic of Korea,2026,QS only,QS record not matched in THE
,,,,,,,,,,559.0,Konkuk University,South Korea,"11,274",25.4,22%,,45.0345,34.2,38.8,50.2,96.4,63.7,2026.0,Konkuk University,South Korea,2026,THE only,THE record not matched in QS
,,,,,,,,,,1795.0,Konya Technical University,Turkey,"10,365",22.2,5%,29 : 71,22.355999999999995,19.4,9.4,37.8,17.3,25.0,2026.0,Konya Technical University,Turkey,2026,THE only,THE record not matched in QS
1001-1200,1201-1400,Kookmin University,Republic of Korea,Asia,L,CO,HI,Private for Profit,5.3,,,,,,,,,,,,,,,Kookmin University,Republic of Korea,2026,QS only,QS record not matched in THE
,,,,,,,,,,1457.0,Kookmin University,South Korea,"15,777",18.5,13%,49 : 51,27.9595,28.6,21.3,27.0,59.7,38.1,2026.0,Kookmin University,South Korea,2026,THE only,THE record not matched in QS
,,,,,,,,,,1191.0,Kore University of Enna,Italy,"6,035",16.8,1%,72 : 28,32.222500000000004,17.8,16.6,57.8,43.0,41.3,2026.0,Kore University of Enna,Italy,2026,THE only,THE record not matched in QS
,,,,,,,,,,71.0,Korea Advanced Institute of Science and Technology (KAIST),South Korea,"10,728",11.9,11%,24 : 76,71.2865,66.7,67.5,82.4,100.0,44.2,2026.0,Korea Advanced Institute of Science and Technology (KAIST),South Korea,2026,THE only,THE record not matched in QS
61,67,Korea University,Republic of Korea,Asia,L,FC,VH,Private not for Profit,89.2,,,,,,,,,,,,,,,Korea University,Republic of Korea,2026,QS only,QS record not matched in THE
,,,,,,,,,,159.0,Korea University,South Korea,"21,728",17.5,38%,,61.406,52.4,51.3,73.3,99.9,67.8,2026.0,Korea University,South Korea,2026,THE only,THE record not matched in QS
,,,,,,,,,,1994.0,Kırşehir Ahi Evran University,Turkey,"13,682",23.7,16%,53 : 47,17.936,14.0,11.1,23.8,21.3,34.6,2026.0,Kırşehir Ahi Evran University,Turkey,2026,THE only,THE record not matched in QS
78,74,KTH Royal Institute of Technology,Sweden,Europe,L,FO,VH,Public,60.2,99.0,KTH Royal Institute of Technology,Sweden,"15,263",18.2,28%,31 : 69,66.277,51.1,57.3,79.7,97.2,90.5,2026.0,KTH Royal Institute of Technology,Sweden,2026,QS + THE,Matched
60,63,KU Leuven,Belgium,Europe,XL,FC,VH,Public,93.0,46.0,KU Leuven,Belgium,"50,336",37.1,21%,52 : 48,76.81549999999999,61.3,73.8,91.3,100.0,79.2,2026.0,KU Leuven,Belgium,2026,QS + THE,Matched
951-1000,951-1000,Kumamoto University,Japan,Asia,M,FC,VH,Public,9.2,1087.0,Kumamoto University,Japan,"9,401",9.5,6%,39 : 61,33.95399999999999,33.6,19.3,41.3,82.0,37.0,2026.0,Kumamoto University,Japan,2026,QS + THE,Matched
,,,,,,,,,,811.0,Kurdistan University of Medical Sciences,Iran,"3,652",7.0,7%,46 : 54,38.885,43.0,10.4,65.8,23.1,33.6,2026.0,Kurdistan University of Medical Sciences,Iran,2026,THE only,THE record not matched in QS
,,,,,,,,,,1224.0,Kurume University,Japan,"4,659",8.1,1%,,31.7235,28.6,13.3,52.2,49.8,23.7,2026.0,Kurume University,Japan,2026,THE only,THE record not matched in QS
781-790,801-850,Kuwait University,Kuwait,Asia,XL,FC,HI,Public,20.9,1287.0,Kuwait University,Kuwait,"29,943",18.3,13%,73 : 27,30.565,18.0,11.4,53.7,33.1,60.2,2026.0,Kuwait University,Kuwait,2026,QS + THE,Matched
1201-1400,1201-1400,Kwame Nkrumah University of Science and Technology,Ghana,Africa,XL,CO,HI,,10.2,1286.0,Kwame Nkrumah University of Science and Technology,Ghana,"76,838",46.8,1%,39 : 61,30.581,17.7,16.6,53.3,26.7,46.5,2026.0,Kwame Nkrumah University of Science and Technology,Ghana,2026,QS + THE,Matched
,,,,,,,,,,1913.0,Kwansei Gakuin University,Japan,"25,457",20.7,4%,50 : 50,19.529,23.2,10.4,18.9,30.6,37.0,2026.0,Kwansei Gakuin University,Japan,2026,THE only,THE record not matched in QS
,,,,,,,,,,1641.0,Kyiv National University of Construction and Architecture,Ukraine,"6,697",7.1,3%,42 : 58,25.063,22.6,9.1,41.4,19.3,34.2,2026.0,Kyiv National University of Construction and Architecture,Ukraine,2026,THE only,THE record not matched in QS
1201-1400,1201-1400,Kyoto Institute of Technology,Japan,Asia,S,FO,VH,Public,8.0,1771.0,Kyoto Institute of Technology,Japan,"4,018",14.5,6%,29 : 71,22.788500000000003,25.5,17.7,16.2,72.2,31.8,2026.0,Kyoto Institute of Technology,Japan,2026,QS + THE,Matched
,,,,,,,,,,1022.0,Kyoto Prefectural University of Medicine,Japan,"1,355",3.1,1%,47 : 53,35.059999999999995,33.4,15.9,53.9,70.9,21.2,2026.0,Kyoto Prefectural University of Medicine,Japan,2026,THE only,THE record not matched in QS
57,50,Kyoto University,Japan,Asia,L,FC,VH,Public,99.7,61.0,Kyoto University,Japan,"21,617",9.0,11%,25 : 75,73.961,86.4,82.7,56.9,100.0,45.6,2026.0,Kyoto University,Japan,2026,QS + THE,Matched
1201-1400,,Kyrgyz National University,Kyrgyzstan,Asia,L,CO,LO,Public,14.3,,,,,,,,,,,,,,,Kyrgyz National University,Kyrgyzstan,2026,QS only,QS record not matched in THE
1001-1200,851-900,Kyrgyz Russian Slavic University,Kyrgyzstan,Asia,M,CO,MD,Public,10.9,,,,,,,,,,,,,,,Kyrgyz Russian Slavic University,Kyrgyzstan,2026,QS only,QS record not matched in THE
1201-1400,1201-1400,Kyrgyz State Technical University named after I. Razzakov,Kyrgyzstan,Asia,L,SP,LO,Public,16.1,,,,,,,,,,,,,,,Kyrgyz State Technical University named after I. Razzakov,Kyrgyzstan,2026,QS only,QS record not matched in THE
951-1000,901-950,Kyrgyz-Turkish Manas University,Kyrgyzstan,Asia,S,CO,HI,Public,19.2,,,,,,,,,,,,,,,Kyrgyz-Turkish Manas University,Kyrgyzstan,2026,QS only,QS record not matched in THE
331,328,Kyung Hee University,Republic of Korea,Asia,L,FC,VH,Private not for Profit,34.6,,,,,,,,,,,,,,,Kyung Hee University,Republic of Korea,2026,QS only,QS record not matched in THE
,,,,,,,,,,254.0,Kyung Hee University,South Korea,"20,363",17.4,30%,54 : 46,56.2245,41.2,40.3,76.5,99.9,72.5,2026.0,Kyung Hee University,South Korea,2026,THE only,THE record not matched in QS
519,516,Kyungpook National University,Republic of Korea,Asia,L,FC,VH,Public,18.0,,,,,,,,,,,,,,,Kyungpook National University,Republic of Korea,2026,QS only,QS record not matched in THE
,,,,,,,,,,576.0,Kyungpook National University (KNU),South Korea,"17,162",15.8,17%,47 : 53,44.4975,34.8,38.5,51.0,96.1,52.3,2026.0,Kyungpook National University (KNU),South Korea,2026,THE only,THE record not matched in QS
1001-1200,1001-1200,Kyushu Institute of Technology,Japan,Asia,M,SP,VH,Public,5.0,1486.0,Kyushu Institute of Technology (Kyutech),Japan,"5,616",16.1,4%,14 : 86,27.4515,26.4,16.5,30.9,66.9,39.1,2026.0,Kyushu Institute of Technology,Japan,2026,QS + THE,Matched
170,167,Kyushu University,Japan,Asia,L,FC,VH,Public,71.3,319.0,Kyushu University,Japan,"18,679",7.7,14%,29 : 71,53.1885,54.2,46.5,53.5,98.8,49.5,2026.0,Kyushu University,Japan,2026,QS + THE,Matched
317,321,L.N. Gumilyov Eurasian National University,Kazakhstan,Asia,L,FO,VH,Public,40.1,1748.0,L.N. Gumilyov Eurasian National University,Kazakhstan,"23,205",18.3,4%,49 : 51,23.3215,20.9,15.2,25.4,17.2,59.2,2026.0,L.N. Gumilyov Eurasian National University,Kazakhstan,2026,QS + THE,Matched
233,217,La Trobe University,Australia,Oceania,L,CO,VH,Public,33.4,264.0,La Trobe University,Australia,"21,509",31.2,37%,,55.857,29.5,36.8,88.9,79.0,88.7,2026.0,La Trobe University,Australia,2026,QS + THE,Matched
,,,,,,,,,,1749.0,Ladoke Akintola University of Technology,Nigeria,"40,337",50.1,0%,49 : 51,23.257,14.0,10.7,40.7,25.6,37.2,2026.0,Ladoke Akintola University of Technology,Nigeria,2026,THE only,THE record not matched in QS
,,,,,,,,,,1833.0,Lagos State University,Nigeria,"50,785",46.0,0%,51 : 49,21.368,17.1,10.5,30.1,20.9,45.5,2026.0,Lagos State University,Nigeria,2026,THE only,THE record not matched in QS
,,,,,,,,,,1417.0,Lahore College for Women University (LCWU),Pakistan,"10,137",21.0,0%,100 : 0,28.454500000000003,22.2,11.3,48.4,17.4,45.5,2026.0,Lahore College for Women University (LCWU),Pakistan,2026,THE only,THE record not matched in QS
555,535,Lahore University of Management Sciences (LUMS),Pakistan,Asia,S,CO,VH,Private not for Profit,21.4,974.0,Lahore University of Management Sciences,Pakistan,"4,744",13.6,2%,44 : 56,35.971,23.7,20.2,57.4,46.1,54.1,2026.0,Lahore University of Management Sciences (LUMS),Pakistan,2026,QS + THE,Matched
,,,,,,,,,,1049.0,Lakehead University,Canada,"8,464",25.6,22%,58 : 42,34.6255,18.0,25.6,52.8,41.6,58.5,2026.0,Lakehead University,Canada,2026,THE only,THE record not matched in QS
157,141,Lancaster University,United Kingdom,Europe,L,FC,VH,Public,51.2,185.0,Lancaster University,United Kingdom,"16,935",14.9,34%,48 : 52,59.728,40.9,40.8,86.7,67.2,95.1,2026.0,Lancaster University,United Kingdom,2026,QS + THE,Matched
,,,,,,,,,,1107.0,Landmark University,Nigeria,"3,426",13.0,1%,33 : 67,33.539,20.2,18.4,61.9,22.1,37.2,2026.0,Landmark University,Nigeria,2026,THE only,THE record not matched in QS
791-800,721-730,Lanzhou University,China (Mainland),Asia,XL,CO,VH,Public,9.4,,,,,,,,,,,,,,,Lanzhou University,China (Mainland),2026,QS only,QS record not matched in THE
397,336,Lappeenranta-Lahti University of Technology LUT,Finland,Europe,M,SP,VH,Public,8.7,,,,,,,,,,,,,,,Lappeenranta-Lahti University of Technology LUT,Finland,2026,QS only,QS record not matched in THE
,,,,,,,,,,2014.0,Larbi Tebessi University,Algeria,"14,303",15.4,0%,65 : 35,17.506499999999996,18.6,9.1,21.3,17.2,30.7,2026.0,Larbi Tebessi University,Algeria,2026,THE only,THE record not matched in QS
1201-1400,,Latvia University of Life Sciences and Technologies,Latvia,Europe,S,FO,VH,Public,7.5,1919.0,Latvia University of Life Sciences and Technologies,Latvia,"3,998",14.1,8%,49 : 51,19.4345,21.7,15.8,17.9,24.9,27.8,2026.0,Latvia University of Life Sciences and Technologies,Latvia,2026,QS + THE,Matched
469,423,Laval University,Canada,Americas,L,FC,VH,Public,25.3,,,,,,,,,,,,,,,Laval University,Canada,2026,QS only,QS record not matched in THE
535,701-710,Lebanese American University,Lebanon,Asia,M,FC,HI,Private not for Profit,20.2,268.0,Lebanese American University,Lebanon,"7,606",12.0,13%,52 : 48,55.731,36.8,32.5,93.7,32.0,80.8,2026.0,Lebanese American University,Lebanon,2026,QS + THE,Matched
515,567,Lebanese University,Lebanon,Asia,XL,FC,HI,Public,32.9,1480.0,Lebanese University,Lebanon,"44,105",13.6,18%,55 : 45,27.523,34.8,14.0,21.5,22.8,77.8,2026.0,Lebanese University,Lebanon,2026,QS + THE,Matched
1001-1200,1001-1200,Leeds Beckett University,United Kingdom,Europe,L,CO,HI,Public,5.1,822.0,Leeds Beckett University,United Kingdom,"19,825",17.0,23%,54 : 46,38.572500000000005,19.2,15.9,69.2,48.0,74.9,2026.0,Leeds Beckett University,United Kingdom,2026,QS + THE,Matched
668,641-650,Lehigh University,United States of America,Americas,M,CO,VH,Private not for Profit,7.2,625.0,Lehigh University,United States,"6,933",11.6,16%,46 : 54,42.958000000000006,33.8,22.7,61.2,67.6,71.2,2026.0,Lehigh University,United States,2026,QS + THE,Matched
433,426,Leibniz Universität Hannover,Germany,Europe,L,FO,VH,Public,29.6,,,,,,,,,,,,,,,Leibniz Universität Hannover,Germany,2026,QS only,QS record not matched in THE
,,,,,,,,,,378.0,Leibniz University Hannover,Germany,"17,855",33.3,16%,45 : 55,50.46849999999999,38.8,41.7,64.3,84.3,56.9,2026.0,Leibniz University Hannover,Germany,2026,THE only,THE record not matched in QS
119,141,Leiden University,Netherlands,Europe,XL,FC,VH,Public,80.4,70.0,Leiden University,Netherlands,"34,441",17.6,22%,58 : 42,71.33449999999999,49.3,63.3,93.6,99.1,85.2,2026.0,Leiden University,Netherlands,2026,QS + THE,Matched
,,,,,,,,,,498.0,Leuphana University of Lüneburg,Germany,"7,488",24.9,11%,63 : 37,46.3355,23.5,28.1,83.2,33.6,66.0,2026.0,Leuphana University of Lüneburg,Germany,2026,THE only,THE record not matched in QS
643,661-670,Libera Universita' di Bolzano,Italy,Europe,S,FO,VH,Public,7.8,,,,,,,,,,,,,,,Libera Universita' di Bolzano,Italy,2026,QS only,QS record not matched in THE
407,371,Lincoln University,New Zealand,Oceania,S,SP,VH,Public,13.3,603.0,Lincoln University (New Zealand),New Zealand,"3,123",15.0,42%,55 : 45,43.6335,29.1,25.6,62.2,53.5,91.0,2026.0,Lincoln University,New Zealand,2026,QS + THE,Matched
,,,,,,,,,,1651.0,Lincoln University College,Malaysia,"3,727",6.7,52%,24 : 76,24.813,35.0,9.3,12.6,16.9,97.8,2026.0,Lincoln University College,Malaysia,2026,THE only,THE record not matched in QS
638,,"Lincoln University College, Malaysia",Malaysia,Asia,S,CO,HI,Private for Profit,11.1,,,,,,,,,,,,,,,"Lincoln University College, Malaysia",Malaysia,2026,QS only,QS record not matched in THE
,,,,,,,,,,311.0,Lingnan University Hong Kong,Hong Kong,"3,210",19.4,45%,62 : 38,53.664,29.5,38.4,83.7,40.7,94.5,2026.0,Lingnan University Hong Kong,Hong Kong,2026,THE only,THE record not matched in QS
701-710,711-720,"Lingnan University, Hong Kong","Hong Kong SAR, China",Asia,S,CO,VH,Public,16.0,,,,,,,,,,,,,,,"Lingnan University, Hong Kong","Hong Kong SAR, China",2026,QS only,QS record not matched in THE
310,304,Linköping University,Sweden,Europe,L,CO,VH,Public,25.4,241.0,Linköping University,Sweden,"15,130",14.5,18%,54 : 46,56.76499999999999,31.1,40.4,89.1,96.8,70.3,2026.0,Linköping University,Sweden,2026,QS + THE,Matched
,,,,,,,,,,1006.0,Lithuanian University of Health Sciences,Lithuania,"6,326",8.6,28%,81 : 19,35.3595,29.9,13.6,57.5,29.0,55.8,2026.0,Lithuanian University of Health Sciences,Lithuania,2026,THE only,THE record not matched in QS
,,,,,,,,,,1557.0,Liverpool Hope University,United Kingdom,"5,015",16.7,18%,62 : 38,26.2345,19.5,16.8,30.2,19.0,77.2,2026.0,Liverpool Hope University,United Kingdom,2026,THE only,THE record not matched in QS
851-900,801-850,Liverpool John Moores University,United Kingdom,Europe,L,CO,VH,Public,13.5,568.0,Liverpool John Moores University,United Kingdom,"24,415",18.1,16%,57 : 43,44.705,19.7,19.7,83.8,51.2,79.9,2026.0,Liverpool John Moores University,United Kingdom,2026,QS + THE,Matched
,,,,,,,,,,34.0,LMU Munich,Germany,"33,697",19.1,19%,61 : 39,79.6665,68.4,75.4,92.4,100.0,78.7,2026.0,LMU Munich,Germany,2026,THE only,THE record not matched in QS
1001-1200,1001-1200,Lobachevsky State University of Nizhni Novgorod,Russian Federation,Europe,L,FO,VH,Public,10.0,1825.0,Lobachevsky State University of Nizhni Novgorod,Russian Federation,"20,444",10.5,13%,51 : 49,21.553,31.5,13.9,13.8,35.3,35.7,2026.0,Lobachevsky State University of Nizhni Novgorod,Russian Federation,2026,QS + THE,Matched
951-1000,901-950,Lodz University,Poland,Europe,L,CO,VH,Public,15.4,,,,,,,,,,,,,,,Lodz University,Poland,2026,QS only,QS record not matched in THE
1001-1200,1001-1200,Lodz University of Technology,Poland,Europe,M,SP,VH,Public,6.0,1589.0,Lodz University of Technology,Poland,"10,476",11.7,6%,38 : 62,25.719500000000004,25.9,15.8,28.5,61.8,33.0,2026.0,Lodz University of Technology,Poland,2026,QS + THE,Matched
105,94,Lomonosov Moscow State University,Russian Federation,Europe,L,FC,VH,Public,83.7,133.0,Lomonosov Moscow State University,Russian Federation,"31,603",9.7,38%,51 : 49,63.0545,80.9,69.7,32.9,93.4,71.6,2026.0,Lomonosov Moscow State University,Russian Federation,2026,QS + THE,Matched
1001-1200,1001-1200,London Metropolitan University,United Kingdom,Europe,L,CO,MD,Public,5.9,752.0,London Metropolitan University,United Kingdom,"12,395",28.2,64%,64 : 36,40.10849999999999,16.6,14.4,76.6,30.2,91.3,2026.0,London Metropolitan University,United Kingdom,2026,QS + THE,Matched
56,50,London School of Economics and Political Science (LSE),United Kingdom,Europe,L,FO,VH,Public,80.6,52.0,London School of Economics and Political Science,United Kingdom,"12,625",12.3,72%,57 : 43,75.4525,60.5,71.2,93.4,46.8,94.2,2026.0,London School of Economics and Political Science (LSE),United Kingdom,2026,QS + THE,Matched
901-950,801-850,London South Bank University,United Kingdom,Europe,L,FO,VH,Public,4.9,713.0,London South Bank University,United Kingdom,"14,425",15.9,40%,55 : 45,41.024,18.5,13.0,75.6,48.1,95.9,2026.0,London South Bank University,United Kingdom,2026,QS + THE,Matched
,,,,,,,,,,1828.0,Londrina State University,Brazil,"20,259",9.9,1%,58 : 42,21.4955,30.4,12.1,20.0,26.9,25.9,2026.0,Londrina State University,Brazil,2026,THE only,THE record not matched in QS
,,,,,,,,,,1367.0,Lorestan University,Iran,"9,397",23.7,7%,46 : 54,29.189,22.9,11.3,51.9,24.6,34.7,2026.0,Lorestan University,Iran,2026,THE only,THE record not matched in QS
,,,,,,,,,,701.0,Lorestan University of Medical Sciences,Iran,"4,068",18.9,1%,57 : 43,41.4385,39.1,18.4,67.9,50.2,29.2,2026.0,Lorestan University of Medical Sciences,Iran,2026,THE only,THE record not matched in QS
225,224,Loughborough University,United Kingdom,Europe,L,CO,VH,Public,42.8,339.0,Loughborough University,United Kingdom,"18,345",15.4,25%,40 : 60,52.14999999999999,34.8,32.9,76.1,70.2,89.4,2026.0,Loughborough University,United Kingdom,2026,QS + THE,Matched
851-900,901-950,Louisiana State University,United States of America,Americas,XL,CO,VH,Public,14.1,733.0,Louisiana State University,United States,"33,738",20.7,4%,56 : 44,40.3665,34.1,20.6,60.8,65.7,46.2,2026.0,Louisiana State University,United States,2026,QS + THE,Matched
901-950,,Lovely Professional University (LPU),India,Asia,XL,CO,VH,Private not for Profit,20.0,594.0,Lovely Professional University,India,"36,891",14.9,8%,28 : 72,43.94349999999999,24.6,17.6,87.6,31.5,53.9,2026.0,Lovely Professional University (LPU),India,2026,QS + THE,Matched
1001-1200,1001-1200,Loyola University Chicago,United States of America,Americas,L,FC,HI,Private not for Profit,12.2,,,,,,,,,,,,,,,Loyola University Chicago,United States,2026,QS only,QS record not matched in THE
1401+,1201-1400,Lublin University of Technology,Poland,Europe,M,FO,VH,Public,6.9,1585.0,Lublin University of Technology,Poland,"6,721",11.4,13%,27 : 73,25.75,25.8,14.8,31.6,30.8,41.8,2026.0,Lublin University of Technology,Poland,2026,QS + THE,Matched
,,,,,,,,,,1552.0,Lucian Blaga University of Sibiu,Romania,"13,293",16.3,4%,50 : 50,26.2915,19.0,16.0,42.0,22.6,33.9,2026.0,Lucian Blaga University of Sibiu,Romania,2026,THE only,THE record not matched in QS
58,59,Ludwig-Maximilians-Universität München,Germany,Europe,XL,FC,VH,Public,97.1,,,,,,,,,,,,,,,Ludwig-Maximilians-Universität München,Germany,2026,QS only,QS record not matched in THE
72,75,Lund University,Sweden,Europe,L,FC,VH,Public,80.1,96.0,Lund University,Sweden,"23,748",10.2,22%,56 : 44,66.5655,49.1,56.7,85.7,99.7,79.2,2026.0,Lund University,Sweden,2026,QS + THE,Matched
,,,,,,,,,,301.0,LUT University,Finland,"6,341",33.6,25%,35 : 65,54.27,31.6,35.3,87.9,75.4,71.0,2026.0,LUT University,Finland,2026,THE only,THE record not matched in QS
,,,,,,,,,,1849.0,Lviv Polytechnic National University,Ukraine,"25,087",12.8,1%,45 : 55,21.216,20.2,12.0,29.3,23.3,27.4,2026.0,Lviv Polytechnic National University,Ukraine,2026,THE only,THE record not matched in QS
1401+,,M. Kozybayev North Kazakhstan University,Kazakhstan,Asia,M,CO,MD,Public,6.8,,,,,,,,,,,,,,,M. Kozybayev North Kazakhstan University,Kazakhstan,2026,QS only,QS record not matched in THE
,,,,,,,,,,1489.0,M. Kumarasamy College of Engineering,India,"4,228",17.8,0%,47 : 53,27.388,15.9,9.1,59.7,17.9,19.1,2026.0,M. Kumarasamy College of Engineering,India,2026,THE only,THE record not matched in QS
,,,,,,,,,,1876.0,M S Ramaiah University of Applied Sciences (RUAS),India,"9,031",12.1,0%,56 : 44,20.5515,21.8,9.0,31.0,20.2,18.7,2026.0,M S Ramaiah University of Applied Sciences (RUAS),India,2026,THE only,THE record not matched in QS
239,230,Maastricht University,Netherlands,Europe,L,FO,VH,Public,32.8,131.0,Maastricht University,Netherlands,"21,903",16.4,60%,60 : 40,63.2565,41.4,46.1,88.3,98.3,96.7,2026.0,Maastricht University,Netherlands,2026,QS + THE,Matched
901-950,,Macao Polytechnic University,"Macao SAR, China",Asia,M,FO,HI,,5.6,,,,,,,,,,,,,,,Macao Polytechnic University,"Macao SAR, China",2026,QS only,QS record not matched in THE
,,,,,,,,,,260.0,Macau University of Science and Technology,Macao,"18,264",44.6,94%,57 : 43,56.045,34.2,38.8,81.1,84.6,93.2,2026.0,Macau University of Science and Technology,Macao,2026,THE only,THE record not matched in QS
440,464,Macau University of Science and Technology,"Macao SAR, China",Asia,L,CO,VH,Private not for Profit,7.4,,,,,,,,,,,,,,,Macau University of Science and Technology,"Macao SAR, China",2026,QS only,QS record not matched in THE
,,,,,,,,,,2010.0,Mackenzie Presbyterian University,Brazil,"27,073",28.3,0%,48 : 52,17.59,20.9,12.6,14.8,27.2,29.9,2026.0,Mackenzie Presbyterian University,Brazil,2026,THE only,THE record not matched in QS
138,133,Macquarie University,Australia,Oceania,L,FC,VH,Public,47.7,169.0,Macquarie University,Australia,"29,826",50.2,25%,,60.711,35.9,42.5,90.9,97.2,88.5,2026.0,Macquarie University,Australia,2026,QS + THE,Matched
,,,,,,,,,,1418.0,Madan Mohan Malaviya University of Technology,India,"3,276",11.1,0%,44 : 56,28.453,25.1,9.3,53.8,20.6,18.5,2026.0,Madan Mohan Malaviya University of Technology,India,2026,THE only,THE record not matched in QS
,,,,,,,,,,1108.0,Mae Fah Luang University,Thailand,"15,574",19.4,10%,70 : 30,33.538999999999994,16.3,13.9,61.4,36.8,64.1,2026.0,Mae Fah Luang University,Thailand,2026,THE only,THE record not matched in QS
,,,,,,,,,,1669.0,Maejo University,Thailand,"17,942",26.9,1%,59 : 41,24.5405,14.8,9.6,43.4,35.2,39.5,2026.0,Maejo University,Thailand,2026,THE only,THE record not matched in QS
,,,,,,,,,,1337.0,Maharishi Markandeshwar University (MMU),India,"11,662",12.5,6%,43 : 57,29.7445,28.8,10.3,50.5,19.1,31.3,2026.0,Maharishi Markandeshwar University (MMU),India,2026,THE only,THE record not matched in QS
1401+,,Mahasarakham University,Thailand,Asia,XL,FC,MD,Public,18.5,1945.0,Mahasarakham University,Thailand,"39,291",33.6,3%,61 : 39,18.886,19.9,9.3,24.5,18.9,29.5,2026.0,Mahasarakham University,Thailand,2026,QS + THE,Matched
,,,,,,,,,,567.0,Mahatma Gandhi University,India,"2,470",9.8,2%,65 : 35,44.7685,46.5,28.5,63.6,36.4,30.0,2026.0,Mahatma Gandhi University,India,2026,THE only,THE record not matched in QS
358,368,Mahidol University,Thailand,Asia,L,FC,VH,Public,59.4,630.0,Mahidol University,Thailand,"29,737",8.9,6%,63 : 37,42.797,38.6,28.4,53.1,88.1,49.6,2026.0,Mahidol University,Thailand,2026,QS + THE,Matched
,,,,,,,,,,992.0,Mahsa University,Malaysia,"6,044",13.8,13%,17 : 83,35.6135,19.6,8.7,68.5,16.9,81.1,2026.0,Mahsa University,Malaysia,2026,THE only,THE record not matched in QS
,,,,,,,,,,671.0,Majmaah University,Saudi Arabia,"11,910",9.9,3%,47 : 53,41.899,32.2,25.4,59.7,35.6,76.0,2026.0,Majmaah University,Saudi Arabia,2026,THE only,THE record not matched in QS
1001-1200,901-950,Makerere University,Uganda,Africa,XL,FC,HI,Public,13.4,923.0,Makerere University,Uganda,"25,506",19.3,4%,43 : 57,36.856,21.5,26.6,54.2,32.8,69.7,2026.0,Makerere University,Uganda,2026,QS + THE,Matched
,,,,,,,,,,731.0,Malaviya National Institute of Technology,India,"5,589",17.0,1%,26 : 74,40.432500000000005,31.7,19.1,73.9,39.3,24.0,2026.0,Malaviya National Institute of Technology,India,2026,THE only,THE record not matched in QS
,,,,,,,,,,661.0,Management & Science University (MSU),Malaysia,"4,038",7.5,58%,61 : 39,42.1275,33.2,15.0,65.8,33.4,92.1,2026.0,Management & Science University (MSU),Malaysia,2026,THE only,THE record not matched in QS
597,580,Management and Science University - MSU Malaysia,Malaysia,Asia,S,FO,VH,Private for Profit,25.1,,,,,,,,,,,,,,,Management and Science University - MSU Malaysia,Malaysia,2026,QS only,QS record not matched in THE
1401+,,Manav Rachna International Institute of Research and Studies (MRIIRS),India,Asia,M,CO,HI,Private for Profit,5.9,1568.0,Manav Rachna International Institute of Research and Studies,India,"5,684",11.2,2%,50 : 50,26.004,29.8,11.0,37.4,21.7,25.8,2026.0,Manav Rachna International Institute of Research and Studies (MRIIRS),India,2026,QS + THE,Matched
643,601-610,Manchester Metropolitan University,United Kingdom,Europe,XL,CO,VH,Public,18.8,620.0,Manchester Metropolitan University,United Kingdom,"33,935",18.1,22%,58 : 42,43.214,20.8,19.5,78.3,42.7,83.0,2026.0,Manchester Metropolitan University,United Kingdom,2026,QS + THE,Matched
,,,,,,,,,,691.0,Manipal Academy of Higher Education,India,"24,076",8.6,12%,50 : 50,41.5795,44.7,18.6,56.4,54.1,52.2,2026.0,Manipal Academy of Higher Education,India,2026,THE only,THE record not matched in QS
851-900,901-950,Manipal Academy of Higher Education - Manipal University (MAHE),India,Asia,L,FC,VH,Private not for Profit,14.7,,,,,,,,,,,,,,,Manipal Academy of Higher Education - Manipal University (MAHE),India,2026,QS only,QS record not matched in THE
,,,,,,,,,,1354.0,Manipal University Jaipur,India,"12,438",14.0,5%,46 : 54,29.413,22.5,13.9,51.1,27.8,30.7,2026.0,Manipal University Jaipur,India,2026,THE only,THE record not matched in QS
,,,,,,,,,,2033.0,Manisa Celal Bayar University,Turkey,"28,623",23.0,2%,50 : 50,17.0455,14.7,10.0,24.1,20.6,23.4,2026.0,Manisa Celal Bayar University,Turkey,2026,THE only,THE record not matched in QS
1001-1200,951-1000,Mansoura University,Egypt,Africa,XL,FC,VH,Public,18.8,892.0,Mansoura University,Egypt,"165,971",19.0,14%,55 : 45,37.306,20.2,11.9,69.4,32.9,76.8,2026.0,Mansoura University,Egypt,2026,QS + THE,Matched
1401+,,Mapua University,Philippines,Asia,M,FO,VH,Private for Profit,9.7,1896.0,Mapúa University,Philippines,"9,032",24.1,2%,33 : 67,20.1595,13.7,14.8,30.5,23.4,23.2,2026.0,Mapua University,Philippines,2026,QS + THE,Matched
,,,,,,,,,,495.0,Marche Polytechnic University,Italy,"9,267",23.2,3%,50 : 50,46.4335,35.8,26.4,75.9,72.6,33.9,2026.0,Marche Polytechnic University,Italy,2026,THE only,THE record not matched in QS
,,,,,,,,,,1686.0,Maria Curie-Skłodowska University (UMCS),Poland,"13,964",10.0,12%,74 : 26,24.2715,22.6,21.5,25.8,22.3,36.5,2026.0,Maria Curie-Skłodowska University (UMCS),Poland,2026,THE only,THE record not matched in QS
,,,,,,,,,,978.0,Marie and Louis Pasteur University,France,"27,356",29.5,13%,54 : 46,35.873999999999995,22.7,20.4,51.9,64.6,68.1,2026.0,Marie and Louis Pasteur University,France,2026,THE only,THE record not matched in QS
,,,,,,,,,,1603.0,Marmara University,Turkey,"47,315",25.2,5%,52 : 48,25.568,25.1,13.7,34.7,34.7,31.9,2026.0,Marmara University,Turkey,2026,THE only,THE record not matched in QS
1001-1200,1001-1200,Marmara University,Türkiye,Asia,XL,FO,VH,Public,11.8,,,,,,,,,,,,,,,Marmara University,Türkiye,2026,QS only,QS record not matched in THE
1201-1400,1201-1400,Marquette University,United States of America,Americas,M,CO,VH,Private not for Profit,3.6,,,,,,,,,,,,,,,Marquette University,United States,2026,QS only,QS record not matched in THE
751-760,671-680,Martin-Luther-Universität Halle-Wittenberg,Germany,Europe,L,FC,VH,Public,15.1,,,,,,,,,,,,,,,Martin-Luther-Universität Halle-Wittenberg,Germany,2026,QS only,QS record not matched in THE
430,408,Masaryk University,Czechia,Europe,XL,CO,VH,Public,32.3,697.0,Masaryk University,Czechia,"33,661",18.2,25%,62 : 38,41.499,26.8,32.6,57.1,51.1,66.2,2026.0,Masaryk University,Czechia,2026,QS + THE,Matched
,,,,,,,,,,864.0,Mashhad University of Medical Sciences,Iran,"9,296",9.1,5%,55 : 45,37.8035,33.3,15.4,65.4,38.1,31.6,2026.0,Mashhad University of Medical Sciences,Iran,2026,THE only,THE record not matched in QS
1,1,Massachusetts Institute of Technology (MIT),United States of America,Americas,M,CO,VH,Private not for Profit,100.0,2.0,Massachusetts Institute of Technology,United States,"11,703",7.7,33%,43 : 57,97.6735,99.2,95.3,99.6,100.0,91.9,2026.0,Massachusetts Institute of Technology (MIT),United States,2026,QS + THE,Matched
230,239,Massey University,New Zealand,Oceania,M,CO,VH,Public,42.1,519.0,Massey University,New Zealand,"15,413",16.5,30%,64 : 36,45.7665,30.1,29.2,62.3,81.6,86.2,2026.0,Massey University,New Zealand,2026,QS + THE,Matched
1001-1200,1001-1200,MATE Hungarian University of Agriculture and Life Sciences,Hungary,Europe,M,FO,VH,Private not for Profit,7.1,,,,,,,,,,,,,,,MATE Hungarian University of Agriculture and Life Sciences,Hungary,2026,QS only,QS record not matched in THE
,,,,,,,,,,1925.0,Matej Bel University,Slovakia,"6,194",14.8,12%,65 : 35,19.29,18.9,14.2,18.0,21.1,44.7,2026.0,Matej Bel University,Slovakia,2026,THE only,THE record not matched in QS
,,,,,,,,,,1121.0,"Maulana Abul Kalam Azad University of Technology, West Bengal",India,"3,108",17.2,0%,39 : 61,33.3585,18.7,24.2,59.2,39.1,20.0,2026.0,"Maulana Abul Kalam Azad University of Technology, West Bengal",India,2026,THE only,THE record not matched in QS
,,,,,,,,,,1307.0,Mawlana Bhashani Science and Technology University,Bangladesh,"4,644",17.1,0%,41 : 59,30.328,13.8,8.7,64.8,19.6,46.8,2026.0,Mawlana Bhashani Science and Technology University,Bangladesh,2026,THE only,THE record not matched in QS
,,,,,,,,,,550.0,Maynooth University,Ireland,"12,263",25.7,15%,57 : 43,45.1635,23.5,34.4,68.7,50.5,75.0,2026.0,Maynooth University,Ireland,2026,THE only,THE record not matched in QS
,,,,,,,,,,963.0,Mazandaran University of Medical Sciences,Iran,"6,664",10.8,3%,55 : 45,36.1105,37.6,13.8,59.0,32.1,27.1,2026.0,Mazandaran University of Medical Sciences,Iran,2026,THE only,THE record not matched in QS
27,29,McGill University,Canada,Americas,L,FC,VH,Public,98.1,41.0,McGill University,Canada,"30,196",11.7,29%,61 : 39,77.12699999999998,71.0,70.8,86.2,77.5,89.2,2026.0,McGill University,Canada,2026,QS + THE,Matched
173,176,McMaster University,Canada,Americas,L,FC,VH,Public,52.5,116.0,McMaster University,Canada,"28,647",28.8,23%,57 : 43,65.02099999999999,42.2,49.3,93.1,100.0,84.6,2026.0,McMaster University,Canada,2026,QS + THE,Matched
,,,,,,,,,,1405.0,Medical University of Bialystok,Poland,"5,930",12.5,8%,77 : 23,28.578,31.9,12.1,39.1,41.4,30.3,2026.0,Medical University of Bialystok,Poland,2026,THE only,THE record not matched in QS
,,,,,,,,,,1155.0,Medical University of Gdańsk,Poland,"6,729",5.3,12%,74 : 26,32.81849999999999,26.8,12.0,55.8,45.5,38.3,2026.0,Medical University of Gdańsk,Poland,2026,THE only,THE record not matched in QS
,,,,,,,,,,248.0,Medical University of Graz,Austria,"4,494",19.5,30%,56 : 44,56.55399999999999,29.7,35.1,92.0,97.9,81.3,2026.0,Medical University of Graz,Austria,2026,THE only,THE record not matched in QS
,,,,,,,,,,246.0,Medical University of Innsbruck,Austria,"3,619",14.0,45%,57 : 43,56.5685,33.8,30.1,90.9,99.4,88.3,2026.0,Medical University of Innsbruck,Austria,2026,THE only,THE record not matched in QS
,,,,,,,,,,944.0,Medical University of Lodz,Poland,"9,642",7.5,9%,69 : 31,36.43600000000001,31.3,11.6,65.5,46.4,31.1,2026.0,Medical University of Lodz,Poland,2026,THE only,THE record not matched in QS
,,,,,,,,,,1388.0,Medical University of Lublin,Poland,"6,902",5.9,13%,73 : 27,28.7365,33.5,14.6,35.2,38.5,33.6,2026.0,Medical University of Lublin,Poland,2026,THE only,THE record not matched in QS
,,,,,,,,,,1387.0,Medical University of Silesia in Katowice,Poland,"10,184",6.9,5%,74 : 26,28.7645,30.1,13.0,42.9,32.0,26.2,2026.0,Medical University of Silesia in Katowice,Poland,2026,THE only,THE record not matched in QS
,,,,,,,,,,1534.0,Medical University of Sofia,Bulgaria,"10,870",5.2,29%,55 : 45,26.718499999999995,26.4,7.3,37.8,45.9,48.5,2026.0,Medical University of Sofia,Bulgaria,2026,THE only,THE record not matched in QS
,,,,,,,,,,183.0,Medical University of Vienna,Austria,"7,531",17.9,30%,54 : 46,59.87650000000001,36.3,36.8,94.2,99.9,83.2,2026.0,Medical University of Vienna,Austria,2026,THE only,THE record not matched in QS
,,,,,,,,,,1190.0,Medical University of Warsaw,Poland,"10,277",6.4,10%,73 : 27,32.23,28.7,12.6,52.2,48.8,33.3,2026.0,Medical University of Warsaw,Poland,2026,THE only,THE record not matched in QS
,,,,,,,,,,1332.0,"Mehran University of Engineering and Technology, Jamshoro, Pakistan",Pakistan,"8,176",18.4,0%,25 : 75,29.8075,16.1,11.0,56.2,32.2,49.6,2026.0,"Mehran University of Engineering and Technology, Jamshoro, Pakistan",Pakistan,2026,THE only,THE record not matched in QS
1201-1400,1201-1400,Meiji University,Japan,Asia,XL,FO,HI,Private for Profit,9.4,2124.0,Meiji University,Japan,"34,072",21.9,5%,34 : 66,14.786,16.2,10.2,11.6,31.1,31.0,2026.0,Meiji University,Japan,2026,QS + THE,Matched
,,,,,,,,,,2128.0,Meijo University,Japan,"15,277",31.8,0%,35 : 65,14.6995,14.8,11.5,10.8,45.4,25.9,2026.0,Meijo University,Japan,2026,THE only,THE record not matched in QS
660,661-670,Memorial University of Newfoundland,Canada,Americas,L,FC,VH,Public,10.7,527.0,Memorial University of Newfoundland,Canada,"16,376",15.3,29%,54 : 46,45.7005,30.3,25.7,65.2,82.1,86.2,2026.0,Memorial University of Newfoundland,Canada,2026,QS + THE,Matched
851-900,851-900,Mendel University in Brno,Czechia,Europe,M,FO,VH,Public,9.8,1329.0,Mendel University in Brno,Czechia,"9,185",16.2,17%,54 : 46,29.879999999999995,25.4,18.2,39.7,23.1,57.0,2026.0,Mendel University in Brno,Czechia,2026,QS + THE,Matched
,,,,,,,,,,1928.0,Mendeleev University of Chemical Technology,Russian Federation,"8,593",12.6,8%,51 : 49,19.1635,22.7,17.2,13.1,39.6,26.2,2026.0,Mendeleev University of Chemical Technology,Russian Federation,2026,THE only,THE record not matched in QS
1401+,1201-1400,Mendeleev University of Chemical Technology of Russia,Russian Federation,Europe,M,FO,VH,Public,4.7,,,,,,,,,,,,,,,Mendeleev University of Chemical Technology of Russia,Russian Federation,2026,QS only,QS record not matched in THE
,,,,,,,,,,1296.0,Menoufia University,Egypt,"129,699",26.1,1%,45 : 55,30.4335,15.9,10.5,59.7,28.2,48.8,2026.0,Menoufia University,Egypt,2026,THE only,THE record not matched in QS
,,,,,,,,,,1949.0,Mersin University,Turkey,"27,928",27.8,7%,50 : 50,18.845,17.2,10.6,25.3,23.3,29.0,2026.0,Mersin University,Turkey,2026,THE only,THE record not matched in QS
,,,,,,,,,,1790.0,Metropolitan Autonomous University,Mexico,"61,622",44.5,1%,50 : 50,22.4845,21.1,24.4,19.6,30.1,28.0,2026.0,Metropolitan Autonomous University,Mexico,2026,THE only,THE record not matched in QS
650,567,MGIMO University,Russian Federation,Europe,M,CO,HI,Public,10.7,,,,,,,,,,,,,,,MGIMO University,Russian Federation,2026,QS only,QS record not matched in THE
,,,,,,,,,,2046.0,M’Hamed Bougara University of Boumerdès,Algeria,"32,622",21.3,1%,59 : 41,16.7365,15.7,8.6,20.9,22.4,32.6,2026.0,M’Hamed Bougara University of Boumerdès,Algeria,2026,THE only,THE record not matched in QS
1201-1400,1201-1400,Miami University,United States of America,Americas,L,CO,HI,Public,3.4,,,,,,,,,,,,,,,Miami University,United States,2026,QS only,QS record not matched in THE
161,152,Michigan State University,United States of America,Americas,XL,FC,VH,Public,67.3,106.0,Michigan State University,United States,"45,537",16.5,10%,53 : 47,65.709,57.1,55.9,82.7,69.9,67.3,2026.0,Michigan State University,United States,2026,QS + THE,Matched
901-950,901-950,Michigan Technological University,United States of America,Americas,M,CO,VH,Public,6.2,,,,,,,,,,,,,,,Michigan Technological University,United States,2026,QS only,QS record not matched in THE
,,,,,,,,,,385.0,Middle East Technical University,Turkey,"15,224",21.6,13%,49 : 51,50.2755,46.4,44.8,52.2,90.2,57.7,2026.0,Middle East Technical University,Turkey,2026,THE only,THE record not matched in QS
269,285,Middle East Technical University,Türkiye,Asia,L,CO,VH,Public,44.8,,,,,,,,,,,,,,,Middle East Technical University,Türkiye,2026,QS only,QS record not matched in THE
1001-1200,,Middle East University Jordan,Jordan,Asia,S,FO,VH,Private not for Profit,9.1,,,,,,,,,,,,,,,Middle East University Jordan,Jordan,2026,QS only,QS record not matched in THE
,,,,,,,,,,2057.0,Middle Technical University,Iraq,"36,230",20.3,0%,48 : 52,16.515,12.3,8.3,26.1,18.8,25.3,2026.0,Middle Technical University,Iraq,2026,THE only,THE record not matched in QS
801-850,721-730,Middlesex University,United Kingdom,Europe,L,CO,HI,Public,7.5,604.0,Middlesex University,United Kingdom,"14,860",19.8,49%,59 : 41,43.6105,22.4,18.7,76.1,45.3,92.5,2026.0,Middlesex University,United Kingdom,2026,QS + THE,Matched
,,,,,,,,,,1629.0,Mie University,Japan,"6,936",11.5,3%,38 : 62,25.2765,26.7,17.0,26.4,66.5,25.2,2026.0,Mie University,Japan,2026,THE only,THE record not matched in QS
,,,,,,,,,,1302.0,Miguel Hernández University of Elche,Spain,"11,551",15.2,11%,52 : 48,30.395,22.0,18.4,42.9,62.6,42.6,2026.0,Miguel Hernández University of Elche,Spain,2026,THE only,THE record not matched in QS
,,,,,,,,,,1606.0,Military Institute of Science and Technology (MIST),Bangladesh,"3,001",18.2,0%,27 : 73,25.529999999999998,14.1,8.6,53.8,19.1,26.3,2026.0,Military Institute of Science and Technology (MIST),Bangladesh,2026,THE only,THE record not matched in QS
,,,,,,,,,,1965.0,Mindanao State University – Iligan Institute of Technology,Philippines,"12,388",18.0,0%,59 : 41,18.5135,18.4,9.1,22.7,17.6,39.1,2026.0,Mindanao State University – Iligan Institute of Technology,Philippines,2026,THE only,THE record not matched in QS
,,,,,,,,,,1053.0,Ming Chi University of Technology,Taiwan,"4,304",18.0,3%,27 : 73,34.5445,18.3,29.7,49.6,69.7,38.2,2026.0,Ming Chi University of Technology,Taiwan,2026,THE only,THE record not matched in QS
,,,,,,,,,,1921.0,Ming Chuan University,Taiwan,"17,030",21.6,12%,59 : 41,19.403,14.1,13.6,22.7,42.3,37.3,2026.0,Ming Chuan University,Taiwan,2026,THE only,THE record not matched in QS
,,,,,,,,,,1175.0,Minia University,Egypt,"72,863",16.5,1%,57 : 43,32.553999999999995,18.5,9.5,65.2,24.1,50.9,2026.0,Minia University,Egypt,2026,THE only,THE record not matched in QS
,,,,,,,,,,2131.0,MIREA - Russian Technological University,Russian Federation,"29,873",22.9,6%,25 : 75,14.607500000000002,15.9,12.5,8.8,47.8,23.2,2026.0,MIREA - Russian Technological University,Russian Federation,2026,THE only,THE record not matched in QS
,,,,,,,,,,1562.0,Mirpur University of Science and Technology,Pakistan,"8,917",27.2,0%,51 : 49,26.161,11.6,10.3,50.8,19.8,49.6,2026.0,Mirpur University of Science and Technology,Pakistan,2026,THE only,THE record not matched in QS
,,,,,,,,,,1885.0,Misr University for Science and Technology,Egypt,"26,246",16.1,4%,50 : 50,20.418,15.6,8.8,31.5,18.1,41.2,2026.0,Misr University for Science and Technology,Egypt,2026,THE only,THE record not matched in QS
1001-1200,1001-1200,Mississippi State University,United States of America,Americas,L,CO,VH,Public,7.2,737.0,Mississippi State University,United States,"20,844",14.1,4%,53 : 47,40.31099999999999,28.5,21.2,64.8,63.2,50.5,2026.0,Mississippi State University,United States,2026,QS + THE,Matched
628,527,Missouri University of Science and Technology,United States of America,Americas,M,CO,VH,Public,4.9,549.0,Missouri University of Science and Technology,United States,"7,306",21.8,13%,24 : 76,45.2155,27.9,29.5,64.1,89.0,75.2,2026.0,Missouri University of Science and Technology,United States,2026,QS + THE,Matched
,,,,,,,,,,554.0,Mizzou - University of Missouri,United States,"26,560",12.2,3%,56 : 44,45.091,39.8,26.2,63.6,69.3,52.0,2026.0,Mizzou - University of Missouri,United States,2026,THE only,THE record not matched in QS
,,,,,,,,,,1410.0,"MNS University of Agriculture, Multan",Pakistan,"4,477",22.5,0%,28 : 72,28.521000000000004,12.5,11.4,56.9,19.0,49.3,2026.0,"MNS University of Agriculture, Multan",Pakistan,2026,THE only,THE record not matched in QS
,,,,,,,,,,1320.0,Mohammed V University of Rabat,Morocco,"82,902",37.8,4%,55 : 45,30.034,29.3,16.1,41.9,43.6,32.1,2026.0,Mohammed V University of Rabat,Morocco,2026,THE only,THE record not matched in QS
,,,,,,,,,,400.0,Mohammed VI Polytechnic University,Morocco,"2,092",6.8,3%,54 : 46,49.8755,34.7,34.9,72.7,56.2,72.8,2026.0,Mohammed VI Polytechnic University,Morocco,2026,THE only,THE record not matched in QS
36,37,Monash University,Australia,Oceania,XL,FC,VH,Public,95.7,60.0,Monash University,Australia,"56,287",30.6,36%,54 : 46,74.08999999999999,54.3,65.5,94.0,99.6,91.9,2026.0,Monash University,Australia,2026,QS + THE,Matched
,,,,,,,,,,1111.0,Montana State University,United States,"14,162",17.3,2%,48 : 52,33.492,24.7,21.7,48.7,64.5,36.3,2026.0,Montana State University,United States,2026,THE only,THE record not matched in QS
,,,,,,,,,,885.0,Montanuniversität Leoben,Austria,"1,970",6.3,20%,26 : 74,37.5275,40.7,21.3,34.6,78.6,77.6,2026.0,Montanuniversität Leoben,Austria,2026,THE only,THE record not matched in QS
,,,,,,,,,,403.0,Montpellier University,France,"39,869",19.9,15%,56 : 44,49.7355,39.5,33.5,68.7,68.7,66.8,2026.0,Montpellier University,France,2026,THE only,THE record not matched in QS
,,,,,,,,,,1706.0,Morgan State University,United States,"8,489",17.4,10%,62 : 38,23.945,19.7,14.3,29.8,23.6,54.7,2026.0,Morgan State University,United States,2026,THE only,THE record not matched in QS
,,,,,,,,,,1598.0,Moscow Aviation Institute,Russian Federation,"15,797",16.6,12%,27 : 73,25.62,33.1,16.2,22.5,53.0,30.5,2026.0,Moscow Aviation Institute,Russian Federation,2026,THE only,THE record not matched in QS
,,,,,,,,,,370.0,Moscow Institute of Physics and Technology (MIPT),Russian Federation,"6,567",11.5,20%,,50.845,57.8,44.3,42.5,80.8,66.2,2026.0,Moscow Institute of Physics and Technology (MIPT),Russian Federation,2026,THE only,THE record not matched in QS
477,456,Moscow Institute of Physics and Technology State University,Russian Federation,Europe,M,FO,VH,Public,20.3,,,,,,,,,,,,,,,Moscow Institute of Physics and Technology State University,Russian Federation,2026,QS only,QS record not matched in THE
,,,,,,,,,,1550.0,Moscow Polytechnic University,Russian Federation,"12,752",17.2,10%,38 : 62,26.311,15.8,12.4,49.5,26.1,28.8,2026.0,Moscow Polytechnic University,Russian Federation,2026,THE only,THE record not matched in QS
,,,,,,,,,,1772.0,Moscow Power Engineering Institute,Russian Federation,"14,453",18.5,15%,34 : 66,22.786,23.2,15.9,20.6,56.4,38.6,2026.0,Moscow Power Engineering Institute,Russian Federation,2026,THE only,THE record not matched in QS
,,,,,,,,,,1173.0,Moscow Technical University of Communications and Informatics,Russian Federation,"6,443",24.5,6%,21 : 79,32.5755,14.3,11.6,71.0,47.7,23.8,2026.0,Moscow Technical University of Communications and Informatics,Russian Federation,2026,THE only,THE record not matched in QS
,,,,,,,,,,1505.0,Moulay Ismail University,Morocco,"79,507",54.9,1%,55 : 45,27.216500000000003,14.0,10.8,56.7,21.3,27.9,2026.0,Moulay Ismail University,Morocco,2026,THE only,THE record not matched in QS
,,,,,,,,,,2030.0,Mugla Sitki Kocman University,Turkey,"29,793",31.0,3%,49 : 51,17.094,15.6,11.4,21.1,21.9,26.4,2026.0,Mugla Sitki Kocman University,Turkey,2026,THE only,THE record not matched in QS
,,,,,,,,,,1645.0,Muhimbili University of Health and Allied Sciences,Tanzania,"5,254",11.8,6%,32 : 68,24.978,21.6,14.9,30.3,27.5,54.6,2026.0,Muhimbili University of Health and Allied Sciences,Tanzania,2026,THE only,THE record not matched in QS
851-900,1001-1200,Multimedia University (MMU),Malaysia,Asia,M,FO,VH,Private for Profit,18.9,1126.0,Multimedia University,Malaysia,"8,957",12.9,17%,45 : 55,33.2785,26.1,21.3,38.7,74.8,64.0,2026.0,Multimedia University (MMU),Malaysia,2026,QS + THE,Matched
423,436,Murdoch University,Australia,Oceania,M,CO,VH,Public,13.0,406.0,Murdoch University,Australia,"15,815",29.1,53%,,49.657,25.9,27.4,80.2,72.7,94.7,2026.0,Murdoch University,Australia,2026,QS + THE,Matched
,,,,,,,,,,1824.0,Muroran Institute of Technology,Japan,"3,287",19.1,5%,13 : 87,21.597,20.2,10.4,24.8,47.8,43.6,2026.0,Muroran Institute of Technology,Japan,2026,THE only,THE record not matched in QS
,,,,,,,,,,1950.0,Muş Alparslan University,Turkey,"8,262",28.3,0%,52 : 48,18.8315,12.1,11.0,32.6,16.8,21.6,2026.0,Muş Alparslan University,Turkey,2026,THE only,THE record not matched in QS
1001-1200,1001-1200,Mustansiriyah University,Iraq,Asia,XL,FC,HI,Public,8.3,1892.0,Mustansiriyah University,Iraq,"32,844",8.5,1%,55 : 45,20.2465,26.8,9.8,19.8,23.9,34.7,2026.0,Mustansiriyah University,Iraq,2026,QS + THE,Matched
1001-1200,1001-1200,Mutah University,Jordan,Asia,L,FC,MD,Public,15.6,1440.0,Mutah University,Jordan,"15,579",21.6,13%,53 : 47,28.2285,25.4,13.7,39.2,18.0,57.1,2026.0,Mutah University,Jordan,2026,QS + THE,Matched
1001-1200,1001-1200,Mykolas Romeris University,Lithuania,Europe,S,FO,VH,Public,6.0,,,,,,,,,,,,,,,Mykolas Romeris University,Lithuania,2026,QS only,QS record not matched in THE
,,,,,,,,,,1612.0,Nagaoka University of Technology,Japan,"2,155",10.8,12%,12 : 88,25.48,31.4,16.8,18.4,68.0,41.4,2026.0,Nagaoka University of Technology,Japan,2026,THE only,THE record not matched in QS
901-950,851-900,Nagasaki University,Japan,Asia,M,FC,VH,Public,9.0,1358.0,Nagasaki University,Japan,"8,747",6.7,5%,39 : 61,29.37,30.1,16.0,35.4,55.2,40.3,2026.0,Nagasaki University,Japan,2026,QS + THE,Matched
,,,,,,,,,,1283.0,Nagoya City University,Japan,"4,602",5.8,4%,54 : 46,30.601000000000003,30.8,18.0,38.5,69.5,26.2,2026.0,Nagoya City University,Japan,2026,THE only,THE record not matched in QS
1201-1400,1201-1400,Nagoya Institute of Technology (NIT),Japan,Asia,M,FO,VH,Public,9.5,1572.0,Nagoya Institute of Technology,Japan,"5,552",15.7,4%,17 : 83,25.9205,22.8,22.0,25.3,75.3,29.5,2026.0,Nagoya Institute of Technology (NIT),Japan,2026,QS + THE,Matched
164,152,Nagoya University,Japan,Asia,L,FC,VH,Public,74.2,218.0,Nagoya University,Japan,"15,559",13.3,13%,31 : 69,57.78549999999999,58.1,56.1,57.0,99.8,43.8,2026.0,Nagoya University,Japan,2026,QS + THE,Matched
,,,,,,,,,,857.0,Najran University,Saudi Arabia,"16,538",13.3,6%,57 : 43,37.865,16.7,11.9,76.1,18.5,78.9,2026.0,Najran University,Saudi Arabia,2026,THE only,THE record not matched in QS
951-1000,711-720,Nanjing Agricultural University,China (Mainland),Asia,L,CO,VH,Public,6.1,,,,,,,,,,,,,,,Nanjing Agricultural University,China (Mainland),2026,QS only,QS record not matched in THE
,,,,,,,,,,634.0,Nanjing Forestry University,China,"36,679",18.1,1%,,42.6525,21.2,23.8,83.4,61.1,27.1,2026.0,Nanjing Forestry University,China,2026,THE only,THE record not matched in QS
,,,,,,,,,,840.0,Nanjing Medical University,China,"23,163",7.2,3%,,38.160500000000006,37.1,16.4,62.2,51.5,23.2,2026.0,Nanjing Medical University,China,2026,THE only,THE record not matched in QS
,,,,,,,,,,839.0,Nanjing Normal University,China,"36,007",13.7,2%,66 : 34,38.1675,25.3,17.1,69.8,66.5,28.6,2026.0,Nanjing Normal University,China,2026,THE only,THE record not matched in QS
951-1000,1001-1200,Nanjing Normal University,China (Mainland),Asia,XL,SP,VH,Public,6.4,,,,,,,,,,,,,,,Nanjing Normal University,China (Mainland),2026,QS only,QS record not matched in THE
,,,,,,,,,,794.0,Nanjing Tech University,China,"37,609",12.7,4%,,39.26099999999999,24.4,18.4,68.8,87.3,34.6,2026.0,Nanjing Tech University,China,2026,THE only,THE record not matched in QS
,,,,,,,,,,63.0,Nanjing University,China,"34,217",14.1,10%,59 : 41,73.71399999999998,69.6,66.2,85.1,99.6,59.6,2026.0,Nanjing University,China,2026,THE only,THE record not matched in QS
103,145,Nanjing University,China (Mainland),Asia,XL,FC,VH,Public,72.1,,,,,,,,,,,,,,,Nanjing University,China (Mainland),2026,QS only,QS record not matched in THE
,,,,,,,,,,698.0,Nanjing University of Aeronautics and Astronautics,China,"36,035",15.4,2%,,41.4785,30.2,35.4,54.9,98.4,25.3,2026.0,Nanjing University of Aeronautics and Astronautics,China,2026,THE only,THE record not matched in QS
680,761-770,Nanjing University of Aeronautics and Astronautics,China (Mainland),Asia,L,FO,VH,Public,6.3,,,,,,,,,,,,,,,Nanjing University of Aeronautics and Astronautics,China (Mainland),2026,QS only,QS record not matched in THE
,,,,,,,,,,929.0,Nanjing University of Information Science and Technology,China,"36,971",15.5,3%,,36.7455,19.8,20.5,65.8,59.8,37.7,2026.0,Nanjing University of Information Science and Technology,China,2026,THE only,THE record not matched in QS
,,,,,,,,,,622.0,Nanjing University of Science and Technology (NJUST),China,"36,520",15.2,2%,31 : 69,43.1345,33.4,31.2,66.8,63.4,22.1,2026.0,Nanjing University of Science and Technology (NJUST),China,2026,THE only,THE record not matched in QS
701-710,565,Nanjing University of Science and Technology,China (Mainland),Asia,L,FO,VH,Public,7.0,,,,,,,,,,,,,,,Nanjing University of Science and Technology,China (Mainland),2026,QS only,QS record not matched in THE
,,,,,,,,,,253.0,Nankai University,China,"33,291",11.7,7%,,56.32049999999999,45.4,33.9,87.6,80.6,47.9,2026.0,Nankai University,China,2026,THE only,THE record not matched in QS
355,377,Nankai University,China (Mainland),Asia,XL,FC,VH,Public,27.1,,,,,,,,,,,,,,,Nankai University,China (Mainland),2026,QS only,QS record not matched in THE
,,,,,,,,,,683.0,Nantes Université,France,"35,045",17.3,12%,57 : 43,41.7185,29.3,21.4,65.6,67.6,59.8,2026.0,Nantes Université,France,2026,THE only,THE record not matched in QS
851-900,851-900,Nantes University,France,Europe,XL,CO,VH,Public,14.8,,,,,,,,,,,,,,,Nantes University,France,2026,QS only,QS record not matched in THE
12,15,"Nanyang Technological University, Singapore (NTU Singapore)",Singapore,Asia,L,FC,VH,Public,97.1,31.0,"Nanyang Technological University, Singapore",Singapore,"25,859",17.3,31%,47 : 53,81.63999999999999,65.8,78.1,95.2,100.0,93.6,2026.0,"Nanyang Technological University, Singapore (NTU Singapore)",Singapore,2026,QS + THE,Matched
1401+,1401+,Naresuan University,Thailand,Asia,L,FC,MD,Public,10.9,1858.0,Naresuan University,Thailand,"26,692",17.8,1%,68 : 32,21.042,23.6,13.0,20.6,47.0,30.0,2026.0,Naresuan University,Thailand,2026,QS + THE,Matched
1001-1200,1001-1200,Narxoz University,Kazakhstan,Asia,M,FO,MD,Private not for Profit,15.7,,,,,,,,,,,,,,,Narxoz University,Kazakhstan,2026,QS only,QS record not matched in THE
390,393,National and Kapodistrian University of Athens,Greece,Europe,XL,FC,VH,Public,34.9,502.0,National and Kapodistrian University of Athens,Greece,"66,736",34.1,12%,60 : 40,46.2475,24.4,26.8,78.0,92.5,55.7,2026.0,National and Kapodistrian University of Athens,Greece,2026,QS + THE,Matched
,,,,,,,,,,832.0,National Autonomous University of Mexico,Mexico,"175,031",16.3,5%,52 : 48,38.3165,34.2,33.8,37.5,66.7,60.1,2026.0,National Autonomous University of Mexico,Mexico,2026,THE only,THE record not matched in QS
587,641-650,National Central University,Taiwan,Asia,M,CO,VH,Public,28.9,1158.0,National Central University,Taiwan,"11,391",10.1,7%,37 : 63,32.729,31.0,25.1,30.7,99.0,41.8,2026.0,National Central University,Taiwan,2026,QS + THE,Matched
,,,,,,,,,,1786.0,National Changhua University of Education,Taiwan,"9,029",25.2,9%,49 : 51,22.593,21.6,20.7,20.4,47.7,29.2,2026.0,National Changhua University of Education,Taiwan,2026,THE only,THE record not matched in QS
203,215,National Cheng Kung University (NCKU),Taiwan,Asia,L,FC,VH,Public,66.4,532.0,National Cheng Kung University (NCKU),Taiwan,"21,726",19.9,11%,38 : 62,45.627,36.9,41.3,52.0,99.8,42.3,2026.0,National Cheng Kung University (NCKU),Taiwan,2026,QS + THE,Matched
604,601-610,National Chengchi University,Taiwan,Asia,L,CO,HI,Public,28.3,1295.0,National Chengchi University,Taiwan,"13,230",15.7,16%,57 : 43,30.4405,27.1,28.9,25.1,62.5,53.8,2026.0,National Chengchi University,Taiwan,2026,QS + THE,Matched
,,,,,,,,,,1904.0,National Chi Nan University,Taiwan,"6,145",16.5,10%,52 : 48,19.8055,19.8,16.0,13.9,66.8,33.1,2026.0,National Chi Nan University,Taiwan,2026,THE only,THE record not matched in QS
,,,,,,,,,,1931.0,National Chiayi University,Taiwan,"11,582",23.8,3%,48 : 52,19.118,15.1,14.3,21.2,60.6,23.1,2026.0,National Chiayi University,Taiwan,2026,THE only,THE record not matched in QS
1201-1400,,National Chin-Yi University of Technology,Taiwan,Asia,M,FO,VH,Public,13.0,1640.0,National Chin-Yi University of Technology,Taiwan,"7,667",22.4,12%,31 : 69,25.0785,15.0,26.6,27.3,50.3,36.5,2026.0,National Chin-Yi University of Technology,Taiwan,2026,QS + THE,Matched
951-1000,1001-1200,National Chung Cheng University,Taiwan,Asia,M,CO,VH,Public,18.9,1488.0,National Chung Cheng University,Taiwan,"9,183",14.8,4%,46 : 54,27.412,21.4,24.8,28.4,77.3,30.6,2026.0,National Chung Cheng University,Taiwan,2026,QS + THE,Matched
628,661-670,National Chung Hsing University,Taiwan,Asia,L,CO,VH,Public,28.6,1259.0,National Chung Hsing University,Taiwan,"16,156",13.0,9%,43 : 57,31.092,24.6,25.4,35.8,74.6,36.6,2026.0,National Chung Hsing University,Taiwan,2026,QS + THE,Matched
1201-1400,1201-1400,National Dong Hwa University,Taiwan,Asia,M,CO,HI,Public,16.3,1474.0,National Dong Hwa University,Taiwan,"10,094",18.4,10%,54 : 46,27.658,20.2,25.0,29.0,45.1,52.6,2026.0,National Dong Hwa University,Taiwan,2026,QS + THE,Matched
,,,,,,,,,,2157.0,National Formosa University,Taiwan,"11,694",19.0,2%,22 : 78,13.8625,15.0,11.7,8.9,46.3,20.3,2026.0,National Formosa University,Taiwan,2026,THE only,THE record not matched in QS
,,,,,,,,,,1975.0,National Ilan University,Taiwan,"5,592",23.2,2%,36 : 64,18.4,14.3,14.1,19.5,47.0,31.5,2026.0,National Ilan University,Taiwan,2026,THE only,THE record not matched in QS
,,,,,,,,,,849.0,National Institute of Applied Sciences of Lyon (INSA Lyon),France,"6,160",12.6,26%,38 : 62,38.0195,38.7,22.9,36.7,93.3,69.6,2026.0,National Institute of Applied Sciences of Lyon (INSA Lyon),France,2026,THE only,THE record not matched in QS
,,,,,,,,,,1660.0,"National Institute of Applied Sciences, Strasbourg (INSA Strasbourg)",France,"1,980",16.9,13%,37 : 63,24.652,23.2,9.3,28.0,36.9,69.8,2026.0,"National Institute of Applied Sciences, Strasbourg (INSA Strasbourg)",France,2026,THE only,THE record not matched in QS
,,,,,,,,,,1331.0,National Institute of Technology Delhi,India,"1,329",13.8,3%,49 : 51,29.828,32.7,13.9,44.5,20.7,26.3,2026.0,National Institute of Technology Delhi,India,2026,THE only,THE record not matched in QS
,,,,,,,,,,1438.0,National Institute of Technology Meghalaya,India,"1,020",13.2,3%,20 : 80,28.245,32.7,12.3,39.1,29.1,28.5,2026.0,National Institute of Technology Meghalaya,India,2026,THE only,THE record not matched in QS
,,,,,,,,,,1101.0,"National Institute of Technology, Raipur",India,"5,465",20.1,0%,24 : 76,33.7,28.9,16.1,60.2,28.7,17.3,2026.0,"National Institute of Technology, Raipur",India,2026,THE only,THE record not matched in QS
,,,,,,,,,,778.0,National Institute of Technology Rourkela,India,"7,763",19.0,4%,18 : 82,39.60699999999999,34.3,20.5,63.8,66.4,23.3,2026.0,National Institute of Technology Rourkela,India,2026,THE only,THE record not matched in QS
,,,,,,,,,,870.0,National Institute of Technology Silchar,India,"4,599",11.7,3%,21 : 79,37.7135,37.5,18.9,61.7,24.5,22.4,2026.0,National Institute of Technology Silchar,India,2026,THE only,THE record not matched in QS
,,,,,,,,,,1437.0,National Institute of Technology Srinagar,India,"3,598",13.3,0%,23 : 77,28.259,30.5,13.3,41.7,19.3,28.3,2026.0,National Institute of Technology Srinagar,India,2026,THE only,THE record not matched in QS
731-740,701-710,National Institute of Technology Tiruchirappalli,India,Asia,M,FO,VH,Public,4.1,981.0,"National Institute of Technology, Tiruchirappalli",India,"7,452",22.2,2%,24 : 76,35.8125,33.2,22.1,54.0,43.8,22.1,2026.0,National Institute of Technology Tiruchirappalli,India,2026,QS + THE,Matched
,,,,,,,,,,1415.0,National Institute of Technology Warangal,India,"6,938",16.5,5%,21 : 79,28.502,26.6,13.3,45.9,27.7,25.6,2026.0,National Institute of Technology Warangal,India,2026,THE only,THE record not matched in QS
,,,,,,,,,,1368.0,National Kaohsiung University of Science and Technology,Taiwan,"28,069",32.6,2%,36 : 64,29.1595,17.0,22.8,41.7,71.0,29.1,2026.0,National Kaohsiung University of Science and Technology,Taiwan,2026,THE only,THE record not matched in QS
,,,,,,,,,,1915.0,National Pingtung University of Science and Technology,Taiwan,"10,630",18.3,5%,44 : 56,19.489,16.4,14.3,20.7,49.6,30.8,2026.0,National Pingtung University of Science and Technology,Taiwan,2026,THE only,THE record not matched in QS
,,,,,,,,,,2052.0,"National Pirogov Memorial Medical University, Vinnytsya",Ukraine,"5,026",5.2,17%,60 : 40,16.6435,29.9,9.0,4.6,18.2,41.4,2026.0,"National Pirogov Memorial Medical University, Vinnytsya",Ukraine,2026,THE only,THE record not matched in QS
591,497,National Research Nuclear University MEPhI (Moscow Engineering Physics Institute),Russian Federation,Europe,M,FO,VH,Public,10.3,702.0,National Research Nuclear University MEPhI,Russian Federation,"5,352",10.1,28%,49 : 51,41.4345,49.3,35.0,29.2,63.4,72.6,2026.0,National Research Nuclear University MEPhI (Moscow Engineering Physics Institute),Russian Federation,2026,QS + THE,Matched
1001-1200,901-950,National Research Saratov State University,Russian Federation,Europe,M,FO,VH,Public,5.0,,,,,,,,,,,,,,,National Research Saratov State University,Russian Federation,2026,QS only,QS record not matched in THE
440,410,"National Research University Higher School of Economics (HSE, Moscow)",Russian Federation,Europe,XL,CO,VH,Public,28.1,,,,,,,,,,,,,,,"National Research University Higher School of Economics (HSE, Moscow)",Russian Federation,2026,QS only,QS record not matched in THE
1201-1400,1201-1400,National Research University Moscow Power Engineering Institute (MPEI),Russian Federation,Europe,M,FO,VH,Public,6.6,,,,,,,,,,,,,,,National Research University Moscow Power Engineering Institute (MPEI),Russian Federation,2026,QS only,QS record not matched in THE
,,,,,,,,,,1700.0,National Research University of Electronic Technology (MIET),Russian Federation,"5,805",10.5,4%,26 : 74,24.074,45.5,15.5,7.9,52.1,22.7,2026.0,National Research University of Electronic Technology (MIET),Russian Federation,2026,THE only,THE record not matched in QS
439,485,National Sun Yat-sen University,Taiwan,Asia,M,CO,VH,Public,36.8,776.0,National Sun Yat-Sen University,Taiwan,"8,876",12.3,9%,43 : 57,39.614,31.5,35.1,43.6,89.0,46.7,2026.0,National Sun Yat-sen University,Taiwan,2026,QS + THE,Matched
1401+,1201-1400,National Taipei University,Taiwan,Asia,M,FO,HI,Public,12.4,1882.0,National Taipei University,Taiwan,"8,630",15.6,6%,54 : 46,20.4655,19.4,15.4,19.5,51.6,31.5,2026.0,National Taipei University,Taiwan,2026,QS + THE,Matched
420,425,National Taipei University of Technology,Taiwan,Asia,M,FO,VH,Public,18.2,1251.0,National Taipei University of Technology,Taiwan,"10,608",12.4,5%,29 : 71,31.2825,26.4,22.5,36.5,82.8,36.1,2026.0,National Taipei University of Technology,Taiwan,2026,QS + THE,Matched
435,452,National Taiwan Normal University,Taiwan,Asia,M,CO,VH,Public,47.8,570.0,National Taiwan Normal University,Taiwan,"11,067",12.4,17%,,44.5895,36.7,32.3,56.2,86.4,54.4,2026.0,National Taiwan Normal University,Taiwan,2026,QS + THE,Matched
1201-1400,1201-1400,National Taiwan Ocean University,Taiwan,Asia,M,FO,VH,Public,7.7,1449.0,National Taiwan Ocean University,Taiwan,"8,418",16.1,8%,32 : 68,28.041,19.9,27.2,29.3,70.0,35.9,2026.0,National Taiwan Ocean University,Taiwan,2026,QS + THE,Matched
63,68,National Taiwan University (NTU),Taiwan,Asia,L,FC,VH,Public,97.7,141.0,National Taiwan University (NTU),Taiwan,"18,743",9.7,24%,44 : 56,62.464,59.4,54.9,68.6,100.0,59.2,2026.0,National Taiwan University (NTU),Taiwan,2026,QS + THE,Matched
345,392,National Taiwan University of Science and Technology (Taiwan Tech),Taiwan,Asia,M,FO,VH,Public,36.7,463.0,National Taiwan University of Science and Technology (Taiwan Tech),Taiwan,"9,244",19.0,16%,30 : 70,47.43299999999999,33.2,38.3,62.9,97.8,50.0,2026.0,National Taiwan University of Science and Technology (Taiwan Tech),Taiwan,2026,QS + THE,Matched
1001-1200,1001-1200,"National Technical University ""Kharkiv Polytechnic Institute""",Ukraine,Europe,M,CO,VH,Public,7.6,2000.0,National Technical University Kharkiv Polytechnic Institute,Ukraine,"11,572",8.5,13%,28 : 72,17.848000000000003,24.5,9.2,15.7,19.0,33.1,2026.0,"National Technical University ""Kharkiv Polytechnic Institute""",Ukraine,2026,QS + THE,Matched
355,321,National Technical University of Athens,Greece,Europe,L,FO,VH,Public,28.2,823.0,National Technical University of Athens,Greece,"13,139",19.5,5%,35 : 65,38.5325,33.3,24.4,55.1,61.2,35.4,2026.0,National Technical University of Athens,Greece,2026,QS + THE,Matched
801-850,801-850,"National Technical University of Ukraine ""Igor Sikorsky Kyiv Polytechnic Institute""",Ukraine,Europe,L,CO,VH,Public,18.4,2029.0,National Technical University of Ukraine – Igor Sikorsky Kyiv Polytechnic Institute,Ukraine,"23,940",11.1,2%,22 : 78,17.1035,21.6,10.6,16.7,24.0,22.5,2026.0,"National Technical University of Ukraine ""Igor Sikorsky Kyiv Polytechnic Institute""",Ukraine,2026,QS + THE,Matched
,,,,,,,,,,1452.0,National Textile University,Pakistan,"3,839",17.5,0%,30 : 70,28.0185,14.2,13.5,50.4,30.8,47.5,2026.0,National Textile University,Pakistan,2026,THE only,THE record not matched in QS
176,210,National Tsing Hua University,Taiwan,Asia,M,CO,VH,Public,67.0,408.0,National Tsing Hua University,Taiwan,"14,807",22.9,14%,42 : 58,49.56199999999999,37.5,43.5,61.4,99.8,46.3,2026.0,National Tsing Hua University,Taiwan,2026,QS + THE,Matched
,,,,,,,,,,2060.0,National United University,Taiwan,"7,848",22.1,1%,29 : 71,16.4945,13.3,12.7,16.8,54.2,22.4,2026.0,National United University,Taiwan,2026,THE only,THE record not matched in QS
1001-1200,1001-1200,National University Lviv Polytechnic,Ukraine,Europe,L,CO,VH,Public,9.6,,,,,,,,,,,,,,,National University Lviv Polytechnic,Ukraine,2026,QS only,QS record not matched in THE
,,,,,,,,,,1588.0,National University of Colombia,Colombia,"55,643",21.0,1%,41 : 59,25.7275,21.9,15.4,34.3,35.9,41.0,2026.0,National University of Colombia,Colombia,2026,THE only,THE record not matched in QS
,,,,,,,,,,1218.0,National University of Computer and Emerging Sciences,Pakistan,"17,199",22.4,2%,26 : 74,31.8415,13.6,9.1,66.6,30.7,53.1,2026.0,National University of Computer and Emerging Sciences,Pakistan,2026,THE only,THE record not matched in QS
,,,,,,,,,,1957.0,National University of Córdoba,Argentina,"168,371",15.8,1%,65 : 35,18.6535,18.9,10.4,21.2,21.3,38.0,2026.0,National University of Córdoba,Argentina,2026,THE only,THE record not matched in QS
,,,,,,,,,,2071.0,National University of Costa Rica,Costa Rica,"19,328",10.4,3%,56 : 44,16.156499999999998,21.6,9.2,10.1,17.6,45.1,2026.0,National University of Costa Rica,Costa Rica,2026,THE only,THE record not matched in QS
,,,,,,,,,,2003.0,National University of Cuyo,Argentina,"37,486",17.2,3%,62 : 38,17.7545,17.0,10.3,19.3,23.5,40.3,2026.0,National University of Cuyo,Argentina,2026,THE only,THE record not matched in QS
,,,,,,,,,,1469.0,National University of Distance Education (UNED),Spain,"64,730",50.0,4%,58 : 42,27.7455,17.2,19.4,41.8,50.2,33.3,2026.0,National University of Distance Education (UNED),Spain,2026,THE only,THE record not matched in QS
,,,,,,,,,,2015.0,National University of Kaohsiung,Taiwan,"6,145",26.7,4%,41 : 59,17.506,13.1,19.5,13.3,37.1,33.5,2026.0,National University of Kaohsiung,Taiwan,2026,THE only,THE record not matched in QS
1201-1400,1001-1200,National University of Kyiv-Mohyla Academy (NaUKMA),Ukraine,Europe,S,FO,VH,Public,5.6,,,,,,,,,,,,,,,National University of Kyiv-Mohyla Academy (NaUKMA),Ukraine,2026,QS only,QS record not matched in THE
,,,,,,,,,,1776.0,National University of La Plata,Argentina,"48,850",13.1,25%,60 : 40,22.7335,23.5,12.4,21.5,26.5,62.6,2026.0,National University of La Plata,Argentina,2026,THE only,THE record not matched in QS
,,,,,,,,,,2053.0,National University of Life and Environmental Sciences of Ukraine,Ukraine,"19,154",14.5,1%,35 : 65,16.612,16.7,9.2,20.5,23.5,25.7,2026.0,National University of Life and Environmental Sciences of Ukraine,Ukraine,2026,THE only,THE record not matched in QS
,,,,,,,,,,2059.0,National University of Medical Sciences (NUMS),Pakistan,"9,257",4.4,0%,64 : 36,16.494500000000002,23.6,10.0,13.0,19.0,26.3,2026.0,National University of Medical Sciences (NUMS),Pakistan,2026,THE only,THE record not matched in QS
,,,,,,,,,,2036.0,National University of Mongolia,Mongolia,"15,781",18.4,7%,62 : 38,17.000999999999994,15.6,9.4,15.5,21.7,55.4,2026.0,National University of Mongolia,Mongolia,2026,THE only,THE record not matched in QS
,,,,,,,,,,2178.0,National University of Quilmes,Argentina,"48,698",36.3,2%,54 : 46,13.013999999999998,12.7,9.2,10.8,22.3,32.9,2026.0,National University of Quilmes,Argentina,2026,THE only,THE record not matched in QS
,,,,,,,,,,2159.0,National University of Rosario (UNR),Argentina,"90,716",19.0,7%,66 : 34,13.701999999999998,15.0,8.7,9.4,21.1,41.2,2026.0,National University of Rosario (UNR),Argentina,2026,THE only,THE record not matched in QS
,,,,,,,,,,1759.0,National University of San Martín,Argentina,"16,968",16.5,5%,60 : 40,23.022,22.0,11.2,29.3,27.6,45.2,2026.0,National University of San Martín,Argentina,2026,THE only,THE record not matched in QS
,,,,,,,,,,855.0,National University of Science and Technology (MISiS),Russian Federation,"7,305",12.6,19%,42 : 58,37.9115,40.2,29.8,34.5,74.7,54.3,2026.0,National University of Science and Technology (MISiS),Russian Federation,2026,THE only,THE record not matched in QS
721-730,711-720,National University of Science and Technology MISiS,Russian Federation,Europe,M,FO,VH,Public,7.2,,,,,,,,,,,,,,,National University of Science and Technology MISiS,Russian Federation,2026,QS only,QS record not matched in THE
,,,,,,,,,,618.0,National University of Sciences and Technology,Pakistan,"12,468",12.0,5%,38 : 62,43.253,23.6,23.8,75.3,64.6,56.2,2026.0,National University of Sciences and Technology,Pakistan,2026,THE only,THE record not matched in QS
371,353,National University of Sciences And Technology (NUST) Islamabad,Pakistan,Asia,L,FC,VH,Public,29.3,,,,,,,,,,,,,,,National University of Sciences And Technology (NUST) Islamabad,Pakistan,2026,QS only,QS record not matched in THE
8,8,National University of Singapore (NUS),Singapore,Asia,XL,FC,VH,Public,99.9,17.0,National University of Singapore,Singapore,"35,558",21.0,31%,49 : 51,89.67199999999998,78.6,93.1,95.1,99.9,92.8,2026.0,National University of Singapore (NUS),Singapore,2026,QS + THE,Matched
721-730,781-790,National University of Uzbekistan,Uzbekistan,Asia,L,CO,HI,Public,29.7,,,,,,,,,,,,,,,National University of Uzbekistan,Uzbekistan,2026,QS only,QS record not matched in THE
,,,,,,,,,,1447.0,National University of Uzbekistan named after Mirzo Ulugbek,Uzbekistan,"19,704",19.3,4%,48 : 52,28.0775,24.4,10.9,40.9,25.4,59.1,2026.0,National University of Uzbekistan named after Mirzo Ulugbek,Uzbekistan,2026,THE only,THE record not matched in QS
,,,,,,,,,,990.0,National Veterinary School of Alfort (EnvA),France,872,5.9,0%,78 : 22,35.67,44.3,11.9,44.2,44.7,54.7,2026.0,National Veterinary School of Alfort (EnvA),France,2026,THE only,THE record not matched in QS
199,219,National Yang Ming Chiao Tung University,Taiwan,Asia,L,FC,VH,Public,42.1,436.0,National Yang Ming Chiao Tung University (NYCU Taiwan),Taiwan,"18,360",15.9,9%,37 : 63,48.444,42.3,42.7,55.3,100.0,39.9,2026.0,National Yang Ming Chiao Tung University,Taiwan,2026,QS + THE,Matched
,,,,,,,,,,511.0,National Yunlin University of Science and Technology,Taiwan,"9,057",21.3,5%,39 : 61,45.9565,21.1,28.9,81.8,79.9,48.2,2026.0,National Yunlin University of Science and Technology,Taiwan,2026,THE only,THE record not matched in QS
,,,,,,,,,,485.0,Nazarbayev University,Kazakhstan,"6,020",13.3,3%,53 : 47,46.8355,26.5,30.3,76.8,44.4,72.2,2026.0,Nazarbayev University,Kazakhstan,2026,THE only,THE record not matched in QS
,,,,,,,,,,483.0,Near East University,Northern Cyprus,"17,228",26.6,88%,49 : 51,46.852,27.4,21.7,78.5,54.4,90.0,2026.0,Near East University,Northern Cyprus,2026,THE only,THE record not matched in QS
,,,,,,,,,,1277.0,Necmettin Erbakan University,Turkey,"18,947",12.0,13%,52 : 48,30.645,37.5,15.2,37.3,23.3,40.7,2026.0,Necmettin Erbakan University,Turkey,2026,THE only,THE record not matched in QS
,,,,,,,,,,1922.0,NED University of Engineering and Technology,Pakistan,"12,523",22.6,0%,41 : 59,19.4015,13.4,12.5,22.9,26.9,51.7,2026.0,NED University of Engineering and Technology,Pakistan,2026,THE only,THE record not matched in QS
,,,,,,,,,,1396.0,Nelson Mandela University,South Africa,"24,272",34.8,2%,60 : 40,28.6425,20.9,16.8,43.2,34.0,43.8,2026.0,Nelson Mandela University,South Africa,2026,THE only,THE record not matched in QS
,,,,,,,,,,1503.0,Netaji Subhas University of Technology,India,"8,856",15.5,2%,22 : 78,27.235,17.7,8.1,57.4,20.8,21.5,2026.0,Netaji Subhas University of Technology,India,2026,THE only,THE record not matched in QS
761-770,791-800,New Jersey Institute of Technology (NJIT),United States of America,Americas,M,FO,VH,Public,7.5,591.0,New Jersey Institute of Technology,United States,"10,459",14.9,29%,29 : 71,44.062,27.5,23.3,65.2,68.5,91.9,2026.0,New Jersey Institute of Technology (NJIT),United States,2026,QS + THE,Matched
1201-1400,,New Mexico State University,United States of America,Americas,L,CO,VH,,6.6,736.0,New Mexico State University (Main campus),United States,"12,251",15.8,6%,58 : 42,40.317,26.2,24.5,66.2,56.2,45.0,2026.0,New Mexico State University,United States,2026,QS + THE,Matched
,,,,,,,,,,1203.0,The New School,United States,"9,536",10.1,38%,75 : 25,32.040499999999994,29.9,14.3,43.5,25.7,66.6,2026.0,The New School,United States,2026,THE only,THE record not matched in QS
801-850,781-790,"The New School, New York City and Paris",United States of America,Americas,M,FO,VH,Private not for Profit,20.4,,,,,,,,,,,,,,,"The New School, New York City and Paris",United States,2026,QS only,QS record not matched in THE
,,,,,,,,,,1142.0,New Valley University,Egypt,"3,856",8.6,0%,68 : 32,33.020999999999994,23.9,8.6,63.7,17.1,49.1,2026.0,New Valley University,Egypt,2026,THE only,THE record not matched in QS
55,43,New York University (NYU),United States of America,Americas,XL,FC,VH,Private not for Profit,98.6,32.0,New York University,United States,"48,973",9.0,46%,59 : 41,81.61149999999999,74.6,78.5,94.3,74.8,74.1,2026.0,New York University (NYU),United States,2026,QS + THE,Matched
137,129,Newcastle University,United Kingdom,Europe,L,FC,VH,Public,62.9,145.0,Newcastle University,United Kingdom,"26,400",15.0,28%,54 : 46,62.0815,39.8,43.2,93.0,80.0,89.5,2026.0,Newcastle University,United Kingdom,2026,QS + THE,Matched
,,,,,,,,,,1144.0,Nguyen Tat Thanh University,Vietnam,"34,341",24.4,1%,54 : 46,32.953,12.0,9.7,74.5,21.5,45.2,2026.0,Nguyen Tat Thanh University,Vietnam,2026,THE only,THE record not matched in QS
1001-1200,901-950,Nicolaus Copernicus University,Poland,Europe,L,FC,HI,Public,10.3,,,,,,,,,,,,,,,Nicolaus Copernicus University,Poland,2026,QS only,QS record not matched in THE
,,,,,,,,,,1265.0,Nicolaus Copernicus University in Toruń,Poland,"17,163",11.1,6%,67 : 33,31.009,29.6,23.1,38.6,33.2,35.6,2026.0,Nicolaus Copernicus University in Toruń,Poland,2026,THE only,THE record not matched in QS
,,,,,,,,,,1879.0,Niğde Ömer Halisdemir University,Turkey,"13,328",16.3,9%,56 : 44,20.5215,17.2,10.3,31.0,20.7,31.1,2026.0,Niğde Ömer Halisdemir University,Turkey,2026,THE only,THE record not matched in QS
,,,,,,,,,,2051.0,Nihon University,Japan,"77,140",30.1,2%,32 : 68,16.6795,15.5,8.9,19.6,45.4,24.4,2026.0,Nihon University,Japan,2026,THE only,THE record not matched in QS
1001-1200,951-1000,Niigata University,Japan,Asia,L,FC,HI,Public,6.6,1304.0,Niigata University,Japan,"11,826",7.1,3%,37 : 63,30.3815,31.2,15.7,40.9,54.3,29.1,2026.0,Niigata University,Japan,2026,QS + THE,Matched
1401+,,Nile University,Egypt,Africa,S,SP,HI,Private not for Profit,8.6,1788.0,Nile University,Egypt,"3,826",18.5,1%,37 : 63,22.512,15.2,12.9,34.6,38.8,31.4,2026.0,Nile University,Egypt,2026,QS + THE,Matched
,,,,,,,,,,1110.0,Nippon Medical School,Japan,970,1.0,1%,32 : 68,33.4985,30.0,11.4,58.7,51.5,22.3,2026.0,Nippon Medical School,Japan,2026,THE only,THE record not matched in QS
,,,,,,,,,,1240.0,Nitte (Deemed to be University),India,"5,020",8.9,2%,67 : 33,31.444,43.2,12.5,40.5,19.5,28.6,2026.0,Nitte (Deemed to be University),India,2026,THE only,THE record not matched in QS
,,,,,,,,,,2145.0,Nizhny Novgorod State Technical University n.a. R.E. Alekseev,Russian Federation,"8,437",12.9,9%,24 : 76,14.3195,20.0,9.0,6.9,40.8,28.1,2026.0,Nizhny Novgorod State Technical University n.a. R.E. Alekseev,Russian Federation,2026,THE only,THE record not matched in QS
,,,,,,,,,,1724.0,Nnamdi Azikiwe University,Nigeria,"43,059",16.2,0%,59 : 41,23.6955,23.3,8.6,36.2,19.2,36.0,2026.0,Nnamdi Azikiwe University,Nigeria,2026,THE only,THE record not matched in QS
,,,,,,,,,,1322.0,Noakhali Science and Technology University (NSTU),Bangladesh,"9,184",22.2,0%,44 : 56,29.997,11.3,9.4,65.5,17.0,48.1,2026.0,Noakhali Science and Technology University (NSTU),Bangladesh,2026,THE only,THE record not matched in QS
272,311,North Carolina State University,United States of America,Americas,XL,CO,VH,Public,36.4,303.0,North Carolina State University,United States,"32,549",16.5,13%,49 : 51,54.188,45.1,43.9,67.6,81.5,61.5,2026.0,North Carolina State University,United States,2026,QS + THE,Matched
,,,,,,,,,,2022.0,North-Caucasus Federal University,Russian Federation,"18,686",7.7,9%,45 : 55,17.3795,28.1,8.7,11.3,19.8,31.8,2026.0,North-Caucasus Federal University,Russian Federation,2026,THE only,THE record not matched in QS
,,,,,,,,,,2031.0,North-Eastern Federal University,Russian Federation,"12,430",13.4,6%,53 : 47,17.084500000000002,24.3,11.6,12.9,16.8,26.8,2026.0,North-Eastern Federal University,Russian Federation,2026,THE only,THE record not matched in QS
,,,,,,,,,,1859.0,North Khorasan University of Medical Sciences,Iran,"2,221",9.5,0%,56 : 44,21.007,24.7,11.2,25.4,17.5,28.7,2026.0,North Khorasan University of Medical Sciences,Iran,2026,THE only,THE record not matched in QS
951-1000,901-950,North South University,Bangladesh,Asia,L,FO,HI,Private not for Profit,16.9,939.0,North South University,Bangladesh,"16,380",19.1,0%,44 : 56,36.5615,14.8,11.3,80.3,29.4,48.7,2026.0,North South University,Bangladesh,2026,QS + THE,Matched
951-1000,851-900,North-West University,South Africa,Africa,XL,CO,VH,Public,8.4,898.0,North-West University,South Africa,"41,784",24.1,2%,63 : 37,37.2045,22.3,18.8,63.8,45.1,56.4,2026.0,North-West University,South Africa,2026,QS + THE,Matched
,,,,,,,,,,2043.0,North-Western State Medical University named after I.I. Mechnikov,Russian Federation,"6,780",6.2,12%,67 : 33,16.7505,25.9,10.7,10.1,19.3,29.4,2026.0,North-Western State Medical University named after I.I. Mechnikov,Russian Federation,2026,THE only,THE record not matched in QS
,,,,,,,,,,813.0,Northeast Agricultural University,China,"32,409",20.7,1%,55 : 45,38.876,19.3,15.9,84.5,45.1,18.9,2026.0,Northeast Agricultural University,China,2026,THE only,THE record not matched in QS
,,,,,,,,,,837.0,Northeast Normal University,China,"31,316",19.3,3%,69 : 31,38.179,30.9,17.4,65.1,50.5,32.9,2026.0,Northeast Normal University,China,2026,THE only,THE record not matched in QS
384,396,Northeastern University,United States of America,Americas,XL,CO,VH,Private not for Profit,28.0,,,,,,,,,,,,,,,Northeastern University,United States,2026,QS only,QS record not matched in THE
,,,,,,,,,,589.0,"Northeastern University, China",China,"41,594",13.7,2%,,44.1305,31.7,31.4,63.9,96.2,35.4,2026.0,"Northeastern University, China",China,2026,THE only,THE record not matched in QS
,,,,,,,,,,245.0,"Northeastern University, US",United States,"29,623",15.8,40%,53 : 47,56.612,38.4,32.4,90.5,69.2,79.6,2026.0,"Northeastern University, US",United States,2026,THE only,THE record not matched in QS
1001-1200,1001-1200,Northern Arizona University,United States of America,Americas,L,CO,VH,Public,9.5,,,,,,,,,,,,,,,Northern Arizona University,United States,2026,QS only,QS record not matched in THE
,,,,,,,,,,911.0,Northern Border University,Saudi Arabia,"7,128",8.6,2%,63 : 37,36.997,26.5,15.8,59.7,26.0,75.3,2026.0,Northern Border University,Saudi Arabia,2026,THE only,THE record not matched in QS
1001-1200,951-1000,Northern Borders University,Saudi Arabia,Asia,M,FC,HI,Public,13.4,,,,,,,,,,,,,,,Northern Borders University,Saudi Arabia,2026,QS only,QS record not matched in THE
,,,,,,,,,,2134.0,Northern (Arctic) Federal University named after M.V. Lomonosov,Russian Federation,"9,359",15.1,9%,45 : 55,14.536,18.9,10.9,9.1,21.8,29.3,2026.0,Northern (Arctic) Federal University named after M.V. Lomonosov,Russian Federation,2026,THE only,THE record not matched in QS
,,,,,,,,,,959.0,Northern Illinois University,United States,"13,032",14.7,8%,54 : 46,36.199,28.6,18.5,53.7,54.8,54.6,2026.0,Northern Illinois University,United States,2026,THE only,THE record not matched in QS
,,,,,,,,,,2120.0,Northern Technical University,Iraq,"23,224",24.6,0%,43 : 57,14.839,10.8,8.5,21.1,18.2,28.4,2026.0,Northern Technical University,Iraq,2026,THE only,THE record not matched in QS
,,,,,,,,,,466.0,Northumbria University,United Kingdom,"25,815",17.1,30%,54 : 46,47.274,23.6,25.5,80.5,47.8,91.4,2026.0,Northumbria University,United Kingdom,2026,THE only,THE record not matched in QS
550,535,Northumbria University at Newcastle,United Kingdom,Europe,L,CO,VH,Public,16.6,,,,,,,,,,,,,,,Northumbria University at Newcastle,United Kingdom,2026,QS only,QS record not matched in THE
801-850,851-900,Northwest Agriculture and Forestry University,China (Mainland),Asia,XL,CO,VH,Public,5.2,,,,,,,,,,,,,,,Northwest Agriculture and Forestry University,China (Mainland),2026,QS only,QS record not matched in THE
,,,,,,,,,,1165.0,Northwest University (China),China,"26,259",13.2,3%,54 : 46,32.662,27.9,14.7,54.0,51.4,25.5,2026.0,Northwest University (China),China,2026,THE only,THE record not matched in QS
1001-1200,1001-1200,Northwest University (China),China (Mainland),Asia,L,CO,VH,Public,5.8,,,,,,,,,,,,,,,Northwest University (China),China (Mainland),2026,QS only,QS record not matched in THE
,,,,,,,,,,274.0,Northwestern Polytechnical University,China,"35,982",13.6,5%,29 : 71,55.529,41.0,42.4,78.6,99.7,47.6,2026.0,Northwestern Polytechnical University,China,2026,THE only,THE record not matched in QS
499,547,Northwestern Polytechnical University,China (Mainland),Asia,XL,CO,VH,Public,9.5,,,,,,,,,,,,,,,Northwestern Polytechnical University,China (Mainland),2026,QS only,QS record not matched in THE
42,50,Northwestern University,United States of America,Americas,L,FC,VH,Private not for Profit,92.2,30.0,Northwestern University,United States,"20,611",8.2,24%,54 : 46,81.86900000000001,73.2,76.0,96.9,96.0,71.0,2026.0,Northwestern University,United States,2026,QS + THE,Matched
791-800,691-700,Norwegian University of Life Sciences (UMB),Norway,Europe,M,FO,VH,,8.2,863.0,Norwegian University of Life Sciences,Norway,"8,193",8.4,7%,57 : 43,37.8205,32.0,15.4,58.4,40.8,63.5,2026.0,Norwegian University of Life Sciences (UMB),Norway,2026,QS + THE,Matched
267,264,Norwegian University of Science And Technology,Norway,Europe,XL,FC,VH,Public,45.9,331.0,Norwegian University of Science and Technology,Norway,"38,384",15.0,9%,51 : 49,52.636500000000005,36.7,39.1,75.9,71.4,64.6,2026.0,Norwegian University of Science And Technology,Norway,2026,QS + THE,Matched
1001-1200,,Notre Dame University-Louaize (NDU),Lebanon,Asia,S,CO,HI,Private not for Profit,6.5,,,,,,,,,,,,,,,Notre Dame University-Louaize (NDU),Lebanon,2026,QS only,QS record not matched in THE
609,592,Nottingham Trent University,United Kingdom,Europe,XL,CO,VH,Public,16.4,611.0,Nottingham Trent University,United Kingdom,"36,005",15.0,25%,54 : 46,43.4215,20.8,14.1,83.3,38.1,89.1,2026.0,Nottingham Trent University,United Kingdom,2026,QS + THE,Matched
,,,,,,,,,,1146.0,Nova Southeastern University,United States,"18,393",16.2,6%,71 : 29,32.926,39.4,13.8,41.8,48.9,37.4,2026.0,Nova Southeastern University,United States,2026,THE only,THE record not matched in QS
,,,,,,,,,,556.0,NOVA University of Lisbon,Portugal,"25,284",18.6,26%,51 : 49,45.057,30.2,36.4,59.7,75.8,62.0,2026.0,NOVA University of Lisbon,Portugal,2026,THE only,THE record not matched in QS
1201-1400,1201-1400,Novosibirsk State Technical University,Russian Federation,Europe,L,FO,VH,Public,5.7,2012.0,Novosibirsk State Technical University,Russian Federation,"14,178",16.5,20%,37 : 63,17.525000000000002,18.1,12.9,14.3,32.8,37.9,2026.0,Novosibirsk State Technical University,Russian Federation,2026,QS + THE,Matched
461,442,Novosibirsk State University,Russian Federation,Europe,M,FO,VH,Public,28.8,1136.0,Novosibirsk State University,Russian Federation,"7,300",6.6,23%,,33.0895,38.4,29.6,24.0,57.0,49.3,2026.0,Novosibirsk State University,Russian Federation,2026,QS + THE,Matched
,,,,,,,,,,2162.0,Nueva Granada Military University,Colombia,"18,768",9.9,0%,47 : 53,13.6785,21.8,8.2,6.9,17.3,28.1,2026.0,Nueva Granada Military University,Colombia,2026,THE only,THE record not matched in QS
851-900,1001-1200,O. P. Jindal Global University (JGU),India,Asia,M,SP,VH,Private not for Profit,15.9,1167.0,O.P. Jindal Global University,India,"8,674",7.9,1%,50 : 50,32.644,26.0,16.3,51.1,16.8,56.6,2026.0,O. P. Jindal Global University (JGU),India,2026,QS + THE,Matched
,,,,,,,,,,1250.0,Oakland University,United States,"12,914",15.8,4%,58 : 42,31.284,27.7,16.7,44.5,50.8,38.5,2026.0,Oakland University,United States,2026,THE only,THE record not matched in QS
,,,,,,,,,,1571.0,Obafemi Awolowo University,Nigeria,"32,746",26.3,0%,46 : 54,25.931,21.5,13.4,36.0,45.5,41.1,2026.0,Obafemi Awolowo University,Nigeria,2026,THE only,THE record not matched in QS
1001-1200,1201-1400,Obuda University,Hungary,Europe,M,FO,VH,Public,7.9,722.0,Obuda University,Hungary,"8,068",26.6,7%,20 : 80,40.682,17.4,30.9,72.8,27.2,48.8,2026.0,Obuda University,Hungary,2026,QS + THE,Matched
,,,,,,,,,,679.0,Ocean University of China,China,"35,422",18.2,1%,,41.7865,31.3,29.5,63.6,69.7,28.4,2026.0,Ocean University of China,China,2026,THE only,THE record not matched in QS
801-850,801-850,Ocean University of China,China (Mainland),Asia,XL,FC,VH,Public,6.3,,,,,,,,,,,,,,,Ocean University of China,China (Mainland),2026,QS only,QS record not matched in THE
,,,,,,,,,,1726.0,Ochanomizu University,Japan,"2,652",14.7,6%,100 : 0,23.675,25.8,18.7,20.2,38.4,40.6,2026.0,Ochanomizu University,Japan,2026,THE only,THE record not matched in QS
,,,,,,,,,,1288.0,October 6 University,Egypt,"28,613",15.3,7%,53 : 47,30.534,19.8,8.4,61.7,16.8,41.0,2026.0,October 6 University,Egypt,2026,THE only,THE record not matched in QS
,,,,,,,,,,1703.0,October University for Modern Sciences and Arts (MSA),Egypt,"12,047",10.5,1%,51 : 49,23.980999999999995,21.2,9.1,40.3,17.2,30.8,2026.0,October University for Modern Sciences and Arts (MSA),Egypt,2026,THE only,THE record not matched in QS
,,,,,,,,,,2109.0,Odesa I.I. Mechnikov National University,Ukraine,"5,839",7.8,3%,65 : 35,15.1165,24.7,9.1,8.5,16.9,26.2,2026.0,Odesa I.I. Mechnikov National University,Ukraine,2026,THE only,THE record not matched in QS
1201-1400,1201-1400,Odessa I.I.Mechnikov National University,Ukraine,Europe,M,FO,HI,Public,3.9,,,,,,,,,,,,,,,Odessa I.I.Mechnikov National University,Ukraine,2026,QS only,QS record not matched in THE
,,,,,,,,,,2083.0,Ogarev Mordovia State University,Russian Federation,"16,100",14.0,16%,37 : 63,15.906,25.4,9.6,7.2,19.6,35.8,2026.0,Ogarev Mordovia State University,Russian Federation,2026,THE only,THE record not matched in QS
190,208,Ohio State University,United States of America,Americas,XL,FC,VH,Public,71.1,108.0,Ohio State University (Main campus),United States,"54,645",9.8,12%,52 : 48,65.432,57.4,51.7,85.7,85.4,58.4,2026.0,Ohio State University,United States,2026,QS + THE,Matched
1001-1200,1001-1200,Ohio University,United States of America,Americas,L,FC,HI,Public,10.9,803.0,Ohio University (Main campus),United States,"20,461",21.8,4%,59 : 41,38.992,33.1,18.9,61.6,59.1,38.7,2026.0,Ohio University,United States,2026,QS + THE,Matched
,,,,,,,,,,1888.0,Oita University,Japan,"5,240",8.3,1%,37 : 63,20.38,26.5,12.1,19.7,34.9,23.3,2026.0,Oita University,Japan,2026,THE only,THE record not matched in QS
951-1000,851-900,Okayama University,Japan,Asia,L,FC,VH,Public,11.5,1025.0,Okayama University,Japan,"13,057",10.3,9%,40 : 60,35.0305,34.5,23.1,39.2,87.1,38.8,2026.0,Okayama University,Japan,2026,QS + THE,Matched
,,,,,,,,,,2112.0,Okayama University of Science,Japan,"6,859",25.8,3%,25 : 75,15.0815,14.4,11.6,13.3,40.3,24.9,2026.0,Okayama University of Science,Japan,2026,THE only,THE record not matched in QS
851-900,851-900,Oklahoma State University,United States of America,Americas,L,FC,HI,Public,10.6,678.0,Oklahoma State University,United States,"22,574",14.7,5%,53 : 47,41.7875,36.5,21.1,60.9,61.9,55.4,2026.0,Oklahoma State University,United States,2026,QS + THE,Matched
,,,,,,,,,,950.0,Old Dominion University,United States,"17,790",16.3,3%,56 : 44,36.347,27.5,20.7,57.4,57.6,36.1,2026.0,Old Dominion University,United States,2026,THE only,THE record not matched in QS
,,,,,,,,,,2169.0,Oles Honchar Dnipro National University,Ukraine,"8,236",11.9,1%,54 : 46,13.4545,19.2,9.5,9.1,17.7,21.3,2026.0,Oles Honchar Dnipro National University,Ukraine,2026,THE only,THE record not matched in QS
,,,,,,,,,,2189.0,Omsk State Technical University,Russian Federation,"13,819",17.6,8%,34 : 66,11.166,15.6,8.2,5.0,19.9,25.2,2026.0,Omsk State Technical University,Russian Federation,2026,THE only,THE record not matched in QS
,,,,,,,,,,1815.0,Ondokuz Mayis University,Turkey,"37,153",18.3,15%,40 : 60,21.8065,19.7,11.3,29.6,26.2,37.2,2026.0,Ondokuz Mayis University,Turkey,2026,THE only,THE record not matched in QS
,,,,,,,,,,947.0,Ontario Tech University,Canada,"9,555",30.0,12%,43 : 57,36.406,17.6,25.3,56.4,60.3,60.6,2026.0,Ontario Tech University,Canada,2026,THE only,THE record not matched in QS
,,,,,,,,,,971.0,The Open University,United Kingdom,"70,690",22.7,9%,67 : 33,36.0305,17.8,14.3,67.0,48.0,61.5,2026.0,The Open University,United Kingdom,2026,THE only,THE record not matched in QS
,,,,,,,,,,915.0,Open University of Catalonia,Spain,"34,578",96.6,6%,57 : 43,36.9545,18.5,20.5,68.3,32.8,50.0,2026.0,Open University of Catalonia,Spain,2026,THE only,THE record not matched in QS
,,,,,,,,,,1463.0,Opole University of Technology,Poland,"4,752",14.6,9%,30 : 70,27.892,18.6,14.4,45.8,24.1,47.0,2026.0,Opole University of Technology,Poland,2026,THE only,THE record not matched in QS
,,,,,,,,,,2023.0,Oran 1 University,Algeria,"23,895",18.8,1%,66 : 34,17.3265,26.2,8.8,11.5,19.2,37.7,2026.0,Oran 1 University,Algeria,2026,THE only,THE record not matched in QS
,,,,,,,,,,2001.0,Ordu University,Turkey,"11,821",17.5,1%,56 : 44,17.774999999999995,14.2,10.7,27.8,17.2,19.4,2026.0,Ordu University,Turkey,2026,THE only,THE record not matched in QS
,,,,,,,,,,640.0,Örebro University,Sweden,"9,943",16.6,6%,63 : 37,42.5915,19.3,25.2,78.3,50.5,54.4,2026.0,Örebro University,Sweden,2026,THE only,THE record not matched in QS
,,,,,,,,,,359.0,Oregon Health and Science University,United States,"2,877",0.8,3%,69 : 31,51.06799999999999,38.8,20.9,91.6,87.9,34.2,2026.0,Oregon Health and Science University,United States,2026,THE only,THE record not matched in QS
624,641-650,Oregon State University,United States of America,Americas,L,CO,VH,Public,19.7,,,,,,,,,,,,,,,Oregon State University,United States,2026,QS only,QS record not matched in THE
,,,,,,,,,,2089.0,Osaka Institute of Technology,Japan,"7,956",28.3,1%,14 : 86,15.7755,14.4,13.4,13.8,38.6,26.1,2026.0,Osaka Institute of Technology,Japan,2026,THE only,THE record not matched in QS
,,,,,,,,,,1619.0,Osaka Medical and Pharmaceutical University,Japan,"3,126",5.5,1%,60 : 40,25.3715,27.5,13.9,32.2,53.2,19.2,2026.0,Osaka Medical and Pharmaceutical University,Japan,2026,THE only,THE record not matched in QS
901-950,901-950,Osaka Metropolitan University,Japan,Asia,L,FC,VH,,18.1,1459.0,Osaka Metropolitan University,Japan,"15,703",8.7,4%,37 : 63,27.9465,31.3,16.9,28.8,78.3,27.2,2026.0,Osaka Metropolitan University,Japan,2026,QS + THE,Matched
,,,,,,,,,,1282.0,Osmania University,India,"10,493",25.3,2%,48 : 52,30.611,34.7,19.0,39.2,34.3,23.1,2026.0,Osmania University,India,2026,THE only,THE record not matched in QS
1201-1400,1201-1400,"Osmania University, Hyderabad",India,Asia,M,CO,VH,Public,6.0,,,,,,,,,,,,,,,"Osmania University, Hyderabad",India,2026,QS only,QS record not matched in THE
,,,,,,,,,,748.0,Otto von Guericke University of Magdeburg,Germany,"12,812",10.7,30%,42 : 58,40.218,34.6,18.2,56.6,57.7,72.6,2026.0,Otto von Guericke University of Magdeburg,Germany,2026,THE only,THE record not matched in QS
,,,,,,,,,,2085.0,Ovidius University of Constanța,Romania,"16,291",12.6,7%,57 : 43,15.8325,20.1,9.9,14.2,18.3,27.2,2026.0,Ovidius University of Constanța,Romania,2026,THE only,THE record not matched in QS
374,416,Oxford Brookes University,United Kingdom,Europe,L,CO,HI,Public,38.7,819.0,Oxford Brookes University,United Kingdom,"13,930",13.6,30%,56 : 44,38.636,26.9,23.1,53.9,30.6,88.1,2026.0,Oxford Brookes University,United Kingdom,2026,QS + THE,Matched
,,,,,,,,,,917.0,Ozyegin University,Turkey,"6,166",24.1,12%,47 : 53,36.92099999999999,20.6,30.7,47.8,80.9,58.2,2026.0,Ozyegin University,Turkey,2026,THE only,THE record not matched in QS
1201-1400,,Ozyegin University,Türkiye,Asia,M,FO,VH,Private not for Profit,6.6,,,,,,,,,,,,,,,Ozyegin University,Türkiye,2026,QS only,QS record not matched in THE
,,,,,,,,,,982.0,Pablo de Olavide University,Spain,"12,155",14.2,16%,61 : 39,35.806999999999995,23.2,19.4,57.3,55.8,52.2,2026.0,Pablo de Olavide University,Spain,2026,THE only,THE record not matched in QS
,,,,,,,,,,1620.0,Pace University-New York,United States,"12,280",15.7,21%,63 : 37,25.3685,35.5,8.3,24.9,32.1,49.8,2026.0,Pace University-New York,United States,2026,THE only,THE record not matched in QS
,,,,,,,,,,690.0,Paderborn University,Germany,"14,479",38.3,13%,51 : 49,41.5835,31.1,35.9,51.4,70.7,50.0,2026.0,Paderborn University,Germany,2026,THE only,THE record not matched in QS
,,,,,,,,,,2140.0,Paisii Hilendarski University of Plovdiv,Bulgaria,"21,840",35.1,2%,67 : 33,14.355499999999996,13.6,12.5,13.7,21.9,23.1,2026.0,Paisii Hilendarski University of Plovdiv,Bulgaria,2026,THE only,THE record not matched in QS
721-730,691-700,Pakistan Institute of Engineering and Applied Sciences (PIEAS),Pakistan,Asia,S,SP,HI,Public,7.4,,,,,,,,,,,,,,,Pakistan Institute of Engineering and Applied Sciences (PIEAS),Pakistan,2026,QS only,QS record not matched in THE
668,651-660,Palacký University in Olomouc,Czechia,Europe,L,FO,VH,Public,21.5,,,,,,,,,,,,,,,Palacký University in Olomouc,Czechia,2026,QS only,QS record not matched in THE
,,,,,,,,,,1059.0,Palacký University Olomouc,Czechia,"19,564",14.8,13%,68 : 32,34.4535,23.3,25.0,47.3,41.0,60.0,2026.0,Palacký University Olomouc,Czechia,2026,THE only,THE record not matched in QS
1201-1400,,Palestine Technical University - Kadoorie,Palestine,Asia,S,CO,HI,Public,9.4,,,,,,,,,,,,,,,Palestine Technical University - Kadoorie,Palestine,2026,QS only,QS record not matched in THE
,,,,,,,,,,2045.0,Pamukkale University,Turkey,"32,376",29.0,4%,48 : 52,16.74,17.9,10.5,18.8,28.3,21.9,2026.0,Pamukkale University,Turkey,2026,THE only,THE record not matched in QS
901-950,1001-1200,Panjab University,India,Asia,L,CO,VH,Public,9.4,665.0,Panjab University,India,"16,479",15.9,2%,65 : 35,42.09,38.2,19.6,71.2,48.3,24.6,2026.0,Panjab University,India,2026,QS + THE,Matched
,,,,,,,,,,830.0,Panthéon-Sorbonne University – Paris 1,France,"36,234",29.2,21%,64 : 36,38.3325,36.9,34.0,38.0,35.8,63.4,2026.0,Panthéon-Sorbonne University – Paris 1,France,2026,THE only,THE record not matched in QS
,,,,,,,,,,740.0,Paris Lodron Universität Salzburg,Austria,"6,302",8.5,40%,68 : 32,40.282,32.3,21.8,51.8,49.6,92.1,2026.0,Paris Lodron Universität Salzburg,Austria,2026,THE only,THE record not matched in QS
650,601-610,Paris Lodron University of Salzburg,Austria,Europe,M,CO,VH,Public,13.3,,,,,,,,,,,,,,,Paris Lodron University of Salzburg,Austria,2026,QS only,QS record not matched in THE
,,,,,,,,,,1626.0,Paris Nanterre University,France,"30,986",20.1,16%,65 : 35,25.297,21.5,16.6,27.0,35.7,61.5,2026.0,Paris Nanterre University,France,2026,THE only,THE record not matched in QS
,,,,,,,,,,48.0,Paris Sciences et Lettres – PSL Research University Paris,France,"15,646",14.5,20%,52 : 48,76.4815,74.2,71.8,79.8,99.7,77.9,2026.0,Paris Sciences et Lettres – PSL Research University Paris,France,2026,THE only,THE record not matched in QS
,,,,,,,,,,772.0,Parthenope University of Naples,Italy,"14,020",36.4,3%,43 : 57,39.6345,18.9,22.8,78.0,34.8,35.4,2026.0,Parthenope University of Naples,Italy,2026,THE only,THE record not matched in QS
1401+,1201-1400,Pavlodar State University named after Toraighyrov,Kazakhstan,Asia,M,CO,MD,Public,8.9,,,,,,,,,,,,,,,Pavlodar State University named after Toraighyrov,Kazakhstan,2026,QS only,QS record not matched in THE
,,,,,,,,,,1845.0,Pavlov First Saint Petersburg State Medical University,Russian Federation,"5,569",9.0,12%,74 : 26,21.230500000000003,31.7,12.8,15.2,32.8,30.6,2026.0,Pavlov First Saint Petersburg State Medical University,Russian Federation,2026,THE only,THE record not matched in QS
1001-1200,851-900,Pavol Josef Safarik University,Slovakia,Europe,M,FC,HI,Public,6.4,,,,,,,,,,,,,,,Pavol Josef Safarik University,Slovakia,2026,QS only,QS record not matched in THE
,,,,,,,,,,1429.0,Pavol Jozef Šafárik University in Košice,Slovakia,"6,854",9.1,25%,67 : 33,28.335,41.7,11.2,24.5,24.7,59.3,2026.0,Pavol Jozef Šafárik University in Košice,Slovakia,2026,THE only,THE record not matched in QS
,,,,,,,,,,2040.0,Payame Noor University,Iran,"399,383",115.1,0%,62 : 38,16.879,16.7,8.8,22.4,22.2,23.9,2026.0,Payame Noor University,Iran,2026,THE only,THE record not matched in QS
,,,,,,,,,,1807.0,Pázmány Péter Catholic University,Hungary,"6,452",15.9,6%,,21.9585,23.0,11.7,27.1,23.2,36.3,2026.0,Pázmány Péter Catholic University,Hungary,2026,THE only,THE record not matched in QS
,,,,,,,,,,13.0,Peking University,China,"35,659",11.3,15%,,92.2815,95.4,97.9,89.0,100.0,67.3,2026.0,Peking University,China,2026,THE only,THE record not matched in QS
14,14,Peking University,China (Mainland),Asia,XL,FC,VH,Public,99.9,,,,,,,,,,,,,,,Peking University,China (Mainland),2026,QS only,QS record not matched in THE
,,,,,,,,,,110.0,Penn State (Main campus),United States,"48,746",15.1,16%,47 : 53,65.404,54.8,61.9,80.4,70.8,57.8,2026.0,Penn State (Main campus),United States,2026,THE only,THE record not matched in QS
82,89,Pennsylvania State University,United States of America,Americas,XL,FC,VH,Public,86.1,,,,,,,,,,,,,,,Pennsylvania State University,United States,2026,QS only,QS record not matched in THE
,,,,,,,,,,2181.0,Penza State University,Russian Federation,"17,808",14.9,14%,54 : 46,12.842,16.7,9.4,6.7,17.8,32.9,2026.0,Penza State University,Russian Federation,2026,THE only,THE record not matched in QS
,,,,,,,,,,1988.0,Perm National Research Polytechnic University,Russian Federation,"10,691",13.2,6%,46 : 54,18.0575,21.1,16.0,10.6,51.2,26.2,2026.0,Perm National Research Polytechnic University,Russian Federation,2026,THE only,THE record not matched in QS
1401+,1201-1400,Perm State University,Russian Federation,Europe,M,CO,VH,Public,4.0,2142.0,Perm State University,Russian Federation,"10,895",14.5,9%,56 : 44,14.343,18.4,12.0,7.9,24.5,27.8,2026.0,Perm State University,Russian Federation,2026,QS + THE,Matched
,,,,,,,,,,1242.0,Persian Gulf University,Iran,"4,978",21.2,7%,57 : 43,31.4425,19.6,15.1,56.1,24.1,46.5,2026.0,Persian Gulf University,Iran,2026,THE only,THE record not matched in QS
801-850,801-850,Perugia University,Italy,Europe,L,FC,VH,Public,12.0,,,,,,,,,,,,,,,Perugia University,Italy,2026,QS only,QS record not matched in THE
609,559,Peter the Great St.Petersburg Polytechnic University,Russian Federation,Europe,L,CO,VH,Public,18.0,964.0,Peter the Great St Petersburg Polytechnic University,Russian Federation,"16,730",9.9,32%,43 : 57,36.1075,35.7,23.0,38.0,71.4,62.0,2026.0,Peter the Great St.Petersburg Polytechnic University,Russian Federation,2026,QS + THE,Matched
,,,,,,,,,,2007.0,Petersburg State Transport University,Russian Federation,"9,137",22.2,18%,28 : 72,17.6255,16.6,11.4,15.0,49.0,39.5,2026.0,Petersburg State Transport University,Russian Federation,2026,THE only,THE record not matched in QS
1401+,1401+,Petra Christian University,Indonesia,Asia,M,FO,HI,Private for Profit,11.7,,,,,,,,,,,,,,,Petra Christian University,Indonesia,2026,QS only,QS record not matched in THE
,,,,,,,,,,2039.0,Petrozavodsk State University,Russian Federation,"7,512",13.3,9%,51 : 49,16.893,18.2,12.2,14.7,35.4,28.8,2026.0,Petrozavodsk State University,Russian Federation,2026,THE only,THE record not matched in QS
771-780,801-850,Philipps-Universität Marburg,Germany,Europe,L,FC,VH,Public,16.3,,,,,,,,,,,,,,,Philipps-Universität Marburg,Germany,2026,QS only,QS record not matched in THE
,,,,,,,,,,1542.0,Pirogov Russian National Research Medical University,Russian Federation,"13,377",7.8,11%,70 : 30,26.5555,44.2,14.5,18.2,40.6,29.7,2026.0,Pirogov Russian National Research Medical University,Russian Federation,2026,THE only,THE record not matched in QS
741-750,711-720,Plekhanov Russian University of Economics,Russian Federation,Europe,L,FO,VH,Public,15.5,1737.0,Plekhanov Russian University of Economics,Russian Federation,"13,681",8.5,14%,55 : 45,23.51,26.8,13.3,25.0,23.3,44.2,2026.0,Plekhanov Russian University of Economics,Russian Federation,2026,QS + THE,Matched
,,,,,,,,,,1016.0,PMAS Arid Agriculture University Rawalpindi,Pakistan,"10,983",36.5,0%,45 : 55,35.115,28.1,12.5,61.7,25.2,49.1,2026.0,PMAS Arid Agriculture University Rawalpindi,Pakistan,2026,THE only,THE record not matched in QS
102,98,Pohang University of Science And Technology (POSTECH),Republic of Korea,Asia,S,FO,VH,Private not for Profit,61.3,,,,,,,,,,,,,,,Pohang University of Science And Technology (POSTECH),Republic of Korea,2026,QS only,QS record not matched in THE
,,,,,,,,,,142.0,Pohang University of Science and Technology (POSTECH),South Korea,"3,234",9.2,7%,,62.306,58.3,49.5,79.2,100.0,39.9,2026.0,Pohang University of Science and Technology (POSTECH),South Korea,2026,THE only,THE record not matched in QS
801-850,580,Politecnico di Bari,Italy,Europe,M,SP,VH,Public,9.8,,,,,,,,,,,,,,,Politecnico di Bari,Italy,2026,QS only,QS record not matched in THE
98,111,Politecnico di Milano,Italy,Europe,XL,CO,VH,Public,83.4,216.0,Politecnico di Milano,Italy,"39,793",21.8,23%,36 : 64,57.8525,46.2,51.9,67.8,98.0,65.5,2026.0,Politecnico di Milano,Italy,2026,QS + THE,Matched
242,241,Politecnico di Torino,Italy,Europe,XL,FO,VH,Public,50.3,,,,,,,,,,,,,,,Politecnico di Torino,Italy,2026,QS only,QS record not matched in THE
,,,,,,,,,,1709.0,Polytechnic Institute of Porto,Portugal,"21,106",17.7,7%,48 : 52,23.918,14.7,13.1,40.0,34.0,32.3,2026.0,Polytechnic Institute of Porto,Portugal,2026,THE only,THE record not matched in QS
,,,,,,,,,,2037.0,Polytechnic Institute of Setúbal,Portugal,"6,301",12.6,11%,45 : 55,16.967,18.2,9.1,18.5,18.1,35.8,2026.0,Polytechnic Institute of Setúbal,Portugal,2026,THE only,THE record not matched in QS
,,,,,,,,,,574.0,Polytechnic University of Bari,Italy,"10,542",43.2,2%,31 : 69,44.5325,27.0,31.1,72.8,73.9,36.7,2026.0,Polytechnic University of Bari,Italy,2026,THE only,THE record not matched in QS
,,,,,,,,,,1867.0,Polytechnic University of Bucharest,Romania,"37,048",22.3,1%,41 : 59,20.742500000000003,18.7,9.7,30.5,39.2,22.6,2026.0,Polytechnic University of Bucharest,Romania,2026,THE only,THE record not matched in QS
,,,,,,,,,,1828.0,Polytechnic University of Timişoara,Romania,"12,676",18.1,4%,38 : 62,21.4955,18.0,9.8,33.6,36.4,24.1,2026.0,Polytechnic University of Timişoara,Romania,2026,THE only,THE record not matched in QS
,,,,,,,,,,475.0,Polytechnic University of Turin,Italy,"30,286",25.8,20%,32 : 68,47.035,31.6,30.0,71.0,86.7,56.6,2026.0,Polytechnic University of Turin,Italy,2026,THE only,THE record not matched in QS
,,,,,,,,,,755.0,Polytechnic University of Valencia,Spain,"30,641",15.8,16%,58 : 42,40.0085,32.3,26.2,50.4,86.8,57.2,2026.0,Polytechnic University of Valencia,Spain,2026,THE only,THE record not matched in QS
,,,,,,,,,,189.0,Pompeu Fabra University,Spain,"12,225",21.3,17%,62 : 38,59.4555,36.6,45.3,87.5,81.6,80.1,2026.0,Pompeu Fabra University,Spain,2026,THE only,THE record not matched in QS
1201-1400,1201-1400,Pondicherry University,India,Asia,M,CO,VH,Public,5.1,1280.0,Pondicherry University,India,"9,378",20.3,0%,46 : 54,30.628,34.1,17.4,40.6,41.0,22.7,2026.0,Pondicherry University,India,2026,QS + THE,Matched
,,,,,,,,,,1940.0,Pontifical Catholic University of Argentina,Argentina,"18,296",4.2,10%,55 : 45,18.9435,24.5,8.2,17.2,16.7,46.8,2026.0,Pontifical Catholic University of Argentina,Argentina,2026,THE only,THE record not matched in QS
,,,,,,,,,,2132.0,Pontifical Catholic University of Minas Gerais,Brazil,"35,797",29.6,0%,56 : 44,14.568999999999996,16.3,10.2,13.7,19.5,25.5,2026.0,Pontifical Catholic University of Minas Gerais,Brazil,2026,THE only,THE record not matched in QS
,,,,,,,,,,1687.0,Pontifical Catholic University of Peru,Peru,"26,939",6.4,1%,47 : 53,24.268,26.1,10.8,30.9,24.1,42.7,2026.0,Pontifical Catholic University of Peru,Peru,2026,THE only,THE record not matched in QS
,,,,,,,,,,814.0,Pontifical Catholic University of Rio de Janeiro (PUC-Rio),Brazil,"11,715",18.4,2%,50 : 50,38.8495,37.1,34.2,38.9,72.8,45.4,2026.0,Pontifical Catholic University of Rio de Janeiro (PUC-Rio),Brazil,2026,THE only,THE record not matched in QS
,,,,,,,,,,1163.0,Pontifical Catholic University of Rio Grande do Sul (PUCRS),Brazil,"13,166",23.8,1%,52 : 48,32.6755,33.6,19.6,40.2,57.8,36.1,2026.0,Pontifical Catholic University of Rio Grande do Sul (PUCRS),Brazil,2026,THE only,THE record not matched in QS
,,,,,,,,,,1622.0,Pontifical Catholic University of Valparaíso,Chile,"18,070",23.2,2%,43 : 57,25.3365,17.4,17.6,33.0,33.8,51.3,2026.0,Pontifical Catholic University of Valparaíso,Chile,2026,THE only,THE record not matched in QS
517,481,Pontificia Universidad Católica Argentina Santa María de los Buenos Aires - UCA,Argentina,Americas,L,FC,MD,Private not for Profit,30.2,,,,,,,,,,,,,,,Pontificia Universidad Católica Argentina Santa María de los Buenos Aires - UCA,Argentina,2026,QS only,QS record not matched in THE
116,93,Pontificia Universidad Católica de Chile,Chile,Americas,L,FC,VH,Private not for Profit,98.0,468.0,Pontificia Universidad Católica de Chile,Chile,"28,373",13.8,6%,,47.212,33.5,38.6,61.9,80.2,58.1,2026.0,Pontificia Universidad Católica de Chile,Chile,2026,QS + THE,Matched
791-800,801-850,Pontificia Universidad Católica de Valparaíso,Chile,Americas,L,CO,VH,Private not for Profit,36.4,,,,,,,,,,,,,,,Pontificia Universidad Católica de Valparaíso,Chile,2026,QS only,QS record not matched in THE
1001-1200,951-1000,Pontificia Universidad Catolica del Ecuador,Ecuador,Americas,L,FO,HI,Private not for Profit,24.4,1993.0,Pontificia Universidad Católica del Ecuador,Ecuador,"29,406",19.4,2%,56 : 44,17.941999999999997,14.1,9.3,21.4,16.7,53.3,2026.0,Pontificia Universidad Catolica del Ecuador,Ecuador,2026,QS + THE,Matched
345,359,Pontificia Universidad Católica del Perú (PUCP),Peru,Americas,L,FO,VH,Private not for Profit,63.1,,,,,,,,,,,,,,,Pontificia Universidad Católica del Perú (PUCP),Peru,2026,QS only,QS record not matched in THE
1401+,1201-1400,Pontificia Universidad Catolica Madre y Maestra (PUCMM),Dominican Republic,Americas,L,FC,LO,Private not for Profit,6.0,,,,,,,,,,,,,,,Pontificia Universidad Catolica Madre y Maestra (PUCMM),Dominican Republic,2026,QS only,QS record not matched in THE
371,377,Pontificia Universidad Javeriana,Colombia,Americas,L,FC,HI,Private not for Profit,60.5,1722.0,Pontificia Universidad Javeriana,Colombia,"29,088",14.2,1%,56 : 44,23.7355,21.1,13.0,31.8,24.4,43.0,2026.0,Pontificia Universidad Javeriana,Colombia,2026,QS + THE,Matched
1001-1200,1001-1200,Pontificia Universidade Católica de São Paulo (PUC -SP),Brazil,Americas,M,FC,MD,Private not for Profit,13.2,,,,,,,,,,,,,,,Pontificia Universidade Católica de São Paulo (PUC -SP),Brazil,2026,QS only,QS record not matched in THE
,,,,,,,,,,1443.0,Pontifícia Universidade Católica do Paraná,Brazil,"11,606",12.7,1%,54 : 46,28.1885,26.3,13.1,40.6,52.4,31.4,2026.0,Pontifícia Universidade Católica do Paraná,Brazil,2026,THE only,THE record not matched in QS
571,611-620,Pontificia Universidade Católica do Rio de Janeiro (PUC - Rio),Brazil,Americas,M,CO,VH,Private not for Profit,42.5,,,,,,,,,,,,,,,Pontificia Universidade Católica do Rio de Janeiro (PUC - Rio),Brazil,2026,QS only,QS record not matched in THE
1201-1400,1201-1400,Pontificia Universidade Católica do Rio Grande do Sul,Brazil,Americas,M,FC,HI,Private not for Profit,8.7,,,,,,,,,,,,,,,Pontificia Universidade Católica do Rio Grande do Sul,Brazil,2026,QS only,QS record not matched in THE
,,,,,,,,,,1314.0,Port Said University,Egypt,"31,634",33.5,1%,55 : 45,30.1635,13.3,10.3,61.4,29.7,48.6,2026.0,Port Said University,Egypt,2026,THE only,THE record not matched in QS
1201-1400,1201-1400,Portland State University,United States of America,Americas,L,CO,VH,Public,4.9,985.0,Portland State University,United States,"16,947",21.0,6%,57 : 43,35.77,22.3,24.5,56.7,55.1,38.3,2026.0,Portland State University,United States,2026,QS + THE,Matched
1001-1200,851-900,Poznan University of Life Sciences,Poland,Europe,M,FO,VH,Public,6.6,1495.0,Poznań University of Life Sciences,Poland,"5,626",7.7,8%,59 : 41,27.3065,26.5,12.8,41.0,30.3,30.2,2026.0,Poznan University of Life Sciences,Poland,2026,QS + THE,Matched
,,,,,,,,,,1214.0,Poznan University of Medical Sciences,Poland,"7,512",5.7,10%,73 : 27,31.908,31.1,14.3,47.8,44.1,33.1,2026.0,Poznan University of Medical Sciences,Poland,2026,THE only,THE record not matched in QS
1001-1200,1001-1200,Poznan University of Technology,Poland,Europe,L,FO,VH,Public,10.9,1551.0,Poznan University of Technology,Poland,"13,680",11.0,8%,31 : 69,26.2995,25.7,14.0,34.7,47.7,31.2,2026.0,Poznan University of Technology,Poland,2026,QS + THE,Matched
1201-1400,,Pratt Institute,United States of America,Americas,M,FO,HI,Private not for Profit,6.9,,,,,,,,,,,,,,,Pratt Institute,United States,2026,QS only,QS record not matched in THE
,,,,,,,,,,1951.0,Presidency University,India,"17,979",18.0,0%,34 : 66,18.7885,17.1,7.6,31.1,18.5,19.6,2026.0,Presidency University,India,2026,THE only,THE record not matched in QS
436,513,Prince Mohammad Bin Fahd University,Saudi Arabia,Asia,S,SP,VH,Private not for Profit,22.5,352.0,Prince Mohammad Bin Fahd University,Saudi Arabia,"2,470",10.8,17%,47 : 53,51.6155,32.0,33.3,78.5,56.4,89.5,2026.0,Prince Mohammad Bin Fahd University,Saudi Arabia,2026,QS + THE,Matched
851-900,951-1000,Prince of Songkla University,Thailand,Asia,XL,FC,HI,Public,32.4,1399.0,Prince of Songkla University,Thailand,"33,623",13.1,2%,68 : 32,28.6325,24.3,16.0,39.4,51.6,39.2,2026.0,Prince of Songkla University,Thailand,2026,QS + THE,Matched
721-730,,Prince Sattam Bin Abdulaziz University,Saudi Arabia,Asia,L,FO,VH,Public,6.4,440.0,Prince Sattam Bin Abdulaziz University,Saudi Arabia,"24,820",10.8,6%,67 : 33,48.37049999999999,25.4,28.8,80.8,57.7,79.7,2026.0,Prince Sattam Bin Abdulaziz University,Saudi Arabia,2026,QS + THE,Matched
535,681-690,Prince Sultan University,Saudi Arabia,Asia,S,SP,VH,Private not for Profit,10.6,390.0,Prince Sultan University (PSU),Saudi Arabia,"5,837",18.0,8%,54 : 46,50.1375,19.2,29.6,92.2,51.8,82.1,2026.0,Prince Sultan University,Saudi Arabia,2026,QS + THE,Matched
731-740,681-690,Princess Nourah bint Abdulrahman University,Saudi Arabia,Asia,L,CO,VH,Public,18.3,504.0,Princess Nourah bint Abdulrahman University,Saudi Arabia,"20,015",11.0,12%,100 : 0,46.2145,29.3,21.8,78.5,33.1,85.0,2026.0,Princess Nourah bint Abdulrahman University,Saudi Arabia,2026,QS + THE,Matched
901-950,901-950,Princess Sumaya University for Technology,Jordan,Asia,S,SP,HI,Private not for Profit,11.0,,,,,,,,,,,,,,,Princess Sumaya University for Technology,Jordan,2026,QS only,QS record not matched in THE
25,22,Princeton University,United States of America,Americas,M,CO,VH,Private not for Profit,100.0,3.0,Princeton University,United States,"8,739",8.2,23%,47 : 53,97.211,98.2,97.3,99.0,98.0,85.4,2026.0,Princeton University,United States,2026,QS + THE,Matched
,,,,,,,,,,2038.0,Privolzhsky Research Medical University,Russian Federation,"5,990",8.3,34%,65 : 35,16.961000000000002,25.8,12.3,5.9,19.7,43.0,2026.0,Privolzhsky Research Medical University,Russian Federation,2026,THE only,THE record not matched in QS
,,,,,,,,,,1911.0,PSG College of Technology,India,"7,957",14.0,0%,37 : 63,19.602,21.5,9.8,25.1,37.5,18.5,2026.0,PSG College of Technology,India,2026,THE only,THE record not matched in QS
28,24,PSL University,France,Europe,L,CO,VH,Public,82.6,,,,,,,,,,,,,,,PSL University,France,2026,QS only,QS record not matched in THE
,,,,,,,,,,1211.0,Public University of Navarre,Spain,"8,824",11.4,9%,52 : 48,31.97,25.5,15.2,49.2,43.3,47.3,2026.0,Public University of Navarre,Spain,2026,THE only,THE record not matched in QS
1201-1400,1201-1400,Pukyong National University,Republic of Korea,Asia,L,CO,VH,Public,9.4,,,,,,,,,,,,,,,Pukyong National University,Republic of Korea,2026,QS only,QS record not matched in THE
,,,,,,,,,,1291.0,Pukyong National University,South Korea,"16,710",18.1,8%,47 : 53,30.481,30.3,20.4,36.1,54.1,35.1,2026.0,Pukyong National University,South Korea,2026,THE only,THE record not matched in QS
88,89,Purdue University,United States of America,Americas,XL,FC,VH,Public,74.3,,,,,,,,,,,,,,,Purdue University,United States,2026,QS only,QS record not matched in THE
,,,,,,,,,,85.0,Purdue University West Lafayette,United States,"43,555",18.5,20%,43 : 57,68.7785,62.1,66.3,73.8,86.3,75.2,2026.0,Purdue University West Lafayette,United States,2026,THE only,THE record not matched in QS
473,524,Pusan National University,Republic of Korea,Asia,L,FC,VH,Public,28.6,,,,,,,,,,,,,,,Pusan National University,Republic of Korea,2026,QS only,QS record not matched in THE
,,,,,,,,,,529.0,Pusan National University,South Korea,"15,331",15.5,14%,53 : 47,45.6805,41.6,39.6,49.1,95.3,45.1,2026.0,Pusan National University,South Korea,2026,THE only,THE record not matched in QS
801-850,781-790,Qassim University,Saudi Arabia,Asia,L,FC,VH,Public,15.5,808.0,Qassim University,Saudi Arabia,"29,826",9.5,11%,45 : 55,38.9425,30.5,19.3,56.2,29.7,84.0,2026.0,Qassim University,Saudi Arabia,2026,QS + THE,Matched
112,122,Qatar University,Qatar,Asia,M,FC,VH,Public,43.3,221.0,Qatar University,Qatar,"9,539",8.2,38%,,57.5885,32.4,38.1,89.1,79.1,94.5,2026.0,Qatar University,Qatar,2026,QS + THE,Matched
,,,,,,,,,,801.0,Qazvin University of Medical Sciences,Iran,"3,196",9.8,3%,55 : 45,39.0375,37.1,11.7,72.3,22.0,28.4,2026.0,Qazvin University of Medical Sciences,Iran,2026,THE only,THE record not matched in QS
,,,,,,,,,,739.0,Qingdao University,China,"42,202",15.6,1%,51 : 49,40.2955,18.4,20.2,83.3,56.8,23.3,2026.0,Qingdao University,China,2026,THE only,THE record not matched in QS
,,,,,,,,,,1504.0,Qom University of Medical Sciences,Iran,"2,793",10.3,5%,56 : 44,27.225,35.8,11.5,34.7,24.6,25.8,2026.0,Qom University of Medical Sciences,Iran,2026,THE only,THE record not matched in QS
354,315,Quaid-i-azam University,Pakistan,Asia,M,CO,VH,Public,24.0,484.0,Quaid-i-Azam University,Pakistan,"12,431",20.9,2%,46 : 54,46.8425,28.8,24.5,84.7,40.6,56.1,2026.0,Quaid-i-azam University,Pakistan,2026,QS + THE,Matched
1201-1400,951-1000,"Queen Margaret University , Edinburgh",United Kingdom,Europe,M,FO,HI,Public,4.3,,,,,,,,,,,,,,,"Queen Margaret University , Edinburgh",United Kingdom,2026,QS only,QS record not matched in THE
110,120,Queen Mary University of London (QMUL),United Kingdom,Europe,L,FC,VH,Public,63.6,137.0,Queen Mary University of London,United Kingdom,"25,135",14.3,46%,53 : 47,62.853,38.7,42.6,95.7,76.5,97.5,2026.0,Queen Mary University of London (QMUL),United Kingdom,2026,QS + THE,Matched
199,206,Queen's University Belfast,United Kingdom,Europe,L,FC,VH,Public,49.6,,,,,,,,,,,,,,,Queen's University Belfast,United Kingdom,2026,QS only,QS record not matched in THE
191,193,"Queen's University, Ontario",Canada,Americas,L,FC,VH,Public,50.9,,,,,,,,,,,,,,,"Queen's University, Ontario",Canada,2026,QS only,QS record not matched in THE
,,,,,,,,,,304.0,Queen’s University,Canada,"28,400",26.3,16%,58 : 42,54.16400000000001,37.9,37.6,77.4,84.8,72.9,2026.0,Queen’s University,Canada,2026,THE only,THE record not matched in QS
,,,,,,,,,,200.0,Queen’s University Belfast,United Kingdom,"21,900",17.0,49%,58 : 42,58.785,34.7,38.4,90.8,70.0,98.3,2026.0,Queen’s University Belfast,United Kingdom,2026,THE only,THE record not matched in QS
226,213,Queensland University of Technology,Australia,Oceania,XL,CO,VH,Public,51.6,210.0,Queensland University of Technology,Australia,"33,182",36.8,18%,53 : 47,57.9975,33.0,40.4,89.6,88.1,81.9,2026.0,Queensland University of Technology,Australia,2026,QS + THE,Matched
,,,,,,,,,,1820.0,R V College of Engineering,India,"6,140",17.8,0%,27 : 73,21.753,28.9,10.9,25.2,30.6,17.1,2026.0,R V College of Engineering,India,2026,THE only,THE record not matched in QS
279,272,Radboud University Nijmegen,Netherlands,Europe,L,FC,VH,Public,38.6,155.0,Radboud University Nijmegen,Netherlands,"23,615",16.1,13%,58 : 42,61.537,38.5,49.7,89.3,82.1,75.9,2026.0,Radboud University Nijmegen,Netherlands,2026,QS + THE,Matched
,,,,,,,,,,829.0,Rafsanjan University of Medical Sciences,Iran,"2,169",10.3,0%,59 : 41,38.337,41.7,12.2,66.4,20.0,23.7,2026.0,Rafsanjan University of Medical Sciences,Iran,2026,THE only,THE record not matched in QS
1401+,,Rajshahi University of Engineering and Technology,Bangladesh,Asia,M,SP,HI,,6.9,,,,,,,,,,,,,,,Rajshahi University of Engineering and Technology,Bangladesh,2026,QS only,QS record not matched in THE
,,,,,,,,,,1522.0,Razi University,Iran,"11,378",17.6,4%,59 : 41,26.9715,27.1,14.7,35.7,46.1,28.8,2026.0,Razi University,Iran,2026,THE only,THE record not matched in QS
,,,,,,,,,,288.0,RCSI University of Medicine and Health Sciences,Ireland,"2,839",23.9,68%,,54.854,32.2,37.0,82.1,78.5,91.4,2026.0,RCSI University of Medicine and Health Sciences,Ireland,2026,THE only,THE record not matched in QS
,,,,,,,,,,1569.0,Recep Tayyip Erdoğan University,Turkey,"11,544",14.6,4%,,25.977,20.5,12.4,44.2,30.9,24.5,2026.0,Recep Tayyip Erdoğan University,Turkey,2026,THE only,THE record not matched in QS
,,,,,,,,,,2176.0,Regional Autonomous University of the Andes (UNIANDES),Ecuador,"6,696",12.3,1%,61 : 39,13.155999999999995,20.7,10.5,5.0,16.3,24.7,2026.0,Regional Autonomous University of the Andes (UNIANDES),Ecuador,2026,THE only,THE record not matched in QS
,,,,,,,,,,999.0,Reichman University,Israel,"7,795",32.3,25%,55 : 45,35.501,15.0,18.7,65.1,46.2,57.0,2026.0,Reichman University,Israel,2026,THE only,THE record not matched in QS
566,621-630,Renmin (People’s) University of China,China (Mainland),Asia,L,FO,VH,Public,29.7,,,,,,,,,,,,,,,Renmin (People’s) University of China,China (Mainland),2026,QS only,QS record not matched in THE
695,601-610,Rensselaer Polytechnic Institute,United States of America,Americas,M,CO,VH,Private not for Profit,10.2,517.0,Rensselaer Polytechnic Institute,United States,"6,873",14.6,16%,31 : 69,45.8455,38.9,27.9,58.1,85.1,72.6,2026.0,Rensselaer Polytechnic Institute,United States,2026,QS + THE,Matched
,,,,,,,,,,1458.0,Reshetnev Siberian State University of Science and Technology,Russian Federation,"9,412",11.3,4%,34 : 66,27.9545,21.1,9.2,53.0,37.8,22.0,2026.0,Reshetnev Siberian State University of Science and Technology,Russian Federation,2026,THE only,THE record not matched in QS
,,,,,,,,,,1794.0,REVA University,India,"15,628",17.4,2%,37 : 63,22.3675,16.9,8.5,41.3,19.3,23.4,2026.0,REVA University,India,2026,THE only,THE record not matched in QS
,,,,,,,,,,859.0,Reykjavík University,Iceland,"2,851",21.5,6%,45 : 55,37.835,18.8,25.9,62.5,33.7,62.4,2026.0,Reykjavík University,Iceland,2026,THE only,THE record not matched in QS
105,99,Rheinisch-Westfälische Technische Hochschule Aachen,Germany,Europe,L,FC,VH,Public,57.7,,,,,,,,,,,,,,,Rheinisch-Westfälische Technische Hochschule Aachen,Germany,2026,QS only,QS record not matched in THE
207,227,Rheinische Friedrich-Wilhelms-Universität Bonn,Germany,Europe,L,FC,VH,Public,67.7,,,,,,,,,,,,,,,Rheinische Friedrich-Wilhelms-Universität Bonn,Germany,2026,QS only,QS record not matched in THE
1001-1200,951-1000,Rhodes University,South Africa,Africa,M,FO,VH,Public,8.0,,,,,,,,,,,,,,,Rhodes University,South Africa,2026,QS only,QS record not matched in THE
119,141,Rice University,United States of America,Americas,M,CO,VH,Private not for Profit,50.6,103.0,Rice University,United States,"8,223",10.3,31%,43 : 57,65.8395,56.7,46.8,88.1,72.9,82.6,2026.0,Rice University,United States,2026,QS + THE,Matched
1001-1200,951-1000,Riga Stradins University,Latvia,Europe,M,SP,HI,Public,7.4,1460.0,Riga Stradiņš University,Latvia,"8,229",24.6,35%,75 : 25,27.9335,18.5,16.9,39.1,25.0,64.6,2026.0,Riga Stradins University,Latvia,2026,QS + THE,Matched
761-770,721-730,Riga Technical University,Latvia,Europe,M,CO,VH,Public,12.6,1174.0,Riga Technical University,Latvia,"10,472",31.7,33%,35 : 65,32.5725,27.1,25.3,33.6,56.4,65.4,2026.0,Riga Technical University,Latvia,2026,QS + THE,Matched
1401+,1201-1400,Rikkyo University,Japan,Asia,L,FO,HI,Private for Profit,5.5,1597.0,Rikkyo University,Japan,"19,644",14.7,5%,56 : 44,25.6275,18.5,9.6,41.0,21.4,56.4,2026.0,Rikkyo University,Japan,2026,QS + THE,Matched
1201-1400,,Riphah International University,Pakistan,Asia,L,CO,HI,Private not for Profit,13.8,1038.0,Riphah International University,Pakistan,"26,970",11.9,0%,58 : 42,34.8055,20.0,10.4,71.2,17.8,50.9,2026.0,Riphah International University,Pakistan,2026,QS + THE,Matched
1001-1200,901-950,Ritsumeikan Asia Pacific University,Japan,Asia,M,SP,LO,Private for Profit,8.3,,,,,,,,,,,,,,,Ritsumeikan Asia Pacific University,Japan,2026,QS only,QS record not matched in THE
680,641-650,Ritsumeikan University,Japan,Asia,XL,CO,HI,Private not for Profit,25.7,1617.0,Ritsumeikan University,Japan,"35,919",18.0,10%,37 : 63,25.378,20.7,16.2,28.4,63.4,46.9,2026.0,Ritsumeikan University,Japan,2026,QS + THE,Matched
125,123,RMIT University,Australia,Oceania,XL,CO,VH,Public,55.1,267.0,RMIT University,Australia,"32,309",23.8,38%,49 : 51,55.7425,35.2,36.2,82.5,78.2,93.1,2026.0,RMIT University,Australia,2026,QS + THE,Matched
951-1000,901-950,The Robert Gordon University,United Kingdom,Europe,L,CO,HI,Public,4.0,828.0,Robert Gordon University,United Kingdom,"11,720",22.1,33%,64 : 36,38.43,17.3,13.9,69.9,39.2,90.1,2026.0,The Robert Gordon University,United Kingdom,2026,QS + THE,Matched
951-1000,1001-1200,Rochester Institute of Technology (RIT),United States of America,Americas,L,CO,VH,Private not for Profit,10.0,791.0,Rochester Institute of Technology,United States,"14,881",16.1,13%,37 : 63,39.33749999999999,24.2,22.6,65.5,62.3,46.7,2026.0,Rochester Institute of Technology (RIT),United States,2026,QS + THE,Matched
,,,,,,,,,,479.0,Roskilde University,Denmark,"5,248",14.0,17%,66 : 34,46.968,25.9,34.1,74.6,73.9,54.7,2026.0,Roskilde University,Denmark,2026,THE only,THE record not matched in QS
771-780,731-740,Rovira i Virgili University,Spain,Europe,L,FC,VH,Public,9.5,714.0,Rovira i Virgili University,Spain,"14,226",13.2,12%,60 : 40,40.968,28.2,25.1,62.5,57.5,57.6,2026.0,Rovira i Virgili University,Spain,2026,QS + THE,Matched
,,,,,,,,,,1273.0,Rowan University,United States,"17,484",13.3,6%,50 : 50,30.759,29.6,13.2,45.3,40.6,39.8,2026.0,Rowan University,United States,2026,THE only,THE record not matched in QS
461,477,Royal Holloway University of London,United Kingdom,Europe,L,CO,VH,Public,22.8,420.0,"Royal Holloway, University of London",United Kingdom,"12,155",15.9,33%,57 : 43,49.111,32.3,28.9,72.2,65.1,92.5,2026.0,Royal Holloway University of London,United Kingdom,2026,QS + THE,Matched
,,,,,,,,,,557.0,Royal Veterinary College,United Kingdom,"2,305",11.0,40%,81 : 19,45.0565,31.9,21.5,66.2,64.4,93.0,2026.0,Royal Veterinary College,United Kingdom,2026,THE only,THE record not matched in QS
,,,,,,,,,,599.0,RPTU University Kaiserslautern-Landau,Germany,"10,796",22.4,14%,49 : 51,43.661,36.1,30.9,56.3,83.2,51.1,2026.0,RPTU University Kaiserslautern-Landau,Germany,2026,THE only,THE record not matched in QS
367,316,RUDN University,Russian Federation,Europe,XL,FC,VH,Public,28.4,825.0,RUDN University,Russian Federation,"27,303",17.8,34%,59 : 41,38.509,39.9,27.8,40.2,36.6,68.7,2026.0,RUDN University,Russian Federation,2026,QS + THE,Matched
395,396,Ruhr-Universität Bochum,Germany,Europe,XL,FC,VH,Public,29.1,,,,,,,,,,,,,,,Ruhr-Universität Bochum,Germany,2026,QS only,QS record not matched in THE
,,,,,,,,,,271.0,Ruhr University Bochum,Germany,"30,732",39.4,20%,51 : 49,55.653000000000006,39.9,46.1,72.6,98.9,63.7,2026.0,Ruhr University Bochum,Germany,2026,THE only,THE record not matched in QS
80,84,Ruprecht-Karls-Universität Heidelberg,Germany,Europe,L,FO,VH,Public,87.1,,,,,,,,,,,,,,,Ruprecht-Karls-Universität Heidelberg,Germany,2026,QS only,QS record not matched in THE
,,,,,,,,,,481.0,Rush University,United States,"2,902",2.6,2%,76 : 24,46.88349999999999,44.5,16.4,80.6,63.5,30.4,2026.0,Rush University,United States,2026,THE only,THE record not matched in QS
1201-1400,1001-1200,The Russian Presidential Academy of National Economy and Public Administration,Russian Federation,Europe,XL,FO,VH,Public,5.6,1766.0,Russian Presidential Academy of National Economy and Public Administration,Russian Federation,"21,295",17.1,4%,66 : 34,22.8875,23.9,22.5,21.3,27.3,24.4,2026.0,The Russian Presidential Academy of National Economy and Public Administration,Russian Federation,2026,QS + THE,Matched
,,,,,,,,,,2091.0,Russian State University for the Humanities,Russian Federation,"17,097",19.6,5%,72 : 28,15.7175,15.2,13.9,16.2,16.0,22.7,2026.0,Russian State University for the Humanities,Russian Federation,2026,THE only,THE record not matched in QS
,,,,,,,,,,2127.0,Russian University of Transport (MIIT),Russian Federation,"21,334",24.7,9%,44 : 56,14.7245,18.1,12.1,8.0,37.4,26.4,2026.0,Russian University of Transport (MIIT),Russian Federation,2026,THE only,THE record not matched in QS
328,328,Rutgers University – New Brunswick,United States of America,Americas,XL,CO,VH,Public,47.7,,,,,,,,,,,,,,,Rutgers University – New Brunswick,United States,2026,QS only,QS record not matched in THE
771-780,801-850,Rutgers University - Newark,United States of America,Americas,M,CO,VH,Public,13.7,,,,,,,,,,,,,,,Rutgers University - Newark,United States,2026,QS only,QS record not matched in THE
,,,,,,,,,,322.0,Rutgers University–New Brunswick,United States,"46,825",11.3,16%,53 : 47,53.14849999999999,45.3,31.4,78.4,69.1,58.6,2026.0,Rutgers University–New Brunswick,United States,2026,THE only,THE record not matched in QS
,,,,,,,,,,92.0,RWTH Aachen University,Germany,"27,662",35.1,33%,35 : 65,66.74799999999999,54.9,63.0,76.7,100.0,70.3,2026.0,RWTH Aachen University,Germany,2026,THE only,THE record not matched in QS
,,,,,,,,,,2080.0,Ryukoku University,Japan,"15,132",26.8,3%,36 : 64,15.9485,15.9,10.5,16.2,24.2,31.8,2026.0,Ryukoku University,Japan,2026,THE only,THE record not matched in QS
,,,,,,,,,,1980.0,Rzeszów University of Technology,Poland,"10,790",12.0,1%,44 : 56,18.276,20.1,8.3,23.4,24.8,25.7,2026.0,Rzeszów University of Technology,Poland,2026,THE only,THE record not matched in QS
,,,,,,,,,,522.0,Saarland University,Germany,"16,434",9.6,21%,52 : 48,45.74349999999999,32.5,19.2,73.1,68.7,78.8,2026.0,Saarland University,Germany,2026,THE only,THE record not matched in QS
,,,,,,,,,,393.0,Sabancı University,Turkey,"3,752",19.5,12%,36 : 64,50.117,33.0,38.8,67.5,99.0,65.6,2026.0,Sabancı University,Turkey,2026,THE only,THE record not matched in QS
404,516,Sabanci University,Türkiye,Asia,S,CO,VH,Private not for Profit,26.5,,,,,,,,,,,,,,,Sabanci University,Türkiye,2026,QS only,QS record not matched in THE
,,,,,,,,,,1513.0,Sabzevar University of Medical Sciences,Iran,"2,226",7.0,1%,56 : 44,27.129,24.4,9.7,48.4,17.7,25.2,2026.0,Sabzevar University of Medical Sciences,Iran,2026,THE only,THE record not matched in QS
,,,,,,,,,,1698.0,Saga University,Japan,"6,403",9.6,2%,42 : 58,24.092,25.4,14.7,25.4,66.9,27.2,2026.0,Saga University,Japan,2026,THE only,THE record not matched in QS
,,,,,,,,,,1247.0,Sahand University of Technology,Iran,"6,325",28.6,12%,43 : 57,31.354,28.8,13.6,47.9,47.6,35.2,2026.0,Sahand University of Technology,Iran,2026,THE only,THE record not matched in QS
618,711-720,Saint Joseph University of Beirut (USJ),Lebanon,Asia,M,FC,HI,Private not for Profit,13.4,,,,,,,,,,,,,,,Saint Joseph University of Beirut (USJ),Lebanon,2026,QS only,QS record not matched in THE
951-1000,951-1000,Saint Louis University,United States of America,Americas,L,CO,VH,Private not for Profit,5.7,503.0,Saint Louis University,United States,"11,556",7.5,11%,60 : 40,46.2425,43.8,17.7,73.5,64.4,47.5,2026.0,Saint Louis University,United States,2026,QS + THE,Matched
1201-1400,1001-1200,Saint-Petersburg Electrotechnical University LETI,Russian Federation,Europe,M,FO,VH,Public,4.8,,,,,,,,,,,,,,,Saint-Petersburg Electrotechnical University LETI,Russian Federation,2026,QS only,QS record not matched in THE
1001-1200,1001-1200,Saint-Petersburg Mining University,Russian Federation,Europe,M,FO,VH,Public,3.1,,,,,,,,,,,,,,,Saint-Petersburg Mining University,Russian Federation,2026,QS only,QS record not matched in THE
,,,,,,,,,,2055.0,Saint Petersburg State Pediatric Medical University,Russian Federation,"6,843",11.6,18%,67 : 33,16.54,25.6,11.2,8.0,17.5,35.2,2026.0,Saint Petersburg State Pediatric Medical University,Russian Federation,2026,THE only,THE record not matched in QS
375,365,Saint Petersburg State University,Russian Federation,Europe,L,FC,VH,Public,42.2,,,,,,,,,,,,,,,Saint Petersburg State University,Russian Federation,2026,QS only,QS record not matched in THE
,,,,,,,,,,1860.0,Saints Cyril and Methodius University in Skopje,North Macedonia,"26,028",12.2,0%,57 : 43,21.0005,21.3,10.2,23.9,32.6,43.8,2026.0,Saints Cyril and Methodius University in Skopje,North Macedonia,2026,THE only,THE record not matched in QS
,,,,,,,,,,1512.0,Saitama Medical University,Japan,"1,904",1.3,0%,49 : 51,27.131500000000003,27.0,10.8,42.7,44.8,19.1,2026.0,Saitama Medical University,Japan,2026,THE only,THE record not matched in QS
,,,,,,,,,,1738.0,Saitama University,Japan,"8,341",16.0,6%,32 : 68,23.5075,21.8,18.9,21.3,57.2,38.9,2026.0,Saitama University,Japan,2026,THE only,THE record not matched in QS
,,,,,,,,,,1383.0,Sakarya University,Turkey,"41,615",36.6,9%,52 : 48,28.901,21.8,13.8,49.7,26.7,33.2,2026.0,Sakarya University,Turkey,2026,THE only,THE record not matched in QS
1401+,1401+,Sakarya University,Türkiye,Asia,XL,FC,HI,Public,5.9,,,,,,,,,,,,,,,Sakarya University,Türkiye,2026,QS only,QS record not matched in THE
,,,,,,,,,,1886.0,Sakarya University of Applied Sciences,Turkey,"11,118",30.2,26%,31 : 69,20.412,13.2,9.8,32.7,16.4,42.8,2026.0,Sakarya University of Applied Sciences,Turkey,2026,THE only,THE record not matched in QS
1201-1400,1201-1400,Saken Seifullin Kazakh Agrotechnical University,Kazakhstan,Asia,M,FO,HI,Private not for Profit,10.2,,,,,,,,,,,,,,,Saken Seifullin Kazakh Agrotechnical University,Kazakhstan,2026,QS only,QS record not matched in THE
,,,,,,,,,,1309.0,Salahaddin University–Erbil,Iraq,"26,525",10.5,1%,54 : 46,30.2475,23.4,8.3,60.1,17.0,29.7,2026.0,Salahaddin University–Erbil,Iraq,2026,THE only,THE record not matched in QS
1201-1400,1001-1200,Samara National Research University (Samara University),Russian Federation,Europe,M,CO,VH,Public,4.0,1872.0,Samara National Research University (Samara University),Russian Federation,"9,427",10.4,10%,46 : 54,20.6815,27.1,14.1,16.2,34.2,31.6,2026.0,Samara National Research University (Samara University),Russian Federation,2026,QS + THE,Matched
,,,,,,,,,,1846.0,Samara State Medical University,Russian Federation,"8,007",9.3,12%,59 : 41,21.227,42.8,10.7,6.0,33.2,31.6,2026.0,Samara State Medical University,Russian Federation,2026,THE only,THE record not matched in QS
,,,,,,,,,,2167.0,Samara State Technical University,Russian Federation,"13,464",16.3,5%,35 : 65,13.5395,17.0,10.5,8.3,33.3,22.1,2026.0,Samara State Technical University,Russian Federation,2026,THE only,THE record not matched in QS
1001-1200,,Samarkand State University,Uzbekistan,Asia,L,CO,MD,Public,23.7,,,,,,,,,,,,,,,Samarkand State University,Uzbekistan,2026,QS only,QS record not matched in THE
1001-1200,1001-1200,San Diego State University,United States of America,Americas,XL,CO,VH,Public,7.9,1179.0,San Diego State University,United States,"33,402",25.5,4%,59 : 41,32.4725,22.9,12.8,57.2,57.0,34.2,2026.0,San Diego State University,United States,2026,QS + THE,Matched
1401+,1201-1400,San Francisco State University,United States of America,Americas,L,CO,HI,,5.2,,,,,,,,,,,,,,,San Francisco State University,United States,2026,QS only,QS record not matched in THE
,,,,,,,,,,231.0,Sant’Anna School of Advanced Studies – Pisa,Italy,807,6.4,20%,43 : 57,57.17399999999999,50.2,38.3,77.5,93.7,56.8,2026.0,Sant’Anna School of Advanced Studies – Pisa,Italy,2026,THE only,THE record not matched in QS
128,132,Sapienza University of Rome,Italy,Europe,XL,FC,VH,Public,90.7,172.0,Sapienza University of Rome,Italy,"60,428",27.3,7%,61 : 39,60.651,55.9,53.5,73.4,85.2,42.9,2026.0,Sapienza University of Rome,Italy,2026,QS + THE,Matched
,,,,,,,,,,1430.0,Sapporo Medical University,Japan,"1,307",3.3,0%,45 : 55,28.319,31.4,13.4,38.3,57.5,18.4,2026.0,Sapporo Medical University,Japan,2026,THE only,THE record not matched in QS
,,,,,,,,,,1464.0,SASTRA University,India,"11,847",13.9,0%,51 : 49,27.891,27.6,11.0,42.8,41.6,27.4,2026.0,SASTRA University,India,2026,THE only,THE record not matched in QS
331,405,Satbayev University (previously Kazakh Technical University named after K.I. Satpaev),Kazakhstan,Asia,M,FO,VH,Public,40.6,1644.0,Satbayev University,Kazakhstan,"8,346",11.2,17%,55 : 45,25.034,26.7,14.7,19.3,32.3,77.5,2026.0,Satbayev University (previously Kazakh Technical University named after K.I. Satpaev),Kazakhstan,2026,QS + THE,Matched
1201-1400,1201-1400,Sathyabama Institute of Science and Technology,India,Asia,L,CO,VH,Private not for Profit,11.0,1330.0,Sathyabama Institute of Science and Technology,India,"17,560",12.5,4%,49 : 51,29.8435,30.9,10.7,48.6,24.0,27.8,2026.0,Sathyabama Institute of Science and Technology,India,2026,QS + THE,Matched
,,,,,,,,,,1210.0,Saudi Electronic University,Saudi Arabia,"32,325",36.4,8%,46 : 54,31.98,10.6,9.6,65.4,19.1,75.8,2026.0,Saudi Electronic University,Saudi Arabia,2026,THE only,THE record not matched in QS
901-950,951-1000,Saveetha Institute of Medical And Technical Sciences (SIMATS),India,Asia,L,FO,VH,Private not for Profit,8.9,372.0,Saveetha Institute of Medical and Technical Sciences,India,"15,494",9.7,6%,52 : 48,50.7375,37.9,18.4,93.4,20.4,71.8,2026.0,Saveetha Institute of Medical And Technical Sciences (SIMATS),India,2026,QS + THE,Matched
566,631-640,Savitribai Phule Pune University,India,Asia,M,CO,VH,Public,11.1,969.0,Savitribai Phule Pune University,India,"6,043",12.2,2%,46 : 54,36.044,40.9,13.3,56.2,37.1,23.7,2026.0,Savitribai Phule Pune University,India,2026,QS + THE,Matched
,,,,,,,,,,612.0,Sciences Po,France,"14,675",49.1,41%,64 : 36,43.403000000000006,30.1,24.8,67.9,18.6,82.9,2026.0,Sciences Po,France,2026,THE only,THE record not matched in QS
367,350,Sciences Po Paris,France,Europe,L,SP,VH,Public,24.6,,,,,,,,,,,,,,,Sciences Po Paris,France,2026,QS only,QS record not matched in THE
,,,,,,,,,,138.0,Scuola Normale Superiore di Pisa,Italy,700,8.8,11%,30 : 70,62.7635,58.6,46.9,86.4,37.7,59.3,2026.0,Scuola Normale Superiore di Pisa,Italy,2026,THE only,THE record not matched in QS
1201-1400,1201-1400,Seattle University,United States of America,Americas,M,CO,HI,Private not for Profit,6.6,,,,,,,,,,,,,,,Seattle University,United States,2026,QS only,QS record not matched in THE
1001-1200,1001-1200,Sebelas Maret University,Indonesia,Asia,XL,FC,HI,Public,21.2,,,,,,,,,,,,,,,Sebelas Maret University,Indonesia,2026,QS only,QS record not matched in THE
,,,,,,,,,,1120.0,Sechenov University,Russian Federation,"21,906",11.3,23%,65 : 35,33.3605,30.2,19.4,43.6,40.7,54.9,2026.0,Sechenov University,Russian Federation,2026,THE only,THE record not matched in QS
,,,,,,,,,,1441.0,Sefako Makgatho Health Sciences University,South Africa,"5,570",7.1,2%,65 : 35,28.217,26.0,11.1,42.7,19.2,50.0,2026.0,Sefako Makgatho Health Sciences University,South Africa,2026,THE only,THE record not matched in QS
731-740,,SEGi University,Malaysia,Asia,M,FO,HI,Private for Profit,6.7,,,,,,,,,,,,,,,SEGi University,Malaysia,2026,QS only,QS record not matched in THE
392,396,Sejong University,Republic of Korea,Asia,L,CO,VH,Private not for Profit,16.3,,,,,,,,,,,,,,,Sejong University,Republic of Korea,2026,QS only,QS record not matched in THE
,,,,,,,,,,269.0,Sejong University,South Korea,"13,684",20.9,16%,46 : 54,55.719,33.6,33.6,92.6,83.7,65.8,2026.0,Sejong University,South Korea,2026,THE only,THE record not matched in QS
,,,,,,,,,,1148.0,Selçuk University,Turkey,"29,826",21.4,8%,51 : 49,32.9165,32.1,23.7,37.9,67.1,33.6,2026.0,Selçuk University,Turkey,2026,THE only,THE record not matched in QS
1201-1400,,Selcuk University,Türkiye,Asia,L,CO,VH,Public,7.5,,,,,,,,,,,,,,,Selcuk University,Türkiye,2026,QS only,QS record not matched in THE
,,,,,,,,,,273.0,Semmelweis University,Hungary,"9,774",12.5,45%,69 : 31,55.5365,45.4,28.8,83.5,75.1,76.5,2026.0,Semmelweis University,Hungary,2026,THE only,THE record not matched in QS
,,,,,,,,,,1139.0,Semnan University,Iran,"15,754",28.9,6%,53 : 47,33.0375,27.2,17.3,52.2,48.6,31.9,2026.0,Semnan University,Iran,2026,THE only,THE record not matched in QS
38,31,Seoul National University,Republic of Korea,Asia,L,FC,VH,Public,99.7,,,,,,,,,,,,,,,Seoul National University,Republic of Korea,2026,QS only,QS record not matched in THE
,,,,,,,,,,59.0,Seoul National University,South Korea,"26,783",15.3,16%,,74.094,74.1,74.8,77.6,100.0,43.5,2026.0,Seoul National University,South Korea,2026,THE only,THE record not matched in QS
1001-1200,1201-1400,Seoul National University of Science and Technology,Republic of Korea,Asia,M,FO,VH,Public,10.5,,,,,,,,,,,,,,,Seoul National University of Science and Technology,Republic of Korea,2026,QS only,QS record not matched in THE
,,,,,,,,,,1297.0,Seoul National University of Science and Technology (SeoulTech),South Korea,"8,106",11.8,13%,38 : 62,30.4305,30.3,21.7,35.1,52.6,34.2,2026.0,Seoul National University of Science and Technology (SeoulTech),South Korea,2026,THE only,THE record not matched in QS
,,,,,,,,,,1525.0,SGH Warsaw School of Economics,Poland,"7,993",14.8,14%,48 : 52,26.901,25.3,21.6,31.8,16.4,39.7,2026.0,SGH Warsaw School of Economics,Poland,2026,THE only,THE record not matched in QS
,,,,,,,,,,1800.0,Shahed University,Iran,"6,402",15.1,0%,47 : 53,22.275,26.0,13.1,26.6,32.4,20.4,2026.0,Shahed University,Iran,2026,THE only,THE record not matched in QS
,,,,,,,,,,1433.0,Shahid Bahonar University of Kerman,Iran,"13,683",22.7,2%,60 : 40,28.3025,19.1,13.8,50.4,32.4,30.0,2026.0,Shahid Bahonar University of Kerman,Iran,2026,THE only,THE record not matched in QS
,,,,,,,,,,945.0,Shahid Beheshti University,Iran,"23,882",19.0,2%,60 : 40,36.425,32.5,23.1,49.9,70.9,31.1,2026.0,Shahid Beheshti University,Iran,2026,THE only,THE record not matched in QS
741-750,851-900,Shahid Beheshti University (SBU),Iran (Islamic Republic of),Asia,L,FO,VH,Public,11.8,,,,,,,,,,,,,,,Shahid Beheshti University (SBU),Iran (Islamic Republic of),2026,QS only,QS record not matched in THE
,,,,,,,,,,735.0,Shahid Beheshti University of Medical Sciences,Iran,"12,165",7.9,6%,55 : 45,40.334,45.0,20.4,52.8,73.7,31.4,2026.0,Shahid Beheshti University of Medical Sciences,Iran,2026,THE only,THE record not matched in QS
,,,,,,,,,,1413.0,Shahid Chamran University of Ahvaz,Iran,"13,351",22.4,2%,57 : 43,28.508,29.4,11.0,42.0,47.5,28.6,2026.0,Shahid Chamran University of Ahvaz,Iran,2026,THE only,THE record not matched in QS
,,,,,,,,,,1517.0,Shahid Sadoughi University of Medical Sciences,Iran,"5,717",10.5,3%,56 : 44,27.0475,41.5,11.1,30.1,20.4,23.2,2026.0,Shahid Sadoughi University of Medical Sciences,Iran,2026,THE only,THE record not matched in QS
,,,,,,,,,,1414.0,Shahrekord University,Iran,"7,567",20.1,4%,53 : 47,28.5035,24.0,13.4,48.8,20.5,27.7,2026.0,Shahrekord University,Iran,2026,THE only,THE record not matched in QS
,,,,,,,,,,933.0,Shahrekord University of Medical Sciences,Iran,"3,423",11.4,2%,58 : 42,36.697,33.8,11.2,69.2,20.7,25.2,2026.0,Shahrekord University of Medical Sciences,Iran,2026,THE only,THE record not matched in QS
,,,,,,,,,,1241.0,Shahrood University of Technology,Iran,"9,421",21.8,5%,46 : 54,31.443,29.0,15.5,47.1,28.2,41.8,2026.0,Shahrood University of Technology,Iran,2026,THE only,THE record not matched in QS
,,,,,,,,,,820.0,Shahroud University of Medical Sciences,Iran,"1,709",11.4,0%,34 : 66,38.5915,35.2,13.6,72.1,21.4,23.7,2026.0,Shahroud University of Medical Sciences,Iran,2026,THE only,THE record not matched in QS
1401+,,"Shakarim University of the City of Semey, Kazakhstan",Kazakhstan,Asia,M,CO,MD,Public,10.4,,,,,,,,,,,,,,,"Shakarim University of the City of Semey, Kazakhstan",Kazakhstan,2026,QS only,QS record not matched in THE
,,,,,,,,,,275.0,Shandong University,China,"37,862",12.7,9%,,55.4925,46.4,44.0,72.7,99.3,43.5,2026.0,Shandong University,China,2026,THE only,THE record not matched in QS
339,316,Shandong University,China (Mainland),Asia,XL,FC,VH,Public,22.8,,,,,,,,,,,,,,,Shandong University,China (Mainland),2026,QS only,QS record not matched in THE
1201-1400,1201-1400,Shanghai International Studies University,China (Mainland),Asia,L,SP,VH,Public,7.2,,,,,,,,,,,,,,,Shanghai International Studies University,China (Mainland),2026,QS only,QS record not matched in THE
,,,,,,,,,,40.0,Shanghai Jiao Tong University,China,"41,507",12.5,11%,36 : 64,77.5695,75.4,79.1,80.2,100.0,57.7,2026.0,Shanghai Jiao Tong University,China,2026,THE only,THE record not matched in QS
47,45,Shanghai Jiao Tong University,China (Mainland),Asia,XL,FC,VH,Public,92.7,,,,,,,,,,,,,,,Shanghai Jiao Tong University,China (Mainland),2026,QS only,QS record not matched in THE
,,,,,,,,,,1077.0,Shanghai Normal University,China,"30,111",14.1,2%,70 : 30,34.098,32.0,16.6,53.9,40.1,27.6,2026.0,Shanghai Normal University,China,2026,THE only,THE record not matched in QS
1401+,1401+,Shanghai Normal University,China (Mainland),Asia,XL,CO,HI,Public,4.4,,,,,,,,,,,,,,,Shanghai Normal University,China (Mainland),2026,QS only,QS record not matched in THE
,,,,,,,,,,508.0,Shanghai University,China,"39,590",13.4,6%,50 : 50,46.028,31.5,37.6,64.3,93.6,37.3,2026.0,Shanghai University,China,2026,THE only,THE record not matched in QS
465,489,Shanghai University,China (Mainland),Asia,XL,FO,VH,Public,29.8,,,,,,,,,,,,,,,Shanghai University,China (Mainland),2026,QS only,QS record not matched in THE
1201-1400,1201-1400,Shanghai University of Finance and Economics,China (Mainland),Asia,L,SP,VH,Public,5.8,,,,,,,,,,,,,,,Shanghai University of Finance and Economics,China (Mainland),2026,QS only,QS record not matched in THE
,,,,,,,,,,1065.0,Shantou University,China,"21,935",16.7,1%,48 : 52,34.28,18.3,18.2,63.8,43.9,36.1,2026.0,Shantou University,China,2026,THE only,THE record not matched in QS
,,,,,,,,,,1811.0,Shanxi Medical University,China,"26,728",8.0,2%,66 : 34,21.869,24.2,11.6,29.8,23.9,19.6,2026.0,Shanxi Medical University,China,2026,THE only,THE record not matched in QS
,,,,,,,,,,1081.0,Shaqra University,Saudi Arabia,"20,402",15.5,1%,59 : 41,34.0595,17.1,9.4,67.0,17.1,73.4,2026.0,Shaqra University,Saudi Arabia,2026,THE only,THE record not matched in QS
,,,,,,,,,,773.0,Sharda University,India,"15,326",12.7,11%,43 : 57,39.63,32.8,13.5,73.7,22.1,40.6,2026.0,Sharda University,India,2026,THE only,THE record not matched in QS
,,,,,,,,,,358.0,Sharif University of Technology,Iran,"10,163",21.9,1%,25 : 75,51.162000000000006,35.2,38.0,78.0,96.7,33.2,2026.0,Sharif University of Technology,Iran,2026,THE only,THE record not matched in QS
375,342,Sharif University of Technology,Iran (Islamic Republic of),Asia,M,FO,VH,Public,17.8,,,,,,,,,,,,,,,Sharif University of Technology,Iran (Islamic Republic of),2026,QS only,QS record not matched in THE
1001-1200,1001-1200,Sheffield Hallam University,United Kingdom,Europe,XL,CO,HI,Public,9.8,976.0,Sheffield Hallam University,United Kingdom,"29,535",19.0,23%,55 : 45,35.935,18.0,14.1,65.5,34.9,73.2,2026.0,Sheffield Hallam University,United Kingdom,2026,QS + THE,Matched
,,,,,,,,,,382.0,Shenzhen University,China,"35,012",13.8,1%,49 : 51,50.3255,26.5,35.9,86.4,82.8,38.2,2026.0,Shenzhen University,China,2026,THE only,THE record not matched in QS
452,508,Shenzhen University,China (Mainland),Asia,XL,CO,VH,Public,11.9,,,,,,,,,,,,,,,Shenzhen University,China (Mainland),2026,QS only,QS record not matched in THE
,,,,,,,,,,1755.0,Shibaura Institute of Technology,Japan,"9,475",25.2,5%,19 : 81,23.079,18.2,18.7,23.6,45.8,45.0,2026.0,Shibaura Institute of Technology,Japan,2026,THE only,THE record not matched in QS
,,,,,,,,,,1436.0,Shiga University of Medical Science,Japan,"1,136",3.0,4%,52 : 48,28.277,32.7,13.3,34.2,65.4,25.3,2026.0,Shiga University of Medical Science,Japan,2026,THE only,THE record not matched in QS
,,,,,,,,,,1814.0,Shimane University,Japan,"6,056",8.4,3%,41 : 59,21.814,26.0,13.0,21.5,41.1,30.4,2026.0,Shimane University,Japan,2026,THE only,THE record not matched in QS
1201-1400,1001-1200,Shinshu University,Japan,Asia,M,FC,VH,Public,4.7,1450.0,Shinshu University,Japan,"10,657",10.6,3%,33 : 67,28.027,26.7,18.4,32.5,66.8,31.9,2026.0,Shinshu University,Japan,2026,QS + THE,Matched
,,,,,,,,,,886.0,Shiraz University,Iran,"14,298",19.7,3%,55 : 45,37.50699999999999,27.4,26.0,56.3,62.6,33.2,2026.0,Shiraz University,Iran,2026,THE only,THE record not matched in QS
701-710,691-700,Shiraz University,Iran (Islamic Republic of),Asia,L,CO,VH,Public,10.2,,,,,,,,,,,,,,,Shiraz University,Iran (Islamic Republic of),2026,QS only,QS record not matched in THE
,,,,,,,,,,708.0,Shiraz University of Medical Sciences,Iran,"9,998",9.8,3%,55 : 45,41.312,46.6,19.5,58.6,58.0,26.8,2026.0,Shiraz University of Medical Sciences,Iran,2026,THE only,THE record not matched in QS
,,,,,,,,,,571.0,Shiraz University of Technology,Iran,"1,747",14.9,0%,38 : 62,44.569,34.2,22.4,77.6,45.6,38.4,2026.0,Shiraz University of Technology,Iran,2026,THE only,THE record not matched in QS
1201-1400,,Shiv Nadar University,India,Asia,S,CO,VH,Private for Profit,7.5,1444.0,Shiv Nadar University,India,"2,290",9.2,2%,43 : 57,28.176,31.7,8.1,40.6,27.7,42.5,2026.0,Shiv Nadar University,India,2026,QS + THE,Matched
,,,,,,,,,,1237.0,"Shivaji University, Kolhapur",India,"6,263",15.4,0%,43 : 57,31.56,34.9,16.6,45.5,29.7,21.5,2026.0,"Shivaji University, Kolhapur",India,2026,THE only,THE record not matched in QS
,,,,,,,,,,1821.0,Shizuoka University,Japan,"9,821",14.9,3%,30 : 70,21.6645,20.9,16.5,18.5,66.1,33.6,2026.0,Shizuoka University,Japan,2026,THE only,THE record not matched in QS
503,587,Shoolini University of Biotechnology and Management Sciences,India,Asia,S,CO,VH,Private not for Profit,16.2,454.0,Shoolini University of Biotechnology and Management Sciences,India,"3,676",16.4,1%,50 : 50,47.9845,27.8,24.1,88.7,25.8,68.7,2026.0,Shoolini University of Biotechnology and Management Sciences,India,2026,QS + THE,Matched
,,,,,,,,,,1609.0,Shree Guru Gobind Singh Tricentenary University,India,"7,375",10.3,0%,50 : 50,25.5135,24.2,10.1,43.2,16.2,24.5,2026.0,Shree Guru Gobind Singh Tricentenary University,India,2026,THE only,THE record not matched in QS
,,,,,,,,,,897.0,Shri Mata Vaishno Devi University,India,"2,983",20.7,0%,38 : 62,37.2055,29.4,18.5,67.7,22.5,26.1,2026.0,Shri Mata Vaishno Devi University,India,2026,THE only,THE record not matched in QS
1001-1200,1001-1200,Siberian Federal University,Russian Federation,Europe,M,CO,VH,Public,7.8,986.0,Siberian Federal University,Russian Federation,"8,610",19.0,13%,47 : 53,35.746500000000005,34.2,26.9,36.6,61.1,59.1,2026.0,Siberian Federal University,Russian Federation,2026,QS + THE,Matched
,,,,,,,,,,2155.0,Siberian State Medical University,Russian Federation,"8,785",11.6,16%,59 : 41,14.012499999999998,21.3,11.1,4.0,17.5,34.8,2026.0,Siberian State Medical University,Russian Federation,2026,THE only,THE record not matched in QS
,,,,,,,,,,229.0,Sichuan University,China,"49,146",15.9,5%,,57.248,46.5,48.1,74.7,99.6,42.5,2026.0,Sichuan University,China,2026,THE only,THE record not matched in QS
324,336,Sichuan University,China (Mainland),Asia,XL,FC,VH,Public,30.8,,,,,,,,,,,,,,,Sichuan University,China (Mainland),2026,QS only,QS record not matched in THE
,,,,,,,,,,1435.0,Sidi Mohamed Ben Abdellah University,Morocco,"100,319",44.4,2%,54 : 46,28.278,25.2,11.9,48.2,24.2,26.2,2026.0,Sidi Mohamed Ben Abdellah University,Morocco,2026,THE only,THE record not matched in QS
,,,,,,,,,,1878.0,Sikkim Manipal University,India,"4,411",13.2,2%,42 : 58,20.529,20.8,9.6,29.6,22.1,24.6,2026.0,Sikkim Manipal University,India,2026,THE only,THE record not matched in QS
,,,,,,,,,,909.0,Siksha ‘O’ Anusandhan,India,"11,466",9.4,3%,58 : 42,37.043,47.1,20.4,44.9,50.0,23.5,2026.0,Siksha ‘O’ Anusandhan,India,2026,THE only,THE record not matched in QS
1201-1400,1201-1400,"Siksha ‘O’ Anusandhan (Deemed to be University), SOA",India,Asia,L,FO,VH,Private not for Profit,8.2,,,,,,,,,,,,,,,"Siksha ‘O’ Anusandhan (Deemed to be University), SOA",India,2026,QS only,QS record not matched in THE
,,,,,,,,,,1141.0,Silesian University of Technology,Poland,"16,354",11.2,6%,31 : 69,33.0305,27.7,17.7,50.7,45.4,36.0,2026.0,Silesian University of Technology,Poland,2026,THE only,THE record not matched in QS
1001-1200,1001-1200,Silesian University of Technology in Gliwice,Poland,Europe,L,FO,VH,Public,8.7,,,,,,,,,,,,,,,Silesian University of Technology in Gliwice,Poland,2026,QS only,QS record not matched in THE
1401+,1401+,Silpakorn University,Thailand,Asia,L,CO,HI,Public,10.4,1865.0,Silpakorn University,Thailand,"29,673",21.9,2%,68 : 32,20.853,21.4,15.6,19.6,46.4,30.4,2026.0,Silpakorn University,Thailand,2026,QS + THE,Matched
308,319,Simon Fraser University,Canada,Americas,L,CO,VH,Public,34.9,335.0,Simon Fraser University,Canada,"26,776",24.9,31%,54 : 46,52.312,26.9,35.6,79.7,83.5,90.7,2026.0,Simon Fraser University,Canada,2026,QS + THE,Matched
511,585,Singapore Management University,Singapore,Asia,M,SP,VH,Public,19.4,,,,,,,,,,,,,,,Singapore Management University,Singapore,2026,QS only,QS record not matched in THE
519,440,Singapore University of Technology and Design,Singapore,Asia,S,SP,VH,,11.0,,,,,,,,,,,,,,,Singapore University of Technology and Design,Singapore,2026,QS only,QS record not matched in THE
,,,,,,,,,,1812.0,Sinop University,Turkey,"8,888",28.3,1%,56 : 44,21.8685,9.9,12.5,40.8,18.2,31.4,2026.0,Sinop University,Turkey,2026,THE only,THE record not matched in QS
,,,,,,,,,,1873.0,Sivas Cumhuriyet University,Turkey,"34,861",24.9,11%,53 : 47,20.657,14.9,9.9,33.4,19.2,34.7,2026.0,Sivas Cumhuriyet University,Turkey,2026,THE only,THE record not matched in QS
1201-1400,1001-1200,Slovak University of Agriculture in Nitra,Slovakia,Europe,S,SP,HI,Public,8.9,1411.0,Slovak University of Agriculture in Nitra,Slovakia,"4,478",12.5,5%,54 : 46,28.5155,27.5,19.3,34.0,22.9,49.2,2026.0,Slovak University of Agriculture in Nitra,Slovakia,2026,QS + THE,Matched
1001-1200,1001-1200,Slovak University of Technology in Bratislava,Slovakia,Europe,M,FO,VH,Public,10.8,1631.0,Slovak University of Technology in Bratislava,Slovakia,"10,809",12.9,19%,33 : 67,25.2725,28.7,14.5,24.7,45.4,45.0,2026.0,Slovak University of Technology in Bratislava,Slovakia,2026,QS + THE,Matched
511,508,SOAS University of London,United Kingdom,Europe,M,FO,VH,Public,24.7,477.0,SOAS University of London,United Kingdom,"5,395",15.0,41%,63 : 37,46.998,38.7,34.7,59.9,38.9,79.9,2026.0,SOAS University of London,United Kingdom,2026,QS + THE,Matched
,,,,,,,,,,1819.0,Sofia University,Bulgaria,"21,579",7.4,8%,65 : 35,21.7595,27.1,12.3,21.7,24.7,36.0,2026.0,Sofia University,Bulgaria,2026,THE only,THE record not matched in QS
731-740,661-670,"Sofia University ""St. Kliment Ohridski""",Bulgaria,Europe,L,CO,VH,Public,16.0,,,,,,,,,,,,,,,"Sofia University ""St. Kliment Ohridski""",Bulgaria,2026,QS only,QS record not matched in THE
558,576,Sogang University,Republic of Korea,Asia,M,CO,VH,Private not for Profit,27.3,,,,,,,,,,,,,,,Sogang University,Republic of Korea,2026,QS only,QS record not matched in THE
,,,,,,,,,,906.0,Sogang University,South Korea,"10,317",25.0,18%,46 : 54,37.1445,30.9,31.4,42.6,73.7,42.6,2026.0,Sogang University,South Korea,2026,THE only,THE record not matched in QS
,,,,,,,,,,1425.0,Sohag University,Egypt,"67,926",22.2,1%,58 : 42,28.362,15.0,9.2,55.1,20.6,52.2,2026.0,Sohag University,Egypt,2026,THE only,THE record not matched in QS
951-1000,1001-1200,Sohar University,Oman,Asia,S,FO,VH,Private not for Profit,8.1,,,,,,,,,,,,,,,Sohar University,Oman,2026,QS only,QS record not matched in THE
1401+,,Soka University,Japan,Asia,M,CO,MD,Private not for Profit,5.9,,,,,,,,,,,,,,,Soka University,Japan,2026,QS only,QS record not matched in THE
801-850,641-650,Soochow University,China (Mainland),Asia,XL,CO,VH,Public,9.2,,,,,,,,,,,,,,,Soochow University,China (Mainland),2026,QS only,QS record not matched in THE
,,,,,,,,,,544.0,"Soochow University, China",China,"48,737",15.8,2%,50 : 50,45.324,29.3,26.4,77.6,92.8,27.1,2026.0,"Soochow University, China",China,2026,THE only,THE record not matched in QS
,,,,,,,,,,1898.0,"Soochow University, Taiwan",Taiwan,"15,287",35.9,3%,59 : 41,20.1405,14.6,18.0,23.0,27.4,34.9,2026.0,"Soochow University, Taiwan",Taiwan,2026,THE only,THE record not matched in QS
1201-1400,1201-1400,Sookmyung Women's University,Republic of Korea,Asia,M,CO,HI,Private for Profit,6.9,,,,,,,,,,,,,,,Sookmyung Women's University,Republic of Korea,2026,QS only,QS record not matched in THE
1001-1200,1001-1200,Soonchunhyang University,Republic of Korea,Asia,M,FC,VH,Private not for Profit,7.7,,,,,,,,,,,,,,,Soonchunhyang University,Republic of Korea,2026,QS only,QS record not matched in THE
,,,,,,,,,,1289.0,Soonchunhyang University,South Korea,"8,983",19.4,6%,50 : 50,30.5245,22.6,27.9,35.8,63.6,33.1,2026.0,Soonchunhyang University,South Korea,2026,THE only,THE record not matched in QS
1401+,1401+,Soongsil University,Republic of Korea,Asia,L,FO,VH,Private for Profit,3.4,,,,,,,,,,,,,,,Soongsil University,Republic of Korea,2026,QS only,QS record not matched in THE
951-1000,951-1000,Sophia University,Japan,Asia,L,CO,HI,Private not for Profit,18.7,1930.0,Sophia University,Japan,"13,016",12.2,12%,60 : 40,19.1205,22.5,11.1,13.9,33.6,50.0,2026.0,Sophia University,Japan,2026,QS + THE,Matched
72,63,Sorbonne University (merged from Paris IV & UPMC),France,Europe,XL,FC,VH,Public,93.2,76.0,Sorbonne University,France,"38,923",13.6,23%,61 : 39,70.394,67.6,59.2,81.6,73.1,78.4,2026.0,Sorbonne University (merged from Paris IV & UPMC),France,2026,QS + THE,Matched
,,,,,,,,,,742.0,South China Normal University,China,"36,468",19.9,4%,,40.2795,24.5,24.9,67.1,75.4,35.8,2026.0,South China Normal University,China,2026,THE only,THE record not matched in QS
,,,,,,,,,,280.0,South China University of Technology,China,"41,221",12.0,7%,39 : 61,55.257,39.0,39.1,84.0,99.7,43.0,2026.0,South China University of Technology,China,2026,THE only,THE record not matched in QS
377,385,South China University of Technology,China (Mainland),Asia,XL,FO,VH,Public,18.8,,,,,,,,,,,,,,,South China University of Technology,China (Mainland),2026,QS only,QS record not matched in THE
,,,,,,,,,,1115.0,South Dakota Mines,United States,"2,057",12.5,5%,24 : 76,33.467,25.8,21.3,42.9,73.1,51.8,2026.0,South Dakota Mines,United States,2026,THE only,THE record not matched in QS
951-1000,901-950,South Ural State University,Russian Federation,Europe,L,CO,VH,Public,8.6,,,,,,,,,,,,,,,South Ural State University,Russian Federation,2026,QS only,QS record not matched in THE
,,,,,,,,,,1401.0,South Valley University (Egypt),Egypt,"65,017",29.3,0%,56 : 44,28.619999999999997,12.8,9.3,58.9,19.3,49.4,2026.0,South Valley University (Egypt),Egypt,2026,THE only,THE record not matched in QS
,,,,,,,,,,292.0,Southeast University,China,"43,942",13.4,4%,35 : 65,54.6925,39.3,46.3,73.7,99.8,47.6,2026.0,Southeast University,China,2026,THE only,THE record not matched in QS
392,428,"Southeast University, China",China (Mainland),Asia,XL,FC,VH,Public,21.1,,,,,,,,,,,,,,,"Southeast University, China",China (Mainland),2026,QS only,QS record not matched in THE
638,576,Southern Cross University,Australia,Oceania,M,CO,VH,Public,6.0,499.0,Southern Cross University,Australia,"8,883",43.0,22%,69 : 31,46.3175,24.4,29.9,72.8,66.9,79.1,2026.0,Southern Cross University,Australia,2026,QS + THE,Matched
1001-1200,951-1000,Southern Federal University,Russian Federation,Europe,L,CO,VH,Public,7.0,1688.0,Southern Federal University,Russian Federation,"18,741",12.8,15%,57 : 43,24.246,23.8,16.3,24.6,38.7,47.6,2026.0,Southern Federal University,Russian Federation,2026,QS + THE,Matched
,,,,,,,,,,838.0,Southern Illinois University Carbondale,United States,"9,238",13.7,7%,53 : 47,38.17,38.3,26.3,43.7,74.8,41.9,2026.0,Southern Illinois University Carbondale,United States,2026,THE only,THE record not matched in QS
,,,,,,,,,,277.0,Southern Medical University,China,"18,620",10.7,7%,,55.485,45.9,38.9,84.2,76.4,31.3,2026.0,Southern Medical University,China,2026,THE only,THE record not matched in QS
1001-1200,1001-1200,Southern Methodist University,United States of America,Americas,M,CO,VH,Private not for Profit,6.4,,,,,,,,,,,,,,,Southern Methodist University,United States,2026,QS only,QS record not matched in THE
,,,,,,,,,,162.0,Southern University of Science and Technology (SUSTech),China,"8,193",9.6,1%,,60.9575,39.6,44.2,93.9,88.5,63.3,2026.0,Southern University of Science and Technology (SUSTech),China,2026,THE only,THE record not matched in QS
343,284,Southern University of Science and Technology (SUSTech),China (Mainland),Asia,M,FO,VH,Public,14.9,,,,,,,,,,,,,,,Southern University of Science and Technology (SUSTech),China (Mainland),2026,QS only,QS record not matched in THE
,,,,,,,,,,836.0,Southwest Jiaotong University,China,"49,014",15.4,1%,33 : 67,38.1925,26.2,25.4,60.2,83.0,22.9,2026.0,Southwest Jiaotong University,China,2026,THE only,THE record not matched in QS
,,,,,,,,,,1607.0,Southwest Petroleum University,China,"41,268",19.6,1%,35 : 65,25.5225,17.7,15.3,37.5,77.1,20.4,2026.0,Southwest Petroleum University,China,2026,THE only,THE record not matched in QS
1001-1200,1001-1200,Southwest University,China (Mainland),Asia,XL,CO,VH,Public,3.2,,,,,,,,,,,,,,,Southwest University,China (Mainland),2026,QS only,QS record not matched in THE
,,,,,,,,,,873.0,SR University,India,"6,010",15.9,1%,50 : 50,37.685,15.7,13.9,85.4,20.0,34.7,2026.0,SR University,India,2026,THE only,THE record not matched in QS
,,,,,,,,,,2102.0,Sri Lanka Institute of Information Technology,Sri Lanka,"15,304",30.5,0%,41 : 59,15.393999999999998,11.1,10.0,20.0,45.8,18.5,2026.0,Sri Lanka Institute of Information Technology,Sri Lanka,2026,THE only,THE record not matched in QS
,,,,,,,,,,1926.0,Sri Ramachandra Institute of Higher Education and Research,India,"8,949",13.5,5%,61 : 39,19.2775,25.4,12.6,16.3,25.7,29.5,2026.0,Sri Ramachandra Institute of Higher Education and Research,India,2026,THE only,THE record not matched in QS
,,,,,,,,,,1685.0,Sri Venkateswara University,India,"6,670",15.5,0%,50 : 50,24.2815,36.9,10.6,23.6,26.3,29.2,2026.0,Sri Venkateswara University,India,2026,THE only,THE record not matched in QS
,,,,,,,,,,1976.0,Srinakharinwirot University,Thailand,"29,327",19.0,2%,67 : 33,18.396,23.3,10.5,19.5,20.5,24.1,2026.0,Srinakharinwirot University,Thailand,2026,THE only,THE record not matched in QS
1001-1200,1001-1200,SRM Institute of Science and Technology (f.k.a SRM University),India,Asia,XL,CO,VH,Private not for Profit,14.1,1050.0,SRM Institute of Science and Technology,India,"53,777",13.1,2%,43 : 57,34.61600000000001,25.0,13.6,67.4,27.8,26.2,2026.0,SRM Institute of Science and Technology (f.k.a SRM University),India,2026,QS + THE,Matched
,,,,,,,,,,732.0,SRUC (Scotland’s Rural College),United Kingdom,"1,400",4.3,9%,65 : 35,40.4,25.2,14.9,75.4,28.0,65.4,2026.0,SRUC (Scotland’s Rural College),United Kingdom,2026,THE only,THE record not matched in QS
,,,,,,,,,,1426.0,St Francis Xavier University,Canada,"4,575",17.9,7%,62 : 38,28.3565,17.5,18.2,43.1,27.9,51.6,2026.0,St Francis Xavier University,Canada,2026,THE only,THE record not matched in QS
,,,,,,,,,,1834.0,St Petersburg Electrotechnical University (LETI),Russian Federation,"9,024",14.2,19%,31 : 69,21.3675,22.2,15.2,19.7,39.2,39.1,2026.0,St Petersburg Electrotechnical University (LETI),Russian Federation,2026,THE only,THE record not matched in QS
3,6,Stanford University,United States of America,Americas,L,FC,VH,Private not for Profit,100.0,5.0,Stanford University,United States,"17,422",5.9,25%,48 : 52,97.151,97.5,97.4,99.5,100.0,83.9,2026.0,Stanford University,United States,2026,QS + THE,Matched
,,,,,,,,,,2103.0,State Islamic University of Sunan Gunung Djati Bandung,Indonesia,"31,937",31.3,0%,67 : 33,15.375999999999998,10.7,9.1,25.0,16.2,19.1,2026.0,State Islamic University of Sunan Gunung Djati Bandung,Indonesia,2026,THE only,THE record not matched in QS
,,,,,,,,,,1804.0,"State University ""Kyiv Aviation Institute""",Ukraine,"15,407",10.5,4%,40 : 60,22.154,22.3,9.0,34.8,17.2,24.5,2026.0,"State University ""Kyiv Aviation Institute""",Ukraine,2026,THE only,THE record not matched in QS
1401+,1401+,State University Malang (Universitas Negeri Malang),Indonesia,Asia,XL,FO,VH,Public,10.5,,,,,,,,,,,,,,,State University Malang (Universitas Negeri Malang),Indonesia,2026,QS only,QS record not matched in THE
,,,,,,,,,,2179.0,State University of Bahia,Brazil,"23,621",10.6,0%,67 : 33,12.988,22.1,8.8,5.2,17.1,22.3,2026.0,State University of Bahia,Brazil,2026,THE only,THE record not matched in QS
,,,,,,,,,,1719.0,State University of Malang,Indonesia,"37,201",26.4,4%,55 : 45,23.778,21.1,11.5,34.5,26.4,37.5,2026.0,State University of Malang,Indonesia,2026,THE only,THE record not matched in QS
,,,,,,,,,,1844.0,State University of Ponta Grossa,Brazil,"8,076",8.9,1%,46 : 54,21.2405,26.2,19.0,16.9,20.6,28.1,2026.0,State University of Ponta Grossa,Brazil,2026,THE only,THE record not matched in QS
,,,,,,,,,,1934.0,State University of Santa Cruz,Brazil,"7,689",9.3,2%,56 : 44,19.028,26.1,10.1,16.4,19.3,36.1,2026.0,State University of Santa Cruz,Brazil,2026,THE only,THE record not matched in QS
,,,,,,,,,,2147.0,State University of Southwestern Bahia (UESB),Brazil,"9,315",9.4,0%,59 : 41,14.292500000000002,26.6,8.7,6.0,16.5,19.5,2026.0,State University of Southwestern Bahia (UESB),Brazil,2026,THE only,THE record not matched in QS
1401+,1401+,Stefan cel Mare University of Suceava,Romania,Europe,M,CO,HI,Public,5.5,1625.0,Ştefan cel Mare University of Suceava,Romania,"9,043",22.0,15%,60 : 40,25.3025,17.4,15.8,39.7,22.0,37.3,2026.0,Stefan cel Mare University of Suceava,Romania,2026,QS + THE,Matched
302,296,Stellenbosch University,South Africa,Africa,L,FC,VH,Public,36.7,326.0,Stellenbosch University,South Africa,"25,956",26.8,7%,58 : 42,52.815,34.8,40.8,75.5,91.8,58.6,2026.0,Stellenbosch University,South Africa,2026,QS + THE,Matched
673,701-710,Stevens Institute of Technology,United States of America,Americas,M,FO,VH,Private not for Profit,4.0,520.0,Stevens Institute of Technology,United States,"7,887",20.8,40%,29 : 71,45.762,27.6,25.2,72.2,67.8,79.2,2026.0,Stevens Institute of Technology,United States,2026,QS + THE,Matched
147,128,Stockholm University,Sweden,Europe,L,CO,VH,Public,65.1,204.0,Stockholm University,Sweden,"27,746",16.2,14%,,58.46,33.5,48.4,87.2,66.1,76.5,2026.0,Stockholm University,Sweden,2026,QS + THE,Matched
452,460,Stony Brook University,United States of America,Americas,L,FC,VH,Public,24.2,313.0,Stony Brook University,United States,"24,947",9.8,17%,54 : 46,53.5595,43.4,30.8,78.9,68.3,72.3,2026.0,Stony Brook University,United States,2026,QS + THE,Matched
1401+,1201-1400,Suez Canal University,Egypt,Africa,XL,FC,HI,Public,6.1,1275.0,Suez Canal University,Egypt,"51,841",14.4,2%,45 : 55,30.693499999999997,20.0,9.9,56.3,28.5,51.9,2026.0,Suez Canal University,Egypt,2026,QS + THE,Matched
,,,,,,,,,,1150.0,Suez University,Egypt,"18,398",16.9,3%,56 : 44,32.8825,17.7,10.5,66.1,25.9,50.0,2026.0,Suez University,Egypt,2026,THE only,THE record not matched in QS
,,,,,,,,,,684.0,Sukkur IBA University,Pakistan,"5,580",19.6,0%,30 : 70,41.7045,19.6,26.7,77.9,26.3,50.1,2026.0,Sukkur IBA University,Pakistan,2026,THE only,THE record not matched in QS
,,,,,,,,,,1481.0,Süleyman Demirel University,Turkey,"32,526",28.9,5%,52 : 48,27.482,27.6,11.5,43.8,24.0,25.4,2026.0,Süleyman Demirel University,Turkey,2026,THE only,THE record not matched in QS
334,362,Sultan Qaboos University,Oman,Asia,M,FC,VH,Public,28.9,577.0,Sultan Qaboos University,Oman,"7,375",8.3,4%,50 : 50,44.45,30.9,24.6,70.1,40.7,73.9,2026.0,Sultan Qaboos University,Oman,2026,QS + THE,Matched
1001-1200,,Sumgait State University,Azerbaijan,Asia,M,CO,MD,Public,14.1,,,,,,,,,,,,,,,Sumgait State University,Azerbaijan,2026,QS only,QS record not matched in THE
1001-1200,1001-1200,Sumy State University,Ukraine,Europe,M,FC,HI,Public,6.3,1188.0,Sumy State University,Ukraine,"7,608",13.1,7%,39 : 61,32.25449999999999,20.6,16.4,56.1,21.6,49.7,2026.0,Sumy State University,Ukraine,2026,QS + THE,Matched
,,,,,,,,,,225.0,Sun Yat-sen University,China,"66,020",15.5,4%,46 : 54,57.3595,47.2,40.6,84.0,97.6,34.1,2026.0,Sun Yat-sen University,China,2026,THE only,THE record not matched in QS
276,331,Sun Yat-sen University,China (Mainland),Asia,XL,FC,VH,Public,45.4,,,,,,,,,,,,,,,Sun Yat-sen University,China (Mainland),2026,QS only,QS record not matched in THE
126,123,Sungkyunkwan University,Republic of Korea,Asia,L,FC,VH,Private not for Profit,68.4,,,,,,,,,,,,,,,Sungkyunkwan University,Republic of Korea,2026,QS only,QS record not matched in THE
,,,,,,,,,,87.0,Sungkyunkwan University (SKKU),South Korea,"19,012",15.8,22%,49 : 51,68.2645,60.2,57.5,83.4,99.7,64.3,2026.0,Sungkyunkwan University (SKKU),South Korea,2026,THE only,THE record not matched in QS
1001-1200,1001-1200,Sungshin Women's University,Republic of Korea,Asia,M,CO,MD,Private not for Profit,9.1,,,,,,,,,,,,,,,Sungshin Women's University,Republic of Korea,2026,QS only,QS record not matched in THE
410,539,Sunway University,Malaysia,Asia,M,CO,VH,Private not for Profit,20.9,307.0,Sunway University,Malaysia,"5,046",8.4,27%,53 : 47,54.00549999999999,27.2,34.2,90.1,58.4,89.3,2026.0,Sunway University,Malaysia,2026,QS + THE,Matched
,,,,,,,,,,759.0,SUNY Binghamton University,United States,"18,703",20.2,9%,52 : 48,39.89649999999999,33.2,26.9,54.7,64.6,44.1,2026.0,SUNY Binghamton University,United States,2026,THE only,THE record not matched in QS
,,,,,,,,,,610.0,SUNY University at Albany,United States,"14,843",15.9,7%,53 : 47,43.432500000000005,28.7,27.6,66.4,68.8,57.2,2026.0,SUNY University at Albany,United States,2026,THE only,THE record not matched in QS
1201-1400,1201-1400,Suranaree University of Technology,Thailand,Asia,L,FC,HI,Public,10.2,1492.0,Suranaree University of Technology,Thailand,"14,931",27.9,1%,53 : 47,27.3345,25.0,17.4,33.7,52.4,36.1,2026.0,Suranaree University of Technology,Thailand,2026,QS + THE,Matched
292,298,Swansea University,United Kingdom,Europe,L,FC,VH,Public,34.7,321.0,Swansea University,United Kingdom,"18,650",15.9,25%,49 : 51,53.157,30.8,30.6,87.4,58.3,88.6,2026.0,Swansea University,United Kingdom,2026,QS + THE,Matched
,,,,,,,,,,366.0,Swedish University of Agricultural Sciences,Sweden,"4,207",4.3,8%,71 : 29,50.9115,35.5,34.8,76.0,87.8,53.8,2026.0,Swedish University of Agricultural Sciences,Sweden,2026,THE only,THE record not matched in QS
294,291,Swinburne University of Technology,Australia,Oceania,L,CO,VH,Public,18.8,256.0,Swinburne University of Technology,Australia,"15,725",28.4,41%,43 : 57,56.158,33.0,33.6,91.4,78.1,81.8,2026.0,Swinburne University of Technology,Australia,2026,QS + THE,Matched
,,,,,,,,,,1352.0,SWPS University,Poland,"14,605",31.5,7%,77 : 23,29.458,15.8,17.0,49.5,32.8,49.4,2026.0,SWPS University,Poland,2026,THE only,THE record not matched in QS
696,641-650,Symbiosis International (Deemed University),India,Asia,L,CO,VH,Private not for Profit,9.2,,,,,,,,,,,,,,,Symbiosis International (Deemed University),India,2026,QS only,QS record not matched in THE
,,,,,,,,,,689.0,Symbiosis International University,India,"22,845",14.4,7%,47 : 53,41.613,29.3,15.8,80.2,27.0,43.3,2026.0,Symbiosis International University,India,2026,THE only,THE record not matched in QS
741-750,801-850,Syracuse University,United States of America,Americas,L,CO,VH,Private not for Profit,17.0,460.0,Syracuse University,United States,"21,104",15.4,21%,54 : 46,47.62199999999999,35.5,27.9,71.1,64.4,68.7,2026.0,Syracuse University,United States,2026,QS + THE,Matched
1001-1200,1001-1200,Széchenyi István University,Hungary,Europe,M,FO,VH,Private for Profit,12.2,1838.0,Széchenyi István University,Hungary,"12,060",16.1,6%,44 : 56,21.312999999999995,18.9,13.1,27.8,27.9,33.1,2026.0,Széchenyi István University,Hungary,2026,QS + THE,Matched
,,,,,,,,,,626.0,Tabriz University of Medical Sciences,Iran,"7,290",8.5,2%,53 : 47,42.9385,42.3,16.1,71.8,42.9,33.8,2026.0,Tabriz University of Medical Sciences,Iran,2026,THE only,THE record not matched in QS
1201-1400,1001-1200,Taibah University,Saudi Arabia,Asia,XL,FC,HI,Public,9.2,1168.0,Taibah University,Saudi Arabia,"45,990",19.5,2%,63 : 37,32.64,16.1,11.2,60.4,23.0,74.7,2026.0,Taibah University,Saudi Arabia,2026,QS + THE,Matched
901-950,,Taif University,Saudi Arabia,Asia,XL,FC,VH,Public,7.0,782.0,Taif University,Saudi Arabia,"38,212",16.7,3%,58 : 42,39.4995,16.2,16.4,77.7,23.3,76.3,2026.0,Taif University,Saudi Arabia,2026,QS + THE,Matched
597,611-620,Taipei Medical University,Taiwan,Asia,M,SP,VH,Private not for Profit,16.9,418.0,Taipei Medical University,Taiwan,"6,154",8.8,11%,59 : 41,49.1855,46.3,32.2,63.6,86.6,48.6,2026.0,Taipei Medical University,Taiwan,2026,QS + THE,Matched
,,,,,,,,,,1097.0,Taiz University,Yemen,"32,637",15.0,1%,36 : 64,33.781,17.1,8.4,70.8,17.2,58.3,2026.0,Taiz University,Yemen,2026,THE only,THE record not matched in QS
901-950,1001-1200,Tallinn University,Estonia,Europe,M,FO,VH,Public,11.1,1052.0,Tallinn University,Estonia,"3,770",7.9,11%,72 : 28,34.584999999999994,27.2,24.5,47.8,24.4,55.2,2026.0,Tallinn University,Estonia,2026,QS + THE,Matched
635,621-630,Tallinn University of Technology,Estonia,Europe,M,FO,VH,Public,16.2,672.0,Tallinn University of Technology,Estonia,"7,451",13.2,12%,40 : 60,41.898,26.2,24.9,66.0,69.2,58.4,2026.0,Tallinn University of Technology,Estonia,2026,QS + THE,Matched
,,,,,,,,,,1750.0,Tamil Nadu Agricultural University,India,"8,627",12.7,0%,65 : 35,23.207,35.8,13.3,20.7,31.1,17.8,2026.0,Tamil Nadu Agricultural University,India,2026,THE only,THE record not matched in QS
1201-1400,1201-1400,Tamkang University,Taiwan,Asia,L,CO,HI,Private for Profit,7.8,1587.0,Tamkang University,Taiwan,"21,955",20.1,7%,46 : 54,25.7405,16.1,12.4,40.1,50.5,44.6,2026.0,Tamkang University,Taiwan,2026,QS + THE,Matched
423,462,Tampere University,Finland,Europe,L,FC,VH,Public,29.2,346.0,Tampere University,Finland,"17,284",19.2,10%,53 : 47,51.92999999999999,31.2,38.7,80.2,85.2,53.8,2026.0,Tampere University,Finland,2026,QS + THE,Matched
1201-1400,1201-1400,Tanta University,Egypt,Africa,XL,FC,HI,Public,7.7,1133.0,Tanta University,Egypt,"128,933",20.0,1%,54 : 46,33.16749999999999,20.0,9.5,66.3,23.5,49.1,2026.0,Tanta University,Egypt,2026,QS + THE,Matched
721-730,701-710,Taras Shevchenko National University of Kyiv,Ukraine,Europe,L,CO,VH,Public,21.9,1803.0,Taras Shevchenko National University of Kyiv,Ukraine,"25,696",11.2,5%,56 : 44,22.199,25.7,15.4,22.4,28.6,30.5,2026.0,Taras Shevchenko National University of Kyiv,Ukraine,2026,QS + THE,Matched
,,,,,,,,,,627.0,Tarbiat Modares University,Iran,"10,360",13.8,6%,47 : 53,42.917,36.5,25.5,67.1,54.3,32.7,2026.0,Tarbiat Modares University,Iran,2026,THE only,THE record not matched in QS
,,,,,,,,,,581.0,Tashkent Institute of Irrigation and Agricultural Mechanisation,Uzbekistan,"5,244",6.5,11%,44 : 56,44.3205,35.9,13.6,79.9,49.4,51.2,2026.0,Tashkent Institute of Irrigation and Agricultural Mechanisation,Uzbekistan,2026,THE only,THE record not matched in QS
469,547,Tashkent Institute of Irrigation and Agricultural Mechanization Engineers - National Research University (TIIAME-NRU),Uzbekistan,Asia,M,CO,VH,Public,35.6,,,,,,,,,,,,,,,Tashkent Institute of Irrigation and Agricultural Mechanization Engineers - National Research University (TIIAME-NRU),Uzbekistan,2026,QS only,QS record not matched in THE
901-950,,Tashkent State Technical University,Uzbekistan,Asia,L,CO,HI,Public,30.6,1088.0,Tashkent State Technical University,Uzbekistan,"14,012",13.9,1%,18 : 82,33.938,21.0,8.6,75.3,16.6,26.6,2026.0,Tashkent State Technical University,Uzbekistan,2026,QS + THE,Matched
1201-1400,,Tashkent State Transport University,Uzbekistan,Asia,L,FO,HI,Public,19.3,,,,,,,,,,,,,,,Tashkent State Transport University,Uzbekistan,2026,QS only,QS record not matched in THE
1001-1200,,Tashkent State University of Economics,Uzbekistan,Asia,L,SP,MD,Public,15.7,,,,,,,,,,,,,,,Tashkent State University of Economics,Uzbekistan,2026,QS only,QS record not matched in THE
1401+,,Tashkent University of Information Technologies,Uzbekistan,Asia,L,SP,HI,Public,10.7,1604.0,Tashkent University of Information Technologies,Uzbekistan,"20,688",18.4,0%,25 : 75,25.562,17.6,9.2,49.5,27.8,23.2,2026.0,Tashkent University of Information Technologies,Uzbekistan,2026,QS + THE,Matched
253,251,Taylor's University (Malaysia),Malaysia,Asia,M,CO,VH,Private for Profit,40.2,,,,,,,,,,,,,,,Taylor's University (Malaysia),Malaysia,2026,QS only,QS record not matched in THE
,,,,,,,,,,161.0,Technical University of Berlin,Germany,"20,180",46.9,29%,36 : 64,61.0665,45.2,52.8,77.8,95.2,70.3,2026.0,Technical University of Berlin,Germany,2026,THE only,THE record not matched in QS
,,,,,,,,,,1538.0,Technical University of Cartagena,Spain,"4,546",10.4,10%,28 : 72,26.619,28.6,13.8,31.2,41.0,42.4,2026.0,Technical University of Cartagena,Spain,2026,THE only,THE record not matched in QS
1201-1400,1201-1400,Technical University of Cluj-Napoca,Romania,Europe,L,SP,VH,Public,5.8,1710.0,Technical University of Cluj-Napoca,Romania,"18,486",20.3,3%,38 : 62,23.9175,17.8,13.9,36.4,41.7,27.3,2026.0,Technical University of Cluj-Napoca,Romania,2026,QS + THE,Matched
,,,,,,,,,,1506.0,Technical University of Crete,Greece,"7,080",33.2,5%,29 : 71,27.2025,15.6,15.1,45.0,45.1,38.9,2026.0,Technical University of Crete,Greece,2026,THE only,THE record not matched in QS
,,,,,,,,,,278.0,Technical University of Darmstadt,Germany,"13,864",28.3,27%,34 : 66,55.471,43.1,46.8,65.7,99.8,73.1,2026.0,Technical University of Darmstadt,Germany,2026,THE only,THE record not matched in QS
107,109,Technical University of Denmark,Denmark,Europe,M,FO,VH,Public,44.8,121.0,Technical University of Denmark,Denmark,"11,254",8.8,37%,34 : 66,64.34,51.2,46.5,82.6,99.9,93.0,2026.0,Technical University of Denmark,Denmark,2026,QS + THE,Matched
1001-1200,1001-1200,Technical University of Kosice,Slovakia,Europe,M,FO,VH,Public,8.2,1552.0,Technical University of Košice,Slovakia,"11,397",16.8,41%,25 : 75,26.2915,26.8,16.8,26.4,42.9,51.7,2026.0,Technical University of Kosice,Slovakia,2026,QS + THE,Matched
1201-1400,1201-1400,Technical University of Liberec,Czechia,Europe,M,CO,VH,Public,5.6,1784.0,Technical University of Liberec,Czechia,"5,565",11.3,10%,53 : 47,22.6215,22.2,16.9,20.3,37.6,47.7,2026.0,Technical University of Liberec,Czechia,2026,QS + THE,Matched
,,,,,,,,,,1084.0,Technical University of Madrid,Spain,"39,646",15.7,16%,34 : 66,34.043,27.8,18.1,45.7,71.2,53.8,2026.0,Technical University of Madrid,Spain,2026,THE only,THE record not matched in QS
22,28,Technical University of Munich,Germany,Europe,XL,FO,VH,Public,92.0,27.0,Technical University of Munich,Germany,"35,755",40.7,45%,37 : 63,83.44749999999999,71.9,84.8,91.3,100.0,83.4,2026.0,Technical University of Munich,Germany,2026,QS + THE,Matched
1001-1200,1001-1200,Technical University of Ostrava,Czechia,Europe,M,FO,VH,Public,7.7,,,,,,,,,,,,,,,Technical University of Ostrava,Czechia,2026,QS only,QS record not matched in THE
,,,,,,,,,,1899.0,Technical University of Sofia,Bulgaria,"10,396",10.5,8%,29 : 71,20.081,22.9,11.5,22.1,37.7,24.7,2026.0,Technical University of Sofia,Bulgaria,2026,THE only,THE record not matched in QS
350,416,Technion - Israel Institute of Technology,Israel,Asia,L,FO,VH,Public,32.2,343.0,Technion Israel Institute of Technology,Israel,"15,310",21.6,14%,41 : 59,52.0575,43.9,41.7,62.9,73.1,69.6,2026.0,Technion - Israel Institute of Technology,Israel,2026,QS + THE,Matched
487,380,Technische Universität Bergakademie Freiberg,Germany,Europe,S,FO,VH,,7.4,,,,,,,,,,,,,,,Technische Universität Bergakademie Freiberg,Germany,2026,QS only,QS record not matched in THE
145,147,Technische Universität Berlin,Germany,Europe,L,CO,VH,Public,64.6,,,,,,,,,,,,,,,Technische Universität Berlin,Germany,2026,QS only,QS record not matched in THE
711-720,751-760,Technische Universität Braunschweig,Germany,Europe,L,CO,VH,Public,14.4,,,,,,,,,,,,,,,Technische Universität Braunschweig,Germany,2026,QS only,QS record not matched in THE
253,241,Technische Universität Darmstadt,Germany,Europe,L,CO,VH,Public,28.2,,,,,,,,,,,,,,,Technische Universität Darmstadt,Germany,2026,QS only,QS record not matched in THE
673,801-850,Technische Universität Dortmund,Germany,Europe,L,FO,VH,Public,18.5,,,,,,,,,,,,,,,Technische Universität Dortmund,Germany,2026,QS only,QS record not matched in THE
218,234,Technische Universität Dresden,Germany,Europe,L,FC,VH,Public,47.2,,,,,,,,,,,,,,,Technische Universität Dresden,Germany,2026,QS only,QS record not matched in THE
,,,,,,,,,,1061.0,Technische Universität Ilmenau,Germany,"4,752",17.8,40%,29 : 71,34.44,31.4,21.9,37.1,70.9,64.8,2026.0,Technische Universität Ilmenau,Germany,2026,THE only,THE record not matched in QS
1201-1400,1201-1400,Technische Universität Kaiserslautern,Germany,Europe,L,CO,VH,,8.6,,,,,,,,,,,,,,,Technische Universität Kaiserslautern,Germany,2026,QS only,QS record not matched in THE
,,,,,,,,,,1256.0,Technological University Dublin,Ireland,"19,364",17.0,22%,43 : 57,31.1205,17.6,14.7,48.8,54.7,64.5,2026.0,Technological University Dublin,Ireland,2026,THE only,THE record not matched in QS
781-790,851-900,Technological University of Dublin,Ireland,Europe,L,CO,HI,Public,17.7,,,,,,,,,,,,,,,Technological University of Dublin,Ireland,2026,QS only,QS record not matched in THE
,,,,,,,,,,2166.0,Technological University of Pereira,Colombia,"16,544",17.0,0%,43 : 57,13.552,16.7,7.7,10.0,20.5,34.3,2026.0,Technological University of Pereira,Colombia,2026,THE only,THE record not matched in QS
1201-1400,1001-1200,Tecnológico de Costa Rica (TEC),Costa Rica,Americas,M,FO,HI,Public,11.2,2061.0,Tecnológico de Costa Rica,Costa Rica,"10,169",12.8,2%,38 : 62,16.478,20.1,8.6,14.7,17.8,39.1,2026.0,Tecnológico de Costa Rica (TEC),Costa Rica,2026,QS + THE,Matched
187,185,Tecnológico de Monterrey (ITESM),Mexico,Americas,XL,FC,HI,Private not for Profit,69.9,711.0,Tecnológico de Monterrey,Mexico,"17,141",14.1,14%,43 : 57,41.0835,26.7,26.4,59.6,68.4,65.8,2026.0,Tecnológico de Monterrey (ITESM),Mexico,2026,QS + THE,Matched
,,,,,,,,,,760.0,Teesside University,United Kingdom,"18,820",21.0,42%,56 : 44,39.8785,20.6,14.3,72.9,29.8,87.9,2026.0,Teesside University,United Kingdom,2026,THE only,THE record not matched in QS
,,,,,,,,,,506.0,Tehran University of Medical Sciences,Iran,"12,476",6.6,16%,55 : 45,46.0985,49.0,27.7,56.8,84.2,42.7,2026.0,Tehran University of Medical Sciences,Iran,2026,THE only,THE record not matched in QS
,,,,,,,,,,1830.0,Teikyo University,Japan,"22,761",20.7,6%,36 : 64,21.4645,16.2,14.0,29.6,41.7,27.7,2026.0,Teikyo University,Japan,2026,THE only,THE record not matched in QS
,,,,,,,,,,2133.0,Tekirdağ Namık Kemal University,Turkey,"31,784",28.0,7%,45 : 55,14.5395,13.1,9.6,17.6,18.4,25.0,2026.0,Tekirdağ Namık Kemal University,Turkey,2026,THE only,THE record not matched in QS
223,209,Tel Aviv University,Israel,Asia,L,FC,VH,Public,43.6,217.0,Tel Aviv University,Israel,"24,379",22.7,7%,57 : 43,57.835,41.8,50.1,79.9,75.0,53.4,2026.0,Tel Aviv University,Israel,2026,QS + THE,Matched
1001-1200,1001-1200,Telkom University (aka Telkom Institute of Technology),Indonesia,Asia,L,SP,VH,Private for Profit,13.6,1713.0,Telkom University,Indonesia,"18,089",14.7,10%,41 : 59,23.876,16.5,12.8,32.7,36.1,53.9,2026.0,Telkom University (aka Telkom Institute of Technology),Indonesia,2026,QS + THE,Matched
721-730,681-690,Temple University,United States of America,Americas,L,FC,VH,Public,16.8,417.0,Temple University,United States,"30,684",11.3,6%,57 : 43,49.190000000000005,43.2,22.6,79.9,70.8,41.2,2026.0,Temple University,United States,2026,QS + THE,Matched
,,,,,,,,,,1985.0,Temuco Catholic University,Chile,"10,711",10.1,0%,61 : 39,18.1365,21.6,11.0,14.8,18.8,45.1,2026.0,Temuco Catholic University,Chile,2026,THE only,THE record not matched in QS
144,154,Texas A&M University,United States of America,Americas,XL,FC,VH,Public,72.9,153.0,Texas A&M University,United States,"68,486",22.6,8%,47 : 53,61.7755,52.5,57.2,73.4,73.5,63.2,2026.0,Texas A&M University,United States,2026,QS + THE,Matched
,,,,,,,,,,1264.0,Texas State University,United States,"31,552",19.7,2%,61 : 39,31.0125,18.9,20.2,48.4,40.6,45.8,2026.0,Texas State University,United States,2026,THE only,THE record not matched in QS
731-740,781-790,Texas Tech University,United States of America,Americas,XL,FC,HI,Public,14.5,756.0,Texas Tech University,United States,"37,631",20.8,8%,50 : 50,39.9905,31.6,22.0,57.8,64.4,58.3,2026.0,Texas Tech University,United States,2026,QS + THE,Matched
,,,,,,,,,,1402.0,Tezpur University,India,"4,573",13.0,0%,45 : 55,28.6045,33.1,17.3,36.8,33.2,19.4,2026.0,Tezpur University,India,2026,THE only,THE record not matched in QS
551,596,Thammasat University,Thailand,Asia,XL,FC,HI,Public,36.7,1477.0,Thammasat University,Thailand,"39,733",14.8,1%,64 : 36,27.5875,23.5,21.0,33.8,37.5,39.0,2026.0,Thammasat University,Thailand,2026,QS + THE,Matched
771-780,851-900,Thapar Institute of Engineering & Technology,India,Asia,M,FO,VH,Public,4.0,692.0,Thapar Institute of Engineering and Technology,India,"7,763",15.0,4%,35 : 65,41.57099999999999,33.3,17.6,72.5,38.9,44.5,2026.0,Thapar Institute of Engineering & Technology,India,2026,QS + THE,Matched
,,,,,,,,,,1960.0,Thiagarajar College of Engineering,India,"4,835",16.0,0%,40 : 60,18.642000000000003,19.6,9.0,26.7,20.0,19.2,2026.0,Thiagarajar College of Engineering,India,2026,THE only,THE record not matched in QS
,,,,,,,,,,1439.0,Tianjin Normal University,China,"23,254",14.3,6%,,28.2445,21.0,21.0,34.5,53.8,46.1,2026.0,Tianjin Normal University,China,2026,THE only,THE record not matched in QS
,,,,,,,,,,208.0,Tianjin University,China,"27,866",8.7,15%,,58.056,49.2,47.0,73.2,99.8,52.8,2026.0,Tianjin University,China,2026,THE only,THE record not matched in QS
257,269,Tianjin University,China (Mainland),Asia,L,CO,VH,Public,26.3,,,,,,,,,,,,,,,Tianjin University,China (Mainland),2026,QS only,QS record not matched in THE
,,,,,,,,,,1956.0,Tikrit University,Iraq,"33,551",11.0,0%,41 : 59,18.6805,30.4,9.4,15.6,16.6,21.9,2026.0,Tikrit University,Iraq,2026,THE only,THE record not matched in QS
347,347,Tilburg University,Netherlands,Europe,L,SP,VH,Public,20.5,330.0,Tilburg University,Netherlands,"12,796",19.9,24%,53 : 47,52.7115,29.1,42.9,73.8,78.9,85.2,2026.0,Tilburg University,Netherlands,2026,QS + THE,Matched
1201-1400,,Tishk International University,Iraq,Asia,M,CO,HI,Private for Profit,13.4,1011.0,Tishk International University,Iraq,"4,665",16.1,1%,50 : 50,35.245,15.4,13.3,69.8,19.0,68.6,2026.0,Tishk International University,Iraq,2026,QS + THE,Matched
,,,,,,,,,,1442.0,TOBB University of Economics and Technology,Turkey,"5,255",13.4,1%,47 : 53,28.2155,20.0,14.7,40.9,67.5,41.1,2026.0,TOBB University of Economics and Technology,Turkey,2026,THE only,THE record not matched in QS
,,,,,,,,,,1581.0,Toho University,Japan,"5,275",13.6,1%,55 : 45,25.8265,24.4,15.4,33.9,59.5,21.5,2026.0,Toho University,Japan,2026,THE only,THE record not matched in QS
109,107,Tohoku University,Japan,Asia,L,FC,VH,Public,84.5,105.0,Tohoku University,Japan,"17,349",12.6,13%,28 : 72,65.72749999999999,70.9,70.8,52.8,100.0,59.2,2026.0,Tohoku University,Japan,2026,QS + THE,Matched
1201-1400,1201-1400,Tokai University,Japan,Asia,L,FC,HI,Private not for Profit,12.8,1497.0,Tokai University,Japan,"28,774",16.6,5%,29 : 71,27.290999999999997,17.6,12.8,46.9,48.3,31.8,2026.0,Tokai University,Japan,2026,QS + THE,Matched
,,,,,,,,,,1753.0,Tokat Gaziosmanpaşa University,Turkey,"21,110",13.7,14%,39 : 61,23.1055,19.0,10.0,36.5,23.2,36.3,2026.0,Tokat Gaziosmanpaşa University,Turkey,2026,THE only,THE record not matched in QS
1201-1400,1001-1200,Tokushima University,Japan,Asia,M,SP,VH,Public,5.4,1453.0,Tokushima University,Japan,"7,395",9.5,2%,36 : 64,28.009,28.9,20.7,27.2,86.7,24.7,2026.0,Tokushima University,Japan,2026,QS + THE,Matched
,,,,,,,,,,2011.0,Tokyo City University,Japan,"7,789",28.2,2%,26 : 74,17.589999999999996,17.9,12.0,15.7,47.3,29.7,2026.0,Tokyo City University,Japan,2026,THE only,THE record not matched in QS
,,,,,,,,,,2119.0,Tokyo Denki University,Japan,"9,991",28.6,2%,13 : 87,14.8775,15.2,8.9,14.2,48.5,21.5,2026.0,Tokyo Denki University,Japan,2026,THE only,THE record not matched in QS
85,84,Tokyo Institute of Technology,Japan,Asia,M,FO,VH,Public,85.0,,,,,,,,,,,,,,,Tokyo Institute of Technology,Japan,2026,QS only,QS record not matched in THE
697,661-670,Tokyo Medical and Dental University,Japan,Asia,S,FO,VH,Public,15.7,,,,,,,,,,,,,,,Tokyo Medical and Dental University,Japan,2026,QS only,QS record not matched in THE
,,,,,,,,,,1042.0,Tokyo Medical University,Japan,"1,322",3.4,1%,51 : 49,34.7705,33.2,18.1,50.9,71.5,21.3,2026.0,Tokyo Medical University,Japan,2026,THE only,THE record not matched in QS
1001-1200,1001-1200,Tokyo Metropolitan University,Japan,Asia,M,CO,VH,Public,17.5,1520.0,Tokyo Metropolitan University,Japan,"8,789",10.7,5%,39 : 61,27.023999999999997,29.7,16.2,29.8,52.8,33.5,2026.0,Tokyo Metropolitan University,Japan,2026,QS + THE,Matched
,,,,,,,,,,1942.0,Tokyo University of Agriculture,Japan,"13,209",33.6,2%,44 : 56,18.9205,19.9,9.8,22.8,34.7,26.4,2026.0,Tokyo University of Agriculture,Japan,2026,THE only,THE record not matched in QS
851-900,851-900,Tokyo University of Agriculture and Technology,Japan,Asia,M,FO,VH,Public,15.6,1204.0,Tokyo University of Agriculture and Technology,Japan,"5,923",14.2,7%,36 : 64,32.038,34.0,25.5,28.0,82.2,39.0,2026.0,Tokyo University of Agriculture and Technology,Japan,2026,QS + THE,Matched
,,,,,,,,,,1536.0,Tokyo University of Marine Science and Technology,Japan,"2,571",11.6,8%,33 : 67,26.655,30.2,17.8,22.7,58.1,46.0,2026.0,Tokyo University of Marine Science and Technology,Japan,2026,THE only,THE record not matched in QS
801-850,751-760,Tokyo University of Science (RIKADAI),Japan,Asia,L,FO,VH,Private not for Profit,11.5,1424.0,Tokyo University of Science,Japan,"18,002",24.1,4%,25 : 75,28.375,23.8,26.8,27.7,74.8,30.4,2026.0,Tokyo University of Science (RIKADAI),Japan,2026,QS + THE,Matched
,,,,,,,,,,2088.0,Tokyo University of Technology,Japan,"7,808",27.1,3%,35 : 65,15.78,16.3,12.9,11.6,31.7,33.1,2026.0,Tokyo University of Technology,Japan,2026,THE only,THE record not matched in QS
1201-1400,1201-1400,Tomas Bata University in Zlin,Czechia,Europe,M,CO,HI,Public,6.1,1361.0,Tomas Bata University in Zlín,Czechia,"8,964",18.4,12%,56 : 44,29.305000000000003,22.7,21.1,37.7,28.8,53.7,2026.0,Tomas Bata University in Zlin,Czechia,2026,QS + THE,Matched
688,576,Tomsk Polytechnic University,Russian Federation,Europe,M,FO,VH,Public,9.4,967.0,Tomsk Polytechnic University,Russian Federation,"9,179",11.0,35%,33 : 67,36.082,40.9,25.1,29.8,63.5,70.1,2026.0,Tomsk Polytechnic University,Russian Federation,2026,QS + THE,Matched
499,431,Tomsk State University,Russian Federation,Europe,M,CO,VH,Public,25.3,668.0,Tomsk State University,Russian Federation,"7,985",11.7,37%,,41.94299999999999,50.5,38.3,27.0,55.9,74.7,2026.0,Tomsk State University,Russian Federation,2026,QS + THE,Matched
,,,,,,,,,,1854.0,Tomsk State University of Control Systems and Radioelectronics,Russian Federation,"6,402",12.2,16%,26 : 74,21.085,22.9,16.9,15.0,52.9,37.5,2026.0,Tomsk State University of Control Systems and Radioelectronics,Russian Federation,2026,THE only,THE record not matched in QS
684,711-720,Ton Duc Thang University,Viet Nam,Asia,L,CO,VH,Public,6.1,,,,,,,,,,,,,,,Ton Duc Thang University,Viet Nam,2026,QS only,QS record not matched in THE
,,,,,,,,,,764.0,Ton Duc Thang University,Vietnam,"27,459",16.3,2%,57 : 43,39.782,15.8,12.2,85.9,27.2,63.0,2026.0,Ton Duc Thang University,Vietnam,2026,THE only,THE record not matched in QS
,,,,,,,,,,143.0,Tongji University,China,"33,414",11.9,16%,41 : 59,62.2865,53.2,53.6,74.3,99.9,63.5,2026.0,Tongji University,China,2026,THE only,THE record not matched in QS
177,192,Tongji University,China (Mainland),Asia,XL,FC,VH,Public,45.2,,,,,,,,,,,,,,,Tongji University,China (Mainland),2026,QS only,QS record not matched in THE
1401+,,Tongmyong University,Republic of Korea,Asia,M,FO,HI,,6.3,,,,,,,,,,,,,,,Tongmyong University,Republic of Korea,2026,QS only,QS record not matched in THE
711-720,801-850,Toronto Metropolitan University (formerly Ryerson University),Canada,Americas,XL,CO,VH,Public,12.5,687.0,Toronto Metropolitan University,Canada,"37,827",39.8,11%,54 : 46,41.62799999999999,22.4,32.0,61.1,69.0,62.0,2026.0,Toronto Metropolitan University (formerly Ryerson University),Canada,2026,QS + THE,Matched
,,,,,,,,,,1744.0,Tottori University,Japan,"5,994",8.3,2%,39 : 61,23.365,28.4,14.0,22.6,55.3,25.8,2026.0,Tottori University,Japan,2026,THE only,THE record not matched in QS
,,,,,,,,,,2115.0,Toyama Prefectural University,Japan,"2,197",10.5,1%,36 : 64,14.909999999999998,22.8,9.5,7.9,32.6,23.4,2026.0,Toyama Prefectural University,Japan,2026,THE only,THE record not matched in QS
,,,,,,,,,,2139.0,Toyo University,Japan,"29,543",19.1,6%,41 : 59,14.4085,15.6,9.1,11.0,30.5,35.3,2026.0,Toyo University,Japan,2026,THE only,THE record not matched in QS
,,,,,,,,,,1382.0,Toyohashi University of Technology (TUT),Japan,"1,998",10.2,13%,14 : 86,28.9195,30.7,23.6,21.4,83.6,43.4,2026.0,Toyohashi University of Technology (TUT),Japan,2026,THE only,THE record not matched in QS
,,,,,,,,,,2137.0,Trakia University,Bulgaria,"7,188",11.7,9%,67 : 33,14.436,20.9,10.3,8.3,19.4,26.9,2026.0,Trakia University,Bulgaria,2026,THE only,THE record not matched in QS
,,,,,,,,,,2077.0,Trakya University,Turkey,"42,685",24.1,11%,50 : 50,16.002,13.9,9.2,20.5,19.9,30.5,2026.0,Trakya University,Turkey,2026,THE only,THE record not matched in QS
1201-1400,1201-1400,Transilvania University of Brasov,Romania,Europe,L,FC,HI,Public,9.0,1518.0,Transilvania University of Brașov,Romania,"20,101",22.5,2%,53 : 47,27.0355,14.8,13.4,47.7,35.9,40.5,2026.0,Transilvania University of Brasov,Romania,2026,QS + THE,Matched
,,,,,,,,,,1673.0,Tribhuvan University,Nepal,"499,671",19.6,0%,52 : 48,24.4355,13.6,7.8,46.7,18.1,45.7,2026.0,Tribhuvan University,Nepal,2026,THE only,THE record not matched in QS
,,,,,,,,,,175.0,Trinity College Dublin,Ireland,"20,188",19.4,40%,62 : 38,60.495000000000005,42.8,44.9,83.2,76.2,91.2,2026.0,Trinity College Dublin,Ireland,2026,THE only,THE record not matched in QS
75,87,"Trinity College Dublin, The University of Dublin",Ireland,Europe,L,FC,VH,Public,82.5,,,,,,,,,,,,,,,"Trinity College Dublin, The University of Dublin",Ireland,2026,QS only,QS record not matched in THE
,,,,,,,,,,12.0,Tsinghua University,China,"38,569",10.8,11%,,93.0305,95.9,98.5,93.9,100.0,53.4,2026.0,Tsinghua University,China,2026,THE only,THE record not matched in QS
17,20,Tsinghua University,China (Mainland),Asia,XL,FC,VH,Public,99.9,,,,,,,,,,,,,,,Tsinghua University,China (Mainland),2026,QS only,QS record not matched in THE
,,,,,,,,,,1054.0,TU Bergakademie Freiberg,Germany,"4,242",10.8,55%,33 : 67,34.5425,38.0,25.5,28.5,57.0,68.1,2026.0,TU Bergakademie Freiberg,Germany,2026,THE only,THE record not matched in QS
,,,,,,,,,,636.0,TU Braunschweig,Germany,"14,251",16.3,15%,42 : 58,42.6445,36.0,24.3,58.5,77.5,57.7,2026.0,TU Braunschweig,Germany,2026,THE only,THE record not matched in QS
,,,,,,,,,,558.0,TU Dortmund University,Germany,"16,305",44.7,15%,50 : 50,45.05449999999999,36.0,35.3,57.0,71.5,56.5,2026.0,TU Dortmund University,Germany,2026,THE only,THE record not matched in QS
,,,,,,,,,,176.0,TU Dresden,Germany,"20,631",21.0,15%,49 : 51,60.448,47.1,50.0,77.0,99.9,66.1,2026.0,TU Dresden,Germany,2026,THE only,THE record not matched in QS
,,,,,,,,,,308.0,TU Wien,Austria,"11,068",19.8,35%,31 : 69,53.7705,44.2,47.2,55.5,99.9,85.3,2026.0,TU Wien,Austria,2026,THE only,THE record not matched in QS
334,344,Tufts University,United States of America,Americas,L,FC,VH,Private not for Profit,23.8,190.0,Tufts University,United States,"12,718",10.5,18%,59 : 41,59.363,51.3,34.7,88.2,76.6,61.9,2026.0,Tufts University,United States,2026,QS + THE,Matched
,,,,,,,,,,2191.0,Tula State University,Russian Federation,"18,611",19.5,6%,39 : 61,10.274,14.0,8.4,4.4,17.7,22.4,2026.0,Tula State University,Russian Federation,2026,THE only,THE record not matched in QS
597,631-640,Tulane University,United States of America,Americas,L,FC,HI,Private not for Profit,14.5,433.0,Tulane University,United States,"13,113",7.4,10%,61 : 39,48.528,43.0,23.4,75.8,63.8,50.2,2026.0,Tulane University,United States,2026,QS + THE,Matched
1201-1400,1201-1400,Tunghai University,Taiwan,Asia,L,FO,VH,Private for Profit,10.1,1532.0,Tunghai University,Taiwan,"14,886",20.5,9%,55 : 45,26.7355,15.7,15.4,40.8,44.2,48.4,2026.0,Tunghai University,Taiwan,2026,QS + THE,Matched
,,,,,,,,,,1500.0,Tzu Chi University,Taiwan,"3,102",9.2,7%,61 : 39,27.2685,25.7,26.0,24.7,66.3,27.8,2026.0,Tzu Chi University,Taiwan,2026,THE only,THE record not matched in QS
,,,,,,,,,,1714.0,Ubon Ratchathani University,Thailand,"13,247",18.2,0%,67 : 33,23.843,15.7,10.1,43.0,27.0,30.7,2026.0,Ubon Ratchathani University,Thailand,2026,THE only,THE record not matched in QS
1201-1400,,UCAM Universidad Católica San Antonio de Murcia,Spain,Europe,L,FO,VH,,9.6,,,,,,,,,,,,,,,UCAM Universidad Católica San Antonio de Murcia,Spain,2026,QS only,QS record not matched in THE
9,9,UCL (University College London),United Kingdom,Europe,XL,FC,VH,Public,99.9,22.0,UCL,United Kingdom,"47,520",12.1,63%,60 : 40,87.4425,77.8,85.9,97.6,74.7,97.5,2026.0,UCL (University College London),United Kingdom,2026,QS + THE,Matched
269,265,UCSI University,Malaysia,Asia,M,FO,VH,Private for Profit,40.7,,,,,,,,,,,,,,,UCSI University,Malaysia,2026,QS only,QS record not matched in THE
,,,,,,,,,,680.0,"UEES, Espiritu Santo University",Ecuador,"4,596",10.9,24%,51 : 49,41.7715,38.8,15.3,58.8,39.9,88.7,2026.0,"UEES, Espiritu Santo University",Ecuador,2026,THE only,THE record not matched in QS
,,,,,,,,,,598.0,UEH University,Vietnam,"34,586",33.8,0%,70 : 30,43.811,13.0,21.8,92.1,50.1,53.6,2026.0,UEH University,Vietnam,2026,THE only,THE record not matched in QS
,,,,,,,,,,2075.0,Ufa State Petroleum Technological University,Russian Federation,"12,689",7.8,13%,39 : 61,16.0605,23.8,7.9,12.4,17.4,31.1,2026.0,Ufa State Petroleum Technological University,Russian Federation,2026,THE only,THE record not matched in QS
,,,,,,,,,,669.0,UiT The Arctic University of Norway,Norway,"15,308",10.6,10%,62 : 38,41.938500000000005,27.3,23.1,67.6,48.9,66.0,2026.0,UiT The Arctic University of Norway,Norway,2026,THE only,THE record not matched in QS
,,,,,,,,,,2129.0,Ukrainian State University of Science and Technologies,Ukraine,"15,419",13.0,0%,34 : 66,14.6955,19.8,8.9,12.0,20.9,24.5,2026.0,Ukrainian State University of Science and Technologies,Ukraine,2026,THE only,THE record not matched in QS
,,,,,,,,,,284.0,Ulm University,Germany,"10,101",16.2,14%,53 : 47,55.0805,42.3,31.6,83.1,91.2,64.8,2026.0,Ulm University,Germany,2026,THE only,THE record not matched in QS
310,280,Ulsan National Institute of Science and Technology,Republic of Korea,Asia,S,FO,VH,Public,21.8,,,,,,,,,,,,,,,Ulsan National Institute of Science and Technology,Republic of Korea,2026,QS only,QS record not matched in THE
,,,,,,,,,,243.0,Ulsan National Institute of Science and Technology (UNIST),South Korea,"3,868",12.0,8%,29 : 71,56.7145,47.4,39.5,81.3,98.1,39.5,2026.0,Ulsan National Institute of Science and Technology (UNIST),South Korea,2026,THE only,THE record not matched in QS
,,,,,,,,,,650.0,Ulster University,United Kingdom,"24,440",23.3,29%,55 : 45,42.345,22.8,22.8,65.7,54.3,95.0,2026.0,Ulster University,United Kingdom,2026,THE only,THE record not matched in QS
401,456,Umeå University,Sweden,Europe,L,FC,VH,Public,27.2,405.0,Umeå University,Sweden,"13,447",9.4,8%,62 : 38,49.6945,30.0,33.1,80.2,63.2,62.1,2026.0,Umeå University,Sweden,2026,QS + THE,Matched
622,559,Umm Al-Qura University,Saudi Arabia,Asia,XL,FC,HI,Public,23.6,491.0,Umm Al-Qura University,Saudi Arabia,"34,462",13.3,6%,47 : 53,46.61000000000001,35.4,25.3,75.7,34.5,63.2,2026.0,Umm Al-Qura University,Saudi Arabia,2026,QS + THE,Matched
,,,,,,,,,,1695.0,UNIR – International University of La Rioja,Spain,"53,424",46.1,34%,63 : 37,24.14,12.6,15.6,35.9,20.6,57.4,2026.0,UNIR – International University of La Rioja,Spain,2026,THE only,THE record not matched in QS
,,,,,,,,,,1653.0,Unisinos University,Brazil,"14,944",30.4,0%,53 : 47,24.7195,21.6,20.7,26.1,55.3,30.7,2026.0,Unisinos University,Brazil,2026,THE only,THE record not matched in QS
229,261,United Arab Emirates University,United Arab Emirates,Asia,M,FC,VH,Public,43.3,235.0,United Arab Emirates University,United Arab Emirates,"9,024",13.9,18%,73 : 27,57.063,28.7,38.1,91.8,86.5,87.3,2026.0,United Arab Emirates University,United Arab Emirates,2026,QS + THE,Matched
578,576,Universidad Adolfo Ibáñez,Chile,Americas,M,SP,VH,Private not for Profit,28.7,,,,,,,,,,,,,,,Universidad Adolfo Ibáñez,Chile,2026,QS only,QS record not matched in THE
851-900,801-850,Universidad Anahuac,Mexico,Americas,L,CO,MD,Private not for Profit,18.0,,,,,,,,,,,,,,,Universidad Anahuac,Mexico,2026,QS only,QS record not matched in THE
,,,,,,,,,,1712.0,Universidad Andrés Bello (UNAB),Chile,"49,719",17.8,3%,55 : 45,23.877,15.7,10.8,37.6,22.4,52.5,2026.0,Universidad Andrés Bello (UNAB),Chile,2026,THE only,THE record not matched in QS
1001-1200,1001-1200,Universidad Andrés Bello - UNAB,Chile,Americas,XL,FC,HI,Private not for Profit,19.5,,,,,,,,,,,,,,,Universidad Andrés Bello - UNAB,Chile,2026,QS only,QS record not matched in THE
1001-1200,,Universidad Argentina de la Empresa -UADE,Argentina,Americas,L,FO,MD,Private not for Profit,6.4,,,,,,,,,,,,,,,Universidad Argentina de la Empresa -UADE,Argentina,2026,QS only,QS record not matched in THE
519,524,Universidad Austral - Argentina,Argentina,Americas,M,FC,MD,Private not for Profit,29.8,,,,,,,,,,,,,,,Universidad Austral - Argentina,Argentina,2026,QS only,QS record not matched in THE
1001-1200,1001-1200,Universidad Austral de Chile,Chile,Americas,L,FC,HI,Private not for Profit,19.3,,,,,,,,,,,,,,,Universidad Austral de Chile,Chile,2026,QS only,QS record not matched in THE
1201-1400,1001-1200,Universidad Autónoma Chapingo,Mexico,Americas,M,FO,VH,Public,4.1,,,,,,,,,,,,,,,Universidad Autónoma Chapingo,Mexico,2026,QS only,QS record not matched in THE
1401+,1401+,Universidad Autónoma de Baja California,Mexico,Americas,XL,CO,HI,Public,10.5,,,,,,,,,,,,,,,Universidad Autónoma de Baja California,Mexico,2026,QS only,QS record not matched in THE
1401+,1401+,Universidad Autónoma de Chile,Chile,Americas,XL,FO,VH,Private not for Profit,7.9,1659.0,Universidad Autónoma de Chile,Chile,"30,410",26.8,1%,64 : 36,24.6525,13.0,13.3,39.9,20.7,55.5,2026.0,Universidad Autónoma de Chile,Chile,2026,QS + THE,Matched
,,,,,,,,,,2114.0,Universidad Autónoma de Coahuila,Mexico,"28,386",11.3,0%,58 : 42,15.008,21.5,8.1,12.0,17.1,27.1,2026.0,Universidad Autónoma de Coahuila,Mexico,2026,THE only,THE record not matched in QS
1201-1400,1201-1400,Universidad Autónoma de Guadalajara,Mexico,Americas,M,FC,MD,Private for Profit,10.3,,,,,,,,,,,,,,,Universidad Autónoma de Guadalajara,Mexico,2026,QS only,QS record not matched in THE
206,198,Universidad Autónoma de Madrid,Spain,Europe,XL,FC,VH,Public,73.1,,,,,,,,,,,,,,,Universidad Autónoma de Madrid,Spain,2026,QS only,QS record not matched in THE
1201-1400,1001-1200,Universidad Autónoma de Nuevo León (UANL),Mexico,Americas,XL,FC,HI,Public,20.9,2113.0,Universidad Autónoma de Nuevo León (UANL),Mexico,"134,947",48.4,0%,51 : 49,15.074499999999995,12.9,9.7,17.0,22.4,32.8,2026.0,Universidad Autónoma de Nuevo León (UANL),Mexico,2026,QS + THE,Matched
,,,,,,,,,,1932.0,Universidad Autónoma de Querétaro,Mexico,"24,995",42.8,1%,58 : 42,19.108,22.7,11.3,19.4,29.8,28.3,2026.0,Universidad Autónoma de Querétaro,Mexico,2026,THE only,THE record not matched in QS
,,,,,,,,,,2141.0,Universidad Autónoma de Yucatán,Mexico,"19,900",19.7,1%,50 : 50,14.345999999999998,16.0,9.8,11.5,24.1,31.6,2026.0,Universidad Autónoma de Yucatán,Mexico,2026,THE only,THE record not matched in QS
1201-1400,1201-1400,Universidad Autónoma del Estado de Hidalgo,Mexico,Americas,XL,FC,MD,Public,3.6,2163.0,Universidad Autónoma del Estado de Hidalgo,Mexico,"38,623",14.2,1%,58 : 42,13.675,17.7,9.2,10.0,19.2,26.9,2026.0,Universidad Autónoma del Estado de Hidalgo,Mexico,2026,QS + THE,Matched
1201-1400,1001-1200,Universidad Autónoma del Estado de México,Mexico,Americas,XL,FC,MD,Public,23.0,2122.0,Universidad Autónoma del Estado de Mexico (UAEMex),Mexico,"69,400",9.8,1%,59 : 41,14.8115,23.1,10.0,7.9,18.3,26.6,2026.0,Universidad Autónoma del Estado de México,Mexico,2026,QS + THE,Matched
951-1000,951-1000,Universidad Autónoma Metropolitana (UAM),Mexico,Americas,XL,FC,HI,Public,32.5,,,,,,,,,,,,,,,Universidad Autónoma Metropolitana (UAM),Mexico,2026,QS only,QS record not matched in THE
301,285,Universidad Carlos III de Madrid,Spain,Europe,L,FO,VH,Public,45.2,,,,,,,,,,,,,,,Universidad Carlos III de Madrid,Spain,2026,QS only,QS record not matched in THE
901-950,741-750,Universidad Católica Andrés Bello - UCAB,Venezuela (Bolivarian Republic of),Americas,M,FO,MD,Private not for Profit,33.6,,,,,,,,,,,,,,,Universidad Católica Andrés Bello - UCAB,Venezuela (Bolivarian Republic of),2026,QS only,QS record not matched in THE
,,,,,,,,,,1841.0,Universidad Católica de la Santísima Concepción,Chile,"9,954",23.7,1%,56 : 44,21.276,11.7,18.2,26.9,17.6,50.3,2026.0,Universidad Católica de la Santísima Concepción,Chile,2026,THE only,THE record not matched in QS
1401+,1401+,Universidad Católica de Temuco,Chile,Americas,M,CO,HI,Private not for Profit,5.4,,,,,,,,,,,,,,,Universidad Católica de Temuco,Chile,2026,QS only,QS record not matched in THE
,,,,,,,,,,1808.0,Universidad Católica del Maule,Chile,"12,490",20.4,1%,53 : 47,21.9385,16.1,15.8,26.0,17.8,54.6,2026.0,Universidad Católica del Maule,Chile,2026,THE only,THE record not matched in QS
1201-1400,1201-1400,Universidad Católica del Norte,Chile,Americas,M,FC,HI,Private not for Profit,5.7,,,,,,,,,,,,,,,Universidad Católica del Norte,Chile,2026,QS only,QS record not matched in THE
901-950,901-950,Universidad Católica del Uruguay (UCU),Uruguay,Americas,S,CO,MD,Private not for Profit,18.2,,,,,,,,,,,,,,,Universidad Católica del Uruguay (UCU),Uruguay,2026,QS only,QS record not matched in THE
,,,,,,,,,,1494.0,Universidad Católica San Antonio de Murcia (UCAM),Spain,"12,966",20.1,18%,56 : 44,27.3155,19.1,18.2,35.1,39.2,57.4,2026.0,Universidad Católica San Antonio de Murcia (UCAM),Spain,2026,THE only,THE record not matched in QS
731-740,691-700,Universidad Central de Venezuela - UCV,Venezuela (Bolivarian Republic of),Americas,L,FC,MD,Public,28.9,,,,,,,,,,,,,,,Universidad Central de Venezuela - UCV,Venezuela (Bolivarian Republic of),2026,QS only,QS record not matched in THE
1201-1400,901-950,Universidad Central Marta Abreu de Las Villas,Cuba,Americas,M,CO,HI,Public,4.8,,,,,,,,,,,,,,,Universidad Central Marta Abreu de Las Villas,Cuba,2026,QS only,QS record not matched in THE
1201-1400,,Universidad Cientifica del Sur,Peru,Americas,L,FC,MD,Private for Profit,6.1,2032.0,Universidad Científica del Sur,Peru,"20,474",10.0,1%,66 : 34,17.058,21.4,9.2,14.4,16.3,41.4,2026.0,Universidad Cientifica del Sur,Peru,2026,QS + THE,Matched
697,621-630,Universidad de Alcalá,Spain,Europe,L,FC,VH,Public,13.8,,,,,,,,,,,,,,,Universidad de Alcalá,Spain,2026,QS only,QS record not matched in THE
781-790,801-850,Universidad de Alicante,Spain,Europe,L,FC,VH,Public,21.1,,,,,,,,,,,,,,,Universidad de Alicante,Spain,2026,QS only,QS record not matched in THE
781-790,791-800,Universidad de Antioquia,Colombia,Americas,XL,FO,VH,Public,39.7,,,,,,,,,,,,,,,Universidad de Antioquia,Colombia,2026,QS only,QS record not matched in THE
951-1000,781-790,Universidad de Belgrano,Argentina,Americas,M,FO,MD,Private not for Profit,11.2,,,,,,,,,,,,,,,Universidad de Belgrano,Argentina,2026,QS only,QS record not matched in THE
84,71,Universidad de Buenos Aires,Argentina,Americas,XL,FC,VH,Public,98.1,,,,,,,,,,,,,,,Universidad de Buenos Aires,Argentina,2026,QS only,QS record not matched in THE
,,,,,,,,,,1511.0,Universidad de Cartagena,Colombia,"24,568",22.6,1%,47 : 53,27.154,13.4,10.0,55.2,18.9,39.8,2026.0,Universidad de Cartagena,Colombia,2026,THE only,THE record not matched in QS
1001-1200,1001-1200,Universidad de Castilla-La Mancha,Spain,Europe,L,FC,VH,Public,10.7,,,,,,,,,,,,,,,Universidad de Castilla-La Mancha,Spain,2026,QS only,QS record not matched in THE
173,139,Universidad de Chile,Chile,Americas,XL,FC,VH,Public,91.9,,,,,,,,,,,,,,,Universidad de Chile,Chile,2026,QS only,QS record not matched in THE
613,631-640,Universidad de Concepción,Chile,Americas,L,FC,HI,Private not for Profit,36.8,,,,,,,,,,,,,,,Universidad de Concepción,Chile,2026,QS only,QS record not matched in THE
951-1000,951-1000,Universidad de Córdoba - España,Spain,Europe,L,CO,VH,,15.5,,,,,,,,,,,,,,,Universidad de Córdoba - España,Spain,2026,QS only,QS record not matched in THE
499,497,Universidad de Costa Rica,Costa Rica,Americas,XL,CO,HI,Public,46.4,,,,,,,,,,,,,,,Universidad de Costa Rica,Costa Rica,2026,QS only,QS record not matched in THE
1401+,1401+,Universidad de Cuenca,Ecuador,Americas,L,FC,MD,Public,11.1,,,,,,,,,,,,,,,Universidad de Cuenca,Ecuador,2026,QS only,QS record not matched in THE
1001-1200,1001-1200,Universidad de Guadalajara (UDG),Mexico,Americas,XL,FC,HI,Public,26.5,,,,,,,,,,,,,,,Universidad de Guadalajara (UDG),Mexico,2026,QS only,QS record not matched in THE
1401+,1401+,Universidad de Guanajuato,Mexico,Americas,XL,CO,HI,Public,11.4,,,,,,,,,,,,,,,Universidad de Guanajuato,Mexico,2026,QS only,QS record not matched in THE
1201-1400,1001-1200,Universidad de la Frontera (UFRO),Chile,Americas,M,CO,VH,Public,14.4,,,,,,,,,,,,,,,Universidad de la Frontera (UFRO),Chile,2026,QS only,QS record not matched in THE
801-850,691-700,Universidad de la Habana,Cuba,Americas,L,FO,HI,Public,19.9,,,,,,,,,,,,,,,Universidad de la Habana,Cuba,2026,QS only,QS record not matched in THE
650,661-670,Universidad de la República (UdelaR),Uruguay,Americas,XL,FC,HI,Public,40.0,,,,,,,,,,,,,,,Universidad de la República (UdelaR),Uruguay,2026,QS only,QS record not matched in THE
951-1000,951-1000,Universidad de La Sabana,Colombia,Americas,M,FC,HI,Private not for Profit,30.1,,,,,,,,,,,,,,,Universidad de La Sabana,Colombia,2026,QS only,QS record not matched in THE
1201-1400,1201-1400,Universidad de Las Américas (UDLA) Ecuador,Ecuador,Americas,L,CO,HI,Private not for Profit,14.4,,,,,,,,,,,,,,,Universidad de Las Américas (UDLA) Ecuador,Ecuador,2026,QS only,QS record not matched in THE
1001-1200,1001-1200,Universidad de las Américas Puebla (UDLAP),Mexico,Americas,M,FC,MD,Private not for Profit,11.7,,,,,,,,,,,,,,,Universidad de las Américas Puebla (UDLAP),Mexico,2026,QS only,QS record not matched in THE
,,,,,,,,,,2168.0,Universidad de las Fuerzas Armadas – ESPE,Ecuador,"28,109",19.9,0%,46 : 54,13.501499999999998,13.0,8.0,12.8,21.1,35.5,2026.0,Universidad de las Fuerzas Armadas – ESPE,Ecuador,2026,THE only,THE record not matched in QS
1001-1200,951-1000,Universidad de León,Spain,Europe,M,CO,VH,,10.4,,,,,,,,,,,,,,,Universidad de León,Spain,2026,QS only,QS record not matched in THE
1201-1400,1001-1200,Universidad de Lima,Peru,Americas,L,SP,HI,Private not for Profit,14.1,,,,,,,,,,,,,,,Universidad de Lima,Peru,2026,QS only,QS record not matched in THE
901-950,951-1000,Universidad de los Andes Chile,Chile,Americas,M,FC,HI,Private not for Profit,25.3,,,,,,,,,,,,,,,Universidad de los Andes Chile,Chile,2026,QS only,QS record not matched in THE
212,179,Universidad de Los Andes Colombia,Colombia,Americas,L,FC,HI,Private not for Profit,81.5,,,,,,,,,,,,,,,Universidad de Los Andes Colombia,Colombia,2026,QS only,QS record not matched in THE
1201-1400,1001-1200,Universidad de los Andes Mérida,Venezuela (Bolivarian Republic of),Americas,L,FC,MD,Public,20.2,,,,,,,,,,,,,,,Universidad de los Andes Mérida,Venezuela (Bolivarian Republic of),2026,QS only,QS record not matched in THE
1201-1400,1201-1400,Universidad de Monterrey,Mexico,Americas,M,FO,HI,Private not for Profit,19.8,,,,,,,,,,,,,,,Universidad de Monterrey,Mexico,2026,QS only,QS record not matched in THE
801-850,741-750,Universidad de Montevideo,Uruguay,Americas,S,FC,MD,Private not for Profit,24.9,,,,,,,,,,,,,,,Universidad de Montevideo,Uruguay,2026,QS only,QS record not matched in THE
901-950,1001-1200,Universidad de Oviedo,Spain,Europe,L,CO,VH,Public,18.2,,,,,,,,,,,,,,,Universidad de Oviedo,Spain,2026,QS only,QS record not matched in THE
771-780,621-630,Universidad de Palermo,Argentina,Americas,S,FO,HI,Private not for Profit,15.8,,,,,,,,,,,,,,,Universidad de Palermo,Argentina,2026,QS only,QS record not matched in THE
1401+,1201-1400,Universidad de Panama,Panama,Americas,XL,FO,MD,Public,8.5,,,,,,,,,,,,,,,Universidad de Panama,Panama,2026,QS only,QS record not matched in THE
1401+,1201-1400,Universidad de Piura,Peru,Americas,M,FO,HI,Private not for Profit,11.8,,,,,,,,,,,,,,,Universidad de Piura,Peru,2026,QS only,QS record not matched in THE
1001-1200,1001-1200,Universidad de Puerto Rico,Puerto Rico,Americas,XL,FC,HI,Public,14.8,,,,,,,,,,,,,,,Universidad de Puerto Rico,Puerto Rico,2026,QS only,QS record not matched in THE
1001-1200,951-1000,Universidad de San Andrés,Argentina,Americas,S,SP,HI,Private not for Profit,11.7,,,,,,,,,,,,,,,Universidad de San Andrés,Argentina,2026,QS only,QS record not matched in THE
801-850,801-850,Universidad de San Francisco de Quito,Ecuador,Americas,M,FC,HI,Private not for Profit,25.0,,,,,,,,,,,,,,,Universidad de San Francisco de Quito,Ecuador,2026,QS only,QS record not matched in THE
490,461,Universidad de Santiago de Chile - USACH,Chile,Americas,L,FC,HI,Public,50.4,,,,,,,,,,,,,,,Universidad de Santiago de Chile - USACH,Chile,2026,QS only,QS record not matched in THE
469,462,Universidad de Sevilla,Spain,Europe,XL,FC,VH,Public,52.7,,,,,,,,,,,,,,,Universidad de Sevilla,Spain,2026,QS only,QS record not matched in THE
1001-1200,1001-1200,Universidad de Talca,Chile,Americas,M,FO,VH,Public,14.4,,,,,,,,,,,,,,,Universidad de Talca,Chile,2026,QS only,QS record not matched in THE
1401+,1201-1400,Universidad de Tarapaca,Chile,Americas,M,CO,VH,Public,4.1,,,,,,,,,,,,,,,Universidad de Tarapaca,Chile,2026,QS only,QS record not matched in THE
901-950,851-900,Universidad de Valladolid,Spain,Europe,L,CO,VH,,16.1,,,,,,,,,,,,,,,Universidad de Valladolid,Spain,2026,QS only,QS record not matched in THE
1201-1400,1201-1400,Universidad de Valparaíso,Chile,Americas,L,FC,HI,Public,15.5,,,,,,,,,,,,,,,Universidad de Valparaíso,Chile,2026,QS only,QS record not matched in THE
638,544,Universidad de Zaragoza,Spain,Europe,L,FC,VH,Public,29.7,,,,,,,,,,,,,,,Universidad de Zaragoza,Spain,2026,QS only,QS record not matched in THE
1401+,1201-1400,Universidad del Bio-Bio,Chile,Americas,M,CO,VH,Public,11.6,,,,,,,,,,,,,,,Universidad del Bio-Bio,Chile,2026,QS only,QS record not matched in THE
1201-1400,1201-1400,Universidad del Desarrollo,Chile,Americas,L,CO,HI,Private not for Profit,11.8,1485.0,Universidad del Desarrollo,Chile,"17,491",17.7,4%,57 : 43,27.452,16.4,12.1,47.2,28.0,51.0,2026.0,Universidad del Desarrollo,Chile,2026,QS + THE,Matched
1201-1400,1001-1200,Universidad del Norte,Colombia,Americas,M,FC,HI,Private not for Profit,13.2,,,,,,,,,,,,,,,Universidad del Norte,Colombia,2026,QS only,QS record not matched in THE
624,641-650,Universidad del Pais Vasco,Spain,Europe,XL,CO,VH,Public,28.6,,,,,,,,,,,,,,,Universidad del Pais Vasco,Spain,2026,QS only,QS record not matched in THE
781-790,771-780,Universidad del Rosario,Colombia,Americas,M,FC,HI,Private not for Profit,23.8,,,,,,,,,,,,,,,Universidad del Rosario,Colombia,2026,QS only,QS record not matched in THE
1001-1200,1001-1200,Universidad del Valle,Colombia,Americas,XL,FC,MD,Public,24.1,1992.0,Universidad del Valle,Colombia,"33,529",8.1,1%,50 : 50,17.973000000000003,24.9,9.4,13.5,21.1,40.1,2026.0,Universidad del Valle,Colombia,2026,QS + THE,Matched
1201-1400,,Universidad del Valle de Guatemala (UVG),Guatemala,Americas,M,CO,MD,Private not for Profit,6.5,,,,,,,,,,,,,,,Universidad del Valle de Guatemala (UVG),Guatemala,2026,QS only,QS record not matched in THE
1401+,1201-1400,Universidad del Zulia,Venezuela (Bolivarian Republic of),Americas,L,FC,MD,Public,14.7,,,,,,,,,,,,,,,Universidad del Zulia,Venezuela (Bolivarian Republic of),2026,QS only,QS record not matched in THE
1001-1200,1001-1200,Universidad Diego Portales,Chile,Americas,L,FO,VH,Private not for Profit,19.0,,,,,,,,,,,,,,,Universidad Diego Portales,Chile,2026,QS only,QS record not matched in THE
,,,,,,,,,,2135.0,Universidad Distrital Francisco José de Caldas,Colombia,"28,761",14.5,0%,36 : 64,14.4835,17.5,9.1,12.0,19.3,30.8,2026.0,Universidad Distrital Francisco José de Caldas,Colombia,2026,THE only,THE record not matched in QS
951-1000,901-950,Universidad EAFIT,Colombia,Americas,L,CO,HI,Private not for Profit,19.4,,,,,,,,,,,,,,,Universidad EAFIT,Colombia,2026,QS only,QS record not matched in THE
951-1000,,Universidad Espíritu Santo (UEES),Ecuador,Americas,S,FO,VH,Private not for Profit,6.1,,,,,,,,,,,,,,,Universidad Espíritu Santo (UEES),Ecuador,2026,QS only,QS record not matched in THE
901-950,,Universidad Europea de Madrid,Spain,Europe,L,FC,MD,,7.7,,,,,,,,,,,,,,,Universidad Europea de Madrid,Spain,2026,QS only,QS record not matched in THE
951-1000,901-950,Universidad Externado de Colombia,Colombia,Americas,L,FO,MD,Private not for Profit,15.8,,,,,,,,,,,,,,,Universidad Externado de Colombia,Colombia,2026,QS only,QS record not matched in THE
,,,,,,,,,,1570.0,Universidad Francisco de Vitoria,Spain,"14,642",21.2,8%,45 : 55,25.975,15.5,12.7,46.3,18.3,41.3,2026.0,Universidad Francisco de Vitoria,Spain,2026,THE only,THE record not matched in QS
901-950,801-850,Universidad Iberoamericana (UIA),Mexico,Americas,M,FC,MD,Private not for Profit,24.2,,,,,,,,,,,,,,,Universidad Iberoamericana (UIA),Mexico,2026,QS only,QS record not matched in THE
1001-1200,1001-1200,Universidad ICESI,Colombia,Americas,M,FO,HI,Private not for Profit,7.8,,,,,,,,,,,,,,,Universidad ICESI,Colombia,2026,QS only,QS record not matched in THE
1201-1400,1201-1400,Universidad Industrial de Santander,Colombia,Americas,L,FC,MD,Public,12.7,2068.0,Universidad Industrial de Santander (UIS),Colombia,"21,778",25.4,1%,46 : 54,16.305500000000002,16.2,11.4,14.4,24.2,39.1,2026.0,Universidad Industrial de Santander,Colombia,2026,QS + THE,Matched
1201-1400,1001-1200,Universidad Jesuita de Guadalajara - ITESO,Mexico,Americas,M,FO,MD,Private not for Profit,9.3,,,,,,,,,,,,,,,Universidad Jesuita de Guadalajara - ITESO,Mexico,2026,QS only,QS record not matched in THE
1401+,1201-1400,Universidad La Salle (ULSA),Mexico,Americas,M,FO,MD,Private for Profit,6.2,,,,,,,,,,,,,,,Universidad La Salle (ULSA),Mexico,2026,QS only,QS record not matched in THE
1401+,1201-1400,Universidad Latinoamericana de Ciencia y Tecnología Costa Rica (ULACIT),Costa Rica,Americas,S,CO,LO,Private not for Profit,7.8,,,,,,,,,,,,,,,Universidad Latinoamericana de Ciencia y Tecnología Costa Rica (ULACIT),Costa Rica,2026,QS only,QS record not matched in THE
,,,,,,,,,,1540.0,Universidad Loyola,Spain,"5,635",17.8,5%,57 : 43,26.5945,16.2,16.5,41.9,20.2,48.7,2026.0,Universidad Loyola,Spain,2026,THE only,THE record not matched in QS
,,,,,,,,,,1779.0,Universidad Mayor,Chile,"23,839",11.5,1%,55 : 45,22.6715,19.7,8.9,33.2,17.6,48.2,2026.0,Universidad Mayor,Chile,2026,THE only,THE record not matched in QS
1401+,1201-1400,Universidad Metropolitana,Venezuela (Bolivarian Republic of),Americas,M,CO,LO,Private not for Profit,9.8,,,,,,,,,,,,,,,Universidad Metropolitana,Venezuela (Bolivarian Republic of),2026,QS only,QS record not matched in THE
,,,,,,,,,,2151.0,Universidad Michoacana de San Nicolás de Hidalgo,Mexico,"42,472",26.4,2%,56 : 44,14.191999999999998,15.5,8.9,13.5,19.4,29.5,2026.0,Universidad Michoacana de San Nicolás de Hidalgo,Mexico,2026,THE only,THE record not matched in QS
1401+,1201-1400,Universidad Nacional Agraria la Molina,Peru,Americas,M,FO,VH,Public,9.3,2047.0,Universidad Nacional Agraria La Molina,Peru,"7,819",9.2,1%,49 : 51,16.7325,23.9,8.0,11.1,16.8,44.8,2026.0,Universidad Nacional Agraria la Molina,Peru,2026,QS + THE,Matched
136,94,Universidad Nacional Autónoma de México (UNAM),Mexico,Americas,XL,FC,VH,Public,99.2,,,,,,,,,,,,,,,Universidad Nacional Autónoma de México (UNAM),Mexico,2026,QS only,QS record not matched in THE
1201-1400,1201-1400,Universidad Nacional Costa Rica,Costa Rica,Americas,L,CO,MD,Public,13.5,,,,,,,,,,,,,,,Universidad Nacional Costa Rica,Costa Rica,2026,QS only,QS record not matched in THE
1201-1400,1001-1200,Universidad Nacional de Asunción,Paraguay,Americas,XL,FC,MD,Public,7.6,1847.0,Universidad Nacional de Asunción,Paraguay,"52,870",8.9,1%,56 : 44,21.218,22.4,9.6,24.9,20.4,47.2,2026.0,Universidad Nacional de Asunción,Paraguay,2026,QS + THE,Matched
259,219,Universidad Nacional de Colombia,Colombia,Americas,XL,FC,HI,Public,81.1,,,,,,,,,,,,,,,Universidad Nacional de Colombia,Colombia,2026,QS only,QS record not matched in THE
851-900,901-950,Universidad Nacional de Córdoba,Argentina,Americas,XL,FC,HI,Public,39.0,,,,,,,,,,,,,,,Universidad Nacional de Córdoba,Argentina,2026,QS only,QS record not matched in THE
1201-1400,1001-1200,Universidad Nacional de Cuyo,Argentina,Americas,XL,FC,HI,Public,17.8,,,,,,,,,,,,,,,Universidad Nacional de Cuyo,Argentina,2026,QS only,QS record not matched in THE
1201-1400,1201-1400,Universidad Nacional de Ingeniería Peru,Peru,Americas,L,FO,HI,,11.2,,,,,,,,,,,,,,,Universidad Nacional de Ingeniería Peru,Peru,2026,QS only,QS record not matched in THE
458,534,Universidad Nacional de La Plata,Argentina,Americas,XL,FC,HI,Public,55.7,,,,,,,,,,,,,,,Universidad Nacional de La Plata,Argentina,2026,QS only,QS record not matched in THE
1001-1200,951-1000,Universidad Nacional de Rosario,Argentina,Americas,XL,FC,MD,Public,27.4,,,,,,,,,,,,,,,Universidad Nacional de Rosario,Argentina,2026,QS only,QS record not matched in THE
1201-1400,1001-1200,Universidad Nacional de San Luis,Argentina,Americas,L,FO,HI,Public,3.9,,,,,,,,,,,,,,,Universidad Nacional de San Luis,Argentina,2026,QS only,QS record not matched in THE
1401+,1201-1400,Universidad Nacional de San Martín (UNSAM),Argentina,Americas,L,CO,HI,Public,15.7,,,,,,,,,,,,,,,Universidad Nacional de San Martín (UNSAM),Argentina,2026,QS only,QS record not matched in THE
1201-1400,1001-1200,Universidad Nacional del Centro de la Provincia de Buenos Aires,Argentina,Americas,L,FC,MD,Public,6.3,,,,,,,,,,,,,,,Universidad Nacional del Centro de la Provincia de Buenos Aires,Argentina,2026,QS only,QS record not matched in THE
1201-1400,1201-1400,Universidad Nacional del Litoral,Argentina,Americas,XL,CO,HI,Public,18.1,2106.0,Universidad Nacional del Litoral,Argentina,"50,839",34.9,1%,63 : 37,15.342,13.5,9.6,16.9,25.2,33.3,2026.0,Universidad Nacional del Litoral,Argentina,2026,QS + THE,Matched
1401+,1201-1400,Universidad Nacional del Sur,Argentina,Americas,L,FC,HI,Public,8.1,,,,,,,,,,,,,,,Universidad Nacional del Sur,Argentina,2026,QS only,QS record not matched in THE
951-1000,901-950,Universidad Nacional Mayor de San Marcos,Peru,Americas,XL,FC,HI,Public,28.9,2058.0,Universidad Nacional Mayor de San Marcos,Peru,"42,959",13.3,1%,44 : 56,16.505000000000003,20.6,10.6,13.8,16.6,34.0,2026.0,Universidad Nacional Mayor de San Marcos,Peru,2026,QS + THE,Matched
1001-1200,851-900,Universidad ORT Uruguay,Uruguay,Americas,M,FO,MD,Private not for Profit,13.2,,,,,,,,,,,,,,,Universidad ORT Uruguay,Uruguay,2026,QS only,QS record not matched in THE
701-710,691-700,Universidad Panamericana (UP),Mexico,Americas,L,FO,HI,Private not for Profit,15.9,1995.0,Universidad Panamericana (UP),Mexico,"17,141",7.6,2%,51 : 49,17.935,24.5,9.2,12.5,19.3,46.9,2026.0,Universidad Panamericana (UP),Mexico,2026,QS + THE,Matched
,,,,,,,,,,2188.0,Universidad Pedagogica y Tecnologica de Colombia - UPTC,Colombia,"36,136",18.7,0%,55 : 45,11.434000000000005,13.9,8.0,6.0,16.4,34.1,2026.0,Universidad Pedagogica y Tecnologica de Colombia - UPTC,Colombia,2026,THE only,THE record not matched in QS
1001-1200,1001-1200,Universidad Peruana Cayetano Heredia,Peru,Americas,M,FO,VH,Private not for Profit,15.2,1079.0,Universidad Peruana Cayetano Heredia,Peru,"8,598",15.1,1%,67 : 33,34.0635,20.2,16.1,61.2,33.7,49.7,2026.0,Universidad Peruana Cayetano Heredia,Peru,2026,QS + THE,Matched
1201-1400,1201-1400,Universidad Peruana de Ciencias Aplicadas (UPC),Peru,Americas,XL,FO,HI,Private not for Profit,17.8,2171.0,Universidad Peruana de Ciencias Aplicadas (UPC),Peru,"81,453",29.7,2%,49 : 51,13.3725,12.0,8.8,13.6,17.2,33.5,2026.0,Universidad Peruana de Ciencias Aplicadas (UPC),Peru,2026,QS + THE,Matched
334,321,Universidad Politécnica de Madrid,Spain,Europe,XL,CO,VH,Public,43.0,,,,,,,,,,,,,,,Universidad Politécnica de Madrid,Spain,2026,QS only,QS record not matched in THE
,,,,,,,,,,2143.0,Universidad Politécnica Salesiana,Ecuador,"21,393",20.3,1%,41 : 59,14.3305,13.1,9.6,14.6,20.3,33.2,2026.0,Universidad Politécnica Salesiana,Ecuador,2026,THE only,THE record not matched in QS
1001-1200,901-950,Universidad Pontificia Bolivariana,Colombia,Americas,M,FO,VH,Private not for Profit,10.7,1953.0,Universidad Pontificia Bolivariana (UPB),Colombia,"9,763",11.0,3%,57 : 43,18.7465,25.5,12.0,12.3,36.1,34.8,2026.0,Universidad Pontificia Bolivariana,Colombia,2026,QS + THE,Matched
581,544,Universidad Pontificia Comillas,Spain,Europe,M,FO,VH,Private not for Profit,12.3,,,,,,,,,,,,,,,Universidad Pontificia Comillas,Spain,2026,QS only,QS record not matched in THE
1001-1200,1001-1200,Universidad Rey Juan Carlos,Spain,Europe,XL,CO,VH,Public,12.5,,,,,,,,,,,,,,,Universidad Rey Juan Carlos,Spain,2026,QS only,QS record not matched in THE
,,,,,,,,,,1356.0,Universidad San Francisco de Quito,Ecuador,"8,153",9.0,4%,50 : 50,29.398499999999995,24.0,12.1,44.2,19.3,63.7,2026.0,Universidad San Francisco de Quito,Ecuador,2026,THE only,THE record not matched in QS
,,,,,,,,,,1935.0,Universidad San Ignacio de Loyola,Peru,"24,365",29.6,1%,48 : 52,19.0245,12.0,10.1,29.4,16.7,40.9,2026.0,Universidad San Ignacio de Loyola,Peru,2026,THE only,THE record not matched in QS
,,,,,,,,,,2090.0,Universidad Santo Tomás,Chile,"26,783",21.2,0%,68 : 32,15.759999999999998,13.4,10.7,15.4,16.6,45.6,2026.0,Universidad Santo Tomás,Chile,2026,THE only,THE record not matched in QS
1001-1200,1001-1200,Universidad Simón Bolívar Venezuela,Venezuela (Bolivarian Republic of),Americas,S,FO,VH,Public,19.5,,,,,,,,,,,,,,,Universidad Simón Bolívar Venezuela,Venezuela (Bolivarian Republic of),2026,QS only,QS record not matched in THE
,,,,,,,,,,2173.0,Universidad Técnica de Manabí,Ecuador,"40,183",41.4,1%,61 : 39,13.343,9.6,9.3,8.9,16.1,60.0,2026.0,Universidad Técnica de Manabí,Ecuador,2026,THE only,THE record not matched in QS
1001-1200,951-1000,Universidad Técnica Federico Santa María,Chile,Americas,L,FO,VH,Private not for Profit,13.3,,,,,,,,,,,,,,,Universidad Técnica Federico Santa María,Chile,2026,QS only,QS record not matched in THE
,,,,,,,,,,2149.0,Universidad Técnica Particular de Loja,Ecuador,"38,641",19.3,2%,56 : 44,14.219499999999998,13.4,8.5,12.1,20.1,44.9,2026.0,Universidad Técnica Particular de Loja,Ecuador,2026,THE only,THE record not matched in QS
1401+,,Universidad Tecnológica Centroamericana (UNITEC) - Honduras,Honduras,Americas,M,FO,HI,Private not for Profit,7.9,,,,,,,,,,,,,,,Universidad Tecnológica Centroamericana (UNITEC) - Honduras,Honduras,2026,QS only,QS record not matched in THE
1201-1400,1001-1200,Universidad Tecnológica de Panamá (UTP),Panama,Americas,L,CO,MD,Public,9.5,,,,,,,,,,,,,,,Universidad Tecnológica de Panamá (UTP),Panama,2026,QS only,QS record not matched in THE
1201-1400,1001-1200,Universidad Tecnológica Nacional (UTN),Argentina,Americas,XL,SP,HI,Public,5.2,,,,,,,,,,,,,,,Universidad Tecnológica Nacional (UTN),Argentina,2026,QS only,QS record not matched in THE
951-1000,951-1000,Universidad Torcuato Di Tella,Argentina,Americas,S,SP,HI,Private not for Profit,18.4,,,,,,,,,,,,,,,Universidad Torcuato Di Tella,Argentina,2026,QS only,QS record not matched in THE
781-790,901-950,"Universidade Católica Portuguesa, UCP",Portugal,Europe,M,FO,VH,Private not for Profit,16.5,,,,,,,,,,,,,,,"Universidade Católica Portuguesa, UCP",Portugal,2026,QS only,QS record not matched in THE
1001-1200,1001-1200,Universidade da Coruña,Spain,Europe,L,CO,VH,Public,8.5,,,,,,,,,,,,,,,Universidade da Coruña,Spain,2026,QS only,QS record not matched in THE
801-850,751-760,Universidade de Brasilia (UnB),Brazil,Americas,XL,FC,VH,Public,34.8,,,,,,,,,,,,,,,Universidade de Brasilia (UnB),Brazil,2026,QS only,QS record not matched in THE
628,651-660,Universidade de Santiago de Compostela,Spain,Europe,L,CO,VH,Public,33.9,,,,,,,,,,,,,,,Universidade de Santiago de Compostela,Spain,2026,QS only,QS record not matched in THE
108,92,Universidade de São Paulo (USP),Brazil,Americas,XL,FC,VH,Public,97.3,,,,,,,,,,,,,,,Universidade de São Paulo (USP),Brazil,2026,QS only,QS record not matched in THE
851-900,901-950,Universidade de Vigo,Spain,Europe,L,CO,VH,Public,14.0,,,,,,,,,,,,,,,Universidade de Vigo,Spain,2026,QS only,QS record not matched in THE
,,,,,,,,,,1883.0,Universidade do Estado de Santa Catarina,Brazil,"11,738",11.5,1%,55 : 45,20.463,31.5,11.8,16.2,27.4,23.9,2026.0,Universidade do Estado de Santa Catarina,Brazil,2026,THE only,THE record not matched in QS
1201-1400,1201-1400,Universidade do Estado do Rio de Janeiro (UERJ),Brazil,Americas,XL,FC,HI,Public,13.2,1732.0,Universidade do Estado do Rio de Janeiro (UERJ),Brazil,"34,661",11.8,0%,55 : 45,23.5715,32.2,12.3,24.5,23.2,29.7,2026.0,Universidade do Estado do Rio de Janeiro (UERJ),Brazil,2026,QS + THE,Matched
,,,,,,,,,,1393.0,Universidade Eduardo Mondlane,Mozambique,"41,967",24.9,1%,44 : 56,28.713,11.3,8.7,60.3,21.1,52.3,2026.0,Universidade Eduardo Mondlane,Mozambique,2026,THE only,THE record not matched in QS
233,232,Universidade Estadual de Campinas (Unicamp),Brazil,Americas,XL,FC,VH,Public,81.7,,,,,,,,,,,,,,,Universidade Estadual de Campinas (Unicamp),Brazil,2026,QS only,QS record not matched in THE
,,,,,,,,,,2008.0,Universidade Estadual de Feira de Santana (UEFS),Brazil,"10,209",11.2,0%,54 : 46,17.6035,21.4,9.8,18.7,17.9,28.3,2026.0,Universidade Estadual de Feira de Santana (UEFS),Brazil,2026,THE only,THE record not matched in QS
,,,,,,,,,,1805.0,Universidade Estadual de Maringá,Brazil,"17,887",11.4,0%,56 : 44,22.1085,31.8,14.2,19.2,26.8,23.7,2026.0,Universidade Estadual de Maringá,Brazil,2026,THE only,THE record not matched in QS
,,,,,,,,,,2184.0,Universidade Estadual do Maranhão,Brazil,"20,516",15.3,0%,62 : 38,12.357,15.8,9.2,8.6,16.2,24.0,2026.0,Universidade Estadual do Maranhão,Brazil,2026,THE only,THE record not matched in QS
,,,,,,,,,,1801.0,Universidade Estadual do Norte Fluminense Darcy Ribeiro,Brazil,"6,353",19.4,0%,62 : 38,22.223000000000003,29.8,11.9,21.6,21.9,35.0,2026.0,Universidade Estadual do Norte Fluminense Darcy Ribeiro,Brazil,2026,THE only,THE record not matched in QS
,,,,,,,,,,2108.0,Universidade Estadual do Oeste do Paraná (Unioeste),Brazil,"13,600",10.7,0%,62 : 38,15.137,25.3,10.0,8.1,17.9,21.7,2026.0,Universidade Estadual do Oeste do Paraná (Unioeste),Brazil,2026,THE only,THE record not matched in QS
,,,,,,,,,,745.0,Universidade Estadual Paulista (Unesp),Brazil,"37,420",12.5,3%,52 : 48,40.249,45.6,35.6,36.8,62.7,39.0,2026.0,Universidade Estadual Paulista (Unesp),Brazil,2026,THE only,THE record not matched in QS
450,489,"Universidade Estadual Paulista ""Júlio de Mesquita Filho"" (UNESP)",Brazil,Americas,XL,FC,VH,Public,53.3,,,,,,,,,,,,,,,"Universidade Estadual Paulista ""Júlio de Mesquita Filho"" (UNESP)",Brazil,2026,QS only,QS record not matched in THE
1201-1400,1201-1400,Universidade Federal da Bahia,Brazil,Americas,XL,FC,HI,Public,13.5,1654.0,Universidade Federal da Bahia,Brazil,"50,721",19.0,1%,54 : 46,24.707500000000003,27.1,14.6,30.0,25.1,33.0,2026.0,Universidade Federal da Bahia,Brazil,2026,QS + THE,Matched
,,,,,,,,,,1793.0,Universidade Federal de Ciências da Saúde de Porto Alegre (UFCSPA),Brazil,"4,652",13.0,2%,70 : 30,22.381500000000003,23.2,13.1,27.5,30.4,30.3,2026.0,Universidade Federal de Ciências da Saúde de Porto Alegre (UFCSPA),Brazil,2026,THE only,THE record not matched in QS
,,,,,,,,,,1667.0,Universidade Federal de Juiz de Fora,Brazil,"24,376",15.1,1%,55 : 45,24.567,23.7,13.1,34.7,25.1,31.5,2026.0,Universidade Federal de Juiz de Fora,Brazil,2026,THE only,THE record not matched in QS
595,671-680,Universidade Federal de Minas Gerais,Brazil,Americas,XL,FC,VH,Public,45.4,,,,,,,,,,,,,,,Universidade Federal de Minas Gerais,Brazil,2026,QS only,QS record not matched in THE
,,,,,,,,,,1743.0,Universidade Federal de Ouro Preto (UFOP),Brazil,"13,409",14.4,1%,50 : 50,23.4245,22.3,22.2,23.5,35.2,26.0,2026.0,Universidade Federal de Ouro Preto (UFOP),Brazil,2026,THE only,THE record not matched in QS
1201-1400,1001-1200,Universidade Federal de Pernambuco (UFPE),Brazil,Americas,XL,FC,HI,Public,16.0,1473.0,Universidade Federal de Pernambuco,Brazil,"36,048",13.2,0%,52 : 48,27.676,33.8,18.5,25.6,62.5,28.8,2026.0,Universidade Federal de Pernambuco (UFPE),Brazil,2026,QS + THE,Matched
801-850,781-790,Universidade Federal de Santa Catarina,Brazil,Americas,L,FC,VH,Public,26.1,1035.0,Universidade Federal de Santa Catarina,Brazil,"36,229",14.9,3%,50 : 50,34.839499999999994,36.3,22.4,40.8,65.5,37.0,2026.0,Universidade Federal de Santa Catarina,Brazil,2026,QS + THE,Matched
1201-1400,1201-1400,Universidade Federal de Santa Maria,Brazil,Americas,L,FC,HI,Public,7.0,,,,,,,,,,,,,,,Universidade Federal de Santa Maria,Brazil,2026,QS only,QS record not matched in THE
801-850,691-700,Universidade Federal de São Paulo (UNIFESP),Brazil,Americas,L,FC,VH,Public,14.1,919.0,Universidade Federal de São Paulo (UNIFESP),Brazil,"20,218",11.8,1%,60 : 40,36.9075,36.0,25.3,46.2,59.2,36.3,2026.0,Universidade Federal de São Paulo (UNIFESP),Brazil,2026,QS + THE,Matched
,,,,,,,,,,1887.0,Universidade Federal de Sergipe,Brazil,"24,819",14.7,0%,54 : 46,20.408,20.1,10.6,27.5,22.8,29.9,2026.0,Universidade Federal de Sergipe,Brazil,2026,THE only,THE record not matched in QS
1401+,1401+,Universidade Federal de Uberlândia,Brazil,Americas,L,FC,HI,Public,5.4,,,,,,,,,,,,,,,Universidade Federal de Uberlândia,Brazil,2026,QS only,QS record not matched in THE
1201-1400,1201-1400,Universidade Federal de Viçosa,Brazil,Americas,L,FC,HI,Public,6.8,,,,,,,,,,,,,,,Universidade Federal de Viçosa,Brazil,2026,QS only,QS record not matched in THE
,,,,,,,,,,1576.0,Universidade Federal do ABC (UFABC),Brazil,"19,284",25.4,1%,38 : 62,25.9015,18.8,17.3,36.0,28.9,45.1,2026.0,Universidade Federal do ABC (UFABC),Brazil,2026,THE only,THE record not matched in QS
1201-1400,1201-1400,Universidade Federal do Ceará (UFC),Brazil,Americas,XL,FC,HI,Public,11.3,,,,,,,,,,,,,,,Universidade Federal do Ceará (UFC),Brazil,2026,QS only,QS record not matched in THE
,,,,,,,,,,2099.0,Universidade Federal do Maranhão (UFMA),Brazil,"47,330",23.5,0%,53 : 47,15.444,15.0,12.0,15.8,24.6,24.2,2026.0,Universidade Federal do Maranhão (UFMA),Brazil,2026,THE only,THE record not matched in QS
1001-1200,1001-1200,Universidade Federal do Paraná (UFPR),Brazil,Americas,XL,FC,VH,Public,19.4,1324.0,Universidade Federal do Paraná (UFPR),Brazil,"33,204",12.2,8%,50 : 50,29.98,37.2,18.5,29.7,51.9,35.4,2026.0,Universidade Federal do Paraná (UFPR),Brazil,2026,QS + THE,Matched
317,304,Universidade Federal do Rio de Janeiro,Brazil,Americas,XL,FC,VH,Public,73.0,,,,,,,,,,,,,,,Universidade Federal do Rio de Janeiro,Brazil,2026,QS only,QS record not matched in THE
1401+,1201-1400,Universidade Federal do Rio Grande Do Norte,Brazil,Americas,XL,FC,HI,Public,6.7,,,,,,,,,,,,,,,Universidade Federal do Rio Grande Do Norte,Brazil,2026,QS only,QS record not matched in THE
691,691-700,Universidade Federal do Rio Grande Do Sul,Brazil,Americas,XL,FC,VH,Public,36.8,796.0,Universidade Federal do Rio Grande do Sul,Brazil,"40,018",14.4,1%,52 : 48,39.2215,38.9,23.2,53.6,56.7,35.6,2026.0,Universidade Federal do Rio Grande Do Sul,Brazil,2026,QS + THE,Matched
1201-1400,1001-1200,Universidade Federal Fluminense,Brazil,Americas,XL,FC,HI,Public,12.5,,,,,,,,,,,,,,,Universidade Federal Fluminense,Brazil,2026,QS only,QS record not matched in THE
,,,,,,,,,,2186.0,Universidade Federal Rural do Semi-Arido,Brazil,"11,086",14.8,0%,41 : 59,12.079499999999998,18.0,8.5,7.4,16.3,19.1,2026.0,Universidade Federal Rural do Semi-Arido,Brazil,2026,THE only,THE record not matched in QS
,,,,,,,,,,1579.0,Universidade Lusófona,Portugal,"12,743",6.2,17%,55 : 45,25.8485,23.6,9.9,36.9,20.7,54.9,2026.0,Universidade Lusófona,Portugal,2026,THE only,THE record not matched in QS
327,388,Universidade Nova de Lisboa,Portugal,Europe,L,FC,VH,Public,40.1,,,,,,,,,,,,,,,Universidade Nova de Lisboa,Portugal,2026,QS only,QS record not matched in THE
,,,,,,,,,,2067.0,Universidade Nove de Julho (Uninove),Brazil,"92,549",20.0,1%,58 : 42,16.3205,23.6,9.1,12.0,17.8,32.1,2026.0,Universidade Nove de Julho (Uninove),Brazil,2026,THE only,THE record not matched in QS
1201-1400,1201-1400,Universidade Presbiteriana Mackenzie,Brazil,Americas,M,CO,HI,Private not for Profit,5.8,,,,,,,,,,,,,,,Universidade Presbiteriana Mackenzie,Brazil,2026,QS only,QS record not matched in THE
409,442,Università  Cattolica del Sacro Cuore,Italy,Europe,L,FO,VH,Private not for Profit,33.1,298.0,Università Cattolica del Sacro Cuore,Italy,"23,548",32.3,6%,66 : 34,54.315,37.4,32.9,89.6,81.9,47.8,2026.0,Università  Cattolica del Sacro Cuore,Italy,2026,QS + THE,Matched
851-900,901-950,Universita' degli Studi della Tuscia,Italy,Europe,M,FO,VH,Public,4.0,,,,,,,,,,,,,,,Universita' degli Studi della Tuscia,Italy,2026,QS only,QS record not matched in THE
1401+,1201-1400,Università degli studi di Bergamo,Italy,Europe,L,FO,VH,Public,7.2,,,,,,,,,,,,,,,Università degli studi di Bergamo,Italy,2026,QS only,QS record not matched in THE
951-1000,851-900,Universita' degli Studi di Ferrara,Italy,Europe,L,FC,HI,Public,9.3,,,,,,,,,,,,,,,Universita' degli Studi di Ferrara,Italy,2026,QS only,QS record not matched in THE
1001-1200,1001-1200,"Universita' degli Studi di Napoli ""Parthenope""",Italy,Europe,M,FO,VH,Public,5.6,,,,,,,,,,,,,,,"Universita' degli Studi di Napoli ""Parthenope""",Italy,2026,QS only,QS record not matched in THE
801-850,851-900,Università  degli Studi di Palermo,Italy,Europe,L,CO,VH,Public,17.8,,,,,,,,,,,,,,,Università  degli Studi di Palermo,Italy,2026,QS only,QS record not matched in THE
423,440,Università  degli Studi di Pavia,Italy,Europe,L,FC,VH,Public,29.4,,,,,,,,,,,,,,,Università  degli Studi di Pavia,Italy,2026,QS only,QS record not matched in THE
355,393,Università degli Studi di Roma - Tor Vergata,Italy,Europe,L,CO,VH,Public,40.7,,,,,,,,,,,,,,,Università degli Studi di Roma - Tor Vergata,Italy,2026,QS only,QS record not matched in THE
801-850,801-850,Universita' degli studi di Salerno,Italy,Europe,L,FC,VH,Public,12.3,,,,,,,,,,,,,,,Universita' degli studi di Salerno,Italy,2026,QS only,QS record not matched in THE
1001-1200,1001-1200,Università degli Studi di Udine,Italy,Europe,M,CO,VH,Public,9.5,,,,,,,,,,,,,,,Università degli Studi di Udine,Italy,2026,QS only,QS record not matched in THE
1201-1400,,Universita' degli Studi di Urbino Carlo Bo,Italy,Europe,L,FO,VH,Public,6.8,,,,,,,,,,,,,,,Universita' degli Studi di Urbino Carlo Bo,Italy,2026,QS only,QS record not matched in THE
1001-1200,1001-1200,"Universita degli Studi ""G. D'Annunzio"" Chieti-Pescara",Italy,Europe,L,FO,VH,Public,4.9,,,,,,,,,,,,,,,"Universita degli Studi ""G. D'Annunzio"" Chieti-Pescara",Italy,2026,QS only,QS record not matched in THE
901-950,901-950,Università degli Studi Roma Tre,Italy,Europe,XL,CO,VH,Public,24.7,,,,,,,,,,,,,,,Università degli Studi Roma Tre,Italy,2026,QS only,QS record not matched in THE
951-1000,901-950,Università della Calabria,Italy,Europe,M,CO,VH,Public,11.1,,,,,,,,,,,,,,,Università della Calabria,Italy,2026,QS only,QS record not matched in THE
473,405,Università della Svizzera Italiana,Switzerland,Europe,S,FO,VH,Public,9.3,262.0,Università della Svizzera italiana,Switzerland,"4,029",12.1,70%,46 : 54,55.9085,41.1,29.7,80.3,92.9,98.2,2026.0,Università della Svizzera Italiana,Switzerland,2026,QS + THE,Matched
801-850,751-760,Universita' Politecnica delle Marche - UNIVPM,Italy,Europe,M,FO,VH,Public,8.0,,,,,,,,,,,,,,,Universita' Politecnica delle Marche - UNIVPM,Italy,2026,QS only,QS record not matched in THE
461,389,Università Vita-Salute San Raffaele,Italy,Europe,S,SP,VH,Private not for Profit,4.8,,,,,,,,,,,,,,,Università Vita-Salute San Raffaele,Italy,2026,QS only,QS record not matched in THE
,,,,,,,,,,1715.0,Universitas Ahmad Dahlan,Indonesia,"19,044",24.6,2%,55 : 45,23.839,12.0,11.3,43.6,25.8,38.8,2026.0,Universitas Ahmad Dahlan,Indonesia,2026,THE only,THE record not matched in QS
287,308,Universitas Airlangga,Indonesia,Asia,XL,FC,VH,Public,52.2,1308.0,Universitas Airlangga,Indonesia,"32,097",7.2,8%,66 : 34,30.2505,28.6,14.1,39.2,24.8,66.3,2026.0,Universitas Airlangga,Indonesia,2026,QS + THE,Matched
1401+,1401+,Universitas Andalas,Indonesia,Asia,XL,CO,HI,Public,13.4,1895.0,Universitas Andalas,Indonesia,"34,409",17.7,2%,60 : 40,20.1665,17.8,11.9,22.6,37.8,42.3,2026.0,Universitas Andalas,Indonesia,2026,QS + THE,Matched
224,239,Universitas Gadjah Mada,Indonesia,Asia,XL,FC,VH,Public,70.2,1228.0,Universitas Gadjah Mada,Indonesia,"40,174",8.1,5%,58 : 42,31.695,33.1,24.0,31.3,57.2,43.9,2026.0,Universitas Gadjah Mada,Indonesia,2026,QS + THE,Matched
189,206,UNIVERSITAS INDONESIA,Indonesia,Asia,XL,FC,VH,Public,69.9,,,,,,,,,,,,,,,UNIVERSITAS INDONESIA,Indonesia,2026,QS only,QS record not matched in THE
,,,,,,,,,,1968.0,Universitas Muhammadiyah Malang,Indonesia,"31,158",37.0,0%,52 : 48,18.4985,11.6,9.6,31.4,16.5,29.5,2026.0,Universitas Muhammadiyah Malang,Indonesia,2026,THE only,THE record not matched in QS
,,,,,,,,,,1407.0,Universitas Muhammadiyah Surakarta,Indonesia,"21,386",16.3,0%,59 : 41,28.5435,15.7,9.8,60.5,17.5,29.6,2026.0,Universitas Muhammadiyah Surakarta,Indonesia,2026,THE only,THE record not matched in QS
1201-1400,1201-1400,Universitas Muhammadiyah Yogyakarta (UMY),Indonesia,Asia,L,FO,HI,Private not for Profit,10.9,1929.0,Universitas Muhammadiyah Yogyakarta,Indonesia,"23,551",28.1,2%,48 : 52,19.136,12.4,11.9,25.4,18.3,49.0,2026.0,Universitas Muhammadiyah Yogyakarta (UMY),Indonesia,2026,QS + THE,Matched
,,,,,,,,,,1955.0,Universitas Negeri Jakarta,Indonesia,"27,808",28.4,0%,64 : 36,18.692,21.2,11.2,23.2,16.0,21.2,2026.0,Universitas Negeri Jakarta,Indonesia,2026,THE only,THE record not matched in QS
1401+,,Universitas Negeri Padang,Indonesia,Asia,XL,FO,HI,Public,10.5,1583.0,Universitas Negeri Padang,Indonesia,"45,714",22.1,1%,67 : 33,25.782,12.8,8.6,52.3,16.8,42.0,2026.0,Universitas Negeri Padang,Indonesia,2026,QS + THE,Matched
,,,,,,,,,,1727.0,Universitas Negeri Semarang,Indonesia,"54,005",36.5,1%,63 : 37,23.661,13.2,11.7,44.7,17.1,30.4,2026.0,Universitas Negeri Semarang,Indonesia,2026,THE only,THE record not matched in QS
,,,,,,,,,,1971.0,Universitas Negeri Surabaya,Indonesia,"37,684",29.7,1%,65 : 35,18.474,13.8,10.6,25.7,21.1,37.0,2026.0,Universitas Negeri Surabaya,Indonesia,2026,THE only,THE record not matched in QS
1201-1400,1201-1400,Universitas Negeri Yogyakarta,Indonesia,Asia,L,CO,HI,Public,17.4,1537.0,Universitas Negeri Yogyakarta,Indonesia,"27,783",17.2,2%,56 : 44,26.6225,19.2,12.1,46.0,24.3,35.7,2026.0,Universitas Negeri Yogyakarta,Indonesia,2026,QS + THE,Matched
515,596,Universitas Padjadjaran (UNPAD),Indonesia,Asia,XL,FO,VH,Public,29.9,1379.0,Universitas Padjadjaran,Indonesia,"32,501",7.6,5%,61 : 39,28.941,32.5,13.0,35.1,27.9,52.5,2026.0,Universitas Padjadjaran (UNPAD),Indonesia,2026,QS + THE,Matched
1201-1400,1201-1400,Universitas Pendidikan Indonesia,Indonesia,Asia,XL,CO,HI,Public,17.4,1806.0,Universitas Pendidikan Indonesia,Indonesia,"37,007",16.9,2%,56 : 44,22.0575,20.3,11.9,32.2,20.7,28.4,2026.0,Universitas Pendidikan Indonesia,Indonesia,2026,QS + THE,Matched
,,,,,,,,,,1202.0,Universitas Sebelas Maret,Indonesia,"27,604",16.7,3%,65 : 35,32.089,25.1,23.8,42.2,51.0,41.1,2026.0,Universitas Sebelas Maret,Indonesia,2026,THE only,THE record not matched in QS
,,,,,,,,,,2164.0,Universitas Sriwijaya,Indonesia,"42,322",24.6,0%,61 : 39,13.646499999999998,14.3,9.5,14.8,18.7,19.8,2026.0,Universitas Sriwijaya,Indonesia,2026,THE only,THE record not matched in QS
1001-1200,1201-1400,Universitas Sumatera Utara,Indonesia,Asia,XL,FC,HI,Public,14.4,1881.0,Universitas Sumatera Utara,Indonesia,"40,855",18.1,2%,55 : 45,20.4835,17.8,11.3,27.6,21.2,37.7,2026.0,Universitas Sumatera Utara,Indonesia,2026,QS + THE,Matched
1401+,,Universitas Syiah Kuala,Indonesia,Asia,L,FC,HI,Public,8.6,1642.0,Universitas Syiah Kuala,Indonesia,"30,794",15.8,0%,62 : 38,25.0465,17.5,9.6,48.0,19.5,25.6,2026.0,Universitas Syiah Kuala,Indonesia,2026,QS + THE,Matched
1201-1400,,Universitas Trisakti,Indonesia,Asia,M,FO,VH,Private not for Profit,14.3,,,,,,,,,,,,,,,Universitas Trisakti,Indonesia,2026,QS only,QS record not matched in THE
172,175,Universitat Autónoma de Barcelona,Spain,Europe,XL,FC,VH,Public,76.4,184.0,Universitat Autònoma de Barcelona (UAB),Spain,"33,006",13.5,16%,60 : 40,59.76199999999999,44.9,44.8,84.6,73.3,69.5,2026.0,Universitat Autónoma de Barcelona,Spain,2026,QS + THE,Matched
448,527,Universität Bayreuth,Germany,Europe,M,CO,VH,Public,14.1,,,,,,,,,,,,,,,Universität Bayreuth,Germany,2026,QS only,QS record not matched in THE
1001-1200,1001-1200,Universität Bielefeld,Germany,Europe,L,FO,VH,Public,19.9,,,,,,,,,,,,,,,Universität Bielefeld,Germany,2026,QS only,QS record not matched in THE
530,592,Universität Bremen,Germany,Europe,L,CO,VH,Public,25.7,,,,,,,,,,,,,,,Universität Bremen,Germany,2026,QS only,QS record not matched in THE
1001-1200,1001-1200,Universitat de Lleida,Spain,Europe,M,CO,VH,,7.4,,,,,,,,,,,,,,,Universitat de Lleida,Spain,2026,QS only,QS record not matched in THE
430,445,Universitat de Valencia,Spain,Europe,XL,FC,VH,Public,49.7,,,,,,,,,,,,,,,Universitat de Valencia,Spain,2026,QS only,QS record not matched in THE
635,601-610,Universität des Saarlandes,Germany,Europe,L,FC,VH,Public,14.0,,,,,,,,,,,,,,,Universität des Saarlandes,Germany,2026,QS only,QS record not matched in THE
801-850,801-850,Universität Duisburg-Essen,Germany,Europe,XL,FC,VH,Public,16.1,,,,,,,,,,,,,,,Universität Duisburg-Essen,Germany,2026,QS only,QS record not matched in THE
851-900,851-900,Universität Düsseldorf,Germany,Europe,L,FC,VH,Public,16.2,,,,,,,,,,,,,,,Universität Düsseldorf,Germany,2026,QS only,QS record not matched in THE
232,224,Universität Erlangen-Nürnberg,Germany,Europe,L,FC,VH,Public,37.9,,,,,,,,,,,,,,,Universität Erlangen-Nürnberg,Germany,2026,QS only,QS record not matched in THE
201,212,Universität Freiburg,Germany,Europe,L,FC,VH,Public,56.8,,,,,,,,,,,,,,,Universität Freiburg,Germany,2026,QS only,QS record not matched in THE
193,191,Universität Hamburg,Germany,Europe,L,FO,VH,Public,64.0,,,,,,,,,,,,,,,Universität Hamburg,Germany,2026,QS only,QS record not matched in THE
,,,,,,,,,,49.0,Universität Heidelberg,Germany,"20,091",8.0,24%,56 : 44,76.3075,68.3,61.4,95.3,93.7,80.2,2026.0,Universität Heidelberg,Germany,2026,THE only,THE record not matched in QS
711-720,601-610,Universität Hohenheim,Germany,Europe,M,SP,VH,Public,9.1,,,,,,,,,,,,,,,Universität Hohenheim,Germany,2026,QS only,QS record not matched in THE
350,309,Universität Innsbruck,Austria,Europe,L,FC,VH,Public,27.7,,,,,,,,,,,,,,,Universität Innsbruck,Austria,2026,QS only,QS record not matched in THE
,,,,,,,,,,1200.0,Universitat Internacional de Catalunya,Spain,"5,729",4.5,32%,65 : 35,32.102,26.1,11.2,50.2,21.3,69.9,2026.0,Universitat Internacional de Catalunya,Spain,2026,THE only,THE record not matched in QS
1001-1200,,Universitat Jaume I,Spain,Europe,L,CO,VH,Public,7.7,,,,,,,,,,,,,,,Universitat Jaume I,Spain,2026,QS only,QS record not matched in THE
575,526,Universität Jena,Germany,Europe,L,FC,VH,Public,23.4,,,,,,,,,,,,,,,Universität Jena,Germany,2026,QS only,QS record not matched in THE
440,466,Universität Konstanz,Germany,Europe,M,CO,VH,Public,25.5,,,,,,,,,,,,,,,Universität Konstanz,Germany,2026,QS only,QS record not matched in THE
535,527,Universität Leipzig,Germany,Europe,L,FC,VH,Public,31.5,,,,,,,,,,,,,,,Universität Leipzig,Germany,2026,QS only,QS record not matched in THE
416,487,Universität Mannheim,Germany,Europe,M,FO,VH,Public,20.3,,,,,,,,,,,,,,,Universität Mannheim,Germany,2026,QS only,QS record not matched in THE
392,371,Universitat Politècnica de Catalunya,Spain,Europe,L,CO,VH,Public,40.8,670.0,Universitat Politècnica de Catalunya,Spain,"24,055",10.3,13%,30 : 70,41.9125,34.2,22.6,58.7,75.8,61.7,2026.0,Universitat Politècnica de Catalunya,Spain,2026,QS + THE,Matched
422,436,Universitat Politecnica de Valencia,Spain,Europe,XL,CO,VH,Public,38.0,,,,,,,,,,,,,,,Universitat Politecnica de Valencia,Spain,2026,QS only,QS record not matched in THE
265,265,Universitat Pompeu Fabra,Spain,Europe,M,FO,VH,Public,43.7,,,,,,,,,,,,,,,Universitat Pompeu Fabra,Spain,2026,QS only,QS record not matched in THE
477,474,Universität Potsdam,Germany,Europe,L,FO,VH,Public,22.3,,,,,,,,,,,,,,,Universität Potsdam,Germany,2026,QS only,QS record not matched in THE
436,466,Universitat Ramon Llull,Spain,Europe,L,CO,HI,Private not for Profit,17.5,900.0,Universitat Ramon Llull,Spain,"16,683",22.0,24%,53 : 47,37.18750000000001,20.8,17.6,63.2,36.5,73.7,2026.0,Universitat Ramon Llull,Spain,2026,QS + THE,Matched
691,741-750,Universität Regensburg,Germany,Europe,L,FO,VH,Public,16.0,,,,,,,,,,,,,,,Universität Regensburg,Germany,2026,QS only,QS record not matched in THE
851-900,801-850,Universität Rostock,Germany,Europe,L,FC,HI,Public,9.6,,,,,,,,,,,,,,,Universität Rostock,Germany,2026,QS only,QS record not matched in THE
1201-1400,1001-1200,Universität Siegen,Germany,Europe,L,CO,HI,Public,5.4,,,,,,,,,,,,,,,Universität Siegen,Germany,2026,QS only,QS record not matched in THE
310,314,Universität Stuttgart,Germany,Europe,L,FO,VH,Public,33.4,,,,,,,,,,,,,,,Universität Stuttgart,Germany,2026,QS only,QS record not matched in THE
546,554,Universität Ulm,Germany,Europe,M,FO,VH,Public,10.9,,,,,,,,,,,,,,,Universität Ulm,Germany,2026,QS only,QS record not matched in THE
272,285,Universität zu Köln,Germany,Europe,L,FO,VH,Public,45.0,,,,,,,,,,,,,,,Universität zu Köln,Germany,2026,QS only,QS record not matched in THE
,,,,,,,,,,1874.0,Université 8 Mai 1945 Guelma,Algeria,"16,676",16.1,1%,70 : 30,20.640500000000003,18.7,8.6,30.6,19.5,35.6,2026.0,Université 8 Mai 1945 Guelma,Algeria,2026,THE only,THE record not matched in QS
,,,,,,,,,,1034.0,Université Bourgogne Europe,France,"33,421",28.3,12%,58 : 42,34.8565,19.5,16.0,58.8,61.1,58.4,2026.0,Université Bourgogne Europe,France,2026,THE only,THE record not matched in QS
191,203,Université Catholique de Louvain (UCL),Belgium,Europe,L,FC,VH,Private not for Profit,61.7,187.0,Université Catholique de Louvain,Belgium,"27,280",39.4,21%,55 : 45,59.6735,40.0,47.7,80.7,95.2,80.3,2026.0,Université Catholique de Louvain (UCL),Belgium,2026,QS + THE,Matched
,,,,,,,,,,1989.0,Université Cheikh Anta Diop de Dakar (UCAD),Senegal,"92,109",62.2,5%,45 : 55,18.0325,16.3,10.7,17.5,23.9,52.2,2026.0,Université Cheikh Anta Diop de Dakar (UCAD),Senegal,2026,THE only,THE record not matched in QS
,,,,,,,,,,1757.0,Université Chouaïb Doukkali,Morocco,"27,900",39.6,2%,60 : 40,23.0375,15.8,11.6,40.1,21.5,28.3,2026.0,Université Chouaïb Doukkali,Morocco,2026,THE only,THE record not matched in QS
587,562,Université Claude Bernard Lyon 1,France,Europe,XL,FC,VH,Public,26.1,,,,,,,,,,,,,,,Université Claude Bernard Lyon 1,France,2026,QS only,QS record not matched in THE
,,,,,,,,,,652.0,Université Côte d'Azur,France,"31,714",19.8,21%,57 : 43,42.31949999999999,30.9,20.8,61.4,65.8,81.6,2026.0,Université Côte d'Azur,France,2026,THE only,THE record not matched in QS
688,731-740,Université Côte d’Azur,France,Europe,XL,FC,VH,Public,21.6,,,,,,,,,,,,,,,Université Côte d’Azur,France,2026,QS only,QS record not matched in THE
494,535,Université de Bordeaux,France,Europe,XL,FO,VH,Public,43.2,,,,,,,,,,,,,,,Université de Bordeaux,France,2026,QS only,QS record not matched in THE
1001-1200,,Université de Bretagne Occidentale (UBO),France,Europe,L,FO,VH,,6.2,977.0,Université de Bretagne Occidentale,France,"22,138",24.8,12%,59 : 41,35.9125,27.0,19.6,51.8,49.4,63.3,2026.0,Université de Bretagne Occidentale (UBO),France,2026,QS + THE,Matched
1201-1400,1001-1200,Université de Caen Normandie,France,Europe,L,FC,HI,Public,11.3,,,,,,,,,,,,,,,Université de Caen Normandie,France,2026,QS only,QS record not matched in THE
851-900,711-720,Université de Franche-Comté,France,Europe,S,CO,VH,Public,7.6,,,,,,,,,,,,,,,Université de Franche-Comté,France,2026,QS only,QS record not matched in THE
,,,,,,,,,,1704.0,Université de Gabès,Tunisia,"15,003",13.6,1%,74 : 26,23.9585,20.3,11.5,35.0,20.5,44.2,2026.0,Université de Gabès,Tunisia,2026,THE only,THE record not matched in QS
654,721-730,Université de Lille,France,Europe,XL,FC,VH,Public,33.9,,,,,,,,,,,,,,,Université de Lille,France,2026,QS only,QS record not matched in THE
1201-1400,1201-1400,Université de Limoges,France,Europe,M,SP,VH,,8.9,,,,,,,,,,,,,,,Université de Limoges,France,2026,QS only,QS record not matched in THE
751-760,801-850,Université de Lorraine,France,Europe,XL,FO,VH,Public,19.2,,,,,,,,,,,,,,,Université de Lorraine,France,2026,QS only,QS record not matched in THE
430,448,Université de Montpellier,France,Europe,XL,FO,VH,Public,26.7,,,,,,,,,,,,,,,Université de Montpellier,France,2026,QS only,QS record not matched in THE
,,,,,,,,,,151.0,Université de Montréal,Canada,"39,749",15.5,23%,,61.9155,41.4,50.5,83.1,95.5,84.1,2026.0,Université de Montréal,Canada,2026,THE only,THE record not matched in QS
1201-1400,1001-1200,Université de Poitiers,France,Europe,L,CO,VH,Public,11.1,1345.0,Université de Poitiers,France,"28,005",17.7,13%,59 : 41,29.5315,27.5,20.9,30.5,39.7,61.6,2026.0,Université de Poitiers,France,2026,QS + THE,Matched
711-720,721-730,Université de Rennes 1,France,Europe,L,FO,VH,Public,21.3,,,,,,,,,,,,,,,Université de Rennes 1,France,2026,QS only,QS record not matched in THE
1001-1200,1001-1200,Université de Sfax,Tunisia,Africa,XL,CO,VH,Public,11.4,,,,,,,,,,,,,,,Université de Sfax,Tunisia,2026,QS only,QS record not matched in THE
901-950,851-900,Université de Sherbrooke,Canada,Americas,L,FC,HI,Public,8.2,,,,,,,,,,,,,,,Université de Sherbrooke,Canada,2026,QS only,QS record not matched in THE
,,,,,,,,,,1671.0,Université de Skikda,Algeria,"28,640",23.6,0%,69 : 31,24.489,13.0,7.7,48.6,16.9,42.2,2026.0,Université de Skikda,Algeria,2026,THE only,THE record not matched in QS
1201-1400,1001-1200,Université de Sousse,Tunisia,Africa,L,FC,HI,Public,6.4,,,,,,,,,,,,,,,Université de Sousse,Tunisia,2026,QS only,QS record not matched in THE
420,456,Université de Strasbourg,France,Europe,XL,FC,VH,Public,50.1,,,,,,,,,,,,,,,Université de Strasbourg,France,2026,QS only,QS record not matched in THE
1201-1400,1001-1200,Université de Tunis,Tunisia,Africa,L,FO,VH,Public,11.3,,,,,,,,,,,,,,,Université de Tunis,Tunisia,2026,QS only,QS record not matched in THE
731-740,771-780,Université de Tunis El Manar,Tunisia,Africa,L,FC,VH,Public,15.8,,,,,,,,,,,,,,,Université de Tunis El Manar,Tunisia,2026,QS only,QS record not matched in THE
,,,,,,,,,,1472.0,Université Djillali Liabès de Sidi Bel-Abbès,Algeria,"29,211",17.9,1%,55 : 45,27.689499999999995,25.5,9.7,46.3,17.6,36.8,2026.0,Université Djillali Liabès de Sidi Bel-Abbès,Algeria,2026,THE only,THE record not matched in QS
,,,,,,,,,,1212.0,Université d’Orléans,France,"18,607",19.8,15%,50 : 50,31.958,20.3,16.6,46.1,51.7,70.1,2026.0,Université d’Orléans,France,2026,THE only,THE record not matched in QS
851-900,851-900,Université du Québec,Canada,Americas,XL,FC,HI,Public,20.5,541.0,Université du Québec,Canada,"50,342",17.1,17%,58 : 42,45.37849999999999,33.4,33.5,57.1,73.2,76.7,2026.0,Université du Québec,Canada,2026,QS + THE,Matched
,,,,,,,,,,2054.0,Université Frères Mentouri Constantine 1,Algeria,"29,573",15.3,1%,68 : 32,16.598999999999997,20.2,8.8,15.2,19.2,36.8,2026.0,Université Frères Mentouri Constantine 1,Algeria,2026,THE only,THE record not matched in QS
321,334,Université Grenoble Alpes,France,Europe,XL,FC,VH,Public,55.3,396.0,Université Grenoble Alpes,France,"48,893",17.9,19%,52 : 48,50.02499999999999,42.6,36.7,62.7,70.0,69.4,2026.0,Université Grenoble Alpes,France,2026,QS + THE,Matched
,,,,,,,,,,1575.0,Université Hassan II de Casablanca,Morocco,"120,987",32.6,2%,74 : 26,25.902,22.3,9.4,44.6,27.0,28.5,2026.0,Université Hassan II de Casablanca,Morocco,2026,THE only,THE record not matched in QS
1201-1400,,Université Ibn Tofail,Morocco,Africa,XL,CO,HI,Public,14.6,,,,,,,,,,,,,,,Université Ibn Tofail,Morocco,2026,QS only,QS record not matched in THE
1201-1400,1201-1400,Université Jean Moulin Lyon 3,France,Europe,L,SP,VH,Public,11.2,,,,,,,,,,,,,,,Université Jean Moulin Lyon 3,France,2026,QS only,QS record not matched in THE
,,,,,,,,,,1869.0,Université Kasdi Merbah Ouargla,Algeria,"27,341",20.0,0%,60 : 40,20.714,28.2,10.2,21.0,17.3,32.6,2026.0,Université Kasdi Merbah Ouargla,Algeria,2026,THE only,THE record not matched in QS
,,,,,,,,,,413.0,Université Laval,Canada,"30,127",13.4,18%,59 : 41,49.3255,31.8,34.6,69.4,91.7,72.3,2026.0,Université Laval,Canada,2026,THE only,THE record not matched in QS
227,230,Université Libre de Bruxelles (ULB),Belgium,Europe,L,FC,VH,Public,43.3,224.0,Université Libre de Bruxelles,Belgium,"33,462",54.1,32%,58 : 42,57.458,36.7,44.8,81.3,68.3,86.9,2026.0,Université Libre de Bruxelles (ULB),Belgium,2026,QS + THE,Matched
1001-1200,1001-1200,Université Lumière Lyon 2,France,Europe,L,SP,VH,Public,14.3,,,,,,,,,,,,,,,Université Lumière Lyon 2,France,2026,QS only,QS record not matched in THE
1201-1400,1001-1200,Université Mohammed V de Rabat,Morocco,Africa,XL,CO,VH,Public,4.8,,,,,,,,,,,,,,,Université Mohammed V de Rabat,Morocco,2026,QS only,QS record not matched in THE
,,,,,,,,,,2170.0,Université Mouloud Mammeri de Tizi-Ouzou,Algeria,"39,859",16.3,1%,63 : 37,13.4355,18.2,8.0,6.6,17.1,41.1,2026.0,Université Mouloud Mammeri de Tizi-Ouzou,Algeria,2026,THE only,THE record not matched in QS
257,283,Université Paris 1 Panthéon-Sorbonne,France,Europe,XL,FO,VH,Public,78.0,,,,,,,,,,,,,,,Université Paris 1 Panthéon-Sorbonne,France,2026,QS only,QS record not matched in THE
1001-1200,901-950,Université Paris 2 Panthéon-Assas,France,Europe,L,SP,VH,Public,8.5,,,,,,,,,,,,,,,Université Paris 2 Panthéon-Assas,France,2026,QS only,QS record not matched in THE
300,302,Université Paris Cité,France,Europe,XL,FO,VH,Public,37.7,192.0,Université Paris Cité,France,"66,075",18.2,22%,64 : 36,59.2905,44.4,38.0,89.9,68.0,73.1,2026.0,Université Paris Cité,France,2026,QS + THE,Matched
1201-1400,1001-1200,Université Paris-Nanterre,France,Europe,XL,FO,VH,Public,14.6,,,,,,,,,,,,,,,Université Paris-Nanterre,France,2026,QS only,QS record not matched in THE
70,73,Université Paris-Saclay,France,Europe,XL,CO,VH,Public,75.3,68.0,Université Paris-Saclay,France,"32,807",14.0,25%,50 : 50,71.6445,67.9,62.2,80.6,92.4,76.0,2026.0,Université Paris-Saclay,France,2026,QS + THE,Matched
587,580,Université Paul Sabatier Toulouse III,France,Europe,L,FO,VH,Public,24.6,,,,,,,,,,,,,,,Université Paul Sabatier Toulouse III,France,2026,QS only,QS record not matched in THE
1201-1400,1001-1200,Université Paul-Valéry Montpellier 3,France,Europe,L,FO,VH,Public,14.9,,,,,,,,,,,,,,,Université Paul-Valéry Montpellier 3,France,2026,QS only,QS record not matched in THE
,,,,,,,,,,1605.0,Université Polytechnique Hauts-de-France,France,"13,034",27.3,12%,48 : 52,25.553,17.4,8.3,35.3,57.7,68.2,2026.0,Université Polytechnique Hauts-de-France,France,2026,THE only,THE record not matched in QS
,,,,,,,,,,1529.0,Université Saint-Joseph de Beyrouth,Lebanon,"8,540",8.4,13%,60 : 40,26.7855,32.2,10.9,24.9,28.2,73.7,2026.0,Université Saint-Joseph de Beyrouth,Lebanon,2026,THE only,THE record not matched in QS
,,,,,,,,,,1630.0,Université Sorbonne Nouvelle,France,"14,218",20.2,23%,77 : 23,25.273499999999995,28.0,12.0,23.3,37.4,67.3,2026.0,Université Sorbonne Nouvelle,France,2026,THE only,THE record not matched in QS
1001-1200,951-1000,Université Sorbonne Paris Nord,France,Europe,L,FO,VH,,14.0,,,,,,,,,,,,,,,Université Sorbonne Paris Nord,France,2026,QS only,QS record not matched in THE
,,,,,,,,,,1611.0,Université Sultan Moulay Slimane,Morocco,"43,534",60.3,0%,56 : 44,25.5025,18.6,13.0,46.0,18.2,22.9,2026.0,Université Sultan Moulay Slimane,Morocco,2026,THE only,THE record not matched in QS
1001-1200,951-1000,"Université Toulouse 1, Capitole",France,Europe,L,FO,VH,Public,18.3,,,,,,,,,,,,,,,"Université Toulouse 1, Capitole",France,2026,QS only,QS record not matched in THE
367,385,Universiti Brunei Darussalam (UBD),Brunei Darussalam,Asia,S,CO,VH,Public,29.9,374.0,Universiti Brunei Darussalam,Brunei Darussalam,"3,464",11.8,11%,64 : 36,50.641,33.1,34.7,80.5,31.4,72.1,2026.0,Universiti Brunei Darussalam (UBD),Brunei Darussalam,2026,QS + THE,Matched
126,138,Universiti Kebangsaan Malaysia (UKM),Malaysia,Asia,L,FC,VH,Public,76.2,347.0,Universiti Kebangsaan Malaysia,Malaysia,"20,341",11.4,31%,56 : 44,51.7855,47.5,32.4,65.7,61.8,82.6,2026.0,Universiti Kebangsaan Malaysia (UKM),Malaysia,2026,QS + THE,Matched
1201-1400,1201-1400,Universiti Kuala Lumpur (UniKL),Malaysia,Asia,L,FC,HI,Private for Profit,9.9,1900.0,Universiti Kuala Lumpur,Malaysia,"17,749",12.8,3%,44 : 56,20.0405,20.6,9.6,23.6,28.8,39.3,2026.0,Universiti Kuala Lumpur (UniKL),Malaysia,2026,QS + THE,Matched
58,60,Universiti Malaya (UM),Malaysia,Asia,L,FC,VH,Public,92.3,,,,,,,,,,,,,,,Universiti Malaya (UM),Malaysia,2026,QS only,QS record not matched in THE
1201-1400,,Universiti Malaysia Kelantan,Malaysia,Asia,M,CO,VH,Public,9.5,1647.0,Universiti Malaysia Kelantan,Malaysia,"10,001",20.0,8%,70 : 30,24.9345,16.1,14.8,35.5,37.7,49.8,2026.0,Universiti Malaysia Kelantan,Malaysia,2026,QS + THE,Matched
609,741-750,Universiti Malaysia Pahang Al-Sultan Abdullah (UMPSA),Malaysia,Asia,M,FO,VH,Public,17.2,651.0,Universiti Malaysia Pahang Al-Sultan Abdullah (UMPSA),Malaysia,"7,584",12.4,10%,49 : 51,42.326,37.9,23.9,59.0,52.8,58.7,2026.0,Universiti Malaysia Pahang Al-Sultan Abdullah (UMPSA),Malaysia,2026,QS + THE,Matched
1001-1200,1201-1400,Universiti Malaysia Perlis (UniMAP),Malaysia,Asia,M,FO,VH,Public,10.7,1601.0,Universiti Malaysia Perlis,Malaysia,"10,470",13.0,3%,47 : 53,25.6015,23.5,13.9,34.2,35.2,39.6,2026.0,Universiti Malaysia Perlis (UniMAP),Malaysia,2026,QS + THE,Matched
,,,,,,,,,,1747.0,Universiti Malaysia Sabah (UMS),Malaysia,"16,224",9.9,4%,66 : 34,23.328,23.9,12.2,28.1,28.8,42.1,2026.0,Universiti Malaysia Sabah (UMS),Malaysia,2026,THE only,THE record not matched in QS
1001-1200,1001-1200,Universiti Malaysia Sarawak (UNIMAS),Malaysia,Asia,M,FC,HI,Public,20.1,1193.0,Universiti Malaysia Sarawak (UNIMAS),Malaysia,"11,981",15.5,14%,70 : 30,32.205,31.4,22.1,29.7,77.7,60.2,2026.0,Universiti Malaysia Sarawak (UNIMAS),Malaysia,2026,QS + THE,Matched
801-850,1001-1200,Universiti Malaysia Terengganu (UMT),Malaysia,Asia,M,CO,VH,Public,16.7,1017.0,Universiti Malaysia Terengganu (UMT),Malaysia,"9,037",13.7,11%,69 : 31,35.108999999999995,22.6,20.2,55.1,36.6,61.2,2026.0,Universiti Malaysia Terengganu (UMT),Malaysia,2026,QS + THE,Matched
851-900,951-1000,Universiti Pendidikan Sultan Idris (UPSI),Malaysia,Asia,M,FO,VH,Public,17.0,645.0,Universiti Pendidikan Sultan Idris,Malaysia,"5,754",8.9,28%,59 : 41,42.49999999999999,39.4,27.6,48.4,56.2,81.4,2026.0,Universiti Pendidikan Sultan Idris (UPSI),Malaysia,2026,QS + THE,Matched
134,148,Universiti Putra Malaysia (UPM),Malaysia,Asia,L,FC,VH,Public,75.7,552.0,Universiti Putra Malaysia,Malaysia,"20,358",12.8,40%,64 : 36,45.152,40.7,31.6,51.7,57.1,82.5,2026.0,Universiti Putra Malaysia (UPM),Malaysia,2026,QS + THE,Matched
134,146,Universiti Sains Malaysia (USM),Malaysia,Asia,L,FC,VH,Public,77.6,412.0,Universiti Sains Malaysia,Malaysia,"26,522",12.7,39%,63 : 37,49.49999999999999,42.9,30.3,65.8,64.5,76.5,2026.0,Universiti Sains Malaysia (USM),Malaysia,2026,QS + THE,Matched
1401+,,Universiti Sultan Zainal Abidin,Malaysia,Asia,M,CO,VH,Public,8.0,1080.0,Universiti Sultan Zainal Abidin,Malaysia,"11,380",14.8,7%,66 : 34,34.061499999999995,26.0,13.6,58.8,22.5,52.1,2026.0,Universiti Sultan Zainal Abidin,Malaysia,2026,QS + THE,Matched
1201-1400,1201-1400,Universiti Teknikal Malaysia Melaka (UTeM),Malaysia,Asia,M,SP,VH,Public,10.3,1668.0,Universiti Teknikal Malaysia Melaka,Malaysia,"9,543",13.0,6%,36 : 64,24.55,26.9,11.4,27.3,37.4,48.3,2026.0,Universiti Teknikal Malaysia Melaka (UTeM),Malaysia,2026,QS + THE,Matched
578,562,Universiti Teknologi Brunei,Brunei Darussalam,Asia,S,FO,VH,Public,20.2,758.0,Universiti Teknologi Brunei,Brunei Darussalam,"1,977",7.7,4%,61 : 39,39.908,29.9,14.0,68.5,33.5,68.5,2026.0,Universiti Teknologi Brunei,Brunei Darussalam,2026,QS + THE,Matched
153,181,Universiti Teknologi Malaysia (UTM),Malaysia,Asia,L,CO,VH,Public,64.0,437.0,Universiti Teknologi Malaysia,Malaysia,"16,724",10.1,28%,48 : 52,48.429,44.5,29.5,62.0,71.1,70.7,2026.0,Universiti Teknologi Malaysia (UTM),Malaysia,2026,QS + THE,Matched
,,,,,,,,,,1613.0,Universiti Teknologi MARA,Malaysia,"60,349",16.3,2%,66 : 34,25.478,21.2,17.1,33.9,46.5,29.8,2026.0,Universiti Teknologi MARA,Malaysia,2026,THE only,THE record not matched in QS
542,587,Universiti Teknologi MARA - UiTM,Malaysia,Asia,XL,FC,VH,Public,44.5,,,,,,,,,,,,,,,Universiti Teknologi MARA - UiTM,Malaysia,2026,QS only,QS record not matched in THE
251,269,Universiti Teknologi Petronas (UTP),Malaysia,Asia,S,SP,VH,Private not for Profit,29.7,205.0,Universiti Teknologi Petronas,Malaysia,"4,262",13.0,13%,38 : 62,58.37650000000001,41.6,40.3,82.4,94.5,78.9,2026.0,Universiti Teknologi Petronas (UTP),Malaysia,2026,QS + THE,Matched
551,641-650,Universiti Tenaga Nasional (UNITEN),Malaysia,Asia,S,SP,VH,Private for Profit,9.5,673.0,Universiti Tenaga Nasional (UNITEN),Malaysia,"4,317",10.0,20%,33 : 67,41.888,26.1,16.3,72.8,68.1,65.3,2026.0,Universiti Tenaga Nasional (UNITEN),Malaysia,2026,QS + THE,Matched
,,,,,,,,,,1526.0,Universiti Tun Hussein Onn Malaysia (UTHM),Malaysia,"15,743",16.5,7%,45 : 55,26.874,23.2,15.3,36.3,30.2,46.6,2026.0,Universiti Tun Hussein Onn Malaysia (UTHM),Malaysia,2026,THE only,THE record not matched in QS
1001-1200,1001-1200,Universiti Tun Hussein Onn University of Malaysia (UTHM),Malaysia,Asia,L,CO,VH,Public,14.5,,,,,,,,,,,,,,,Universiti Tun Hussein Onn University of Malaysia (UTHM),Malaysia,2026,QS only,QS record not matched in THE
791-800,801-850,Universiti Tunku Abdul Rahman (UTAR),Malaysia,Asia,M,FC,HI,Private not for Profit,19.4,1132.0,Universiti Tunku Abdul Rahman (UTAR),Malaysia,"15,730",12.9,13%,52 : 48,33.187999999999995,20.8,17.8,51.5,63.5,52.0,2026.0,Universiti Tunku Abdul Rahman (UTAR),Malaysia,2026,QS + THE,Matched
491,554,Universiti Utara Malaysia (UUM),Malaysia,Asia,M,CO,VH,Public,31.2,447.0,Universiti Utara Malaysia,Malaysia,"11,413",11.1,33%,65 : 35,48.104,41.1,30.2,66.2,30.1,82.1,2026.0,Universiti Utara Malaysia (UUM),Malaysia,2026,QS + THE,Matched
,,,,,,,,,,2105.0,University Abdelhamid Ibn Badis Mostaganem,Algeria,"24,978",18.9,1%,68 : 32,15.346999999999998,22.1,7.9,10.7,16.6,35.5,2026.0,University Abdelhamid Ibn Badis Mostaganem,Algeria,2026,THE only,THE record not matched in QS
901-950,851-900,University at Albany SUNY,United States of America,Americas,L,CO,VH,Public,10.1,,,,,,,,,,,,,,,University at Albany SUNY,United States,2026,QS only,QS record not matched in THE
,,,,,,,,,,317.0,University at Buffalo,United States,"27,152",16.4,16%,47 : 53,53.417,42.3,34.5,75.4,73.4,71.7,2026.0,University at Buffalo,United States,2026,THE only,THE record not matched in QS
410,466,University at Buffalo SUNY,United States of America,Americas,L,FC,VH,Public,26.3,,,,,,,,,,,,,,,University at Buffalo SUNY,United States,2026,QS only,QS record not matched in THE
,,,,,,,,,,1528.0,University Cadi Ayyad of Marrakech,Morocco,"92,358",37.2,1%,55 : 45,26.787,23.3,10.9,43.0,24.5,38.3,2026.0,University Cadi Ayyad of Marrakech,Morocco,2026,THE only,THE record not matched in QS
246,273,University College Cork,Ireland,Europe,L,FC,VH,Public,43.4,367.0,University College Cork,Ireland,"19,075",20.2,23%,59 : 41,50.9105,29.3,33.2,78.7,77.6,79.0,2026.0,University College Cork,Ireland,2026,QS + THE,Matched
118,126,University College Dublin,Ireland,Europe,L,FC,VH,Public,66.5,223.0,University College Dublin,Ireland,"25,252",19.1,35%,,57.4665,35.5,41.7,84.0,74.9,89.4,2026.0,University College Dublin,Ireland,2026,QS + THE,Matched
187,164,University Complutense Madrid,Spain,Europe,XL,FC,VH,Public,78.5,,,,,,,,,,,,,,,University Complutense Madrid,Spain,2026,QS only,QS record not matched in THE
,,,,,,,,,,1627.0,University for Development Studies,Ghana,"28,162",35.9,0%,28 : 72,25.287,24.4,10.7,35.2,18.4,49.2,2026.0,University for Development Studies,Ghana,2026,THE only,THE record not matched in QS
,,,,,,,,,,2064.0,University Mohamed Boudiaf of M’Sila,Algeria,"32,500",17.5,1%,55 : 45,16.419999999999998,18.5,9.8,15.7,18.7,35.5,2026.0,University Mohamed Boudiaf of M’Sila,Algeria,2026,THE only,THE record not matched in QS
,,,,,,,,,,1260.0,University of A Coruña,Spain,"15,460",12.6,6%,52 : 48,31.055000000000003,24.1,18.6,46.1,46.6,38.1,2026.0,University of A Coruña,Spain,2026,THE only,THE record not matched in QS
262,236,University of Aberdeen,United Kingdom,Europe,M,FC,VH,,40.1,249.0,University of Aberdeen,United Kingdom,"11,875",12.9,36%,58 : 42,56.40599999999999,38.0,34.8,82.3,79.6,96.4,2026.0,University of Aberdeen,United Kingdom,2026,QS + THE,Matched
,,,,,,,,,,1990.0,University of Abou Bekr Belkaïd Tlemcen,Algeria,"40,061",15.7,1%,60 : 40,17.993,27.3,8.2,13.7,20.1,35.3,2026.0,University of Abou Bekr Belkaïd Tlemcen,Algeria,2026,THE only,THE record not matched in QS
,,,,,,,,,,1094.0,University of the Aegean,Greece,"21,442",58.4,2%,55 : 45,33.84949999999999,18.1,24.0,52.7,83.5,32.0,2026.0,University of the Aegean,Greece,2026,THE only,THE record not matched in QS
654,681-690,"University of Agriculture, Faisalabad",Pakistan,Asia,XL,CO,VH,Public,7.3,,,,,,,,,,,,,,,"University of Agriculture, Faisalabad",Pakistan,2026,QS only,QS record not matched in THE
,,,,,,,,,,768.0,The University of Aizu,Japan,"1,289",12.0,13%,11 : 89,39.68749999999999,27.2,14.3,63.6,58.1,81.5,2026.0,The University of Aizu,Japan,2026,THE only,THE record not matched in QS
,,,,,,,,,,1725.0,University of Al-Qadisiyah,Iraq,"27,865",14.0,0%,54 : 46,23.6825,21.5,7.9,40.5,16.6,29.8,2026.0,University of Al-Qadisiyah,Iraq,2026,THE only,THE record not matched in QS
901-950,951-1000,University of Alabama,United States of America,Americas,XL,CO,VH,Public,12.1,871.0,The University of Alabama,United States,"35,682",20.6,3%,57 : 43,37.7005,28.6,22.4,59.4,50.0,39.3,2026.0,University of Alabama,United States,2026,QS + THE,Matched
1001-1200,901-950,"University of Alabama, Birmingham",United States of America,Americas,L,FC,VH,Public,7.3,,,,,,,,,,,,,,,"University of Alabama, Birmingham",United States,2026,QS only,QS record not matched in THE
901-950,801-850,University of Alaska Fairbanks,United States of America,Americas,S,CO,VH,Public,3.4,643.0,University of Alaska Fairbanks,United States,"2,895",8.5,6%,56 : 44,42.519,34.8,30.7,53.6,55.0,67.6,2026.0,University of Alaska Fairbanks,United States,2026,QS + THE,Matched
94,96,University of Alberta,Canada,Americas,XL,FC,VH,Public,70.9,119.0,University of Alberta,Canada,"33,938",21.6,28%,,64.6105,49.1,55.4,78.1,100.0,88.4,2026.0,University of Alberta,Canada,2026,QS + THE,Matched
,,,,,,,,,,958.0,University of Alcalá,Spain,"16,459",10.1,22%,67 : 33,36.216,29.2,17.0,54.3,47.8,59.6,2026.0,University of Alcalá,Spain,2026,THE only,THE record not matched in QS
1001-1200,,University of the Algarve,Portugal,Europe,M,CO,VH,,7.2,1063.0,University of Algarve,Portugal,"9,726",15.3,19%,55 : 45,34.319,19.6,22.1,54.1,29.7,62.8,2026.0,University of the Algarve,Portugal,2026,QS + THE,Matched
,,,,,,,,,,1085.0,University of Alicante,Spain,"21,841",13.4,9%,59 : 41,34.0315,27.6,21.2,47.9,56.1,41.7,2026.0,University of Alicante,Spain,2026,THE only,THE record not matched in QS
,,,,,,,,,,1149.0,University of Almería,Spain,"13,100",16.9,12%,56 : 44,32.8995,22.7,21.2,51.0,34.5,45.0,2026.0,University of Almería,Spain,2026,THE only,THE record not matched in QS
53,55,The University of Amsterdam,Netherlands,Europe,XL,FC,VH,Public,92.5,62.0,University of Amsterdam,Netherlands,"31,035",12.6,39%,60 : 40,73.7445,55.4,63.6,96.6,76.0,92.5,2026.0,The University of Amsterdam,Netherlands,2026,QS + THE,Matched
1001-1200,,University of Anbar,Iraq,Asia,L,CO,HI,Public,25.3,1298.0,University of Anbar,Iraq,"27,797",11.1,1%,57 : 43,30.418,25.0,11.1,53.2,36.6,32.0,2026.0,University of Anbar,Iraq,2026,QS + THE,Matched
,,,,,,,,,,1623.0,"University of the Andes, Chile",Chile,"10,398",17.7,2%,56 : 44,25.3215,22.2,16.1,32.0,22.4,48.1,2026.0,"University of the Andes, Chile",Chile,2026,THE only,THE record not matched in QS
,,,,,,,,,,1030.0,"University of the Andes, Colombia",Colombia,"15,735",14.1,2%,46 : 54,34.934,25.4,22.2,49.8,43.2,57.8,2026.0,"University of the Andes, Colombia",Colombia,2026,THE only,THE record not matched in QS
,,,,,,,,,,2104.0,"University of the Andes, Venezuela",Venezuela,"24,855",14.5,1%,60 : 40,15.354500000000002,17.3,8.6,10.0,24.8,50.2,2026.0,"University of the Andes, Venezuela",Venezuela,2026,THE only,THE record not matched in QS
,,,,,,,,,,1013.0,University of Angers,France,"25,244",26.0,14%,65 : 35,35.23650000000001,18.8,23.1,51.1,58.6,70.9,2026.0,University of Angers,France,2026,THE only,THE record not matched in QS
,,,,,,,,,,1412.0,University of Antioquia,Colombia,"37,677",18.4,0%,52 : 48,28.515,21.1,20.8,38.8,39.9,40.3,2026.0,University of Antioquia,Colombia,2026,THE only,THE record not matched in QS
,,,,,,,,,,1548.0,University of Antofagasta,Chile,"7,763",10.1,3%,57 : 43,26.3305,22.5,9.6,40.2,18.1,55.0,2026.0,University of Antofagasta,Chile,2026,THE only,THE record not matched in QS
280,267,University of Antwerp,Belgium,Europe,L,FC,VH,Public,35.0,173.0,University of Antwerp,Belgium,"16,836",32.6,17%,57 : 43,60.6475,38.9,44.3,89.6,98.5,73.4,2026.0,University of Antwerp,Belgium,2026,QS + THE,Matched
287,293,University of Arizona,United States of America,Americas,XL,FC,VH,Public,49.3,140.0,University of Arizona,United States,"52,414",20.9,7%,57 : 43,62.555,48.3,52.5,86.1,80.6,53.7,2026.0,University of Arizona,United States,2026,QS + THE,Matched
,,,,,,,,,,623.0,University of Arkansas,United States,"28,164",20.3,3%,56 : 44,43.131,28.9,32.5,66.2,67.2,35.1,2026.0,University of Arkansas,United States,2026,THE only,THE record not matched in QS
1001-1200,1001-1200,University of Arkansas Fayetteville,United States of America,Americas,L,CO,VH,Public,8.4,,,,,,,,,,,,,,,University of Arkansas Fayetteville,United States,2026,QS only,QS record not matched in THE
,,,,,,,,,,1675.0,University of the Arts London,United Kingdom,"20,785",11.4,59%,76 : 24,24.422,23.9,11.8,25.4,19.3,74.1,2026.0,University of the Arts London,United Kingdom,2026,THE only,THE record not matched in QS
65,65,The University of Auckland,New Zealand,Oceania,XL,FC,VH,Public,91.7,158.0,University of Auckland,New Zealand,"33,639",23.3,33%,55 : 45,61.428,40.4,46.8,85.7,92.2,87.2,2026.0,The University of Auckland,New Zealand,2026,QS + THE,Matched
419,359,University of Aveiro,Portugal,Europe,L,CO,VH,Public,18.6,741.0,University of Aveiro,Portugal,"14,095",15.9,11%,54 : 46,40.2815,31.6,31.5,53.8,55.3,46.3,2026.0,University of Aveiro,Portugal,2026,QS + THE,Matched
1201-1400,1201-1400,University of Babylon,Iraq,Asia,L,FC,HI,Public,7.7,1733.0,University of Babylon,Iraq,"29,695",12.9,1%,55 : 45,23.5415,28.4,9.0,33.4,21.9,22.1,2026.0,University of Babylon,Iraq,2026,QS + THE,Matched
741-750,801-850,University of Baghdad,Iraq,Asia,XL,FC,VH,Public,18.1,1720.0,University of Baghdad,Iraq,"75,593",11.2,0%,60 : 40,23.7725,28.3,14.8,28.2,29.3,20.0,2026.0,University of Baghdad,Iraq,2026,QS + THE,Matched
951-1000,951-1000,University of Bahrain,Bahrain,Asia,L,CO,HI,Public,14.3,1185.0,University of Bahrain,Bahrain,"22,268",25.2,6%,73 : 27,32.299,14.0,15.2,60.8,21.4,62.2,2026.0,University of Bahrain,Bahrain,2026,QS + THE,Matched
1001-1200,,University of Balamand,Lebanon,Asia,M,CO,HI,Private not for Profit,8.0,,,,,,,,,,,,,,,University of Balamand,Lebanon,2026,QS only,QS record not matched in THE
,,,,,,,,,,996.0,University of the Balearic Islands,Spain,"12,091",9.2,8%,58 : 42,35.555,27.9,16.9,56.6,38.4,52.1,2026.0,University of the Balearic Islands,Spain,2026,THE only,THE record not matched in QS
160,165,University of Barcelona,Spain,Europe,XL,FC,VH,Public,84.9,150.0,University of Barcelona,Spain,"45,016",14.9,12%,64 : 36,61.93299999999999,44.0,47.8,88.5,92.4,64.6,2026.0,University of Barcelona,Spain,2026,QS + THE,Matched
801-850,801-850,University of Bari,Italy,Europe,XL,FO,VH,Public,16.8,,,,,,,,,,,,,,,University of Bari,Italy,2026,QS only,QS record not matched in THE
,,,,,,,,,,746.0,University of Bari Aldo Moro,Italy,"29,256",18.5,2%,62 : 38,40.2435,20.0,25.8,71.4,64.6,38.1,2026.0,University of Bari Aldo Moro,Italy,2026,THE only,THE record not matched in QS
158,131,University of Basel,Switzerland,Europe,M,FC,VH,Public,34.0,120.0,University of Basel,Switzerland,"8,655",11.1,32%,57 : 43,64.52799999999999,50.2,42.8,87.5,99.8,94.2,2026.0,University of Basel,Switzerland,2026,QS + THE,Matched
,,,,,,,,,,734.0,University of the Basque Country,Spain,"39,279",11.6,6%,56 : 44,40.3505,31.1,21.9,63.3,61.5,45.0,2026.0,University of the Basque Country,Spain,2026,THE only,THE record not matched in QS
1201-1400,1201-1400,University of Basrah,Iraq,Asia,XL,FC,HI,Public,9.1,2161.0,University of Basrah,Iraq,"88,218",22.8,0%,64 : 36,13.682,15.2,8.1,14.5,17.1,24.2,2026.0,University of Basrah,Iraq,2026,QS + THE,Matched
132,150,University of Bath,United Kingdom,Europe,L,CO,VH,Public,48.9,263.0,University of Bath,United Kingdom,"17,650",17.7,29%,46 : 54,55.894,39.8,35.1,81.0,67.1,93.2,2026.0,University of Bath,United Kingdom,2026,QS + THE,Matched
,,,,,,,,,,2153.0,University of Batna 2,Algeria,"25,264",13.1,1%,56 : 44,14.0895,20.2,7.6,10.3,17.1,28.7,2026.0,University of Batna 2,Algeria,2026,THE only,THE record not matched in QS
,,,,,,,,,,327.0,University of Bayreuth,Germany,"7,476",19.5,17%,47 : 53,52.778,39.8,41.3,68.6,84.5,68.0,2026.0,University of Bayreuth,Germany,2026,THE only,THE record not matched in QS
,,,,,,,,,,1095.0,University of Bedfordshire,United Kingdom,"12,295",25.1,68%,61 : 39,33.808,18.1,14.0,55.3,32.9,86.7,2026.0,University of Bedfordshire,United Kingdom,2026,THE only,THE record not matched in QS
,,,,,,,,,,724.0,University of Beira Interior,Portugal,"8,307",16.8,21%,56 : 44,40.65500000000001,23.8,23.4,71.4,39.7,51.2,2026.0,University of Beira Interior,Portugal,2026,THE only,THE record not matched in QS
,,,,,,,,,,2018.0,University of Béjaïa,Algeria,"40,158",22.0,1%,60 : 40,17.421,17.4,8.7,19.0,19.5,43.8,2026.0,University of Béjaïa,Algeria,2026,THE only,THE record not matched in QS
761-770,731-740,University of Belgrade,Serbia,Europe,XL,FC,VH,Public,23.6,1069.0,University of Belgrade,Serbia,"91,512",18.1,5%,61 : 39,34.25,22.6,27.3,50.9,31.9,41.6,2026.0,University of Belgrade,Serbia,2026,QS + THE,Matched
,,,,,,,,,,1582.0,University of Benin,Nigeria,"43,884",25.6,0%,50 : 50,25.7945,15.6,9.2,50.5,17.8,35.5,2026.0,University of Benin,Nigeria,2026,THE only,THE record not matched in QS
287,291,University of Bergen,Norway,Europe,L,FC,VH,Public,40.5,287.0,University of Bergen,Norway,"15,304",13.0,13%,62 : 38,54.9005,35.3,36.4,84.1,75.4,75.8,2026.0,University of Bergen,Norway,2026,QS + THE,Matched
184,161,University of Bern,Switzerland,Europe,M,FC,VH,Public,38.0,109.0,University of Bern,Switzerland,"11,959",17.4,18%,59 : 41,65.4255,46.6,47.0,92.0,99.4,86.3,2026.0,University of Bern,Switzerland,2026,QS + THE,Matched
,,,,,,,,,,2087.0,University of Bío-Bío,Chile,"11,435",22.9,1%,43 : 57,15.7855,14.9,6.8,17.2,18.7,46.8,2026.0,University of Bío-Bío,Chile,2026,THE only,THE record not matched in QS
,,,,,,,,,,1909.0,University of Birjand,Iran,"12,169",33.9,4%,59 : 41,19.6545,15.6,13.7,27.2,20.3,28.1,2026.0,University of Birjand,Iran,2026,THE only,THE record not matched in QS
76,80,University of Birmingham,United Kingdom,Europe,XL,FC,VH,Public,81.1,100.0,University of Birmingham,United Kingdom,"34,145",14.6,35%,56 : 44,66.258,47.7,48.4,93.7,74.2,94.3,2026.0,University of Birmingham,United Kingdom,2026,QS + THE,Matched
,,,,,,,,,,1182.0,University of Bisha,Saudi Arabia,"14,581",12.2,2%,63 : 37,32.403499999999994,19.4,8.8,59.5,16.9,74.7,2026.0,University of Bisha,Saudi Arabia,2026,THE only,THE record not matched in QS
,,,,,,,,,,1970.0,University of Biskra,Algeria,"28,193",17.5,0%,63 : 37,18.4915,18.2,8.3,23.6,18.7,38.5,2026.0,University of Biskra,Algeria,2026,THE only,THE record not matched in QS
,,,,,,,,,,130.0,University of Bologna,Italy,"75,831",22.4,16%,58 : 42,63.28549999999999,54.2,50.1,83.3,82.5,59.7,2026.0,University of Bologna,Italy,2026,THE only,THE record not matched in QS
,,,,,,,,,,94.0,University of Bonn,Germany,"24,491",34.1,16%,58 : 42,66.6895,51.5,56.6,88.5,78.7,71.8,2026.0,University of Bonn,Germany,2026,THE only,THE record not matched in QS
,,,,,,,,,,472.0,University of Bordeaux,France,"51,535",21.0,15%,60 : 40,47.133,36.8,28.0,68.6,68.3,64.6,2026.0,University of Bordeaux,France,2026,THE only,THE record not matched in QS
,,,,,,,,,,1197.0,University of Botswana,Botswana,"18,913",25.1,5%,61 : 39,32.157,14.5,13.2,62.9,19.1,58.9,2026.0,University of Botswana,Botswana,2026,THE only,THE record not matched in QS
511,531,University of Bradford,United Kingdom,Europe,M,CO,VH,Public,14.0,569.0,University of Bradford,United Kingdom,"11,775",22.0,47%,56 : 44,44.6865,21.4,21.4,76.1,58.5,93.3,2026.0,University of Bradford,United Kingdom,2026,QS + THE,Matched
,,,,,,,,,,1482.0,University of Brasília,Brazil,"43,678",14.4,1%,53 : 47,27.4785,34.0,17.7,27.7,33.2,35.7,2026.0,University of Brasília,Brazil,2026,THE only,THE record not matched in QS
680,801-850,University of Brawijaya,Indonesia,Asia,XL,FC,HI,Public,30.1,1756.0,University of Brawijaya,Indonesia,"47,186",16.1,4%,60 : 40,23.0455,24.9,13.3,23.7,36.2,43.8,2026.0,University of Brawijaya,Indonesia,2026,QS + THE,Matched
,,,,,,,,,,328.0,University of Bremen,Germany,"11,398",20.5,15%,56 : 44,52.7665,39.7,39.6,72.3,78.9,63.0,2026.0,University of Bremen,Germany,2026,THE only,THE record not matched in QS
650,691-700,University of Brescia,Italy,Europe,M,FO,VH,Public,7.3,391.0,University of Brescia,Italy,"10,190",24.3,5%,52 : 48,50.126000000000005,35.4,24.7,88.0,72.0,43.2,2026.0,University of Brescia,Italy,2026,QS + THE,Matched
801-850,801-850,University of Brighton,United Kingdom,Europe,L,FO,VH,Public,9.6,786.0,University of Brighton,United Kingdom,"14,840",16.8,23%,61 : 39,39.43599999999999,19.9,19.3,63.4,64.9,84.7,2026.0,University of Brighton,United Kingdom,2026,QS + THE,Matched
51,54,University of Bristol,United Kingdom,Europe,XL,FC,VH,Public,87.3,80.0,University of Bristol,United Kingdom,"29,680",14.2,35%,56 : 44,69.737,51.4,56.5,94.4,74.6,91.8,2026.0,University of Bristol,United Kingdom,2026,QS + THE,Matched
40,38,University of British Columbia,Canada,Americas,XL,FC,VH,Public,99.6,45.0,University of British Columbia,Canada,"60,112",18.7,34%,55 : 45,77.02900000000001,64.1,73.9,88.6,77.4,93.5,2026.0,University of British Columbia,Canada,2026,QS + THE,Matched
761-770,801-850,University of Bucharest,Romania,Europe,XL,CO,VH,Public,21.1,1066.0,University of Bucharest,Romania,"31,127",32.1,2%,70 : 30,34.2785,21.6,24.1,58.4,27.0,30.9,2026.0,University of Bucharest,Romania,2026,QS + THE,Matched
,,,,,,,,,,1400.0,University of Burgos,Spain,"8,300",14.2,5%,56 : 44,28.6265,21.8,16.7,44.9,29.0,36.3,2026.0,University of Burgos,Spain,2026,THE only,THE record not matched in QS
,,,,,,,,,,1371.0,University of Cadiz,Spain,"18,319",15.7,10%,61 : 39,29.122,21.2,18.3,42.7,37.4,43.4,2026.0,University of Cadiz,Spain,2026,THE only,THE record not matched in QS
,,,,,,,,,,681.0,University of Cagliari,Italy,"14,312",15.0,2%,62 : 38,41.7665,33.8,24.0,64.3,62.7,40.5,2026.0,University of Cagliari,Italy,2026,THE only,THE record not matched in QS
,,,,,,,,,,1682.0,University of Calabar,Nigeria,"24,000",15.7,0%,88 : 12,24.317,20.4,9.6,39.7,17.0,39.0,2026.0,University of Calabar,Nigeria,2026,THE only,THE record not matched in QS
,,,,,,,,,,654.0,University of Calabria,Italy,"10,386",15.7,8%,54 : 46,42.299,39.5,21.9,62.4,59.7,42.5,2026.0,University of Calabria,Italy,2026,THE only,THE record not matched in QS
771-780,751-760,University of Calcutta,India,Asia,L,CO,VH,Public,19.7,,,,,,,,,,,,,,,University of Calcutta,India,2026,QS only,QS record not matched in THE
211,198,University of Calgary,Canada,Americas,XL,FC,VH,Public,47.6,202.0,University of Calgary,Canada,"35,954",20.3,26%,53 : 47,58.6335,37.8,43.1,83.6,91.4,83.3,2026.0,University of Calgary,Canada,2026,QS + THE,Matched
17,12,"University of California, Berkeley (UCB)",United States of America,Americas,XL,FC,VH,Public,100.0,9.0,"University of California, Berkeley",United States,"42,565",18.4,25%,53 : 47,94.406,87.3,99.0,98.9,99.5,83.9,2026.0,"University of California, Berkeley (UCB)",United States,2026,QS + THE,Matched
114,130,"University of California, Davis",United States of America,Americas,XL,FC,VH,Public,72.7,64.0,"University of California, Davis",United States,"38,565",13.6,22%,58 : 42,72.81899999999999,63.9,66.4,84.9,86.5,77.1,2026.0,"University of California, Davis",United States,2026,QS + THE,Matched
293,307,"University of California, Irvine",United States of America,Americas,XL,FC,VH,Public,46.6,97.0,"University of California, Irvine",United States,"35,079",15.3,24%,54 : 46,66.4315,47.8,52.8,91.2,98.4,76.3,2026.0,"University of California, Irvine",United States,2026,QS + THE,Matched
46,42,"University of California, Los Angeles (UCLA)",United States of America,Americas,XL,FC,VH,Public,100.0,18.0,"University of California, Los Angeles",United States,"44,700",9.8,15%,57 : 43,89.48599999999999,86.0,91.4,95.6,93.5,69.2,2026.0,"University of California, Los Angeles (UCLA)",United States,2026,QS + THE,Matched
,,,,,,,,,,407.0,"University of California, Merced",United States,"9,070",21.2,7%,46 : 54,49.639500000000005,31.6,29.0,86.7,58.0,47.7,2026.0,"University of California, Merced",United States,2026,THE only,THE record not matched in QS
440,497,"University of California, Riverside",United States of America,Americas,L,FC,VH,Public,21.4,329.0,"University of California, Riverside",United States,"25,233",19.6,16%,51 : 49,52.761500000000005,37.4,32.6,79.5,69.8,75.1,2026.0,"University of California, Riverside",United States,2026,QS + THE,Matched
66,72,"University of California, San Diego (UCSD)",United States of America,Americas,XL,FC,VH,Public,94.0,47.0,"University of California, San Diego",United States,"40,586",9.8,23%,51 : 49,76.5385,66.4,63.7,97.1,100.0,71.3,2026.0,"University of California, San Diego (UCSD)",United States,2026,QS + THE,Matched
179,178,"University of California, Santa Barbara (UCSB)",United States of America,Americas,L,CO,VH,Public,65.3,72.0,"University of California, Santa Barbara",United States,"25,735",22.9,18%,55 : 45,71.23949999999999,50.3,63.2,94.5,92.7,80.2,2026.0,"University of California, Santa Barbara (UCSB)",United States,2026,QS + THE,Matched
458,393,"University of California, Santa Cruz",United States of America,Americas,L,CO,VH,Public,24.7,182.0,"University of California, Santa Cruz",United States,"19,357",23.6,10%,47 : 53,59.892,38.3,41.7,93.2,75.7,73.5,2026.0,"University of California, Santa Cruz",United States,2026,QS + THE,Matched
6,5,University of Cambridge,United Kingdom,Europe,L,FC,VH,Public,100.0,4.0,University of Cambridge,United Kingdom,"21,045",11.3,38%,50 : 50,97.2065,96.2,99.9,97.1,87.6,96.3,2026.0,University of Cambridge,United Kingdom,2026,QS + THE,Matched
,,,,,,,,,,1060.0,University of Camerino (Unicam),Italy,"7,780",26.1,13%,51 : 49,34.441,21.7,18.3,54.2,58.5,55.1,2026.0,University of Camerino (Unicam),Italy,2026,THE only,THE record not matched in QS
,,,,,,,,,,1012.0,University of Campania Luigi Vanvitelli,Italy,"33,016",27.1,2%,55 : 45,35.2385,18.4,10.0,75.0,51.2,31.5,2026.0,University of Campania Luigi Vanvitelli,Italy,2026,THE only,THE record not matched in QS
,,,,,,,,,,379.0,University of Campinas,Brazil,"32,551",19.0,3%,47 : 53,50.468,51.7,48.0,50.2,78.1,41.5,2026.0,University of Campinas,Brazil,2026,THE only,THE record not matched in QS
494,403,University of Canberra,Australia,Oceania,M,CO,VH,Public,18.2,442.0,University of Canberra,Australia,"10,723",27.2,44%,57 : 43,48.334,25.7,31.0,76.0,57.0,89.1,2026.0,University of Canberra,Australia,2026,QS + THE,Matched
261,261,University of Canterbury,New Zealand,Oceania,L,CO,VH,Public,48.8,632.0,University of Canterbury,New Zealand,"14,857",19.1,18%,50 : 50,42.7575,26.6,28.3,59.9,64.4,82.1,2026.0,University of Canterbury,New Zealand,2026,QS + THE,Matched
,,,,,,,,,,1002.0,University of Cape Coast,Ghana,"36,491",40.0,0%,40 : 60,35.467499999999994,18.2,22.1,63.3,33.3,44.9,2026.0,University of Cape Coast,Ghana,2026,THE only,THE record not matched in QS
150,171,University of Cape Town,South Africa,Africa,L,FC,VH,Public,58.2,166.0,University of Cape Town,South Africa,"20,094",12.6,12%,56 : 44,60.7405,39.4,46.7,87.8,84.8,77.9,2026.0,University of Cape Town,South Africa,2026,QS + THE,Matched
,,,,,,,,,,1662.0,University of Carthage,Tunisia,"32,944",10.6,1%,64 : 36,24.6145,24.8,10.2,32.2,34.7,43.9,2026.0,University of Carthage,Tunisia,2026,THE only,THE record not matched in QS
,,,,,,,,,,1104.0,University of Castilla-La Mancha,Spain,"25,421",13.5,10%,57 : 43,33.626,24.0,17.9,52.8,53.5,45.0,2026.0,University of Castilla-La Mancha,Spain,2026,THE only,THE record not matched in QS
,,,,,,,,,,551.0,University of Catania,Italy,"30,470",20.0,5%,56 : 44,45.153,31.4,22.0,78.7,59.0,47.2,2026.0,University of Catania,Italy,2026,THE only,THE record not matched in QS
,,,,,,,,,,2125.0,University of Cauca,Colombia,"16,898",12.6,0%,49 : 51,14.765,19.2,8.7,8.1,34.7,36.8,2026.0,University of Cauca,Colombia,2026,THE only,THE record not matched in QS
,,,,,,,,,,1986.0,University of Caxias do Sul,Brazil,"13,482",29.8,0%,54 : 46,18.1105,18.5,9.2,24.3,23.5,23.4,2026.0,University of Caxias do Sul,Brazil,2026,THE only,THE record not matched in QS
701-710,741-750,University of Central Florida,United States of America,Americas,XL,FC,VH,Public,18.6,478.0,University of Central Florida,United States,"61,009",30.8,5%,57 : 43,46.9885,29.1,32.8,77.2,74.3,36.8,2026.0,University of Central Florida,United States,2026,QS + THE,Matched
1001-1200,951-1000,University of Central Lancashire,United Kingdom,Europe,L,CO,HI,Public,6.5,,,,,,,,,,,,,,,University of Central Lancashire,United Kingdom,2026,QS only,QS record not matched in THE
,,,,,,,,,,955.0,University of Central Punjab,Pakistan,"16,612",25.4,0%,36 : 64,36.254,12.9,11.8,81.6,20.1,49.9,2026.0,University of Central Punjab,Pakistan,2026,THE only,THE record not matched in QS
638,570,"University of Chemistry and Technology, Prague",Czechia,Europe,S,FO,VH,Public,8.2,1342.0,"University of Chemistry and Technology, Prague",Czechia,"4,505",8.8,29%,57 : 43,29.6165,37.3,14.7,26.9,55.0,54.4,2026.0,"University of Chemistry and Technology, Prague",Czechia,2026,QS + THE,Matched
,,,,,,,,,,1634.0,University of Chester,United Kingdom,"11,380",18.4,28%,66 : 34,25.233,19.8,12.9,31.0,27.9,69.8,2026.0,University of Chester,United Kingdom,2026,THE only,THE record not matched in QS
13,21,University of Chicago,United States of America,Americas,L,FC,VH,Private not for Profit,99.8,15.0,The University of Chicago,United States,"16,509",5.9,39%,47 : 53,90.6345,89.6,90.1,96.8,76.4,79.7,2026.0,University of Chicago,United States,2026,QS + THE,Matched
,,,,,,,,,,1058.0,University of Chile,Chile,"42,010",17.3,3%,49 : 51,34.5295,26.6,21.5,48.3,56.5,49.3,2026.0,University of Chile,Chile,2026,THE only,THE record not matched in QS
362,,University of Chinese Academy of Sciences (UCAS),China (Mainland),Asia,XL,FC,VH,Public,30.9,,,,,,,,,,,,,,,University of Chinese Academy of Sciences (UCAS),China (Mainland),2026,QS only,QS record not matched in THE
,,,,,,,,,,1355.0,University of Chittagong,Bangladesh,"26,397",24.0,0%,41 : 59,29.4095,11.5,9.5,60.7,22.8,55.2,2026.0,University of Chittagong,Bangladesh,2026,THE only,THE record not matched in QS
721-730,761-770,University of Cincinnati,United States of America,Americas,XL,FC,VH,Public,15.1,,,,,,,,,,,,,,,University of Cincinnati,United States,2026,QS only,QS record not matched in THE
,,,,,,,,,,1103.0,University of Clermont Auvergne,France,"35,429",19.9,15%,59 : 41,33.629000000000005,20.8,18.6,49.3,60.1,65.4,2026.0,University of Clermont Auvergne,France,2026,THE only,THE record not matched in QS
347,355,University of Coimbra,Portugal,Europe,L,FC,VH,Public,39.2,453.0,University of Coimbra,Portugal,"23,217",20.4,19%,58 : 42,47.9885,33.8,42.1,61.5,81.4,54.7,2026.0,University of Coimbra,Portugal,2026,QS + THE,Matched
,,,,,,,,,,1406.0,University of Colima,Mexico,"14,655",6.5,0%,52 : 48,28.5735,23.4,8.2,54.3,19.0,29.9,2026.0,University of Colima,Mexico,2026,THE only,THE record not matched in QS
,,,,,,,,,,165.0,University of Cologne,Germany,"27,278",23.0,18%,,60.8155,44.5,46.5,83.9,94.2,70.2,2026.0,University of Cologne,Germany,2026,THE only,THE record not matched in QS
1001-1200,951-1000,University of Colombo,Sri Lanka,Asia,L,CO,HI,Public,15.1,1008.0,University of Colombo,Sri Lanka,"35,859",32.1,1%,61 : 39,35.3415,26.0,11.7,67.1,27.4,40.7,2026.0,University of Colombo,Sri Lanka,2026,QS + THE,Matched
299,320,University of Colorado Boulder,United States of America,Americas,XL,CO,VH,Public,49.0,160.0,University of Colorado Boulder,United States,"37,094",17.0,8%,46 : 54,61.31849999999999,47.5,51.6,84.1,77.3,53.6,2026.0,University of Colorado Boulder,United States,2026,QS + THE,Matched
851-900,761-770,"University of Colorado, Denver",United States of America,Americas,L,FC,HI,Public,10.5,,,,,,,,,,,,,,,"University of Colorado, Denver",United States,2026,QS only,QS record not matched in THE
,,,,,,,,,,369.0,University of Colorado Denver/Anschutz Medical Campus,United States,"20,208",4.0,7%,58 : 42,50.8655,33.7,25.1,93.3,73.5,36.2,2026.0,University of Colorado Denver/Anschutz Medical Campus,United States,2026,THE only,THE record not matched in QS
,,,,,,,,,,1380.0,University of Concepción,Chile,"29,870",17.0,2%,52 : 48,28.9305,19.3,18.1,40.9,47.7,50.8,2026.0,University of Concepción,Chile,2026,THE only,THE record not matched in QS
534,565,University of Connecticut,United States of America,Americas,L,FC,VH,Public,20.8,395.0,University of Connecticut,United States,"29,850",11.6,14%,53 : 47,50.0275,40.6,28.6,73.4,69.1,66.3,2026.0,University of Connecticut,United States,2026,QS + THE,Matched
101,100,University of Copenhagen,Denmark,Europe,XL,FC,VH,Public,85.5,90.0,University of Copenhagen,Denmark,"31,425",4.2,14%,63 : 37,67.11849999999998,51.3,52.2,91.3,92.8,76.6,2026.0,University of Copenhagen,Denmark,2026,QS + THE,Matched
,,,,,,,,,,860.0,University of Córdoba,Spain,"17,571",11.8,11%,59 : 41,37.833,27.4,20.7,60.4,45.8,50.6,2026.0,University of Córdoba,Spain,2026,THE only,THE record not matched in QS
,,,,,,,,,,1728.0,University of Costa Rica,Costa Rica,"30,813",14.6,2%,52 : 48,23.6415,20.9,10.2,33.9,23.2,45.6,2026.0,University of Costa Rica,Costa Rica,2026,THE only,THE record not matched in QS
,,,,,,,,,,1937.0,University of Craiova,Romania,"16,584",17.0,4%,52 : 48,18.997,16.2,11.5,26.6,24.2,25.8,2026.0,University of Craiova,Romania,2026,THE only,THE record not matched in QS
628,601-610,University of Crete,Greece,Europe,L,FC,HI,Public,19.3,649.0,University of Crete,Greece,"12,551",22.7,5%,64 : 36,42.392500000000005,24.7,29.1,68.5,66.3,46.2,2026.0,University of Crete,Greece,2026,QS + THE,Matched
,,,,,,,,,,2028.0,University of Cuenca,Ecuador,"16,641",19.9,1%,58 : 42,17.182000000000002,13.9,10.9,16.8,35.2,46.3,2026.0,University of Cuenca,Ecuador,2026,THE only,THE record not matched in QS
951-1000,,University of Cyberjaya,Malaysia,Asia,S,FO,HI,,22.5,,,,,,,,,,,,,,,University of Cyberjaya,Malaysia,2026,QS only,QS record not matched in THE
452,389,University of Cyprus,Cyprus,Asia,M,CO,VH,Public,14.6,493.0,University of Cyprus,Cyprus,"6,983",19.9,14%,62 : 38,46.554,28.9,30.7,69.2,70.2,74.1,2026.0,University of Cyprus,Cyprus,2026,QS + THE,Matched
1401+,,University of Da Nang,Viet Nam,Asia,XL,CO,HI,Public,8.1,,,,,,,,,,,,,,,University of Da Nang,Viet Nam,2026,QS only,QS record not matched in THE
,,,,,,,,,,1901.0,The University of Danang,Vietnam,"60,839",36.0,1%,58 : 42,19.9895,10.4,9.4,32.0,24.7,48.1,2026.0,The University of Danang,Vietnam,2026,THE only,THE record not matched in QS
,,,,,,,,,,1902.0,University of Dar es Salaam,Tanzania,"38,201",20.9,0%,48 : 52,19.8625,14.5,11.1,26.5,21.9,47.2,2026.0,University of Dar es Salaam,Tanzania,2026,THE only,THE record not matched in QS
563,574,University of Debrecen,Hungary,Europe,L,FC,HI,Public,27.3,876.0,University of Debrecen,Hungary,"20,923",12.2,25%,56 : 44,37.6635,41.7,18.2,45.7,50.6,58.0,2026.0,University of Debrecen,Hungary,2026,QS + THE,Matched
553,506,University of Delaware,United States of America,Americas,L,CO,VH,Public,12.5,449.0,University of Delaware,United States,"21,608",14.6,11%,58 : 42,48.053,36.1,32.0,68.5,80.4,58.1,2026.0,University of Delaware,United States,2026,QS + THE,Matched
328,328,University of Delhi,India,Asia,L,FO,VH,Public,46.9,802.0,University of Delhi,India,"24,204",20.2,2%,47 : 53,39.005,42.9,29.7,45.8,53.6,24.7,2026.0,University of Delhi,India,2026,QS + THE,Matched
1001-1200,951-1000,University of Denver,United States of America,Americas,M,CO,VH,Private not for Profit,7.8,608.0,University of Denver,United States,"10,234",13.3,5%,62 : 38,43.547,40.2,25.5,63.5,57.2,39.4,2026.0,University of Denver,United States,2026,QS + THE,Matched
1201-1400,1001-1200,University of Derby,United Kingdom,Europe,L,CO,HI,Public,5.4,793.0,University of Derby,United Kingdom,"15,820",14.6,26%,61 : 39,39.293,19.0,14.1,74.0,34.6,80.2,2026.0,University of Derby,United Kingdom,2026,QS + THE,Matched
1001-1200,1001-1200,University of Deusto,Spain,Europe,M,FO,VH,,8.9,1213.0,University of Deusto,Spain,"10,138",18.7,11%,56 : 44,31.9165,20.7,20.6,49.3,39.9,46.0,2026.0,University of Deusto,Spain,2026,QS + THE,Matched
584,554,University of Dhaka,Bangladesh,Asia,XL,FC,HI,Public,30.5,931.0,University of Dhaka,Bangladesh,"35,843",18.6,0%,44 : 56,36.7315,17.7,13.3,76.5,33.2,45.0,2026.0,University of Dhaka,Bangladesh,2026,QS + THE,Matched
,,,,,,,,,,1864.0,University of Diyala,Iraq,"26,009",13.8,0%,56 : 44,20.898,18.9,8.4,33.9,17.1,27.1,2026.0,University of Diyala,Iraq,2026,THE only,THE record not matched in QS
851-900,851-900,University of Dubai,United Arab Emirates,Asia,S,SP,MD,Private not for Profit,6.0,,,,,,,,,,,,,,,University of Dubai,United Arab Emirates,2026,QS only,QS record not matched in THE
,,,,,,,,,,1263.0,University of Duhok,Iraq,"20,093",10.0,1%,53 : 47,31.0135,24.2,8.1,61.3,19.7,31.3,2026.0,University of Duhok,Iraq,2026,THE only,THE record not matched in QS
,,,,,,,,,,312.0,University of Duisburg-Essen,Germany,"37,867",33.1,20%,50 : 50,53.60549999999999,35.4,34.6,82.7,87.4,64.3,2026.0,University of Duisburg-Essen,Germany,2026,THE only,THE record not matched in QS
428,418,University of Dundee,United Kingdom,Europe,M,FC,VH,Public,25.5,325.0,University of Dundee,United Kingdom,"15,420",19.4,36%,65 : 35,52.849,28.5,32.6,82.1,87.0,91.7,2026.0,University of Dundee,United Kingdom,2026,QS + THE,Matched
381,332,University of East Anglia (UEA),United Kingdom,Europe,L,FC,VH,Public,24.7,290.0,University of East Anglia,United Kingdom,"16,240",13.2,26%,57 : 43,54.75199999999999,34.7,30.2,89.1,62.0,87.3,2026.0,University of East Anglia (UEA),United Kingdom,2026,QS + THE,Matched
1001-1200,901-950,University of East London,United Kingdom,Europe,L,FO,HI,Public,3.9,1076.0,University of East London,United Kingdom,"18,135",28.6,57%,49 : 51,34.0995,23.6,15.3,49.5,32.2,87.5,2026.0,University of East London,United Kingdom,2026,QS + THE,Matched
604,535,University of Eastern Finland,Finland,Europe,L,CO,VH,Public,18.9,482.0,University of Eastern Finland,Finland,"12,849",17.1,7%,68 : 32,46.86749999999999,28.6,31.1,76.6,67.6,49.7,2026.0,University of Eastern Finland,Finland,2026,QS + THE,Matched
,,,,,,,,,,1752.0,University of Economics in Prague,Czechia,"14,471",28.3,30%,52 : 48,23.1885,17.2,15.0,30.1,20.3,52.3,2026.0,University of Economics in Prague,Czechia,2026,THE only,THE record not matched in QS
34,27,University of Edinburgh,United Kingdom,Europe,XL,FC,VH,Public,99.6,29.0,University of Edinburgh,United Kingdom,"35,350",11.3,49%,62 : 38,82.4895,75.7,74.7,94.8,71.0,96.2,2026.0,University of Edinburgh,United Kingdom,2026,QS + THE,Matched
,,,,,,,,,,1201.0,"University of Education, Lahore",Pakistan,"29,744",17.4,0%,57 : 43,32.0975,13.6,8.8,70.3,16.4,50.5,2026.0,"University of Education, Lahore",Pakistan,2026,THE only,THE record not matched in QS
,,,,,,,,,,1428.0,University of El Oued,Algeria,"22,276",19.9,0%,62 : 38,28.337,19.8,8.9,53.0,17.5,44.2,2026.0,University of El Oued,Algeria,2026,THE only,THE record not matched in QS
,,,,,,,,,,1325.0,The University of Electro-Communications,Japan,"4,621",14.6,5%,12 : 88,29.9495,25.7,24.1,32.3,69.1,39.0,2026.0,The University of Electro-Communications,Japan,2026,THE only,THE record not matched in QS
,,,,,,,,,,333.0,University of Electronic Science and Technology of China,China,"39,817",16.7,2%,28 : 72,52.511,37.6,37.5,80.2,99.1,33.6,2026.0,University of Electronic Science and Technology of China,China,2026,THE only,THE record not matched in QS
519,451,University of Electronic Science and Technology of China,China (Mainland),Asia,XL,FO,VH,Public,5.8,,,,,,,,,,,,,,,University of Electronic Science and Technology of China,China (Mainland),2026,QS only,QS record not matched in THE
801-850,751-760,University of Engineering & Technology (UET) Lahore,Pakistan,Asia,L,SP,VH,Public,11.1,1299.0,University of Engineering & Technology (UET) Lahore,Pakistan,"13,860",13.5,2%,33 : 67,30.415,20.2,10.5,54.3,32.4,51.0,2026.0,University of Engineering & Technology (UET) Lahore,Pakistan,2026,QS + THE,Matched
,,,,,,,,,,1143.0,"University of Engineering and Technology, Peshawar",Pakistan,"7,425",16.6,2%,13 : 87,32.9805,17.8,12.8,62.9,28.0,53.7,2026.0,"University of Engineering and Technology, Peshawar",Pakistan,2026,THE only,THE record not matched in QS
,,,,,,,,,,810.0,"University of Engineering and Technology, Taxila",Pakistan,"5,282",19.9,2%,22 : 78,38.901,19.3,14.4,80.8,28.1,48.9,2026.0,"University of Engineering and Technology, Taxila",Pakistan,2026,THE only,THE record not matched in QS
,,,,,,,,,,207.0,University of Erlangen-Nuremberg,Germany,"28,153",34.2,20%,51 : 49,58.1815,41.7,46.5,78.6,100.0,64.2,2026.0,University of Erlangen-Nuremberg,Germany,2026,THE only,THE record not matched in QS
456,472,University of Essex,United Kingdom,Europe,L,CO,VH,Public,23.7,350.0,University of Essex,United Kingdom,"16,005",14.8,48%,55 : 45,51.683,30.1,30.2,81.0,61.2,97.3,2026.0,University of Essex,United Kingdom,2026,QS + THE,Matched
,,,,,,,,,,1338.0,University of Évora,Portugal,"8,196",14.0,17%,58 : 42,29.7265,25.0,21.5,36.8,25.1,54.3,2026.0,University of Évora,Portugal,2026,THE only,THE record not matched in QS
155,169,University of Exeter,United Kingdom,Europe,L,FC,VH,Public,57.9,174.0,University of Exeter,United Kingdom,"29,280",15.7,29%,54 : 46,60.575,36.6,42.1,94.0,59.1,93.4,2026.0,University of Exeter,United Kingdom,2026,QS + THE,Matched
,,,,,,,,,,582.0,University of Ferrara,Italy,"23,862",33.5,5%,63 : 37,44.31249999999999,31.9,26.8,70.3,68.5,44.0,2026.0,University of Ferrara,Italy,2026,THE only,THE record not matched in QS
404,375,University of Florence,Italy,Europe,XL,FC,VH,Public,45.1,355.0,University of Florence,Italy,"42,558",22.9,9%,60 : 40,51.42349999999999,37.6,37.9,75.9,76.7,46.7,2026.0,University of Florence,Italy,2026,QS + THE,Matched
212,215,University of Florida,United States of America,Americas,XL,FC,VH,Public,58.9,135.0,University of Florida,United States,"47,815",15.5,10%,56 : 44,62.92,55.3,56.7,76.2,90.9,48.9,2026.0,University of Florida,United States,2026,QS + THE,Matched
,,,,,,,,,,998.0,University of Foggia,Italy,"9,947",34.9,1%,66 : 34,35.511,16.8,26.0,63.6,38.0,32.2,2026.0,University of Foggia,Italy,2026,THE only,THE record not matched in QS
,,,,,,,,,,2116.0,University of Fortaleza (UNIFOR),Brazil,"23,797",24.8,0%,53 : 47,14.9,14.9,9.7,15.6,19.6,29.7,2026.0,University of Fortaleza (UNIFOR),Brazil,2026,THE only,THE record not matched in QS
1001-1200,1001-1200,University of the Free State,South Africa,Africa,L,FO,VH,Public,7.2,1171.0,University of the Free State,South Africa,"31,599",30.9,2%,64 : 36,32.596,23.1,20.0,49.6,30.6,51.7,2026.0,University of the Free State,South Africa,2026,QS + THE,Matched
,,,,,,,,,,139.0,University of Freiburg,Germany,"20,405",19.6,18%,55 : 45,62.643,46.7,47.4,84.5,99.7,77.1,2026.0,University of Freiburg,Germany,2026,THE only,THE record not matched in QS
642,539,University of Fribourg,Switzerland,Europe,M,CO,VH,Public,13.6,423.0,University of Fribourg,Switzerland,"6,817",14.8,17%,65 : 35,49.03,39.1,33.8,62.4,71.9,81.3,2026.0,University of Fribourg,Switzerland,2026,QS + THE,Matched
,,,,,,,,,,1853.0,University of Fukui,Japan,"4,833",7.8,3%,30 : 70,21.1035,27.7,12.4,18.7,42.9,26.8,2026.0,University of Fukui,Japan,2026,THE only,THE record not matched in QS
,,,,,,,,,,356.0,University of Galway,Ireland,"15,340",24.1,20%,60 : 40,51.33,30.2,34.7,76.9,86.7,77.6,2026.0,University of Galway,Ireland,2026,THE only,THE record not matched in QS
284,273,University of Galway / Ollscoil na Gaillimhe,Ireland,Europe,L,FC,VH,Public,37.3,,,,,,,,,,,,,,,University of Galway / Ollscoil na Gaillimhe,Ireland,2026,QS only,QS record not matched in THE
851-900,851-900,University of Gdansk,Poland,Europe,L,CO,VH,Public,17.4,1516.0,University of Gdańsk,Poland,"18,116",10.0,3%,67 : 33,27.053999999999995,27.3,15.1,35.3,31.6,36.9,2026.0,University of Gdansk,Poland,2026,QS + THE,Matched
155,155,University of Geneva,Switzerland,Europe,L,FC,VH,Public,55.3,168.0,University of Geneva,Switzerland,"17,681",7.8,41%,63 : 37,60.7165,43.8,40.0,85.2,85.7,96.1,2026.0,University of Geneva,Switzerland,2026,QS + THE,Matched
530,547,University of Genoa,Italy,Europe,L,FC,VH,Public,28.0,410.0,University of Genoa,Italy,"20,218",16.4,9%,58 : 42,49.5295,39.4,30.9,74.6,76.2,46.9,2026.0,University of Genoa,Italy,2026,QS + THE,Matched
525,587,The University of Georgia,United States of America,Americas,XL,FC,VH,Public,27.9,391.0,University of Georgia (USA),United States,"38,946",15.4,7%,59 : 41,50.126000000000005,41.5,38.3,67.4,66.6,51.9,2026.0,The University of Georgia,United States,2026,QS + THE,Matched
851-900,851-900,University of Ghana,Ghana,Africa,XL,FC,HI,Public,17.8,1043.0,University of Ghana,Ghana,"72,334",46.5,1%,49 : 51,34.7575,17.0,32.2,49.2,46.8,50.3,2026.0,University of Ghana,Ghana,2026,QS + THE,Matched
,,,,,,,,,,1014.0,University of Girona,Spain,"14,130",21.4,14%,58 : 42,35.166500000000006,21.2,24.6,51.5,53.4,55.9,2026.0,University of Girona,Spain,2026,THE only,THE record not matched in QS
79,78,University of Glasgow,United Kingdom,Europe,XL,FC,VH,Public,88.3,84.0,University of Glasgow,United Kingdom,"34,075",13.4,45%,60 : 40,68.92549999999999,50.6,52.2,95.9,73.2,95.5,2026.0,University of Glasgow,United Kingdom,2026,QS + THE,Matched
,,,,,,,,,,1102.0,University of Gloucestershire,United Kingdom,"7,140",15.5,20%,60 : 40,33.6845,18.5,14.2,58.7,27.1,72.2,2026.0,University of Gloucestershire,United Kingdom,2026,THE only,THE record not matched in QS
202,194,University of Gothenburg,Sweden,Europe,L,FC,VH,Public,46.4,212.0,University of Gothenburg,Sweden,"20,756",10.9,13%,,57.9785,34.8,43.2,91.1,78.8,62.7,2026.0,University of Gothenburg,Sweden,2026,QS + THE,Matched
,,,,,,,,,,122.0,University of Göttingen,Germany,"19,783",22.1,14%,54 : 46,64.1135,49.4,52.7,87.2,71.0,70.1,2026.0,University of Göttingen,Germany,2026,THE only,THE record not matched in QS
401,431,University of Granada,Spain,Europe,XL,FC,VH,Public,59.3,642.0,University of Granada,Spain,"51,046",14.3,11%,61 : 39,42.5495,31.3,29.7,60.9,60.7,53.4,2026.0,University of Granada,Spain,2026,QS + THE,Matched
,,,,,,,,,,585.0,University of Graz,Austria,"10,958",10.8,19%,65 : 35,44.2375,32.3,24.1,65.3,51.0,81.2,2026.0,University of Graz,Austria,2026,THE only,THE record not matched in QS
801-850,691-700,University of Greenwich,United Kingdom,Europe,L,CO,HI,Public,6.2,616.0,University of Greenwich,United Kingdom,"22,915",22.4,54%,57 : 43,43.30349999999999,17.6,16.5,81.6,39.1,97.1,2026.0,University of Greenwich,United Kingdom,2026,QS + THE,Matched
,,,,,,,,,,494.0,University of Greifswald,Germany,"10,298",18.8,9%,61 : 39,46.46849999999999,35.1,31.3,69.5,58.3,51.4,2026.0,University of Greifswald,Germany,2026,THE only,THE record not matched in QS
147,159,University of Groningen,Netherlands,Europe,XL,FC,VH,Public,67.2,83.0,University of Groningen,Netherlands,"33,098",23.4,28%,54 : 46,69.28949999999999,47.4,55.9,94.1,99.7,91.7,2026.0,University of Groningen,Netherlands,2026,QS + THE,Matched
,,,,,,,,,,2072.0,University of Guadalajara,Mexico,"145,850",20.7,0%,55 : 45,16.148999999999997,17.9,9.3,17.2,19.6,29.7,2026.0,University of Guadalajara,Mexico,2026,THE only,THE record not matched in QS
,,,,,,,,,,2100.0,University of Guanajuato,Mexico,"31,014",21.0,0%,55 : 45,15.433,16.9,9.3,14.6,22.2,33.1,2026.0,University of Guanajuato,Mexico,2026,THE only,THE record not matched in QS
504,456,University of Guelph,Canada,Americas,L,CO,VH,Public,19.9,446.0,University of Guelph,Canada,"23,314",28.3,11%,59 : 41,48.109,34.8,36.7,64.1,80.0,63.6,2026.0,University of Guelph,Canada,2026,QS + THE,Matched
,,,,,,,,,,1341.0,University of Guilan,Iran,"17,021",31.2,1%,58 : 42,29.621,26.0,18.4,44.5,34.0,25.4,2026.0,University of Guilan,Iran,2026,THE only,THE record not matched in QS
,,,,,,,,,,972.0,University of Gujrat,Pakistan,"18,353",26.7,1%,67 : 33,36.017,14.9,11.6,79.0,21.5,49.3,2026.0,University of Gujrat,Pakistan,2026,THE only,THE record not matched in QS
951-1000,901-950,University of Ha'il,Saudi Arabia,Asia,L,FC,HI,Public,8.7,,,,,,,,,,,,,,,University of Ha'il,Saudi Arabia,2026,QS only,QS record not matched in THE
,,,,,,,,,,1123.0,University of Hafr Al Batin,Saudi Arabia,"13,026",17.0,6%,59 : 41,33.331999999999994,19.9,14.8,54.3,24.8,78.5,2026.0,University of Hafr Al Batin,Saudi Arabia,2026,THE only,THE record not matched in QS
,,,,,,,,,,891.0,University of Hagen,Germany,"22,592",226.1,11%,56 : 44,37.32,30.1,36.3,42.4,46.4,44.5,2026.0,University of Hagen,Germany,2026,THE only,THE record not matched in QS
678,671-680,University of Haifa,Israel,Asia,L,CO,VH,Public,17.4,607.0,University of Haifa,Israel,"16,297",17.5,3%,66 : 34,43.555,29.6,31.2,68.6,65.0,34.6,2026.0,University of Haifa,Israel,2026,QS + THE,Matched
,,,,,,,,,,767.0,University of Ha’il,Saudi Arabia,"20,652",10.9,5%,62 : 38,39.70049999999999,22.1,12.2,75.5,26.7,79.0,2026.0,University of Ha’il,Saudi Arabia,2026,THE only,THE record not matched in QS
,,,,,,,,,,126.0,University of Hamburg,Germany,"28,389",55.3,13%,58 : 42,63.6855,45.7,52.8,87.1,99.8,63.6,2026.0,University of Hamburg,Germany,2026,THE only,THE record not matched in QS
,,,,,,,,,,1057.0,The University of Haripur,Pakistan,"7,331",29.8,1%,40 : 60,34.532999999999994,16.0,12.8,71.7,18.4,51.4,2026.0,The University of Haripur,Pakistan,2026,THE only,THE record not matched in QS
,,,,,,,,,,1561.0,University of Havana,Cuba,"16,451",11.1,3%,62 : 38,26.193,30.8,23.0,14.4,55.8,51.8,2026.0,University of Havana,Cuba,2026,THE only,THE record not matched in QS
1401+,,University of Hawaii at Hilo,United States of America,Americas,S,CO,HI,,2.8,,,,,,,,,,,,,,,University of Hawaii at Hilo,United States,2026,QS only,QS record not matched in THE
546,488,University of Hawaii at Mañoa,United States of America,Americas,L,FC,VH,Public,21.3,300.0,University of Hawai’i at Mānoa,United States,"15,780",12.5,10%,59 : 41,54.30949999999999,38.9,43.0,73.7,67.6,74.0,2026.0,University of Hawaii at Mañoa,United States,2026,QS + THE,Matched
,,,,,,,,,,1475.0,"University of Health Sciences, Turkey",Turkey,"24,562",6.1,11%,51 : 49,27.6055,45.7,10.6,27.3,17.5,28.8,2026.0,"University of Health Sciences, Turkey",Turkey,2026,THE only,THE record not matched in QS
116,117,University of Helsinki,Finland,Europe,L,CO,VH,Public,74.5,104.0,University of Helsinki,Finland,"22,974",15.8,7%,68 : 32,65.738,50.4,57.3,90.1,70.7,58.6,2026.0,University of Helsinki,Finland,2026,QS + THE,Matched
901-950,851-900,University of Hertfordshire,United Kingdom,Europe,L,CO,HI,Public,5.8,716.0,University of Hertfordshire,United Kingdom,"27,285",19.5,61%,47 : 53,40.8465,18.2,13.2,76.5,44.8,92.1,2026.0,University of Hertfordshire,United Kingdom,2026,QS + THE,Matched
,,,,,,,,,,334.0,University of Hohenheim,Germany,"8,480",39.1,15%,57 : 43,52.36149999999999,36.0,36.4,78.4,76.7,61.3,2026.0,University of Hohenheim,Germany,2026,THE only,THE record not matched in QS
,,,,,,,,,,33.0,University of Hong Kong,Hong Kong,"17,668",17.8,48%,56 : 44,80.46549999999999,68.3,70.8,95.6,96.5,96.6,2026.0,University of Hong Kong,Hong Kong,2026,THE only,THE record not matched in QS
11,17,The University of Hong Kong,"Hong Kong SAR, China",Asia,L,FC,VH,Public,99.3,,,,,,,,,,,,,,,The University of Hong Kong,"Hong Kong SAR, China",2026,QS only,QS record not matched in THE
,,,,,,,,,,1656.0,University of Hormozgan,Iran,"3,685",15.4,3%,66 : 34,24.6905,23.2,15.5,33.9,23.1,30.1,2026.0,University of Hormozgan,Iran,2026,THE only,THE record not matched in QS
556,651-660,University of Houston,United States of America,Americas,XL,CO,VH,Public,18.7,459.0,University of Houston,United States,"46,269",24.0,16%,53 : 47,47.691500000000005,33.2,26.2,73.0,68.8,75.3,2026.0,University of Houston,United States,2026,QS + THE,Matched
1001-1200,1001-1200,University of Hradec Kralove,Czechia,Europe,M,FO,VH,Public,5.8,1009.0,University of Hradec Králové,Czechia,"6,300",12.2,3%,63 : 37,35.3195,20.6,15.8,61.7,34.7,63.5,2026.0,University of Hradec Kralove,Czechia,2026,QS + THE,Matched
524,501,University of Huddersfield,United Kingdom,Europe,L,CO,VH,Public,17.9,540.0,University of Huddersfield,United Kingdom,"14,200",19.9,31%,58 : 42,45.4025,25.6,23.9,73.9,51.3,89.3,2026.0,University of Huddersfield,United Kingdom,2026,QS + THE,Matched
,,,,,,,,,,1624.0,University of Huelva,Spain,"10,926",13.7,3%,46 : 54,25.305,23.2,16.6,32.6,28.8,36.2,2026.0,University of Huelva,Spain,2026,THE only,THE record not matched in QS
526,516,University of Hull,United Kingdom,Europe,L,FC,HI,Public,13.2,525.0,University of Hull,United Kingdom,"13,250",18.4,35%,55 : 45,45.7105,27.3,23.8,72.9,57.5,87.8,2026.0,University of Hull,United Kingdom,2026,QS + THE,Matched
801-850,801-850,University of Hyderabad,India,Asia,M,FC,VH,Public,17.7,1023.0,University of Hyderabad,India,"5,071",12.7,1%,46 : 54,35.048,42.4,21.6,41.6,48.4,24.8,2026.0,University of Hyderabad,India,2026,QS + THE,Matched
,,,,,,,,,,1968.0,University of Hyogo,Japan,"6,551",12.5,3%,40 : 60,18.4985,21.8,13.3,13.1,59.2,25.5,2026.0,University of Hyogo,Japan,2026,THE only,THE record not matched in QS
1001-1200,1001-1200,University of Ibadan,Nigeria,Africa,XL,CO,VH,,11.6,942.0,University of Ibadan,Nigeria,"36,851",17.6,0%,50 : 50,36.475,29.6,15.6,63.5,22.1,43.8,2026.0,University of Ibadan,Nigeria,2026,QS + THE,Matched
582,547,University of Iceland,Iceland,Europe,M,CO,VH,,9.6,521.0,University of Iceland,Iceland,"9,343",16.0,13%,69 : 31,45.748,24.6,35.3,69.3,83.1,55.2,2026.0,University of Iceland,Iceland,2026,QS + THE,Matched
1001-1200,1001-1200,University of Idaho,United States of America,Americas,M,CO,VH,Public,3.5,,,,,,,,,,,,,,,University of Idaho,United States,2026,QS only,QS record not matched in THE
70,69,University of Illinois at Urbana-Champaign,United States of America,Americas,XL,FC,VH,Public,91.7,43.0,University of Illinois at Urbana-Champaign,United States,"50,640",18.9,23%,47 : 53,77.072,67.9,80.7,85.3,84.4,62.3,2026.0,University of Illinois at Urbana-Champaign,United States,2026,QS + THE,Matched
334,365,University of Illinois Chicago (UIC),United States of America,Americas,L,FC,VH,Public,48.8,250.0,University of Illinois Chicago,United States,"28,912",11.2,20%,55 : 45,56.374,50.1,35.2,80.1,76.1,57.5,2026.0,University of Illinois Chicago (UIC),United States,2026,QS + THE,Matched
,,,,,,,,,,1232.0,University of Ilorin,Nigeria,"48,498",34.3,0%,50 : 50,31.6695,15.5,12.6,64.8,20.2,42.6,2026.0,University of Ilorin,Nigeria,2026,THE only,THE record not matched in QS
,,,,,,,,,,848.0,University of Indonesia,Indonesia,"42,674",8.3,17%,73 : 27,38.02349999999999,45.0,22.0,37.2,60.4,63.9,2026.0,University of Indonesia,Indonesia,2026,THE only,THE record not matched in QS
,,,,,,,,,,332.0,University of Innsbruck,Austria,"13,992",21.5,52%,54 : 46,52.623000000000005,35.7,36.8,69.6,87.8,93.7,2026.0,University of Innsbruck,Austria,2026,THE only,THE record not matched in QS
,,,,,,,,,,709.0,University of Insubria,Italy,"9,546",23.1,5%,56 : 44,41.306,19.0,23.7,79.3,48.7,41.2,2026.0,University of Insubria,Italy,2026,THE only,THE record not matched in QS
,,,,,,,,,,533.0,University of International Business and Economics,China,"15,343",14.2,12%,73 : 27,45.62399999999999,29.2,19.0,87.3,31.5,54.0,2026.0,University of International Business and Economics,China,2026,THE only,THE record not matched in QS
1201-1400,1201-1400,University of International Business and Economics,China (Mainland),Asia,L,SP,VH,Public,3.3,,,,,,,,,,,,,,,University of International Business and Economics,China (Mainland),2026,QS only,QS record not matched in THE
1001-1200,1001-1200,University of Ioannina,Greece,Europe,XL,FC,HI,,9.4,1335.0,University of Ioannina,Greece,"33,322",38.1,3%,54 : 46,29.763,16.9,15.7,50.5,52.8,39.5,2026.0,University of Ioannina,Greece,2026,QS + THE,Matched
530,596,University of Iowa,United States of America,Americas,L,FC,VH,Public,25.5,309.0,University of Iowa,United States,"28,383",11.0,5%,55 : 45,53.7415,46.8,34.3,74.9,89.9,52.3,2026.0,University of Iowa,United States,2026,QS + THE,Matched
,,,,,,,,,,1215.0,University of Isfahan,Iran,"17,094",22.6,5%,58 : 42,31.8805,29.0,18.3,46.8,38.9,32.3,2026.0,University of Isfahan,Iran,2026,THE only,THE record not matched in QS
1001-1200,,University of Isfahan,Iran (Islamic Republic of),Asia,L,CO,VH,Public,7.7,,,,,,,,,,,,,,,University of Isfahan,Iran (Islamic Republic of),2026,QS only,QS record not matched in THE
,,,,,,,,,,827.0,University of Jaén,Spain,"13,280",13.9,10%,58 : 42,38.48649999999999,23.9,20.7,67.0,39.2,50.2,2026.0,University of Jaén,Spain,2026,THE only,THE record not matched in QS
,,,,,,,,,,1208.0,University of Jeddah,Saudi Arabia,"30,321",16.0,2%,67 : 33,32.0265,16.8,11.0,59.1,21.2,70.7,2026.0,University of Jeddah,Saudi Arabia,2026,THE only,THE record not matched in QS
,,,,,,,,,,1374.0,University of Jendouba,Tunisia,"12,953",21.4,0%,71 : 29,29.058,19.2,23.2,37.1,51.4,46.4,2026.0,University of Jendouba,Tunisia,2026,THE only,THE record not matched in QS
,,,,,,,,,,2110.0,University of Jijel,Algeria,"22,568",21.1,0%,70 : 30,15.098,15.9,8.7,15.5,17.3,33.9,2026.0,University of Jijel,Algeria,2026,THE only,THE record not matched in QS
308,312,University of Johannesburg,South Africa,Africa,L,CO,VH,Public,25.5,388.0,University of Johannesburg,South Africa,"32,659",26.5,14%,56 : 44,50.20249999999999,29.5,38.4,69.9,81.1,82.0,2026.0,University of Johannesburg,South Africa,2026,QS + THE,Matched
324,368,University of Jordan,Jordan,Asia,XL,FC,HI,Public,47.9,639.0,The University of Jordan,Jordan,"23,745",12.2,26%,63 : 37,42.6115,32.0,19.5,67.2,41.6,75.9,2026.0,University of Jordan,Jordan,2026,QS + THE,Matched
,,,,,,,,,,1455.0,University of Jos,Nigeria,"37,605",23.6,0%,47 : 53,27.9935,15.3,8.6,55.9,18.4,46.4,2026.0,University of Jos,Nigeria,2026,THE only,THE record not matched in QS
498,489,University of Jyväskylä,Finland,Europe,M,FO,VH,Public,23.4,444.0,University of Jyväskylä,Finland,"11,150",13.1,4%,64 : 36,48.1555,31.9,34.4,77.2,49.1,48.6,2026.0,University of Jyväskylä,Finland,2026,QS + THE,Matched
465,452,University of Kansas,United States of America,Americas,L,FC,VH,Public,17.6,375.0,University of Kansas,United States,"23,777",9.0,7%,54 : 46,50.63199999999999,45.4,29.8,70.7,79.3,56.2,2026.0,University of Kansas,United States,2026,QS + THE,Matched
1001-1200,1001-1200,University of Karachi,Pakistan,Asia,XL,CO,HI,Public,14.5,1840.0,University of Karachi,Pakistan,"47,940",39.8,0%,62 : 38,21.2985,16.2,11.1,28.8,28.2,47.1,2026.0,University of Karachi,Pakistan,2026,QS + THE,Matched
,,,,,,,,,,1029.0,University of Kashan,Iran,"8,035",23.4,26%,45 : 55,34.951,18.6,18.0,64.2,34.6,48.0,2026.0,University of Kashan,Iran,2026,THE only,THE record not matched in QS
,,,,,,,,,,2006.0,University of Kelaniya,Sri Lanka,"19,766",17.2,3%,66 : 34,17.6965,17.0,8.4,23.2,19.7,33.3,2026.0,University of Kelaniya,Sri Lanka,2026,THE only,THE record not matched in QS
397,380,University of Kent,United Kingdom,Europe,L,CO,VH,Public,20.2,438.0,University of Kent,United Kingdom,"15,680",17.0,28%,54 : 46,48.4195,29.5,28.4,73.2,64.4,92.6,2026.0,University of Kent,United Kingdom,2026,QS + THE,Matched
781-790,791-800,University of Kentucky,United States of America,Americas,L,FC,VH,Public,15.0,443.0,University of Kentucky,United States,"28,680",11.4,3%,60 : 40,48.318,44.0,29.6,68.8,71.1,43.6,2026.0,University of Kentucky,United States,2026,QS + THE,Matched
,,,,,,,,,,1468.0,University of Kerala,India,"3,615",12.2,5%,71 : 29,27.8105,40.2,20.7,23.8,22.4,25.5,2026.0,University of Kerala,India,2026,THE only,THE record not matched in QS
1201-1400,,University of Kerbala,Iraq,Asia,L,FC,HI,Public,12.8,2049.0,University of Kerbala,Iraq,"25,226",12.4,0%,55 : 45,16.715999999999998,22.3,8.1,16.9,16.4,27.5,2026.0,University of Kerbala,Iraq,2026,QS + THE,Matched
1201-1400,1001-1200,University of Khartoum,Sudan,Africa,L,FO,HI,Public,8.9,,,,,,,,,,,,,,,University of Khartoum,Sudan,2026,QS only,QS record not matched in THE
,,,,,,,,,,361.0,University of Kiel,Germany,"28,860",23.5,9%,54 : 46,51.0545,32.5,33.4,81.8,64.4,62.2,2026.0,University of Kiel,Germany,2026,THE only,THE record not matched in QS
,,,,,,,,,,2152.0,University of Kirkuk,Iraq,"23,071",13.9,0%,57 : 43,14.0995,16.1,8.1,14.3,16.4,27.4,2026.0,University of Kirkuk,Iraq,2026,THE only,THE record not matched in QS
697,611-620,University of Klagenfurt,Austria,Europe,S,CO,VH,Public,7.2,637.0,University of Klagenfurt,Austria,"3,377",8.7,33%,66 : 34,42.63699999999999,34.4,19.6,60.5,49.5,89.0,2026.0,University of Klagenfurt,Austria,2026,QS + THE,Matched
,,,,,,,,,,283.0,University of Konstanz,Germany,"6,767",30.3,14%,58 : 42,55.1525,38.5,42.8,72.9,95.7,75.8,2026.0,University of Konstanz,Germany,2026,THE only,THE record not matched in QS
1201-1400,1201-1400,University of Kufa,Iraq,Asia,XL,FC,HI,Public,7.4,1739.0,University of Kufa,Iraq,"35,860",11.8,0%,59 : 41,23.5005,23.6,9.0,38.1,16.9,24.3,2026.0,University of Kufa,Iraq,2026,QS + THE,Matched
,,,,,,,,,,1037.0,University of Kurdistan,Iran,"10,254",24.9,5%,56 : 44,34.8155,16.1,15.9,70.1,34.5,40.6,2026.0,University of Kurdistan,Iran,2026,THE only,THE record not matched in QS
558,587,University of Kwazulu-Natal,South Africa,Africa,XL,FC,VH,Public,17.9,566.0,University of KwaZulu-Natal,South Africa,"33,675",30.7,2%,62 : 38,44.78549999999999,31.4,37.9,61.5,49.1,54.9,2026.0,University of Kwazulu-Natal,South Africa,2026,QS + THE,Matched
,,,,,,,,,,1090.0,University of la Costa,Colombia,"11,922",28.5,1%,45 : 55,33.9255,11.9,13.1,72.5,17.4,55.6,2026.0,University of la Costa,Colombia,2026,THE only,THE record not matched in QS
,,,,,,,,,,1476.0,University of La Frontera,Chile,"11,481",20.2,1%,50 : 50,27.593,17.8,23.7,35.8,24.1,50.2,2026.0,University of La Frontera,Chile,2026,THE only,THE record not matched in QS
,,,,,,,,,,1127.0,University of La Laguna,Spain,"18,459",12.8,5%,57 : 43,33.2775,23.4,16.1,55.2,36.2,49.3,2026.0,University of La Laguna,Spain,2026,THE only,THE record not matched in QS
,,,,,,,,,,1592.0,University of La Rochelle,France,"7,760",19.8,10%,55 : 45,25.666,19.7,12.6,33.6,30.2,65.5,2026.0,University of La Rochelle,France,2026,THE only,THE record not matched in QS
,,,,,,,,,,1501.0,University of La Sabana,Colombia,"10,316",13.2,2%,57 : 43,27.2605,20.9,11.2,46.2,21.3,41.8,2026.0,University of La Sabana,Colombia,2026,THE only,THE record not matched in QS
,,,,,,,,,,1456.0,University of La Serena,Chile,"7,657",22.4,1%,50 : 50,27.96,14.3,10.3,54.3,17.3,50.3,2026.0,University of La Serena,Chile,2026,THE only,THE record not matched in QS
,,,,,,,,,,2019.0,University of Laghouat,Algeria,"25,934",22.6,0%,48 : 52,17.412499999999998,17.4,8.2,20.5,17.1,40.9,2026.0,University of Laghouat,Algeria,2026,THE only,THE record not matched in QS
1001-1200,1001-1200,University of Lagos,Nigeria,Africa,XL,CO,HI,,9.4,973.0,University of Lagos,Nigeria,"36,484",22.4,0%,51 : 49,35.991,18.4,20.1,66.7,32.6,45.6,2026.0,University of Lagos,Nigeria,2026,QS + THE,Matched
951-1000,951-1000,University of Lahore,Pakistan,Asia,L,CO,VH,Private not for Profit,17.8,792.0,University of Lahore,Pakistan,"21,224",14.0,4%,39 : 61,39.297,19.8,13.0,81.8,21.4,57.2,2026.0,University of Lahore,Pakistan,2026,QS + THE,Matched
,,,,,,,,,,2117.0,University of Lampung,Indonesia,"27,602",15.6,0%,65 : 35,14.89,15.4,8.5,19.1,17.8,19.2,2026.0,University of Lampung,Indonesia,2026,THE only,THE record not matched in QS
,,,,,,,,,,1064.0,University of Lancashire,United Kingdom,"21,550",15.3,35%,58 : 42,34.3055,18.7,13.4,57.2,38.7,82.6,2026.0,University of Lancashire,United Kingdom,2026,THE only,THE record not matched in QS
,,,,,,,,,,656.0,University of L’Aquila,Italy,"19,246",25.5,6%,53 : 47,42.24699999999999,32.8,22.4,66.6,78.5,39.4,2026.0,University of L’Aquila,Italy,2026,THE only,THE record not matched in QS
,,,,,,,,,,1564.0,University of Las Américas (UDLA),Ecuador,"14,757",11.2,3%,53 : 47,26.1385,20.5,10.2,38.0,25.2,63.0,2026.0,University of Las Américas (UDLA),Ecuador,2026,THE only,THE record not matched in QS
,,,,,,,,,,1248.0,University of Las Palmas de Gran Canaria,Spain,"16,681",18.2,8%,57 : 43,31.3515,21.4,26.9,42.7,32.5,41.7,2026.0,University of Las Palmas de Gran Canaria,Spain,2026,THE only,THE record not matched in QS
801-850,781-790,University of Latvia,Latvia,Europe,M,FC,VH,Public,14.5,1100.0,University of Latvia,Latvia,"11,634",30.9,9%,67 : 33,33.709,20.5,31.3,42.3,52.3,50.7,2026.0,University of Latvia,Latvia,2026,QS + THE,Matched
212,224,University of Lausanne,Switzerland,Europe,L,FO,VH,Public,37.0,125.0,University of Lausanne,Switzerland,"14,241",9.8,23%,,63.7435,44.3,46.1,89.0,99.4,88.4,2026.0,University of Lausanne,Switzerland,2026,QS + THE,Matched
86,82,University of Leeds,United Kingdom,Europe,XL,FC,VH,Public,81.8,118.0,University of Leeds,United Kingdom,"35,600",14.4,39%,60 : 40,64.8795,48.3,50.3,87.2,71.6,93.6,2026.0,University of Leeds,United Kingdom,2026,QS + THE,Matched
326,285,University of Leicester,United Kingdom,Europe,L,FC,VH,Public,29.6,193.0,University of Leicester,United Kingdom,"16,435",14.5,37%,53 : 47,59.204,35.4,34.9,95.9,69.0,94.8,2026.0,University of Leicester,United Kingdom,2026,QS + THE,Matched
,,,,,,,,,,1339.0,University of León,Spain,"9,699",10.9,5%,54 : 46,29.6965,24.9,15.9,41.8,61.0,36.8,2026.0,University of León,Spain,2026,THE only,THE record not matched in QS
,,,,,,,,,,1616.0,University of Lethbridge,Canada,"7,219",13.2,16%,,25.398000000000003,20.8,14.7,29.6,41.6,59.4,2026.0,University of Lethbridge,Canada,2026,THE only,THE record not matched in QS
379,396,University of Liege,Belgium,Europe,L,FC,VH,Public,24.4,314.0,University of Liège,Belgium,"22,785",29.7,21%,59 : 41,53.53549999999999,34.8,41.8,72.7,97.5,72.5,2026.0,University of Liege,Belgium,2026,QS + THE,Matched
,,,,,,,,,,1754.0,University of Life Sciences in Lublin,Poland,"6,705",10.2,3%,66 : 34,23.09,24.2,12.0,32.5,23.4,23.8,2026.0,University of Life Sciences in Lublin,Poland,2026,THE only,THE record not matched in QS
,,,,,,,,,,676.0,University of Lille,France,"78,318",30.6,14%,61 : 39,41.8105,33.6,23.4,58.5,67.0,65.1,2026.0,University of Lille,France,2026,THE only,THE record not matched in QS
401,421,University of Limerick,Ireland,Europe,L,FC,HI,Public,27.9,537.0,University of Limerick,Ireland,"14,691",27.1,18%,52 : 48,45.53,28.6,34.6,61.7,73.1,75.0,2026.0,University of Limerick,Ireland,2026,QS + THE,Matched
801-850,851-900,University of Lincoln,United Kingdom,Europe,L,CO,VH,Public,8.0,646.0,University of Lincoln,United Kingdom,"15,645",15.0,24%,58 : 42,42.45399999999999,20.5,18.5,77.2,34.1,86.9,2026.0,University of Lincoln,United Kingdom,2026,QS + THE,Matched
230,260,University of Lisbon,Portugal,Europe,XL,FC,VH,Public,57.1,426.0,University of Lisbon,Portugal,"50,344",18.1,23%,54 : 46,48.871,31.1,41.8,66.8,75.3,60.3,2026.0,University of Lisbon,Portugal,2026,QS + THE,Matched
147,165,University of Liverpool,United Kingdom,Europe,L,FC,VH,Public,60.7,144.0,University of Liverpool,United Kingdom,"26,770",13.9,33%,55 : 45,62.2175,43.5,42.0,91.2,68.0,95.0,2026.0,University of Liverpool,United Kingdom,2026,QS + THE,Matched
535,596,University of Ljubljana,Slovenia,Europe,XL,FC,VH,Public,29.7,858.0,University of Ljubljana,Slovenia,"37,509",12.8,9%,60 : 40,37.862,27.8,23.8,56.0,69.1,42.6,2026.0,University of Ljubljana,Slovenia,2026,QS + THE,Matched
,,,,,,,,,,951.0,University of Lleida,Spain,"9,739",17.0,9%,59 : 41,36.3145,23.2,20.3,59.6,61.4,43.3,2026.0,University of Lleida,Spain,2026,THE only,THE record not matched in QS
,,,,,,,,,,1567.0,University of Lodz,Poland,"21,312",14.1,10%,61 : 39,26.0305,24.5,18.5,32.6,21.7,37.2,2026.0,University of Lodz,Poland,2026,THE only,THE record not matched in QS
,,,,,,,,,,1918.0,University of Los Lagos,Chile,"6,923",19.0,0%,62 : 38,19.4375,15.6,14.6,21.0,16.6,48.5,2026.0,University of Los Lagos,Chile,2026,THE only,THE record not matched in QS
1001-1200,1001-1200,University of Louisville,United States of America,Americas,L,FC,HI,Public,3.9,,,,,,,,,,,,,,,University of Louisville,United States,2026,QS only,QS record not matched in THE
,,,,,,,,,,1831.0,University of Lucknow,India,"16,650",22.3,3%,51 : 49,21.3705,29.5,10.0,23.2,19.2,27.2,2026.0,University of Lucknow,India,2026,THE only,THE record not matched in QS
381,355,University of Luxembourg,Luxembourg,Europe,M,FO,VH,,13.2,265.0,University of Luxembourg,Luxembourg,"5,718",20.0,52%,53 : 47,55.79699999999999,39.9,39.3,75.1,79.8,92.1,2026.0,University of Luxembourg,Luxembourg,2026,QS + THE,Matched
,,,,,,,,,,147.0,University of Macau,Macao,"12,258",19.4,51%,53 : 47,62.0075,40.2,40.9,92.9,87.0,92.5,2026.0,University of Macau,Macao,2026,THE only,THE record not matched in QS
285,245,University of Macau,"Macao SAR, China",Asia,L,CO,VH,Public,18.5,,,,,,,,,,,,,,,University of Macau,"Macao SAR, China",2026,QS only,QS record not matched in THE
,,,,,,,,,,1523.0,University of Macedonia,Greece,"11,703",56.3,5%,50 : 50,26.916,17.7,18.0,43.8,31.8,27.5,2026.0,University of Macedonia,Greece,2026,THE only,THE record not matched in QS
,,,,,,,,,,1373.0,University of Malaga,Spain,"36,545",13.6,6%,54 : 46,29.086,21.1,17.1,42.1,54.0,41.5,2026.0,University of Malaga,Spain,2026,THE only,THE record not matched in QS
,,,,,,,,,,853.0,University of Malakand,Pakistan,"8,902",27.1,1%,28 : 72,37.9795,25.6,12.9,70.6,42.6,50.7,2026.0,University of Malakand,Pakistan,2026,THE only,THE record not matched in QS
,,,,,,,,,,244.0,University of Malaya,Malaysia,"18,899",9.7,32%,61 : 39,56.656,47.8,38.8,72.8,65.2,91.4,2026.0,University of Malaya,Malaysia,2026,THE only,THE record not matched in QS
1001-1200,1001-1200,University of Malaysia Sabah (UMS),Malaysia,Asia,L,FC,HI,Public,22.0,,,,,,,,,,,,,,,University of Malaysia Sabah (UMS),Malaysia,2026,QS only,QS record not matched in THE
741-750,751-760,University of Malta,Malta,Europe,M,FC,VH,Public,9.3,926.0,University of Malta,Malta,"9,650",11.8,18%,61 : 39,36.7905,24.9,18.2,61.6,36.8,56.2,2026.0,University of Malta,Malta,2026,QS + THE,Matched
,,,,,,,,,,845.0,University of Management and Technology,Pakistan,"22,028",17.2,2%,49 : 51,38.079,16.5,11.0,83.5,26.6,52.1,2026.0,University of Management and Technology,Pakistan,2026,THE only,THE record not matched in QS
1201-1400,,"University of Management and Technology (UMT), Pakistan",Pakistan,Asia,L,CO,HI,Private not for Profit,7.2,,,,,,,,,,,,,,,"University of Management and Technology (UMT), Pakistan",Pakistan,2026,QS only,QS record not matched in THE
35,34,The University of Manchester,United Kingdom,Europe,XL,FC,VH,Public,98.6,56.0,University of Manchester,United Kingdom,"43,470",14.9,46%,57 : 43,74.9325,61.2,65.9,92.4,74.0,94.5,2026.0,The University of Manchester,United Kingdom,2026,QS + THE,Matched
643,661-670,University of Manitoba,Canada,Americas,L,FC,VH,Public,19.2,564.0,University of Manitoba,Canada,"26,170",13.7,24%,54 : 46,44.837500000000006,29.5,25.1,72.9,61.4,60.4,2026.0,University of Manitoba,Canada,2026,QS + THE,Matched
,,,,,,,,,,206.0,University of Mannheim,Germany,"7,902",36.1,17%,,58.3305,37.0,44.5,85.5,88.2,71.1,2026.0,University of Mannheim,Germany,2026,THE only,THE record not matched in QS
,,,,,,,,,,1483.0,University of Manouba,Tunisia,"17,341",14.4,2%,58 : 42,27.4745,25.9,9.7,42.1,23.9,45.8,2026.0,University of Manouba,Tunisia,2026,THE only,THE record not matched in QS
,,,,,,,,,,1209.0,University of Maragheh,Iran,"3,719",24.5,9%,59 : 41,32.0125,14.7,17.1,59.6,31.3,47.8,2026.0,University of Maragheh,Iran,2026,THE only,THE record not matched in QS
,,,,,,,,,,409.0,University of Marburg,Germany,"22,883",29.8,17%,58 : 42,49.5345,37.8,32.1,72.0,70.8,61.9,2026.0,University of Marburg,Germany,2026,THE only,THE record not matched in QS
901-950,901-950,University of Maribor,Slovenia,Europe,L,FC,HI,Public,10.8,1389.0,University of Maribor,Slovenia,"13,082",13.9,14%,55 : 45,28.733,21.5,18.0,41.2,46.2,39.5,2026.0,University of Maribor,Slovenia,2026,QS + THE,Matched
801-850,,"University of Maryland, Baltimore",United States of America,Americas,M,FC,VH,Public,7.6,,,,,,,,,,,,,,,"University of Maryland, Baltimore",United States,2026,QS only,QS record not matched in THE
801-850,771-780,"University of Maryland, Baltimore County",United States of America,Americas,L,FC,HI,Public,13.6,710.0,"University of Maryland, Baltimore County",United States,"12,398",17.8,19%,46 : 54,41.2795,27.5,27.2,61.3,67.6,55.8,2026.0,"University of Maryland, Baltimore County",United States,2026,QS + THE,Matched
207,218,"University of Maryland, College Park",United States of America,Americas,XL,FC,VH,Public,57.2,117.0,"University of Maryland, College Park",United States,"33,483",16.3,10%,50 : 50,64.95249999999999,50.4,58.3,89.1,69.5,48.9,2026.0,"University of Maryland, College Park",United States,2026,QS + THE,Matched
,,,,,,,,,,1936.0,University of Mascara,Algeria,"22,010",22.2,0%,63 : 37,19.0015,15.7,8.0,27.1,17.0,43.2,2026.0,University of Mascara,Algeria,2026,THE only,THE record not matched in QS
,,,,,,,,,,112.0,University of Massachusetts,United States,"62,471",12.8,15%,51 : 49,65.27799999999999,55.0,46.6,87.9,88.6,75.0,2026.0,University of Massachusetts,United States,2026,THE only,THE record not matched in QS
247,275,"University of Massachusetts, Amherst",United States of America,Americas,L,CO,VH,Public,48.1,,,,,,,,,,,,,,,"University of Massachusetts, Amherst",United States,2026,QS only,QS record not matched in THE
951-1000,1001-1200,University of Massachusetts - Boston,United States of America,Americas,L,FC,HI,Public,13.8,,,,,,,,,,,,,,,University of Massachusetts - Boston,United States,2026,QS only,QS record not matched in THE
,,,,,,,,,,1890.0,University of Mataram,Indonesia,"30,131",22.1,0%,62 : 38,20.2935,11.8,8.4,39.0,17.6,26.3,2026.0,University of Mataram,Indonesia,2026,THE only,THE record not matched in QS
,,,,,,,,,,1344.0,University of Mauritius,Mauritius,"9,108",26.0,7%,58 : 42,29.558,27.5,14.9,42.2,41.3,37.5,2026.0,University of Mauritius,Mauritius,2026,THE only,THE record not matched in QS
771-780,801-850,University of Maynooth,Ireland,Europe,L,FO,VH,Public,16.6,,,,,,,,,,,,,,,University of Maynooth,Ireland,2026,QS only,QS record not matched in THE
,,,,,,,,,,1404.0,University of Mazandaran,Iran,"11,383",24.1,3%,64 : 36,28.5835,26.6,16.2,43.0,25.4,28.3,2026.0,University of Mazandaran,Iran,2026,THE only,THE record not matched in QS
,,,,,,,,,,1889.0,University of Medellín,Colombia,"7,158",16.8,2%,53 : 47,20.3135,18.0,11.4,24.8,23.0,44.5,2026.0,University of Medellín,Colombia,2026,THE only,THE record not matched in QS
,,,,,,,,,,890.0,University of Medicine and Pharmacy Carol Davila,Romania,"12,809",9.2,17%,68 : 32,37.32749999999999,26.1,12.5,73.4,30.2,37.0,2026.0,University of Medicine and Pharmacy Carol Davila,Romania,2026,THE only,THE record not matched in QS
,,,,,,,,,,1192.0,University of Medicine and Pharmacy of Craiova,Romania,"4,578",9.3,14%,70 : 30,32.2155,26.1,10.4,59.4,23.0,36.8,2026.0,University of Medicine and Pharmacy of Craiova,Romania,2026,THE only,THE record not matched in QS
19,13,The University of Melbourne,Australia,Oceania,XL,FC,VH,Public,99.7,37.0,University of Melbourne,Australia,"51,622",23.3,51%,58 : 42,79.0485,67.7,75.5,87.8,99.3,91.6,2026.0,The University of Melbourne,Australia,2026,QS + THE,Matched
1201-1400,1201-1400,University of Memphis,United States of America,Americas,L,CO,VH,Public,4.1,1027.0,University of Memphis,United States,"15,761",14.3,10%,60 : 40,34.999500000000005,30.1,19.3,48.6,62.7,45.8,2026.0,University of Memphis,United States,2026,QS + THE,Matched
741-750,751-760,University of Messina,Italy,Europe,L,FC,VH,Public,12.6,538.0,University of Messina,Italy,"14,308",22.7,6%,63 : 37,45.508,35.6,28.1,71.8,64.3,36.6,2026.0,University of Messina,Italy,2026,QS + THE,Matched
314,324,University of Miami,United States of America,Americas,L,FC,VH,Private not for Profit,24.5,227.0,University of Miami,United States,"18,574",10.9,12%,54 : 46,57.34049999999999,47.3,35.5,83.8,83.3,61.6,2026.0,University of Miami,United States,2026,QS + THE,Matched
45,44,University of Michigan-Ann Arbor,United States of America,Americas,XL,FC,VH,Public,99.3,23.0,University of Michigan-Ann Arbor,United States,"48,449",8.4,19%,52 : 48,86.9295,85.7,87.3,93.8,81.4,65.8,2026.0,University of Michigan-Ann Arbor,United States,2026,QS + THE,Matched
276,285,University of Milan,Italy,Europe,XL,FC,VH,Public,65.9,323.0,University of Milan,Italy,"44,429",17.4,7%,60 : 40,53.11849999999999,38.9,32.5,86.1,71.2,47.2,2026.0,University of Milan,Italy,2026,QS + THE,Matched
,,,,,,,,,,457.0,University of Milan-Bicocca,Italy,"28,650",24.9,5%,61 : 39,47.76999999999999,25.1,27.1,87.7,68.1,46.3,2026.0,University of Milan-Bicocca,Italy,2026,THE only,THE record not matched in QS
542,513,University of Milano-Bicocca,Italy,Europe,L,FO,VH,Public,28.6,,,,,,,,,,,,,,,University of Milano-Bicocca,Italy,2026,QS only,QS record not matched in THE
566,611-620,University of Minho,Portugal,Europe,L,FC,VH,Public,22.2,663.0,University of Minho,Portugal,"21,465",20.8,13%,55 : 45,42.1055,28.0,33.6,57.1,82.6,48.9,2026.0,University of Minho,Portugal,2026,QS + THE,Matched
210,203,University of Minnesota (System),United States of America,Americas,XL,FC,VH,Public,68.6,88.0,University of Minnesota,United States,"58,751",11.9,9%,55 : 45,67.47699999999999,60.3,59.0,84.1,99.9,44.7,2026.0,University of Minnesota (System),United States,2026,QS + THE,Matched
1201-1400,1201-1400,University of Miskolc,Hungary,Europe,M,FO,VH,Private not for Profit,9.0,1835.0,University of Miskolc,Hungary,"9,107",17.7,9%,51 : 49,21.346,23.8,14.7,21.2,24.3,36.4,2026.0,University of Miskolc,Hungary,2026,QS + THE,Matched
1001-1200,851-900,University of Mississippi,United States of America,Americas,L,CO,VH,Public,4.6,,,,,,,,,,,,,,,University of Mississippi,United States,2026,QS only,QS record not matched in THE
697,641-650,"University of Missouri, Columbia",United States of America,Americas,L,FC,VH,Public,17.2,,,,,,,,,,,,,,,"University of Missouri, Columbia",United States,2026,QS only,QS record not matched in THE
1001-1200,1001-1200,"University of Missouri, Kansas City",United States of America,Americas,M,CO,VH,Public,5.1,572.0,University of Missouri-Kansas City,United States,"9,605",12.3,13%,58 : 42,44.559000000000005,30.3,24.4,75.2,64.3,45.5,2026.0,"University of Missouri, Kansas City",United States,2026,QS + THE,Matched
1401+,1201-1400,University of Missouri Saint Louis,United States of America,Americas,M,CO,HI,Public,5.1,,,,,,,,,,,,,,,University of Missouri Saint Louis,United States,2026,QS only,QS record not matched in THE
,,,,,,,,,,1787.0,University of Miyazaki,Japan,"5,444",7.8,2%,37 : 63,22.543000000000003,27.0,12.6,23.2,49.6,26.4,2026.0,University of Miyazaki,Japan,2026,THE only,THE record not matched in QS
801-850,721-730,University of Modena and Reggio Emilia,Italy,Europe,L,FC,VH,Public,12.3,534.0,University of Modena and Reggio Emilia,Italy,"18,479",18.9,4%,54 : 46,45.593,34.7,25.7,72.9,77.9,38.9,2026.0,University of Modena and Reggio Emilia,Italy,2026,QS + THE,Matched
,,,,,,,,,,1195.0,University of Mohaghegh Ardabili,Iran,"15,213",34.4,10%,52 : 48,32.19799999999999,20.4,17.4,56.3,20.6,45.6,2026.0,University of Mohaghegh Ardabili,Iran,2026,THE only,THE record not matched in QS
,,,,,,,,,,1515.0,University of Monastir,Tunisia,"20,673",9.3,2%,68 : 32,27.0655,24.2,10.9,39.8,32.7,46.9,2026.0,University of Monastir,Tunisia,2026,THE only,THE record not matched in QS
781-790,781-790,University of Mons,Belgium,Europe,M,CO,VH,Public,7.0,648.0,University of Mons,Belgium,"8,374",26.7,17%,56 : 44,42.441,27.2,30.9,58.4,66.4,70.4,2026.0,University of Mons,Belgium,2026,QS + THE,Matched
,,,,,,,,,,1910.0,University of Montenegro,Montenegro,"15,557",21.1,2%,61 : 39,19.6475,14.0,12.1,24.3,27.4,48.3,2026.0,University of Montenegro,Montenegro,2026,THE only,THE record not matched in QS
168,159,University of Montreal,Canada,Americas,XL,FC,VH,Public,66.1,,,,,,,,,,,,,,,University of Montreal,Canada,2026,QS only,QS record not matched in THE
1401+,,University of Moratuwa,Sri Lanka,Asia,M,SP,VH,Public,6.0,1740.0,University of Moratuwa,Sri Lanka,"11,079",22.1,0%,40 : 60,23.483500000000003,12.9,14.5,40.2,36.2,26.2,2026.0,University of Moratuwa,Sri Lanka,2026,QS + THE,Matched
1201-1400,,University of Mosul,Iraq,Asia,XL,FC,HI,Public,7.3,2063.0,University of Mosul,Iraq,"57,684",13.7,0%,56 : 44,16.444499999999998,19.3,10.5,16.9,29.9,19.2,2026.0,University of Mosul,Iraq,2026,QS + THE,Matched
664,711-720,University of Mumbai,India,Asia,M,FC,VH,Public,11.3,,,,,,,,,,,,,,,University of Mumbai,India,2026,QS only,QS record not matched in THE
350,367,University of Münster,Germany,Europe,L,FC,VH,Public,42.3,198.0,University of Münster,Germany,"26,499",23.7,7%,,58.9625,43.9,47.2,83.2,82.1,54.4,2026.0,University of Münster,Germany,2026,QS + THE,Matched
1001-1200,901-950,University of Murcia,Spain,Europe,L,FC,VH,Public,15.3,1045.0,University of Murcia,Spain,"26,754",15.2,5%,63 : 37,34.6795,25.6,19.4,55.2,55.1,36.5,2026.0,University of Murcia,Spain,2026,QS + THE,Matched
1001-1200,901-950,University of Nairobi,Kenya,Africa,XL,FC,HI,Public,12.8,1578.0,University of Nairobi,Kenya,"52,216",23.3,2%,45 : 55,25.8745,15.9,16.1,39.7,22.5,49.4,2026.0,University of Nairobi,Kenya,2026,QS + THE,Matched
,,,,,,,,,,1891.0,University of Namibia,Namibia,"25,403",18.7,3%,63 : 37,20.2855,14.5,9.0,27.2,17.7,60.4,2026.0,University of Namibia,Namibia,2026,THE only,THE record not matched in QS
801-850,,University of Namur,Belgium,Europe,M,FO,VH,,6.4,842.0,University of Namur,Belgium,"6,480",20.0,17%,58 : 42,38.14,26.8,26.7,49.0,62.4,70.6,2026.0,University of Namur,Belgium,2026,QS + THE,Matched
379,347,University of Naples - Federico II,Italy,Europe,XL,FC,VH,Public,47.8,348.0,University of Naples Federico II,Italy,"53,650",17.5,3%,57 : 43,51.732,40.0,31.8,83.9,72.5,35.2,2026.0,University of Naples - Federico II,Italy,2026,QS + THE,Matched
262,249,University of Navarra,Spain,Europe,L,FC,HI,Private not for Profit,40.8,293.0,University of Navarra,Spain,"12,748",15.3,30%,56 : 44,54.641,37.2,34.1,81.9,90.7,74.4,2026.0,University of Navarra,Spain,2026,QS + THE,Matched
711-720,701-710,University of Nebraska - Lincoln,United States of America,Americas,L,CO,VH,Public,14.3,548.0,University of Nebraska-Lincoln,United States,"23,880",16.7,7%,50 : 50,45.26199999999999,33.1,31.4,63.9,68.6,59.7,2026.0,University of Nebraska - Lincoln,United States,2026,QS + THE,Matched
,,,,,,,,,,513.0,University of Nebraska Medical Center,United States,"3,390",1.9,8%,71 : 29,45.9465,38.5,17.3,79.4,67.3,40.8,2026.0,University of Nebraska Medical Center,United States,2026,THE only,THE record not matched in QS
,,,,,,,,,,1348.0,University of Nebraska Omaha,United States,"13,614",17.1,5%,57 : 43,29.5085,17.9,16.9,49.8,41.8,36.2,2026.0,University of Nebraska Omaha,United States,2026,THE only,THE record not matched in QS
,,,,,,,,,,628.0,University of Neuchâtel,Switzerland,"4,365",10.7,23%,60 : 40,42.90449999999999,35.0,24.2,57.8,47.1,84.5,2026.0,University of Neuchâtel,Switzerland,2026,THE only,THE record not matched in QS
,,,,,,,,,,647.0,"University of Nevada, Las Vegas",United States,"26,545",22.1,3%,57 : 43,42.452,31.0,22.9,71.9,52.4,40.0,2026.0,"University of Nevada, Las Vegas",United States,2026,THE only,THE record not matched in QS
1001-1200,,University of Nevada - Reno,United States of America,Americas,L,FC,HI,Public,6.4,,,,,,,,,,,,,,,University of Nevada - Reno,United States,2026,QS only,QS record not matched in THE
622,681-690,University of New Brunswick,Canada,Americas,M,CO,VH,Public,7.1,,,,,,,,,,,,,,,University of New Brunswick,Canada,2026,QS only,QS record not matched in THE
,,,,,,,,,,706.0,University of New Brunswick UNB,Canada,"8,975",12.4,22%,53 : 47,41.421,23.8,19.5,67.1,63.5,81.0,2026.0,University of New Brunswick UNB,Canada,2026,THE only,THE record not matched in QS
1001-1200,1001-1200,University of New England,Australia,Oceania,L,CO,VH,Public,12.5,,,,,,,,,,,,,,,University of New England,Australia,2026,QS only,QS record not matched in THE
1001-1200,1001-1200,University of New Hampshire,United States of America,Americas,L,CO,VH,Public,6.0,,,,,,,,,,,,,,,University of New Hampshire,United States,2026,QS only,QS record not matched in THE
751-760,791-800,University of New Mexico,United States of America,Americas,L,FC,VH,Public,14.2,,,,,,,,,,,,,,,University of New Mexico,United States,2026,QS only,QS record not matched in THE
20,19,The University of New South Wales,Australia,Oceania,XL,FC,VH,Public,96.3,,,,,,,,,,,,,,,The University of New South Wales,Australia,2026,QS only,QS record not matched in THE
227,179,The University of Newcastle,Australia,Oceania,L,FC,VH,Public,36.0,289.0,University of Newcastle,Australia,"22,320",29.2,20%,58 : 42,54.767,30.0,36.8,84.9,86.5,84.2,2026.0,The University of Newcastle,Australia,2026,QS + THE,Matched
,,,,,,,,,,514.0,University of Nicosia,Cyprus,"6,398",17.2,65%,56 : 44,45.9055,19.3,24.1,81.3,51.7,90.2,2026.0,University of Nicosia,Cyprus,2026,THE only,THE record not matched in QS
,,,,,,,,,,1398.0,University of Nigeria Nsukka,Nigeria,"45,307",11.1,1%,46 : 54,28.637,32.0,11.0,40.3,20.3,41.4,2026.0,University of Nigeria Nsukka,Nigeria,2026,THE only,THE record not matched in QS
761-770,,University of Nizwa,Oman,Asia,S,CO,VH,Private not for Profit,11.0,500.0,University of Nizwa,Oman,"3,498",8.9,11%,77 : 23,46.2745,28.1,26.0,76.2,34.0,83.0,2026.0,University of Nizwa,Oman,2026,QS + THE,Matched
,,,,,,,,,,78.0,University of North Carolina at Chapel Hill,United States,"34,813",8.0,10%,61 : 39,70.27349999999998,63.8,59.6,91.3,75.9,49.9,2026.0,University of North Carolina at Chapel Hill,United States,2026,THE only,THE record not matched in QS
1001-1200,1001-1200,University of North Carolina at Charlotte,United States of America,Americas,L,CO,VH,Public,6.7,641.0,University of North Carolina at Charlotte,United States,"27,004",21.1,8%,50 : 50,42.5565,23.9,24.5,76.2,60.9,41.4,2026.0,University of North Carolina at Charlotte,United States,2026,QS + THE,Matched
1201-1400,1201-1400,University of North Carolina at Greensboro,United States of America,Americas,L,FO,VH,Public,3.6,,,,,,,,,,,,,,,University of North Carolina at Greensboro,United States,2026,QS only,QS record not matched in THE
140,155,"University of North Carolina, Chapel Hill",United States of America,Americas,L,FC,VH,Public,72.2,,,,,,,,,,,,,,,"University of North Carolina, Chapel Hill",United States,2026,QS only,QS record not matched in THE
,,,,,,,,,,1716.0,"University of the North, Colombia",Colombia,"11,592",16.9,2%,49 : 51,23.832,19.8,14.4,30.1,24.0,51.0,2026.0,"University of the North, Colombia",Colombia,2026,THE only,THE record not matched in QS
901-950,1001-1200,University of North Texas,United States of America,Americas,XL,FC,HI,Public,10.1,,,,,,,,,,,,,,,University of North Texas,United States,2026,QS only,QS record not matched in THE
1201-1400,1001-1200,The University of Northampton,United Kingdom,Europe,L,CO,MD,Public,3.4,1527.0,University of Northampton,United Kingdom,"14,775",21.7,46%,63 : 37,26.83,16.1,11.0,40.4,18.7,80.3,2026.0,The University of Northampton,United Kingdom,2026,QS + THE,Matched
,,,,,,,,,,1257.0,University of Northern British Columbia (UNBC),Canada,"3,008",15.3,15%,62 : 38,31.111,21.0,22.5,44.4,19.9,57.0,2026.0,University of Northern British Columbia (UNBC),Canada,2026,THE only,THE record not matched in QS
294,316,University of Notre Dame,United States of America,Americas,L,CO,VH,Private not for Profit,38.0,195.0,University of Notre Dame,United States,"12,781",10.5,14%,47 : 53,59.0505,52.8,45.8,73.5,72.5,69.9,2026.0,University of Notre Dame,United States,2026,QS + THE,Matched
1201-1400,1401+,"The University of Notre Dame, Australia",Australia,Oceania,M,FC,HI,Private not for Profit,3.4,895.0,The University of Notre Dame Australia,Australia,"7,652",14.9,5%,72 : 28,37.2725,32.4,18.0,56.5,27.8,59.1,2026.0,"The University of Notre Dame, Australia",Australia,2026,QS + THE,Matched
97,108,The University of Nottingham,United Kingdom,Europe,XL,FC,VH,Public,75.4,146.0,University of Nottingham,United Kingdom,"35,470",15.5,28%,55 : 45,62.027,45.8,43.3,87.3,72.1,91.8,2026.0,The University of Nottingham,United Kingdom,2026,QS + THE,Matched
,,,,,,,,,,922.0,University of Nova Gorica,Slovenia,448,3.0,61%,48 : 52,36.867,29.9,19.0,49.5,29.6,86.7,2026.0,University of Nova Gorica,Slovenia,2026,THE only,THE record not matched in QS
1201-1400,1001-1200,University of Novi Sad,Serbia,Europe,XL,FC,HI,Public,12.5,1679.0,University of Novi Sad,Serbia,"49,296",14.0,7%,58 : 42,24.3395,19.9,11.5,32.8,59.6,38.8,2026.0,University of Novi Sad,Serbia,2026,QS + THE,Matched
,,,,,,,,,,1221.0,"University of Occupational and Environmental Health, Japan",Japan,"1,145",2.4,1%,53 : 47,31.8165,29.0,11.9,53.1,53.7,23.1,2026.0,"University of Occupational and Environmental Health, Japan",Japan,2026,THE only,THE record not matched in QS
,,,,,,,,,,1099.0,University of Okara,Pakistan,"19,640",145.5,0%,36 : 64,33.733999999999995,8.6,16.5,73.4,16.8,49.6,2026.0,University of Okara,Pakistan,2026,THE only,THE record not matched in QS
664,701-710,University of Oklahoma,United States of America,Americas,L,FC,VH,Public,14.3,,,,,,,,,,,,,,,University of Oklahoma,United States,2026,QS only,QS record not matched in THE
1401+,1401+,University of Oradea,Romania,Europe,L,FC,MD,Public,7.5,1810.0,University of Oradea,Romania,"18,847",19.0,5%,60 : 40,21.87,16.5,13.3,31.7,18.7,38.5,2026.0,University of Oradea,Romania,2026,QS + THE,Matched
751-760,801-850,University of Oregon,United States of America,Americas,L,CO,VH,Public,23.2,458.0,University of Oregon,United States,"22,659",13.7,5%,59 : 41,47.7035,34.7,30.0,75.7,73.8,41.4,2026.0,University of Oregon,United States,2026,QS + THE,Matched
91,86,The University of Osaka,Japan,Asia,L,FC,VH,Public,90.5,152.0,The University of Osaka,Japan,"22,367",10.4,12%,33 : 67,61.844,65.9,64.9,53.3,100.0,47.9,2026.0,The University of Osaka,Japan,2026,QS + THE,Matched
119,119,University of Oslo,Norway,Europe,L,FC,VH,Public,67.8,114.0,University of Oslo,Norway,"20,102",11.7,18%,64 : 36,65.16149999999999,47.8,52.5,90.3,75.2,76.5,2026.0,University of Oslo,Norway,2026,QS + THE,Matched
1201-1400,1201-1400,University of Ostrava,Czechia,Europe,M,FC,HI,Public,8.0,1635.0,University of Ostrava,Czechia,"9,219",16.4,12%,70 : 30,25.2135,20.0,16.7,32.7,20.7,51.1,2026.0,University of Ostrava,Czechia,2026,QS + THE,Matched
197,214,University of Otago,New Zealand,Oceania,L,FC,VH,Public,60.0,377.0,University of Otago,New Zealand,"18,703",19.9,18%,60 : 40,50.581,34.1,34.3,72.4,69.3,81.1,2026.0,University of Otago,New Zealand,2026,QS + THE,Matched
219,189,University of Ottawa,Canada,Americas,XL,FC,VH,Public,35.8,188.0,University of Ottawa,Canada,"40,753",28.7,29%,58 : 42,59.527,38.2,44.5,85.4,81.7,86.2,2026.0,University of Ottawa,Canada,2026,QS + THE,Matched
342,344,University of Oulu,Finland,Europe,M,FC,VH,Public,23.0,272.0,University of Oulu,Finland,"11,334",22.0,10%,56 : 44,55.6275,36.7,39.5,85.8,70.9,63.6,2026.0,University of Oulu,Finland,2026,QS + THE,Matched
,,,,,,,,,,1701.0,University of Oum El Bouaghi,Algeria,"12,471",11.0,0%,63 : 37,24.07,23.8,14.5,30.8,30.1,32.0,2026.0,University of Oum El Bouaghi,Algeria,2026,THE only,THE record not matched in QS
,,,,,,,,,,1082.0,University of Oviedo,Spain,"18,268",9.0,7%,53 : 47,34.0575,30.3,19.8,48.0,48.3,40.6,2026.0,University of Oviedo,Spain,2026,THE only,THE record not matched in QS
4,3,University of Oxford,United Kingdom,Europe,L,FC,VH,Public,100.0,1.0,University of Oxford,United Kingdom,"22,005",10.4,43%,52 : 48,98.21,97.2,100.0,97.7,99.9,96.4,2026.0,University of Oxford,United Kingdom,2026,QS + THE,Matched
1401+,1201-1400,University of the Pacific,United States of America,Americas,M,CO,HI,Private not for Profit,1.8,,,,,,,,,,,,,,,University of the Pacific,United States,2026,QS only,QS record not matched in THE
233,236,University of Padova,Italy,Europe,XL,FC,VH,Public,73.5,,,,,,,,,,,,,,,University of Padova,Italy,2026,QS only,QS record not matched in THE
,,,,,,,,,,242.0,University of Padua,Italy,"49,946",30.1,11%,58 : 42,56.724,46.4,41.0,80.0,78.9,53.2,2026.0,University of Padua,Italy,2026,THE only,THE record not matched in QS
,,,,,,,,,,600.0,University of Palermo,Italy,"28,637",32.9,2%,58 : 42,43.6415,33.3,30.5,66.7,54.7,37.0,2026.0,University of Palermo,Italy,2026,THE only,THE record not matched in QS
1201-1400,1201-1400,University of Pannonia,Hungary,Europe,S,FO,VH,Public,6.1,1652.0,University of Pannonia,Hungary,"5,317",20.0,6%,49 : 51,24.764,22.7,17.7,29.9,31.8,35.9,2026.0,University of Pannonia,Hungary,2026,QS + THE,Matched
1201-1400,1201-1400,University of Pardubice,Czechia,Europe,M,CO,VH,Public,5.2,1785.0,University of Pardubice,Czechia,"7,339",15.3,9%,55 : 45,22.61,19.7,18.6,22.8,37.8,40.7,2026.0,University of Pardubice,Czechia,2026,QS + THE,Matched
1001-1200,951-1000,University of Parma,Italy,Europe,XL,FC,HI,Public,13.6,769.0,University of Parma,Italy,"31,624",31.5,9%,59 : 41,39.65849999999999,20.9,23.9,70.1,64.8,39.2,2026.0,University of Parma,Italy,2026,QS + THE,Matched
,,,,,,,,,,619.0,University of Passau,Germany,"7,360",45.5,14%,59 : 41,43.2325,32.7,37.0,52.5,70.4,57.2,2026.0,University of Passau,Germany,2026,THE only,THE record not matched in QS
,,,,,,,,,,1868.0,University of Passo Fundo (UPF),Brazil,"6,729",15.2,0%,56 : 44,20.7185,20.8,12.0,27.5,19.0,27.9,2026.0,University of Passo Fundo (UPF),Brazil,2026,THE only,THE record not matched in QS
721-730,761-770,University of Patras,Greece,Europe,L,FC,VH,Public,16.8,983.0,University of Patras,Greece,"28,311",27.5,6%,51 : 49,35.7945,18.5,23.6,60.0,73.2,34.2,2026.0,University of Patras,Greece,2026,QS + THE,Matched
,,,,,,,,,,1718.0,University of Pau and Pays de l’Adour,France,"13,266",13.4,16%,53 : 47,23.806,24.4,12.5,20.0,31.7,76.2,2026.0,University of Pau and Pays de l’Adour,France,2026,THE only,THE record not matched in QS
,,,,,,,,,,368.0,University of Pavia,Italy,"17,543",30.2,12%,59 : 41,50.8975,38.9,31.9,77.0,78.9,52.2,2026.0,University of Pavia,Italy,2026,THE only,THE record not matched in QS
741-750,771-780,University of Pecs,Hungary,Europe,L,FC,HI,Public,20.1,1187.0,University of Pécs,Hungary,"15,829",15.2,24%,60 : 40,32.287499999999994,32.4,18.7,38.3,40.6,55.9,2026.0,University of Pecs,Hungary,2026,QS + THE,Matched
15,11,University of Pennsylvania,United States of America,Americas,L,FC,VH,Private not for Profit,98.9,14.0,University of Pennsylvania,United States,"22,422",6.6,26%,55 : 45,90.80249999999998,88.1,90.3,96.1,97.9,78.4,2026.0,University of Pennsylvania,United States,2026,QS + THE,Matched
1201-1400,1201-1400,University of Peradeniya,Sri Lanka,Asia,L,CO,HI,Public,10.4,1420.0,University of Peradeniya,Sri Lanka,"20,419",26.2,0%,60 : 40,28.4395,12.8,12.4,56.4,30.0,39.3,2026.0,University of Peradeniya,Sri Lanka,2026,QS + THE,Matched
,,,,,,,,,,2130.0,University of Pernambuco,Brazil,"19,417",14.1,,,14.677,17.6,9.3,13.2,19.7,27.2,2026.0,University of Pernambuco,Brazil,2026,THE only,THE record not matched in QS
901-950,901-950,University of Peshawar,Pakistan,Asia,L,FO,VH,Public,9.4,1117.0,University of Peshawar,Pakistan,"19,301",34.0,0%,24 : 76,33.387,24.0,12.0,59.1,34.8,49.4,2026.0,University of Peshawar,Pakistan,2026,QS + THE,Matched
1201-1400,,University of Petra,Jordan,Asia,M,CO,HI,Private for Profit,8.8,934.0,University of Petra,Jordan,"5,154",17.3,18%,54 : 46,36.665,15.2,12.4,76.1,17.5,67.4,2026.0,University of Petra,Jordan,2026,QS + THE,Matched
901-950,801-850,University of Petroleum and Energy Studies (UPES),India,Asia,M,FO,VH,Private for Profit,23.4,,,,,,,,,,,,,,,University of Petroleum and Energy Studies (UPES),India,2026,QS only,QS record not matched in THE
,,,,,,,,,,1905.0,University of Phayao,Thailand,"21,363",21.8,0%,67 : 33,19.798,13.7,10.7,33.5,19.9,24.1,2026.0,University of Phayao,Thailand,2026,THE only,THE record not matched in QS
362,336,University of the Philippines,Philippines,Asia,XL,FC,HI,Public,50.6,1376.0,University of the Philippines,Philippines,"54,405",10.7,0%,57 : 43,29.024999999999995,27.4,17.9,39.0,28.9,38.6,2026.0,University of the Philippines,Philippines,2026,QS + THE,Matched
,,,,,,,,,,1166.0,University of Piraeus,Greece,"14,493",58.2,2%,43 : 57,32.661500000000004,16.7,21.7,53.3,88.3,25.6,2026.0,University of Piraeus,Greece,2026,THE only,THE record not matched in QS
343,382,University of Pisa,Italy,Europe,L,FC,VH,Public,51.6,394.0,University of Pisa,Italy,"29,834",17.2,7%,52 : 48,50.0295,36.3,34.7,77.7,67.7,43.2,2026.0,University of Pisa,Italy,2026,QS + THE,Matched
281,275,University of Pittsburgh,United States of America,Americas,L,FC,VH,Public,45.4,,,,,,,,,,,,,,,University of Pittsburgh,United States,2026,QS only,QS record not matched in THE
,,,,,,,,,,157.0,University of Pittsburgh-Pittsburgh campus,United States,"27,492",5.4,11%,51 : 49,61.44799999999999,49.2,43.3,92.0,76.8,49.4,2026.0,University of Pittsburgh-Pittsburgh campus,United States,2026,THE only,THE record not matched in QS
613,661-670,University of Plymouth,United Kingdom,Europe,L,FC,HI,Public,13.8,553.0,University of Plymouth,United Kingdom,"16,895",17.8,22%,61 : 39,45.1,23.0,21.2,77.9,65.8,82.2,2026.0,University of Plymouth,United Kingdom,2026,QS + THE,Matched
,,,,,,,,,,1984.0,University of Port Harcourt,Nigeria,"42,613",30.1,0%,56 : 44,18.147,20.6,8.8,19.5,21.2,37.6,2026.0,University of Port Harcourt,Nigeria,2026,THE only,THE record not matched in QS
237,278,University of Porto,Portugal,Europe,XL,FC,VH,Public,52.5,415.0,University of Porto,Portugal,"38,127",17.5,19%,55 : 45,49.2525,33.7,39.1,70.2,67.8,56.0,2026.0,University of Porto,Portugal,2026,QS + THE,Matched
635,631-640,University of Portsmouth,United Kingdom,Europe,L,CO,VH,Public,10.9,448.0,University of Portsmouth,United Kingdom,"22,370",15.9,36%,48 : 52,48.0605,22.0,20.1,88.7,51.1,94.5,2026.0,University of Portsmouth,United Kingdom,2026,QS + THE,Matched
,,,,,,,,,,230.0,University of Potsdam,Germany,"12,690",32.7,15%,57 : 43,57.2135,37.9,44.3,81.7,92.4,66.4,2026.0,University of Potsdam,Germany,2026,THE only,THE record not matched in QS
362,354,University of Pretoria,South Africa,Africa,XL,FC,VH,Public,32.3,588.0,University of Pretoria,South Africa,"34,827",18.4,7%,61 : 39,44.1755,32.3,34.7,57.5,61.1,65.2,2026.0,University of Pretoria,South Africa,2026,QS + THE,Matched
1201-1400,1201-1400,University of Primorska,Slovenia,Europe,M,CO,HI,Public,3.6,1702.0,University of Primorska,Slovenia,"5,744",13.5,23%,76 : 24,24.061,20.0,17.4,25.1,23.0,62.2,2026.0,University of Primorska,Slovenia,2026,QS + THE,Matched
,,,,,,,,,,2017.0,University of Prishtina,Kosovo,"25,093",27.0,2%,68 : 32,17.4715,13.5,12.6,20.0,20.5,40.2,2026.0,University of Prishtina,Kosovo,2026,THE only,THE record not matched in QS
542,570,University of the Punjab,Pakistan,Asia,XL,CO,VH,Public,22.5,903.0,University of the Punjab,Pakistan,"28,679",21.6,1%,62 : 38,37.161,28.4,15.2,64.4,31.5,50.6,2026.0,University of the Punjab,Pakistan,2026,QS + THE,Matched
,,,,,,,,,,1708.0,University of Qom,Iran,"9,345",29.5,27%,46 : 54,23.922,28.4,12.5,25.5,21.6,45.4,2026.0,University of Qom,Iran,2026,THE only,THE record not matched in QS
42,40,The University of Queensland,Australia,Oceania,XL,FC,VH,Public,94.3,81.0,The University of Queensland,Australia,"41,295",23.6,43%,54 : 46,69.70049999999999,50.9,60.9,87.6,97.6,91.2,2026.0,The University of Queensland,Australia,2026,QS + THE,Matched
1201-1400,1201-1400,University of Rajshahi,Bangladesh,Asia,L,CO,HI,,13.2,1033.0,University of Rajshahi,Bangladesh,"19,819",17.8,0%,36 : 64,34.872499999999995,16.5,9.9,77.0,22.1,42.0,2026.0,University of Rajshahi,Bangladesh,2026,QS + THE,Matched
194,172,University of Reading,United Kingdom,Europe,L,CO,VH,Public,45.7,201.0,University of Reading,United Kingdom,"15,970",15.8,31%,54 : 46,58.6515,41.7,38.1,85.2,66.9,94.2,2026.0,University of Reading,United Kingdom,2026,QS + THE,Matched
,,,,,,,,,,452.0,University of Regensburg,Germany,"18,210",19.4,7%,61 : 39,47.9945,36.3,30.8,70.9,67.6,58.4,2026.0,University of Regensburg,Germany,2026,THE only,THE record not matched in QS
1001-1200,951-1000,University of Regina,Canada,Americas,L,CO,HI,Public,4.7,930.0,University of Regina,Canada,"14,331",22.9,34%,60 : 40,36.7385,18.4,20.9,61.9,43.8,65.7,2026.0,University of Regina,Canada,2026,QS + THE,Matched
,,,,,,,,,,1431.0,University of Reims Champagne-Ardenne,France,"25,691",18.5,11%,58 : 42,28.31,29.1,9.8,37.4,36.4,56.1,2026.0,University of Reims Champagne-Ardenne,France,2026,THE only,THE record not matched in QS
,,,,,,,,,,788.0,University of Rennes 1,France,"29,025",19.3,12%,55 : 45,39.4035,34.3,20.0,53.4,70.0,62.2,2026.0,University of Rennes 1,France,2026,THE only,THE record not matched in QS
1001-1200,1001-1200,University of Rhode Island,United States of America,Americas,L,CO,VH,Public,7.2,856.0,University of Rhode Island,United States,"15,859",17.4,3%,58 : 42,37.9,29.6,23.0,55.0,53.2,51.6,2026.0,University of Rhode Island,United States,2026,QS + THE,Matched
1201-1400,1201-1400,University of Rijeka,Croatia,Europe,L,CO,VH,Public,7.3,1655.0,University of Rijeka,Croatia,"12,749",15.6,5%,59 : 41,24.6965,20.1,19.4,31.3,36.4,30.6,2026.0,University of Rijeka,Croatia,2026,QS + THE,Matched
236,236,University of Rochester,United States of America,Americas,M,FC,VH,Private not for Profit,27.1,127.0,University of Rochester,United States,"10,505",8.1,36%,52 : 48,63.6135,51.8,44.5,86.3,92.0,78.1,2026.0,University of Rochester,United States,2026,QS + THE,Matched
,,,,,,,,,,946.0,University of Roehampton,United Kingdom,"11,170",30.2,61%,57 : 43,36.4065,18.9,22.8,55.0,27.6,88.2,2026.0,University of Roehampton,United Kingdom,2026,THE only,THE record not matched in QS
,,,,,,,,,,337.0,University of Rome II – Tor Vergata,Italy,"17,464",23.7,21%,62 : 38,52.264500000000005,40.4,36.1,71.7,86.0,65.7,2026.0,University of Rome II – Tor Vergata,Italy,2026,THE only,THE record not matched in QS
,,,,,,,,,,957.0,University of Rome III,Italy,"36,386",48.1,6%,61 : 39,36.2235,22.7,25.6,54.7,63.2,42.2,2026.0,University of Rome III,Italy,2026,THE only,THE record not matched in QS
,,,,,,,,,,1370.0,University of Rouen Normandie,France,"31,367",23.8,14%,61 : 39,29.123,24.9,13.9,38.3,51.6,55.9,2026.0,University of Rouen Normandie,France,2026,THE only,THE record not matched in QS
,,,,,,,,,,1837.0,University of Rwanda,Rwanda,"30,597",22.5,3%,38 : 62,21.317,14.1,14.9,25.6,21.1,57.5,2026.0,University of Rwanda,Rwanda,2026,THE only,THE record not matched in QS
,,,,,,,,,,1614.0,University of the Ryukyus,Japan,"7,468",9.2,3%,38 : 62,25.4185,25.8,13.8,30.8,41.2,38.9,2026.0,University of the Ryukyus,Japan,2026,THE only,THE record not matched in QS
,,,,,,,,,,1832.0,University of Rzeszów,Poland,"13,491",12.1,3%,67 : 33,21.3695,22.7,14.0,25.3,22.7,28.2,2026.0,University of Rzeszów,Poland,2026,THE only,THE record not matched in QS
,,,,,,,,,,1145.0,University of Sadat City,Egypt,"36,086",55.3,1%,48 : 52,32.92750000000001,17.8,11.0,66.4,19.1,50.7,2026.0,University of Sadat City,Egypt,2026,THE only,THE record not matched in QS
526,539,University of Salamanca,Spain,Europe,L,FC,VH,Public,36.9,916.0,University of Salamanca,Spain,"25,749",14.6,16%,61 : 39,36.95349999999999,32.0,24.8,47.9,46.6,54.5,2026.0,University of Salamanca,Spain,2026,QS + THE,Matched
1001-1200,1001-1200,University of Salento,Italy,Europe,L,CO,VH,Public,6.8,883.0,University of Salento,Italy,"14,502",23.5,3%,62 : 38,37.552,27.2,21.4,61.4,55.8,35.6,2026.0,University of Salento,Italy,2026,QS + THE,Matched
,,,,,,,,,,561.0,University of Salerno,Italy,"20,506",25.6,4%,57 : 43,44.8865,30.6,30.2,72.7,63.1,36.9,2026.0,University of Salerno,Italy,2026,THE only,THE record not matched in QS
901-950,901-950,University of Salford,United Kingdom,Europe,L,CO,HI,Public,10.8,851.0,University of Salford,United Kingdom,"22,475",20.9,30%,56 : 44,38.007000000000005,19.0,14.8,64.9,57.0,84.8,2026.0,University of Salford,United Kingdom,2026,QS + THE,Matched
1201-1400,1201-1400,University of San Diego,United States of America,Americas,M,CO,HI,Private not for Profit,9.0,,,,,,,,,,,,,,,University of San Diego,United States,2026,QS only,QS record not matched in THE
1201-1400,1201-1400,University of San Francisco,United States of America,Americas,M,CO,HI,Private not for Profit,6.9,,,,,,,,,,,,,,,University of San Francisco,United States,2026,QS only,QS record not matched in THE
,,,,,,,,,,1927.0,University of San Martín de Porres,Peru,"38,029",17.2,1%,65 : 35,19.2435,15.7,8.9,28.5,18.4,36.6,2026.0,University of San Martín de Porres,Peru,2026,THE only,THE record not matched in QS
,,,,,,,,,,1044.0,University of Sannio,Italy,"2,637",12.9,4%,47 : 53,34.7295,30.4,16.8,56.5,42.8,29.7,2026.0,University of Sannio,Italy,2026,THE only,THE record not matched in QS
,,,,,,,,,,1745.0,"University of Santiago, Chile (USACH)",Chile,"26,506",20.0,4%,45 : 55,23.3605,17.4,15.9,29.5,30.1,47.5,2026.0,"University of Santiago, Chile (USACH)",Chile,2026,THE only,THE record not matched in QS
,,,,,,,,,,777.0,University of Santiago de Compostela,Spain,"24,821",14.1,8%,62 : 38,39.613,30.8,23.1,60.9,48.2,48.4,2026.0,University of Santiago de Compostela,Spain,2026,THE only,THE record not matched in QS
851-900,851-900,University of Santo Tomas,Philippines,Asia,XL,FC,MD,Private not for Profit,20.3,1657.0,University of Santo Tomas,Philippines,"42,253",15.1,6%,58 : 42,24.6795,23.0,10.2,32.1,21.1,59.5,2026.0,University of Santo Tomas,Philippines,2026,QS + THE,Matched
,,,,,,,,,,222.0,University of São Paulo,Brazil,"82,212",13.9,3%,48 : 52,57.585,61.6,55.6,53.9,96.6,43.4,2026.0,University of São Paulo,Brazil,2026,THE only,THE record not matched in QS
1201-1400,1001-1200,University of Sarajevo,Bosnia and Herzegovina,Europe,L,CO,HI,Public,5.0,1897.0,University of Sarajevo,Bosnia and Herzegovina,"21,375",13.0,3%,,20.1415,21.2,11.5,23.4,33.0,29.5,2026.0,University of Sarajevo,Bosnia and Herzegovina,2026,QS + THE,Matched
,,,,,,,,,,1233.0,University of Sargodha,Pakistan,"22,199",29.4,0%,59 : 41,31.662499999999994,14.5,13.6,63.0,20.9,49.4,2026.0,University of Sargodha,Pakistan,2026,THE only,THE record not matched in QS
378,340,University of Saskatchewan,Canada,Americas,L,FC,VH,Public,16.0,397.0,University of Saskatchewan,Canada,"18,283",19.2,22%,55 : 45,49.9565,39.5,34.0,63.0,96.1,76.0,2026.0,University of Saskatchewan,Canada,2026,QS + THE,Matched
,,,,,,,,,,1040.0,University of Savoie Mont Blanc,France,"14,444",24.6,11%,50 : 50,34.7965,17.8,17.6,58.4,55.1,62.9,2026.0,University of Savoie Mont Blanc,France,2026,THE only,THE record not matched in QS
480,430,University of Science and Technology Beijing,China (Mainland),Asia,L,CO,VH,Public,16.4,,,,,,,,,,,,,,,University of Science and Technology Beijing,China (Mainland),2026,QS only,QS record not matched in THE
,,,,,,,,,,51.0,University of Science and Technology of China,China,"22,955",8.2,5%,,75.6435,72.9,69.8,89.0,98.9,43.2,2026.0,University of Science and Technology of China,China,2026,THE only,THE record not matched in QS
132,133,University of Science and Technology of China,China (Mainland),Asia,L,CO,VH,Public,57.6,,,,,,,,,,,,,,,University of Science and Technology of China,China (Mainland),2026,QS only,QS record not matched in THE
,,,,,,,,,,1884.0,University of Science and Technology of Oran Mohamed-Boudiaf,Algeria,"19,249",10.3,1%,52 : 48,20.4415,38.6,8.4,11.1,22.4,31.9,2026.0,University of Science and Technology of Oran Mohamed-Boudiaf,Algeria,2026,THE only,THE record not matched in QS
,,,,,,,,,,2078.0,University of Sciences and Technology Houari Boumediene,Algeria,"36,291",13.7,1%,59 : 41,15.994999999999996,19.7,8.3,14.5,25.1,32.3,2026.0,University of Sciences and Technology Houari Boumediene,Algeria,2026,THE only,THE record not matched in QS
851-900,1001-1200,University of Seoul,Republic of Korea,Asia,M,CO,VH,Public,17.6,,,,,,,,,,,,,,,University of Seoul,Republic of Korea,2026,QS only,QS record not matched in THE
,,,,,,,,,,1086.0,University of Seoul,South Korea,"9,555",13.5,7%,44 : 56,34.015,31.8,28.3,38.5,50.3,38.2,2026.0,University of Seoul,South Korea,2026,THE only,THE record not matched in QS
,,,,,,,,,,841.0,University of Seville,Spain,"60,471",19.0,12%,57 : 43,38.1475,24.9,27.9,55.8,60.4,47.4,2026.0,University of Seville,Spain,2026,THE only,THE record not matched in QS
,,,,,,,,,,1333.0,University of Sfax,Tunisia,"33,852",9.7,4%,65 : 35,29.8005,29.7,12.3,41.5,39.3,46.0,2026.0,University of Sfax,Tunisia,2026,THE only,THE record not matched in QS
328,434,University of Sharjah,United Arab Emirates,Asia,L,CO,VH,Private not for Profit,28.5,338.0,University of Sharjah,United Arab Emirates,"12,327",17.7,51%,67 : 33,52.243,23.5,27.0,94.3,44.7,98.7,2026.0,University of Sharjah,United Arab Emirates,2026,QS + THE,Matched
92,105,The University of Sheffield,United Kingdom,Europe,L,FC,VH,Public,73.0,111.0,University of Sheffield,United Kingdom,"29,305",15.2,41%,53 : 47,65.3465,49.7,49.1,88.3,79.4,90.4,2026.0,The University of Sheffield,United Kingdom,2026,QS + THE,Matched
,,,,,,,,,,1906.0,University of Shizuoka,Japan,"3,252",12.0,3%,61 : 39,19.6845,23.4,12.5,16.3,59.6,25.1,2026.0,University of Shizuoka,Japan,2026,THE only,THE record not matched in QS
,,,,,,,,,,523.0,University of Siegen,Germany,"9,590",26.1,14%,57 : 43,45.735,30.4,36.7,63.6,63.6,60.0,2026.0,University of Siegen,Germany,2026,THE only,THE record not matched in QS
607,691-700,University of Siena,Italy,Europe,M,FC,VH,Public,21.4,371.0,University of Siena,Italy,"10,480",16.8,9%,63 : 37,50.795,39.3,35.1,75.0,75.5,46.7,2026.0,University of Siena,Italy,2026,QS + THE,Matched
1201-1400,1201-1400,University of Silesia in Katowice,Poland,Europe,L,CO,VH,Public,8.6,1649.0,University of Silesia in Katowice,Poland,"17,261",10.6,5%,66 : 34,24.85,28.0,15.2,28.8,27.8,32.4,2026.0,University of Silesia in Katowice,Poland,2026,QS + THE,Matched
,,,,,,,,,,1680.0,University of Sistan and Baluchestan,Iran,"8,848",24.7,1%,56 : 44,24.337499999999995,27.0,13.1,32.7,20.9,25.7,2026.0,University of Sistan and Baluchestan,Iran,2026,THE only,THE record not matched in QS
,,,,,,,,,,1434.0,University of Social Welfare and Rehabilitation Sciences,Iran,"1,538",8.8,2%,79 : 21,28.29,34.0,15.7,34.3,22.8,33.4,2026.0,University of Social Welfare and Rehabilitation Sciences,Iran,2026,THE only,THE record not matched in QS
,,,,,,,,,,2138.0,University of Sonora,Mexico,"36,946",30.0,2%,58 : 42,14.434,14.1,8.5,13.8,27.8,34.1,2026.0,University of Sonora,Mexico,2026,THE only,THE record not matched in QS
,,,,,,,,,,1677.0,University of Sousse,Tunisia,"29,075",13.1,2%,68 : 32,24.3535,26.9,10.6,31.0,23.1,41.6,2026.0,University of Sousse,Tunisia,2026,THE only,THE record not matched in QS
901-950,851-900,University of South Africa,South Africa,Africa,XL,CO,VH,Public,13.8,1276.0,University of South Africa,South Africa,"207,954",84.5,2%,75 : 25,30.6545,19.7,17.8,51.0,30.4,42.2,2026.0,University of South Africa,South Africa,2026,QS + THE,Matched
1201-1400,1201-1400,University of South Alabama (USA),United States of America,Americas,L,CO,HI,Public,5.6,,,,,,,,,,,,,,,University of South Alabama (USA),United States,2026,QS only,QS record not matched in THE
1001-1200,951-1000,University of South Bohemia,Czechia,Europe,M,CO,VH,Public,7.1,,,,,,,,,,,,,,,University of South Bohemia,Czechia,2026,QS only,QS record not matched in THE
,,,,,,,,,,1189.0,University of South Bohemia in České Budějovice,Czechia,"9,375",14.0,10%,69 : 31,32.235,23.5,17.4,50.4,25.1,55.1,2026.0,University of South Bohemia in České Budějovice,Czechia,2026,THE only,THE record not matched in QS
628,601-610,University of South Carolina,United States of America,Americas,L,FC,VH,Public,17.7,,,,,,,,,,,,,,,University of South Carolina,United States,2026,QS only,QS record not matched in THE
,,,,,,,,,,488.0,University of South Carolina-Columbia,United States,"33,819",16.7,4%,59 : 41,46.7745,35.9,24.0,74.8,64.6,56.0,2026.0,University of South Carolina-Columbia,United States,2026,THE only,THE record not matched in QS
,,,,,,,,,,1159.0,University of South Dakota,United States,"6,756",15.3,5%,63 : 37,32.7195,36.2,16.9,43.7,38.3,33.3,2026.0,University of South Dakota,United States,2026,THE only,THE record not matched in QS
654,621-630,University of South Florida,United States of America,Americas,XL,CO,VH,Public,17.4,383.0,University of South Florida,United States,"40,449",18.0,16%,,50.3245,33.6,35.5,71.0,99.5,64.5,2026.0,University of South Florida,United States,2026,QS + THE,Matched
,,,,,,,,,,1116.0,University of the South Pacific,Fiji,"10,583",32.6,19%,59 : 41,33.412,16.1,17.2,56.8,28.8,73.1,2026.0,University of the South Pacific,Fiji,2026,THE only,THE record not matched in QS
,,,,,,,,,,1484.0,University of South Wales,United Kingdom,"17,530",16.7,31%,52 : 48,27.459,18.2,11.7,35.7,52.3,78.6,2026.0,University of South Wales,United Kingdom,2026,THE only,THE record not matched in QS
87,80,University of Southampton,United Kingdom,Europe,L,FC,VH,Public,62.6,129.0,University of Southampton,United Kingdom,"24,355",14.3,46%,54 : 46,63.3345,44.6,45.4,89.6,73.1,96.1,2026.0,University of Southampton,United Kingdom,2026,QS + THE,Matched
146,125,University of Southern California,United States of America,Americas,XL,FC,VH,Private not for Profit,61.2,75.0,University of Southern California,United States,"42,840",13.3,27%,53 : 47,71.09349999999999,59.8,59.6,92.7,74.9,71.5,2026.0,University of Southern California,United States,2026,QS + THE,Matched
303,324,University of Southern Denmark,Denmark,Europe,L,CO,VH,Public,29.2,281.0,University of Southern Denmark,Denmark,"17,548",9.5,15%,54 : 46,55.207,30.4,36.0,87.3,98.1,75.8,2026.0,University of Southern Denmark,Denmark,2026,QS + THE,Matched
410,396,University of Southern Queensland,Australia,Oceania,M,CO,VH,Public,11.0,373.0,University of Southern Queensland,Australia,"10,582",21.5,19%,63 : 37,50.71,29.3,26.8,87.1,51.3,81.5,2026.0,University of Southern Queensland,Australia,2026,QS + THE,Matched
1201-1400,1201-1400,University of Split,Croatia,Europe,L,FC,HI,Public,7.6,1487.0,University of Split,Croatia,"18,811",15.0,3%,59 : 41,27.4225,22.2,15.3,42.3,28.6,34.7,2026.0,University of Split,Croatia,2026,QS + THE,Matched
1401+,1201-1400,University of Sri Jayewardenepura,Sri Lanka,Asia,L,CO,HI,Public,8.0,1848.0,University of Sri Jayewardenepura,Sri Lanka,"20,006",25.3,0%,63 : 37,21.2175,12.6,9.5,37.4,18.2,37.3,2026.0,University of Sri Jayewardenepura,Sri Lanka,2026,QS + THE,Matched
113,104,University of St Andrews,United Kingdom,Europe,M,FO,VH,Public,61.5,164.0,University of St Andrews,United Kingdom,"11,265",12.9,49%,59 : 41,60.9,50.6,43.3,78.2,71.9,94.4,2026.0,University of St Andrews,United Kingdom,2026,QS + THE,Matched
,,,,,,,,,,380.0,University of St Gallen,Switzerland,"8,835",12.7,37%,36 : 64,50.41749999999999,33.3,23.0,80.8,66.6,93.6,2026.0,University of St Gallen,Switzerland,2026,THE only,THE record not matched in QS
,,,,,,,,,,1365.0,University of Staffordshire,United Kingdom,"15,275",23.0,22%,49 : 51,29.2325,16.3,12.3,48.0,23.8,73.4,2026.0,University of Staffordshire,United Kingdom,2026,THE only,THE record not matched in QS
851-900,801-850,University of Stavanger,Norway,Europe,M,CO,VH,,10.4,,,,,,,,,,,,,,,University of Stavanger,Norway,2026,QS only,QS record not matched in THE
517,452,University of Stirling,United Kingdom,Europe,M,CO,VH,Public,16.8,516.0,University of Stirling,United Kingdom,"11,725",18.9,34%,59 : 41,45.86149999999999,24.4,26.3,74.6,45.6,91.1,2026.0,University of Stirling,United Kingdom,2026,QS + THE,Matched
251,281,University of Strathclyde,United Kingdom,Europe,L,CO,VH,Public,37.5,362.0,University of Strathclyde,United Kingdom,"19,085",14.3,28%,52 : 48,51.0185,37.0,35.2,66.4,79.7,90.5,2026.0,University of Strathclyde,United Kingdom,2026,QS + THE,Matched
,,,,,,,,,,294.0,University of Stuttgart,Germany,"14,277",22.2,22%,35 : 65,54.567,44.5,48.4,63.4,99.9,58.5,2026.0,University of Stuttgart,Germany,2026,THE only,THE record not matched in QS
,,,,,,,,,,1153.0,University of Sulaimani,Iraq,"24,212",11.6,0%,61 : 39,32.862,23.8,8.6,66.9,17.8,34.2,2026.0,University of Sulaimani,Iraq,2026,THE only,THE record not matched in QS
,,,,,,,,,,1600.0,University of Sunderland,United Kingdom,"15,945",14.4,53%,59 : 41,25.6055,19.3,9.6,34.6,33.7,72.0,2026.0,University of Sunderland,United Kingdom,2026,THE only,THE record not matched in QS
,,,,,,,,,,578.0,University of the Sunshine Coast,Australia,"11,020",27.0,15%,70 : 30,44.3555,21.9,29.5,72.2,64.5,68.0,2026.0,University of the Sunshine Coast,Australia,2026,THE only,THE record not matched in QS
262,285,University of Surrey,United Kingdom,Europe,L,CO,VH,Public,29.7,220.0,University of Surrey,United Kingdom,"14,440",14.4,33%,54 : 46,57.5985,36.3,34.4,89.5,71.6,96.0,2026.0,University of Surrey,United Kingdom,2026,QS + THE,Matched
278,246,University of Sussex,United Kingdom,Europe,L,FC,VH,Public,33.8,237.0,University of Sussex,United Kingdom,"18,015",16.7,37%,55 : 45,56.9305,34.3,36.0,88.9,64.8,94.8,2026.0,University of Sussex,United Kingdom,2026,QS + THE,Matched
25,18,The University of Sydney,Australia,Oceania,XL,FC,VH,Public,98.9,53.0,The University of Sydney,Australia,"51,531",22.4,53%,,75.06,59.2,67.5,91.5,98.9,88.2,2026.0,The University of Sydney,Australia,2026,QS + THE,Matched
,,,,,,,,,,1851.0,University of Szczecin,Poland,"9,446",9.8,6%,68 : 32,21.1785,23.5,10.0,27.8,17.4,30.8,2026.0,University of Szczecin,Poland,2026,THE only,THE record not matched in QS
597,570,University of Szeged,Hungary,Europe,L,FC,HI,Private not for Profit,26.2,1170.0,University of Szeged,Hungary,"21,326",13.2,19%,56 : 44,32.633,31.2,16.4,42.3,48.7,53.8,2026.0,University of Szeged,Hungary,2026,QS + THE,Matched
,,,,,,,,,,653.0,University of Tabriz,Iran,"21,199",23.6,15%,51 : 49,42.3005,28.6,21.4,72.8,45.5,53.3,2026.0,University of Tabriz,Iran,2026,THE only,THE record not matched in QS
578,552,University of Tabriz,Iran (Islamic Republic of),Asia,L,CO,VH,Public,9.7,,,,,,,,,,,,,,,University of Tabriz,Iran (Islamic Republic of),2026,QS only,QS record not matched in THE
1001-1200,1001-1200,University of Tabuk,Saudi Arabia,Asia,L,FC,HI,Public,8.8,780.0,University of Tabuk,Saudi Arabia,"20,099",10.3,3%,41 : 59,39.551,25.1,14.5,70.3,30.1,75.3,2026.0,University of Tabuk,Saudi Arabia,2026,QS + THE,Matched
,,,,,,,,,,1933.0,University of Taipei,Taiwan,"7,717",16.7,2%,61 : 39,19.068,17.5,19.1,16.1,27.1,32.7,2026.0,University of Taipei,Taiwan,2026,THE only,THE record not matched in QS
,,,,,,,,,,1637.0,University of Talca,Chile,"11,543",12.7,2%,51 : 49,25.0865,20.1,13.7,32.6,37.6,52.0,2026.0,University of Talca,Chile,2026,THE only,THE record not matched in QS
,,,,,,,,,,1177.0,University of Tarapacá,Chile,"10,738",29.9,3%,54 : 46,32.480999999999995,12.7,23.6,55.4,21.7,58.7,2026.0,University of Tarapacá,Chile,2026,THE only,THE record not matched in QS
362,358,University of Tartu,Estonia,Europe,M,FC,VH,Public,28.6,353.0,University of Tartu,Estonia,"9,766",8.9,13%,68 : 32,51.56499999999999,34.5,31.4,84.0,65.1,59.7,2026.0,University of Tartu,Estonia,2026,QS + THE,Matched
314,293,University of Tasmania,Australia,Oceania,M,CO,VH,Public,22.5,255.0,University of Tasmania,Australia,"13,316",17.1,31%,58 : 42,56.179,34.3,36.9,84.5,82.8,89.3,2026.0,University of Tasmania,Australia,2026,QS + THE,Matched
,,,,,,,,,,1067.0,"University of Technology, Iraq",Iraq,"12,215",6.9,0%,47 : 53,34.254000000000005,26.1,10.3,68.7,25.0,26.1,2026.0,"University of Technology, Iraq",Iraq,2026,THE only,THE record not matched in QS
,,,,,,,,,,1349.0,University of Technology of Compiègne,France,"4,377",16.0,18%,42 : 58,29.501,28.7,11.6,30.6,58.7,81.9,2026.0,University of Technology of Compiègne,France,2026,THE only,THE record not matched in QS
,,,,,,,,,,1539.0,University of Technology of Troyes,France,"2,898",17.9,24%,26 : 74,26.603,31.8,11.4,22.2,40.4,75.2,2026.0,University of Technology of Troyes,France,2026,THE only,THE record not matched in QS
96,88,University of Technology Sydney,Australia,Oceania,L,CO,VH,Public,58.7,149.0,University of Technology Sydney,Australia,"29,729",37.7,26%,51 : 49,61.9555,36.8,42.6,94.1,88.7,92.9,2026.0,University of Technology Sydney,Australia,2026,QS + THE,Matched
,,,,,,,,,,490.0,University of Tehran,Iran,"55,821",26.1,2%,46 : 54,46.655,38.3,31.1,70.1,65.0,36.1,2026.0,University of Tehran,Iran,2026,THE only,THE record not matched in QS
322,368,University of Tehran,Iran (Islamic Republic of),Asia,XL,CO,VH,Public,31.0,,,,,,,,,,,,,,,University of Tehran,Iran (Islamic Republic of),2026,QS only,QS record not matched in THE
607,481,University of Tennessee,United States of America,Americas,XL,FC,VH,Public,14.3,,,,,,,,,,,,,,,University of Tennessee,United States,2026,QS only,QS record not matched in THE
,,,,,,,,,,450.0,The University of Tennessee-Knoxville,United States,"31,306",17.8,4%,,48.032,35.4,31.3,72.4,70.8,52.8,2026.0,The University of Tennessee-Knoxville,United States,2026,THE only,THE record not matched in QS
1001-1200,1001-1200,University of Texas Arlington,United States of America,Americas,XL,CO,VH,Public,7.0,,,,,,,,,,,,,,,University of Texas Arlington,United States,2026,QS only,QS record not matched in THE
,,,,,,,,,,779.0,University of Texas at Arlington,United States,"38,017",32.3,16%,60 : 40,39.556,25.0,23.0,62.2,65.9,56.2,2026.0,University of Texas at Arlington,United States,2026,THE only,THE record not matched in QS
68,66,University of Texas at Austin,United States of America,Americas,XL,FC,VH,Public,97.6,50.0,University of Texas at Austin,United States,"51,158",17.0,10%,56 : 44,75.828,67.8,76.0,90.1,82.3,46.2,2026.0,University of Texas at Austin,United States,2026,QS + THE,Matched
597,596,University of Texas at Dallas,United States of America,Americas,L,FC,VH,Public,19.3,476.0,University of Texas at Dallas,United States,"26,710",24.5,22%,44 : 56,47.01499999999999,29.2,26.6,76.6,73.8,63.4,2026.0,University of Texas at Dallas,United States,2026,QS + THE,Matched
,,,,,,,,,,1048.0,University of Texas at El Paso,United States,"17,147",21.7,6%,55 : 45,34.628499999999995,28.0,30.2,41.7,43.7,44.7,2026.0,University of Texas at El Paso,United States,2026,THE only,THE record not matched in QS
1001-1200,1001-1200,University of Texas at San Antonio,United States of America,Americas,L,FC,HI,Public,6.7,705.0,The University of Texas at San Antonio,United States,"27,369",24.2,3%,53 : 47,41.4225,21.9,23.4,75.7,60.9,40.4,2026.0,University of Texas at San Antonio,United States,2026,QS + THE,Matched
1201-1400,1001-1200,University of Texas El Paso,United States of America,Americas,L,CO,VH,Public,6.8,,,,,,,,,,,,,,,University of Texas El Paso,United States,2026,QS only,QS record not matched in THE
,,,,,,,,,,1566.0,University of Texas Rio Grande Valley,United States,"27,919",20.1,3%,61 : 39,26.036999999999995,18.0,9.6,45.8,23.7,43.4,2026.0,University of Texas Rio Grande Valley,United States,2026,THE only,THE record not matched in QS
,,,,,,,,,,1180.0,University of Thessaly,Greece,"26,976",28.7,3%,51 : 49,32.45,14.3,15.5,64.7,43.1,34.7,2026.0,University of Thessaly,Greece,2026,THE only,THE record not matched in QS
,,,,,,,,,,1978.0,University of Thi-Qar,Iraq,"19,964",12.5,0%,63 : 37,18.288,20.0,8.9,23.3,16.8,28.6,2026.0,University of Thi-Qar,Iraq,2026,THE only,THE record not matched in QS
36,32,The University of Tokyo,Japan,Asia,L,FC,VH,Public,100.0,26.0,The University of Tokyo,Japan,"26,298",10.2,18%,,83.52449999999999,94.7,94.2,68.2,100.0,50.8,2026.0,The University of Tokyo,Japan,2026,QS + THE,Matched
1001-1200,1001-1200,University of Toledo,United States of America,Americas,L,FC,HI,Public,4.2,789.0,University of Toledo,United States,"13,661",15.8,10%,54 : 46,39.38199999999999,36.9,18.5,54.6,63.6,56.1,2026.0,University of Toledo,United States,2026,QS + THE,Matched
29,25,University of Toronto,Canada,Americas,XL,FC,VH,Public,100.0,21.0,University of Toronto,Canada,"80,394",25.1,39%,56 : 44,88.45449999999998,78.2,92.9,92.3,95.8,92.3,2026.0,University of Toronto,Canada,2026,QS + THE,Matched
,,,,,,,,,,546.0,University of Toulouse,France,"110,552",22.0,16%,57 : 43,45.27799999999999,32.5,30.7,62.9,71.0,67.7,2026.0,University of Toulouse,France,2026,THE only,THE record not matched in QS
,,,,,,,,,,1152.0,University of Tours,France,"29,179",18.1,13%,61 : 39,32.869499999999995,30.9,15.9,42.7,47.7,59.0,2026.0,University of Tours,France,2026,THE only,THE record not matched in QS
,,,,,,,,,,1546.0,University of Toyama,Japan,"8,960",10.7,3%,38 : 62,26.4945,28.4,15.3,28.4,67.3,32.9,2026.0,University of Toyama,Japan,2026,THE only,THE record not matched in QS
,,,,,,,,,,1281.0,University of Trás-os-Montes and Alto Douro,Portugal,"8,611",14.4,9%,53 : 47,30.614500000000003,19.6,20.9,47.3,38.6,40.5,2026.0,University of Trás-os-Montes and Alto Douro,Portugal,2026,THE only,THE record not matched in QS
485,506,University of Trento,Italy,Europe,L,CO,VH,Public,34.8,360.0,University of Trento,Italy,"14,183",16.6,9%,53 : 47,51.0595,34.6,35.2,77.4,70.3,61.5,2026.0,University of Trento,Italy,2026,QS + THE,Matched
751-760,721-730,University of Trieste,Italy,Europe,L,FC,VH,Public,16.1,509.0,University of Trieste,Italy,"18,016",24.3,8%,58 : 42,45.993,34.3,27.7,72.4,57.6,50.9,2026.0,University of Trieste,Italy,2026,QS + THE,Matched
1401+,,University of Tripoli,Libya,Africa,XL,FC,MD,Public,6.8,1254.0,University of Tripoli,Libya,"71,060",18.9,2%,63 : 37,31.1755,14.6,10.7,66.1,17.2,43.3,2026.0,University of Tripoli,Libya,2026,QS + THE,Matched
648,621-630,"University of Tromso, The Arctic University of Norway",Norway,Europe,L,FC,VH,Public,15.5,,,,,,,,,,,,,,,"University of Tromso, The Arctic University of Norway",Norway,2026,QS only,QS record not matched in THE
350,377,University of Tsukuba,Japan,Asia,L,FC,VH,Public,49.9,365.0,University of Tsukuba,Japan,"15,491",12.4,17%,38 : 62,50.94199999999999,52.0,46.7,50.8,77.1,49.8,2026.0,University of Tsukuba,Japan,2026,QS + THE,Matched
,,,,,,,,,,98.0,University of Tübingen,Germany,"21,627",22.5,15%,59 : 41,66.32549999999999,49.1,53.8,89.0,98.6,74.6,2026.0,University of Tübingen,Germany,2026,THE only,THE record not matched in QS
1001-1200,1001-1200,University of Tulsa,United States of America,Americas,S,CO,VH,Private not for Profit,2.8,542.0,The University of Tulsa,United States,"3,771",9.9,14%,49 : 51,45.37249999999999,41.4,17.5,70.6,58.8,60.7,2026.0,University of Tulsa,United States,2026,QS + THE,Matched
,,,,,,,,,,1692.0,University of Tunis,Tunisia,"18,795",10.8,2%,68 : 32,24.1605,33.3,10.0,24.4,28.3,39.8,2026.0,University of Tunis,Tunisia,2026,THE only,THE record not matched in QS
,,,,,,,,,,835.0,University of Tunis El Manar,Tunisia,"16,341",8.1,10%,75 : 25,38.1955,45.7,27.2,32.9,70.4,55.2,2026.0,University of Tunis El Manar,Tunisia,2026,THE only,THE record not matched in QS
408,371,University of Turin,Italy,Europe,XL,FC,VH,Public,48.1,468.0,University of Turin,Italy,"60,028",25.4,6%,62 : 38,47.212,24.3,31.9,81.7,74.0,44.3,2026.0,University of Turin,Italy,2026,QS + THE,Matched
366,375,University of Turku,Finland,Europe,L,FC,VH,Public,36.3,344.0,University of Turku,Finland,"13,966",15.4,7%,64 : 36,52.018,34.2,35.6,83.4,66.0,52.6,2026.0,University of Turku,Finland,2026,QS + THE,Matched
,,,,,,,,,,699.0,University of Tuscia,Italy,"6,305",24.0,12%,49 : 51,41.477,23.8,28.7,66.5,59.7,50.6,2026.0,University of Tuscia,Italy,2026,THE only,THE record not matched in QS
203,233,University of Twente,Netherlands,Europe,M,CO,VH,Public,29.3,191.0,University of Twente,Netherlands,"8,204",9.5,43%,37 : 63,59.3175,45.7,45.0,73.0,98.9,92.4,2026.0,University of Twente,Netherlands,2026,QS + THE,Matched
1201-1400,1201-1400,University of Tyumen,Russian Federation,Europe,M,CO,VH,Public,2.7,,,,,,,,,,,,,,,University of Tyumen,Russian Federation,2026,QS only,QS record not matched in THE
,,,,,,,,,,666.0,University of Udine,Italy,"11,915",16.7,5%,56 : 44,41.9795,32.8,20.9,69.4,58.5,41.1,2026.0,University of Udine,Italy,2026,THE only,THE record not matched in QS
801-850,801-850,University of Ulsan,Republic of Korea,Asia,L,FC,VH,Private not for Profit,6.0,,,,,,,,,,,,,,,University of Ulsan,Republic of Korea,2026,QS only,QS record not matched in THE
,,,,,,,,,,545.0,University of Ulsan,South Korea,"11,778",10.7,2%,45 : 55,45.287,30.6,27.6,75.8,92.9,24.0,2026.0,University of Ulsan,South Korea,2026,THE only,THE record not matched in QS
609,559,University of Ulster,United Kingdom,Europe,L,CO,VH,Public,12.6,,,,,,,,,,,,,,,University of Ulster,United Kingdom,2026,QS only,QS record not matched in THE
,,,,,,,,,,1294.0,University of Urbino Carlo Bo,Italy,"15,123",38.0,6%,65 : 35,30.4525,17.6,19.9,47.6,36.3,50.1,2026.0,University of Urbino Carlo Bo,Italy,2026,THE only,THE record not matched in QS
540,531,University of Utah,United States of America,Americas,XL,FC,VH,Public,21.8,239.0,University of Utah,United States,"33,106",15.5,9%,50 : 50,56.90449999999999,43.4,39.2,86.5,91.4,41.7,2026.0,University of Utah,United States,2026,QS + THE,Matched
,,,,,,,,,,429.0,University of Vaasa,Finland,"4,302",18.3,6%,50 : 50,48.7695,23.7,28.1,90.5,35.6,67.4,2026.0,University of Vaasa,Finland,2026,THE only,THE record not matched in QS
,,,,,,,,,,543.0,University of Valencia,Spain,"48,963",13.1,14%,64 : 36,45.369,31.8,27.7,70.9,68.5,52.6,2026.0,University of Valencia,Spain,2026,THE only,THE record not matched in QS
,,,,,,,,,,1372.0,University of Valladolid,Spain,"21,685",12.1,8%,57 : 43,29.1075,24.8,16.7,40.7,44.4,39.5,2026.0,University of Valladolid,Spain,2026,THE only,THE record not matched in QS
,,,,,,,,,,1903.0,University of Valparaíso,Chile,"16,514",17.9,3%,58 : 42,19.861,16.9,13.1,22.5,20.6,46.7,2026.0,University of Valparaíso,Chile,2026,THE only,THE record not matched in QS
1001-1200,1001-1200,University of Vermont,United States of America,Americas,L,FC,HI,Public,3.7,,,,,,,,,,,,,,,University of Vermont,United States,2026,QS only,QS record not matched in THE
,,,,,,,,,,800.0,"University of Veterinary and Animal Sciences, Lahore",Pakistan,"7,679",21.2,1%,53 : 47,39.053,21.2,15.5,75.6,41.6,52.8,2026.0,"University of Veterinary and Animal Sciences, Lahore",Pakistan,2026,THE only,THE record not matched in QS
,,,,,,,,,,927.0,University of Vic – Central University of Catalonia,Spain,"7,881",12.7,17%,61 : 39,36.771,21.4,14.1,70.8,23.6,55.8,2026.0,University of Vic – Central University of Catalonia,Spain,2026,THE only,THE record not matched in QS
358,349,University of Victoria,Canada,Americas,L,CO,VH,Public,25.6,316.0,University of Victoria,Canada,"17,663",26.3,17%,58 : 42,53.47999999999999,30.2,37.1,82.9,66.8,83.6,2026.0,University of Victoria,Canada,2026,QS + THE,Matched
152,137,University of Vienna,Austria,Europe,XL,FC,VH,Public,82.3,95.0,University of Vienna,Austria,"30,228",36.6,34%,65 : 35,66.601,50.0,60.9,79.8,80.0,94.0,2026.0,University of Vienna,Austria,2026,QS + THE,Matched
,,,,,,,,,,879.0,University of Vigo,Spain,"17,290",14.6,7%,51 : 49,37.585,25.2,19.8,60.9,60.1,49.8,2026.0,University of Vigo,Spain,2026,THE only,THE record not matched in QS
275,297,University of Virginia,United States of America,Americas,L,FC,VH,Public,46.5,171.0,University of Virginia (Main campus),United States,"25,795",8.8,13%,55 : 45,60.67999999999999,51.1,41.7,86.6,79.0,58.3,2026.0,University of Virginia,United States,2026,QS + THE,Matched
281,235,University of Waikato,New Zealand,Oceania,M,CO,VH,Public,28.2,461.0,University of Waikato,New Zealand,"10,521",20.7,31%,61 : 39,47.526,24.1,31.5,72.3,74.6,88.1,2026.0,University of Waikato,New Zealand,2026,QS + THE,Matched
1001-1200,1001-1200,University of Warmia and Mazury in Olsztyn,Poland,Europe,L,FC,HI,Public,10.8,1618.0,University of Warmia and Mazury in Olsztyn,Poland,"15,830",16.8,3%,61 : 39,25.376,18.2,15.6,41.9,26.7,24.6,2026.0,University of Warmia and Mazury in Olsztyn,Poland,2026,QS + THE,Matched
271,258,University of Warsaw,Poland,Europe,XL,CO,VH,Public,61.0,770.0,University of Warsaw,Poland,"34,878",11.0,10%,60 : 40,39.6505,38.1,32.6,46.7,39.3,45.0,2026.0,University of Warsaw,Poland,2026,QS + THE,Matched
74,69,The University of Warwick,United Kingdom,Europe,L,FC,VH,Public,82.7,123.0,University of Warwick,United Kingdom,"26,515",13.2,44%,50 : 50,64.1125,48.1,49.3,85.6,69.4,95.6,2026.0,The University of Warwick,United Kingdom,2026,QS + THE,Matched
81,76,University of Washington,United States of America,Americas,XL,FC,VH,Public,90.1,25.0,University of Washington,United States,"49,524",9.5,18%,57 : 43,83.71649999999998,77.0,80.0,97.6,81.6,70.1,2026.0,University of Washington,United States,2026,QS + THE,Matched
119,115,University of Waterloo,Canada,Americas,XL,CO,VH,Public,53.0,163.0,University of Waterloo,Canada,"34,772",22.7,21%,47 : 53,60.913,42.7,47.6,83.4,77.0,85.5,2026.0,University of Waterloo,Canada,2026,QS + THE,Matched
,,,,,,,,,,1792.0,University of West Attica,Greece,"59,127",44.1,2%,43 : 57,22.397,10.2,11.6,43.1,30.1,25.2,2026.0,University of West Attica,Greece,2026,THE only,THE record not matched in QS
1401+,1201-1400,University of West Bohemia,Czechia,Europe,M,CO,VH,Public,7.2,1574.0,University of West Bohemia,Czechia,"11,369",14.5,6%,54 : 46,25.9025,19.6,18.0,35.4,38.2,36.7,2026.0,University of West Bohemia,Czechia,2026,QS + THE,Matched
,,,,,,,,,,1422.0,The University of the West Indies,Jamaica,"22,060",15.6,1%,71 : 29,28.416,21.0,12.0,45.4,29.4,52.6,2026.0,The University of the West Indies,Jamaica,2026,THE only,THE record not matched in QS
,,,,,,,,,,1255.0,University of West London,United Kingdom,"16,885",21.9,61%,53 : 47,31.156,15.4,10.5,53.3,20.7,90.0,2026.0,University of West London,United Kingdom,2026,THE only,THE record not matched in QS
,,,,,,,,,,725.0,University of the West of Scotland,United Kingdom,"16,955",24.9,39%,60 : 40,40.6265,19.5,15.5,69.7,66.1,91.0,2026.0,University of the West of Scotland,United Kingdom,2026,THE only,THE record not matched in QS
77,77,The University of Western Australia,Australia,Oceania,L,FC,VH,Public,69.0,154.0,The University of Western Australia,Australia,"19,880",23.6,30%,51 : 49,61.7165,38.7,45.1,87.6,98.4,93.4,2026.0,The University of Western Australia,Australia,2026,QS + THE,Matched
951-1000,951-1000,University of the Western Cape,South Africa,Africa,L,CO,VH,Public,12.0,753.0,University of the Western Cape,South Africa,"24,431",34.2,4%,63 : 37,40.0635,22.9,24.8,68.3,24.4,62.0,2026.0,University of the Western Cape,South Africa,2026,QS + THE,Matched
,,,,,,,,,,1683.0,University of Western Macedonia,Greece,"14,635",22.9,1%,51 : 49,24.314,13.3,13.0,44.9,28.7,26.7,2026.0,University of Western Macedonia,Greece,2026,THE only,THE record not matched in QS
801-850,741-750,University of Westminster,United Kingdom,Europe,L,CO,HI,Public,12.3,875.0,University of Westminster,United Kingdom,"19,530",20.0,51%,59 : 41,37.673,19.0,16.5,63.1,48.7,85.4,2026.0,University of Westminster,United Kingdom,2026,QS + THE,Matched
,,,,,,,,,,1377.0,University of Winchester,United Kingdom,"7,060",16.0,12%,66 : 34,29.001,19.0,15.4,45.4,18.0,61.2,2026.0,University of Winchester,United Kingdom,2026,THE only,THE record not matched in QS
546,547,University of Windsor,Canada,Americas,L,CO,VH,Public,5.1,536.0,University of Windsor,Canada,"14,932",35.1,36%,,45.5445,30.4,31.4,60.5,68.2,87.9,2026.0,University of Windsor,Canada,2026,QS + THE,Matched
110,116,University of Wisconsin-Madison,United States of America,Americas,XL,FC,VH,Public,85.7,54.0,University of Wisconsin-Madison,United States,"45,254",10.7,15%,,75.0445,70.3,68.8,88.0,82.6,62.0,2026.0,University of Wisconsin-Madison,United States,2026,QS + THE,Matched
1201-1400,1201-1400,University of Wisconsin Milwaukee,United States of America,Americas,L,CO,VH,Public,9.0,,,,,,,,,,,,,,,University of Wisconsin Milwaukee,United States,2026,QS only,QS record not matched in THE
291,267,University of The Witwatersrand,South Africa,Africa,L,FC,VH,Public,36.8,318.0,University of the Witwatersrand,South Africa,"26,928",22.4,6%,60 : 40,53.271,34.9,43.1,70.8,91.6,74.3,2026.0,University of The Witwatersrand,South Africa,2026,QS + THE,Matched
184,167,University of Wollongong,Australia,Oceania,L,FC,VH,Public,41.6,236.0,University of Wollongong,Australia,"16,470",24.1,32%,54 : 46,56.9495,34.3,36.6,85.4,89.8,93.4,2026.0,University of Wollongong,Australia,2026,QS + THE,Matched
1001-1200,1001-1200,University of Wolverhampton,United Kingdom,Europe,L,CO,HI,Public,3.1,965.0,University of Wolverhampton,United Kingdom,"13,835",17.9,28%,64 : 36,36.1045,20.3,15.6,59.3,47.3,78.8,2026.0,University of Wolverhampton,United Kingdom,2026,QS + THE,Matched
,,,,,,,,,,1628.0,University of Worcester,United Kingdom,"7,725",18.2,18%,72 : 28,25.2785,17.1,12.0,37.9,23.6,59.2,2026.0,University of Worcester,United Kingdom,2026,THE only,THE record not matched in QS
,,,,,,,,,,1267.0,University of Wrocław,Poland,"16,900",15.3,8%,66 : 34,30.961,28.7,21.8,37.9,35.5,45.1,2026.0,University of Wrocław,Poland,2026,THE only,THE record not matched in QS
801-850,851-900,University of Wroclaw,Poland,Europe,L,CO,VH,Public,20.6,,,,,,,,,,,,,,,University of Wroclaw,Poland,2026,QS only,QS record not matched in THE
,,,,,,,,,,617.0,University of Wuppertal,Germany,"12,951",29.3,11%,54 : 46,43.295,31.5,31.2,60.6,65.3,55.5,2026.0,University of Wuppertal,Germany,2026,THE only,THE record not matched in QS
,,,,,,,,,,180.0,University of Würzburg,Germany,"20,904",33.6,11%,60 : 40,60.14149999999999,39.6,43.5,91.2,99.8,59.9,2026.0,University of Würzburg,Germany,2026,THE only,THE record not matched in QS
1001-1200,1001-1200,University of Wyoming,United States of America,Americas,M,CO,VH,Public,3.6,888.0,University of Wyoming,United States,"9,462",13.3,5%,53 : 47,37.469,36.4,15.3,57.2,54.1,39.6,2026.0,University of Wyoming,United States,2026,QS + THE,Matched
,,,,,,,,,,1746.0,University of Yamanashi,Japan,"4,668",6.2,6%,31 : 69,23.349,28.3,14.0,22.2,50.2,30.3,2026.0,University of Yamanashi,Japan,2026,THE only,THE record not matched in QS
169,184,University of York,United Kingdom,Europe,L,FC,VH,Public,56.8,156.0,University of York,United Kingdom,"20,330",14.3,29%,57 : 43,61.4895,44.1,43.9,87.5,67.6,90.6,2026.0,University of York,United Kingdom,2026,QS + THE,Matched
701-710,651-660,University of Zagreb,Croatia,Europe,XL,FC,VH,Public,23.2,1269.0,University of Zagreb,Croatia,"62,046",15.8,4%,61 : 39,30.8685,27.6,19.1,41.8,57.5,31.3,2026.0,University of Zagreb,Croatia,2026,QS + THE,Matched
,,,,,,,,,,1781.0,University of Zambia,Zambia,"29,300",31.2,5%,62 : 38,22.652,16.4,11.1,31.1,24.0,57.4,2026.0,University of Zambia,Zambia,2026,THE only,THE record not matched in QS
,,,,,,,,,,1555.0,University of Zanjan,Iran,"9,883",23.7,0%,56 : 44,26.2745,25.9,13.7,38.0,27.9,28.6,2026.0,University of Zanjan,Iran,2026,THE only,THE record not matched in QS
,,,,,,,,,,1031.0,University of Zaragoza,Spain,"27,923",11.2,8%,54 : 46,34.911500000000004,29.0,20.6,47.9,71.0,42.3,2026.0,University of Zaragoza,Spain,2026,THE only,THE record not matched in QS
1001-1200,1001-1200,University of Zilina,Slovakia,Europe,M,FO,VH,Public,6.3,1336.0,University of Žilina,Slovakia,"7,418",15.1,7%,33 : 67,29.7455,26.2,19.6,39.9,45.5,33.9,2026.0,University of Zilina,Slovakia,2026,QS + THE,Matched
,,,,,,,,,,1637.0,University of Zimbabwe,Zimbabwe,"24,488",19.1,1%,58 : 42,25.0865,14.2,10.6,43.8,20.9,51.3,2026.0,University of Zimbabwe,Zimbabwe,2026,THE only,THE record not matched in QS
100,109,University of Zurich (UZH),Switzerland,Europe,L,FO,VH,Public,71.0,,,,,,,,,,,,,,,University of Zurich (UZH),Switzerland,2026,QS only,QS record not matched in THE
1201-1400,1201-1400,University POLITEHNICA of Bucharest,Romania,Europe,L,FO,VH,Public,6.3,,,,,,,,,,,,,,,University POLITEHNICA of Bucharest,Romania,2026,QS only,QS record not matched in THE
,,,,,,,,,,1381.0,University Rey Juan Carlos,Spain,"39,309",17.3,6%,57 : 43,28.921499999999995,18.7,15.3,47.4,46.7,38.4,2026.0,University Rey Juan Carlos,Spain,2026,THE only,THE record not matched in QS
1201-1400,1001-1200,University Toulouse – Jean Jaurès,France,Europe,L,FO,VH,Public,13.1,,,,,,,,,,,,,,,University Toulouse – Jean Jaurès,France,2026,QS only,QS record not matched in THE
,,,,,,,,,,79.0,UNSW Sydney,Australia,"47,144",32.5,44%,45 : 55,70.0075,50.2,57.7,91.9,96.7,93.7,2026.0,UNSW Sydney,Australia,2026,THE only,THE record not matched in QS
,,,,,,,,,,584.0,UPES,India,"9,231",9.6,0%,30 : 70,44.24349999999999,29.6,20.9,81.5,23.2,54.3,2026.0,UPES,India,2026,THE only,THE record not matched in QS
93,103,Uppsala University,Sweden,Europe,L,FC,VH,Public,74.7,128.0,Uppsala University,Sweden,"20,953",10.9,18%,59 : 41,63.45649999999999,47.4,54.9,81.3,95.0,71.5,2026.0,Uppsala University,Sweden,2026,QS + THE,Matched
519,516,Ural Federal University,Russian Federation,Europe,XL,CO,VH,Public,25.8,956.0,Ural Federal University,Russian Federation,"29,855",15.7,15%,52 : 48,36.239,25.7,29.2,44.4,58.3,60.5,2026.0,Ural Federal University,Russian Federation,2026,QS + THE,Matched
,,,,,,,,,,834.0,Urmia University,Iran,"13,411",27.3,13%,49 : 51,38.225,31.4,23.6,56.6,34.7,50.0,2026.0,Urmia University,Iran,2026,THE only,THE record not matched in QS
,,,,,,,,,,719.0,Urmia University of Medical Sciences,Iran,"5,350",11.5,8%,50 : 50,40.779500000000006,41.4,11.7,73.2,22.4,30.9,2026.0,Urmia University of Medical Sciences,Iran,2026,THE only,THE record not matched in QS
,,,,,,,,,,1359.0,Urmia University of Technology,Iran,"3,145",24.8,14%,29 : 71,29.311,12.2,14.3,56.7,22.0,49.0,2026.0,Urmia University of Technology,Iran,2026,THE only,THE record not matched in QS
,,,,,,,,,,2009.0,Uşak University,Turkey,"18,671",26.4,9%,51 : 49,17.5975,12.5,10.9,25.8,17.1,31.0,2026.0,Uşak University,Turkey,2026,THE only,THE record not matched in QS
,,,,,,,,,,1446.0,USAMV Cluj-Napoca,Romania,"5,453",16.7,6%,54 : 46,28.094,19.7,10.0,52.3,22.0,37.5,2026.0,USAMV Cluj-Napoca,Romania,2026,THE only,THE record not matched in QS
,,,,,,,,,,1998.0,Üsküdar University,Turkey,"17,011",28.5,21%,62 : 38,17.88,13.3,9.0,23.6,19.1,46.7,2026.0,Üsküdar University,Turkey,2026,THE only,THE record not matched in QS
1001-1200,1001-1200,Utah State University,United States of America,Americas,L,CO,VH,Public,7.4,,,,,,,,,,,,,,,Utah State University,United States,2026,QS only,QS record not matched in THE
103,105,Utrecht University,Netherlands,Europe,XL,FC,VH,Public,79.3,,,,,,,,,,,,,,,Utrecht University,Netherlands,2026,QS only,QS record not matched in THE
,,,,,,,,,,2074.0,Utsunomiya University,Japan,"4,861",14.2,4%,36 : 64,16.1,19.3,12.8,10.4,34.8,29.1,2026.0,Utsunomiya University,Japan,2026,THE only,THE record not matched in QS
721-730,741-750,UWE Bristol (University of the West of England),United Kingdom,Europe,XL,CO,HI,Public,10.6,747.0,UWE Bristol (University of the West of England),United Kingdom,"30,220",16.4,29%,52 : 48,40.228,18.8,14.6,73.3,59.2,81.2,2026.0,UWE Bristol (University of the West of England),United Kingdom,2026,QS + THE,Matched
,,,,,,,,,,2174.0,Uzhhorod National University,Ukraine,"17,132",13.9,6%,56 : 44,13.19,17.6,9.2,6.9,17.0,34.4,2026.0,Uzhhorod National University,Ukraine,2026,THE only,THE record not matched in QS
781-790,741-750,V.N. Karazin Kharkiv National University,Ukraine,Europe,L,FC,HI,Public,14.3,1908.0,V.N. Karazin Kharkiv National University,Ukraine,"17,491",8.3,27%,51 : 49,19.6645,26.8,11.2,12.1,35.2,46.3,2026.0,V.N. Karazin Kharkiv National University,Ukraine,2026,QS + THE,Matched
,,,,,,,,,,1648.0,Vali-e-Asr University of Rafsanjan,Iran,"6,371",21.7,1%,64 : 36,24.8885,15.3,10.5,48.4,20.0,26.8,2026.0,Vali-e-Asr University of Rafsanjan,Iran,2026,THE only,THE record not matched in QS
1001-1200,,Van Lang University,Viet Nam,Asia,L,FO,HI,Private for Profit,31.4,,,,,,,,,,,,,,,Van Lang University,Viet Nam,2026,QS only,QS record not matched in THE
,,,,,,,,,,1816.0,Van Yüzüncü Yil University,Turkey,"21,117",16.7,3%,48 : 52,21.806,22.0,19.5,22.4,30.4,23.0,2026.0,Van Yüzüncü Yil University,Turkey,2026,THE only,THE record not matched in QS
250,248,Vanderbilt University,United States of America,Americas,L,FC,VH,Private not for Profit,32.3,93.0,Vanderbilt University,United States,"12,863",3.8,18%,55 : 45,66.736,53.8,48.1,95.6,91.9,60.8,2026.0,Vanderbilt University,United States,2026,QS + THE,Matched
,,,,,,,,,,2025.0,Vasyl Stefanyk Carpathian National University,Ukraine,"14,265",17.3,0%,67 : 33,17.3045,16.2,10.1,24.0,16.6,23.1,2026.0,Vasyl Stefanyk Carpathian National University,Ukraine,2026,THE only,THE record not matched in QS
691,791-800,"Vellore Institute of Technology (VIT), Vellore, India",India,Asia,XL,CO,VH,Private not for Profit,20.5,,,,,,,,,,,,,,,"Vellore Institute of Technology (VIT), Vellore, India",India,2026,QS only,QS record not matched in THE
,,,,,,,,,,1530.0,"Vels Institute of Science, Technology and Advanced Studies (VISTAS)",India,"15,173",15.7,0%,25 : 75,26.771,31.5,9.9,41.2,20.0,19.3,2026.0,"Vels Institute of Science, Technology and Advanced Studies (VISTAS)",India,2026,THE only,THE record not matched in QS
,,,,,,,,,,1156.0,Veltech University,India,"11,475",15.6,2%,20 : 80,32.775000000000006,18.0,13.6,67.4,30.4,27.8,2026.0,Veltech University,India,2026,THE only,THE record not matched in QS
851-900,771-780,Verona University,Italy,Europe,L,FO,VH,Public,13.1,398.0,Verona University,Italy,"21,809",25.6,5%,64 : 36,49.925,34.6,31.1,81.6,71.1,45.0,2026.0,Verona University,Italy,2026,QS + THE,Matched
741-750,741-750,Victoria University,Australia,Oceania,L,CO,HI,Public,9.2,597.0,Victoria University,Australia,"14,540",29.4,25%,59 : 41,43.86699999999999,22.9,24.7,74.5,55.9,71.5,2026.0,Victoria University,Australia,2026,QS + THE,Matched
240,244,Victoria University of Wellington,New Zealand,Oceania,L,CO,VH,Public,57.2,434.0,Victoria University of Wellington,New Zealand,"15,728",17.4,12%,59 : 41,48.521,29.0,33.5,73.7,62.9,75.0,2026.0,Victoria University of Wellington,New Zealand,2026,QS + THE,Matched
197,190,Vienna University of Technology,Austria,Europe,M,FO,VH,Public,47.6,,,,,,,,,,,,,,,Vienna University of Technology,Austria,2026,QS only,QS record not matched in THE
,,,,,,,,,,1836.0,Vietnam National University (Ho Chi Minh City),Vietnam,"95,620",23.5,0%,46 : 54,21.3415,14.6,12.0,31.6,39.8,33.1,2026.0,Vietnam National University (Ho Chi Minh City),Vietnam,2026,THE only,THE record not matched in QS
761-770,851-900,"Vietnam National University, Hanoi",Viet Nam,Asia,XL,CO,HI,Public,24.3,,,,,,,,,,,,,,,"Vietnam National University, Hanoi",Viet Nam,2026,QS only,QS record not matched in THE
,,,,,,,,,,1357.0,"Vietnam National University, Hanoi",Vietnam,"67,238",18.9,0%,61 : 39,29.387,17.7,11.5,54.6,28.2,44.3,2026.0,"Vietnam National University, Hanoi",Vietnam,2026,THE only,THE record not matched in QS
801-850,901-950,Vietnam National University - Ho Chi Minh City (VNU-HCM),Viet Nam,Asia,XL,CO,VH,Public,29.1,,,,,,,,,,,,,,,Vietnam National University - Ho Chi Minh City (VNU-HCM),Viet Nam,2026,QS only,QS record not matched in THE
,,,,,,,,,,1778.0,"Vignan’s Foundation for Science, Technology and Research",India,"8,362",12.8,4%,50 : 50,22.673,23.0,9.1,35.1,19.6,25.8,2026.0,"Vignan’s Foundation for Science, Technology and Research",India,2026,THE only,THE record not matched in QS
851-900,851-900,Vilnius Gediminas Technical University,Lithuania,Europe,M,SP,VH,Public,13.8,1543.0,Vilnius Gediminas Technical University (Vilnius Tech),Lithuania,"8,333",13.1,21%,34 : 66,26.531499999999998,20.8,17.9,31.0,47.3,53.5,2026.0,Vilnius Gediminas Technical University,Lithuania,2026,QS + THE,Matched
446,439,Vilnius University,Lithuania,Europe,L,FC,HI,Public,26.9,868.0,Vilnius University,Lithuania,"19,929",11.7,12%,65 : 35,37.738,26.8,26.5,53.6,58.3,49.8,2026.0,Vilnius University,Lithuania,2026,QS + THE,Matched
,,,,,,,,,,1595.0,Vinayaka Mission’s Research Foundation,India,"14,971",8.7,0%,41 : 59,25.6505,26.2,8.6,44.4,16.5,19.3,2026.0,Vinayaka Mission’s Research Foundation,India,2026,THE only,THE record not matched in QS
901-950,851-900,Virginia Commonwealth University,United States of America,Americas,L,FC,VH,Public,9.5,455.0,Virginia Commonwealth University,United States,"25,120",10.1,4%,65 : 35,47.9665,38.1,23.0,81.3,75.3,35.4,2026.0,Virginia Commonwealth University,United States,2026,QS + THE,Matched
358,389,Virginia Polytechnic Institute (Virginia Tech),United States of America,Americas,XL,FC,VH,Public,34.5,,,,,,,,,,,,,,,Virginia Polytechnic Institute (Virginia Tech),United States,2026,QS only,QS record not matched in THE
,,,,,,,,,,279.0,Virginia Polytechnic Institute and State University,United States,"38,157",18.4,13%,44 : 56,55.359,41.9,41.2,77.5,76.7,63.1,2026.0,Virginia Polytechnic Institute and State University,United States,2026,THE only,THE record not matched in QS
,,,,,,,,,,1386.0,"Visvesvaraya National Institute of Technology, Nagpur",India,"4,762",16.5,2%,23 : 77,28.806,32.7,12.8,41.6,36.5,20.1,2026.0,"Visvesvaraya National Institute of Technology, Nagpur",India,2026,THE only,THE record not matched in QS
,,,,,,,,,,771.0,VIT University,India,"44,159",16.0,3%,29 : 71,39.6385,27.7,21.0,68.8,42.3,40.6,2026.0,VIT University,India,2026,THE only,THE record not matched in QS
,,,,,,,,,,257.0,Vita-Salute San Raffaele University,Italy,"4,573",27.6,6%,64 : 36,56.118,34.3,34.0,98.8,66.3,51.3,2026.0,Vita-Salute San Raffaele University,Italy,2026,THE only,THE record not matched in QS
,,,,,,,,,,2101.0,Volgograd State Medical University,Russian Federation,"9,367",8.2,27%,58 : 42,15.4285,24.1,9.3,6.0,18.3,41.2,2026.0,Volgograd State Medical University,Russian Federation,2026,THE only,THE record not matched in QS
,,,,,,,,,,2126.0,Volgograd State Technical University,Russian Federation,"12,434",13.5,14%,33 : 67,14.7595,19.0,9.9,10.5,18.9,31.7,2026.0,Volgograd State Technical University,Russian Federation,2026,THE only,THE record not matched in QS
,,,,,,,,,,2044.0,Volgograd State University,Russian Federation,"8,062",11.9,4%,53 : 47,16.749999999999996,21.0,12.1,15.4,16.4,23.6,2026.0,Volgograd State University,Russian Federation,2026,THE only,THE record not matched in QS
,,,,,,,,,,2118.0,Voronezh State Technical University,Russian Federation,"10,855",12.8,9%,37 : 63,14.8875,20.3,7.9,12.5,19.7,27.6,2026.0,Voronezh State Technical University,Russian Federation,2026,THE only,THE record not matched in QS
1401+,1201-1400,Voronezh State University,Russian Federation,Europe,L,CO,HI,Public,5.7,2094.0,Voronezh State University,Russian Federation,"17,718",12.3,14%,50 : 50,15.617999999999997,23.5,11.0,7.1,18.7,34.9,2026.0,Voronezh State University,Russian Federation,2026,QS + THE,Matched
194,221,Vrije Universiteit Amsterdam,Netherlands,Europe,L,FC,VH,Public,53.3,179.0,Vrije Universiteit Amsterdam,Netherlands,"31,949",15.8,20%,57 : 43,60.206,37.7,41.8,91.8,77.5,84.3,2026.0,Vrije Universiteit Amsterdam,Netherlands,2026,QS + THE,Matched
294,278,Vrije Universiteit Brussel (VUB),Belgium,Europe,L,FC,VH,Public,33.3,234.0,Vrije Universiteit Brussel,Belgium,"16,387",37.1,24%,59 : 41,57.085,37.8,42.5,80.4,93.6,76.6,2026.0,Vrije Universiteit Brussel (VUB),Belgium,2026,QS + THE,Matched
,,,,,,,,,,1252.0,VSB - Technical University of Ostrava,Czechia,"12,121",16.2,15%,33 : 67,31.258,25.6,20.9,38.5,48.5,55.4,2026.0,VSB - Technical University of Ostrava,Czechia,2026,THE only,THE record not matched in QS
741-750,741-750,Vytautas Magnus University,Lithuania,Europe,M,FO,VH,Public,14.0,1467.0,Vytautas Magnus University,Lithuania,"8,381",10.6,19%,71 : 29,27.862999999999992,23.7,12.9,36.9,21.2,69.5,2026.0,Vytautas Magnus University,Lithuania,2026,QS + THE,Matched
153,155,Wageningen University & Research,Netherlands,Europe,L,CO,VH,Public,55.0,66.0,Wageningen University & Research,Netherlands,"15,905",16.9,31%,54 : 46,72.19300000000001,58.6,58.4,90.4,99.5,91.6,2026.0,Wageningen University & Research,Netherlands,2026,QS + THE,Matched
,,,,,,,,,,994.0,Wakayama Medical University,Japan,"1,917",4.4,0%,46 : 54,35.587,36.4,12.6,57.8,58.5,20.2,2026.0,Wakayama Medical University,Japan,2026,THE only,THE record not matched in QS
791-800,741-750,Wake Forest University,United States of America,Americas,M,FC,VH,Private not for Profit,7.4,431.0,Wake Forest University,United States,"8,289",3.4,10%,56 : 44,48.6825,38.0,23.2,80.5,92.3,38.7,2026.0,Wake Forest University,United States,2026,QS + THE,Matched
1401+,,Walailak University,Thailand,Asia,L,FC,MD,Public,8.3,1243.0,Walailak University,Thailand,"10,993",15.2,2%,71 : 29,31.442,19.4,15.4,56.4,18.7,47.8,2026.0,Walailak University,Thailand,2026,QS + THE,Matched
1001-1200,1001-1200,Warsaw University of Life Sciences,Poland,Europe,L,FO,VH,Public,8.0,,,,,,,,,,,,,,,Warsaw University of Life Sciences,Poland,2026,QS only,QS record not matched in THE
,,,,,,,,,,1545.0,Warsaw University of Life Sciences – SGGW,Poland,"15,317",12.3,8%,59 : 41,26.515,22.1,12.8,41.4,33.4,33.7,2026.0,Warsaw University of Life Sciences – SGGW,Poland,2026,THE only,THE record not matched in QS
487,527,Warsaw University of Technology,Poland,Europe,L,FO,VH,Public,28.4,1427.0,Warsaw University of Technology,Poland,"21,694",10.3,8%,31 : 69,28.338,28.3,17.7,32.9,61.1,33.9,2026.0,Warsaw University of Technology,Poland,2026,QS + THE,Matched
196,181,Waseda University,Japan,Asia,XL,CO,VH,Private not for Profit,73.6,878.0,Waseda University,Japan,"44,876",14.2,12%,39 : 61,37.5985,34.0,26.9,43.5,68.0,53.3,2026.0,Waseda University,Japan,2026,QS + THE,Matched
423,466,Washington State University,United States of America,Americas,L,FC,VH,Public,28.7,435.0,Washington State University,United States,"25,504",16.9,6%,54 : 46,48.4695,37.3,33.1,67.8,82.8,56.2,2026.0,Washington State University,United States,2026,QS + THE,Matched
167,171,Washington University in St. Louis,United States of America,Americas,L,FC,VH,Private not for Profit,46.5,67.0,Washington University in St Louis,United States,"15,165",8.2,28%,52 : 48,71.999,60.8,56.2,97.5,74.5,73.8,2026.0,Washington University in St. Louis,United States,2026,QS + THE,Matched
,,,,,,,,,,1758.0,Wasit University,Iraq,"17,316",9.1,0%,53 : 47,23.027,22.9,8.6,36.9,16.5,27.3,2026.0,Wasit University,Iraq,2026,THE only,THE record not matched in QS
781-790,791-800,Wayne State University,United States of America,Americas,L,FC,VH,Public,9.0,515.0,Wayne State University,United States,"20,958",12.7,5%,59 : 41,45.876,38.9,22.1,72.1,80.1,42.1,2026.0,Wayne State University,United States,2026,QS + THE,Matched
,,,,,,,,,,872.0,Wenzhou University,China,"25,175",19.6,2%,51 : 49,37.698,15.3,16.6,79.3,54.7,31.9,2026.0,Wenzhou University,China,2026,THE only,THE record not matched in QS
1201-1400,1201-1400,West University of Timisoara,Romania,Europe,L,CO,HI,Public,13.7,1519.0,West University of Timişoara,Romania,"14,808",19.6,6%,66 : 34,27.034,22.7,13.3,43.7,19.2,34.7,2026.0,West University of Timisoara,Romania,2026,QS + THE,Matched
1001-1200,1001-1200,West Virginia University,United States of America,Americas,L,FC,VH,Public,6.4,,,,,,,,,,,,,,,West Virginia University,United States,2026,QS only,QS record not matched in THE
1201-1400,1201-1400,Western Michigan University,United States of America,Americas,L,FC,HI,Public,5.0,,,,,,,,,,,,,,,Western Michigan University,United States,2026,QS only,QS record not matched in THE
400,384,Western Sydney University,Australia,Oceania,XL,FC,VH,Public,26.3,306.0,Western Sydney University,Australia,"32,737",36.4,26%,59 : 41,54.0185,30.6,31.8,88.0,68.3,88.5,2026.0,Western Sydney University,Australia,2026,QS + THE,Matched
151,120,Western University,Canada,Americas,L,FC,VH,Public,42.3,215.0,Western University,Canada,"31,831",32.7,25%,56 : 44,57.88399999999999,39.9,42.6,77.5,99.8,86.9,2026.0,Western University,Canada,2026,QS + THE,Matched
,,,,,,,,,,1261.0,Wilfrid Laurier University,Canada,"20,600",25.8,10%,,31.046,15.8,16.1,49.3,58.4,61.2,2026.0,Wilfrid Laurier University,Canada,2026,THE only,THE record not matched in QS
1001-1200,1001-1200,William & Mary,United States of America,Americas,M,CO,VH,Public,10.0,812.0,William & Mary,United States,"8,786",11.8,6%,58 : 42,38.8835,39.2,22.6,53.9,45.7,36.9,2026.0,William & Mary,United States,2026,QS + THE,Matched
,,,,,,,,,,1375.0,Woosong University,South Korea,"10,350",15.4,21%,44 : 56,29.0435,19.1,10.4,43.2,24.2,86.2,2026.0,Woosong University,South Korea,2026,THE only,THE record not matched in QS
851-900,901-950,Worcester Polytechnic Institute,United States of America,Americas,M,FO,VH,Private not for Profit,3.7,721.0,Worcester Polytechnic Institute,United States,"6,312",12.9,14%,36 : 64,40.711,32.6,21.4,59.6,67.2,57.6,2026.0,Worcester Polytechnic Institute,United States,2026,QS + THE,Matched
,,,,,,,,,,1521.0,Wrocław University of Environmental and Life Sciences,Poland,"6,399",11.9,6%,67 : 33,27.015,28.5,13.6,36.1,34.9,32.5,2026.0,Wrocław University of Environmental and Life Sciences,Poland,2026,THE only,THE record not matched in QS
,,,,,,,,,,1432.0,Wrocław University of Science and Technology,Poland,"21,125",17.2,6%,33 : 67,28.309,23.6,19.3,36.2,58.5,34.0,2026.0,Wrocław University of Science and Technology,Poland,2026,THE only,THE record not matched in QS
,,,,,,,,,,526.0,Wroclaw Medical University,Poland,"6,075",8.6,14%,77 : 23,45.71,43.5,17.9,76.5,48.1,37.5,2026.0,Wroclaw Medical University,Poland,2026,THE only,THE record not matched in QS
851-900,901-950,Wroclaw University of Science and Technology (WUST),Poland,Europe,L,SP,VH,Public,15.0,,,,,,,,,,,,,,,Wroclaw University of Science and Technology (WUST),Poland,2026,QS only,QS record not matched in THE
,,,,,,,,,,1334.0,Wuhan Textile University,China,"24,241",15.2,2%,50 : 50,29.795,16.3,12.4,57.9,55.7,23.9,2026.0,Wuhan Textile University,China,2026,THE only,THE record not matched in QS
,,,,,,,,,,124.0,Wuhan University,China,"49,045",13.5,6%,,64.104,54.0,48.4,90.1,99.7,41.6,2026.0,Wuhan University,China,2026,THE only,THE record not matched in QS
186,194,Wuhan University,China (Mainland),Asia,XL,FC,VH,Public,53.6,,,,,,,,,,,,,,,Wuhan University,China (Mainland),2026,QS only,QS record not matched in THE
951-1000,801-850,Wuhan University of Technology,China (Mainland),Asia,XL,CO,VH,Public,7.2,,,,,,,,,,,,,,,Wuhan University of Technology,China (Mainland),2026,QS only,QS record not matched in THE
1001-1200,1001-1200,Xi'an Jiaotong-Liverpool University,China (Mainland),Asia,L,CO,HI,Private not for Profit,5.9,,,,,,,,,,,,,,,Xi'an Jiaotong-Liverpool University,China (Mainland),2026,QS only,QS record not matched in THE
305,295,Xi'an Jiaotong University,China (Mainland),Asia,XL,FC,VH,Public,28.5,,,,,,,,,,,,,,,Xi'an Jiaotong University,China (Mainland),2026,QS only,QS record not matched in THE
,,,,,,,,,,276.0,Xiamen University,China,"42,518",14.2,3%,,55.4865,43.3,37.6,84.2,95.1,36.6,2026.0,Xiamen University,China,2026,THE only,THE record not matched in QS
341,362,Xiamen University,China (Mainland),Asia,XL,FC,VH,Public,34.3,,,,,,,,,,,,,,,Xiamen University,China (Mainland),2026,QS only,QS record not matched in THE
,,,,,,,,,,754.0,Xi’an Jiaotong-Liverpool University,China,"21,448",18.3,3%,52 : 48,40.0455,21.2,17.6,71.3,40.5,75.7,2026.0,Xi’an Jiaotong-Liverpool University,China,2026,THE only,THE record not matched in QS
,,,,,,,,,,228.0,Xi’an Jiaotong University,China,"54,986",15.9,6%,34 : 66,57.2655,45.1,49.4,75.9,100.0,38.2,2026.0,Xi’an Jiaotong University,China,2026,THE only,THE record not matched in QS
,,,,,,,,,,1284.0,Xiangtan University,China,"38,768",20.0,0%,49 : 51,30.5975,18.6,17.4,53.6,56.3,23.1,2026.0,Xiangtan University,China,2026,THE only,THE record not matched in QS
,,,,,,,,,,704.0,Xidian University,China,"39,572",14.3,1%,25 : 75,41.434,28.6,25.2,66.5,95.1,25.8,2026.0,Xidian University,China,2026,THE only,THE record not matched in QS
21,23,Yale University,United States of America,Americas,L,FC,VH,Private not for Profit,100.0,10.0,Yale University,United States,"14,884",6.2,24%,53 : 47,94.081,94.6,94.5,97.2,87.6,81.4,2026.0,Yale University,United States,2026,QS + THE,Matched
,,,,,,,,,,1554.0,Yamagata University,Japan,"8,664",9.1,3%,34 : 66,26.287499999999994,28.2,15.1,27.7,71.8,32.1,2026.0,Yamagata University,Japan,2026,THE only,THE record not matched in QS
1401+,1201-1400,Yamaguchi University,Japan,Asia,M,FC,HI,Public,4.4,1684.0,Yamaguchi University,Japan,"10,373",10.9,5%,38 : 62,24.282,27.8,14.2,24.0,58.7,32.2,2026.0,Yamaguchi University,Japan,2026,QS + THE,Matched
,,,,,,,,,,530.0,Yangzhou University,China,"30,130",12.4,10%,,45.66799999999999,34.3,27.1,70.1,81.2,45.5,2026.0,Yangzhou University,China,2026,THE only,THE record not matched in QS
,,,,,,,,,,1490.0,Yanshan University,China,"38,505",12.6,1%,35 : 65,27.37,21.6,12.2,45.4,57.0,20.8,2026.0,Yanshan University,China,2026,THE only,THE record not matched in QS
851-900,951-1000,Yarmouk University,Jordan,Asia,L,FC,HI,Public,23.4,720.0,Yarmouk University,Jordan,"21,300",23.6,15%,,40.755500000000005,29.3,17.9,69.9,29.9,63.4,2026.0,Yarmouk University,Jordan,2026,QS + THE,Matched
,,,,,,,,,,1253.0,Yaşar University,Turkey,"5,975",10.8,3%,51 : 49,31.181000000000004,21.5,11.8,57.8,21.1,43.1,2026.0,Yaşar University,Turkey,2026,THE only,THE record not matched in QS
,,,,,,,,,,1594.0,Yasouj University,Iran,"4,104",16.3,4%,57 : 43,25.66,19.9,14.5,42.2,23.8,26.3,2026.0,Yasouj University,Iran,2026,THE only,THE record not matched in QS
,,,,,,,,,,1340.0,Yazd University,Iran,"13,519",29.7,3%,58 : 42,29.623,21.6,18.5,44.8,44.4,35.6,2026.0,Yazd University,Iran,2026,THE only,THE record not matched in QS
,,,,,,,,,,1633.0,Yeditepe University,Turkey,"17,879",21.7,7%,56 : 44,25.24,23.9,14.1,28.9,57.2,41.9,2026.0,Yeditepe University,Turkey,2026,THE only,THE record not matched in QS
1001-1200,901-950,Yerevan State University,Armenia,Asia,M,CO,HI,Public,8.7,1999.0,Yerevan State University,Armenia,"14,333",7.2,3%,53 : 47,17.864,25.4,9.1,12.4,22.3,41.6,2026.0,Yerevan State University,Armenia,2026,QS + THE,Matched
624,413,Yeshiva University,United States of America,Americas,M,FC,MD,Private not for Profit,3.8,,,,,,,,,,,,,,,Yeshiva University,United States,2026,QS only,QS record not matched in THE
1201-1400,,Yessenov University,Kazakhstan,Asia,M,CO,MD,Public,16.7,,,,,,,,,,,,,,,Yessenov University,Kazakhstan,2026,QS only,QS record not matched in THE
901-950,951-1000,Yeungnam University,Republic of Korea,Asia,L,FC,VH,Private for Profit,5.1,,,,,,,,,,,,,,,Yeungnam University,Republic of Korea,2026,QS only,QS record not matched in THE
,,,,,,,,,,592.0,Yeungnam University,South Korea,"19,201",15.4,6%,50 : 50,44.0375,25.1,22.9,75.3,62.8,65.2,2026.0,Yeungnam University,South Korea,2026,THE only,THE record not matched in QS
731-740,851-900,Yildiz Technical University,Türkiye,Asia,L,CO,VH,Public,13.4,,,,,,,,,,,,,,,Yildiz Technical University,Türkiye,2026,QS only,QS record not matched in THE
,,,,,,,,,,790.0,Yıldız Technical University,Turkey,"20,391",23.4,13%,47 : 53,39.357,33.1,31.6,48.5,72.9,39.5,2026.0,Yıldız Technical University,Turkey,2026,THE only,THE record not matched in QS
1001-1200,901-950,Yokohama City University,Japan,Asia,M,FO,VH,Public,3.3,1036.0,Yokohama City University,Japan,"5,142",5.4,3%,55 : 45,34.81849999999999,28.2,10.8,62.0,65.0,28.9,2026.0,Yokohama City University,Japan,2026,QS + THE,Matched
1001-1200,1001-1200,Yokohama National University,Japan,Asia,M,CO,VH,Public,11.6,1499.0,Yokohama National University,Japan,"9,459",13.2,8%,28 : 72,27.269,28.3,21.9,22.1,82.3,35.3,2026.0,Yokohama National University,Japan,2026,QS + THE,Matched
50,56,Yonsei University,Republic of Korea,Asia,L,FC,VH,Private not for Profit,91.6,,,,,,,,,,,,,,,Yonsei University,Republic of Korea,2026,QS only,QS record not matched in THE
,,,,,,,,,,86.0,Yonsei University (Seoul campus),South Korea,"19,066",15.3,17%,51 : 49,68.47999999999999,58.7,57.4,87.8,100.0,55.7,2026.0,Yonsei University (Seoul campus),South Korea,2026,THE only,THE record not matched in QS
,,,,,,,,,,1131.0,York St John University,United Kingdom,"8,150",20.6,30%,62 : 38,33.197,17.3,15.4,60.1,16.0,66.1,2026.0,York St John University,United Kingdom,2026,THE only,THE record not matched in QS
333,362,York University,Canada,Americas,XL,CO,VH,Public,33.4,422.0,York University,Canada,"41,456",27.4,28%,54 : 46,49.063500000000005,29.3,33.2,71.5,72.3,86.0,2026.0,York University,Canada,2026,QS + THE,Matched
1401+,1201-1400,Youngsan University,Republic of Korea,Asia,M,SP,MD,Private for Profit,6.5,,,,,,,,,,,,,,,Youngsan University,Republic of Korea,2026,QS only,QS record not matched in THE
1001-1200,1201-1400,Yuan Ze University,Taiwan,Asia,M,CO,VH,Private for Profit,8.6,744.0,Yuan Ze University,Taiwan,"6,717",20.4,11%,43 : 57,40.2605,19.7,27.3,62.5,79.8,61.2,2026.0,Yuan Ze University,Taiwan,2026,QS + THE,Matched
,,,,,,,,,,2154.0,Yuriy Fedkovych Chernivtsi National University,Ukraine,"13,628",13.9,0%,47 : 53,14.070499999999996,17.9,10.0,10.1,17.5,28.8,2026.0,Yuriy Fedkovych Chernivtsi National University,Ukraine,2026,THE only,THE record not matched in QS
1201-1400,1201-1400,Zagazig University,Egypt,Africa,XL,FC,VH,Public,11.3,1015.0,Zagazig University,Egypt,"172,762",21.8,3%,52 : 48,35.147000000000006,17.9,11.2,71.2,36.4,50.7,2026.0,Zagazig University,Egypt,2026,QS + THE,Matched
,,,,,,,,,,938.0,Zahedan University of Medical Sciences,Iran,"4,274",10.6,1%,55 : 45,36.5635,35.0,11.5,67.5,20.4,24.5,2026.0,Zahedan University of Medical Sciences,Iran,2026,THE only,THE record not matched in QS
,,,,,,,,,,910.0,Zanjan University of Medical Sciences,Iran,"5,887",11.1,3%,55 : 45,37.025,36.0,12.5,64.8,31.0,28.0,2026.0,Zanjan University of Medical Sciences,Iran,2026,THE only,THE record not matched in QS
1201-1400,,Zarqa University,Jordan,Asia,M,FC,HI,Private not for Profit,7.9,,,,,,,,,,,,,,,Zarqa University,Jordan,2026,QS only,QS record not matched in THE
595,621-630,Zayed University,United Arab Emirates,Asia,M,SP,VH,Public,19.8,497.0,Zayed University,United Arab Emirates,"7,520",13.7,2%,83 : 17,46.371500000000005,21.8,21.7,85.8,59.5,73.7,2026.0,Zayed University,United Arab Emirates,2026,QS + THE,Matched
,,,,,,,,,,1416.0,Zewail City of Science and Technology,Egypt,"1,238",5.3,0%,43 : 57,28.4895,23.7,10.5,48.2,23.7,40.6,2026.0,Zewail City of Science and Technology,Egypt,2026,THE only,THE record not matched in QS
,,,,,,,,,,1039.0,ZHAW Zurich University of Applied Sciences,Switzerland,"11,059",12.0,12%,54 : 46,34.80499999999999,23.3,17.3,50.8,62.3,69.1,2026.0,ZHAW Zurich University of Applied Sciences,Switzerland,2026,THE only,THE record not matched in QS
,,,,,,,,,,1451.0,Zhejiang Chinese Medical University,China,"24,976",26.2,5%,63 : 37,28.0225,20.2,17.5,46.1,36.4,22.7,2026.0,Zhejiang Chinese Medical University,China,2026,THE only,THE record not matched in QS
,,,,,,,,,,893.0,Zhejiang Gongshang University,China,"19,572",13.2,4%,58 : 42,37.3055,20.9,15.4,74.3,45.1,34.4,2026.0,Zhejiang Gongshang University,China,2026,THE only,THE record not matched in QS
,,,,,,,,,,693.0,Zhejiang Normal University,China,"34,011",13.5,7%,,41.5545,19.2,22.0,80.1,63.7,39.1,2026.0,Zhejiang Normal University,China,2026,THE only,THE record not matched in QS
,,,,,,,,,,39.0,Zhejiang University,China,"54,313",13.0,14%,,78.3135,75.0,78.4,84.3,100.0,55.5,2026.0,Zhejiang University,China,2026,THE only,THE record not matched in QS
49,47,Zhejiang University,China (Mainland),Asia,XL,FC,VH,Public,87.0,,,,,,,,,,,,,,,Zhejiang University,China (Mainland),2026,QS only,QS record not matched in THE
,,,,,,,,,,1239.0,Zhejiang University of Finance and Economics,China,"20,962",21.4,2%,61 : 39,31.5075,14.3,13.3,66.8,30.8,28.8,2026.0,Zhejiang University of Finance and Economics,China,2026,THE only,THE record not matched in QS
,,,,,,,,,,565.0,Zhejiang University of Technology,China,"31,557",13.9,9%,,44.8095,32.0,27.3,69.7,92.5,37.9,2026.0,Zhejiang University of Technology,China,2026,THE only,THE record not matched in QS
618,511,Zhengzhou University,China (Mainland),Asia,XL,FC,VH,Public,7.1,,,,,,,,,,,,,,,Zhengzhou University,China (Mainland),2026,QS only,QS record not matched in THE
,,,,,,,,,,2158.0,Ziane Achour University of Djelfa,Algeria,"24,721",16.0,0%,47 : 53,13.782,17.7,8.4,10.2,16.8,31.9,2026.0,Ziane Achour University of Djelfa,Algeria,2026,THE only,THE record not matched in QS
,,,,,,,,,,1966.0,Zonguldak Bülent Ecevit University,Turkey,"18,524",19.2,10%,53 : 47,18.513,14.9,11.0,26.5,19.5,29.3,2026.0,Zonguldak Bülent Ecevit University,Turkey,2026,THE only,THE record not matched in QS
801-850,781-790,Zurich University of Applied Sciences (ZHAW),Switzerland,Europe,M,CO,VH,,7.2,,,,,,,,,,,,,,,Zurich University of Applied Sciences (ZHAW),Switzerland,2026,QS only,QS record not matched in THE
