Rank_QS,Previous_Rank,Name,Region,Size,Focus,Research,Status,Academic Reputation  RANK,Employer_Reputation_Score,Employer_Reputation_Rank,Faculty_Student_Ratio_Rank,Citations_per_Faculty_Score,Citations_per_Faculty_Rank,International Faculty  SCORE,International Faculty  RANK,International_Student_Score,International student  RANK,International_Students_Diversity_Score,International_Students_Diversity_Rank,International_Research_Network_Score,International_Research_Network_Rank,Employment_Outcomes_Score,Employment_Outcomes_Rank,Sustainability_Score,Sustainability_Rank,QS_Overall_Score,Rank_THE,Student_Population,Students_to_Staff_Ratio,International_Students,Female_to_Male_Ratio,THE_Overall_Score,Teaching,Research_Environment,Research_Quality,Industry_Impact,International_Outlook,Year,Country,QS_Rank_Normalized,THE_Rank_Normalized,Global_Ranking_Score,Research_Impact_Score,Faculty_to_Student_Ratio,International_Student_Percentage,Academic_Reputation_Score,Research_Productivity_Index
2,2,Imperial College London,Europe,L,FO,VH,Public,22,100.0,9,42,95.0,69,100.0,74,100.0,35.0,100.0,22.0,97.5,28.0,95.9,68,98.3,7.0,99.4,8.0,21340.0,12.1,0.6,1.83,94.69,90.6,94.9,98.0,91.9,98.2,2026.0,United Kingdom,2.0,8.0,97.04,96.35,99.3,60.0,99.6,96.45
4,3,University of Oxford,Europe,L,FC,VH,Public,2,100.0,4,9,91.0,98,98.8,132,98.6,80.0,98.7,67.0,100.0,1.0,100.0,3,77.9,198.0,97.9,1.0,22005.0,10.4,0.43,2.2,98.21,97.2,100.0,97.7,99.9,96.4,2026.0,United Kingdom,4.0,1.0,98.06,97.18,100.0,43.0,100.0,98.85
6,5,University of Cambridge,Europe,L,FC,VH,Public,3,100.0,5,23,88.6,107,100.0,80,93.1,144.0,93.6,120.0,99.2,12.0,100.0,5,78.4,194.0,97.2,4.0,21045.0,11.3,0.38,2.12,97.21,96.2,99.9,97.1,87.6,96.3,2026.0,United Kingdom,6.0,4.0,97.2,96.2,100.0,38.0,100.0,98.5
22,28,Technical University of Munich,Europe,XL,FO,VH,Public,60,99.7,16,223,92.6,90,86.3,252,98.9,72.0,98.9,63.0,95.9,63.0,57.3,293,87.8,83.0,90.2,27.0,35755.0,40.7,0.45,0.59,83.45,71.9,84.8,91.3,100.0,83.4,2026.0,Germany,22.0,27.0,86.82,91.15,70.5,45.0,92.0,88.05
25,18,The University of Sydney,Oceania,XL,FC,VH,Public,29,94.2,53,801,94.3,78,99.9,101,100.0,18.0,100.0,12.0,95.5,71.0,95.8,70,97.6,11.0,89.4,53.0,51531.0,22.4,0.53,,75.06,59.2,67.5,91.5,98.9,88.2,2026.0,Australia,25.0,53.0,82.23,87.2,15.7,53.0,98.9,79.5
27,29,McGill University,Americas,L,FC,VH,Public,35,93.5,58,250,72.4,194,88.6,232,93.5,138.0,69.6,272.0,92.9,130.0,98.9,27,96.3,15.0,88.9,41.0,30196.0,11.7,0.29,2.57,77.13,71.0,70.8,86.2,77.5,89.2,2026.0,Canada,27.0,41.0,83.02,80.57,67.3,29.0,98.1,78.5
29,25,University of Toronto,Americas,XL,FC,VH,Public,11,99.1,25,428,68.8,224,97.9,143,97.9,91.0,98.0,78.0,97.0,37.0,99.4,22,100.0,1.0,88.5,21.0,80394.0,25.1,0.39,2.36,88.45,78.2,92.9,92.3,95.8,92.3,2026.0,Canada,29.0,21.0,88.48,87.75,45.7,39.0,100.0,92.6
32,30,Australian National University,Oceania,L,FC,VH,Public,37,82.6,96,495,91.7,93,100.0,49,99.0,68.0,99.1,59.0,93.1,123.0,67.1,232,91.8,48.0,87.4,74.0,17243.0,13.3,0.51,2.28,71.11,56.7,62.6,85.7,86.3,94.2,2026.0,Australia,32.0,74.0,79.26,83.28,40.9,51.0,97.9,74.15
34,27,University of Edinburgh,Europe,XL,FC,VH,Public,24,98.2,33,179,54.3,338,99.7,105,99.9,42.0,99.9,31.0,99.5,5.0,69.7,213,98.3,7.0,87.2,29.0,35350.0,11.3,0.49,2.61,82.49,75.7,74.7,94.8,71.0,96.2,2026.0,United Kingdom,34.0,29.0,84.84,80.82,77.3,49.0,99.6,84.75
36,37,Monash University,Oceania,XL,FC,VH,Public,45,87.5,81,801,93.0,88,100.0,61,100.0,24.0,100.0,15.0,94.7,87.0,86.7,128,91.7,49.0,85.8,60.0,56287.0,30.6,0.36,2.28,74.09,54.3,65.5,94.0,99.6,91.9,2026.0,Australia,36.0,60.0,79.94,86.8,11.3,36.0,95.7,79.75
36,32,The University of Tokyo,Asia,L,FC,VH,Public,7,99.9,10,94,69.9,217,15.9,777,44.0,457.0,49.2,422.0,88.8,193.0,100.0,10,92.3,44.0,85.8,26.0,26298.0,10.2,0.18,,83.52,94.7,94.2,68.2,100.0,50.8,2026.0,Japan,36.0,26.0,84.66,80.28,92.4,18.0,100.0,81.2
40,38,University of British Columbia,Americas,XL,FC,VH,Public,23,96.5,41,568,70.9,210,98.5,135,79.8,222.0,81.7,191.0,96.6,48.0,84.9,135,98.5,5.0,85.5,45.0,60112.0,18.7,0.34,2.32,77.03,64.1,73.9,88.6,77.4,93.5,2026.0,Canada,40.0,45.0,81.26,82.5,34.7,34.0,99.6,81.25
41,46,Institut Polytechnique de Paris,Europe,M,CO,VH,Public,185,99.8,14,76,97.3,52,99.9,99,99.2,61.0,99.2,50.0,93.0,125.0,99.1,25,77.9,198.0,85.4,69.0,6217.0,7.6,0.43,1.01,71.64,71.8,62.4,70.9,99.1,95.1,2026.0,France,41.0,69.0,78.52,80.9,94.8,43.0,58.1,66.65
42,40,The University of Queensland,Oceania,XL,FC,VH,Public,46,79.5,105,705,94.2,79,100.0,60,100.0,28.0,100.0,18.0,97.0,36.0,66.6,233,92.5,41.0,85.1,81.0,41295.0,23.6,0.43,2.28,69.7,50.9,60.9,87.6,97.6,91.2,2026.0,Australia,42.0,81.0,77.4,84.92,26.5,43.0,94.3,74.25
47,49,Delft University of Technology,Europe,L,CO,VH,Public,76,90.4,71,392,84.6,126,100.0,68,94.8,128.0,95.1,109.0,93.8,102.0,66.0,235,96.3,15.0,84.3,57.0,21410.0,14.8,0.35,0.47,74.25,64.1,75.1,75.5,100.0,92.1,2026.0,Netherlands,47.0,57.0,79.28,82.25,49.1,35.0,86.2,75.3
51,54,University of Bristol,Europe,XL,FC,VH,Public,73,89.4,75,546,83.2,135,90.7,219,95.7,118.0,96.0,100.0,95.3,74.0,63.1,248,97.0,12.0,82.5,80.0,29680.0,14.2,0.35,2.36,69.74,51.4,56.5,94.4,74.6,91.8,2026.0,United Kingdom,51.0,80.0,76.12,82.35,36.7,35.0,87.3,75.45
57,50,Kyoto University,Asia,L,FC,VH,Public,19,99.3,22,80,50.9,369,22.9,675,29.2,601.0,35.1,551.0,85.5,247.0,85.9,132,84.0,124.0,80.2,61.0,21617.0,9.0,0.11,0.33,73.96,86.4,82.7,56.9,100.0,45.6,2026.0,Japan,57.0,61.0,77.08,69.0,94.3,11.0,99.7,69.8
60,63,KU Leuven,Europe,XL,FC,VH,Public,53,63.5,169,801,94.7,75,95.8,166,65.1,307.0,48.5,428.0,99.5,4.0,83.5,143,94.7,25.0,79.7,46.0,50336.0,37.1,0.21,2.2,76.82,61.3,73.8,91.3,100.0,79.2,2026.0,Belgium,60.0,46.0,78.26,89.82,9.6,21.0,93.0,82.55
63,68,National Taiwan University (NTU),Asia,L,FC,VH,Public,38,94.2,54,522,70.9,209,25.3,647,59.2,346.0,63.1,313.0,67.1,587.0,100.0,11,88.4,74.0,78.9,141.0,18743.0,9.7,0.24,1.87,62.46,59.4,54.9,68.6,100.0,59.2,2026.0,Taiwan,63.0,141.0,70.68,65.38,38.8,24.0,97.7,61.75
72,75,Lund University,Europe,L,FC,VH,Public,99,64.1,167,246,56.6,312,98.8,134,82.0,213.0,83.7,181.0,97.1,35.0,96.1,65,98.8,3.0,75.7,96.0,23748.0,10.2,0.22,2.36,66.57,49.1,56.7,85.7,99.7,79.2,2026.0,Sweden,72.0,96.0,71.13,74.03,68.1,22.0,80.1,71.2
76,80,University of Birmingham,Europe,XL,FC,VH,Public,95,75.7,122,385,56.1,316,96.7,154,93.4,139.0,93.9,115.0,96.3,54.0,54.7,305,92.8,38.0,73.8,100.0,34145.0,14.6,0.35,2.36,66.26,47.7,48.4,93.7,74.2,94.3,2026.0,United Kingdom,76.0,100.0,70.03,73.62,49.9,35.0,81.1,71.05
77,77,The University of Western Australia,Oceania,L,FC,VH,Public,137,56.5,209,801,99.2,34,100.0,77,100.0,36.0,100.0,23.0,93.2,122.0,82.6,147,83.7,129.0,73.7,154.0,19880.0,23.6,0.3,2.16,61.72,38.7,45.1,87.6,98.4,93.4,2026.0,Australia,77.0,154.0,67.71,81.28,15.1,30.0,69.0,66.35
78,74,KTH Royal Institute of Technology,Europe,L,FO,VH,Public,174,62.1,183,242,88.2,109,95.6,171,81.8,215.0,60.9,331.0,91.7,147.0,72.7,197,89.8,66.0,73.6,99.0,15263.0,18.2,0.28,0.45,66.28,51.1,57.3,79.7,97.2,90.5,2026.0,Sweden,78.0,99.0,69.94,79.22,68.3,28.0,60.2,68.5
79,78,University of Glasgow,Europe,XL,FC,VH,Public,72,73.5,132,377,44.8,416,98.0,140,99.1,67.0,99.1,57.0,97.0,38.0,44.5,395,95.4,19.0,73.4,84.0,34075.0,13.4,0.45,2.53,68.93,50.6,52.2,95.9,73.2,95.5,2026.0,United Kingdom,79.0,84.0,71.17,72.47,50.3,45.0,88.3,74.05
82,,Adelaide University,Oceania,XL,CO,VH,Public,102,62.7,176,621,69.8,218,100.0,90,97.5,96.0,72.5,251.0,96.7,46.0,70.4,207,86.1,98.0,72.6,134.0,43623.0,30.4,0.27,2.32,63.05,38.3,48.9,89.5,99.7,89.8,2026.0,Australia,82.0,134.0,67.82,76.22,30.5,27.0,78.3,69.2
86,82,University of Leeds,Europe,XL,FC,VH,Public,90,82.1,98,512,48.8,380,89.7,224,96.3,108.0,96.5,93.0,99.2,13.0,62.9,250,76.4,219.0,72.0,118.0,35600.0,14.4,0.39,2.53,64.88,48.3,50.3,87.2,71.6,93.6,2026.0,United Kingdom,86.0,118.0,68.44,71.38,39.7,39.0,81.8,68.75
87,80,University of Southampton,Europe,L,FC,VH,Public,163,55.9,214,504,87.8,111,96.8,153,98.6,82.0,98.6,69.0,97.4,32.0,58.6,279,95.1,23.0,71.2,129.0,24355.0,14.3,0.46,2.28,63.33,44.6,45.4,89.6,73.1,96.1,2026.0,United Kingdom,87.0,129.0,67.26,80.05,40.1,46.0,62.6,67.5
91,86,The University of Osaka,Asia,L,FC,VH,Public,67,90.0,73,430,65.8,242,25.2,649,21.1,709.0,27.2,651.0,72.0,500.0,51.4,330,79.5,180.0,71.0,152.0,22367.0,10.4,0.12,0.49,61.84,65.9,64.9,53.3,100.0,47.9,2026.0,Japan,91.0,152.0,66.42,64.0,45.6,12.0,90.5,59.1
93,103,Uppsala University,Europe,L,FC,VH,Public,113,48.1,268,260,55.9,318,99.7,106,82.9,207.0,84.5,174.0,95.9,60.0,82.9,145,94.4,26.0,70.3,128.0,20953.0,10.9,0.18,2.49,63.46,47.4,54.9,81.3,95.0,71.5,2026.0,Sweden,93.0,128.0,66.88,72.0,66.3,18.0,74.7,68.1
94,89,Durham University,Europe,L,FC,VH,Public,117,91.9,64,539,42.9,441,99.2,123,94.5,134.0,94.9,111.0,90.9,161.0,53.6,316,95.2,22.0,70.1,177.0,21470.0,13.2,0.34,2.28,60.26,45.2,44.9,81.0,62.8,94.6,2026.0,United Kingdom,94.0,177.0,65.18,64.93,37.3,34.0,74.1,62.95
94,96,University of Alberta,Americas,XL,FC,VH,Public,133,53.0,230,443,71.5,204,99.4,119,78.6,229.0,80.6,199.0,94.5,90.0,77.1,169,90.7,58.0,70.1,119.0,33938.0,21.6,0.28,,64.61,49.1,55.4,78.1,100.0,88.4,2026.0,Canada,94.0,119.0,67.35,74.88,44.6,28.0,70.9,66.75
96,88,University of Technology Sydney,Oceania,L,CO,VH,Public,180,66.7,159,801,99.3,33,97.6,146,91.7,151.0,92.3,128.0,89.7,177.0,52.3,323,92.0,47.0,69.9,149.0,29729.0,37.7,0.26,2.16,61.96,36.8,42.6,94.1,88.7,92.9,2026.0,Australia,96.0,149.0,65.93,81.42,11.8,26.0,58.7,68.35
98,111,Politecnico di Milano,Europe,XL,CO,VH,Public,84,90.1,72,801,53.9,343,74.4,317,69.3,281.0,72.3,252.0,87.0,215.0,72.0,199,72.9,275.0,69.1,216.0,39793.0,21.8,0.23,0.56,57.85,46.2,51.9,67.8,98.0,65.5,2026.0,Italy,98.0,216.0,63.47,65.15,9.3,23.0,83.4,59.85
101,100,University of Copenhagen,Europe,XL,FC,VH,Public,79,41.7,324,34,36.6,512,87.3,241,26.5,640.0,19.9,765.0,98.0,22.0,94.4,77,76.3,221.0,68.4,90.0,31425.0,4.2,0.14,2.65,67.12,51.3,52.2,91.3,92.8,76.6,2026.0,Denmark,101.0,90.0,67.76,69.53,99.6,14.0,85.5,71.75
105,94,Lomonosov Moscow State University,Europe,L,FC,VH,Public,83,87.9,80,26,7.3,801,25.5,641,96.0,112.0,96.1,97.0,87.0,214.0,98.3,37,48.8,734.0,67.6,133.0,31603.0,9.7,0.38,2.16,63.05,80.9,69.7,32.9,93.4,71.6,2026.0,Russian Federation,105.0,133.0,65.32,49.22,99.9,38.0,83.7,51.3
107,109,Technical University of Denmark,Europe,M,FO,VH,Public,264,36.2,396,49,90.9,99,100.0,52,95.9,113.0,96.1,96.0,87.1,213.0,60.5,269,68.0,351.0,67.5,121.0,11254.0,8.8,0.37,0.52,64.34,51.2,46.5,82.6,99.9,93.0,2026.0,Denmark,107.0,121.0,65.92,76.78,98.4,37.0,44.8,64.55
109,107,Tohoku University,Asia,L,FC,VH,Public,82,86.5,84,52,35.5,519,20.5,705,19.4,739.0,25.5,678.0,70.1,529.0,36.5,474,82.0,149.0,66.7,105.0,17349.0,12.6,0.13,0.39,65.73,70.9,70.8,52.8,100.0,59.2,2026.0,Japan,109.0,105.0,66.22,57.3,98.2,13.0,84.5,61.8
112,122,Qatar University,Asia,M,FC,VH,Public,273,56.5,208,206,73.3,188,100.0,26,98.6,83.0,98.6,70.0,89.6,179.0,98.9,29,72.2,289.0,66.5,221.0,9539.0,8.2,0.38,,57.59,32.4,38.1,89.1,79.1,94.5,2026.0,Qatar,112.0,221.0,62.04,72.53,73.8,38.0,43.3,63.6
113,104,University of St Andrews,Europe,M,FO,VH,Public,165,74.9,127,278,51.3,368,98.8,131,99.7,47.0,99.7,36.0,87.7,208.0,28.9,575,86.2,97.0,66.4,164.0,11265.0,12.9,0.49,2.49,60.9,50.6,43.3,78.2,71.9,94.4,2026.0,United Kingdom,113.0,164.0,63.65,65.12,63.8,49.0,61.5,60.75
114,113,Aalto University,Europe,L,FO,VH,Public,189,56.1,212,564,79.6,160,97.2,147,60.0,343.0,63.9,312.0,80.9,332.0,97.1,55,88.3,77.0,66.3,196.0,15131.0,21.3,0.26,0.64,59.02,44.3,43.4,78.9,91.0,80.7,2026.0,Finland,114.0,196.0,62.66,70.7,35.1,26.0,57.5,61.15
116,117,University of Helsinki,Europe,L,CO,VH,Public,114,37.7,370,256,62.7,262,78.5,305,13.1,801.0,19.1,779.0,96.1,57.0,94.2,80,95.6,18.0,66.1,104.0,22974.0,15.8,0.07,2.86,65.74,50.4,57.3,90.1,70.7,58.6,2026.0,Finland,116.0,104.0,65.92,76.55,66.9,7.0,74.5,73.7
118,126,University College Dublin,Europe,L,FC,VH,Public,149,57.6,204,801,62.0,272,99.5,112,89.6,170.0,90.5,144.0,89.0,188.0,92.2,88,91.7,49.0,66.0,223.0,25252.0,19.1,0.35,,57.47,35.5,41.7,84.0,74.9,89.4,2026.0,Ireland,118.0,223.0,61.74,69.18,19.7,35.0,66.5,62.85
119,141,Leiden University,Europe,XL,FC,VH,Public,97,46.3,288,629,64.9,249,89.7,225,68.4,288.0,50.9,408.0,94.3,93.0,61.2,263,58.6,530.0,65.7,70.0,34441.0,17.6,0.22,2.45,71.33,49.3,63.3,93.6,99.1,85.2,2026.0,Netherlands,119.0,70.0,68.52,79.02,30.3,22.0,80.4,78.45
119,119,University of Oslo,Europe,L,FC,VH,Public,143,27.7,498,176,67.7,232,95.8,167,46.0,439.0,34.3,560.0,96.8,43.0,86.6,129,72.3,286.0,65.7,114.0,20102.0,11.7,0.18,2.69,65.16,47.8,52.5,90.3,75.2,76.5,2026.0,Norway,119.0,114.0,65.43,76.82,78.4,18.0,67.8,71.4
119,115,University of Waterloo,Americas,XL,CO,VH,Public,209,74.2,130,801,88.3,108,81.5,283,76.6,247.0,78.9,219.0,83.5,285.0,72.0,201,90.5,60.0,65.7,163.0,34772.0,22.7,0.21,2.0,60.91,42.7,47.6,83.4,77.0,85.5,2026.0,Canada,119.0,163.0,63.3,75.7,8.8,21.0,53.0,65.5
125,123,RMIT University,Oceania,XL,CO,VH,Public,202,60.3,191,801,91.3,96,100.0,45,95.2,125.0,95.5,106.0,83.1,292.0,49.9,345,87.9,80.0,65.3,267.0,32309.0,23.8,0.38,2.08,55.74,35.2,36.2,82.5,78.2,93.1,2026.0,Australia,125.0,267.0,60.52,73.28,7.2,38.0,55.1,59.35
128,132,Sapienza University of Rome,Europe,XL,FC,VH,Public,65,66.4,161,801,62.9,261,4.0,801,14.8,801.0,20.9,749.0,95.9,61.0,91.5,92,81.9,151.0,64.9,172.0,60428.0,27.3,0.07,2.57,60.65,55.9,53.5,73.4,85.2,42.9,2026.0,Italy,128.0,172.0,62.78,71.43,7.8,7.0,90.7,63.45
131,144,Aarhus University,Europe,L,FC,VH,Public,140,41.7,325,472,74.1,183,96.7,157,25.5,654.0,19.1,777.0,96.3,52.0,79.4,164,73.2,271.0,64.3,101.0,25370.0,12.8,0.12,2.53,66.2,48.6,58.8,83.9,99.8,75.3,2026.0,Denmark,131.0,101.0,65.25,78.27,42.4,12.0,68.3,71.35
132,150,University of Bath,Europe,L,CO,VH,Public,233,81.6,100,801,75.9,173,95.6,170,86.8,187.0,88.0,156.0,85.3,250.0,50.7,337,83.8,127.0,64.2,263.0,17650.0,17.7,0.29,1.95,55.89,39.8,35.1,81.0,67.1,93.2,2026.0,United Kingdom,132.0,263.0,60.04,69.32,20.5,29.0,48.9,58.05
137,129,Newcastle University,Europe,L,FC,VH,Public,162,68.7,152,388,49.1,379,92.5,205,81.0,220.0,82.8,185.0,95.8,65.0,40.5,433,90.9,56.0,63.9,145.0,26400.0,15.0,0.28,2.28,62.08,39.8,43.2,93.0,80.0,89.5,2026.0,United Kingdom,137.0,145.0,62.99,70.28,49.5,28.0,62.9,68.1
138,133,Macquarie University,Oceania,L,FC,VH,Public,242,56.7,206,801,85.8,119,100.0,86,97.3,98.0,97.5,86.0,91.0,156.0,62.2,252,90.6,59.0,63.3,169.0,29826.0,50.2,0.25,,60.71,35.9,42.5,90.9,97.2,88.5,2026.0,Australia,138.0,169.0,62.0,77.55,13.6,25.0,47.7,66.7
140,136,Eindhoven University of Technology,Europe,M,FO,VH,Public,296,77.3,115,455,81.9,146,100.0,87,95.7,119.0,95.9,101.0,74.3,459.0,33.1,512,74.1,255.0,63.2,194.0,10823.0,19.1,0.36,0.43,59.17,47.7,49.5,67.0,100.0,88.6,2026.0,Netherlands,140.0,194.0,61.18,68.18,43.6,36.0,40.5,58.25
140,158,Erasmus University Rotterdam,Europe,L,FO,VH,Public,230,74.8,129,801,75.7,174,81.8,280,81.6,216.0,60.8,333.0,81.8,318.0,94.0,81,62.2,454.0,63.2,107.0,31507.0,21.1,0.26,2.28,65.57,38.5,52.9,95.9,89.2,87.1,2026.0,Netherlands,140.0,107.0,64.38,76.58,20.7,26.0,49.4,74.4
143,200,King Saud University,Asia,XL,FC,VH,Public,204,57.7,201,336,65.6,244,100.0,89,29.2,600.0,35.2,549.0,96.8,41.0,99.4,23,63.1,439.0,63.1,266.0,42846.0,11.0,0.11,1.95,55.74,38.2,33.8,82.7,89.1,84.0,2026.0,Saudi Arabia,143.0,266.0,59.42,69.72,55.7,11.0,54.8,58.25
147,128,Stockholm University,Europe,L,CO,VH,Public,155,29.5,484,678,73.6,186,83.0,271,79.4,224.0,59.1,346.0,96.7,45.0,90.5,102,72.1,291.0,62.5,204.0,27746.0,16.2,0.14,,58.46,33.5,48.4,87.2,66.1,76.5,2026.0,Sweden,147.0,204.0,60.48,76.47,28.3,14.0,65.1,67.8
147,159,University of Groningen,Europe,XL,FC,VH,Public,147,41.6,326,331,53.0,353,95.4,174,89.4,173.0,66.6,293.0,93.4,118.0,53.5,317,67.6,355.0,62.5,83.0,33098.0,23.4,0.28,2.28,69.29,47.4,55.9,94.1,99.7,91.7,2026.0,Netherlands,147.0,83.0,65.9,74.1,56.2,28.0,67.2,75.0
147,165,University of Liverpool,Europe,L,FC,VH,Public,171,48.8,264,538,61.7,276,92.4,206,91.1,157.0,91.8,133.0,97.0,39.0,47.8,364,92.4,42.0,62.5,144.0,26770.0,13.9,0.33,2.32,62.22,43.5,42.0,91.2,68.0,95.0,2026.0,United Kingdom,147.0,144.0,62.36,72.97,37.3,33.0,60.7,66.6
150,171,University of Cape Town,Africa,L,FC,VH,Public,183,62.3,179,801,75.4,176,66.1,353,27.9,615.0,33.9,562.0,97.7,24.0,97.7,49,92.1,45.0,62.3,166.0,20094.0,12.6,0.12,2.36,60.74,39.4,46.7,87.8,84.8,77.9,2026.0,South Africa,150.0,166.0,61.52,76.9,14.6,12.0,58.2,67.25
151,120,Western University,Americas,L,FC,VH,Public,282,53.5,227,801,93.5,84,100.0,85,68.7,283.0,71.7,254.0,83.6,282.0,98.0,42,94.0,30.0,62.0,215.0,31831.0,32.7,0.25,2.36,57.88,39.9,42.6,77.5,99.8,86.9,2026.0,Canada,151.0,215.0,59.94,74.3,5.2,25.0,42.3,60.05
152,137,University of Vienna,Europe,XL,FC,VH,Public,88,46.4,285,617,22.2,682,100.0,71,96.6,103.0,96.8,90.0,96.3,53.0,92.8,85,71.8,294.0,61.9,95.0,30228.0,36.6,0.34,2.73,66.6,50.0,60.9,79.8,80.0,94.0,2026.0,Austria,152.0,95.0,64.25,64.8,31.0,34.0,82.3,70.35
153,155,Wageningen University & Research,Europe,L,CO,VH,Public,203,34.4,420,37,54.8,329,72.0,329,90.7,159.0,91.5,134.0,97.2,34.0,32.9,516,91.2,53.0,61.6,66.0,15905.0,16.9,0.31,2.28,72.19,58.6,58.4,90.4,99.5,91.6,2026.0,Netherlands,153.0,66.0,66.9,75.2,99.5,31.0,55.0,74.4
155,169,University of Exeter,Europe,L,FC,VH,Public,186,58.5,198,480,55.8,320,94.8,181,77.8,235.0,79.9,206.0,95.8,66.0,40.9,428,93.9,32.0,61.5,174.0,29280.0,15.7,0.29,2.28,60.58,36.6,42.1,94.0,59.1,93.4,2026.0,United Kingdom,155.0,174.0,61.04,71.92,42.0,29.0,57.9,68.05
155,155,University of Geneva,Europe,L,FC,VH,Public,201,34.8,414,414,70.3,214,100.0,54,98.6,81.0,98.6,68.0,92.1,144.0,63.1,249,66.5,370.0,61.5,168.0,17681.0,7.8,0.41,2.65,60.72,43.8,40.0,85.2,85.7,96.1,2026.0,Switzerland,155.0,168.0,61.11,71.9,47.4,41.0,55.3,62.6
157,141,Lancaster University,Europe,L,FC,VH,Public,217,45.8,296,555,77.5,166,96.4,161,93.3,141.0,93.8,117.0,87.0,216.0,38.2,452,89.2,68.0,61.4,185.0,16935.0,14.9,0.34,2.04,59.73,40.9,40.8,86.7,67.2,95.1,2026.0,United Kingdom,157.0,185.0,60.56,73.0,36.1,34.0,51.2,63.75
158,131,University of Basel,Europe,M,FC,VH,Public,357,20.7,639,229,94.2,80,100.0,47,91.4,156.0,68.0,284.0,90.4,170.0,74.9,183,88.4,74.0,61.3,120.0,8655.0,11.1,0.32,2.4,64.53,50.2,42.8,87.5,99.8,94.2,2026.0,Switzerland,158.0,120.0,62.92,78.72,70.2,32.0,34.0,65.15
160,165,University of Barcelona,Europe,XL,FC,VH,Public,81,48.9,262,801,47.8,391,39.9,501,40.8,484.0,46.2,451.0,96.4,50.0,77.0,170,84.7,115.0,61.0,150.0,45016.0,14.9,0.12,2.69,61.93,44.0,47.8,88.5,92.4,64.6,2026.0,Spain,160.0,150.0,61.46,70.12,19.0,12.0,84.9,68.15
162,169,Ghent University,Europe,XL,FC,VH,Public,141,39.1,350,140,32.4,557,83.4,267,33.8,549.0,39.5,504.0,99.2,11.0,84.9,136,94.0,30.0,60.8,115.0,42572.0,37.8,0.14,2.45,65.14,48.8,58.6,82.7,99.9,65.9,2026.0,Belgium,162.0,115.0,62.97,68.22,84.5,14.0,68.2,70.65
164,152,Nagoya University,Asia,L,FC,VH,Public,116,71.5,141,144,38.2,491,22.6,681,27.6,619.0,33.6,568.0,66.0,610.0,39.2,443,74.1,255.0,60.3,218.0,15559.0,13.3,0.13,0.45,57.79,58.1,56.1,57.0,99.8,43.8,2026.0,Japan,164.0,218.0,59.04,54.32,84.2,13.0,74.2,56.55
165,139,Chalmers University of Technology,Europe,M,FO,VH,Private not for Profit,350,56.6,207,303,80.9,152,100.0,56,74.3,257.0,76.8,226.0,77.0,405.0,53.3,319,82.7,138.0,60.2,240.0,10245.0,11.9,0.18,0.49,56.87,42.6,45.9,71.2,97.1,76.7,2026.0,Sweden,165.0,240.0,58.54,68.75,59.5,18.0,34.6,58.55
166,163,Al-Farabi Kazakh National University,Asia,L,FC,HI,Public,172,86.3,85,36,2.1,801,80.9,288,83.2,204.0,79.3,213.0,75.7,426.0,66.2,234,62.8,443.0,59.8,1419.0,20321.0,4.5,0.26,2.57,28.45,30.1,14.6,27.8,24.1,80.4,2026.0,Kazakhstan,166.0,1419.0,44.12,30.05,99.6,26.0,60.7,21.2
169,184,University of York,Europe,L,FC,VH,Public,197,42.3,317,335,53.8,344,92.4,208,75.4,253.0,77.8,223.0,96.0,58.0,41.0,427,93.2,34.0,59.4,156.0,20330.0,14.3,0.29,2.4,61.49,44.1,43.9,87.5,67.6,90.6,2026.0,United Kingdom,169.0,156.0,60.44,70.3,55.8,29.0,56.8,65.7
170,173,Hokkaido University,Asia,L,FC,VH,Public,129,68.8,151,185,42.7,445,28.2,604,20.5,724.0,26.6,664.0,77.5,393.0,26.4,617,78.5,192.0,59.3,376.0,17693.0,8.3,0.11,0.43,50.63,53.5,45.1,47.9,96.8,47.0,2026.0,Japan,170.0,376.0,54.96,53.3,76.8,11.0,71.5,46.5
170,167,Kyushu University,Asia,L,FC,VH,Public,130,72.1,140,121,34.2,534,24.5,657,39.0,502.0,44.5,468.0,76.4,416.0,20.9,710,74.8,241.0,59.3,319.0,18679.0,7.7,0.14,0.41,53.19,54.2,46.5,53.5,98.8,49.5,2026.0,Japan,170.0,319.0,56.24,52.65,87.1,14.0,71.3,50.0
173,176,McMaster University,Americas,L,FC,VH,Public,211,43.6,307,289,56.6,311,94.6,184,66.3,302.0,69.6,273.0,84.3,270.0,60.0,271,86.6,93.0,59.1,116.0,28647.0,28.8,0.23,2.4,65.02,42.2,49.3,93.1,100.0,84.6,2026.0,Canada,173.0,116.0,62.06,70.82,61.8,23.0,52.5,71.2
176,210,National Tsing Hua University,Asia,M,CO,VH,Public,148,77.1,116,574,73.5,187,26.7,630,37.3,522.0,40.4,501.0,42.1,801.0,25.4,633,57.8,546.0,59.0,408.0,14807.0,22.9,0.14,1.79,49.56,37.5,43.5,61.4,99.8,46.3,2026.0,Taiwan,176.0,408.0,54.28,55.12,34.2,14.0,67.0,52.45
181,186,Cardiff University,Europe,L,FC,VH,Public,175,54.4,223,403,42.2,451,87.2,243,70.1,278.0,73.0,248.0,93.4,120.0,33.5,502,88.9,71.0,57.8,232.0,27880.0,13.7,0.24,2.49,57.17,35.9,39.1,86.0,70.3,88.4,2026.0,United Kingdom,181.0,232.0,57.48,65.18,48.2,24.0,60.1,62.55
183,174,Curtin University,Oceania,L,CO,VH,Public,254,39.3,348,801,89.6,104,100.0,57,54.3,382.0,58.7,348.0,94.2,96.0,37.9,459,82.0,149.0,57.6,285.0,29539.0,19.9,0.35,2.2,54.92,28.5,34.2,87.5,80.4,95.1,2026.0,Australia,183.0,285.0,56.26,76.38,17.7,35.0,46.3,60.85
184,161,University of Bern,Europe,M,FC,VH,Public,313,26.0,520,394,99.3,32,100.0,58,52.9,389.0,57.4,356.0,95.5,69.0,37.2,466,68.9,331.0,57.5,109.0,11959.0,17.4,0.18,2.49,65.43,46.6,47.0,92.0,99.4,86.3,2026.0,Switzerland,184.0,109.0,61.46,83.45,49.0,18.0,38.0,69.5
184,167,University of Wollongong,Oceania,L,FC,VH,Public,287,33.1,434,801,95.6,66,99.5,113,82.2,211.0,83.8,179.0,88.6,197.0,25.8,626,86.1,98.0,57.5,236.0,16470.0,24.1,0.32,2.28,56.95,34.3,36.6,85.4,89.8,93.4,2026.0,Australia,184.0,236.0,57.22,76.55,21.1,32.0,41.6,61.0
194,172,University of Reading,Europe,L,CO,VH,Public,256,46.8,280,801,63.0,260,95.0,178,85.8,192.0,87.0,162.0,93.3,121.0,57.6,287,92.4,42.0,56.2,201.0,15970.0,15.8,0.31,2.28,58.65,41.7,38.1,85.2,66.9,94.2,2026.0,United Kingdom,194.0,201.0,57.42,69.9,20.2,31.0,45.7,61.65
194,221,Vrije Universiteit Amsterdam,Europe,L,FC,VH,Public,208,28.8,489,767,80.7,154,82.9,272,57.6,358.0,42.9,484.0,90.1,173.0,56.4,296,68.8,338.0,56.2,179.0,31949.0,15.8,0.2,2.4,60.21,37.7,41.8,91.8,77.5,84.3,2026.0,Netherlands,194.0,179.0,58.2,76.1,23.3,20.0,53.3,66.8
196,181,Waseda University,Asia,XL,CO,VH,Private not for Profit,118,97.2,37,639,7.3,801,35.2,535,43.7,461.0,48.9,426.0,63.1,650.0,90.7,98,74.3,252.0,56.1,878.0,44876.0,14.2,0.12,0.64,37.6,34.0,26.9,43.5,68.0,53.3,2026.0,Japan,196.0,878.0,46.85,35.2,29.5,12.0,73.6,35.2
197,214,University of Otago,Oceania,L,FC,VH,Public,176,36.0,399,801,63.2,258,100.0,53,39.6,496.0,45.0,464.0,76.5,413.0,68.7,222,88.2,78.0,55.8,377.0,18703.0,19.9,0.18,2.53,50.58,34.1,34.3,72.4,69.3,81.1,2026.0,New Zealand,197.0,377.0,53.19,61.6,14.8,18.0,60.0,53.35
202,194,University of Gothenburg,Europe,L,FC,VH,Public,252,24.6,546,211,45.4,408,94.1,190,85.8,191.0,87.1,161.0,93.7,104.0,71.0,205,92.9,36.0,55.5,212.0,20756.0,10.9,0.13,,57.98,34.8,43.2,91.1,78.8,62.7,2026.0,Sweden,202.0,212.0,56.74,68.35,73.0,13.0,46.4,67.15
203,215,National Cheng Kung University (NCKU),Asia,L,FC,VH,Public,150,79.4,106,578,39.8,471,28.6,600,24.4,670.0,30.5,610.0,58.0,718.0,56.3,297,79.7,175.0,55.2,532.0,21726.0,19.9,0.11,0.61,45.63,36.9,41.3,52.0,99.8,42.3,2026.0,Taiwan,203.0,532.0,50.42,47.78,33.8,11.0,66.4,46.65
203,233,University of Twente,Europe,M,CO,VH,Public,422,40.5,333,333,77.0,169,100.0,93,95.2,124.0,70.8,264.0,85.4,248.0,32.6,519,79.6,179.0,55.2,191.0,8204.0,9.5,0.43,0.59,59.32,45.7,45.0,73.0,98.9,92.4,2026.0,Netherlands,203.0,191.0,57.26,70.1,56.0,43.0,29.3,59.0
207,197,Deakin University,Oceania,XL,FC,VH,Public,281,32.6,440,801,86.2,116,97.2,148,83.3,202.0,84.8,172.0,86.8,222.0,43.6,406,86.7,91.0,54.9,210.0,37191.0,33.3,0.25,2.45,58.0,31.6,38.4,91.7,86.3,87.7,2026.0,Australia,207.0,210.0,56.45,75.78,5.9,25.0,42.3,65.05
211,198,University of Calgary,Americas,XL,FC,VH,Public,245,50.5,249,746,54.6,332,87.4,239,76.9,243.0,79.1,216.0,86.2,233.0,61.5,255,86.0,100.0,54.7,202.0,35954.0,20.3,0.26,2.24,58.63,37.8,43.1,83.6,91.4,83.3,2026.0,Canada,211.0,202.0,56.67,66.88,24.4,26.0,47.6,63.35
212,224,University of Lausanne,Europe,L,FO,VH,Public,322,40.2,340,393,69.0,223,100.0,97,67.0,296.0,49.9,415.0,83.5,286.0,61.1,264,70.3,313.0,54.6,125.0,14241.0,9.8,0.23,,63.74,44.3,46.1,89.0,99.4,88.4,2026.0,Switzerland,212.0,125.0,59.17,71.9,49.0,23.0,37.0,67.55
215,188,Keio University,Asia,XL,FC,VH,Private not for Profit,153,93.8,57,268,9.4,801,15.2,801,19.6,735.0,25.8,674.0,55.6,759.0,95.8,71,68.9,331.0,54.5,761.0,34336.0,10.2,0.1,0.59,39.88,37.0,28.3,49.1,73.7,41.0,2026.0,Japan,215.0,761.0,47.19,35.6,65.2,10.0,65.5,38.7
219,189,University of Ottawa,Americas,XL,FC,VH,Public,339,38.7,361,801,84.8,125,96.1,165,85.5,193.0,86.8,163.0,92.3,141.0,50.0,342,86.8,90.0,54.2,188.0,40753.0,28.7,0.29,2.45,59.53,38.2,44.5,85.4,81.7,86.2,2026.0,Canada,219.0,188.0,56.86,76.75,5.4,29.0,35.8,64.95
221,229,Chulalongkorn University,Asia,XL,FC,VH,Public,89,52.7,233,439,12.5,801,32.0,564,6.2,801.0,11.0,801.0,80.6,342.0,96.4,64,80.0,169.0,53.9,579.0,34173.0,12.0,0.04,2.32,44.35,39.5,31.3,56.1,82.0,46.8,2026.0,Thailand,221.0,579.0,49.12,45.12,44.8,4.0,82.0,43.7
223,209,Tel Aviv University,Asia,L,FC,VH,Public,269,31.0,462,801,99.7,25,48.9,444,15.3,801.0,21.3,743.0,78.3,378.0,94.2,79,77.0,214.0,53.6,217.0,24379.0,22.7,0.07,2.4,57.84,41.8,50.1,79.9,75.0,53.4,2026.0,Israel,223.0,217.0,55.72,77.0,6.1,7.0,43.6,65.0
224,239,Universitas Gadjah Mada,Asia,XL,FC,VH,Public,134,84.7,93,265,3.0,801,63.0,370,8.9,801.0,14.6,801.0,46.3,801.0,75.9,177,66.0,381.0,53.5,1228.0,40174.0,8.1,0.05,2.45,31.7,33.1,24.0,31.3,57.2,43.9,2026.0,Indonesia,224.0,1228.0,42.6,26.15,65.4,5.0,70.2,27.65
225,224,Loughborough University,Europe,L,CO,VH,Public,277,64.5,165,699,50.6,371,94.6,183,71.1,269.0,73.9,242.0,81.4,324.0,33.2,509,87.9,80.0,53.3,339.0,18345.0,15.4,0.25,0.67,52.15,34.8,32.9,76.1,70.2,89.4,2026.0,United Kingdom,225.0,339.0,52.72,60.25,26.9,25.0,42.8,54.5
226,213,Queensland University of Technology,Oceania,XL,CO,VH,Public,215,38.8,356,801,70.9,211,96.6,158,44.8,451.0,49.9,416.0,83.4,287.0,25.6,629,88.5,73.0,53.2,210.0,33182.0,36.8,0.18,2.24,58.0,33.0,40.4,89.6,88.1,81.9,2026.0,Australia,226.0,210.0,55.6,71.08,11.6,18.0,51.6,65.0
229,261,United Arab Emirates University,Asia,M,FC,VH,Public,272,58.1,199,341,35.1,522,100.0,24,39.1,501.0,44.4,470.0,88.9,191.0,87.9,120,68.6,341.0,53.0,235.0,9024.0,13.9,0.18,3.06,57.06,28.7,38.1,91.8,86.5,87.3,2026.0,United Arab Emirates,229.0,235.0,55.03,63.48,55.1,18.0,43.3,64.95
230,239,Massey University,Oceania,M,CO,VH,Public,284,24.1,558,319,50.5,373,99.4,120,98.9,71.0,98.9,62.0,82.2,308.0,60.7,265,83.7,129.0,52.9,519.0,15413.0,16.5,0.3,2.69,45.77,30.1,29.2,62.3,81.6,86.2,2026.0,New Zealand,230.0,519.0,49.34,56.05,57.3,30.0,42.1,45.75
230,260,University of Lisbon,Europe,XL,FC,VH,Public,193,46.3,289,801,51.4,367,14.3,801,58.6,350.0,62.6,317.0,98.4,17.0,97.3,54,79.3,184.0,52.9,426.0,50344.0,18.1,0.23,2.28,48.87,31.1,41.8,66.8,75.3,60.3,2026.0,Portugal,230.0,426.0,50.88,64.6,15.5,23.0,57.1,54.3
233,217,La Trobe University,Oceania,L,CO,VH,Public,365,29.0,488,801,87.8,110,95.6,173,97.4,97.0,97.5,85.0,82.1,310.0,28.0,594,82.2,146.0,52.1,264.0,21509.0,31.2,0.37,,55.86,29.5,36.8,88.9,79.0,88.7,2026.0,Australia,233.0,264.0,53.98,73.9,13.2,37.0,33.4,62.85
237,278,University of Porto,Europe,XL,FC,VH,Public,212,41.5,328,801,73.6,185,9.2,801,38.2,513.0,33.1,575.0,94.3,94.0,61.2,261,77.3,208.0,51.6,415.0,38127.0,17.5,0.19,2.32,49.25,33.7,39.1,70.2,67.8,56.0,2026.0,Portugal,237.0,415.0,50.42,69.3,13.6,19.0,52.5,54.65
239,230,Maastricht University,Europe,L,FO,VH,Public,373,33.7,425,801,71.7,203,99.9,103,100.0,21.0,100.0,14.0,85.6,243.0,49.6,350,80.2,166.0,51.4,131.0,21903.0,16.4,0.6,2.53,63.26,41.4,46.1,88.3,98.3,96.7,2026.0,Netherlands,239.0,131.0,57.33,72.93,18.6,60.0,32.8,67.2
240,281,Hebrew University of Jerusalem,Asia,L,FC,VH,Public,276,36.4,394,201,41.9,452,81.9,279,33.5,551.0,38.8,509.0,74.2,460.0,97.1,57,65.5,387.0,51.3,261.0,17488.0,16.2,0.03,2.45,55.98,48.1,47.2,72.6,77.3,43.1,2026.0,Israel,240.0,261.0,53.64,58.97,74.6,3.0,42.9,59.9
240,244,Victoria University of Wellington,Oceania,L,CO,VH,Public,192,32.2,445,801,44.3,424,100.0,96,56.7,367.0,60.9,332.0,70.1,530.0,77.6,168,83.3,132.0,51.3,434.0,15728.0,17.4,0.12,2.49,48.52,29.0,33.5,73.7,62.9,75.0,2026.0,New Zealand,240.0,434.0,49.91,55.4,15.7,12.0,57.2,53.6
246,273,University College Cork,Europe,L,FC,VH,Public,270,48.1,269,782,52.7,357,86.2,253,75.0,255.0,77.4,224.0,68.8,551.0,49.5,351,83.8,127.0,50.7,367.0,19075.0,20.2,0.23,2.49,50.91,29.3,33.2,78.7,77.6,79.0,2026.0,Ireland,246.0,367.0,50.8,58.35,22.5,23.0,43.4,55.95
251,281,University of Strathclyde,Europe,L,CO,VH,Public,319,40.5,335,801,57.2,306,99.2,122,89.0,175.0,90.0,149.0,84.5,263.0,46.0,379,84.6,117.0,50.2,362.0,19085.0,14.3,0.28,2.2,51.02,37.0,35.2,66.4,79.7,90.5,2026.0,United Kingdom,251.0,362.0,50.61,60.82,17.8,28.0,37.5,50.8
261,261,University of Canterbury,Oceania,L,CO,VH,Public,235,34.7,417,801,48.2,387,100.0,73,48.1,420.0,53.0,389.0,60.9,681.0,87.4,123,88.2,78.0,49.4,632.0,14857.0,19.1,0.18,2.12,42.76,26.6,28.3,59.9,64.4,82.1,2026.0,New Zealand,261.0,632.0,46.08,49.32,12.1,18.0,48.8,44.1
262,236,University of Aberdeen,Europe,M,FC,VH,Public,299,34.8,413,437,42.9,442,95.8,168,87.2,185.0,88.3,155.0,89.7,176.0,30.0,549,87.8,83.0,49.3,249.0,11875.0,12.9,0.36,2.45,56.41,38.0,34.8,82.3,79.6,96.4,2026.0,United Kingdom,262.0,249.0,52.86,62.42,44.9,36.0,40.1,58.55
262,249,University of Navarra,Europe,L,FC,HI,Private not for Profit,290,78.2,111,375,25.3,631,26.8,629,84.0,200.0,85.4,171.0,58.3,714.0,80.5,156,66.1,376.0,49.3,293.0,12748.0,15.3,0.3,2.36,54.64,37.2,34.1,81.9,90.7,74.4,2026.0,Spain,262.0,293.0,51.97,49.9,50.6,30.0,40.8,58.0
262,285,University of Surrey,Europe,L,CO,VH,Public,411,30.0,475,583,74.4,182,98.0,139,88.7,181.0,89.7,152.0,86.6,227.0,30.7,539,60.4,499.0,49.3,220.0,14440.0,14.4,0.33,2.28,57.6,36.3,34.4,89.5,71.6,96.0,2026.0,United Kingdom,262.0,220.0,53.45,71.22,33.4,33.0,29.7,61.95
265,246,Charles University,Europe,XL,FC,VH,Public,182,55.5,217,543,14.3,801,33.5,549,61.7,328.0,65.4,300.0,97.2,33.0,73.2,196,76.9,217.0,49.0,465.0,53904.0,13.5,0.24,2.61,47.35,37.9,32.2,64.8,63.4,64.7,2026.0,Czechia,265.0,465.0,48.18,52.12,37.0,24.0,58.5,48.5
268,255,Griffith University,Oceania,L,FC,VH,Public,318,16.6,701,801,75.1,178,100.0,91,70.7,271.0,73.5,243.0,93.4,119.0,26.6,615,91.7,49.0,48.7,291.0,30484.0,26.3,0.25,2.53,54.7,30.5,37.3,83.7,80.8,87.2,2026.0,Australia,268.0,291.0,51.7,72.38,13.3,25.0,37.7,60.5
271,258,University of Warsaw,Europe,XL,CO,VH,Public,168,62.8,175,304,10.0,801,13.5,801,15.7,801.0,21.8,733.0,85.9,238.0,74.4,186,74.0,259.0,48.3,770.0,34878.0,11.0,0.1,2.53,39.65,38.1,32.6,46.7,39.3,45.0,2026.0,Poland,271.0,770.0,43.97,43.8,59.5,10.0,61.0,39.65
276,285,University of Milan,Europe,XL,FC,VH,Public,152,27.0,507,801,56.6,313,10.8,801,13.4,801.0,19.4,772.0,85.1,252.0,63.1,246,76.4,219.0,48.0,323.0,44429.0,17.4,0.07,2.53,53.12,38.9,32.5,86.1,71.2,47.2,2026.0,Italy,276.0,323.0,50.56,65.07,10.2,7.0,65.9,59.3
278,246,University of Sussex,Europe,L,FC,VH,Public,360,21.0,624,801,60.7,283,99.0,129,89.5,172.0,90.4,146.0,86.3,232.0,53.6,314,90.0,63.0,47.9,237.0,18015.0,16.7,0.37,2.32,56.93,34.3,36.0,88.9,64.8,94.8,2026.0,United Kingdom,278.0,237.0,52.42,67.98,21.4,37.0,33.8,62.45
279,272,Radboud University Nijmegen,Europe,L,FC,VH,Public,310,20.3,648,566,73.2,189,83.5,266,30.1,589.0,36.0,534.0,92.5,136.0,34.9,492,67.7,353.0,47.6,155.0,23615.0,16.1,0.13,2.45,61.54,38.5,49.7,89.3,82.1,75.9,2026.0,Netherlands,279.0,155.0,54.57,76.18,34.8,13.0,38.6,69.5
280,267,University of Antwerp,Europe,L,FC,VH,Public,343,18.8,690,465,57.7,303,96.4,162,45.5,444.0,50.5,411.0,95.2,79.0,60.3,270,80.6,162.0,47.4,173.0,16836.0,32.6,0.17,2.4,60.65,38.9,44.3,89.6,98.5,73.4,2026.0,Belgium,280.0,173.0,54.02,71.7,42.8,17.0,35.0,66.95
281,235,University of Waikato,Oceania,M,CO,VH,Public,446,18.8,691,801,82.1,144,99.5,116,79.7,223.0,81.6,192.0,49.0,801.0,58.4,282,84.8,112.0,47.3,461.0,10521.0,20.7,0.31,2.57,47.53,24.1,31.5,72.3,74.6,88.1,2026.0,New Zealand,281.0,461.0,47.42,58.72,16.2,31.0,28.2,51.9
283,275,Dalhousie University,Americas,L,FC,VH,Public,465,23.9,563,801,76.2,171,100.0,88,79.4,225.0,81.3,195.0,79.9,353.0,39.8,439,85.3,107.0,47.2,354.0,17682.0,13.4,0.27,2.24,51.48,33.1,33.2,75.4,74.3,86.6,2026.0,Canada,283.0,354.0,49.34,66.18,15.8,27.0,27.1,54.3
287,256,Heriot-Watt University,Europe,M,CO,VH,Public,490,34.8,415,692,61.8,275,100.0,78,97.0,100.0,97.2,89.0,75.7,425.0,37.0,467,77.2,210.0,46.8,501.0,9705.0,15.4,0.44,0.64,46.25,33.4,30.3,58.8,70.3,95.5,2026.0,United Kingdom,287.0,501.0,46.52,56.65,27.3,44.0,25.7,44.55
287,308,Universitas Airlangga,Asia,XL,FC,VH,Public,213,88.3,78,235,2.5,801,77.3,308,10.8,801.0,16.7,801.0,52.9,797.0,24.0,658,56.6,568.0,46.8,1308.0,32097.0,7.2,0.08,2.77,30.25,28.6,14.1,39.2,24.8,66.3,2026.0,Indonesia,287.0,1308.0,38.52,27.18,69.6,8.0,52.2,26.65
287,291,University of Bergen,Europe,L,FC,VH,Public,297,13.7,701,254,42.5,446,96.9,150,37.9,516.0,43.5,477.0,91.0,159.0,69.5,217,65.1,397.0,46.8,287.0,15304.0,13.0,0.13,2.61,54.9,35.3,36.4,84.1,75.4,75.8,2026.0,Norway,287.0,287.0,50.85,63.5,67.2,13.0,40.5,60.25
292,298,Swansea University,Europe,L,FC,VH,Public,348,54.7,222,666,43.0,439,76.9,312,80.5,221.0,82.4,187.0,79.7,357.0,13.7,801,84.4,121.0,46.2,321.0,18650.0,15.9,0.25,2.08,53.16,30.8,30.6,87.4,58.3,88.6,2026.0,United Kingdom,292.0,321.0,49.68,60.18,28.6,25.0,34.7,59.0
294,291,Swinburne University of Technology,Oceania,L,CO,VH,Public,655,19.3,675,801,95.0,68,87.8,237,94.7,130.0,70.5,266.0,74.0,467.0,22.8,675,73.4,267.0,46.0,256.0,15725.0,28.4,0.41,1.83,56.16,33.0,33.6,91.4,78.1,81.8,2026.0,Australia,294.0,256.0,51.08,73.5,14.7,41.0,18.8,62.5
302,296,Stellenbosch University,Africa,L,FC,VH,Public,331,44.8,299,801,67.5,233,25.4,642,14.5,801.0,11.0,801.0,93.6,111.0,88.9,114,61.0,480.0,45.2,326.0,25956.0,26.8,0.07,2.45,52.82,34.8,40.8,75.5,91.8,58.6,2026.0,South Africa,302.0,326.0,49.01,69.35,5.0,7.0,36.7,58.15
303,312,Jagiellonian University,Europe,XL,FO,VH,Public,226,54.4,224,193,10.4,801,8.0,801,30.0,591.0,35.9,536.0,88.6,198.0,61.5,256,71.6,296.0,45.1,606.0,32022.0,8.8,0.13,2.81,43.59,43.8,33.6,51.1,54.2,45.7,2026.0,Poland,303.0,606.0,44.34,45.92,75.3,13.0,49.9,42.35
303,324,University of Southern Denmark,Europe,L,CO,VH,Public,425,24.9,540,602,68.4,227,91.7,212,46.4,435.0,51.3,403.0,77.4,394.0,27.0,607,85.0,110.0,45.1,281.0,17548.0,9.5,0.15,2.28,55.21,30.4,36.0,87.3,98.1,75.8,2026.0,Denmark,303.0,281.0,50.16,67.28,31.9,15.0,29.2,61.65
306,306,Aalborg University,Europe,L,FC,VH,Public,478,25.0,538,685,77.2,167,89.0,231,29.4,597.0,35.4,546.0,91.7,148.0,25.4,634,79.1,186.0,44.9,259.0,16050.0,13.9,0.13,,56.06,33.6,44.9,80.6,88.0,72.4,2026.0,Denmark,306.0,259.0,50.48,73.6,27.7,13.0,26.4,62.75
308,319,Simon Fraser University,Americas,L,CO,VH,Public,345,20.7,636,801,59.6,289,99.1,127,86.1,189.0,87.3,158.0,78.4,376.0,34.0,500,85.2,109.0,44.7,335.0,26776.0,24.9,0.31,2.28,52.31,26.9,35.6,79.7,83.5,90.7,2026.0,Canada,308.0,335.0,48.5,63.32,7.6,31.0,34.9,57.65
308,312,University of Johannesburg,Africa,L,CO,VH,Public,496,25.9,523,424,45.2,410,98.5,136,60.1,342.0,63.9,310.0,99.1,14.0,69.6,215,74.8,241.0,44.7,388.0,32659.0,26.5,0.14,2.36,50.2,29.5,38.4,69.9,81.1,82.0,2026.0,South Africa,308.0,388.0,47.45,63.15,46.5,14.0,25.5,54.15
314,293,University of Tasmania,Oceania,M,CO,VH,Public,556,12.2,701,572,72.8,192,87.1,244,91.7,152.0,92.3,129.0,80.4,348.0,25.0,640,84.0,124.0,44.3,255.0,13316.0,17.1,0.31,2.45,56.18,34.3,36.9,84.5,82.8,89.3,2026.0,Australia,314.0,255.0,50.24,68.65,34.3,31.0,22.5,60.7
317,321,L.N. Gumilyov Eurasian National University,Asia,L,FO,VH,Public,300,85.8,86,78,2.0,801,84.6,262,25.8,649.0,27.2,650.0,31.4,801.0,7.5,801,46.6,801.0,43.9,1748.0,23205.0,18.3,0.04,2.08,23.32,20.9,15.2,25.4,17.2,59.2,2026.0,Kazakhstan,317.0,1748.0,33.61,18.5,94.7,4.0,40.1,20.3
320,298,Bauman Moscow State Technical University,Europe,L,CO,VH,Public,289,63.8,168,25,2.0,801,81.0,287,85.8,190.0,87.1,160.0,14.2,801.0,10.1,801,47.6,770.0,43.5,340.0,15623.0,6.9,0.2,1.91,52.14,68.4,42.8,43.0,54.4,59.6,2026.0,Russian Federation,320.0,340.0,47.82,25.5,99.9,20.0,41.1,42.9
326,285,University of Leicester,Europe,L,FC,VH,Public,418,17.7,701,502,44.2,426,90.6,220,90.6,162.0,91.4,137.0,91.1,155.0,31.0,535,81.2,158.0,42.9,193.0,16435.0,14.5,0.37,2.24,59.2,35.4,34.9,95.9,69.0,94.8,2026.0,United Kingdom,326.0,193.0,51.05,66.53,40.1,37.0,29.6,65.4
328,328,University of Delhi,Asia,L,FO,VH,Public,248,41.9,319,801,47.1,403,1.8,801,2.8,801.0,7.5,801.0,83.0,294.0,98.9,30,71.2,297.0,42.6,802.0,24204.0,20.2,0.02,2.0,39.0,42.9,29.7,45.8,53.6,24.7,2026.0,India,328.0,802.0,40.8,51.4,6.9,2.0,46.9,37.75
328,434,University of Sharjah,Asia,L,CO,VH,Private not for Profit,440,34.9,411,801,52.2,362,100.0,15,100.0,40.0,100.0,28.0,84.8,259.0,19.3,740,58.8,525.0,42.6,338.0,12327.0,17.7,0.51,2.81,52.24,23.5,27.0,94.3,44.7,98.7,2026.0,United Arab Emirates,328.0,338.0,47.42,64.58,9.3,51.0,28.5,60.65
333,362,York University,Americas,XL,CO,VH,Public,366,31.7,451,801,37.8,493,87.3,242,78.9,227.0,80.9,197.0,73.5,482.0,82.2,149,84.5,119.0,42.4,422.0,41456.0,27.4,0.28,2.28,49.06,29.3,33.2,71.5,72.3,86.0,2026.0,Canada,333.0,422.0,45.73,54.0,5.0,28.0,33.4,52.35
334,362,Sultan Qaboos University,Asia,M,FC,VH,Public,430,25.9,522,284,39.5,478,100.0,81,6.0,801.0,9.9,801.0,80.9,333.0,70.0,209,69.6,320.0,42.3,577.0,7375.0,8.3,0.04,2.12,44.45,30.9,24.6,70.1,40.7,73.9,2026.0,Oman,334.0,577.0,43.38,53.78,62.3,4.0,28.9,47.35
342,344,University of Oulu,Europe,M,FC,VH,Public,546,21.8,607,640,74.5,181,80.9,289,19.7,733.0,25.8,672.0,87.9,203.0,30.6,541,75.2,232.0,42.0,272.0,11334.0,22.0,0.1,2.36,55.63,36.7,39.5,85.8,70.9,63.6,2026.0,Finland,342.0,272.0,48.82,71.93,29.5,10.0,23.0,62.65
343,382,University of Pisa,Europe,L,FC,VH,Public,216,26.3,517,801,59.6,290,5.0,801,10.5,801.0,16.3,801.0,84.6,262.0,25.1,639,72.8,278.0,41.8,394.0,29834.0,17.2,0.07,2.2,50.03,36.3,34.7,77.7,67.7,43.2,2026.0,Italy,343.0,394.0,45.92,64.15,12.8,7.0,51.6,56.2
345,392,National Taiwan University of Science and Technology (Taiwan Tech),Asia,M,FO,VH,Public,330,48.6,266,374,46.8,405,31.3,571,35.3,538.0,38.9,508.0,45.6,801.0,25.4,632,56.8,560.0,41.7,463.0,9244.0,19.0,0.16,0.43,47.43,33.2,38.3,62.9,97.8,50.0,2026.0,Taiwan,345.0,463.0,44.56,48.4,50.6,16.0,36.7,50.6
347,350,Cairo University,Africa,XL,FC,VH,Public,170,52.7,232,801,6.0,801,4.2,801,14.4,801.0,10.9,801.0,88.9,190.0,98.0,43,66.6,368.0,41.6,846.0,173478.0,24.6,0.07,2.53,38.04,29.4,20.0,60.7,42.7,48.6,2026.0,Egypt,347.0,846.0,39.82,43.9,13.8,7.0,60.8,40.35
347,347,Tilburg University,Europe,L,SP,VH,Public,602,37.1,382,801,67.1,236,99.0,128,77.4,238.0,79.5,209.0,61.1,678.0,23.1,669,50.6,693.0,41.6,330.0,12796.0,19.9,0.24,2.24,52.71,29.1,42.9,73.8,78.9,85.2,2026.0,Netherlands,347.0,330.0,47.16,61.22,16.8,24.0,20.5,58.35
347,355,University of Coimbra,Europe,L,FC,VH,Public,307,24.9,542,801,61.4,279,13.1,801,33.3,554.0,39.1,506.0,92.2,142.0,47.6,368,75.8,226.0,41.6,453.0,23217.0,20.4,0.19,2.45,47.99,33.8,42.1,61.5,81.4,54.7,2026.0,Portugal,347.0,453.0,44.8,64.3,14.9,19.0,39.2,51.8
350,377,University of Tsukuba,Asia,L,FC,VH,Public,225,32.9,436,307,30.0,588,18.1,742,31.1,577.0,37.0,526.0,68.4,561.0,18.1,757,73.4,267.0,41.5,365.0,15491.0,12.4,0.17,0.61,50.94,52.0,46.7,50.8,77.1,49.8,2026.0,Japan,350.0,365.0,46.22,48.98,58.9,17.0,49.9,48.75
355,321,National Technical University of Athens,Europe,L,FO,VH,Public,448,51.2,244,801,80.9,153,20.1,,9.6,801.0,14.9,801.0,72.0,499.0,51.4,331,49.3,725.0,41.2,823.0,13139.0,19.5,0.05,0.54,38.53,33.3,24.4,55.1,61.2,35.4,2026.0,Greece,355.0,823.0,39.86,58.1,5.9,5.0,28.2,39.75
358,368,Mahidol University,Asia,L,FC,VH,Public,177,38.8,358,155,9.0,801,8.5,801,9.1,801.0,14.0,801.0,67.9,569.0,17.4,774,61.2,474.0,41.1,630.0,29737.0,8.9,0.06,2.65,42.8,38.6,28.4,53.1,88.1,49.6,2026.0,Thailand,358.0,630.0,41.95,39.6,82.4,6.0,59.4,40.75
358,349,University of Victoria,Americas,L,CO,VH,Public,495,17.3,701,801,78.7,163,97.2,149,46.0,440.0,51.0,406.0,61.3,673.0,21.2,703,79.9,172.0,41.1,316.0,17663.0,26.3,0.17,2.45,53.48,30.2,37.1,82.9,66.8,83.6,2026.0,Canada,358.0,316.0,47.29,65.0,6.2,17.0,25.6,60.0
362,354,University of Pretoria,Africa,XL,FC,VH,Public,381,55.1,221,801,31.2,574,57.2,404,17.4,776.0,23.5,713.0,97.6,26.0,84.8,138,80.1,168.0,40.9,588.0,34827.0,18.4,0.07,2.57,44.18,32.3,34.7,57.5,61.1,65.2,2026.0,South Africa,362.0,588.0,42.54,55.25,6.2,7.0,32.3,46.1
362,358,University of Tartu,Europe,M,FC,VH,Public,437,23.7,567,79,19.1,728,62.1,374,20.8,712.0,26.9,654.0,89.0,186.0,89.2,112,64.2,417.0,40.9,353.0,9766.0,8.9,0.13,2.86,51.56,34.5,31.4,84.0,65.1,59.7,2026.0,Estonia,362.0,353.0,46.23,55.88,94.6,13.0,28.6,57.7
362,336,University of the Philippines,Asia,XL,FC,HI,Public,220,71.1,143,467,3.2,801,2.4,801,1.2,801.0,5.7,801.0,66.4,600.0,80.8,155,68.9,331.0,40.9,1376.0,54405.0,10.7,0.0,2.4,29.02,27.4,17.9,39.0,28.9,38.6,2026.0,Philippines,362.0,1376.0,34.96,31.62,42.7,0.0,50.6,28.45
366,375,University of Turku,Europe,L,FC,VH,Public,334,20.2,651,279,39.6,476,46.2,462,8.9,801.0,14.7,801.0,89.2,184.0,46.1,378,74.4,250.0,40.6,344.0,13966.0,15.4,0.07,2.69,52.02,34.2,35.6,83.4,66.0,52.6,2026.0,Finland,366.0,344.0,46.31,61.95,63.2,7.0,36.3,59.5
367,316,RUDN University,Europe,XL,FC,VH,Public,443,61.2,189,84,3.9,801,10.9,801,95.3,123.0,95.6,105.0,88.3,199.0,14.3,801,58.9,521.0,40.5,825.0,27303.0,17.8,0.34,2.49,38.51,39.9,27.8,40.2,36.6,68.7,2026.0,Russian Federation,367.0,825.0,39.5,40.05,94.0,34.0,28.4,34.0
371,377,Pontificia Universidad Javeriana,Americas,L,FC,HI,Private not for Profit,173,61.8,185,535,2.7,801,3.8,801,3.7,801.0,8.5,801.0,38.7,801.0,83.1,144,58.6,530.0,40.3,1722.0,29088.0,14.2,0.01,2.36,23.74,21.1,13.0,31.8,24.4,43.0,2026.0,Colombia,371.0,1722.0,32.02,21.55,37.8,1.0,60.5,22.4
374,416,Oxford Brookes University,Europe,L,CO,HI,Public,309,62.3,178,801,12.4,801,80.8,291,89.8,168.0,90.7,143.0,61.8,666.0,26.0,624,59.8,506.0,40.0,819.0,13930.0,13.6,0.3,2.36,38.64,26.9,23.1,53.9,30.6,88.1,2026.0,United Kingdom,374.0,819.0,39.32,37.8,14.8,30.0,38.7,38.5
378,340,University of Saskatchewan,Americas,L,FC,VH,Public,701,10.2,701,801,71.9,201,82.4,276,65.4,305.0,68.7,280.0,77.3,397.0,44.3,396,83.6,131.0,39.6,397.0,18283.0,19.2,0.22,2.32,49.96,39.5,34.0,63.0,96.1,76.0,2026.0,Canada,378.0,397.0,44.78,61.55,21.1,22.0,16.0,48.5
381,355,University of Luxembourg,Europe,M,FO,VH,Public,701,8.2,701,118,39.5,479,100.0,19,100.0,33.0,100.0,21.0,68.1,566.0,58.8,277,42.4,801.0,39.4,265.0,5718.0,20.0,0.52,2.24,55.8,39.9,39.3,75.1,79.8,92.1,2026.0,Luxembourg,381.0,265.0,47.6,55.5,87.2,52.0,13.2,57.2
385,342,Brunel University of London,Europe,L,CO,VH,Public,694,25.2,536,801,51.8,364,99.5,114,100.0,32.0,100.0,20.0,76.7,410.0,28.8,578,80.4,163.0,39.1,414.0,15410.0,18.0,0.53,1.87,49.29,24.0,26.6,81.8,64.9,98.1,2026.0,United Kingdom,385.0,414.0,44.2,59.22,12.2,53.0,17.6,54.2
387,336,Flinders University,Oceania,L,FC,VH,Public,629,9.7,701,801,64.3,252,97.9,144,97.3,99.0,97.4,87.0,77.3,400.0,15.5,801,81.6,154.0,39.0,320.0,16021.0,29.9,0.4,2.65,53.17,27.9,36.9,82.9,68.7,88.3,2026.0,Australia,387.0,320.0,46.08,65.35,11.3,40.0,19.6,59.9
390,393,National and Kapodistrian University of Athens,Europe,XL,FC,VH,Public,344,38.9,354,801,45.1,412,12.7,801,27.2,624.0,32.7,581.0,79.7,358.0,88.9,115,64.3,415.0,38.4,502.0,66736.0,34.1,0.12,2.53,46.25,24.4,26.8,78.0,92.5,55.7,2026.0,Greece,390.0,502.0,42.32,57.4,3.0,12.0,34.9,52.4
391,501,Abu Dhabi University,Asia,S,FO,VH,Private for Profit,518,49.8,256,755,35.9,518,100.0,5,99.9,44.0,99.9,32.0,34.5,801.0,10.1,801,49.6,711.0,38.3,233.0,2344.0,10.7,0.6,2.12,57.17,38.0,33.9,92.0,29.5,98.0,2026.0,United Arab Emirates,391.0,233.0,47.74,49.08,23.9,60.0,24.6,62.95
395,423,Aston University,Europe,L,CO,VH,Public,673,27.1,506,801,56.7,309,97.9,142,63.4,317.0,67.0,290.0,81.8,317.0,28.3,587,67.6,355.0,38.1,427.0,15710.0,20.9,0.35,2.0,48.84,21.7,26.2,83.6,64.6,95.7,2026.0,United Kingdom,395.0,427.0,43.47,62.08,12.0,35.0,18.1,54.9
397,380,University of Kent,Europe,L,CO,VH,Public,607,13.8,701,801,58.3,297,96.4,163,49.2,414.0,54.0,381.0,88.0,202.0,44.0,404,65.5,387.0,37.7,438.0,15680.0,17.0,0.28,2.28,48.42,29.5,28.4,73.2,64.4,92.6,2026.0,United Kingdom,397.0,438.0,43.06,61.97,16.2,28.0,20.2,50.8
400,384,Western Sydney University,Oceania,XL,FC,VH,Public,480,22.5,593,801,44.5,419,100.0,59,67.7,292.0,70.9,263.0,87.3,211.0,11.8,801,82.6,140.0,37.5,306.0,32737.0,36.4,0.26,2.49,54.02,30.6,31.8,88.0,68.3,88.5,2026.0,Australia,400.0,306.0,45.76,62.9,7.4,26.0,26.3,59.9
401,431,University of Granada,Europe,XL,FC,VH,Public,178,24.3,554,801,26.3,622,9.9,801,31.7,572.0,37.6,522.0,96.4,51.0,13.1,801,58.4,536.0,37.4,642.0,51046.0,14.3,0.11,2.57,42.55,31.3,29.7,60.9,60.7,53.4,2026.0,Spain,401.0,642.0,39.97,53.32,11.2,11.0,59.3,45.3
401,421,University of Limerick,Europe,L,FC,HI,Public,453,36.6,390,758,34.5,527,93.2,198,48.4,417.0,53.3,385.0,71.6,506.0,14.7,801,75.9,223.0,37.4,537.0,14691.0,27.1,0.18,2.2,45.53,28.6,34.6,61.7,73.1,75.0,2026.0,Ireland,401.0,537.0,41.46,50.6,23.6,18.0,27.9,48.15
404,375,University of Florence,Europe,XL,FC,VH,Public,262,16.9,701,801,49.7,376,11.2,801,20.8,713.0,26.9,655.0,86.1,234.0,36.9,468,72.9,275.0,37.2,355.0,42558.0,22.9,0.09,2.53,51.42,37.6,37.9,75.9,76.7,46.7,2026.0,Italy,404.0,355.0,44.31,62.4,7.0,9.0,45.1,56.9
408,371,University of Turin,Europe,XL,FC,VH,Public,237,14.3,701,801,42.5,447,5.2,801,10.1,801.0,16.0,801.0,90.0,175.0,61.4,257,78.7,188.0,36.9,468.0,60028.0,25.4,0.06,2.61,47.21,24.3,31.9,81.7,74.0,44.3,2026.0,Italy,408.0,468.0,42.06,61.53,5.1,6.0,48.1,56.8
410,412,Auckland University of Technology,Oceania,L,CO,VH,Public,417,22.5,587,801,33.2,549,100.0,76,100.0,39.0,100.0,27.0,50.4,801.0,23.4,663,74.0,259.0,36.7,587.0,17420.0,17.0,0.49,2.49,44.2,22.6,22.8,73.6,49.8,91.3,2026.0,New Zealand,410.0,587.0,40.45,45.0,13.7,49.0,29.6,48.2
410,421,Dublin City University,Europe,L,FC,HI,Public,423,37.5,376,683,22.0,685,80.8,292,43.2,466.0,48.4,429.0,78.0,381.0,40.2,436,79.7,175.0,36.7,310.0,14712.0,27.3,0.13,2.45,53.69,28.5,36.6,88.6,69.0,71.1,2026.0,Ireland,410.0,310.0,45.2,56.3,27.8,13.0,29.2,62.6
410,539,Sunway University,Asia,M,CO,VH,Private not for Profit,592,53.3,228,324,25.2,636,57.1,405,66.9,298.0,68.7,279.0,61.4,671.0,5.1,801,61.2,474.0,36.7,307.0,5046.0,8.4,0.27,2.24,54.01,27.2,34.2,90.1,58.4,89.3,2026.0,Malaysia,410.0,307.0,45.36,52.72,56.9,27.0,20.9,62.15
410,396,University of Southern Queensland,Oceania,M,CO,VH,Public,701,8.2,701,801,90.1,103,78.5,304,48.7,416.0,52.0,398.0,82.2,307.0,11.0,801,65.5,387.0,36.7,373.0,10582.0,21.5,0.19,2.65,50.71,29.3,26.8,87.1,51.3,81.5,2026.0,Australia,410.0,373.0,43.7,71.55,7.9,19.0,11.0,56.95
419,359,University of Aveiro,Europe,L,CO,VH,Public,658,15.5,701,801,94.7,73,5.2,801,24.8,667.0,30.9,605.0,85.5,245.0,3.3,801,64.7,405.0,36.4,741.0,14095.0,15.9,0.11,2.28,40.28,31.6,31.5,53.8,55.3,46.3,2026.0,Portugal,419.0,741.0,38.34,66.38,13.1,11.0,18.6,42.65
420,425,National Taipei University of Technology,Asia,M,FO,VH,Public,672,57.6,202,667,58.8,294,25.6,639,31.7,573.0,34.9,552.0,25.6,801.0,29.2,565,58.9,521.0,36.3,1251.0,10608.0,12.4,0.05,0.41,31.28,26.4,22.5,36.5,82.8,36.1,2026.0,Taiwan,420.0,1251.0,33.79,35.85,28.6,5.0,18.2,29.5
423,436,Murdoch University,Oceania,M,CO,VH,Public,701,8.7,701,801,73.9,184,89.6,226,82.5,209.0,61.4,328.0,75.1,442.0,24.9,642,53.4,632.0,36.1,406.0,15815.0,29.1,0.53,,49.66,25.9,27.4,80.2,72.7,94.7,2026.0,Australia,423.0,406.0,42.88,64.15,7.4,53.0,13.0,53.8
423,462,Tampere University,Europe,L,FC,VH,Public,424,24.7,543,737,47.7,392,61.6,378,13.9,801.0,19.6,771.0,84.0,277.0,42.1,417,49.2,729.0,36.1,346.0,17284.0,19.2,0.1,2.24,51.93,31.2,38.7,80.2,85.2,53.8,2026.0,Finland,423.0,346.0,44.02,62.65,24.8,10.0,29.2,59.45
427,413,Graz University of Technology,Europe,M,FO,VH,Public,568,22.1,601,43,18.8,735,86.6,248,71.3,267.0,53.1,388.0,52.3,801.0,15.2,801,42.6,801.0,36.0,633.0,6734.0,8.7,0.26,0.37,42.66,41.9,22.7,46.5,95.3,79.4,2026.0,Austria,427.0,633.0,39.33,35.08,99.2,26.0,21.9,34.6
428,418,University of Dundee,Europe,M,FC,VH,Public,497,21.3,618,438,20.6,704,92.0,209,84.4,198.0,85.8,169.0,78.7,374.0,13.9,801,78.6,190.0,35.9,325.0,15420.0,19.4,0.36,2.73,52.85,28.5,32.6,82.1,87.0,91.7,2026.0,United Kingdom,428.0,325.0,44.38,53.5,44.8,36.0,25.5,57.35
430,408,Masaryk University,Europe,XL,CO,VH,Public,383,37.3,377,801,18.8,738,34.5,541,76.8,245.0,79.0,217.0,79.8,355.0,58.8,278,77.0,214.0,35.7,697.0,33661.0,18.2,0.25,2.61,41.5,26.8,32.6,57.1,51.1,66.2,2026.0,Czechia,430.0,697.0,38.6,47.08,13.1,25.0,32.3,44.85
435,452,National Taiwan Normal University,Asia,M,CO,VH,Public,240,28.2,493,243,9.6,801,19.7,717,39.6,495.0,42.6,486.0,24.1,801.0,29.0,573,68.2,346.0,35.4,570.0,11067.0,12.4,0.17,,44.59,36.7,32.3,56.2,86.4,54.4,2026.0,Taiwan,435.0,570.0,40.0,30.55,68.3,17.0,47.8,44.25
436,513,Prince Mohammad Bin Fahd University,Asia,S,SP,VH,Private not for Profit,558,33.6,427,588,54.7,331,100.0,13,29.6,593.0,22.2,726.0,32.3,801.0,3.3,801,37.4,801.0,35.2,352.0,2470.0,10.8,0.17,2.0,51.62,32.0,33.3,78.5,56.4,89.5,2026.0,Saudi Arabia,436.0,352.0,43.41,49.7,33.1,17.0,22.5,55.9
436,466,Universitat Ramon Llull,Europe,L,CO,HI,Private not for Profit,701,72.5,136,801,15.5,797,80.4,295,68.0,290.0,71.1,261.0,31.3,801.0,81.2,152,56.7,562.0,35.2,900.0,16683.0,22.0,0.24,2.24,37.19,20.8,17.6,63.2,36.5,73.7,2026.0,Spain,436.0,900.0,36.2,31.9,10.3,24.0,17.5,40.4
440,477,Ajman University,Asia,S,FO,VH,Private not for Profit,454,51.3,241,801,10.2,801,100.0,8,100.0,4.0,99.7,37.0,65.2,621.0,12.8,801,46.2,801.0,34.9,411.0,4626.0,15.2,0.81,2.4,49.51,25.8,28.7,84.0,22.8,99.5,2026.0,United Arab Emirates,440.0,411.0,42.2,47.03,15.7,81.0,27.8,56.35
440,445,James Cook University,Oceania,M,FC,VH,Public,591,11.0,701,689,60.3,286,46.9,454,37.6,518.0,43.2,480.0,83.8,279.0,11.2,801,81.9,151.0,34.9,357.0,9165.0,15.3,0.14,2.77,51.26,28.8,31.9,82.3,67.8,81.5,2026.0,Australia,440.0,357.0,43.08,64.58,27.5,14.0,21.0,57.1
446,439,Vilnius University,Europe,L,FC,HI,Public,467,28.0,496,210,6.2,801,28.4,601,28.5,609.0,34.5,557.0,80.2,351.0,91.3,93,70.3,313.0,34.8,868.0,19929.0,11.7,0.12,2.73,37.74,26.8,26.5,53.6,58.3,49.8,2026.0,Lithuania,446.0,868.0,36.27,41.62,73.1,12.0,26.9,40.05
447,387,Belarusian State University,Europe,L,CO,HI,Public,377,51.5,239,98,1.7,801,4.9,801,71.1,268.0,67.5,286.0,34.4,801.0,61.3,258,48.7,,34.6,1880.0,23445.0,8.3,0.22,2.45,20.51,24.7,11.1,10.9,45.0,65.8,2026.0,Belarus,447.0,1880.0,27.56,14.52,91.8,22.0,32.5,11.0
450,401,Kazan Federal University,Europe,L,FC,VH,Public,460,19.5,669,54,3.8,801,14.0,801,97.7,94.0,97.8,83.0,86.7,225.0,19.6,732,55.3,596.0,34.3,989.0,22575.0,11.1,0.33,2.77,35.68,46.6,22.1,27.7,52.2,68.4,2026.0,Russian Federation,450.0,989.0,34.99,35.08,98.1,33.0,27.2,24.9
452,389,University of Cyprus,Asia,M,CO,VH,Public,701,10.8,701,801,62.3,270,94.3,187,42.2,471.0,46.1,452.0,69.8,534.0,54.6,306,52.9,650.0,34.2,493.0,6983.0,19.9,0.14,2.61,46.55,28.9,30.7,69.2,70.2,74.1,2026.0,Cyprus,452.0,493.0,40.38,58.0,10.3,14.0,14.6,49.95
456,472,University of Essex,Europe,L,CO,VH,Public,535,9.9,701,801,35.1,525,99.9,102,99.2,64.0,99.2,53.0,77.0,404.0,24.7,645,54.5,610.0,34.1,350.0,16005.0,14.8,0.48,2.32,51.68,30.1,30.2,81.0,61.2,97.3,2026.0,United Kingdom,456.0,350.0,42.89,55.82,17.1,48.0,23.7,55.6
461,442,Novosibirsk State University,Europe,M,FO,VH,Public,432,31.1,460,87,13.0,801,9.1,801,70.6,272.0,69.5,274.0,55.7,758.0,13.3,801,43.8,801.0,33.9,1136.0,7300.0,6.6,0.23,,33.09,38.4,29.6,24.0,57.0,49.3,2026.0,Russian Federation,461.0,1136.0,33.5,30.58,93.6,23.0,28.8,26.8
465,383,Anna University,Asia,L,SP,VH,Public,701,19.4,674,801,99.8,23,20.1,,1.6,801.0,6.0,801.0,47.3,801.0,17.8,763,64.5,409.0,33.8,984.0,11396.0,12.1,0.01,1.75,35.77,39.2,16.2,51.8,59.9,21.0,2026.0,India,465.0,984.0,34.78,53.78,9.2,1.0,15.0,34.0
465,415,Concordia University,Americas,XL,CO,VH,Public,572,18.0,701,801,32.0,563,64.0,362,94.4,135.0,94.8,112.0,75.6,429.0,58.4,281,81.8,153.0,33.8,659.0,36811.0,25.5,0.35,2.08,42.14,24.5,25.8,63.7,68.0,74.7,2026.0,Canada,465.0,659.0,37.97,49.28,5.2,35.0,21.7,44.75
480,474,Hiroshima University,Asia,L,FC,VH,Public,351,17.1,701,168,17.2,762,19.2,725,22.7,690.0,17.1,801.0,70.3,525.0,12.4,801,73.2,271.0,33.2,638.0,14922.0,8.7,0.12,0.61,42.62,41.7,31.4,47.8,79.8,49.1,2026.0,Japan,480.0,638.0,37.91,41.68,79.8,12.0,34.6,39.6
482,465,Kobe University,Asia,L,FC,VH,Public,324,39.0,353,434,19.4,725,11.2,801,10.7,801.0,15.9,801.0,53.3,791.0,27.0,608,73.3,269.0,33.0,728.0,15355.0,9.8,0.07,0.54,40.56,41.5,28.9,45.0,89.0,38.3,2026.0,Japan,482.0,728.0,36.78,36.65,45.0,7.0,36.9,36.95
485,508,Aristotle University of Thessaloniki,Europe,XL,FC,VH,Public,311,35.9,402,801,28.4,602,2.1,801,8.1,801.0,13.8,801.0,90.9,160.0,48.3,359,66.4,371.0,32.9,936.0,47845.0,18.9,0.05,2.45,36.62,22.7,19.4,63.4,62.6,37.0,2026.0,Greece,485.0,936.0,34.76,50.52,6.4,5.0,38.2,41.4
485,506,University of Trento,Europe,L,CO,VH,Public,346,18.6,693,589,40.0,470,32.3,560,11.3,801.0,17.2,801.0,85.6,244.0,7.1,801,51.8,665.0,32.9,360.0,14183.0,16.6,0.09,2.24,51.06,34.6,35.2,77.4,70.3,61.5,2026.0,Italy,485.0,360.0,41.98,59.55,32.9,9.0,34.8,56.3
487,516,Edith Cowan University,Oceania,L,CO,VH,Public,701,13.1,701,801,60.4,285,96.4,160,82.4,210.0,84.0,176.0,63.8,637.0,7.4,801,51.0,680.0,32.8,381.0,18928.0,27.9,0.35,2.61,50.34,22.5,25.8,89.2,69.6,89.0,2026.0,Australia,487.0,381.0,41.57,59.8,6.0,35.0,13.7,57.5
487,527,Warsaw University of Technology,Europe,L,FO,VH,Public,442,72.4,137,337,9.5,801,3.4,801,17.6,771.0,23.7,710.0,63.8,638.0,15.9,801,38.4,801.0,32.8,1427.0,21694.0,10.3,0.08,0.45,28.34,28.3,17.7,32.9,61.1,33.9,2026.0,Poland,487.0,1427.0,30.57,30.98,55.7,8.0,28.4,25.3
494,403,University of Canberra,Oceania,M,CO,VH,Public,670,11.9,701,801,50.8,370,82.8,274,83.1,205.0,84.6,173.0,66.7,593.0,10.9,801,73.2,271.0,32.5,442.0,10723.0,27.2,0.44,2.4,48.33,25.7,31.0,76.0,57.0,89.1,2026.0,Australia,494.0,442.0,40.42,56.12,3.4,44.0,18.2,53.5
499,431,Tomsk State University,Europe,M,CO,VH,Public,502,20.0,656,39,7.0,801,28.0,609,94.7,131.0,93.2,125.0,66.4,599.0,7.1,801,30.6,801.0,32.2,668.0,7985.0,11.7,0.37,,41.94,50.5,38.3,27.0,55.9,74.7,2026.0,Russian Federation,499.0,668.0,37.07,34.67,99.3,37.0,25.3,32.65
503,587,Shoolini University of Biotechnology and Management Sciences,Asia,S,CO,VH,Private not for Profit,701,22.5,589,801,82.6,138,29.0,595,2.2,801.0,6.4,801.0,54.1,781.0,1.8,801,57.3,555.0,32.1,454.0,3676.0,16.4,0.01,2.12,47.98,27.8,24.1,88.7,25.8,68.7,2026.0,India,503.0,454.0,40.04,62.37,12.1,1.0,16.2,56.4
504,456,University of Guelph,Americas,L,CO,VH,Public,621,19.2,680,801,55.2,327,49.6,443,24.0,672.0,30.1,613.0,74.8,446.0,18.2,755,80.7,161.0,32.0,446.0,23314.0,28.3,0.11,2.49,48.11,34.8,36.7,64.1,80.0,63.6,2026.0,Canada,504.0,446.0,40.06,57.7,7.9,11.0,19.9,50.4
511,516,Ateneo de Manila University,Asia,L,FC,MD,Private not for Profit,385,70.0,148,586,3.0,801,3.6,801,4.3,801.0,8.5,801.0,24.3,801.0,80.4,157,60.5,497.0,31.6,1070.0,14540.0,10.1,0.01,2.36,34.24,27.0,11.2,64.7,23.8,35.6,2026.0,Philippines,511.0,1070.0,32.92,25.8,33.1,1.0,32.2,37.95
511,508,SOAS University of London,Europe,M,FO,VH,Public,516,19.0,686,801,23.7,663,100.0,67,99.2,63.0,99.2,52.0,17.8,801.0,35.2,489,65.0,398.0,31.6,477.0,5395.0,15.0,0.41,2.65,47.0,38.7,34.7,59.9,38.9,79.9,2026.0,United Kingdom,511.0,477.0,39.3,34.03,18.4,41.0,24.7,47.3
511,531,University of Bradford,Europe,M,CO,VH,Public,701,11.2,701,801,40.3,465,75.0,316,99.2,66.0,99.2,56.0,70.5,519.0,41.5,421,70.4,311.0,31.6,569.0,11775.0,22.0,0.47,2.36,44.69,21.4,21.4,76.1,58.5,93.3,2026.0,United Kingdom,511.0,569.0,38.14,52.08,9.3,47.0,14.0,48.75
515,567,Lebanese University,Asia,XL,FC,HI,Public,372,55.3,219,801,3.4,801,52.2,427,47.2,428.0,44.1,474.0,59.9,695.0,38.9,445,45.2,801.0,31.5,1480.0,44105.0,13.6,0.18,2.32,27.52,34.8,14.0,21.5,22.8,77.8,2026.0,Lebanon,515.0,1480.0,29.51,24.7,16.0,18.0,32.9,17.75
517,452,University of Stirling,Europe,M,CO,VH,Public,701,13.1,701,801,38.3,489,79.5,299,81.3,218.0,83.0,183.0,62.7,655.0,22.4,685,81.2,158.0,31.4,516.0,11725.0,18.9,0.34,2.49,45.86,24.4,26.3,74.6,45.6,91.1,2026.0,United Kingdom,517.0,516.0,38.63,50.47,14.6,34.0,16.8,50.45
519,516,Ural Federal University,Europe,XL,CO,VH,Public,488,24.7,544,53,3.5,801,8.7,801,49.3,412.0,54.1,379.0,91.0,158.0,5.6,801,54.4,613.0,31.3,956.0,29855.0,15.7,0.15,2.2,36.24,25.7,29.2,44.4,58.3,60.5,2026.0,Russian Federation,519.0,956.0,33.77,42.02,98.2,15.0,25.8,36.8
524,501,University of Huddersfield,Europe,L,CO,VH,Public,683,19.0,684,801,36.3,515,79.7,298,91.6,154.0,92.2,131.0,74.6,450.0,2.2,801,69.1,329.0,31.2,540.0,14200.0,19.9,0.31,2.45,45.4,25.6,23.9,73.9,51.3,89.3,2026.0,United Kingdom,524.0,540.0,38.3,52.18,9.1,31.0,17.9,48.9
526,567,Chiang Mai University,Asia,XL,FC,HI,Public,236,30.4,467,790,8.8,801,5.5,801,8.7,801.0,13.3,801.0,65.8,613.0,28.7,584,67.6,355.0,30.9,1046.0,35691.0,13.9,0.04,2.57,34.66,29.0,18.8,51.7,55.0,39.3,2026.0,Thailand,526.0,1046.0,32.78,36.28,22.0,4.0,48.8,35.25
526,516,University of Hull,Europe,L,FC,HI,Public,701,14.3,701,801,36.9,505,68.3,342,95.6,121.0,95.9,103.0,70.3,526.0,29.5,556,75.4,228.0,30.9,525.0,13250.0,18.4,0.35,2.32,45.71,27.3,23.8,72.9,57.5,87.8,2026.0,United Kingdom,526.0,525.0,38.3,50.98,15.9,35.0,13.2,48.35
526,539,University of Salamanca,Europe,L,FC,VH,Public,323,23.5,568,545,11.8,801,10.2,801,25.9,647.0,31.9,590.0,86.3,231.0,33.4,506,70.8,303.0,30.9,916.0,25749.0,14.6,0.16,2.57,36.95,32.0,24.8,47.9,46.6,54.5,2026.0,Spain,526.0,916.0,33.92,42.7,36.8,16.0,36.9,36.35
530,547,University of Genoa,Europe,L,FC,VH,Public,451,10.6,701,801,52.6,358,9.2,801,17.5,773.0,23.6,711.0,83.1,291.0,16.6,795,62.3,452.0,30.8,410.0,20218.0,16.4,0.09,2.45,49.53,39.4,30.9,74.6,76.2,46.9,2026.0,Italy,530.0,410.0,40.16,60.3,19.8,9.0,28.0,52.75
535,601-610,King Khalid University,Asia,L,FC,VH,Public,489,17.6,701,274,7.0,801,100.0,30,35.9,535.0,26.9,658.0,84.4,266.0,2.7,801,45.7,801.0,30.6,302.0,29832.0,7.1,0.15,2.32,54.27,41.2,31.6,80.0,58.4,88.2,2026.0,Saudi Arabia,535.0,302.0,42.44,50.75,64.6,15.0,25.8,55.8
535,701-710,Lebanese American University,Asia,M,FC,HI,Private not for Profit,610,44.6,301,612,10.7,801,80.6,293,26.6,638.0,31.7,593.0,78.3,380.0,29.2,564,58.3,539.0,30.6,268.0,7606.0,12.0,0.13,2.2,55.73,36.8,32.5,93.7,32.0,80.8,2026.0,Lebanon,535.0,268.0,43.16,53.8,31.3,13.0,20.2,63.1
535,596,University of Ljubljana,Europe,XL,FC,VH,Public,414,18.9,689,431,11.0,801,7.1,801,18.1,760.0,13.7,801.0,85.7,241.0,98.1,41,54.2,619.0,30.6,858.0,37509.0,12.8,0.09,2.53,37.86,27.8,23.8,56.0,69.1,42.6,2026.0,Slovenia,535.0,858.0,34.23,44.12,45.6,9.0,29.7,39.9
542,592,Ain Shams University,Africa,XL,FC,VH,Public,340,38.8,357,801,3.5,801,29.5,590,13.7,801.0,19.7,769.0,80.8,336.0,69.6,216,56.7,562.0,30.3,904.0,171505.0,14.3,0.07,2.2,37.15,28.6,27.5,50.4,41.0,53.1,2026.0,Egypt,542.0,904.0,33.72,40.55,17.1,7.0,35.6,38.95
542,570,University of the Punjab,Asia,XL,CO,VH,Public,559,57.6,203,801,24.4,649,4.0,801,1.7,801.0,6.1,801.0,71.8,504.0,89.4,109,44.3,801.0,30.3,903.0,28679.0,21.6,0.01,2.61,37.16,28.4,15.2,64.4,31.5,50.6,2026.0,Pakistan,542.0,903.0,33.73,43.95,5.7,1.0,22.5,39.8
546,547,University of Windsor,Americas,L,CO,VH,Public,701,7.1,701,801,58.2,299,89.4,228,94.6,132.0,95.0,110.0,49.5,801.0,34.4,497,68.7,339.0,30.2,536.0,14932.0,35.1,0.36,,45.54,30.4,31.4,60.5,68.2,87.9,2026.0,Canada,546.0,536.0,37.87,49.9,2.7,36.0,5.1,45.95
551,596,Thammasat University,Asia,XL,FC,HI,Public,329,38.3,365,694,3.9,801,15.9,779,2.2,801.0,6.9,801.0,45.7,801.0,90.6,100,60.7,494.0,29.9,1477.0,39733.0,14.8,0.01,2.69,27.59,23.5,21.0,33.8,37.5,39.0,2026.0,Thailand,551.0,1477.0,28.74,26.1,27.2,1.0,36.7,27.4
551,641-650,Universiti Tenaga Nasional (UNITEN),Asia,S,SP,VH,Private for Profit,701,19.9,660,187,34.1,535,34.7,537,70.5,274.0,65.6,299.0,55.7,754.0,5.3,801,48.7,737.0,29.9,673.0,4317.0,10.0,0.2,0.49,41.89,26.1,16.3,72.8,68.1,65.3,2026.0,Malaysia,551.0,673.0,35.89,44.72,76.6,20.0,9.5,44.55
553,539,Hitotsubashi University,Asia,M,SP,VH,Public,627,78.1,112,473,4.0,801,31.3,573,33.5,553.0,36.1,533.0,11.7,801.0,57.5,290,32.2,801.0,29.8,1321.0,6105.0,14.6,0.14,0.49,30.02,32.5,21.8,27.6,25.7,64.1,2026.0,Japan,553.0,1321.0,29.91,16.28,42.2,14.0,19.7,24.7
556,477,Indian Institute of Technology Indore,Asia,S,FO,VH,Public,701,16.9,701,658,96.9,57,1.8,801,1.3,801.0,5.7,801.0,28.2,801.0,5.3,801,34.7,801.0,29.6,573.0,2332.0,12.5,0.0,0.32,44.54,42.9,28.9,63.9,40.9,36.0,2026.0,India,556.0,573.0,37.07,54.48,28.8,0.0,8.0,46.4
558,552,Al Ain University,Asia,S,FO,VH,Private not for Profit,494,20.8,631,801,17.0,764,100.0,1,100.0,20.0,74.4,238.0,37.1,801.0,7.3,801,42.9,801.0,29.5,428.0,2588.0,11.0,0.61,2.16,48.8,28.0,30.2,78.7,18.6,99.1,2026.0,United Arab Emirates,558.0,428.0,39.15,40.75,20.8,61.0,25.6,54.45
558,526,Coventry University,Europe,L,CO,VH,Public,701,18.5,697,798,14.8,801,85.1,258,99.5,62.0,99.5,51.0,84.3,271.0,18.4,752,71.2,297.0,29.5,685.0,30640.0,14.6,0.58,2.12,41.68,21.6,15.1,73.5,44.9,94.4,2026.0,United Kingdom,558.0,685.0,35.59,46.92,21.8,58.0,16.0,44.3
558,580,Jawaharlal Nehru University,Asia,M,CO,VH,Public,303,17.4,701,801,37.6,497,20.1,,1.7,801.0,6.0,801.0,56.9,737.0,20.6,716,59.3,514.0,29.5,821.0,7759.0,11.2,0.01,1.79,38.58,46.0,24.4,48.5,39.5,24.1,2026.0,India,558.0,821.0,34.04,41.85,16.7,1.0,39.8,36.45
563,611-620,American University of the Middle East,Asia,M,SP,HI,Private for Profit,487,34.7,416,652,8.9,801,100.0,7,36.9,528.0,38.6,512.0,67.2,586.0,6.1,801,47.2,783.0,29.4,614.0,5014.0,11.1,0.15,2.61,43.34,29.1,19.5,71.9,27.7,85.6,2026.0,Kuwait,563.0,614.0,36.37,41.88,28.9,15.0,25.9,45.7
563,574,University of Debrecen,Europe,L,FC,HI,Public,458,21.5,613,426,7.4,801,14.4,801,76.5,248.0,78.7,220.0,74.9,444.0,25.9,625,70.4,311.0,29.4,876.0,20923.0,12.2,0.25,2.36,37.66,41.7,18.2,45.7,50.6,58.0,2026.0,Hungary,563.0,876.0,33.53,36.55,45.9,25.0,27.3,31.95
566,474,Bangor University,Europe,M,FC,VH,Public,701,10.5,701,801,44.4,422,38.1,515,77.4,239.0,79.5,210.0,74.7,447.0,16.9,787,78.0,195.0,29.3,507.0,9035.0,15.7,0.31,2.49,46.04,28.3,26.0,70.3,63.2,87.1,2026.0,United Kingdom,566.0,507.0,37.67,53.85,18.9,31.0,12.8,48.15
566,631-640,Savitribai Phule Pune University,Asia,M,CO,VH,Public,701,20.3,647,420,63.8,257,20.1,,3.3,801.0,7.5,801.0,54.7,773.0,30.4,547,43.0,801.0,29.3,969.0,6043.0,12.2,0.02,1.95,36.04,40.9,13.3,56.2,37.1,23.7,2026.0,India,566.0,969.0,32.67,47.0,47.1,2.0,11.1,34.75
566,611-620,University of Minho,Europe,L,FC,VH,Public,564,17.1,701,676,38.6,485,21.3,694,26.0,645.0,32.0,589.0,83.6,284.0,15.7,801,67.7,353.0,29.3,663.0,21465.0,20.8,0.13,2.32,42.11,28.0,33.6,57.1,82.6,48.9,2026.0,Portugal,566.0,663.0,35.7,53.22,28.3,13.0,22.2,45.35
575,611-620,Brno University of Technology,Europe,L,FO,VH,Public,691,36.4,393,544,13.7,801,26.7,631,77.3,241.0,79.2,215.0,80.7,339.0,15.7,801,61.3,471.0,29.1,1316.0,17555.0,14.5,0.26,0.39,30.11,24.6,17.7,34.5,73.7,59.0,2026.0,Czechia,575.0,1316.0,29.6,36.65,37.0,26.0,17.7,26.1
578,562,Universiti Teknologi Brunei,Asia,S,FO,VH,Public,609,13.1,701,123,22.7,673,100.0,62,7.7,801.0,11.5,801.0,20.7,801.0,16.6,794,34.7,801.0,29.0,758.0,1977.0,7.7,0.04,2.57,39.91,29.9,14.0,68.5,33.5,68.5,2026.0,Brunei Darussalam,578.0,758.0,34.46,31.48,86.5,4.0,20.2,41.25
582,547,University of Iceland,Europe,M,CO,VH,Public,701,2.0,701,35,18.0,751,32.4,557,18.1,761.0,24.2,700.0,75.5,432.0,89.3,110,49.4,719.0,28.8,521.0,9343.0,16.0,0.13,2.9,45.75,24.6,35.3,69.3,83.1,55.2,2026.0,Iceland,582.0,521.0,37.28,49.52,99.6,13.0,9.6,52.3
584,621-630,Charles Darwin University,Oceania,M,FO,VH,Public,701,7.3,701,801,65.1,247,41.8,483,88.9,178.0,88.5,154.0,49.7,801.0,4.8,801,70.7,305.0,28.7,467.0,7195.0,23.9,0.38,2.73,47.23,22.7,29.9,78.9,50.4,82.4,2026.0,Australia,584.0,467.0,37.96,55.9,6.4,38.0,7.8,54.4
584,554,University of Dhaka,Asia,XL,FC,HI,Public,401,51.3,242,801,6.9,801,2.2,801,1.4,801.0,1.3,801.0,57.8,720.0,97.0,59,54.2,619.0,28.7,931.0,35843.0,18.6,0.0,1.87,36.73,17.7,13.3,76.5,33.2,45.0,2026.0,Bangladesh,584.0,931.0,32.71,38.62,10.5,0.0,30.5,44.9
587,641-650,National Central University,Asia,M,CO,VH,Public,428,38.7,360,706,25.6,628,18.5,735,18.4,755.0,20.4,755.0,33.9,801.0,18.7,747,60.6,496.0,28.6,1158.0,11391.0,10.1,0.07,0.59,32.73,31.0,25.1,30.7,99.0,41.8,2026.0,Taiwan,587.0,1158.0,30.66,28.83,26.4,7.0,28.9,27.9
591,587,Bond University,Oceania,S,FO,VH,Private not for Profit,701,8.3,701,362,53.8,346,63.5,366,90.4,164.0,91.2,139.0,24.6,801.0,11.6,801,23.5,801.0,28.5,462.0,3588.0,10.2,0.32,2.36,47.51,26.8,21.9,87.3,25.8,80.4,2026.0,Australia,591.0,462.0,38.0,46.9,52.1,32.0,5.9,54.6
595,621-630,Zayed University,Asia,M,SP,VH,Public,625,31.7,452,567,21.8,688,100.0,17,2.8,801.0,7.1,801.0,48.5,801.0,29.3,561,41.1,801.0,28.4,497.0,7520.0,13.7,0.02,3.47,46.37,21.8,21.7,85.8,59.5,73.7,2026.0,United Arab Emirates,595.0,497.0,37.38,44.45,34.7,2.0,19.8,53.75
597,554,Hasselt University,Europe,M,FC,HI,Public,701,5.2,701,128,22.8,671,78.5,306,41.1,483.0,46.4,448.0,69.8,533.0,6.6,801,62.7,444.0,28.3,345.0,6128.0,28.4,0.16,2.12,51.98,35.0,37.8,72.8,87.8,71.2,2026.0,Belgium,597.0,345.0,40.14,50.8,85.7,16.0,8.8,55.3
597,611-620,Taipei Medical University,Asia,M,SP,VH,Private not for Profit,701,14.7,701,83,32.3,558,20.0,713,22.0,699.0,16.6,801.0,24.7,801.0,11.9,801,48.1,757.0,28.3,418.0,6154.0,8.8,0.11,2.49,49.19,46.3,32.2,63.6,86.6,48.6,2026.0,Taiwan,597.0,418.0,38.74,38.2,94.2,11.0,16.9,47.9
597,570,University of Szeged,Europe,L,FC,HI,Private not for Profit,484,22.7,583,482,8.9,801,15.4,801,56.4,368.0,60.6,336.0,75.3,438.0,29.0,574,69.4,323.0,28.3,1170.0,21326.0,13.2,0.19,2.36,32.63,31.2,16.4,42.3,48.7,53.8,2026.0,Hungary,597.0,1170.0,30.47,35.72,41.9,19.0,26.2,29.35
604,601-610,National Chengchi University,Asia,L,CO,HI,Public,444,46.9,279,801,3.4,801,38.0,516,36.2,532.0,41.1,497.0,12.8,801.0,93.3,84,41.4,801.0,28.2,1295.0,13230.0,15.7,0.16,2.4,30.44,27.1,28.9,25.1,62.5,53.8,2026.0,Taiwan,604.0,1295.0,29.32,17.55,21.2,16.0,28.3,27.0
604,535,University of Eastern Finland,Europe,L,CO,VH,Public,649,10.3,701,435,35.3,520,39.2,507,12.0,801.0,17.9,797.0,84.0,275.0,5.6,801,71.2,297.0,28.2,482.0,12849.0,17.1,0.07,2.86,46.87,28.6,31.1,76.6,67.6,49.7,2026.0,Finland,604.0,482.0,37.53,56.75,45.0,7.0,18.9,53.85
607,691-700,University of Siena,Europe,M,FC,VH,Public,580,7.8,701,801,60.2,288,4.6,801,19.7,734.0,25.8,673.0,61.2,675.0,12.3,801,63.4,433.0,28.0,371.0,10480.0,16.8,0.09,2.65,50.8,39.3,35.1,75.0,75.5,46.7,2026.0,Italy,607.0,371.0,39.4,57.88,15.3,9.0,21.4,55.05
609,592,Nottingham Trent University,Europe,XL,CO,VH,Public,701,22.9,580,801,10.7,801,67.1,349,90.4,165.0,91.2,140.0,84.8,258.0,20.4,717,77.5,206.0,27.9,611.0,36005.0,15.0,0.25,2.28,43.42,20.8,14.1,83.3,38.1,89.1,2026.0,United Kingdom,609.0,611.0,35.66,48.22,15.5,25.0,16.4,48.7
609,741-750,Universiti Malaysia Pahang Al-Sultan Abdullah (UMPSA),Asia,M,FO,VH,Public,701,9.9,701,760,57.9,300,32.1,561,19.0,746.0,21.1,747.0,61.6,668.0,5.2,801,51.4,675.0,27.9,651.0,7584.0,12.4,0.1,2.08,42.33,37.9,23.9,59.0,52.8,58.7,2026.0,Malaysia,609.0,651.0,35.11,50.6,23.6,10.0,17.2,41.45
613,661-670,University of Plymouth,Europe,L,FC,HI,Public,701,14.2,701,801,36.7,508,61.3,382=,61.4,332.0,65.1,303.0,82.1,311.0,13.8,801,58.6,530.0,27.8,553.0,16895.0,17.8,0.22,2.57,45.1,23.0,21.2,77.9,65.8,82.2,2026.0,United Kingdom,613.0,553.0,36.45,54.48,15.4,22.0,13.8,49.55
622,559,Umm Al-Qura University,Asia,XL,FC,HI,Public,537,15.4,701,291,4.9,801,100.0,95,26.1,643.0,19.6,770.0,71.3,510.0,11.5,801,36.8,801.0,27.6,491.0,34462.0,13.3,0.06,2.0,46.61,35.4,25.3,75.7,34.5,63.2,2026.0,Saudi Arabia,622.0,491.0,37.11,44.3,61.3,6.0,23.6,50.5
624,721-730,Diponegoro University,Asia,XL,FC,HI,Public,405,53.2,229,622,2.3,801,46.4,461,7.1,801.0,12.0,801.0,35.5,801.0,24.2,655,51.0,680.0,27.5,1559.0,36538.0,16.8,0.04,2.77,26.23,32.5,16.8,23.0,45.4,40.7,2026.0,Indonesia,624.0,1559.0,26.86,19.4,30.5,4.0,30.0,19.9
628,661-670,National Chung Hsing University,Asia,L,CO,VH,Public,436,30.9,463,642,22.5,677,12.3,801,14.0,801.0,19.0,781.0,34.5,801.0,42.2,416,56.3,573.0,27.4,1259.0,16156.0,13.0,0.09,1.83,31.09,24.6,25.4,35.8,74.6,36.6,2026.0,Taiwan,628.0,1259.0,29.24,29.55,29.4,9.0,28.6,30.6
628,601-610,University of Crete,Europe,L,FC,HI,Public,639,17.8,701,801,69.6,219,2.7,801,7.2,801.0,12.0,801.0,61.9,664.0,4.5,801,40.6,801.0,27.4,649.0,12551.0,22.7,0.05,2.69,42.39,24.7,29.1,68.5,66.3,46.2,2026.0,Greece,628.0,649.0,34.89,57.28,3.9,5.0,19.3,48.8
635,621-630,Tallinn University of Technology,Europe,M,FO,VH,Public,701,18.6,694,581,23.5,665,53.2,425,26.8,635.0,32.8,578.0,81.2,326.0,50.5,341,43.0,801.0,27.2,672.0,7451.0,13.2,0.12,0.67,41.9,26.2,24.9,66.0,69.2,58.4,2026.0,Estonia,635.0,672.0,34.55,48.9,33.5,12.0,16.2,45.45
635,631-640,University of Portsmouth,Europe,L,CO,VH,Public,701,13.1,701,801,27.8,607,80.1,297,90.7,160.0,91.4,135.0,81.5,322.0,13.5,801,62.6,448.0,27.2,448.0,22370.0,15.9,0.36,2.04,48.06,22.0,20.1,88.7,51.1,94.5,2026.0,United Kingdom,635.0,448.0,37.63,54.53,12.0,36.0,10.9,54.4
638,576,Southern Cross University,Oceania,M,CO,VH,Public,701,4.3,701,801,55.5,322,92.7,203,62.6,322.0,66.2,296.0,61.1,677.0,6.2,801,65.9,385.0,27.1,499.0,8883.0,43.0,0.22,2.9,46.32,24.4,29.9,72.8,66.9,79.1,2026.0,Australia,638.0,499.0,36.71,54.82,3.9,22.0,6.0,51.35
638,570,"University of Chemistry and Technology, Prague",Europe,S,FO,VH,Public,701,12.2,701,38,19.2,727,33.7,547,85.4,194.0,86.7,164.0,32.0,801.0,9.4,801,43.4,801.0,27.1,1342.0,4505.0,8.8,0.29,2.4,29.62,37.3,14.7,26.9,55.0,54.4,2026.0,Czechia,638.0,1342.0,28.36,23.2,99.5,29.0,8.2,20.8
642,539,University of Fribourg,Europe,M,CO,VH,Public,701,5.5,701,801,27.3,615,99.9,98,52.5,392.0,51.2,405.0,60.4,687.0,49.6,349,66.8,367.0,27.0,423.0,6817.0,14.8,0.17,2.73,49.03,39.1,33.8,62.4,71.9,81.3,2026.0,Switzerland,642.0,423.0,38.02,45.98,14.1,17.0,13.6,48.1
643,601-610,Manchester Metropolitan University,Europe,XL,CO,VH,Public,654,16.4,701,801,16.8,766,63.1,369,61.4,331.0,65.2,302.0,89.0,189.0,19.2,741,78.0,195.0,26.9,620.0,33935.0,18.1,0.22,2.45,43.21,20.8,19.5,78.3,42.7,83.0,2026.0,United Kingdom,643.0,620.0,35.06,50.9,11.4,22.0,18.8,48.9
643,661-670,University of Manitoba,Americas,L,FC,VH,Public,643,20.0,657,604,22.6,675,20.1,,68.4,287.0,71.5,257.0,70.0,532.0,39.5,442,55.7,582.0,26.9,564.0,26170.0,13.7,0.24,2.28,44.84,29.5,25.1,72.9,61.4,60.4,2026.0,Canada,643.0,564.0,35.87,47.65,31.8,24.0,19.2,49.0
648,761-770,King Faisal University,Asia,L,FC,HI,Public,506,29.8,476,743,6.3,801,99.4,121,11.0,801.0,14.9,801.0,66.0,609.0,14.9,801,54.3,617.0,26.8,700.0,22366.0,10.4,0.06,2.73,41.45,25.6,14.8,73.7,40.4,78.4,2026.0,Saudi Arabia,648.0,700.0,34.12,40.2,24.5,6.0,25.3,44.25
650,691-700,University of Brescia,Europe,M,FO,VH,Public,701,4.1,701,801,85.0,124,2.0,801,8.5,801.0,14.2,801.0,58.8,710.0,11.6,801,63.9,425.0,26.7,391.0,10190.0,24.3,0.05,2.2,50.13,35.4,24.7,88.0,72.0,43.2,2026.0,Italy,650.0,391.0,38.42,64.12,8.7,5.0,7.3,56.35
654,641-650,De La Salle University,Asia,L,CO,HI,Private not for Profit,374,58.6,197,801,6.8,801,2.8,801,3.5,801.0,7.8,801.0,27.3,801.0,60.7,266,44.1,801.0,26.6,1822.0,22790.0,18.5,0.02,2.16,21.62,18.3,12.6,31.4,24.1,29.1,2026.0,Philippines,654.0,1822.0,24.11,19.52,9.6,2.0,32.7,22.0
660,671-680,Bar-Ilan University,Asia,L,FC,VH,Public,701,14.3,701,801,59.4,293,54.4,416,4.9,801.0,3.9,801.0,53.2,792.0,33.1,511,41.7,801.0,26.5,715.0,19887.0,20.6,0.04,2.45,40.94,33.8,34.8,52.6,65.9,32.8,2026.0,Israel,660.0,715.0,33.72,50.0,10.4,4.0,11.0,43.7
660,661-670,Memorial University of Newfoundland,Americas,L,FC,VH,Public,701,10.5,701,801,43.7,431,30.7,581,78.5,230.0,80.6,200.0,73.6,479.0,17.4,773,53.3,636.0,26.5,527.0,16376.0,15.3,0.29,2.28,45.7,30.3,25.7,65.2,82.1,86.2,2026.0,Canada,660.0,527.0,36.1,52.05,15.7,29.0,10.7,45.45
664,711-720,COMSATS University Islamabad,Asia,XL,CO,VH,Public,701,35.8,403,801,36.8,506,1.4,801,1.6,801.0,6.0,801.0,87.3,212.0,8.3,801,62.7,444.0,26.4,658.0,33193.0,15.8,0.01,0.64,42.16,19.8,16.9,86.2,43.5,50.9,2026.0,Pakistan,664.0,658.0,34.28,56.8,17.0,1.0,17.0,51.55
668,631-640,Chang Gung University,Asia,M,FO,VH,Private not for Profit,701,6.6,701,200,58.2,298,7.9,801,9.5,801.0,13.2,801.0,25.5,801.0,2.1,801,48.8,734.0,26.3,805.0,7142.0,12.4,0.05,2.16,38.97,25.8,35.3,50.2,96.1,29.6,2026.0,Taiwan,668.0,805.0,32.64,42.3,74.6,5.0,9.3,42.75
676,641-650,Beirut Arab University,Asia,S,FC,HI,Private not for Profit,614,22.2,597,661,7.6,801,94.8,180,61.1,334.0,56.5,362.0,29.6,801.0,44.1,401,42.1,801.0,26.1,799.0,4167.0,10.4,0.21,1.91,39.08,43.0,17.3,46.3,21.8,88.2,2026.0,Lebanon,676.0,799.0,32.59,25.2,28.8,21.0,20.0,31.8
676,721-730,Jadavpur University,Asia,M,FO,VH,Public,544,10.5,701,801,55.8,319,20.1,,1.1,801.0,5.5,801.0,44.0,801.0,19.5,733,61.4,470.0,26.1,1172.0,12547.0,19.0,0.0,0.47,32.59,36.6,15.9,45.0,53.9,20.3,2026.0,India,676.0,1172.0,29.35,40.17,13.7,0.0,23.2,30.45
678,671-680,University of Haifa,Asia,L,CO,VH,Public,701,13.0,701,801,44.8,417,17.8,751,6.7,801.0,5.2,801.0,69.6,539.0,29.6,554,67.4,360.0,26.0,607.0,16297.0,17.5,0.03,2.77,43.56,29.6,31.2,68.6,65.0,34.6,2026.0,Israel,678.0,607.0,34.78,53.55,15.8,3.0,17.4,49.9
680,641-650,Ritsumeikan University,Asia,XL,CO,HI,Private not for Profit,493,61.5,187,801,5.0,801,36.5,525,17.8,766.0,23.9,704.0,41.1,801.0,4.8,801,64.4,413.0,25.9,1617.0,35919.0,18.0,0.1,0.59,25.38,20.7,16.2,28.4,63.4,46.9,2026.0,Japan,680.0,1617.0,25.64,22.67,10.3,10.0,25.7,22.3
680,801-850,University of Brawijaya,Asia,XL,FC,HI,Public,404,55.3,218,801,1.9,801,35.9,531,2.7,801.0,6.9,801.0,27.3,801.0,29.1,567,53.3,636.0,25.9,1756.0,47186.0,16.1,0.04,2.53,23.05,24.9,13.3,23.7,36.2,43.8,2026.0,Indonesia,680.0,1756.0,24.48,16.55,20.4,4.0,30.1,18.5
684,661-670,Comenius University Bratislava,Europe,L,FC,HI,Public,701,14.7,701,293,6.9,801,8.4,801,39.0,504.0,44.5,469.0,68.8,549.0,87.0,126,43.7,801.0,25.8,1326.0,22226.0,10.4,0.17,2.73,29.93,29.4,17.0,37.2,30.0,52.9,2026.0,Slovakia,684.0,1326.0,27.86,32.48,61.3,17.0,16.8,27.1
686,,Cyprus University of Technology,Asia,S,CO,VH,Public,701,4.9,701,389,39.8,472,68.1,343,42.0,474.0,43.4,478.0,46.6,801.0,11.3,801,49.6,711.0,25.7,555.0,3377.0,15.8,0.15,2.45,45.07,28.9,25.6,75.1,36.3,68.5,2026.0,Cyprus,686.0,555.0,35.38,46.78,49.3,15.0,8.1,50.35
688,951-1000,Baku State University,Asia,L,CO,HI,Public,566,20.1,654,85,1.9,801,13.4,801,7.0,801.0,11.2,801.0,22.1,801.0,64.1,243,43.3,801.0,25.6,1791.0,19165.0,12.1,0.05,2.53,22.41,30.1,10.1,21.2,21.0,45.4,2026.0,Azerbaijan,688.0,1791.0,24.01,13.82,94.0,5.0,22.0,15.65
688,576,Tomsk Polytechnic University,Europe,M,FO,VH,Public,701,15.4,701,67,7.0,801,14.8,801,88.8,179.0,83.9,178.0,60.4,686.0,2.0,801,47.7,765.0,25.6,967.0,9179.0,11.0,0.35,0.49,36.08,40.9,25.1,29.8,63.5,70.1,2026.0,Russian Federation,688.0,967.0,30.84,30.58,96.0,35.0,9.4,27.45
691,611-620,Eastern Mediterranean University,Asia,L,FC,HI,Public,701,4.5,701,801,31.3,571,77.1,311,100.0,19.0,100.0,13.0,51.3,801.0,53.6,315,45.4,801.0,25.4,763.0,14696.0,23.3,0.72,2.04,39.84,20.2,12.7,77.2,30.9,77.3,2026.0,Northern Cyprus,691.0,763.0,32.62,43.12,5.6,72.0,9.2,44.95
697,611-620,University of Klagenfurt,Europe,S,CO,VH,Public,701,5.8,701,318,16.4,777,98.2,138,94.8,127.0,95.2,108.0,43.9,801.0,13.6,801,36.3,801.0,25.1,637.0,3377.0,8.7,0.33,2.77,42.64,34.4,19.6,60.5,49.5,89.0,2026.0,Austria,697.0,637.0,33.87,35.1,57.4,33.0,7.2,40.05
701-710,781-790,Kasetsart University,Asia,XL,CO,VH,Public,320,37.1,383,801,4.6,801,7.7,801,1.7,801.0,6.2,801.0,46.2,801.0,31.2,534,60.8,491.0,,1773.0,69827.0,17.3,0.01,2.57,22.78,18.8,15.9,27.8,41.5,35.0,2026.0,Thailand,705.5,1773.0,,23.62,10.3,1.0,37.4,21.85
701-710,691-700,Universidad Panamericana (UP),Americas,L,FO,HI,Private not for Profit,701,34.4,419,162,1.7,801,24.5,655,5.0,801.0,4.0,801.0,14.3,801.0,73.5,191,36.2,801.0,,1995.0,17141.0,7.6,0.02,2.16,17.93,24.5,9.2,12.5,19.3,46.9,2026.0,Mexico,705.5,1995.0,,9.43,81.2,2.0,15.9,10.85
701-710,651-660,University of Zagreb,Europe,XL,FC,VH,Public,545,12.8,701,700,8.1,801,1.9,801,5.1,801.0,10.0,801.0,92.1,145.0,98.4,34,60.9,486.0,,1269.0,62046.0,15.8,0.04,2.57,30.87,27.6,19.1,41.8,57.5,31.3,2026.0,Croatia,705.5,1269.0,,40.28,26.8,4.0,23.2,30.45
711-720,721-730,Budapest University of Technology and Economics,Europe,L,FO,VH,Public,595,37.5,375,801,15.3,800,4.6,801,22.7,691.0,28.8,629.0,60.0,691.0,37.8,460,57.9,545.0,,1462.0,18656.0,16.3,0.15,0.47,27.9,23.0,18.4,34.2,65.1,38.9,2026.0,Hungary,715.5,1462.0,,31.98,18.6,15.0,20.8,26.3
711-720,681-690,"Goldsmiths, University of London",Europe,M,FO,VH,Public,668,7.5,701,801,17.0,765,89.1,230,97.8,93.0,97.9,82.0,22.7,801.0,25.2,637,43.0,801.0,,575.0,8195.0,13.8,0.48,2.9,44.51,28.2,23.5,71.2,48.8,80.8,2026.0,United Kingdom,715.5,575.0,,33.6,20.8,48.0,18.3,47.35
711-720,595,ITMO University,Europe,L,FO,VH,Public,701,17.4,701,89,11.0,801,27.2,621,44.5,453.0,49.7,418.0,60.1,689.0,3.9,801,26.6,801.0,,1018.0,14352.0,17.8,0.17,0.47,35.11,30.4,29.9,33.0,80.6,57.9,2026.0,Russian Federation,715.5,1018.0,,33.5,92.6,17.0,12.7,31.45
721-730,,Prince Sattam Bin Abdulaziz University,Asia,L,FO,VH,Public,701,3.1,701,237,19.6,720,99.6,109,15.5,801.0,18.4,789.0,93.6,109.0,3.0,801,36.3,801.0,,440.0,24820.0,10.8,0.06,2.81,48.37,25.4,28.8,80.8,57.7,79.7,2026.0,Saudi Arabia,725.5,440.0,,55.7,69.3,6.0,6.4,54.8
721-730,701-710,Taras Shevchenko National University of Kyiv,Europe,L,CO,VH,Public,567,50.1,254,619,3.9,801,1.7,801,3.7,801.0,8.2,801.0,37.6,801.0,72.0,200,37.9,801.0,,1803.0,25696.0,11.2,0.05,2.36,22.2,25.7,15.4,22.4,28.6,30.5,2026.0,Ukraine,725.5,1803.0,,19.83,30.7,5.0,21.9,18.9
721-730,761-770,University of Patras,Europe,L,FC,VH,Public,701,25.7,527,801,44.3,425,2.3,801,9.2,801.0,14.3,801.0,66.2,606.0,4.7,801,65.3,392.0,,983.0,28311.0,27.5,0.06,2.16,35.79,18.5,23.6,60.0,73.2,34.2,2026.0,Greece,725.5,983.0,,48.53,4.2,6.0,16.8,41.8
721-730,741-750,UWE Bristol (University of the West of England),Europe,XL,CO,HI,Public,701,15.1,701,801,25.2,633,66.1,354,88.9,176.0,89.9,150.0,72.4,493.0,4.2,801,53.3,636.0,,747.0,30220.0,16.4,0.29,2.2,40.23,18.8,14.6,73.3,59.2,81.2,2026.0,United Kingdom,725.5,747.0,,46.38,8.9,29.0,10.6,43.95
731-740,631-640,Far Eastern Federal University,Europe,L,CO,HI,Public,701,9.5,701,47,2.6,801,16.7,769,79.3,226.0,80.5,204.0,48.0,801.0,7.1,801,37.5,801.0,,1664.0,18054.0,15.6,0.21,2.49,24.59,29.1,18.4,16.4,30.3,60.5,2026.0,Russian Federation,735.5,1664.0,,21.35,98.7,21.0,13.9,17.4
731-740,681-690,Princess Nourah bint Abdulrahman University,Asia,L,CO,VH,Public,666,24.1,561,664,7.2,801,83.8,264,31.3,575.0,35.9,537.0,74.6,452.0,2.8,801,49.8,706.0,,504.0,20015.0,11.0,0.12,4.17,46.21,29.3,21.8,78.5,33.1,85.0,2026.0,Saudi Arabia,735.5,504.0,,45.52,28.7,12.0,18.3,50.15
741-750,661-670,Aberystwyth University,Europe,M,CO,VH,Public,701,11.5,701,687,23.9,658,61.3,382=,42.0,475.0,45.4,457.0,63.3,646.0,11.0,801,63.1,439.0,,686.0,6330.0,15.1,0.21,2.2,41.66,26.9,22.2,61.9,62.1,83.1,2026.0,United Kingdom,745.5,686.0,,42.82,27.6,21.0,12.8,42.05
741-750,751-760,Kaunas University of Technology,Europe,M,FO,VH,Public,701,22.0,602,533,17.5,761,4.8,801,40.0,489.0,45.4,458.0,68.6,556.0,29.0,570,58.9,521.0,,1078.0,7308.0,13.0,0.11,0.52,34.08,25.2,19.9,52.8,46.8,42.2,2026.0,Lithuania,745.5,1078.0,,39.7,37.9,11.0,15.1,36.35
741-750,711-720,Plekhanov Russian University of Economics,Europe,L,FO,VH,Public,701,30.1,474,314,3.3,801,4.1,801,26.7,636.0,31.7,595.0,61.2,674.0,55.2,300,42.4,801.0,,1737.0,13681.0,8.5,0.14,2.32,23.51,26.8,13.3,25.0,23.3,44.2,2026.0,Russian Federation,745.5,1737.0,,25.7,57.8,14.0,15.5,19.15
741-750,801-850,University of Baghdad,Asia,XL,FC,VH,Public,675,41.2,330,614,2.5,801,2.8,801,1.2,801.0,1.1,801.0,69.0,545.0,85.6,134,43.4,801.0,,1720.0,75593.0,11.2,0.0,2.53,23.77,28.3,14.8,28.2,29.3,20.0,2026.0,Iraq,745.5,1720.0,,28.62,31.1,0.0,18.1,21.5
741-750,751-760,University of Malta,Europe,M,FC,VH,Public,701,7.4,701,408,10.1,801,33.1,551,42.2,472.0,47.5,436.0,76.8,409.0,98.1,40,38.2,801.0,,926.0,9650.0,11.8,0.18,2.57,36.79,24.9,18.2,61.6,36.8,56.2,2026.0,Malta,745.5,926.0,,41.68,47.7,18.0,9.3,39.9
741-750,751-760,University of Messina,Europe,L,FC,VH,Public,701,2.9,701,801,55.5,323,1.4,801,17.8,767.0,23.9,706.0,78.6,375.0,1.6,801,61.5,467.0,,538.0,14308.0,22.7,0.06,2.65,45.51,35.6,28.1,71.8,64.3,36.6,2026.0,Italy,745.5,538.0,,58.5,18.6,6.0,12.6,49.95
741-750,741-750,Victoria University,Oceania,L,CO,HI,Public,701,10.1,701,801,48.7,381,23.6,667,74.6,256.0,77.1,225.0,48.9,801.0,9.7,801,59.3,514.0,,597.0,14540.0,29.4,0.25,2.49,43.87,22.9,24.7,74.5,55.9,71.5,2026.0,Australia,745.5,597.0,,49.2,3.4,25.0,9.2,49.6
741-750,741-750,Vytautas Magnus University,Europe,M,FO,VH,Public,701,19.9,658,447,5.0,801,46.8,455,70.8,270.0,73.5,244.0,62.8,653.0,26.8,611,47.0,789.0,,1467.0,8381.0,10.6,0.19,2.98,27.86,23.7,12.9,36.9,21.2,69.5,2026.0,Lithuania,745.5,1467.0,,29.4,44.2,19.0,14.0,24.9
751-760,721-730,University of Trieste,Europe,L,FC,VH,Public,701,7.8,701,801,53.8,345,11.6,801,16.8,783.0,22.9,721.0,70.8,514.0,18.7,746,36.4,801.0,,509.0,18016.0,24.3,0.08,2.45,45.99,34.3,27.7,72.4,57.6,50.9,2026.0,Italy,755.5,509.0,,56.18,5.5,8.0,16.1,50.05
761-770,801-850,Al-Ahliyya Amman University,Asia,M,FO,VH,Private not for Profit,701,21.0,625,801,6.4,801,93.7,196,100.0,29.0,98.0,79.0,32.7,801.0,6.0,801,38.2,801.0,,441.0,4510.0,14.8,0.64,2.2,48.36,18.6,24.7,88.0,56.9,93.8,2026.0,Jordan,765.5,441.0,,37.95,15.8,64.0,17.1,56.35
761-770,761-770,Bangladesh University of Engineering and Technology,Asia,M,SP,VH,Public,582,42.5,316,801,30.8,578,20.1,,19.4,,21.7,,23.0,801.0,29.9,551,30.0,801.0,,1032.0,5814.0,11.3,0.0,0.97,34.89,23.1,15.2,65.4,38.4,33.5,2026.0,Bangladesh,765.5,1032.0,,33.6,15.6,0.0,21.3,40.3
761-770,,Kaohsiung Medical University,Asia,M,FO,VH,Private for Profit,701,6.0,701,423,58.6,294,11.2,801,7.4,801.0,11.1,801.0,26.1,801.0,4.1,801,51.7,667.0,,866.0,6621.0,12.6,0.05,2.49,37.78,26.6,34.3,46.9,89.0,31.4,2026.0,Taiwan,765.5,866.0,,41.48,46.9,5.0,8.4,40.6
761-770,721-730,Riga Technical University,Europe,M,CO,VH,Public,701,31.9,449,606,6.0,801,22.1,686,84.9,195.0,86.3,165.0,38.2,801.0,40.5,432,47.6,770.0,,1174.0,10472.0,31.7,0.33,0.54,32.57,27.1,25.3,33.6,56.4,65.4,2026.0,Latvia,765.5,1174.0,,25.78,31.7,33.0,12.6,29.45
761-770,731-740,University of Belgrade,Europe,XL,FC,VH,Public,536,14.0,701,801,10.1,801,3.6,801,7.4,801.0,5.8,801.0,94.5,91.0,98.4,36,52.1,661.0,,1069.0,91512.0,18.1,0.05,2.57,34.25,22.6,27.3,50.9,31.9,41.6,2026.0,Serbia,765.5,1069.0,,45.7,6.5,5.0,23.6,39.1
761-770,801-850,University of Bucharest,Europe,XL,CO,VH,Public,590,35.9,400,801,8.3,801,3.5,801,4.8,801.0,10.0,801.0,72.3,495.0,67.9,226,60.8,491.0,,1066.0,31127.0,32.1,0.02,2.94,34.28,21.6,24.1,58.4,27.0,30.9,2026.0,Romania,765.5,1066.0,,40.78,9.0,2.0,21.1,41.25
761-770,,University of Nizwa,Asia,S,CO,VH,Private not for Profit,701,12.8,701,412,13.0,801,100.0,32,26.2,642.0,27.0,653.0,26.1,801.0,73.5,190,19.0,801.0,,500.0,3498.0,8.9,0.11,3.22,46.27,28.1,26.0,76.2,34.0,83.0,2026.0,Oman,765.5,500.0,,35.33,47.5,11.0,11.0,51.1
771-780,771-780,Holy Spirit University of Kaslik,Asia,M,FO,HI,Private not for Profit,701,20.7,637,226,3.8,801,99.4,117,52.2,397.0,53.4,383.0,9.6,801.0,7.3,801,38.0,801.0,,1454.0,7374.0,13.0,0.14,2.32,28.01,23.0,9.9,38.5,19.5,80.3,2026.0,Lebanon,775.5,1454.0,,15.45,70.4,14.0,11.1,24.2
771-780,731-740,Rovira i Virgili University,Europe,L,FC,VH,Public,701,4.5,701,801,48.0,388,9.8,801,28.4,610.0,34.4,559.0,82.2,309.0,1.8,801,65.0,398.0,,714.0,14226.0,13.2,0.12,2.53,40.97,28.2,25.1,62.5,57.5,57.6,2026.0,Spain,775.5,714.0,,54.45,19.9,12.0,9.5,43.8
781-790,801-850,Alexandria University,Africa,XL,FC,VH,Public,376,24.2,555,801,3.5,801,1.9,801,13.6,801.0,19.0,780.0,80.7,341.0,33.0,514,56.6,568.0,,980.0,186461.0,17.6,0.07,2.24,35.83,20.7,18.2,63.5,31.7,55.0,2026.0,Egypt,785.5,980.0,,41.48,7.2,7.0,32.7,40.85
781-790,741-750,Carleton University,Americas,L,CO,VH,Public,701,16.8,701,801,18.6,743,17.6,756,56.9,364.0,42.4,489.0,74.9,443.0,43.1,407,61.1,477.0,,580.0,27612.0,27.0,0.22,2.08,44.33,23.4,31.5,64.9,79.2,75.4,2026.0,Canada,785.5,580.0,,47.48,7.3,22.0,15.6,48.2
781-790,801-850,Kuwait University,Asia,XL,FC,HI,Public,594,17.5,701,801,5.5,801,24.1,662,32.0,567.0,37.8,519.0,55.1,769.0,97.1,56,58.3,539.0,,1287.0,29943.0,18.3,0.13,3.06,30.56,18.0,11.4,53.7,33.1,60.2,2026.0,Kuwait,785.5,1287.0,,31.42,9.4,13.0,20.9,32.55
781-790,781-790,University of Mons,Europe,M,CO,VH,Public,701,8.1,701,801,53.2,349,40.9,491,47.0,432.0,50.6,409.0,43.6,801.0,7.3,801,54.4,613.0,,648.0,8374.0,26.7,0.17,2.36,42.44,27.2,30.9,58.4,66.4,70.4,2026.0,Belgium,785.5,648.0,,46.52,5.2,17.0,7.0,44.65
781-790,741-750,V.N. Karazin Kharkiv National University,Europe,L,FC,HI,Public,701,30.2,470,222,1.9,801,4.4,801,67.8,291.0,69.0,276.0,35.2,801.0,4.6,801,46.2,801.0,,1908.0,17491.0,8.3,0.27,2.16,19.66,26.8,11.2,12.1,35.2,46.3,2026.0,Ukraine,785.5,1908.0,,15.1,70.5,27.0,14.3,11.65
791-800,771-780,Chiba University,Asia,L,FC,VH,Public,555,12.5,701,261,17.8,755,11.3,801,7.9,801.0,12.1,801.0,30.2,801.0,6.2,801,48.7,737.0,,1055.0,13630.0,8.6,0.05,0.61,34.54,33.7,21.1,43.7,70.3,34.1,2026.0,Japan,795.5,1055.0,,28.2,65.8,5.0,22.5,32.4
791-800,801-850,Universiti Tunku Abdul Rahman (UTAR),Asia,M,FC,HI,Private not for Profit,636,43.9,304,801,13.4,801,15.8,784,8.0,801.0,11.9,801.0,51.7,801.0,5.1,801,57.7,548.0,,1132.0,15730.0,12.9,0.13,2.2,33.19,20.8,17.8,51.5,63.5,52.0,2026.0,Malaysia,795.5,1132.0,,33.6,19.2,13.0,19.4,34.65
801-850,851-900,AGH University of Krakow,Europe,L,CO,VH,Public,701,30.6,465,344,12.7,801,4.4,801,7.3,801.0,12.1,801.0,75.6,430.0,4.0,801,47.4,776.0,,1125.0,17827.0,10.2,0.04,0.49,33.32,32.7,21.6,39.8,71.6,34.8,2026.0,Poland,825.5,1125.0,,37.42,54.7,4.0,13.1,30.7
801-850,791-800,Alfaisal University,Asia,S,FO,VH,Private not for Profit,701,5.9,701,605,21.8,687,100.0,29,96.7,102.0,92.4,127.0,28.1,801.0,5.7,801,31.0,801.0,,586.0,3443.0,11.3,0.37,2.45,44.21,24.2,19.5,73.7,50.4,97.2,2026.0,Saudi Arabia,825.5,586.0,,35.78,31.7,37.0,7.9,46.6
801-850,1001-1200,Azerbaijan State University of Economics,Asia,L,FO,HI,Public,587,37.2,379,548,1.5,801,32.0,563,10.7,801.0,13.9,801.0,11.7,801.0,51.5,329,39.2,801.0,,905.0,13473.0,9.2,0.07,1.87,37.15,23.4,9.3,74.5,19.4,59.0,2026.0,Azerbaijan,825.5,905.0,,24.25,36.7,7.0,21.2,41.9
801-850,771-780,Bournemouth University,Europe,L,CO,VH,Public,701,11.0,701,801,29.4,594,84.7,261,47.7,422.0,52.6,391.0,76.3,418.0,7.7,801,43.4,801.0,,471.0,15605.0,19.9,0.24,2.28,47.18,18.8,21.7,89.3,46.4,89.2,2026.0,United Kingdom,825.5,471.0,,54.18,8.1,24.0,8.0,55.5
801-850,711-720,De Montfort University,Europe,L,FO,VH,Public,701,9.5,701,801,16.7,770,81.4,284,96.4,107.0,96.6,92.0,57.1,734.0,10.5,801,64.5,409.0,,751.0,23655.0,20.6,0.47,2.04,40.11,17.7,16.4,70.5,50.4,92.9,2026.0,United Kingdom,825.5,751.0,,40.17,6.8,47.0,6.4,43.45
801-850,901-950,German Jordanian University,Asia,S,FO,VH,Public,701,28.7,490,569,12.7,801,85.3,256,23.9,676.0,26.0,668.0,18.3,801.0,11.3,801,22.1,801.0,,997.0,2830.0,9.6,0.15,0.56,35.52,22.4,13.6,60.3,24.5,78.6,2026.0,Jordan,825.5,997.0,,26.22,34.6,15.0,14.6,36.95
801-850,791-800,Keele University,Europe,M,FC,VH,Public,701,8.0,701,801,28.5,600,60.9,385,50.7,408.0,42.3,490.0,66.4,601.0,10.1,801,39.4,801.0,,563.0,10370.0,15.4,0.2,2.61,44.86,23.5,22.6,75.5,63.8,82.3,2026.0,United Kingdom,825.5,563.0,,48.25,21.3,20.0,8.5,49.05
801-850,721-730,Middlesex University,Europe,L,CO,HI,Public,701,9.3,701,801,14.3,801,88.6,233,99.7,49.0,99.7,39.0,56.5,744.0,24.6,647,40.0,801.0,,604.0,14860.0,19.8,0.49,2.49,43.61,22.4,18.7,76.1,45.3,92.5,2026.0,United Kingdom,825.5,604.0,,41.4,11.3,49.0,7.5,47.4
801-850,781-790,Qassim University,Asia,L,FC,VH,Public,701,6.5,701,421,3.8,801,100.0,64,25.1,661.0,31.1,600.0,72.1,497.0,3.0,801,52.2,658.0,,808.0,29826.0,9.5,0.11,1.91,38.94,30.5,19.3,56.2,29.7,84.0,2026.0,Saudi Arabia,825.5,808.0,,37.85,47.0,11.0,15.5,37.75
801-850,781-790,Universidade Federal de Santa Catarina,Americas,L,FC,VH,Public,485,8.3,701,731,15.8,786,5.9,801,4.0,801.0,8.7,801.0,64.4,631.0,23.7,659,65.2,393.0,,1035.0,36229.0,14.9,0.03,2.12,34.84,36.3,22.4,40.8,65.5,37.0,2026.0,Brazil,825.5,1035.0,,35.85,25.2,3.0,26.1,31.6
801-850,1001-1200,Universiti Malaysia Terengganu (UMT),Asia,M,CO,VH,Public,701,8.2,701,801,28.9,596,23.6,668,30.3,588.0,31.7,592.0,58.9,709.0,5.0,801,58.2,543.0,,1017.0,9037.0,13.7,0.11,2.9,35.11,22.6,20.2,55.1,36.6,61.2,2026.0,Malaysia,825.5,1017.0,,40.78,18.6,11.0,16.7,37.65
801-850,801-850,University of Brighton,Europe,L,FO,VH,Public,701,9.7,701,801,24.9,642,64.9,359,68.1,289.0,71.2,260.0,73.1,486.0,11.5,801,39.1,801.0,,786.0,14840.0,16.8,0.23,2.57,39.44,19.9,19.3,63.4,64.9,84.7,2026.0,United Kingdom,825.5,786.0,,45.18,12.4,23.0,9.6,41.35
801-850,751-760,University of Engineering & Technology (UET) Lahore,Asia,L,SP,VH,Public,701,49.1,260,801,15.1,801,20.1,,2.3,801.0,6.5,801.0,56.5,746.0,54.1,310,40.7,801.0,,1299.0,13860.0,13.5,0.02,0.49,30.41,20.2,10.5,54.3,32.4,51.0,2026.0,Pakistan,825.5,1299.0,,34.1,20.4,2.0,11.1,32.4
801-850,691-700,University of Greenwich,Europe,L,CO,HI,Public,701,7.0,701,801,15.2,801,94.0,193,99.6,54.0,99.6,43.0,75.8,421.0,19.7,731,44.9,801.0,,616.0,22915.0,22.4,0.54,2.4,43.3,17.6,16.5,81.6,39.1,97.1,2026.0,United Kingdom,825.5,616.0,,47.28,5.2,54.0,6.2,49.05
801-850,801-850,University of Hyderabad,Asia,M,FC,VH,Public,692,4.6,701,801,54.5,335,20.1,,2.6,801.0,6.9,801.0,34.0,801.0,3.4,801,42.1,801.0,,1023.0,5071.0,12.7,0.01,1.95,35.05,42.4,21.6,41.6,48.4,24.8,2026.0,India,825.5,1023.0,,37.92,20.7,1.0,17.7,31.6
801-850,781-790,University of Latvia,Europe,M,FC,VH,Public,701,22.8,581,801,10.4,801,16.1,775,10.0,801.0,15.8,801.0,66.6,595.0,92.0,89,56.0,579.0,,1100.0,11634.0,30.9,0.09,2.81,33.71,20.5,31.3,42.3,52.3,50.7,2026.0,Latvia,825.5,1100.0,,37.65,10.0,9.0,14.5,36.8
801-850,851-900,University of Lincoln,Europe,L,CO,VH,Public,701,9.3,701,801,14.6,801,84.8,259,73.7,260.0,75.2,234.0,73.7,478.0,6.0,801,63.8,427.0,,646.0,15645.0,15.0,0.24,2.45,42.45,20.5,18.5,77.2,34.1,86.9,2026.0,United Kingdom,825.5,646.0,,46.0,13.0,24.0,8.0,47.85
801-850,721-730,University of Modena and Reggio Emilia,Europe,L,FC,VH,Public,701,7.6,701,801,56.7,310,4.8,801,7.5,801.0,13.1,801.0,55.1,767.0,20.3,719,54.4,613.0,,534.0,18479.0,18.9,0.04,2.28,45.59,34.7,25.7,72.9,77.9,38.9,2026.0,Italy,825.5,534.0,,52.6,4.6,4.0,12.3,49.3
801-850,,University of Namur,Europe,M,FO,VH,Public,701,8.8,701,801,44.4,421,37.2,521,59.3,345.0,62.7,316.0,47.5,801.0,10.3,801,53.4,632.0,,842.0,6480.0,20.0,0.17,2.45,38.14,26.8,26.7,49.0,62.4,70.6,2026.0,Belgium,825.5,842.0,,41.9,5.8,17.0,6.4,37.85
801-850,741-750,University of Westminster,Europe,L,CO,HI,Public,701,11.4,701,801,9.0,801,85.2,257,99.2,65.0,99.2,54.0,37.6,801.0,34.2,498,40.3,801.0,,875.0,19530.0,20.0,0.51,2.49,37.67,19.0,16.5,63.1,48.7,85.4,2026.0,United Kingdom,825.5,875.0,,31.55,7.1,51.0,12.3,39.8
851-900,741-750,Altai State University,Europe,M,CO,VH,Public,701,7.0,701,101,1.9,801,8.6,801,71.3,266.0,68.1,283.0,18.3,801.0,2.0,801,46.2,801.0,,1796.0,9271.0,18.5,0.27,2.36,22.34,23.0,16.4,17.1,25.3,62.1,2026.0,Russian Federation,875.5,1796.0,,13.42,90.7,27.0,12.9,16.75
851-900,901-950,Australian Catholic University,Oceania,L,CO,HI,Public,701,11.8,701,801,19.4,724,86.4,251,61.7,329.0,65.4,301.0,35.6,801.0,1.7,801,49.3,725.0,,425.0,22604.0,31.7,0.2,3.18,48.93,17.7,24.7,97.1,28.0,83.9,2026.0,Australia,875.5,425.0,,44.2,8.0,20.0,12.0,60.9
851-900,1001-1200,Azerbaijan State Oil and Industry University,Asia,L,FO,HI,Public,701,19.0,685,208,1.5,801,46.8,456,9.7,801.0,13.9,801.0,8.5,801.0,45.0,391,31.0,801.0,,1962.0,12831.0,10.3,0.06,0.61,18.57,25.0,8.1,15.7,19.7,44.7,2026.0,Azerbaijan,875.5,1962.0,,8.45,73.3,6.0,13.1,11.9
851-900,,Dhofar University,Asia,S,FO,VH,Private not for Profit,701,9.5,701,801,19.6,719,100.0,21,11.1,801.0,13.8,801.0,35.1,801.0,70.3,208,18.7,801.0,,677.0,3049.0,15.9,0.07,2.24,41.8,16.9,19.0,80.8,27.8,79.4,2026.0,Oman,875.5,677.0,,38.62,12.1,7.0,10.0,49.9
851-900,801-850,Edinburgh Napier University,Europe,L,CO,HI,Public,701,5.5,701,801,21.9,686,89.5,227,84.7,196.0,86.1,167.0,59.4,702.0,8.6,801,40.1,801.0,,674.0,14615.0,21.8,0.21,2.32,41.89,17.5,19.7,75.3,41.2,90.3,2026.0,United Kingdom,875.5,674.0,,44.08,6.1,21.0,7.9,47.5
851-900,801-850,Liverpool John Moores University,Europe,L,CO,VH,Public,701,12.0,701,801,20.4,707,53.8,420,21.2,707.0,27.3,648.0,89.7,178.0,11.5,801,53.9,624.0,,568.0,24415.0,18.1,0.16,2.4,44.7,19.7,19.7,83.8,51.2,79.9,2026.0,United Kingdom,875.5,568.0,,53.4,9.6,16.0,13.5,51.75
851-900,851-900,Mendel University in Brno,Europe,M,FO,VH,Public,701,8.3,701,239,8.3,801,14.3,801,38.8,507.0,41.5,495.0,74.1,461.0,4.8,801,49.4,719.0,,1329.0,9185.0,16.2,0.17,2.28,29.88,25.4,18.2,39.7,23.1,57.0,2026.0,Czechia,875.5,1329.0,,35.08,68.8,17.0,9.8,28.95
851-900,951-1000,Prince of Songkla University,Asia,XL,FC,HI,Public,380,13.5,701,801,6.9,801,7.4,801,2.7,801.0,7.2,801.0,55.4,764.0,5.6,801,60.9,486.0,,1399.0,33623.0,13.1,0.02,2.86,28.63,24.3,16.0,39.4,51.6,39.2,2026.0,Thailand,875.5,1399.0,,29.42,20.4,2.0,32.4,27.7
851-900,851-900,Tokyo University of Agriculture and Technology,Asia,M,FO,VH,Public,701,11.2,701,801,40.3,464,11.6,801,11.3,801.0,15.3,801.0,42.4,801.0,1.7,801,33.2,801.0,,1204.0,5923.0,14.2,0.07,0.56,32.04,34.0,25.5,28.0,82.2,39.0,2026.0,Japan,875.5,1204.0,,34.05,18.7,7.0,15.6,26.75
851-900,851-900,University of Ghana,Africa,XL,FC,HI,Public,687,12.4,701,801,10.8,801,8.1,801,1.8,801.0,1.6,801.0,80.8,337.0,96.8,63,52.8,651.0,,1043.0,72334.0,46.5,0.01,2.08,34.76,17.0,32.2,49.2,46.8,50.3,2026.0,Ghana,875.5,1043.0,,43.25,2.1,1.0,17.8,40.7
851-900,851-900,University of Santo Tomas,Asia,XL,FC,MD,Private not for Profit,605,45.9,294,801,1.7,801,38.5,513,9.0,801.0,7.0,801.0,19.1,801.0,25.5,631,40.2,801.0,,1657.0,42253.0,15.1,0.06,2.45,24.68,23.0,10.2,32.1,21.1,59.5,2026.0,Philippines,875.5,1657.0,,15.78,14.1,6.0,20.3,21.15
851-900,771-780,Verona University,Europe,L,FO,VH,Public,701,5.0,701,801,50.0,375,6.3,801,8.4,801.0,14.1,801.0,70.3,523.0,6.9,801,52.7,652.0,,398.0,21809.0,25.6,0.05,2.69,49.92,34.6,31.1,81.6,71.1,45.0,2026.0,Italy,875.5,398.0,,58.25,5.9,5.0,13.1,56.35
851-900,951-1000,Yarmouk University,Asia,L,FC,HI,Public,541,32.0,448,801,5.2,801,7.7,801,25.9,646.0,28.4,634.0,44.6,801.0,42.3,414,45.3,801.0,,720.0,21300.0,23.6,0.15,,40.76,29.3,17.9,69.9,29.9,63.4,2026.0,Jordan,875.5,720.0,,34.4,5.3,15.0,23.4,43.9
901-950,901-950,Future University in Egypt,Africa,M,FO,VH,Private not for Profit,701,40.5,334,416,5.3,801,18.2,738,33.0,558.0,34.5,558.0,50.4,801.0,3.3,801,35.7,801.0,,816.0,7962.0,9.5,0.11,1.91,38.75,22.2,10.6,78.6,18.0,64.4,2026.0,Egypt,925.5,816.0,,36.22,47.2,11.0,7.1,44.6
901-950,901-950,Kanazawa University,Asia,M,FC,VH,Public,701,7.1,701,311,22.1,684,11.6,801,10.8,801.0,15.4,801.0,33.9,801.0,1.7,801,53.1,644.0,,1147.0,10216.0,9.9,0.06,0.56,32.92,36.0,21.8,35.6,67.5,34.6,2026.0,Japan,925.5,1147.0,,28.35,58.1,6.0,13.2,28.7
901-950,951-1000,Khon Kaen University,Asia,XL,FC,HI,Public,472,22.6,585,801,8.8,801,6.4,801,3.3,801.0,7.6,801.0,57.1,733.0,5.9,801,59.9,504.0,,1278.0,32602.0,16.3,0.02,2.57,30.64,28.6,17.3,41.8,49.5,35.5,2026.0,Thailand,925.5,1278.0,,31.25,11.7,2.0,26.6,29.55
901-950,801-850,London South Bank University,Europe,L,FO,VH,Public,701,6.3,701,801,8.5,801,94.1,192,98.1,87.0,98.2,75.0,47.7,801.0,15.2,801,50.8,688.0,,713.0,14425.0,15.9,0.4,2.32,41.02,18.5,13.0,75.6,48.1,95.9,2026.0,United Kingdom,925.5,713.0,,36.2,13.6,40.0,4.9,44.3
901-950,851-900,Nagasaki University,Asia,M,FC,VH,Public,701,3.7,701,143,12.2,801,8.5,801,10.8,801.0,15.3,801.0,48.4,801.0,3.4,801,59.6,509.0,,1358.0,8747.0,6.7,0.05,0.64,29.37,30.1,16.0,35.4,55.2,40.3,2026.0,Japan,925.5,1358.0,,28.0,84.3,5.0,9.0,25.7
901-950,901-950,Osaka Metropolitan University,Asia,L,FC,VH,Public,676,14.0,701,321,12.3,801,6.2,801,5.2,801.0,9.4,801.0,34.1,801.0,8.9,801,47.7,765.0,,1459.0,15703.0,8.7,0.04,0.59,27.95,31.3,16.9,28.8,78.3,27.2,2026.0,Japan,925.5,1459.0,,23.02,57.2,4.0,18.1,22.85
901-950,1001-1200,Panjab University,Asia,L,CO,VH,Public,701,11.5,701,801,43.5,433,20.1,,3.2,801.0,7.5,801.0,33.0,801.0,39.6,441,50.9,684.0,,665.0,16479.0,15.9,0.02,2.73,42.09,38.2,19.6,71.2,48.3,24.6,2026.0,India,925.5,665.0,,41.82,10.3,2.0,9.4,45.4
901-950,,Taif University,Asia,XL,FC,VH,Public,701,2.7,701,801,30.2,586,100.0,44,4.7,801.0,9.2,801.0,80.5,343.0,2.9,801,46.0,801.0,,782.0,38212.0,16.7,0.03,2.45,39.5,16.2,16.4,77.7,23.3,76.3,2026.0,Saudi Arabia,925.5,782.0,,51.2,9.2,3.0,7.0,47.05
901-950,1001-1200,Tallinn University,Europe,M,FO,VH,Public,701,12.4,701,801,9.9,801,63.9,363,30.6,585.0,36.5,529.0,55.1,768.0,45.6,382,44.3,801.0,,1052.0,3770.0,7.9,0.11,3.02,34.58,27.2,24.5,47.8,24.4,55.2,2026.0,Estonia,925.5,1052.0,,34.32,12.6,11.0,11.1,36.15
901-950,,Tashkent State Technical University,Asia,L,CO,HI,Public,399,16.2,701,801,2.1,801,62.9,371,1.8,801.0,6.1,801.0,9.9,801.0,30.7,540,33.9,801.0,,1088.0,14012.0,13.9,0.01,0.81,33.94,21.0,8.6,75.3,16.6,26.6,2026.0,Uzbekistan,925.5,1088.0,,23.98,20.1,1.0,30.6,41.95
901-950,851-900,University of Hertfordshire,Europe,L,CO,HI,Public,701,6.7,701,801,12.1,801,81.4,285,100.0,12.0,100.0,7.0,57.7,723.0,17.0,780,39.0,801.0,,716.0,27285.0,19.5,0.61,2.0,40.85,18.2,13.2,76.5,44.8,92.1,2026.0,United Kingdom,925.5,716.0,,39.88,6.8,61.0,5.8,44.85
901-950,901-950,University of Maribor,Europe,L,FC,HI,Public,701,15.6,701,551,12.7,801,2.3,801,27.3,623.0,28.3,635.0,67.4,580.0,41.3,422,49.9,705.0,,1389.0,13082.0,13.9,0.14,2.32,28.73,21.5,18.0,41.2,46.2,39.5,2026.0,Slovenia,925.5,1389.0,,34.83,36.4,14.0,10.8,29.6
901-950,901-950,University of Peshawar,Asia,L,FO,VH,Public,701,11.9,701,119,12.3,801,20.1,,2.0,801.0,1.7,801.0,49.0,801.0,19.2,742,25.8,801.0,,1117.0,19301.0,34.0,0.0,0.32,33.39,24.0,12.0,59.1,34.8,49.4,2026.0,Pakistan,925.5,1117.0,,33.1,87.2,0.0,9.4,35.55
901-950,901-950,University of Salford,Europe,L,CO,HI,Public,701,7.9,701,801,12.0,801,55.6,408,88.2,182.0,89.2,153.0,61.6,670.0,13.8,801,43.4,801.0,,851.0,22475.0,20.9,0.3,2.36,38.01,19.0,14.8,64.9,57.0,84.8,2026.0,United Kingdom,925.5,851.0,,38.33,9.1,30.0,10.8,39.85
901-950,851-900,University of South Africa,Africa,XL,CO,VH,Public,701,13.6,701,801,11.7,801,20.1,,13.3,801.0,10.1,801.0,92.5,138.0,96.0,66,43.3,801.0,,1276.0,207954.0,84.5,0.02,3.14,30.65,19.7,17.8,51.0,30.4,42.2,2026.0,South Africa,925.5,1276.0,,43.25,1.2,2.0,13.8,34.4
951-1000,851-900,Al-Quds University,Asia,M,FC,MD,Public,701,20.5,644,801,2.8,801,72.3,327,90.5,163.0,76.3,229.0,15.0,801.0,12.3,801,40.1,801.0,,1802.0,10065.0,10.9,0.33,3.22,22.22,22.9,11.0,17.8,21.1,81.2,2026.0,Palestine,975.5,1802.0,,11.65,19.4,33.0,10.1,14.4
951-1000,851-900,Charles Sturt University,Oceania,L,CO,VH,Public,701,9.4,701,801,13.9,801,66.0,356,47.2,427.0,52.2,396.0,60.4,684.0,13.4,801,64.9,403.0,,775.0,18763.0,21.8,0.11,2.9,39.62,18.8,20.2,72.3,52.2,59.2,2026.0,Australia,975.5,775.0,,41.7,14.1,11.0,6.4,46.25
951-1000,851-900,CY Cergy Paris University,Europe,M,FO,VH,Public,701,5.2,701,270,7.4,801,55.1,410,59.0,347.0,62.9,314.0,47.9,801.0,1.3,801,31.4,801.0,,1075.0,16674.0,16.0,0.27,2.12,34.15,26.3,20.5,38.1,56.5,90.1,2026.0,France,975.5,1075.0,,28.48,64.9,27.0,5.2,29.3
951-1000,1001-1200,Guru Gobind Singh Indraprastha University,Asia,S,CO,VH,Public,701,14.6,701,801,48.5,384,5.0,801,9.4,801.0,12.6,801.0,26.9,801.0,12.8,801,43.0,801.0,,847.0,6027.0,14.2,0.04,0.41,38.03,30.8,12.4,74.2,26.9,26.8,2026.0,India,975.5,847.0,,40.5,12.5,4.0,5.8,43.3
951-1000,1001-1200,Hasanuddin University,Asia,XL,FC,HI,Public,538,17.5,701,484,1.7,801,11.9,801,3.1,801.0,7.8,801.0,20.0,801.0,22.0,695,53.0,646.0,,1839.0,37300.0,14.8,0.01,2.57,21.3,21.6,11.5,28.0,31.3,25.9,2026.0,Indonesia,975.5,1839.0,,15.3,41.9,1.0,23.5,19.75
951-1000,801-850,Immanuel Kant Baltic Federal University,Europe,M,CO,VH,Public,701,4.7,701,124,3.1,801,28.1,607,53.2,386.0,51.0,407.0,34.5,801.0,1.9,801,32.1,801.0,,1363.0,6711.0,16.3,0.19,2.45,29.28,37.1,22.1,20.3,37.1,58.0,2026.0,Russian Federation,975.5,1363.0,,20.0,86.3,19.0,7.7,21.2
951-1000,791-800,Ivane Javakhishvili Tbilisi State University,Asia,L,FC,MD,Public,701,1.4,701,150,1.4,801,1.9,801,7.5,801.0,12.2,801.0,24.7,801.0,95.2,75,18.2,801.0,,2048.0,24977.0,32.5,0.05,2.49,16.72,15.0,12.2,15.9,18.9,43.1,2026.0,Georgia,975.5,2048.0,,13.55,83.5,5.0,11.9,14.05
951-1000,951-1000,Kumamoto University,Asia,M,FC,VH,Public,701,4.4,701,249,21.4,692,8.2,801,6.9,801.0,11.4,801.0,33.9,801.0,3.4,801,50.4,696.0,,1087.0,9401.0,9.5,0.06,0.64,33.95,33.6,19.3,41.3,82.0,37.0,2026.0,Japan,975.5,1087.0,,28.98,67.5,6.0,9.2,30.3
951-1000,1001-1200,National Chung Cheng University,Asia,M,CO,VH,Public,650,34.8,412,801,9.5,801,7.9,801,6.3,801.0,10.5,801.0,28.9,801.0,5.1,801,51.6,669.0,,1488.0,9183.0,14.8,0.04,1.95,27.41,21.4,24.8,28.4,77.3,30.6,2026.0,Taiwan,975.5,1488.0,,22.9,16.6,4.0,18.9,26.6
951-1000,901-950,North South University,Asia,L,FO,HI,Private not for Profit,701,54.1,226,801,6.6,801,10.5,801,1.6,801.0,6.0,801.0,30.2,801.0,11.7,801,37.3,801.0,,939.0,16380.0,19.1,0.0,1.87,36.56,14.8,11.3,80.3,29.4,48.7,2026.0,Bangladesh,975.5,939.0,,32.1,7.5,0.0,16.9,45.8
951-1000,851-900,North-West University,Africa,XL,CO,VH,Public,701,14.9,701,801,24.9,641,9.2,801,3.1,801.0,7.7,801.0,94.6,89.0,24.8,643,60.4,499.0,,898.0,41784.0,24.1,0.02,2.65,37.2,22.3,18.8,63.8,45.1,56.4,2026.0,South Africa,975.5,898.0,,50.52,7.0,2.0,8.4,41.3
951-1000,851-900,Okayama University,Asia,L,FC,VH,Public,701,5.1,701,248,14.7,801,8.3,801,11.6,801.0,17.0,801.0,41.7,801.0,3.4,801,58.3,539.0,,1025.0,13057.0,10.3,0.09,0.67,35.03,34.5,23.1,39.2,87.1,38.8,2026.0,Japan,975.5,1025.0,,29.68,67.5,9.0,11.5,31.15
951-1000,951-1000,Sophia University,Asia,L,CO,HI,Private not for Profit,657,27.2,505,720,2.5,801,41.0,489,20.3,726.0,26.4,666.0,9.1,801.0,21.3,702,48.7,737.0,,1930.0,13016.0,12.2,0.12,2.53,19.12,22.5,11.1,13.9,33.6,50.0,2026.0,Japan,975.5,1930.0,,9.15,25.9,12.0,18.7,12.5
951-1000,901-950,Universidad Nacional Mayor de San Marcos,Americas,XL,FC,HI,Public,429,28.4,492,801,1.7,801,20.1,,19.4,,21.7,,32.9,801.0,53.0,321,24.3,801.0,,2058.0,42959.0,13.3,0.01,1.87,16.5,20.6,10.6,13.8,16.6,34.0,2026.0,Peru,975.5,2058.0,,14.75,11.0,1.0,28.9,12.2
951-1000,951-1000,University of Bahrain,Asia,L,CO,HI,Public,701,15.1,701,801,5.0,801,94.1,191,10.5,801.0,14.0,801.0,38.7,801.0,55.5,299,28.9,801.0,,1185.0,22268.0,25.2,0.06,3.06,32.3,14.0,15.2,60.8,21.4,62.2,2026.0,Bahrain,975.5,1185.0,,29.92,8.1,6.0,14.3,38.0
951-1000,951-1000,University of Lahore,Asia,L,CO,VH,Private not for Profit,685,23.4,574,801,8.5,801,8.0,801,6.0,801.0,9.7,801.0,76.4,415.0,3.4,801,62.2,454.0,,792.0,21224.0,14.0,0.04,0.64,39.3,19.8,13.0,81.8,21.4,57.2,2026.0,Pakistan,975.5,792.0,,44.92,14.3,4.0,17.8,47.4
951-1000,951-1000,University of the Western Cape,Africa,L,CO,VH,Public,701,6.4,701,801,23.9,656,30.3,583,5.5,801.0,10.5,801.0,84.4,267.0,28.1,592,35.7,801.0,,753.0,24431.0,34.2,0.04,2.65,40.06,22.9,24.8,68.3,24.4,62.0,2026.0,South Africa,975.5,753.0,,50.35,6.1,4.0,12.0,46.55
1001-1200,1201-1400,Alexandru Ioan Cuza University,Europe,L,CO,HI,Public,701,20.6,641,801,5.8,801,4.6,801,17.0,779.0,21.4,742.0,49.1,801.0,23.1,668,48.7,737.0,,1736.0,24352.0,16.9,0.09,2.57,23.53,22.5,12.2,29.2,41.1,39.3,2026.0,Romania,1100.5,1736.0,,24.08,7.8,9.0,11.7,20.7
1001-1200,1001-1200,An-Najah National University,Asia,L,FC,MD,Public,701,14.5,701,801,4.3,801,49.8,441,47.4,426.0,43.8,475.0,39.0,801.0,11.3,801,47.1,785.0,,914.0,25887.0,27.0,0.12,2.65,36.96,24.7,13.0,66.9,26.0,63.9,2026.0,Palestine,1100.5,914.0,,30.8,11.5,12.0,13.5,39.95
1001-1200,1001-1200,"Arab Academy for Science, Technology and Maritime Transport",Africa,L,FO,VH,Public,701,12.4,701,441,2.4,801,9.2,801,34.9,542.0,33.6,569.0,27.0,801.0,16.8,789,29.7,801.0,,1020.0,32274.0,10.6,0.14,2.04,35.1,35.1,20.6,44.3,28.6,57.8,2026.0,Egypt,1100.5,1020.0,,23.58,44.7,14.0,7.5,32.45
1001-1200,1001-1200,Assiut University,Africa,XL,FC,HI,Public,701,15.1,701,801,4.0,801,21.1,697,7.2,801.0,10.6,801.0,66.5,596.0,3.0,801,53.3,636.0,,1300.0,86744.0,13.2,0.05,2.16,30.4,23.6,12.4,48.3,25.3,57.9,2026.0,Egypt,1100.5,1300.0,,32.8,20.7,5.0,16.3,30.35
1001-1200,1001-1200,Banaras Hindu University,Asia,L,FC,VH,Public,648,10.6,701,801,18.8,737,1.5,801,3.0,801.0,7.2,801.0,59.3,704.0,15.6,801,44.5,801.0,,605.0,12447.0,7.9,0.04,2.08,43.59,49.9,18.0,67.8,31.0,27.6,2026.0,India,1100.5,605.0,,40.97,14.4,4.0,18.9,42.9
1001-1200,1001-1200,Birmingham City University,Europe,XL,FO,HI,Public,701,8.0,701,801,6.5,801,54.9,412,65.5,304.0,68.8,278.0,44.5,801.0,12.1,801,37.9,801.0,,952.0,27055.0,18.5,0.31,2.61,36.3,17.9,13.4,65.5,25.2,86.3,2026.0,United Kingdom,1100.5,952.0,,32.48,8.7,31.0,8.2,39.45
1001-1200,1001-1200,Chung Yuan Christian University,Asia,L,CO,HI,Public,701,9.2,701,801,25.2,637,5.3,801,11.8,801.0,14.9,801.0,17.3,801.0,28.6,585,46.7,799.0,,1364.0,14676.0,30.2,0.08,2.0,29.27,18.9,24.2,36.4,64.9,42.2,2026.0,Taiwan,1100.5,1364.0,,25.78,6.9,8.0,9.9,30.3
1001-1200,951-1000,Financial University under the Government of the Russian Federation,Europe,L,FO,VH,Public,701,17.4,701,450,2.7,801,6.7,801,39.2,500.0,44.7,467.0,37.6,801.0,57.5,291,43.8,801.0,,1198.0,16514.0,13.7,0.13,2.4,32.15,30.0,21.1,42.5,35.2,40.3,2026.0,Russian Federation,1100.5,1198.0,,25.98,44.1,13.0,4.9,31.8
1001-1200,901-950,Georgian Technical University,Asia,L,FO,HI,Public,701,7.1,701,801,54.4,336,20.1,,19.4,,21.7,,7.8,801.0,29.3,562,3.0,801.0,,1924.0,17297.0,13.8,0.03,0.32,19.36,29.8,9.0,14.5,17.0,39.1,2026.0,Georgia,1100.5,1924.0,,21.42,1.0,3.0,7.1,11.75
1001-1200,1001-1200,Gifu University,Asia,M,FO,VH,Public,701,4.5,701,308,14.3,801,7.1,801,6.2,801.0,10.2,801.0,23.4,801.0,1.8,801,44.1,801.0,,1366.0,7064.0,15.3,0.04,0.61,29.21,27.7,23.9,30.0,68.9,31.3,2026.0,Japan,1100.5,1366.0,,22.9,58.9,4.0,6.4,26.95
1001-1200,1001-1200,Glasgow Caledonian University,Europe,L,FO,VH,Public,701,9.5,701,801,11.2,801,45.5,465,77.3,242.0,79.4,212.0,40.3,801.0,8.5,801,56.7,562.0,,913.0,17335.0,25.9,0.3,2.4,36.98,17.8,15.2,63.7,48.7,83.5,2026.0,United Kingdom,1100.5,913.0,,32.6,6.3,30.0,7.2,39.45
1001-1200,1001-1200,Leeds Beckett University,Europe,L,CO,HI,Public,701,10.3,701,801,13.5,801,46.9,453,45.2,447.0,50.3,412.0,36.6,801.0,10.8,801,61.7,464.0,,822.0,19825.0,17.0,0.23,2.28,38.57,19.2,15.9,69.2,48.0,74.9,2026.0,United Kingdom,1100.5,822.0,,33.8,5.2,23.0,5.1,42.55
1001-1200,1001-1200,Lobachevsky State University of Nizhni Novgorod,Europe,L,FO,VH,Public,701,8.2,701,372,3.5,801,2.6,801,37.0,526.0,42.6,487.0,18.0,801.0,3.9,801,38.2,801.0,,1825.0,20444.0,10.5,0.13,2.16,21.55,31.5,13.9,13.8,35.3,35.7,2026.0,Russian Federation,1100.5,1825.0,,12.3,50.9,13.0,10.0,13.85
1001-1200,1001-1200,Lodz University of Technology,Europe,M,SP,VH,Public,701,7.3,701,306,16.0,784,4.1,801,8.3,801.0,12.4,801.0,49.2,801.0,4.1,801,40.3,801.0,,1589.0,10476.0,11.7,0.06,0.61,25.72,25.9,15.8,28.5,61.8,33.0,2026.0,Poland,1100.5,1589.0,,27.38,59.0,6.0,6.0,22.15
1001-1200,1001-1200,London Metropolitan University,Europe,L,CO,MD,Public,701,7.3,701,801,7.0,801,68.5,340,97.6,95.0,97.7,84.0,22.4,801.0,20.8,713,20.9,801.0,,752.0,12395.0,28.2,0.64,2.69,40.11,16.6,14.4,76.6,30.2,91.3,2026.0,United Kingdom,1100.5,752.0,,30.1,4.7,64.0,5.9,45.5
1001-1200,901-950,Makerere University,Africa,XL,FC,HI,Public,701,5.3,701,801,6.5,801,8.3,801,13.6,801.0,10.3,801.0,65.3,617.0,98.3,38,42.0,801.0,,923.0,25506.0,19.3,0.04,1.83,36.86,21.5,26.6,54.2,32.8,69.7,2026.0,Uganda,1100.5,923.0,,38.15,5.8,4.0,13.4,40.4
1001-1200,951-1000,Mansoura University,Africa,XL,FC,VH,Public,653,15.8,701,801,5.0,801,9.9,801,21.2,706.0,24.5,695.0,81.9,315.0,12.6,801,55.5,591.0,,892.0,165971.0,19.0,0.14,2.32,37.31,20.2,11.9,69.4,32.9,76.8,2026.0,Egypt,1100.5,892.0,,42.05,5.2,14.0,18.8,40.65
1001-1200,1001-1200,Mustansiriyah University,Asia,XL,FC,HI,Public,701,23.5,572,269,1.8,801,43.6,474,6.3,801.0,5.0,801.0,19.2,801.0,10.4,801,26.5,801.0,,1892.0,32844.0,8.5,0.01,2.32,20.25,26.8,9.8,19.8,23.9,34.7,2026.0,Iraq,1100.5,1892.0,,12.65,64.9,1.0,8.3,14.8
1001-1200,1001-1200,Mutah University,Asia,L,FC,MD,Public,701,21.8,608,801,3.4,801,15.7,788,32.9,560.0,32.2,587.0,28.0,801.0,10.1,801,33.2,801.0,,1440.0,15579.0,21.6,0.13,2.24,28.23,25.4,13.7,39.2,18.0,57.1,2026.0,Jordan,1100.5,1440.0,,21.08,12.1,13.0,15.6,26.45
1001-1200,951-1000,Niigata University,Asia,L,FC,HI,Public,701,5.1,701,110,6.7,801,6.6,801,6.1,801.0,10.6,801.0,23.1,801.0,7.2,801,43.0,801.0,,1304.0,11826.0,7.1,0.03,0.59,30.38,31.2,15.7,40.9,54.3,29.1,2026.0,Japan,1100.5,1304.0,,21.6,88.7,3.0,6.6,28.3
1001-1200,1201-1400,Obuda University,Europe,M,FO,VH,Public,701,8.9,701,801,19.6,721,34.7,538,13.3,801.0,19.3,774.0,44.5,801.0,5.1,801,42.4,801.0,,722.0,8068.0,26.6,0.07,0.89,40.68,17.4,30.9,72.8,27.2,48.8,2026.0,Hungary,1100.5,722.0,,41.95,3.9,7.0,7.9,51.85
1001-1200,1001-1200,Poznan University of Technology,Europe,L,FO,VH,Public,701,13.1,701,510,12.8,801,3.4,801,10.7,801.0,15.5,801.0,47.8,801.0,7.4,801,27.6,801.0,,1551.0,13680.0,11.0,0.08,0.45,26.3,25.7,14.0,34.7,47.7,31.2,2026.0,Poland,1100.5,1551.0,,27.32,39.8,8.0,10.9,24.35
1001-1200,1001-1200,Sheffield Hallam University,Europe,XL,CO,HI,Public,701,13.4,701,801,7.1,801,42.6,480,42.7,469.0,48.0,434.0,60.6,682.0,12.3,801,40.6,801.0,,976.0,29535.0,19.0,0.23,2.32,35.94,18.0,14.1,65.5,34.9,73.2,2026.0,United Kingdom,1100.5,976.0,,36.83,10.9,23.0,9.8,39.8
1001-1200,1001-1200,Siberian Federal University,Europe,M,CO,VH,Public,701,9.9,701,634,7.9,801,56.8,406,46.0,438.0,47.4,437.0,37.7,801.0,10.3,801,44.4,801.0,,986.0,8610.0,19.0,0.13,2.0,35.75,34.2,26.9,36.6,61.1,59.1,2026.0,Russian Federation,1100.5,986.0,,27.28,29.9,13.0,7.8,31.75
1001-1200,1001-1200,Slovak University of Technology in Bratislava,Europe,M,FO,VH,Public,701,10.6,701,396,7.7,801,4.8,801,29.1,602.0,21.8,732.0,54.2,779.0,17.9,762,28.1,801.0,,1631.0,10809.0,12.9,0.19,0.49,25.27,28.7,14.5,24.7,45.4,45.0,2026.0,Slovakia,1100.5,1631.0,,25.28,48.9,19.0,10.8,19.6
1001-1200,951-1000,Southern Federal University,Europe,L,CO,VH,Public,701,7.5,701,266,3.5,801,4.9,801,42.3,470.0,47.6,435.0,43.6,801.0,3.7,801,31.4,801.0,,1688.0,18741.0,12.8,0.15,2.4,24.25,23.8,16.3,24.6,38.7,47.6,2026.0,Russian Federation,1100.5,1688.0,,22.0,65.4,15.0,7.0,20.45
1001-1200,1001-1200,Sumy State University,Europe,M,FC,HI,Public,701,11.0,701,418,5.2,801,3.9,801,29.1,603.0,29.5,620.0,35.5,801.0,4.5,801,48.2,751.0,,1188.0,7608.0,13.1,0.07,0.64,32.25,20.6,16.4,56.1,21.6,49.7,2026.0,Ukraine,1100.5,1188.0,,28.3,47.1,7.0,6.3,36.25
1001-1200,1001-1200,The Hashemite University,Asia,L,FC,HI,Public,701,23.7,566,801,7.8,801,9.9,801,18.4,756.0,13.9,801.0,45.1,801.0,5.1,801,45.4,801.0,,1164.0,21051.0,23.5,0.13,2.69,32.66,14.0,16.1,59.7,34.7,60.9,2026.0,Jordan,1100.5,1164.0,,32.18,5.5,13.0,15.6,37.9
1001-1200,1001-1200,Tokyo Metropolitan University,Asia,M,CO,VH,Public,701,8.2,701,483,14.8,801,9.7,801,8.0,801.0,11.6,801.0,39.5,801.0,4.9,801,26.4,801.0,,1520.0,8789.0,10.7,0.05,0.64,27.02,29.7,16.2,29.8,52.8,33.5,2026.0,Japan,1100.5,1520.0,,25.08,41.9,5.0,17.5,23.0
1001-1200,1001-1200,Universidad del Valle,Americas,XL,FC,MD,Public,529,9.7,701,801,2.8,801,3.3,801,2.2,801.0,6.6,801.0,24.7,801.0,28.8,580,34.9,801.0,,1992.0,33529.0,8.1,0.01,2.12,17.97,24.9,9.4,13.5,21.1,40.1,2026.0,Colombia,1100.5,1992.0,,12.6,11.1,1.0,24.1,11.45
1001-1200,1001-1200,Universidad Peruana Cayetano Heredia,Americas,M,FO,VH,Private not for Profit,701,12.1,701,305,3.6,801,1.6,801,1.8,801.0,1.6,801.0,23.9,801.0,4.6,801,53.2,641.0,,1079.0,8598.0,15.1,0.01,2.81,34.06,20.2,16.1,61.2,33.7,49.7,2026.0,Peru,1100.5,1079.0,,26.2,59.1,1.0,15.2,38.65
1001-1200,1201-1400,Universitas Sumatera Utara,Asia,XL,FC,HI,Public,701,13.4,701,532,1.8,801,14.1,801,2.6,801.0,7.0,801.0,28.6,801.0,7.4,801,46.0,801.0,,1881.0,40855.0,18.1,0.02,2.32,20.48,17.8,11.3,27.6,21.2,37.7,2026.0,Indonesia,1100.5,1881.0,,17.33,38.0,2.0,14.4,19.45
1001-1200,1001-1200,Universiti Malaysia Sarawak (UNIMAS),Asia,M,FC,HI,Public,612,14.4,701,801,6.8,801,43.9,472,19.7,732.0,23.0,719.0,35.9,801.0,5.0,801,42.6,801.0,,1193.0,11981.0,15.5,0.14,2.94,32.2,31.4,22.1,29.7,77.7,60.2,2026.0,Malaysia,1100.5,1193.0,,23.62,17.3,14.0,20.1,25.9
1001-1200,,University of Anbar,Asia,L,CO,HI,Public,507,15.4,701,695,3.0,801,3.5,801,1.8,801.0,6.3,801.0,25.9,801.0,5.6,801,31.7,801.0,,1298.0,27797.0,11.1,0.01,2.4,30.42,25.0,11.1,53.2,36.6,32.0,2026.0,Iraq,1100.5,1298.0,,23.3,27.2,1.0,25.3,32.15
1001-1200,951-1000,University of Colombo,Asia,L,CO,HI,Public,701,20.9,626,801,6.1,801,1.2,801,1.5,801.0,5.9,801.0,20.7,801.0,76.0,176,61.1,477.0,,1008.0,35859.0,32.1,0.01,2.57,35.34,26.0,11.7,67.1,27.4,40.7,2026.0,Sri Lanka,1100.5,1008.0,,26.4,3.3,1.0,15.1,39.4
1001-1200,1001-1200,University of Deusto,Europe,M,FO,VH,Public,701,29.8,477,801,14.3,801,8.8,801,29.9,592.0,35.8,539.0,29.1,801.0,52.2,324,31.6,801.0,,1213.0,10138.0,18.7,0.11,2.36,31.92,20.7,20.6,49.3,39.9,46.0,2026.0,Spain,1100.5,1213.0,,28.33,7.4,11.0,8.9,34.95
1001-1200,901-950,University of East London,Europe,L,FO,HI,Public,701,6.5,701,801,9.5,801,83.3,268,99.8,46.0,99.8,35.0,34.5,801.0,14.1,801,29.5,801.0,,1076.0,18135.0,28.6,0.57,2.08,34.1,23.6,15.3,49.5,32.2,87.5,2026.0,United Kingdom,1100.5,1076.0,,27.2,2.6,57.0,3.9,32.4
1001-1200,1001-1200,University of Ibadan,Africa,XL,CO,VH,Public,701,16.6,701,801,7.3,801,20.1,,19.4,,21.7,,64.8,624.0,76.2,175,41.9,801.0,,942.0,36851.0,17.6,0.0,2.12,36.47,29.6,15.6,63.5,22.1,43.8,2026.0,Nigeria,1100.5,942.0,,37.8,6.4,0.0,11.6,39.55
1001-1200,1001-1200,University of Ioannina,Europe,XL,FC,HI,Public,701,5.6,701,801,32.0,562,2.0,801,7.5,801.0,11.9,801.0,55.7,757.0,3.6,801,36.5,801.0,,1335.0,33322.0,38.1,0.03,2.28,29.76,16.9,15.7,50.5,52.8,39.5,2026.0,Greece,1100.5,1335.0,,38.48,1.9,3.0,9.4,33.1
1001-1200,1001-1200,University of Karachi,Asia,XL,CO,HI,Public,701,19.2,676,801,10.4,801,4.7,801,1.2,801.0,1.1,801.0,48.4,801.0,51.2,332,31.3,801.0,,1840.0,47940.0,39.8,0.0,2.61,21.3,16.2,11.1,28.8,28.2,47.1,2026.0,Pakistan,1100.5,1840.0,,24.67,2.0,0.0,14.5,19.95
1001-1200,1001-1200,University of Lagos,Africa,XL,CO,HI,Public,701,16.5,701,801,5.2,801,20.1,,19.4,,21.7,,45.9,801.0,90.4,103,36.6,801.0,,973.0,36484.0,22.4,0.0,2.16,35.99,18.4,20.1,66.7,32.6,45.6,2026.0,Nigeria,1100.5,973.0,,34.48,2.5,0.0,9.4,43.4
1001-1200,901-950,University of Murcia,Europe,L,FC,VH,Public,701,5.4,701,735,14.9,801,20.1,,7.0,801.0,12.2,801.0,77.9,385.0,4.9,801,64.4,413.0,,1045.0,26754.0,15.2,0.05,2.65,34.68,25.6,19.4,55.2,55.1,36.5,2026.0,Spain,1100.5,1045.0,,41.85,24.9,5.0,15.3,37.3
1001-1200,901-950,University of Nairobi,Africa,XL,FC,HI,Public,701,13.7,701,723,2.6,801,20.1,,19.4,,21.7,,48.7,801.0,95.6,72,39.1,801.0,,1578.0,52216.0,23.3,0.02,1.91,25.87,15.9,16.1,39.7,22.5,49.4,2026.0,Kenya,1100.5,1578.0,,26.78,25.7,2.0,12.8,27.9
1001-1200,951-1000,University of Parma,Europe,XL,FC,HI,Public,701,5.8,701,801,33.0,551,5.2,801,16.8,784.0,22.9,722.0,63.0,651.0,12.5,801,37.0,801.0,,769.0,31624.0,31.5,0.09,2.49,39.66,20.9,23.9,70.1,64.8,39.2,2026.0,Italy,1100.5,769.0,,47.5,4.5,9.0,13.6,47.0
1001-1200,951-1000,University of Regina,Americas,L,CO,HI,Public,701,2.9,701,801,34.3,532,4.0,801,51.2,400.0,54.5,376.0,48.5,801.0,6.4,801,64.2,417.0,,930.0,14331.0,22.9,0.34,2.53,36.74,18.4,20.9,61.9,43.8,65.7,2026.0,Canada,1100.5,930.0,,41.4,5.7,34.0,4.7,41.4
1001-1200,1001-1200,University of Salento,Europe,L,CO,VH,Public,701,1.9,701,801,41.5,454,1.5,801,4.5,801.0,9.5,801.0,71.9,501.0,3.4,801,31.9,801.0,,883.0,14502.0,23.5,0.03,2.61,37.55,27.2,21.4,61.4,55.8,35.6,2026.0,Italy,1100.5,883.0,,49.05,8.2,3.0,6.8,41.4
1001-1200,1001-1200,University of Tabuk,Asia,L,FC,HI,Public,701,3.5,701,693,6.7,801,93.7,197,5.5,801.0,9.9,801.0,42.7,801.0,2.8,801,34.7,801.0,,780.0,20099.0,10.3,0.03,1.75,39.55,25.1,14.5,70.3,30.1,75.3,2026.0,Saudi Arabia,1100.5,780.0,,33.55,27.3,3.0,8.8,42.4
1001-1200,1001-1200,University of the Free State,Africa,L,FO,VH,Public,701,12.1,701,801,13.8,801,20.1,,8.3,801.0,6.4,801.0,93.7,107.0,18.4,751,41.7,801.0,,1171.0,31599.0,30.9,0.02,2.69,32.6,23.1,20.0,49.6,30.6,51.7,2026.0,South Africa,1100.5,1171.0,,44.28,4.9,2.0,7.2,34.8
1001-1200,1001-1200,University of Warmia and Mazury in Olsztyn,Europe,L,FC,HI,Public,701,14.5,701,478,7.7,801,2.6,801,4.6,801.0,9.0,801.0,42.6,801.0,4.0,801,43.7,801.0,,1618.0,15830.0,16.8,0.03,2.57,25.38,18.2,15.6,41.9,26.7,24.6,2026.0,Poland,1100.5,1618.0,,26.95,42.0,3.0,10.8,28.75
1001-1200,1001-1200,University of Wolverhampton,Europe,L,CO,HI,Public,701,3.7,701,801,14.9,801,40.8,493,78.9,228.0,80.9,198.0,55.7,756.0,5.9,801,31.0,801.0,,965.0,13835.0,17.9,0.28,2.69,36.1,20.3,15.6,59.3,47.3,78.8,2026.0,United Kingdom,1100.5,965.0,,36.38,14.0,28.0,3.1,37.45
1001-1200,901-950,Yerevan State University,Asia,M,CO,HI,Public,701,6.0,701,271,1.9,801,8.7,801,3.0,801.0,7.2,801.0,21.2,801.0,90.0,106,13.3,801.0,,1999.0,14333.0,7.2,0.03,2.24,17.86,25.4,9.1,12.4,22.3,41.6,2026.0,Armenia,1100.5,1999.0,,11.15,64.8,3.0,8.7,10.75
1001-1200,901-950,Yokohama City University,Asia,M,FO,VH,Public,701,3.7,701,64,19.0,730,7.2,801,6.0,801.0,10.0,801.0,15.0,801.0,3.5,801,14.5,801.0,,1036.0,5142.0,5.4,0.03,2.32,34.82,28.2,10.8,62.0,65.0,28.9,2026.0,Japan,1100.5,1036.0,,26.7,96.7,3.0,3.3,36.4
1001-1200,1001-1200,Yokohama National University,Asia,M,CO,VH,Public,701,24.5,548,777,11.3,801,17.2,762,12.5,801.0,18.2,792.0,28.1,801.0,22.5,684,41.2,801.0,,1499.0,9459.0,13.2,0.08,0.39,27.27,28.3,21.9,22.1,82.3,35.3,2026.0,Japan,1100.5,1499.0,,20.85,22.9,8.0,11.6,22.0
1001-1200,1201-1400,Yuan Ze University,Asia,M,CO,VH,Private for Profit,701,9.7,701,801,19.7,716,22.2,684,23.0,689.0,25.9,671.0,38.9,801.0,2.1,801,42.9,801.0,,744.0,6717.0,20.4,0.11,1.83,40.26,19.7,27.3,62.5,79.8,61.2,2026.0,Taiwan,1100.5,744.0,,37.1,13.7,11.0,8.6,44.9
1201-1400,1201-1400,Al-Balqa Applied University,Asia,L,FC,HI,Public,701,15.4,701,801,5.8,801,15.2,801,5.2,801.0,9.2,801.0,46.0,801.0,5.5,801,41.8,801.0,,1140.0,24503.0,23.7,0.03,2.45,33.03,13.4,16.9,64.7,30.3,47.4,2026.0,Jordan,1300.5,1140.0,,33.35,6.0,3.0,10.2,40.8
1201-1400,1201-1400,Bahauddin Zakariya University,Asia,L,CO,VH,Public,701,7.8,701,801,30.3,584,20.1,,1.0,801.0,1.0,801.0,50.8,801.0,8.3,801,25.7,801.0,,784.0,19120.0,19.5,0.0,0.67,39.46,23.7,18.1,75.0,25.2,49.5,2026.0,Pakistan,1300.5,784.0,,43.55,4.1,0.0,8.5,46.55
1201-1400,,Beni-Suef University,Africa,XL,FC,HI,Public,701,4.1,701,801,11.1,801,13.7,801,1.6,801.0,6.0,801.0,51.5,801.0,2.8,801,39.8,801.0,,1096.0,82628.0,44.9,0.01,2.04,33.79,25.8,11.3,59.4,22.8,55.6,2026.0,Egypt,1300.5,1096.0,,33.33,2.1,1.0,8.7,35.35
1201-1400,1001-1200,BRAC University,Asia,L,CO,HI,Private not for Profit,701,33.4,429,801,3.6,801,1.7,801,1.8,801.0,6.2,801.0,30.4,801.0,4.5,801,30.0,801.0,,1062.0,17235.0,21.2,0.01,1.91,34.41,13.6,13.4,74.9,19.9,43.3,2026.0,Bangladesh,1300.5,1062.0,,30.58,11.6,1.0,14.9,44.15
1201-1400,1201-1400,Brock University,Americas,L,CO,HI,Public,701,10.9,701,801,16.6,772,4.2,801,27.5,621.0,33.5,570.0,29.2,801.0,6.7,801,41.5,801.0,,1317.0,21118.0,22.0,0.19,2.4,30.06,15.0,18.4,48.0,42.1,56.2,2026.0,Canada,1300.5,1317.0,,28.05,4.7,19.0,6.7,33.2
1201-1400,1001-1200,Canterbury Christ Church University,Europe,XL,CO,MD,Public,701,4.7,701,801,6.8,801,41.5,487,60.4,340.0,64.2,309.0,21.9,801.0,2.2,801,21.7,801.0,,1353.0,23395.0,38.4,0.55,2.4,29.43,18.0,13.5,46.3,19.0,74.1,2026.0,United Kingdom,1300.5,1353.0,,22.12,5.3,55.0,6.8,29.9
1201-1400,1201-1400,Chitkara University,Asia,L,CO,VH,Private not for Profit,701,10.9,701,801,5.4,801,13.1,801,5.4,801.0,9.1,801.0,44.0,801.0,1.7,801,47.4,776.0,,717.0,18269.0,13.8,0.03,1.87,40.81,21.1,14.7,91.0,22.7,28.2,2026.0,India,1300.5,717.0,,38.78,18.2,3.0,10.0,52.85
1201-1400,1201-1400,Doshisha University,Asia,L,CO,HI,Private not for Profit,701,16.2,701,801,2.5,801,22.1,685,6.3,801.0,11.6,801.0,18.7,801.0,26.3,620,22.1,801.0,,2069.0,26715.0,18.1,0.04,1.79,16.26,18.1,11.1,12.4,35.5,34.1,2026.0,Japan,1300.5,2069.0,,11.18,7.0,4.0,11.1,11.75
1201-1400,1201-1400,Feng Chia University,Asia,L,FO,VH,Private for Profit,701,11.8,701,801,11.7,801,5.6,801,6.8,801.0,11.0,801.0,10.1,801.0,21.0,707,53.9,624.0,,1760.0,20114.0,23.0,0.06,1.75,23.02,16.9,18.2,24.2,70.7,35.6,2026.0,Taiwan,1300.5,1760.0,,16.05,6.4,6.0,12.3,21.2
1201-1400,1201-1400,Fu Jen Catholic University,Asia,L,FC,HI,Private not for Profit,701,10.8,701,801,14.9,801,13.2,801,8.1,801.0,12.5,801.0,9.3,801.0,35.8,479,44.5,801.0,,1394.0,19288.0,25.9,0.05,2.49,28.68,23.1,27.6,28.5,76.6,30.0,2026.0,Taiwan,1300.5,1394.0,,20.08,4.5,5.0,10.6,28.05
1201-1400,,Galgotias University,Asia,L,CO,HI,Private not for Profit,701,4.6,701,553,3.2,801,21.1,696,15.0,801.0,18.1,793.0,16.9,801.0,3.3,801,48.7,,,1234.0,18462.0,14.8,0.03,0.56,31.61,21.3,10.9,64.2,19.5,28.3,2026.0,India,1300.5,1234.0,,23.8,36.2,3.0,16.6,37.55
1201-1400,1001-1200,Gunma University,Asia,M,FO,VH,Public,701,2.8,701,104,9.0,801,5.5,801,5.2,801.0,8.6,801.0,10.5,801.0,1.8,801,15.4,801.0,,1699.0,6155.0,7.4,0.05,0.64,24.08,27.9,13.4,24.2,66.3,27.4,2026.0,Japan,1300.5,1699.0,,14.27,89.8,5.0,3.8,18.8
1201-1400,1201-1400,Helwan University,Africa,XL,CO,HI,Public,701,15.0,701,801,2.6,801,1.2,801,3.4,801.0,2.8,801.0,63.6,642.0,20.1,724,36.1,801.0,,1533.0,153935.0,23.9,0.01,2.36,26.73,22.7,9.0,43.1,23.0,47.6,2026.0,Egypt,1300.5,1533.0,,29.58,4.9,1.0,11.0,26.05
1201-1400,1001-1200,Islamic University of Madinah,Asia,L,FO,HI,Public,701,3.5,701,801,3.0,801,46.5,459,100.0,8.0,100.0,3.0,19.1,801.0,2.6,801,7.6,801.0,,1019.0,17328.0,24.6,0.77,0.15,35.1,29.7,10.0,53.6,17.7,88.7,2026.0,Saudi Arabia,1300.5,1019.0,,21.42,7.8,77.0,8.1,31.8
1201-1400,1201-1400,Ivan Franko National University of Lviv,Europe,L,CO,HI,Public,701,25.3,533,590,1.7,801,1.3,801,1.6,801.0,6.0,801.0,13.3,801.0,26.1,622,43.1,801.0,,2092.0,21946.0,13.2,0.01,2.77,15.7,20.5,11.1,11.5,18.8,29.7,2026.0,Ukraine,1300.5,2092.0,,9.4,32.8,1.0,9.6,11.3
1201-1400,1201-1400,Jahangirnagar University,Asia,L,CO,HI,Public,701,17.5,701,801,9.3,801,20.1,,19.4,,21.7,,35.3,801.0,4.5,801,33.2,801.0,,941.0,11895.0,16.9,0.0,2.12,36.53,19.7,10.0,77.6,20.4,49.6,2026.0,Bangladesh,1300.5,941.0,,33.05,5.7,0.0,12.2,43.8
1201-1400,1001-1200,Kagoshima University,Asia,M,FC,VH,Public,701,4.7,701,234,6.1,801,5.1,801,5.0,801.0,4.0,801.0,24.0,801.0,1.6,801,23.0,801.0,,1751.0,10130.0,10.5,0.02,0.64,23.2,26.5,13.8,23.8,56.3,26.5,2026.0,Japan,1300.5,1751.0,,16.92,69.6,2.0,7.8,18.8
1201-1400,1201-1400,Kharkiv National University of Radio Electronics,Europe,M,SP,HI,Public,701,22.5,591,615,2.2,801,1.8,801,10.7,801.0,14.9,801.0,12.9,801.0,4.7,801,33.3,801.0,,1871.0,7129.0,11.6,0.06,0.43,20.7,20.8,9.0,30.0,18.6,29.5,2026.0,Ukraine,1300.5,1871.0,,13.52,31.1,6.0,3.2,19.5
1201-1400,1201-1400,King Mongkut's University of Technology North Bangkok,Asia,L,FO,VH,Public,701,11.9,701,801,7.3,801,3.8,801,1.4,801.0,5.8,801.0,31.1,801.0,3.1,801,31.7,801.0,,1266.0,27960.0,22.6,0.01,0.67,30.97,17.8,15.3,55.9,57.3,29.6,2026.0,Thailand,1300.5,1266.0,,27.4,5.3,1.0,13.4,35.6
1201-1400,1201-1400,Kwame Nkrumah University of Science and Technology,Africa,XL,CO,HI,Public,701,9.2,701,801,3.9,801,20.1,,19.4,,21.7,,65.9,611.0,49.9,344,42.3,801.0,,1286.0,76838.0,46.8,0.01,0.64,30.58,17.7,16.6,53.3,26.7,46.5,2026.0,Ghana,1300.5,1286.0,,34.92,6.0,1.0,10.2,34.95
1201-1400,1201-1400,Kyoto Institute of Technology,Asia,S,FO,VH,Public,701,6.3,701,801,18.7,741,15.3,801,13.6,801.0,17.1,801.0,13.2,801.0,1.8,801,24.6,801.0,,1771.0,4018.0,14.5,0.06,0.41,22.79,25.5,17.7,16.2,72.2,31.8,2026.0,Japan,1300.5,1771.0,,16.45,18.6,6.0,8.0,16.95
1201-1400,,Latvia University of Life Sciences and Technologies,Europe,S,FO,VH,Public,701,10.1,701,801,7.9,801,1.8,801,16.5,790.0,19.1,776.0,24.1,801.0,17.7,768,35.8,801.0,,1919.0,3998.0,14.1,0.08,2.08,19.43,21.7,15.8,17.9,24.9,27.8,2026.0,Latvia,1300.5,1919.0,,16.42,5.7,8.0,7.5,16.85
1201-1400,1201-1400,Meiji University,Asia,XL,FO,HI,Private for Profit,701,24.6,545,801,2.5,801,14.5,801,8.9,801.0,13.3,801.0,12.6,801.0,29.4,559,29.4,801.0,,2124.0,34072.0,21.9,0.05,0.52,14.79,16.2,10.2,11.6,31.1,31.0,2026.0,Japan,1300.5,2124.0,,9.22,5.9,5.0,9.4,10.9
1201-1400,,National Chin-Yi University of Technology,Asia,M,FO,VH,Public,701,16.4,701,801,12.9,801,3.1,801,20.6,718.0,21.3,745.0,15.6,801.0,2.1,801,40.0,801.0,,1640.0,7667.0,22.4,0.12,0.45,25.08,15.0,26.6,27.3,50.3,36.5,2026.0,Taiwan,1300.5,1640.0,,20.6,8.8,12.0,13.0,26.95
1201-1400,1201-1400,National Dong Hwa University,Asia,M,CO,HI,Public,701,7.0,701,801,8.7,801,13.9,801,18.6,750.0,22.2,729.0,10.7,801.0,2.1,801,46.9,793.0,,1474.0,10094.0,18.4,0.1,2.28,27.66,20.2,25.0,29.0,45.1,52.6,2026.0,Taiwan,1300.5,1474.0,,18.35,8.6,10.0,16.3,27.0
1201-1400,1201-1400,National Taiwan Ocean University,Asia,M,FO,VH,Public,701,6.3,701,801,18.5,745,10.2,801,13.9,801.0,16.6,801.0,18.6,801.0,4.1,801,55.7,582.0,,1449.0,8418.0,16.1,0.08,0.47,28.04,19.9,27.2,29.3,70.0,35.9,2026.0,Taiwan,1300.5,1449.0,,23.4,16.0,8.0,7.7,28.25
1201-1400,1201-1400,Novosibirsk State Technical University,Europe,L,FO,VH,Public,701,11.1,701,686,2.8,801,2.0,801,56.7,366.0,55.2,372.0,11.6,801.0,7.3,801,15.2,801.0,,2012.0,14178.0,16.5,0.2,0.59,17.52,18.1,12.9,14.3,32.8,37.9,2026.0,Russian Federation,1300.5,2012.0,,10.4,27.7,20.0,5.7,13.6
1201-1400,1201-1400,Pondicherry University,Asia,M,CO,VH,Public,701,3.4,701,801,33.4,545,2.3,801,1.6,801.0,6.0,801.0,34.7,801.0,3.2,801,47.1,785.0,,1280.0,9378.0,20.3,0.0,1.95,30.63,34.1,17.4,40.6,41.0,22.7,2026.0,India,1300.5,1280.0,,31.52,7.4,0.0,5.1,29.0
1201-1400,,Riphah International University,Asia,L,CO,HI,Private not for Profit,701,8.2,701,712,6.4,801,2.2,801,1.5,801.0,5.9,801.0,51.8,801.0,3.2,801,32.3,801.0,,1038.0,26970.0,11.9,0.0,2.45,34.81,20.0,10.4,71.2,17.8,50.9,2026.0,Pakistan,1300.5,1038.0,,34.95,26.2,0.0,13.8,40.8
1201-1400,1001-1200,Samara National Research University (Samara University),Europe,M,CO,VH,Public,701,3.7,701,199,3.2,801,2.9,801,22.3,696.0,27.1,652.0,19.5,801.0,13.2,801,30.6,801.0,,1872.0,9427.0,10.4,0.1,1.95,20.68,27.1,14.1,16.2,34.2,31.6,2026.0,Russian Federation,1300.5,1872.0,,13.25,74.6,10.0,4.0,15.15
1201-1400,1201-1400,Sathyabama Institute of Science and Technology,Asia,L,CO,VH,Private not for Profit,701,10.4,701,698,9.4,801,7.5,801,6.1,801.0,10.6,801.0,29.5,801.0,1.7,801,51.0,680.0,,1330.0,17560.0,12.5,0.04,2.08,29.84,30.9,10.7,48.6,24.0,27.8,2026.0,India,1300.5,1330.0,,24.55,27.0,4.0,11.0,29.65
1201-1400,1001-1200,Shinshu University,Asia,M,FC,VH,Public,701,4.9,701,507,20.2,709,6.8,801,4.7,801.0,8.8,801.0,25.2,801.0,3.4,801,24.6,801.0,,1450.0,10657.0,10.6,0.03,0.49,28.03,26.7,18.4,32.5,66.8,31.9,2026.0,Japan,1300.5,1450.0,,24.08,39.9,3.0,4.7,25.45
1201-1400,,Shiv Nadar University,Asia,S,CO,VH,Private for Profit,701,6.1,701,476,20.8,701,17.4,759,3.2,801.0,7.3,801.0,13.5,801.0,1.8,801,30.4,801.0,,1444.0,2290.0,9.2,0.02,1.83,28.18,31.7,8.1,40.6,27.7,42.5,2026.0,India,1300.5,1444.0,,20.75,42.1,2.0,7.5,24.35
1201-1400,1001-1200,Slovak University of Agriculture in Nitra,Europe,S,SP,HI,Public,701,10.6,701,547,15.5,794,8.8,801,8.9,801.0,12.3,801.0,28.5,801.0,5.7,801,24.9,801.0,,1411.0,4478.0,12.5,0.05,2.28,28.52,27.5,19.3,34.0,22.9,49.2,2026.0,Slovakia,1300.5,1411.0,,24.32,36.7,5.0,8.9,26.65
1201-1400,1201-1400,Suranaree University of Technology,Asia,L,FC,HI,Public,701,6.5,701,801,16.7,768,7.4,801,2.4,801.0,6.7,801.0,27.3,801.0,3.2,801,44.6,801.0,,1492.0,14931.0,27.9,0.01,2.24,27.33,25.0,17.4,33.7,52.4,36.1,2026.0,Thailand,1300.5,1492.0,,23.78,5.9,1.0,10.2,25.55
1201-1400,1001-1200,Taibah University,Asia,XL,FC,HI,Public,701,4.3,701,801,7.4,801,90.6,221,3.6,801.0,8.2,801.0,38.0,801.0,2.5,801,32.5,801.0,,1168.0,45990.0,19.5,0.02,2.65,32.64,16.1,11.2,60.4,23.0,74.7,2026.0,Saudi Arabia,1300.5,1168.0,,29.25,7.6,2.0,9.2,35.8
1201-1400,1201-1400,Tamkang University,Asia,L,CO,HI,Private for Profit,701,9.9,701,801,11.0,801,8.0,801,11.6,801.0,16.4,801.0,24.6,801.0,35.6,484,45.7,801.0,,1587.0,21955.0,20.1,0.07,1.95,25.74,16.1,12.4,40.1,50.5,44.6,2026.0,Taiwan,1300.5,1587.0,,22.02,5.2,7.0,7.8,26.25
1201-1400,1201-1400,Tanta University,Africa,XL,FC,HI,Public,701,9.8,701,801,4.0,801,1.5,801,3.0,801.0,7.3,801.0,73.3,484.0,5.7,801,48.1,757.0,,1133.0,128933.0,20.0,0.01,2.28,33.17,20.0,9.5,66.3,23.5,49.1,2026.0,Egypt,1300.5,1133.0,,38.28,7.2,1.0,7.7,37.9
1201-1400,1201-1400,Technical University of Cluj-Napoca,Europe,L,SP,VH,Public,701,10.7,701,801,8.2,801,4.0,801,5.6,801.0,10.1,801.0,46.5,801.0,5.1,801,42.1,801.0,,1710.0,18486.0,20.3,0.03,0.61,23.92,17.8,13.9,36.4,41.7,27.3,2026.0,Romania,1300.5,1710.0,,26.25,10.5,3.0,5.8,25.15
1201-1400,1201-1400,Technical University of Liberec,Europe,M,CO,VH,Public,701,5.0,701,452,9.3,801,15.6,789,14.9,801.0,18.7,785.0,28.5,801.0,2.5,801,15.7,801.0,,1784.0,5565.0,11.3,0.1,2.24,22.62,22.2,16.9,20.3,37.6,47.7,2026.0,Czechia,1300.5,1784.0,,18.75,43.9,10.0,5.6,18.6
1201-1400,,Tishk International University,Asia,M,CO,HI,Private for Profit,701,4.0,701,801,11.8,801,74.2,318,1.6,801.0,5.9,801.0,33.5,801.0,5.9,801,17.3,801.0,,1011.0,4665.0,16.1,0.01,2.12,35.24,15.4,13.3,69.8,19.0,68.6,2026.0,Iraq,1300.5,1011.0,,32.1,8.0,1.0,13.4,41.55
1201-1400,1201-1400,Tokai University,Asia,L,FC,HI,Private not for Profit,701,9.0,701,801,5.4,801,7.7,801,5.3,801.0,4.2,801.0,28.8,801.0,3.4,801,34.4,801.0,,1497.0,28774.0,16.6,0.05,0.41,27.29,17.6,12.8,46.9,48.3,31.8,2026.0,Japan,1300.5,1497.0,,23.48,18.1,5.0,12.8,29.85
1201-1400,1001-1200,Tokushima University,Asia,M,SP,VH,Public,701,3.2,701,231,10.2,801,3.3,801,3.8,801.0,7.8,801.0,18.2,801.0,6.4,801,23.3,801.0,,1453.0,7395.0,9.5,0.02,0.56,28.01,28.9,20.7,27.2,86.7,24.7,2026.0,Japan,1300.5,1453.0,,19.08,70.1,2.0,5.4,23.95
1201-1400,1201-1400,Tunghai University,Asia,L,FO,VH,Private for Profit,701,9.2,701,801,13.1,801,13.5,801,17.8,765.0,21.7,735.0,28.2,801.0,21.9,696,47.5,774.0,,1532.0,14886.0,20.5,0.09,2.32,26.74,15.7,15.4,40.8,44.2,48.4,2026.0,Taiwan,1300.5,1532.0,,24.38,6.7,9.0,10.1,28.1
1201-1400,1201-1400,Universidad del Desarrollo,Americas,L,CO,HI,Private not for Profit,701,15.7,701,801,4.0,801,10.6,801,3.3,801.0,7.6,801.0,18.3,801.0,6.8,801,47.5,774.0,,1485.0,17491.0,17.7,0.04,2.4,27.45,16.4,12.1,47.2,28.0,51.0,2026.0,Chile,1300.5,1485.0,,20.4,15.7,4.0,11.8,29.65
1201-1400,1201-1400,Universidad Nacional del Litoral,Americas,XL,CO,HI,Public,674,10.1,701,801,4.1,801,6.6,801,1.5,801.0,1.4,801.0,26.8,801.0,7.1,801,41.0,801.0,,2106.0,50839.0,34.9,0.01,2.65,15.34,13.5,9.6,16.9,25.2,33.3,2026.0,Argentina,1300.5,2106.0,,14.35,3.1,1.0,18.1,13.25
1201-1400,1201-1400,Universidad Peruana de Ciencias Aplicadas (UPC),Americas,XL,FO,HI,Private not for Profit,689,26.8,511,801,1.4,801,17.1,766,2.1,801.0,1.8,801.0,10.1,801.0,4.8,801,32.0,801.0,,2171.0,81453.0,29.7,0.02,2.08,13.37,12.0,8.8,13.6,17.2,33.5,2026.0,Peru,1300.5,2171.0,,8.48,4.7,2.0,17.8,11.2
1201-1400,1201-1400,Universidade do Estado do Rio de Janeiro (UERJ),Americas,XL,FC,HI,Public,701,6.5,701,780,4.0,801,4.8,801,1.4,801.0,1.3,801.0,48.0,801.0,22.6,680,31.8,801.0,,1732.0,34661.0,11.8,0.0,2.32,23.57,32.2,12.3,24.5,23.2,29.7,2026.0,Brazil,1300.5,1732.0,,22.2,22.6,0.0,13.2,18.4
1201-1400,1201-1400,Universidade Federal da Bahia,Americas,XL,FC,HI,Public,701,5.0,701,801,5.7,801,6.9,801,2.0,801.0,1.8,801.0,48.7,801.0,20.6,715,41.4,801.0,,1654.0,50721.0,19.0,0.01,2.28,24.71,27.1,14.6,30.0,25.1,33.0,2026.0,Brazil,1300.5,1654.0,,24.75,11.8,1.0,13.5,22.3
1201-1400,1201-1400,Universitas Negeri Yogyakarta,Asia,L,CO,HI,Public,701,6.7,701,801,2.0,801,18.8,732,2.8,801.0,7.2,801.0,10.8,801.0,2.8,801,32.5,801.0,,1537.0,27783.0,17.2,0.02,2.36,26.62,19.2,12.1,46.0,24.3,35.7,2026.0,Indonesia,1300.5,1537.0,,17.73,12.2,2.0,17.4,29.05
1201-1400,1201-1400,Universitas Pendidikan Indonesia,Asia,XL,CO,HI,Public,701,5.7,701,801,2.2,801,17.6,757,2.5,801.0,7.1,801.0,20.0,801.0,2.7,801,43.1,801.0,,1806.0,37007.0,16.9,0.02,2.36,22.06,20.3,11.9,32.2,20.7,28.4,2026.0,Indonesia,1300.5,1806.0,,16.58,16.2,2.0,17.4,22.05
1201-1400,,Universiti Malaysia Kelantan,Asia,M,CO,VH,Public,701,3.6,701,801,10.6,801,17.0,768,14.2,801.0,16.4,801.0,25.5,801.0,5.1,801,47.9,763.0,,1647.0,10001.0,20.0,0.08,2.94,24.93,16.1,14.8,35.5,37.7,49.8,2026.0,Malaysia,1300.5,1647.0,,21.6,7.1,8.0,9.5,25.15
1201-1400,1201-1400,University of Babylon,Asia,L,FC,HI,Public,701,25.9,524,801,3.7,801,1.3,801,1.2,801.0,1.1,801.0,36.6,801.0,5.8,801,29.8,801.0,,1733.0,29695.0,12.9,0.01,2.32,23.54,28.4,9.0,33.4,21.9,22.1,2026.0,Iraq,1300.5,1733.0,,20.67,19.6,1.0,7.7,21.2
1201-1400,1201-1400,University of Basrah,Asia,XL,FC,HI,Public,701,26.6,514,801,2.2,801,20.1,,1.0,801.0,1.0,801.0,34.7,801.0,14.2,801,20.0,801.0,,2161.0,88218.0,22.8,0.0,2.69,13.68,15.2,8.1,14.5,17.1,24.2,2026.0,Iraq,1300.5,2161.0,,14.88,18.7,0.0,9.1,11.3
1201-1400,1001-1200,University of Derby,Europe,L,CO,HI,Public,701,7.5,701,801,10.9,801,40.8,492,49.9,409.0,54.6,375.0,42.8,801.0,2.2,801,34.0,801.0,,793.0,15820.0,14.6,0.26,2.57,39.29,19.0,14.1,74.0,34.6,80.2,2026.0,United Kingdom,1300.5,793.0,,35.45,12.0,26.0,5.4,44.05
1201-1400,,University of Kerbala,Asia,L,FC,HI,Public,701,14.8,701,560,2.0,801,2.1,801,1.9,801.0,1.7,801.0,13.9,801.0,5.6,801,21.3,801.0,,2049.0,25226.0,12.4,0.0,2.32,16.72,22.3,8.1,16.9,16.4,27.5,2026.0,Iraq,1300.5,2049.0,,10.22,35.3,0.0,12.8,12.5
1201-1400,1201-1400,University of Kufa,Asia,XL,FC,HI,Public,701,33.3,433,607,2.1,801,20.1,,1.0,801.0,1.0,801.0,26.3,801.0,5.7,801,15.6,801.0,,1739.0,35860.0,11.8,0.0,2.49,23.5,23.6,9.0,38.1,16.9,24.3,2026.0,Iraq,1300.5,1739.0,,18.88,31.7,0.0,7.4,23.55
1201-1400,1201-1400,University of Miskolc,Europe,M,FO,VH,Private not for Profit,701,10.3,701,801,4.7,801,3.0,801,6.4,801.0,5.0,801.0,24.5,801.0,16.3,801,27.8,801.0,,1835.0,9107.0,17.7,0.09,2.16,21.35,23.8,14.7,21.2,24.3,36.4,2026.0,Hungary,1300.5,1835.0,,16.27,20.4,9.0,9.0,17.95
1201-1400,,University of Mosul,Asia,XL,FC,HI,Public,701,12.9,701,764,1.7,801,1.0,801,1.3,801.0,5.7,801.0,30.2,801.0,28.8,577,26.4,801.0,,2063.0,57684.0,13.7,0.0,2.36,16.44,19.3,10.5,16.9,29.9,19.2,2026.0,Iraq,1300.5,2063.0,,14.82,23.4,0.0,7.3,13.7
1201-1400,1001-1200,University of Novi Sad,Europe,XL,FC,HI,Public,701,6.5,701,801,6.9,801,20.1,,19.4,,21.7,,82.1,312.0,30.7,538,31.2,801.0,,1679.0,49296.0,14.0,0.07,2.45,24.34,19.9,11.5,32.8,59.6,38.8,2026.0,Serbia,1300.5,1679.0,,33.32,10.5,7.0,12.5,22.15
1201-1400,1201-1400,University of Ostrava,Europe,M,FC,HI,Public,701,2.9,701,801,5.9,801,34.6,540,32.2,564.0,24.2,702.0,28.9,801.0,5.0,801,24.2,801.0,,1635.0,9219.0,16.4,0.12,2.94,25.21,20.0,16.7,32.7,20.7,51.1,2026.0,Czechia,1300.5,1635.0,,21.05,20.5,12.0,8.0,24.7
1201-1400,1201-1400,University of Pannonia,Europe,S,FO,VH,Public,701,7.3,701,584,14.9,801,5.8,801,7.2,801.0,5.6,801.0,55.5,760.0,5.0,801,23.4,801.0,,1652.0,5317.0,20.0,0.06,2.08,24.76,22.7,17.7,29.9,31.8,35.9,2026.0,Hungary,1300.5,1652.0,,29.5,33.3,6.0,6.1,23.8
1201-1400,1201-1400,University of Pardubice,Europe,M,CO,VH,Public,701,5.2,701,407,5.8,801,12.3,801,15.5,801.0,19.7,768.0,36.2,801.0,2.5,801,15.8,801.0,,1785.0,7339.0,15.3,0.09,2.32,22.61,19.7,18.6,22.8,37.8,40.7,2026.0,Czechia,1300.5,1785.0,,20.85,47.8,9.0,5.2,20.7
1201-1400,1201-1400,University of Peradeniya,Asia,L,CO,HI,Public,701,13.6,701,801,3.7,801,20.1,,1.6,801.0,6.0,801.0,39.5,801.0,17.7,765,50.6,693.0,,1420.0,20419.0,26.2,0.0,2.53,28.44,12.8,12.4,56.4,30.0,39.3,2026.0,Sri Lanka,1300.5,1420.0,,28.0,14.3,0.0,10.4,34.4
1201-1400,,University of Petra,Asia,M,CO,HI,Private for Profit,701,8.1,701,801,6.2,801,25.9,635,47.1,429.0,44.2,472.0,9.9,801.0,5.7,801,34.6,801.0,,934.0,5154.0,17.3,0.18,2.28,36.66,15.2,12.4,76.1,17.5,67.4,2026.0,Jordan,1300.5,934.0,,26.15,10.0,18.0,8.8,44.25
1201-1400,1201-1400,University of Primorska,Europe,M,CO,HI,Public,701,5.7,701,801,8.3,801,31.6,567,38.9,506.0,37.4,523.0,45.4,801.0,13.2,801,21.8,801.0,,1702.0,5744.0,13.5,0.23,3.18,24.06,20.0,17.4,25.1,23.0,62.2,2026.0,Slovenia,1300.5,1702.0,,24.05,12.3,23.0,3.6,21.25
1201-1400,1201-1400,University of Rajshahi,Asia,L,CO,HI,Public,701,13.1,701,801,6.4,801,1.3,801,1.2,801.0,5.6,801.0,23.5,801.0,4.4,801,39.3,801.0,,1033.0,19819.0,17.8,0.0,0.56,34.87,16.5,9.9,77.0,22.1,42.0,2026.0,Bangladesh,1300.5,1033.0,,29.2,6.2,0.0,13.2,43.45
1201-1400,1201-1400,University of Rijeka,Europe,L,CO,VH,Public,701,8.4,701,801,8.7,801,2.8,801,5.8,801.0,10.1,801.0,50.2,801.0,15.3,801,42.4,801.0,,1655.0,12749.0,15.6,0.05,2.49,24.7,20.1,19.4,31.3,36.4,30.6,2026.0,Croatia,1300.5,1655.0,,27.4,17.0,5.0,7.3,25.35
1201-1400,1001-1200,University of Sarajevo,Europe,L,CO,HI,Public,701,1.0,701,801,2.9,801,20.1,,5.2,801.0,4.1,801.0,41.3,801.0,89.1,113,20.5,801.0,,1897.0,21375.0,13.0,0.03,,20.14,21.2,11.5,23.4,33.0,29.5,2026.0,Bosnia and Herzegovina,1300.5,1897.0,,19.77,6.5,3.0,5.0,17.45
1201-1400,1201-1400,University of Silesia in Katowice,Europe,L,CO,VH,Public,701,6.8,701,611,5.7,801,5.1,801,7.4,801.0,12.0,801.0,59.3,703.0,10.1,801,44.4,801.0,,1649.0,17261.0,10.6,0.05,2.77,24.85,28.0,15.2,28.8,27.8,32.4,2026.0,Poland,1300.5,1649.0,,27.25,31.3,5.0,8.6,22.0
1201-1400,1201-1400,University of Split,Europe,L,FC,HI,Public,701,9.2,701,801,8.8,801,1.6,801,3.3,801.0,7.5,801.0,52.3,801.0,22.4,687,44.8,801.0,,1487.0,18811.0,15.0,0.03,2.49,27.42,22.2,15.3,42.3,28.6,34.7,2026.0,Croatia,1300.5,1487.0,,29.68,8.7,3.0,7.6,28.8
1201-1400,1201-1400,Zagazig University,Africa,XL,FC,VH,Public,701,9.1,701,801,5.1,801,1.3,801,8.1,801.0,12.0,801.0,69.8,535.0,5.2,801,53.0,646.0,,1015.0,172762.0,21.8,0.03,2.2,35.15,17.9,11.2,71.2,36.4,50.7,2026.0,Egypt,1300.5,1015.0,,39.33,4.5,3.0,11.3,41.2
1401,1201-1400,Aoyama Gakuin University,Asia,L,FO,HI,Private not for Profit,701,16.8,701,801,2.5,801,20.3,707,4.5,801.0,3.6,801.0,9.5,801.0,14.5,801,9.6,801.0,,2123.0,20622.0,18.1,0.05,2.08,14.79,16.7,9.4,10.8,29.3,36.4,2026.0,Japan,1401.0,2123.0,,8.05,7.4,5.0,7.1,10.1
1401,,Aswan University,Africa,L,FC,HI,Public,701,2.2,701,801,6.4,801,1.1,801,1.8,801.0,6.1,801.0,53.9,784.0,2.9,801,40.0,801.0,,1184.0,32185.0,31.6,0.0,2.12,32.31,16.0,11.9,64.9,22.6,50.2,2026.0,Egypt,1401.0,1184.0,,34.28,11.8,0.0,7.1,38.4
1401,,Benha University,Africa,XL,FC,HI,Public,701,4.4,701,801,4.2,801,1.0,801,2.4,801.0,6.7,801.0,59.7,699.0,2.9,801,36.1,801.0,,1235.0,111190.0,28.9,0.01,1.95,31.58,16.5,10.3,63.9,22.0,49.0,2026.0,Egypt,1401.0,1235.0,,34.53,8.2,1.0,6.2,37.1
1401,1201-1400,Chaoyang University of Technology,Asia,L,FO,VH,Private for Profit,701,6.7,701,801,8.4,801,7.4,801,13.2,801.0,15.9,801.0,22.2,801.0,2.1,801,40.6,801.0,,1347.0,13390.0,34.9,0.06,2.32,29.51,15.5,22.8,42.6,53.7,45.3,2026.0,Taiwan,1401.0,1347.0,,24.0,6.4,6.0,5.0,32.7
1401,1401,East West University,Asia,L,FO,HI,Private not for Profit,701,17.7,701,801,4.5,801,1.4,801,1.0,801.0,5.5,801.0,9.2,801.0,8.3,801,32.5,801.0,,1818.0,12156.0,26.8,0.0,2.16,21.77,11.2,9.3,41.7,17.8,33.9,2026.0,Bangladesh,1401.0,1818.0,,16.18,3.7,0.0,8.8,25.5
1401,1201-1400,Herzen State Pedagogical University of Russia,Europe,L,FO,HI,Public,701,4.2,701,785,1.5,801,1.7,801,59.8,344.0,56.4,364.0,11.4,801.0,7.2,801,25.4,801.0,,2062.0,17884.0,16.0,0.21,3.02,16.46,20.7,12.9,9.8,18.6,39.1,2026.0,Russian Federation,1401.0,2062.0,,8.9,22.2,21.0,3.8,11.35
1401,1201-1400,Kazan National Research Technological University,Europe,L,CO,HI,Public,701,7.8,701,682,2.0,801,1.9,801,30.9,581.0,32.4,585.0,10.3,801.0,5.5,801,13.7,801.0,,2041.0,13472.0,12.3,0.16,0.64,16.8,22.0,9.9,10.2,44.2,34.8,2026.0,Russian Federation,1401.0,2041.0,,8.1,27.9,16.0,5.3,10.05
1401,1201-1400,Khulna University,Asia,M,CO,HI,Public,701,7.9,701,801,8.6,801,20.1,,19.4,,21.7,,20.8,801.0,4.3,801,25.4,801.0,,1493.0,8131.0,13.9,0.0,1.91,27.32,17.3,9.9,50.7,18.7,45.2,2026.0,Bangladesh,1401.0,1493.0,,22.5,14.3,0.0,8.6,30.3
1401,1201-1400,Lublin University of Technology,Europe,M,FO,VH,Public,701,3.0,701,680,8.9,801,2.5,801,29.5,595.0,27.5,645.0,14.4,801.0,3.9,801,17.7,801.0,,1585.0,6721.0,11.4,0.13,0.37,25.75,25.8,14.8,31.6,30.8,41.8,2026.0,Poland,1401.0,1585.0,,17.42,28.1,13.0,6.9,23.2
1401,,Mahasarakham University,Asia,XL,FC,MD,Public,662,2.7,701,801,2.6,801,8.7,801,3.6,801.0,7.7,801.0,11.0,801.0,10.3,801,23.9,801.0,,1945.0,39291.0,33.6,0.03,2.57,18.89,19.9,9.3,24.5,18.9,29.5,2026.0,Thailand,1401.0,1945.0,,11.85,2.8,3.0,18.5,16.9
1401,1401,Naresuan University,Asia,L,FC,MD,Public,701,5.3,701,801,3.0,801,6.9,801,1.8,801.0,6.2,801.0,12.5,801.0,3.1,801,39.6,801.0,,1858.0,26692.0,17.8,0.01,2.86,21.04,23.6,13.0,20.6,47.0,30.0,2026.0,Thailand,1401.0,1858.0,,12.28,9.3,1.0,10.9,16.8
1401,1201-1400,National Taipei University,Asia,M,FO,HI,Public,701,8.0,701,801,4.4,801,5.9,801,10.1,801.0,14.6,801.0,3.9,801.0,26.6,614,26.6,801.0,,1882.0,8630.0,15.6,0.06,2.28,20.47,19.4,15.4,19.5,51.6,31.5,2026.0,Taiwan,1401.0,1882.0,,10.8,11.6,6.0,12.4,17.45
1401,,Nile University,Africa,S,SP,HI,Private not for Profit,701,4.6,701,646,7.4,801,5.5,801,2.7,801.0,6.9,801.0,9.8,801.0,3.3,801,19.8,801.0,,1788.0,3826.0,18.5,0.01,0.59,22.51,15.2,12.9,34.6,38.8,31.4,2026.0,Egypt,1401.0,1788.0,,16.18,29.2,1.0,8.6,23.75
1401,1201-1400,Perm State University,Europe,M,CO,VH,Public,701,3.3,701,559,2.1,801,1.8,801,20.4,725.0,22.2,727.0,6.0,801.0,4.0,801,29.7,801.0,,2142.0,10895.0,14.5,0.09,2.36,14.34,18.4,12.0,7.9,24.5,27.8,2026.0,Russian Federation,1401.0,2142.0,,7.0,35.4,9.0,4.0,9.95
1401,1201-1400,Rikkyo University,Asia,L,FO,HI,Private for Profit,701,14.3,701,801,3.0,801,32.8,556,10.6,801.0,14.2,801.0,12.3,801.0,10.0,801,30.0,801.0,,1597.0,19644.0,14.7,0.05,2.36,25.63,18.5,9.6,41.0,21.4,56.4,2026.0,Japan,1401.0,1597.0,,16.48,9.9,5.0,5.5,25.3
1401,1401,Silpakorn University,Asia,L,CO,HI,Public,701,12.6,701,801,4.5,801,8.0,801,2.7,801.0,7.1,801.0,26.7,801.0,3.1,801,22.6,801.0,,1865.0,29673.0,21.9,0.02,2.86,20.85,21.4,15.6,19.6,46.4,30.4,2026.0,Thailand,1401.0,1865.0,,16.6,5.7,2.0,10.4,17.6
1401,1201-1400,Suez Canal University,Africa,XL,FC,HI,Public,701,3.9,701,801,4.4,801,2.5,801,3.0,801.0,7.3,801.0,52.2,801.0,2.9,801,48.0,762.0,,1275.0,51841.0,14.4,0.02,1.91,30.69,20.0,9.9,56.3,28.5,51.9,2026.0,Egypt,1401.0,1275.0,,30.7,17.4,2.0,6.1,33.1
1401,,Tashkent University of Information Technologies,Asia,L,SP,HI,Public,701,15.4,701,801,1.7,801,10.4,801,3.3,801.0,7.4,801.0,3.5,801.0,9.4,801,27.7,801.0,,1604.0,20688.0,18.4,0.0,0.33,25.56,17.6,9.2,49.5,27.8,23.2,2026.0,Uzbekistan,1401.0,1604.0,,15.98,7.4,0.0,10.7,29.35
1401,1401,Universitas Andalas,Asia,XL,CO,HI,Public,701,8.1,701,801,1.5,801,14.4,801,3.6,801.0,7.8,801.0,6.0,801.0,5.1,801,39.1,801.0,,1895.0,34409.0,17.7,0.02,2.53,20.17,17.8,11.9,22.6,37.8,42.3,2026.0,Indonesia,1401.0,1895.0,,10.5,13.9,2.0,13.4,17.25
1401,,Universitas Negeri Padang,Asia,XL,FO,HI,Public,701,2.5,701,608,1.3,801,17.7,753,2.1,801.0,6.4,801.0,6.4,801.0,2.6,801,39.2,801.0,,1583.0,45714.0,22.1,0.01,2.81,25.78,12.8,8.6,52.3,16.8,42.0,2026.0,Indonesia,1401.0,1583.0,,17.15,31.5,1.0,10.5,30.45
1401,,Universitas Syiah Kuala,Asia,L,FC,HI,Public,701,3.0,701,801,3.6,801,3.1,801,2.5,801.0,6.8,801.0,24.4,801.0,2.6,801,38.6,801.0,,1642.0,30794.0,15.8,0.0,2.61,25.05,17.5,9.6,48.0,19.5,25.6,2026.0,Indonesia,1401.0,1642.0,,21.4,18.1,0.0,8.6,28.8
1401,,Universiti Sultan Zainal Abidin,Asia,M,CO,VH,Public,701,2.8,701,801,5.4,801,19.5,721,9.9,801.0,13.6,801.0,28.1,801.0,5.1,801,16.9,801.0,,1080.0,11380.0,14.8,0.07,2.77,34.06,26.0,13.6,58.8,22.5,52.1,2026.0,Malaysia,1401.0,1080.0,,26.48,13.8,7.0,8.0,36.2
1401,,University of Moratuwa,Asia,M,SP,VH,Public,701,8.0,701,801,15.6,791,20.1,,1.0,801.0,1.0,801.0,13.2,801.0,13.1,801,24.9,801.0,,1740.0,11079.0,22.1,0.0,0.67,23.48,12.9,14.5,40.2,36.2,26.2,2026.0,Sri Lanka,1401.0,1740.0,,20.88,5.3,0.0,6.0,27.35
1401,1401,University of Oradea,Europe,L,FC,MD,Public,701,4.2,701,801,4.0,801,1.7,801,9.4,801.0,13.8,801.0,38.8,801.0,9.0,801,41.8,801.0,,1810.0,18847.0,19.0,0.05,2.53,21.87,16.5,13.3,31.7,18.7,38.5,2026.0,Romania,1401.0,1810.0,,21.95,6.5,5.0,7.5,22.5
1401,1201-1400,University of Sri Jayewardenepura,Asia,L,CO,HI,Public,701,12.2,701,801,7.0,801,20.1,,1.3,801.0,5.7,801.0,27.8,801.0,22.8,674,27.4,801.0,,1848.0,20006.0,25.3,0.0,2.65,21.22,12.6,9.5,37.4,18.2,37.3,2026.0,Sri Lanka,1401.0,1848.0,,20.42,5.7,0.0,8.0,23.45
1401,,University of Tripoli,Africa,XL,FC,MD,Public,701,12.8,701,801,1.3,801,1.2,801,3.4,801.0,7.6,801.0,30.6,801.0,28.7,582,11.2,801.0,,1254.0,71060.0,18.9,0.02,2.65,31.18,14.6,10.7,66.1,17.2,43.3,2026.0,Libya,1401.0,1254.0,,27.17,8.6,2.0,6.8,38.4
1401,1201-1400,University of West Bohemia,Europe,M,CO,VH,Public,701,5.3,701,801,7.9,801,20.1,,6.2,801.0,4.8,801.0,40.9,801.0,15.5,801,19.5,801.0,,1574.0,11369.0,14.5,0.06,2.28,25.9,19.6,18.0,35.4,38.2,36.7,2026.0,Czechia,1401.0,1574.0,,25.55,12.5,6.0,7.2,26.7
1401,1201-1400,Voronezh State University,Europe,L,CO,HI,Public,701,4.7,701,610,1.6,801,3.7,801,34.5,546.0,40.2,502.0,12.2,801.0,3.5,801,20.4,801.0,,2094.0,17718.0,12.3,0.14,2.12,15.62,23.5,11.0,7.1,18.7,34.9,2026.0,Russian Federation,1401.0,2094.0,,7.98,31.3,14.0,5.7,9.05
1401,,Walailak University,Asia,L,FC,MD,Public,701,2.7,701,801,5.6,801,13.9,801,3.0,801.0,7.4,801.0,31.5,801.0,3.2,801,43.0,801.0,,1243.0,10993.0,15.2,0.02,2.98,31.44,19.4,15.4,56.4,18.7,47.8,2026.0,Thailand,1401.0,1243.0,,27.22,12.5,2.0,8.3,35.9
1401,1201-1400,Yamaguchi University,Asia,M,FC,HI,Public,701,2.9,701,425,8.2,801,8.0,801,4.5,801.0,8.9,801.0,15.4,801.0,1.7,801,22.5,801.0,,1684.0,10373.0,10.9,0.05,0.61,24.28,27.8,14.2,24.0,58.7,32.2,2026.0,Japan,1401.0,1684.0,,15.45,46.1,5.0,4.4,19.1
