university_name,country,region,global_ranking_score,research_impact_score,faculty_to_student_ratio,international_student_percentage,academic_reputation_score,research_productivity_index
Massachusetts Institute of Technology (MIT),United States,Americas,100,66.9,16.6,5,100,58.625
Imperial College London,United Kingdom,Europe,99.83221476510067,63.24,16.6,5,98.5,55.575
University of Oxford,United Kingdom,Europe,99.66442953020132,57.779999999999994,16.6,5,100,51.025
Harvard University,United States,Americas,99.49664429530202,66.9,16.6,5,100,58.625
University of Cambridge,United Kingdom,Europe,99.32885906040268,57.66,16.6,5,100,50.925
Stanford University,United States,Americas,99.16107382550337,66.3,16.6,5,100,58.125
ETH Zurich - Swiss Federal Institute of Technology,Switzerland,Europe,98.99328859060402,65.64,16.6,5,98.8,57.575
National University of Singapore (NUS),Singapore,Asia,98.82550336,62.75999999999999,16.6,5,99.5,55.175
UCL,United Kingdom,Europe,98.65771812080536,50.22,16.6,5,99.5,44.725
California Institute of Technology (Caltech),United States,Americas,98.48993288590604,66.9,16.6,5,96.5,58.625
University of Pennsylvania,United States,Americas,98.32214765,51.3,16.6,5,96.3,45.625
"University of California, Berkeley (UCB)",United States,Americas,98.15436242,65.82000000000001,16.6,5,100,57.725
The University of Melbourne,Australia,Oceania,97.98657718120806,62.699999999999996,16.6,5,98.5,55.125
Peking University,China (Mainland),Asia,97.81879194630872,65.52,16.6,5,99.5,57.475
"Nanyang Technological University, Singapore (NTU)",Singapore,Asia,97.65100671,62.34,16.6,5,91.9,54.825
Cornell University,United States,Americas,97.48322147651008,65.4,16.6,5,98.3,57.375
The University of Hong Kong,Hong Kong SAR,Asia,97.31543624161074,58.74,16.6,5,97.4,51.825
The University of Sydney,Australia,Oceania,97.14765101,63.12,16.6,5,96.4,55.475
The University of New South Wales (UNSW Sydney),Australia,Oceania,96.97986577181209,63.84,16.6,5,90.5,56.075
Tsinghua University,China (Mainland),Asia,96.81208053691276,66.36,16.6,5,99.2,58.175
University of Chicago,United States,Americas,96.64429530201345,43.379999999999995,16.6,5,99.1,39.025
Princeton University,United States,Americas,96.47651006711408,66.9,16.6,5,99.8,58.625
Yale University,United States,Americas,96.30872483221476,30.060000000000002,16.6,5,99.9,27.925
Université PSL,France,Europe,96.14093959731544,59.459999999999994,16.6,5,74.4,52.425
University of Toronto,Canada,Americas,95.97315436,37.379999999999995,16.6,5,99.7,34.025
EPFL,Switzerland,Europe,95.80536912751678,63.059999999999995,16.6,5,84.2,55.425
The University of Edinburgh,United Kingdom,Europe,95.63758389261746,35.52,16.6,5,98.3,32.475
Technical University of Munich,Germany,Europe,95.46979865771812,52.44,16.6,5,83,46.575
McGill University,Canada,Americas,95.30201342,41.63999999999999,16.6,5,94.3,37.575
The Australian National University,Australia,Oceania,95.13422818791946,57.66,16.6,5,93.8,50.925
Seoul National University,South Korea,Asia,94.96644295302012,49.92,16.6,5,98.5,44.475
Johns Hopkins University,United States,Americas,94.79865772,57.42,16.6,5,86,50.725
The University of Tokyo,Japan,Asia,94.79865772,41.279999999999994,16.6,5,100,37.275
Columbia University,United States,Americas,94.46308724832215,25.92,16.6,5,99.6,24.475
The University of Manchester,United Kingdom,Europe,94.46308724832215,33.96,16.6,5,95.6,31.175
The Chinese University of Hong Kong (CUHK),Hong Kong SAR,Asia,94.12751677852349,62.64,16.6,5,86.7,55.075
Monash University,Australia,Oceania,93.95973154362416,59.459999999999994,16.6,5,89.2,52.425
University of British Columbia,Canada,Americas,93.79194630872485,41.519999999999996,16.6,5,98.3,37.475
Fudan University,China (Mainland),Asia,93.62416107,55.32,16.6,5,85.7,48.975
King's College London,United Kingdom,Europe,93.45637583892618,39.059999999999995,16.6,5,90.3,35.425
The University of Queensland,Australia,Oceania,93.45637583892618,61.019999999999996,16.6,5,86.7,53.725
"University of California, Los Angeles (UCLA)",United States,Americas,93.12080536912752,51.3,16.6,5,100,45.625
New York University (NYU),United States,Americas,92.95302013,24.060000000000002,16.6,5,96.3,22.925
University of Michigan-Ann Arbor,United States,Americas,92.78523489932886,35.46,16.6,5,97.9,32.425
Shanghai Jiao Tong University,China (Mainland),Asia,92.61744966442951,66.66,16.6,5,84,58.425
Institut Polytechnique de Paris,France,Europe,92.44966443,58.559999999999995,16.6,5,44.7,51.675
The Hong Kong University of Science and Technology,Hong Kong SAR,Asia,92.28187919463086,66.72,16.6,5,81.1,58.475
Zhejiang University,China (Mainland),Asia,92.28187919463086,66.6,16.6,5,75.3,58.375
Delft University of Technology,Netherlands,Europe,91.94630872483222,54.72,16.6,5,74.4,48.475
Kyoto University,Japan,Asia,91.77852348993288,30.479999999999997,16.6,5,98.8,28.275
Northwestern University,United States,Americas,91.77852348993288,47.519999999999996,16.6,5,84,42.475
The London School of Economics and Political Science (LSE),United Kingdom,Europe,91.77852348993288,48.54,16.6,5,67.2,43.325
KAIST - Korea Advanced Institute of Science & Technology,South Korea,Asia,91.27516779,64.62,16.6,5,87.7,56.725
University of Bristol,United Kingdom,Europe,91.10738255033556,52.44,16.6,5,75.8,46.575
University of Amsterdam,Netherlands,Europe,90.93959731543625,62.22,16.6,5,83.8,54.725
Yonsei University,South Korea,Asia,90.77181208053692,33.36,16.6,5,81.5,30.675
The Hong Kong Polytechnic University,Hong Kong SAR,Asia,90.60402685,63.84,16.6,5,68,56.075
Carnegie Mellon University,United States,Americas,90.43624161073824,66.24000000000001,16.6,5,69.8,58.075
Ludwig-Maximilians-Universität München,Germany,Europe,90.26845637583892,36.9,16.6,5,92.2,33.625
Universiti Malaya (UM),Malaysia,Asia,90.10067114,24.36,16.6,5,82.9,23.175
Duke University,United States,Americas,89.93288590604027,27.96,16.6,5,86,26.175
City University of Hong Kong,Hong Kong SAR,Asia,89.76510067114094,66.9,16.6,5,60.9,58.625
KU Leuven,Belgium,Europe,89.59731543624162,61.5,16.6,5,84.6,54.125
Sorbonne University,France,Europe,89.59731543624162,50.279999999999994,16.6,5,87.2,44.775
The University of Auckland,New Zealand,Oceania,89.26174496644296,47.04,16.6,5,82.2,42.075
University of Texas at Austin,United States,Americas,89.09395973154362,52.92,16.6,5,93.5,46.975
Korea University,South Korea,Asia,88.9261745,33.9,16.6,5,78.2,31.125
National Taiwan University (NTU),Taiwan,Asia,88.75838926174497,33.48,16.6,5,93.4,30.775
The University of Warwick,United Kingdom,Europe,88.59060402684564,29.520000000000003,16.6,5,72.2,27.475
University of Illinois at Urbana-Champaign,United States,Americas,88.59060402684564,53.4,16.6,5,83.9,47.375
Universidad de Buenos Aires (UBA),Argentina,Americas,88.25503355704699,7.86,16.6,5,94.1,9.425
"University of California, San Diego (UCSD)",United States,Americas,88.08724832214764,47.099999999999994,16.6,5,89.3,42.125
Université Paris-Saclay,France,Europe,87.91946308724832,27.9,16.6,5,60.7,26.125
KTH Royal Institute of Technology,Sweden,Europe,87.75167785234899,58.559999999999995,16.6,5,45.2,51.675
Lund University,Sweden,Europe,87.58389261744966,33.660000000000004,16.6,5,68.3,30.925
University of Washington,United States,Americas,87.41610738255034,54.17999999999999,16.6,5,81.9,48.025
The University of Western Australia,Australia,Oceania,87.24832214765101,66.17999999999999,16.6,5,55.5,58.025
University of Glasgow,United Kingdom,Europe,87.08053691275168,26.4,16.6,5,77.4,24.875
Brown University,United States,Americas,86.91275167785236,52.74,16.6,5,59.9,46.825
University of Birmingham,United Kingdom,Europe,86.74496644295301,31.200000000000003,16.6,5,68.9,28.875
University of Southampton,United Kingdom,Europe,86.74496644295301,56.94,16.6,5,50.1,50.325
The University of Adelaide,Australia,Oceania,86.40939597315436,59.099999999999994,16.6,5,56,52.125
University of Leeds,United Kingdom,Europe,86.40939597315436,30.78,16.6,5,70.5,28.525
Ruprecht-Karls-Universität Heidelberg,Germany,Europe,86.0738255,26.520000000000003,16.6,5,76.9,24.975
Tokyo Institute of Technology (Tokyo Tech),Japan,Asia,86.0738255,32.76,16.6,5,75.1,30.175
Osaka University,Japan,Asia,85.73825503355704,39.839999999999996,16.6,5,82.4,36.075
"Trinity College Dublin, The University of Dublin",Ireland,Europe,85.57046979865773,41.94,16.6,5,69.5,37.825
University of Technology Sydney,Australia,Oceania,85.40268456375838,65.52,16.6,5,43.9,57.475
Durham University,United Kingdom,Europe,85.23489932885906,31.439999999999998,16.6,5,59.6,29.075
Pennsylvania State University,United States,Americas,85.23489932885906,40.13999999999999,16.6,5,76.6,36.325
Purdue University,United States,Americas,85.23489932885906,39.48,16.6,5,63.3,35.775
Universidade de São Paulo,Brazil,Americas,84.73154362416108,24,16.6,5,92.8,22.875
Pontificia Universidad Católica de Chile (UC),Chile,Americas,84.56375838926175,12.18,16.6,5,93.7,13.025
Lomonosov Moscow State University,Russia,Europe,84.39597315436241,9.36,16.6,5,78,10.675
Universidad Nacional Autónoma de México (UNAM),Mexico,Americas,84.39597315436241,8.34,16.6,5,97,9.825
University of Alberta,Canada,Americas,84.06040268456377,43.67999999999999,16.6,5,57,39.275
Freie Universitaet Berlin,Germany,Europe,83.89261744966443,49.92,16.6,5,80.3,44.475
Pohang University of Science And Technology (POSTECH),South Korea,Asia,83.72483221,65.04,16.6,5,45.9,57.075
RWTH Aachen University,Germany,Europe,83.55704697986577,50.04,16.6,5,46.6,44.575
University of Copenhagen,Denmark,Europe,83.38926174496645,20.76,16.6,5,74,20.175
King Fahd University of Petroleum & Minerals,Saudi Arabia,Asia,83.22147651006712,53.699999999999996,16.6,5,38,47.625
"KIT, Karlsruhe Institute of Technology",Germany,Europe,83.05369127516778,47.94,16.6,5,44.9,42.825
Uppsala University,Sweden,Europe,82.88590604026845,32.28,16.6,5,61.4,29.775
University of St Andrews,United Kingdom,Europe,82.71812080536914,36.42,16.6,5,46.5,33.225
The University of Sheffield,United Kingdom,Europe,82.55033557,33.24,16.6,5,58.3,30.575
Utrecht University,Netherlands,Europe,82.55033557,54.599999999999994,16.6,5,66.5,48.375
Tohoku University,Japan,Asia,82.21476510067114,21.24,16.6,5,73.8,20.575
University of Nottingham,United Kingdom,Europe,82.04697987,29.46,16.6,5,61.1,27.425
Technical University of Denmark,Denmark,Europe,81.87919463087249,57.54,16.6,5,33.2,50.825
University of Zurich,Switzerland,Europe,81.87919463087249,30.96,16.6,5,59.9,28.675
Politecnico di Milano,Italy,Europe,81.54362416107382,31.020000000000003,16.6,5,70.8,28.725
Boston University,United States,Americas,82.04697987,31.68,16.6,5,61.9,29.275
Aalto University,Finland,Europe,81.20805369127517,51.059999999999995,16.6,5,45.7,45.425
Georgia Institute of Technology,United States,Americas,81.04026845637584,38.58,16.6,5,67.1,35.025
University of Waterloo,Canada,Americas,80.87248322147651,54.24,16.6,5,40.4,48.075
University of Wisconsin-Madison,United States,Americas,80.70469798657717,21.119999999999997,16.6,5,77.7,20.475
University of Helsinki,Finland,Europe,80.53691275167785,36.66,16.6,5,62.3,33.425
Indian Institute of Technology Bombay (IITB),India,Asia,80.36912751677853,54.35999999999999,16.6,5,58.5,48.175
University of Oslo,Norway,Europe,80.20134228187919,40.32,16.6,5,55.6,36.475
Queen Mary University of London,United Kingdom,Europe,80.03355704697987,44.58,16.6,5,48.3,40.025
Western University,Canada,Americas,80.03355704697987,62.94,16.6,5,32.6,55.325
Qatar University,Qatar,Asia,79.69798657718121,35.82,16.6,5,29.8,32.725
RMIT University,Australia,Oceania,79.53020134228188,53.519999999999996,16.6,5,40.4,47.475
Sungkyunkwan University(SKKU),South Korea,Asia,79.53020134228188,31.68,16.6,5,57.9,29.275
University of Southern California,United States,Americas,79.19463087248322,41.699999999999996,16.6,5,50.4,37.625
Humboldt-Universität zu Berlin,Germany,Europe,79.02684564,23.1,16.6,5,89.2,22.125
University College Dublin,Ireland,Europe,79.02684564,34.74,16.6,5,51.4,31.825
Stockholm University,Sweden,Europe,78.69127516778524,45.599999999999994,16.6,5,52.5,40.875
Newcastle University,United Kingdom,Europe,78.52348993288591,30.120000000000005,16.6,5,50,27.975
"University of California, Davis",United States,Americas,78.35570469798657,38.4,16.6,5,63,34.875
University of Basel,Switzerland,Europe,78.18791946308725,63.599999999999994,16.6,5,26.6,55.875
Sapienza University of Rome,Italy,Europe,78.02013422818791,34.08,16.6,5,80.7,31.275
Alma Mater Studiorum - University of Bologna,Italy,Europe,77.85234899328859,34.86,16.6,5,80.8,31.925
Macquarie University,Australia,Oceania,77.85234899328859,54.66,16.6,5,33.4,48.425
University of Science and Technology of China,China (Mainland),Asia,77.85234899328859,65.52,16.6,5,50,57.475
Eindhoven University of Technology,Netherlands,Europe,77.34899329,54.48,16.6,5,28.7,48.275
University of Vienna,Austria,Europe,77.18120805369128,14.7,16.6,5,70.9,15.125
Universiti Kebangsaan Malaysia (UKM),Malaysia,Asia,77.01342281879194,15.36,16.6,5,61.7,15.675
Chalmers University of Technology,Sweden,Europe,76.84563758389261,53.34,16.6,5,26.3,47.325
Universidad de Chile,Chile,Americas,76.84563758389261,13.620000000000001,16.6,5,82.8,14.225
Lancaster University,United Kingdom,Europe,76.51006711409396,48.66,16.6,5,38.9,43.425
Leiden University,Netherlands,Europe,76.51006711409396,39.599999999999994,16.6,5,68.4,35.875
Rice University,United States,Americas,76.51006711409396,59.64,16.6,5,39.1,52.575
Aarhus University,Denmark,Europe,76.00671140939598,45.17999999999999,16.6,5,54.7,40.525
Nanjing University,China (Mainland),Asia,75.83892617449665,62.699999999999996,16.6,5,57.1,55.125
Universiti Sains Malaysia (USM),Malaysia,Asia,75.67114093959731,18.66,16.6,5,63.3,18.425
Technische Universität Berlin (TU Berlin),Germany,Europe,75.50335570469798,20.16,16.6,5,55.3,19.675
Universiti Putra Malaysia (UPM),Malaysia,Asia,75.33557046979867,22.32,16.6,5,61,21.475
King Abdulaziz University (KAU),Saudi Arabia,Asia,75.16778523489933,27.54,16.6,5,59.8,25.825
Indian Institute of Technology Delhi (IITD),India,Asia,75,53.34,16.6,5,54.1,47.325
University of Bath,United Kingdom,Europe,75,38.1,16.6,5,35.8,34.625
Michigan State University,United States,Americas,74.66442953020133,37.08,16.6,5,59.5,33.775
Nagoya University,Japan,Asia,74.66442953020133,22.14,16.6,5,63.2,21.325
Texas A&M University,United States,Americas,74.32885906040269,45.48,16.6,5,61.2,40.775
University of Geneva,Switzerland,Europe,74.16107382550335,44.339999999999996,16.6,5,45.5,39.825
"University of North Carolina, Chapel Hill",United States,Americas,74.16107382550335,35.22,16.6,5,61.4,32.225
Wageningen University & Research,Netherlands,Europe,74.16107382550335,31.68,16.6,5,42.1,29.275
Erasmus University Rotterdam,Netherlands,Europe,73.65771812080537,44.879999999999995,16.6,5,37,40.275
Université de Montréal,Canada,Americas,73.48993288590604,18.48,16.6,5,55.5,18.275
University of Groningen,Netherlands,Europe,73.48993288590604,31.620000000000005,16.6,5,52.3,29.225
University of Bern,Switzerland,Europe,73.15436241610739,66.48,16.6,5,29.7,58.275
Hanyang University,South Korea,Asia,72.98657718120806,24,16.6,5,43,22.875
Al-Farabi Kazakh National University,Kazakhstan,Asia,72.81879194630872,7.74,16.6,5,54.2,9.325
Complutense University of Madrid,Spain,Europe,72.65100671,11.64,16.6,5,68.1,12.575
Universitat de Barcelona,Spain,Europe,72.48322147651007,29.759999999999998,16.6,5,73.7,27.675
University of Liverpool,United Kingdom,Europe,72.48322147651007,28.86,16.6,5,46.1,26.925
Kyushu University,Japan,Asia,72.14765100671141,23.64,16.6,5,58.3,22.575
University of Wollongong,Australia,Oceania,72.14765100671141,63.66,16.6,5,29.5,55.925
Ghent University,Belgium,Europe,71.81208053691275,19.8,16.6,5,53.2,19.375
The University of Exeter,United Kingdom,Europe,71.81208053691275,32.4,16.6,5,42.9,29.875
University of Cape Town,South Africa,Africa,71.47651006711409,34.98,16.6,5,45.2,32.025
University of Reading,United Kingdom,Europe,71.30872483221476,46.32,16.6,5,32.2,41.475
Hokkaido University,Japan,Asia,71.14093959731544,22.5,16.6,5,59,21.625
Curtin University,Australia,Oceania,70.97315436,57.72,16.6,5,33.1,50.975
Universitat Autònoma de Barcelona,Spain,Europe,70.80536912751678,42.599999999999994,16.6,5,64,38.375
McMaster University,Canada,Americas,70.63758389261746,28.259999999999998,16.6,5,39.5,26.425
Washington University in St. Louis,United States,Americas,71.47651006711409,35.52,16.6,5,36.3,32.475
"University of California, Santa Barbara (UCSB)",United States,Americas,70.30201342281879,65.58,16.6,5,52.6,57.525
"The University of Newcastle, Australia (UON)",Australia,Oceania,70.13422818791946,61.92,16.6,5,28.3,54.475
Universidad de los Andes,Colombia,Americas,70.13422818791946,10.440000000000001,16.6,5,67.7,11.575
Universiti Teknologi Malaysia,Malaysia,Asia,69.79865771812081,31.200000000000003,16.6,5,48.6,28.875
Waseda University,Japan,Asia,69.79865771812081,9.18,16.6,5,60.7,10.525
Hamad Bin Khalifa University,Qatar,Asia,69.46308724832215,66.9,16.6,5,12.9,58.625
University of York,United Kingdom,Europe,69.29530201342283,30.96,16.6,5,42.9,28.675
Tecnológico de Monterrey,Mexico,Americas,69.12751677852349,8.34,16.6,5,53.8,9.825
Cardiff University,United Kingdom,Europe,68.95973154362416,24.9,16.6,5,46.8,23.625
École Normale Supérieure de Lyon,France,Europe,68.79194630872483,63,16.6,5,29.8,55.375
Keio University,Japan,Asia,68.62416107,9.96,16.6,5,53,11.175
University of Ottawa,Canada,Americas,68.45637583892618,55.67999999999999,16.6,5,26.2,49.275
Technische Universität Wien,Austria,Europe,68.28859060402685,51.17999999999999,16.6,5,33.9,45.525
Universität Hamburg,Germany,Europe,68.12080536912751,39.72,16.6,5,50.7,35.975
Tongji University,China (Mainland),Asia,67.95302013,65.04,16.6,5,31.8,57.075
Queen's University at Kingston,Canada,Americas,67.78523489932886,32.46,16.6,5,40.8,29.925
University of Gothenburg,Sweden,Europe,67.61744966442953,27.060000000000002,16.6,5,35.4,25.425
Wuhan University,China (Mainland),Asia,67.61744966442953,62.04,16.6,5,39.2,54.575
Emory University,United States,Americas,67.28187919463086,53.94,16.6,5,25.2,47.825
Deakin University,Australia,Oceania,67.11409395973155,51.059999999999995,16.6,5,31.3,45.425
Universidad Autónoma de Madrid,Spain,Europe,66.94630872483222,19.5,16.6,5,61,19.125
University of Calgary,Canada,Americas,66.94630872483222,31.08,16.6,5,37.9,28.775
Arizona State University,United States,Americas,66.61073825503355,35.160000000000004,16.6,5,48.6,32.175
King Saud University,Saudi Arabia,Asia,66.61073825503355,30.9,16.6,5,39.4,28.625
American University of Sharjah,United Arab Emirates,Asia,44.46308724832215,21.24,16.6,5,20.9,20.575
Université catholique de Louvain (UCLouvain),Belgium,Europe,66.10738255033557,39.9,16.6,5,48.4,36.125
University of Minnesota Twin Cities,United States,Americas,66.10738255033557,32.04,16.6,5,56.8,29.575
Ecole des Ponts ParisTech,France,Europe,65.77181208053692,44.46,16.6,5,8.9,39.925
Queen's University Belfast,United Kingdom,Europe,65.60402684563759,31.259999999999998,16.6,5,35.4,28.925
Universitas Indonesia,Indonesia,Asia,65.60402684563759,8.16,16.6,5,53.8,9.675
The Ohio State University,United States,Americas,65.26845637583892,25.619999999999997,16.6,5,58.6,24.225
Tel Aviv University,Israel,Asia,65.10067114,66.54,16.6,5,32,58.325
National Tsing Hua University,Taiwan,Asia,64.93288590604027,36.66,16.6,5,54.8,33.425
Indian Institute of Science,India,Asia,64.76510067114094,66.84,16.6,5,45.7,58.575
Albert-Ludwigs-Universitaet Freiburg,Germany,Europe,64.59731543624162,38.22,16.6,5,43.1,34.725
Queensland University of Technology (QUT),Australia,Oceania,64.42953020134227,42.839999999999996,16.6,5,39.8,38.575
University of Otago,New Zealand,Oceania,64.26174496644296,30.18,16.6,5,45,28.025
National Cheng Kung University (NCKU),Taiwan,Asia,64.09395973154362,19.08,16.6,5,51.5,18.775
University of Florida,United States,Americas,64.09395973154362,26.160000000000004,16.6,5,46.7,24.675
La Trobe University,Australia,Oceania,63.758389261744966,53.519999999999996,16.6,5,23.6,47.475
"University of Maryland, College Park",United States,Americas,63.59060402684564,39.9,16.6,5,48.6,36.125
National Yang Ming Chiao Tung University,Taiwan,Asia,63.42281879194631,38.52,16.6,5,32.9,34.975
Universidad Nacional de Colombia,Colombia,Americas,63.42281879194631,8.940000000000001,16.6,5,71,10.325
Vrije Universiteit Amsterdam,Netherlands,Europe,63.08724832214765,45.12,16.6,5,39.4,40.475
Eberhard Karls Universität Tübingen,Germany,Europe,62.91946308724832,19.2,16.6,5,46,18.875
Indian Institute of Technology Kharagpur (IIT-KGP),India,Asia,62.91946308724832,61.019999999999996,16.6,5,34,53.725
Friedrich-Alexander-Universität Erlangen-Nürnberg,Germany,Europe,62.58389261744966,63.84,16.6,5,25.8,56.075
Loughborough University,United Kingdom,Europe,62.58389261744966,26.339999999999996,16.6,5,29.7,24.825
University of Lausanne,Switzerland,Europe,62.58389261744966,43.5,16.6,5,28.4,39.125
Indian Institute of Technology Madras (IITM),India,Asia,62.08053691275168,49.08,16.6,5,42.4,43.775
Rheinische Friedrich-Wilhelms-Universität Bonn,Germany,Europe,62.08053691275168,17.22,16.6,5,52.8,17.225
Chulalongkorn University,Thailand,Asia,61.74496644295302,11.4,16.6,5,68.2,12.375
Maastricht University,Netherlands,Europe,61.57718120805369,44.58,16.6,5,23,40.025
Universite libre de Bruxelles,Belgium,Europe,61.57718120805369,36.839999999999996,16.6,5,33.3,33.575
Universidade Estadual de Campinas (Unicamp),Brazil,Americas,61.24161073825504,21.48,16.6,5,71.8,20.775
University of Twente,Netherlands,Europe,61.07382550335571,43.67999999999999,16.6,5,20.7,39.275
Technische Universität Dresden,Germany,Europe,60.90604026845637,24,16.6,5,36.3,22.875
University of Waikato,New Zealand,Oceania,60.738255033557046,57.72,16.6,5,19.1,50.975
Università di Padova,Italy,Europe,60.570469798657726,34.32,16.6,5,58.9,31.475
University of Aberdeen,United Kingdom,Europe,60.570469798657726,26.1,16.6,5,30.5,24.625
University of Rochester,United States,Americas,60.570469798657726,27.060000000000002,16.6,5,22.6,25.425
Gadjah Mada University,Indonesia,Asia,60.06711409395973,7.92,16.6,5,54.4,9.475
Massey University,New Zealand,Oceania,60.06711409395973,23.339999999999996,16.6,5,30.1,22.325
Politecnico di Torino,Italy,Europe,59.73154362416108,37.86,16.6,5,40.2,34.425
Technical University of Darmstadt,Germany,Europe,59.73154362416108,48.9,16.6,5,20,43.625
Dartmouth College,United States,Americas,59.395973154362416,43.26,16.6,5,22.8,38.925
Victoria University of Wellington,New Zealand,Oceania,59.22818791946308,26.160000000000004,16.6,5,42.8,24.675
University of Macau,Macau SAR,Asia,59.06040268456376,66.36,16.6,5,11.9,58.175
Charles University,Czechia,Europe,58.89261744966443,11.7,16.6,5,45.6,12.625
University of Sussex,United Kingdom,Europe,58.89261744966443,40.98,16.6,5,22.6,37.025
Vanderbilt University,United States,Americas,58.55704697986577,38.699999999999996,16.6,5,24.4,35.125
University of Navarra,Spain,Europe,58.38926174496645,15.719999999999999,16.6,5,30.6,15.975
American University of Beirut (AUB),Lebanon,Asia,58.22147651006711,24.240000000000002,16.6,5,28.6,23.075
Taylor's University,Malaysia,Asia,58.053691275167786,12.96,16.6,5,27,13.675
Harbin Institute of Technology,China (Mainland),Asia,57.88590604026845,66.78,16.6,5,27.1,58.525
Hong Kong Baptist University,Hong Kong SAR,Asia,57.88590604026845,43.739999999999995,16.6,5,18.2,39.325
University of Göttingen,Germany,Europe,57.88590604026845,16.619999999999997,16.6,5,46.4,16.725
Griffith University,Australia,Oceania,57.38255033557047,44.4,16.6,5,27,39.875
Bandung Institute of Technology (ITB),Indonesia,Asia,57.21476510067114,8.46,16.6,5,43.2,9.925
Heriot-Watt University,United Kingdom,Europe,57.21476510067114,46.019999999999996,16.6,5,17.8,41.225
University of Warsaw,Poland,Europe,56.87919463087249,10.2,16.6,5,50,11.375
Case Western Reserve University,United States,Americas,56.71140939597316,43.86,16.6,5,17.2,39.425
University of Lisbon,Portugal,Europe,56.54362416107382,28.799999999999997,16.6,5,44,26.875
Canadian University Dubai,United Arab Emirates,Asia,12.416107382550337,8.52,16.6,5,20.1,9.975
University of Canterbury | Te Whare Wananga o Waitaha,New Zealand,Oceania,56.375838926174495,25.740000000000002,16.6,5,34.7,24.325
Indian Institute of Technology Kanpur (IITK),India,Asia,56.04026845637584,50.879999999999995,16.6,5,36.9,45.275
Norwegian University of Science And Technology,Norway,Europe,55.87248322147651,25.14,16.6,5,33.2,23.825
UCSI University,Malaysia,Asia,55.70469798657718,9.06,16.6,5,27,10.425
Universitat Pompeu Fabra (Barcelona),Spain,Europe,55.70469798657718,47.16,16.6,5,31.7,42.175
University of Antwerp,Belgium,Europe,55.369127516778526,35.76,16.6,5,24.1,32.675
University of Witwatersrand,South Africa,Africa,55.369127516778526,25.200000000000003,16.6,5,26.5,23.875
Tianjin University,China (Mainland),Asia,55.033557046979865,66.6,16.6,5,17.2,58.375
Universiti Teknologi PETRONAS (UTP),Malaysia,Asia,55.033557046979865,54.3,16.6,5,19.5,48.125
Beijing Normal University,China (Mainland),Asia,54.69798657718121,62.459999999999994,16.6,5,33.9,54.925
Radboud University,Netherlands,Europe,54.530201342281885,46.5,16.6,5,28,41.625
University College Cork,Ireland,Europe,54.36241610738255,24,16.6,5,30.1,22.875
University of Galway,Ireland,Europe,54.36241610738255,14.82,16.6,5,26.2,15.225
Dalhousie University,Canada,Americas,54.02684564,39,16.6,5,19.4,35.375
University of Massachusetts Amherst,United States,Americas,54.02684564,36.18,16.6,5,38.2,33.025
University of Pittsburgh,United States,Americas,54.02684564,25.68,16.6,5,35,24.275
University of Porto,Portugal,Europe,53.52348993,42.66,16.6,5,41.3,38.425
Vrije Universiteit Brussel (VUB),Belgium,Europe,53.52348993,17.82,16.6,5,23.3,17.725
Ulsan National Institute of Science and Technology (UNIST),South Korea,Asia,53.187919463087255,65.75999999999999,16.6,5,13.6,57.675
The Hebrew University of Jerusalem,Israel,Asia,53.02013422818792,18.54,16.6,5,32.8,18.325
University of Strathclyde,United Kingdom,Europe,53.02013422818792,25.979999999999997,16.6,5,25.9,24.525
Université Paris 1 Panthéon-Sorbonne,France,Europe,52.68456375838926,8.64,16.6,5,65.6,10.075
Southern University of Science and Technology,China (Mainland),Asia,52.51677852348994,66.17999999999999,16.6,5,9.3,58.025
Middle East Technical University,Turkey,Asia,52.348993288590606,20.28,16.6,5,31.2,19.775
Universidad Carlos III de Madrid (UC3M),Spain,Europe,52.348993288590606,9.36,16.6,5,33.5,10.675
University of Cologne,Germany,Europe,52.348993288590606,24.479999999999997,16.6,5,35.2,23.275
University of Leicester,United Kingdom,Europe,52.348993288590606,32.94,16.6,5,19.8,30.325
University of Milan,Italy,Europe,52.348993288590606,30.660000000000004,16.6,5,52.8,28.425
University of Surrey,United Kingdom,Europe,52.348993288590606,40.019999999999996,16.6,5,19.7,36.225
Swinburne University of Technology,Australia,Oceania,51.34228187919463,58.8,16.6,5,13.9,51.875
University of Bergen,Norway,Europe,51.34228187919463,23.880000000000003,16.6,5,31.6,22.775
The University of Arizona,United States,Americas,51.006711409395976,30.18,16.6,5,37.3,28.025
University of Tasmania,Australia,Oceania,51.006711409395976,42.779999999999994,16.6,5,16,38.525
Xian Jiaotong University,China (Mainland),Asia,50.67114093959732,60.599999999999994,16.6,5,19,53.375
Stellenbosch University,South Africa,Africa,50.50335570469798,44.04,16.6,5,26.1,39.575
University of Virginia,United States,Americas,50.33557046979866,24.36,16.6,5,37.3,23.175
Bauman Moscow State Technical University,Russia,Europe,50.16778523489933,7.74,16.6,5,36.2,9.325
Swansea University,United Kingdom,Europe,50.16778523489933,23.64,16.6,5,23.1,22.575
Huazhong University of Science and Technology,China (Mainland),Asia,49.832214765100666,66.84,16.6,5,20.4,58.575
Georgetown University,United States,Americas,49.66442953020135,15.3,16.6,5,29.3,15.625
Beijing Institute of Technology,China (Mainland),Asia,49.49664429530201,56.099999999999994,16.6,5,23.2,49.625
Université Paris Cité,France,Europe,49.49664429530201,59.099999999999994,16.6,5,27.8,52.125
Linköping University,Sweden,Europe,49.16107382550335,34.14,16.6,5,18.5,31.325
Universidade Federal do Rio de Janeiro,Brazil,Americas,49.16107382550335,11.58,16.6,5,61.9,12.525
Aalborg University,Denmark,Europe,48.82550336,38.82,16.6,5,19.9,35.225
"University of California, Irvine",United States,Americas,48.65771812080537,31.32,16.6,5,37.5,28.975
Airlangga University,Indonesia,Asia,48.48993288590604,7.800000000000001,16.6,5,37.1,9.375
Goethe-University Frankfurt am Main,Germany,Europe,48.32214765100672,16.439999999999998,16.6,5,43.2,16.575
Universität Innsbruck,Austria,Europe,48.32214765100672,12.48,16.6,5,20.3,13.275
North Carolina State University,United States,Americas,47.98657718120805,44.94,16.6,5,26.7,40.325
Jagiellonian University,Poland,Europe,47.81879194630873,10.2,16.6,5,37.8,11.375
University of Johannesburg,South Africa,Africa,47.81879194630873,21.839999999999996,16.6,5,17.7,21.075
Universität Stuttgart,Germany,Europe,47.48322147651007,40.019999999999996,16.6,5,23.1,36.225
Quaid-i-Azam University,Pakistan,Asia,47.31543624161073,63.059999999999995,16.6,5,17.3,55.425
RUDN University,Russia,Europe,47.14765100671141,8.16,16.6,5,24.4,9.675
Shandong University,China (Mainland),Asia,47.14765100671141,59.82,16.6,5,16.6,52.725
University of Notre Dame,United States,Americas,47.14765100671141,24.42,16.6,5,25.8,23.225
Simon Fraser University,Canada,Americas,46.64429530201343,28.86,16.6,5,24,26.925
University of Colorado Boulder,United States,Americas,46.47651007,27.839999999999996,16.6,5,36.1,26.075
L.N. Gumilyov Eurasian National University (ENU),Kazakhstan,Asia,46.30872483221477,7.74,16.6,5,34.4,9.325
National Technical University of Athens,Greece,Europe,46.30872483221477,52.5,16.6,5,21.3,46.625
Universidad Politécnica de Madrid (UPM),Spain,Europe,46.30872483221477,13.74,16.6,5,31.3,14.325
University of Miami,United States,Americas,45.80536912751678,30.479999999999997,16.6,5,19,28.275
University of Southern Denmark (SDU),Denmark,Europe,45.80536912751678,36.48,16.6,5,20.2,33.275
Daegu Gyeongbuk Institute of Science and Technology (DGIST),South Korea,Asia,45.46979865771812,66.84,16.6,5,10.5,58.575
Istanbul Technical University,Turkey,Asia,45.46979865771812,17.1,16.6,5,27,17.125
Kyung Hee University,South Korea,Asia,45.13422818791946,15.959999999999999,16.6,5,23.2,16.175
Rutgers UniversityNew Brunswick,United States,Americas,45.13422818791946,14.58,16.6,5,36.2,15.025
University of Delhi,India,Asia,45.13422818791946,22.439999999999998,16.6,5,38.1,21.575
Sun Yat-sen University,China (Mainland),Asia,44.63087248322148,36.6,16.6,5,31.8,33.375
Abu Dhabi University,United Arab Emirates,Asia,16.10738255033557,16.92,16.6,5,15.9,16.975
University of East Anglia (UEA),United Kingdom,Europe,44.46308724832215,42.12,16.6,5,17.2,37.975
Université Grenoble Alpes,France,Europe,44.12751677852349,31.92,16.6,5,44.7,29.475
Indian Institute of Technology Roorkee (IITR),India,Asia,43.95973154362416,63.17999999999999,16.6,5,19.4,55.525
Flinders University,Australia,Oceania,43.79194630872483,37.98,16.6,5,13.5,34.525
Lappeenranta-Lahti University of Technology LUT,Finland,Europe,43.79194630872483,65.46,16.6,5,6.4,57.425
Sichuan University,China (Mainland),Asia,43.79194630872483,66,16.6,5,20.4,57.875
University of the Philippines,Philippines,Asia,43.79194630872483,8.040000000000001,16.6,5,36.3,9.575
University of Saskatchewan,Canada,Americas,43.12080536912752,41.099999999999994,16.6,5,11.1,37.125
University of South Australia,Australia,Oceania,43.12080536912752,26.04,16.6,5,21.3,24.575
Brunel University London,United Kingdom,Europe,42.78523489932886,34.8,16.6,5,11.1,31.875
Sharif University of Technology,"Iran, Islamic Republic of",Asia,42.78523489932886,66.84,16.6,5,11.5,58.575
Indian Institute of Technology Guwahati (IITG),India,Asia,42.44966443,65.46,16.6,5,18.8,57.425
Tufts University,United States,Americas,42.44966443,34.32,16.6,5,16.9,31.475
University of Oulu,Finland,Europe,42.44966443,42.54,16.6,5,15.1,38.325
Tilburg University,Netherlands,Europe,41.94630872483221,39.96,16.6,5,14.7,36.175
University of Naples - Federico II,Italy,Europe,41.94630872483221,45.959999999999994,16.6,5,36.6,41.175
University of Victoria (UVic),Canada,Americas,41.61073825503356,44.4,16.6,5,17,39.875
Cairo University,Egypt,Africa,41.44295302013423,8.7,16.6,5,45.8,10.125
Sciences Po,France,Europe,41.44295302013423,8.58,16.6,5,16.8,10.025
"City, University of London",United Kingdom,Europe,41.10738255033557,25.619999999999997,16.6,5,20.8,24.225
National University of Sciences And Technology (NUST) Islamabad,Pakistan,Asia,40.939597315436245,15.6,16.6,5,20.4,15.875
University of Pretoria,South Africa,Africa,40.77181208053691,16.2,16.6,5,23.9,16.375
Indiana University Bloomington,United States,Americas,40.604026845637584,24.36,16.6,5,33.4,23.175
University of Coimbra,Portugal,Europe,40.604026845637584,36.779999999999994,16.6,5,29.4,33.525
University of Luxembourg,Luxembourg,Europe,40.604026845637584,22.02,16.6,5,9.2,21.225
University of Tartu,Estonia,Europe,40.10067114,13.38,16.6,5,22.9,14.025
Gwangju Institute of Science and Technology (GIST),South Korea,Asia,39.93288590604027,66.9,16.6,5,13.8,58.625
Pontificia Universidad Católica del Perú,Peru,Americas,39.93288590604027,7.86,16.6,5,48.4,9.425
University of Aveiro,Portugal,Europe,39.93288590604027,61.25999999999999,16.6,5,13.9,53.925
Sultan Qaboos University,Oman,Asia,39.42953020134228,20.04,16.6,5,18.6,19.575
Xiamen University,China (Mainland),Asia,39.42953020134228,50.22,16.6,5,23.6,44.725
York University,Canada,Americas,39.42953020134228,20.46,16.6,5,22.7,19.925
Saint Petersburg State University,Russia,Europe,38.92617449664429,9.66,16.6,5,36.3,10.925
University of Illinois at Chicago (UIC),United States,Americas,38.92617449664429,20.880000000000003,16.6,5,38.5,20.275
Westfälische Wilhelms-Universität Münster,Germany,Europe,38.59060402684564,12.9,16.6,5,31.6,13.625
Mahidol University,Thailand,Asia,38.42281879194631,9.72,16.6,5,44.1,10.975
University of Jordan,Jordan,Asia,38.42281879194631,9,16.6,5,32.9,10.375
University of Tehran,"Iran, Islamic Republic of",Asia,38.42281879194631,54.35999999999999,16.6,5,20.6,48.175
George Washington University,United States,Americas,37.91946308724832,23.4,16.6,5,25.2,22.375
Lincoln University,New Zealand,Oceania,37.91946308724832,38.16,16.6,5,8.2,34.675
Universitat Politècnica de Catalunya · BarcelonaTech (UPC),Spain,Europe,37.91946308724832,16.92,16.6,5,31.8,16.975
University of Turin,Italy,Europe,37.91946308724832,26.879999999999995,16.6,5,41.5,25.275
University of Florence,Italy,Europe,37.24832214765101,34.86,16.6,5,34.6,31.925
University of Turku,Finland,Europe,37.24832214765101,24.479999999999997,16.6,5,27.8,23.275
Nankai University,China (Mainland),Asia,36.91275167785235,56.64,16.6,5,18.5,50.075
Pontificia Universidad Javeriana,Colombia,Americas,36.91275167785235,7.86,16.6,5,45.3,9.425
University of Tsukuba,Japan,Asia,36.91275167785235,17.28,16.6,5,36.6,17.275
Technische Universität Bergakademie Freiberg,Germany,Europe,36.40939597315436,66.36,16.6,5,4.9,58.175
University of Kent,United Kingdom,Europe,36.40939597315436,34.32,16.6,5,15.4,31.475
University of Pisa,Italy,Europe,36.07382550335571,30.18,16.6,5,40.4,28.025
Anna University,India,Asia,35.90604026845637,66.9,16.6,5,10,58.625
Western Sydney University,Australia,Oceania,35.738255033557046,25.5,16.6,5,19.9,24.125
South China University of Technology,China (Mainland),Asia,35.57046979865772,65.58,16.6,5,12.1,57.525
Universiti Brunei Darussalam (UBD),Brunei,Asia,35.57046979865772,12.84,16.6,5,20.2,13.575
Belarusian State University,Belarus,Europe,35.23489932885906,7.680000000000001,16.6,5,28.4,9.275
Universidade Nova de Lisboa,Portugal,Europe,35.06711409395973,21.24,16.6,5,28.7,20.575
Università Vita-Salute San Raffaele,Italy,Europe,34.899328859060404,60,16.6,5,3.3,52.875
University of Cyprus (UCY),Cyprus,Asia,34.899328859060404,51.9,16.6,5,10,46.125
Virginia Polytechnic Institute and State University,United States,Americas,34.899328859060404,23.939999999999998,16.6,5,26.4,22.825
National Taiwan University of Science and Technology (Taiwan Tech),Taiwan,Asia,34.395973154362416,24.54,16.6,5,27.6,23.325
National and Kapodistrian University of Athens,Greece,Europe,34.22818791946309,25.5,16.6,5,26.7,24.125
"University of California, Santa Cruz",United States,Americas,34.22818791946309,46.08,16.6,5,17.7,41.275
"University of Rome ""Tor Vergata""",Italy,Europe,34.22818791946309,35.22,16.6,5,31.3,32.225
Northeastern University,United States,Americas,33.72483221,21.66,16.6,5,19.2,20.925
Ruhr-Universität Bochum,Germany,Europe,33.72483221,38.94,16.6,5,20.3,35.325
Sejong University,South Korea,Asia,33.72483221,53.04,16.6,5,10.8,47.075
Université de Liège,Belgium,Europe,33.72483221,29.700000000000003,16.6,5,17,27.625
University of Southern Queensland,Australia,Oceania,33.72483221,50.75999999999999,16.6,5,8.8,45.175
Kazan (Volga region) Federal University,Russia,Europe,32.88590604026846,8.34,16.6,5,23.6,9.825
Koç University,Turkey,Asia,32.88590604026846,26.339999999999996,16.6,5,24.3,24.825
Amirkabir University of Technology,"Iran, Islamic Republic of",Asia,32.55033557,66.9,16.6,5,5.2,58.625
University of Canberra,Australia,Oceania,32.55033557,37.62,16.6,5,14.3,34.225
Institut National des Sciences Appliquées de Lyon (INSA),France,Europe,32.21476510067114,43.26,16.6,5,7.4,38.925
Satbayev University,Kazakhstan,Asia,32.21476510067114,7.62,16.6,5,27.8,9.225
USI - Università della Svizzera italiana,Switzerland,Europe,32.21476510067114,31.32,16.6,5,6.1,28.975
"Birkbeck, University of London",United Kingdom,Europe,31.71140939597316,41.16,16.6,5,10,37.175
Masaryk University,Czechia,Europe,31.71140939597316,15.18,16.6,5,23.5,15.525
HSE University,Russia,Europe,31.37583893,7.98,16.6,5,24,9.525
The American University in Cairo,Egypt,Africa,31.37583893,10.02,16.6,5,32.1,11.225
Auckland University of Technology (AUT),New Zealand,Oceania,31.04026845637584,19.92,16.6,5,19.3,19.475
Graz University of Technology,Austria,Europe,30.87248322147651,13.559999999999999,16.6,5,14.7,14.175
Yeshiva University,United States,Americas,30.87248322147651,61.85999999999999,16.6,5,3.1,54.425
Concordia University,Canada,Americas,30.536912751677853,17.4,16.6,5,15.8,17.375
Oxford Brookes University,United Kingdom,Europe,30.369127516778523,11.100000000000001,16.6,5,30.7,12.125
Technion - Israel Institute of Technology,Israel,Asia,30.369127516778523,18.96,16.6,5,23.9,18.675
University of Dundee,United Kingdom,Europe,30.033557046979865,15.3,16.6,5,18.4,15.625
Bogaziçi University,Turkey,Asia,30.033557046979865,13.32,16.6,5,24.9,13.975
Czech Technical University in Prague,Czechia,Europe,29.697986577181208,9.06,16.6,5,22,10.425
Dublin City University,Ireland,Europe,29.53020134228188,13.32,16.6,5,20.1,13.975
University of Limerick,Ireland,Europe,29.53020134228188,20.7,16.6,5,18.3,20.125
Aston University,United Kingdom,Europe,29.194630872483224,27.54,16.6,5,12.5,25.825
Université Laval,Canada,Americas,29.194630872483224,21.18,16.6,5,19.2,20.525
National Taipei University of Technology,Taiwan,Asia,28.85906040268457,31.86,16.6,5,13.9,29.425
IPB University (a.k.a. Bogor Agricultural University),Indonesia,Asia,28.69127516778524,7.98,16.6,5,23.5,9.525
Leibniz University Hannover,Germany,Europe,28.69127516778524,17.34,16.6,5,21.2,17.325
Julius-Maximilians-Universität Würzburg,Germany,Europe,28.355704697986575,51.54,16.6,5,15.8,45.825
Southeast University,China (Mainland),Asia,28.355704697986575,56.099999999999994,16.6,5,13.5,49.625
University of Science and Technology Beijing,China (Mainland),Asia,28.02013422818792,66.54,16.6,5,11.8,58.325
Central South University,China (Mainland),Asia,27.85234899328859,66.72,16.6,5,8.6,58.475
Tomsk State University,Russia,Europe,27.85234899328859,9.42,16.6,5,22,10.725
University of Granada,Spain,Europe,27.85234899328859,22.619999999999997,16.6,5,44.4,21.725
Ajman University,United Arab Emirates,Asia,20.13422818791946,8.82,16.6,5,17.3,10.225
IE University,Spain,Europe,27.181208053691275,8.22,16.6,5,8.1,9.725
Iran University of Science and Technology,"Iran, Islamic Republic of",Asia,27.01342281879195,66.12,16.6,5,7.8,57.975
Murdoch University,Australia,Oceania,27.01342281879195,41.279999999999994,16.6,5,8,37.275
Universitat Politècnica de València,Spain,Europe,27.01342281879195,18.72,16.6,5,26.5,18.475
Vilnius University,Lithuania,Europe,26.51006711409396,8.88,16.6,5,19.1,10.275
Singapore University of Technology and Design,Singapore,Asia,26.34228187919463,46.5,16.6,5,7.4,41.625
Università degli Studi di Pavia,Italy,Europe,26.34228187919463,45.66,16.6,5,21.7,40.925
Colorado State University,United States,Americas,26.00671140939597,17.16,16.6,5,18.3,17.175
Novosibirsk State University,Russia,Europe,26.00671140939597,12.600000000000001,16.6,5,24.7,13.375
Università Cattolica del Sacro Cuore,Italy,Europe,26.00671140939597,18.42,16.6,5,24.2,18.225
James Cook University,Australia,Oceania,25.503355704697988,35.04,16.6,5,14.4,32.075
Justus-Liebig-University Giessen,Germany,Europe,25.503355704697988,54.48,16.6,5,12.7,48.275
Universitat de Valencia,Spain,Europe,25.503355704697988,18.84,16.6,5,35.6,18.575
Dalian University of Technology,China (Mainland),Asia,25,59.75999999999999,16.6,5,9.6,52.675
Hunan University,China (Mainland),Asia,25,61.25999999999999,16.6,5,7.9,53.925
Université de Montpellier,France,Europe,25,41.22,16.6,5,18.6,37.225
University of Electronic Science and Technology of China,China (Mainland),Asia,24.496644295302016,66.36,16.6,5,5.3,58.175
Beihang University (former BUAA),China (Mainland),Asia,24.328859060402685,50.16,16.6,5,12.1,44.675
National Taiwan Normal University,Taiwan,Asia,24.328859060402685,10.14,16.6,5,34.7,11.325
University of Kansas,United States,Americas,24.328859060402685,12.42,16.6,5,14.4,13.225
University of Stirling,United Kingdom,Europe,24.328859060402685,25.08,16.6,5,11.2,23.775
Moscow Institute of Physics and Technology (MIPT / Moscow Phystech),Russia,Europe,23.657718120805367,14.1,16.6,5,16.6,14.625
Umea University,Sweden,Europe,23.657718120805367,16.02,16.6,5,19.9,16.225
Université de Strasbourg,France,Europe,23.657718120805367,19.32,16.6,5,39.1,18.975
University of Guelph,Canada,Americas,23.657718120805367,36.96,16.6,5,12.8,33.675
"Stony Brook University, State University of New York",United States,Americas,22.98657718120805,21.060000000000002,16.6,5,18,20.425
Universidad de Santiago de Chile (USACH),Chile,Americas,22.818791946308725,9.42,16.6,5,43.4,10.725
Tampere University,Finland,Europe,22.65100671,26.759999999999998,16.6,5,21.7,25.175
Universidad de Sevilla,Spain,Europe,22.65100671,11.82,16.6,5,39.1,12.725
Macau University of Science and Technology,Macau SAR,Asia,22.31543624161074,40.739999999999995,16.6,5,4.4,36.825
Kobe University,Japan,Asia,22.14765100671141,13.74,16.6,5,28.4,14.325
Universität Konstanz,Germany,Europe,21.97986577181208,17.880000000000003,16.6,5,18.3,17.775
Universitat Ramon Llull,Spain,Europe,21.97986577181208,11.76,16.6,5,11,12.675
University at Buffalo SUNY,United States,Americas,21.97986577181208,27.060000000000002,16.6,5,18,25.425
Washington State University,United States,Americas,21.97986577181208,27,16.6,5,23.3,25.375
Iowa State University,United States,Americas,21.308724832214764,35.64,16.6,5,20.7,32.575
Ben-Gurion University of The Negev,Israel,Asia,21.14093959731544,37.92,16.6,5,14.4,34.475
"Essex, University of",United Kingdom,Europe,20.973154362416107,20.46,16.6,5,15.5,19.925
Johannes Kepler University Linz,Austria,Europe,20.973154362416107,15.48,16.6,5,12.8,15.775
Bangor University,United Kingdom,Europe,20.63758389261745,32.7,16.6,5,8.6,30.125
Hiroshima University,Japan,Asia,20.63758389261745,12.24,16.6,5,24.1,13.075
Universität Potsdam,Germany,Europe,20.63758389261745,28.799999999999997,16.6,5,15.8,26.875
University of Sharjah,United Arab Emirates,Asia,27.34899328859061,20.1,16.6,5,18.1,19.625
Bilkent University,Turkey,Asia,20.13422818791946,16.02,16.6,5,24,16.225
Indian Institute of Technology Indore (IIT Indore),India,Asia,20.13422818791946,64.25999999999999,16.6,5,6.1,56.425
Royal Holloway University of London,United Kingdom,Europe,20.13422818791946,23.22,16.6,5,14.9,22.225
Aix-Marseille University,France,Europe,19.463087248322147,19.92,16.6,5,36.9,19.475
Pontificia Universidad Católica Argentina,Argentina,Americas,19.463087248322147,7.5600000000000005,16.6,5,19.9,9.175
"The University of Tennessee, Knoxville",United States,Americas,19.463087248322147,52.67999999999999,16.6,5,10.1,46.775
China Agricultural University,China (Mainland),Asia,18.95973154362416,60.17999999999999,16.6,5,8.4,53.025
American University of Ras Al Khaimah ( AURAK ),United Arab Emirates,Asia,18.79194630872483,34.98,16.6,5,4.6,32.025
National Sun Yat-sen University,Taiwan,Asia,18.79194630872483,20.16,16.6,5,26.5,19.675
Universität Mannheim,Germany,Europe,18.45637583892617,25.5,16.6,5,15.3,24.125
University of Hawai?i at Manoa,United States,Americas,18.288590604026847,31.92,16.6,5,15.2,29.475
Chongqing University,China (Mainland),Asia,18.12080536912752,55.74,16.6,5,7.6,49.325
Chung-Ang University (CAU),South Korea,Asia,18.12080536912752,12.48,16.6,5,16,13.275
Isfahan University of Technology,"Iran, Islamic Republic of",Asia,18.12080536912752,62.22,16.6,5,4.9,54.725
Shanghai University,China (Mainland),Asia,18.12080536912752,25.200000000000003,16.6,5,20.3,23.875
UNESP,Brazil,Americas,18.12080536912752,16.619999999999997,16.6,5,41.1,16.725
University of Jyväskylä,Finland,Europe,18.12080536912752,14.16,16.6,5,16.2,14.675
Central Queensland University (CQUniversity Australia),Australia,Oceania,17.114093959731544,19.439999999999998,16.6,5,9,19.075
Duy Tan University,Vietnam,Asia,17.114093959731544,36.3,16.6,5,11.9,33.125
Jilin University,China (Mainland),Asia,16.778523489932887,23.339999999999996,16.6,5,12.1,22.325
National Research Nuclear University MEPhI (Moscow Engineering Physics Institute),Russia,Europe,16.778523489932887,11.76,16.6,5,9.2,12.675
Universidad de Costa Rica,Costa Rica,Americas,16.778523489932887,7.86,16.6,5,35.4,9.425
"University of California, Riverside",United States,Americas,16.778523489932887,37.44,16.6,5,16.3,34.075
Khalifa University of Science and Technology,United Arab Emirates,Asia,66.27516779,43.32,16.6,5,22.7,38.975
Colorado School of Mines,United States,Americas,16.10738255033557,50.099999999999994,16.6,5,6.8,44.625
East China Normal University,China (Mainland),Asia,16.10738255033557,45,16.6,5,13.3,40.375
Johannes Gutenberg Universität Mainz,Germany,Europe,16.10738255033557,13.8,16.6,5,22.3,14.375
University of Huddersfield,United Kingdom,Europe,16.10738255033557,18.54,16.6,5,12.7,18.325
University of Delaware,United States,Americas,15.268456375838928,39.239999999999995,16.6,5,9.4,35.575
University of Trento,Italy,Europe,15.268456375838928,26.520000000000003,16.6,5,24.9,24.975
Aristotle University of Thessaloniki,Greece,Europe,14.93288590604027,16.380000000000003,16.6,5,28.2,16.525
Shenzhen University,China (Mainland),Asia,14.93288590604027,45.599999999999994,16.6,5,7.7,40.875
SOAS University of London,United Kingdom,Europe,14.93288590604027,15.959999999999999,16.6,5,17.1,16.175
Ewha Womans University,South Korea,Asia,14.429530201342285,11.04,16.6,5,22.1,12.075
Zhengzhou University,China (Mainland),Asia,14.429530201342285,55.08,16.6,5,5.4,48.775
Imam Abdulrahman Bin Faisal University (IAU) (formerly UNIVERSITY OF DAMMAM),Saudi Arabia,Asia,14.093959731543624,8.46,16.6,5,10.5,9.925
Prince Mohammad Bin Fahd university,Saudi Arabia,Asia,14.093959731543624,23.58,16.6,5,20.3,22.525
University of Milano-Bicocca,Italy,Europe,14.093959731543624,39.36,16.6,5,20.4,35.675
Ateneo de Manila University,Philippines,Asia,13.590604026845638,7.98,16.6,5,21.4,9.525
Edith Cowan University,Australia,Oceania,13.590604026845638,36.779999999999994,16.6,5,8.5,33.525
INTI International University,Malaysia,Asia,13.590604026845638,7.92,16.6,5,7.7,9.475
Kyungpook National University,South Korea,Asia,13.590604026845638,19.2,16.6,5,11.1,18.875
Sabanci University,Turkey,Asia,13.590604026845638,18.54,16.6,5,19.5,18.325
University of Hull,United Kingdom,Europe,13.590604026845638,19.8,16.6,5,8.9,19.375
Ural Federal University - UrFU,Russia,Europe,13.590604026845638,8.16,16.6,5,19.6,9.675
Zayed University,United Arab Emirates,Asia,66.61073825503355,12.059999999999999,16.6,5,17.6,12.925
Pusan National University,South Korea,Asia,12.248322147651008,18.6,16.6,5,18.7,18.375
Universidad Austral,Argentina,Americas,12.248322147651008,8.040000000000001,16.6,5,20.9,9.575
Universität Jena,Germany,Europe,11.912751677852349,12.18,16.6,5,17.2,13.025
Missouri University of Science and Technology,United States,Americas,11.74496644295302,58.62,16.6,5,4,51.725
Universität Leipzig,Germany,Europe,11.74496644295302,11.940000000000001,16.6,5,23.5,12.825
University of Bayreuth,Germany,Europe,11.74496644295302,22.380000000000003,16.6,5,10.2,21.525
Warsaw University of Technology,Poland,Europe,11.74496644295302,9.72,16.6,5,23.3,10.975
Coventry University,United Kingdom,Europe,11.912751677852349,11.16,16.6,5,9.9,12.175
Indian Institute of Technology (BHU) Varanasi,India,Asia,11.073825503355703,63.9,16.6,5,5.5,56.125
University of Bradford,United Kingdom,Europe,11.073825503355703,19.92,16.6,5,9.1,19.475
University of Utah,United States,Americas,11.073825503355703,25.200000000000003,16.6,5,15.7,23.875
Universidad Nacional de La Plata (UNLP),Argentina,Americas,10.57046979865772,8.040000000000001,16.6,5,40.8,9.575
Lahore University of Management Sciences (LUMS),Pakistan,Asia,10.40268456375839,11.34,16.6,5,17.2,12.325
Northumbria University at Newcastle,United Kingdom,Europe,10.40268456375839,16.380000000000003,16.6,5,10.9,16.525
University of Bordeaux,France,Europe,10.40268456375839,17.46,16.6,5,31.3,17.425
University of Eastern Finland,Finland,Europe,10.40268456375839,17.939999999999998,16.6,5,13.8,17.825
Applied Science University - Bahrain,Bahrain,Asia,9.731543624161072,8.1,16.6,5,23.5,9.625
Hitotsubashi University,Japan,Asia,9.731543624161072,8.16,16.6,5,14.4,9.675
Sunway University,Malaysia,Asia,9.731543624161072,13.080000000000002,16.6,5,13,13.775
Université de Fribourg,Switzerland,Europe,9.731543624161072,22.14,16.6,5,10.3,21.325
University of Salamanca,Spain,Europe,9.731543624161072,10.620000000000001,16.6,5,26.9,11.725
Universidad de Zaragoza,Spain,Europe,8.89261745,11.100000000000001,16.6,5,21.3,12.125
Universidad Pontificia Comillas,Spain,Europe,8.89261745,8.22,16.6,5,8.3,9.725
Northwestern Polytechnical University,China (Mainland),Asia,8.389261744966444,45.17999999999999,16.6,5,5.8,40.525
Tashkent Institute of Irrigation and Agricultural Mechanization Engineers - National Research University (TIIAME-NRU),Uzbekistan,Asia,8.389261744966444,8.22,16.6,5,30.6,9.725
University of Genoa,Italy,Europe,8.389261744966444,33.120000000000005,16.6,5,18.8,30.475
University of Iceland,Iceland,Europe,8.389261744966444,10.92,16.6,5,6.8,11.975
University of Windsor,Canada,Americas,8.389261744966444,28.620000000000005,16.6,5,3.9,26.725
United Arab Emirates University,United Arab Emirates,Asia,56.375838926174495,16.86,16.6,5,30.1,16.925
University of Tabriz,"Iran, Islamic Republic of",Asia,7.550335570469799,55.92,16.6,5,5.9,49.475
Hasselt University,Belgium,Europe,7.214765100671141,16.14,16.6,5,5.8,16.325
Jordan University of Science & Technology,Jordan,Asia,7.214765100671141,10.26,16.6,5,21,11.425
Universiti Utara Malaysia (UUM),Malaysia,Asia,7.214765100671141,11.82,16.6,5,22,12.725
University of Dhaka,Bangladesh,Asia,7.214765100671141,8.64,16.6,5,23,10.075
University Ulm,Germany,Europe,7.214765100671141,25.619999999999997,16.6,5,7.4,24.225
Peter the Great St. Petersburg Polytechnic University,Russia,Europe,6.375838926174497,8.64,16.6,5,16,10.075
Ulster University,United Kingdom,Europe,6.375838926174497,13.8,16.6,5,8.1,14.375
Umm Al-Qura University,Saudi Arabia,Asia,6.375838926174497,8.22,16.6,5,20.7,9.725
Université Claude Bernard Lyon 1,France,Europe,5.872483221,35.879999999999995,16.6,5,18.1,32.775
Universiti Teknologi Brunei,Brunei,Asia,5.872483221,12.84,16.6,5,15.4,13.575
Eötvös Loránd University,Hungary,Europe,5.5369127516778525,10.56,16.6,5,23.3,11.675
Nanjing University of Science and Technology,China (Mainland),Asia,5.369127516778524,60.48,16.6,5,5.7,53.275
University of Connecticut,United States,Americas,5.369127516778524,24.78,16.6,5,14.4,23.525
Chiang Mai University,Thailand,Asia,5.033557046979865,9.42,16.6,5,34.8,10.725
Lebanese University,Lebanon,Asia,5.033557046979865,8.22,16.6,5,29,9.725
MGIMO University,Russia,Europe,5.033557046979865,7.680000000000001,16.6,5,9.8,9.275
"University of Chemistry and Technology, Prague",Czechia,Europe,4.530201342281879,15,16.6,5,5.6,15.375
University of Szeged,Hungary,Europe,4.530201342281879,9.780000000000001,16.6,5,18.5,11.025
University of the Punjab,Pakistan,Asia,4.530201342281879,13.86,16.6,5,15.6,14.425
Florida State University,United States,Americas,4.026845637583892,21.78,16.6,5,25.6,21.025
Florida International University,United States,Americas,3.859060402684564,14.46,16.6,5,15.3,14.925
University of Debrecen,Hungary,Europe,3.859060402684564,9.24,16.6,5,17.9,10.575
National Research Tomsk Polytechnic University,Russia,Europe,3.523489932885906,9.120000000000001,16.6,5,8.9,10.475
Sogang University,South Korea,Asia,3.523489932885906,9.96,16.6,5,17.5,11.175
Southern Cross University,Australia,Oceania,3.523489932885906,34.68,16.6,5,4.4,31.775
Universidad Adolfo Ibáñez,Chile,Americas,3.523489932885906,9.66,16.6,5,20.6,10.925
Jawaharlal Nehru University,India,Asia,2.8523489932885906,24.240000000000002,16.6,5,31,23.075
Jinan University (China),China (Mainland),Asia,2.8523489932885906,38.52,16.6,5,5.2,34.975
Management and Science University,Malaysia,Asia,2.8523489932885906,7.98,16.6,5,15.1,9.525
Politecnico di Bari,Italy,Europe,2.8523489932885906,52.8,16.6,5,6.9,46.875
Université Paul Sabatier Toulouse III,France,Europe,2.8523489932885906,23.700000000000003,16.6,5,17.7,22.625
Institut Teknologi Sepuluh Nopember (ITS Surabaya),Indonesia,Asia,2.013422818791946,7.86,16.6,5,17.3,9.425
Singapore Management University,Singapore,Asia,2.013422818791946,18.18,16.6,5,12.3,18.025
Bond University,Australia,Oceania,1.6778523489932886,24.18,16.6,5,4.3,23.025
Shoolini University of Biotechnology and Management Sciences,India,Asia,1.6778523489932886,40.44,16.6,5,10,36.575
The University of Georgia,United States,Americas,1.6778523489932886,21.54,16.6,5,20.6,20.825
Universiti Teknologi MARA - UiTM,Malaysia,Asia,1.6778523489932886,8.58,16.6,5,30.8,10.025
University of Kwazulu-Natal,South Africa,Africa,1.6778523489932886,21.6,16.6,5,12.6,20.875
Ain Shams University,Egypt,Africa,0.8389261744966443,8.040000000000001,16.6,5,24,9.575
Nottingham Trent University,United Kingdom,Europe,0.8389261744966443,9.96,16.6,5,10.6,11.175
Universität Bremen,Germany,Europe,0.8389261744966443,21.54,16.6,5,18.5,20.825
ITMO University,Russia,Europe,0.3355704697986577,10.14,16.6,5,10.5,11.325
Thammasat University,Thailand,Asia,0.1677852348993288,8.16,16.6,5,24.6,9.675
Universitas Padjadjaran,Indonesia,Asia,0.1677852348993288,7.74,16.6,5,19,9.325
University of Iowa,United States,Americas,0.1677852348993288,18.36,16.6,5,18.4,18.175
University of Ljubljana,Slovenia,Europe,0.1677852348993288,10.440000000000001,16.6,5,19.9,11.575
University of Texas Dallas,United States,Americas,0.1677852348993288,32.879999999999995,16.6,5,13.1,30.275
Ca' Foscari University of Venice,Italy,Europe,66.61073825503355,14.52,16.6,5,19.6,14.975
Illinois Institute of Technology,United States,Americas,66.61073825503355,28.439999999999998,16.6,5,12.8,26.575
King Khalid University,Saudi Arabia,Asia,66.61073825503355,8.52,16.6,5,16.6,9.975
"Kingston University, London",United Kingdom,Europe,66.61073825503355,11.46,16.6,5,17.9,12.425
Manchester Metropolitan University (MMU),United Kingdom,Europe,66.61073825503355,12.96,16.6,5,11.8,13.675
National Chengchi University,Taiwan,Asia,66.61073825503355,8.22,16.6,5,20.1,9.725
Paris Lodron University of Salzburg,Austria,Europe,66.61073825503355,10.98,16.6,5,9.7,12.025
Rensselaer Polytechnic Institute,United States,Americas,66.61073825503355,40.86,16.6,5,8,36.925
Universität des Saarlandes,Germany,Europe,66.61073825503355,11.100000000000001,16.6,5,10.2,12.125
University of Crete,Greece,Europe,66.61073825503355,42.12,16.6,5,13.9,37.975
University of Hohenheim,Germany,Europe,66.61073825503355,35.4,16.6,5,8.6,32.375
University of South Carolina,United States,Americas,66.61073825503355,23.880000000000003,16.6,5,13.8,22.775
American University of the Middle East,Kuwait,Asia,66.61073825503355,9.120000000000001,16.6,5,23.1,10.475
Asia Pacific University of Technology and Innovation (APU),Malaysia,Asia,66.61073825503355,7.86,16.6,5,9.3,9.425
Brno University of Technology,Czechia,Europe,66.61073825503355,11.280000000000001,16.6,5,13,12.275
Christian-Albrechts-University zu Kiel,Germany,Europe,66.61073825503355,16.259999999999998,16.6,5,17.7,16.425
Eastern Mediterranean University,Northern Cyprus,Not Classified,66.61073825503355,22.799999999999997,16.6,5,5.6,21.875
Pontifícia Universidade Católica do Rio de Janeiro,Brazil,Americas,66.61073825503355,11.4,16.6,5,32.4,12.375
Taipei Medical University (TMU),Taiwan,Asia,66.61073825503355,18.24,16.6,5,10.6,18.075
University of Klagenfurt,Austria,Europe,66.61073825503355,13.68,16.6,5,5.7,14.275
University of Minho,Portugal,Europe,66.61073825503355,19.5,16.6,5,15.6,19.125
Abo Akademi University,Finland,Europe,66.61073825503355,32.82,16.6,5,7.5,30.225
American University in Dubai,United Arab Emirates,Asia,66.61073825503355,8.040000000000001,16.6,5,10.3,9.575
Auezov South Kazakhstan University (SKU),Kazakhstan,Asia,66.61073825503355,7.5,16.6,5,18.5,9.125
Charles Darwin University,Australia,Oceania,66.61073825503355,33.42,16.6,5,5.7,30.725
Istanbul University,Turkey,Asia,66.61073825503355,9,16.6,5,28.1,10.375
Renmin (People's) University of China,China (Mainland),Asia,66.61073825503355,11.64,16.6,5,19.5,12.575
Tallinn University of Technology (TalTech),Estonia,Europe,66.61073825503355,13.38,16.6,5,12.8,14.025
Universidad de Alcalá,Spain,Europe,66.61073825503355,10.26,16.6,5,9.7,11.425
Universidad de Palermo (UP),Argentina,Americas,66.61073825503355,7.5,16.6,5,10.2,9.125
University of South Florida,United States,Americas,66.61073825503355,28.68,16.6,5,12.9,26.775
University of Tromsø The Arctic University of Norway,Norway,Europe,66.61073825503355,12.24,16.6,5,11,13.075
Al Ain University,United Arab Emirates,Asia,7.550335570469799,10.440000000000001,16.6,5,22.6,11.575
Ajou University,South Korea,Asia,66.61073825503355,17.64,16.6,5,13.7,17.575
Boston College,United States,Americas,66.61073825503355,16.86,16.6,5,21.3,16.925
Chang Gung University,Taiwan,Asia,66.61073825503355,32.04,16.6,5,6.3,29.575
China University of Petroleum,China (Mainland),Asia,66.61073825503355,54.72,16.6,5,3.4,48.475
Far Eastern Federal University,Russia,Europe,66.61073825503355,7.92,16.6,5,12.8,9.475
Inha University,South Korea,Asia,66.61073825503355,13.440000000000001,16.6,5,12.2,14.075
Savitribai Phule Pune University,India,Asia,66.61073825503355,28.08,16.6,5,8.9,26.275
Tulane University,United States,Americas,66.61073825503355,12.719999999999999,16.6,5,9.8,13.475
Universidad de Concepción,Chile,Americas,66.61073825503355,10.92,16.6,5,26.2,11.975
University of Portsmouth,United Kingdom,Europe,66.61073825503355,15.959999999999999,16.6,5,8.1,16.175
Beirut Arab University,Lebanon,Asia,66.61073825503355,8.88,16.6,5,17.7,10.275
De La Salle University,Philippines,Asia,66.61073825503355,9.6,16.6,5,22.6,10.875
East China University of Science and Technology,China (Mainland),Asia,66.61073825503355,48.72,16.6,5,6.9,43.475
Hacettepe University,Turkey,Asia,66.61073825503355,11.16,16.6,5,22.5,12.175
Lehigh University,United States,Americas,66.61073825503355,26.4,16.6,5,5.2,24.875
National Central University,Taiwan,Asia,66.61073825503355,15.540000000000001,16.6,5,21.5,15.825
Oregon State University,United States,Americas,66.61073825503355,27.240000000000002,16.6,5,14.6,25.575
Ritsumeikan University,Japan,Asia,66.61073825503355,8.76,16.6,5,16.6,10.175
Soochow University,China (Mainland),Asia,66.61073825503355,44.699999999999996,16.6,5,6.6,40.125
Symbiosis International (Deemed University),India,Asia,66.61073825503355,7.98,16.6,5,5.4,9.525
Universiti Tenaga Nasional (UNITEN),Malaysia,Asia,66.61073825503355,17.28,16.6,5,8,17.275
"University of Missouri, Columbia",United States,Americas,66.61073825503355,16.8,16.6,5,14.3,16.875
University of the Basque Country,Spain,Europe,66.61073825503355,18.3,16.6,5,19.5,18.125
HUFS - Hankuk (Korea) University of Foreign Studies,South Korea,Asia,66.61073825503355,7.86,16.6,5,11.5,9.425
Palacký University Olomouc,Czechia,Europe,66.61073825503355,12,16.6,5,15.2,12.875
Universidade de Santiago de Compostela,Spain,Europe,66.61073825503355,17.1,16.6,5,24.1,17.125
University of Houston,United States,Americas,66.61073825503355,21.66,16.6,5,12.7,20.925
University of Zagreb,Croatia,Europe,66.61073825503355,9.36,16.6,5,16.3,10.675
Aberystwyth University,United Kingdom,Europe,66.61073825503355,19.08,16.6,5,9.4,18.775
City University of New York,United States,Americas,66.61073825503355,9.72,16.6,5,19.9,10.975
Comenius University Bratislava,Slovakia,Europe,66.61073825503355,9,16.6,5,12.8,10.375
Free University of Bozen-Bolzano,Italy,Europe,66.61073825503355,32.46,16.6,5,5.8,29.925
International Islamic University Malaysia (IIUM),Malaysia,Asia,66.61073825503355,8.76,16.6,5,24.4,10.175
ISCTE - Instituto Universitario de Lisboa,Portugal,Europe,66.61073825503355,35.58,16.6,5,6.9,32.525
Memorial University of Newfoundland,Canada,Americas,66.61073825503355,24.060000000000002,16.6,5,7.2,22.925
National Chung Hsing University,Taiwan,Asia,66.61073825503355,13.8,16.6,5,21.1,14.375
"Sofia University ""St. Kliment Ohridski""",Bulgaria,Europe,66.61073825503355,8.1,16.6,5,14.2,9.625
Tokyo Medical and Dental University (TMDU),Japan,Asia,66.61073825503355,17.52,16.6,5,11.8,17.475
Universidad de la República (Udelar),Uruguay,Americas,66.61073825503355,7.86,16.6,5,27.1,9.425
University of Manitoba,Canada,Americas,66.61073825503355,14.1,16.6,5,13.6,14.625
University of Plymouth,United Kingdom,Europe,66.61073825503355,22.439999999999998,16.6,5,8.9,21.575
Abai Kazakh National Pedagogical University,Kazakhstan,Asia,66.61073825503355,7.5600000000000005,16.6,5,26.5,9.175
Bar-Ilan University,Israel,Asia,66.61073825503355,35.76,16.6,5,7.8,32.675
Karl-Franzens-Universitaet Graz,Austria,Europe,66.61073825503355,13.32,16.6,5,19.9,13.975
Kazakh National Agrarian University KazNAU,Kazakhstan,Asia,66.61073825503355,7.5600000000000005,16.6,5,19.9,9.175
Martin-Luther-Universität Halle-Wittenberg,Germany,Europe,66.61073825503355,11.34,16.6,5,13.1,12.325
Universidade Federal de Minas Gerais,Brazil,Americas,66.61073825503355,11.100000000000001,16.6,5,32.4,12.125
University of Haifa,Israel,Asia,66.61073825503355,26.160000000000004,16.6,5,13,24.675
China University of Mining and Technology,China (Mainland),Asia,66.61073825503355,48,16.6,5,3.5,42.875
"Goldsmiths, University of London",United Kingdom,Europe,66.61073825503355,14.1,16.6,5,13.1,14.625
Indian Institute of Technology Hyderabad,India,Asia,66.61073825503355,49.559999999999995,16.6,5,6.2,44.175
Jeonbuk National University,South Korea,Asia,66.61073825503355,13.26,16.6,5,15.6,13.925
Prince Sultan University,Saudi Arabia,Asia,66.61073825503355,25.92,16.6,5,6.5,24.475
Princess Nourah bint Abdulrahman University,Saudi Arabia,Asia,66.61073825503355,8.4,16.6,5,16.6,9.875
Temple University,United States,Americas,66.61073825503355,17.04,16.6,5,12.3,17.075
"University of Agriculture, Faisalabad",Pakistan,Asia,66.61073825503355,43.5,16.6,5,6.3,39.125
University of New Brunswick,Canada,Americas,66.61073825503355,23.4,16.6,5,4.9,22.375
Chandigarh University,India,Asia,66.61073825503355,7.74,16.6,5,14.1,9.325
Norwegian University of Life Sciences (UMB),Norway,Europe,66.61073825503355,12,16.6,5,5.8,12.875
Pakistan Institute of Engineering and Applied Sciences (PIEAS),Pakistan,Asia,66.61073825503355,31.5,16.6,5,6.5,29.125
Shiraz University,"Iran, Islamic Republic of",Asia,66.61073825503355,43.32,16.6,5,6.9,38.975
Universidad Central de Venezuela,Venezuela,Americas,66.61073825503355,7.5600000000000005,16.6,5,21,9.175
Universidad de La Habana,Cuba,Americas,66.61073825503355,7.800000000000001,16.6,5,17,9.375
Universidad Panamericana (UP),Mexico,Americas,66.61073825503355,7.62,16.6,5,9.9,9.225
Universidade Federal de São Paulo,Brazil,Americas,66.61073825503355,10.5,16.6,5,10.5,11.625
Universidade Federal do Rio Grande Do Sul,Brazil,Americas,66.61073825503355,12.96,16.6,5,28,13.675
University of Brescia,Italy,Europe,66.61073825503355,40.67999999999999,16.6,5,4.4,36.775
University of Greenwich,United Kingdom,Europe,66.61073825503355,13.92,16.6,5,4.7,14.475
University of Siena,Italy,Europe,66.61073825503355,31.14,16.6,5,13.6,28.825
Beijing University of Chemical Technology,China (Mainland),Asia,66.61073825503355,47.16,16.6,5,4.5,42.175
Dongguk University,South Korea,Asia,66.61073825503355,12.719999999999999,16.6,5,7.9,13.475
Lebanese American University,Lebanon,Asia,66.61073825503355,9.120000000000001,16.6,5,13.5,10.475
National Institute of Technology Tiruchirappalli,India,Asia,66.61073825503355,49.5,16.6,5,4.1,44.125
Stevens Institute of Technology,United States,Americas,66.61073825503355,31.92,16.6,5,2.6,29.475
Taras Shevchenko National University of Kyiv,Ukraine,Europe,66.61073825503355,8.22,16.6,5,18.9,9.725
University of Nebraska - Lincoln,United States,Americas,66.61073825503355,25.14,16.6,5,10.6,23.825
University of Oklahoma,United States,Americas,66.61073825503355,25.560000000000002,16.6,5,10.2,24.175
Ahlia University,Bahrain,Asia,66.61073825503355,9.18,16.6,5,16.7,10.525
American University,United States,Americas,66.61073825503355,9.48,16.6,5,16.2,10.775
COMSATS University Islamabad,Pakistan,Asia,66.61073825503355,17.82,16.6,5,11.7,17.725
Czech University of Life Sciences in Prague,Czechia,Europe,66.61073825503355,13.38,16.6,5,10.4,14.025
De Montfort University,United Kingdom,Europe,66.61073825503355,11.7,16.6,5,5.3,12.625
"Lingnan University, Hong Kong",Hong Kong SAR,Asia,66.61073825503355,13.5,16.6,5,9.9,14.125
Nanjing Agricultural University,China (Mainland),Asia,66.61073825503355,47.459999999999994,16.6,5,5,42.425
Plekhanov Russian University of Economics,Russia,Europe,66.61073825503355,8.280000000000001,16.6,5,14,9.775
Saint Joseph University of Beirut (USJ),Lebanon,Asia,66.61073825503355,8.34,16.6,5,8.2,9.825
The National University of Science and Technology MISIS,Russia,Europe,66.61073825503355,15.18,16.6,5,6.2,15.525
Ton Duc Thang University,Vietnam,Asia,66.61073825503355,37.92,16.6,5,5,34.475
Université de Franche-Comté,France,Europe,66.61073825503355,14.34,16.6,5,6.5,14.825
University of Mumbai,India,Asia,66.61073825503355,25.439999999999998,16.6,5,9.1,24.075
Brandeis University,United States,Americas,66.61073825503355,13.86,16.6,5,9.4,14.425
Budapest University of Technology and Economics,Hungary,Europe,66.61073825503355,12,16.6,5,15.6,12.875
Diponegoro University,Indonesia,Asia,66.61073825503355,7.800000000000001,16.6,5,19.2,9.375
Drexel University,United States,Americas,66.61073825503355,24.119999999999997,16.6,5,8.1,22.975
Effat University,Saudi Arabia,Asia,66.61073825503355,17.46,16.6,5,3.8,17.425
Jadavpur University,India,Asia,66.61073825503355,31.259999999999998,16.6,5,17.8,28.925
Konkuk University,South Korea,Asia,66.61073825503355,17.16,16.6,5,7,17.175
Lanzhou University,China (Mainland),Asia,66.61073825503355,34.02,16.6,5,8.1,31.225
Middlesex University,United Kingdom,Europe,66.61073825503355,13.26,16.6,5,5.3,13.925
Riga Technical University,Latvia,Europe,66.61073825503355,8.7,16.6,5,11.5,10.125
Université de Lille,France,Europe,66.61073825503355,15.719999999999999,16.6,5,23.5,15.975
Université de Rennes 1 (University of Rennes),France,Europe,66.61073825503355,23.880000000000003,16.6,5,14.9,22.775
University of Modena and Reggio Emilia,Italy,Europe,66.61073825503355,36.72,16.6,5,8.6,33.475
University of Trieste,Italy,Europe,66.61073825503355,32.879999999999995,16.6,5,11.7,30.275
Universitat Rovira i Virgili,Spain,Europe,66.61073825503355,29.64,16.6,5,6.4,27.575
Université Côte d\'Azur,France,Europe,66.61073825503355,17.880000000000003,16.6,5,15.5,17.775
University of Belgrade,Serbia,Europe,66.61073825503355,10.08,16.6,5,17.6,11.275
Altai State University,Russia,Europe,66.61073825503355,7.74,16.6,5,11.7,9.325
Carleton University,Canada,Americas,66.61073825503355,16.259999999999998,16.6,5,11.1,16.425
Universidad Católica Andres Bello,Venezuela,Americas,66.61073825503355,7.5,16.6,5,28.4,9.125
Universidad de Montevideo (UM),Uruguay,Americas,66.61073825503355,7.5600000000000005,16.6,5,18.6,9.175
Universität Regensburg,Germany,Europe,66.61073825503355,10.56,16.6,5,10.3,11.675
Universiti Malaysia Pahang,Malaysia,Asia,66.61073825503355,27.9,16.6,5,10.8,26.125
University of Central Florida,United States,Americas,66.61073825503355,21.060000000000002,16.6,5,13.7,20.425
University of the West of England,United Kingdom,Europe,66.61073825503355,14.04,16.6,5,9,14.575
University of Westminster,United Kingdom,Europe,66.61073825503355,9.96,16.6,5,11.5,11.175
V. N. Karazin Kharkiv National University,Ukraine,Europe,66.61073825503355,7.74,16.6,5,12.6,9.325
Victoria University,Australia,Oceania,66.61073825503355,27.36,16.6,5,6.9,25.675
Vytautas Magnus University,Lithuania,Europe,66.61073825503355,8.34,16.6,5,10.4,9.825
Wake Forest University,United States,Americas,66.61073825503355,12.059999999999999,16.6,5,5.1,12.925
Instituto Tecnológico Autónomo de México (ITAM),Mexico,Americas,66.61073825503355,7.86,16.6,5,15.2,9.425
Kaunas University of Technology,Lithuania,Europe,66.61073825503355,11.64,16.6,5,11.2,12.575
Technische Universität Braunschweig,Germany,Europe,66.61073825503355,10.2,16.6,5,10.9,11.375
Tokyo University of Science,Japan,Asia,66.61073825503355,12.9,16.6,5,10.4,13.625
Universidade de Brasília,Brazil,Americas,66.61073825503355,9.42,16.6,5,25.3,10.725
Universita' Politecnica delle Marche,Italy,Europe,66.61073825503355,35.94,16.6,5,5.9,32.825
University of Calcutta,India,Asia,66.61073825503355,19.74,16.6,5,17.1,19.325
University of Engineering & Technology (UET) Lahore,Pakistan,Asia,66.61073825503355,10.92,16.6,5,10,11.975
University of Malta,Malta,Europe,66.61073825503355,11.22,16.6,5,6.1,12.225
University of Messina (UniME),Italy,Europe,66.61073825503355,28.92,16.6,5,8.4,26.975
"Adam Mickiewicz University, Poznan",Poland,Europe,66.61073825503355,9.780000000000001,16.6,5,16,11.025
Bangladesh University of Engineering and Technology,Bangladesh,Asia,66.61073825503355,15.84,16.6,5,16.9,16.075
King Faisal University,Saudi Arabia,Asia,66.61073825503355,8.52,16.6,5,16.4,9.975
Nanjing University of Aeronautics and Astronautics,China (Mainland),Asia,66.61073825503355,41.58,16.6,5,5.5,37.525
University of Cincinnati,United States,Americas,66.61073825503355,20.64,16.6,5,11,20.075
"University of Colorado, Denver",United States,Americas,66.61073825503355,9.06,16.6,5,8.2,10.425
University of Patras,Greece,Europe,66.61073825503355,23.1,16.6,5,11.7,22.125
Addis Ababa University,Ethiopia,Africa,66.61073825503355,7.92,16.6,5,6.4,9.475
Bournemouth University,United Kingdom,Europe,66.61073825503355,16.74,16.6,5,5.8,16.825
Chiba University,Japan,Asia,66.61073825503355,12.18,16.6,5,16.6,13.025
China University of Geosciences,China (Mainland),Asia,66.61073825503355,25.979999999999997,16.6,5,5.1,24.525
Colegio de México,Mexico,Americas,66.61073825503355,7.92,16.6,5,14.9,9.475
Holy Spirit University of Kaslik,Lebanon,Asia,66.61073825503355,8.16,16.6,5,6.7,9.675
Universidad del Rosario,Colombia,Americas,66.61073825503355,8.4,16.6,5,15.8,9.875
Université de Tunis El Manar,Tunisia,Africa,66.61073825503355,9.96,16.6,5,9.4,11.175
"University of Maryland, Baltimore County",United States,Americas,66.61073825503355,15,16.6,5,10.2,15.375
University of Pecs,Hungary,Europe,66.61073825503355,8.58,16.6,5,14.3,10.025
Verona University,Italy,Europe,66.61073825503355,31.86,16.6,5,9.1,29.425
Babes-Bolyai University,Romania,Europe,66.61073825503355,9.540000000000001,16.6,5,15.5,10.825
Kasetsart University,Thailand,Asia,66.61073825503355,8.4,16.6,5,25.2,9.875
National University of Uzbekistan,Uzbekistan,Asia,66.61073825503355,7.680000000000001,16.6,5,25.5,9.275
Qassim University,Saudi Arabia,Asia,66.61073825503355,7.98,16.6,5,10.6,9.525
Texas Tech University,United States,Americas,66.61073825503355,13.68,16.6,5,10.9,14.275
The New School,United States,Americas,66.61073825503355,8.46,16.6,5,15.2,9.925
Universidad de Belgrano,Argentina,Americas,66.61073825503355,7.5,16.6,5,9.4,9.125
Universidade Federal de Santa Catarina,Brazil,Americas,66.61073825503355,12,16.6,5,19.3,12.875
University of Latvia,Latvia,Europe,66.61073825503355,10.08,16.6,5,11.5,11.275
University of Mons,Belgium,Europe,66.61073825503355,29.28,16.6,5,7.1,27.275
Zürcher Hochschule Winterthur,Switzerland,Europe,66.61073825503355,8.52,16.6,5,5.4,9.975
Alfaisal University,Saudi Arabia,Asia,66.61073825503355,13.26,16.6,5,4.8,13.925
Ivane Javakhishvili Tbilisi State University,Georgia,Asia,66.61073825503355,7.62,16.6,5,10.4,9.225
Keele University,United Kingdom,Europe,66.61073825503355,22.619999999999997,16.6,5,6,21.725
New Jersey Institute of Technology (NJIT),United States,Americas,66.61073825503355,25.14,16.6,5,4.8,23.825
Sechenov University,Russia,Europe,66.61073825503355,9.48,16.6,5,5.3,10.775
Universidad de Antioquia,Colombia,Americas,66.61073825503355,9.48,16.6,5,29.1,10.775
University of Kentucky,United States,Americas,66.61073825503355,21,16.6,5,11.1,20.375
University of New Mexico,United States,Americas,66.61073825503355,15.84,16.6,5,10.5,16.075
Vellore Institute of Technology (VIT),India,Asia,66.61073825503355,18.24,16.6,5,12.7,18.075
Wayne State University,United States,Americas,66.61073825503355,13.26,16.6,5,7.6,13.925
Al-Ahliyya Amman University,Jordan,Asia,66.61073825503355,8.52,16.6,5,9.6,9.975
Alexandria University,Egypt,Africa,66.61073825503355,8.1,16.6,5,23.1,9.625
Ankara Üniversitesi,Turkey,Asia,66.61073825503355,8.46,16.6,5,20.2,9.925
Asia University Taiwan,Taiwan,Asia,66.61073825503355,38.4,16.6,5,5.9,34.875
Beijing University of Technology,China (Mainland),Asia,66.61073825503355,26.759999999999998,16.6,5,7.7,25.175
Belarusian National Technical University (BNTU),Belarus,Europe,66.61073825503355,7.5,16.6,5,14.8,9.125
"Birla Institute of Technology and Science, Pilani",India,Asia,66.61073825503355,19.14,16.6,5,11,18.825
Edinburgh Napier University,United Kingdom,Europe,66.61073825503355,13.98,16.6,5,5,14.525
Gdansk University of Technology,Poland,Europe,66.61073825503355,14.52,16.6,5,9.4,14.975
Huazhong Agricultural University,China (Mainland),Asia,66.61073825503355,42.72,16.6,5,4.2,38.475
Immanuel Kant Baltic Federal University,Russia,Europe,66.61073825503355,7.98,16.6,5,7.6,9.525
Instituto Politécnico Nacional (IPN),Mexico,Americas,66.61073825503355,8.1,16.6,5,19.1,9.625
Jouf University,Saudi Arabia,Asia,66.61073825503355,8.280000000000001,16.6,5,11.7,9.775
Khoja Akhmet Yassawi International Kazakh-Turkish University,Kazakhstan,Asia,66.61073825503355,7.62,16.6,5,16.7,9.225
Kuwait University,Kuwait,Asia,66.61073825503355,8.64,16.6,5,14.7,10.075
Liverpool John Moores University,United Kingdom,Europe,66.61073825503355,14.280000000000001,16.6,5,10,14.775
London South Bank University,United Kingdom,Europe,66.61073825503355,9.540000000000001,16.6,5,3.3,10.825
Maynooth University,Ireland,Europe,66.61073825503355,14.52,16.6,5,10.4,14.975
"National Technical University of Ukraine ""Igor Sikorsky Kyiv Polytechnic Institute""",Ukraine,Europe,66.61073825503355,7.800000000000001,16.6,5,16.2,9.375
Ocean University of China,China (Mainland),Asia,66.61073825503355,37.199999999999996,16.6,5,5.4,33.875
Philipps-Universität Marburg,Germany,Europe,66.61073825503355,21.9,16.6,5,12.7,21.125
Pontificia Universidad Católica de Valparaíso,Chile,Americas,66.61073825503355,10.86,16.6,5,27,11.925
Rutgers UniversityNewark,United States,Americas,66.61073825503355,17.46,16.6,5,10.1,17.425
Syracuse University,United States,Americas,66.61073825503355,13.26,16.6,5,12.9,13.925
The Catholic University of Korea,South Korea,Asia,66.61073825503355,15.36,16.6,5,4.5,15.675
Toronto Metropolitan University,Canada,Americas,66.61073825503355,22.74,16.6,5,8,21.825
TU Dortmund University,Germany,Europe,66.61073825503355,10.620000000000001,16.6,5,14.1,11.725
Universidad Anáhuac México,Mexico,Americas,66.61073825503355,7.5600000000000005,16.6,5,13.1,9.175
Universidad Iberoamericana IBERO,Mexico,Americas,66.61073825503355,7.680000000000001,16.6,5,18.5,9.275
Universidad San Francisco de Quito (USFQ),Ecuador,Americas,66.61073825503355,8.34,16.6,5,16,9.825
Università degli Studi di Perugia,Italy,Europe,66.61073825503355,31.439999999999998,16.6,5,9.1,29.075
Universitas Brawijaya,Indonesia,Asia,66.61073825503355,7.74,16.6,5,19.2,9.325
Universität Duisburg-Essen,Germany,Europe,66.61073825503355,13.620000000000001,16.6,5,11.3,14.225
Universität Rostock,Germany,Europe,66.61073825503355,10.02,16.6,5,7.3,11.225
Université de Lorraine,France,Europe,66.61073825503355,14.64,16.6,5,13.6,15.075
Universiti Tunku Abdul Rahman (UTAR),Malaysia,Asia,66.61073825503355,10.38,16.6,5,14,11.525
University of Alaska Fairbanks,United States,Americas,66.61073825503355,14.64,16.6,5,2.7,15.075
University of Alicante,Spain,Europe,66.61073825503355,11.52,16.6,5,13.5,12.475
University of Baghdad,Iraq,Asia,66.61073825503355,7.800000000000001,16.6,5,11,9.375
University of Bari,Italy,Europe,66.61073825503355,21.9,16.6,5,12.4,21.125
University of Brighton,United Kingdom,Europe,66.61073825503355,15.84,16.6,5,7.9,16.075
University of Bucharest,Romania,Europe,66.61073825503355,9.42,16.6,5,15.2,10.725
University of Hyderabad,India,Asia,66.61073825503355,31.799999999999997,16.6,5,13.2,29.375
University of Oregon,United States,Americas,66.61073825503355,18,16.6,5,18.3,17.875
University of Petroleum and Energy Studies (UPES),India,Asia,66.61073825503355,8.940000000000001,16.6,5,21.8,10.325
University of Salerno,Italy,Europe,66.61073825503355,29.160000000000004,16.6,5,8.6,27.175
University of Stavanger,Norway,Europe,66.61073825503355,9.9,16.6,5,7.1,11.125
University of Ulsan,South Korea,Asia,66.61073825503355,27.060000000000002,16.6,5,5,25.425
Wuhan University of Technology,China (Mainland),Asia,66.61073825503355,35.1,16.6,5,6.9,32.125
AGH University of Science and Technology,Poland,Europe,66.61073825503355,10.8,16.6,5,9.6,11.875
Al-Quds University,"Palestinian Territory, Occupied",Asia,66.61073825503355,7.92,16.6,5,5.8,9.475
Applied Science Private University - Jordan,Jordan,Asia,66.61073825503355,8.76,16.6,5,9.9,10.175
Charles Sturt University,Australia,Oceania,66.61073825503355,11.76,16.6,5,5.1,12.675
Chonnam National University,South Korea,Asia,66.61073825503355,14.34,16.6,5,9.3,14.825
Chungnam National University,South Korea,Asia,66.61073825503355,13.32,16.6,5,8.8,13.975
Clarkson University,United States,Americas,66.61073825503355,31.979999999999997,16.6,5,1.3,29.525
CY Cergy Paris University,France,Europe,66.61073825503355,9.9,16.6,5,3.7,11.125
Donghua University,China (Mainland),Asia,66.61073825503355,35.28,16.6,5,3.8,32.275
Georgia State University,United States,Americas,66.61073825503355,20.34,16.6,5,11.3,19.825
Gulf University for Science and Technology,Kuwait,Asia,66.61073825503355,9.780000000000001,16.6,5,14.6,11.025
Jamia Millia Islamia,India,Asia,66.61073825503355,22.5,16.6,5,9.3,21.625
Kansas State University,United States,Americas,66.61073825503355,20.16,16.6,5,8.2,19.675
Karaganda State Technical University,Kazakhstan,Asia,66.61073825503355,7.5600000000000005,16.6,5,9.7,9.175
Kyrgyz Russian Slavic University,Kyrgyzstan,Asia,66.61073825503355,7.5,16.6,5,9.3,9.125
Mendel University in Brno,Czechia,Europe,66.61073825503355,9.36,16.6,5,6.2,10.675
Nagasaki University,Japan,Asia,66.61073825503355,10.68,16.6,5,6.9,11.775
Northwest Agriculture and Forestry University,China (Mainland),Asia,66.61073825503355,28.979999999999997,16.6,5,4.5,27.025
North-West University,South Africa,Africa,66.61073825503355,15.84,16.6,5,7.4,16.075
Okayama University,Japan,Asia,66.61073825503355,11.52,16.6,5,8.9,12.475
Oklahoma State University,United States,Americas,66.61073825503355,14.88,16.6,5,8.3,15.275
Pavol Jozef afárik University in Koice,Slovakia,Europe,66.61073825503355,8.7,16.6,5,4.7,10.125
Poznan University of Life Sciences,Poland,Europe,66.61073825503355,10.74,16.6,5,5.6,11.825
Shahid Beheshti University (SBU),"Iran, Islamic Republic of",Asia,66.61073825503355,26.879999999999995,16.6,5,7.9,25.275
Swarthmore College,United States,Americas,66.61073825503355,13.92,16.6,5,3.4,14.475
Technological University Dublin,Ireland,Europe,66.61073825503355,8.76,16.6,5,12.6,10.175
Thapar Institute of Engineering & Technology,India,Asia,66.61073825503355,34.56,16.6,5,4.7,31.675
Tokyo University of Agriculture and Technology,Japan,Asia,66.61073825503355,25.200000000000003,16.6,5,13.8,23.875
Universidad de Valladolid,Spain,Europe,66.61073825503355,9.48,16.6,5,10.5,10.775
Universidad ORT Uruguay,Uruguay,Americas,66.61073825503355,7.5600000000000005,16.6,5,11.2,9.175
Universita' degli Studi di Ferrara,Italy,Europe,66.61073825503355,27.660000000000004,16.6,5,6.7,25.925
Université de Nantes,France,Europe,66.61073825503355,19.74,16.6,5,10.4,19.325
Université de Sherbrooke,Canada,Americas,66.61073825503355,17.04,16.6,5,6.8,17.075
Université du Québec,Canada,Americas,66.61073825503355,13.440000000000001,16.6,5,15.3,14.075
University at Albany SUNY,United States,Americas,66.61073825503355,27.240000000000002,16.6,5,8.1,25.575
University Duesseldorf,Germany,Europe,66.61073825503355,11.22,16.6,5,12.3,12.225
University of Dubai,United Arab Emirates,Asia,66.61073825503355,13.5,16.6,5,5.2,14.125
UNIVERSITY OF GDANSK,Poland,Europe,66.61073825503355,9.24,16.6,5,12,10.575
University of Ghana,Ghana,Africa,66.61073825503355,10.08,16.6,5,11.5,11.275
University of Hertfordshire,United Kingdom,Europe,66.61073825503355,10.02,16.6,5,4.4,11.225
University of Lincoln,United Kingdom,Europe,66.61073825503355,12.84,16.6,5,5.9,13.575
University of Mississippi,United States,Americas,66.61073825503355,10.2,16.6,5,4.2,11.375
University of Palermo,Italy,Europe,66.61073825503355,26.22,16.6,5,11.1,24.725
University of Santo Tomas,Philippines,Asia,66.61073825503355,7.680000000000001,16.6,5,12.8,9.275
University of South Africa,South Africa,Africa,66.61073825503355,11.280000000000001,16.6,5,10.6,12.275
University of Wroclaw,Poland,Europe,66.61073825503355,9.24,16.6,5,14.9,10.575
"Vietnam National University, Hanoi",Vietnam,Asia,66.61073825503355,8.34,16.6,5,15.3,9.825
Vilnius Gediminas Technical University,Lithuania,Europe,66.61073825503355,11.58,16.6,5,8.7,12.525
Virginia Commonwealth University,United States,Americas,66.61073825503355,14.58,16.6,5,7.1,15.025
Yildiz Technical University,Turkey,Asia,66.61073825503355,14.219999999999999,16.6,5,9.7,14.725
Australian Catholic University,Australia,Oceania,66.61073825503355,14.16,16.6,5,8.2,14.675
Beijing Jiaotong University,China (Mainland),Asia,66.61073825503355,25.979999999999997,16.6,5,9.7,24.525
Beijing University of Posts and Telecommunications,China (Mainland),Asia,66.61073825503355,36.48,16.6,5,3.2,33.275
Catania University,Italy,Europe,66.61073825503355,20.939999999999998,16.6,5,11.6,20.325
Future University in Egypt,Egypt,Africa,66.61073825503355,8.1,16.6,5,4.8,9.625
Gazi Üniversitesi,Turkey,Asia,66.61073825503355,9.540000000000001,16.6,5,18.6,10.825
Georgian Technical University,Georgia,Asia,66.61073825503355,35.04,16.6,5,7.1,32.075
German Jordanian University,Jordan,Asia,66.61073825503355,10.26,16.6,5,8.6,11.425
Imam Mohammad Ibn Saud Islamic University  IMSIU,Saudi Arabia,Asia,66.61073825503355,7.800000000000001,16.6,5,14.8,9.375
Kanazawa University,Japan,Asia,66.61073825503355,14.219999999999999,16.6,5,10.5,14.725
Karaganda Buketov University,Kazakhstan,Asia,66.61073825503355,7.5600000000000005,16.6,5,15.6,9.175
Kyrgyz-Turkish Manas University,Kyrgyzstan,Asia,66.61073825503355,7.92,16.6,5,15.1,9.475
Louisiana State University,United States,Americas,66.61073825503355,14.64,16.6,5,9.5,15.075
Makerere University,Uganda,Africa,66.61073825503355,9.6,16.6,5,11,10.875
"Manipal Academy of Higher Education, Manipal, Karnataka, India",India,Asia,66.61073825503355,9.540000000000001,16.6,5,10.9,10.825
Michigan Technological University,United States,Americas,66.61073825503355,24.060000000000002,16.6,5,4.8,22.925
National Research Saratov State University,Russia,Europe,66.61073825503355,7.92,16.6,5,5,9.475
Nicolaus Copernicus University,Poland,Europe,66.61073825503355,9.84,16.6,5,7.6,11.075
North South University,Bangladesh,Asia,66.61073825503355,8.52,16.6,5,13.3,9.975
Osaka Metropolitan University,Japan,Asia,66.61073825503355,10.8,16.6,5,12.4,11.875
Princess Sumaya University for Technology,Jordan,Asia,66.61073825503355,9.96,16.6,5,9.1,11.175
Ritsumeikan Asia Pacific University,Japan,Asia,66.61073825503355,8.4,16.6,5,6.1,9.875
Robert Gordon University,United Kingdom,Europe,66.61073825503355,10.08,16.6,5,3.7,11.275
South Ural State University (National Research University),Russia,Europe,66.61073825503355,9.06,16.6,5,8.4,10.425
Universidad Católica del Uruguay (UCU),Uruguay,Americas,66.61073825503355,7.62,16.6,5,12.5,9.225
"Universidad Central ""Marta Abreu"" de Las Villas",Cuba,Americas,66.61073825503355,7.62,16.6,5,5.3,9.225
Universidad EAFIT,Colombia,Americas,66.61073825503355,8.280000000000001,16.6,5,12.9,9.775
Universidad Externado de Colombia,Colombia,Americas,66.61073825503355,7.5600000000000005,16.6,5,13,9.175
Universidad Nacional de Córdoba - UNC,Argentina,Americas,66.61073825503355,7.86,16.6,5,26.4,9.425
Universidad Nacional Mayor de San Marcos,Peru,Americas,66.61073825503355,7.680000000000001,16.6,5,20.6,9.275
Universidad Pontificia Bolivariana,Colombia,Americas,66.61073825503355,7.92,16.6,5,8.4,9.475
Universidade Católica Portuguesa - UCP,Portugal,Europe,66.61073825503355,10.56,16.6,5,13,11.675
Universidade de Vigo,Spain,Europe,66.61073825503355,17.7,16.6,5,8.9,17.625
Università degli Studi della Tuscia (University of Tuscia),Italy,Europe,66.61073825503355,33.06,16.6,5,4.6,30.425
Università degli studi Roma Tre,Italy,Europe,66.61073825503355,14.16,16.6,5,17.4,14.675
"University of Alabama, Birmingham",United States,Americas,66.61073825503355,16.98,16.6,5,5.8,17.025
University of Calabria,Italy,Europe,66.61073825503355,20.46,16.6,5,6.8,19.925
University of East London,United Kingdom,Europe,66.61073825503355,10.620000000000001,16.6,5,3.6,11.725
University of Hail,Saudi Arabia,Asia,66.61073825503355,8.34,16.6,5,5.2,9.825
University of Lodz,Poland,Europe,66.61073825503355,8.940000000000001,16.6,5,11.5,10.325
University of Maribor,Slovenia,Europe,66.61073825503355,10.98,16.6,5,8,12.025
University of Murcia,Spain,Europe,66.61073825503355,10.98,16.6,5,11.7,12.025
University of Nairobi,Kenya,Africa,66.61073825503355,7.98,16.6,5,10,9.525
University of Peshawar,Pakistan,Asia,66.61073825503355,19.74,16.6,5,6.9,19.325
University of Salford,United Kingdom,Europe,66.61073825503355,11.04,16.6,5,6.8,12.075
University Paris 2 Panthéon-Assas,France,Europe,66.61073825503355,7.62,16.6,5,7.1,9.225
Viet Nam National University Ho Chi Minh City (VNU-HCM),Vietnam,Asia,66.61073825503355,8.16,16.6,5,18.8,9.675
Worcester Polytechnic Institute,United States,Americas,66.61073825503355,22.619999999999997,16.6,5,3.5,21.725
Wroclaw University of Science and Technology (WRUST),Poland,Europe,66.61073825503355,10.08,16.6,5,11.7,11.275
Yerevan State University,Armenia,Asia,66.61073825503355,7.680000000000001,16.6,5,7,9.275
Yokohama City University,Japan,Asia,66.61073825503355,13.080000000000002,16.6,5,3.4,13.775
Almaty Technological University,Kazakhstan,Asia,66.61073825503355,7.5,16.6,5,6.2,9.125
Athens University of Economics and Business,Greece,Europe,66.61073825503355,18.9,16.6,5,7.6,18.625
Auburn University,United States,Americas,66.61073825503355,17.22,16.6,5,7.1,17.225
Baku State University,Azerbaijan,Asia,66.61073825503355,7.74,16.6,5,12.9,9.325
Bina Nusantara University (BINUS),Indonesia,Asia,66.61073825503355,8.16,16.6,5,12.5,9.675
Clark University,United States,Americas,66.61073825503355,16.92,16.6,5,2.6,16.975
Clemson University,United States,Americas,66.61073825503355,16.02,16.6,5,7.3,16.225
D. Serikbayev East Kazakhstan state technical university,Kazakhstan,Asia,66.61073825503355,7.62,16.6,5,13,9.225
Ferdowsi University of Mashhad,"Iran, Islamic Republic of",Asia,66.61073825503355,23.82,16.6,5,7,22.725
Financial University under the Government of the Russian Federation,Russia,Europe,66.61073825503355,7.86,16.6,5,5.3,9.425
Hallym University,South Korea,Asia,66.61073825503355,11.04,16.6,5,2.8,12.075
Indian Institute of Technology Bhubaneswar,India,Asia,66.61073825503355,37.02,16.6,5,4.3,33.725
Instituto Tecnológico de Buenos Aires (ITBA),Argentina,Americas,66.61073825503355,7.680000000000001,16.6,5,8.8,9.275
Khon Kaen University,Thailand,Asia,66.61073825503355,9.540000000000001,16.6,5,17.2,10.825
King Mongkut's University of Technology Thonburi,Thailand,Asia,66.61073825503355,12,16.6,5,13.2,12.875
Kumamoto University,Japan,Asia,66.61073825503355,14.46,16.6,5,7.1,14.925
Mansoura University,Egypt,Africa,66.61073825503355,8.46,16.6,5,14.1,9.925
Niigata University,Japan,Asia,66.61073825503355,9.18,16.6,5,4.9,10.525
Northern Borders University,Saudi Arabia,Asia,66.61073825503355,8.16,16.6,5,13.1,9.675
Pontificia Universidad Católica del Ecuador (PUCE),Ecuador,Americas,66.61073825503355,7.680000000000001,16.6,5,17.3,9.275
Prince of Songkla University,Thailand,Asia,66.61073825503355,8.88,16.6,5,21.6,10.275
"Queen Margaret University , Edinburgh",United Kingdom,Europe,66.61073825503355,17.880000000000003,16.6,5,3.5,17.775
Rhodes University,South Africa,Africa,66.61073825503355,14.46,16.6,5,6.3,14.925
Riga Stradins University,Latvia,Europe,66.61073825503355,8.040000000000001,16.6,5,6.1,9.575
S.D. Asfendiyarov Kazakh National Medical University,Kazakhstan,Asia,66.61073825503355,7.5600000000000005,16.6,5,6.7,9.175
Saveetha Institute of Medical and Technical Sciences (deemed to be university),India,Asia,66.61073825503355,11.22,16.6,5,5.5,12.225
Sophia University,Japan,Asia,66.61073825503355,7.98,16.6,5,12.7,9.525
Southern Federal University,Russia,Europe,66.61073825503355,8.040000000000001,16.6,5,6.6,9.575
St. Louis University,United States,Americas,66.61073825503355,15,16.6,5,4.4,15.375
The University of Alabama,United States,Americas,66.61073825503355,14.04,16.6,5,10,14.575
The University of Lahore,Pakistan,Asia,66.61073825503355,8.88,16.6,5,11.1,10.275
Universidad Autónoma Metropolitana (UAM),Mexico,Americas,66.61073825503355,8.4,16.6,5,23.6,9.875
Universidad de Córdoba - España,Spain,Europe,66.61073825503355,14.1,16.6,5,10.6,14.625
Universidad de La Sabana,Colombia,Americas,66.61073825503355,8.1,16.6,5,21,9.625
Universidad de León,Spain,Europe,66.61073825503355,9.6,16.6,5,6.7,10.875
Universidad de los Andes - Chile,Chile,Americas,66.61073825503355,8.58,16.6,5,16.4,10.025
Universidad de San Andrés - UdeSA,Argentina,Americas,66.61073825503355,8.22,16.6,5,7.7,9.725
Universidad Nacional de Rosario (UNR),Argentina,Americas,66.61073825503355,7.5600000000000005,16.6,5,19.5,9.175
Universidad Técnica Federico Santa María (USM),Chile,Americas,66.61073825503355,9.9,16.6,5,9.8,11.125
Universidad Torcuato Di Tella,Argentina,Americas,66.61073825503355,8.46,16.6,5,12.4,9.925
Université Sorbonne Paris Nord,France,Europe,66.61073825503355,24.479999999999997,16.6,5,9.5,23.275
Université Toulouse 1 Capitole,France,Europe,66.61073825503355,10.620000000000001,16.6,5,13.4,11.725
Universiti Pendidikan Sultan Idris (UPSI),Malaysia,Asia,66.61073825503355,8.52,16.6,5,13.1,9.975
University of Bahrain,Bahrain,Asia,66.61073825503355,8.22,16.6,5,9.7,9.725
University of Central Lancashire,United Kingdom,Europe,66.61073825503355,9.18,16.6,5,5.4,10.525
University of Colombo,Sri Lanka,Asia,66.61073825503355,8.82,16.6,5,13.1,10.225
University of Denver,United States,Americas,66.61073825503355,11.58,16.6,5,5.4,12.525
University of Parma,Italy,Europe,66.61073825503355,22.14,16.6,5,9.5,21.325
University of Regina,Canada,Americas,66.61073825503355,19.5,16.6,5,3.3,19.125
University of South Bohemia,Czechia,Europe,66.61073825503355,10.32,16.6,5,5.2,11.475
University of the Western Cape,South Africa,Africa,66.61073825503355,15.36,16.6,5,8.6,15.675
Yarmouk University,Jordan,Asia,66.61073825503355,8.46,16.6,5,14.1,9.925
Yeungnam University,South Korea,Asia,66.61073825503355,23.04,16.6,5,3.8,22.075
Al-Azhar University,Egypt,Africa,66.61073825503355,7.74,16.6,5,13.1,9.325
Aligarh Muslim University,India,Asia,66.61073825503355,14.16,16.6,5,11.1,14.675
Amity University,India,Asia,66.61073825503355,11.16,16.6,5,9.8,12.175
Amrita Vishwa Vidyapeetham,India,Asia,66.61073825503355,10.32,16.6,5,5.8,11.475
An-Najah National University,"Palestinian Territory, Occupied",Asia,66.61073825503355,8.280000000000001,16.6,5,7.7,9.775
"Arab Academy for Science, Technology and Maritime Transport",Egypt,Africa,66.61073825503355,7.800000000000001,16.6,5,7.4,9.375
Assiut University,Egypt,Africa,66.61073825503355,8.22,16.6,5,11.4,9.725
Azerbaijan State Oil and Industry University,Azerbaijan,Asia,66.61073825503355,7.5600000000000005,16.6,5,7.3,9.175
Azerbaijan State University of Economics,Azerbaijan,Asia,66.61073825503355,7.62,16.6,5,13,9.225
Banaras Hindu University,India,Asia,66.61073825503355,12.3,16.6,5,13.5,13.125
Baylor University,United States,Americas,66.61073825503355,11.4,16.6,5,6.1,12.375
Bielefeld University,Germany,Europe,66.61073825503355,10.92,16.6,5,14.2,11.975
Binghamton University SUNY,United States,Americas,66.61073825503355,16.380000000000003,16.6,5,7,16.525
Birmingham City University,United Kingdom,Europe,66.61073825503355,8.82,16.6,5,6.2,10.225
BRAC University,Bangladesh,Asia,66.61073825503355,8.1,16.6,5,11.6,9.625
Brigham Young University,United States,Americas,66.61073825503355,13.14,16.6,5,7.5,13.825
Canterbury Christ Church University,United Kingdom,Europe,66.61073825503355,9.120000000000001,16.6,5,5.1,10.475
Chang Jung Christian University,Taiwan,Asia,66.61073825503355,7.86,16.6,5,8.5,9.425
Chung Yuan Christian University,Taiwan,Asia,66.61073825503355,16.259999999999998,16.6,5,6.3,16.425
Chungbuk National University,South Korea,Asia,66.61073825503355,13.080000000000002,16.6,5,3.8,13.775
College of William and Mary,United States,Americas,66.61073825503355,13.74,16.6,5,8.1,14.325
Corvinus University of Budapest,Hungary,Europe,66.61073825503355,8.76,16.6,5,10.3,10.175
Cracow University of Technology (Politechnika Krakowska),Poland,Europe,66.61073825503355,9.72,16.6,5,11,10.975
Dankook University,South Korea,Asia,66.61073825503355,8.7,16.6,5,5.8,10.125
EGE UNIVERSITY,Turkey,Asia,66.61073825503355,8.82,16.6,5,10,10.225
Escuela Superior Politécnica del Litoral (ESPOL),Ecuador,Americas,66.61073825503355,8.46,16.6,5,14.3,9.925
Fordham University,United States,Americas,66.61073825503355,10.14,16.6,5,6.8,11.325
Gebze Technical University (GTU),Turkey,Asia,66.61073825503355,18,16.6,5,4.5,17.875
George Mason University,United States,Americas,66.61073825503355,12.42,16.6,5,8.8,13.225
Gifu University,Japan,Asia,66.61073825503355,11.46,16.6,5,6.6,12.425
Glasgow Caledonian University,United Kingdom,Europe,66.61073825503355,10.68,16.6,5,5.2,11.775
Gunma University,Japan,Asia,66.61073825503355,9.72,16.6,5,3.5,10.975
Guru Gobind Singh Indraprastha University,India,Asia,66.61073825503355,23.519999999999996,16.6,5,4.5,22.475
Harbin Engineering University,China (Mainland),Asia,66.61073825503355,23.759999999999998,16.6,5,5.4,22.675
Hohai University,China (Mainland),Asia,66.61073825503355,16.8,16.6,5,4.1,16.875
Howard University,United States,Americas,66.61073825503355,8.7,16.6,5,7,10.125
Hungarian University of Agriculture and Life Sciences,Hungary,Europe,66.61073825503355,8.82,16.6,5,6,10.225
Indiana UniversityPurdue University Indianapolis,United States,Americas,66.61073825503355,12.9,16.6,5,7.1,13.625
International Christian University,Japan,Asia,66.61073825503355,7.800000000000001,16.6,5,5.2,9.375
International Islamic University Islamabad (IIU),Pakistan,Asia,66.61073825503355,11.7,16.6,5,7,12.625
Islamic University of Madinah,Saudi Arabia,Asia,66.61073825503355,7.800000000000001,16.6,5,5.5,9.375
"ITESO, Universidad Jesuita de Guadalajara",Mexico,Americas,66.61073825503355,7.5,16.6,5,6.3,9.125
Jiangnan University,China (Mainland),Asia,66.61073825503355,22.92,16.6,5,4.4,21.975
Kagoshima University,Japan,Asia,66.61073825503355,9,16.6,5,6.1,10.375
Kangwon National University,South Korea,Asia,66.61073825503355,11.82,16.6,5,4.8,12.725
Kazakh-British Technical University,Kazakhstan,Asia,66.61073825503355,7.800000000000001,16.6,5,14.4,9.375
Kent State University,United States,Americas,66.61073825503355,14.52,16.6,5,5.5,14.975
Kyushu Institute of Technology,Japan,Asia,66.61073825503355,22.259999999999998,16.6,5,4.6,21.425
Leeds Beckett University,United Kingdom,Europe,66.61073825503355,11.4,16.6,5,4.5,12.375
Lobachevsky University,Russia,Europe,66.61073825503355,8.1,16.6,5,7.9,9.625
Lodz University of Technology,Poland,Europe,66.61073825503355,12.24,16.6,5,5,13.075
London Metropolitan University,United Kingdom,Europe,66.61073825503355,8.88,16.6,5,5,10.275
Loyola University Chicago,United States,Americas,66.61073825503355,11.100000000000001,16.6,5,8.5,12.125
Lviv Polytechnic National University,Ukraine,Europe,66.61073825503355,8.040000000000001,16.6,5,8.4,9.575
Marmara University,Turkey,Asia,66.61073825503355,8.34,16.6,5,8.1,9.825
Mississippi State University,United States,Americas,66.61073825503355,17.34,16.6,5,6.2,17.325
Multimedia University (MMU),Malaysia,Asia,66.61073825503355,9.72,16.6,5,11,10.975
Mustansiriyah University,Iraq,Asia,66.61073825503355,7.680000000000001,16.6,5,5,9.275
Mutah University,Jordan,Asia,66.61073825503355,7.98,16.6,5,9.1,9.525
Mykolas Romeris University,Lithuania,Europe,66.61073825503355,9.6,16.6,5,6.2,10.875
Nanjing Normal University,China (Mainland),Asia,66.61073825503355,22.979999999999997,16.6,5,5,22.025
Narxoz University,Kazakhstan,Asia,66.61073825503355,7.680000000000001,16.6,5,9.6,9.275
National Chung Cheng University,Taiwan,Asia,66.61073825503355,9.84,16.6,5,12.5,11.075
"National Technical University ""Kharkiv Polytechnic Institute""",Ukraine,Europe,66.61073825503355,7.680000000000001,16.6,5,6.5,9.275
National University of Kyiv-Mohyla Academy (NaUKMA),Ukraine,Europe,66.61073825503355,7.62,16.6,5,5.1,9.225
NJSC KIMEP University,Kazakhstan,Asia,66.61073825503355,9.3,16.6,5,5.9,10.625
Northern Arizona University,United States,Americas,66.61073825503355,14.76,16.6,5,5.8,15.175
Northwest University (China),China (Mainland),Asia,66.61073825503355,17.22,16.6,5,4,17.225
O.P. Jindal Global University,India,Asia,66.61073825503355,7.86,16.6,5,8.8,9.425
Ohio University,United States,Americas,66.61073825503355,13.2,16.6,5,8.1,13.875
Panjab University,India,Asia,66.61073825503355,21.36,16.6,5,7.8,20.675
Paul Valéry University Montpellier,France,Europe,66.61073825503355,10.08,16.6,5,11.8,11.275
Pontifícia Universidade Católica de São Paulo,Brazil,Americas,66.61073825503355,7.62,16.6,5,10.1,9.225
Poznan University of Technology,Poland,Europe,66.61073825503355,10.68,16.6,5,7.8,11.775
Rochester Institute of Technology (RIT),United States,Americas,66.61073825503355,10.68,16.6,5,7.2,11.775
Russian Presidential Academy of National Economy and Public Administration,Russia,Europe,66.61073825503355,7.5600000000000005,16.6,5,4.9,9.175
Saint Petersburg Electrotechnical University ETU-LETI,Russia,Europe,66.61073825503355,7.98,16.6,5,5.4,9.525
Saint-Petersburg Mining University,Russia,Europe,66.61073825503355,8.16,16.6,5,3.6,9.675
Samara National Research University (Samara University),Russia,Europe,66.61073825503355,8.16,16.6,5,4.1,9.675
San Diego State University,United States,Americas,66.61073825503355,15.48,16.6,5,5.4,15.775
Sheffield Hallam University,United Kingdom,Europe,66.61073825503355,9.6,16.6,5,6.7,10.875
Shinshu University,Japan,Asia,66.61073825503355,13.620000000000001,16.6,5,3.6,14.225
"Siberian Federal University, SibFU",Russia,Europe,66.61073825503355,9.18,16.6,5,6.8,10.525
Silesian University of Technology,Poland,Europe,66.61073825503355,11.100000000000001,16.6,5,6.8,12.125
Slovak University of Agriculture in Nitra,Slovakia,Europe,66.61073825503355,11.22,16.6,5,8.5,12.225
Slovak University of Technology in Bratislava,Slovakia,Europe,66.61073825503355,9.18,16.6,5,9.1,10.525
Sohar University,Oman,Asia,66.61073825503355,12.3,16.6,5,4.4,13.125
Soonchunhyang University,South Korea,Asia,66.61073825503355,10.32,16.6,5,5.6,11.475
Southern Methodist University,United States,Americas,66.61073825503355,11.22,16.6,5,4.9,12.225
Southwest University,China (Mainland),Asia,66.61073825503355,21.24,16.6,5,3,20.575
SRM INSTITUTE OF SCIENCE AND TECHNOLOGY,India,Asia,66.61073825503355,9.3,16.6,5,8.6,10.625
Sumy State University,Ukraine,Europe,66.61073825503355,8.4,16.6,5,5.8,9.875
Sungshin Women's University,South Korea,Asia,66.61073825503355,7.62,16.6,5,5.6,9.225
Széchenyi István University,Hungary,Europe,66.61073825503355,7.86,16.6,5,9.2,9.425
Taibah University,Saudi Arabia,Asia,66.61073825503355,9.06,16.6,5,6.1,10.425
Tallinn University,Estonia,Europe,66.61073825503355,10.2,16.6,5,9,11.375
Technical University of Kosice,Slovakia,Europe,66.61073825503355,10.2,16.6,5,7.5,11.375
Tecnológico de Costa Rica -TEC,Costa Rica,Americas,66.61073825503355,7.74,16.6,5,8.4,9.325
Telkom University,Indonesia,Asia,66.61073825503355,7.800000000000001,16.6,5,8.7,9.375
The Hashemite University,Jordan,Asia,66.61073825503355,9.06,16.6,5,9.4,10.425
The University of Northampton,United Kingdom,Europe,66.61073825503355,8.46,16.6,5,3.2,9.925
The University of Texas at Arlington,United States,Americas,66.61073825503355,12.780000000000001,16.6,5,4.6,13.525
Tokushima University,Japan,Asia,66.61073825503355,10.26,16.6,5,4.4,11.425
Tokyo Metropolitan University,Japan,Asia,66.61073825503355,13.74,16.6,5,12.8,14.325
Universidad Andrés Bello,Chile,Americas,66.61073825503355,8.280000000000001,16.6,5,12.3,9.775
Universidad Austral de Chile,Chile,Americas,66.61073825503355,11.280000000000001,16.6,5,13.9,12.275
Universidad Autónoma Chapingo,Mexico,Americas,66.61073825503355,7.74,16.6,5,3.7,9.325
Universidad Autónoma de Nuevo León,Mexico,Americas,66.61073825503355,7.98,16.6,5,14.5,9.525
Universidad Autónoma del Estado de México (UAEMex),Mexico,Americas,66.61073825503355,7.800000000000001,16.6,5,19.3,9.375
Universidad de Castilla-La Mancha,Spain,Europe,66.61073825503355,12.719999999999999,16.6,5,7.9,13.475
Universidad de Guadalajara (UDG),Mexico,Americas,66.61073825503355,7.62,16.6,5,18.9,9.225
Universidad de La Frontera (UFRO),Chile,Americas,66.61073825503355,12.48,16.6,5,10.3,13.275
Universidad de las Américas Puebla (UDLAP),Mexico,Americas,66.61073825503355,8.040000000000001,16.6,5,7.9,9.575
Universidad de Lima,Peru,Americas,66.61073825503355,7.62,16.6,5,9.6,9.225
Universidad de Los Andes - (ULA) Mérida,Venezuela,Americas,66.61073825503355,7.62,16.6,5,14.6,9.225
Universidad de Oviedo,Spain,Europe,66.61073825503355,10.8,16.6,5,12.5,11.875
Universidad de Puerto Rico,Puerto Rico,Americas,66.61073825503355,8.1,16.6,5,10.2,9.625
Universidad de Talca,Chile,Americas,66.61073825503355,10.620000000000001,16.6,5,10.8,11.725
Universidad del Norte,Colombia,Americas,66.61073825503355,8.64,16.6,5,9.6,10.075
Universidad del Pacífico,Peru,Americas,66.61073825503355,8.76,16.6,5,7,10.175
Universidad del Valle,Colombia,Americas,66.61073825503355,8.040000000000001,16.6,5,18.1,9.575
Universidad Diego Portales (UDP),Chile,Americas,66.61073825503355,9.120000000000001,16.6,5,14.7,10.475
Universidad ICESI,Colombia,Americas,66.61073825503355,7.86,16.6,5,5.7,9.425
Universidad Nacional de Cuyo,Argentina,Americas,66.61073825503355,7.86,16.6,5,12.9,9.425
Universidad Nacional de la Asunción,Paraguay,Americas,66.61073825503355,7.5600000000000005,16.6,5,6.1,9.175
Universidad Nacional de San Luis,Argentina,Americas,66.61073825503355,7.62,16.6,5,3.8,9.225
Universidad Nacional del Centro de la Provincia de Buenos Aires (UNICEN),Argentina,Americas,66.61073825503355,7.680000000000001,16.6,5,5.5,9.275
Universidad Peruana Cayetano Heredia (UPCH),Peru,Americas,66.61073825503355,8.22,16.6,5,9.5,9.725
Universidad Rey Juan Carlos,Spain,Europe,66.61073825503355,9.6,16.6,5,7.9,10.875
Universidad Simón Bolívar (USB),Venezuela,Americas,66.61073825503355,8.46,16.6,5,13.7,9.925
Universidad Tecnológica de Panamá (UTP),Panama,Americas,66.61073825503355,7.5600000000000005,16.6,5,7.8,9.175
Universidad Tecnológica Nacional (UTN),Argentina,Americas,66.61073825503355,7.5600000000000005,16.6,5,4.5,9.175
Universidade da Coruña,Spain,Europe,66.61073825503355,11.280000000000001,16.6,5,5.9,12.275
Universidade Federal de Pernambuco (UFPE),Brazil,Americas,66.61073825503355,9.36,16.6,5,11.6,10.675
Universidade Federal de São Carlos (UFSCar),Brazil,Americas,66.61073825503355,17.58,16.6,5,11.8,17.525
Universidade Federal do Paraná - UFPR,Brazil,Americas,66.61073825503355,10.02,16.6,5,13,11.225
Universidade Federal Fluminense,Brazil,Americas,66.61073825503355,9.06,16.6,5,9.6,10.425
"Universita' degli Studi ""G. d'Annunzio"" Chieti Pescara",Italy,Europe,66.61073825503355,24.479999999999997,16.6,5,3.7,23.275
Università degli Studi di Udine,Italy,Europe,66.61073825503355,16.92,16.6,5,7.1,16.975
Università del Salento,Italy,Europe,66.61073825503355,19.92,16.6,5,7.1,19.475
Universitas Hasanuddin,Indonesia,Asia,66.61073825503355,7.680000000000001,16.6,5,14.3,9.275
Universitas Sebelas Maret,Indonesia,Asia,66.61073825503355,7.800000000000001,16.6,5,12.9,9.375
Universitat de Lleida,Spain,Europe,66.61073825503355,14.7,16.6,5,6,15.125
Universität Siegen,Germany,Europe,66.61073825503355,10.98,16.6,5,4.5,12.025
Université de Caen Normandie,France,Europe,66.61073825503355,10.68,16.6,5,8.8,11.775
Université de Poitiers,France,Europe,66.61073825503355,10.02,16.6,5,7.9,11.225
Université de Sfax,Tunisia,Africa,66.61073825503355,9.120000000000001,16.6,5,7,10.475
Université de Sousse,Tunisia,Africa,66.61073825503355,7.92,16.6,5,4.5,9.475
Université de Toulouse II-Le Mirail,France,Europe,66.61073825503355,11.16,16.6,5,9.4,12.175
Université de Tunis,Tunisia,Africa,66.61073825503355,8.040000000000001,16.6,5,7.2,9.575
Université Lumière Lyon 2,France,Europe,66.61073825503355,10.620000000000001,16.6,5,10.1,11.725
Université Mohammed V de Rabat,Morocco,Africa,66.61073825503355,9.6,16.6,5,3.7,10.875
Université Paris-Nanterre,France,Europe,66.61073825503355,8.4,16.6,5,11.4,9.875
Universiti Malaysia Sabah (UMS),Malaysia,Asia,66.61073825503355,9.120000000000001,16.6,5,14.7,10.475
Universiti Malaysia Sarawak (UNIMAS),Malaysia,Asia,66.61073825503355,8.82,16.6,5,13.2,10.225
Universiti Malaysia Terengganu (UMT),Malaysia,Asia,66.61073825503355,14.219999999999999,16.6,5,10.5,14.725
Universiti Tun Hussein Onn University of Malaysia (UTHM),Malaysia,Asia,66.61073825503355,12.059999999999999,16.6,5,10.3,12.925
University of Arkansas Fayetteville,United States,Americas,66.61073825503355,14.04,16.6,5,5.8,14.575
University of Derby,United Kingdom,Europe,66.61073825503355,9.96,16.6,5,4.8,11.175
University of Deusto,Spain,Europe,66.61073825503355,11.58,16.6,5,6.3,12.525
University of Hradec Kralove,Czechia,Europe,66.61073825503355,10.14,16.6,5,5,11.325
University of Ibadan,Nigeria,Africa,66.61073825503355,9,16.6,5,9.9,10.375
University of Idaho,United States,Americas,66.61073825503355,26.46,16.6,5,3.1,24.925
University of Ioannina,Greece,Europe,66.61073825503355,18.6,16.6,5,7.2,18.375
University of Karachi,Pakistan,Asia,66.61073825503355,9.84,16.6,5,11.6,11.075
University of Khartoum,Sudan,Africa,66.61073825503355,8.46,16.6,5,6.1,9.925
University of Lagos,Nigeria,Africa,66.61073825503355,8.46,16.6,5,8.4,9.925
University of Louisville,United States,Americas,66.61073825503355,11.52,16.6,5,3.5,12.475
University of Massachusetts Boston,United States,Americas,66.61073825503355,18.72,16.6,5,11,18.475
"University of Missouri, Kansas City",United States,Americas,66.61073825503355,17.04,16.6,5,4.4,17.075
University of Naples Parthenope,Italy,Europe,66.61073825503355,32.339999999999996,16.6,5,3.8,29.825
University of New England Australia,Australia,Oceania,66.61073825503355,15.719999999999999,16.6,5,10.7,15.975
University of New Hampshire,United States,Americas,66.61073825503355,17.04,16.6,5,5,17.075
University of North Carolina at Charlotte,United States,Americas,66.61073825503355,14.94,16.6,5,5.1,15.325
University of North Texas,United States,Americas,66.61073825503355,17.22,16.6,5,6.9,17.225
University of Novi Sad,Serbia,Europe,66.61073825503355,9.06,16.6,5,8.4,10.425
University of Rhode Island,United States,Americas,66.61073825503355,16.619999999999997,16.6,5,5.6,16.725
University of Sarajevo,Bosnia and Herzegovina,Europe,66.61073825503355,8.040000000000001,16.6,5,4.4,9.575
University of Seoul,South Korea,Asia,66.61073825503355,12.18,16.6,5,11,13.025
University of Tabuk,Saudi Arabia,Asia,66.61073825503355,8.7,16.6,5,5.2,10.125
University of Texas at San Antonio,United States,Americas,66.61073825503355,20.58,16.6,5,6,20.025
University of Texas El Paso,United States,Americas,66.61073825503355,15.42,16.6,5,4.4,15.725
University of the Free State,South Africa,Africa,66.61073825503355,12.18,16.6,5,6.1,13.025
University of the Sunshine Coast,Australia,Oceania,66.61073825503355,22.02,16.6,5,3.6,21.225
University of Toledo,United States,Americas,66.61073825503355,17.82,16.6,5,3.7,17.725
University of Tulsa,United States,Americas,66.61073825503355,13.8,16.6,5,3.2,14.375
University of Vermont,United States,Americas,66.61073825503355,16.259999999999998,16.6,5,3.1,16.425
University of Warmia and Mazury in Olsztyn,Poland,Europe,66.61073825503355,9.120000000000001,16.6,5,6.9,10.475
University of Wolverhampton,United Kingdom,Europe,66.61073825503355,11.88,16.6,5,3.2,12.775
University of Wyoming,United States,Americas,66.61073825503355,19.560000000000002,16.6,5,3.2,19.175
University of ilina,Slovakia,Europe,66.61073825503355,10.86,16.6,5,6.6,11.925
Utah State University,United States,Americas,66.61073825503355,20.34,16.6,5,6.2,19.825
VSB - Technical University of Ostrava,Czechia,Europe,66.61073825503355,9.72,16.6,5,6,10.975
Warsaw University of Life Sciences  SGGW (WULS-SGGW),Poland,Europe,66.61073825503355,10.98,16.6,5,6.6,12.025
West Virginia University,United States,Americas,66.61073825503355,18,16.6,5,5.6,17.875
Xi'an Jiaotong Liverpool University,China (Mainland),Asia,66.61073825503355,10.26,16.6,5,4.2,11.425
Yokohama National University,Japan,Asia,66.61073825503355,10.86,16.6,5,9.3,11.925
Al-Balqa Applied University,Jordan,Asia,66.61073825503355,8.52,16.6,5,5.8,9.975
Alexandru Ioan Cuza University,Romania,Europe,66.61073825503355,8.7,16.6,5,7.5,10.125
Anadolu University,Turkey,Asia,66.61073825503355,8.46,16.6,5,4.9,9.925
Aoyama Gakuin University,Japan,Asia,66.61073825503355,7.98,16.6,5,7,9.525
Ataturk University,Turkey,Asia,66.61073825503355,9.540000000000001,16.6,5,5.8,10.825
Atma Jaya Catholic University Jakarta,Indonesia,Asia,66.61073825503355,7.680000000000001,16.6,5,6.8,9.275
Bahauddin Zakariya University,Pakistan,Asia,66.61073825503355,15.66,16.6,5,6,15.925
Beijing Foreign Studies University,China (Mainland),Asia,66.61073825503355,7.800000000000001,16.6,5,5.7,9.375
Beijing University of Chinese Medicine,China (Mainland),Asia,66.61073825503355,12.54,16.6,5,4.4,13.325
Belarusian State University of Informatics and Radioelectronics,Belarus,Europe,66.61073825503355,7.62,16.6,5,6.6,9.225
Benemérita Universidad Autónoma de Puebla,Mexico,Americas,66.61073825503355,8.040000000000001,16.6,5,13.7,9.575
Birzeit university,"Palestinian Territory, Occupied",Asia,66.61073825503355,8.58,16.6,5,7.6,10.025
British University in Egypt,Egypt,Africa,66.61073825503355,8.280000000000001,16.6,5,6,9.775
Brock University,Canada,Americas,66.61073825503355,15.12,16.6,5,4,15.475
Central Michigan University,United States,Americas,66.61073825503355,10.8,16.6,5,3.6,11.875
Chaoyang University of Technology,Taiwan,Asia,66.61073825503355,9.24,16.6,5,5.5,10.575
China University of Political Science and Law,China (Mainland),Asia,66.61073825503355,7.62,16.6,5,2.7,9.225
Chitkara University,India,Asia,66.61073825503355,8.22,16.6,5,6.1,9.725
Chittagong University of Engineering and Technology,Bangladesh,Asia,66.61073825503355,9.96,16.6,5,8.9,11.175
Cleveland State University,United States,Americas,66.61073825503355,9.3,16.6,5,4.1,10.625
Cukurova University,Turkey,Asia,66.61073825503355,8.46,16.6,5,4.9,9.925
CUNY The City College of New York,United States,Americas,66.61073825503355,13.68,16.6,5,7.2,14.275
Daffodil International University,Bangladesh,Asia,66.61073825503355,8.58,16.6,5,9.5,10.025
Damascus University,Syrian Arab Republic,Asia,66.61073825503355,7.62,16.6,5,6.1,9.225
Dokuz Eylül Üniversitesi,Turkey,Asia,66.61073825503355,8.16,16.6,5,6.8,9.675
Doshisha University,Japan,Asia,66.61073825503355,7.98,16.6,5,8.6,9.525
Erciyes Üniversitesi,Turkey,Asia,66.61073825503355,10.08,16.6,5,4.4,11.275
Escuela Politécnica Nacional,Ecuador,Americas,66.61073825503355,8.940000000000001,16.6,5,6.9,10.325
Feng Chia University,Taiwan,Asia,66.61073825503355,10.56,16.6,5,10.8,11.675
Florida Atlantic University - Boca Raton,United States,Americas,66.61073825503355,12.600000000000001,16.6,5,4.7,13.375
Fu Jen Catholic University,Taiwan,Asia,66.61073825503355,11.100000000000001,16.6,5,7.6,12.125
Fundación CEU San Pablo,Spain,Europe,66.61073825503355,8.280000000000001,16.6,5,4.4,9.775
German University in Cairo,Egypt,Africa,66.61073825503355,8.22,16.6,5,8.3,9.725
Hanoi University of Science and Technology,Vietnam,Asia,66.61073825503355,9.72,16.6,5,7.3,10.975
Harper Adams University,United Kingdom,Europe,66.61073825503355,11.04,16.6,5,4.2,12.075
Helwan University,Egypt,Africa,66.61073825503355,7.86,16.6,5,7.3,9.425
Hongik University,South Korea,Asia,66.61073825503355,8.7,16.6,5,4.2,10.125
Hue University,Vietnam,Asia,66.61073825503355,7.86,16.6,5,4.6,9.425
Instituto Tecnológico de Santo Domingo (INTEC),Dominican Republic,Americas,66.61073825503355,7.74,16.6,5,1.6,9.325
Istanbul Aydin University,Turkey,Asia,66.61073825503355,7.74,16.6,5,4.9,9.325
Istanbul Bilgi Üniversitesi,Turkey,Asia,66.61073825503355,7.92,16.6,5,4.9,9.475
Ivan Franko National University of Lviv,Ukraine,Europe,66.61073825503355,7.680000000000001,16.6,5,5.7,9.275
Izmir Institute of Technology (IZTECH),Turkey,Asia,66.61073825503355,11.82,16.6,5,7.2,12.725
Jahangirnagar University,Bangladesh,Asia,66.61073825503355,10.32,16.6,5,9.7,11.475
Jamia Hamdard,India,Asia,66.61073825503355,14.46,16.6,5,5.1,14.925
Jeju National University,South Korea,Asia,66.61073825503355,11.100000000000001,16.6,5,3.6,12.125
Kazakh Ablai Khan University of International Relations and World Languages,Kazakhstan,Asia,66.61073825503355,7.5,16.6,5,7.7,9.125
Kazan National Research Technological University,Russia,Europe,66.61073825503355,7.74,16.6,5,5.7,9.325
Kenyatta University,Kenya,Africa,66.61073825503355,7.680000000000001,16.6,5,7,9.275
Kharkiv National University of Radio Electronics,Ukraine,Europe,66.61073825503355,7.800000000000001,16.6,5,3.9,9.375
Khulna University,Bangladesh,Asia,66.61073825503355,10.08,16.6,5,6.9,11.275
Khulna University of Engineering and Technology,Bangladesh,Asia,66.61073825503355,10.26,16.6,5,6.6,11.425
Kindai University (Kinki University),Japan,Asia,66.61073825503355,9.84,16.6,5,5.2,11.075
King Mongkut\'s Institute of Technology Ladkrabang,Thailand,Asia,66.61073825503355,8.76,16.6,5,8.3,10.175
King Mongkut's University of Technology North Bangkok,Thailand,Asia,66.61073825503355,8.88,16.6,5,8.5,10.275
Kookmin University,South Korea,Asia,66.61073825503355,8.64,16.6,5,3.6,10.075
Kwame Nkrumah University of Science and Technology,Ghana,Africa,66.61073825503355,8.1,16.6,5,6.9,9.625
Kyoto Institute of Technology,Japan,Asia,66.61073825503355,13.92,16.6,5,6.1,14.475
Kyrgyz State Technical University,Kyrgyzstan,Asia,66.61073825503355,7.5,16.6,5,14.6,9.125
Marquette University,United States,Americas,66.61073825503355,12.36,16.6,5,3.4,13.175
Meiji University,Japan,Asia,66.61073825503355,7.86,16.6,5,6.7,9.425
Mendeleev University of Chemical Technology,Russia,Europe,66.61073825503355,8.58,16.6,5,4.5,10.025
Miami University,United States,Americas,66.61073825503355,11.58,16.6,5,3.8,12.525
Moscow Pedagogical State University,Russia,Europe,66.61073825503355,7.680000000000001,16.6,5,7.8,9.275
Nagoya Institute of Technology (NIT),Japan,Asia,66.61073825503355,15.6,16.6,5,5.7,15.875
National Dong Hwa University,Taiwan,Asia,66.61073825503355,10.14,16.6,5,9.2,11.325
National Research University Moscow Power Engineering Institute (MPEI),Russia,Europe,66.61073825503355,8.040000000000001,16.6,5,6.9,9.575
National Taipei University,Taiwan,Asia,66.61073825503355,8.58,16.6,5,7.6,10.025
National Taiwan Ocean University,Taiwan,Asia,66.61073825503355,13.38,16.6,5,6,14.025
Novosibirsk State Technical University,Russia,Europe,66.61073825503355,7.92,16.6,5,6,9.475
Óbuda University,Hungary,Europe,66.61073825503355,11.58,16.6,5,5.5,12.525
Odessa I.I. Mechnikov National University,Ukraine,Europe,66.61073825503355,7.680000000000001,16.6,5,3.9,9.275
OSMANIA UNIVERSITY,India,Asia,66.61073825503355,19.5,16.6,5,5.4,19.125
Perm State National Research University,Russia,Europe,66.61073825503355,7.800000000000001,16.6,5,4.4,9.375
Pondicherry University,India,Asia,66.61073825503355,16.8,16.6,5,4.1,16.875
Pontificia Universidad Catolica Madre y Maestra,Dominican Republic,Americas,66.61073825503355,7.62,16.6,5,4.2,9.225
Pontifícia Universidade Católica do Rio Grande do Sul (PUCRS),Brazil,Americas,66.61073825503355,12.54,16.6,5,6.3,13.325
Portland State University,United States,Americas,66.61073825503355,12.42,16.6,5,4.1,13.225
Pukyong National University,South Korea,Asia,66.61073825503355,11.100000000000001,16.6,5,5.7,12.125
Rajshahi University,Bangladesh,Asia,66.61073825503355,8.7,16.6,5,10.4,10.125
Rikkyo University,Japan,Asia,66.61073825503355,8.16,16.6,5,4,9.675
Saitama University,Japan,Asia,66.61073825503355,10.98,16.6,5,4.9,12.025
Saken Seifullin Kazakh Agrotechnical University,Kazakhstan,Asia,66.61073825503355,7.62,16.6,5,9.7,9.225
San Francisco State University,United States,Americas,66.61073825503355,9.3,16.6,5,4.5,10.625
Sathyabama Institute of Science and Technology (deemed to be university),India,Asia,66.61073825503355,9.48,16.6,5,6.8,10.775
Seattle University,United States,Americas,66.61073825503355,8.16,16.6,5,5.4,9.675
Seoul National University of Science and Technology,South Korea,Asia,66.61073825503355,13.080000000000002,16.6,5,6.4,13.775
Shahjalal University of Science and Technology,Bangladesh,Asia,66.61073825503355,10.08,16.6,5,7.6,11.275
Shanghai International Studies University,China (Mainland),Asia,66.61073825503355,7.98,16.6,5,4.9,9.525
Shanghai University of Finance and Economics,China (Mainland),Asia,66.61073825503355,9,16.6,5,4.5,10.375
Siksha 'O' Anusandhan (Deemed to be University),India,Asia,66.61073825503355,10.08,16.6,5,7.5,11.275
Sookmyung Women's University,South Korea,Asia,66.61073825503355,8.940000000000001,16.6,5,4.4,10.325
Suez Canal University,Egypt,Africa,66.61073825503355,8.280000000000001,16.6,5,4.1,9.775
Suleyman Demirel University,Turkey,Asia,66.61073825503355,8.34,16.6,5,7.1,9.825
"Suleyman Demirel University, Kazakhstan",Kazakhstan,Asia,66.61073825503355,7.680000000000001,16.6,5,9,9.275
Suranaree University of Technology,Thailand,Asia,66.61073825503355,12.66,16.6,5,6.4,13.425
Tamkang University,Taiwan,Asia,66.61073825503355,9.9,16.6,5,5.7,11.125
Tanta University,Egypt,Africa,66.61073825503355,8.22,16.6,5,6.9,9.725
Technical University of Cluj-Napoca,Romania,Europe,66.61073825503355,9.24,16.6,5,4.6,10.575
Technical University of Liberec,Czechia,Europe,66.61073825503355,9.66,16.6,5,3.9,10.925
Technical University of Lublin,Poland,Europe,66.61073825503355,9.120000000000001,16.6,5,5.8,10.475
Technische Universität Kaiserslautern,Germany,Europe,66.61073825503355,9.66,16.6,5,6.3,10.925
"The ""Gheorghe Asachi"" Technical University of Iasi",Romania,Europe,66.61073825503355,10.5,16.6,5,5.3,11.625
The Herzen State Pedagogical University of Russia,Russia,Europe,66.61073825503355,7.62,16.6,5,3.8,9.225
The Josip Juraj Strossmayer University of Osijek,Croatia,Europe,66.61073825503355,8.76,16.6,5,4.3,10.175
"The National Research University ""Belgorod State University""",Russia,Europe,66.61073825503355,8.040000000000001,16.6,5,3.5,9.575
Tokai University,Japan,Asia,66.61073825503355,8.58,16.6,5,10.5,10.025
Tomas Bata University in Zlin,Czechia,Europe,66.61073825503355,10.2,16.6,5,4.5,11.375
Toraighyrov University,Kazakhstan,Asia,66.61073825503355,7.62,16.6,5,8.5,9.225
Transilvania University of Brasov,Romania,Europe,66.61073825503355,9.120000000000001,16.6,5,6.4,10.475
Tunghai University,Taiwan,Asia,66.61073825503355,10.14,16.6,5,6.5,11.325
Universidad Autónoma de Guadalajara (UAG),Mexico,Americas,66.61073825503355,7.5600000000000005,16.6,5,6.5,9.175
Universidad Autónoma del Estado de Hidalgo (UAEH),Mexico,Americas,66.61073825503355,7.74,16.6,5,3.2,9.325
Universidad Católica del Norte,Chile,Americas,66.61073825503355,10.440000000000001,16.6,5,4.5,11.575
Universidad Central del Ecuador,Ecuador,Americas,66.61073825503355,7.62,16.6,5,8.1,9.225
Universidad de Las Américas (UDLA) Ecuador,Ecuador,Americas,66.61073825503355,7.92,16.6,5,8.3,9.475
Universidad de Monterrey (UDEM),Mexico,Americas,66.61073825503355,7.800000000000001,16.6,5,12.5,9.375
Universidad de Oriente Santiago de Cuba,Cuba,Americas,66.61073825503355,7.5600000000000005,16.6,5,8.4,9.175
Universidad de Panama,Panama,Americas,66.61073825503355,7.5600000000000005,16.6,5,6.6,9.175
Universidad de Piura,Peru,Americas,66.61073825503355,7.62,16.6,5,7.5,9.225
Universidad de San Carlos de Guatemala - USAC,Guatemala,Americas,66.61073825503355,7.5,16.6,5,10.2,9.125
Universidad de Tarapaca,Chile,Americas,66.61073825503355,12.780000000000001,16.6,5,3.5,13.525
Universidad de Valparaíso (UV),Chile,Americas,66.61073825503355,8.64,16.6,5,10.9,10.075
Universidad del Bío-Bío,Chile,Americas,66.61073825503355,9.3,16.6,5,8,10.625
Universidad del Desarrollo (UDD),Chile,Americas,66.61073825503355,8.280000000000001,16.6,5,7.2,9.775
Universidad del Salvador,Argentina,Americas,66.61073825503355,7.5,16.6,5,3.7,9.125
Universidad del Zulia,Venezuela,Americas,66.61073825503355,8.16,16.6,5,10.1,9.675
Universidad Industrial de Santander - UIS,Colombia,Americas,66.61073825503355,8.16,16.6,5,9.7,9.675
Universidad La Salle (ULSA),Mexico,Americas,66.61073825503355,7.5600000000000005,16.6,5,4.5,9.175
Universidad Latinoamericana de Ciencia y Tecnología Costa Rica (ULACIT),Costa Rica,Americas,66.61073825503355,7.5,16.6,5,7.5,9.125
Universidad Mayor de San Andrés (UMSA),Bolivia,Americas,66.61073825503355,7.86,16.6,5,6.3,9.425
Universidad Metropolitana,Venezuela,Americas,66.61073825503355,7.5600000000000005,16.6,5,7.6,9.175
Universidad Nacional Agraria la Molina,Peru,Americas,66.61073825503355,7.86,16.6,5,7,9.425
Universidad Nacional Autónoma de Honduras (UNAH),Honduras,Americas,66.61073825503355,7.5,16.6,5,5.1,9.125
Universidad Nacional de Ingeniería Peru,Peru,Americas,66.61073825503355,7.800000000000001,16.6,5,7.4,9.375
Universidad Nacional de Mar del Plata,Argentina,Americas,66.61073825503355,9,16.6,5,8.6,10.375
Universidad Nacional de Río Cuarto - UNRC,Argentina,Americas,66.61073825503355,7.74,16.6,5,4.1,9.325
Universidad Nacional de San Martín (UNSAM),Argentina,Americas,66.61073825503355,8.22,16.6,5,11.3,9.725
Universidad Nacional del Litoral,Argentina,Americas,66.61073825503355,8.4,16.6,5,12.7,9.875
Universidad Nacional del Sur,Argentina,Americas,66.61073825503355,7.92,16.6,5,6.7,9.475
"Universidad Nacional, Costa Rica",Costa Rica,Americas,66.61073825503355,7.800000000000001,16.6,5,10.2,9.375
Universidad Peruana de Ciencias Aplicadas,Peru,Americas,66.61073825503355,7.5600000000000005,16.6,5,11.3,9.175
Universidade do Estado do Rio de Janeiro (UERJ),Brazil,Americas,66.61073825503355,8.4,16.6,5,9.5,9.875
Universidade Federal da Bahia,Brazil,Americas,66.61073825503355,8.76,16.6,5,9,10.175
Universidade Federal de Juiz de Fora- (UFJF),Brazil,Americas,66.61073825503355,8.58,16.6,5,3.8,10.025
Universidade Federal de Pelotas,Brazil,Americas,66.61073825503355,9.72,16.6,5,4.7,10.975
Universidade Federal de Santa Maria,Brazil,Americas,66.61073825503355,10.02,16.6,5,6.4,11.225
Universidade Federal de Viçosa (UFV),Brazil,Americas,66.61073825503355,11.58,16.6,5,5.1,12.525
Universidade Federal do Ceará (UFC),Brazil,Americas,66.61073825503355,10.08,16.6,5,7.4,11.275
Universidade Federal do Rio Grande Do Norte,Brazil,Americas,66.61073825503355,8.940000000000001,16.6,5,5.2,10.325
Universidade Presbiteriana Mackenzie,Brazil,Americas,66.61073825503355,8.16,16.6,5,3.5,9.675
Università degli studi di Bergamo,Italy,Europe,66.61073825503355,10.8,16.6,5,5.7,11.875
Universitas Islam Indonesia,Indonesia,Asia,66.61073825503355,7.98,16.6,5,11.2,9.525
Universitas Muhammadiyah Yogyakarta,Indonesia,Asia,66.61073825503355,7.74,16.6,5,6.6,9.325
Universitas Pendidikan Indonesia,Indonesia,Asia,66.61073825503355,7.74,16.6,5,10.9,9.325
Universitas Sumatera Utara,Indonesia,Asia,66.61073825503355,7.680000000000001,16.6,5,8.8,9.275
Universitatea de Vest din Timisoara / West University of Timisoara,Romania,Europe,66.61073825503355,8.58,16.6,5,9.2,10.025
Université de Limoges,France,Europe,66.61073825503355,10.2,16.6,5,6.6,11.375
Université Jean Moulin Lyon 3,France,Europe,66.61073825503355,8.280000000000001,16.6,5,8.8,9.775
Universiti Kuala Lumpur (UniKL),Malaysia,Asia,66.61073825503355,8.22,16.6,5,6,9.725
Universiti Malaysia Perlis,Malaysia,Asia,66.61073825503355,10.92,16.6,5,7.8,11.975
Universiti Teknikal Malaysia Melaka,Malaysia,Asia,66.61073825503355,10.38,16.6,5,6.3,11.525
University of Babylon,Iraq,Asia,66.61073825503355,8.1,16.6,5,4.6,9.625
University of Basrah,Iraq,Asia,66.61073825503355,7.74,16.6,5,5.5,9.325
University of Bialystok,Poland,Europe,66.61073825503355,8.46,16.6,5,5.4,9.925
University of International Business and Economics,China (Mainland),Asia,66.61073825503355,8.7,16.6,5,3.7,10.125
University of Kragujevac,Serbia,Europe,66.61073825503355,9.120000000000001,16.6,5,3.9,10.475
University of Kufa,Iraq,Asia,66.61073825503355,7.74,16.6,5,4.4,9.325
University of Memphis,United States,Americas,66.61073825503355,11.7,16.6,5,3.1,12.625
University of Miskolc,Hungary,Europe,66.61073825503355,8.34,16.6,5,6.6,9.825
University of Missouri Saint Louis,United States,Americas,66.61073825503355,13.2,16.6,5,4.2,13.875
University of Ni,Serbia,Europe,66.61073825503355,8.34,16.6,5,5,9.825
University of North Carolina at Greensboro,United States,Americas,66.61073825503355,12.96,16.6,5,2.6,13.675
University of Ostrava,Czechia,Europe,66.61073825503355,9.06,16.6,5,6.3,10.425
University of Pannonia,Hungary,Europe,66.61073825503355,12,16.6,5,4.2,12.875
University of Pardubice,Czechia,Europe,66.61073825503355,8.76,16.6,5,4.5,10.175
University of Peradeniya,Sri Lanka,Asia,66.61073825503355,8.1,16.6,5,9,9.625
University of Primorska,Slovenia,Europe,66.61073825503355,9.36,16.6,5,3.7,10.675
University of Rijeka,Croatia,Europe,66.61073825503355,9.48,16.6,5,6.1,10.775
University of Rzeszów,Poland,Europe,66.61073825503355,8.52,16.6,5,5.2,9.975
University of San Diego,United States,Americas,66.61073825503355,8.52,16.6,5,6.2,9.975
University of San Francisco,United States,Americas,66.61073825503355,9.06,16.6,5,5.9,10.425
University of Silesia in Katowice,Poland,Europe,66.61073825503355,8.76,16.6,5,5.4,10.175
University of South Alabama (USA),United States,Americas,66.61073825503355,10.56,16.6,5,4.7,11.675
University of Split,Croatia,Europe,66.61073825503355,9.42,16.6,5,6.3,10.725
University of Sri Jayewardenepura,Sri Lanka,Asia,66.61073825503355,8.88,16.6,5,6,10.275
University of the Pacific,United States,Americas,66.61073825503355,8.7,16.6,5,2.2,10.125
University of Tyumen,Russia,Europe,66.61073825503355,7.86,16.6,5,3.6,9.425
University of West Bohemia,Czechia,Europe,66.61073825503355,9.18,16.6,5,5.6,10.525
University of Wisconsin Milwaukee,United States,Americas,66.61073825503355,12.780000000000001,16.6,5,7.6,13.525
University POLITEHNICA of Bucharest,Romania,Europe,66.61073825503355,11.04,16.6,5,5.2,12.075
Vancouver Island University,Canada,Americas,66.61073825503355,7.5600000000000005,16.6,5,4.5,9.175
Voronezh State University,Russia,Europe,66.61073825503355,7.680000000000001,16.6,5,5.4,9.275
Western Michigan University,United States,Americas,66.61073825503355,10.38,16.6,5,4.9,11.525
Yamaguchi University,Japan,Asia,66.61073825503355,9.42,16.6,5,3.9,10.725
Yogyakarta State University,Indonesia,Asia,66.61073825503355,7.74,16.6,5,11.7,9.325
Youngsan University,South Korea,Asia,66.61073825503355,7.680000000000001,16.6,5,4,9.275
Yuan Ze University,Taiwan,Asia,66.61073825503355,12.3,16.6,5,5.5,13.125
Zagazig University,Egypt,Africa,66.61073825503355,8.46,16.6,5,7.7,9.925
Don State Technical University,Russia,Europe,66.61073825503355,7.74,16.6,5,3.5,9.325
Akdeniz Üniversitesi,Turkey,Asia,66.61073825503355,8.7,16.6,5,5.7,10.125
California Polytechnic State University,United States,Americas,66.61073825503355,8.7,16.6,5,3.6,10.125
California State University - Los Angeles,United States,Americas,66.61073825503355,8.64,16.6,5,5.2,10.075
"California State University, Long Beach",United States,Americas,66.61073825503355,8.64,16.6,5,3.7,10.075
Católica de Córdoba,Argentina,Americas,66.61073825503355,7.5600000000000005,16.6,5,5.3,9.175
East West University,Bangladesh,Asia,66.61073825503355,8.34,16.6,5,6.8,9.825
Fundación Universidad De Bogotá-Jorge Tadeo Lozano,Colombia,Americas,66.61073825503355,7.92,16.6,5,5.2,9.475
Humboldt State University,United States,Americas,66.61073825503355,9.120000000000001,16.6,5,3,10.475
Illinois State University,United States,Americas,66.61073825503355,9.36,16.6,5,3.4,10.675
"Indian Institute of Information Technology, Allahabad",India,Asia,66.61073825503355,13.32,16.6,5,4.1,13.975
Indiana State University,United States,Americas,66.61073825503355,8.7,16.6,5,6.2,10.125
International University of Business Agriculture and Technology,Bangladesh,Asia,66.61073825503355,8.280000000000001,16.6,5,6.6,9.775
Irkutsk State University,Russia,Europe,66.61073825503355,7.680000000000001,16.6,5,3.3,9.275
Korkyt Ata Kyzylorda University,Kazakhstan,Asia,66.61073825503355,7.5,16.6,5,7,9.125
Kwansei Gakuin University,Japan,Asia,66.61073825503355,8.34,16.6,5,4.1,9.825
Lucian Blaga University of Sibiu,Romania,Europe,66.61073825503355,8.040000000000001,16.6,5,3.6,9.575
M.Kh. Dulaty Taraz Regional University,Kazakhstan,Asia,66.61073825503355,7.5,16.6,5,7.6,9.125
MIREA - Russian Technological University,Russia,Europe,66.61073825503355,7.74,16.6,5,5.5,9.325
Moscow City University,Russia,Europe,66.61073825503355,7.5600000000000005,16.6,5,7.1,9.175
Naresuan University,Thailand,Asia,66.61073825503355,8.040000000000001,16.6,5,6.6,9.575
National University of Life and Environmental Sciences of Ukraine,Ukraine,Europe,66.61073825503355,7.74,16.6,5,5.8,9.325
"National University of Modern Languages (NUML), Islamabad",Pakistan,Asia,66.61073825503355,7.800000000000001,16.6,5,7,9.375
Nova Southeastern University,United States,Americas,66.61073825503355,8.58,16.6,5,2.7,10.025
Pontifícia Universidade Católica de Minas Gerais  PUC Minas,Brazil,Americas,66.61073825503355,7.800000000000001,16.6,5,4.9,9.375
Pontificia Universidade Católica do Campinas - PUC Campinas,Brazil,Americas,66.61073825503355,8.1,16.6,5,4.2,9.625
Pontifícia Universidade Católica do Paraná,Brazil,Americas,66.61073825503355,9.24,16.6,5,4.1,10.575
Russian State Agrarian University - Moscow Timiryazev Agricultural Academy,Russia,Europe,66.61073825503355,7.680000000000001,16.6,5,7,9.275
Russian State University for the Humanities,Russia,Europe,66.61073825503355,7.62,16.6,5,5.1,9.225
Sakarya University,Turkey,Asia,66.61073825503355,8.88,16.6,5,4.6,10.275
Shanghai Normal University,China (Mainland),Asia,66.61073825503355,9.48,16.6,5,5,10.775
Shibaura Institute of Technology,Japan,Asia,66.61073825503355,9.96,16.6,5,4.5,11.175
Silpakorn University,Thailand,Asia,66.61073825503355,8.58,16.6,5,6.3,10.025
Soochow University (Taiwan),Taiwan,Asia,66.61073825503355,7.98,16.6,5,4.7,9.525
Soongsil University,South Korea,Asia,66.61073825503355,9.6,16.6,5,3.5,10.875
Stamford University Bangladesh,Bangladesh,Asia,66.61073825503355,7.74,16.6,5,9.7,9.325
State University of Malang,Indonesia,Asia,66.61073825503355,7.92,16.6,5,6.3,9.475
Stefan cel Mare University of Suceava,Romania,Europe,66.61073825503355,9.42,16.6,5,3.8,10.725
"The University of Notre Dame, Australia",Australia,Oceania,66.61073825503355,11.22,16.6,5,3,12.225
Udayana University,Indonesia,Asia,66.61073825503355,7.74,16.6,5,6.4,9.325
United International University,Bangladesh,Asia,66.61073825503355,8.4,16.6,5,6.3,9.875
Universidad Alberto Hurtado,Chile,Americas,66.61073825503355,8.58,16.6,5,8.6,10.025
Universidad Autónoma de Aguascalientes,Mexico,Americas,66.61073825503355,7.62,16.6,5,3.1,9.225
Universidad Autónoma de Baja California,Mexico,Americas,66.61073825503355,7.800000000000001,16.6,5,6.6,9.375
Universidad Autónoma de Chile,Chile,Americas,66.61073825503355,8.76,16.6,5,5.3,10.175
Universidad Autónoma de Querétaro (UAQ),Mexico,Americas,66.61073825503355,8.16,16.6,5,4.4,9.675
Universidad Autónoma de San Luis de Potosí,Mexico,Americas,66.61073825503355,8.34,16.6,5,5.9,9.825
Universidad Autonoma de Yucatan,Mexico,Americas,66.61073825503355,8.34,16.6,5,5.5,9.825
Universidad Autónoma del Estado de Morelos (UAEM),Mexico,Americas,66.61073825503355,7.86,16.6,5,3.5,9.425
Universidad Bernardo O'Higgins,Chile,Americas,66.61073825503355,8.1,16.6,5,4.6,9.625
"Universidad Católica Boliviana ""San Pablo""",Bolivia,Americas,66.61073825503355,7.5600000000000005,16.6,5,3.9,9.175
Universidad Católica de Colombia,Colombia,Americas,66.61073825503355,7.86,16.6,5,6.1,9.425
Universidad Católica de La Santísima Concepción - UCSC,Chile,Americas,66.61073825503355,8.58,16.6,5,3.4,10.025
Universidad Católica de Santiago de Guayaquil,Ecuador,Americas,66.61073825503355,7.800000000000001,16.6,5,4.5,9.375
Universidad Católica de Temuco,Chile,Americas,66.61073825503355,9.780000000000001,16.6,5,4.1,11.025
Universidad Central de Chile,Chile,Americas,66.61073825503355,7.92,16.6,5,4.4,9.475
Universidad de Caldas,Colombia,Americas,66.61073825503355,7.800000000000001,16.6,5,4.9,9.375
Universidad de Carabobo,Venezuela,Americas,66.61073825503355,7.5,16.6,5,4.7,9.125
Universidad de Cartagena,Colombia,Americas,66.61073825503355,8.82,16.6,5,4.8,10.225
Universidad de Córdoba - Colombia,Colombia,Americas,66.61073825503355,7.74,16.6,5,11.8,9.325
Universidad de Cuenca,Ecuador,Americas,66.61073825503355,8.1,16.6,5,7.2,9.625
Universidad de Guanajuato,Mexico,Americas,66.61073825503355,8.58,16.6,5,7.1,10.025
Universidad de La Salle,Colombia,Americas,66.61073825503355,7.680000000000001,16.6,5,6,9.275
Universidad de La Serena,Chile,Americas,66.61073825503355,10.26,16.6,5,4,11.425
Universidad de las Fuerzas Armadas ESPE (Ex - Escuela Politécnica del Ejército),Ecuador,Americas,66.61073825503355,7.680000000000001,16.6,5,6.1,9.275
Universidad de Medellín,Colombia,Americas,66.61073825503355,8.22,16.6,5,6.5,9.725
Universidad de Santander - UDES,Colombia,Americas,66.61073825503355,7.680000000000001,16.6,5,3.3,9.275
Universidad de Sonora,Mexico,Americas,66.61073825503355,7.98,16.6,5,3.6,9.525
Universidad del Cauca,Colombia,Americas,66.61073825503355,7.92,16.6,5,7.9,9.475
Universidad del Valle de Mexico (UVM),Mexico,Americas,66.61073825503355,7.5600000000000005,16.6,5,3.8,9.175
Universidad Michoacana de San Nicolás de Hidalgo,Mexico,Americas,66.61073825503355,8.1,16.6,5,4.1,9.625
Universidad Nacional de Quilmes,Argentina,Americas,66.61073825503355,7.92,16.6,5,6.7,9.475
Universidad Nacional de Tucumán,Argentina,Americas,66.61073825503355,7.86,16.6,5,7.4,9.425
Universidad Nacional del Comahue,Argentina,Americas,66.61073825503355,7.680000000000001,16.6,5,5.1,9.275
UNIVERSIDAD POLITECNICA SALESIANA,Ecuador,Americas,66.61073825503355,7.800000000000001,16.6,5,6.4,9.375
Universidad Popular Autónoma del Estado de Puebla (UPAEP),Mexico,Americas,66.61073825503355,7.62,16.6,5,5.2,9.225
Universidad San Ignacio de Loyola,Peru,Americas,66.61073825503355,7.800000000000001,16.6,5,6.1,9.375
Universidad Tecnica Particular De Loja (UTPL),Ecuador,Americas,66.61073825503355,7.86,16.6,5,6,9.425
Universidad Tecnológica de Bolívar,Colombia,Americas,66.61073825503355,8.52,16.6,5,2.2,9.975
"Universidad Tecnológica de la Habana José Antonio Echeverría, Cujae",Cuba,Americas,66.61073825503355,7.5600000000000005,16.6,5,4.9,9.175
Universidad Tecnológica de Pereira,Colombia,Americas,66.61073825503355,8.040000000000001,16.6,5,3.8,9.575
Universidad Veracruzana,Mexico,Americas,66.61073825503355,7.74,16.6,5,7.7,9.325
Universidade do Estado de Santa Catarina,Brazil,Americas,66.61073825503355,7.92,16.6,5,3.7,9.475
Universidade Estadual de Londrina,Brazil,Americas,66.61073825503355,8.88,16.6,5,3.9,10.275
Universidade Federal da Paraíba,Brazil,Americas,66.61073825503355,8.76,16.6,5,4.1,10.175
Universidade Federal de Goiás,Brazil,Americas,66.61073825503355,9.42,16.6,5,3.8,10.725
Universidade Federal de Uberlândia,Brazil,Americas,66.61073825503355,9,16.6,5,3.8,10.375
Universidade Federal do Estado do Rio de Janeiro - UNIRIO,Brazil,Americas,66.61073825503355,8.16,16.6,5,2.9,9.675
Universidade Federal do Parà - UFPA,Brazil,Americas,66.61073825503355,8.46,16.6,5,3.6,9.925
Universitas Andalas,Indonesia,Asia,66.61073825503355,7.680000000000001,16.6,5,8.1,9.275
Universitas Kristen Petra,Indonesia,Asia,66.61073825503355,7.86,16.6,5,7.1,9.425
Universitas Muhammadiyah Surakarta,Indonesia,Asia,66.61073825503355,7.5600000000000005,16.6,5,5.5,9.175
Universiti Sains Islam Malaysia,Malaysia,Asia,66.61073825503355,8.040000000000001,16.6,5,6.6,9.575
University of Central Oklahoma,United States,Americas,66.61073825503355,7.800000000000001,16.6,5,5.6,9.375
University of Craiova,Romania,Europe,66.61073825503355,8.16,16.6,5,4.5,9.675
University of Lampung,Indonesia,Asia,66.61073825503355,7.680000000000001,16.6,5,4.7,9.275
University of Mataram,Indonesia,Asia,66.61073825503355,7.5600000000000005,16.6,5,6.4,9.175
University of Montana Missoula,United States,Americas,66.61073825503355,10.56,16.6,5,3,11.675
University of Oradea,Romania,Europe,66.61073825503355,8.040000000000001,16.6,5,5.6,9.575
University of San Carlos,Philippines,Asia,66.61073825503355,7.98,16.6,5,7.2,9.525
"University Politehnica of Timisoara, UPT",Romania,Europe,66.61073825503355,9.24,16.6,5,4.1,10.575
Western Washington University,United States,Americas,66.61073825503355,9,16.6,5,2.6,10.375
University of Oxford,United Kingdom,Unknown,100,99.4,10.9,42,11,99.5
Stanford University,United States,Unknown,99.83221476510067,98.88,6.4,23,11,98.69999999999999
Massachusetts Institute of Technology,United States,Unknown,99.66442953020132,98.30000000000001,8,33,11,97.95
Harvard University,United States,Unknown,99.49664429530202,99.60000000000001,9,25,11,99.65
University of Cambridge,United Kingdom,Unknown,99.32885906040268,98.8,11.5,38,11,99
Princeton University,United States,Unknown,99.16107382550337,98.44,7.3,23,11,98.35
California Institute of Technology,United States,Unknown,98.99328859060402,96.74000000000001,6.1,33,11,96.95
Imperial College London,United Kingdom,Unknown,98.82550336,97.36,11.8,61,11,97.05
"University of California, Berkeley",United States,Unknown,98.65771812080536,98.92,17.9,22,11,98.9
Yale University,United States,Unknown,98.48993288590604,96.58,5.2,21,11,96.30000000000001
ETH Zurich,Switzerland,Unknown,98.32214765,96.07999999999998,15.4,43,11,96.19999999999999
Tsinghua University,China,Unknown,98.15436242,95.16,11.2,10,11,95.65
The University of Chicago,United States,Unknown,97.98657718120806,95.03999999999999,6.2,36,11,94.4
Peking University,China,Unknown,97.81879194630872,91.24000000000001,10.9,14,11,92.25
Johns Hopkins University,United States,Unknown,97.65100671,95.24000000000001,4.1,28,11,94.75
University of Pennsylvania,United States,Unknown,97.48322147651008,94.44,6.2,22,11,93.65
Columbia University,United States,Unknown,97.31543624161074,94.32,5.2,35,11,93.55000000000001
"University of California, Los Angeles",United States,Unknown,97.14765101,94.60000000000001,9.6,15,11,94.15
National University of Singapore,Singapore,Unknown,96.97986577181209,94.84,20,24,11,94.7
Cornell University,United States,Unknown,96.81208053691276,94.03999999999999,10,24,11,93.15
University of Toronto,Canada,Unknown,96.64429530201345,93.32,25.8,27,11,93.44999999999999
UCL,United Kingdom,Unknown,96.47651006711408,93.72,11.3,61,11,92.5
University of Michigan-Ann Arbor,United States,Unknown,96.30872483221476,92.25999999999999,8.1,16,11,91.45
Carnegie Mellon University,United States,Unknown,96.14093959731544,93.18,11.9,44,11,91.75
University of Washington,United States,Unknown,95.97315436,92.32,10.1,16,11,90.85
Duke University,United States,Unknown,95.80536912751678,88.16,3.9,18,11,86.15
New York University,United States,Unknown,95.63758389261746,90.54,11.8,42,11,89.45
Northwestern University,United States,Unknown,95.46979865771812,90.19999999999999,13.1,18,11,88.3
The University of Tokyo,Japan,Unknown,95.30201342,78.36,10.3,15,11,81
University of Edinburgh,United Kingdom,Unknown,95.13422818791946,89.14,11.5,46,11,87.2
Technical University of Munich,Germany,Unknown,95.13422818791946,88.03999999999999,44.4,39,11,87.55
"Nanyang Technological University, Singapore",Singapore,Unknown,94.79865772,89.06,16.7,27,11,87.7
Ãcole Polytechnique FÃ©dÃ©rale de Lausanne,Switzerland,Unknown,94.63087248322148,83.46000000000001,13.5,64,11,81.75
"University of California, San Diego",United States,Unknown,94.46308724832215,89.92,12,19,11,88
University of Hong Kong,Hong Kong,Unknown,94.29530201342284,86.76,18.3,43,11,84.35
Georgia Institute of Technology,United States,Unknown,94.12751677852349,88.02,28,29,11,86.5
University of Melbourne,Australia,Unknown,93.95973154362416,84.62,25.1,47,11,83.25
Kingâs College London,United Kingdom,Unknown,93.79194630872485,88.66,13.9,53,11,86.4
LMU Munich,Germany,Unknown,93.79194630872485,86.03999999999999,33.5,18,11,84.5
Paris Sciences et Lettres â PSL Research University Paris,France,Unknown,93.45637583892618,79.04,15,22,11,78
University of British Columbia,Canada,Unknown,93.28859060402684,84.94,19.4,34,11,83.55
University of Illinois at Urbana-Champaign,United States,Unknown,93.12080536912752,83.72,19.6,23,11,83.35
Shanghai Jiao Tong University,China,Unknown,92.95302013,78.24000000000001,12.6,9,11,78.95
Fudan University,China,Unknown,92.78523489932886,80.22,12.6,9,11,79.4
KU Leuven,Belgium,Unknown,92.61744966442951,85.10000000000001,37.3,19,11,83.4
London School of Economics and Political Science,United Kingdom,Unknown,92.44966443,86.64,12.6,72,11,84.45
UniversitÃ¤t Heidelberg,Germany,Unknown,92.28187919463086,82.47999999999999,13.3,20,11,79.44999999999999
Delft University of Technology,Netherlands,Unknown,92.11409395973156,77.18,15.9,30,11,77.35
McGill University,Canada,Unknown,91.94630872483222,82.19999999999999,11.9,29,11,80.55
Karolinska Institute,Sweden,Unknown,91.77852348993288,84.34,9.9,27,11,81.6
University of Manchester,United Kingdom,Unknown,91.61073825503355,82.69999999999999,15.6,45,11,80.1
University of Texas at Austin,United States,Unknown,91.44295302013424,84.88,16.4,8,11,83.35
Chinese University of Hong Kong,Hong Kong,Unknown,91.27516779,83.16,18.8,25,11,79.55
Monash University,Australia,Unknown,91.10738255033556,83.94,43.1,38,11,81.25
Kyoto University,Japan,Unknown,90.93959731543625,69.72,9,11,11,72.15
Zhejiang University,China,Unknown,90.93959731543625,77.34,12,16,11,77
University of Science and Technology of China,China,Unknown,90.60402685,79.44,8.1,5,11,77.25
UniversitÃ© Paris-Saclay,France,Unknown,90.43624161073824,75.88,13,24,11,74.25
"University of California, Davis",United States,Unknown,90.26845637583892,79.44,13.3,18,11,77.5
The University of Sydney,Australia,Unknown,90.10067114,82.75999999999999,23.1,51,11,80.45
University of Amsterdam,Netherlands,Unknown,89.93288590604027,83.25999999999999,13.2,36,11,79.9
Seoul National University,South Korea,Unknown,89.76510067114094,74.88,16.1,13,11,74.94999999999999
University of Wisconsin-Madison,United States,Unknown,89.59731543624162,78.3,9.9,13,11,76.5
Brown University,United States,Unknown,89.42953020134227,77.66,10.3,19,11,74.65
The Hong Kong University of Science and Technology,Hong Kong,Unknown,89.42953020134227,80.58000000000001,19.9,30,11,77.5
Wageningen University & Research,Netherlands,Unknown,89.42953020134227,80.19999999999999,18.1,28,11,76.8
Australian National University,Australia,Unknown,88.9261745,79.16,15.1,48,11,77.3
Washington University in St Louis,United States,Unknown,88.75838926174497,81.38,7.3,22,11,77.35
"University of California, Santa Barbara",United States,Unknown,88.59060402684564,84.02000000000001,27.5,18,11,80.80000000000001
The University of Queensland,Australia,Unknown,88.42281879194631,79.17999999999999,39.1,42,11,76.69999999999999
Institut Polytechnique de Paris,France,Unknown,88.25503355704699,67.12,6.8,42,11,66.2
University of North Carolina at Chapel Hill,United States,Unknown,88.08724832214764,80.46000000000001,7.7,8,11,77.1
Nanjing University,China,Unknown,87.91946308724832,75.86,16.7,8,11,73.5
University of Southern California,United States,Unknown,87.75167785234899,79.02,14.2,24,11,75.65
Sorbonne University,France,Unknown,87.58389261744966,74.53999999999999,14.5,22,11,72.25
Yonsei University (Seoul campus),South Korea,Unknown,87.41610738255034,73.3,13.9,17,11,71.8
Leiden University,Netherlands,Unknown,87.24832214765101,80.88,19.3,21,11,77.85
Boston University,United States,Unknown,87.08053691275168,78.22,10.8,29,11,74.2
University of Groningen,Netherlands,Unknown,86.91275167785236,79.58,28.8,29,11,75.85
University of Zurich,Switzerland,Unknown,86.74496644295301,76.44,14.7,24,11,72.6
University of Bristol,United Kingdom,Unknown,86.57718120805369,80.97999999999999,14.8,31,11,76.9
City University of Hong Kong,Hong Kong,Unknown,86.40939597315436,75.62,13.2,67,11,71.75
Korea Advanced Institute of Science and Technology (KAIST),South Korea,Unknown,86.24161073825503,72.76,10.7,8,11,71.6
UNSW Sydney,Australia,Unknown,86.0738255,77.62,36.6,40,11,74.25
University of Minnesota,United States,Unknown,85.90604026845638,75.72,11.8,9,11,72.85
Purdue University West Lafayette,United States,Unknown,85.73825503355704,69.2,18.3,17,11,68.55
University of Glasgow,United Kingdom,Unknown,85.57046979865773,78.8,14.4,43,11,74.3
The Hong Kong Polytechnic University,Hong Kong,Unknown,85.57046979865773,78.34,30.6,30,11,74.3
Humboldt University of Berlin,Germany,Unknown,85.57046979865773,75.16,54.5,18,11,73.25
RWTH Aachen University,Germany,Unknown,85.06711409395973,73.26,43.3,29,11,71.85
University of Bonn,Germany,Unknown,84.89932886,76.9,44.5,17,11,73.7
"University of California, Irvine",United States,Unknown,84.73154362416108,77.44,16.2,26,11,73.5
Vanderbilt University,United States,Unknown,84.73154362416108,77,3.9,17,11,72.25
CharitÃ© - UniversitÃ¤tsmedizin Berlin,Germany,Unknown,84.39597315436241,78.25999999999999,17.5,21,11,73.4
Lomonosov Moscow State University,Russia,Unknown,84.22818791946308,50.42,9.6,37,11,54.55
University of TÃ¼bingen,Germany,Unknown,84.22818791946308,76,27.1,14,11,72.75
KTH Royal Institute of Technology,Sweden,Unknown,83.89261744966443,71.72,15.9,26,11,69.4
University of Southampton,United Kingdom,Unknown,83.89261744966443,75.66,13,35,11,71.4
Erasmus University Rotterdam,Netherlands,Unknown,83.55704697986577,79.78,36,25,11,75.5
Ohio State University (Main campus),United States,Unknown,83.55704697986577,74.12,11.4,11,11,70.55000000000001
University of Birmingham,United Kingdom,Unknown,83.22147651006712,77.02,15.2,32,11,72.4
Free University of Berlin,Germany,Unknown,83.05369127516778,73.38,41.5,20,11,71.1
University of Copenhagen,Denmark,Unknown,82.88590604026845,75.22,4.3,14,11,71.2
McMaster University,Canada,Unknown,82.88590604026845,76.32,30.9,22,11,72.15
University of Sheffield,United Kingdom,Unknown,82.55033557,75.17999999999999,15.4,40,11,70.9
Emory University,United States,Unknown,82.38255033557047,75.58,4,19,11,70.6
Lund University,Sweden,Unknown,82.38255033557047,74.6,12,18,11,71.6
University of Warwick,United Kingdom,Unknown,82.38255033557047,74.24000000000001,14.4,44,11,70.55
Aarhus University,Denmark,Unknown,81.87919463087249,75.38,13.5,9,11,72.65
University of Alberta,Canada,Unknown,81.87919463087249,70.74000000000001,22.8,27,11,68.2
University of Adelaide,Australia,Unknown,81.54362416107382,75.92,36.4,31,11,71.7
University of GÃ¶ttingen,Germany,Unknown,81.54362416107382,75.97999999999999,27.4,14,11,72.44999999999999
UniversitÃ© de MontrÃ©al,Canada,Unknown,81.54362416107382,70.66,20.5,22,11,67.9
"University of Maryland, College Park",United States,Unknown,81.04026845637584,78.92,17,9,11,75.45
Ghent University,Belgium,Unknown,80.87248322147651,74.9,37.6,12,11,72.3
University of Bern,Switzerland,Unknown,80.70469798657717,74.78,18.2,16,11,70.15
Michigan State University,United States,Unknown,80.70469798657717,72.64,16.1,11,11,69.25
Texas A&M University,United States,Unknown,80.36912751677853,71.22,20.5,6,11,69.7
Rice University,United States,Unknown,80.20134228187919,70.14,9.8,26,11,66.05
University of Vienna,Austria,Unknown,80.20134228187919,70.56,37.4,31,11,68.85
University of Helsinki,Finland,Unknown,79.86577181208054,77.39999999999999,15.9,5,11,74.1
Penn State (Main campus),United States,Unknown,79.69798657718121,73.7,14.2,15,11,71.2
University of Basel,Switzerland,Unknown,79.53020134228188,69.78,10.4,31,11,65.3
University of Massachusetts,United States,Unknown,79.53020134228188,71.14,13.3,14,11,67.1
Vrije Universiteit Amsterdam,Netherlands,Unknown,79.19463087248322,76.44,19.2,18,11,72.2
Technical University of Denmark,Denmark,Unknown,79.02684564,68.88,7.7,28,11,65.3
University of Oslo,Norway,Unknown,78.85906040268456,75.5,12.5,15,11,71.35
University of Freiburg,Germany,Unknown,78.69127516778524,72.24,34.4,17,11,68.75
University of Leeds,United Kingdom,Unknown,78.52348993288591,72.02,14.4,32,11,68.2
University of Nottingham,United Kingdom,Unknown,78.35570469798657,72.72,16,27,11,68.25
Tohoku University,Japan,Unknown,78.35570469798657,58.839999999999996,11.8,12,11,60.1
University of Florida,United States,Unknown,78.02013422818791,69.66,16.7,9,11,67.5
University of Rochester,United States,Unknown,77.85234899328859,70.14,7.3,34,11,65.6
Trinity College Dublin,Ireland,Unknown,77.68456375838926,71.91999999999999,22.2,34,11,68
Queen Mary University of London,United Kingdom,Unknown,77.51677852348993,75.78,14.6,45,11,70.25
University of Hamburg,Germany,Unknown,77.34899329,72.19999999999999,58.5,13,11,69.05
Technical University of Berlin,Germany,Unknown,77.34899329,69.1,49.6,29,11,66.85
University of Colorado Boulder,United States,Unknown,77.01342281879194,73.92,16.5,8,11,70.25
Maastricht University,Netherlands,Unknown,77.01342281879194,70.5,19.6,57,11,66.6
Karlsruhe Institute of Technology,Germany,Unknown,76.67785235,66.22,20.5,25,11,64.65
Radboud University Nijmegen,Netherlands,Unknown,76.67785235,75.17999999999999,18.2,12,11,71.15
Uppsala University,Sweden,Unknown,76.67785235,70.78,13.3,17,11,68.15
University of Lausanne,Switzerland,Unknown,76.17449664,70.89999999999999,10.5,23,11,66.8
The University of Western Australia,Australia,Unknown,76.17449664,72.66,22.4,26,11,68.65
University of Pittsburgh-Pittsburgh campus,United States,Unknown,75.83892617449665,73.88000000000001,5.4,10,11,69.25
Sungkyunkwan University (SKKU),South Korea,Unknown,75.83892617449665,65.42,19.4,19,11,63.550000000000004
University of York,United Kingdom,Unknown,75.50335570469798,72.39999999999999,16.1,31,11,67.8
University of Technology Sydney,Australia,Unknown,75.33557046979867,74.86,37.4,25,11,69.6
Pohang University of Science and Technology (POSTECH),South Korea,Unknown,75.16778523489933,66.92,10.5,5,11,64.35
University of Auckland,New Zealand,Unknown,75,71.25999999999999,24.4,31,11,67
Sichuan University,China,Unknown,75,64.5,15.9,5,11,63.3
University of Barcelona,Spain,Unknown,74.66442953020133,73.76,15.3,11,11,69.35
National Taiwan University (NTU),Taiwan,Unknown,74.66442953020133,64.4,11.1,13,11,62.8
UniversitÃ© Paris CitÃ©,France,Unknown,74.66442953020133,71.44,16.9,18,11,66.65
University of Arizona,United States,Unknown,74.16107382550335,71.94,19.9,7,11,68.5
University of Bologna,Italy,Unknown,74.16107382550335,69.74,24.7,11,11,65.55
Lancaster University,United Kingdom,Unknown,74.16107382550335,72.62,13.9,38,11,67.30000000000001
Huazhong University of Science and Technology,China,Unknown,73.65771812080537,73.24000000000001,15.5,4,11,69.05
University of Waterloo,Canada,Unknown,73.65771812080537,69.94,24.2,23,11,66.5
University of Cologne,Germany,Unknown,73.32214765,70.19999999999999,28.7,17,11,66.35
University of Antwerp,Belgium,Unknown,73.15436241610739,73.26,31.8,17,11,68.45
Dartmouth College,United States,Unknown,73.15436241610739,67.1,7.4,16,11,62.7
TU Dresden,Germany,Unknown,73.15436241610739,68.02,29.4,17,11,65.2
Case Western Reserve University,United States,Unknown,72.65100671,69.3,8.8,25,11,64.45
Wuhan University,China,Unknown,72.65100671,71.1,15,5,11,66.75
University of Virginia (Main campus),United States,Unknown,72.31543624161074,69.38000000000001,8.9,11,11,64.5
University of Cape Town,South Africa,Unknown,72.14765100671141,71.78,13.6,13,11,67.65
UniversitÃ© Catholique de Louvain,Belgium,Unknown,71.97986577181209,69.61999999999999,37.3,20,11,66.25
Eindhoven University of Technology,Netherlands,Unknown,71.97986577181209,63.379999999999995,21.4,27,11,61.4
Harbin Institute of Technology,China,Unknown,71.97986577181209,64.58,10.6,6,11,63
University of Liverpool,United Kingdom,Unknown,71.97986577181209,72.12,14.2,32,11,66.80000000000001
Newcastle University,United Kingdom,Unknown,71.97986577181209,72.72,14.8,26,11,67.45
Scuola Normale Superiore di Pisa,Italy,Unknown,71.97986577181209,66.78,7.4,11,11,62.75
Durham University,United Kingdom,Unknown,70.97315436,67.9,14,32,11,64
Osaka University,Japan,Unknown,70.80536912751678,56.58,10.4,10,11,58.1
University of WÃ¼rzburg,Germany,Unknown,70.80536912751678,71.84,38.3,12,11,67.1
Beijing Normal University,China,Unknown,70.46979865771812,64.82,14.4,9,11,61.65
University of Exeter,United Kingdom,Unknown,70.46979865771812,74.42,16.6,28,11,69.1
University of Ottawa,Canada,Unknown,70.46979865771812,69.24000000000001,27.2,26,11,65.45
Macquarie University,Australia,Unknown,69.96644295302013,70.12,51.7,22,11,65.80000000000001
Sapienza University of Rome,Italy,Unknown,69.79865771812081,65.98,22.2,9,11,63
Arizona State University (Tempe),United States,Unknown,69.63087248322147,70.98,19.7,14,11,66.85
University of Geneva,Switzerland,Unknown,69.46308724832215,67.22,8.4,40,11,62.35
University of Twente,Netherlands,Unknown,69.29530201342283,63.459999999999994,13.9,38,11,60.55
Stockholm University,Sweden,Unknown,69.12751677852349,74.44,20.3,13,11,70.3
Tongji University,China,Unknown,69.12751677852349,63.14,11.3,15,11,61.55
Georgetown University,United States,Unknown,68.79194630872483,65.86,10.1,18,11,61.05
University of Mannheim,Germany,Unknown,68.79194630872483,72.28,57.1,14,11,67.8
Chalmers University of Technology,Sweden,Unknown,68.45637583892618,66.28,15.4,17,11,63
Cardiff University,United Kingdom,Unknown,68.28859060402685,70.98,15,27,11,65.75
Tokyo Institute of Technology,Japan,Unknown,68.12080536912751,54.959999999999994,9.6,17,11,56.349999999999994
Tufts University,United States,Unknown,68.12080536912751,66.5,10.5,16,11,61.25
University of Erlangen-Nuremberg,Germany,Unknown,67.78523489932886,67.06,41.9,13,11,63.900000000000006
University of Macau,Macao,Unknown,67.78523489932886,69.42,18.6,41,11,64.2
University of MÃ¼nster,Germany,Unknown,67.78523489932886,69.14,25.1,5,11,65.5
University of St Andrews,United Kingdom,Unknown,67.78523489932886,63.66,12.4,46,11,60.150000000000006
Ulm University,Germany,Unknown,67.78523489932886,69.22,26.4,13,11,64.55000000000001
Indiana University,United States,Unknown,66.94630872483222,66.30000000000001,12.3,12,11,61.650000000000006
University of Notre Dame,United States,Unknown,66.77852348993288,62.7,10.9,12,11,59.349999999999994
Queensland University of Technology,Australia,Unknown,66.77852348993288,70.53999999999999,37.9,14,11,65.8
Ulsan National Institute of Science and Technology (UNIST),South Korea,Unknown,66.77852348993288,67.32,11.8,9,11,62.9
Aalborg University,Denmark,Unknown,66.61073825503355,67.8,14.9,12,11,64
Aalto University,Finland,Unknown,66.61073825503355,65.06,20.4,23,11,61.400000000000006
University of Aberdeen,United Kingdom,Unknown,66.61073825503355,63.4,15.3,40,11,58.8
Autonomous University of Barcelona,Spain,Unknown,66.61073825503355,67.44,13.2,13,11,63.099999999999994
University of Calgary,Canada,Unknown,66.61073825503355,65.58,18.8,24,11,61.55
"University of California, Santa Cruz",United States,Unknown,66.61073825503355,71.89999999999999,24.2,12,11,66.55
Curtin University,Australia,Unknown,66.61073825503355,67.1,20.8,29,11,62
Friedrich Schiller University Jena,Germany,Unknown,66.61073825503355,65.88,18.9,14,11,61.9
George Washington University,United States,Unknown,66.61073825503355,65.88,13,14,11,60.85
Goethe University Frankfurt,Germany,Unknown,66.61073825503355,64.72,14.5,14,11,60.300000000000004
University of Gothenburg,Sweden,Unknown,66.61073825503355,71.47999999999999,11.9,13,11,66.8
University of Hawaiâi at MÄnoa,United States,Unknown,66.61073825503355,62.48,11.3,10,11,59.15
University of Illinois Chicago,United States,Unknown,66.61073825503355,61.56,11.4,18,11,56.95
Indian Institute of Science,India,Unknown,66.61073825503355,55.459999999999994,9.6,1,11,55.849999999999994
University of Iowa,United States,Unknown,66.61073825503355,62.74000000000001,10.9,6,11,58.45
King Fahd University of Petroleum and Minerals,Saudi Arabia,Unknown,66.61073825503355,67.25999999999999,8.5,15,11,62.5
Korea University,South Korea,Unknown,66.61073825503355,61.839999999999996,16.3,31,11,59.3
University of Leicester,United Kingdom,Unknown,66.61073825503355,70.98,13.9,31,11,64.85
UniversitÃ© Libre de Bruxelles,Belgium,Unknown,66.61073825503355,68.1,51.7,30,11,64.25
University of Luxembourg,Luxembourg,Unknown,66.61073825503355,62.61999999999999,21.3,49,11,58.75
Medical University of Graz,Austria,Unknown,66.61073825503355,68.36,15.5,29,11,62.55
Medical University of Vienna,Austria,Unknown,66.61073825503355,67.58,8.4,30,11,61.1
University of Miami,United States,Unknown,66.61073825503355,63.800000000000004,10.4,14,11,58.95
Moscow Institute of Physics and Technology (MIPT),Russia,Unknown,66.61073825503355,52.58,11.6,21,11,51.95
Nagoya University,Japan,Unknown,66.61073825503355,54.86,13,12,11,55
University of Newcastle,Australia,Unknown,66.61073825503355,66.82,31.3,16,11,62.15
"Northeastern University, US",United States,Unknown,66.61073825503355,69.42,14.1,32,11,63.45
University of Padua,Italy,Unknown,66.61073825503355,65.86,26.5,7,11,61.3
Politecnico di Milano,Italy,Unknown,66.61073825503355,63.02,25.7,19,11,60.800000000000004
Pompeu Fabra University,Spain,Unknown,66.61073825503355,69.62,22.7,13,11,64.4
University of Potsdam,Germany,Unknown,66.61073825503355,66.12,38.1,16,11,62.550000000000004
Queenâs University Belfast,United Kingdom,Unknown,66.61073825503355,68.42,17.2,41,11,63.35
University of Reading,United Kingdom,Unknown,66.61073825503355,66.69999999999999,16.6,31,11,62.349999999999994
Rutgers University â New Brunswick,United States,Unknown,66.61073825503355,61.92,11.2,17,11,57.800000000000004
SantâAnna School of Advanced Studies â Pisa,Italy,Unknown,66.61073825503355,63.66,7.4,20,11,59.55
University of SÃ£o Paulo,Brazil,Unknown,66.61073825503355,58.66,13.9,2,11,59
Southern University of Science and Technology (SUSTech),China,Unknown,66.61073825503355,72,9,1,11,66.8
Sun Yat-sen University,China,Unknown,66.61073825503355,65.72,15.2,5,11,61.35
University of Sussex,United Kingdom,Unknown,66.61073825503355,69.86,17.3,34,11,64.15
Swinburne University of Technology,Australia,Unknown,66.61073825503355,68.38,28.5,24,11,62.65
Tel Aviv University,Israel,Unknown,66.61073825503355,69.68,24.2,5,11,66.35
Tianjin University,China,Unknown,66.61073825503355,61.88000000000001,8.9,13,11,59.5
Tilburg University,Netherlands,Unknown,66.61073825503355,66.02,32.2,21,11,62.5
University College Dublin,Ireland,Unknown,66.61073825503355,66.92,20.7,25,11,62.65
University of Utah,United States,Unknown,66.61073825503355,67.6,13.3,8,11,62.75
Vrije Universiteit Brussel,Belgium,Unknown,66.61073825503355,65.58,35.1,23,11,61.75
Western University,Canada,Unknown,66.61073825503355,62.28,33,24,11,59.05
University of Wollongong,Australia,Unknown,66.61073825503355,66.12,26.1,22,11,61.65
Abu Dhabi University,United Arab Emirates,Unknown,66.61073825503355,63.48,10.9,60,11,57.9
University of Bath,United Kingdom,Unknown,66.61073825503355,62.339999999999996,15.8,31,11,57.8
Beijing Institute of Technology,China,Unknown,66.61073825503355,62.42,13.4,8,11,59.35
University of Bergen,Norway,Unknown,66.61073825503355,64.08,13,11,11,59.05
Boston College,United States,Unknown,66.61073825503355,62.96,14.9,10,11,57.55
Brandeis University,United States,Unknown,66.61073825503355,62.08,11.6,33,11,56.449999999999996
"University of California, Riverside",United States,Unknown,66.61073825503355,65.58,19.6,14,11,60.55
Deakin University,Australia,Unknown,66.61073825503355,68.68,32.7,18,11,63
University of East Anglia,United Kingdom,Unknown,66.61073825503355,67.34,14.3,21,11,61.45
Ãcole Normale SupÃ©rieure de Lyon,France,Unknown,66.61073825503355,51.059999999999995,7.9,11,11,50.349999999999994
Florida State University,United States,Unknown,66.61073825503355,63.08,24.6,6,11,59
Griffith University,Australia,Unknown,66.61073825503355,64.74,31.6,15,11,60.25
Heinrich Heine University DÃ¼sseldorf,Germany,Unknown,66.61073825503355,63.17999999999999,30.1,13,11,58.4
University of Hohenheim,Germany,Unknown,66.61073825503355,65.62,37.7,14,11,60.6
Humanitas University,Italy,Unknown,66.61073825503355,69.96,17.9,18,11,62.95
Johannes Gutenberg University of Mainz,Germany,Unknown,66.61073825503355,62.419999999999995,24.1,11,11,57.45
Khalifa University,United Arab Emirates,Unknown,66.61073825503355,61.4,9.3,41,11,57.150000000000006
King Abdulaziz University,Saudi Arabia,Unknown,66.61073825503355,65.86,13.9,3,11,59.650000000000006
University of Konstanz,Germany,Unknown,66.61073825503355,60.66,34.5,11,11,57.95
Kyung Hee University,South Korea,Unknown,66.61073825503355,58.6,17.6,30,11,55.5
Lappeenranta-Lahti University of Technology LUT,Finland,Unknown,66.61073825503355,69.7,31.6,14,11,64.2
La Trobe University,Australia,Unknown,66.61073825503355,67.02,28.2,29,11,61.75
UniversitÃ© Laval,Canada,Unknown,66.61073825503355,59.7,17.9,16,11,56.2
LinkÃ¶ping University,Sweden,Unknown,66.61073825503355,68.36,14.9,15,11,63.85
Loughborough University,United Kingdom,Unknown,66.61073825503355,60.2,13.9,25,11,55.900000000000006
Macau University of Science and Technology,Macao,Unknown,66.61073825503355,61.02,41.8,92,11,56.550000000000004
University of Malaya,Malaysia,Unknown,66.61073825503355,57.72,10.2,22,11,54
Medical University of Innsbruck,Austria,Unknown,66.61073825503355,65.48,12.9,44,11,59.449999999999996
Nankai University,China,Unknown,66.61073825503355,63.74,11.7,7,11,58.349999999999994
North Carolina State University,United States,Unknown,66.61073825503355,60.53999999999999,15.9,11,11,57.349999999999994
University of Oulu,Finland,Unknown,66.61073825503355,65.74,20.8,8,11,61.15
Qatar University,Qatar,Unknown,66.61073825503355,64.28,8.4,36,11,59.5
Queenâs University,Canada,Unknown,66.61073825503355,58.58,25.9,16,11,55.15
RCSI University of Medicine and Health Sciences,Ireland,Unknown,66.61073825503355,63.660000000000004,23.9,67,11,59.150000000000006
RMIT University,Australia,Unknown,66.61073825503355,64.4,24,34,11,59.7
Ruhr University Bochum,Germany,Unknown,66.61073825503355,62,46.7,16,11,59.45
Sejong University,South Korea,Unknown,66.61073825503355,70.2,18.9,15,11,64.25
Semmelweis University,Hungary,Unknown,66.61073825503355,57.260000000000005,12.8,37,11,52.35
Simon Fraser University,Canada,Unknown,66.61073825503355,65.2,26.8,31,11,60.45
South China University of Technology,China,Unknown,66.61073825503355,65.2,12.6,6,11,60.7
University of Southern Denmark,Denmark,Unknown,66.61073825503355,66.86,9.9,13,11,61.3
University of South Florida,United States,Unknown,66.61073825503355,67.11999999999999,19,13,11,62
Stony Brook University,United States,Unknown,66.61073825503355,60.720000000000006,10.5,19,11,55.550000000000004
University of Stuttgart,Germany,Unknown,66.61073825503355,57.66,25.3,20,11,56.3
University of Surrey,United Kingdom,Unknown,66.61073825503355,66.6,16.3,33,11,61.25
UniversitÃ della Svizzera italiana,Switzerland,Unknown,66.61073825503355,60.96,14,67,11,55.2
Swansea University,United Kingdom,Unknown,66.61073825503355,65.9,16.8,21,11,59.95
University of Tasmania,Australia,Unknown,66.61073825503355,64.56,22.5,31,11,60.2
Technical University of Darmstadt,Germany,Unknown,66.61073825503355,56.800000000000004,37,19,11,55.35
TU Wien,Austria,Unknown,66.61073825503355,52.2,19,31,11,50.85
Virginia Polytechnic Institute and State University,United States,Unknown,66.61073825503355,63.03999999999999,18.6,13,11,59.099999999999994
Vita-Salute San Raffaele University,Italy,Unknown,66.61073825503355,69.74,13.9,5,11,62.599999999999994
Xiâan Jiaotong University,China,Unknown,66.61073825503355,61.2,14.7,7,11,59
Beihang University,China,Unknown,66.61073825503355,58.56,12.3,4,11,56.05
"Birkbeck, University of London",United Kingdom,Unknown,66.61073825503355,58.68,12.5,41,11,53.85
University of Bremen,Germany,Unknown,66.61073825503355,56.879999999999995,19.5,13,11,53.9
University at Buffalo,United States,Unknown,66.61073825503355,59.3,17.2,12,11,55.099999999999994
UniversitÃ Cattolica del Sacro Cuore,Italy,Unknown,66.61073825503355,65.64,39.1,7,11,59.7
"China Medical University, Taiwan",Taiwan,Unknown,66.61073825503355,68.56,14.7,7,11,62.6
Copenhagen Business School,Denmark,Unknown,66.61073825503355,68.17999999999999,27.5,23,11,62.199999999999996
Dalhousie University,Canada,Unknown,66.61073825503355,59.980000000000004,14.7,27,11,55.25
Drexel University,United States,Unknown,66.61073825503355,58.16,11,15,11,52.8
University of Dundee,United Kingdom,Unknown,66.61073825503355,63.78000000000001,18.1,25,11,58.5
East China Normal University,China,Unknown,66.61073825503355,59.81999999999999,14.1,8,11,55.7
University of Essex,United Kingdom,Unknown,66.61073825503355,61.32,16,41,11,56.4
Flinders University,Australia,Unknown,66.61073825503355,61.2,29.4,33,11,56.900000000000006
University of Galway,Ireland,Unknown,66.61073825503355,59.540000000000006,26.1,16,11,55.25
UniversitÃ© Grenoble Alpes,France,Unknown,66.61073825503355,55.3,18.4,17,11,52.400000000000006
Hanyang University,South Korea,Unknown,66.61073825503355,53.36,13.2,21,11,51.2
Hebrew University of Jerusalem,Israel,Unknown,66.61073825503355,55.86,8.9,5,11,52.6
Hong Kong Baptist University,Hong Kong,Unknown,66.61073825503355,57.88,10.2,55,11,53.05
University of Innsbruck,Austria,Unknown,66.61073825503355,55.42,23.7,48,11,51.7
University of Kiel,Germany,Unknown,66.61073825503355,62.279999999999994,23.9,8,11,57.449999999999996
Kyushu University,Japan,Unknown,66.61073825503355,49.72,7.7,13,11,49.35
University of LiÃ¨ge,Belgium,Unknown,66.61073825503355,59.1,29.2,20,11,55.7
Montpellier University,France,Unknown,66.61073825503355,59.06,20.5,15,11,55.150000000000006
University of Navarra,Spain,Unknown,66.61073825503355,61.53999999999999,14.3,26,11,56.349999999999994
Northwestern Polytechnical University,China,Unknown,66.61073825503355,61.06,14.5,4,11,57.650000000000006
Norwegian University of Science and Technology,Norway,Unknown,66.61073825503355,60.18,15,9,11,56.55
Oregon Health and Science University,United States,Unknown,66.61073825503355,63.540000000000006,0.9,3,11,56.5
University of Otago,New Zealand,Unknown,66.61073825503355,59.519999999999996,20.6,16,11,55.45
University of Pavia,Italy,Unknown,66.61073825503355,62.54,31.5,9,11,57.5
University of Rome II â Tor Vergata,Italy,Unknown,66.61073825503355,57.98,24,20,11,53.9
"Royal Holloway, University of London",United Kingdom,Unknown,66.61073825503355,59.12,16.1,31,11,54.15
"St Georgeâs, University of London",United Kingdom,Unknown,66.61073825503355,66.42,13.1,18,11,59.65
Sharif University of Technology,Iran,Unknown,66.61073825503355,61.94,21.8,2,11,57.849999999999994
University of South Australia,Australia,Unknown,66.61073825503355,64.22,30.2,17,11,59.65
Southeast University,China,Unknown,66.61073825503355,59.56,12.4,4,11,57.35
Stellenbosch University,South Africa,Unknown,66.61073825503355,61.94,25.7,7,11,58.2
University of Strathclyde,United Kingdom,Unknown,66.61073825503355,56.92,16.3,25,11,53.35
Swedish University of Agricultural Sciences,Sweden,Unknown,66.61073825503355,61.239999999999995,4.7,8,11,56.849999999999994
Tampere University,Finland,Unknown,66.61073825503355,63.9,20.7,7,11,59.650000000000006
University of Tartu,Estonia,Unknown,66.61073825503355,64.62,9,12,11,59.15
Universiti Teknologi Petronas,Malaysia,Unknown,66.61073825503355,61.739999999999995,13.1,12,11,57.75
The University of Tennessee-Knoxville,United States,Unknown,66.61073825503355,63.339999999999996,17,3,11,58.05
University of Turku,Finland,Unknown,66.61073825503355,63.94,15.7,6,11,59.099999999999994
United Arab Emirates University,United Arab Emirates,Unknown,66.61073825503355,63.72,12.6,18,11,58.85
University College Cork,Ireland,Unknown,66.61073825503355,62.080000000000005,21.1,16,11,57
Washington State University,United States,Unknown,66.61073825503355,58.67999999999999,18.8,6,11,54.65
Western Sydney University,Australia,Unknown,66.61073825503355,65.3,41.8,21,11,59.7
University of the Witwatersrand,South Africa,Unknown,66.61073825503355,60.60000000000001,24.4,7,11,57.650000000000006
Xiamen University,China,Unknown,66.61073825503355,63.62,15.1,2,11,58.6
Aix-Marseille University,France,Unknown,66.61073825503355,54.02,17.3,14,11,49.550000000000004
Amirkabir University of Technology,Iran,Unknown,66.61073825503355,59.68,20.2,3,11,55.35
Autonomous University of Madrid,Spain,Unknown,66.61073825503355,57.739999999999995,13.4,15,11,53.099999999999994
University of Bayreuth,Germany,Unknown,66.61073825503355,55.32,24.5,14,11,52.9
University of Bordeaux,France,Unknown,66.61073825503355,55.46,21.7,14,11,51.2
Brunel University London,United Kingdom,Unknown,66.61073825503355,59.02,17.9,40,11,53.6
University of Campinas,Brazil,Unknown,66.61073825503355,50.599999999999994,18.9,3,11,49.75
University of Canberra,Australia,Unknown,66.61073825503355,62.080000000000005,34.4,23,11,57
Chongqing University,China,Unknown,66.61073825503355,60.82,20.1,2,11,57.050000000000004
"City, University of London",United Kingdom,Unknown,66.61073825503355,59.519999999999996,19.5,45,11,54.75
University of Colorado Denver/Anschutz Medical Campus,United States,Unknown,66.61073825503355,65.7,4.5,7,11,58.7
University of Connecticut,United States,Unknown,66.61073825503355,55.76,13.1,11,11,51.5
Daegu Gyeongbuk Institute of Science and Technology (DGIST),South Korea,Unknown,66.61073825503355,54.44,6.3,4,11,51.849999999999994
Edith Cowan University,Australia,Unknown,66.61073825503355,62.620000000000005,29.8,24,11,56.550000000000004
University of Electronic Science and Technology of China,China,Unknown,66.61073825503355,62.620000000000005,15.7,3,11,58.050000000000004
University of Florence,Italy,Unknown,66.61073825503355,60.919999999999995,24,10,11,56.5
Free University of Bozen-Bolzano,Italy,Unknown,66.61073825503355,60.42,10.7,14,11,54.15
University of Georgia,United States,Unknown,66.61073825503355,57.120000000000005,15.7,6,11,54.35
Hasselt University,Belgium,Unknown,66.61073825503355,56.699999999999996,30.9,14,11,53.599999999999994
Heriot-Watt University,United Kingdom,Unknown,66.61073825503355,52.48,18.2,36,11,49.3
Hokkaido University,Japan,Unknown,66.61073825503355,46.04,8.2,10,11,45.7
Hunan University,China,Unknown,66.61073825503355,67.36,17.8,2,11,61.2
Illinois Institute of Technology,United States,Unknown,66.61073825503355,51.44,12.2,36,11,47.349999999999994
Iowa State University,United States,Unknown,66.61073825503355,55.379999999999995,17.1,8,11,51.9
James Cook University,Australia,Unknown,66.61073825503355,60.12,17.3,9,11,55.25
Justus Liebig University Giessen,Germany,Unknown,66.61073825503355,58.7,42.4,11,11,55.25
University of Kansas,United States,Unknown,66.61073825503355,54.21999999999999,9.5,7,11,49.5
KoÃ§ University,Turkey,Unknown,66.61073825503355,57.540000000000006,19.5,9,11,54.7
Leibniz University Hannover,Germany,Unknown,66.61073825503355,53.86,39.5,15,11,51.8
University of Manitoba,Canada,Unknown,66.61073825503355,59.66,30,21,11,55.5
Middle East Technical University,Turkey,Unknown,66.61073825503355,49.4,21.2,12,11,48.35
University of Milan,Italy,Unknown,66.61073825503355,65.1,21.8,7,11,59.55
University of Milan-Bicocca,Italy,Unknown,66.61073825503355,65.06,29.8,5,11,58.55
Murdoch University,Australia,Unknown,66.61073825503355,60.68000000000001,34,38,11,55.5
University of Naples Federico II,Italy,Unknown,66.61073825503355,63.46,19.5,2,11,57.6
Peter the Great St Petersburg Polytechnic University,Russia,Unknown,66.61073825503355,52.96000000000001,10,33,11,49.35
SabancÄ± University,Turkey,Unknown,66.61073825503355,56.86,20.5,11,11,53.7
University of St Gallen,Switzerland,Unknown,66.61073825503355,57.24,12.9,33,11,51.2
University of Saskatchewan,Canada,Unknown,66.61073825503355,51.779999999999994,18.1,21,11,49
University of Sharjah,United Arab Emirates,Unknown,66.61073825503355,66.56,18.9,51,11,59.75
Shenzhen University,China,Unknown,66.61073825503355,64.9,14,1,11,59.8
Southern Medical University,China,Unknown,66.61073825503355,59.559999999999995,10.7,6,11,55.75
University of Southern Queensland,Australia,Unknown,66.61073825503355,63.16,24.8,15,11,56.95
Technion Israel Institute of Technology,Israel,Unknown,66.61073825503355,53.74,22.7,13,11,50.45
Temple University,United States,Unknown,66.61073825503355,60.839999999999996,12.3,6,11,54.75
University of Texas at Dallas,United States,Unknown,66.61073825503355,62.260000000000005,21.6,15,11,56.6
University of Trento,Italy,Unknown,66.61073825503355,62.22,18.4,7,11,57.65
University of Tsukuba,Japan,Unknown,66.61073825503355,48.42,12.1,16,11,47.45
University of Victoria,Canada,Unknown,66.61073825503355,60.53999999999999,23.9,21,11,55.65
York University,Canada,Unknown,66.61073825503355,59.94,29.1,28,11,55.349999999999994
"Asia University, Taiwan",Taiwan,Unknown,66.61073825503355,62.99999999999999,29.5,4,11,58.599999999999994
Aston University,United Kingdom,Unknown,66.61073825503355,60.1,19,25,11,54.5
Auckland University of Technology,New Zealand,Unknown,66.61073825503355,58.879999999999995,17.7,46,11,52.6
Australian Catholic University,Australia,Unknown,66.61073825503355,68.47999999999999,38.4,14,11,61.35
Bangor University,United Kingdom,Unknown,66.61073825503355,53.739999999999995,14.8,23,11,49
Bauman Moscow State Technical University,Russia,Unknown,66.61073825503355,30.82,6.6,18,11,33
Bond University,Australia,Unknown,66.61073825503355,58.74,11.2,34,11,52.8
Bournemouth University,United Kingdom,Unknown,66.61073825503355,60.46000000000001,19.1,21,11,53.900000000000006
University of Brescia,Italy,Unknown,66.61073825503355,61.26,24.2,6,11,54.25
Universiti Brunei Darussalam,Brunei Darussalam,Unknown,66.61073825503355,57.160000000000004,11.3,14,11,52.45
"University of California, Merced",United States,Unknown,66.61073825503355,61.64,19.6,9,11,55.349999999999994
Campus Bio-Medico University of Rome,Italy,Unknown,66.61073825503355,57.74,18.4,1,11,52.95
University of Catania,Italy,Unknown,66.61073825503355,57.8,22.2,3,11,51.95
Centrale Nantes,France,Unknown,66.61073825503355,43.72,14.8,39,11,42
University of Central Florida,United States,Unknown,66.61073825503355,58.58,39.1,4,11,54.55
Charles Darwin University,Australia,Unknown,66.61073825503355,57.34,33.6,27,11,53.2
Charles University,Czechia,Unknown,66.61073825503355,50.38,13.4,23,11,47.5
Chung-Ang University,South Korea,Unknown,66.61073825503355,46.56,22.4,23,11,45.2
Claude Bernard University Lyon 1,France,Unknown,66.61073825503355,49.84,12.7,14,11,46.05
University of Coimbra,Portugal,Unknown,66.61073825503355,51.22,18.4,15,11,49.05
"Colorado State University, Fort Collins",United States,Unknown,66.61073825503355,57.32,16.2,5,11,53.050000000000004
Constructor University,Germany,Unknown,66.61073825503355,43.699999999999996,22.1,83,11,42.4
Dalian University of Technology,China,Unknown,66.61073825503355,54.85999999999999,14.5,3,11,51.55
University of Delaware,United States,Unknown,66.61073825503355,56.22,16.1,11,11,52.15
Dublin City University,Ireland,Unknown,66.61073825503355,60.34,26.1,12,11,56.15
Ãcole des Ponts ParisTech,France,Unknown,66.61073825503355,45.540000000000006,8.7,39,11,43
Florida International University,United States,Unknown,66.61073825503355,56.24,22.4,9,11,51.75
University of Fribourg,Switzerland,Unknown,66.61073825503355,51.2,16,15,11,48.2
University of Genoa,Italy,Unknown,66.61073825503355,58.12,16.5,7,11,53.15
George Mason University,United States,Unknown,66.61073825503355,60.62,18.3,11,11,55.1
Georgia State University,United States,Unknown,66.61073825503355,53.72,15.7,7,11,49
"Goldsmiths, University of London",United Kingdom,Unknown,66.61073825503355,55.32,14.5,38,11,50.300000000000004
University of Greifswald,Germany,Unknown,66.61073825503355,56.239999999999995,21.1,8,11,51.849999999999994
University of Guelph,Canada,Unknown,66.61073825503355,54.2,27.3,10,11,51.2
Gwangju Institute of Science and Technology (GIST),South Korea,Unknown,66.61073825503355,46.019999999999996,9.5,7,11,44.95
HSE University,Russia,Unknown,66.61073825503355,51.98,18.6,12,11,50.65
University of Hull,United Kingdom,Unknown,66.61073825503355,54.3,18,21,11,49.3
Imam Mohammad Ibn Saud Islamic University,Saudi Arabia,Unknown,66.61073825503355,48.839999999999996,10.5,3,11,44.599999999999994
IMT Atlantique,France,Unknown,66.61073825503355,40.760000000000005,9.4,37,11,40.05
Institut Agro,France,Unknown,66.61073825503355,49.16,10.8,13,11,46.400000000000006
Iran University of Science and Technology,Iran,Unknown,66.61073825503355,60.08,32.7,1,11,56.3
University of Johannesburg,South Africa,Unknown,66.61073825503355,54.599999999999994,26.5,13,11,51.55
Johannes Kepler University of Linz,Austria,Unknown,66.61073825503355,49.08,20.8,16,11,46.8
University of JyvÃ¤skylÃ¤,Finland,Unknown,66.61073825503355,60.56,13.8,3,11,56.150000000000006
Universiti Kebangsaan Malaysia,Malaysia,Unknown,66.61073825503355,46.34,10.1,18,11,43.25
University of Kent,United Kingdom,Unknown,66.61073825503355,58.16,18,27,11,53.3
University of Kentucky,United States,Unknown,66.61073825503355,55.4,11.3,3,11,51.3
King Saud University,Saudi Arabia,Unknown,66.61073825503355,58.66,11.9,6,11,52.2
University of Limerick,Ireland,Unknown,66.61073825503355,51.49999999999999,27.1,15,11,48.349999999999994
Lincoln University,New Zealand,Unknown,66.61073825503355,51.72,14.5,33,11,47.550000000000004
University of Lisbon,Portugal,Unknown,66.61073825503355,57.14000000000001,18,16,11,53.95
University of Marburg,Germany,Unknown,66.61073825503355,53.839999999999996,32.7,14,11,50.099999999999994
Maynooth University,Ireland,Unknown,66.61073825503355,58.48,28.5,12,11,53.85
Missouri University of Science and Technology,United States,Unknown,66.61073825503355,53.239999999999995,21.6,9,11,49.15
Mizzou - University of Missouri,United States,Unknown,66.61073825503355,50,12.3,3,11,46
University of Modena and Reggio Emilia,Italy,Unknown,66.61073825503355,57.6,27,5,11,52.099999999999994
National Research Nuclear University MEPhI,Russia,Unknown,66.61073825503355,41.84,9.2,28,11,41.7
National Taiwan University of Science and Technology (Taiwan Tech),Taiwan,Unknown,66.61073825503355,53.03999999999999,18.5,19,11,50.349999999999994
National Tsing Hua University,Taiwan,Unknown,66.61073825503355,51.959999999999994,16.2,12,11,50.349999999999994
National Yang Ming Chiao Tung University,Taiwan,Unknown,66.61073825503355,49.459999999999994,14.6,9,11,48.599999999999994
University of Nebraska-Lincoln,United States,Unknown,66.61073825503355,55.34,16.6,9,11,51.3
University of NeuchÃ¢tel,Switzerland,Unknown,66.61073825503355,50.88,11.8,21,11,46.8
New Jersey Institute of Technology,United States,Unknown,66.61073825503355,50.92,14.5,24,11,46.35
University of Oregon,United States,Unknown,66.61073825503355,59.84,13,6,11,54.95
University of Passau,Germany,Unknown,66.61073825503355,54.5,58.2,13,11,51.5
University of Pisa,Italy,Unknown,66.61073825503355,60.78,20.9,5,11,55.85
University of Plymouth,United Kingdom,Unknown,66.61073825503355,56.459999999999994,17.1,16,11,50.7
Polytechnic University of Turin,Italy,Unknown,66.61073825503355,56.18,31.9,15,11,51.85
Pontificia Universidad CatÃ³lica de Chile,Chile,Unknown,66.61073825503355,54.279999999999994,15,3,11,50.949999999999996
University of Porto,Portugal,Unknown,66.61073825503355,56.81999999999999,16.9,17,11,53.25
University of Portsmouth,United Kingdom,Unknown,66.61073825503355,58.699999999999996,16.8,29,11,52.25
Prince Sultan University (PSU),Saudi Arabia,Unknown,66.61073825503355,60.4,17.4,11,11,53.75
Quaid-i-Azam University,Pakistan,Unknown,66.61073825503355,60.160000000000004,20.3,1,11,54.150000000000006
UniversitÃ© du QuÃ©bec,Canada,Unknown,66.61073825503355,47.84,18.4,11,11,45.5
Rensselaer Polytechnic Institute,United States,Unknown,66.61073825503355,48.66,15.3,20,11,45.6
Royal Veterinary College,United Kingdom,Unknown,66.61073825503355,53.63999999999999,10.3,32,11,48.15
Universiti Sains Malaysia,Malaysia,Unknown,66.61073825503355,47.120000000000005,12.1,28,11,43.9
Saint Louis University,United States,Unknown,66.61073825503355,55.06,7.3,6,11,48.6
SOAS University of London,United Kingdom,Unknown,66.61073825503355,50.56,14.9,45,11,48.150000000000006
University of South Carolina-Columbia,United States,Unknown,66.61073825503355,54.9,16.9,5,11,49.849999999999994
Stevens Institute of Technology,United States,Unknown,66.61073825503355,54.879999999999995,18.6,30,11,49.949999999999996
University of Stirling,United Kingdom,Unknown,66.61073825503355,59.92,18.7,28,11,54.300000000000004
Sumy State University,Ukraine,Unknown,66.61073825503355,46.74,12,24,11,41.2
Syracuse University,United States,Unknown,66.61073825503355,55.26,14.1,21,11,50.75
Taipei Medical University,Taiwan,Unknown,66.61073825503355,49.58,8.9,10,11,46.75
University of Tehran,Iran,Unknown,66.61073825503355,54.5,26.6,2,11,50.150000000000006
Universiti Teknologi Malaysia,Malaysia,Unknown,66.61073825503355,50.72,12.7,26,11,47.15
Tokyo Medical and Dental University (TMDU),Japan,Unknown,66.61073825503355,44.56,4.4,12,11,42.35
University of Toulouse,France,Unknown,66.61073825503355,51.5,22.9,15,11,47.95
TU Dortmund University,Germany,Unknown,66.61073825503355,54.26,56,15,11,52.25
Tulane University,United States,Unknown,66.61073825503355,53.61999999999999,7.7,9,11,48.75
University of Turin,Italy,Unknown,66.61073825503355,62.739999999999995,29.5,6,11,57.3
UmeÃ¥ University,Sweden,Unknown,66.61073825503355,61.519999999999996,13.8,12,11,56.85
Universiti Utara Malaysia,Malaysia,Unknown,66.61073825503355,52.86,11.5,30,11,48.650000000000006
University of Vaasa,Finland,Unknown,66.61073825503355,65.26,18.8,4,11,59
Verona University,Italy,Unknown,66.61073825503355,60.94,26,4,11,55.15
Victoria University,Australia,Unknown,66.61073825503355,55.81999999999999,40,19,11,51.5
Victoria University of Wellington,New Zealand,Unknown,66.61073825503355,55.28,19.4,17,11,51.75
Virginia Commonwealth University,United States,Unknown,66.61073825503355,58.96,10.6,3,11,53
University of Waikato,New Zealand,Unknown,66.61073825503355,56.98,20.7,26,11,52.65
Wake Forest University,United States,Unknown,66.61073825503355,57.16,4.1,9,11,51.3
Zayed University,United Arab Emirates,Unknown,66.61073825503355,61.58,14.4,2,11,55.55
Aberystwyth University,United Kingdom,Unknown,66.61073825503355,50.300000000000004,15.6,23,11,45.75
Ã bo Akademi University,Finland,Unknown,66.61073825503355,48.22,18.2,13,11,45.45
Ajou University,South Korea,Unknown,66.61073825503355,46.76,14.9,17,11,45.25
University of Alaska Fairbanks,United States,Unknown,66.61073825503355,50.26,7.9,6,11,47.05
Alfaisal University,Saudi Arabia,Unknown,66.61073825503355,49.699999999999996,10.8,32,11,43.95
American University of Beirut,Lebanon,Unknown,66.61073825503355,51.260000000000005,8.7,20,11,45.7
Anglia Ruskin University (ARU),United Kingdom,Unknown,66.61073825503355,57.4,24.1,41,11,50.55
Anna University,India,Unknown,66.61073825503355,53.96000000000001,13.1,1,11,49.35
University of LâAquila,Italy,Unknown,66.61073825503355,53.040000000000006,31.7,5,11,48
Auburn University,United States,Unknown,66.61073825503355,46.04,18.2,8,11,42.65
Babol Noshirvani University of Technology,Iran,Unknown,66.61073825503355,65.24,26.7,0,11,57.95
Bar-Ilan University,Israel,Unknown,66.61073825503355,46.1,19,4,11,44.1
Beirut Arab University,Lebanon,Unknown,66.61073825503355,38.22,10.4,21,11,35.95
Ben-Gurion University of the Negev,Israel,Unknown,66.61073825503355,47.64,21.3,2,11,44.8
University of Bradford,United Kingdom,Unknown,66.61073825503355,53.239999999999995,19.5,31,11,48.099999999999994
Brighton and Sussex Medical School,United Kingdom,Unknown,66.61073825503355,53.44,0.3,26,11,48.2
Caâ Foscari University of Venice,Italy,Unknown,66.61073825503355,46.199999999999996,29.5,7,11,44.55
University of Calabria,Italy,Unknown,66.61073825503355,49.56,16.1,5,11,44.55
University of Canterbury,New Zealand,Unknown,66.61073825503355,49.8,22,18,11,46.65
Carleton University,Canada,Unknown,66.61073825503355,52.67999999999999,29.4,21,11,49.1
Central Queensland University,Australia,Unknown,66.61073825503355,56.28,25.6,11,11,51.35
"China University of Petroleum, Beijing",China,Unknown,66.61073825503355,48.96,18.6,7,11,47.05
Complutense University of Madrid,Spain,Unknown,66.61073825503355,47.03999999999999,11.8,10,11,44.099999999999994
Concordia University,Canada,Unknown,66.61073825503355,51.44,34.6,34,11,47.75
University of CÃ´te dâAzur,France,Unknown,66.61073825503355,48.16,20.5,20,11,43.8
University of Crete,Greece,Unknown,66.61073825503355,56.18,26.5,4,11,51.1
University of Cyprus,Cyprus,Unknown,66.61073825503355,55.5,20,14,11,50.55
University of Denver,United States,Unknown,66.61073825503355,48.24,13.6,5,11,44.25
Donghua University,China,Unknown,66.61073825503355,52.52,14.7,6,11,47.45
University of Eastern Finland,Finland,Unknown,66.61073825503355,54.3,18.5,5,11,50.45
Edinburgh Napier University,United Kingdom,Unknown,66.61073825503355,54.1,22.4,34,11,48.150000000000006
ENSTA Bretagne,France,Unknown,66.61073825503355,40.3,8.6,18,11,38.35
University of Ferrara,Italy,Unknown,66.61073825503355,54.54,34.8,5,11,49.599999999999994
University of Granada,Spain,Unknown,66.61073825503355,50.06,14.7,9,11,46.150000000000006
University of Graz,Austria,Unknown,66.61073825503355,48.86,12.6,17,11,44.35
Graz University of Technology,Austria,Unknown,66.61073825503355,39.46,8.2,24,11,36.45
University of Greenwich,United Kingdom,Unknown,66.61073825503355,55.72,21.8,46,11,49.35
Hamburg University of Technology,Germany,Unknown,66.61073825503355,41.599999999999994,26.4,23,11,38.75
University of Houston,United States,Unknown,66.61073825503355,51.36,26.3,7,11,47.75
University of Huddersfield,United Kingdom,Unknown,66.61073825503355,49.779999999999994,19.8,26,11,45.65
University of Iceland,Iceland,Unknown,66.61073825503355,55.959999999999994,17,12,11,52.3
Istanbul Technical University,Turkey,Unknown,66.61073825503355,45.72,25.8,14,11,44.2
Jamia Millia Islamia,India,Unknown,66.61073825503355,51.18,11.2,4,11,45.050000000000004
Jinan University,China,Unknown,66.61073825503355,53.22,15,30,11,48.15
Keele University,United Kingdom,Unknown,66.61073825503355,53.82,15.8,15,11,48.95
King Khalid University,Saudi Arabia,Unknown,66.61073825503355,50.22,8.3,16,11,45.2
University of Klagenfurt,Austria,Unknown,66.61073825503355,51.2,10,31,11,45.900000000000006
University of KwaZulu-Natal,South Africa,Unknown,66.61073825503355,52.14,27.6,2,11,49.25
Kyungpook National University,South Korea,Unknown,66.61073825503355,46.14,20.1,14,11,44.8
Lebanese American University,Lebanon,Unknown,66.61073825503355,51.120000000000005,10.1,17,11,44.800000000000004
Leuphana University of LÃ¼neburg,Germany,Unknown,66.61073825503355,60.34,22.5,7,11,54.099999999999994
University of Lincoln,United Kingdom,Unknown,66.61073825503355,56.8,16.1,13,11,50.45
Liverpool John Moores University,United Kingdom,Unknown,66.61073825503355,54.339999999999996,18.1,16,11,48.5
Mahatma Gandhi University,India,Unknown,66.61073825503355,52.62,20.5,2,11,50.2
Manchester Metropolitan University,United Kingdom,Unknown,66.61073825503355,53.84,17.4,19,11,47.95
Massey University,New Zealand,Unknown,66.61073825503355,47.58,17.4,27,11,44.35
Memorial University of Newfoundland,Canada,Unknown,66.61073825503355,46.34,15.1,23,11,42.7
University of Messina,Italy,Unknown,66.61073825503355,57.58,21.1,3,11,52.199999999999996
Middlesex University,United Kingdom,Unknown,66.61073825503355,55.4,18.3,50,11,49.25
University of Mons,Belgium,Unknown,66.61073825503355,51.339999999999996,28.1,18,11,48.2
Nantes UniversitÃ©,France,Unknown,66.61073825503355,50.4,24.5,9,11,46.2
National Cheng Kung University (NCKU),Taiwan,Unknown,66.61073825503355,44,15.9,11,11,43.2
National and Kapodistrian University of Athens,Greece,Unknown,66.61073825503355,55.94,34,11,11,50.599999999999994
National Taiwan Normal University,Taiwan,Unknown,66.61073825503355,43.64,12.3,12,11,41.7
National Yunlin University of Science and Technology,Taiwan,Unknown,66.61073825503355,55.68,21.5,6,11,50.949999999999996
Nazarbayev University,Kazakhstan,Unknown,66.61073825503355,51.34,13.9,3,11,47.7
University of Nebraska Medical Center,United States,Unknown,66.61073825503355,53.24,2,7,11,47.099999999999994
University of Nicosia,Cyprus,Unknown,66.61073825503355,54.059999999999995,13,54,11,48.55
Northumbria University,United Kingdom,Unknown,66.61073825503355,54.559999999999995,16.1,22,11,49.25
Nottingham Trent University,United Kingdom,Unknown,66.61073825503355,56.48,15.4,21,11,49.449999999999996
NOVA University of Lisbon,Portugal,Unknown,66.61073825503355,50.38,17.8,20,11,47.6
Polytechnic University of Bari,Italy,Unknown,66.61073825503355,57.18,43,1,11,52.25
University of Pretoria,South Africa,Unknown,66.61073825503355,47.74,22.1,6,11,45.5
Pusan National University,South Korea,Unknown,66.61073825503355,42.7,16.9,10,11,42.1
Universiti Putra Malaysia,Malaysia,Unknown,66.61073825503355,42.92,11.3,27,11,40.85
Rovira i Virgili University,Spain,Unknown,66.61073825503355,50.57999999999999,13.3,13,11,46.199999999999996
Rush University,United States,Unknown,66.61073825503355,52.48,2.1,1,11,46.1
University of Salerno,Italy,Unknown,66.61073825503355,57.28,26.5,2,11,51.8
Sciences Po,France,Unknown,66.61073825503355,46.300000000000004,42.6,32,11,42.85
Shanghai University,China,Unknown,66.61073825503355,52.82,13,6,11,50.35
Shiraz University of Technology,Iran,Unknown,66.61073825503355,55.739999999999995,12.9,0,11,50.25
Shoolini University of Biotechnology and Management Sciences,India,Unknown,66.61073825503355,58.28,15.3,1,11,51.55
University of Siena,Italy,Unknown,66.61073825503355,55.78,18.1,10,11,50.75
"Soochow University, China",China,Unknown,66.61073825503355,57.599999999999994,15.8,3,11,52.05
Southern Cross University,Australia,Unknown,66.61073825503355,50.32,48.7,23,11,46.550000000000004
University of the Sunshine Coast,Australia,Unknown,66.61073825503355,53.199999999999996,29.8,13,11,48.95
University of Tabriz,Iran,Unknown,66.61073825503355,57.419999999999995,26.7,4,11,51.75
Tabriz University of Medical Sciences,Iran,Unknown,66.61073825503355,49.89999999999999,9.3,2,11,44.099999999999994
Taif University,Saudi Arabia,Unknown,66.61073825503355,57.58,19.4,3,11,50.949999999999996
The University of Texas at San Antonio,United States,Unknown,66.61073825503355,56.52,26.4,3,11,50.85
Tomsk State University,Russia,Unknown,66.61073825503355,35.08,11.6,37,11,35.9
University of Trieste,Italy,Unknown,66.61073825503355,54.56,26,7,11,49.650000000000006
TU Braunschweig,Germany,Unknown,66.61073825503355,46.5,19.6,18,11,42.75
The University of Tulsa,United States,Unknown,66.61073825503355,50.02,10.8,9,11,44.550000000000004
UiT The Arctic University of Norway,Norway,Unknown,66.61073825503355,50.12,10.6,8,11,45.45
University of Ulsan,South Korea,Unknown,66.61073825503355,52.04,10.8,4,11,47.8
University of Valencia,Spain,Unknown,66.61073825503355,55.660000000000004,13.7,9,11,50.650000000000006
Wayne State University,United States,Unknown,66.61073825503355,50.28,13,5,11,45.3
University of the West of England,United Kingdom,Unknown,66.61073825503355,55.559999999999995,15.9,25,11,48.8
University of Windsor,Canada,Unknown,66.61073825503355,45.940000000000005,34.1,35,11,43.25
University of Wuppertal,Germany,Unknown,66.61073825503355,52.3,35.4,10,11,48.55
Yangzhou University,China,Unknown,66.61073825503355,48.78000000000001,12.5,13,11,44.75
Abdul Wali Khan University Mardan,Pakistan,Unknown,66.61073825503355,53.28,22.8,0,11,46.5
Air University,Pakistan,Unknown,66.61073825503355,53.9,12.8,0,11,47
The University of Aizu,Japan,Unknown,66.61073825503355,40.68,11.5,12,11,36.2
The University of Alabama,United States,Unknown,66.61073825503355,47.120000000000005,21.6,4,11,42.800000000000004
Alagappa University,India,Unknown,66.61073825503355,44,15.8,0,11,38.8
Aligarh Muslim University,India,Unknown,66.61073825503355,42.56,12,1,11,37.8
Amedeo Avogadro University of Eastern Piedmont,Italy,Unknown,66.61073825503355,52.17999999999999,40.8,7,11,47.4
American University,United States,Unknown,66.61073825503355,41.160000000000004,12,12,11,37.150000000000006
American University of Sharjah,United Arab Emirates,Unknown,66.61073825503355,45.26,12.5,74,11,42.1
University of Arkansas,United States,Unknown,66.61073825503355,49.760000000000005,18.6,4,11,46.55
University of Aveiro,Portugal,Unknown,66.61073825503355,46.459999999999994,16.3,11,11,43.75
Babol University of Medical Sciences,Iran,Unknown,66.61073825503355,47.099999999999994,11.7,0,11,41.25
Banaras Hindu University,India,Unknown,66.61073825503355,46.400000000000006,8,3,11,41.400000000000006
University of Bari Aldo Moro,Italy,Unknown,66.61073825503355,55.699999999999996,20,2,11,50.05
University of the Basque Country,Spain,Unknown,66.61073825503355,49.04,13.8,5,11,44.849999999999994
Baylor University,United States,Unknown,66.61073825503355,44.66,19,6,11,40.5
University of Beira Interior,Portugal,Unknown,66.61073825503355,48.120000000000005,17.4,18,11,43.800000000000004
Bharathiar University,India,Unknown,66.61073825503355,41.839999999999996,18.2,0,11,40.3
Bilkent University,Turkey,Unknown,66.61073825503355,39.68,14.8,8,11,37.4
Birmingham City University,United Kingdom,Unknown,66.61073825503355,51.4,17.2,26,11,44.8
BoÄaziÃ§i University,Turkey,Unknown,66.61073825503355,45.08,23.5,2,11,42
University of Campania Luigi Vanvitelli,Italy,Unknown,66.61073825503355,51.239999999999995,28.9,2,11,44.3
Cankaya University,Turkey,Unknown,66.61073825503355,56.2,24,1,11,49.400000000000006
University of Cape Coast,Ghana,Unknown,66.61073825503355,52.120000000000005,38.6,0,11,47.4
Capital Medical University,China,Unknown,66.61073825503355,47.839999999999996,4.9,5,11,43.349999999999994
Capital University of Science and Technology,Pakistan,Unknown,66.61073825503355,55.64,28,0,11,49.05
The Catholic University of America,United States,Unknown,66.61073825503355,35.36,11.2,6,11,32.8
The Catholic University of Korea,South Korea,Unknown,66.61073825503355,41.22,17.9,7,11,40.8
Chang Gung University,Taiwan,Unknown,66.61073825503355,42.160000000000004,12.3,5,11,40.900000000000006
Chulalongkorn University,Thailand,Unknown,66.61073825503355,43,12.7,3,11,41.2
Clark University,United States,Unknown,66.61073825503355,48.4,12.2,27,11,43.8
COMSATS University Islamabad,Pakistan,Unknown,66.61073825503355,59.56,16,1,11,52.400000000000006
University of CÃ³rdoba,Spain,Unknown,66.61073825503355,45.52,12.9,11,11,41.25
Coventry University,United Kingdom,Unknown,66.61073825503355,47.72,14.9,48,11,42.25
Cyprus University of Technology,Cyprus,Unknown,66.61073825503355,45.62,15.3,14,11,41.2
University of Debrecen,Hungary,Unknown,66.61073825503355,33.42,12,24,11,31.6
De Montfort University,United Kingdom,Unknown,66.61073825503355,48.64,18.5,37,11,43.05
University of Derby,United Kingdom,Unknown,66.61073825503355,48.2,15.8,18,11,42.3
Duy Tan University,Vietnam,Unknown,66.61073825503355,58.18,24.3,0,11,50.85
East China University of Science and Technology,China,Unknown,66.61073825503355,46.44,18,2,11,43
Eastern Mediterranean University,Northern Cyprus,Unknown,66.61073825503355,50.35999999999999,25.4,75,11,44.5
Ãcole Centrale de Lyon,France,Unknown,66.61073825503355,29.84,16.4,24,11,29.15
Ãcole des Mines de Saint-Ãtienne,France,Unknown,66.61073825503355,33.26,9.8,24,11,32.95
Ãcole Nationale des Travaux Publics de l'Ãtat (ENTPE),France,Unknown,66.61073825503355,33.58,14.8,14,11,34.15
Egypt-Japan University of Science and Technology (E-JUST),Egypt,Unknown,66.61073825503355,48.48,18.4,3,11,45
"University of Engineering and Technology, Taxila",Pakistan,Unknown,66.61073825503355,54.67999999999999,19.4,2,11,47.699999999999996
Universidade Estadual Paulista (Unesp),Brazil,Unknown,66.61073825503355,36.1,12.8,4,11,35.6
Ewha Womans University,South Korea,Unknown,66.61073825503355,40.82,16.7,15,11,39.9
Federal University of Rio de Janeiro,Brazil,Unknown,66.61073825503355,36.42,13.5,1,11,36.35
Universidade Federal do Rio Grande do Sul,Brazil,Unknown,66.61073825503355,41.46,16.5,1,11,38.3
Federation University Australia,Australia,Unknown,66.61073825503355,49.66,16.8,38,11,44.25
University of Foggia,Italy,Unknown,66.61073825503355,49.18,33.2,1,11,45.1
Gabriele dâAnnunzio University,Italy,Unknown,66.61073825503355,50.34,31.7,2,11,45
Glasgow Caledonian University,United Kingdom,Unknown,66.61073825503355,45.580000000000005,24.1,18,11,40.300000000000004
Government College University Faisalabad,Pakistan,Unknown,66.61073825503355,56.04,26.5,0,11,49.2
Guangdong University of Technology,China,Unknown,66.61073825503355,55.48,19,0,11,49.449999999999996
Hacettepe University,Turkey,Unknown,66.61073825503355,40.96,19.9,3,11,38.6
University of Haifa,Israel,Unknown,66.61073825503355,53.08,18.4,3,11,49.25
University of Hail,Saudi Arabia,Unknown,66.61073825503355,47.58,11.2,3,11,41.4
Harokopio University of Athens,Greece,Unknown,66.61073825503355,54.7,44.9,3,11,50.150000000000006
University of Hertfordshire,United Kingdom,Unknown,66.61073825503355,45.68,16.3,40,11,40.300000000000004
Hiroshima University,Japan,Unknown,66.61073825503355,37.38,7.6,10,11,35.55
Imam Abdulrahman Bin Faisal University,Saudi Arabia,Unknown,66.61073825503355,47.919999999999995,11.3,4,11,42.25
Imam Khomeini International University,Iran,Unknown,66.61073825503355,51.28000000000001,25.8,5,11,46
Indian Institute of Technology Guwahati,India,Unknown,66.61073825503355,40.84,18,1,11,38.05
Indian Institute of Technology (Indian School of Mines) Dhanbad,India,Unknown,66.61073825503355,45.46,16.7,0,11,41.900000000000006
Indian Institute of Technology Patna,India,Unknown,66.61073825503355,51.99999999999999,18.8,1,11,47.349999999999994
University of Insubria,Italy,Unknown,66.61073825503355,57.32,27.5,5,11,51.550000000000004
"International Institute of Information Technology, Hyderabad",India,Unknown,66.61073825503355,51.580000000000005,18.3,7,11,46.55
Iran University of Medical Sciences,Iran,Unknown,66.61073825503355,39.26,8.3,10,11,35.45
ISCTE-University Institute of Lisbon,Portugal,Unknown,66.61073825503355,48.059999999999995,26.7,17,11,46
Isfahan University of Technology,Iran,Unknown,66.61073825503355,47.8,22.7,1,11,44.25
ITMO University,Russia,Unknown,66.61073825503355,37.96,14.6,18,11,37.45
Jagiellonian University,Poland,Unknown,66.61073825503355,45.02,8.8,11,11,42.35
Jamia Hamdard University,India,Unknown,66.61073825503355,50.879999999999995,18.5,3,11,44.9
Jawaharlal Nehru University,India,Unknown,66.61073825503355,40.8,16.1,1,11,38.05
Jiangsu University,China,Unknown,66.61073825503355,52.14,9.4,6,11,45.8
JÃ¶nkÃ¶ping University,Sweden,Unknown,66.61073825503355,54.66,13,13,11,48.75
The University of Jordan,Jordan,Unknown,66.61073825503355,42.98,10.3,20,11,38.050000000000004
Jouf University,Saudi Arabia,Unknown,66.61073825503355,42.3,9.6,3,11,38.3
Juntendo University,Japan,Unknown,66.61073825503355,42.42,5,3,11,38.2
University of Kaiserslautern,Germany,Unknown,66.61073825503355,38.12,22,19,11,36.55
Kansas State University,United States,Unknown,66.61073825503355,42.8,13.8,6,11,39.15
University of Kashan,Iran,Unknown,66.61073825503355,52.78,28.4,2,11,47.3
Kashan University of Medical Sciences and Health Services,Iran,Unknown,66.61073825503355,51.35999999999999,20.5,3,11,45.3
Keio University,Japan,Unknown,66.61073825503355,40.32,10.2,8,11,38.1
KIIT University,India,Unknown,66.61073825503355,43.22,12.3,10,11,38.65
King Saud bin Abdulaziz University for Health Sciences,Saudi Arabia,Unknown,66.61073825503355,34.84,13,1,11,32.65
Kobe University,Japan,Unknown,66.61073825503355,39.74,10.2,7,11,37.65
Konkuk University,South Korea,Unknown,66.61073825503355,44.5,25.2,15,11,43.35
Kurdistan University of Medical Sciences,Iran,Unknown,66.61073825503355,45.03999999999999,10.7,2,11,39.4
Lehigh University,United States,Unknown,66.61073825503355,43.56,11.2,17,11,40.05
University of Lille,France,Unknown,66.61073825503355,44.44,31.5,13,11,40.9
London South Bank University,United Kingdom,Unknown,66.61073825503355,44.5,17.5,37,11,39.150000000000006
University of Lorraine,France,Unknown,66.61073825503355,42.36,20,16,11,38.45
Louisiana State University,United States,Unknown,66.61073825503355,45.22,19.4,4,11,41.25
Lviv Polytechnic National University,Ukraine,Unknown,66.61073825503355,25.04,11.9,1,11,22.75
Mahidol University,Thailand,Unknown,66.61073825503355,37.78,8.9,5,11,35.65
Malaviya National Institute of Technology,India,Unknown,66.61073825503355,52.14,17.3,0,11,46.05
Universiti Malaysia Pahang Al-Sultan Abdullah (UMPSA),Malaysia,Unknown,66.61073825503355,48.1,13.5,8,11,43.25
Manipal Academy of Higher Education,India,Unknown,66.61073825503355,35.18,9.1,12,11,32.4
Marche Polytechnic University,Italy,Unknown,66.61073825503355,54.39999999999999,28.9,5,11,49.099999999999994
"University of Maryland, Baltimore County",United States,Unknown,66.61073825503355,46.74,17.2,11,11,43.05
Masaryk University,Czechia,Unknown,66.61073825503355,42.46,18.4,23,11,40.55
Mashhad University of Medical Sciences,Iran,Unknown,66.61073825503355,44.22,9,4,11,39.3
Mazandaran University of Medical Sciences,Iran,Unknown,66.61073825503355,44.31999999999999,12.4,1,11,39
University of Minho,Portugal,Unknown,66.61073825503355,47.7,19.5,13,11,44.8
Mississippi State University,United States,Unknown,66.61073825503355,43.279999999999994,14.6,4,11,39.4
Monterrey Institute of Technology,Mexico,Unknown,66.61073825503355,46.22,14.9,12,11,42.3
University of Namur,Belgium,Unknown,66.61073825503355,43.1,22.2,12,11,40.45
Nanjing University of Aeronautics and Astronautics,China,Unknown,66.61073825503355,42.7,15.4,3,11,40.85
Nanjing Forestry University,China,Unknown,66.61073825503355,56.120000000000005,16.5,1,11,50.300000000000004
Nanjing Tech University,China,Unknown,66.61073825503355,47.94,13.5,3,11,42.65
National Institute of Applied Sciences of Lyon (INSA Lyon),France,Unknown,66.61073825503355,33.78,18.7,29,11,32.65
National University of Sciences and Technology,Pakistan,Unknown,66.61073825503355,50.48,9.3,5,11,45.3
National University of Science and Technology (MISiS),Russia,Unknown,66.61073825503355,36.760000000000005,12,21,11,35.150000000000006
National Sun Yat-Sen University,Taiwan,Unknown,66.61073825503355,39.76,12.6,9,11,38.75
National Technical University of Athens,Greece,Unknown,66.61073825503355,44.660000000000004,20.3,6,11,41.05
National Institute of Technology Rourkela,India,Unknown,66.61073825503355,46.9,20.6,4,11,42.45
National Institute of Technology Silchar,India,Unknown,66.61073825503355,50.82000000000001,16.3,2,11,45.6
Near East University,Northern Cyprus,Unknown,66.61073825503355,47.48,29.2,86,11,42.699999999999996
"University of Nevada, Las Vegas",United States,Unknown,66.61073825503355,49.06,23.2,4,11,45.150000000000006
University of New Brunswick UNB,Canada,Unknown,66.61073825503355,47.44,15,14,11,43.7
University of North Carolina at Charlotte,United States,Unknown,66.61073825503355,53.480000000000004,20.6,6,11,48.25
"Northeastern University, China",China,Unknown,66.61073825503355,45.92,13.2,3,11,42.95
Northern Illinois University,United States,Unknown,66.61073825503355,42.36,14.3,6,11,37.95
North-West University,South Africa,Unknown,66.61073825503355,46.06,25.5,3,11,41.5
Norwegian University of Life Sciences,Norway,Unknown,66.61073825503355,44.28,8.2,12,11,39.35
Novosibirsk State University,Russia,Unknown,66.61073825503355,33.6,6.6,20,11,34.1
Ohio University (Main campus),United States,Unknown,66.61073825503355,44.76,19.9,4,11,40.650000000000006
Oklahoma State University,United States,Unknown,66.61073825503355,44.839999999999996,14.1,5,11,40.849999999999994
Old Dominion University,United States,Unknown,66.61073825503355,44.879999999999995,18.2,2,11,40.8
Ontario Tech University,Canada,Unknown,66.61073825503355,48.1,30.1,8,11,44.25
The Open University,United Kingdom,Unknown,66.61073825503355,47.66,33.5,8,11,42.400000000000006
Open University of Catalonia,Spain,Unknown,66.61073825503355,52.82,96.5,6,11,47.050000000000004
Ãrebro University,Sweden,Unknown,66.61073825503355,55.74,15.6,5,11,50.2
Otto von Guericke University of Magdeburg,Germany,Unknown,66.61073825503355,39.84,11.2,26,11,36.2
Oxford Brookes University,United Kingdom,Unknown,66.61073825503355,45.94,14,25,11,41.8
University of Palermo,Italy,Unknown,66.61073825503355,50.879999999999995,22,1,11,46.15
Panjab University,India,Unknown,66.61073825503355,47.22,18.6,1,11,42.050000000000004
University of Parma,Italy,Unknown,66.61073825503355,52.36,33.4,6,11,47.400000000000006
Parthenope University of Naples,Italy,Unknown,66.61073825503355,55.96,32.4,1,11,50.400000000000006
Universiti Pendidikan Sultan Idris,Malaysia,Unknown,66.61073825503355,33.36,9.8,20,11,32
Universitat PolitÃ¨cnica de Catalunya,Spain,Unknown,66.61073825503355,42.779999999999994,9.8,13,11,39.15
Polytechnic University of Valencia,Spain,Unknown,66.61073825503355,43.239999999999995,14.5,14,11,40.2
Prince Sattam Bin Abdulaziz University,Saudi Arabia,Unknown,66.61073825503355,53.28,11.9,2,11,46.4
Princess Nourah bint Abdulrahman University,Saudi Arabia,Unknown,66.61073825503355,46.18,12.1,17,11,41.199999999999996
Qazvin University of Medical Sciences,Iran,Unknown,66.61073825503355,47.78,1.6,2,11,41.75
Qingdao University,China,Unknown,66.61073825503355,57.81999999999999,15.1,1,11,51.25
Universitat Ramon Llull,Spain,Unknown,66.61073825503355,49.46,22.6,20,11,44.25
ReykjavÃ­k University,Iceland,Unknown,66.61073825503355,55.26,24.2,10,11,50.05
University of Rhode Island,United States,Unknown,66.61073825503355,42.64,14.5,3,11,38.95
University of Rome III,Italy,Unknown,66.61073825503355,45.099999999999994,46.5,5,11,41.8
Roskilde University,Denmark,Unknown,66.61073825503355,46.66,15.8,15,11,44.45
RUDN University,Russia,Unknown,66.61073825503355,36.86,15.6,32,11,34.55
Saint-Petersburg Mining University,Russia,Unknown,66.61073825503355,48.339999999999996,13.4,12,11,43.099999999999994
University of Salento,Italy,Unknown,66.61073825503355,47.419999999999995,24.7,2,11,43.15
University of Sannio,Italy,Unknown,66.61073825503355,46.36,13.4,1,11,42.05
University of Santiago de Compostela,Spain,Unknown,66.61073825503355,43.66,14.6,6,11,39.900000000000006
University of Sassari,Italy,Unknown,66.61073825503355,49.66,38.1,2,11,45.5
Saveetha Institute of Medical and Technical Sciences,India,Unknown,66.61073825503355,50.76,7.1,1,11,44
Shahid Beheshti University of Medical Sciences,Iran,Unknown,66.61073825503355,39.099999999999994,8,4,11,36.4
University of Siegen,Germany,Unknown,66.61073825503355,47.18,29.9,13,11,43.8
South China Normal University,China,Unknown,66.61073825503355,47.019999999999996,18.9,3,11,42.8
South Ural State University,Russia,Unknown,66.61073825503355,50.22,11,11,11,44.1
SRUC (Scotlandâs Rural College),United Kingdom,Unknown,66.61073825503355,52.7,5.5,8,11,46.05
University of Stavanger,Norway,Unknown,66.61073825503355,46.199999999999996,10.5,13,11,41.099999999999994
Sultan Qaboos University,Oman,Unknown,66.61073825503355,46.26,9.2,4,11,42.25
Sunway University,Malaysia,Unknown,66.61073825503355,48.86,8.1,14,11,43.15
SUNY Binghamton University,United States,Unknown,66.61073825503355,45.459999999999994,22.1,8,11,41.55
Tallinn University of Technology,Estonia,Unknown,66.61073825503355,47.660000000000004,11.4,14,11,43.150000000000006
Tehran University of Medical Sciences,Iran,Unknown,66.61073825503355,39.98,6.2,12,11,36.4
Universiti Tenaga Nasional (UNITEN),Malaysia,Unknown,66.61073825503355,41.519999999999996,9,19,11,37.4
University of Texas at Arlington,United States,Unknown,66.61073825503355,47.5,31.9,11,11,43
Texas Tech University,United States,Unknown,66.61073825503355,42.5,21.1,6,11,38.9
Thapar Institute of Engineering and Technology,India,Unknown,66.61073825503355,55.63999999999999,15.1,1,11,48.35
University of Toledo,United States,Unknown,66.61073825503355,39.379999999999995,17,9,11,35.6
Ton Duc Thang University,Vietnam,Unknown,66.61073825503355,60.75999999999999,21.9,1,11,53.3
Toronto Metropolitan University,Canada,Unknown,66.61073825503355,47.3,42.8,9,11,44.8
University of Tuscia,Italy,Unknown,66.61073825503355,55.419999999999995,20,4,11,49.95
University of Udine,Italy,Unknown,66.61073825503355,51.93999999999999,19.3,5,11,46.65
Ulster University,United Kingdom,Unknown,66.61073825503355,46.16,20.1,10,11,42.2
Umm Al-Qura University,Saudi Arabia,Unknown,66.61073825503355,43.08,9.6,7,11,38.300000000000004
Paris Lodron UniversitÃ¤t Salzburg,Austria,Unknown,66.61073825503355,42.36,10,35,11,39.2
Urmia University of Medical Sciences,Iran,Unknown,66.61073825503355,46.26,12.4,5,11,40.5
VIT University,India,Unknown,66.61073825503355,47.22,18.8,5,11,41.949999999999996
University of Warsaw,Poland,Unknown,66.61073825503355,45.32,10.9,9,11,42.75
University of the Western Cape,South Africa,Unknown,66.61073825503355,45.1,36.7,6,11,41.55
University of the West of Scotland,United Kingdom,Unknown,66.61073825503355,46.3,24.6,25,11,41.25
William & Mary,United States,Unknown,66.61073825503355,46,11.3,7,11,41.95
University of Wolverhampton,United Kingdom,Unknown,66.61073825503355,44.7,16.7,28,11,39.7
Worcester Polytechnic Institute,United States,Unknown,66.61073825503355,45.56,13,14,11,41.650000000000006
Wroclaw Medical University,Poland,Unknown,66.61073825503355,45.46,10.9,14,11,40.1
University of Wyoming,United States,Unknown,66.61073825503355,45.379999999999995,14.1,4,11,41.2
Xiâan Jiaotong-Liverpool University,China,Unknown,66.61073825503355,48.519999999999996,19.9,4,11,42.949999999999996
Xidian University,China,Unknown,66.61073825503355,46.6,15.3,1,11,43
Yeungnam University,South Korea,Unknown,66.61073825503355,47.28,14.7,5,11,42.4
Zhejiang Normal University,China,Unknown,66.61073825503355,52.84,12.2,5,11,47.2
Zhengzhou University,China,Unknown,66.61073825503355,57.42,15.6,4,11,51.15
University of the Aegean,Greece,Unknown,66.61073825503355,41.4,63.5,1,11,38.15
Ahvaz Jundishapur University of Medical Sciences (AJUMS),Iran,Unknown,66.61073825503355,39.14,11.7,3,11,34.4
Al-Azhar University,Egypt,Unknown,66.61073825503355,45.88,22,9,11,40.050000000000004
University of AlcalÃ¡,Spain,Unknown,66.61073825503355,39.04,10.4,24,11,35.05
Alexandria University,Egypt,Unknown,66.61073825503355,42,28.7,4,11,37.95
University of Algarve,Portugal,Unknown,66.61073825503355,39.17999999999999,15,19,11,35.9
American University in Cairo,Egypt,Unknown,66.61073825503355,40.260000000000005,14.2,4,11,37.55
Amity University,India,Unknown,66.61073825503355,42.98,17.1,7,11,38.15
Amrita Vishwa Vidyapeetham,India,Unknown,66.61073825503355,44.68,11.8,5,11,40.65
"University of the Andes, Colombia",Colombia,Unknown,66.61073825503355,36.88,13.5,2,11,34
Arak University of Medical Sciences,Iran,Unknown,66.61073825503355,43.92,7.4,2,11,38.300000000000004
Aristotle University of Thessaloniki,Greece,Unknown,66.61073825503355,46.49999999999999,18.2,5,11,41.55
Arts et MÃ©tiers,France,Unknown,66.61073825503355,28.92,16.3,12,11,27.35
Aswan University,Egypt,Unknown,66.61073825503355,50.19999999999999,45.4,1,11,43.849999999999994
Athens University of Economics and Business,Greece,Unknown,66.61073825503355,41.42,53.7,5,11,38.45
BahÃ§eÅehir University,Turkey,Unknown,66.61073825503355,45.4,47.9,22,11,41.9
Bahria University,Pakistan,Unknown,66.61073825503355,50.26,20.3,1,11,43.5
University of the Balearic Islands,Spain,Unknown,66.61073825503355,39.879999999999995,9.4,8,11,35.75
University of Belgrade,Serbia,Unknown,66.61073825503355,40.44,18.2,5,11,38.2
University of Bergamo,Italy,Unknown,66.61073825503355,44.239999999999995,54.8,7,11,40.4
"Birla Institute of Technology and Science, Pilani",India,Unknown,66.61073825503355,47.24000000000001,16.2,2,11,42.2
BRAC University,Bangladesh,Unknown,66.61073825503355,47.58,16.9,1,11,41.699999999999996
UniversitÃ© de Bretagne Occidentale,France,Unknown,66.61073825503355,39.04,33.1,11,11,35.8
University of Brighton,United Kingdom,Unknown,66.61073825503355,38.94,18,22,11,35.2
Bucharest University of Economic Studies,Romania,Unknown,66.61073825503355,50.18,16.3,4,11,43.75
Cairo University,Egypt,Unknown,66.61073825503355,43.339999999999996,30.9,5,11,39.2
University of Camerino (Unicam),Italy,Unknown,66.61073825503355,42.199999999999996,30.1,9,11,38.1
Carlos III University of Madrid,Spain,Unknown,66.61073825503355,34.06,11.2,12,11,31.85
University of Castilla-La Mancha,Spain,Unknown,66.61073825503355,39.1,12.8,7,11,35.45
Catholic University of Portugal,Portugal,Unknown,66.61073825503355,46.120000000000005,22.2,17,11,41.550000000000004
Changsha University of Science and Technology,China,Unknown,66.61073825503355,51.3,16,1,11,45
Chapman University,United States,Unknown,66.61073825503355,34.74,12,7,11,31.4
Charles Sturt University,Australia,Unknown,66.61073825503355,40.22,24.6,13,11,36.5
Institute of Chemical Technology,India,Unknown,66.61073825503355,38.879999999999995,17.2,0,11,35.85
Chengdu University,China,Unknown,66.61073825503355,50.25999999999999,16.3,2,11,44.3
Chiang Mai University,Thailand,Unknown,66.61073825503355,35.42,13.6,4,11,32.7
Chiba University,Japan,Unknown,66.61073825503355,33.56,8.9,6,11,31.45
University of Chile,Chile,Unknown,66.61073825503355,38.22,16.4,5,11,35.15
China University of Petroleum (East China),China,Unknown,66.61073825503355,41.78,17,2,11,38.65
Chonnam National University,South Korea,Unknown,66.61073825503355,37.480000000000004,17.7,7,11,35.95
Chungnam National University,South Korea,Unknown,66.61073825503355,32.82,19.8,4,11,32.3
Clarkson University,United States,Unknown,66.61073825503355,31.92,15.5,8,11,29.6
University of Clermont Auvergne,France,Unknown,66.61073825503355,39.760000000000005,21.2,15,11,36.150000000000006
University of la Costa,Colombia,Unknown,66.61073825503355,48.800000000000004,18.1,1,11,42.45
Covenant University,Nigeria,Unknown,66.61073825503355,43.72,17.5,0,11,40.5
CY Cergy Paris University,France,Unknown,66.61073825503355,36.76,19.5,26,11,34.85
Czech University of Life Sciences Prague (CZU),Czechia,Unknown,66.61073825503355,36.64,18.3,26,11,33.1
Damietta University,Egypt,Unknown,66.61073825503355,47.559999999999995,33.9,1,11,41.2
University of Delhi,India,Unknown,66.61073825503355,33.08,23.8,1,11,31.6
Delhi Technological University,India,Unknown,66.61073825503355,54.06,23.4,3,11,48.400000000000006
University of Deusto,Spain,Unknown,66.61073825503355,41.86,18.8,6,11,38.75
University of Dhaka,Bangladesh,Unknown,66.61073825503355,45.279999999999994,15.3,3,11,39.4
EÃ¶tvÃ¶s LorÃ¡nd University,Hungary,Unknown,66.61073825503355,42.059999999999995,17.8,11,11,38.25
Federal University of Minas Gerais,Brazil,Unknown,66.61073825503355,35.3,13.5,1,11,33.3
Universidade Federal de Santa Catarina,Brazil,Unknown,66.61073825503355,33.6,17.7,2,11,31.6
Universidade Federal de SÃ£o Paulo (UNIFESP),Brazil,Unknown,66.61073825503355,37.92,11.3,1,11,35.35
Ferdowsi University of Mashhad,Iran,Unknown,66.61073825503355,39.64,30.5,11,11,37.5
Florida Atlantic University,United States,Unknown,66.61073825503355,43.13999999999999,19.8,6,11,39.599999999999994
Florida Institute of Technology,United States,Unknown,66.61073825503355,33.68,15.9,20,11,30.8
University of the Free State,South Africa,Unknown,66.61073825503355,41.31999999999999,35.6,2,11,37.55
Fuzhou University,China,Unknown,66.61073825503355,49.5,17.4,1,11,44
University of Girona,Spain,Unknown,66.61073825503355,42.739999999999995,21,14,11,39.349999999999994
University of Gloucestershire,United Kingdom,Unknown,66.61073825503355,40.160000000000004,17,12,11,35.8
Gorgan University of Agricultural Sciences and Natural Resources,Iran,Unknown,66.61073825503355,51.32,21.5,1,11,44.65
Guangzhou University,China,Unknown,66.61073825503355,51.339999999999996,17.5,0,11,44.9
Guangzhou Medical University,China,Unknown,66.61073825503355,47.58,1.7,2,11,41.35
Guilan University of Medical Sciences,Iran,Unknown,66.61073825503355,42.379999999999995,11.5,1,11,37.050000000000004
Harbin Engineering University,China,Unknown,66.61073825503355,38.400000000000006,19.8,2,11,37.1
Hazara University Mansehra,Pakistan,Unknown,66.61073825503355,46.82,21.3,0,11,40.800000000000004
Howard University,United States,Unknown,66.61073825503355,32.480000000000004,9.7,5,11,30.200000000000003
University of Ibadan,Nigeria,Unknown,66.61073825503355,41.339999999999996,19.7,0,11,36.85
Ilam University of Medical Sciences,Iran,Unknown,66.61073825503355,44.22,13.2,5,11,38.85
"Indian Institute of Science Education and Research, Pune",India,Unknown,66.61073825503355,31.46,11.1,0,11,30.400000000000002
Indian Institute of Technology Gandhinagar,India,Unknown,66.61073825503355,34.28,14.9,0,11,33.1
University of Indonesia,Indonesia,Unknown,66.61073825503355,26.759999999999998,7.9,14,11,26.15
Indraprastha Institute of Information Technology Delhi,India,Unknown,66.61073825503355,46.12,23.4,5,11,41.1
Inha University,South Korea,Unknown,66.61073825503355,35.9,19.2,8,11,34.45
Universitat Internacional de Catalunya,Spain,Unknown,66.61073825503355,41.239999999999995,12.9,27,11,37.3
"International Islamic University, Islamabad",Pakistan,Unknown,66.61073825503355,48.099999999999994,21.8,7,11,41.95
Isfahan University of Medical Sciences,Iran,Unknown,66.61073825503355,33.64,10.2,3,11,30.3
Islamia College Peshawar,Pakistan,Unknown,66.61073825503355,42.17999999999999,24.4,3,11,37
University of JaÃ©n,Spain,Unknown,66.61073825503355,46.040000000000006,16.1,7,11,41.5
Jahangirnagar University,Bangladesh,Unknown,66.61073825503355,46.7,17.3,0,11,40.400000000000006
Jaume I University,Spain,Unknown,66.61073825503355,42.1,15.2,10,11,38.5
Jawaharlal Nehru Technological University Anantapur (JNTUA),India,Unknown,66.61073825503355,42.06,18.1,0,11,37.4
Jaypee University of Information Technology,India,Unknown,66.61073825503355,48.959999999999994,18.5,2,11,43.55
Jazan University,Saudi Arabia,Unknown,66.61073825503355,44.339999999999996,12.4,4,11,38.6
Jeonbuk National University,South Korea,Unknown,66.61073825503355,37.92,19.6,7,11,36.15
Jiangnan University,China,Unknown,66.61073825503355,45.08,12.9,1,11,41.3
Jordan University of Science and Technology,Jordan,Unknown,66.61073825503355,45.81999999999999,13.3,17,11,40.449999999999996
JSS Academy of Higher Education and Research,India,Unknown,66.61073825503355,35.379999999999995,9.5,8,11,31.25
Kafrelsheikh University,Egypt,Unknown,66.61073825503355,49.36,28.7,2,11,42.65
Kalasalingam Academy of Research and Education,India,Unknown,66.61073825503355,48.44,7.5,4,11,41.85
Kaohsiung Medical University,Taiwan,Unknown,66.61073825503355,36.84,12.2,5,11,35.05
Kazan Federal University,Russia,Unknown,66.61073825503355,28.06,10.8,33,11,27
King Faisal University,Saudi Arabia,Unknown,66.61073825503355,45.68,14.5,2,11,40.1
King Mongkutâs University of Technology Thonburi,Thailand,Unknown,66.61073825503355,44.54,20.4,4,11,40.8
Kingston University,United Kingdom,Unknown,66.61073825503355,38.040000000000006,18.9,40,11,34.25
K.N. Toosi University of Technology,Iran,Unknown,66.61073825503355,44.519999999999996,23.1,1,11,40.6
Kore University of Enna,Italy,Unknown,66.61073825503355,47.699999999999996,16,1,11,41.8
Kumamoto University,Japan,Unknown,66.61073825503355,32.38,9.8,6,11,30.25
University of Kurdistan,Iran,Unknown,66.61073825503355,48.36,32.2,4,11,42.75
Kyoto Prefectural University of Medicine,Japan,Unknown,66.61073825503355,35.08,3.2,1,11,31.9
University of Lahore,Pakistan,Unknown,66.61073825503355,45.35999999999999,13.5,2,11,39.5
Lahore University of Management Sciences,Pakistan,Unknown,66.61073825503355,42.8,14.2,2,11,38.45
Lakehead University,Canada,Unknown,66.61073825503355,40.44,25,19,11,37.7
Lebanese University,Lebanon,Unknown,66.61073825503355,23.08,14.6,16,11,22.950000000000003
Leeds Beckett University,United Kingdom,Unknown,66.61073825503355,45.480000000000004,21.9,15,11,40.6
Lithuanian University of Health Sciences,Lithuania,Unknown,66.61073825503355,38.339999999999996,9.2,23,11,34.05
University of Ljubljana,Slovenia,Unknown,66.61073825503355,40.8,13.8,9,11,37.35
University of Lleida,Spain,Unknown,66.61073825503355,42.96,16.1,10,11,39.150000000000006
Lovely Professional University,India,Unknown,66.61073825503355,49.34,14.7,7,11,43.25
Makerere University,Uganda,Unknown,66.61073825503355,33.88,19.2,3,11,32.45
University of Malakand,Pakistan,Unknown,66.61073825503355,50.059999999999995,32.1,1,11,44.05
University of Malta,Malta,Unknown,66.61073825503355,42.84,12.3,14,11,38.4
University of Management and Technology,Pakistan,Unknown,66.61073825503355,52.400000000000006,22.4,2,11,45.400000000000006
Mansoura University,Egypt,Unknown,66.61073825503355,45.81999999999999,40.2,4,11,40.25
Marquette University,United States,Unknown,66.61073825503355,39.68,12.2,3,11,36.1
Medical University of Lodz,Poland,Unknown,66.61073825503355,44.959999999999994,8.4,9,11,39.3
University of Medicine and Pharmacy Carol Davila,Romania,Unknown,66.61073825503355,41.96,8.6,16,11,36.8
University of Memphis,United States,Unknown,66.61073825503355,40.6,14.9,5,11,37
University of Mohaghegh Ardabili,Iran,Unknown,66.61073825503355,49.82,29.7,0,11,44.4
Montana State University,United States,Unknown,66.61073825503355,41.94,16.3,2,11,38.349999999999994
University of Murcia,Spain,Unknown,66.61073825503355,39.519999999999996,17.7,5,11,36.25
Nanjing University of Information Science and Technology,China,Unknown,66.61073825503355,48.48,16.8,4,11,43.449999999999996
Nanjing Medical University,China,Unknown,66.61073825503355,41.46,9.3,4,11,37.3
Nanjing Normal University,China,Unknown,66.61073825503355,45.94,13.5,2,11,40.8
National Autonomous University of Mexico,Mexico,Unknown,66.61073825503355,32.8,17.1,4,11,32.4
National Taipei University of Technology,Taiwan,Unknown,66.61073825503355,31.479999999999997,15.6,10,11,30.4
"National Institute of Technology, Tiruchirappalli",India,Unknown,66.61073825503355,42.96,20.4,2,11,38.650000000000006
The New School,United States,Unknown,66.61073825503355,33.68,9.3,34,11,30.65
New Mexico State University (Main campus),United States,Unknown,66.61073825503355,38.72,16,6,11,35.95
North China Electric Power University,China,Unknown,66.61073825503355,40.08,18.6,3,11,37.25
Northeast Normal University,China,Unknown,66.61073825503355,42.78,18.6,3,11,38.25
University of Northern British Columbia (UNBC),Canada,Unknown,66.61073825503355,39.74,16.5,12,11,36.75
North South University,Bangladesh,Unknown,66.61073825503355,49.66,21.3,0,11,43.05
Nova Southeastern University,United States,Unknown,66.61073825503355,34.94,16.5,4,11,31.15
Okayama University,Japan,Unknown,66.61073825503355,30.439999999999998,10,7,11,28.95
University of Oviedo,Spain,Unknown,66.61073825503355,36.92,9.2,4,11,33.85
Ozyegin University,Turkey,Unknown,66.61073825503355,41.660000000000004,26.7,8,11,38.7
Pablo de Olavide University,Spain,Unknown,66.61073825503355,42.1,12.2,11,11,38
PalackÃ½ University Olomouc,Czechia,Unknown,66.61073825503355,39.44,15.2,14,11,36.849999999999994
PanthÃ©on-Sorbonne University â Paris 1,France,Unknown,66.61073825503355,34.68,29.8,20,11,34.2
University of Patras,Greece,Unknown,66.61073825503355,40.84,29.4,5,11,37
UPES,India,Unknown,66.61073825503355,44.9,11,0,11,40.2
UniversitÃ© de Poitiers,France,Unknown,66.61073825503355,31.88,31.5,11,11,30.85
Pontifical Catholic University of Rio de Janeiro (PUC-Rio),Brazil,Unknown,66.61073825503355,34.46,18.7,2,11,33.8
Portland State University,United States,Unknown,66.61073825503355,42.7,20.5,5,11,39.45
University of the Punjab,Pakistan,Unknown,66.61073825503355,43.32,22,1,11,38.55
Qassim University,Saudi Arabia,Unknown,66.61073825503355,33.839999999999996,10.2,7,11,31.599999999999998
Qom University of Medical Sciences,Iran,Unknown,66.61073825503355,38.92,9.3,4,11,33.65
University of Regina,Canada,Unknown,66.61073825503355,45.53999999999999,24.6,26,11,41.2
Reichman University,Israel,Unknown,66.61073825503355,45.22,35,28,11,40.45
University of Rennes 1,France,Unknown,66.61073825503355,33.980000000000004,17.5,12,11,31.3
Robert Gordon University,United Kingdom,Unknown,66.61073825503355,37.32,21,26,11,33.3
Rochester Institute of Technology,United States,Unknown,66.61073825503355,43.12,16,13,11,39.3
University of Roehampton,United Kingdom,Unknown,66.61073825503355,39.8,19.6,36,11,36.75
University of Salamanca,Spain,Unknown,66.61073825503355,38.96,14.7,13,11,36.1
University of Salford,United Kingdom,Unknown,66.61073825503355,42.66,20.3,23,11,38.05
San Diego State University,United States,Unknown,66.61073825503355,47.419999999999995,28.1,5,11,41.5
Savitribai Phule Pune University,India,Unknown,66.61073825503355,37.419999999999995,9.6,4,11,33.15
Sechenov University,Russia,Unknown,66.61073825503355,35.46,8.1,26,11,32.400000000000006
University of Seoul,South Korea,Unknown,66.61073825503355,35.04,14.4,4,11,33.55
University of Seville,Spain,Unknown,66.61073825503355,41.959999999999994,16.7,8,11,39.05
Shahrekord University of Medical Sciences,Iran,Unknown,66.61073825503355,41.46,9.2,0,11,36.3
Shantou University,China,Unknown,66.61073825503355,44.36,13.3,1,11,39.7
Sheffield Hallam University,United Kingdom,Unknown,66.61073825503355,45.78,17.7,12,11,40.550000000000004
Shiraz University,Iran,Unknown,66.61073825503355,42.84,20.8,2,11,39.8
Shiraz University of Medical Sciences,Iran,Unknown,66.61073825503355,38.5,10.1,2,11,34.2
Shri Mata Vaishno Devi University,India,Unknown,66.61073825503355,47.68,20.3,0,11,42.6
Siksha âOâ Anusandhan,India,Unknown,66.61073825503355,35.3,11.9,2,11,32.2
Sogang University,South Korea,Unknown,66.61073825503355,36.120000000000005,23.9,19,11,35.2
Institute of Space Technology,Pakistan,Unknown,66.61073825503355,47.62,13.4,0,11,41.9
University of Tabuk,Saudi Arabia,Unknown,66.61073825503355,45.56,19.5,2,11,39.7
Technical University of Madrid,Spain,Unknown,66.61073825503355,36.199999999999996,15.8,14,11,32.8
"University of Technology, Iraq",Iraq,Unknown,66.61073825503355,43.1,6.9,0,11,37.45
University of Texas at El Paso,United States,Unknown,66.61073825503355,38.36,22.9,6,11,36.75
Tokyo University of Agriculture and Technology,Japan,Unknown,66.61073825503355,29.400000000000002,15.6,7,11,29.35
Tokyo Medical University,Japan,Unknown,66.61073825503355,39.2,3.4,1,11,35.5
Tomsk Polytechnic University,Russia,Unknown,66.61073825503355,28.42,10.6,29,11,27.6
University of Tours,France,Unknown,66.61073825503355,31.68,21.8,11,11,29.05
University of TrÃ¡s-os-Montes and Alto Douro,Portugal,Unknown,66.61073825503355,39.24,9.2,6,11,37.9
University of Tunis El Manar,Tunisia,Unknown,66.61073825503355,26.62,9.6,6,11,25.5
Urmia University,Iran,Unknown,66.61073825503355,41.94,26.4,12,11,38.2
"University of Veterinary and Animal Sciences, Lahore",Pakistan,Unknown,66.61073825503355,39.019999999999996,19.2,1,11,35.35
University of Vic â Central University of Catalonia,Spain,Unknown,66.61073825503355,47.72,13.1,19,11,41.949999999999996
University of Vigo,Spain,Unknown,66.61073825503355,41.84,15.1,5,11,37.849999999999994
Vilnius University,Lithuania,Unknown,66.61073825503355,37.839999999999996,9.1,9,11,34.45
Waseda University,Japan,Unknown,66.61073825503355,36.34,14.3,13,11,34.65
Wenzhou University,China,Unknown,66.61073825503355,52.85999999999999,18.6,2,11,46.55
Wenzhou Medical University,China,Unknown,66.61073825503355,46.66,14.6,3,11,41.15
University of Westminster,United Kingdom,Unknown,66.61073825503355,40.42,19.8,48,11,36.7
YÄ±ldÄ±z Technical University,Turkey,Unknown,66.61073825503355,35.92,24.8,13,11,34.6
Yokohama City University,Japan,Unknown,66.61073825503355,40.160000000000004,6,3,11,35.35
Zagazig University,Egypt,Unknown,66.61073825503355,46.52,25.2,2,11,40.300000000000004
University of Zaragoza,Spain,Unknown,66.61073825503355,35.24,10.2,7,11,32.45
ZHAW Zurich University of Applied Sciences,Switzerland,Unknown,66.61073825503355,33.92,12.3,11,11,30.9
Zhejiang Gongshang University,China,Unknown,66.61073825503355,41.699999999999996,11.5,7,11,36.85
University of A CoruÃ±a,Spain,Unknown,66.61073825503355,34.36,12.4,5,11,31.55
"Adam Mickiewicz University, PoznaÅ",Poland,Unknown,66.61073825503355,37.459999999999994,25,6,11,35.95
AGH University of Krakow,Poland,Unknown,66.61073825503355,31.52,12.2,3,11,29.75
Aichi Medical University,Japan,Unknown,66.61073825503355,31.259999999999998,2.9,1,11,28.3
Ain Shams University,Egypt,Unknown,66.61073825503355,33.599999999999994,13.3,6,11,30.549999999999997
Akdeniz University,Turkey,Unknown,66.61073825503355,36.480000000000004,47.3,4,11,34.95
Al-Balqa Applied University,Jordan,Unknown,66.61073825503355,40.96,27.3,2,11,36.4
University of Alicante,Spain,Unknown,66.61073825503355,34.199999999999996,14.5,10,11,31.799999999999997
University of AlmerÃ­a,Spain,Unknown,66.61073825503355,36.9,17,10,11,33.9
An-Najah National University,Palestine,Unknown,66.61073825503355,43.160000000000004,21.7,11,11,37.6
University of Applied Sciences and Arts of Western Switzerland,Switzerland,Unknown,66.61073825503355,28.22,6.5,29,11,25.7
Ateneo de Manila University,Philippines,Unknown,66.61073825503355,35.76,11.1,1,11,31.6
Universidad AutÃ³noma de Chile,Chile,Unknown,66.61073825503355,37.58,25.5,1,11,33.35
Azarbaijan Shahid Madani University,Iran,Unknown,66.61073825503355,46.86,27.1,2,11,41.6
BabeÅ-Bolyai University,Romania,Unknown,66.61073825503355,34.32,21.1,4,11,31.4
Bahauddin Zakariya University,Pakistan,Unknown,66.61073825503355,40.14,27.2,0,11,35.55
Bangladesh Agricultural University (BAU),Bangladesh,Unknown,66.61073825503355,31.080000000000002,11.4,1,11,27.55
Bangladesh University of Engineering and Technology,Bangladesh,Unknown,66.61073825503355,36.74,13.2,0,11,33.25
Bartin University,Turkey,Unknown,66.61073825503355,46.96,31.8,11,11,41.3
University of Bedfordshire,United Kingdom,Unknown,66.61073825503355,37.16,29.1,64,11,33.35
Benha University,Egypt,Unknown,66.61073825503355,43.58,30.9,2,11,37.85
Beni-Suef University,Egypt,Unknown,66.61073825503355,40.58,31.6,0,11,35.45
Bowling Green State University,United States,Unknown,66.61073825503355,37.18,17.6,3,11,33.300000000000004
Brno University of Technology,Czechia,Unknown,66.61073825503355,31.119999999999997,15.5,25,11,29.15
University of Bucharest,Romania,Unknown,66.61073825503355,34.36,33.3,2,11,32.150000000000006
University of Cadiz,Spain,Unknown,66.61073825503355,32.900000000000006,17.7,8,11,30.200000000000003
University of Calcutta,India,Unknown,66.61073825503355,26.300000000000004,14.2,0,11,24.450000000000003
Canterbury Christ Church University,United Kingdom,Unknown,66.61073825503355,32.28,20.1,15,11,29.200000000000003
University of Central Lancashire,United Kingdom,Unknown,66.61073825503355,36.66,16.3,28,11,32.85
Central Michigan University,United States,Unknown,66.61073825503355,34.2,18.3,3,11,31.049999999999997
"University of Chemistry and Technology, Prague",Czechia,Unknown,66.61073825503355,23.279999999999998,8.3,23,11,21.85
China Pharmaceutical University,China,Unknown,66.61073825503355,39,16.4,3,11,35.55
Chung Yuan Christian University,Taiwan,Unknown,66.61073825503355,33.16,33.5,7,11,31.7
University of Colombo,Sri Lanka,Unknown,66.61073825503355,40.36,32,0,11,35.4
Comenius University in Bratislava,Slovakia,Unknown,66.61073825503355,31.72,10.5,15,11,29.2
Czech Technical University in Prague,Czechia,Unknown,66.61073825503355,26.84,8.7,21,11,25.5
Democritus University of Thrace,Greece,Unknown,66.61073825503355,39.18,36.4,3,11,35.4
Universidad del Desarrollo,Chile,Unknown,66.61073825503355,36.12,14.4,4,11,31.9
Diego Portales University,Chile,Unknown,66.61073825503355,36.99999999999999,17.6,2,11,32.8
UniversitÃ© Djillali LiabÃ¨s de Sidi Bel-AbbÃ¨s,Algeria,Unknown,66.61073825503355,31.32,19.7,1,11,27.65
Don State Technical University,Russia,Unknown,66.61073825503355,36.54,12.4,12,11,31.95
Dr B.R. Ambedkar National Institute of Technology Jalandhar,India,Unknown,66.61073825503355,38.04,24.1,1,11,33.9
Durban University of Technology,South Africa,Unknown,66.61073825503355,41.919999999999995,35.3,1,11,36.9
University of East London,United Kingdom,Unknown,66.61073825503355,30.639999999999997,26.1,52,11,28.05
Edge Hill University,United Kingdom,Unknown,66.61073825503355,38.88,16.4,6,11,34.7
"University of Engineering and Technology, Peshawar",Pakistan,Unknown,66.61073825503355,41.14,21.7,2,11,36.2
University of Engineering & Technology (UET) Lahore,Pakistan,Unknown,66.61073825503355,36.06,13.4,2,11,31.7
European University of Madrid,Spain,Unknown,66.61073825503355,36.94,12,30,11,32.6
University of Extremadura,Spain,Unknown,66.61073825503355,36.099999999999994,10.7,3,11,32.15
Fayoum University,Egypt,Unknown,66.61073825503355,44.059999999999995,18,0,11,38.7
Federal University of SÃ£o Carlos,Brazil,Unknown,66.61073825503355,28.02,16.1,1,11,26.65
Federal University of Technology Akure,Nigeria,Unknown,66.61073825503355,34.8,24.5,0,11,30.85
Financial University under the Government of the Russian Federation,Russia,Unknown,66.61073825503355,37.379999999999995,13,9,11,34.15
Firat University,Turkey,Unknown,66.61073825503355,42.81999999999999,25.4,6,11,37.4
Florida Agricultural and Mechanical University,United States,Unknown,66.61073825503355,30.56,15.7,1,11,28.25
University of Franche-ComtÃ©,France,Unknown,66.61073825503355,30.64,33.5,11,11,28.15
Fu Jen Catholic University,Taiwan,Unknown,66.61073825503355,27.46,27.2,6,11,27.75
Fujian Agriculture and Forestry University,China,Unknown,66.61073825503355,43.4,17.1,1,11,38.75
Fujita Health University,Japan,Unknown,66.61073825503355,38.44,3.6,1,11,34.2
Gauhati University,India,Unknown,66.61073825503355,24.62,17.3,0,11,24.950000000000003
GdaÅsk University of Technology,Poland,Unknown,66.61073825503355,35.78,17.9,5,11,32.65
University of Ghana,Ghana,Unknown,66.61073825503355,33.78,35.9,1,11,31.700000000000003
Gifu University,Japan,Unknown,66.61073825503355,26.979999999999997,14.6,4,11,26.35
GLA University,India,Unknown,66.61073825503355,42.58,16.8,0,11,37.25
University of Gujrat,Pakistan,Unknown,66.61073825503355,46.22,24.7,0,11,40.4
Guru Ghasidas Vishwavidyalaya,India,Unknown,66.61073825503355,42.14,21.7,0,11,36.75
Hakim Sabzevari University,Iran,Unknown,66.61073825503355,41.56,22.8,3,11,36.55
Hamamatsu University School of Medicine,Japan,Unknown,66.61073825503355,29.459999999999997,4.1,3,11,27.6
Huaqiao University,China,Unknown,66.61073825503355,34.58,17.8,19,11,31.200000000000003
Icesi University,Colombia,Unknown,66.61073825503355,37.68,7.2,2,11,33.15
Ilmenau University of Technology,Germany,Unknown,66.61073825503355,28.239999999999995,18.4,31,11,27.099999999999998
IMT Nord Europe,France,Unknown,66.61073825503355,21.9,15,19,11,22.45
Indian Institute of Science Education and Research Kolkata,India,Unknown,66.61073825503355,27.799999999999997,12.6,0,11,26.4
Indian Institute of Technology Ropar,India,Unknown,66.61073825503355,34.18,14.9,1,11,31.55
Indian Institute of Technology Mandi,India,Unknown,66.61073825503355,34.88,12.9,1,11,31.3
University of Ioannina,Greece,Unknown,66.61073825503355,38.5,32.6,5,11,34.15
University of Isfahan,Iran,Unknown,66.61073825503355,31.259999999999998,24,8,11,28.85
The Islamia University of Bahawalpur,Pakistan,Unknown,66.61073825503355,44.580000000000005,47.8,0,11,39.050000000000004
Istanbul University,Turkey,Unknown,66.61073825503355,29.439999999999998,25.4,9,11,28.2
Istanbul University-CerrahpaÅa,Turkey,Unknown,66.61073825503355,34.66,27.8,6,11,32.900000000000006
Iuliu HaÅ£ieganu University of Medicine and Pharmacy Cluj-Napoca,Romania,Unknown,66.61073825503355,36.94,8.9,36,11,32.6
Jadavpur University,India,Unknown,66.61073825503355,33.92,21.3,0,11,30.9
University of Jeddah,Saudi Arabia,Unknown,66.61073825503355,34.58,14.6,2,11,30.35
Jimma University,Ethiopia,Unknown,66.61073825503355,39.68,14.9,1,11,34.550000000000004
Kanazawa University,Japan,Unknown,66.61073825503355,28.759999999999998,9.9,6,11,27.1
Kansai Medical University,Japan,Unknown,66.61073825503355,35.2,1.6,3,11,31.1
Karlstad University,Sweden,Unknown,66.61073825503355,38.03999999999999,12.8,2,11,34.1
Karnatak University Dharwad,India,Unknown,66.61073825503355,35.38,12.1,0,11,31.1
Kerman University of Medical Sciences,Iran,Unknown,66.61073825503355,35.44,3.9,3,11,31.5
Kharkiv National University of Radio Electronics,Ukraine,Unknown,66.61073825503355,20.560000000000002,10.8,11,11,18.7
Kindai University,Japan,Unknown,66.61073825503355,35.86,17.7,2,11,31.85
Kohat University of Science and Technology,Pakistan,Unknown,66.61073825503355,35.08,43,0,11,31.6
University of Kragujevac,Serbia,Unknown,66.61073825503355,40.28,13.7,1,11,35.35
Kurume University,Japan,Unknown,66.61073825503355,34.48,9,1,11,31
Kuwait University,Kuwait,Unknown,66.61073825503355,37.26,14.7,13,11,32.7
Kwame Nkrumah University of Science and Technology,Ghana,Unknown,66.61073825503355,38.76,60.8,1,11,35.75
University of Lagos,Nigeria,Unknown,66.61073825503355,45.059999999999995,27.5,0,11,39.95
University of La Laguna,Spain,Unknown,66.61073825503355,39.14,13.3,5,11,35.25
University of Las Palmas de Gran Canaria,Spain,Unknown,66.61073825503355,33.8,17,6,11,30.85
University of Latvia,Latvia,Unknown,66.61073825503355,35.019999999999996,30.2,7,11,33.7
University of LeÃ³n,Spain,Unknown,66.61073825503355,33.46,12.1,4,11,30.150000000000002
Lorestan University,Iran,Unknown,66.61073825503355,35.16,22.7,2,11,31.150000000000002
Mae Fah Luang University,Thailand,Unknown,66.61073825503355,34.34,20.7,5,11,31.05
Maharishi Markandeshwar University (MMU),India,Unknown,66.61073825503355,35.839999999999996,12.6,8,11,31.349999999999998
University of Malaga,Spain,Unknown,66.61073825503355,32.32,13.3,6,11,29.6
Universiti Malaysia Sarawak (UNIMAS),Malaysia,Unknown,66.61073825503355,21.46,14.9,13,11,21.1
University of Maragheh,Iran,Unknown,66.61073825503355,40.06,23.6,0,11,36.150000000000006
University of Mazandaran,Iran,Unknown,66.61073825503355,31.02,32.3,7,11,29
Medical University of Bialystok,Poland,Unknown,66.61073825503355,28.72,13.1,8,11,25.9
Medical University of GdaÅsk,Poland,Unknown,66.61073825503355,32.98,5.4,17,11,29.25
Medical University of Warsaw,Poland,Unknown,66.61073825503355,31.560000000000002,6.4,8,11,28.55
"Mehran University of Engineering and Technology, Jamshoro, Pakistan",Pakistan,Unknown,66.61073825503355,36.6,19.9,0,11,31.85
Miguel HernÃ¡ndez University of Elche,Spain,Unknown,66.61073825503355,33.4,16.5,8,11,30.799999999999997
Ming Chi University of Technology,Taiwan,Unknown,66.61073825503355,36.08,18.6,2,11,34.25
Minia University,Egypt,Unknown,66.61073825503355,43.4,17.7,1,11,37.75
Mirpur University of Science and Technology,Pakistan,Unknown,66.61073825503355,39.76,23.6,0,11,34.7
MontanuniversitÃ¤t Leoben,Austria,Unknown,66.61073825503355,24.44,4.2,17,11,22.65
Muhimbili University of Health and Allied Sciences,Tanzania,Unknown,66.61073825503355,38.42,14,2,11,34.199999999999996
Nagoya City University,Japan,Unknown,66.61073825503355,26.56,7.4,3,11,25.05
Najran University,Saudi Arabia,Unknown,66.61073825503355,41.96,18.2,2,11,36.6
National Central University,Taiwan,Unknown,66.61073825503355,27.78,9.5,7,11,27.299999999999997
National Chengchi University,Taiwan,Unknown,66.61073825503355,26,14.9,12,11,26.3
National Chung Hsing University,Taiwan,Unknown,66.61073825503355,30.36,15.5,6,11,29.5
National University of Computer and Emerging Sciences,Pakistan,Unknown,66.61073825503355,39.68,24,3,11,34.550000000000004
National Institute of Technology Warangal,India,Unknown,66.61073825503355,35.919999999999995,19.8,5,11,32.199999999999996
Necmettin Erbakan University,Turkey,Unknown,66.61073825503355,29.04,12.8,13,11,26.55
Nicolaus Copernicus University in ToruÅ,Poland,Unknown,66.61073825503355,31.240000000000002,12,5,11,29.55
Niigata University,Japan,Unknown,66.61073825503355,31.08,7.2,3,11,28.4
Nile University,Egypt,Unknown,66.61073825503355,41.14,14.4,2,11,36.5
Nippon Medical School,Japan,Unknown,66.61073825503355,38.54,0.9,0,11,33.9
Northwest University,China,Unknown,66.61073825503355,37.019999999999996,13.3,1,11,33.4
Oakland University,United States,Unknown,66.61073825503355,33.06,17.6,4,11,30.2
Ãbuda University,Hungary,Unknown,66.61073825503355,39.980000000000004,34.4,7,11,36.05
"University of Occupational and Environmental Health, Japan",Japan,Unknown,66.61073825503355,37.559999999999995,2.5,1,11,33.25
University of PÃ©cs,Hungary,Unknown,66.61073825503355,24.54,13.7,24,11,23.2
University of Peradeniya,Sri Lanka,Unknown,66.61073825503355,38.839999999999996,13.9,1,11,33.9
Universidad Peruana Cayetano Heredia,Peru,Unknown,66.61073825503355,37.14,15.6,1,11,33.1
University of Peshawar,Pakistan,Unknown,66.61073825503355,41.480000000000004,42.7,0,11,36.6
Plekhanov Russian University of Economics,Russia,Unknown,66.61073825503355,31.98,9.1,15,11,28.8
PMAS Arid Agriculture University Rawalpindi,Pakistan,Unknown,66.61073825503355,36.86,44.7,0,11,32.6
Pondicherry University,India,Unknown,66.61073825503355,30.339999999999996,21.5,1,11,28.349999999999998
Pontifical Catholic University of Rio Grande do Sul (PUCRS),Brazil,Unknown,66.61073825503355,32.14,21.1,1,11,29.599999999999998
Poznan University of Medical Sciences,Poland,Unknown,66.61073825503355,30.080000000000002,6,11,11,27.3
Public University of Navarre,Spain,Unknown,66.61073825503355,35.42,11.8,6,11,31.9
University of Rajshahi,Bangladesh,Unknown,66.61073825503355,39.3,20.4,0,11,34.3
Razi University,Iran,Unknown,66.61073825503355,31.520000000000003,22.9,4,11,28.6
Riga Technical University,Latvia,Unknown,66.61073825503355,28.759999999999998,31.7,22,11,27.95
Riphah International University,Pakistan,Unknown,66.61073825503355,44.099999999999994,18.4,0,11,38.349999999999994
Rowan University,United States,Unknown,66.61073825503355,32.5,14.5,3,11,29.15
Sahand University of Technology,Iran,Unknown,66.61073825503355,40.28,27.2,1,11,36
Universidad San Francisco de Quito,Ecuador,Unknown,66.61073825503355,33.779999999999994,10.2,2,11,30
University of Sargodha,Pakistan,Unknown,66.61073825503355,35.059999999999995,24.3,0,11,31.2
Semnan University,Iran,Unknown,66.61073825503355,35.540000000000006,15.1,1,11,31.75
University of Sfax,Tunisia,Unknown,66.61073825503355,29.86,12.6,3,11,27.2
âShahid Chamran University of Ahvaz,Iran,Unknown,66.61073825503355,28.42,25.2,5,11,26.9
Shahrekord University,Iran,Unknown,66.61073825503355,38.879999999999995,20.3,0,11,34.65
Shahrood University of Technology,Iran,Unknown,66.61073825503355,38.32,20.7,1,11,34.8
Shanghai Maritime University,China,Unknown,66.61073825503355,36.2,16.7,2,11,32.3
Shinshu University,Japan,Unknown,66.61073825503355,27.96,10.4,3,11,26.3
Siberian Federal University,Russia,Unknown,66.61073825503355,25.819999999999997,18.3,13,11,25.549999999999997
Sidi Mohamed Ben Abdellah University,Morocco,Unknown,66.61073825503355,34.88,55.6,1,11,30.950000000000003
University of Social Welfare and Rehabilitation Sciences,Iran,Unknown,66.61073825503355,28.12,10.8,2,11,26.75
University of South Africa,South Africa,Unknown,66.61073825503355,38.019999999999996,114.2,3,11,34.9
University of South Bohemia in ÄeskÃ© BudÄjovice,Czechia,Unknown,66.61073825503355,37.879999999999995,14.6,7,11,34.6
University of South Dakota,United States,Unknown,66.61073825503355,26.52,16,3,11,24.75
University of the South Pacific,Fiji,Unknown,66.61073825503355,39.14,36.9,1,11,35.55
University of South Wales,United Kingdom,Unknown,66.61073825503355,29.92,16,21,11,26.9
Staffordshire University,United Kingdom,Unknown,66.61073825503355,33.4,17.6,12,11,29.75
Suez University,Egypt,Unknown,66.61073825503355,45.86,20.3,2,11,39.6
Suez Canal University,Egypt,Unknown,66.61073825503355,38.080000000000005,13.1,1,11,33.2
SWPS University,Poland,Unknown,66.61073825503355,38.36,39,7,11,34.7
Symbiosis International University,India,Unknown,66.61073825503355,42.459999999999994,13,6,11,37.4
University of Szeged,Hungary,Unknown,66.61073825503355,30.62,12.3,20,11,28.15
Taibah University,Saudi Arabia,Unknown,66.61073825503355,36.6,24.4,2,11,32.2
Tallinn University,Estonia,Unknown,66.61073825503355,34.76,9.9,14,11,32.8
Tanta University,Egypt,Unknown,66.61073825503355,41.2,17.3,1,11,35.85
Technical University of Cartagena,Spain,Unknown,66.61073825503355,30.82,10.1,8,11,27.799999999999997
Technological University Dublin,Ireland,Unknown,66.61073825503355,32.6,18.7,18,11,29.35
University of Technology of Troyes,France,Unknown,66.61073825503355,22.220000000000002,20.1,22,11,20.5
Teesside University,United Kingdom,Unknown,66.61073825503355,36.86,19.4,25,11,32.9
Texas State University,United States,Unknown,66.61073825503355,35.08,20,1,11,31.9
TOBB University of Economics and Technology,Turkey,Unknown,66.61073825503355,34.64,14.3,1,11,31.25
Tokyo Metropolitan University,Japan,Unknown,66.61073825503355,30,10.9,7,11,27.700000000000003
Toyohashi University of Technology (TUT),Japan,Unknown,66.61073825503355,24.42,10.8,15,11,24.35
Toyota Technological Institute,Japan,Unknown,66.61073825503355,29.52,9.7,1,11,27.299999999999997
Universiti Tunku Abdul Rahman (UTAR),Malaysia,Unknown,66.61073825503355,35.7,17.2,9,11,32.6
Universiti Malaysia Terengganu (UMT),Malaysia,Unknown,66.61073825503355,36.04,16.8,5,11,33.15
Ural Federal University,Russia,Unknown,66.61073825503355,31.18,14,16,11,30.3
University of Urbino Carlo Bo,Italy,Unknown,66.61073825503355,38.44,39,6,11,35
Urmia University of Technology,Iran,Unknown,66.61073825503355,42.66,30.7,0,11,38.35
USAMV Cluj-Napoca,Romania,Unknown,66.61073825503355,36.339999999999996,17.7,7,11,31.8
Wakayama Medical University,Japan,Unknown,66.61073825503355,34.78,4.3,0,11,31.1
Western Michigan University,United States,Unknown,66.61073825503355,30.36,21.3,8,11,28.150000000000002
The University of the West Indies,Jamaica,Unknown,66.61073825503355,35.86,16.3,1,11,31.85
University of West London,United Kingdom,Unknown,66.61073825503355,32.559999999999995,12.9,45,11,28.75
University of Winchester,United Kingdom,Unknown,66.61073825503355,36.82,17.4,10,11,33.4
University of WrocÅaw,Poland,Unknown,66.61073825503355,31.9,15.1,7,11,30.9
Yazd University,Iran,Unknown,66.61073825503355,33.74,29.7,3,11,31
University of Zagreb,Croatia,Unknown,66.61073825503355,33.18,14.8,3,11,30.3
Zewail City of Science and Technology,Egypt,Unknown,66.61073825503355,39.26,9.8,0,11,35.6
Zhejiang University of Finance and Economics,China,Unknown,66.61073825503355,45.519999999999996,22.5,3,11,40.15
University of Å½ilina,Slovakia,Unknown,66.61073825503355,36.120000000000005,14,3,11,33.1
Acharya Nagarjuna University,India,Unknown,66.61073825503355,16.56,7.3,7,11,15.399999999999999
Adolfo IbÃ¡Ã±ez University,Chile,Unknown,66.61073825503355,30.48,25,5,11,28.3
"The University of Agriculture, Peshawar",Pakistan,Unknown,66.61073825503355,25.979999999999997,35.3,1,11,23.35
Universitas Airlangga,Indonesia,Unknown,66.61073825503355,24.139999999999997,7.2,3,11,22.2
Al-Farabi Kazakh National University,Kazakhstan,Unknown,66.61073825503355,20.700000000000003,5.9,10,11,19.1
Allameh Tabataba âi University,Iran,Unknown,66.61073825503355,22.779999999999998,29.7,3,11,21.35
Al-Nahrain University,Iraq,Unknown,66.61073825503355,23.94,5.9,0,11,21.4
University of Al-Qadisiyah,Iraq,Unknown,66.61073825503355,36.12,16.4,0,11,31.4
Anadolu University,Turkey,Unknown,66.61073825503355,29.440000000000005,17,8,11,26.5
"University of the Andes, Chile",Chile,Unknown,66.61073825503355,24.34,17.9,2,11,22.9
University of Antofagasta,Chile,Unknown,66.61073825503355,34.78,15.9,2,11,30.55
University of Antioquia,Colombia,Unknown,66.61073825503355,28.22,21.1,0,11,26.9
"Arab Academy for Science, Technology and Maritime Transport",Egypt,Unknown,66.61073825503355,24.66,13.9,10,11,22.6
Ariel University,Israel,Unknown,66.61073825503355,29.759999999999998,21.4,0,11,27.95
Assiut University,Egypt,Unknown,66.61073825503355,33.12,22.1,1,11,29.4
AtatÃ¼rk University,Turkey,Unknown,66.61073825503355,33.68,31,4,11,30.85
AtÄ±lÄ±m University,Turkey,Unknown,66.61073825503355,26.919999999999998,13.5,7,11,24.049999999999997
Austral University of Chile,Chile,Unknown,66.61073825503355,23.999999999999996,16.4,1,11,22.45
Autonomous University of Sinaloa,Mexico,Unknown,66.61073825503355,32.86,21.8,1,11,29.400000000000002
University of Babylon,Iraq,Unknown,66.61073825503355,31.66,14.9,0,11,27.75
Banasthali University,India,Unknown,66.61073825503355,23.52,16.8,4,11,21.549999999999997
Bandung Institute of Technology (ITB),Indonesia,Unknown,66.61073825503355,24.36,15.3,3,11,23.15
Bayero University,Nigeria,Unknown,66.61073825503355,29.8,25.4,0,11,26.450000000000003
Belarusian State University,Belarus,Unknown,66.61073825503355,14.8,7.6,19,11,14.25
BezmiÃ¢lem Vakif University,Turkey,Unknown,66.61073825503355,20.9,11.8,5,11,19.4
BINUS University,Indonesia,Unknown,66.61073825503355,29.38,14.2,4,11,27.35
University of Botswana,Botswana,Unknown,66.61073825503355,33.58,21.8,4,11,30.35
Botswana International University of Science and Technology (BIUST),Botswana,Unknown,66.61073825503355,25.46,8.8,8,11,23.05
Instituto PolitÃ©cnico de BraganÃ§a,Portugal,Unknown,66.61073825503355,30.96,20.6,34,11,28.05
University of BrasÃ­lia,Brazil,Unknown,66.61073825503355,23.18,13.6,1,11,21.8
The British University in Egypt,Egypt,Unknown,66.61073825503355,32.42,14.8,3,11,28.6
B. S. Abdur Rahman Crescent Institute of Science and Technology,India,Unknown,66.61073825503355,30.12,18.3,0,11,26.75
Bu-Ali Sina University,Iran,Unknown,66.61073825503355,32.279999999999994,24.1,1,11,29.65
Budapest University of Technology and Economics,Hungary,Unknown,66.61073825503355,28.799999999999997,16.9,13,11,27.049999999999997
University of Burgos,Spain,Unknown,66.61073825503355,30.9,13.5,5,11,28.200000000000003
Cardiff Metropolitan University,United Kingdom,Unknown,66.61073825503355,26,18.1,20,11,23.799999999999997
Universidad de Cartagena,Colombia,Unknown,66.61073825503355,37.72,21.3,1,11,32.949999999999996
University of Carthage,Tunisia,Unknown,66.61073825503355,22.68,10.1,1,11,20.55
Universidad CatÃ³lica San Antonio de Murcia (UCAM),Spain,Unknown,66.61073825503355,26.060000000000002,19.5,15,11,24.1
Chang Gung University of Science and Technology,Taiwan,Unknown,66.61073825503355,29.12,25.6,1,11,27.1
University of Chester,United Kingdom,Unknown,66.61073825503355,23.38,18.9,17,11,21.65
Chosun University,South Korea,Unknown,66.61073825503355,23.32,24.5,3,11,22.9
Christ University,India,Unknown,66.61073825503355,30.599999999999998,20.7,2,11,27.15
Chungbuk National University,South Korea,Unknown,66.61073825503355,26.419999999999998,14,5,11,25.549999999999997
Chung Shan Medical University,Taiwan,Unknown,66.61073825503355,24.2,17.2,4,11,23.5
Cochin University of Science and Technology,India,Unknown,66.61073825503355,23.24,16.2,1,11,22.7
University of ConcepciÃ³n,Chile,Unknown,66.61073825503355,29.48,18.2,2,11,27.3
University of Costa Rica,Costa Rica,Unknown,66.61073825503355,29.44,14.8,2,11,26.05
Cukurova University,Turkey,Unknown,66.61073825503355,25.08,15.4,4,11,24.799999999999997
Del Rosario University,Colombia,Unknown,66.61073825503355,21.72,10.5,2,11,20.35
University of Diyala,Iraq,Unknown,66.61073825503355,29.86,17.9,0,11,26.25
Dokuz EylÃ¼l University,Turkey,Unknown,66.61073825503355,22.58,23.7,3,11,21.85
Dow University of Health Sciences,Pakistan,Unknown,66.61073825503355,31.9,7.7,3,11,28.25
Duzce University,Turkey,Unknown,66.61073825503355,34.78,33.4,9,11,32.3
Universidade Eduardo Mondlane,Mozambique,Unknown,66.61073825503355,37.78,28.7,0,11,33.050000000000004
"University of Education, Lahore",Pakistan,Unknown,66.61073825503355,37.78,30.6,0,11,33
Ege University,Turkey,Unknown,66.61073825503355,24.919999999999998,20.3,4,11,23.549999999999997
Ehime University,Japan,Unknown,66.61073825503355,22.7,11.3,2,11,21.4
The University of Electro-Communications,Japan,Unknown,66.61073825503355,26.119999999999997,15.5,5,11,25.549999999999997
Erciyes University,Turkey,Unknown,66.61073825503355,28.1,37.2,6,11,26.1
Escuela Superior PolitÃ©cnica del Litoral,Ecuador,Unknown,66.61073825503355,23.18,10.4,1,11,20.9
Universidade do Estado do Rio de Janeiro (UERJ),Brazil,Unknown,66.61073825503355,20.16,9.4,0,11,19.05
Far Eastern Federal University,Russia,Unknown,66.61073825503355,20.44,12.9,21,11,20.3
Universidade Federal do ABC (UFABC),Brazil,Unknown,66.61073825503355,31.700000000000003,25.3,1,11,29.35
Universidade Federal da Bahia,Brazil,Unknown,66.61073825503355,23.220000000000002,19.9,0,11,21.4
Universidade Federal do CearÃ¡ (UFC),Brazil,Unknown,66.61073825503355,21.4,19.8,1,11,20.6
Federal University of EspÃ­rito Santo,Brazil,Unknown,66.61073825503355,21.34,13.3,1,11,20.4
Federal University of GoiÃ¡s,Brazil,Unknown,66.61073825503355,21.24,13.3,1,11,20
Federal University of Lavras,Brazil,Unknown,66.61073825503355,22.68,18.3,1,11,21.700000000000003
Universidade Federal do ParanÃ¡ (UFPR),Brazil,Unknown,66.61073825503355,24.02,15.6,1,11,22.75
Federal University of Pernambuco,Brazil,Unknown,66.61073825503355,20.380000000000003,12.8,0,11,19.200000000000003
Federal University of Rio Grande do Norte (UFRN),Brazil,Unknown,66.61073825503355,22.88,16.7,0,11,20.950000000000003
Federal University of Santa Maria,Brazil,Unknown,66.61073825503355,27.279999999999998,14.6,1,11,24.9
Federal University of UberlÃ¢ndia,Brazil,Unknown,66.61073825503355,26.740000000000002,14.1,1,11,24.4
Federal University of ViÃ§osa,Brazil,Unknown,66.61073825503355,19.6,9.7,2,11,18.75
Federico Santa MarÃ­a Technical University,Chile,Unknown,66.61073825503355,26.040000000000003,29.7,3,11,23.5
Feng Chia University,Taiwan,Unknown,66.61073825503355,22.86,23.3,7,11,22.2
Ferhat Abbas SÃ©tif University 1,Algeria,Unknown,66.61073825503355,33.76,22.8,1,11,29.55
University of La Frontera,Chile,Unknown,66.61073825503355,24.540000000000003,23.2,1,11,22.5
Universitas Gadjah Mada,Indonesia,Unknown,66.61073825503355,20.94,8.2,6,11,20.75
Gazi University,Turkey,Unknown,66.61073825503355,27.220000000000002,17,3,11,25.85
University of GdaÅsk,Poland,Unknown,66.61073825503355,24.400000000000002,12,2,11,22.8
Gebze Technical University,Turkey,Unknown,66.61073825503355,28.08,24.5,2,11,25.700000000000003
"George Emil Palade University of Medicine, Pharmacy, Science, and Technology of Targu Mures",Romania,Unknown,66.61073825503355,26.36,17,13,11,23.85
Georgia Southern University,United States,Unknown,66.61073825503355,30.560000000000002,18,3,11,27.400000000000002
German Jordanian University,Jordan,Unknown,66.61073825503355,28.92,12.8,11,11,26
Government College University Lahore,Pakistan,Unknown,66.61073825503355,26.92,17.6,0,11,24.35
University of Guilan,Iran,Unknown,66.61073825503355,34.72,34.3,1,11,31.85
Gunma University,Japan,Unknown,66.61073825503355,18.1,7.6,4,11,17.45
Guru Jambheshwar University of Science and Technology,India,Unknown,66.61073825503355,28.04,19.6,0,11,24.849999999999998
Gyeongsang National University,South Korea,Unknown,66.61073825503355,26.759999999999998,12.5,2,11,25.3
Hallym University,South Korea,Unknown,66.61073825503355,27,9.3,4,11,25.8
Halmstad University,Sweden,Unknown,66.61073825503355,30.840000000000003,20,6,11,28.5
The Hashemite University,Jordan,Unknown,66.61073825503355,30.04,23,7,11,27.4
UniversitÃ© Hassan II de Casablanca,Morocco,Unknown,66.61073825503355,27.619999999999997,35.7,2,11,24.549999999999997
UniversitÃ© Polytechnique Hauts-de-France,France,Unknown,66.61073825503355,25.44,27.9,12,11,22.65
Helwan University,Egypt,Unknown,66.61073825503355,26.839999999999996,22.4,2,11,23.849999999999998
University of Hormozgan,Iran,Unknown,66.61073825503355,28.2,24.4,0,11,25.85
University of Hradec KrÃ¡lovÃ©,Czechia,Unknown,66.61073825503355,30.559999999999995,12.8,3,11,28
Hungarian University of Agriculture and Life Sciences,Hungary,Unknown,66.61073825503355,24.14,11.6,16,11,22.05
Hyogo Medical University,Japan,Unknown,66.61073825503355,27.299999999999997,4.6,1,11,25
Ibn TofaÃ¯l University,Morocco,Unknown,66.61073825503355,32.08,88.7,3,11,28.9
Ilam University,Iran,Unknown,66.61073825503355,35.66,199.9,2,11,31.85
Ilia State University,Georgia,Unknown,66.61073825503355,32.620000000000005,13.4,4,11,28.85
University of Ilorin,Nigeria,Unknown,66.61073825503355,32.02,39.2,0,11,28.5
Immanuel Kant Baltic Federal University,Russia,Unknown,66.61073825503355,17.66,17.1,19,11,17.85
Incheon National University,South Korea,Unknown,66.61073825503355,29.06,15.7,3,11,27.1
Indian Institute of Science Education and Research Bhopal,India,Unknown,66.61073825503355,20.3,14.3,0,11,19.35
IPB University,Indonesia,Unknown,66.61073825503355,18.44,6.8,3,11,17
I-Shou University,Taiwan,Unknown,66.61073825503355,25.16,27.9,15,11,24.5
Istanbul Bilgi University,Turkey,Unknown,66.61073825503355,30.24,16,14,11,27.15
Istanbul Medeniyet University,Turkey,Unknown,66.61073825503355,38.82,18.7,2,11,34.3
Ivan Franko National University of Lviv,Ukraine,Unknown,66.61073825503355,10.2,10.7,2,11,10.25
Izmir Institute of Technology,Turkey,Unknown,66.61073825503355,22.72,18.6,3,11,21.45
Jeju National University,South Korea,Unknown,66.61073825503355,28.68,17.2,6,11,27.1
Jiangsu Normal University,China,Unknown,66.61073825503355,33.42,15,2,11,30
The Jikei University School of Medicine,Japan,Unknown,66.61073825503355,28.62,0.9,0,11,25.65
The John Paul II Catholic University of Lublin,Poland,Unknown,66.61073825503355,26.78,9.6,9,11,24.700000000000003
Kagawa University,Japan,Unknown,66.61073825503355,21.599999999999998,9.6,2,11,20.15
Kagoshima University,Japan,Unknown,66.61073825503355,19.799999999999997,10.1,3,11,18.75
Kangwon National University,South Korea,Unknown,66.61073825503355,28.199999999999996,21.6,3,11,27.15
KarabÃ¼k University,Turkey,Unknown,66.61073825503355,38.08,42.4,24,11,33.300000000000004
Karunya Institute of Technology and Sciences,India,Unknown,66.61073825503355,34.4,16.5,0,11,30.9
Kaunas University of Technology,Lithuania,Unknown,66.61073825503355,29.52,13.3,8,11,27.15
Kharazmi University,Iran,Unknown,66.61073825503355,27.84,16.8,3,11,25.5
Kharkiv Aviation Institute,Ukraine,Unknown,66.61073825503355,30.38,12,12,11,26.85
Khon Kaen University,Thailand,Unknown,66.61073825503355,27.580000000000002,17.2,2,11,25.6
Khulna University,Bangladesh,Unknown,66.61073825503355,31.939999999999998,13.9,0,11,28.2
King Mongkut's University of Technology North Bangkok,Thailand,Unknown,66.61073825503355,35.62,23.3,0,11,31.799999999999997
Kitasato University,Japan,Unknown,66.61073825503355,21.880000000000003,5.2,0,11,20.15
KL University,India,Unknown,66.61073825503355,35.64,14.6,2,11,31.55
Kyoto Institute of Technology,Japan,Unknown,66.61073825503355,15.96,13.8,6,11,16.15
Kyushu Institute of Technology (Kyutech),Japan,Unknown,66.61073825503355,25.08,16,5,11,23.5
University of Lethbridge,Canada,Unknown,66.61073825503355,24.36,13.4,12,11,22.65
Lodz University of Technology,Poland,Unknown,66.61073825503355,26.919999999999998,13.1,5,11,25.049999999999997
Universidad Loyola,Spain,Unknown,66.61073825503355,28.72,12.1,4,11,26.1
"LumiÃ¨re University, Lyon 2",France,Unknown,66.61073825503355,22.38,50.4,18,11,21.75
Universidade LusÃ³fona,Portugal,Unknown,66.61073825503355,24.860000000000003,6.4,18,11,22.150000000000002
Universiti Malaysia Perlis,Malaysia,Unknown,66.61073825503355,32.599999999999994,13.6,3,11,29.25
Manipal University Jaipur,India,Unknown,66.61073825503355,36.81999999999999,14.9,3,11,33.05
University of Manouba,Tunisia,Unknown,66.61073825503355,30.2,14.5,2,11,26.700000000000003
University of Maribor,Slovenia,Unknown,66.61073825503355,31.239999999999995,14.4,11,11,28.849999999999998
University of Marrakech Cadi Ayyad,Morocco,Unknown,66.61073825503355,26.5,45.9,1,11,24
University of Mauritius,Mauritius,Unknown,66.61073825503355,32.54,22.8,1,11,29.349999999999998
Medical University of Lublin,Poland,Unknown,66.61073825503355,23.220000000000002,5.7,16,11,21.4
Medical University of Silesia in Katowice,Poland,Unknown,66.61073825503355,23.62,7.3,5,11,21.75
Medical University of Sofia,Bulgaria,Unknown,66.61073825503355,22.14,5.7,44,11,20.7
University of Medicine and Pharmacy of Craiova,Romania,Unknown,66.61073825503355,26.28,9.8,14,11,23.55
Mendel University in Brno,Czechia,Unknown,66.61073825503355,29.839999999999996,16.3,17,11,28.099999999999998
Metropolitan Autonomous University,Mexico,Unknown,66.61073825503355,23.240000000000002,42.1,1,11,23.35
Mie University,Japan,Unknown,66.61073825503355,19.9,8.3,3,11,18.9
Mohammed V University of Rabat,Morocco,Unknown,66.61073825503355,25.32,41.7,3,11,23.6
University of Monastir,Tunisia,Unknown,66.61073825503355,25.76,8.5,2,11,23.150000000000002
Morgan State University,United States,Unknown,66.61073825503355,22.56,14.6,7,11,20.9
Moscow Aviation Institute,Russia,Unknown,66.61073825503355,21.599999999999998,12.8,12,11,20.4
Moscow Power Engineering Institute,Russia,Unknown,66.61073825503355,19.56,20.7,14,11,19.35
Multimedia University,Malaysia,Unknown,66.61073825503355,22.599999999999998,16.3,9,11,21
Mutah University,Jordan,Unknown,66.61073825503355,21.16,15.5,18,11,19.55
Nagaoka University of Technology,Japan,Unknown,66.61073825503355,18.5,10.2,12,11,18.15
Nagasaki University,Japan,Unknown,66.61073825503355,23.02,6.7,5,11,21.65
Nagoya Institute of Technology,Japan,Unknown,66.61073825503355,21.92,16.1,5,11,21.65
University of Nairobi,Kenya,Unknown,66.61073825503355,31.78,34.5,2,11,28.25
University of Namibia,Namibia,Unknown,66.61073825503355,34.22,21.6,3,11,29.95
National Changhua University of Education,Taiwan,Unknown,66.61073825503355,19.480000000000004,15,8,11,19.200000000000003
National Chin-Yi University of Technology,Taiwan,Unknown,66.61073825503355,26.479999999999997,22.7,6,11,26.25
National Chung Cheng University,Taiwan,Unknown,66.61073825503355,23.880000000000003,15.6,4,11,23.6
National University of Colombia,Colombia,Unknown,66.61073825503355,27.700000000000003,22,1,11,25.35
National University of Distance Education (UNED),Spain,Unknown,66.61073825503355,30.239999999999995,67.5,4,11,28.349999999999998
National Dong Hwa University,Taiwan,Unknown,66.61073825503355,25.3,18.6,9,11,25.05
National Institute of Technology Srinagar,India,Unknown,66.61073825503355,31.700000000000003,15.9,0,11,28.200000000000003
National Kaohsiung University of Science and Technology,Taiwan,Unknown,66.61073825503355,29.12,33.1,3,11,27.65
National Research University of Electronic Technology (MIET),Russia,Unknown,66.61073825503355,12.379999999999999,9.5,7,11,12.8
National Taiwan Ocean University,Taiwan,Unknown,66.61073825503355,28.119999999999997,16.2,8,11,27.6
National Technical University Kharkiv Polytechnic Institute,Ukraine,Unknown,66.61073825503355,12.54,7.9,14,11,11.95
National Technical University of Ukraine â Igor Sikorsky Kyiv Polytechnic Institute,Ukraine,Unknown,66.61073825503355,13.56,8,3,11,12.95
University of Nigeria Nsukka,Nigeria,Unknown,66.61073825503355,22.42,11.7,1,11,20.45
Ochanomizu University,Japan,Unknown,66.61073825503355,18.419999999999998,14.5,6,11,18.1
Oles Honchar Dnipro National University,Ukraine,Unknown,66.61073825503355,8.040000000000001,10.1,2,11,8.2
Opole University of Technology,Poland,Unknown,66.61073825503355,27.9,13.7,6,11,25.549999999999997
University of Oradea,Romania,Unknown,66.61073825503355,26.84,17.5,6,11,24.8
Osaka Metropolitan University,Japan,Unknown,66.61073825503355,25.36,11.5,4,11,24.25
Osmania University,India,Unknown,66.61073825503355,25.18,25.7,3,11,23.700000000000003
Paris Nanterre University,France,Unknown,66.61073825503355,23.46,23.4,16,11,22.35
University of Pau and Pays de lâAdour,France,Unknown,66.61073825503355,17.92,13.9,15,11,17
Pavol Jozef Å afÃ¡rik University in KoÅ¡ice,Slovakia,Unknown,66.61073825503355,14.34,10.3,24,11,13.65
Persian Gulf University,Iran,Unknown,66.61073825503355,32.94,23.1,5,11,29.8
University of the Philippines,Philippines,Unknown,66.61073825503355,29.340000000000003,11.1,0,11,27
Pirogov Russian National Research Medical University,Russia,Unknown,66.61073825503355,14.02,6.9,4,11,13.9
Polytechnic Institute of Porto,Portugal,Unknown,66.61073825503355,34.519999999999996,16.9,5,11,30.75
Pontifical Catholic University of Peru,Peru,Unknown,66.61073825503355,21.740000000000002,7.3,1,11,19.75
Pontifical Catholic University of ValparaÃ­so,Chile,Unknown,66.61073825503355,26.519999999999996,26.2,1,11,24.95
Pontifical Javeriana University,Colombia,Unknown,66.61073825503355,27.04,12.9,2,11,24.45
PontifÃ­cia Universidade CatÃ³lica do ParanÃ¡,Brazil,Unknown,66.61073825503355,25.7,13,1,11,23.549999999999997
Port Said University,Egypt,Unknown,66.61073825503355,35.62,28.3,0,11,31.1
PoznaÅ University of Life Sciences,Poland,Unknown,66.61073825503355,31.64,8.5,6,11,28.25
Poznan University of Technology,Poland,Unknown,66.61073825503355,26.74,11.4,6,11,24.45
Prince of Songkla University,Thailand,Unknown,66.61073825503355,25.48,12.9,2,11,23.700000000000003
University of Puerto Rico,Puerto Rico,Unknown,66.61073825503355,29.04,15.2,1,11,26.099999999999998
Pukyong National University,South Korea,Unknown,66.61073825503355,22.659999999999997,11.4,10,11,21.2
University of Qom,Iran,Unknown,66.61073825503355,25.9,43,33,11,23.6
University Rey Juan Carlos,Spain,Unknown,66.61073825503355,36.08,19.4,6,11,32.300000000000004
Rikkyo University,Japan,Unknown,66.61073825503355,24.119999999999997,14.4,4,11,21.65
Ritsumeikan University,Japan,Unknown,66.61073825503355,22,17.4,10,11,20.65
UniversitÃ© Saint-Joseph de Beyrouth,Lebanon,Unknown,66.61073825503355,18.88,10.9,7,11,17.55
Saitama Medical University,Japan,Unknown,66.61073825503355,27.7,1.4,0,11,24.799999999999997
Sakarya University,Turkey,Unknown,66.61073825503355,31.479999999999997,26.6,7,11,28
Samara National Research University (Samara University),Russia,Unknown,66.61073825503355,19,10.7,14,11,18.3
Sapporo Medical University,Japan,Unknown,66.61073825503355,25.02,3.3,0,11,23
SASTRA University,India,Unknown,66.61073825503355,31.52,13.1,3,11,28.15
Sathyabama Institute of Science and Technology,India,Unknown,66.61073825503355,25.02,10.6,5,11,22.5
Universitas Sebelas Maret,Indonesia,Unknown,66.61073825503355,28.060000000000002,16.9,2,11,26.6
SelÃ§uk University,Turkey,Unknown,66.61073825503355,27.78,14,8,11,25.55
Semnan University of Medical Sciences and Health Services,Iran,Unknown,66.61073825503355,31.92,7.9,7,11,28.35
Seoul National University of Science and Technology (SeoulTech),South Korea,Unknown,66.61073825503355,27.660000000000004,13.8,9,11,26.400000000000002
University of La Serena,Chile,Unknown,66.61073825503355,33.48,26.4,1,11,29.55
Shahid Bahonar University of Kerman,Iran,Unknown,66.61073825503355,30.56,22.1,1,11,27.75
Shahid Sadoughi University of Medical Sciences,Iran,Unknown,66.61073825503355,16.72,13,2,11,15.7
Shahjalal University of Science and Technology,Bangladesh,Unknown,66.61073825503355,29.4,17.8,0,11,25.9
University of Shanghai for Science and Technology,China,Unknown,66.61073825503355,28.84,10.5,2,11,25.95
Shibaura Institute of Technology,Japan,Unknown,66.61073825503355,21.42,29.7,5,11,21.200000000000003
Shiga University of Medical Science,Japan,Unknown,66.61073825503355,24.5,3.2,4,11,22.549999999999997
Showa University,Japan,Unknown,66.61073825503355,25.42,1.6,0,11,22.9
Silesian University of Technology,Poland,Unknown,66.61073825503355,29.879999999999995,12,4,11,27.5
UniversitÃ© de Skikda,Algeria,Unknown,66.61073825503355,33.82,29.4,0,11,29.45
Slovak University of Agriculture in Nitra,Slovakia,Unknown,66.61073825503355,21.319999999999997,11.9,5,11,19.799999999999997
Sohag University,Egypt,Unknown,66.61073825503355,35.7,27.6,0,11,31.25
Soonchunhyang University,South Korea,Unknown,66.61073825503355,29.96,21.4,6,11,29.2
Soongsil University,South Korea,Unknown,66.61073825503355,21.060000000000002,18.6,12,11,20.05
UniversitÃ© Sorbonne Nouvelle,France,Unknown,66.61073825503355,18.6,23.7,26,11,18.05
University of Sousse,Tunisia,Unknown,66.61073825503355,22.96,13.7,2,11,20.85
University of South China,China,Unknown,66.61073825503355,22.18,7.4,2,11,20.8
Southern Federal University,Russia,Unknown,66.61073825503355,18.56,11.3,11,11,17.85
South Valley University,Egypt,Unknown,66.61073825503355,35.66,33,1,11,31.25
Southwest Petroleum University,China,Unknown,66.61073825503355,29.019999999999996,15.9,2,11,26.7
University of Split,Croatia,Unknown,66.61073825503355,35.02,15.7,2,11,31.5
Sri Venkateswara University,India,Unknown,66.61073825503355,18.68,15,0,11,17.450000000000003
SRM Institute of Science and Technology,India,Unknown,66.61073825503355,35.56,15.5,2,11,31.55
Åtefan cel Mare University of Suceava,Romania,Unknown,66.61073825503355,34.78,22.9,14,11,31.15
St Marianna University School of Medicine,Japan,Unknown,66.61073825503355,30.599999999999998,0.8,1,11,27.15
St Petersburg Electrotechnical University (LETI),Russia,Unknown,66.61073825503355,20.24,13.6,20,11,19.6
Universiti Sultan Zainal Abidin,Malaysia,Unknown,66.61073825503355,27.68,17.7,7,11,24.950000000000003
University of Sunderland,United Kingdom,Unknown,66.61073825503355,28.080000000000002,16,42,11,25.05
Suranaree University of Technology,Thailand,Unknown,66.61073825503355,24.979999999999997,26.2,1,11,24.299999999999997
Universitas Syiah Kuala,Indonesia,Unknown,66.61073825503355,34.66,20.4,0,11,30.45
University of Talca,Chile,Unknown,66.61073825503355,24.38,15.5,0,11,22.6
Tamkang University,Taiwan,Unknown,66.61073825503355,25.54,22.5,7,11,23.4
University of TarapacÃ¡,Chile,Unknown,66.61073825503355,34.66,31.8,4,11,32.05
Taras Shevchenko National University of Kyiv,Ukraine,Unknown,66.61073825503355,17.36,10.6,5,11,16.65
Technical University of Cluj-Napoca,Romania,Unknown,66.61073825503355,28.86,20.5,2,11,26.25
Technical University of Crete,Greece,Unknown,66.61073825503355,34.68,33.2,4,11,30.75
Technical University of KoÅ¡ice,Slovakia,Unknown,66.61073825503355,24.959999999999997,13.1,23,11,23.65
University of Technology of CompiÃ¨gne,France,Unknown,66.61073825503355,18.94,15.6,19,11,17.6
Universiti Teknikal Malaysia Melaka,Malaysia,Unknown,66.61073825503355,24.119999999999997,16.1,6,11,22
Institut Teknologi Sepuluh Nopember,Indonesia,Unknown,66.61073825503355,19.56,7.1,6,11,18.1
University of Texas Rio Grande Valley,United States,Unknown,66.61073825503355,30.46,21.7,2,11,26.8
Tezpur University,India,Unknown,66.61073825503355,22.86,15.3,1,11,21.6
Thammasat University,Thailand,Unknown,66.61073825503355,23.06,11.4,1,11,22.4
Thiagarajar College of Engineering,India,Unknown,66.61073825503355,28.699999999999996,18.3,0,11,25.4
Toho University,Japan,Unknown,66.61073825503355,26.220000000000002,13.7,0,11,24.35
Tokai University,Japan,Unknown,66.61073825503355,26.7,16,4,11,24.25
Tokushima University,Japan,Unknown,66.61073825503355,24.240000000000002,9.7,2,11,24.2
Tokyo University of Marine Science and Technology,Japan,Unknown,66.61073825503355,17.9,10.4,8,11,17.45
Tokyo University of Science,Japan,Unknown,66.61073825503355,26.28,24,4,11,26.25
Tomas Bata University in ZlÃ­n,Czechia,Unknown,66.61073825503355,27.479999999999997,20.1,11,11,26.4
University of Toyama,Japan,Unknown,66.61073825503355,23.36,10.6,3,11,21.9
Transilvania University of BraÈov,Romania,Unknown,66.61073825503355,34.48,20.4,1,11,30.65
Tribhuvan University,Nepal,Unknown,66.61073825503355,32.98,30.9,0,11,28.85
Tunghai University,Taiwan,Unknown,66.61073825503355,28.439999999999998,20.4,10,11,26.099999999999998
University of Tunis,Tunisia,Unknown,66.61073825503355,18.22,11.4,2,11,16.9
Tzu Chi University,Taiwan,Unknown,66.61073825503355,21.380000000000003,8.9,8,11,22.15
UNIR â International University of La Rioja,Spain,Unknown,66.61073825503355,28.36,36,37,11,25.95
Unisinos University,Brazil,Unknown,66.61073825503355,19.54,24.3,0,11,18.85
Universiti Tun Hussein Onn Malaysia (UTHM),Malaysia,Unknown,66.61073825503355,27.6,16.6,6,11,25.25
University of Valladolid,Spain,Unknown,66.61073825503355,28.5,10.7,6,11,26.15
Veltech University,India,Unknown,66.61073825503355,30.279999999999998,14.4,2,11,26.75
University of Venda,South Africa,Unknown,66.61073825503355,23.619999999999997,29.4,1,11,24.549999999999997
"Vietnam National University, Hanoi",Vietnam,Unknown,66.61073825503355,32.559999999999995,15.9,1,11,29
Vilnius Gediminas Technical University (Vilnius Tech),Lithuania,Unknown,66.61073825503355,28.119999999999997,12.3,11,11,26.15
"Visvesvaraya National Institute of Technology, Nagpur",India,Unknown,66.61073825503355,30.439999999999998,15.3,2,11,27.599999999999998
V.N. Karazin Kharkiv National University,Ukraine,Unknown,66.61073825503355,9.64,8.3,28,11,9.850000000000001
Volgograd State University,Russia,Unknown,66.61073825503355,25.86,10.5,5,11,23.7
VSB - Technical University of Ostrava,Czechia,Unknown,66.61073825503355,24.56,14.7,13,11,23.75
Vytautas Magnus University,Lithuania,Unknown,66.61073825503355,21.36,11.2,15,11,19.85
Walailak University,Thailand,Unknown,66.61073825503355,26.62,13.6,1,11,24.4
Warsaw University of Life Sciences â SGGW,Poland,Unknown,66.61073825503355,29.68,13.4,8,11,26.700000000000003
Warsaw University of Technology,Poland,Unknown,66.61073825503355,27.819999999999997,17.1,7,11,26.45
University of West Bohemia,Czechia,Unknown,66.61073825503355,28.32,14.8,5,11,26.6
University of Western Macedonia,Greece,Unknown,66.61073825503355,30.419999999999998,46.2,2,11,28.2
West University of TimiÅoara,Romania,Unknown,66.61073825503355,29.6,23.9,6,11,26.950000000000003
WrocÅaw University of Environmental and Life Sciences,Poland,Unknown,66.61073825503355,26.14,16.7,4,11,24.099999999999998
WrocÅaw University of Science and Technology,Poland,Unknown,66.61073825503355,26.82,19.8,4,11,25.25
Wuhan Textile University,China,Unknown,66.61073825503355,32.120000000000005,15.8,1,11,28.6
Xiangtan University,China,Unknown,66.61073825503355,35.76,20.6,0,11,32.45
Xuzhou Medical University,China,Unknown,66.61073825503355,32.62,18.6,3,11,29.9
Yamagata University,Japan,Unknown,66.61073825503355,21,8.8,2,11,20.05
Yamaguchi University,Japan,Unknown,66.61073825503355,18.2,10.9,5,11,17.4
University of Yamanashi,Japan,Unknown,66.61073825503355,20.78,6.2,5,11,19.5
Yarmouk University,Jordan,Unknown,66.61073825503355,30.06,28.3,11,11,27.2
Yasouj University,Iran,Unknown,66.61073825503355,37.17999999999999,25.8,0,11,33.4
Yokohama National University,Japan,Unknown,66.61073825503355,20.46,13.4,8,11,20.8
Yuan Ze University,Taiwan,Unknown,66.61073825503355,28.900000000000002,23,8,11,28.1
Yuriy Fedkovych Chernivtsi National University,Ukraine,Unknown,66.61073825503355,8.879999999999999,10.4,1,11,9.05
University of Zambia,Zambia,Unknown,66.61073825503355,31.4,24.6,2,11,27.799999999999997
University of Zanjan,Iran,Unknown,66.61073825503355,30.48,23.5,0,11,27.450000000000003
Zanjan University of Medical Sciences,Iran,Unknown,66.61073825503355,26.34,10.9,1,11,24.05
Zhejiang Chinese Medical University,China,Unknown,66.61073825503355,27.259999999999998,31,5,11,25.45
University of Zimbabwe,Zimbabwe,Unknown,66.61073825503355,27.46,22.5,0,11,25
UniversitÃ© 8 Mai 1945 Guelma,Algeria,Unknown,66.61073825503355,18.68,20.9,1,11,17
University Abdelhamid Ibn Badis Mostaganem,Algeria,Unknown,66.61073825503355,7.9799999999999995,19.5,1,11,7.949999999999999
Abdelmalek EssaÃ¢di University,Morocco,Unknown,66.61073825503355,21.939999999999998,91.8,1,11,19.9
University of Abou Bekr BelkaÃ¯d Tlemcen,Algeria,Unknown,66.61073825503355,10.56,21.3,1,11,10.3
AcÄ±badem University,Turkey,Unknown,66.61073825503355,18.42,5.7,3,11,17.35
Adelphi University,United States,Unknown,66.61073825503355,18.740000000000002,11.1,7,11,16.900000000000002
Afe Babalola University,Nigeria,Unknown,66.61073825503355,14.959999999999997,10.7,1,11,14.399999999999999
Akita University,Japan,Unknown,66.61073825503355,17.84,10.7,4,11,17.1
Aksaray University,Turkey,Unknown,66.61073825503355,17.62,22.2,8,11,16.15
Alexandru Ioan Cuza University,Romania,Unknown,66.61073825503355,23.8,22.3,8,11,21.85
Altai State University,Russia,Unknown,66.61073825503355,15.719999999999999,19,27,11,15.85
Alzahra University,Iran,Unknown,66.61073825503355,20.880000000000003,28.4,3,11,19.950000000000003
University of Anbar,Iraq,Unknown,66.61073825503355,27.1,15.5,0,11,24.1
Universitas Andalas,Indonesia,Unknown,66.61073825503355,14.98,22,1,11,14.6
"University of the Andes, Venezuela",Venezuela,Unknown,66.61073825503355,8.72,10.1,2,11,8.7
Andhra University,India,Unknown,66.61073825503355,15.379999999999999,14.8,5,11,14.55
Universidad AndrÃ©s Bello (UNAB),Chile,Unknown,66.61073825503355,24.259999999999998,18.4,2,11,21.95
Ankara University,Turkey,Unknown,66.61073825503355,22.94,27.6,6,11,21.05
Ankara Yildirim Beyazit University,Turkey,Unknown,66.61073825503355,18.900000000000002,23.3,12,11,17.85
Annamalai University,India,Unknown,66.61073825503355,15.84,13.6,0,11,14.8
Antonio NariÃ±o University,Colombia,Unknown,66.61073825503355,23.02,14.1,2,11,20.5
Aoyama Gakuin University,Japan,Unknown,66.61073825503355,9.8,12.2,3,11,9.65
Arak University,Iran,Unknown,66.61073825503355,24.1,18.7,5,11,21.950000000000003
Universidad AutÃ³noma de Ciudad JuÃ¡rez,Mexico,Unknown,66.61073825503355,9.32,15,2,11,9.1
Universidad AutÃ³noma de Coahuila,Mexico,Unknown,66.61073825503355,10.879999999999999,29.6,0,11,10.4
Universidad AutÃ³noma del Estado de Hidalgo,Mexico,Unknown,66.61073825503355,10.5,19.5,0,11,10.35
Universidad AutÃ³noma del Estado de Mexico (UAEMex),Mexico,Unknown,66.61073825503355,8.34,10.6,1,11,8.5
Universidad AutÃ³noma del Estado de Morelos,Mexico,Unknown,66.61073825503355,9.1,17.4,0,11,9.1
Universidad AutÃ³noma de Nuevo LeÃ³n (UANL),Mexico,Unknown,66.61073825503355,13.9,48,0,11,13.100000000000001
Universidad AutÃ³noma de QuerÃ©taro,Mexico,Unknown,66.61073825503355,15.66,45.2,1,11,14.8
Universidad AutÃ³noma de YucatÃ¡n,Mexico,Unknown,66.61073825503355,12.76,19.6,0,11,12.3
Autonomous University of Baja California,Mexico,Unknown,66.61073825503355,11.16,21.7,3,11,10.8
Badji Mokhtar University â Annaba,Algeria,Unknown,66.61073825503355,13.98,11.9,2,11,14.35
University of Baghdad,Iraq,Unknown,66.61073825503355,16.92,13.3,0,11,16.2
Baku State University,Azerbaijan,Unknown,66.61073825503355,11.719999999999999,13.2,2,11,11.2
BaÅkent University,Turkey,Unknown,66.61073825503355,14.3,13.3,3,11,13.95
University of Basrah,Iraq,Unknown,66.61073825503355,11.879999999999999,11.7,0,11,11.2
University of Batna 2,Algeria,Unknown,66.61073825503355,10.48,23.7,1,11,10.05
University of BÃ©jaÃ¯a,Algeria,Unknown,66.61073825503355,11.96,23.7,1,11,11.350000000000001
Belgorod State National Research University,Russia,Unknown,66.61073825503355,11.84,15.6,20,11,12.149999999999999
BenemÃ©rita Universidad AutÃ³noma de Puebla,Mexico,Unknown,66.61073825503355,14.06,45.2,1,11,13.3
University of Benin,Nigeria,Unknown,66.61073825503355,23.28,25.8,0,11,20.35
Bernardo OâHiggins University,Chile,Unknown,66.61073825503355,10.54,18.6,6,11,10.5
Bharath Institute of Higher Education and Research,India,Unknown,66.61073825503355,21.04,14,2,11,18.75
Bharati Vidyapeeth University,India,Unknown,66.61073825503355,11.86,7.3,0,11,11.45
Bialystok University of Technology,Poland,Unknown,66.61073825503355,19.82,10.8,3,11,19
Bilecik Åeyh Edebali University,Turkey,Unknown,66.61073825503355,17.48,16.3,13,11,16.15
University of BÃ­o-BÃ­o,Chile,Unknown,66.61073825503355,13.46,25.5,1,11,13.350000000000001
University of Birjand,Iran,Unknown,66.61073825503355,19.82,36.9,4,11,18.1
University of Biskra,Algeria,Unknown,66.61073825503355,15.02,21.5,0,11,13.95
Blida 1 University,Algeria,Unknown,66.61073825503355,12.379999999999999,20.4,1,11,11.75
Bolu Abant Izzet Baysal University,Turkey,Unknown,66.61073825503355,21.240000000000002,22.1,9,11,19.25
Bozok University,Turkey,Unknown,66.61073825503355,21.94,14.4,5,11,19.85
University of Brawijaya,Indonesia,Unknown,66.61073825503355,14.28,14.4,1,11,13.55
Burapha University,Thailand,Unknown,66.61073825503355,10.100000000000001,17.4,2,11,10.05
Bursa Technical University,Turkey,Unknown,66.61073825503355,22,18.5,8,11,19.9
Bursa UludaÄ University,Turkey,Unknown,66.61073825503355,16.16,24.2,10,11,15.2
University of Caldas,Colombia,Unknown,66.61073825503355,9.8,58.2,0,11,10
ÃankÄ±rÄ± Karatekin University,Turkey,Unknown,66.61073825503355,17.419999999999998,19.9,20,11,16.1
Catholic University of BrasÃ­lia,Brazil,Unknown,66.61073825503355,11.219999999999999,22.6,0,11,11.1
Catholic University of the North,Chile,Unknown,66.61073825503355,23.479999999999997,20.3,3,11,22.1
Universidad CatÃ³lica del Maule,Chile,Unknown,66.61073825503355,16.94,21.1,3,11,16.35
Universidad CatÃ³lica de la SantÃ­sima ConcepciÃ³n,Chile,Unknown,66.61073825503355,19.7,22.9,0,11,18.9
University of Caxias do Sul,Brazil,Unknown,66.61073825503355,10.84,30.4,0,11,10.600000000000001
CearÃ¡ State University,Brazil,Unknown,66.61073825503355,9.9,14.7,0,11,10.15
Manisa Celal Bayar University,Turkey,Unknown,66.61073825503355,15.040000000000001,17.9,3,11,13.4
Centro Federal de EducaÃ§Ã£o TecnolÃ³gica Celso Suckow da Fonseca (CEFET-RJ),Brazil,Unknown,66.61073825503355,14.8,21,0,11,13.95
CES University,Colombia,Unknown,66.61073825503355,7.12,13.6,3,11,7.449999999999999
Chaoyang University of Technology,Taiwan,Unknown,66.61073825503355,24.2,37.5,5,11,23.2
College of Charleston,United States,Unknown,66.61073825503355,21.4,16.3,1,11,19.15
Chelyabinsk State University,Russia,Unknown,66.61073825503355,10.7,24.3,2,11,10.7
Chiba Institute of Technology,Japan,Unknown,66.61073825503355,11.32,24.4,2,11,10.9
Chinese Culture University,Taiwan,Unknown,66.61073825503355,14.08,23.5,6,11,13.4
UniversitÃ© ChouaÃ¯b Doukkali,Morocco,Unknown,66.61073825503355,21.6,34.5,2,11,19.8
Chubu University,Japan,Unknown,66.61073825503355,14.3,17.1,2,11,13.9
Chuo University,Japan,Unknown,66.61073825503355,14.379999999999999,35.6,4,11,14.1
University of Colima,Mexico,Unknown,66.61073825503355,10.64,9.3,0,11,10.2
Comillas Pontifical University,Spain,Unknown,66.61073825503355,22.06,21,7,11,21
Communication University of China,China,Unknown,66.61073825503355,16.22,15.3,3,11,16.4
Cracow University of Technology,Poland,Unknown,66.61073825503355,22.52,12.2,5,11,20.549999999999997
University of Craiova,Romania,Unknown,66.61073825503355,19.72,20.9,4,11,18.35
Damghan University,Iran,Unknown,66.61073825503355,20.759999999999998,15.9,0,11,19.2
University of Dar es Salaam,Tanzania,Unknown,66.61073825503355,21.04,21.1,0,11,19.25
De La Salle University,Philippines,Unknown,66.61073825503355,23.900000000000002,14.5,3,11,22.05
University for Development Studies,Ghana,Unknown,66.61073825503355,22.62,27.4,0,11,20.5
Dicle University,Turkey,Unknown,66.61073825503355,14.379999999999999,17.5,4,11,14.799999999999999
Diponegoro University,Indonesia,Unknown,66.61073825503355,17.62,18,2,11,17.25
Dokkyo Medical University,Japan,Unknown,66.61073825503355,17.32,1.2,1,11,16.15
Doshisha University,Japan,Unknown,66.61073825503355,11.02,18.6,4,11,11
Dumlupinar University,Turkey,Unknown,66.61073825503355,17.1,44.4,19,11,15.55
Dunarea de Jos University of Galati,Romania,Unknown,66.61073825503355,14.18,16,22,11,13.35
EAFIT University,Colombia,Unknown,66.61073825503355,14.3,18.8,1,11,13.75
El Bosque University,Colombia,Unknown,66.61073825503355,15.72,6.8,2,11,14.65
Erzincan Binali YÄ±ldÄ±rÄ±m University,Turkey,Unknown,66.61073825503355,26.04,21.9,4,11,23.15
Escuela PolitÃ©cnica Nacional,Ecuador,Unknown,66.61073825503355,21.16,13.2,1,11,19.2
EskiÅehir Osmangazi University,Turkey,Unknown,66.61073825503355,18.939999999999998,17.5,7,11,18.55
Universidade do Estado de Santa Catarina,Brazil,Unknown,66.61073825503355,13.82,11.5,1,11,13.35
Universidade Estadual do Norte Fluminense Darcy Ribeiro,Brazil,Unknown,66.61073825503355,17.32,22.8,0,11,16.25
Universidade Estadual de MaringÃ¡,Brazil,Unknown,66.61073825503355,17.64,12.2,0,11,17
Universidade Estadual do Oeste do ParanÃ¡ (Unioeste),Brazil,Unknown,66.61073825503355,8.360000000000001,9.9,0,11,8.600000000000001
"Federal University of Agriculture, Abeokuta",Nigeria,Unknown,66.61073825503355,17.9,26.5,0,11,16.25
Universidade Federal de CiÃªncias da SaÃºde de Porto Alegre (UFCSPA),Brazil,Unknown,66.61073825503355,20.18,11.6,1,11,18.950000000000003
Federal University of ItajubÃ¡,Brazil,Unknown,66.61073825503355,16.619999999999997,17.3,1,11,15.45
Universidade Federal de Juiz de Fora,Brazil,Unknown,66.61073825503355,21.34,16.6,0,11,19.8
Universidade Federal do MaranhÃ£o (UFMA),Brazil,Unknown,66.61073825503355,12.82,19.2,0,11,12.4
Federal University of Mato Grosso do Sul,Brazil,Unknown,66.61073825503355,18.060000000000002,15,1,11,17
Universidade Federal de Ouro Preto (UFOP),Brazil,Unknown,66.61073825503355,17.22,16.3,1,11,16.35
Federal University of ParÃ¡,Brazil,Unknown,66.61073825503355,17.46,17.7,0,11,16.5
Federal Rural University of Pernambuco,Brazil,Unknown,66.61073825503355,15.860000000000001,12.3,0,11,15.05
Universidade Federal Rural do Semi-Arido,Brazil,Unknown,66.61073825503355,7.02,12.4,0,11,7.35
Universidade Federal de Sergipe,Brazil,Unknown,66.61073825503355,26,16,0,11,23.4
Fluminense Federal University,Brazil,Unknown,66.61073825503355,21.92,20.8,1,11,20.45
University of Fortaleza (UNIFOR),Brazil,Unknown,66.61073825503355,23.92,20.3,0,11,21.5
UniversitÃ© FrÃ¨res Mentouri Constantine 1,Algeria,Unknown,66.61073825503355,11.34,16.2,1,11,10.8
Universidad de las Fuerzas Armadas â ESPE,Ecuador,Unknown,66.61073825503355,10.4,14.5,1,11,10.1
University of Fukui,Japan,Unknown,66.61073825503355,14.799999999999999,7.6,2,11,14.399999999999999
Fukuoka University,Japan,Unknown,66.61073825503355,14.619999999999997,8.7,1,11,13.799999999999999
UniversitÃ© de GabÃ¨s,Tunisia,Unknown,66.61073825503355,21.1,12.4,1,11,19.15
Gaziantep University,Turkey,Unknown,66.61073825503355,24.12,38.1,12,11,21.9
Georgian Technical University,Georgia,Unknown,66.61073825503355,17.04,15,2,11,15.75
German University in Cairo,Egypt,Unknown,66.61073825503355,23.88,12.8,2,11,21.35
Gheorghe Asachi Technical University of IaÅi,Romania,Unknown,66.61073825503355,17.759999999999998,20.8,9,11,16.4
GITAM University,India,Unknown,66.61073825503355,16.200000000000003,13.9,1,11,15.05
Goa University,India,Unknown,66.61073825503355,18.759999999999998,11.8,3,11,17.7
Grigore T. Popa University of Medicine and Pharmacy,Romania,Unknown,66.61073825503355,15.379999999999999,10.8,26,11,14.5
University of Guadalajara,Mexico,Unknown,66.61073825503355,11.739999999999998,19.3,0,11,11.25
University of Guanajuato,Mexico,Unknown,66.61073825503355,11.76,21.4,2,11,11.350000000000001
Gubkin Russian State University of Oil and Gas,Russia,Unknown,66.61073825503355,11.7,12.2,7,11,11.5
Hanoi University of Science and Technology,Vietnam,Unknown,66.61073825503355,22.72,34.1,0,11,21.549999999999997
Hasanuddin University,Indonesia,Unknown,66.61073825503355,19.96,16.6,0,11,18.5
UniversitÃ© Hassan 1er,Morocco,Unknown,66.61073825503355,15.64,88.2,2,11,14.75
Hassiba Benbouali University of Chlef,Algeria,Unknown,66.61073825503355,17.34,22,1,11,16.5
University of Havana,Cuba,Unknown,66.61073825503355,11.200000000000001,9,5,11,11.3
Hellenic Open University,Greece,Unknown,66.61073825503355,23.92,6.8,1,11,21.35
Herzen State Pedagogical University of Russia,Russia,Unknown,66.61073825503355,10.48,15.4,18,11,10.65
Hindustan Institute of Technology and Science,India,Unknown,66.61073825503355,23.880000000000003,11.3,1,11,21.450000000000003
Hitit University,Turkey,Unknown,66.61073825503355,12.979999999999999,22.6,4,11,12.45
Hosei University,Japan,Unknown,66.61073825503355,24.799999999999997,37.7,5,11,22.5
Hue University,Vietnam,Unknown,66.61073825503355,13.319999999999999,23,1,11,12.549999999999999
University of Hyogo,Japan,Unknown,66.61073825503355,12.36,12.4,3,11,12.5
Ibaraki University,Japan,Unknown,66.61073825503355,12.32,14.8,3,11,12.35
Universidad Industrial de Santander (UIS),Colombia,Unknown,66.61073825503355,11.84,23.4,1,11,11.899999999999999
Industrial University of Tyumen,Russia,Unknown,66.61073825503355,11.760000000000002,11.4,6,11,11.2
InÃ¶nÃ¼ University,Turkey,Unknown,66.61073825503355,16.66,22.2,3,11,15.45
Instituto PolitÃ©cnico Nacional (IPN),Mexico,Unknown,66.61073825503355,12.66,13,0,11,12.2
International Hellenic University,Greece,Unknown,66.61073825503355,25.66,38,2,11,22.95
Irkutsk National Research Technical University,Russia,Unknown,66.61073825503355,17.88,10.6,13,11,16.5
Irkutsk State University,Russia,Unknown,66.61073825503355,10.06,14.2,4,11,10.3
Islamic University of Indonesia,Indonesia,Unknown,66.61073825503355,11.379999999999999,26.5,4,11,11.1
Istanbul AydÄ±n University,Turkey,Unknown,66.61073825503355,23.06,26.3,13,11,20.75
Istanbul Medipol University,Turkey,Unknown,66.61073825503355,24.22,20,16,11,21.95
Ivane Javakhishvili Tbilisi State University,Georgia,Unknown,66.61073825503355,17.84,30.6,3,11,16.75
Ivanovo State University of Chemistry and Technology,Russia,Unknown,66.61073825503355,8.08,16.8,6,11,8.35
Iwate University,Japan,Unknown,66.61073825503355,12.04,13.6,3,11,11.899999999999999
Izmir University of Economics,Turkey,Unknown,66.61073825503355,26.5,14.7,2,11,23.950000000000003
Jan Evangelista PurkynÄ University,Czechia,Unknown,66.61073825503355,14.620000000000001,17.7,3,11,14.45
Jan Kochanowski University in Kielce,Poland,Unknown,66.61073825503355,12.06,11.2,3,11,12.100000000000001
Jean Moulin University â Lyon 3,France,Unknown,66.61073825503355,13.600000000000001,39,18,11,13.6
Jember University,Indonesia,Unknown,66.61073825503355,17.439999999999998,30.2,0,11,16.05
Jianghan University,China,Unknown,66.61073825503355,20.24,15.1,1,11,18.4
University of Jijel,Algeria,Unknown,66.61073825503355,11.14,22.4,0,11,10.75
Kanagawa University,Japan,Unknown,66.61073825503355,10.16,14.5,4,11,9.850000000000001
Kanazawa Medical University,Japan,Unknown,66.61073825503355,14.46,2.1,1,11,13.75
Kansai University,Japan,Unknown,66.61073825503355,7.7,12.3,4,11,7.800000000000001
University of Karachi,Pakistan,Unknown,66.61073825503355,15.94,39.3,0,11,15.05
Karadeniz Technical University,Turkey,Unknown,66.61073825503355,20.72,14,5,11,18.95
UniversitÃ© Kasdi Merbah Ouargla,Algeria,Unknown,66.61073825503355,13.04,26.4,0,11,12.3
Kasetsart University,Thailand,Unknown,66.61073825503355,19.14,18.7,1,11,18.05
Kastamonu University,Turkey,Unknown,66.61073825503355,26.119999999999997,36.8,12,11,23.7
Kazan National Research Technical University,Russia,Unknown,66.61073825503355,19.259999999999998,16.7,12,11,17.85
Kazan National Research Technological University,Russia,Unknown,66.61073825503355,10.96,11.6,16,11,10.600000000000001
Kazan State Medical University,Russia,Unknown,66.61073825503355,8.5,10.7,31,11,8.8
University of Kelaniya,Sri Lanka,Unknown,66.61073825503355,10.44,15.6,3,11,10.05
Kemerovo State University,Russia,Unknown,66.61073825503355,9.2,18.5,7,11,9.35
University of Kerbala,Iraq,Unknown,66.61073825503355,9.5,15.8,0,11,9.2
King Mongkutâs Institute of Technology Ladkrabang,Thailand,Unknown,66.61073825503355,20.68,23,1,11,21.049999999999997
Kirikkale University,Turkey,Unknown,66.61073825503355,17.84,47.7,1,11,18
KÄ±rÅehir Ahi Evran University,Turkey,Unknown,66.61073825503355,14.959999999999999,24.6,17,11,14.1
Kocaeli University,Turkey,Unknown,66.61073825503355,17.14,47.2,2,11,15.9
Kochi University,Japan,Unknown,66.61073825503355,18,8.3,1,11,17.05
Kochi University of Technology,Japan,Unknown,66.61073825503355,15.78,20.3,2,11,15.75
Kogakuin University,Japan,Unknown,66.61073825503355,20.3,18.3,2,11,18.8
Kookmin University,South Korea,Unknown,66.61073825503355,17.78,11.6,11,11,17.200000000000003
Universiti Kuala Lumpur,Malaysia,Unknown,66.61073825503355,18.18,11.9,5,11,16.65
University of Kufa,Iraq,Unknown,66.61073825503355,14.28,12.3,0,11,13.35
Kwansei Gakuin University,Japan,Unknown,66.61073825503355,13.040000000000001,24.7,4,11,12.45
Kyoto Sangyo University,Japan,Unknown,66.61073825503355,12.58,21.9,2,11,12
Ladoke Akintola University of Technology,Nigeria,Unknown,66.61073825503355,21.240000000000002,53.1,0,11,19.55
University of Laghouat,Algeria,Unknown,66.61073825503355,13.759999999999998,29.8,0,11,12.899999999999999
Lagos State University,Nigeria,Unknown,66.61073825503355,18.9,35.6,0,11,17.3
Lahore College for Women University (LCWU),Pakistan,Unknown,66.61073825503355,26.4,21.3,0,11,23.6
University of Lampung,Indonesia,Unknown,66.61073825503355,19.02,13.1,0,11,17.2
Latvia University of Life Sciences and Technologies,Latvia,Unknown,66.61073825503355,16.400000000000002,21.3,4,11,16.55
University of Life Sciences in Lublin,Poland,Unknown,66.61073825503355,22.86,11.6,2,11,21
L.N. Gumilyov Eurasian National University,Kazakhstan,Unknown,66.61073825503355,17.3,13.5,4,11,16.35
Lobachevsky State University of Nizhni Novgorod,Russia,Unknown,66.61073825503355,14.18,10.6,12,11,14.05
University of Lodz,Poland,Unknown,66.61073825503355,23.520000000000003,14,9,11,22.2
Londrina State University,Brazil,Unknown,66.61073825503355,18.200000000000003,10.9,1,11,17.85
University of Los Lagos,Chile,Unknown,66.61073825503355,21.12,17.4,0,11,19.95
Lucian Blaga University of Sibiu,Romania,Unknown,66.61073825503355,23.42,16.5,3,11,21.85
University of Lucknow,India,Unknown,66.61073825503355,20.02,29.4,2,11,18.4
University of Macerata (UNIMC),Italy,Unknown,66.61073825503355,22,27,4,11,21.35
Mackenzie Presbyterian University,Brazil,Unknown,66.61073825503355,11.76,28.1,0,11,11.600000000000001
Mahasarakham University,Thailand,Unknown,66.61073825503355,9.7,30.2,2,11,9.5
Universiti Malaysia Kelantan,Malaysia,Unknown,66.61073825503355,24.759999999999998,19.9,3,11,22.8
Maria Curie-SkÅodowska University (UMCS),Poland,Unknown,66.61073825503355,21.16,11.7,9,11,20.85
Marmara University,Turkey,Unknown,66.61073825503355,23.819999999999997,30.6,5,11,21.799999999999997
University of Mascara,Algeria,Unknown,66.61073825503355,21.84,23.8,0,11,19.45
Matej Bel University,Slovakia,Unknown,66.61073825503355,14.86,14.2,10,11,14.7
Universidad Mayor,Chile,Unknown,66.61073825503355,20.86,12.1,1,11,18.9
Meiji University,Japan,Unknown,66.61073825503355,12.94,34,5,11,12.8
Meijo University,Japan,Unknown,66.61073825503355,11.8,30.7,1,11,11.85
Mendeleev University of Chemical Technology,Russia,Unknown,66.61073825503355,14.22,14.9,6,11,14.2
MâHamed Bougara University of BoumerdÃ¨s,Algeria,Unknown,66.61073825503355,16.02,22.6,1,11,14.7
Middle Technical University,Iraq,Unknown,66.61073825503355,17.22,33.6,0,11,15.6
Ming Chuan University,Taiwan,Unknown,66.61073825503355,18.36,21.6,11,11,17.3
MIREA - Russian Technological University,Russia,Unknown,66.61073825503355,9.84,21.5,5,11,10.149999999999999
University of Miskolc,Hungary,Unknown,66.61073825503355,15.02,14.9,5,11,14.75
University of Miyazaki,Japan,Unknown,66.61073825503355,19.3,7.4,3,11,18.05
University Mohamed Boudiaf of MâSila,Algeria,Unknown,66.61073825503355,9.86,17.7,1,11,9.75
UniversitÃ© Mohammed Premier,Morocco,Unknown,66.61073825503355,24.12,82.1,1,11,21.75
University of Montenegro,Montenegro,Unknown,66.61073825503355,19.32,20.3,2,11,18.2
Moscow Polytechnic University,Russia,Unknown,66.61073825503355,10.719999999999999,16,13,11,10.65
Moscow State University of Civil Engineering,Russia,Unknown,66.61073825503355,19.82,13.3,7,11,18.45
University of Mosul,Iraq,Unknown,66.61073825503355,13.74,20.2,0,11,13.100000000000001
Moulay Ismail University,Morocco,Unknown,66.61073825503355,28.18,71,0,11,25
UniversitÃ© Mouloud Mammeri de Tizi-Ouzou,Algeria,Unknown,66.61073825503355,7,20.8,0,11,7.1
Muroran Institute of Technology,Japan,Unknown,66.61073825503355,17.979999999999997,20.5,6,11,16.75
Mustansiriyah University,Iraq,Unknown,66.61073825503355,12.96,6.5,1,11,12.2
University of Mysore,India,Unknown,66.61073825503355,17.52,25.8,8,11,16.1
Universidad Nacional del Litoral,Argentina,Unknown,66.61073825503355,13.899999999999999,35.2,0,11,13.149999999999999
Nara Womenâs University,Japan,Unknown,66.61073825503355,13.860000000000001,8.7,5,11,13
Naresuan University,Thailand,Unknown,66.61073825503355,13.080000000000002,18.3,1,11,12.65
National Aviation University,Ukraine,Unknown,66.61073825503355,24.6,9.8,5,11,21.950000000000003
National Chiayi University,Taiwan,Unknown,66.61073825503355,18.240000000000002,22.5,3,11,17.55
National Chi Nan University,Taiwan,Unknown,66.61073825503355,15.34,14.7,9,11,15.85
National University of CÃ³rdoba,Argentina,Unknown,66.61073825503355,16.12,16.9,1,11,15.15
National University of Costa Rica,Costa Rica,Unknown,66.61073825503355,11.08,11,3,11,10.9
National Formosa University,Taiwan,Unknown,66.61073825503355,9.719999999999999,19.5,1,11,10.05
National Ilan University,Taiwan,Unknown,66.61073825503355,19.700000000000003,23.8,2,11,18.85
National University of Kaohsiung,Taiwan,Unknown,66.61073825503355,13.66,25,4,11,14.05
National University of Life and Environmental Sciences of Ukraine,Ukraine,Unknown,66.61073825503355,21.619999999999997,15.2,1,11,19.5
National University of Medical Sciences (NUMS),Pakistan,Unknown,66.61073825503355,9.32,4.6,3,11,9.35
National Research Saratov State University,Russia,Unknown,66.61073825503355,17,9.3,11,11,16.85
National University of San MartÃ­n,Argentina,Unknown,66.61073825503355,20.419999999999998,16.3,5,11,18.799999999999997
National Taichung University of Science and Technology,Taiwan,Unknown,66.61073825503355,21.1,12.3,1,11,19.5
National Taipei University,Taiwan,Unknown,66.61073825503355,19.48,15.7,6,11,18.75
National United University,Taiwan,Unknown,66.61073825503355,14.1,20.6,1,11,13.7
NED University of Engineering and Technology,Pakistan,Unknown,66.61073825503355,17.12,24,0,11,16.45
Universitas Negeri Surabaya,Indonesia,Unknown,66.61073825503355,19.92,28,1,11,18.1
Nizhny Novgorod State Technical University,Russia,Unknown,66.61073825503355,10.299999999999999,14.7,4,11,10.2
Nnamdi Azikiwe University,Nigeria,Unknown,66.61073825503355,17.759999999999998,15.9,0,11,16.25
North-Caucasus Federal University,Russia,Unknown,66.61073825503355,9.06,8,11,11,9.05
"University of the North, Colombia",Colombia,Unknown,66.61073825503355,20.8,17.3,0,11,19.5
North-Eastern Federal University,Russia,Unknown,66.61073825503355,10.76,12.2,4,11,10.649999999999999
Northern (Arctic) Federal University named after M.V. Lomonosov,Russia,Unknown,66.61073825503355,9.06,14.9,9,11,9.4
North-Western State Medical University named after I.I. Mechnikov,Russia,Unknown,66.61073825503355,8.540000000000001,5.4,11,11,8.75
Nosov Magnitogorsk State Technical University,Russia,Unknown,66.61073825503355,9.92,13.4,4,11,9.9
Universidade Nove de Julho (Uninove),Brazil,Unknown,66.61073825503355,9,23.6,1,11,8.85
University of Novi Sad,Serbia,Unknown,66.61073825503355,22.14,15.1,1,11,20.4
Novosibirsk State Technical University,Russia,Unknown,66.61073825503355,12.64,14.6,17,11,12.600000000000001
Nueva Granada Military University,Colombia,Unknown,66.61073825503355,6.38,9.7,0,11,6.65
Obafemi Awolowo University,Nigeria,Unknown,66.61073825503355,24.12,22.5,0,11,22.15
Ogarev Mordovia State University,Russia,Unknown,66.61073825503355,7.16,11.6,17,11,7.5
Oita University,Japan,Unknown,66.61073825503355,16.4,8.5,2,11,15.5
NiÄde Ãmer Halisdemir University,Turkey,Unknown,66.61073825503355,18.46,20.1,5,11,16.95
Omsk State Technical University,Russia,Unknown,66.61073825503355,7.74,14,13,11,7.85
Ondokuz Mayis University,Turkey,Unknown,66.61073825503355,17.88,18.3,14,11,16.8
Oran 1 University,Algeria,Unknown,66.61073825503355,11.52,21.9,1,11,11.1
Ordu University,Turkey,Unknown,66.61073825503355,15.879999999999999,18.7,0,11,14.950000000000001
Osaka Institute of Technology,Japan,Unknown,66.61073825503355,18.480000000000004,35.4,1,11,17.950000000000003
Osaka Medical and Pharmaceutical University,Japan,Unknown,66.61073825503355,19.259999999999998,5.5,1,11,18.15
University of Ostrava,Czechia,Unknown,66.61073825503355,20.44,16,9,11,19.75
Ovidius University of ConstanÈa,Romania,Unknown,66.61073825503355,9.44,12.5,7,11,9.399999999999999
Universitas Padjadjaran,Indonesia,Unknown,66.61073825503355,16.4,11.3,1,11,15.7
Pamukkale University,Turkey,Unknown,66.61073825503355,13.82,22,3,11,13.1
Universidad Panamericana (UP),Mexico,Unknown,66.61073825503355,10.84,7.8,2,11,10.55
University of Pannonia,Hungary,Unknown,66.61073825503355,19.14,19.5,7,11,18.55
University of Pardubice,Czechia,Unknown,66.61073825503355,17.7,13.5,10,11,17.7
Pavlov First Saint Petersburg State Medical University,Russia,Unknown,66.61073825503355,11.780000000000001,7,14,11,11.6
Payame Noor University,Iran,Unknown,66.61073825503355,19.3,120.3,1,11,17.6
Pedagogical and Technological University of Colombia,Colombia,Unknown,66.61073825503355,6.2,16,0,11,6.45
University of the Peloponnese,Greece,Unknown,66.61073825503355,22.38,39.4,1,11,20.75
Universitas Pendidikan Indonesia,Indonesia,Unknown,66.61073825503355,24.64,18.5,1,11,22.55
Penza State University,Russia,Unknown,66.61073825503355,8.16,17.2,12,11,8.25
Perm National Research Polytechnic University,Russia,Unknown,66.61073825503355,11.3,10.2,9,11,11.65
Perm State University,Russia,Unknown,66.61073825503355,9.919999999999998,12,5,11,10.35
University of Pernambuco,Brazil,Unknown,66.61073825503355,13.239999999999998,16.9,0,11,12.75
Universidad Peruana de Ciencias Aplicadas (UPC),Peru,Unknown,66.61073825503355,9.54,21.1,1,11,9.399999999999999
University of Phayao,Thailand,Unknown,66.61073825503355,27.34,17.1,0,11,24.349999999999998
Universidad PolitÃ©cnica Salesiana,Ecuador,Unknown,66.61073825503355,11.96,24.2,1,11,11.55
Polytechnic University of Bucharest,Romania,Unknown,66.61073825503355,21.840000000000003,23.2,4,11,20.1
Polytechnic University of TimiÅoara,Romania,Unknown,66.61073825503355,24.38,18.7,3,11,22
Pontifical Catholic University of Minas Gerais,Brazil,Unknown,66.61073825503355,13.04,36,1,11,12.649999999999999
Universidad Pontificia Bolivariana (UPB),Colombia,Unknown,66.61073825503355,10.36,10.6,2,11,10.399999999999999
Pontificia Universidad CatÃ³lica del Ecuador,Ecuador,Unknown,66.61073825503355,12.66,25.4,1,11,12
University of Port Harcourt,Nigeria,Unknown,66.61073825503355,15,17.1,0,11,14.9
Prague University of Economics and Business,Czechia,Unknown,66.61073825503355,22.52,29.1,27,11,21.25
University of Primorska,Slovenia,Unknown,66.61073825503355,21.86,15.3,18,11,20.7
University of Prishtina,Kosovo,Unknown,66.61073825503355,12.5,31.4,1,11,12.2
Privolzhsky Research Medical University,Russia,Unknown,66.61073825503355,7.08,10.3,23,11,7.550000000000001
PSG College of Technology,India,Unknown,66.61073825503355,21.199999999999996,14.2,0,11,19.15
Recep Tayyip ErdoÄan University,Turkey,Unknown,66.61073825503355,18.139999999999997,16.9,4,11,16.7
REVA University,India,Unknown,66.61073825503355,25.9,18.7,1,11,22.9
Riga StradiÅÅ¡ University,Latvia,Unknown,66.61073825503355,21.3,21.8,29,11,20.05
University of Rijeka,Croatia,Unknown,66.61073825503355,24.619999999999997,15.6,3,11,23.299999999999997
Russian Presidential Academy of National Economy and Public Administration,Russia,Unknown,66.61073825503355,17.700000000000003,10.4,4,11,17.6
Russian State University for the Humanities,Russia,Unknown,66.61073825503355,15.440000000000001,22.1,4,11,15.100000000000001
R V College of Engineering,India,Unknown,66.61073825503355,21.34,14.9,0,11,19.35
Ryukoku University,Japan,Unknown,66.61073825503355,11.44,27.7,2,11,11.3
University of the Ryukyus,Japan,Unknown,66.61073825503355,19.200000000000003,9.9,2,11,18.35
RzeszÃ³w University of Technology,Poland,Unknown,66.61073825503355,21.1,11.6,1,11,19.1
University of La Sabana,Colombia,Unknown,66.61073825503355,16.18,17.1,2,11,15.3
Saga University,Japan,Unknown,66.61073825503355,18.880000000000003,9.8,2,11,18.15
Saitama University,Japan,Unknown,66.61073825503355,17.84,15.3,6,11,17.45
Samara State Technical University,Russia,Unknown,66.61073825503355,10.780000000000001,16,5,11,10.75
San SebastiÃ¡n University,Chile,Unknown,66.61073825503355,10.94,19.8,0,11,10.649999999999999
"University of Santiago, Chile (USACH)",Chile,Unknown,66.61073825503355,24.04,20.8,2,11,22.6
University of Santo Tomas,Philippines,Unknown,66.61073825503355,19.28,13.3,7,11,17.65
University of Sarajevo,Bosnia and Herzegovina,Unknown,66.61073825503355,15.48,15.6,0,11,14.700000000000001
Saratov State Medical University,Russia,Unknown,66.61073825503355,6.5,6.6,12,11,7.199999999999999
Satbayev University,Kazakhstan,Unknown,66.61073825503355,9.42,12.4,5,11,9.65
University of Sciences and Technology Houari Boumediene,Algeria,Unknown,66.61073825503355,10.64,19.5,0,11,10.100000000000001
University of Science and Technology of Oran Mohamed-Boudiaf,Algeria,Unknown,66.61073825503355,8.2,9.6,1,11,8
SGH Warsaw School of Economics,Poland,Unknown,66.61073825503355,20.54,16.5,13,11,19.65
Shahed University,Iran,Unknown,66.61073825503355,19.42,15.8,0,11,18.65
Shimane University,Japan,Unknown,66.61073825503355,16.78,8.2,3,11,16.15
Shizuoka University,Japan,Unknown,66.61073825503355,18.1,14.5,4,11,17.75
University of Shizuoka,Japan,Unknown,66.61073825503355,14.28,11.5,3,11,14.05
Reshetnev Siberian State University of Science and Technology,Russia,Unknown,66.61073825503355,12.76,22.9,3,11,12
Siberian State Medical University,Russia,Unknown,66.61073825503355,5.88,10.6,21,11,6.5
Sichuan University of Science and Engineering,China,Unknown,66.61073825503355,18.439999999999998,22.9,1,11,17.1
University of Silesia in Katowice,Poland,Unknown,66.61073825503355,19.439999999999998,11.6,4,11,18.45
Silpakorn University,Thailand,Unknown,66.61073825503355,17.86,18.8,2,11,17.15
University of Sistan and Baluchestan,Iran,Unknown,66.61073825503355,20.4,19.6,1,11,18.9
Sivas Cumhuriyet University,Turkey,Unknown,66.61073825503355,19.46,32.4,8,11,17.8
Slovak University of Technology in Bratislava,Slovakia,Unknown,66.61073825503355,18.18,8.5,7,11,17.15
Sofia University,Bulgaria,Unknown,66.61073825503355,18.919999999999998,7.5,7,11,17.799999999999997
University of Sonora,Mexico,Unknown,66.61073825503355,11.52,26,1,11,11
Sophia University,Japan,Unknown,66.61073825503355,12.38,12.7,10,11,12.15
Southwest State University,Russia,Unknown,66.61073825503355,11.32,13.4,11,11,11.3
University of Sri Jayewardenepura,Sri Lanka,Unknown,66.61073825503355,25.020000000000003,22.9,0,11,22.35
Srinakharinwirot University,Thailand,Unknown,66.61073825503355,13.36,18.9,1,11,12.75
Universitas Sriwijaya,Indonesia,Unknown,66.61073825503355,14.46,24.7,0,11,13.55
Saints Cyril and Methodius University in Skopje,North Macedonia,Unknown,66.61073825503355,19.259999999999998,13.5,5,11,17.6
State University of Bahia,Brazil,Unknown,66.61073825503355,5.8999999999999995,11.9,0,11,6.35
State University of Malang,Indonesia,Unknown,66.61073825503355,22.44,30.5,4,11,20.55
State University of Ponta Grossa,Brazil,Unknown,66.61073825503355,15.380000000000003,8.9,0,11,14.700000000000001
State University of Santa Cruz,Brazil,Unknown,66.61073825503355,12.18,9.8,2,11,11.7
SÃ¼leyman Demirel University,Turkey,Unknown,66.61073825503355,21.86,32.3,5,11,19.85
UniversitÃ© Sultan Moulay Slimane,Morocco,Unknown,66.61073825503355,21.86,56.2,0,11,19.85
Universitas Sumatera Utara,Indonesia,Unknown,66.61073825503355,20.16,19.2,2,11,18.55
SzÃ©chenyi IstvÃ¡n University,Hungary,Unknown,66.61073825503355,18.6,14.8,5,11,17.45
Tamil Nadu Agricultural University,India,Unknown,66.61073825503355,12.8,9.3,0,11,12.5
Technical University of Liberec,Czechia,Unknown,66.61073825503355,18.48,13.3,10,11,18.549999999999997
Technical University of Sofia,Bulgaria,Unknown,66.61073825503355,18.96,9.7,9,11,17.65
Technological University of Pereira,Colombia,Unknown,66.61073825503355,10.72,17.8,0,11,9.7
Universidad TÃ©cnica Particular de Loja,Ecuador,Unknown,66.61073825503355,10.08,29.3,1,11,9.8
Universidade TecnolÃ³gica Federal do ParanÃ¡ (UTFPR),Brazil,Unknown,66.61073825503355,17.46,15.3,1,11,16.25
Teikyo University,Japan,Unknown,66.61073825503355,25.42,16,5,11,23.299999999999997
Universiti Teknologi MARA,Malaysia,Unknown,66.61073825503355,23.04,16.3,1,11,21.65
Telkom University,Indonesia,Unknown,66.61073825503355,21.5,16.8,3,11,19.75
Temuco Catholic University,Chile,Unknown,66.61073825503355,11.82,11.1,0,11,11.6
Tokat GaziosmanpaÅa University,Turkey,Unknown,66.61073825503355,23.660000000000004,15.2,9,11,21.150000000000002
Tokyo University of Agriculture,Japan,Unknown,66.61073825503355,14.979999999999999,32.2,2,11,14
Tokyo City University,Japan,Unknown,66.61073825503355,13.14,26.8,2,11,12.95
Tokyo Denki University,Japan,Unknown,66.61073825503355,10.86,28.7,3,11,10.55
Tomsk State University of Control Systems and Radioelectronics,Russia,Unknown,66.61073825503355,15.739999999999998,12.1,14,11,14.95
Tottori University,Japan,Unknown,66.61073825503355,18.14,8,2,11,17.35
Toyama Prefectural University,Japan,Unknown,66.61073825503355,9.5,9.5,2,11,9.5
Toyo University,Japan,Unknown,66.61073825503355,8.899999999999999,23.5,5,11,8.95
Tula State University,Russia,Unknown,66.61073825503355,6.66,35,3,11,7.05
Ufa University of Science and Technology,Russia,Unknown,66.61073825503355,8.94,12.6,5,11,9.149999999999999
Ufa State Petroleum Technological University,Russia,Unknown,66.61073825503355,13.46,8.2,11,11,12.55
Universiti Malaysia Sabah (UMS),Malaysia,Unknown,66.61073825503355,20.72,16.6,4,11,19.65
UÅak University,Turkey,Unknown,66.61073825503355,12.74,27.4,11,11,12.350000000000001
Utsunomiya University,Japan,Unknown,66.61073825503355,10.5,13.7,4,11,10.85
Uzhhorod National University,Ukraine,Unknown,66.61073825503355,6.380000000000001,11.3,13,11,6.800000000000001
Universidad del Valle,Colombia,Unknown,66.61073825503355,10.799999999999999,8.9,1,11,10.45
University of ValparaÃ­so,Chile,Unknown,66.61073825503355,18.08,19,2,11,17.1
Van YÃ¼zÃ¼ncÃ¼ Yil University,Turkey,Unknown,66.61073825503355,20.700000000000003,17.5,3,11,21.05
Instituto PolitÃ©cnico de Viana do Castelo,Portugal,Unknown,66.61073825503355,25.08,19.8,10,11,22.5
Vietnam National University (Ho Chi Minh City),Vietnam,Unknown,66.61073825503355,20.14,24.5,1,11,18.65
"Vignanâs Foundation for Science, Technology and Research",India,Unknown,66.61073825503355,24.639999999999997,11.3,1,11,21.8
V.I. Vernadsky Crimean Federal University (Vernadsky CFU),Ukraine,Unknown,66.61073825503355,8.52,12.5,9,11,8.75
Volgograd State Technical University,Russia,Unknown,66.61073825503355,17.46,13.9,10,11,16.1
Voronezh State University,Russia,Unknown,66.61073825503355,8.9,11.1,15,11,9.2
Voronezh State Technical University,Russia,Unknown,66.61073825503355,21.28,13.5,6,11,19.15
University of Warmia and Mazury in Olsztyn,Poland,Unknown,66.61073825503355,26.58,17.5,3,11,24.4
University of West Attica,Greece,Unknown,66.61073825503355,24.7,37.9,0,11,22.200000000000003
Yanshan University,China,Unknown,66.61073825503355,25.38,13.4,1,11,23.1
Yeditepe University,Turkey,Unknown,66.61073825503355,15.520000000000001,27.5,6,11,15
Yerevan State University,Armenia,Unknown,66.61073825503355,19.52,8,2,11,17.7
Universitas Negeri Yogyakarta,Indonesia,Unknown,66.61073825503355,21.48,16.3,1,11,19.65
Zonguldak BÃ¼lent Ecevit University,Turkey,Unknown,66.61073825503355,17.44,22.4,8,11,16.4
Abbes Laghrour University of Khenchala,Algeria,Unknown,66.61073825503355,27.96,26.1,0,11,26.175
Abbottabad University of Science and Technology,Pakistan,Unknown,66.61073825503355,27.96,13.3,0,11,26.175
Abdelhafid Boussouf University Center of Mila,Algeria,Unknown,66.61073825503355,27.96,24.9,0,11,26.175
Abdullah GÃ¼l University,Turkey,Unknown,66.61073825503355,27.96,22.5,9,11,26.175
Abertay University,United Kingdom,Unknown,66.61073825503355,27.96,23.4,21,11,26.175
Abia State University,Nigeria,Unknown,66.61073825503355,27.96,45.8,0,11,26.175
Abrar University,Somalia,Unknown,66.61073825503355,27.96,5.5,0,11,26.175
Ada Kent University,Northern Cyprus,Unknown,66.61073825503355,27.96,1,19,11,26.175
Adventist University of Central Africa,Rwanda,Unknown,66.61073825503355,27.96,31.7,11,11,26.175
AECC University College,United Kingdom,Unknown,66.61073825503355,27.96,19.5,39,11,26.175
University Center of Aflou,Algeria,Unknown,66.61073825503355,27.96,23.7,0,11,26.175
University of Agronomic Sciences and Veterinary Medicine of Bucharest,Romania,Unknown,66.61073825503355,27.96,16.7,3,11,26.175
Universitas Ahmad Dahlan,Indonesia,Unknown,66.61073825503355,27.96,34.6,1,11,26.175
University of Ahmed Draia,Algeria,Unknown,66.61073825503355,27.96,28,0,11,26.175
Aichi Prefectural University,Japan,Unknown,66.61073825503355,27.96,15.4,1,11,26.175
UniversitÃ© dâAin TÃ©mouchent,Algeria,Unknown,66.61073825503355,27.96,17.2,1,11,26.175
Ajeenkya DY Patil University,India,Unknown,66.61073825503355,27.96,15.8,1,11,26.175
Ajman University,United Arab Emirates,Unknown,66.61073825503355,27.96,15.1,82,11,26.175
Akhmet Yassawi University,Kazakhstan,Unknown,66.61073825503355,27.96,8.6,10,11,26.175
Akita Prefectural University,Japan,Unknown,66.61073825503355,27.96,8.9,1,11,26.175
Akli Mohand Oulhadj Bouira University,Algeria,Unknown,66.61073825503355,27.96,28.3,0,11,26.175
Akwa Ibom State University,Nigeria,Unknown,66.61073825503355,27.96,21.2,0,11,26.175
Al-Ahliyya Amman University,Jordan,Unknown,66.61073825503355,27.96,12.1,60,11,26.175
Al Ain University,United Arab Emirates,Unknown,66.61073825503355,27.96,14.6,60,11,26.175
Al Akhawayn University,Morocco,Unknown,66.61073825503355,27.96,17,2,11,26.175
Al al-Bayt University,Jordan,Unknown,66.61073825503355,27.96,38.8,4,11,26.175
Al-Ayen University,Iraq,Unknown,66.61073825503355,27.96,25.6,0,11,26.175
Al-Baha University,Saudi Arabia,Unknown,66.61073825503355,27.96,14.1,2,11,26.175
Al-Bayan University,Iraq,Unknown,66.61073825503355,27.96,29.9,0,11,26.175
Albaydha University,Yemen,Unknown,66.61073825503355,27.96,5.1,0,11,26.175
Al-Esraa University College,Iraq,Unknown,66.61073825503355,27.96,26.7,0,11,26.175
Alex Ekwueme Federal University Ndufu-Alike,Nigeria,Unknown,66.61073825503355,27.96,19.4,0,11,26.175
Al-Farabi University College,Iraq,Unknown,66.61073825503355,27.96,21.8,0,11,26.175
Al-Furat Al-Awsat Technical University,Iraq,Unknown,66.61073825503355,27.96,40.8,0,11,26.175
University of Algiers 1,Algeria,Unknown,66.61073825503355,27.96,17.2,0,11,26.175
Algiers 2 University,Algeria,Unknown,66.61073825503355,27.96,31.1,0,11,26.175
University of Algiers 3,Algeria,Unknown,66.61073825503355,27.96,35.5,0,11,26.175
University of Al-Hamdaniya,Iraq,Unknown,66.61073825503355,27.96,20.2,0,11,26.175
Al-Hussein Bin Talal University,Jordan,Unknown,66.61073825503355,27.96,26.9,1,11,26.175
Alisher Navoâi Tashkent State University of Uzbek Language and Literature,Uzbekistan,Unknown,66.61073825503355,27.96,13,7,11,26.175
Al-Janad University for Science and Technology,Yemen,Unknown,66.61073825503355,27.96,68.8,0,11,26.175
University of Alkafeel,Iraq,Unknown,66.61073825503355,27.96,17.6,0,11,26.175
Al-Karkh University of Science,Iraq,Unknown,66.61073825503355,27.96,9,0,11,26.175
Al-Kitab University,Iraq,Unknown,66.61073825503355,27.96,20.3,0,11,26.175
AlMaarefa University,Saudi Arabia,Unknown,66.61073825503355,27.96,19,19,11,26.175
Al-Maarif University College,Iraq,Unknown,66.61073825503355,27.96,17.6,1,11,26.175
Al-Manara College for Medical Sciences,Iraq,Unknown,66.61073825503355,27.96,22.7,0,11,26.175
Almaty Technological University,Kazakhstan,Unknown,66.61073825503355,27.96,6.3,6,11,26.175
Almazov National Medical Research Centre,Russia,Unknown,66.61073825503355,27.96,5.1,2,11,26.175
Al-Mustaqbal University,Iraq,Unknown,66.61073825503355,27.96,19.8,0,11,26.175
Al-Muthanna University,Iraq,Unknown,66.61073825503355,27.96,23.5,0,11,26.175
Al-Nisour University College,Iraq,Unknown,66.61073825503355,27.96,16.2,2,11,26.175
Al-Noor University College,Iraq,Unknown,66.61073825503355,27.96,23.5,0,11,26.175
Al-Qalam University College,Iraq,Unknown,66.61073825503355,27.96,28.2,0,11,26.175
Al-Qasim Green University,Iraq,Unknown,66.61073825503355,27.96,7.3,0,11,26.175
Al-Quds University,Palestine,Unknown,66.61073825503355,27.96,13.4,26,11,26.175
Al-Rafidain University College,Iraq,Unknown,66.61073825503355,27.96,37.3,0,11,26.175
Al Safwa University College,Iraq,Unknown,66.61073825503355,27.96,23.5,0,11,26.175
AltÄ±nbaÅ University,Turkey,Unknown,66.61073825503355,27.96,20.8,51,11,26.175
Altoosi University College,Iraq,Unknown,66.61073825503355,27.96,29.7,0,11,26.175
Al Turath University,Iraq,Unknown,66.61073825503355,27.96,39.4,0,11,26.175
Al-Zaytoonah University of Jordan,Jordan,Unknown,66.61073825503355,27.96,27.7,29,11,26.175
American University in the Emirates (AUE),United Arab Emirates,Unknown,66.61073825503355,27.96,16.6,44,11,26.175
American University in Dubai,United Arab Emirates,Unknown,66.61073825503355,27.96,14.8,75,11,26.175
American International University â Bangladesh,Bangladesh,Unknown,66.61073825503355,27.96,23.1,0,11,26.175
American University of Madaba,Jordan,Unknown,66.61073825503355,27.96,19,25,11,26.175
American University of Ras Al Khaimah,United Arab Emirates,Unknown,66.61073825503355,27.96,10.2,57,11,26.175
"Amity University, Chhattisgarh",India,Unknown,66.61073825503355,27.96,25.5,0,11,26.175
"Amity University, Gurugram",India,Unknown,66.61073825503355,27.96,17,1,11,26.175
"Amity University, Gwalior",India,Unknown,66.61073825503355,27.96,6.8,0,11,26.175
"Amity University Rajasthan, Jaipur",India,Unknown,66.61073825503355,27.96,14.5,0,11,26.175
"Amity University, Mumbai",India,Unknown,66.61073825503355,27.96,25.3,9,11,26.175
AnÃ¡huac University,Mexico,Unknown,66.61073825503355,27.96,8.4,4,11,26.175
Andijan Machine-Building Institute,Uzbekistan,Unknown,66.61073825503355,27.96,16.5,2,11,26.175
Andijan State University,Uzbekistan,Unknown,66.61073825503355,27.96,23.2,0,11,26.175
Andijan State Medical Institute,Uzbekistan,Unknown,66.61073825503355,27.96,10,5,11,26.175
Andijan State Pedagogical Institute (ASPI),Uzbekistan,Unknown,66.61073825503355,27.96,39.9,0,11,26.175
AndrÃ©s Bello Catholic University (UCAB),Venezuela,Unknown,66.61073825503355,27.96,18.4,2,11,26.175
Anglo-American University,Czechia,Unknown,66.61073825503355,27.96,13.1,82,11,26.175
Ankara Science University,Turkey,Unknown,66.61073825503355,27.96,5.1,7,11,26.175
Applied Science Private University,Jordan,Unknown,66.61073825503355,27.96,18.6,29,11,26.175
Arab American University,Palestine,Unknown,66.61073825503355,27.96,26.7,36,11,26.175
Arabian Gulf University,Bahrain,Unknown,66.61073825503355,27.96,6.9,74,11,26.175
Arab Open University,Kuwait,Unknown,66.61073825503355,27.96,75,35,11,26.175
Arkin University of Creative Arts and Design (ARUCAD),Northern Cyprus,Unknown,66.61073825503355,27.96,5.7,37,11,26.175
Armenian State Pedagogical University,Armenia,Unknown,66.61073825503355,27.96,9.2,2,11,26.175
Arts University Bournemouth,United Kingdom,Unknown,66.61073825503355,27.96,14.2,21,11,26.175
University of the Arts London,United Kingdom,Unknown,66.61073825503355,27.96,11.9,59,11,26.175
Arts University Plymouth,United Kingdom,Unknown,66.61073825503355,27.96,11.6,8,11,26.175
Arturo Prat University,Chile,Unknown,66.61073825503355,27.96,22.9,7,11,26.175
Asahi University,Japan,Unknown,66.61073825503355,27.96,8.7,5,11,26.175
Asfendiyarov Kazakh National Medical University,Kazakhstan,Unknown,66.61073825503355,27.96,8.2,22,11,26.175
Ashikaga University,Japan,Unknown,66.61073825503355,27.96,21.2,17,11,26.175
Ashur University,Iraq,Unknown,66.61073825503355,27.96,11.1,0,11,26.175
Atyrau University,Kazakhstan,Unknown,66.61073825503355,27.96,18,2,11,26.175
Audencia,France,Unknown,66.61073825503355,27.96,50.6,37,11,26.175
Austral University,Argentina,Unknown,66.61073825503355,27.96,8.5,8,11,26.175
Autonomous University of Chiapas,Mexico,Unknown,66.61073825503355,27.96,45.7,0,11,26.175
Azerbaijan University of Architecture and Construction,Azerbaijan,Unknown,66.61073825503355,27.96,15.2,4,11,26.175
Azerbaijan State University of Economics,Azerbaijan,Unknown,66.61073825503355,27.96,10.4,3,11,26.175
Babcock University,Nigeria,Unknown,66.61073825503355,27.96,19.8,1,11,26.175
"Bacha Khan University, Charsadda",Pakistan,Unknown,66.61073825503355,27.96,20.5,0,11,26.175
Badr University in Cairo (BUC),Egypt,Unknown,66.61073825503355,27.96,17.8,2,11,26.175
Bakrie University,Indonesia,Unknown,66.61073825503355,27.96,36.8,0,11,26.175
University of Balochistan,Pakistan,Unknown,66.61073825503355,27.96,48.1,0,11,26.175
"Balochistan University of Information Technology, Engineering and Management Sciences (BUITEMS)",Pakistan,Unknown,66.61073825503355,27.96,19.1,0,11,26.175
"University of Baltistan, Skardu",Pakistan,Unknown,66.61073825503355,27.96,29.5,0,11,26.175
Bandirma Onyedi EylÃ¼l University,Turkey,Unknown,66.61073825503355,27.96,31.8,7,11,26.175
Bangabandhu Sheikh Mujibur Rahman Agricultural University,Bangladesh,Unknown,66.61073825503355,27.96,8,3,11,26.175
Barawa International University,Somalia,Unknown,66.61073825503355,27.96,35.3,3,11,26.175
Bashkir State Medical University,Russia,Unknown,66.61073825503355,27.96,10.2,28,11,26.175
Bath Spa University,United Kingdom,Unknown,66.61073825503355,27.96,16.4,14,11,26.175
University of Batna 1,Algeria,Unknown,66.61073825503355,27.96,27.8,0,11,26.175
Bayburt University,Turkey,Unknown,66.61073825503355,27.96,30.8,1,11,26.175
Baze University,Nigeria,Unknown,66.61073825503355,27.96,11.3,0,11,26.175
Belarusian State University of Informatics and Radioelectronics,Belarus,Unknown,66.61073825503355,27.96,13.6,5,11,26.175
Belarusian State Medical University,Belarus,Unknown,66.61073825503355,27.96,6.3,28,11,26.175
Bells University of Technology,Nigeria,Unknown,66.61073825503355,27.96,9.7,0,11,26.175
University of Benghazi,Libya,Unknown,66.61073825503355,27.96,16.5,2,11,26.175
Benson Idahosa University,Nigeria,Unknown,66.61073825503355,27.96,16.4,0,11,26.175
Beykent University,Turkey,Unknown,66.61073825503355,27.96,25.4,5,11,26.175
Bilad Alrafidain University College,Iraq,Unknown,66.61073825503355,27.96,31.8,0,11,26.175
Birmingham Newman University,United Kingdom,Unknown,66.61073825503355,27.96,19.8,10,11,26.175
Biruni University,Turkey,Unknown,66.61073825503355,27.96,20.5,13,11,26.175
University of Bisha,Saudi Arabia,Unknown,66.61073825503355,27.96,12,1,11,26.175
Bishop Grosseteste University,United Kingdom,Unknown,66.61073825503355,27.96,21.2,4,11,26.175
University of BogotÃ¡ Jorge Tadeo Lozano,Colombia,Unknown,66.61073825503355,27.96,17.6,1,11,26.175
Bohdan Khmelnytsky National University of Cherkasy,Ukraine,Unknown,66.61073825503355,27.96,10.4,1,11,26.175
University of Bolton,United Kingdom,Unknown,66.61073825503355,27.96,16.8,38,11,26.175
The British University in Dubai,United Arab Emirates,Unknown,66.61073825503355,27.96,11.7,60,11,26.175
Buckinghamshire New University,United Kingdom,Unknown,66.61073825503355,27.96,15.3,30,11,26.175
Bukhara Engineering Technological Institute,Uzbekistan,Unknown,66.61073825503355,27.96,24.3,0,11,26.175
Bukhara State University,Uzbekistan,Unknown,66.61073825503355,27.96,20.7,2,11,26.175
Bukhara State Medical Institute,Uzbekistan,Unknown,66.61073825503355,27.96,6.8,9,11,26.175
Bukkyo University,Japan,Unknown,66.61073825503355,27.96,26.6,1,11,26.175
Buriram Rajabhat University,Thailand,Unknown,66.61073825503355,27.96,29.4,1,11,26.175
ÃaÄ University,Turkey,Unknown,66.61073825503355,27.96,18.8,0,11,26.175
Universidad Camilo JosÃ© Cela,Spain,Unknown,66.61073825503355,27.96,21.9,6,11,26.175
Canadian International College (CIC) â Cairo,Egypt,Unknown,66.61073825503355,27.96,42.9,1,11,26.175
Universidad de Carabobo,Venezuela,Unknown,66.61073825503355,27.96,17.1,0,11,26.175
Catholic University of Ãvila,Spain,Unknown,66.61073825503355,27.96,7.7,3,11,26.175
Catholic University in Erbil,Iraq,Unknown,66.61073825503355,27.96,4.8,4,11,26.175
Universidad CatÃ³lica de Colombia,Colombia,Unknown,66.61073825503355,27.96,20.3,1,11,26.175
Universidad CatÃ³lica de Cuenca,Ecuador,Unknown,66.61073825503355,27.96,10.6,3,11,26.175
Universidad CatÃ³lica San Pablo,Peru,Unknown,66.61073825503355,27.96,33,1,11,26.175
Caucasus International University,Georgia,Unknown,66.61073825503355,27.96,12,44,11,26.175
CBS International Business School,Germany,Unknown,66.61073825503355,27.96,37.2,33,11,26.175
Cebu Technological University,Philippines,Unknown,66.61073825503355,27.96,39.6,0,11,26.175
CECOS University of IT and Emerging Sciences,Pakistan,Unknown,66.61073825503355,27.96,16,0,11,26.175
University of Celaya,Mexico,Unknown,66.61073825503355,27.96,11,5,11,26.175
University Center Ali Kafi Tindouf,Algeria,Unknown,66.61073825503355,27.96,16.6,4,11,26.175
University Center of Illizi,Algeria,Unknown,66.61073825503355,27.96,44.6,0,11,26.175
University Center Morsli Abdellah of Tipaza,Algeria,Unknown,66.61073825503355,27.96,36.3,0,11,26.175
University Center of Barika,Algeria,Unknown,66.61073825503355,27.96,25.9,0,11,26.175
Central European University,Austria,Unknown,66.61073825503355,27.96,7.4,97,11,26.175
Central Luzon State University,Philippines,Unknown,66.61073825503355,27.96,22.3,0,11,26.175
University of Central Punjab,Pakistan,Unknown,66.61073825503355,27.96,25.6,0,11,26.175
Centro de Estudios para la Calidad Educativa y la InvestigaciÃ³n CientÃ­fica (CECEIC),Mexico,Unknown,66.61073825503355,27.96,6.2,15,11,26.175
Centro UniversitÃ¡rio Cesuca,Brazil,Unknown,66.61073825503355,27.96,25.5,0,11,26.175
Centurion University of Technology and Management,India,Unknown,66.61073825503355,27.96,16.4,4,11,26.175
Universidad CÃ©sar Vallejo,Peru,Unknown,66.61073825503355,27.96,70.6,2,11,26.175
CETYS Universidad,Mexico,Unknown,66.61073825503355,27.96,10.2,15,11,26.175
Charisma University,Turks and Caicos Islands,Unknown,66.61073825503355,27.96,4.2,86,11,26.175
Chernihiv Polytechnic National University,Ukraine,Unknown,66.61073825503355,27.96,20.3,0,11,26.175
Chettinad Academy of Research and Education,India,Unknown,66.61073825503355,27.96,8.9,2,11,26.175
University of Chichester,United Kingdom,Unknown,66.61073825503355,27.96,15,8,11,26.175
Chinhoyi University of Technology,Zimbabwe,Unknown,66.61073825503355,27.96,46.5,0,11,26.175
Chitkara University,India,Unknown,66.61073825503355,27.96,14.4,4,11,26.175
Universidad CientÃ­fica del Sur,Peru,Unknown,66.61073825503355,27.96,10.8,1,11,26.175
Cihan University â Erbil,Iraq,Unknown,66.61073825503355,27.96,23.5,2,11,26.175
Cihan University Sulaimaniya,Iraq,Unknown,66.61073825503355,27.96,10.5,7,11,26.175
"City University of Science and Information Technology, Peshawar",Pakistan,Unknown,66.61073825503355,27.96,21.7,2,11,26.175
Civil Aviation Academy,Kazakhstan,Unknown,66.61073825503355,27.96,17.5,2,11,26.175
University of Civil Protection,Belarus,Unknown,66.61073825503355,27.96,3.9,12,11,26.175
Conservatoire for Dance and Drama,United Kingdom,Unknown,66.61073825503355,27.96,11.8,36,11,26.175
University of Constantine 3,Algeria,Unknown,66.61073825503355,27.96,16.9,2,11,26.175
Courtauld Institute of Art,United Kingdom,Unknown,66.61073825503355,27.96,15,45,11,26.175
Cranfield University,United Kingdom,Unknown,66.61073825503355,27.96,7.7,63,11,26.175
University for the Creative Arts,United Kingdom,Unknown,66.61073825503355,27.96,18.1,40,11,26.175
University of Cumbria,United Kingdom,Unknown,66.61073825503355,27.96,17.7,11,11,26.175
University of Cyberjaya,Malaysia,Unknown,66.61073825503355,27.96,17.3,22,11,26.175
Cyprus Health and Social Sciences University,Northern Cyprus,Unknown,66.61073825503355,27.96,19.5,73,11,26.175
Daffodil International University (DIU),Bangladesh,Unknown,66.61073825503355,27.96,22,5,11,26.175
Daneshpajoohan Pishro Higher Education Institute,Iran,Unknown,66.61073825503355,27.96,43.7,0,11,26.175
Dawood University of Engineering and Technology,Pakistan,Unknown,66.61073825503355,27.96,11.5,0,11,26.175
Debre Tabor University,Ethiopia,Unknown,66.61073825503355,27.96,13.8,0,11,26.175
Delta University for Science and Technology,Egypt,Unknown,66.61073825503355,27.96,16.6,0,11,26.175
"Delta State University, Abraka",Nigeria,Unknown,66.61073825503355,27.96,34.7,0,11,26.175
Denau Institute of Entrepreneurship and Pedagogy,Uzbekistan,Unknown,66.61073825503355,27.96,21.5,0,11,26.175
Dhaka International University,Bangladesh,Unknown,66.61073825503355,27.96,27.8,8,11,26.175
DHA Suffa University,Pakistan,Unknown,66.61073825503355,27.96,21.4,0,11,26.175
Dhofar University,Oman,Unknown,66.61073825503355,27.96,17.4,7,11,26.175
University of Djilali Bounaama Khemis Miliana,Algeria,Unknown,66.61073825503355,27.96,27.6,0,11,26.175
Don Bosco University,India,Unknown,66.61073825503355,27.96,14.9,0,11,26.175
Donetsk National University of Economics and Trade named after Mykhailo Tuhan-Baranovsky (DonNUET),Ukraine,Unknown,66.61073825503355,27.96,12.4,1,11,26.175
Dovletmammet Azadi Turkmen National Institute of World Languages,Turkmenistan,Unknown,66.61073825503355,27.96,13.3,0,11,26.175
"Dr D. Y. Patil Vidyapeeth, Pune",India,Unknown,66.61073825503355,27.96,7.2,0,11,26.175
Dr. M.G.R. Educational and Research Institute,India,Unknown,66.61073825503355,27.96,15,0,11,26.175
D. Serikbayev East Kazakhstan Technical University,Kazakhstan,Unknown,66.61073825503355,27.96,14.4,3,11,26.175
University of Dubai,United Arab Emirates,Unknown,66.61073825503355,27.96,21,24,11,26.175
University of Duhok,Iraq,Unknown,66.61073825503355,27.96,12.8,1,11,26.175
Dulaty University,Kazakhstan,Unknown,66.61073825503355,27.96,11.6,15,11,26.175
EAE Business School,Spain,Unknown,66.61073825503355,27.96,7.2,48,11,26.175
EAN University,Colombia,Unknown,66.61073825503355,27.96,22,1,11,26.175
University of Eastern Philippines,Philippines,Unknown,66.61073825503355,27.96,42.4,0,11,26.175
Ãcole Nationale Polytechnique,Algeria,Unknown,66.61073825503355,27.96,10.2,0,11,26.175
Ãcole Nationale Polytechnique dâOran Maurice Audin,Algeria,Unknown,66.61073825503355,27.96,12.8,0,11,26.175
Ãcole Nationale SupÃ©rieure Agronomique,Algeria,Unknown,66.61073825503355,27.96,7.6,0,11,26.175
"Ãcole Nationale SupÃ©rieure Agronomique, Algiers",Algeria,Unknown,66.61073825503355,27.96,11.7,0,11,26.175
Ãcole Nationale SupÃ©rieure de Biotechnologie Taoufik Khaznadar (ENSB),Algeria,Unknown,66.61073825503355,27.96,15.1,0,11,26.175
Ãcole Nationale SupÃ©rieure dâInformatique (ESI),Algeria,Unknown,66.61073825503355,27.96,9.8,0,11,26.175
Ãcole Nationale SupÃ©rieure de Management KolÃ©a,Algeria,Unknown,66.61073825503355,27.96,16.4,0,11,26.175
Ãcole Nationale SupÃ©rieure des Sciences de la Mer et de lâAmÃ©nagement du Littoral (ENSSMAL),Algeria,Unknown,66.61073825503355,27.96,12,0,11,26.175
Ãcole Nationale SupÃ©rieure VÃ©tÃ©rinaire dâAlger,Algeria,Unknown,66.61073825503355,27.96,8.5,0,11,26.175
Ãcole National Polytechnique de Constantine,Algeria,Unknown,66.61073825503355,27.96,13.4,0,11,26.175
Ãcole Normale SupÃ©rieure de BÃ©char,Algeria,Unknown,66.61073825503355,27.96,6.5,0,11,26.175
Ãcole Normale SupÃ©rieure de BouzarÃ©ah,Algeria,Unknown,66.61073825503355,27.96,15.1,0,11,26.175
Ãcole Normale SupÃ©rieure El Katiba Assia Djebar Constantine (ENSC),Algeria,Unknown,66.61073825503355,27.96,14.3,0,11,26.175
Ãcole Normale SupÃ©rieure de Kouba,Algeria,Unknown,66.61073825503355,27.96,10.1,0,11,26.175
Ãcole Normale SupÃ©rieure de Laghouat,Algeria,Unknown,66.61073825503355,27.96,17.4,0,11,26.175
Ãcole Normale SupÃ©rieure dâOran,Algeria,Unknown,66.61073825503355,27.96,10.6,5,11,26.175
Ãcole Polytechnique dâArchitecture et dâUrbanisme,Algeria,Unknown,66.61073825503355,27.96,10.3,0,11,26.175
Ãcole SupÃ©rieure de ComptabilitÃ© et de Finances de Constantine,Algeria,Unknown,66.61073825503355,27.96,15.1,0,11,26.175
Ãcole SupÃ©rieure en Informatique 8 Mai 1945 de Sidi-Bel-AbbÃ¨s,Algeria,Unknown,66.61073825503355,27.96,17.6,0,11,26.175
Ãcole SupÃ©rieure en Sciences AppliquÃ©es de Tlemcen,Algeria,Unknown,66.61073825503355,27.96,8.8,0,11,26.175
Ãcole SupÃ©rieure en Sciences Biologiques dâOran (ESSBO),Algeria,Unknown,66.61073825503355,27.96,14.1,0,11,26.175
Ãcole SupÃ©rieure en Sciences et Technologies de lâInformatique et du NumÃ©rique (ESTIN),Algeria,Unknown,66.61073825503355,27.96,17.3,0,11,26.175
University of Economics â Varna,Bulgaria,Unknown,66.61073825503355,27.96,36.4,4,11,26.175
Edo State University Uzairue,Nigeria,Unknown,66.61073825503355,27.96,15.4,0,11,26.175
Edwin Clark University,Nigeria,Unknown,66.61073825503355,27.96,9.9,0,11,26.175
Effat University,Saudi Arabia,Unknown,66.61073825503355,27.96,11.6,34,11,26.175
Egerton University,Kenya,Unknown,66.61073825503355,27.96,55.1,1,11,26.175
Egyptian Russian University,Egypt,Unknown,66.61073825503355,27.96,13,2,11,26.175
Elizade University,Nigeria,Unknown,66.61073825503355,27.96,9.6,0,11,26.175
University of El Oued,Algeria,Unknown,66.61073825503355,27.96,33.3,0,11,26.175
Emir Abdelkader University of Islamic Sciences,Algeria,Unknown,66.61073825503355,27.96,19.6,0,11,26.175
"Institute of Engineering, Technical and Transport Communications of Turkmenistan",Turkmenistan,Unknown,66.61073825503355,27.96,14.2,1,11,26.175
Escola Superior de Enfermagem do Porto (ESEP),Portugal,Unknown,66.61073825503355,27.96,9.4,0,11,26.175
Escuela Superior PolitÃ©cnica de Chimborazo,Ecuador,Unknown,66.61073825503355,27.96,21.4,0,11,26.175
ESIC University,Spain,Unknown,66.61073825503355,27.96,19.6,10,11,26.175
EskiÅehir Technical University,Turkey,Unknown,66.61073825503355,27.96,21.6,2,11,26.175
Universidade Estadual do MaranhÃ£o,Brazil,Unknown,66.61073825503355,27.96,16,0,11,26.175
Universidade Estadual do Norte do ParanÃ¡ (UENP),Brazil,Unknown,66.61073825503355,27.96,7.5,0,11,26.175
European University,Georgia,Unknown,66.61073825503355,27.96,1.6,73,11,26.175
European University of Armenia,Armenia,Unknown,66.61073825503355,27.96,8.4,7,11,26.175
European University Cyprus,Cyprus,Unknown,66.61073825503355,27.96,19.5,54,11,26.175
European University of Tunis,Tunisia,Unknown,66.61073825503355,27.96,3.9,15,11,26.175
"Evangel University, Akaeze",Nigeria,Unknown,66.61073825503355,27.96,7.7,0,11,26.175
Falmouth University,United Kingdom,Unknown,66.61073825503355,27.96,16.6,13,11,26.175
Federal University of Kashere,Nigeria,Unknown,66.61073825503355,27.96,21.5,0,11,26.175
Federal University of Latin American Integration (UNILA),Brazil,Unknown,66.61073825503355,27.96,16.1,32,11,26.175
Federal University of ParaÃ­Â­ba (UFPB),Brazil,Unknown,66.61073825503355,27.96,13.9,0,11,26.175
"Federal University of Petroleum Resources, Effurun",Nigeria,Unknown,66.61073825503355,27.96,40,0,11,26.175
"Federal University of Technology, Minna",Nigeria,Unknown,66.61073825503355,27.96,25.7,0,11,26.175
"Federal University of Technology, Owerri",Nigeria,Unknown,66.61073825503355,27.96,19.2,0,11,26.175
Fergana Medical Institute of Public Health,Uzbekistan,Unknown,66.61073825503355,27.96,15.8,2,11,26.175
Fergana Polytechnic Institute,Uzbekistan,Unknown,66.61073825503355,27.96,25.1,0,11,26.175
Fergana State University,Uzbekistan,Unknown,66.61073825503355,27.96,20,1,11,26.175
Finis Terrae University,Chile,Unknown,66.61073825503355,27.96,8.4,2,11,26.175
Forman Christian College,Pakistan,Unknown,66.61073825503355,27.96,18.3,0,11,26.175
Fountain University,Nigeria,Unknown,66.61073825503355,27.96,10.7,0,11,26.175
University of Franca,Brazil,Unknown,66.61073825503355,27.96,107.3,0,11,26.175
Francisk Skorina Gomel State University,Belarus,Unknown,66.61073825503355,27.96,11.2,11,11,26.175
Fukushima University,Japan,Unknown,66.61073825503355,27.96,8.3,2,11,26.175
Future University in Egypt,Egypt,Unknown,66.61073825503355,27.96,9.9,11,11,26.175
University of Gafsa,Tunisia,Unknown,66.61073825503355,27.96,15.4,0,11,26.175
Gangadhar Meher University,India,Unknown,66.61073825503355,27.96,63,0,11,26.175
University of Garmian,Iraq,Unknown,66.61073825503355,27.96,9.9,0,11,26.175
General Sir John Kotelawala Defence University,Sri Lanka,Unknown,66.61073825503355,27.96,16.7,2,11,26.175
University of Ghardaia,Algeria,Unknown,66.61073825503355,27.96,29.5,0,11,26.175
Ghulam Ishaq Khan Institute of Engineering Sciences and Technology,Pakistan,Unknown,66.61073825503355,27.96,18.7,0,11,26.175
Glasgow School of Art,United Kingdom,Unknown,66.61073825503355,27.96,15.6,41,11,26.175
Gomel State Medical University,Belarus,Unknown,66.61073825503355,27.96,8.3,24,11,26.175
The Government Sadiq College Women University Bahawalpur,Pakistan,Unknown,66.61073825503355,27.96,68.8,0,11,26.175
Government College Women University Faisalabad,Pakistan,Unknown,66.61073825503355,27.96,56.3,0,11,26.175
"Government College Women University, Sialkot",Pakistan,Unknown,66.61073825503355,27.96,36,0,11,26.175
"The Graduate University for Advanced Studies, SOKENDAI",Japan,Unknown,66.61073825503355,27.96,0.5,29,11,26.175
Guildhall School of Music and Drama,United Kingdom,Unknown,66.61073825503355,27.96,5,35,11,26.175
Gulf College,Oman,Unknown,66.61073825503355,27.96,26.1,3,11,26.175
Gulf Medical University,United Arab Emirates,Unknown,66.61073825503355,27.96,12.7,90,11,26.175
Gulistan State University,Uzbekistan,Unknown,66.61073825503355,27.96,27.8,0,11,26.175
University of Hafr Al Batin,Saudi Arabia,Unknown,66.61073825503355,27.96,20.2,3,11,26.175
Hagoromo University of International Studies,Japan,Unknown,66.61073825503355,27.96,23.7,17,11,26.175
Hakuoh University,Japan,Unknown,66.61073825503355,27.96,44.2,1,11,26.175
HaliÃ§ University,Turkey,Unknown,66.61073825503355,27.96,24.2,19,11,26.175
HÃ¤me University of Applied Sciences,Finland,Unknown,66.61073825503355,27.96,34.2,7,11,26.175
Hanseo University,South Korea,Unknown,66.61073825503355,27.96,25,6,11,26.175
Harper Adams University,United Kingdom,Unknown,66.61073825503355,27.96,13.1,10,11,26.175
Hartpury University,United Kingdom,Unknown,66.61073825503355,27.96,18,11,11,26.175
Hawler Medical University,Iraq,Unknown,66.61073825503355,27.96,7.5,1,11,26.175
University of Health Sciences Lahore,Pakistan,Unknown,66.61073825503355,27.96,6.4,1,11,26.175
"University of Health Sciences, Turkey",Turkey,Unknown,66.61073825503355,27.96,7.5,8,11,26.175
School of Higher Commercial Studies (EHEC Algiers),Algeria,Unknown,66.61073825503355,27.96,13.2,0,11,26.175
"Higher National School of Renewable Energies, Environment and Sustainable Development",Algeria,Unknown,66.61073825503355,27.96,26.6,0,11,26.175
Higher School of Management and Digital Economy (HSMDE),Algeria,Unknown,66.61073825503355,27.96,16.4,0,11,26.175
Higher School of Agronomy â Mostaganem (ESAM),Algeria,Unknown,66.61073825503355,27.96,14.2,0,11,26.175
Higher School of Management â Tlemcen,Algeria,Unknown,66.61073825503355,27.96,12,0,11,26.175
University of the Highlands and Islands,United Kingdom,Unknown,66.61073825503355,27.96,139,12,11,26.175
Hilla University College,Iraq,Unknown,66.61073825503355,27.96,17.6,0,11,26.175
Hiroshima International University,Japan,Unknown,66.61073825503355,27.96,15.1,1,11,26.175
Hiroshima Shudo University,Japan,Unknown,66.61073825503355,27.96,22.2,1,11,26.175
Hiroshima Institute of Technology,Japan,Unknown,66.61073825503355,27.96,25.9,0,11,26.175
Hitotsubashi University,Japan,Unknown,66.61073825503355,27.96,16,13,11,26.175
Ho Chi Minh City Open University,Vietnam,Unknown,66.61073825503355,27.96,54,0,11,26.175
Hodeida University,Yemen,Unknown,66.61073825503355,27.96,22,0,11,26.175
Hokkaido University of Science,Japan,Unknown,66.61073825503355,27.96,20.1,0,11,26.175
University of Home Economics Lahore,Pakistan,Unknown,66.61073825503355,27.96,15,0,11,26.175
Ho Technical University,Ghana,Unknown,66.61073825503355,27.96,17.8,0,11,26.175
Hryhorii Skovoroda University in Pereiaslav,Ukraine,Unknown,66.61073825503355,27.96,13.6,0,11,26.175
University of Human Development,Iraq,Unknown,66.61073825503355,27.96,20.1,3,11,26.175
Humboldt State University,United States,Unknown,66.61073825503355,27.96,14.8,1,11,26.175
Hyogo University of Teacher Education,Japan,Unknown,66.61073825503355,27.96,10.2,2,11,26.175
Ibn Khaldoun University,Algeria,Unknown,66.61073825503355,27.96,29.6,0,11,26.175
"ICFAI University, Dehradun",India,Unknown,66.61073825503355,27.96,25.9,0,11,26.175
IFHE Hyderabad,India,Unknown,66.61073825503355,27.96,19.1,0,11,26.175
Ilma University,Pakistan,Unknown,66.61073825503355,27.96,21.1,0,11,26.175
Imam Al-Kadhum College (IKC),Iraq,Unknown,66.61073825503355,27.96,44.2,0,11,26.175
IMT Mines AlÃ¨s,France,Unknown,66.61073825503355,27.96,11.9,13,11,26.175
"Independent University, Bangladesh",Bangladesh,Unknown,66.61073825503355,27.96,31.6,0,11,26.175
Indira Gandhi Delhi Technical University for Women,India,Unknown,66.61073825503355,27.96,34.7,0,11,26.175
Information Technology University of the Punjab,Pakistan,Unknown,66.61073825503355,27.96,14.4,0,11,26.175
Innopolis University,Russia,Unknown,66.61073825503355,27.96,17.1,33,11,26.175
Institute of Cancer Research,United Kingdom,Unknown,66.61073825503355,27.96,2.8,36,11,26.175
Universidad Internacional del Ecuador,Ecuador,Unknown,66.61073825503355,27.96,25.8,2,11,26.175
International American University,United States,Unknown,66.61073825503355,27.96,14.8,96,11,26.175
International Christian University,Japan,Unknown,66.61073825503355,27.96,12.1,13,11,26.175
International Engineering and Technology University (METU),Kazakhstan,Unknown,66.61073825503355,27.96,32.7,1,11,26.175
International University for the Humanities and Development,Turkmenistan,Unknown,66.61073825503355,27.96,17.7,0,11,26.175
International IT University,Kazakhstan,Unknown,66.61073825503355,27.96,14.9,1,11,26.175
International University of Rabat,Morocco,Unknown,66.61073825503355,27.96,31.3,4,11,26.175
Institute of International Relations of the Ministry of Foreign Affairs of Turkmenistan,Turkmenistan,Unknown,66.61073825503355,27.96,9.2,0,11,26.175
Inter-State School of Veterinary Sciences and Medicine,Senegal,Unknown,66.61073825503355,27.96,17.4,69,11,26.175
Ionian University,Greece,Unknown,66.61073825503355,27.96,40.7,2,11,26.175
Ion Mincu University of Architecture and Urbanism,Romania,Unknown,66.61073825503355,27.96,13,4,11,26.175
Iqra University,Pakistan,Unknown,66.61073825503355,27.96,13.6,1,11,26.175
The Islamic University,Iraq,Unknown,66.61073825503355,27.96,10.2,1,11,26.175
Islamic University of Gaza,Palestine,Unknown,66.61073825503355,27.96,45,1,11,26.175
Islamic University of Madinah,Saudi Arabia,Unknown,66.61073825503355,27.96,8.4,70,11,26.175
Universitas Islam Sultan Agung,Indonesia,Unknown,66.61073825503355,27.96,14.3,0,11,26.175
Isra University,Jordan,Unknown,66.61073825503355,27.96,19.6,18,11,26.175
Israel Technological University,Ecuador,Unknown,66.61073825503355,27.96,37.7,1,11,26.175
Istanbul Arel University,Turkey,Unknown,66.61073825503355,27.96,21.3,10,11,26.175
Istanbul GeliÅim University,Turkey,Unknown,66.61073825503355,27.96,39,13,11,26.175
Istanbul KÃ¼ltÃ¼r University,Turkey,Unknown,66.61073825503355,27.96,26,11,11,26.175
Istanbul Okan University,Turkey,Unknown,66.61073825503355,27.96,15.3,14,11,26.175
IUBAT â International University of Business Agriculture and Technology,Bangladesh,Unknown,66.61073825503355,27.96,18.1,1,11,26.175
Universita IULM,Italy,Unknown,66.61073825503355,27.96,18.9,6,11,26.175
Ivano Frankivsk National Technical University of Oil and Gas,Ukraine,Unknown,66.61073825503355,27.96,17.3,3,11,26.175
Jabir ibn Hayyan Medical University,Iraq,Unknown,66.61073825503355,27.96,15.3,0,11,26.175
Jadara University,Jordan,Unknown,66.61073825503355,27.96,19.8,17,11,26.175
Japan Advanced Institute of Science and Technology (JAIST),Japan,Unknown,66.61073825503355,27.96,7.3,41,11,26.175
Japan University of Economics,Japan,Unknown,66.61073825503355,27.96,27.9,56,11,26.175
Jashore University of Science and Technology,Bangladesh,Unknown,66.61073825503355,27.96,13.2,0,11,26.175
University of Jendouba,Tunisia,Unknown,66.61073825503355,27.96,16.6,1,11,26.175
Jizzakh Polytechnic Institute,Uzbekistan,Unknown,66.61073825503355,27.96,18.5,0,11,26.175
Jizzakh State Pedagogical University,Uzbekistan,Unknown,66.61073825503355,27.96,27.5,0,11,26.175
John von Neumann University,Hungary,Unknown,66.61073825503355,27.96,13.8,0,11,26.175
Kabarak University,Kenya,Unknown,66.61073825503355,27.96,40,0,11,26.175
Kabardino-Balkarian State University,Russia,Unknown,66.61073825503355,27.96,19.7,14,11,26.175
University of Kabianga,Kenya,Unknown,66.61073825503355,27.96,39.1,0,11,26.175
Kadir Has University,Turkey,Unknown,66.61073825503355,27.96,24,4,11,26.175
Kamianets-PodÑlskyi Ivan Ohiienko National University,Ukraine,Unknown,66.61073825503355,27.96,7.6,0,11,26.175
Karaganda Buketov University,Kazakhstan,Unknown,66.61073825503355,27.96,9.1,7,11,26.175
Karaganda University of Kazpotrebsoyuz,Kazakhstan,Unknown,66.61073825503355,27.96,13.6,1,11,26.175
Karakalpak State University,Uzbekistan,Unknown,66.61073825503355,27.96,28.7,2,11,26.175
Karshi Engineering Economics Institute,Uzbekistan,Unknown,66.61073825503355,27.96,26.3,0,11,26.175
Kazakh-British Technical University,Kazakhstan,Unknown,66.61073825503355,27.96,27.6,2,11,26.175
Kazakh National Pedagogical University Abai,Kazakhstan,Unknown,66.61073825503355,27.96,16.1,3,11,26.175
Kazakh National Womenâs Teacher Training University,Kazakhstan,Unknown,66.61073825503355,27.96,18.6,2,11,26.175
Kazakhstan Medical University KSPH,Kazakhstan,Unknown,66.61073825503355,27.96,2.9,0,11,26.175
Kazan State Power Engineering University,Russia,Unknown,66.61073825503355,27.96,24.1,3,11,26.175
Keisen University,Japan,Unknown,66.61073825503355,27.96,26,5,11,26.175
Kharkiv University of Humanities âPeopleâs Ukrainian Academyâ,Ukraine,Unknown,66.61073825503355,27.96,7.4,0,11,26.175
Kharkiv National Automobile and Highway University,Ukraine,Unknown,66.61073825503355,27.96,14.6,10,11,26.175
Kharkiv National University of Internal Affairs,Ukraine,Unknown,66.61073825503355,27.96,13.8,4,11,26.175
Khazar University,Azerbaijan,Unknown,66.61073825503355,27.96,12.3,6,11,26.175
Khulna University of Engineering and Technology (KUET),Bangladesh,Unknown,66.61073825503355,27.96,15.5,0,11,26.175
Khwaja Fareed University of Engineering and Information Technology,Pakistan,Unknown,66.61073825503355,27.96,20.2,0,11,26.175
Khyber Medical University,Pakistan,Unknown,66.61073825503355,27.96,15.4,3,11,26.175
Kimyo International University in Tashkent,Uzbekistan,Unknown,66.61073825503355,27.96,17.3,13,11,26.175
King Abdullah University of Science and Technology (KAUST),Saudi Arabia,Unknown,66.61073825503355,27.96,8,67,11,26.175
King Danylo University,Ukraine,Unknown,66.61073825503355,27.96,9.1,0,11,26.175
King Edward Medical University,Pakistan,Unknown,66.61073825503355,27.96,13.7,2,11,26.175
Kinnaird College for Women,Pakistan,Unknown,66.61073825503355,27.96,18.3,0,11,26.175
University of Kirkuk,Iraq,Unknown,66.61073825503355,27.96,23.7,0,11,26.175
Kitami Institute of Technology,Japan,Unknown,66.61073825503355,27.96,14.6,5,11,26.175
Knowledge University,Iraq,Unknown,66.61073825503355,27.96,16.4,1,11,26.175
Kobe Gakuin University,Japan,Unknown,66.61073825503355,27.96,34.7,3,11,26.175
Kocaeli Health and Technology University,Turkey,Unknown,66.61073825503355,27.96,16.2,8,11,26.175
Kohsar University Murree,Pakistan,Unknown,66.61073825503355,27.96,24.5,0,11,26.175
Kokshetau State University,Kazakhstan,Unknown,66.61073825503355,27.96,9.1,5,11,26.175
Kokugakuin University,Japan,Unknown,66.61073825503355,27.96,40,1,11,26.175
Konan University,Japan,Unknown,66.61073825503355,27.96,23.3,1,11,26.175
Konan Womenâs University,Japan,Unknown,66.61073825503355,27.96,23.7,1,11,26.175
Koya University,Iraq,Unknown,66.61073825503355,27.96,9.3,1,11,26.175
KPR Institute of Engineering and Technology,India,Unknown,66.61073825503355,27.96,12.2,0,11,26.175
Kumasi Technical University,Ghana,Unknown,66.61073825503355,27.96,41,0,11,26.175
Kursk State Medical University,Russia,Unknown,66.61073825503355,27.96,12.1,31,11,26.175
KÃ¼tahya Health Sciences University,Turkey,Unknown,66.61073825503355,27.96,9.6,1,11,26.175
Kutaisi University,Georgia,Unknown,66.61073825503355,27.96,0.4,1,11,26.175
Kuwait College of Science and Technology (KCST),Kuwait,Unknown,66.61073825503355,27.96,25.3,4,11,26.175
Kyiv National Economic University,Ukraine,Unknown,66.61073825503355,27.96,11.2,1,11,26.175
Kyoai Gakuen University,Japan,Unknown,66.61073825503355,27.96,20.4,2,11,26.175
Kyoto Koka Womenâs University,Japan,Unknown,66.61073825503355,27.96,18.3,5,11,26.175
Kyoto Notre Dame University,Japan,Unknown,66.61073825503355,27.96,8.5,4,11,26.175
Kyrgyz-Turkish Manas University,Kyrgyzstan,Unknown,66.61073825503355,27.96,15,11,11,26.175
K. Zhubanov Aktobe Regional University,Kazakhstan,Unknown,66.61073825503355,27.96,21.4,2,11,26.175
Lahore Leads University,Pakistan,Unknown,66.61073825503355,27.96,15.3,0,11,26.175
Landmark University,Nigeria,Unknown,66.61073825503355,27.96,12.9,0,11,26.175
Larbi Tebessi University,Algeria,Unknown,66.61073825503355,27.96,21.6,0,11,26.175
La Salle University,Colombia,Unknown,66.61073825503355,27.96,18.9,1,11,26.175
University of Las AmÃ©ricas (UDLA),Ecuador,Unknown,66.61073825503355,27.96,13.7,2,11,26.175
Leeds Arts University,United Kingdom,Unknown,66.61073825503355,27.96,15.9,12,11,26.175
Leeds Conservatoire,United Kingdom,Unknown,66.61073825503355,27.96,20.9,11,11,26.175
Leeds Trinity University,United Kingdom,Unknown,66.61073825503355,27.96,23.7,9,11,26.175
Lesya Ukrainka Volyn National University,Ukraine,Unknown,66.61073825503355,27.96,12.4,1,11,26.175
Liaquat University of Medical and Health Sciences (LUMHS),Pakistan,Unknown,66.61073825503355,27.96,10,4,11,26.175
University of Liberal Arts Bangladesh,Bangladesh,Unknown,66.61073825503355,27.96,19.4,0,11,26.175
Lincoln University College,Malaysia,Unknown,66.61073825503355,27.96,5.7,41,11,26.175
Lira University,Uganda,Unknown,66.61073825503355,27.96,14.3,0,11,26.175
UniversitÃ© du Littoral CÃ´te dâOpale,France,Unknown,66.61073825503355,27.96,20.2,17,11,26.175
Liverpool Hope University,United Kingdom,Unknown,66.61073825503355,27.96,17.2,14,11,26.175
Liverpool Institute for Performing Arts,United Kingdom,Unknown,66.61073825503355,27.96,18.5,22,11,26.175
Liverpool School of Tropical Medicine,United Kingdom,Unknown,66.61073825503355,27.96,2.1,28,11,26.175
The LNM Institute of Information Technology,India,Unknown,66.61073825503355,27.96,19.1,0,11,26.175
London Academy of Music and Dramatic Art (LAMDA),United Kingdom,Unknown,66.61073825503355,27.96,6.8,40,11,26.175
London Business School,United Kingdom,Unknown,66.61073825503355,27.96,20.2,91,11,26.175
London School of Hygiene and Tropical Medicine,United Kingdom,Unknown,66.61073825503355,27.96,1.7,57,11,26.175
London Metropolitan University,United Kingdom,Unknown,66.61073825503355,27.96,25.5,50,11,26.175
Lviv State University of Life Safety,Ukraine,Unknown,66.61073825503355,27.96,12.3,0,11,26.175
University of Magallanes,Chile,Unknown,66.61073825503355,27.96,15.6,1,11,26.175
Universidad del Magdalena,Colombia,Unknown,66.61073825503355,27.96,31.8,0,11,26.175
University Centre of Maghnia,Algeria,Unknown,66.61073825503355,27.96,19.5,0,11,26.175
Mahatma Jyotiba Phule Rohilkhand University,India,Unknown,66.61073825503355,27.96,38.8,0,11,26.175
Malawi University of Science and Technology (MUST),Malawi,Unknown,66.61073825503355,27.96,12.4,0,11,26.175
Management Development Institute (MDI),India,Unknown,66.61073825503355,27.96,12.5,0,11,26.175
Management & Science University (MSU),Malaysia,Unknown,66.61073825503355,27.96,9,30,11,26.175
Universidad Manuela BeltrÃ¡n,Colombia,Unknown,66.61073825503355,27.96,30.6,0,11,26.175
MapÃºa University,Philippines,Unknown,66.61073825503355,27.96,32.3,1,11,26.175
Margulan University,Kazakhstan,Unknown,66.61073825503355,27.96,22.8,2,11,26.175
Mariano Marcos State University,Philippines,Unknown,66.61073825503355,27.96,24.8,0,11,26.175
Maritime University of Szczecin,Poland,Unknown,66.61073825503355,27.96,24.2,13,11,26.175
University of Mataram,Indonesia,Unknown,66.61073825503355,27.96,24,0,11,26.175
M. Auezov South Kazakhstan University,Kazakhstan,Unknown,66.61073825503355,27.96,6.3,12,11,26.175
Universidad Mayor de San SimÃ³n,Bolivia,Unknown,66.61073825503355,27.96,182,0,11,26.175
University of Medea,Algeria,Unknown,66.61073825503355,27.96,25.9,0,11,26.175
University of MedellÃ­n,Colombia,Unknown,66.61073825503355,27.96,16.9,2,11,26.175
Medizinische Hochschule Hannover,Germany,Unknown,66.61073825503355,27.96,8.3,14,11,26.175
Meikai University,Japan,Unknown,66.61073825503355,27.96,17.8,16,11,26.175
Universitas Mercu Buana,Indonesia,Unknown,66.61073825503355,27.96,23.9,0,11,26.175
Middle East University,Jordan,Unknown,66.61073825503355,27.96,20.2,27,11,26.175
Mindanao State University â Iligan Institute of Technology,Philippines,Unknown,66.61073825503355,27.96,40.7,0,11,26.175
Minhaj University Lahore,Pakistan,Unknown,66.61073825503355,27.96,10.6,0,11,26.175
University of Misan,Iraq,Unknown,66.61073825503355,27.96,19.9,0,11,26.175
Misr University for Science and Technology,Egypt,Unknown,66.61073825503355,27.96,17.6,5,11,26.175
Mizoram University,India,Unknown,66.61073825503355,27.96,8.9,0,11,26.175
M. Kumarasamy College of Engineering,India,Unknown,66.61073825503355,27.96,11.5,0,11,26.175
"MNS University of Agriculture, Multan",Pakistan,Unknown,66.61073825503355,27.96,31.1,0,11,26.175
Modern University for Business and Science,Lebanon,Unknown,66.61073825503355,27.96,20.5,20,11,26.175
UniversitÃ© Mohamed El Bachir El Ibrahimi de Bordj Bou ArrÃ©ridj,Algeria,Unknown,66.61073825503355,27.96,33.9,0,11,26.175
University of Mohamed Lamine Debaghin Setif 2,Algeria,Unknown,66.61073825503355,27.96,33.6,0,11,26.175
Monroe College,United States,Unknown,66.61073825503355,27.96,16.1,14,11,26.175
University of Monterrey,Mexico,Unknown,66.61073825503355,27.96,17,1,11,26.175
Russian Biotechnological University (BIOTECH),Russia,Unknown,66.61073825503355,27.96,10.8,9,11,26.175
Moscow State Linguistic University,Russia,Unknown,66.61073825503355,27.96,6.4,9,11,26.175
Moscow Technical University of Communications and Informatics,Russia,Unknown,66.61073825503355,27.96,20.3,6,11,26.175
University of Mostar,Bosnia and Herzegovina,Unknown,66.61073825503355,27.96,8.9,14,11,26.175
Muban Chombueng Rajabhat University,Thailand,Unknown,66.61073825503355,27.96,15.2,0,11,26.175
Universitas Muhammadiyah Yogyakarta,Indonesia,Unknown,66.61073825503355,27.96,29.4,1,11,26.175
Mukogawa Womenâs University,Japan,Unknown,66.61073825503355,27.96,24.8,0,11,26.175
Mulungushi University,Zambia,Unknown,66.61073825503355,27.96,44.5,1,11,26.175
Musashino University,Japan,Unknown,66.61073825503355,27.96,28.5,8,11,26.175
Universidad Nacional Abierta y a Distancia (UNAD),Colombia,Unknown,66.61073825503355,27.96,49.6,0,11,26.175
Universidad Nacional de AsunciÃ³n,Paraguay,Unknown,66.61073825503355,27.96,9.8,2,11,26.175
Universidad Nacional de Chimborazo,Ecuador,Unknown,66.61073825503355,27.96,16.8,1,11,26.175
Universidad Nacional de ItapÃºa,Paraguay,Unknown,66.61073825503355,27.96,5,1,11,26.175
Universidad Nacional de Rafaela (UNRaf),Argentina,Unknown,66.61073825503355,27.96,6.3,0,11,26.175
Nagoya University of Commerce & Business,Japan,Unknown,66.61073825503355,27.96,32.1,10,11,26.175
Nakhchivan State University,Azerbaijan,Unknown,66.61073825503355,27.96,7.9,20,11,26.175
Nakhon Ratchasima Rajabhat University,Thailand,Unknown,66.61073825503355,27.96,27.8,0,11,26.175
Namal University,Pakistan,Unknown,66.61073825503355,27.96,15.9,0,11,26.175
Namangan Engineering Construction Institute,Uzbekistan,Unknown,66.61073825503355,27.96,20.9,0,11,26.175
Namangan Institute of Engineering and Technology,Uzbekistan,Unknown,66.61073825503355,27.96,14.1,0,11,26.175
Namangan State University,Uzbekistan,Unknown,66.61073825503355,27.96,25.8,0,11,26.175
Narxoz University,Kazakhstan,Unknown,66.61073825503355,27.96,13,2,11,26.175
"Nasarawa State University, Keffi",Nigeria,Unknown,66.61073825503355,27.96,13.2,13,11,26.175
Universidad Nacional Agraria La Molina,Peru,Unknown,66.61073825503355,27.96,13.2,2,11,26.175
National Film and Television School,United Kingdom,Unknown,66.61073825503355,27.96,7.3,41,11,26.175
National University of Food Technologies,Ukraine,Unknown,66.61073825503355,27.96,10.1,0,11,26.175
National University Odessa Law Academy,Ukraine,Unknown,66.61073825503355,27.96,18.6,1,11,26.175
The National University of Ostroh Academy,Ukraine,Unknown,66.61073825503355,27.96,9.8,0,11,26.175
National Polytechnic University of Armenia,Armenia,Unknown,66.61073825503355,27.96,7.3,2,11,26.175
National University of Quilmes,Argentina,Unknown,66.61073825503355,27.96,32.4,2,11,26.175
National School of Artificial Intelligence (ENSIA),Algeria,Unknown,66.61073825503355,27.96,12.5,0,11,26.175
"National University of Science and Technology, Oman",Oman,Unknown,66.61073825503355,27.96,18.2,10,11,26.175
"National University, Sudan",Sudan,Unknown,66.61073825503355,27.96,15.1,5,11,26.175
National Textile University,Pakistan,Unknown,66.61073825503355,27.96,18.8,0,11,26.175
National Transport University,Ukraine,Unknown,66.61073825503355,27.96,10.2,3,11,26.175
National University of Water and Environmental Engineering,Ukraine,Unknown,66.61073825503355,27.96,16.1,2,11,26.175
National University âYuri Kondratyuk Poltava Polytechnicâ,Ukraine,Unknown,66.61073825503355,27.96,8.7,9,11,26.175
Navoi State Pedagogical Institute,Uzbekistan,Unknown,66.61073825503355,27.96,26.4,0,11,26.175
Netaji Subhas University of Technology,India,Unknown,66.61073825503355,27.96,14.6,3,11,26.175
Niger Delta University,Nigeria,Unknown,66.61073825503355,27.96,23.4,0,11,26.175
Nihon Pharmaceutical University,Japan,Unknown,66.61073825503355,27.96,17.7,4,11,26.175
Niigata University of Health and Welfare,Japan,Unknown,66.61073825503355,27.96,17.3,1,11,26.175
University of Niigata Prefecture,Japan,Unknown,66.61073825503355,27.96,16,1,11,26.175
Ninevah University,Iraq,Unknown,66.61073825503355,27.96,14.6,0,11,26.175
Nitte (Deemed to be University),India,Unknown,66.61073825503355,27.96,8.1,1,11,26.175
University of Northampton,United Kingdom,Unknown,66.61073825503355,27.96,17.6,32,11,26.175
Northeast Ohio Medical University,United States,Unknown,66.61073825503355,27.96,10.4,0,11,26.175
Northern Border University,Saudi Arabia,Unknown,66.61073825503355,27.96,11.5,2,11,26.175
Northern Technical University,Iraq,Unknown,66.61073825503355,27.96,30.9,0,11,26.175
Norwich University of the Arts,United Kingdom,Unknown,66.61073825503355,27.96,15.6,12,11,26.175
University Centre of El-Bayadh,Algeria,Unknown,66.61073825503355,27.96,33.2,0,11,26.175
University of Nova Gorica,Slovenia,Unknown,66.61073825503355,27.96,3.2,55,11,26.175
Novosibirsk State University of Economics and Management,Russia,Unknown,66.61073825503355,27.96,8.3,18,11,26.175
Nueva Ecija University of Science and Technology (NEUST),Philippines,Unknown,66.61073825503355,27.96,60,1,11,26.175
Universidad Nur,Bolivia,Unknown,66.61073825503355,27.96,9.5,0,11,26.175
October 6 University,Egypt,Unknown,66.61073825503355,27.96,11.9,4,11,26.175
October University for Modern Sciences and Arts (MSA),Egypt,Unknown,66.61073825503355,27.96,9.8,1,11,26.175
Odesa I.I. Mechnikov National University,Ukraine,Unknown,66.61073825503355,27.96,7.2,3,11,26.175
Oguz Han Engineering and Technology University of Turkmenistan,Turkmenistan,Unknown,66.61073825503355,27.96,14.1,0,11,26.175
University of Okara,Pakistan,Unknown,66.61073825503355,27.96,60.6,0,11,26.175
Omsk State Agrarian University,Russia,Unknown,66.61073825503355,27.96,20.3,11,11,26.175
Open Christian University,South Africa,Unknown,66.61073825503355,27.96,1.6,88,11,26.175
O.P. Jindal Global University,India,Unknown,66.61073825503355,27.96,9.1,0,11,26.175
UniversitÃ© dâOran 2 Mohamed Ben Ahmed,Algeria,Unknown,66.61073825503355,27.96,29.2,1,11,26.175
Oran Graduate School of Economics,Algeria,Unknown,66.61073825503355,27.96,13.2,0,11,26.175
Orel State Agrarian University named after N.V. Parahin,Russia,Unknown,66.61073825503355,27.96,10.4,20,11,26.175
Orel State University named after I.S. Turgenev,Russia,Unknown,66.61073825503355,27.96,14.9,13,11,26.175
ORT Uruguay University,Uruguay,Unknown,66.61073825503355,27.96,6.7,3,11,26.175
Osol Al-Deen University College,Iraq,Unknown,66.61073825503355,27.96,28.8,0,11,26.175
University College of Osteopathy,United Kingdom,Unknown,66.61073825503355,27.96,10.6,31,11,26.175
Ostrogradsky National University of Kremenchuk,Ukraine,Unknown,66.61073825503355,27.96,12.5,1,11,26.175
University of Oum El Bouaghi,Algeria,Unknown,66.61073825503355,27.96,12.8,0,11,26.175
Universidad del PacÃ­fico,Peru,Unknown,66.61073825503355,27.96,9.1,2,11,26.175
Universidad del PacÃ­fico Ecuador,Ecuador,Unknown,66.61073825503355,27.96,13.9,1,11,26.175
Palestine Polytechnic University,Palestine,Unknown,66.61073825503355,27.96,16.6,2,11,26.175
Palestine Technical University â Kadoorie,Palestine,Unknown,66.61073825503355,27.96,18.8,4,11,26.175
Universidad de Pamplona,Colombia,Unknown,66.61073825503355,27.96,14.9,1,11,26.175
Panteion University of Social and Political Sciences,Greece,Unknown,66.61073825503355,27.96,67.8,2,11,26.175
PanthÃ©on-Assas University (Paris 2),France,Unknown,66.61073825503355,27.96,77.9,12,11,26.175
Pavlo Tychyna Uman State Pedagogical University,Ukraine,Unknown,66.61073825503355,27.96,14.5,3,11,26.175
University of Petra,Jordan,Unknown,66.61073825503355,27.96,20.5,22,11,26.175
Petre Shotadze Tbilisi Medical Academy,Georgia,Unknown,66.61073825503355,27.96,16.4,64,11,26.175
Petroleum University of Technology,Iran,Unknown,66.61073825503355,27.96,35,0,11,26.175
Petro Mohyla Black Sea National University,Ukraine,Unknown,66.61073825503355,27.96,10.2,10,11,26.175
Pharos University,Egypt,Unknown,66.61073825503355,27.96,29.1,1,11,26.175
Philadelphia University (Jordan),Jordan,Unknown,66.61073825503355,27.96,16.4,33,11,26.175
"Plateau State University, Bokkos",Nigeria,Unknown,66.61073825503355,27.96,11.4,0,11,26.175
Platov South-Russian State Polytechnic University (NPI),Russia,Unknown,66.61073825503355,27.96,10.1,9,11,26.175
Plymouth Marjon University,United Kingdom,Unknown,66.61073825503355,27.96,22.4,2,11,26.175
Polytechnic Institute of SetÃºbal,Portugal,Unknown,66.61073825503355,27.96,17.8,7,11,26.175
Pontifical Catholic University of Argentina,Argentina,Unknown,66.61073825503355,27.96,4.4,7,11,26.175
University of Poonch Rawalakot,Pakistan,Unknown,66.61073825503355,27.96,28.1,0,11,26.175
Universidad Popular AutÃ³noma del Estado de Puebla,Mexico,Unknown,66.61073825503355,27.96,19.3,2,11,26.175
Prefectural University of Hiroshima,Japan,Unknown,66.61073825503355,27.96,11.9,2,11,26.175
"Presbyterian University, Ghana",Ghana,Unknown,66.61073825503355,27.96,41.3,1,11,26.175
Presidency University,India,Unknown,66.61073825503355,27.96,20.3,0,11,26.175
Prince Mohammad Bin Fahd University,Saudi Arabia,Unknown,66.61073825503355,27.96,11.7,17,11,26.175
"University of Professional Studies, Accra",Ghana,Unknown,66.61073825503355,27.96,50.9,0,11,26.175
Prydniprovska State Academy of Civil Engineering and Architecture,Ukraine,Unknown,66.61073825503355,27.96,7.2,5,11,26.175
Pskov State University,Russia,Unknown,66.61073825503355,27.96,18.7,13,11,26.175
PUC-Campinas,Brazil,Unknown,66.61073825503355,27.96,32.8,0,11,26.175
University of Puthisastra,Cambodia,Unknown,66.61073825503355,27.96,8.1,0,11,26.175
"Quaid-e-Awam University of Engineering, Science and Technology (QUEST)",Pakistan,Unknown,66.61073825503355,27.96,10.6,0,11,26.175
Queen Arwa University,Yemen,Unknown,66.61073825503355,27.96,9.2,1,11,26.175
Queen Margaret University,United Kingdom,Unknown,66.61073825503355,27.96,21.8,30,11,26.175
Universidade Rainha Njinga a Mbande (URNM),Angola,Unknown,66.61073825503355,27.96,12.2,0,11,26.175
Rajamangala University of Technology Isan,Thailand,Unknown,66.61073825503355,27.96,18.2,0,11,26.175
Rajamangala University of Technology Thanyaburi (RMUTT),Thailand,Unknown,66.61073825503355,27.96,22.7,1,11,26.175
Rawalpindi Medical University,Pakistan,Unknown,66.61073825503355,27.96,9.1,1,11,26.175
Rennes School of Business,France,Unknown,66.61073825503355,27.96,34.6,34,11,26.175
Ritsumeikan Asia Pacific University (APU),Japan,Unknown,66.61073825503355,27.96,25.8,47,11,26.175
Rose Bruford College,United Kingdom,Unknown,66.61073825503355,27.96,15.8,20,11,26.175
Rostov State University of Economics,Russia,Unknown,66.61073825503355,27.96,24.8,3,11,26.175
Royal Agricultural University,United Kingdom,Unknown,66.61073825503355,27.96,20.7,13,11,26.175
"Royal Central School of Speech and Drama, University of London",United Kingdom,Unknown,66.61073825503355,27.96,16.7,33,11,26.175
Royal College of Academics,Luxembourg,Unknown,66.61073825503355,27.96,333.3,100,11,26.175
Royal College of Art,United Kingdom,Unknown,66.61073825503355,27.96,20.4,80,11,26.175
Royal Conservatoire of Scotland,United Kingdom,Unknown,66.61073825503355,27.96,10.9,38,11,26.175
Royal Academy of Dramatic Art (RADA),United Kingdom,Unknown,66.61073825503355,27.96,4.4,20,11,26.175
Royal Academy of Music,United Kingdom,Unknown,66.61073825503355,27.96,9.8,49,11,26.175
Royal College of Music,United Kingdom,Unknown,66.61073825503355,27.96,10.3,58,11,26.175
Royal Northern College of Music,United Kingdom,Unknown,66.61073825503355,27.96,11,33,11,26.175
Russian State Agrarian University â Moscow Timiryazev Agricultural Academy,Russia,Unknown,66.61073825503355,27.96,13.3,5,11,26.175
Russian University of State for Social (RUSS),Russia,Unknown,66.61073825503355,27.96,34.5,5,11,26.175
Ryazan State Medical University,Russia,Unknown,66.61073825503355,27.96,9.4,15,11,26.175
University of Sadat City,Egypt,Unknown,66.61073825503355,27.96,49.5,1,11,26.175
University of Saida,Algeria,Unknown,66.61073825503355,27.96,19.5,0,11,26.175
University of Saint Joseph,Macao,Unknown,66.61073825503355,27.96,12.8,10,11,26.175
Saint Petersburg State Pediatric Medical University,Russia,Unknown,66.61073825503355,27.96,11.9,14,11,26.175
"Saint Thomas University, Colombia",Colombia,Unknown,66.61073825503355,27.96,21.1,0,11,26.175
Sakon Nakhon Rajabhat University,Thailand,Unknown,66.61073825503355,27.96,20.6,1,11,26.175
Salahaddin UniversityâErbil,Iraq,Unknown,66.61073825503355,27.96,11.7,1,11,26.175
Samara State Medical University,Russia,Unknown,66.61073825503355,27.96,9.4,11,11,26.175
Samarkand State University,Uzbekistan,Unknown,66.61073825503355,27.96,16.7,0,11,26.175
Samarkand State Institute of Foreign Languages,Uzbekistan,Unknown,66.61073825503355,27.96,14.7,0,11,26.175
Samarkand State Medical University,Uzbekistan,Unknown,66.61073825503355,27.96,9.9,2,11,26.175
Samsun University,Turkey,Unknown,66.61073825503355,27.96,21.2,4,11,26.175
Universidad San Ignacio de Loyola,Peru,Unknown,66.61073825503355,27.96,35.4,1,11,26.175
University of San MartÃ­n de Porres,Peru,Unknown,66.61073825503355,27.96,18.2,1,11,26.175
University of Santander,Colombia,Unknown,66.61073825503355,27.96,19.3,1,11,26.175
Universidad Santo TomÃ¡s,Chile,Unknown,66.61073825503355,27.96,22.4,1,11,26.175
Sarsen Amanzholov East Kazakhstan University,Kazakhstan,Unknown,66.61073825503355,27.96,25,2,11,26.175
Satya Wacana Christian University,Indonesia,Unknown,66.61073825503355,27.96,41.2,0,11,26.175
Saudi Electronic University,Saudi Arabia,Unknown,66.61073825503355,27.96,21.7,7,11,26.175
SBS Swiss Business School,Switzerland,Unknown,66.61073825503355,27.96,13.6,61,11,26.175
University of Science and Technology of Southern Philippines (USTP),Philippines,Unknown,66.61073825503355,27.96,28.3,0,11,26.175
SDU University,Kazakhstan,Unknown,66.61073825503355,27.96,22.7,0,11,26.175
Sebha University,Libya,Unknown,66.61073825503355,27.96,10,5,11,26.175
Sefako Makgatho Health Sciences University,South Africa,Unknown,66.61073825503355,27.96,6.8,2,11,26.175
Seisa Dohto University,Japan,Unknown,66.61073825503355,27.96,14.4,8,11,26.175
Senshu University,Japan,Unknown,66.61073825503355,27.96,21.9,3,11,26.175
Seyitnazar Seydi Turkmen State Pedagogical Institute,Turkmenistan,Unknown,66.61073825503355,27.96,21.9,0,11,26.175
"Shah Abdul Latif University, Khairpur",Pakistan,Unknown,66.61073825503355,27.96,37,0,11,26.175
Shaheed Benazir Bhutto Women University Peshawar,Pakistan,Unknown,66.61073825503355,27.96,26.9,0,11,26.175
Shaheed Mohtarma Benazir Bhutto Medical University,Pakistan,Unknown,66.61073825503355,27.96,3.4,0,11,26.175
Shaheed Zulfiqar Ali Bhutto Medical University,Pakistan,Unknown,66.61073825503355,27.96,12.7,2,11,26.175
The University of Shiga Prefecture,Japan,Unknown,66.61073825503355,27.96,14,2,11,26.175
Shonan Institute of Technology,Japan,Unknown,66.61073825503355,27.96,30.2,8,11,26.175
Silesian University in Opava,Czechia,Unknown,66.61073825503355,27.96,20,5,11,26.175
SIMAD University,Somalia,Unknown,66.61073825503355,27.96,18.1,0,11,26.175
SimÃ³n BolÃ­var University (Colombia),Colombia,Unknown,66.61073825503355,27.96,21,1,11,26.175
Universidad del SinÃº,Colombia,Unknown,66.61073825503355,27.96,26.8,0,11,26.175
Sir Syed University of Engineering and Technology,Pakistan,Unknown,66.61073825503355,27.96,17.5,0,11,26.175
Skolkovo Institute of Science and Technology (Skoltech),Russia,Unknown,66.61073825503355,27.96,8.8,21,11,26.175
Sohar University,Oman,Unknown,66.61073825503355,27.96,28.5,2,11,26.175
"Solent University, Southampton",United Kingdom,Unknown,66.61073825503355,27.96,17.4,34,11,26.175
"Soochow University, Taiwan",Taiwan,Unknown,66.61073825503355,27.96,34.6,4,11,26.175
University of Sopron,Hungary,Unknown,66.61073825503355,27.96,13.6,4,11,26.175
University of Souk Ahras,Algeria,Unknown,66.61073825503355,27.96,19.4,0,11,26.175
Institute of Southern Punjab â Multan,Pakistan,Unknown,66.61073825503355,27.96,19.4,0,11,26.175
Southern Technical University,Iraq,Unknown,66.61073825503355,27.96,34.5,0,11,26.175
Sri Balaji Vidyapeeth,India,Unknown,66.61073825503355,27.96,8.7,1,11,26.175
Sri Lanka Institute of Information Technology,Sri Lanka,Unknown,66.61073825503355,27.96,56.8,0,11,26.175
State Energy Institute of Turkmenistan,Turkmenistan,Unknown,66.61073825503355,27.96,13,1,11,26.175
Stavropol State Agrarian University,Russia,Unknown,66.61073825503355,27.96,6.8,7,11,26.175
St Lukeâs International University,Japan,Unknown,66.61073825503355,27.96,8.7,2,11,26.175
"St Maryâs University College, Belfast",United Kingdom,Unknown,66.61073825503355,27.96,23.5,48,11,26.175
"St Maryâs University, Twickenham",United Kingdom,Unknown,66.61073825503355,27.96,15.8,23,11,26.175
Stranmillis University College,United Kingdom,Unknown,66.61073825503355,27.96,24.8,18,11,26.175
University of Suffolk,United Kingdom,Unknown,66.61073825503355,27.96,15.1,14,11,26.175
University of Sufism and Modern Sciences (USMS),Pakistan,Unknown,66.61073825503355,27.96,28.1,5,11,26.175
Sugiyama Jogakuen University,Japan,Unknown,66.61073825503355,27.96,28.3,1,11,26.175
Sukkur IBA University,Pakistan,Unknown,66.61073825503355,27.96,15.4,0,11,26.175
University of Swabi,Pakistan,Unknown,66.61073825503355,27.96,11.6,0,11,26.175
Tafila Technical University,Jordan,Unknown,66.61073825503355,27.96,22.9,1,11,26.175
University of Taipei,Taiwan,Unknown,66.61073825503355,27.96,19.9,3,11,26.175
Takushoku University,Japan,Unknown,66.61073825503355,27.96,12.7,13,11,26.175
Tama Art University,Japan,Unknown,66.61073825503355,27.96,33.4,11,11,26.175
University of Tamanghasset,Algeria,Unknown,66.61073825503355,27.96,32,0,11,26.175
Tarlac Agricultural University,Philippines,Unknown,66.61073825503355,27.96,26.1,0,11,26.175
Tarsus University,Turkey,Unknown,66.61073825503355,27.96,22.7,1,11,26.175
Tashkent Institute of Chemical Technology,Uzbekistan,Unknown,66.61073825503355,27.96,17.1,0,11,26.175
Tashkent Institute of Finance,Uzbekistan,Unknown,66.61073825503355,27.96,22.7,1,11,26.175
Tashkent University of Information Technologies,Uzbekistan,Unknown,66.61073825503355,27.96,19.4,0,11,26.175
Tashkent Institute of Irrigation and Agricultural Mechanisation,Uzbekistan,Unknown,66.61073825503355,27.96,7.4,5,11,26.175
Tashkent Medical Academy,Uzbekistan,Unknown,66.61073825503355,27.96,9.8,2,11,26.175
Tashkent Pediatric Medical Institute,Uzbekistan,Unknown,66.61073825503355,27.96,10.1,1,11,26.175
Tashkent Pharmaceutical Institute,Uzbekistan,Unknown,66.61073825503355,27.96,13.4,12,11,26.175
Tashkent State Dental Institute,Uzbekistan,Unknown,66.61073825503355,27.96,8.9,3,11,26.175
Tashkent State University of Economics,Uzbekistan,Unknown,66.61073825503355,27.96,21,3,11,26.175
Tashkent State University of Law,Uzbekistan,Unknown,66.61073825503355,27.96,10.8,1,11,26.175
Tashkent State University of Oriental Studies,Uzbekistan,Unknown,66.61073825503355,27.96,14.8,1,11,26.175
Tashkent State Pedagogical University named after Nizami,Uzbekistan,Unknown,66.61073825503355,27.96,22.2,1,11,26.175
Tashkent State Technical University,Uzbekistan,Unknown,66.61073825503355,27.96,12.6,0,11,26.175
Tashkent State Transport University,Uzbekistan,Unknown,66.61073825503355,27.96,24.1,0,11,26.175
Tashkent Institute of Textile and Light Industry,Uzbekistan,Unknown,66.61073825503355,27.96,11.5,0,11,26.175
Tata Institute of Fundamental Research,India,Unknown,66.61073825503355,27.96,3,0,11,26.175
Tatung University,Taiwan,Unknown,66.61073825503355,27.96,19.4,3,11,26.175
T. C. DemiroÄlu Bilim University,Turkey,Unknown,66.61073825503355,27.96,10.3,0,11,26.175
Teacher Education College of Setif,Algeria,Unknown,66.61073825503355,27.96,14.7,0,11,26.175
Technical University of Moldova,Moldova,Unknown,66.61073825503355,27.96,11.6,2,11,26.175
University of Technology Nowshera,Pakistan,Unknown,66.61073825503355,27.96,37.2,0,11,26.175
Universidad TÃ©cnica de ManabÃ­,Ecuador,Unknown,66.61073825503355,27.96,29.7,1,11,26.175
Universidad TecnolÃ³gica de BolÃ­var,Colombia,Unknown,66.61073825503355,27.96,21.8,0,11,26.175
Universidad TecnolÃ³gica de Santiago (UTESA),Dominican Republic,Unknown,66.61073825503355,27.96,117.8,4,11,26.175
TecnolÃ³gico de Costa Rica,Costa Rica,Unknown,66.61073825503355,27.96,14.5,2,11,26.175
Instituto TecnolÃ³gico Metropolitano,Colombia,Unknown,66.61073825503355,27.96,24.8,0,11,26.175
Teerthanker Mahaveer University,India,Unknown,66.61073825503355,27.96,11.9,0,11,26.175
Teikyo Heisei University,Japan,Unknown,66.61073825503355,27.96,19.7,1,11,26.175
Universiti Teknologi Brunei,Brunei Darussalam,Unknown,66.61073825503355,27.96,6.7,7,11,26.175
Institut Teknologi Nasional Bandung (ITENAS Bandung),Indonesia,Unknown,66.61073825503355,27.96,22.3,0,11,26.175
University of Telafer,Iraq,Unknown,66.61073825503355,27.96,32,0,11,26.175
Institute of Telecommunications and Informatics of Turkmenistan,Turkmenistan,Unknown,66.61073825503355,27.96,9.7,0,11,26.175
Tenri University,Japan,Unknown,66.61073825503355,27.96,23.4,6,11,26.175
Termez State University,Uzbekistan,Unknown,66.61073825503355,27.96,26.2,1,11,26.175
Termez Institute of Engineering and Technology,Uzbekistan,Unknown,66.61073825503355,27.96,41.7,0,11,26.175
Termiz Institute of Agrotechnology and Innovative Development,Uzbekistan,Unknown,66.61073825503355,27.96,17.4,0,11,26.175
University of the Thai Chamber of Commerce,Thailand,Unknown,66.61073825503355,27.96,31,12,11,26.175
University of Thi-Qar,Iraq,Unknown,66.61073825503355,27.96,15.9,0,11,26.175
Thomas Adewumi University,Nigeria,Unknown,66.61073825503355,27.96,2.9,0,11,26.175
Tikrit University,Iraq,Unknown,66.61073825503355,27.96,13.6,0,11,26.175
Tishk International University,Iraq,Unknown,66.61073825503355,27.96,13,0,11,26.175
Tissemsilt University,Algeria,Unknown,66.61073825503355,27.96,19,0,11,26.175
Tohoku Gakuin University,Japan,Unknown,66.61073825503355,27.96,36.7,0,11,26.175
Tokyo University of Foreign Studies,Japan,Unknown,66.61073825503355,27.96,16.6,10,11,26.175
Tokyo University of Technology,Japan,Unknown,66.61073825503355,27.96,27.3,4,11,26.175
Tomsk State Pedagogical University,Russia,Unknown,66.61073825503355,27.96,20.5,6,11,26.175
Toraighyrov University,Kazakhstan,Unknown,66.61073825503355,27.96,14.1,2,11,26.175
Trinity Laban Conservatoire of Music and Dance,United Kingdom,Unknown,66.61073825503355,27.96,9.6,34,11,26.175
University of Tripoli,Libya,Unknown,66.61073825503355,27.96,19.8,2,11,26.175
Turan-Astana University,Kazakhstan,Unknown,66.61073825503355,27.96,9.2,2,11,26.175
Turin Polytechnic University in Tashkent,Uzbekistan,Unknown,66.61073825503355,27.96,39.7,1,11,26.175
Turkmen State Architecture and Construction Institute,Turkmenistan,Unknown,66.61073825503355,27.96,9.9,0,11,26.175
Turkmen State Institute of Economics and Management,Turkmenistan,Unknown,66.61073825503355,27.96,13.1,0,11,26.175
Tver State Technical University,Russia,Unknown,66.61073825503355,27.96,8.5,10,11,26.175
Ubon Ratchathani University,Thailand,Unknown,66.61073825503355,27.96,23.9,0,11,26.175
UBT,Unknown,Unknown,66.61073825503355,27.96,12.6,3,11,26.175
"UEES, Espiritu Santo University",Ecuador,Unknown,66.61073825503355,27.96,12.8,24,11,26.175
UIN Sulthan Thaha Saifuddin Jambi,Indonesia,Unknown,66.61073825503355,27.96,47,0,11,26.175
Ulyanovsk State University,Russia,Unknown,66.61073825503355,27.96,18.2,17,11,26.175
Ulyanovsk State Technical University,Russia,Unknown,66.61073825503355,27.96,16.6,8,11,26.175
UNESC,Brazil,Unknown,66.61073825503355,27.96,19.7,0,11,26.175
Unichristus,Brazil,Unknown,66.61073825503355,27.96,10.6,0,11,26.175
United International University,Bangladesh,Unknown,66.61073825503355,27.96,21.9,1,11,26.175
Universiapolis â UniversitÃ© Internationale dâAgadir,Morocco,Unknown,66.61073825503355,27.96,22.9,11,11,26.175
Ural State University of Economics,Russia,Unknown,66.61073825503355,27.96,8.7,8,11,26.175
Ural State Medical University,Russia,Unknown,66.61073825503355,27.96,14.2,10,11,26.175
Urgench State University,Uzbekistan,Unknown,66.61073825503355,27.96,20.3,4,11,26.175
Uruk University,Iraq,Unknown,66.61073825503355,27.96,21.9,0,11,26.175
Universidad UTE,Ecuador,Unknown,66.61073825503355,27.96,18.7,1,11,26.175
National University of Uzbekistan named after Mirzo Ulugbek,Uzbekistan,Unknown,66.61073825503355,27.96,13.2,2,11,26.175
Uzbekistan State University of World Languages,Uzbekistan,Unknown,66.61073825503355,27.96,20.6,0,11,26.175
Uzbek State University of Physical Culture and Sport,Uzbekistan,Unknown,66.61073825503355,27.96,29.7,0,11,26.175
Valahia University of Targoviste,Romania,Unknown,66.61073825503355,27.96,22,1,11,26.175
University of Vale do ItajaÃ­,Brazil,Unknown,66.61073825503355,27.96,16.4,1,11,26.175
Varendra University,Bangladesh,Unknown,66.61073825503355,27.96,19.7,0,11,26.175
Varna University of Management,Bulgaria,Unknown,66.61073825503355,27.96,13,35,11,26.175
Vasyl Stefanyk Precarpathian National University,Ukraine,Unknown,66.61073825503355,27.96,15.3,0,11,26.175
"Veritas University, Abuja",Nigeria,Unknown,66.61073825503355,27.96,15.9,3,11,26.175
University of Veterinary Medicine and Pharmacy in KoÅ¡ice,Slovakia,Unknown,66.61073825503355,27.96,9,44,11,26.175
Vila Velha University,Brazil,Unknown,66.61073825503355,27.96,18.5,1,11,26.175
Vinayaka Missionâs Research Foundation,India,Unknown,66.61073825503355,27.96,9.5,0,11,26.175
Visayas State University,Philippines,Unknown,66.61073825503355,27.96,16.6,0,11,26.175
Visvesvaraya Technological University,India,Unknown,66.61073825503355,27.96,19.7,0,11,26.175
Volgograd State Medical University,Russia,Unknown,66.61073825503355,27.96,5.9,32,11,26.175
University of Wales Trinity Saint David,United Kingdom,Unknown,66.61073825503355,27.96,23.6,32,11,26.175
University of Warith Alanbiyaa,Iraq,Unknown,66.61073825503355,27.96,16.7,0,11,26.175
Wasit University,Iraq,Unknown,66.61073825503355,27.96,20.7,0,11,26.175
Westcliff University,United States,Unknown,66.61073825503355,27.96,12.8,85,11,26.175
Western Caspian University,Azerbaijan,Unknown,66.61073825503355,27.96,10.1,6,11,26.175
West Ukrainian National University,Ukraine,Unknown,66.61073825503355,27.96,21,3,11,26.175
West Virginia University,United States,Unknown,66.61073825503355,27.96,18.3,5,11,26.175
WHU: Beisheim,Germany,Unknown,66.61073825503355,27.96,31.3,32,11,26.175
Women University Mardan,Pakistan,Unknown,66.61073825503355,27.96,26.5,1,11,26.175
The Women University Multan,Pakistan,Unknown,66.61073825503355,27.96,38,0,11,26.175
University of Worcester,United Kingdom,Unknown,66.61073825503355,27.96,17.2,14,11,26.175
World University of Bangladesh (WUB),Bangladesh,Unknown,66.61073825503355,27.96,20.8,0,11,26.175
The World Islamic Sciences and Education University (WISE),Jordan,Unknown,66.61073825503355,27.96,27.2,8,11,26.175
Wrexham Glyndwr University,United Kingdom,Unknown,66.61073825503355,27.96,25.5,19,11,26.175
Writtle University College,United Kingdom,Unknown,66.61073825503355,27.96,7.5,9,11,26.175
WSB Academy,Poland,Unknown,66.61073825503355,27.96,6.4,49,11,26.175
Yagshigeldi Kakayev International University of Oil and Gas,Turkmenistan,Unknown,66.61073825503355,27.96,11.4,1,11,26.175
Yamaguchi Prefectural University,Japan,Unknown,66.61073825503355,27.96,16.2,2,11,26.175
Yanka Kupala State University of Grodno,Belarus,Unknown,66.61073825503355,27.96,15.7,10,11,26.175
YaÅar University,Turkey,Unknown,66.61073825503355,27.96,11.7,2,11,26.175
York St John University,United Kingdom,Unknown,66.61073825503355,27.96,18.4,13,11,26.175
"Yusuf Maitama Sule University, Kano",Nigeria,Unknown,66.61073825503355,27.96,26.2,0,11,26.175
Zarqa University,Jordan,Unknown,66.61073825503355,27.96,17,35,11,26.175
Zhetysu University,Kazakhstan,Unknown,66.61073825503355,27.96,18.2,0,11,26.175
Zhytomyr Polytechnic State University,Ukraine,Unknown,66.61073825503355,27.96,16.1,1,11,26.175
Ziane Achour University of Djelfa,Algeria,Unknown,66.61073825503355,27.96,28.5,0,11,26.175
Ziauddin University,Pakistan,Unknown,66.61073825503355,27.96,9.2,0,11,26.175
