Rank,Name,Country,Student Population,Students to Staff Ratio,International Students,Female to Male Ratio,Overall Score,Teaching,Research Environment,Research Quality,Industry Impact,International Outlook,Year
1,University of Oxford,United Kingdom,"22,005",10.4,43%,52:48:00,98.21,97.2,100,97.7,99.9,96.4,2026
2,Massachusetts Institute of Technology,United States,"11,703",7.7,33%,43:57:00,97.6735,99.2,95.3,99.6,100,91.9,2026
3,Princeton University,United States,"8,739",8.2,23%,47:53:00,97.211,98.2,97.3,99,98,85.4,2026
4,University of Cambridge,United Kingdom,"21,045",11.3,38%,50:50:00,97.2065,96.2,99.9,97.1,87.6,96.3,2026
5,Stanford University,United States,"17,422",5.9,25%,48:52:00,97.151,97.5,97.4,99.5,100,83.9,2026
6,Harvard University,United States,"22,680",10.1,27%,53:47:00,97.051,95.9,100,98.9,86.7,88.3,2026
7,California Institute of Technology,United States,"2,401",6.7,33%,39 : 61,96.3165,96.4,97.4,96.8,100,87.9,2026
8,Imperial College London,United Kingdom,"21,340",12.1,60%,43:57:00,94.689,90.6,94.9,98,91.9,98.2,2026
9,"University of California, Berkeley",United States,"42,565",18.4,25%,53:47:00,94.406,87.3,99,98.9,99.5,83.9,2026
10,Yale University,United States,"14,884",6.2,24%,53:47:00,94.081,94.6,94.5,97.2,87.6,81.4,2026
11,ETH Zurich,Switzerland,"23,106",15.5,44%,33 : 67,93.126,88.5,97.2,94.5,83.7,95.1,2026
12,Tsinghua University,China,"38,569",10.8,11%,,93.0305,95.9,98.5,93.9,100,53.4,2026
13,Peking University,China,"35,659",11.3,15%,,92.2815,95.4,97.9,89,100,67.3,2026
14,University of Pennsylvania,United States,"22,422",6.6,26%,55:45:00,90.8025,88.1,90.3,96.1,97.9,78.4,2026
15,The University of Chicago,United States,"16,509",5.9,39%,47:53:00,90.6345,89.6,90.1,96.8,76.4,79.7,2026
16,Johns Hopkins University,United States,"21,275",5.6,34%,54:46:00,90.0605,84.6,89.9,96.3,100,81.9,2026
17,National University of Singapore,Singapore,"35,558",21,31%,49:51:00,89.672,78.6,93.1,95.1,99.9,92.8,2026
18,"University of California, Los Angeles",United States,"44,700",9.8,15%,57:43:00,89.486,86,91.4,95.6,93.5,69.2,2026
19,Cornell University,United States,"25,673",10.6,26%,53:47:00,89.459,85.9,90.6,95.9,70.3,83.5,2026
20,Columbia University,United States,"30,580",5.6,42%,,89.4025,87.8,87.8,95.9,74.8,83.7,2026
21,University of Toronto,Canada,"80,394",25.1,39%,56:44:00,88.4545,78.2,92.9,92.3,95.8,92.3,2026
22,UCL,United Kingdom,"47,520",12.1,63%,60:40:00,87.4425,77.8,85.9,97.6,74.7,97.5,2026
23,University of Michigan-Ann Arbor,United States,"48,449",8.4,19%,52:48:00,86.9295,85.7,87.3,93.8,81.4,65.8,2026
24,Carnegie Mellon University,United States,"16,257",13,50%,44:56:00,84.959,72.7,83,99,85.5,84.3,2026
25,University of Washington,United States,"49,524",9.5,18%,57:43:00,83.7165,77,80,97.6,81.6,70.1,2026
26,The University of Tokyo,Japan,"26,298",10.2,18%,,83.5245,94.7,94.2,68.2,100,50.8,2026
27,Technical University of Munich,Germany,"35,755",40.7,45%,37 : 63,83.4475,71.9,84.8,91.3,100,83.4,2026
28,Duke University,United States,"17,871",4.4,25%,55:45:00,82.9195,78.7,74.2,95.4,100,74.2,2026
29,University of Edinburgh,United Kingdom,"35,350",11.3,49%,62:38:00,82.4895,75.7,74.7,94.8,71,96.2,2026
30,Northwestern University,United States,"20,611",8.2,24%,54:46:00,81.869,73.2,76,96.9,96,71,2026
31,"Nanyang Technological University, Singapore",Singapore,"25,859",17.3,31%,47:53:00,81.64,65.8,78.1,95.2,100,93.6,2026
32,New York University,United States,"48,973",9,46%,59:41:00,81.6115,74.6,78.5,94.3,74.8,74.1,2026
33,University of Hong Kong,Hong Kong,"17,668",17.8,48%,56:44:00,80.4655,68.3,70.8,95.6,96.5,96.6,2026
34,LMU Munich,Germany,"33,697",19.1,19%,61:39:00,79.6665,68.4,75.4,92.4,100,78.7,2026
35,École Polytechnique Fédérale de Lausanne,Switzerland,"13,306",13.3,64%,31 : 69,79.6155,73.5,70.8,87.5,99.9,95.4,2026
36,Fudan University,China,"38,601",12.4,10%,52:48:00,79.2785,79.5,77.1,84.8,99.8,53.8,2026
37,University of Melbourne,Australia,"51,622",23.3,51%,58:42:00,79.0485,67.7,75.5,87.8,99.3,91.6,2026
38,King’s College London,United Kingdom,"34,410",12.6,52%,64:36:00,78.6575,64.2,72.1,95.5,72.3,96.9,2026
39,Zhejiang University,China,"54,313",13,14%,,78.3135,75,78.4,84.3,100,55.5,2026
40,Shanghai Jiao Tong University,China,"41,507",12.5,11%,36 : 64,77.5695,75.4,79.1,80.2,100,57.7,2026
41,McGill University,Canada,"30,196",11.7,29%,61:39:00,77.127,71,70.8,86.2,77.5,89.2,2026
42,Georgia Institute of Technology,United States,"33,325",28.3,32%,34 : 66,77.1145,60.8,75.8,90.4,99.1,81.5,2026
43,University of Illinois at Urbana-Champaign,United States,"50,640",18.9,23%,47:53:00,77.072,67.9,80.7,85.3,84.4,62.3,2026
44,The Chinese University of Hong Kong,Hong Kong,"18,461",18.2,25%,,77.0595,63.2,63.8,97.9,90.9,92.1,2026
45,University of British Columbia,Canada,"60,112",18.7,34%,55:45:00,77.029,64.1,73.9,88.6,77.4,93.5,2026
46,KU Leuven,Belgium,"50,336",37.1,21%,52:48:00,76.8155,61.3,73.8,91.3,100,79.2,2026
47,"University of California, San Diego",United States,"40,586",9.8,23%,51:49:00,76.5385,66.4,63.7,97.1,100,71.3,2026
48,Paris Sciences et Lettres – PSL Research University Paris,France,"15,646",14.5,20%,52:48:00,76.4815,74.2,71.8,79.8,99.7,77.9,2026
49,Universität Heidelberg,Germany,"20,091",8,24%,56:44:00,76.3075,68.3,61.4,95.3,93.7,80.2,2026
50,University of Texas at Austin,United States,"51,158",17,10%,56:44:00,75.828,67.8,76,90.1,82.3,46.2,2026
51,University of Science and Technology of China,China,"22,955",8.2,5%,,75.6435,72.9,69.8,89,98.9,43.2,2026
52,London School of Economics and Political Science,United Kingdom,"12,625",12.3,72%,57:43:00,75.4525,60.5,71.2,93.4,46.8,94.2,2026
53,The University of Sydney,Australia,"51,531",22.4,53%,,75.06,59.2,67.5,91.5,98.9,88.2,2026
54,University of Wisconsin-Madison,United States,"45,254",10.7,15%,,75.0445,70.3,68.8,88,82.6,62,2026
55,Karolinska Institute,Sweden,"8,123",9.8,23%,70:30:00,74.995,59.6,66,95.5,94.7,77.8,2026
56,University of Manchester,United Kingdom,"43,470",14.9,46%,57:43:00,74.9325,61.2,65.9,92.4,74,94.5,2026
57,Delft University of Technology,Netherlands,"21,410",14.8,35%,32 : 68,74.246,64.1,75.1,75.5,100,92.1,2026
58,The Hong Kong University of Science and Technology,Hong Kong,"8,912",14.3,48%,,74.123,56.2,60.6,95.6,100,97.2,2026
59,Seoul National University,South Korea,"26,783",15.3,16%,,74.094,74.1,74.8,77.6,100,43.5,2026
60,Monash University,Australia,"56,287",30.6,36%,54:46:00,74.09,54.3,65.5,94,99.6,91.9,2026
61,Kyoto University,Japan,"21,617",9,11%,25 : 75,73.961,86.4,82.7,56.9,100,45.6,2026
62,University of Amsterdam,Netherlands,"31,035",12.6,39%,60:40:00,73.7445,55.4,63.6,96.6,76,92.5,2026
63,Nanjing University,China,"34,217",14.1,10%,59:41:00,73.714,69.6,66.2,85.1,99.6,59.6,2026
64,"University of California, Davis",United States,"38,565",13.6,22%,58:42:00,72.819,63.9,66.4,84.9,86.5,77.1,2026
65,Brown University,United States,"10,887",10.3,22%,,72.5865,70,61,87.4,69.6,69.9,2026
66,Wageningen University & Research,Netherlands,"15,905",16.9,31%,54:46:00,72.193,58.6,58.4,90.4,99.5,91.6,2026
67,Washington University in St Louis,United States,"15,165",8.2,28%,52:48:00,71.999,60.8,56.2,97.5,74.5,73.8,2026
68,Université Paris-Saclay,France,"32,807",14,25%,50:50:00,71.6445,67.9,62.2,80.6,92.4,76,2026
69,Institut Polytechnique de Paris,France,"6,217",7.6,43%,1.011805556,71.6435,71.8,62.4,70.9,99.1,95.1,2026
70,Leiden University,Netherlands,"34,441",17.6,22%,58:42:00,71.3345,49.3,63.3,93.6,99.1,85.2,2026
71,Korea Advanced Institute of Science and Technology (KAIST),South Korea,"10,728",11.9,11%,24 : 76,71.2865,66.7,67.5,82.4,100,44.2,2026
72,"University of California, Santa Barbara",United States,"25,735",22.9,18%,55:45:00,71.2395,50.3,63.2,94.5,92.7,80.2,2026
73,City University of Hong Kong,Hong Kong,"8,219",12.4,76%,54:46:00,71.1405,56.5,52.7,92.7,100,98.4,2026
74,Australian National University,Australia,"17,243",13.3,51%,54:46:00,71.1075,56.7,62.6,85.7,86.3,94.2,2026
75,University of Southern California,United States,"42,840",13.3,27%,53:47:00,71.0935,59.8,59.6,92.7,74.9,71.5,2026
76,Sorbonne University,France,"38,923",13.6,23%,61:39:00,70.394,67.6,59.2,81.6,73.1,78.4,2026
77,Boston University,United States,"29,239",11.4,33%,58:42:00,70.365,61.2,56.5,91.8,72.4,73.2,2026
78,University of North Carolina at Chapel Hill,United States,"34,813",8,10%,61:39:00,70.2735,63.8,59.6,91.3,75.9,49.9,2026
79,UNSW Sydney,Australia,"47,144",32.5,44%,45:55:00,70.0075,50.2,57.7,91.9,96.7,93.7,2026
80,University of Bristol,United Kingdom,"29,680",14.2,35%,56:44:00,69.737,51.4,56.5,94.4,74.6,91.8,2026
81,The University of Queensland,Australia,"41,295",23.6,43%,54:46:00,69.7005,50.9,60.9,87.6,97.6,91.2,2026
82,The Hong Kong Polytechnic University,Hong Kong,"18,636",17.8,42%,50:50:00,69.674,51.9,55.4,91.8,86.5,97.3,2026
83,University of Groningen,Netherlands,"33,098",23.4,28%,54:46:00,69.2895,47.4,55.9,94.1,99.7,91.7,2026
84,University of Glasgow,United Kingdom,"34,075",13.4,45%,60:40:00,68.9255,50.6,52.2,95.9,73.2,95.5,2026
85,Purdue University West Lafayette,United States,"43,555",18.5,20%,43:57:00,68.7785,62.1,66.3,73.8,86.3,75.2,2026
86,Yonsei University (Seoul campus),South Korea,"19,066",15.3,17%,51:49:00,68.48,58.7,57.4,87.8,100,55.7,2026
87,Sungkyunkwan University (SKKU),South Korea,"19,012",15.8,22%,49:51:00,68.2645,60.2,57.5,83.4,99.7,64.3,2026
88,University of Minnesota,United States,"58,751",11.9,9%,55:45:00,67.477,60.3,59,84.1,99.9,44.7,2026
89,Humboldt University of Berlin,Germany,"34,833",42.1,18%,,67.197,52.6,60.6,85.5,65.9,77.6,2026
90,University of Copenhagen,Denmark,"31,425",4.2,14%,63:37:00,67.1185,51.3,52.2,91.3,92.8,76.6,2026
91,Charité - Universitätsmedizin Berlin,Germany,"9,520",18.1,21%,65:35:00,66.937,47.2,48.7,98.2,100,72.4,2026
92,RWTH Aachen University,Germany,"27,662",35.1,33%,35 : 65,66.748,54.9,63,76.7,100,70.3,2026
93,Vanderbilt University,United States,"12,863",3.8,18%,55:45:00,66.736,53.8,48.1,95.6,91.9,60.8,2026
94,University of Bonn,Germany,"24,491",34.1,16%,58:42:00,66.6895,51.5,56.6,88.5,78.7,71.8,2026
95,University of Vienna,Austria,"30,228",36.6,34%,65:35:00,66.601,50,60.9,79.8,80,94,2026
96,Lund University,Sweden,"23,748",10.2,22%,56:44:00,66.5655,49.1,56.7,85.7,99.7,79.2,2026
97,"University of California, Irvine",United States,"35,079",15.3,24%,54:46:00,66.4315,47.8,52.8,91.2,98.4,76.3,2026
98,University of Tübingen,Germany,"21,627",22.5,15%,59:41:00,66.3255,49.1,53.8,89,98.6,74.6,2026
99,KTH Royal Institute of Technology,Sweden,"15,263",18.2,28%,31 : 69,66.277,51.1,57.3,79.7,97.2,90.5,2026
100,University of Birmingham,United Kingdom,"34,145",14.6,35%,56:44:00,66.258,47.7,48.4,93.7,74.2,94.3,2026
101,Aarhus University,Denmark,"25,370",12.8,12%,60:40:00,66.1985,48.6,58.8,83.9,99.8,75.3,2026
102,Emory University,United States,"13,652",4,20%,61:39:00,65.941,53.8,46.2,94.6,82.8,66.4,2026
103,Rice University,United States,"8,223",10.3,31%,43:57:00,65.8395,56.7,46.8,88.1,72.9,82.6,2026
104,University of Helsinki,Finland,"22,974",15.8,7%,68:32:00,65.738,50.4,57.3,90.1,70.7,58.6,2026
105,Tohoku University,Japan,"17,349",12.6,13%,28 : 72,65.7275,70.9,70.8,52.8,100,59.2,2026
106,Michigan State University,United States,"45,537",16.5,10%,53:47:00,65.709,57.1,55.9,82.7,69.9,67.3,2026
107,Erasmus University Rotterdam,Netherlands,"31,507",21.1,26%,54:46:00,65.569,38.5,52.9,95.9,89.2,87.1,2026
108,Ohio State University (Main campus),United States,"54,645",9.8,12%,52:48:00,65.432,57.4,51.7,85.7,85.4,58.4,2026
109,University of Bern,Switzerland,"11,959",17.4,18%,59:41:00,65.4255,46.6,47,92,99.4,86.3,2026
110,Penn State (Main campus),United States,"48,746",15.1,16%,47:53:00,65.404,54.8,61.9,80.4,70.8,57.8,2026
111,University of Sheffield,United Kingdom,"29,305",15.2,41%,53:47:00,65.3465,49.7,49.1,88.3,79.4,90.4,2026
112,University of Massachusetts,United States,"62,471",12.8,15%,51:49:00,65.278,55,46.6,87.9,88.6,75,2026
113,Free University of Berlin,Germany,"24,851",43.9,24%,63:37:00,65.2345,50.2,58.3,82.2,72.4,79.5,2026
114,University of Oslo,Norway,"20,102",11.7,18%,64:36:00,65.1615,47.8,52.5,90.3,75.2,76.5,2026
115,Ghent University,Belgium,"42,572",37.8,14%,58:42:00,65.1385,48.8,58.6,82.7,99.9,65.9,2026
116,McMaster University,Canada,"28,647",28.8,23%,57:43:00,65.021,42.2,49.3,93.1,100,84.6,2026
117,"University of Maryland, College Park",United States,"33,483",16.3,10%,50:50:00,64.9525,50.4,58.3,89.1,69.5,48.9,2026
118,University of Leeds,United Kingdom,"35,600",14.4,39%,60:40:00,64.8795,48.3,50.3,87.2,71.6,93.6,2026
119,University of Alberta,Canada,"33,938",21.6,28%,,64.6105,49.1,55.4,78.1,100,88.4,2026
120,University of Basel,Switzerland,"8,655",11.1,32%,57:43:00,64.528,50.2,42.8,87.5,99.8,94.2,2026
121,Technical University of Denmark,Denmark,"11,254",8.8,37%,34 : 66,64.34,51.2,46.5,82.6,99.9,93,2026
122,University of Göttingen,Germany,"19,783",22.1,14%,54:46:00,64.1135,49.4,52.7,87.2,71,70.1,2026
123,University of Warwick,United Kingdom,"26,515",13.2,44%,50:50:00,64.1125,48.1,49.3,85.6,69.4,95.6,2026
124,Wuhan University,China,"49,045",13.5,6%,,64.104,54,48.4,90.1,99.7,41.6,2026
125,University of Lausanne,Switzerland,"14,241",9.8,23%,,63.7435,44.3,46.1,89,99.4,88.4,2026
126,University of Hamburg,Germany,"28,389",55.3,13%,58:42:00,63.6855,45.7,52.8,87.1,99.8,63.6,2026
127,University of Rochester,United States,"10,505",8.1,36%,52:48:00,63.6135,51.8,44.5,86.3,92,78.1,2026
128,Uppsala University,Sweden,"20,953",10.9,18%,59:41:00,63.4565,47.4,54.9,81.3,95,71.5,2026
129,University of Southampton,United Kingdom,"24,355",14.3,46%,54:46:00,63.3345,44.6,45.4,89.6,73.1,96.1,2026
130,University of Bologna,Italy,"75,831",22.4,16%,58:42:00,63.2855,54.2,50.1,83.3,82.5,59.7,2026
131,Maastricht University,Netherlands,"21,903",16.4,60%,60:40:00,63.2565,41.4,46.1,88.3,98.3,96.7,2026
132,Harbin Institute of Technology,China,"32,375",11,4%,,63.2045,57.2,57.7,77.2,100,32.5,2026
133,Lomonosov Moscow State University,Russian Federation,"31,603",9.7,38%,51:49:00,63.0545,80.9,69.7,32.9,93.4,71.6,2026
134,Adelaide University,Australia,"43,623",30.4,27%,55:45:00,63.0525,38.3,48.9,89.5,99.7,89.8,2026
135,University of Florida,United States,"47,815",15.5,10%,56:44:00,62.92,55.3,56.7,76.2,90.9,48.9,2026
136,Beijing Normal University,China,"29,655",15.5,7%,,62.893,59.6,49.3,80.9,89.1,42.4,2026
137,Queen Mary University of London,United Kingdom,"25,135",14.3,46%,53:47:00,62.853,38.7,42.6,95.7,76.5,97.5,2026
138,Scuola Normale Superiore di Pisa,Italy,700,8.8,11%,30 : 70,62.7635,58.6,46.9,86.4,37.7,59.3,2026
139,University of Freiburg,Germany,"20,405",19.6,18%,55:45:00,62.643,46.7,47.4,84.5,99.7,77.1,2026
140,University of Arizona,United States,"52,414",20.9,7%,57:43:00,62.555,48.3,52.5,86.1,80.6,53.7,2026
141,National Taiwan University (NTU),Taiwan,"18,743",9.7,24%,44:56:00,62.464,59.4,54.9,68.6,100,59.2,2026
142,Pohang University of Science and Technology (POSTECH),South Korea,"3,234",9.2,7%,,62.306,58.3,49.5,79.2,100,39.9,2026
143,Tongji University,China,"33,414",11.9,16%,41:59:00,62.2865,53.2,53.6,74.3,99.9,63.5,2026
144,University of Liverpool,United Kingdom,"26,770",13.9,33%,55:45:00,62.2175,43.5,42,91.2,68,95,2026
145,Newcastle University,United Kingdom,"26,400",15,28%,54:46:00,62.0815,39.8,43.2,93,80,89.5,2026
146,University of Nottingham,United Kingdom,"35,470",15.5,28%,55:45:00,62.027,45.8,43.3,87.3,72.1,91.8,2026
147,University of Macau,Macao,"12,258",19.4,51%,53:47:00,62.0075,40.2,40.9,92.9,87,92.5,2026
148,Case Western Reserve University,United States,"11,514",9.9,26%,51:49:00,61.97,51.8,42.2,88.7,74.9,64.6,2026
149,University of Technology Sydney,Australia,"29,729",37.7,26%,51:49:00,61.9555,36.8,42.6,94.1,88.7,92.9,2026
150,University of Barcelona,Spain,"45,016",14.9,12%,64:36:00,61.933,44,47.8,88.5,92.4,64.6,2026
151,Université de Montréal,Canada,"39,749",15.5,23%,,61.9155,41.4,50.5,83.1,95.5,84.1,2026
152,The University of Osaka,Japan,"22,367",10.4,12%,33 : 67,61.844,65.9,64.9,53.3,100,47.9,2026
153,Texas A&M University,United States,"68,486",22.6,8%,47:53:00,61.7755,52.5,57.2,73.4,73.5,63.2,2026
154,The University of Western Australia,Australia,"19,880",23.6,30%,51:49:00,61.7165,38.7,45.1,87.6,98.4,93.4,2026
155,Radboud University Nijmegen,Netherlands,"23,615",16.1,13%,58:42:00,61.537,38.5,49.7,89.3,82.1,75.9,2026
156,University of York,United Kingdom,"20,330",14.3,29%,57:43:00,61.4895,44.1,43.9,87.5,67.6,90.6,2026
157,University of Pittsburgh-Pittsburgh campus,United States,"27,492",5.4,11%,51:49:00,61.448,49.2,43.3,92,76.8,49.4,2026
158,University of Auckland,New Zealand,"33,639",23.3,33%,55:45:00,61.428,40.4,46.8,85.7,92.2,87.2,2026
159,Korea University,South Korea,"21,728",17.5,38%,,61.406,52.4,51.3,73.3,99.9,67.8,2026
160,University of Colorado Boulder,United States,"37,094",17,8%,46:54:00,61.3185,47.5,51.6,84.1,77.3,53.6,2026
161,Technical University of Berlin,Germany,"20,180",46.9,29%,36 : 64,61.0665,45.2,52.8,77.8,95.2,70.3,2026
162,Southern University of Science and Technology (SUSTech),China,"8,193",9.6,1%,,60.9575,39.6,44.2,93.9,88.5,63.3,2026
163,University of Waterloo,Canada,"34,772",22.7,21%,47:53:00,60.913,42.7,47.6,83.4,77,85.5,2026
164,University of St Andrews,United Kingdom,"11,265",12.9,49%,59:41:00,60.9,50.6,43.3,78.2,71.9,94.4,2026
165,University of Cologne,Germany,"27,278",23,18%,,60.8155,44.5,46.5,83.9,94.2,70.2,2026
166,University of Cape Town,South Africa,"20,094",12.6,12%,56:44:00,60.7405,39.4,46.7,87.8,84.8,77.9,2026
167,Karlsruhe Institute of Technology,Germany,"19,911",23.1,25%,30 : 70,60.737,49.3,54.9,69.3,100,73.1,2026
168,University of Geneva,Switzerland,"17,681",7.8,41%,63:37:00,60.7165,43.8,40,85.2,85.7,96.1,2026
169,Macquarie University,Australia,"29,826",50.2,25%,,60.711,35.9,42.5,90.9,97.2,88.5,2026
170,Institute of Science Tokyo,Japan,"13,407",8.3,17%,1.011805556,60.6895,66.9,60.5,52.7,92.1,52.2,2026
171,University of Virginia (Main campus),United States,"25,795",8.8,13%,55:45:00,60.68,51.1,41.7,86.6,79,58.3,2026
172,Sapienza University of Rome,Italy,"60,428",27.3,7%,61:39:00,60.651,55.9,53.5,73.4,85.2,42.9,2026
173,University of Antwerp,Belgium,"16,836",32.6,17%,57:43:00,60.6475,38.9,44.3,89.6,98.5,73.4,2026
174,University of Exeter,United Kingdom,"29,280",15.7,29%,54:46:00,60.575,36.6,42.1,94,59.1,93.4,2026
175,Trinity College Dublin,Ireland,"20,188",19.4,40%,62:38:00,60.495,42.8,44.9,83.2,76.2,91.2,2026
176,TU Dresden,Germany,"20,631",21,15%,49:51:00,60.448,47.1,50,77,99.9,66.1,2026
177,Durham University,United Kingdom,"21,470",13.2,34%,54:46:00,60.262,45.2,44.9,81,62.8,94.6,2026
178,Huazhong University of Science and Technology,China,"61,789",16.2,4%,,60.2265,46.6,48.4,87.1,99.9,30.9,2026
179,Vrije Universiteit Amsterdam,Netherlands,"31,949",15.8,20%,57:43:00,60.206,37.7,41.8,91.8,77.5,84.3,2026
180,University of Würzburg,Germany,"20,904",33.6,11%,60:40:00,60.1415,39.6,43.5,91.2,99.8,59.9,2026
181,Dartmouth College,United States,"6,627",7.4,19%,48:52:00,60.0105,56.3,38.5,81.8,72.8,63.8,2026
182,"University of California, Santa Cruz",United States,"19,357",23.6,10%,47:53:00,59.892,38.3,41.7,93.2,75.7,73.5,2026
183,Medical University of Vienna,Austria,"7,531",17.9,30%,54:46:00,59.8765,36.3,36.8,94.2,99.9,83.2,2026
184,Universitat Autònoma de Barcelona (UAB),Spain,"33,006",13.5,16%,60:40:00,59.762,44.9,44.8,84.6,73.3,69.5,2026
185,Lancaster University,United Kingdom,"16,935",14.9,34%,48:52:00,59.728,40.9,40.8,86.7,67.2,95.1,2026
186,King Fahd University of Petroleum and Minerals,Saudi Arabia,"5,960",8.3,28%,26 : 74,59.69,36.3,43.2,85.7,94.4,92.9,2026
187,Université Catholique de Louvain,Belgium,"27,280",39.4,21%,55:45:00,59.6735,40,47.7,80.7,95.2,80.3,2026
188,University of Ottawa,Canada,"40,753",28.7,29%,58:42:00,59.527,38.2,44.5,85.4,81.7,86.2,2026
189,Pompeu Fabra University,Spain,"12,225",21.3,17%,62:38:00,59.4555,36.6,45.3,87.5,81.6,80.1,2026
190,Tufts University,United States,"12,718",10.5,18%,59:41:00,59.363,51.3,34.7,88.2,76.6,61.9,2026
191,University of Twente,Netherlands,"8,204",9.5,43%,37 : 63,59.3175,45.7,45,73,98.9,92.4,2026
192,Université Paris Cité,France,"66,075",18.2,22%,64:36:00,59.2905,44.4,38,89.9,68,73.1,2026
193,University of Leicester,United Kingdom,"16,435",14.5,37%,53:47:00,59.204,35.4,34.9,95.9,69,94.8,2026
194,Eindhoven University of Technology,Netherlands,"10,823",19.1,36%,30 : 70,59.1715,47.7,49.5,67,100,88.6,2026
195,University of Notre Dame,United States,"12,781",10.5,14%,47:53:00,59.0505,52.8,45.8,73.5,72.5,69.9,2026
196,Aalto University,Finland,"15,131",21.3,26%,39 : 61,59.017,44.3,43.4,78.9,91,80.7,2026
197,The Education University of Hong Kong,Hong Kong,"5,692",13,27%,63:37:00,59.0105,35.8,38.9,91.6,74.4,89.5,2026
198,University of Münster,Germany,"26,499",23.7,7%,,58.9625,43.9,47.2,83.2,82.1,54.4,2026
199,Indiana University,United States,"67,529",11.5,13%,53:47:00,58.8775,47.1,36.9,87.3,85.3,62.4,2026
200,Queen’s University Belfast,United Kingdom,"21,900",17,49%,58:42:00,58.785,34.7,38.4,90.8,70,98.3,2026
201,University of Reading,United Kingdom,"15,970",15.8,31%,54:46:00,58.6515,41.7,38.1,85.2,66.9,94.2,2026
202,University of Calgary,Canada,"35,954",20.3,26%,53:47:00,58.6335,37.8,43.1,83.6,91.4,83.3,2026
203,Friedrich Schiller University Jena,Germany,"14,754",16,14%,,58.553,44,42.5,83.5,88.7,62,2026
204,Stockholm University,Sweden,"27,746",16.2,14%,,58.46,33.5,48.4,87.2,66.1,76.5,2026
205,Universiti Teknologi Petronas,Malaysia,"4,262",13,13%,38 : 62,58.3765,41.6,40.3,82.4,94.5,78.9,2026
206,University of Mannheim,Germany,"7,902",36.1,17%,,58.3305,37,44.5,85.5,88.2,71.1,2026
207,University of Erlangen-Nuremberg,Germany,"28,153",34.2,20%,51:49:00,58.1815,41.7,46.5,78.6,100,64.2,2026
208,Tianjin University,China,"27,866",8.7,15%,,58.056,49.2,47,73.2,99.8,52.8,2026
209,Georgetown University,United States,"17,348",9.5,19%,56:44:00,57.9985,52.2,35.3,82.1,93,53.5,2026
210,Deakin University,Australia,"37,191",33.3,25%,58:42:00,57.9975,31.6,38.4,91.7,86.3,87.7,2026
210,Queensland University of Technology,Australia,"33,182",36.8,18%,53:47:00,57.9975,33,40.4,89.6,88.1,81.9,2026
212,University of Gothenburg,Sweden,"20,756",10.9,13%,,57.9785,34.8,43.2,91.1,78.8,62.7,2026
213,Arizona State University (Tempe),United States,"52,956",18.9,17%,45:55:00,57.94,39.6,44.5,84.1,70.7,70.6,2026
214,Hong Kong Baptist University,Hong Kong,"7,628",13.4,60%,64:36:00,57.932,34.6,41,84.5,79.5,97.4,2026
215,Western University,Canada,"31,831",32.7,25%,56:44:00,57.884,39.9,42.6,77.5,99.8,86.9,2026
216,Politecnico di Milano,Italy,"39,793",21.8,23%,36 : 64,57.8525,46.2,51.9,67.8,98,65.5,2026
217,Tel Aviv University,Israel,"24,379",22.7,7%,57:43:00,57.835,41.8,50.1,79.9,75,53.4,2026
218,Nagoya University,Japan,"15,559",13.3,13%,31 : 69,57.7855,58.1,56.1,57,99.8,43.8,2026
219,Goethe University Frankfurt,Germany,"27,422",20.2,13%,60:40:00,57.6535,42.2,41.9,82.1,81.4,68.9,2026
220,University of Surrey,United Kingdom,"14,440",14.4,33%,54:46:00,57.5985,36.3,34.4,89.5,71.6,96,2026
221,Qatar University,Qatar,"9,539",8.2,38%,,57.5885,32.4,38.1,89.1,79.1,94.5,2026
222,University of São Paulo,Brazil,"82,212",13.9,3%,48:52:00,57.585,61.6,55.6,53.9,96.6,43.4,2026
223,University College Dublin,Ireland,"25,252",19.1,35%,,57.4665,35.5,41.7,84,74.9,89.4,2026
224,Université Libre de Bruxelles,Belgium,"33,462",54.1,32%,58:42:00,57.458,36.7,44.8,81.3,68.3,86.9,2026
225,Sun Yat-sen University,China,"66,020",15.5,4%,46:54:00,57.3595,47.2,40.6,84,97.6,34.1,2026
226,George Washington University,United States,"21,756",12.4,19%,61:39:00,57.349,48.5,34.3,84.4,67.8,67.5,2026
227,University of Miami,United States,"18,574",10.9,12%,54:46:00,57.3405,47.3,35.5,83.8,83.3,61.6,2026
228,Xi’an Jiaotong University,China,"54,986",15.9,6%,34 : 66,57.2655,45.1,49.4,75.9,100,38.2,2026
229,Sichuan University,China,"49,146",15.9,5%,,57.248,46.5,48.1,74.7,99.6,42.5,2026
230,University of Potsdam,Germany,"12,690",32.7,15%,57:43:00,57.2135,37.9,44.3,81.7,92.4,66.4,2026
231,Sant’Anna School of Advanced Studies – Pisa,Italy,807,6.4,20%,43:57:00,57.174,50.2,38.3,77.5,93.7,56.8,2026
232,Cardiff University,United Kingdom,"27,880",13.7,24%,59:41:00,57.1715,35.9,39.1,86,70.3,88.4,2026
233,Abu Dhabi University,United Arab Emirates,"2,344",10.7,60%,50:50:00,57.171,38,33.9,92,29.5,98,2026
234,Vrije Universiteit Brussel,Belgium,"16,387",37.1,24%,59:41:00,57.085,37.8,42.5,80.4,93.6,76.6,2026
235,United Arab Emirates University,United Arab Emirates,"9,024",13.9,18%,73:27:00,57.063,28.7,38.1,91.8,86.5,87.3,2026
236,University of Wollongong,Australia,"16,470",24.1,32%,54:46:00,56.9495,34.3,36.6,85.4,89.8,93.4,2026
237,University of Sussex,United Kingdom,"18,015",16.7,37%,55:45:00,56.9305,34.3,36,88.9,64.8,94.8,2026
238,Beijing Institute of Technology,China,"33,624",12.9,12%,,56.9185,46.5,44.3,76.6,99.6,45.2,2026
239,University of Utah,United States,"33,106",15.5,9%,50:50:00,56.9045,43.4,39.2,86.5,91.4,41.7,2026
240,Chalmers University of Technology,Sweden,"10,245",11.9,18%,33 : 67,56.8745,42.6,45.9,71.2,97.1,76.7,2026
241,Linköping University,Sweden,"15,130",14.5,18%,54:46:00,56.765,31.1,40.4,89.1,96.8,70.3,2026
242,University of Padua,Italy,"49,946",30.1,11%,58:42:00,56.724,46.4,41,80,78.9,53.2,2026
243,Ulsan National Institute of Science and Technology (UNIST),South Korea,"3,868",12,8%,29 : 71,56.7145,47.4,39.5,81.3,98.1,39.5,2026
244,University of Malaya,Malaysia,"18,899",9.7,32%,61:39:00,56.656,47.8,38.8,72.8,65.2,91.4,2026
245,"Northeastern University, US",United States,"29,623",15.8,40%,53:47:00,56.612,38.4,32.4,90.5,69.2,79.6,2026
246,Medical University of Innsbruck,Austria,"3,619",14,45%,57:43:00,56.5685,33.8,30.1,90.9,99.4,88.3,2026
247,Khalifa University,United Arab Emirates,"4,299",7.1,29%,57:43:00,56.564,37.6,28,88.5,92.3,94.8,2026
248,Medical University of Graz,Austria,"4,494",19.5,30%,56:44:00,56.554,29.7,35.1,92,97.9,81.3,2026
249,University of Aberdeen,United Kingdom,"11,875",12.9,36%,58:42:00,56.406,38,34.8,82.3,79.6,96.4,2026
250,University of Illinois Chicago,United States,"28,912",11.2,20%,55:45:00,56.374,50.1,35.2,80.1,76.1,57.5,2026
251,Indian Institute of Science,India,"5,020",10.5,1%,26 : 74,56.367,61.8,56.9,51.2,98,31.4,2026
252,Beihang University,China,"35,223",13.4,4%,,56.3285,47.8,46.5,73.8,100,34.7,2026
253,Nankai University,China,"33,291",11.7,7%,,56.3205,45.4,33.9,87.6,80.6,47.9,2026
254,Kyung Hee University,South Korea,"20,363",17.4,30%,54:46:00,56.2245,41.2,40.3,76.5,99.9,72.5,2026
255,University of Tasmania,Australia,"13,316",17.1,31%,58:42:00,56.179,34.3,36.9,84.5,82.8,89.3,2026
256,Swinburne University of Technology,Australia,"15,725",28.4,41%,43:57:00,56.158,33,33.6,91.4,78.1,81.8,2026
257,Vita-Salute San Raffaele University,Italy,"4,573",27.6,6%,64:36:00,56.118,34.3,34,98.8,66.3,51.3,2026
258,Humanitas University,Italy,"2,475",15.9,18%,58:42:00,56.117,36.6,29,98.5,64,64,2026
259,Aalborg University,Denmark,"16,050",13.9,13%,,56.063,33.6,44.9,80.6,88,72.4,2026
260,Macau University of Science and Technology,Macao,"18,264",44.6,94%,57:43:00,56.045,34.2,38.8,81.1,84.6,93.2,2026
261,Hebrew University of Jerusalem,Israel,"17,488",16.2,3%,58:42:00,55.982,48.1,47.2,72.6,77.3,43.1,2026
262,Università della Svizzera italiana,Switzerland,"4,029",12.1,70%,46:54:00,55.9085,41.1,29.7,80.3,92.9,98.2,2026
263,University of Bath,United Kingdom,"17,650",17.7,29%,46:54:00,55.894,39.8,35.1,81,67.1,93.2,2026
264,La Trobe University,Australia,"21,509",31.2,37%,,55.857,29.5,36.8,88.9,79,88.7,2026
265,University of Luxembourg,Luxembourg,"5,718",20,52%,53:47:00,55.797,39.9,39.3,75.1,79.8,92.1,2026
266,King Saud University,Saudi Arabia,"42,846",11,11%,46:54:00,55.745,38.2,33.8,82.7,89.1,84,2026
267,RMIT University,Australia,"32,309",23.8,38%,49:51:00,55.7425,35.2,36.2,82.5,78.2,93.1,2026
268,Lebanese American University,Lebanon,"7,606",12,13%,52:48:00,55.731,36.8,32.5,93.7,32,80.8,2026
269,Sejong University,South Korea,"13,684",20.9,16%,46:54:00,55.719,33.6,33.6,92.6,83.7,65.8,2026
270,Central European University,Austria,"1,453",7.8,96%,58:42:00,55.693,50,34.4,76.3,28.3,92.6,2026
271,Ruhr University Bochum,Germany,"30,732",39.4,20%,51:49:00,55.653,39.9,46.1,72.6,98.9,63.7,2026
272,University of Oulu,Finland,"11,334",22,10%,56:44:00,55.6275,36.7,39.5,85.8,70.9,63.6,2026
273,Semmelweis University,Hungary,"9,774",12.5,45%,69:31:00,55.5365,45.4,28.8,83.5,75.1,76.5,2026
274,Northwestern Polytechnical University,China,"35,982",13.6,5%,29 : 71,55.529,41,42.4,78.6,99.7,47.6,2026
275,Shandong University,China,"37,862",12.7,9%,,55.4925,46.4,44,72.7,99.3,43.5,2026
276,Xiamen University,China,"42,518",14.2,3%,,55.4865,43.3,37.6,84.2,95.1,36.6,2026
277,Southern Medical University,China,"18,620",10.7,7%,,55.485,45.9,38.9,84.2,76.4,31.3,2026
278,Technical University of Darmstadt,Germany,"13,864",28.3,27%,34 : 66,55.471,43.1,46.8,65.7,99.8,73.1,2026
279,Virginia Polytechnic Institute and State University,United States,"38,157",18.4,13%,44:56:00,55.359,41.9,41.2,77.5,76.7,63.1,2026
280,South China University of Technology,China,"41,221",12,7%,39 : 61,55.257,39,39.1,84,99.7,43,2026
281,University of Southern Denmark,Denmark,"17,548",9.5,15%,54:46:00,55.207,30.4,36,87.3,98.1,75.8,2026
282,Boston College,United States,"12,989",14.6,13%,55:45:00,55.165,45.8,33.1,84,60,59.4,2026
283,University of Konstanz,Germany,"6,767",30.3,14%,58:42:00,55.1525,38.5,42.8,72.9,95.7,75.8,2026
284,Ulm University,Germany,"10,101",16.2,14%,53:47:00,55.0805,42.3,31.6,83.1,91.2,64.8,2026
285,Curtin University,Australia,"29,539",19.9,35%,52:48:00,54.924,28.5,34.2,87.5,80.4,95.1,2026
286,East China Normal University,China,"30,163",15,7%,62:38:00,54.921,43.1,36.5,79.5,90.6,55.3,2026
287,University of Bergen,Norway,"15,304",13,13%,62:38:00,54.9005,35.3,36.4,84.1,75.4,75.8,2026
288,RCSI University of Medicine and Health Sciences,Ireland,"2,839",23.9,68%,,54.854,32.2,37,82.1,78.5,91.4,2026
289,University of Newcastle,Australia,"22,320",29.2,20%,58:42:00,54.767,30,36.8,84.9,86.5,84.2,2026
290,University of East Anglia,United Kingdom,"16,240",13.2,26%,57:43:00,54.752,34.7,30.2,89.1,62,87.3,2026
291,Griffith University,Australia,"30,484",26.3,25%,60:40:00,54.6965,30.5,37.3,83.7,80.8,87.2,2026
292,Southeast University,China,"43,942",13.4,4%,35 : 65,54.6925,39.3,46.3,73.7,99.8,47.6,2026
293,University of Navarra,Spain,"12,748",15.3,30%,56:44:00,54.641,37.2,34.1,81.9,90.7,74.4,2026
294,University of Stuttgart,Germany,"14,277",22.2,22%,35 : 65,54.567,44.5,48.4,63.4,99.9,58.5,2026
295,Hanyang University,South Korea,"19,402",13.6,27%,,54.3995,45.9,41.5,65.5,99.6,69.2,2026
296,Hunan University,China,"36,496",15.3,3%,44:56:00,54.3385,36.6,34.6,90.9,96.5,31.7,2026
297,Central South University,China,"57,917",20.4,4%,,54.3215,39.1,42.6,80.3,99.7,31.4,2026
298,Università Cattolica del Sacro Cuore,Italy,"23,548",32.3,6%,66:34:00,54.315,37.4,32.9,89.6,81.9,47.8,2026
299,Heinrich Heine University Düsseldorf,Germany,"25,296",26.8,14%,58:42:00,54.312,36.2,34.3,84.3,83.9,67.2,2026
300,University of Hawai’i at Mānoa,United States,"15,780",12.5,10%,59:41:00,54.3095,38.9,43,73.7,67.6,74,2026
301,LUT University,Finland,"6,341",33.6,25%,35 : 65,54.27,31.6,35.3,87.9,75.4,71,2026
302,King Khalid University,Saudi Arabia,"29,832",7.1,15%,55:45:00,54.269,41.2,31.6,80,58.4,88.2,2026
303,North Carolina State University,United States,"32,549",16.5,13%,49:51:00,54.188,45.1,43.9,67.6,81.5,61.5,2026
304,Queen’s University,Canada,"28,400",26.3,16%,58:42:00,54.164,37.9,37.6,77.4,84.8,72.9,2026
305,"City St George's, University of London",United Kingdom,"20,905",17.1,41%,59:41:00,54.122,27.4,30.1,91.8,65,95.6,2026
306,Western Sydney University,Australia,"32,737",36.4,26%,59:41:00,54.0185,30.6,31.8,88,68.3,88.5,2026
307,Sunway University,Malaysia,"5,046",8.4,27%,53:47:00,54.0055,27.2,34.2,90.1,58.4,89.3,2026
308,TU Wien,Austria,"11,068",19.8,35%,31 : 69,53.7705,44.2,47.2,55.5,99.9,85.3,2026
309,University of Iowa,United States,"28,383",11,5%,55:45:00,53.7415,46.8,34.3,74.9,89.9,52.3,2026
310,Dublin City University,Ireland,"14,712",27.3,13%,58:42:00,53.694,28.5,36.6,88.6,69,71.1,2026
311,Lingnan University Hong Kong,Hong Kong,"3,210",19.4,45%,62:38:00,53.664,29.5,38.4,83.7,40.7,94.5,2026
312,University of Duisburg-Essen,Germany,"37,867",33.1,20%,50:50:00,53.6055,35.4,34.6,82.7,87.4,64.3,2026
313,Stony Brook University,United States,"24,947",9.8,17%,54:46:00,53.5595,43.4,30.8,78.9,68.3,72.3,2026
314,University of Liège,Belgium,"22,785",29.7,21%,59:41:00,53.5355,34.8,41.8,72.7,97.5,72.5,2026
315,École Normale Supérieure de Lyon,France,"1,934",7.1,11%,45:55:00,53.524,56.8,44,51.9,90.2,64.4,2026
316,University of Victoria,Canada,"17,663",26.3,17%,58:42:00,53.48,30.2,37.1,82.9,66.8,83.6,2026
317,University at Buffalo,United States,"27,152",16.4,16%,47:53:00,53.417,42.3,34.5,75.4,73.4,71.7,2026
318,University of the Witwatersrand,South Africa,"26,928",22.4,6%,60:40:00,53.271,34.9,43.1,70.8,91.6,74.3,2026
319,Kyushu University,Japan,"18,679",7.7,14%,29 : 71,53.1885,54.2,46.5,53.5,98.8,49.5,2026
320,Flinders University,Australia,"16,021",29.9,40%,63:37:00,53.172,27.9,36.9,82.9,68.7,88.3,2026
321,Swansea University,United Kingdom,"18,650",15.9,25%,49:51:00,53.157,30.8,30.6,87.4,58.3,88.6,2026
322,Rutgers University–New Brunswick,United States,"46,825",11.3,16%,53:47:00,53.1485,45.3,31.4,78.4,69.1,58.6,2026
323,University of Milan,Italy,"44,429",17.4,7%,60:40:00,53.1185,38.9,32.5,86.1,71.2,47.2,2026
324,"China Medical University, Taiwan",Taiwan,"7,217",15.5,7%,57:43:00,52.9175,28.2,32.5,91.7,95.4,51.3,2026
325,University of Dundee,United Kingdom,"15,420",19.4,36%,65:35:00,52.849,28.5,32.6,82.1,87,91.7,2026
326,Stellenbosch University,South Africa,"25,956",26.8,7%,58:42:00,52.815,34.8,40.8,75.5,91.8,58.6,2026
327,University of Bayreuth,Germany,"7,476",19.5,17%,47:53:00,52.778,39.8,41.3,68.6,84.5,68,2026
328,University of Bremen,Germany,"11,398",20.5,15%,56:44:00,52.7665,39.7,39.6,72.3,78.9,63,2026
329,"University of California, Riverside",United States,"25,233",19.6,16%,51:49:00,52.7615,37.4,32.6,79.5,69.8,75.1,2026
330,Tilburg University,Netherlands,"12,796",19.9,24%,53:47:00,52.7115,29.1,42.9,73.8,78.9,85.2,2026
331,Norwegian University of Science and Technology,Norway,"38,384",15,9%,51:49:00,52.6365,36.7,39.1,75.9,71.4,64.6,2026
332,University of Innsbruck,Austria,"13,992",21.5,52%,54:46:00,52.623,35.7,36.8,69.6,87.8,93.7,2026
333,University of Electronic Science and Technology of China,China,"39,817",16.7,2%,28 : 72,52.511,37.6,37.5,80.2,99.1,33.6,2026
334,University of Hohenheim,Germany,"8,480",39.1,15%,57:43:00,52.3615,36,36.4,78.4,76.7,61.3,2026
335,Simon Fraser University,Canada,"26,776",24.9,31%,54:46:00,52.312,26.9,35.6,79.7,83.5,90.7,2026
336,Illinois Institute of Technology,United States,"6,734",13.6,45%,38 : 62,52.2945,41,26.9,77.3,92.4,73.5,2026
337,University of Rome II – Tor Vergata,Italy,"17,464",23.7,21%,62:38:00,52.2645,40.4,36.1,71.7,86,65.7,2026
338,University of Sharjah,United Arab Emirates,"12,327",17.7,51%,67:33:00,52.243,23.5,27,94.3,44.7,98.7,2026
339,Loughborough University,United Kingdom,"18,345",15.4,25%,40 : 60,52.15,34.8,32.9,76.1,70.2,89.4,2026
340,Bauman Moscow State Technical University,Russian Federation,"15,623",6.9,20%,45:55:00,52.136,68.4,42.8,43,54.4,59.6,2026
341,Florida State University,United States,"40,660",24.6,7%,58:42:00,52.082,39,39.5,73.8,67.3,57.2,2026
342,Johannes Gutenberg University of Mainz,Germany,"29,586",11.4,11%,59:41:00,52.0765,38.9,27.1,83,72.3,66,2026
343,Technion Israel Institute of Technology,Israel,"15,310",21.6,14%,41:59:00,52.0575,43.9,41.7,62.9,73.1,69.6,2026
344,University of Turku,Finland,"13,966",15.4,7%,64:36:00,52.018,34.2,35.6,83.4,66,52.6,2026
345,Hasselt University,Belgium,"6,128",28.4,16%,50:50:00,51.979,35,37.8,72.8,87.8,71.2,2026
346,Tampere University,Finland,"17,284",19.2,10%,53:47:00,51.93,31.2,38.7,80.2,85.2,53.8,2026
347,Universiti Kebangsaan Malaysia,Malaysia,"20,341",11.4,31%,56:44:00,51.7855,47.5,32.4,65.7,61.8,82.6,2026
348,University of Naples Federico II,Italy,"53,650",17.5,3%,57:43:00,51.732,40,31.8,83.9,72.5,35.2,2026
349,"Birkbeck, University of London",United Kingdom,"7,420",17.3,43%,57:43:00,51.717,34.2,32.2,76,65.5,91.6,2026
350,University of Essex,United Kingdom,"16,005",14.8,48%,55:45:00,51.683,30.1,30.2,81,61.2,97.3,2026
351,Koç University,Turkey,"7,111",21,12%,49:51:00,51.626,34.6,41.9,70.6,91.2,59.2,2026
352,Prince Mohammad Bin Fahd University,Saudi Arabia,"2,470",10.8,17%,47:53:00,51.6155,32,33.3,78.5,56.4,89.5,2026
353,University of Tartu,Estonia,"9,766",8.9,13%,68:32:00,51.565,34.5,31.4,84,65.1,59.7,2026
354,Dalhousie University,Canada,"17,682",13.4,27%,53:47:00,51.4795,33.1,33.2,75.4,74.3,86.6,2026
355,University of Florence,Italy,"42,558",22.9,9%,60:40:00,51.4235,37.6,37.9,75.9,76.7,46.7,2026
356,University of Galway,Ireland,"15,340",24.1,20%,60:40:00,51.33,30.2,34.7,76.9,86.7,77.6,2026
357,James Cook University,Australia,"9,165",15.3,14%,66:34:00,51.2615,28.8,31.9,82.3,67.8,81.5,2026
358,Sharif University of Technology,Iran,"10,163",21.9,1%,25 : 75,51.162,35.2,38,78,96.7,33.2,2026
359,Oregon Health and Science University,United States,"2,877",0.8,3%,69:31:00,51.068,38.8,20.9,91.6,87.9,34.2,2026
360,University of Trento,Italy,"14,183",16.6,9%,53:47:00,51.0595,34.6,35.2,77.4,70.3,61.5,2026
361,University of Kiel,Germany,"28,860",23.5,9%,54:46:00,51.0545,32.5,33.4,81.8,64.4,62.2,2026
362,University of Strathclyde,United Kingdom,"19,085",14.3,28%,52:48:00,51.0185,37,35.2,66.4,79.7,90.5,2026
363,Daegu Gyeongbuk Institute of Science and Technology (DGIST),South Korea,942,6.7,4%,35 : 65,51.01,49.4,38.7,64,89.6,32.4,2026
364,Justus Liebig University Giessen,Germany,"25,359",37.8,12%,63:37:00,50.9975,35,39.2,72.5,71.3,62.7,2026
365,University of Tsukuba,Japan,"15,491",12.4,17%,38 : 62,50.942,52,46.7,50.8,77.1,49.8,2026
366,Swedish University of Agricultural Sciences,Sweden,"4,207",4.3,8%,71:29:00,50.9115,35.5,34.8,76,87.8,53.8,2026
367,University College Cork,Ireland,"19,075",20.2,23%,59:41:00,50.9105,29.3,33.2,78.7,77.6,79,2026
368,University of Pavia,Italy,"17,543",30.2,12%,59:41:00,50.8975,38.9,31.9,77,78.9,52.2,2026
369,University of Colorado Denver/Anschutz Medical Campus,United States,"20,208",4,7%,58:42:00,50.8655,33.7,25.1,93.3,73.5,36.2,2026
370,Moscow Institute of Physics and Technology (MIPT),Russian Federation,"6,567",11.5,20%,,50.845,57.8,44.3,42.5,80.8,66.2,2026
371,University of Siena,Italy,"10,480",16.8,9%,63:37:00,50.795,39.3,35.1,75,75.5,46.7,2026
372,Saveetha Institute of Medical and Technical Sciences,India,"15,494",9.7,6%,52:48:00,50.7375,37.9,18.4,93.4,20.4,71.8,2026
373,University of Southern Queensland,Australia,"10,582",21.5,19%,63:37:00,50.71,29.3,26.8,87.1,51.3,81.5,2026
374,Universiti Brunei Darussalam,Brunei Darussalam,"3,464",11.8,11%,64:36:00,50.641,33.1,34.7,80.5,31.4,72.1,2026
375,University of Kansas,United States,"23,777",9,7%,54:46:00,50.632,45.4,29.8,70.7,79.3,56.2,2026
376,Hokkaido University,Japan,"17,693",8.3,11%,30 : 70,50.6285,53.5,45.1,47.9,96.8,47,2026
377,University of Otago,New Zealand,"18,703",19.9,18%,60:40:00,50.581,34.1,34.3,72.4,69.3,81.1,2026
378,Leibniz University Hannover,Germany,"17,855",33.3,16%,45:55:00,50.4685,38.8,41.7,64.3,84.3,56.9,2026
379,University of Campinas,Brazil,"32,551",19,3%,47:53:00,50.468,51.7,48,50.2,78.1,41.5,2026
380,University of St Gallen,Switzerland,"8,835",12.7,37%,36 : 64,50.4175,33.3,23,80.8,66.6,93.6,2026
381,Edith Cowan University,Australia,"18,928",27.9,35%,62:38:00,50.3385,22.5,25.8,89.2,69.6,89,2026
382,Shenzhen University,China,"35,012",13.8,1%,49:51:00,50.3255,26.5,35.9,86.4,82.8,38.2,2026
383,University of South Florida,United States,"40,449",18,16%,,50.3245,33.6,35.5,71,99.5,64.5,2026
384,Autonomous University of Madrid,Spain,"29,772",13,14%,62:38:00,50.303,41.8,31.3,73.4,66.5,56.2,2026
385,Middle East Technical University,Turkey,"15,224",21.6,13%,49:51:00,50.2755,46.4,44.8,52.2,90.2,57.7,2026
385,Amirkabir University of Technology,Iran,"8,344",17.8,4%,34 : 66,50.2755,37.1,33,75.3,91.9,46.6,2026
387,Kermanshah University of Medical Sciences,Iran,"7,118",7,24%,50:50:00,50.206,48.8,23.5,73.1,57,63.8,2026
388,University of Johannesburg,South Africa,"32,659",26.5,14%,56:44:00,50.2025,29.5,38.4,69.9,81.1,82,2026
389,Chongqing University,China,"45,609",17.7,3%,,50.198,30.2,36,78.1,98.1,46.6,2026
390,Prince Sultan University (PSU),Saudi Arabia,"5,837",18,8%,54:46:00,50.1375,19.2,29.6,92.2,51.8,82.1,2026
391,University of Georgia (USA),United States,"38,946",15.4,7%,59:41:00,50.126,41.5,38.3,67.4,66.6,51.9,2026
391,University of Brescia,Italy,"10,190",24.3,5%,52:48:00,50.126,35.4,24.7,88,72,43.2,2026
393,Sabancı University,Turkey,"3,752",19.5,12%,36 : 64,50.117,33,38.8,67.5,99,65.6,2026
394,University of Pisa,Italy,"29,834",17.2,7%,52:48:00,50.0295,36.3,34.7,77.7,67.7,43.2,2026
395,University of Connecticut,United States,"29,850",11.6,14%,53:47:00,50.0275,40.6,28.6,73.4,69.1,66.3,2026
396,Université Grenoble Alpes,France,"48,893",17.9,19%,52:48:00,50.025,42.6,36.7,62.7,70,69.4,2026
397,University of Saskatchewan,Canada,"18,283",19.2,22%,55:45:00,49.9565,39.5,34,63,96.1,76,2026
398,Verona University,Italy,"21,809",25.6,5%,64:36:00,49.925,34.6,31.1,81.6,71.1,45,2026
399,King Abdulaziz University,Saudi Arabia,"56,251",12.5,5%,57:43:00,49.876,29.8,22.9,87.1,67.6,74.8,2026
400,Mohammed VI Polytechnic University,Morocco,"2,092",6.8,3%,54:46:00,49.8755,34.7,34.9,72.7,56.2,72.8,2026
401,Institut Agro,France,"2,565",8.8,17%,61:39:00,49.822,48.4,34.9,58.2,78.7,64.2,2026
402,Gwangju Institute of Science and Technology (GIST),South Korea,"1,773",9.3,9%,30 : 70,49.788,49.3,39.8,53.4,94,52.3,2026
403,Montpellier University,France,"39,869",19.9,15%,56:44:00,49.7355,39.5,33.5,68.7,68.7,66.8,2026
404,Dalian University of Technology,China,"42,273",16.6,5%,32 : 68,49.714,34.6,39.3,71.6,99,35.6,2026
405,Umeå University,Sweden,"13,447",9.4,8%,62:38:00,49.6945,30,33.1,80.2,63.2,62.1,2026
406,Murdoch University,Australia,"15,815",29.1,53%,,49.657,25.9,27.4,80.2,72.7,94.7,2026
407,"University of California, Merced",United States,"9,070",21.2,7%,46:54:00,49.6395,31.6,29,86.7,58,47.7,2026
408,National Tsing Hua University,Taiwan,"14,807",22.9,14%,42:58:00,49.562,37.5,43.5,61.4,99.8,46.3,2026
409,University of Marburg,Germany,"22,883",29.8,17%,58:42:00,49.5345,37.8,32.1,72,70.8,61.9,2026
410,University of Genoa,Italy,"20,218",16.4,9%,58:42:00,49.5295,39.4,30.9,74.6,76.2,46.9,2026
411,Ajman University,United Arab Emirates,"4,626",15.2,81%,57:43:00,49.5085,25.8,28.7,84,22.8,99.5,2026
412,Universiti Sains Malaysia,Malaysia,"26,522",12.7,39%,63:37:00,49.5,42.9,30.3,65.8,64.5,76.5,2026
413,Université Laval,Canada,"30,127",13.4,18%,59:41:00,49.3255,31.8,34.6,69.4,91.7,72.3,2026
414,Brunel University of London,United Kingdom,"15,410",18,53%,44:56:00,49.2875,24,26.6,81.8,64.9,98.1,2026
415,University of Porto,Portugal,"38,127",17.5,19%,55:45:00,49.2525,33.7,39.1,70.2,67.8,56,2026
416,Iran University of Science and Technology,Iran,"12,556",29,7%,36 : 64,49.215,32,33.9,79.5,88.6,34,2026
417,Temple University,United States,"30,684",11.3,6%,57:43:00,49.19,43.2,22.6,79.9,70.8,41.2,2026
418,Taipei Medical University,Taiwan,"6,154",8.8,11%,59:41:00,49.1855,46.3,32.2,63.6,86.6,48.6,2026
419,Johannes Kepler University of Linz,Austria,"6,857",20.5,23%,49:51:00,49.1225,36.7,35.4,61.4,98.5,75.6,2026
420,"Royal Holloway, University of London",United Kingdom,"12,155",15.9,33%,57:43:00,49.111,32.3,28.9,72.2,65.1,92.5,2026
421,Drexel University,United States,"18,893",12.2,15%,52:48:00,49.066,42.4,25.5,72.1,74.7,60.6,2026
422,York University,Canada,"41,456",27.4,28%,54:46:00,49.0635,29.3,33.2,71.5,72.3,86,2026
423,University of Fribourg,Switzerland,"6,817",14.8,17%,65:35:00,49.03,39.1,33.8,62.4,71.9,81.3,2026
424,Iowa State University,United States,"27,116",17.2,8%,46:54:00,48.96,41.6,36.2,64.7,87,44,2026
425,Australian Catholic University,Australia,"22,604",31.7,20%,76:24:00,48.927,17.7,24.7,97.1,28,83.9,2026
426,University of Lisbon,Portugal,"50,344",18.1,23%,54:46:00,48.871,31.1,41.8,66.8,75.3,60.3,2026
427,Aston University,United Kingdom,"15,710",20.9,35%,47:53:00,48.841,21.7,26.2,83.6,64.6,95.7,2026
428,Al Ain University,United Arab Emirates,"2,588",11,61%,51:49:00,48.8045,28,30.2,78.7,18.6,99.1,2026
429,University of Vaasa,Finland,"4,302",18.3,6%,50:50:00,48.7695,23.7,28.1,90.5,35.6,67.4,2026
430,IMT Atlantique,France,"1,295",7.5,37%,26 : 74,48.7405,47.3,35.5,48.3,97.8,81.2,2026
431,Wake Forest University,United States,"8,289",3.4,10%,56:44:00,48.6825,38,23.2,80.5,92.3,38.7,2026
432,Free University of Bozen-Bolzano,Italy,"4,032",10.4,17%,65:35:00,48.641,31.4,21.9,83.7,51.3,78.2,2026
433,Tulane University,United States,"13,113",7.4,10%,61:39:00,48.528,43,23.4,75.8,63.8,50.2,2026
434,Victoria University of Wellington,New Zealand,"15,728",17.4,12%,59:41:00,48.521,29,33.5,73.7,62.9,75,2026
435,Washington State University,United States,"25,504",16.9,6%,54:46:00,48.4695,37.3,33.1,67.8,82.8,56.2,2026
436,National Yang Ming Chiao Tung University (NYCU Taiwan),Taiwan,"18,360",15.9,9%,37 : 63,48.444,42.3,42.7,55.3,100,39.9,2026
437,Universiti Teknologi Malaysia,Malaysia,"16,724",10.1,28%,48:52:00,48.429,44.5,29.5,62,71.1,70.7,2026
438,University of Kent,United Kingdom,"15,680",17,28%,54:46:00,48.4195,29.5,28.4,73.2,64.4,92.6,2026
439,George Mason University,United States,"32,918",17.1,13%,52:48:00,48.378,31,28.3,79.8,63.9,60.4,2026
440,Prince Sattam Bin Abdulaziz University,Saudi Arabia,"24,820",10.8,6%,67:33:00,48.3705,25.4,28.8,80.8,57.7,79.7,2026
441,Al-Ahliyya Amman University,Jordan,"4,510",14.8,64%,52:48:00,48.361,18.6,24.7,88,56.9,93.8,2026
442,University of Canberra,Australia,"10,723",27.2,44%,57:43:00,48.334,25.7,31,76,57,89.1,2026
443,University of Kentucky,United States,"28,680",11.4,3%,60:40:00,48.318,44,29.6,68.8,71.1,43.6,2026
444,University of Jyväskylä,Finland,"11,150",13.1,4%,64:36:00,48.1555,31.9,34.4,77.2,49.1,48.6,2026
445,Brandeis University,United States,"4,949",10.8,34%,56:44:00,48.13,37.3,26.1,70,64.5,79.7,2026
446,University of Guelph,Canada,"23,314",28.3,11%,59:41:00,48.109,34.8,36.7,64.1,80,63.6,2026
447,Universiti Utara Malaysia,Malaysia,"11,413",11.1,33%,65:35:00,48.104,41.1,30.2,66.2,30.1,82.1,2026
448,University of Portsmouth,United Kingdom,"22,370",15.9,36%,48:52:00,48.0605,22,20.1,88.7,51.1,94.5,2026
449,University of Delaware,United States,"21,608",14.6,11%,58:42:00,48.053,36.1,32,68.5,80.4,58.1,2026
450,The University of Tennessee-Knoxville,United States,"31,306",17.8,4%,,48.032,35.4,31.3,72.4,70.8,52.8,2026
451,Beijing University of Chemical Technology,China,"26,260",18.5,1%,40 : 60,48.009,26.4,31.8,84.2,96.6,25,2026
452,University of Regensburg,Germany,"18,210",19.4,7%,61:39:00,47.9945,36.3,30.8,70.9,67.6,58.4,2026
453,University of Coimbra,Portugal,"23,217",20.4,19%,58:42:00,47.9885,33.8,42.1,61.5,81.4,54.7,2026
454,Shoolini University of Biotechnology and Management Sciences,India,"3,676",16.4,1%,50:50:00,47.9845,27.8,24.1,88.7,25.8,68.7,2026
455,Virginia Commonwealth University,United States,"25,120",10.1,4%,65:35:00,47.9665,38.1,23,81.3,75.3,35.4,2026
456,Chung-Ang University,South Korea,"18,394",21.9,26%,,47.924,38.8,38.9,55.7,93.3,63.4,2026
457,University of Milan-Bicocca,Italy,"28,650",24.9,5%,61:39:00,47.77,25.1,27.1,87.7,68.1,46.3,2026
458,University of Oregon,United States,"22,659",13.7,5%,59:41:00,47.7035,34.7,30,75.7,73.8,41.4,2026
459,University of Houston,United States,"46,269",24,16%,53:47:00,47.6915,33.2,26.2,73,68.8,75.3,2026
460,Syracuse University,United States,"21,104",15.4,21%,54:46:00,47.622,35.5,27.9,71.1,64.4,68.7,2026
461,University of Waikato,New Zealand,"10,521",20.7,31%,61:39:00,47.526,24.1,31.5,72.3,74.6,88.1,2026
462,Bond University,Australia,"3,588",10.2,32%,56:44:00,47.509,26.8,21.9,87.3,25.8,80.4,2026
463,National Taiwan University of Science and Technology (Taiwan Tech),Taiwan,"9,244",19,16%,30 : 70,47.433,33.2,38.3,62.9,97.8,50,2026
464,Arabian Gulf University,Bahrain,"1,458",6.5,73%,71:29:00,47.409,45.2,13.8,73,29.2,93.4,2026
465,Charles University,Czechia,"53,904",13.5,24%,62:38:00,47.347,37.9,32.2,64.8,63.4,64.7,2026
466,Northumbria University,United Kingdom,"25,815",17.1,30%,54:46:00,47.274,23.6,25.5,80.5,47.8,91.4,2026
467,Charles Darwin University,Australia,"7,195",23.9,38%,65:35:00,47.2335,22.7,29.9,78.9,50.4,82.4,2026
468,Pontificia Universidad Católica de Chile,Chile,"28,373",13.8,6%,,47.212,33.5,38.6,61.9,80.2,58.1,2026
468,University of Turin,Italy,"60,028",25.4,6%,62:38:00,47.212,24.3,31.9,81.7,74,44.3,2026
470,Colorado School of Mines,United States,"7,022",17.2,7%,32 : 68,47.21,40.9,32.6,63.7,86.7,41.5,2026
471,Bournemouth University,United Kingdom,"15,605",19.9,24%,54:46:00,47.175,18.8,21.7,89.3,46.4,89.2,2026
472,University of Bordeaux,France,"51,535",21,15%,60:40:00,47.133,36.8,28,68.6,68.3,64.6,2026
473,Central Queensland University,Australia,"13,193",25.5,27%,61:39:00,47.129,18,26.9,86.6,50.2,80.4,2026
474,Ajou University,South Korea,"7,348",15,26%,39 : 61,47.1195,34.3,38.6,58.4,95.8,59.4,2026
475,Polytechnic University of Turin,Italy,"30,286",25.8,20%,32 : 68,47.035,31.6,30,71,86.7,56.6,2026
476,University of Texas at Dallas,United States,"26,710",24.5,22%,44:56:00,47.015,29.2,26.6,76.6,73.8,63.4,2026
477,SOAS University of London,United Kingdom,"5,395",15,41%,63:37:00,46.998,38.7,34.7,59.9,38.9,79.9,2026
478,University of Central Florida,United States,"61,009",30.8,5%,57:43:00,46.9885,29.1,32.8,77.2,74.3,36.8,2026
479,Roskilde University,Denmark,"5,248",14,17%,66:34:00,46.968,25.9,34.1,74.6,73.9,54.7,2026
480,Donghua University,China,"23,520",12.2,7%,48:52:00,46.924,32.9,25.2,77.8,93.2,37.9,2026
481,Rush University,United States,"2,902",2.6,2%,76:24:00,46.8835,44.5,16.4,80.6,63.5,30.4,2026
482,University of Eastern Finland,Finland,"12,849",17.1,7%,68:32:00,46.8675,28.6,31.1,76.6,67.6,49.7,2026
483,Near East University,Northern Cyprus,"17,228",26.6,88%,49:51:00,46.852,27.4,21.7,78.5,54.4,90,2026
484,Quaid-i-Azam University,Pakistan,"12,431",20.9,2%,46:54:00,46.8425,28.8,24.5,84.7,40.6,56.1,2026
485,Nazarbayev University,Kazakhstan,"6,020",13.3,3%,53:47:00,46.8355,26.5,30.3,76.8,44.4,72.2,2026
486,Boğaziçi University,Turkey,"11,998",28.5,5%,46:54:00,46.8245,32.9,36.1,60.9,94,61.6,2026
487,Jamia Millia Islamia,India,"10,370",12.1,5%,52:48:00,46.7825,43,18.2,79.6,43.8,42.5,2026
488,University of South Carolina-Columbia,United States,"33,819",16.7,4%,59:41:00,46.7745,35.9,24,74.8,64.6,56,2026
489,Florida International University,United States,"35,509",22.2,9%,56:44:00,46.7605,33.2,32.6,70.7,65.5,49.1,2026
490,University of Tehran,Iran,"55,821",26.1,2%,46:54:00,46.655,38.3,31.1,70.1,65,36.1,2026
491,Umm Al-Qura University,Saudi Arabia,"34,462",13.3,6%,47:53:00,46.61,35.4,25.3,75.7,34.5,63.2,2026
492,"Asia University, Taiwan",Taiwan,"10,858",29.9,3%,63:37:00,46.5825,16.6,34.9,82.8,75.3,49.5,2026
493,University of Cyprus,Cyprus,"6,983",19.9,14%,62:38:00,46.554,28.9,30.7,69.2,70.2,74.1,2026
494,University of Greifswald,Germany,"10,298",18.8,9%,61:39:00,46.4685,35.1,31.3,69.5,58.3,51.4,2026
495,Marche Polytechnic University,Italy,"9,267",23.2,3%,50:50:00,46.4335,35.8,26.4,75.9,72.6,33.9,2026
496,Applied Science Private University,Jordan,"4,766",12.6,26%,52:48:00,46.3795,21.7,22.7,87.1,21.5,85.4,2026
497,Zayed University,United Arab Emirates,"7,520",13.7,2%,83:17:00,46.3715,21.8,21.7,85.8,59.5,73.7,2026
498,Leuphana University of Lüneburg,Germany,"7,488",24.9,11%,63:37:00,46.3355,23.5,28.1,83.2,33.6,66,2026
499,Southern Cross University,Australia,"8,883",43,22%,69:31:00,46.3175,24.4,29.9,72.8,66.9,79.1,2026
500,University of Nizwa,Oman,"3,498",8.9,11%,77:23:00,46.2745,28.1,26,76.2,34,83,2026
501,Heriot-Watt University,United Kingdom,"9,705",15.4,44%,39 : 61,46.2545,33.4,30.3,58.8,70.3,95.5,2026
502,National and Kapodistrian University of Athens,Greece,"66,736",34.1,12%,60:40:00,46.2475,24.4,26.8,78,92.5,55.7,2026
503,Saint Louis University,United States,"11,556",7.5,11%,60:40:00,46.2425,43.8,17.7,73.5,64.4,47.5,2026
504,Princess Nourah bint Abdulrahman University,Saudi Arabia,"20,015",11,12%,100:00:00,46.2145,29.3,21.8,78.5,33.1,85,2026
505,Complutense University of Madrid,Spain,"57,684",10,16%,63:37:00,46.123,43.7,34.5,57.6,56.6,49.1,2026
506,Tehran University of Medical Sciences,Iran,"12,476",6.6,16%,55:45:00,46.0985,49,27.7,56.8,84.2,42.7,2026
507,Bangor University,United Kingdom,"9,035",15.7,31%,59:41:00,46.039,28.3,26,70.3,63.2,87.1,2026
508,Shanghai University,China,"39,590",13.4,6%,50:50:00,46.028,31.5,37.6,64.3,93.6,37.3,2026
509,University of Trieste,Italy,"18,016",24.3,8%,58:42:00,45.993,34.3,27.7,72.4,57.6,50.9,2026
510,"Colorado State University, Fort Collins",United States,"28,466",15.4,4%,57:43:00,45.986,35,30.2,68.7,70.7,46.2,2026
511,National Yunlin University of Science and Technology,Taiwan,"9,057",21.3,5%,39 : 61,45.9565,21.1,28.9,81.8,79.9,48.2,2026
512,Istanbul Technical University,Turkey,"18,037",18.8,15%,42:58:00,45.952,39.7,41.7,50.4,93,44.1,2026
513,University of Nebraska Medical Center,United States,"3,390",1.9,8%,71:29:00,45.9465,38.5,17.3,79.4,67.3,40.8,2026
514,University of Nicosia,Cyprus,"6,398",17.2,65%,56:44:00,45.9055,19.3,24.1,81.3,51.7,90.2,2026
515,Wayne State University,United States,"20,958",12.7,5%,59:41:00,45.876,38.9,22.1,72.1,80.1,42.1,2026
516,University of Stirling,United Kingdom,"11,725",18.9,34%,59:41:00,45.8615,24.4,26.3,74.6,45.6,91.1,2026
517,Rensselaer Polytechnic Institute,United States,"6,873",14.6,16%,31 : 69,45.8455,38.9,27.9,58.1,85.1,72.6,2026
518,Constructor University,Germany,"1,750",22.6,90%,42:58:00,45.7995,34.9,32.2,51.4,92.4,94,2026
519,Massey University,New Zealand,"15,413",16.5,30%,64:36:00,45.7665,30.1,29.2,62.3,81.6,86.2,2026
520,Stevens Institute of Technology,United States,"7,887",20.8,40%,29 : 71,45.762,27.6,25.2,72.2,67.8,79.2,2026
521,University of Iceland,Iceland,"9,343",16,13%,69:31:00,45.748,24.6,35.3,69.3,83.1,55.2,2026
522,Saarland University,Germany,"16,434",9.6,21%,52:48:00,45.7435,32.5,19.2,73.1,68.7,78.8,2026
523,University of Siegen,Germany,"9,590",26.1,14%,57:43:00,45.735,30.4,36.7,63.6,63.6,60,2026
524,HSE University,Russian Federation,"36,414",18.8,13%,62:38:00,45.7225,31.7,43.7,54.6,90.7,49.2,2026
525,University of Hull,United Kingdom,"13,250",18.4,35%,55:45:00,45.7105,27.3,23.8,72.9,57.5,87.8,2026
526,Wroclaw Medical University,Poland,"6,075",8.6,14%,77:23:00,45.71,43.5,17.9,76.5,48.1,37.5,2026
527,Memorial University of Newfoundland,Canada,"16,376",15.3,29%,54:46:00,45.7005,30.3,25.7,65.2,82.1,86.2,2026
528,Jiangsu University,China,"35,531",9.4,6%,43:57:00,45.6815,28,18,83.6,75.1,54.9,2026
529,Pusan National University,South Korea,"15,331",15.5,14%,53:47:00,45.6805,41.6,39.6,49.1,95.3,45.1,2026
530,Yangzhou University,China,"30,130",12.4,10%,,45.668,34.3,27.1,70.1,81.2,45.5,2026
531,Jinan University (China),China,"38,488",15,28%,56:44:00,45.646,26.7,25.9,77.8,65.9,57.1,2026
532,National Cheng Kung University (NCKU),Taiwan,"21,726",19.9,11%,38 : 62,45.627,36.9,41.3,52,99.8,42.3,2026
533,University of International Business and Economics,China,"15,343",14.2,12%,73:27:00,45.624,29.2,19,87.3,31.5,54,2026
534,University of Modena and Reggio Emilia,Italy,"18,479",18.9,4%,54:46:00,45.593,34.7,25.7,72.9,77.9,38.9,2026
535,Ca’ Foscari University of Venice,Italy,"11,178",20.3,13%,64:36:00,45.5845,38,38,53.2,61.3,65.9,2026
536,University of Windsor,Canada,"14,932",35.1,36%,,45.5445,30.4,31.4,60.5,68.2,87.9,2026
537,University of Limerick,Ireland,"14,691",27.1,18%,52:48:00,45.53,28.6,34.6,61.7,73.1,75,2026
538,University of Messina,Italy,"14,308",22.7,6%,63:37:00,45.508,35.6,28.1,71.8,64.3,36.6,2026
539,Campus Bio-Medico University of Rome,Italy,"2,820",16.1,2%,62:38:00,45.4475,36.9,27.2,73.3,54.1,33.6,2026
540,University of Huddersfield,United Kingdom,"14,200",19.9,31%,58:42:00,45.4025,25.6,23.9,73.9,51.3,89.3,2026
541,Université du Québec,Canada,"50,342",17.1,17%,58:42:00,45.3785,33.4,33.5,57.1,73.2,76.7,2026
542,The University of Tulsa,United States,"3,771",9.9,14%,49:51:00,45.3725,41.4,17.5,70.6,58.8,60.7,2026
543,University of Valencia,Spain,"48,963",13.1,14%,64:36:00,45.369,31.8,27.7,70.9,68.5,52.6,2026
544,"Soochow University, China",China,"48,737",15.8,2%,50:50:00,45.324,29.3,26.4,77.6,92.8,27.1,2026
545,University of Ulsan,South Korea,"11,778",10.7,2%,45:55:00,45.287,30.6,27.6,75.8,92.9,24,2026
546,University of Toulouse,France,"1,10,552",22,16%,57:43:00,45.278,32.5,30.7,62.9,71,67.7,2026
547,Federation University Australia,Australia,"8,886",15.1,41%,60:40:00,45.276,20.9,18.2,81.5,70.5,87.5,2026
548,University of Nebraska-Lincoln,United States,"23,880",16.7,7%,50:50:00,45.262,33.1,31.4,63.9,68.6,59.7,2026
549,Missouri University of Science and Technology,United States,"7,306",21.8,13%,24 : 76,45.2155,27.9,29.5,64.1,89,75.2,2026
550,Maynooth University,Ireland,"12,263",25.7,15%,57:43:00,45.1635,23.5,34.4,68.7,50.5,75,2026
551,University of Catania,Italy,"30,470",20,5%,56:44:00,45.153,31.4,22,78.7,59,47.2,2026
552,Universiti Putra Malaysia,Malaysia,"20,358",12.8,40%,64:36:00,45.152,40.7,31.6,51.7,57.1,82.5,2026
553,University of Plymouth,United Kingdom,"16,895",17.8,22%,61:39:00,45.1,23,21.2,77.9,65.8,82.2,2026
554,Mizzou - University of Missouri,United States,"26,560",12.2,3%,56:44:00,45.091,39.8,26.2,63.6,69.3,52,2026
555,Cyprus University of Technology,Cyprus,"3,377",15.8,15%,58:42:00,45.069,28.9,25.6,75.1,36.3,68.5,2026
556,NOVA University of Lisbon,Portugal,"25,284",18.6,26%,51:49:00,45.057,30.2,36.4,59.7,75.8,62,2026
557,Royal Veterinary College,United Kingdom,"2,305",11,40%,81:19:00,45.0565,31.9,21.5,66.2,64.4,93,2026
558,TU Dortmund University,Germany,"16,305",44.7,15%,50:50:00,45.0545,36,35.3,57,71.5,56.5,2026
559,Konkuk University,South Korea,"11,274",25.4,22%,,45.0345,34.2,38.8,50.2,96.4,63.7,2026
560,American University of Sharjah,United Arab Emirates,"5,432",17.7,72%,53:47:00,44.939,20.9,28.7,73,49.7,87.5,2026
561,University of Salerno,Italy,"20,506",25.6,4%,57:43:00,44.8865,30.6,30.2,72.7,63.1,36.9,2026
562,Imam Abdulrahman Bin Faisal University,Saudi Arabia,"25,111",11,5%,89:11:00,44.8695,33.4,19.5,75.4,26.6,75.7,2026
563,Keele University,United Kingdom,"10,370",15.4,20%,62:38:00,44.861,23.5,22.6,75.5,63.8,82.3,2026
564,University of Manitoba,Canada,"26,170",13.7,24%,54:46:00,44.8375,29.5,25.1,72.9,61.4,60.4,2026
565,Zhejiang University of Technology,China,"31,557",13.9,9%,,44.8095,32,27.3,69.7,92.5,37.9,2026
566,University of KwaZulu-Natal,South Africa,"33,675",30.7,2%,62:38:00,44.7855,31.4,37.9,61.5,49.1,54.9,2026
567,Mahatma Gandhi University,India,"2,470",9.8,2%,65:35:00,44.7685,46.5,28.5,63.6,36.4,30,2026
568,Liverpool John Moores University,United Kingdom,"24,415",18.1,16%,57:43:00,44.705,19.7,19.7,83.8,51.2,79.9,2026
569,University of Bradford,United Kingdom,"11,775",22,47%,56:44:00,44.6865,21.4,21.4,76.1,58.5,93.3,2026
570,National Taiwan Normal University,Taiwan,"11,067",12.4,17%,,44.5895,36.7,32.3,56.2,86.4,54.4,2026
571,Shiraz University of Technology,Iran,"1,747",14.9,0%,38 : 62,44.569,34.2,22.4,77.6,45.6,38.4,2026
572,University of Missouri-Kansas City,United States,"9,605",12.3,13%,58:42:00,44.559,30.3,24.4,75.2,64.3,45.5,2026
573,Indian Institute of Technology Indore,India,"2,332",12.5,0%,24 : 76,44.5425,42.9,28.9,63.9,40.9,36,2026
574,Polytechnic University of Bari,Italy,"10,542",43.2,2%,31 : 69,44.5325,27,31.1,72.8,73.9,36.7,2026
575,"Goldsmiths, University of London",United Kingdom,"8,195",13.8,48%,69:31:00,44.506,28.2,23.5,71.2,48.8,80.8,2026
576,Kyungpook National University (KNU),South Korea,"17,162",15.8,17%,47:53:00,44.4975,34.8,38.5,51,96.1,52.3,2026
577,Sultan Qaboos University,Oman,"7,375",8.3,4%,50:50:00,44.45,30.9,24.6,70.1,40.7,73.9,2026
578,University of the Sunshine Coast,Australia,"11,020",27,15%,70:30:00,44.3555,21.9,29.5,72.2,64.5,68,2026
579,Chulalongkorn University,Thailand,"34,173",12,4%,55:45:00,44.3495,39.5,31.3,56.1,82,46.8,2026
580,Carleton University,Canada,"27,612",27,22%,49:51:00,44.331,23.4,31.5,64.9,79.2,75.4,2026
581,Tashkent Institute of Irrigation and Agricultural Mechanisation,Uzbekistan,"5,244",6.5,11%,44:56:00,44.3205,35.9,13.6,79.9,49.4,51.2,2026
582,University of Ferrara,Italy,"23,862",33.5,5%,63:37:00,44.3125,31.9,26.8,70.3,68.5,44,2026
583,Ewha Womans University,South Korea,"14,226",16.6,16%,100:00:00,44.246,36.9,37.3,50.3,90.9,50.9,2026
584,UPES,India,"9,231",9.6,0%,30 : 70,44.2435,29.6,20.9,81.5,23.2,54.3,2026
585,University of Graz,Austria,"10,958",10.8,19%,65:35:00,44.2375,32.3,24.1,65.3,51,81.2,2026
586,Alfaisal University,Saudi Arabia,"3,443",11.3,37%,58:42:00,44.21,24.2,19.5,73.7,50.4,97.2,2026
587,Auckland University of Technology,New Zealand,"17,420",17,49%,59:41:00,44.1985,22.6,22.8,73.6,49.8,91.3,2026
588,University of Pretoria,South Africa,"34,827",18.4,7%,61:39:00,44.1755,32.3,34.7,57.5,61.1,65.2,2026
589,"Northeastern University, China",China,"41,594",13.7,2%,,44.1305,31.7,31.4,63.9,96.2,35.4,2026
590,Georgia State University,United States,"32,292",16.6,9%,60:40:00,44.076,32.9,26.7,67.1,62.5,53.3,2026
591,New Jersey Institute of Technology,United States,"10,459",14.9,29%,29 : 71,44.062,27.5,23.3,65.2,68.5,91.9,2026
592,Yeungnam University,South Korea,"19,201",15.4,6%,50:50:00,44.0375,25.1,22.9,75.3,62.8,65.2,2026
593,"China University of Petroleum, Beijing",China,"18,745",18.1,5%,,43.9745,34.2,38,56.8,96.7,26.1,2026
594,Lovely Professional University,India,"36,891",14.9,8%,28 : 72,43.9435,24.6,17.6,87.6,31.5,53.9,2026
595,Hamburg University of Technology,Germany,"4,396",21.3,28%,30 : 70,43.9245,38.1,26,56.9,86,61.8,2026
596,Gachon University,South Korea,"23,826",24.4,18%,50:50:00,43.912,34.9,24.1,63.8,70,62.5,2026
597,Victoria University,Australia,"14,540",29.4,25%,59:41:00,43.867,22.9,24.7,74.5,55.9,71.5,2026
598,UEH University,Vietnam,"34,586",33.8,0%,70:30:00,43.811,13,21.8,92.1,50.1,53.6,2026
599,RPTU University Kaiserslautern-Landau,Germany,"10,796",22.4,14%,49:51:00,43.661,36.1,30.9,56.3,83.2,51.1,2026
600,University of Palermo,Italy,"28,637",32.9,2%,58:42:00,43.6415,33.3,30.5,66.7,54.7,37,2026
601,KIIT University,India,"19,682",10.3,14%,56:44:00,43.64,43,20.9,63.5,60.6,45.6,2026
602,Juntendo University,Japan,"7,371",5.3,3%,54:46:00,43.638,37.3,17.2,74.5,83.1,26.3,2026
603,Lincoln University (New Zealand),New Zealand,"3,123",15,42%,55:45:00,43.6335,29.1,25.6,62.2,53.5,91,2026
604,Middlesex University,United Kingdom,"14,860",19.8,49%,59:41:00,43.6105,22.4,18.7,76.1,45.3,92.5,2026
605,Banaras Hindu University,India,"12,447",7.9,4%,49:51:00,43.5905,49.9,18,67.8,31,27.6,2026
606,Jagiellonian University,Poland,"32,022",8.8,13%,67:33:00,43.5905,43.8,33.6,51.1,54.2,45.7,2026
607,University of Haifa,Israel,"16,297",17.5,3%,66:34:00,43.555,29.6,31.2,68.6,65,34.6,2026
608,University of Denver,United States,"10,234",13.3,5%,62:38:00,43.547,40.2,25.5,63.5,57.2,39.4,2026
609,Graphic Era University,India,"11,054",13.9,2%,45:55:00,43.516,20.2,22.2,92,20.1,36.2,2026
610,SUNY University at Albany,United States,"14,843",15.9,7%,53:47:00,43.4325,28.7,27.6,66.4,68.8,57.2,2026
611,Nottingham Trent University,United Kingdom,"36,005",15,25%,54:46:00,43.4215,20.8,14.1,83.3,38.1,89.1,2026
612,Sciences Po,France,"14,675",49.1,41%,64:36:00,43.403,30.1,24.8,67.9,18.6,82.9,2026
613,Imam Mohammad Ibn Saud Islamic University,Saudi Arabia,"38,256",11.2,15%,50:50:00,43.3695,33.2,22.1,64.9,36.6,83.1,2026
614,American University of the Middle East,Kuwait,"5,014",11.1,15%,62:38:00,43.3375,29.1,19.5,71.9,27.7,85.6,2026
615,Aligarh Muslim University,India,"21,223",14.7,1%,39 : 61,43.331,41.3,16.8,72.4,37.2,40.9,2026
616,University of Greenwich,United Kingdom,"22,915",22.4,54%,57:43:00,43.3035,17.6,16.5,81.6,39.1,97.1,2026
617,University of Wuppertal,Germany,"12,951",29.3,11%,54:46:00,43.295,31.5,31.2,60.6,65.3,55.5,2026
618,National University of Sciences and Technology,Pakistan,"12,468",12,5%,38 : 62,43.253,23.6,23.8,75.3,64.6,56.2,2026
619,University of Passau,Germany,"7,360",45.5,14%,59:41:00,43.2325,32.7,37,52.5,70.4,57.2,2026
620,Manchester Metropolitan University,United Kingdom,"33,935",18.1,22%,58:42:00,43.214,20.8,19.5,78.3,42.7,83,2026
621,Centrale Nantes,France,"1,755",13.2,37%,1.011805556,43.1775,39.9,31.2,41.7,86.1,85.4,2026
622,Nanjing University of Science and Technology (NJUST),China,"36,520",15.2,2%,31 : 69,43.1345,33.4,31.2,66.8,63.4,22.1,2026
623,University of Arkansas,United States,"28,164",20.3,3%,56:44:00,43.131,28.9,32.5,66.2,67.2,35.1,2026
624,Anglia Ruskin University (ARU),United Kingdom,"28,065",27.2,49%,62:38:00,42.9605,18.5,14.6,83.6,34.1,91,2026
625,Lehigh University,United States,"6,933",11.6,16%,46:54:00,42.958,33.8,22.7,61.2,67.6,71.2,2026
626,Tabriz University of Medical Sciences,Iran,"7,290",8.5,2%,53:47:00,42.9385,42.3,16.1,71.8,42.9,33.8,2026
627,Tarbiat Modares University,Iran,"10,360",13.8,6%,47:53:00,42.917,36.5,25.5,67.1,54.3,32.7,2026
628,University of Neuchâtel,Switzerland,"4,365",10.7,23%,60:40:00,42.9045,35,24.2,57.8,47.1,84.5,2026
629,The Catholic University of Korea (CUK),South Korea,"7,349",18.6,15%,58:42:00,42.858,31.6,39,50.9,92.9,43.2,2026
630,Mahidol University,Thailand,"29,737",8.9,6%,63:37:00,42.797,38.6,28.4,53.1,88.1,49.6,2026
631,Bilkent University,Turkey,"8,980",19.8,6%,48:52:00,42.783,28.4,35.5,51.3,99.5,63.2,2026
632,University of Canterbury,New Zealand,"14,857",19.1,18%,50:50:00,42.7575,26.6,28.3,59.9,64.4,82.1,2026
633,Graz University of Technology,Austria,"6,734",8.7,26%,27 : 73,42.6605,41.9,22.7,46.5,95.3,79.4,2026
634,Nanjing Forestry University,China,"36,679",18.1,1%,,42.6525,21.2,23.8,83.4,61.1,27.1,2026
635,École Nationale des Travaux Publics de l'État (ENTPE),France,794,13.5,17%,43:57:00,42.6475,36.4,37.2,41.8,80.1,71.7,2026
636,TU Braunschweig,Germany,"14,251",16.3,15%,42:58:00,42.6445,36,24.3,58.5,77.5,57.7,2026
637,University of Klagenfurt,Austria,"3,377",8.7,33%,66:34:00,42.637,34.4,19.6,60.5,49.5,89,2026
638,Hiroshima University,Japan,"14,922",8.7,12%,38 : 62,42.622,41.7,31.4,47.8,79.8,49.1,2026
639,The University of Jordan,Jordan,"23,745",12.2,26%,63:37:00,42.6115,32,19.5,67.2,41.6,75.9,2026
640,Örebro University,Sweden,"9,943",16.6,6%,63:37:00,42.5915,19.3,25.2,78.3,50.5,54.4,2026
641,University of North Carolina at Charlotte,United States,"27,004",21.1,8%,50:50:00,42.5565,23.9,24.5,76.2,60.9,41.4,2026
642,University of Granada,Spain,"51,046",14.3,11%,61:39:00,42.5495,31.3,29.7,60.9,60.7,53.4,2026
643,University of Alaska Fairbanks,United States,"2,895",8.5,6%,56:44:00,42.519,34.8,30.7,53.6,55,67.6,2026
644,Auburn University,United States,"28,365",18.5,7%,51:49:00,42.5055,36.5,27.9,55.6,71.8,54.6,2026
645,Universiti Pendidikan Sultan Idris,Malaysia,"5,754",8.9,28%,59:41:00,42.5,39.4,27.6,48.4,56.2,81.4,2026
646,University of Lincoln,United Kingdom,"15,645",15,24%,58:42:00,42.454,20.5,18.5,77.2,34.1,86.9,2026
647,"University of Nevada, Las Vegas",United States,"26,545",22.1,3%,57:43:00,42.452,31,22.9,71.9,52.4,40,2026
648,University of Mons,Belgium,"8,374",26.7,17%,56:44:00,42.441,27.2,30.9,58.4,66.4,70.4,2026
649,University of Crete,Greece,"12,551",22.7,5%,64:36:00,42.3925,24.7,29.1,68.5,66.3,46.2,2026
650,Ulster University,United Kingdom,"24,440",23.3,29%,55:45:00,42.345,22.8,22.8,65.7,54.3,95,2026
651,Universiti Malaysia Pahang Al-Sultan Abdullah (UMPSA),Malaysia,"7,584",12.4,10%,49:51:00,42.326,37.9,23.9,59,52.8,58.7,2026
652,Université Côte d'Azur,France,"31,714",19.8,21%,57:43:00,42.3195,30.9,20.8,61.4,65.8,81.6,2026
653,University of Tabriz,Iran,"21,199",23.6,15%,51:49:00,42.3005,28.6,21.4,72.8,45.5,53.3,2026
654,University of Calabria,Italy,"10,386",15.7,8%,54:46:00,42.299,39.5,21.9,62.4,59.7,42.5,2026
655,Babol Noshirvani University of Technology,Iran,"5,917",26.6,3%,34 : 66,42.275,22.1,21.9,86.1,36.3,28.3,2026
656,University of L’Aquila,Italy,"19,246",25.5,6%,53:47:00,42.247,32.8,22.4,66.6,78.5,39.4,2026
657,East China University of Science and Technology,China,"32,389",19,2%,43:57:00,42.185,31.1,29.1,63.3,96.6,22.9,2026
658,COMSATS University Islamabad,Pakistan,"33,193",15.8,1%,39 : 61,42.1595,19.8,16.9,86.2,43.5,50.9,2026
659,Concordia University,Canada,"36,811",25.5,35%,49:51:00,42.142,24.5,25.8,63.7,68,74.7,2026
660,Egypt-Japan University of Science and Technology (E-JUST),Egypt,"3,015",26.5,4%,33 : 67,42.132,30.7,27.4,65,40.8,53.3,2026
661,Management & Science University (MSU),Malaysia,"4,038",7.5,58%,61:39:00,42.1275,33.2,15,65.8,33.4,92.1,2026
662,"Amity University, Noida",India,"29,510",14.9,14%,57:43:00,42.127,28.7,17.6,76.9,42.1,50.7,2026
663,University of Minho,Portugal,"21,465",20.8,13%,55:45:00,42.1055,28,33.6,57.1,82.6,48.9,2026
664,Isfahan University of Technology,Iran,"10,096",22.6,3%,40 : 60,42.0945,34.1,27.6,59.7,84.4,36.6,2026
665,Panjab University,India,"16,479",15.9,2%,65:35:00,42.09,38.2,19.6,71.2,48.3,24.6,2026
666,University of Udine,Italy,"11,915",16.7,5%,56:44:00,41.9795,32.8,20.9,69.4,58.5,41.1,2026
667,Jiangnan University,China,"32,581",12.1,1%,,41.9615,29.5,25.8,68,92.8,22.2,2026
668,Tomsk State University,Russian Federation,"7,985",11.7,37%,,41.943,50.5,38.3,27,55.9,74.7,2026
669,UiT The Arctic University of Norway,Norway,"15,308",10.6,10%,62:38:00,41.9385,27.3,23.1,67.6,48.9,66,2026
670,Universitat Politècnica de Catalunya,Spain,"24,055",10.3,13%,30 : 70,41.9125,34.2,22.6,58.7,75.8,61.7,2026
671,Majmaah University,Saudi Arabia,"11,910",9.9,3%,47:53:00,41.899,32.2,25.4,59.7,35.6,76,2026
672,Tallinn University of Technology,Estonia,"7,451",13.2,12%,40 : 60,41.898,26.2,24.9,66,69.2,58.4,2026
673,Universiti Tenaga Nasional (UNITEN),Malaysia,"4,317",10,20%,33 : 67,41.888,26.1,16.3,72.8,68.1,65.3,2026
674,Edinburgh Napier University,United Kingdom,"14,615",21.8,21%,55:45:00,41.886,17.5,19.7,75.3,41.2,90.3,2026
675,ISCTE-University Institute of Lisbon,Portugal,"10,999",26,18%,53:47:00,41.878,29.8,35.9,54.9,59.9,50.8,2026
676,University of Lille,France,"78,318",30.6,14%,61:39:00,41.8105,33.6,23.4,58.5,67,65.1,2026
677,Dhofar University,Oman,"3,049",15.9,7%,53:47:00,41.8025,16.9,19,80.8,27.8,79.4,2026
678,Oklahoma State University,United States,"22,574",14.7,5%,53:47:00,41.7875,36.5,21.1,60.9,61.9,55.4,2026
679,Ocean University of China,China,"35,422",18.2,1%,,41.7865,31.3,29.5,63.6,69.7,28.4,2026
680,"UEES, Espiritu Santo University",Ecuador,"4,596",10.9,24%,51:49:00,41.7715,38.8,15.3,58.8,39.9,88.7,2026
681,University of Cagliari,Italy,"14,312",15,2%,62:38:00,41.7665,33.8,24,64.3,62.7,40.5,2026
682,Claude Bernard University Lyon 1,France,"35,702",16.9,13%,56:44:00,41.72,27,26.4,62.6,70.1,60.2,2026
683,Nantes Université,France,"35,045",17.3,12%,57:43:00,41.7185,29.3,21.4,65.6,67.6,59.8,2026
684,Sukkur IBA University,Pakistan,"5,580",19.6,0%,30 : 70,41.7045,19.6,26.7,77.9,26.3,50.1,2026
685,Coventry University,United Kingdom,"30,640",14.6,58%,50:50:00,41.677,21.6,15.1,73.5,44.9,94.4,2026
686,Aberystwyth University,United Kingdom,"6,330",15.1,21%,52:48:00,41.66,26.9,22.2,61.9,62.1,83.1,2026
687,Toronto Metropolitan University,Canada,"37,827",39.8,11%,54:46:00,41.628,22.4,32,61.1,69,62,2026
688,Amedeo Avogadro University of Eastern Piedmont,Italy,"15,817",35.5,10%,61:39:00,41.625,25.6,24.8,70.6,52.9,47.8,2026
689,Symbiosis International University,India,"22,845",14.4,7%,47:53:00,41.613,29.3,15.8,80.2,27,43.3,2026
690,Paderborn University,Germany,"14,479",38.3,13%,51:49:00,41.5835,31.1,35.9,51.4,70.7,50,2026
691,Manipal Academy of Higher Education,India,"24,076",8.6,12%,50:50:00,41.5795,44.7,18.6,56.4,54.1,52.2,2026
692,Thapar Institute of Engineering and Technology,India,"7,763",15,4%,35 : 65,41.571,33.3,17.6,72.5,38.9,44.5,2026
693,Zhejiang Normal University,China,"34,011",13.5,7%,,41.5545,19.2,22,80.1,63.7,39.1,2026
694,Central University of Punjab,India,"2,829",14.1,2%,37 : 63,41.5405,30.3,19.8,78.7,26.5,29.2,2026
695,Duy Tan University,Vietnam,"23,574",22.7,1%,61:39:00,41.532,12.8,17,91.9,27.9,55.2,2026
696,Harokopio University of Athens,Greece,"2,994",28.1,4%,51:49:00,41.5145,20.8,24.2,79.3,40.2,39.5,2026
697,Masaryk University,Czechia,"33,661",18.2,25%,62:38:00,41.499,26.8,32.6,57.1,51.1,66.2,2026
698,Nanjing University of Aeronautics and Astronautics,China,"36,035",15.4,2%,,41.4785,30.2,35.4,54.9,98.4,25.3,2026
699,University of Tuscia,Italy,"6,305",24,12%,49:51:00,41.477,23.8,28.7,66.5,59.7,50.6,2026
700,King Faisal University,Saudi Arabia,"22,366",10.4,6%,65:35:00,41.45,25.6,14.8,73.7,40.4,78.4,2026
701,Lorestan University of Medical Sciences,Iran,"4,068",18.9,1%,57:43:00,41.4385,39.1,18.4,67.9,50.2,29.2,2026
702,National Research Nuclear University MEPhI,Russian Federation,"5,352",10.1,28%,49:51:00,41.4345,49.3,35,29.2,63.4,72.6,2026
703,Iran University of Medical Sciences,Iran,"8,876",7.8,19%,54:46:00,41.4345,48.3,17.3,56.5,43.1,46.6,2026
704,Xidian University,China,"39,572",14.3,1%,25 : 75,41.434,28.6,25.2,66.5,95.1,25.8,2026
705,The University of Texas at San Antonio,United States,"27,369",24.2,3%,53:47:00,41.4225,21.9,23.4,75.7,60.9,40.4,2026
706,University of New Brunswick UNB,Canada,"8,975",12.4,22%,53:47:00,41.421,23.8,19.5,67.1,63.5,81,2026
707,Golestan University,Iran,"3,950",30.4,8%,62:38:00,41.3455,22.1,15.6,83.1,23.3,59.2,2026
708,Shiraz University of Medical Sciences,Iran,"9,998",9.8,3%,55:45:00,41.312,46.6,19.5,58.6,58,26.8,2026
709,University of Insubria,Italy,"9,546",23.1,5%,56:44:00,41.306,19,23.7,79.3,48.7,41.2,2026
710,"University of Maryland, Baltimore County",United States,"12,398",17.8,19%,46:54:00,41.2795,27.5,27.2,61.3,67.6,55.8,2026
711,Tecnológico de Monterrey,Mexico,"17,141",14.1,14%,43:57:00,41.0835,26.7,26.4,59.6,68.4,65.8,2026
712,Indian Institute of Technology Patna,India,"2,840",17.1,1%,1.011805556,41.061,34.8,22.5,70.4,36,22.8,2026
713,London South Bank University,United Kingdom,"14,425",15.9,40%,55:45:00,41.024,18.5,13,75.6,48.1,95.9,2026
714,Rovira i Virgili University,Spain,"14,226",13.2,12%,60:40:00,40.968,28.2,25.1,62.5,57.5,57.6,2026
715,Bar-Ilan University,Israel,"19,887",20.6,4%,58:42:00,40.939,33.8,34.8,52.6,65.9,32.8,2026
716,University of Hertfordshire,United Kingdom,"27,285",19.5,61%,47:53:00,40.8465,18.2,13.2,76.5,44.8,92.1,2026
717,Chitkara University,India,"18,269",13.8,3%,44:56:00,40.8105,21.1,14.7,91,22.7,28.2,2026
718,Cyprus International University,Northern Cyprus,"14,569",23.8,93%,47:53:00,40.8025,17.8,12.1,83.5,17.5,83.9,2026
719,Urmia University of Medical Sciences,Iran,"5,350",11.5,8%,50:50:00,40.7795,41.4,11.7,73.2,22.4,30.9,2026
720,Yarmouk University,Jordan,"21,300",23.6,15%,,40.7555,29.3,17.9,69.9,29.9,63.4,2026
721,Worcester Polytechnic Institute,United States,"6,312",12.9,14%,36 : 64,40.711,32.6,21.4,59.6,67.2,57.6,2026
722,Obuda University,Hungary,"8,068",26.6,7%,0.888888889,40.682,17.4,30.9,72.8,27.2,48.8,2026
723,Federal University of Rio de Janeiro,Brazil,"56,160",14.6,1%,56:44:00,40.681,42.6,36.2,38.1,84.9,37.2,2026
724,University of Beira Interior,Portugal,"8,307",16.8,21%,56:44:00,40.655,23.8,23.4,71.4,39.7,51.2,2026
725,University of the West of Scotland,United Kingdom,"16,955",24.9,39%,60:40:00,40.6265,19.5,15.5,69.7,66.1,91,2026
726,École des Mines de Saint-Étienne,France,"1,128",9.5,29%,27 : 73,40.6165,47.3,31.3,30.1,78.9,72,2026
727,Kadir Has University,Turkey,"4,058",22.4,11%,58:42:00,40.5655,19.4,31.7,67.1,32.8,56.1,2026
728,Kobe University,Japan,"15,355",9.8,7%,35 : 65,40.556,41.5,28.9,45,89,38.3,2026
729,Air University,Pakistan,"10,530",14.5,0%,35 : 65,40.54,22.5,12.6,83.7,34.9,49.9,2026
730,Jouf University,Saudi Arabia,"11,978",9.6,2%,47:53:00,40.5015,23.8,17.6,72.3,25.6,75.5,2026
731,Malaviya National Institute of Technology,India,"5,589",17,1%,26 : 74,40.4325,31.7,19.1,73.9,39.3,24,2026
732,SRUC (Scotland’s Rural College),United Kingdom,"1,400",4.3,9%,65:35:00,40.4,25.2,14.9,75.4,28,65.4,2026
733,Louisiana State University,United States,"33,738",20.7,4%,56:44:00,40.3665,34.1,20.6,60.8,65.7,46.2,2026
734,University of the Basque Country,Spain,"39,279",11.6,6%,56:44:00,40.3505,31.1,21.9,63.3,61.5,45,2026
735,Shahid Beheshti University of Medical Sciences,Iran,"12,165",7.9,6%,55:45:00,40.334,45,20.4,52.8,73.7,31.4,2026
736,New Mexico State University (Main campus),United States,"12,251",15.8,6%,58:42:00,40.317,26.2,24.5,66.2,56.2,45,2026
737,Mississippi State University,United States,"20,844",14.1,4%,53:47:00,40.311,28.5,21.2,64.8,63.2,50.5,2026
738,Ben-Gurion University of the Negev,Israel,"16,196",12,2%,52:48:00,40.3075,35.5,25.3,57.3,65.2,36,2026
739,Qingdao University,China,"42,202",15.6,1%,51:49:00,40.2955,18.4,20.2,83.3,56.8,23.3,2026
740,Paris Lodron Universität Salzburg,Austria,"6,302",8.5,40%,68:32:00,40.282,32.3,21.8,51.8,49.6,92.1,2026
741,University of Aveiro,Portugal,"14,095",15.9,11%,54:46:00,40.2815,31.6,31.5,53.8,55.3,46.3,2026
742,South China Normal University,China,"36,468",19.9,4%,,40.2795,24.5,24.9,67.1,75.4,35.8,2026
743,Capital Medical University,China,"16,357",4,4%,64:36:00,40.2615,36.9,21.2,64,57.2,23.2,2026
744,Yuan Ze University,Taiwan,"6,717",20.4,11%,43:57:00,40.2605,19.7,27.3,62.5,79.8,61.2,2026
745,Universidade Estadual Paulista (Unesp),Brazil,"37,420",12.5,3%,52:48:00,40.249,45.6,35.6,36.8,62.7,39,2026
746,University of Bari Aldo Moro,Italy,"29,256",18.5,2%,62:38:00,40.2435,20,25.8,71.4,64.6,38.1,2026
747,UWE Bristol (University of the West of England),United Kingdom,"30,220",16.4,29%,52:48:00,40.228,18.8,14.6,73.3,59.2,81.2,2026
748,Otto von Guericke University of Magdeburg,Germany,"12,812",10.7,30%,42:58:00,40.218,34.6,18.2,56.6,57.7,72.6,2026
749,Guangdong University of Technology,China,"51,066",17.1,0%,29 : 71,40.2165,18.8,20,78.6,86.7,24.3,2026
750,Government College University Faisalabad,Pakistan,"22,898",26.6,0%,55:45:00,40.1685,20.3,17.7,81.4,22.3,49.8,2026
751,De Montfort University,United Kingdom,"23,655",20.6,47%,48:52:00,40.111,17.7,16.4,70.5,50.4,92.9,2026
752,London Metropolitan University,United Kingdom,"12,395",28.2,64%,64:36:00,40.1085,16.6,14.4,76.6,30.2,91.3,2026
753,University of the Western Cape,South Africa,"24,431",34.2,4%,63:37:00,40.0635,22.9,24.8,68.3,24.4,62,2026
754,Xi’an Jiaotong-Liverpool University,China,"21,448",18.3,3%,52:48:00,40.0455,21.2,17.6,71.3,40.5,75.7,2026
755,Polytechnic University of Valencia,Spain,"30,641",15.8,16%,58:42:00,40.0085,32.3,26.2,50.4,86.8,57.2,2026
756,Texas Tech University,United States,"37,631",20.8,8%,50:50:00,39.9905,31.6,22,57.8,64.4,58.3,2026
757,American University,United States,"13,316",12,11%,64:36:00,39.9395,35.7,18.6,63.6,41.6,43.6,2026
758,Universiti Teknologi Brunei,Brunei Darussalam,"1,977",7.7,4%,61:39:00,39.908,29.9,14,68.5,33.5,68.5,2026
759,SUNY Binghamton University,United States,"18,703",20.2,9%,52:48:00,39.8965,33.2,26.9,54.7,64.6,44.1,2026
760,Teesside University,United Kingdom,"18,820",21,42%,56:44:00,39.8785,20.6,14.3,72.9,29.8,87.9,2026
761,Keio University,Japan,"34,336",10.2,10%,37 : 63,39.875,37,28.3,49.1,73.7,41,2026
762,Isfahan University of Medical Sciences,Iran,"10,760",10.5,4%,59:41:00,39.8685,46.6,22.5,49.7,65.6,27.5,2026
763,Eastern Mediterranean University,Northern Cyprus,"14,696",23.3,72%,48:52:00,39.8355,20.2,12.7,77.2,30.9,77.3,2026
764,Ton Duc Thang University,Vietnam,"27,459",16.3,2%,57:43:00,39.782,15.8,12.2,85.9,27.2,63,2026
765,Czech University of Life Sciences Prague (CZU),Czechia,"17,470",17.4,29%,48:52:00,39.729,25.1,17.5,64.9,47.3,78.5,2026
766,City University of Macau,Macao,"8,701",16.6,64%,53:47:00,39.7235,30.8,17.1,59.7,18.9,93.5,2026
767,University of Ha’il,Saudi Arabia,"20,652",10.9,5%,62:38:00,39.7005,22.1,12.2,75.5,26.7,79,2026
768,The University of Aizu,Japan,"1,289",12,13%,0.520138889,39.6875,27.2,14.3,63.6,58.1,81.5,2026
769,University of Parma,Italy,"31,624",31.5,9%,59:41:00,39.6585,20.9,23.9,70.1,64.8,39.2,2026
770,University of Warsaw,Poland,"34,878",11,10%,60:40:00,39.6505,38.1,32.6,46.7,39.3,45,2026
771,VIT University,India,"44,159",16,3%,29 : 71,39.6385,27.7,21,68.8,42.3,40.6,2026
772,Parthenope University of Naples,Italy,"14,020",36.4,3%,43:57:00,39.6345,18.9,22.8,78,34.8,35.4,2026
773,Sharda University,India,"15,326",12.7,11%,43:57:00,39.63,32.8,13.5,73.7,22.1,40.6,2026
774,Babol University of Medical Sciences,Iran,"4,418",11.8,1%,54:46:00,39.6225,40.7,12.6,71.1,22.3,23.2,2026
775,Charles Sturt University,Australia,"18,763",21.8,11%,69:31:00,39.622,18.8,20.2,72.3,52.2,59.2,2026
776,National Sun Yat-Sen University,Taiwan,"8,876",12.3,9%,43:57:00,39.614,31.5,35.1,43.6,89,46.7,2026
777,University of Santiago de Compostela,Spain,"24,821",14.1,8%,62:38:00,39.613,30.8,23.1,60.9,48.2,48.4,2026
778,National Institute of Technology Rourkela,India,"7,763",19,4%,0.806944444,39.607,34.3,20.5,63.8,66.4,23.3,2026
779,University of Texas at Arlington,United States,"38,017",32.3,16%,60:40:00,39.556,25,23,62.2,65.9,56.2,2026
780,University of Tabuk,Saudi Arabia,"20,099",10.3,3%,41:59:00,39.551,25.1,14.5,70.3,30.1,75.3,2026
781,Kansas State University,United States,"18,454",14,5%,54:46:00,39.5015,35.1,22.9,52.6,68.4,53.2,2026
782,Taif University,Saudi Arabia,"38,212",16.7,3%,58:42:00,39.4995,16.2,16.4,77.7,23.3,76.3,2026
783,"International Institute of Information Technology, Hyderabad",India,"1,882",13.4,7%,0.888888889,39.483,29.3,18.7,66.3,56.6,43.5,2026
784,Bahauddin Zakariya University,Pakistan,"19,120",19.5,0%,40 : 60,39.461,23.7,18.1,75,25.2,49.5,2026
785,Harbin Engineering University,China,"33,564",17.1,2%,24 : 76,39.4575,29.7,33.8,50.6,94.1,26,2026
786,University of Brighton,United Kingdom,"14,840",16.8,23%,61:39:00,39.436,19.9,19.3,63.4,64.9,84.7,2026
787,Jazan University,Saudi Arabia,"21,894",11.6,3%,68:32:00,39.42,22.5,12.4,75.4,21.1,76.3,2026
788,University of Rennes 1,France,"29,025",19.3,12%,55:45:00,39.4035,34.3,20,53.4,70,62.2,2026
789,University of Toledo,United States,"13,661",15.8,10%,54:46:00,39.382,36.9,18.5,54.6,63.6,56.1,2026
790,Yıldız Technical University,Turkey,"20,391",23.4,13%,47:53:00,39.357,33.1,31.6,48.5,72.9,39.5,2026
791,Rochester Institute of Technology,United States,"14,881",16.1,13%,37 : 63,39.3375,24.2,22.6,65.5,62.3,46.7,2026
792,University of Lahore,Pakistan,"21,224",14,4%,39 : 61,39.297,19.8,13,81.8,21.4,57.2,2026
793,University of Derby,United Kingdom,"15,820",14.6,26%,61:39:00,39.293,19,14.1,74,34.6,80.2,2026
794,Nanjing Tech University,China,"37,609",12.7,4%,,39.261,24.4,18.4,68.8,87.3,34.6,2026
795,American University in Cairo,Egypt,"6,233",10.4,8%,58:42:00,39.249,30.1,25.9,53.7,33.9,71.9,2026
796,Universidade Federal do Rio Grande do Sul,Brazil,"40,018",14.4,1%,52:48:00,39.2215,38.9,23.2,53.6,56.7,35.6,2026
797,Kafrelsheikh University,Egypt,"72,697",27.6,3%,56:44:00,39.167,28.7,9.6,76.9,21.6,53.1,2026
798,Alborz University of Medical Sciences,Iran,"3,765",11.5,0%,54:46:00,39.124,41.3,12.7,67.1,27,27.3,2026
799,Beirut Arab University,Lebanon,"4,167",10.4,21%,45:55:00,39.079,43,17.3,46.3,21.8,88.2,2026
800,"University of Veterinary and Animal Sciences, Lahore",Pakistan,"7,679",21.2,1%,53:47:00,39.053,21.2,15.5,75.6,41.6,52.8,2026
801,Qazvin University of Medical Sciences,Iran,"3,196",9.8,3%,55:45:00,39.0375,37.1,11.7,72.3,22,28.4,2026
802,University of Delhi,India,"24,204",20.2,2%,47:53:00,39.005,42.9,29.7,45.8,53.6,24.7,2026
803,Ohio University (Main campus),United States,"20,461",21.8,4%,59:41:00,38.992,33.1,18.9,61.6,59.1,38.7,2026
804,Isra University (Jordan),Jordan,"5,275",21.5,24%,52:48:00,38.974,12.9,16.5,80.5,16.9,74.1,2026
805,Chang Gung University,Taiwan,"7,142",12.4,5%,51:49:00,38.972,25.8,35.3,50.2,96.1,29.6,2026
806,Bharathiar University,India,"3,927",19.2,0%,55:45:00,38.9675,35.9,25.9,55.7,45.4,31.2,2026
807,Baylor University,United States,"21,096",14.9,6%,61:39:00,38.9465,43,19.4,53.6,43.2,37.7,2026
808,Qassim University,Saudi Arabia,"29,826",9.5,11%,45:55:00,38.9425,30.5,19.3,56.2,29.7,84,2026
809,Fuzhou University,China,"44,604",17.4,1%,39 : 61,38.9025,19.2,20.9,71.1,81.5,34.5,2026
810,"University of Engineering and Technology, Taxila",Pakistan,"5,282",19.9,2%,0.970833333,38.901,19.3,14.4,80.8,28.1,48.9,2026
811,Kurdistan University of Medical Sciences,Iran,"3,652",7,7%,46:54:00,38.885,43,10.4,65.8,23.1,33.6,2026
812,William & Mary,United States,"8,786",11.8,6%,58:42:00,38.8835,39.2,22.6,53.9,45.7,36.9,2026
813,Northeast Agricultural University,China,"32,409",20.7,1%,55:45:00,38.876,19.3,15.9,84.5,45.1,18.9,2026
814,Pontifical Catholic University of Rio de Janeiro (PUC-Rio),Brazil,"11,715",18.4,2%,50:50:00,38.8495,37.1,34.2,38.9,72.8,45.4,2026
815,Jönköping University,Sweden,"6,586",13.8,12%,61:39:00,38.8385,21,22.4,65.5,37,66.9,2026
816,Future University in Egypt,Egypt,"7,962",9.5,11%,45:55:00,38.753,22.2,10.6,78.6,18,64.4,2026
817,Birjand University of Medical Sciences,Iran,"4,171",12,5%,57:43:00,38.692,36.2,12.5,70,20.2,34.4,2026
818,"Birla Institute of Technology and Science, Pilani",India,"16,157",15.3,3%,0.888888889,38.69,29,20.9,66.9,46.1,28.8,2026
819,Oxford Brookes University,United Kingdom,"13,930",13.6,30%,56:44:00,38.636,26.9,23.1,53.9,30.6,88.1,2026
820,Shahroud University of Medical Sciences,Iran,"1,709",11.4,0%,34 : 66,38.5915,35.2,13.6,72.1,21.4,23.7,2026
821,Jawaharlal Nehru University,India,"7,759",11.2,1%,42:58:00,38.5835,46,24.4,48.5,39.5,24.1,2026
822,Leeds Beckett University,United Kingdom,"19,825",17,23%,54:46:00,38.5725,19.2,15.9,69.2,48,74.9,2026
823,National Technical University of Athens,Greece,"13,139",19.5,5%,35 : 65,38.5325,33.3,24.4,55.1,61.2,35.4,2026
824,Jordan University of Science and Technology,Jordan,"17,708",12,28%,48:52:00,38.5285,22.9,16,64.8,47.2,77.4,2026
825,RUDN University,Russian Federation,"27,303",17.8,34%,59:41:00,38.509,39.9,27.8,40.2,36.6,68.7,2026
826,Kerman University of Medical Sciences,Iran,"5,552",9.5,3%,,38.4925,40.6,15.4,63.7,23.8,26.5,2026
827,University of Jaén,Spain,"13,280",13.9,10%,58:42:00,38.4865,23.9,20.7,67,39.2,50.2,2026
828,Robert Gordon University,United Kingdom,"11,720",22.1,33%,64:36:00,38.43,17.3,13.9,69.9,39.2,90.1,2026
829,Rafsanjan University of Medical Sciences,Iran,"2,169",10.3,0%,59:41:00,38.337,41.7,12.2,66.4,20,23.7,2026
830,Panthéon-Sorbonne University – Paris 1,France,"36,234",29.2,21%,64:36:00,38.3325,36.9,34,38,35.8,63.4,2026
831,Abdul Wali Khan University Mardan,Pakistan,"13,165",22.2,0%,27 : 73,38.3315,19,12.5,81.2,24.6,50.1,2026
832,National Autonomous University of Mexico,Mexico,"1,75,031",16.3,5%,52:48:00,38.3165,34.2,33.8,37.5,66.7,60.1,2026
833,Cankaya University,Turkey,"5,609",21.3,1%,44:56:00,38.2315,15.9,15.9,80.9,20.5,51.2,2026
834,Urmia University,Iran,"13,411",27.3,13%,49:51:00,38.225,31.4,23.6,56.6,34.7,50,2026
835,University of Tunis El Manar,Tunisia,"16,341",8.1,10%,75:25:00,38.1955,45.7,27.2,32.9,70.4,55.2,2026
836,Southwest Jiaotong University,China,"49,014",15.4,1%,33 : 67,38.1925,26.2,25.4,60.2,83,22.9,2026
837,Northeast Normal University,China,"31,316",19.3,3%,69:31:00,38.179,30.9,17.4,65.1,50.5,32.9,2026
838,Southern Illinois University Carbondale,United States,"9,238",13.7,7%,53:47:00,38.17,38.3,26.3,43.7,74.8,41.9,2026
839,Nanjing Normal University,China,"36,007",13.7,2%,66:34:00,38.1675,25.3,17.1,69.8,66.5,28.6,2026
840,Nanjing Medical University,China,"23,163",7.2,3%,,38.1605,37.1,16.4,62.2,51.5,23.2,2026
841,University of Seville,Spain,"60,471",19,12%,57:43:00,38.1475,24.9,27.9,55.8,60.4,47.4,2026
842,University of Namur,Belgium,"6,480",20,17%,58:42:00,38.14,26.8,26.7,49,62.4,70.6,2026
843,Istanbul Medipol University,Turkey,"20,473",34.4,43%,65:35:00,38.1375,33,29.4,42.6,54.6,65.5,2026
844,King Saud bin Abdulaziz University for Health Sciences,Saudi Arabia,"8,509",10.9,0%,53:47:00,38.136,44.6,19.6,44.5,45.5,55,2026
845,University of Management and Technology,Pakistan,"22,028",17.2,2%,49:51:00,38.079,16.5,11,83.5,26.6,52.1,2026
846,Cairo University,Egypt,"1,73,478",24.6,7%,60:40:00,38.036,29.4,20,60.7,42.7,48.6,2026
847,Guru Gobind Singh Indraprastha University,India,"6,027",14.2,4%,29 : 71,38.028,30.8,12.4,74.2,26.9,26.8,2026
848,University of Indonesia,Indonesia,"42,674",8.3,17%,73:27:00,38.0235,45,22,37.2,60.4,63.9,2026
849,National Institute of Applied Sciences of Lyon (INSA Lyon),France,"6,160",12.6,26%,38 : 62,38.0195,38.7,22.9,36.7,93.3,69.6,2026
850,Guilan University of Medical Sciences,Iran,"5,752",10.8,1%,57:43:00,38.0085,40,11.6,66.3,25.3,25.9,2026
851,University of Salford,United Kingdom,"22,475",20.9,30%,56:44:00,38.007,19,14.8,64.9,57,84.8,2026
852,Empress Catherine II Saint Petersburg Mining University,Russian Federation,"10,462",16.1,17%,43:57:00,37.9965,28.7,17.9,62.8,51.6,45.8,2026
853,University of Malakand,Pakistan,"8,902",27.1,1%,28 : 72,37.9795,25.6,12.9,70.6,42.6,50.7,2026
854,European University Cyprus,Cyprus,"5,474",15.2,58%,62:38:00,37.9585,20.4,15.3,65.8,19.9,92.9,2026
855,National University of Science and Technology (MISiS),Russian Federation,"7,305",12.6,19%,42:58:00,37.9115,40.2,29.8,34.5,74.7,54.3,2026
856,University of Rhode Island,United States,"15,859",17.4,3%,58:42:00,37.9,29.6,23,55,53.2,51.6,2026
857,Najran University,Saudi Arabia,"16,538",13.3,6%,57:43:00,37.865,16.7,11.9,76.1,18.5,78.9,2026
858,University of Ljubljana,Slovenia,"37,509",12.8,9%,60:40:00,37.862,27.8,23.8,56,69.1,42.6,2026
859,Reykjavík University,Iceland,"2,851",21.5,6%,45:55:00,37.835,18.8,25.9,62.5,33.7,62.4,2026
860,University of Córdoba,Spain,"17,571",11.8,11%,59:41:00,37.833,27.4,20.7,60.4,45.8,50.6,2026
861,International University of Rabat,Morocco,"8,278",23.1,5%,55:45:00,37.8305,18.4,12,73.2,31,76.3,2026
862,Jeonbuk National University,South Korea,"18,726",20.3,10%,46:54:00,37.83,33.3,29.2,46.7,69.4,36.7,2026
863,Norwegian University of Life Sciences,Norway,"8,193",8.4,7%,57:43:00,37.8205,32,15.4,58.4,40.8,63.5,2026
864,Mashhad University of Medical Sciences,Iran,"9,296",9.1,5%,55:45:00,37.8035,33.3,15.4,65.4,38.1,31.6,2026
865,Chonnam National University,South Korea,"16,714",12.6,8%,51:49:00,37.7795,34.5,29.6,47,60.7,33.2,2026
866,Kaohsiung Medical University,Taiwan,"6,621",12.6,5%,59:41:00,37.779,26.6,34.3,46.9,89,31.4,2026
867,The Islamia University of Bahawalpur,Pakistan,"53,834",40.7,0%,47:53:00,37.747,17.6,13.3,80.3,22.2,49.6,2026
868,Vilnius University,Lithuania,"19,929",11.7,12%,65:35:00,37.738,26.8,26.5,53.6,58.3,49.8,2026
869,KL University,India,"18,766",14.7,2%,38 : 62,37.7275,25.6,16.3,75.8,19.9,25.5,2026
870,National Institute of Technology Silchar,India,"4,599",11.7,3%,0.929861111,37.7135,37.5,18.9,61.7,24.5,22.4,2026
871,The University of Alabama,United States,"35,682",20.6,3%,57:43:00,37.7005,28.6,22.4,59.4,50,39.3,2026
872,Wenzhou University,China,"25,175",19.6,2%,51:49:00,37.698,15.3,16.6,79.3,54.7,31.9,2026
873,SR University,India,"6,010",15.9,1%,50:50:00,37.685,15.7,13.9,85.4,20,34.7,2026
874,The Catholic University of America,United States,"3,614",10.8,6%,54:46:00,37.6745,44.5,20.4,40.5,70.9,48.6,2026
875,University of Westminster,United Kingdom,"19,530",20,51%,59:41:00,37.673,19,16.5,63.1,48.7,85.4,2026
876,University of Debrecen,Hungary,"20,923",12.2,25%,56:44:00,37.6635,41.7,18.2,45.7,50.6,58,2026
877,Hacettepe University,Turkey,"35,176",14.7,3%,61:39:00,37.633,34.8,28.6,49,58.7,27,2026
878,Waseda University,Japan,"44,876",14.2,12%,39 : 61,37.5985,34,26.9,43.5,68,53.3,2026
879,University of Vigo,Spain,"17,290",14.6,7%,51:49:00,37.585,25.2,19.8,60.9,60.1,49.8,2026
880,Inha University,South Korea,"14,163",17,8%,43:57:00,37.5615,31.6,28.2,46.2,83.6,38.1,2026
881,Clark University,United States,"3,623",12.5,29%,55:45:00,37.559,27.2,19.3,57.2,44.2,66.8,2026
882,Daffodil International University (DIU),Bangladesh,"17,085",22,5%,37 : 63,37.5585,12.1,13,81.7,20.1,65.4,2026
883,University of Salento,Italy,"14,502",23.5,3%,62:38:00,37.552,27.2,21.4,61.4,55.8,35.6,2026
884,JSS Academy of Higher Education and Research,India,"8,201",9.2,9%,53:47:00,37.551,41,11.6,56.4,28.8,53.6,2026
885,Montanuniversität Leoben,Austria,"1,970",6.3,20%,26 : 74,37.5275,40.7,21.3,34.6,78.6,77.6,2026
886,Shiraz University,Iran,"14,298",19.7,3%,55:45:00,37.507,27.4,26,56.3,62.6,33.2,2026
887,Arts et Métiers,France,"6,012",16.6,14%,0.847916667,37.477,35.1,23,40.6,82.5,66.3,2026
888,University of Wyoming,United States,"9,462",13.3,5%,53:47:00,37.469,36.4,15.3,57.2,54.1,39.6,2026
889,Catholic University of Portugal,Portugal,"12,826",22.9,24%,67:33:00,37.343,20.3,24.9,61.9,30.9,57.7,2026
890,University of Medicine and Pharmacy Carol Davila,Romania,"12,809",9.2,17%,68:32:00,37.3275,26.1,12.5,73.4,30.2,37,2026
891,University of Hagen,Germany,"22,592",226.1,11%,56:44:00,37.32,30.1,36.3,42.4,46.4,44.5,2026
892,Mansoura University,Egypt,"1,65,971",19,14%,55:45:00,37.306,20.2,11.9,69.4,32.9,76.8,2026
893,Zhejiang Gongshang University,China,"19,572",13.2,4%,58:42:00,37.3055,20.9,15.4,74.3,45.1,34.4,2026
894,Gorgan University of Agricultural Sciences and Natural Resources,Iran,"3,866",20.5,1%,54:46:00,37.281,31.4,11.8,68.3,31.4,38,2026
895,The University of Notre Dame Australia,Australia,"7,652",14.9,5%,72:28:00,37.2725,32.4,18,56.5,27.8,59.1,2026
896,Federal University of Minas Gerais,Brazil,"43,267",14.9,2%,56:44:00,37.2165,41.6,25.3,42.4,53,36.9,2026
897,Shri Mata Vaishno Devi University,India,"2,983",20.7,0%,38 : 62,37.2055,29.4,18.5,67.7,22.5,26.1,2026
898,North-West University,South Africa,"41,784",24.1,2%,63:37:00,37.2045,22.3,18.8,63.8,45.1,56.4,2026
899,Government College University Lahore,Pakistan,"12,656",32.9,0%,53:47:00,37.2025,17.5,19.3,72.8,23.2,49,2026
900,Universitat Ramon Llull,Spain,"16,683",22,24%,53:47:00,37.1875,20.8,17.6,63.2,36.5,73.7,2026
901,Iqra University,Pakistan,"10,121",13.1,1%,26 : 74,37.181,17.8,9.5,80.9,24,52.6,2026
902,"International Islamic University, Islamabad",Pakistan,"24,592",21.9,5%,58:42:00,37.178,19,11.3,77.1,20.4,58,2026
903,University of the Punjab,Pakistan,"28,679",21.6,1%,62:38:00,37.161,28.4,15.2,64.4,31.5,50.6,2026
904,Ain Shams University,Egypt,"1,71,505",14.3,7%,52:48:00,37.1545,28.6,27.5,50.4,41,53.1,2026
905,Azerbaijan State University of Economics,Azerbaijan,"13,473",9.2,7%,44:56:00,37.151,23.4,9.3,74.5,19.4,59,2026
906,Sogang University,South Korea,"10,317",25,18%,46:54:00,37.1445,30.9,31.4,42.6,73.7,42.6,2026
907,Capital University of Science and Technology,Pakistan,"6,840",28.9,0%,40 : 60,37.125,18.2,20.1,71,23.8,49,2026
908,Chengdu University,China,"27,472",16.2,2%,54:46:00,37.1245,17.4,15.7,77.9,47.9,28.7,2026
909,Siksha ‘O’ Anusandhan,India,"11,466",9.4,3%,58:42:00,37.043,47.1,20.4,44.9,50,23.5,2026
910,Zanjan University of Medical Sciences,Iran,"5,887",11.1,3%,55:45:00,37.025,36,12.5,64.8,31,28,2026
911,Northern Border University,Saudi Arabia,"7,128",8.6,2%,63:37:00,36.997,26.5,15.8,59.7,26,75.3,2026
912,Carlos III University of Madrid,Spain,"18,403",10.9,18%,48:52:00,36.983,32.6,21.7,45.7,66.7,62.6,2026
913,Glasgow Caledonian University,United Kingdom,"17,335",25.9,30%,57:43:00,36.9795,17.8,15.2,63.7,48.7,83.5,2026
914,An-Najah National University,Palestine,"25,887",27,12%,63:37:00,36.959,24.7,13,66.9,26,63.9,2026
915,Open University of Catalonia,Spain,"34,578",96.6,6%,57:43:00,36.9545,18.5,20.5,68.3,32.8,50,2026
916,University of Salamanca,Spain,"25,749",14.6,16%,61:39:00,36.9535,32,24.8,47.9,46.6,54.5,2026
917,Ozyegin University,Turkey,"6,166",24.1,12%,47:53:00,36.921,20.6,30.7,47.8,80.9,58.2,2026
918,Abdullah Gül University,Turkey,"2,977",32.4,8%,50:50:00,36.918,22.2,27.2,54.9,56.9,49.8,2026
919,Universidade Federal de São Paulo (UNIFESP),Brazil,"20,218",11.8,1%,60:40:00,36.9075,36,25.3,46.2,59.2,36.3,2026
920,Hanoi Medical University,Vietnam,"13,081",10.8,0%,62:38:00,36.9055,32,11.9,62.2,44.8,47.5,2026
921,Bucharest University of Economic Studies,Romania,"21,819",15.8,4%,60:40:00,36.874,19.2,11.9,81.5,23.1,31.8,2026
922,University of Nova Gorica,Slovenia,448,3,61%,48:52:00,36.867,29.9,19,49.5,29.6,86.7,2026
923,Makerere University,Uganda,"25,506",19.3,4%,43:57:00,36.856,21.5,26.6,54.2,32.8,69.7,2026
924,Ferdowsi University of Mashhad,Iran,"20,937",26.9,6%,54:46:00,36.843,30.4,28,50.7,49.5,34.2,2026
925,Ahvaz Jundishapur University of Medical Sciences (AJUMS),Iran,"9,059",11.2,4%,56:44:00,36.8165,39.8,14.5,56,56.2,24.3,2026
926,University of Malta,Malta,"9,650",11.8,18%,61:39:00,36.7905,24.9,18.2,61.6,36.8,56.2,2026
927,University of Vic – Central University of Catalonia,Spain,"7,881",12.7,17%,61:39:00,36.771,21.4,14.1,70.8,23.6,55.8,2026
928,Al-Zaytoonah University of Jordan,Jordan,"10,003",27.8,24%,54:46:00,36.753,12.5,16.3,75.5,22.4,63.9,2026
929,Nanjing University of Information Science and Technology,China,"36,971",15.5,3%,,36.7455,19.8,20.5,65.8,59.8,37.7,2026
930,University of Regina,Canada,"14,331",22.9,34%,60:40:00,36.7385,18.4,20.9,61.9,43.8,65.7,2026
931,University of Dhaka,Bangladesh,"35,843",18.6,0%,44:56:00,36.7315,17.7,13.3,76.5,33.2,45,2026
932,Guangzhou Medical University,China,"16,107",2.2,2%,58:42:00,36.718,25.6,11.4,74.5,42,24.4,2026
933,Shahrekord University of Medical Sciences,Iran,"3,423",11.4,2%,58:42:00,36.697,33.8,11.2,69.2,20.7,25.2,2026
934,University of Petra,Jordan,"5,154",17.3,18%,54:46:00,36.665,15.2,12.4,76.1,17.5,67.4,2026
935,Gazipur Agricultural University,Bangladesh,"2,027",8.9,2%,54:46:00,36.6415,23,9.3,75.3,17.3,51.7,2026
936,Aristotle University of Thessaloniki,Greece,"47,845",18.9,5%,58:42:00,36.6215,22.7,19.4,63.4,62.6,37,2026
937,Ilam University of Medical Sciences,Iran,"3,024",12.9,8%,54:46:00,36.6175,34.2,12.1,66.7,20.3,29.3,2026
938,Zahedan University of Medical Sciences,Iran,"4,274",10.6,1%,55:45:00,36.5635,35,11.5,67.5,20.4,24.5,2026
939,North South University,Bangladesh,"16,380",19.1,0%,44:56:00,36.5615,14.8,11.3,80.3,29.4,48.7,2026
940,Halmstad University,Sweden,"4,642",11.9,6%,62:38:00,36.561,20.4,16.7,64.8,29,68,2026
941,Jahangirnagar University,Bangladesh,"11,895",16.9,0%,50:50:00,36.5275,19.7,10,77.6,20.4,49.6,2026
942,University of Ibadan,Nigeria,"36,851",17.6,0%,50:50:00,36.475,29.6,15.6,63.5,22.1,43.8,2026
943,Eötvös Loránd University,Hungary,"32,848",17.7,12%,61:39:00,36.4545,29.6,19.8,55.4,39.7,50.3,2026
944,Medical University of Lodz,Poland,"9,642",7.5,9%,69:31:00,36.436,31.3,11.6,65.5,46.4,31.1,2026
945,Shahid Beheshti University,Iran,"23,882",19,2%,60:40:00,36.425,32.5,23.1,49.9,70.9,31.1,2026
946,University of Roehampton,United Kingdom,"11,170",30.2,61%,57:43:00,36.4065,18.9,22.8,55,27.6,88.2,2026
947,Ontario Tech University,Canada,"9,555",30,12%,43:57:00,36.406,17.6,25.3,56.4,60.3,60.6,2026
948,Florida Atlantic University,United States,"23,754",19.5,10%,66:34:00,36.384,21.9,24.6,53.7,66.3,53.7,2026
949,Khwaja Fareed University of Engineering and Information Technology,Pakistan,"11,504",24.1,0%,45:55:00,36.3725,11.8,12.8,79.6,36.3,51.3,2026
950,Old Dominion University,United States,"17,790",16.3,3%,56:44:00,36.347,27.5,20.7,57.4,57.6,36.1,2026
951,University of Lleida,Spain,"9,739",17,9%,59:41:00,36.3145,23.2,20.3,59.6,61.4,43.3,2026
952,Birmingham City University,United Kingdom,"27,055",18.5,31%,62:38:00,36.297,17.9,13.4,65.5,25.2,86.3,2026
953,Atatürk University,Turkey,"33,912",24.7,10%,50:50:00,36.275,29.5,28,51.8,29,36.7,2026
954,K.N. Toosi University of Technology,Iran,"7,629",20.2,2%,33 : 67,36.2645,23.8,22.6,59.9,47.3,37.7,2026
955,University of Central Punjab,Pakistan,"16,612",25.4,0%,36 : 64,36.254,12.9,11.8,81.6,20.1,49.9,2026
956,Ural Federal University,Russian Federation,"29,855",15.7,15%,52:48:00,36.239,25.7,29.2,44.4,58.3,60.5,2026
957,University of Rome III,Italy,"36,386",48.1,6%,61:39:00,36.2235,22.7,25.6,54.7,63.2,42.2,2026
958,University of Alcalá,Spain,"16,459",10.1,22%,67:33:00,36.216,29.2,17,54.3,47.8,59.6,2026
959,Northern Illinois University,United States,"13,032",14.7,8%,54:46:00,36.199,28.6,18.5,53.7,54.8,54.6,2026
960,Al al-Bayt University,Jordan,"16,331",24.7,3%,62:38:00,36.198,14.7,11.1,80,18,52.3,2026
961,Baqiyatallah University of Medical Sciences,Iran,"2,650",7.4,3%,1.011805556,36.1925,39.5,18.1,50,64.9,22.6,2026
962,Jamia Hamdard University,India,"9,927",15.6,2%,45:55:00,36.1515,22.5,14.5,68.4,39.1,43,2026
963,Mazandaran University of Medical Sciences,Iran,"6,664",10.8,3%,55:45:00,36.1105,37.6,13.8,59,32.1,27.1,2026
964,Peter the Great St Petersburg Polytechnic University,Russian Federation,"16,730",9.9,32%,43:57:00,36.1075,35.7,23,38,71.4,62,2026
965,University of Wolverhampton,United Kingdom,"13,835",17.9,28%,64:36:00,36.1045,20.3,15.6,59.3,47.3,78.8,2026
966,Alagappa University,India,"5,428",14.9,0%,59:41:00,36.092,35.6,14.5,56.7,26.5,44.2,2026
967,Tomsk Polytechnic University,Russian Federation,"9,179",11,35%,33 : 67,36.082,40.9,25.1,29.8,63.5,70.1,2026
968,Innopolis University,Russian Federation,"1,248",13.7,21%,0.847916667,36.0775,23.9,24.5,45.3,58.3,80,2026
969,Savitribai Phule Pune University,India,"6,043",12.2,2%,46:54:00,36.044,40.9,13.3,56.2,37.1,23.7,2026
970,Al-Azhar University,Egypt,"2,81,032",21.6,11%,41:59:00,36.033,22.1,12.8,68,24.6,58.9,2026
971,The Open University,United Kingdom,"70,690",22.7,9%,67:33:00,36.0305,17.8,14.3,67,48,61.5,2026
972,University of Gujrat,Pakistan,"18,353",26.7,1%,67:33:00,36.017,14.9,11.6,79,21.5,49.3,2026
973,University of Lagos,Nigeria,"36,484",22.4,0%,51:49:00,35.991,18.4,20.1,66.7,32.6,45.6,2026
974,Bahçeşehir University,Turkey,"19,548",46,24%,50:50:00,35.971,19,22.9,59.4,34,60.6,2026
974,Lahore University of Management Sciences,Pakistan,"4,744",13.6,2%,44:56:00,35.971,23.7,20.2,57.4,46.1,54.1,2026
976,Sheffield Hallam University,United Kingdom,"29,535",19,23%,55:45:00,35.935,18,14.1,65.5,34.9,73.2,2026
977,Université de Bretagne Occidentale,France,"22,138",24.8,12%,59:41:00,35.9125,27,19.6,51.8,49.4,63.3,2026
978,Marie and Louis Pasteur University,France,"27,356",29.5,13%,54:46:00,35.874,22.7,20.4,51.9,64.6,68.1,2026
979,King Mongkut’s University of Technology Thonburi,Thailand,"14,898",19.7,4%,45:55:00,35.839,19.8,22.9,57,78.8,41.4,2026
980,Alexandria University,Egypt,"1,86,461",17.6,7%,53:47:00,35.8275,20.7,18.2,63.5,31.7,55,2026
981,"National Institute of Technology, Tiruchirappalli",India,"7,452",22.2,2%,24 : 76,35.8125,33.2,22.1,54,43.8,22.1,2026
982,Pablo de Olavide University,Spain,"12,155",14.2,16%,61:39:00,35.807,23.2,19.4,57.3,55.8,52.2,2026
983,University of Patras,Greece,"28,311",27.5,6%,51:49:00,35.7945,18.5,23.6,60,73.2,34.2,2026
984,Anna University,India,"11,396",12.1,1%,41:59:00,35.773,39.2,16.2,51.8,59.9,21,2026
985,Portland State University,United States,"16,947",21,6%,57:43:00,35.77,22.3,24.5,56.7,55.1,38.3,2026
986,Siberian Federal University,Russian Federation,"8,610",19,13%,47:53:00,35.7465,34.2,26.9,36.6,61.1,59.1,2026
987,Delhi Technological University,India,"14,340",22.6,4%,0.765972222,35.733,23.9,22.7,63.3,37.8,21.3,2026
988,Ghulam Ishaq Khan Institute of Engineering Sciences and Technology,Pakistan,"2,267",16.1,0%,0.643055556,35.6985,19.5,16.9,66.8,29.5,51,2026
989,Kazan Federal University,Russian Federation,"22,575",11.1,33%,66:34:00,35.684,46.6,22.1,27.7,52.2,68.4,2026
990,National Veterinary School of Alfort (EnvA),France,872,5.9,0%,78:22:00,35.67,44.3,11.9,44.2,44.7,54.7,2026
991,"Amity University Rajasthan, Jaipur",India,"3,978",19.5,0%,40 : 60,35.6685,31.6,12.8,65.9,17.8,28.7,2026
992,Mahsa University,Malaysia,"6,044",13.8,13%,0.765972222,35.6135,19.6,8.7,68.5,16.9,81.1,2026
992,Kingston University,United Kingdom,"15,980",20.2,44%,60:40:00,35.6135,20.4,15.4,54.6,48.3,90.9,2026
994,Wakayama Medical University,Japan,"1,917",4.4,0%,46:54:00,35.587,36.4,12.6,57.8,58.5,20.2,2026
995,École Centrale de Lyon,France,"2,251",15.6,25%,29 : 71,35.5785,37.2,22.8,29.5,85.5,76.3,2026
996,University of the Balearic Islands,Spain,"12,091",9.2,8%,58:42:00,35.555,27.9,16.9,56.6,38.4,52.1,2026
997,German Jordanian University,Jordan,"2,830",9.6,15%,36 : 64,35.517,22.4,13.6,60.3,24.5,78.6,2026
998,University of Foggia,Italy,"9,947",34.9,1%,66:34:00,35.511,16.8,26,63.6,38,32.2,2026
999,Reichman University,Israel,"7,795",32.3,25%,55:45:00,35.501,15,18.7,65.1,46.2,57,2026
1000,Gabriele d‘Annunzio University,Italy,"21,794",28.5,3%,65:35:00,35.4755,17.6,20.9,63.6,56,38.7,2026
1001,IMT Nord Europe,France,"1,621",18,21%,1.011805556,35.4715,32.9,31,28.8,68.4,72,2026
1002,University of Cape Coast,Ghana,"36,491",40,0%,40 : 60,35.4675,18.2,22.1,63.3,33.3,44.9,2026
1003,Chungbuk National University,South Korea,"11,274",13.3,11%,43:57:00,35.424,33.5,31.4,36.3,70.2,36.5,2026
1004,Jawaharlal Nehru Technological University Anantapur (JNTUA),India,"5,743",17.9,0%,39 : 61,35.407,31.5,19.9,59.6,22.4,20.9,2026
1005,Delta University for Science and Technology,Egypt,"11,762",18.2,1%,46:54:00,35.3705,21.4,11,70.9,18,51.7,2026
1006,Lithuanian University of Health Sciences,Lithuania,"6,326",8.6,28%,81:19:00,35.3595,29.9,13.6,57.5,29,55.8,2026
1007,Indian Institute of Technology Ropar,India,"2,955",16.7,1%,24 : 76,35.3505,40.6,21,46,40.4,24.9,2026
1008,University of Colombo,Sri Lanka,"35,859",32.1,1%,61:39:00,35.3415,26,11.7,67.1,27.4,40.7,2026
1009,University of Hradec Králové,Czechia,"6,300",12.2,3%,63:37:00,35.3195,20.6,15.8,61.7,34.7,63.5,2026
1010,China Pharmaceutical University,China,"19,664",16.7,2%,63:37:00,35.2975,25.6,20.7,55.8,85.5,21.1,2026
1011,Tishk International University,Iraq,"4,665",16.1,1%,50:50:00,35.245,15.4,13.3,69.8,19,68.6,2026
1012,University of Campania Luigi Vanvitelli,Italy,"33,016",27.1,2%,55:45:00,35.2385,18.4,10,75,51.2,31.5,2026
1013,University of Angers,France,"25,244",26,14%,65:35:00,35.2365,18.8,23.1,51.1,58.6,70.9,2026
1014,University of Girona,Spain,"14,130",21.4,14%,58:42:00,35.1665,21.2,24.6,51.5,53.4,55.9,2026
1015,Zagazig University,Egypt,"1,72,762",21.8,3%,52:48:00,35.147,17.9,11.2,71.2,36.4,50.7,2026
1016,PMAS Arid Agriculture University Rawalpindi,Pakistan,"10,983",36.5,0%,45:55:00,35.115,28.1,12.5,61.7,25.2,49.1,2026
1017,Universiti Malaysia Terengganu (UMT),Malaysia,"9,037",13.7,11%,69:31:00,35.109,22.6,20.2,55.1,36.6,61.2,2026
1018,ITMO University,Russian Federation,"14,352",17.8,17%,32 : 68,35.1055,30.4,29.9,33,80.6,57.9,2026
1019,Islamic University of Madinah,Saudi Arabia,"17,328",24.6,77%,0.151388889,35.102,29.7,10,53.6,17.7,88.7,2026
1020,"Arab Academy for Science, Technology and Maritime Transport",Egypt,"32,274",10.6,14%,48:52:00,35.0975,35.1,20.6,44.3,28.6,57.8,2026
1021,Hamadan University of Medical Sciences (UMSHA),Iran,"7,882",14.8,6%,56:44:00,35.0655,32.7,16.8,59.1,24.3,24.6,2026
1022,Kyoto Prefectural University of Medicine,Japan,"1,355",3.1,1%,47:53:00,35.06,33.4,15.9,53.9,70.9,21.2,2026
1023,University of Hyderabad,India,"5,071",12.7,1%,46:54:00,35.048,42.4,21.6,41.6,48.4,24.8,2026
1024,Indian Institute of Technology Gandhinagar,India,"2,360",14.8,1%,29 : 71,35.0445,40,26.6,38.1,39.7,33.5,2026
1025,Okayama University,Japan,"13,057",10.3,9%,40 : 60,35.0305,34.5,23.1,39.2,87.1,38.8,2026
1026,GLA University,India,"15,294",16.6,0%,27 : 73,35.018,18,15.6,72.5,20.6,34.8,2026
1027,University of Memphis,United States,"15,761",14.3,10%,60:40:00,34.9995,30.1,19.3,48.6,62.7,45.8,2026
1028,Covenant University,Nigeria,"9,690",22.2,0%,39 : 61,34.9875,21.6,27.5,50.8,55.7,42.3,2026
1029,University of Kashan,Iran,"8,035",23.4,26%,45:55:00,34.951,18.6,18,64.2,34.6,48,2026
1030,"University of the Andes, Colombia",Colombia,"15,735",14.1,2%,46:54:00,34.934,25.4,22.2,49.8,43.2,57.8,2026
1031,University of Zaragoza,Spain,"27,923",11.2,8%,54:46:00,34.9115,29,20.6,47.9,71,42.3,2026
1032,Bangladesh University of Engineering and Technology,Bangladesh,"5,814",11.3,0%,0.970833333,34.891,23.1,15.2,65.4,38.4,33.5,2026
1033,University of Rajshahi,Bangladesh,"19,819",17.8,0%,36 : 64,34.8725,16.5,9.9,77,22.1,42,2026
1034,Université Bourgogne Europe,France,"33,421",28.3,12%,58:42:00,34.8565,19.5,16,58.8,61.1,58.4,2026
1035,Universidade Federal de Santa Catarina,Brazil,"36,229",14.9,3%,50:50:00,34.8395,36.3,22.4,40.8,65.5,37,2026
1036,Yokohama City University,Japan,"5,142",5.4,3%,55:45:00,34.8185,28.2,10.8,62,65,28.9,2026
1037,University of Kurdistan,Iran,"10,254",24.9,5%,56:44:00,34.8155,16.1,15.9,70.1,34.5,40.6,2026
1038,Riphah International University,Pakistan,"26,970",11.9,0%,58:42:00,34.8055,20,10.4,71.2,17.8,50.9,2026
1039,ZHAW Zurich University of Applied Sciences,Switzerland,"11,059",12,12%,54:46:00,34.805,23.3,17.3,50.8,62.3,69.1,2026
1040,University of Savoie Mont Blanc,France,"14,444",24.6,11%,50:50:00,34.7965,17.8,17.6,58.4,55.1,62.9,2026
1041,Institute for Advanced Studies in Basic Sciences (IASBS),Iran,"1,053",9.4,5%,57:43:00,34.795,37.6,9.1,51.2,25.6,62.4,2026
1042,Tokyo Medical University,Japan,"1,322",3.4,1%,51:49:00,34.7705,33.2,18.1,50.9,71.5,21.3,2026
1043,University of Ghana,Ghana,"72,334",46.5,1%,49:51:00,34.7575,17,32.2,49.2,46.8,50.3,2026
1044,University of Sannio,Italy,"2,637",12.9,4%,47:53:00,34.7295,30.4,16.8,56.5,42.8,29.7,2026
1045,University of Murcia,Spain,"26,754",15.2,5%,63:37:00,34.6795,25.6,19.4,55.2,55.1,36.5,2026
1046,Chiang Mai University,Thailand,"35,691",13.9,4%,61:39:00,34.6645,29,18.8,51.7,55,39.3,2026
1047,Cochin University of Science and Technology,India,"4,378",14.7,2%,57:43:00,34.6615,40.3,29,31.6,75.2,25,2026
1048,University of Texas at El Paso,United States,"17,147",21.7,6%,55:45:00,34.6285,28,30.2,41.7,43.7,44.7,2026
1049,Lakehead University,Canada,"8,464",25.6,22%,58:42:00,34.6255,18,25.6,52.8,41.6,58.5,2026
1050,SRM Institute of Science and Technology,India,"53,777",13.1,2%,43:57:00,34.616,25,13.6,67.4,27.8,26.2,2026
1051,Jashore University of Science and Technology,Bangladesh,"4,510",14.7,0%,33 : 67,34.605,15.2,11.5,74.8,19.4,47.6,2026
1052,Tallinn University,Estonia,"3,770",7.9,11%,72:28:00,34.585,27.2,24.5,47.8,24.4,55.2,2026
1053,Ming Chi University of Technology,Taiwan,"4,304",18,3%,27 : 73,34.5445,18.3,29.7,49.6,69.7,38.2,2026
1054,TU Bergakademie Freiberg,Germany,"4,242",10.8,55%,33 : 67,34.5425,38,25.5,28.5,57,68.1,2026
1055,Chiba University,Japan,"13,630",8.6,5%,38 : 62,34.54,33.7,21.1,43.7,70.3,34.1,2026
1055,Florida Institute of Technology,United States,"6,456",18.3,21%,48:52:00,34.54,29.4,17.8,45.8,60.5,60.6,2026
1057,The University of Haripur,Pakistan,"7,331",29.8,1%,40 : 60,34.533,16,12.8,71.7,18.4,51.4,2026
1058,University of Chile,Chile,"42,010",17.3,3%,49:51:00,34.5295,26.6,21.5,48.3,56.5,49.3,2026
1059,Palacký University Olomouc,Czechia,"19,564",14.8,13%,68:32:00,34.4535,23.3,25,47.3,41,60,2026
1060,University of Camerino (Unicam),Italy,"7,780",26.1,13%,51:49:00,34.441,21.7,18.3,54.2,58.5,55.1,2026
1061,Technische Universität Ilmenau,Germany,"4,752",17.8,40%,29 : 71,34.44,31.4,21.9,37.1,70.9,64.8,2026
1062,BRAC University,Bangladesh,"17,235",21.2,1%,45:55:00,34.4115,13.6,13.4,74.9,19.9,43.3,2026
1063,University of Algarve,Portugal,"9,726",15.3,19%,55:45:00,34.319,19.6,22.1,54.1,29.7,62.8,2026
1064,University of Lancashire,United Kingdom,"21,550",15.3,35%,58:42:00,34.3055,18.7,13.4,57.2,38.7,82.6,2026
1065,Shantou University,China,"21,935",16.7,1%,48:52:00,34.28,18.3,18.2,63.8,43.9,36.1,2026
1066,University of Bucharest,Romania,"31,127",32.1,2%,70:30:00,34.2785,21.6,24.1,58.4,27,30.9,2026
1067,"University of Technology, Iraq",Iraq,"12,215",6.9,0%,47:53:00,34.254,26.1,10.3,68.7,25,26.1,2026
1068,Florida Agricultural and Mechanical University,United States,"8,805",13.2,1%,67:33:00,34.253,33.8,19.8,43.1,46.5,50,2026
1069,University of Belgrade,Serbia,"91,512",18.1,5%,61:39:00,34.25,22.6,27.3,50.9,31.9,41.6,2026
1070,Ateneo de Manila University,Philippines,"14,540",10.1,1%,56:44:00,34.245,27,11.2,64.7,23.8,35.6,2026
1071,Jaume I University,Spain,"12,039",14.3,11%,58:42:00,34.243,25.7,21.9,50.4,46.7,44.3,2026
1072,European University of Madrid,Spain,"15,141",8.2,38%,51:49:00,34.2285,24.8,10,61.2,18.5,65.5,2026
1073,Gdańsk University of Technology,Poland,"14,684",20.3,7%,39 : 61,34.198,22.1,19.3,55,60.6,42.1,2026
1074,Indian Institute of Technology Mandi,India,"2,684",14.8,1%,25 : 75,34.154,34.3,14.9,54.9,28.8,27.9,2026
1075,CY Cergy Paris University,France,"16,674",16,27%,50:50:00,34.151,26.3,20.5,38.1,56.5,90.1,2026
1076,University of East London,United Kingdom,"18,135",28.6,57%,49:51:00,34.0995,23.6,15.3,49.5,32.2,87.5,2026
1077,Shanghai Normal University,China,"30,111",14.1,2%,70:30:00,34.098,32,16.6,53.9,40.1,27.6,2026
1078,Kaunas University of Technology,Lithuania,"7,308",13,11%,34 : 66,34.082,25.2,19.9,52.8,46.8,42.2,2026
1079,Universidad Peruana Cayetano Heredia,Peru,"8,598",15.1,1%,67:33:00,34.0635,20.2,16.1,61.2,33.7,49.7,2026
1080,Universiti Sultan Zainal Abidin,Malaysia,"11,380",14.8,7%,66:34:00,34.0615,26,13.6,58.8,22.5,52.1,2026
1081,Shaqra University,Saudi Arabia,"20,402",15.5,1%,59:41:00,34.0595,17.1,9.4,67,17.1,73.4,2026
1082,University of Oviedo,Spain,"18,268",9,7%,53:47:00,34.0575,30.3,19.8,48,48.3,40.6,2026
1083,Hangzhou Normal University,China,"32,552",16.8,1%,,34.054,16.8,14.9,70.3,42.3,26.6,2026
1084,Technical University of Madrid,Spain,"39,646",15.7,16%,34 : 66,34.043,27.8,18.1,45.7,71.2,53.8,2026
1085,University of Alicante,Spain,"21,841",13.4,9%,59:41:00,34.0315,27.6,21.2,47.9,56.1,41.7,2026
1086,University of Seoul,South Korea,"9,555",13.5,7%,44:56:00,34.015,31.8,28.3,38.5,50.3,38.2,2026
1087,Kumamoto University,Japan,"9,401",9.5,6%,39 : 61,33.954,33.6,19.3,41.3,82,37,2026
1088,Tashkent State Technical University,Uzbekistan,"14,012",13.9,1%,0.806944444,33.938,21,8.6,75.3,16.6,26.6,2026
1089,Chungnam National University,South Korea,"20,792",20.2,3%,47:53:00,33.9375,30.1,30.7,37.9,72,25.4,2026
1090,University of la Costa,Colombia,"11,922",28.5,1%,45:55:00,33.9255,11.9,13.1,72.5,17.4,55.6,2026
1091,İstinye University,Turkey,"9,114",24.1,19%,62:38:00,33.9125,12.9,18.4,61.1,17.4,76.6,2026
1092,Edge Hill University,United Kingdom,"11,925",15.7,9%,71:29:00,33.866,18.5,14.2,62.2,30.7,58.7,2026
1093,Jaypee University of Information Technology,India,"1,938",19,1%,32 : 68,33.8535,23.9,16.8,62.9,33.4,23,2026
1094,University of the Aegean,Greece,"21,442",58.4,2%,55:45:00,33.8495,18.1,24,52.7,83.5,32,2026
1095,University of Bedfordshire,United Kingdom,"12,295",25.1,68%,61:39:00,33.808,18.1,14,55.3,32.9,86.7,2026
1096,Beni-Suef University,Egypt,"82,628",44.9,1%,48:52:00,33.79,25.8,11.3,59.4,22.8,55.6,2026
1097,Taiz University,Yemen,"32,637",15,1%,36 : 64,33.781,17.1,8.4,70.8,17.2,58.3,2026
1098,Khulna University of Engineering and Technology (KUET),Bangladesh,"7,985",17.8,0%,32 : 68,33.758,13.8,8.7,78.6,22.1,36,2026
1099,University of Okara,Pakistan,"19,640",145.5,0%,36 : 64,33.734,8.6,16.5,73.4,16.8,49.6,2026
1100,University of Latvia,Latvia,"11,634",30.9,9%,67:33:00,33.709,20.5,31.3,42.3,52.3,50.7,2026
1101,"National Institute of Technology, Raipur",India,"5,465",20.1,0%,24 : 76,33.7,28.9,16.1,60.2,28.7,17.3,2026
1102,University of Gloucestershire,United Kingdom,"7,140",15.5,20%,60:40:00,33.6845,18.5,14.2,58.7,27.1,72.2,2026
1103,University of Clermont Auvergne,France,"35,429",19.9,15%,59:41:00,33.629,20.8,18.6,49.3,60.1,65.4,2026
1104,University of Castilla-La Mancha,Spain,"25,421",13.5,10%,57:43:00,33.626,24,17.9,52.8,53.5,45,2026
1105,Central Michigan University,United States,"13,765",19.8,10%,59:41:00,33.6095,30.2,16.8,49.6,47.4,40.7,2026
1106,Datta Meghe Institute of Higher Education & Research (Deemed to be University),India,"9,257",13.4,3%,61:39:00,33.5465,24.4,11.5,63.1,29.9,38.5,2026
1107,Landmark University,Nigeria,"3,426",13,1%,33 : 67,33.539,20.2,18.4,61.9,22.1,37.2,2026
1108,Mae Fah Luang University,Thailand,"15,574",19.4,10%,70:30:00,33.539,16.3,13.9,61.4,36.8,64.1,2026
1109,Fujita Health University,Japan,"3,025",3.4,2%,60:40:00,33.515,27.9,13.1,58,57.7,23.7,2026
1110,Nippon Medical School,Japan,970,1,1%,32 : 68,33.4985,30,11.4,58.7,51.5,22.3,2026
1111,Montana State University,United States,"14,162",17.3,2%,48:52:00,33.492,24.7,21.7,48.7,64.5,36.3,2026
1112,Bangladesh Agricultural University (BAU),Bangladesh,"7,855",13.3,1%,45:55:00,33.49,21.2,10.3,65.2,24.6,49.4,2026
1113,Damietta University,Egypt,"37,333",32.3,1%,62:38:00,33.4755,18,10.6,69,19.6,48.1,2026
1114,Kalasalingam Academy of Research and Education,India,"6,792",4.4,9%,51:49:00,33.471,27.8,9.2,61.5,22.8,43.2,2026
1115,South Dakota Mines,United States,"2,057",12.5,5%,24 : 76,33.467,25.8,21.3,42.9,73.1,51.8,2026
1116,University of the South Pacific,Fiji,"10,583",32.6,19%,59:41:00,33.412,16.1,17.2,56.8,28.8,73.1,2026
1117,University of Peshawar,Pakistan,"19,301",34,0%,24 : 76,33.387,24,12,59.1,34.8,49.4,2026
1118,Clarkson University,United States,"3,546",13.2,13%,35 : 65,33.384,32.6,18.2,36.8,63.6,65.4,2026
1119,"Adam Mickiewicz University, Poznań",Poland,"30,005",23.1,7%,68:32:00,33.377,20.6,30.7,46.8,37.3,38.2,2026
1120,Sechenov University,Russian Federation,"21,906",11.3,23%,65:35:00,33.3605,30.2,19.4,43.6,40.7,54.9,2026
1121,"Maulana Abul Kalam Azad University of Technology, West Bengal",India,"3,108",17.2,0%,39 : 61,33.3585,18.7,24.2,59.2,39.1,20,2026
1122,Birla Institute of Technology,India,"5,296",16.7,0%,25 : 75,33.344,22.7,20,58.1,45.5,21.3,2026
1123,University of Hafr Al Batin,Saudi Arabia,"13,026",17,6%,59:41:00,33.332,19.9,14.8,54.3,24.8,78.5,2026
1124,Central University of Jammu,India,"1,086",4.8,0%,45:55:00,33.326,42.5,10.5,50.8,17.4,24.1,2026
1125,AGH University of Krakow,Poland,"17,827",10.2,4%,33 : 67,33.3245,32.7,21.6,39.8,71.6,34.8,2026
1126,Multimedia University,Malaysia,"8,957",12.9,17%,45:55:00,33.2785,26.1,21.3,38.7,74.8,64,2026
1127,University of La Laguna,Spain,"18,459",12.8,5%,57:43:00,33.2775,23.4,16.1,55.2,36.2,49.3,2026
1128,Hazara University Mansehra,Pakistan,"12,789",24.6,0%,45:55:00,33.2575,17.1,11.6,68.1,17.1,49.8,2026
1129,Cardiff Metropolitan University,United Kingdom,"11,975",19.5,29%,52:48:00,33.2545,20.7,14.4,51.3,26.8,86.8,2026
1130,Istanbul Gelisim University,Turkey,"38,924",37.8,17%,46:54:00,33.2125,12.8,9.4,71.7,16.2,60.7,2026
1131,York St John University,United Kingdom,"8,150",20.6,30%,62:38:00,33.197,17.3,15.4,60.1,16,66.1,2026
1132,Universiti Tunku Abdul Rahman (UTAR),Malaysia,"15,730",12.9,13%,52:48:00,33.188,20.8,17.8,51.5,63.5,52,2026
1133,Tanta University,Egypt,"1,28,933",20,1%,54:46:00,33.1675,20,9.5,66.3,23.5,49.1,2026
1134,Imam Khomeini International University,Iran,"9,129",25.4,12%,55:45:00,33.163,30.4,18,50.5,25.5,37.4,2026
1135,Changsha University of Science and Technology,China,"41,350",17.4,1%,35 : 65,33.1385,16.3,15.3,63.4,77.2,23.8,2026
1136,Novosibirsk State University,Russian Federation,"7,300",6.6,23%,,33.0895,38.4,29.6,24,57,49.3,2026
1137,Anhui University,China,"41,446",17.4,1%,,33.086,18.6,16.6,63,55.5,22.2,2026
1138,Gonabad University of Medical Sciences,Iran,"1,937",14.3,3%,58:42:00,33.0845,32.1,10.7,59.9,19.3,23.6,2026
1139,Semnan University,Iran,"15,754",28.9,6%,53:47:00,33.0375,27.2,17.3,52.2,48.6,31.9,2026
1140,Al-Balqa Applied University,Jordan,"24,503",23.7,3%,58:42:00,33.031,13.4,16.9,64.7,30.3,47.4,2026
1141,Silesian University of Technology,Poland,"16,354",11.2,6%,31 : 69,33.0305,27.7,17.7,50.7,45.4,36,2026
1142,New Valley University,Egypt,"3,856",8.6,0%,68:32:00,33.021,23.9,8.6,63.7,17.1,49.1,2026
1143,"University of Engineering and Technology, Peshawar",Pakistan,"7,425",16.6,2%,0.602083333,32.9805,17.8,12.8,62.9,28,53.7,2026
1144,Nguyen Tat Thanh University,Vietnam,"34,341",24.4,1%,54:46:00,32.953,12,9.7,74.5,21.5,45.2,2026
1145,University of Sadat City,Egypt,"36,086",55.3,1%,48:52:00,32.9275,17.8,11,66.4,19.1,50.7,2026
1146,Nova Southeastern University,United States,"18,393",16.2,6%,71:29:00,32.926,39.4,13.8,41.8,48.9,37.4,2026
1147,Kanazawa University,Japan,"10,216",9.9,6%,36 : 64,32.917,36,21.8,35.6,67.5,34.6,2026
1148,Selçuk University,Turkey,"29,826",21.4,8%,51:49:00,32.9165,32.1,23.7,37.9,67.1,33.6,2026
1149,University of Almería,Spain,"13,100",16.9,12%,56:44:00,32.8995,22.7,21.2,51,34.5,45,2026
1150,Suez University,Egypt,"18,398",16.9,3%,56:44:00,32.8825,17.7,10.5,66.1,25.9,50,2026
1151,Bartin University,Turkey,"10,537",21.8,14%,49:51:00,32.876,13.7,14.3,69.5,18.5,41.3,2026
1152,University of Tours,France,"29,179",18.1,13%,61:39:00,32.8695,30.9,15.9,42.7,47.7,59,2026
1153,University of Sulaimani,Iraq,"24,212",11.6,0%,61:39:00,32.862,23.8,8.6,66.9,17.8,34.2,2026
1154,Fujian Agriculture and Forestry University,China,"34,200",14.1,1%,52:48:00,32.838,20.1,13.3,64.2,45.1,26.5,2026
1155,Medical University of Gdańsk,Poland,"6,729",5.3,12%,74:26:00,32.8185,26.8,12,55.8,45.5,38.3,2026
1156,Veltech University,India,"11,475",15.6,2%,0.888888889,32.775,18,13.6,67.4,30.4,27.8,2026
1157,Izmir Institute of Technology,Turkey,"4,000",14.2,4%,47:53:00,32.75,31.1,29.8,32.2,60.4,38.1,2026
1158,National Central University,Taiwan,"11,391",10.1,7%,37 : 63,32.729,31,25.1,30.7,99,41.8,2026
1159,University of South Dakota,United States,"6,756",15.3,5%,63:37:00,32.7195,36.2,16.9,43.7,38.3,33.3,2026
1160,Chang’an University,China,"40,205",10.3,5%,31 : 69,32.713,30.1,17,45.8,77.9,27.3,2026
1161,Hamamatsu University School of Medicine,Japan,"1,205",3.9,3%,47:53:00,32.693,34.2,18.6,42.8,60.5,26,2026
1162,Dr B.R. Ambedkar National Institute of Technology Jalandhar,India,"5,637",20.5,0%,25 : 75,32.6915,25.6,17,59.1,25.8,19.3,2026
1163,Pontifical Catholic University of Rio Grande do Sul (PUCRS),Brazil,"13,166",23.8,1%,52:48:00,32.6755,33.6,19.6,40.2,57.8,36.1,2026
1164,The Hashemite University,Jordan,"21,051",23.5,13%,64:36:00,32.6645,14,16.1,59.7,34.7,60.9,2026
1165,Northwest University (China),China,"26,259",13.2,3%,54:46:00,32.662,27.9,14.7,54,51.4,25.5,2026
1166,University of Piraeus,Greece,"14,493",58.2,2%,43:57:00,32.6615,16.7,21.7,53.3,88.3,25.6,2026
1167,O.P. Jindal Global University,India,"8,674",7.9,1%,50:50:00,32.644,26,16.3,51.1,16.8,56.6,2026
1168,Taibah University,Saudi Arabia,"45,990",19.5,2%,63:37:00,32.64,16.1,11.2,60.4,23,74.7,2026
1169,Indraprastha Institute of Information Technology Delhi,India,"3,033",16.5,6%,0.806944444,32.634,25.3,14.6,52.4,52.6,41.5,2026
1170,University of Szeged,Hungary,"21,326",13.2,19%,56:44:00,32.633,31.2,16.4,42.3,48.7,53.8,2026
1171,University of the Free State,South Africa,"31,599",30.9,2%,64:36:00,32.596,23.1,20,49.6,30.6,51.7,2026
1172,Jadavpur University,India,"12,547",19,0%,32 : 68,32.5865,36.6,15.9,45,53.9,20.3,2026
1173,Moscow Technical University of Communications and Informatics,Russian Federation,"6,443",24.5,6%,0.929861111,32.5755,14.3,11.6,71,47.7,23.8,2026
1174,Riga Technical University,Latvia,"10,472",31.7,33%,35 : 65,32.5725,27.1,25.3,33.6,56.4,65.4,2026
1175,Minia University,Egypt,"72,863",16.5,1%,57:43:00,32.554,18.5,9.5,65.2,24.1,50.9,2026
1176,Firat University,Turkey,"30,050",26,9%,49:51:00,32.5095,24.4,13.9,57,32.7,38.3,2026
1177,University of Tarapacá,Chile,"10,738",29.9,3%,54:46:00,32.481,12.7,23.6,55.4,21.7,58.7,2026
1178,Bayero University,Nigeria,"29,362",16.9,0%,44:56:00,32.4775,22.5,11,60.7,18,49.6,2026
1179,San Diego State University,United States,"33,402",25.5,4%,59:41:00,32.4725,22.9,12.8,57.2,57,34.2,2026
1180,University of Thessaly,Greece,"26,976",28.7,3%,51:49:00,32.45,14.3,15.5,64.7,43.1,34.7,2026
1181,Ardabil University of Medical Sciences,Iran,"3,986",12.1,1%,53:47:00,32.409,28,11.1,61.5,21.5,21.6,2026
1182,University of Bisha,Saudi Arabia,"14,581",12.2,2%,63:37:00,32.4035,19.4,8.8,59.5,16.9,74.7,2026
1183,Bahria University,Pakistan,"23,030",20,1%,48:52:00,32.3695,15,10.6,65.4,34.7,51.5,2026
1184,Aswan University,Egypt,"32,185",31.6,0%,50:50:00,32.31,16,11.9,64.9,22.6,50.2,2026
1185,University of Bahrain,Bahrain,"22,268",25.2,6%,73:27:00,32.299,14,15.2,60.8,21.4,62.2,2026
1186,Central University of Haryana,India,"4,612",19.8,0%,44:56:00,32.292,19.3,16.8,63.6,17.6,25.9,2026
1187,University of Pécs,Hungary,"15,829",15.2,24%,60:40:00,32.2875,32.4,18.7,38.3,40.6,55.9,2026
1188,Sumy State University,Ukraine,"7,608",13.1,7%,39 : 61,32.2545,20.6,16.4,56.1,21.6,49.7,2026
1189,University of South Bohemia in České Budějovice,Czechia,"9,375",14,10%,69:31:00,32.235,23.5,17.4,50.4,25.1,55.1,2026
1190,Medical University of Warsaw,Poland,"10,277",6.4,10%,73:27:00,32.23,28.7,12.6,52.2,48.8,33.3,2026
1191,Kore University of Enna,Italy,"6,035",16.8,1%,72:28:00,32.2225,17.8,16.6,57.8,43,41.3,2026
1192,University of Medicine and Pharmacy of Craiova,Romania,"4,578",9.3,14%,70:30:00,32.2155,26.1,10.4,59.4,23,36.8,2026
1193,Universiti Malaysia Sarawak (UNIMAS),Malaysia,"11,981",15.5,14%,70:30:00,32.205,31.4,22.1,29.7,77.7,60.2,2026
1194,Anadolu University,Turkey,"27,577",21,6%,53:47:00,32.204,23.4,10.8,62.6,22.1,33.4,2026
1195,University of Mohaghegh Ardabili,Iran,"15,213",34.4,10%,52:48:00,32.198,20.4,17.4,56.3,20.6,45.6,2026
1196,Institute of Space Technology,Pakistan,"2,193",10.1,0%,34 : 66,32.18,23.2,10.4,59.1,22.5,49.2,2026
1197,University of Botswana,Botswana,"18,913",25.1,5%,61:39:00,32.157,14.5,13.2,62.9,19.1,58.9,2026
1198,Financial University under the Government of the Russian Federation,Russian Federation,"16,514",13.7,13%,57:43:00,32.1495,30,21.1,42.5,35.2,40.3,2026
1199,Jiangsu University of Science and Technology,China,"29,068",16,3%,,32.125,16.1,16.7,60.3,68.5,22.7,2026
1200,Universitat Internacional de Catalunya,Spain,"5,729",4.5,32%,65:35:00,32.102,26.1,11.2,50.2,21.3,69.9,2026
1201,"University of Education, Lahore",Pakistan,"29,744",17.4,0%,57:43:00,32.0975,13.6,8.8,70.3,16.4,50.5,2026
1202,Universitas Sebelas Maret,Indonesia,"27,604",16.7,3%,65:35:00,32.089,25.1,23.8,42.2,51,41.1,2026
1203,The New School,United States,"9,536",10.1,38%,75:25:00,32.0405,29.9,14.3,43.5,25.7,66.6,2026
1204,Tokyo University of Agriculture and Technology,Japan,"5,923",14.2,7%,36 : 64,32.038,34,25.5,28,82.2,39,2026
1205,Karunya Institute of Technology and Sciences,India,"7,715",15.2,0%,37 : 63,32.037,22.2,15.6,60.6,27.6,22.4,2026
1206,Istanbul University,Turkey,"55,489",22,8%,56:44:00,32.035,32.2,25.6,33.2,56.8,38.4,2026
1207,Athens University of Economics and Business,Greece,"9,211",44.7,5%,46:54:00,32.0315,18.7,24.6,45.3,63.4,43.4,2026
1208,University of Jeddah,Saudi Arabia,"30,321",16,2%,67:33:00,32.0265,16.8,11,59.1,21.2,70.7,2026
1209,University of Maragheh,Iran,"3,719",24.5,9%,59:41:00,32.0125,14.7,17.1,59.6,31.3,47.8,2026
1210,Saudi Electronic University,Saudi Arabia,"32,325",36.4,8%,46:54:00,31.98,10.6,9.6,65.4,19.1,75.8,2026
1211,Public University of Navarre,Spain,"8,824",11.4,9%,52:48:00,31.97,25.5,15.2,49.2,43.3,47.3,2026
1212,Université d’Orléans,France,"18,607",19.8,15%,50:50:00,31.958,20.3,16.6,46.1,51.7,70.1,2026
1213,University of Deusto,Spain,"10,138",18.7,11%,56:44:00,31.9165,20.7,20.6,49.3,39.9,46,2026
1214,Poznan University of Medical Sciences,Poland,"7,512",5.7,10%,73:27:00,31.908,31.1,14.3,47.8,44.1,33.1,2026
1215,University of Isfahan,Iran,"17,094",22.6,5%,58:42:00,31.8805,29,18.3,46.8,38.9,32.3,2026
1216,Ahmadu Bello University,Nigeria,"46,669",16.5,0%,37 : 63,31.8775,24.3,10,58.9,20.6,44.2,2026
1217,"Dr D. Y. Patil Vidyapeeth, Pune",India,"5,568",10.2,2%,62:38:00,31.874,43.5,11.1,38.7,20,45.5,2026
1218,National University of Computer and Emerging Sciences,Pakistan,"17,199",22.4,2%,26 : 74,31.8415,13.6,9.1,66.6,30.7,53.1,2026
1219,Bu-Ali Sina University,Iran,"10,698",24,7%,58:42:00,31.827,27,20.9,47.6,26.9,32.6,2026
1220,Hungarian University of Agriculture and Life Sciences,Hungary,"9,478",11,16%,59:41:00,31.824,33.2,13.2,42,25.3,61.2,2026
1221,"University of Occupational and Environmental Health, Japan",Japan,"1,145",2.4,1%,53:47:00,31.8165,29,11.9,53.1,53.7,23.1,2026
1222,Hakim Sabzevari University,Iran,"11,500",24.4,4%,60:40:00,31.746,18.1,11.5,63.5,18.6,43.7,2026
1223,Azarbaijan Shahid Madani University,Iran,"7,326",17.8,9%,57:43:00,31.7375,19.3,13.7,61,20.4,39.4,2026
1224,Kurume University,Japan,"4,659",8.1,1%,,31.7235,28.6,13.3,52.2,49.8,23.7,2026
1225,Fayoum University,Egypt,"52,796",16.3,1%,62:38:00,31.713,18.3,12.2,60.9,23.6,47.5,2026
1226,Ankara University,Turkey,"46,452",19.7,7%,57:43:00,31.71,35.5,17,41.3,35.5,33.3,2026
1227,Iuliu Haţieganu University of Medicine and Pharmacy Cluj-Napoca,Romania,"8,247",8.7,37%,68:32:00,31.7015,26.2,12.4,51.3,31.1,49.9,2026
1228,Universitas Gadjah Mada,Indonesia,"40,174",8.1,5%,58:42:00,31.695,33.1,24,31.3,57.2,43.9,2026
1229,Hindustan Institute of Technology and Science,India,"7,766",10.6,6%,40 : 60,31.6935,26.1,10.6,59.8,20.5,28.8,2026
1230,I. Horbachevsky Ternopil National Medical University,Ukraine,"5,206",8,18%,71:29:00,31.6825,24.9,9.8,60,16.5,37.8,2026
1231,Aichi Medical University,Japan,"1,285",2.8,1%,58:42:00,31.673,31,15,47.7,54.7,22.4,2026
1232,University of Ilorin,Nigeria,"48,498",34.3,0%,50:50:00,31.6695,15.5,12.6,64.8,20.2,42.6,2026
1233,University of Sargodha,Pakistan,"22,199",29.4,0%,59:41:00,31.6625,14.5,13.6,63,20.9,49.4,2026
1234,Galgotias University,India,"18,462",14.8,3%,36 : 64,31.607,21.3,10.9,64.2,19.5,28.3,2026
1235,Benha University,Egypt,"1,11,190",28.9,1%,46:54:00,31.5795,16.5,10.3,63.9,22,49,2026
1236,Ibn Tofaïl University,Morocco,"60,057",73.1,3%,58:42:00,31.569,26.6,22.2,47.8,22.6,27.2,2026
1237,"Shivaji University, Kolhapur",India,"6,263",15.4,0%,43:57:00,31.56,34.9,16.6,45.5,29.7,21.5,2026
1238,Bharathidasan University,India,"3,430",20.1,0%,53:47:00,31.558,34.7,18.3,41.1,32.3,31.9,2026
1239,Zhejiang University of Finance and Economics,China,"20,962",21.4,2%,61:39:00,31.5075,14.3,13.3,66.8,30.8,28.8,2026
1240,Nitte (Deemed to be University),India,"5,020",8.9,2%,67:33:00,31.444,43.2,12.5,40.5,19.5,28.6,2026
1241,Shahrood University of Technology,Iran,"9,421",21.8,5%,46:54:00,31.443,29,15.5,47.1,28.2,41.8,2026
1242,Persian Gulf University,Iran,"4,978",21.2,7%,57:43:00,31.4425,19.6,15.1,56.1,24.1,46.5,2026
1243,Walailak University,Thailand,"10,993",15.2,2%,71:29:00,31.442,19.4,15.4,56.4,18.7,47.8,2026
1244,Istanbul University-Cerrahpaşa,Turkey,"23,338",18,6%,52:48:00,31.423,30.3,21.2,39.1,63.6,27.5,2026
1245,Huaqiao University,China,"35,586",18,21%,48:52:00,31.402,15.8,15,51.4,46.4,68.2,2026
1246,Al-Baha University,Saudi Arabia,"17,782",12.7,2%,55:45:00,31.3925,19.5,9.1,54.9,21.9,75.4,2026
1247,Sahand University of Technology,Iran,"6,325",28.6,12%,43:57:00,31.354,28.8,13.6,47.9,47.6,35.2,2026
1248,University of Las Palmas de Gran Canaria,Spain,"16,681",18.2,8%,57:43:00,31.3515,21.4,26.9,42.7,32.5,41.7,2026
1249,Kansai Medical University,Japan,"1,545",2.9,2%,57:43:00,31.341,29.4,12.2,51.6,50,22,2026
1250,Oakland University,United States,"12,914",15.8,4%,58:42:00,31.284,27.7,16.7,44.5,50.8,38.5,2026
1251,National Taipei University of Technology,Taiwan,"10,608",12.4,5%,29 : 71,31.2825,26.4,22.5,36.5,82.8,36.1,2026
1252,VSB - Technical University of Ostrava,Czechia,"12,121",16.2,15%,33 : 67,31.258,25.6,20.9,38.5,48.5,55.4,2026
1253,Yaşar University,Turkey,"5,975",10.8,3%,51:49:00,31.181,21.5,11.8,57.8,21.1,43.1,2026
1254,University of Tripoli,Libya,"71,060",18.9,2%,63:37:00,31.1755,14.6,10.7,66.1,17.2,43.3,2026
1255,University of West London,United Kingdom,"16,885",21.9,61%,53:47:00,31.156,15.4,10.5,53.3,20.7,90,2026
1256,Technological University Dublin,Ireland,"19,364",17,22%,43:57:00,31.1205,17.6,14.7,48.8,54.7,64.5,2026
1257,University of Northern British Columbia (UNBC),Canada,"3,008",15.3,15%,62:38:00,31.111,21,22.5,44.4,19.9,57,2026
1258,Federal University of São Carlos,Brazil,"20,250",14.2,1%,50:50:00,31.102,34.3,21.5,33.5,55.4,33.1,2026
1259,National Chung Hsing University,Taiwan,"16,156",13,9%,43:57:00,31.092,24.6,25.4,35.8,74.6,36.6,2026
1260,University of A Coruña,Spain,"15,460",12.6,6%,52:48:00,31.055,24.1,18.6,46.1,46.6,38.1,2026
1261,Wilfrid Laurier University,Canada,"20,600",25.8,10%,,31.046,15.8,16.1,49.3,58.4,61.2,2026
1262,Czech Technical University in Prague,Czechia,"15,476",8.2,21%,31 : 69,31.0455,30.9,17.8,32.6,63.7,59.2,2026
1263,University of Duhok,Iraq,"20,093",10,1%,53:47:00,31.0135,24.2,8.1,61.3,19.7,31.3,2026
1264,Texas State University,United States,"31,552",19.7,2%,61:39:00,31.0125,18.9,20.2,48.4,40.6,45.8,2026
1265,Nicolaus Copernicus University in Toruń,Poland,"17,163",11.1,6%,67:33:00,31.009,29.6,23.1,38.6,33.2,35.6,2026
1266,King Mongkut's University of Technology North Bangkok,Thailand,"27,960",22.6,1%,40 : 60,30.97,17.8,15.3,55.9,57.3,29.6,2026
1267,University of Wrocław,Poland,"16,900",15.3,8%,66:34:00,30.961,28.7,21.8,37.9,35.5,45.1,2026
1268,Chittagong University of Engineering & Technology,Bangladesh,"5,758",17.4,0%,1.011805556,30.9185,13.7,11.7,67.2,23.1,32,2026
1269,University of Zagreb,Croatia,"62,046",15.8,4%,61:39:00,30.8685,27.6,19.1,41.8,57.5,31.3,2026
1270,Hangzhou Dianzi University (HDU),China,"27,192",15.7,4%,24 : 76,30.8455,17.7,17.9,50.1,71.7,33.8,2026
1271,Akdeniz University,Turkey,"39,309",29.4,4%,54:46:00,30.84,25.1,26.3,38.2,60.9,25.5,2026
1272,Chaudhary Charan Singh University - Meerut,India,"3,519",15,0%,36 : 64,30.8295,34.4,11,45.8,32.1,32.9,2026
1273,Rowan University,United States,"17,484",13.3,6%,50:50:00,30.759,29.6,13.2,45.3,40.6,39.8,2026
1274,Ilam University,Iran,"4,588",19,10%,49:51:00,30.7225,23.1,12.3,54.2,36.4,35,2026
1275,Suez Canal University,Egypt,"51,841",14.4,2%,45:55:00,30.6935,20,9.9,56.3,28.5,51.9,2026
1276,University of South Africa,South Africa,"2,07,954",84.5,2%,75:25:00,30.6545,19.7,17.8,51,30.4,42.2,2026
1277,Necmettin Erbakan University,Turkey,"18,947",12,13%,52:48:00,30.645,37.5,15.2,37.3,23.3,40.7,2026
1278,Khon Kaen University,Thailand,"32,602",16.3,2%,61:39:00,30.6365,28.6,17.3,41.8,49.5,35.5,2026
1279,Banasthali University,India,"12,751",22.4,2%,99:01:00,30.6305,29.8,13.4,50.1,29.4,23.3,2026
1280,Pondicherry University,India,"9,378",20.3,0%,46:54:00,30.628,34.1,17.4,40.6,41,22.7,2026
1281,University of Trás-os-Montes and Alto Douro,Portugal,"8,611",14.4,9%,53:47:00,30.6145,19.6,20.9,47.3,38.6,40.5,2026
1282,Osmania University,India,"10,493",25.3,2%,48:52:00,30.611,34.7,19,39.2,34.3,23.1,2026
1283,Nagoya City University,Japan,"4,602",5.8,4%,54:46:00,30.601,30.8,18,38.5,69.5,26.2,2026
1284,Xiangtan University,China,"38,768",20,0%,49:51:00,30.5975,18.6,17.4,53.6,56.3,23.1,2026
1285,Icesi University,Colombia,"5,974",11.9,3%,52:48:00,30.5885,20.3,12.1,57,21.4,41.8,2026
1286,Kwame Nkrumah University of Science and Technology,Ghana,"76,838",46.8,1%,39 : 61,30.581,17.7,16.6,53.3,26.7,46.5,2026
1287,Kuwait University,Kuwait,"29,943",18.3,13%,73:27:00,30.565,18,11.4,53.7,33.1,60.2,2026
1288,October 6 University,Egypt,"28,613",15.3,7%,53:47:00,30.534,19.8,8.4,61.7,16.8,41,2026
1289,Soonchunhyang University,South Korea,"8,983",19.4,6%,50:50:00,30.5245,22.6,27.9,35.8,63.6,33.1,2026
1290,Duzce University,Turkey,"21,362",32.2,7%,46:54:00,30.519,19.3,20.1,48.3,56.6,29.9,2026
1291,Pukyong National University,South Korea,"16,710",18.1,8%,47:53:00,30.481,30.3,20.4,36.1,54.1,35.1,2026
1292,"Amity University, Gurugram",India,"5,677",14.8,1%,52:48:00,30.4785,24.9,13.4,53.6,17.3,33,2026
1293,Democritus University of Thrace,Greece,"23,828",33.9,4%,57:43:00,30.4675,17.4,16.8,56.1,37,28.7,2026
1294,University of Urbino Carlo Bo,Italy,"15,123",38,6%,65:35:00,30.4525,17.6,19.9,47.6,36.3,50.1,2026
1295,National Chengchi University,Taiwan,"13,230",15.7,16%,57:43:00,30.4405,27.1,28.9,25.1,62.5,53.8,2026
1296,Menoufia University,Egypt,"1,29,699",26.1,1%,45:55:00,30.4335,15.9,10.5,59.7,28.2,48.8,2026
1297,Seoul National University of Science and Technology (SeoulTech),South Korea,"8,106",11.8,13%,38 : 62,30.4305,30.3,21.7,35.1,52.6,34.2,2026
1298,University of Anbar,Iraq,"27,797",11.1,1%,57:43:00,30.418,25,11.1,53.2,36.6,32,2026
1299,University of Engineering & Technology (UET) Lahore,Pakistan,"13,860",13.5,2%,33 : 67,30.415,20.2,10.5,54.3,32.4,51,2026
1300,Assiut University,Egypt,"86,744",13.2,5%,51:49:00,30.4025,23.6,12.4,48.3,25.3,57.9,2026
1301,Gebze Technical University,Turkey,"8,171",25.3,5%,45:55:00,30.4,24.9,22.5,40,37.3,40.5,2026
1302,Miguel Hernández University of Elche,Spain,"11,551",15.2,11%,52:48:00,30.395,22,18.4,42.9,62.6,42.6,2026
1303,Hyogo Medical University,Japan,"2,613",4.7,1%,59:41:00,30.385,31,14.2,45,52.3,20.4,2026
1304,Niigata University,Japan,"11,826",7.1,3%,37 : 63,30.3815,31.2,15.7,40.9,54.3,29.1,2026
1305,DIT University,India,"5,304",15.8,3%,31 : 69,30.365,18.7,11.3,63.2,17.1,25.7,2026
1306,Diego Portales University,Chile,"18,505",17.1,3%,50:50:00,30.333,16.1,12.2,57.4,19.2,54.1,2026
1307,Mawlana Bhashani Science and Technology University,Bangladesh,"4,644",17.1,0%,41:59:00,30.328,13.8,8.7,64.8,19.6,46.8,2026
1308,Universitas Airlangga,Indonesia,"32,097",7.2,8%,66:34:00,30.2505,28.6,14.1,39.2,24.8,66.3,2026
1309,Salahaddin University–Erbil,Iraq,"26,525",10.5,1%,54:46:00,30.2475,23.4,8.3,60.1,17,29.7,2026
1310,Guru Jambheshwar University of Science and Technology,India,"7,520",18.9,0%,45:55:00,30.233,31.5,11.4,49.9,32.3,18.3,2026
1311,Austral University,Argentina,"6,488",10.8,8%,55:45:00,30.2045,23,11.8,50.6,22,52.5,2026
1312,Biruni University,Turkey,"12,510",22.2,17%,70:30:00,30.1995,14.7,11.3,58.8,17.9,56.4,2026
1313,Babeş-Bolyai University,Romania,"40,388",18.8,5%,64:36:00,30.194,20.7,18.6,48.1,32.9,39.3,2026
1314,Port Said University,Egypt,"31,634",33.5,1%,55:45:00,30.1635,13.3,10.3,61.4,29.7,48.6,2026
1315,"Indian Institute of Science Education and Research, Pune",India,"1,816",11.9,0%,32 : 68,30.1255,36.5,19.8,31.8,31.4,37.6,2026
1316,Brno University of Technology,Czechia,"17,555",14.5,26%,28 : 72,30.113,24.6,17.7,34.5,73.7,59,2026
1317,Brock University,Canada,"21,118",22,19%,57:43:00,30.06,15,18.4,48,42.1,56.2,2026
1318,Inönü University,Turkey,"26,262",29.7,3%,52:48:00,30.0485,23.1,15.5,52.6,31.6,22.6,2026
1319,Kindai University,Japan,"34,923",23.2,2%,32 : 68,30.0415,17.6,13.3,53.6,60,33.5,2026
1320,Mohammed V University of Rabat,Morocco,"82,902",37.8,4%,55:45:00,30.034,29.3,16.1,41.9,43.6,32.1,2026
1321,Hitotsubashi University,Japan,"6,105",14.6,14%,33 : 67,30.025,32.5,21.8,27.6,25.7,64.1,2026
1322,Noakhali Science and Technology University (NSTU),Bangladesh,"9,184",22.2,0%,44:56:00,29.997,11.3,9.4,65.5,17,48.1,2026
1323,Institut Teknologi Bandung,Indonesia,"28,425",19.4,6%,44:56:00,29.9955,23.9,25.6,34.8,68.9,31,2026
1324,Universidade Federal do Paraná (UFPR),Brazil,"33,204",12.2,8%,50:50:00,29.98,37.2,18.5,29.7,51.9,35.4,2026
1325,The University of Electro-Communications,Japan,"4,621",14.6,5%,0.561111111,29.9495,25.7,24.1,32.3,69.1,39,2026
1326,Comenius University Bratislava,Slovakia,"22,226",10.4,17%,65:35:00,29.9305,29.4,17,37.2,30,52.9,2026
1327,Hallym University,South Korea,"7,676",8.5,4%,,29.9245,26.8,19.9,39.7,62.5,24.5,2026
1328,Al-Hussein Bin Talal University,Jordan,"12,333",33.2,1%,55:45:00,29.884,10.8,11.6,62.8,18.6,50,2026
1329,Mendel University in Brno,Czechia,"9,185",16.2,17%,54:46:00,29.88,25.4,18.2,39.7,23.1,57,2026
1330,Sathyabama Institute of Science and Technology,India,"17,560",12.5,4%,49:51:00,29.8435,30.9,10.7,48.6,24,27.8,2026
1331,National Institute of Technology Delhi,India,"1,329",13.8,3%,49:51:00,29.828,32.7,13.9,44.5,20.7,26.3,2026
1332,"Mehran University of Engineering and Technology, Jamshoro, Pakistan",Pakistan,"8,176",18.4,0%,25 : 75,29.8075,16.1,11,56.2,32.2,49.6,2026
1333,University of Sfax,Tunisia,"33,852",9.7,4%,65:35:00,29.8005,29.7,12.3,41.5,39.3,46,2026
1334,Wuhan Textile University,China,"24,241",15.2,2%,50:50:00,29.795,16.3,12.4,57.9,55.7,23.9,2026
1335,University of Ioannina,Greece,"33,322",38.1,3%,54:46:00,29.763,16.9,15.7,50.5,52.8,39.5,2026
1336,University of Žilina,Slovakia,"7,418",15.1,7%,33 : 67,29.7455,26.2,19.6,39.9,45.5,33.9,2026
1337,Maharishi Markandeshwar University (MMU),India,"11,662",12.5,6%,43:57:00,29.7445,28.8,10.3,50.5,19.1,31.3,2026
1338,University of Évora,Portugal,"8,196",14,17%,58:42:00,29.7265,25,21.5,36.8,25.1,54.3,2026
1339,University of León,Spain,"9,699",10.9,5%,54:46:00,29.6965,24.9,15.9,41.8,61,36.8,2026
1340,Yazd University,Iran,"13,519",29.7,3%,58:42:00,29.623,21.6,18.5,44.8,44.4,35.6,2026
1341,University of Guilan,Iran,"17,021",31.2,1%,58:42:00,29.621,26,18.4,44.5,34,25.4,2026
1342,"University of Chemistry and Technology, Prague",Czechia,"4,505",8.8,29%,57:43:00,29.6165,37.3,14.7,26.9,55,54.4,2026
1343,HES-SO University of Applied Sciences and Arts of Western Switzerland,Switzerland,"17,517",6,29%,54:46:00,29.5735,24.5,13.8,36.2,29.6,84,2026
1344,University of Mauritius,Mauritius,"9,108",26,7%,58:42:00,29.558,27.5,14.9,42.2,41.3,37.5,2026
1345,Université de Poitiers,France,"28,005",17.7,13%,59:41:00,29.5315,27.5,20.9,30.5,39.7,61.6,2026
1346,Kangwon National University,South Korea,"20,621",20.1,3%,42:58:00,29.5195,24.6,24.9,36.6,54.1,25.3,2026
1347,Chaoyang University of Technology,Taiwan,"13,390",34.9,6%,55:45:00,29.51,15.5,22.8,42.6,53.7,45.3,2026
1348,University of Nebraska Omaha,United States,"13,614",17.1,5%,57:43:00,29.5085,17.9,16.9,49.8,41.8,36.2,2026
1349,University of Technology of Compiègne,France,"4,377",16,18%,42:58:00,29.501,28.7,11.6,30.6,58.7,81.9,2026
1350,Ibn Zohr University,Morocco,"1,45,463",130,1%,50:50:00,29.4925,20.9,11.8,55.1,21,33.8,2026
1351,Gazi University,Turkey,"44,013",19.9,4%,52:48:00,29.485,27.3,19.6,37.1,69.5,24.5,2026
1352,SWPS University,Poland,"14,605",31.5,7%,77:23:00,29.458,15.8,17,49.5,32.8,49.4,2026
1353,Canterbury Christ Church University,United Kingdom,"23,395",38.4,55%,57:43:00,29.4325,18,13.5,46.3,19,74.1,2026
1354,Manipal University Jaipur,India,"12,438",14,5%,46:54:00,29.413,22.5,13.9,51.1,27.8,30.7,2026
1355,University of Chittagong,Bangladesh,"26,397",24,0%,41:59:00,29.4095,11.5,9.5,60.7,22.8,55.2,2026
1356,Universidad San Francisco de Quito,Ecuador,"8,153",9,4%,50:50:00,29.3985,24,12.1,44.2,19.3,63.7,2026
1357,"Vietnam National University, Hanoi",Vietnam,"67,238",18.9,0%,61:39:00,29.387,17.7,11.5,54.6,28.2,44.3,2026
1358,Nagasaki University,Japan,"8,747",6.7,5%,39 : 61,29.37,30.1,16,35.4,55.2,40.3,2026
1359,Urmia University of Technology,Iran,"3,145",24.8,14%,29 : 71,29.311,12.2,14.3,56.7,22,49,2026
1360,Kohat University of Science and Technology,Pakistan,"10,175",45.4,0%,25 : 75,29.31,17.1,13,51,21.7,57.7,2026
1361,Tomas Bata University in Zlín,Czechia,"8,964",18.4,12%,56:44:00,29.305,22.7,21.1,37.7,28.8,53.7,2026
1362,Changzhou University,China,"29,126",17,2%,,29.297,15.5,14.4,54.3,66.9,21.1,2026
1363,Immanuel Kant Baltic Federal University,Russian Federation,"6,711",16.3,19%,58:42:00,29.2775,37.1,22.1,20.3,37.1,58,2026
1364,Chung Yuan Christian University,Taiwan,"14,676",30.2,8%,47:53:00,29.2745,18.9,24.2,36.4,64.9,42.2,2026
1365,University of Staffordshire,United Kingdom,"15,275",23,22%,49:51:00,29.2325,16.3,12.3,48,23.8,73.4,2026
1366,Gifu University,Japan,"7,064",15.3,4%,38 : 62,29.206,27.7,23.9,30,68.9,31.3,2026
1367,Lorestan University,Iran,"9,397",23.7,7%,46:54:00,29.189,22.9,11.3,51.9,24.6,34.7,2026
1368,National Kaohsiung University of Science and Technology,Taiwan,"28,069",32.6,2%,36 : 64,29.1595,17,22.8,41.7,71,29.1,2026
1369,Indian Institute of Science Education and Research Bhopal,India,"2,194",14.2,0%,39 : 61,29.15,38.3,21.5,29.4,25.1,23.9,2026
1370,University of Rouen Normandie,France,"31,367",23.8,14%,61:39:00,29.123,24.9,13.9,38.3,51.6,55.9,2026
1371,University of Cadiz,Spain,"18,319",15.7,10%,61:39:00,29.122,21.2,18.3,42.7,37.4,43.4,2026
1372,University of Valladolid,Spain,"21,685",12.1,8%,57:43:00,29.1075,24.8,16.7,40.7,44.4,39.5,2026
1373,University of Malaga,Spain,"36,545",13.6,6%,54:46:00,29.086,21.1,17.1,42.1,54,41.5,2026
1374,University of Jendouba,Tunisia,"12,953",21.4,0%,71:29:00,29.058,19.2,23.2,37.1,51.4,46.4,2026
1375,Woosong University,South Korea,"10,350",15.4,21%,44:56:00,29.0435,19.1,10.4,43.2,24.2,86.2,2026
1376,University of the Philippines,Philippines,"54,405",10.7,0%,57:43:00,29.025,27.4,17.9,39,28.9,38.6,2026
1377,University of Winchester,United Kingdom,"7,060",16,12%,66:34:00,29.001,19,15.4,45.4,18,61.2,2026
1378,Jiangxi Normal University (JXNU),China,"35,356",20.5,0%,67:33:00,28.972,13.7,13,60.2,38.7,20.7,2026
1379,Universitas Padjadjaran,Indonesia,"32,501",7.6,5%,61:39:00,28.941,32.5,13,35.1,27.9,52.5,2026
1380,University of Concepción,Chile,"29,870",17,2%,52:48:00,28.9305,19.3,18.1,40.9,47.7,50.8,2026
1381,University Rey Juan Carlos,Spain,"39,309",17.3,6%,57:43:00,28.9215,18.7,15.3,47.4,46.7,38.4,2026
1382,Toyohashi University of Technology (TUT),Japan,"1,998",10.2,13%,0.643055556,28.9195,30.7,23.6,21.4,83.6,43.4,2026
1383,Sakarya University,Turkey,"41,615",36.6,9%,52:48:00,28.901,21.8,13.8,49.7,26.7,33.2,2026
1384,Jeju National University,South Korea,"10,335",15,4%,53:47:00,28.9005,25.3,20.2,38.6,44.1,29.8,2026
1385,Gyeongsang National University,South Korea,"16,298",12.6,2%,44:56:00,28.8265,27.8,19.5,36,55.7,25.9,2026
1386,"Visvesvaraya National Institute of Technology, Nagpur",India,"4,762",16.5,2%,1.011805556,28.806,32.7,12.8,41.6,36.5,20.1,2026
1387,Medical University of Silesia in Katowice,Poland,"10,184",6.9,5%,74:26:00,28.7645,30.1,13,42.9,32,26.2,2026
1388,Medical University of Lublin,Poland,"6,902",5.9,13%,73:27:00,28.7365,33.5,14.6,35.2,38.5,33.6,2026
1389,University of Maribor,Slovenia,"13,082",13.9,14%,55:45:00,28.733,21.5,18,41.2,46.2,39.5,2026
1390,The Jikei University School of Medicine,Japan,"1,077",0.8,1%,52:48:00,28.7325,30.3,11.2,43.9,45.4,20.8,2026
1391,Ege University,Turkey,"30,191",13.7,4%,53:47:00,28.7295,35,14,34.2,51.3,27.1,2026
1392,Kashan University of Medical Sciences and Health Services,Iran,"3,416",0.7,4%,57:43:00,28.725,29.2,9,48.7,17.9,29,2026
1393,Universidade Eduardo Mondlane,Mozambique,"41,967",24.9,1%,44:56:00,28.713,11.3,8.7,60.3,21.1,52.3,2026
1394,Fu Jen Catholic University,Taiwan,"19,288",25.9,5%,59:41:00,28.6825,23.1,27.6,28.5,76.6,30,2026
1395,Ho Chi Minh City Open University,Vietnam,"29,906",45.6,0%,64:36:00,28.6585,10.1,10.9,63.1,16.2,39.2,2026
1396,Nelson Mandela University,South Africa,"24,272",34.8,2%,60:40:00,28.6425,20.9,16.8,43.2,34,43.8,2026
1397,"Federal University of Technology, Minna",Nigeria,"26,887",23.7,0%,0.970833333,28.6405,22.3,8.5,51.8,17.8,44.6,2026
1398,University of Nigeria Nsukka,Nigeria,"45,307",11.1,1%,46:54:00,28.637,32,11,40.3,20.3,41.4,2026
1399,Prince of Songkla University,Thailand,"33,623",13.1,2%,68:32:00,28.6325,24.3,16,39.4,51.6,39.2,2026
1400,University of Burgos,Spain,"8,300",14.2,5%,56:44:00,28.6265,21.8,16.7,44.9,29,36.3,2026
1401,South Valley University (Egypt),Egypt,"65,017",29.3,0%,56:44:00,28.62,12.8,9.3,58.9,19.3,49.4,2026
1402,Tezpur University,India,"4,573",13,0%,45:55:00,28.6045,33.1,17.3,36.8,33.2,19.4,2026
1403,Damanhour University,Egypt,"52,549",34.5,0%,62:38:00,28.5915,15,9.4,56.9,17.2,49.1,2026
1404,University of Mazandaran,Iran,"11,383",24.1,3%,64:36:00,28.5835,26.6,16.2,43,25.4,28.3,2026
1405,Medical University of Bialystok,Poland,"5,930",12.5,8%,77:23:00,28.578,31.9,12.1,39.1,41.4,30.3,2026
1406,University of Colima,Mexico,"14,655",6.5,0%,52:48:00,28.5735,23.4,8.2,54.3,19,29.9,2026
1407,Universitas Muhammadiyah Surakarta,Indonesia,"21,386",16.3,0%,59:41:00,28.5435,15.7,9.8,60.5,17.5,29.6,2026
1408,Ariel University,Israel,"12,587",18.4,1%,50:50:00,28.536,19.7,21,41.8,37.3,34.7,2026
1409,Adolfo Ibáñez University,Chile,"10,615",20.9,5%,38 : 62,28.5335,15.6,17.4,44.3,22.7,62.5,2026
1410,"MNS University of Agriculture, Multan",Pakistan,"4,477",22.5,0%,28 : 72,28.521,12.5,11.4,56.9,19,49.3,2026
1411,Slovak University of Agriculture in Nitra,Slovakia,"4,478",12.5,5%,54:46:00,28.5155,27.5,19.3,34,22.9,49.2,2026
1412,University of Antioquia,Colombia,"37,677",18.4,0%,52:48:00,28.515,21.1,20.8,38.8,39.9,40.3,2026
1413,Shahid Chamran University of Ahvaz,Iran,"13,351",22.4,2%,57:43:00,28.508,29.4,11,42,47.5,28.6,2026
1414,Shahrekord University,Iran,"7,567",20.1,4%,53:47:00,28.5035,24,13.4,48.8,20.5,27.7,2026
1415,National Institute of Technology Warangal,India,"6,938",16.5,5%,0.929861111,28.502,26.6,13.3,45.9,27.7,25.6,2026
1416,Zewail City of Science and Technology,Egypt,"1,238",5.3,0%,43:57:00,28.4895,23.7,10.5,48.2,23.7,40.6,2026
1417,Lahore College for Women University (LCWU),Pakistan,"10,137",21,0%,100:00:00,28.4545,22.2,11.3,48.4,17.4,45.5,2026
1418,Madan Mohan Malaviya University of Technology,India,"3,276",11.1,0%,44:56:00,28.453,25.1,9.3,53.8,20.6,18.5,2026
1419,Al-Farabi Kazakh National University,Kazakhstan,"20,321",4.5,26%,61:39:00,28.4475,30.1,14.6,27.8,24.1,80.4,2026
1420,University of Peradeniya,Sri Lanka,"20,419",26.2,0%,60:40:00,28.4395,12.8,12.4,56.4,30,39.3,2026
1421,Erciyes University,Turkey,"37,763",26.1,9%,50:50:00,28.4315,25,13.6,43,41,34.3,2026
1422,The University of the West Indies,Jamaica,"22,060",15.6,1%,71:29:00,28.416,21,12,45.4,29.4,52.6,2026
1423,The John Paul II Catholic University of Lublin,Poland,"8,436",8.4,9%,65:35:00,28.3955,31.6,17,36.8,17.4,32.1,2026
1424,Tokyo University of Science,Japan,"18,002",24.1,4%,25 : 75,28.375,23.8,26.8,27.7,74.8,30.4,2026
1425,Sohag University,Egypt,"67,926",22.2,1%,58:42:00,28.362,15,9.2,55.1,20.6,52.2,2026
1426,St Francis Xavier University,Canada,"4,575",17.9,7%,62:38:00,28.3565,17.5,18.2,43.1,27.9,51.6,2026
1427,Warsaw University of Technology,Poland,"21,694",10.3,8%,31 : 69,28.338,28.3,17.7,32.9,61.1,33.9,2026
1428,University of El Oued,Algeria,"22,276",19.9,0%,62:38:00,28.337,19.8,8.9,53,17.5,44.2,2026
1429,Pavol Jozef Šafárik University in Košice,Slovakia,"6,854",9.1,25%,67:33:00,28.335,41.7,11.2,24.5,24.7,59.3,2026
1430,Sapporo Medical University,Japan,"1,307",3.3,0%,45:55:00,28.319,31.4,13.4,38.3,57.5,18.4,2026
1431,University of Reims Champagne-Ardenne,France,"25,691",18.5,11%,58:42:00,28.31,29.1,9.8,37.4,36.4,56.1,2026
1432,Wrocław University of Science and Technology,Poland,"21,125",17.2,6%,33 : 67,28.309,23.6,19.3,36.2,58.5,34,2026
1433,Shahid Bahonar University of Kerman,Iran,"13,683",22.7,2%,60:40:00,28.3025,19.1,13.8,50.4,32.4,30,2026
1434,University of Social Welfare and Rehabilitation Sciences,Iran,"1,538",8.8,2%,79:21:00,28.29,34,15.7,34.3,22.8,33.4,2026
1435,Sidi Mohamed Ben Abdellah University,Morocco,"1,00,319",44.4,2%,54:46:00,28.278,25.2,11.9,48.2,24.2,26.2,2026
1436,Shiga University of Medical Science,Japan,"1,136",3,4%,52:48:00,28.277,32.7,13.3,34.2,65.4,25.3,2026
1437,National Institute of Technology Srinagar,India,"3,598",13.3,0%,1.011805556,28.259,30.5,13.3,41.7,19.3,28.3,2026
1438,National Institute of Technology Meghalaya,India,"1,020",13.2,3%,0.888888889,28.245,32.7,12.3,39.1,29.1,28.5,2026
1439,Tianjin Normal University,China,"23,254",14.3,6%,,28.2445,21,21,34.5,53.8,46.1,2026
1440,Mutah University,Jordan,"15,579",21.6,13%,53:47:00,28.2285,25.4,13.7,39.2,18,57.1,2026
1441,Sefako Makgatho Health Sciences University,South Africa,"5,570",7.1,2%,65:35:00,28.217,26,11.1,42.7,19.2,50,2026
1442,TOBB University of Economics and Technology,Turkey,"5,255",13.4,1%,47:53:00,28.2155,20,14.7,40.9,67.5,41.1,2026
1443,Pontifícia Universidade Católica do Paraná,Brazil,"11,606",12.7,1%,54:46:00,28.1885,26.3,13.1,40.6,52.4,31.4,2026
1444,Shiv Nadar University,India,"2,290",9.2,2%,43:57:00,28.176,31.7,8.1,40.6,27.7,42.5,2026
1445,BINUS University,Indonesia,"15,258",13.9,4%,41:59:00,28.1345,21.4,23.5,34.2,50.6,36.3,2026
1446,USAMV Cluj-Napoca,Romania,"5,453",16.7,6%,54:46:00,28.094,19.7,10,52.3,22,37.5,2026
1447,National University of Uzbekistan named after Mirzo Ulugbek,Uzbekistan,"19,704",19.3,4%,48:52:00,28.0775,24.4,10.9,40.9,25.4,59.1,2026
1448,Gauhati University,India,"5,733",12.7,0%,60:40:00,28.0475,39.4,15.4,31.4,22.4,21.9,2026
1449,National Taiwan Ocean University,Taiwan,"8,418",16.1,8%,32 : 68,28.041,19.9,27.2,29.3,70,35.9,2026
1450,Shinshu University,Japan,"10,657",10.6,3%,33 : 67,28.027,26.7,18.4,32.5,66.8,31.9,2026
1451,Zhejiang Chinese Medical University,China,"24,976",26.2,5%,63:37:00,28.0225,20.2,17.5,46.1,36.4,22.7,2026
1452,National Textile University,Pakistan,"3,839",17.5,0%,30 : 70,28.0185,14.2,13.5,50.4,30.8,47.5,2026
1453,Tokushima University,Japan,"7,395",9.5,2%,36 : 64,28.009,28.9,20.7,27.2,86.7,24.7,2026
1454,Holy Spirit University of Kaslik,Lebanon,"7,374",13,14%,55:45:00,28.0085,23,9.9,38.5,19.5,80.3,2026
1455,University of Jos,Nigeria,"37,605",23.6,0%,47:53:00,27.9935,15.3,8.6,55.9,18.4,46.4,2026
1456,University of La Serena,Chile,"7,657",22.4,1%,50:50:00,27.96,14.3,10.3,54.3,17.3,50.3,2026
1457,Kookmin University,South Korea,"15,777",18.5,13%,49:51:00,27.9595,28.6,21.3,27,59.7,38.1,2026
1458,Reshetnev Siberian State University of Science and Technology,Russian Federation,"9,412",11.3,4%,34 : 66,27.9545,21.1,9.2,53,37.8,22,2026
1459,Osaka Metropolitan University,Japan,"15,703",8.7,4%,37 : 63,27.9465,31.3,16.9,28.8,78.3,27.2,2026
1460,Riga Stradiņš University,Latvia,"8,229",24.6,35%,75:25:00,27.9335,18.5,16.9,39.1,25,64.6,2026
1461,The British University in Egypt,Egypt,"11,180",21.8,4%,51:49:00,27.9045,16.7,12.1,53,19.1,37.4,2026
1462,Budapest University of Technology and Economics,Hungary,"18,656",16.3,15%,32 : 68,27.9025,23,18.4,34.2,65.1,38.9,2026
1463,Opole University of Technology,Poland,"4,752",14.6,9%,30 : 70,27.892,18.6,14.4,45.8,24.1,47,2026
1464,SASTRA University,India,"11,847",13.9,0%,51:49:00,27.891,27.6,11,42.8,41.6,27.4,2026
1465,American International University – Bangladesh,Bangladesh,"13,515",21.8,2%,26 : 74,27.875,11.9,9.2,59.1,25.1,39.5,2026
1466,Kharazmi University,Iran,"12,192",16.3,3%,55:45:00,27.8715,25.2,14.7,41.8,27.3,33.9,2026
1467,Vytautas Magnus University,Lithuania,"8,381",10.6,19%,71:29:00,27.863,23.7,12.9,36.9,21.2,69.5,2026
1468,University of Kerala,India,"3,615",12.2,5%,71:29:00,27.8105,40.2,20.7,23.8,22.4,25.5,2026
1469,National University of Distance Education (UNED),Spain,"64,730",50,4%,58:42:00,27.7455,17.2,19.4,41.8,50.2,33.3,2026
1470,Istanbul Medeniyet University,Turkey,"14,298",15.2,3%,52:48:00,27.745,19.2,10.9,53.6,18.5,28,2026
1471,I-Shou University,Taiwan,"10,364",26.8,15%,50:50:00,27.735,16.3,21.1,38.2,60,39.3,2026
1472,Université Djillali Liabès de Sidi Bel-Abbès,Algeria,"29,211",17.9,1%,55:45:00,27.6895,25.5,9.7,46.3,17.6,36.8,2026
1473,Universidade Federal de Pernambuco,Brazil,"36,048",13.2,0%,52:48:00,27.676,33.8,18.5,25.6,62.5,28.8,2026
1474,National Dong Hwa University,Taiwan,"10,094",18.4,10%,54:46:00,27.658,20.2,25,29,45.1,52.6,2026
1475,"University of Health Sciences, Turkey",Turkey,"24,562",6.1,11%,51:49:00,27.6055,45.7,10.6,27.3,17.5,28.8,2026
1476,University of La Frontera,Chile,"11,481",20.2,1%,50:50:00,27.593,17.8,23.7,35.8,24.1,50.2,2026
1477,Thammasat University,Thailand,"39,733",14.8,1%,64:36:00,27.5875,23.5,21,33.8,37.5,39,2026
1478,IFHE Hyderabad,India,"8,438",18.7,0%,42:58:00,27.5615,17.3,10.3,57.2,18.4,21,2026
1479,Autonomous University of Sinaloa,Mexico,"79,206",17.3,9%,55:45:00,27.538,16.9,7.6,55.8,16.9,39.1,2026
1480,Lebanese University,Lebanon,"44,105",13.6,18%,55:45:00,27.523,34.8,14,21.5,22.8,77.8,2026
1481,Süleyman Demirel University,Turkey,"32,526",28.9,5%,52:48:00,27.482,27.6,11.5,43.8,24,25.4,2026
1482,University of Brasília,Brazil,"43,678",14.4,1%,53:47:00,27.4785,34,17.7,27.7,33.2,35.7,2026
1483,University of Manouba,Tunisia,"17,341",14.4,2%,58:42:00,27.4745,25.9,9.7,42.1,23.9,45.8,2026
1484,University of South Wales,United Kingdom,"17,530",16.7,31%,52:48:00,27.459,18.2,11.7,35.7,52.3,78.6,2026
1485,Universidad del Desarrollo,Chile,"17,491",17.7,4%,57:43:00,27.452,16.4,12.1,47.2,28,51,2026
1486,Kyushu Institute of Technology (Kyutech),Japan,"5,616",16.1,4%,0.643055556,27.4515,26.4,16.5,30.9,66.9,39.1,2026
1487,University of Split,Croatia,"18,811",15,3%,59:41:00,27.4225,22.2,15.3,42.3,28.6,34.7,2026
1488,National Chung Cheng University,Taiwan,"9,183",14.8,4%,46:54:00,27.412,21.4,24.8,28.4,77.3,30.6,2026
1489,M. Kumarasamy College of Engineering,India,"4,228",17.8,0%,47:53:00,27.388,15.9,9.1,59.7,17.9,19.1,2026
1490,Yanshan University,China,"38,505",12.6,1%,35 : 65,27.37,21.6,12.2,45.4,57,20.8,2026
1491,Ilia State University,Georgia,"16,579",12.2,5%,61:39:00,27.3435,18.9,9.7,47.6,17.5,53,2026
1492,Suranaree University of Technology,Thailand,"14,931",27.9,1%,53:47:00,27.3345,25,17.4,33.7,52.4,36.1,2026
1493,Khulna University,Bangladesh,"8,131",13.9,0%,45:55:00,27.3225,17.3,9.9,50.7,18.7,45.2,2026
1494,Universidad Católica San Antonio de Murcia (UCAM),Spain,"12,966",20.1,18%,56:44:00,27.3155,19.1,18.2,35.1,39.2,57.4,2026
1495,Poznań University of Life Sciences,Poland,"5,626",7.7,8%,59:41:00,27.3065,26.5,12.8,41,30.3,30.2,2026
1496,Hosei University,Japan,"28,578",37.4,5%,39 : 61,27.2985,16.3,11.3,49.3,35.2,40.2,2026
1497,Tokai University,Japan,"28,774",16.6,5%,29 : 71,27.291,17.6,12.8,46.9,48.3,31.8,2026
1498,Botswana International University of Science and Technology (BIUST),Botswana,"2,491",12.2,10%,37 : 63,27.2845,23.7,14.1,33.1,19.6,73.2,2026
1499,Yokohama National University,Japan,"9,459",13.2,8%,28 : 72,27.269,28.3,21.9,22.1,82.3,35.3,2026
1500,Tzu Chi University,Taiwan,"3,102",9.2,7%,61:39:00,27.2685,25.7,26,24.7,66.3,27.8,2026
1501,University of La Sabana,Colombia,"10,316",13.2,2%,57:43:00,27.2605,20.9,11.2,46.2,21.3,41.8,2026
1502,Incheon National University,South Korea,"17,160",21.2,3%,39 : 61,27.2595,19.4,18.4,38.7,48.2,35.5,2026
1503,Netaji Subhas University of Technology,India,"8,856",15.5,2%,0.970833333,27.235,17.7,8.1,57.4,20.8,21.5,2026
1504,Qom University of Medical Sciences,Iran,"2,793",10.3,5%,56:44:00,27.225,35.8,11.5,34.7,24.6,25.8,2026
1505,Moulay Ismail University,Morocco,"79,507",54.9,1%,55:45:00,27.2165,14,10.8,56.7,21.3,27.9,2026
1506,Technical University of Crete,Greece,"7,080",33.2,5%,29 : 71,27.2025,15.6,15.1,45,45.1,38.9,2026
1507,Chosun University,South Korea,"19,223",25.1,2%,47:53:00,27.198,25.2,23.1,25.8,75,31,2026
1508,Guru Ghasidas Vishwavidyalaya,India,"9,784",22.4,0%,41:59:00,27.1905,20.1,11.5,50.8,22.9,23.6,2026
1509,Federal University of Technology Akure,Nigeria,"18,945",20.5,0%,26 : 74,27.187,24.4,12.2,40,23.9,46.6,2026
1510,Federal University of Goiás,Brazil,"23,032",11.5,1%,42:58:00,27.185,31.8,23.7,25.4,25.4,30.6,2026
1511,Universidad de Cartagena,Colombia,"24,568",22.6,1%,47:53:00,27.154,13.4,10,55.2,18.9,39.8,2026
1512,Saitama Medical University,Japan,"1,904",1.3,0%,49:51:00,27.1315,27,10.8,42.7,44.8,19.1,2026
1513,Sabzevar University of Medical Sciences,Iran,"2,226",7,1%,56:44:00,27.129,24.4,9.7,48.4,17.7,25.2,2026
1514,Christ University,India,"35,193",20.3,1%,52:48:00,27.1285,15.6,14.5,52,22.1,24.5,2026
1515,University of Monastir,Tunisia,"20,673",9.3,2%,68:32:00,27.0655,24.2,10.9,39.8,32.7,46.9,2026
1516,University of Gdańsk,Poland,"18,116",10,3%,67:33:00,27.054,27.3,15.1,35.3,31.6,36.9,2026
1517,Shahid Sadoughi University of Medical Sciences,Iran,"5,717",10.5,3%,56:44:00,27.0475,41.5,11.1,30.1,20.4,23.2,2026
1518,Transilvania University of Brașov,Romania,"20,101",22.5,2%,53:47:00,27.0355,14.8,13.4,47.7,35.9,40.5,2026
1519,West University of Timişoara,Romania,"14,808",19.6,6%,66:34:00,27.034,22.7,13.3,43.7,19.2,34.7,2026
1520,Tokyo Metropolitan University,Japan,"8,789",10.7,5%,39 : 61,27.024,29.7,16.2,29.8,52.8,33.5,2026
1521,Wrocław University of Environmental and Life Sciences,Poland,"6,399",11.9,6%,67:33:00,27.015,28.5,13.6,36.1,34.9,32.5,2026
1522,Razi University,Iran,"11,378",17.6,4%,59:41:00,26.9715,27.1,14.7,35.7,46.1,28.8,2026
1523,University of Macedonia,Greece,"11,703",56.3,5%,50:50:00,26.916,17.7,18,43.8,31.8,27.5,2026
1524,IPB University,Indonesia,"22,993",10.3,5%,58:42:00,26.9045,32.8,12.3,27.5,51.1,44.9,2026
1525,SGH Warsaw School of Economics,Poland,"7,993",14.8,14%,48:52:00,26.901,25.3,21.6,31.8,16.4,39.7,2026
1526,Universiti Tun Hussein Onn Malaysia (UTHM),Malaysia,"15,743",16.5,7%,45:55:00,26.874,23.2,15.3,36.3,30.2,46.6,2026
1527,University of Northampton,United Kingdom,"14,775",21.7,46%,63:37:00,26.83,16.1,11,40.4,18.7,80.3,2026
1528,University Cadi Ayyad of Marrakech,Morocco,"92,358",37.2,1%,55:45:00,26.787,23.3,10.9,43,24.5,38.3,2026
1529,Université Saint-Joseph de Beyrouth,Lebanon,"8,540",8.4,13%,60:40:00,26.7855,32.2,10.9,24.9,28.2,73.7,2026
1530,"Vels Institute of Science, Technology and Advanced Studies (VISTAS)",India,"15,173",15.7,0%,25 : 75,26.771,31.5,9.9,41.2,20,19.3,2026
1531,Federal University of Lavras,Brazil,"13,186",17.1,2%,49:51:00,26.7605,30.8,19,28.7,32.8,29.9,2026
1532,Tunghai University,Taiwan,"14,886",20.5,9%,55:45:00,26.7355,15.7,15.4,40.8,44.2,48.4,2026
1533,Helwan University,Egypt,"1,53,935",23.9,1%,56:44:00,26.7265,22.7,9,43.1,23,47.6,2026
1534,Medical University of Sofia,Bulgaria,"10,870",5.2,29%,55:45:00,26.7185,26.4,7.3,37.8,45.9,48.5,2026
1535,Babcock University,Nigeria,"13,134",28.1,0%,51:49:00,26.7055,27.6,9.9,41.8,16,33.5,2026
1536,Tokyo University of Marine Science and Technology,Japan,"2,571",11.6,8%,33 : 67,26.655,30.2,17.8,22.7,58.1,46,2026
1537,Universitas Negeri Yogyakarta,Indonesia,"27,783",17.2,2%,56:44:00,26.6225,19.2,12.1,46,24.3,35.7,2026
1538,Technical University of Cartagena,Spain,"4,546",10.4,10%,28 : 72,26.619,28.6,13.8,31.2,41,42.4,2026
1539,University of Technology of Troyes,France,"2,898",17.9,24%,26 : 74,26.603,31.8,11.4,22.2,40.4,75.2,2026
1540,Universidad Loyola,Spain,"5,635",17.8,5%,57:43:00,26.5945,16.2,16.5,41.9,20.2,48.7,2026
1541,Kagawa University,Japan,"6,421",9.8,2%,43:57:00,26.565,25.2,13.4,35.8,62,27,2026
1542,Pirogov Russian National Research Medical University,Russian Federation,"13,377",7.8,11%,70:30:00,26.5555,44.2,14.5,18.2,40.6,29.7,2026
1543,Vilnius Gediminas Technical University (Vilnius Tech),Lithuania,"8,333",13.1,21%,34 : 66,26.5315,20.8,17.9,31,47.3,53.5,2026
1544,Allameh Tabataba ’i University,Iran,"14,319",16.7,3%,57:43:00,26.526,33.2,12.8,32.6,24,30.4,2026
1545,Warsaw University of Life Sciences – SGGW,Poland,"15,317",12.3,8%,59:41:00,26.515,22.1,12.8,41.4,33.4,33.7,2026
1546,University of Toyama,Japan,"8,960",10.7,3%,38 : 62,26.4945,28.4,15.3,28.4,67.3,32.9,2026
1547,Federal University of Uberlândia,Brazil,"26,116",14.2,1%,52:48:00,26.393,24.9,13.1,39.1,39.4,25.9,2026
1548,University of Antofagasta,Chile,"7,763",10.1,3%,57:43:00,26.3305,22.5,9.6,40.2,18.1,55,2026
1549,Istanbul Okan University,Turkey,"8,326",12.9,25%,46:54:00,26.3295,26.5,11,34.1,17.8,58.4,2026
1550,Moscow Polytechnic University,Russian Federation,"12,752",17.2,10%,38 : 62,26.311,15.8,12.4,49.5,26.1,28.8,2026
1551,Poznan University of Technology,Poland,"13,680",11,8%,31 : 69,26.2995,25.7,14,34.7,47.7,31.2,2026
1552,Lucian Blaga University of Sibiu,Romania,"13,293",16.3,4%,50:50:00,26.2915,19,16,42,22.6,33.9,2026
1552,Technical University of Košice,Slovakia,"11,397",16.8,41%,25 : 75,26.2915,26.8,16.8,26.4,42.9,51.7,2026
1554,Yamagata University,Japan,"8,664",9.1,3%,34 : 66,26.2875,28.2,15.1,27.7,71.8,32.1,2026
1555,University of Zanjan,Iran,"9,883",23.7,0%,56:44:00,26.2745,25.9,13.7,38,27.9,28.6,2026
1556,Cardinal Stefan Wyszyński University in Warsaw,Poland,"10,253",12.7,2%,64:36:00,26.248,27.6,22.1,29.1,18.3,29.8,2026
1557,Liverpool Hope University,United Kingdom,"5,015",16.7,18%,62:38:00,26.2345,19.5,16.8,30.2,19,77.2,2026
1558,Hassiba Benbouali University of Chlef,Algeria,"30,568",20.5,1%,66:34:00,26.228,16.2,12,45.2,31.1,42.2,2026
1559,Diponegoro University,Indonesia,"36,538",16.8,4%,66:34:00,26.228,32.5,16.8,23,45.4,40.7,2026
1560,Al-Qasim Green University,Iraq,"3,914",7,0%,32 : 68,26.2275,22.5,7.9,49.2,16.6,25,2026
1561,University of Havana,Cuba,"16,451",11.1,3%,62:38:00,26.193,30.8,23,14.4,55.8,51.8,2026
1562,Mirpur University of Science and Technology,Pakistan,"8,917",27.2,0%,51:49:00,26.161,11.6,10.3,50.8,19.8,49.6,2026
1563,KMITL – King Mongkut’s Institute of Technology Ladkrabang,Thailand,"27,090",24.8,3%,50:50:00,26.148,18.9,25,24.9,74.5,38.3,2026
1564,University of Las Américas (UDLA),Ecuador,"14,757",11.2,3%,53:47:00,26.1385,20.5,10.2,38,25.2,63,2026
1565,Kitasato University,Japan,"8,517",5,1%,55:45:00,26.101,26.7,12,36,59.8,20.7,2026
1566,University of Texas Rio Grande Valley,United States,"27,919",20.1,3%,61:39:00,26.037,18,9.6,45.8,23.7,43.4,2026
1567,University of Lodz,Poland,"21,312",14.1,10%,61:39:00,26.0305,24.5,18.5,32.6,21.7,37.2,2026
1568,Manav Rachna International Institute of Research and Studies,India,"5,684",11.2,2%,50:50:00,26.004,29.8,11,37.4,21.7,25.8,2026
1569,Recep Tayyip Erdoğan University,Turkey,"11,544",14.6,4%,,25.977,20.5,12.4,44.2,30.9,24.5,2026
1570,Universidad Francisco de Vitoria,Spain,"14,642",21.2,8%,45:55:00,25.975,15.5,12.7,46.3,18.3,41.3,2026
1571,Obafemi Awolowo University,Nigeria,"32,746",26.3,0%,46:54:00,25.931,21.5,13.4,36,45.5,41.1,2026
1572,Nagoya Institute of Technology,Japan,"5,552",15.7,4%,0.765972222,25.9205,22.8,22,25.3,75.3,29.5,2026
1573,Abdelmalek Essaâdi University,Morocco,"1,18,761",84.4,1%,53:47:00,25.9075,22.9,11.1,43.1,20.7,29,2026
1574,University of West Bohemia,Czechia,"11,369",14.5,6%,54:46:00,25.9025,19.6,18,35.4,38.2,36.7,2026
1575,Université Hassan II de Casablanca,Morocco,"1,20,987",32.6,2%,74:26:00,25.902,22.3,9.4,44.6,27,28.5,2026
1576,Universidade Federal do ABC (UFABC),Brazil,"19,284",25.4,1%,38 : 62,25.9015,18.8,17.3,36,28.9,45.1,2026
1577,Chung Shan Medical University,Taiwan,"7,085",17.5,3%,65:35:00,25.8895,20.3,21.4,31.7,63,22.2,2026
1578,University of Nairobi,Kenya,"52,216",23.3,2%,45:55:00,25.8745,15.9,16.1,39.7,22.5,49.4,2026
1579,Universidade Lusófona,Portugal,"12,743",6.2,17%,55:45:00,25.8485,23.6,9.9,36.9,20.7,54.9,2026
1580,Dokuz Eylül University,Turkey,"58,554",27.8,10%,49:51:00,25.8365,27.7,15.9,27.2,64.6,30.8,2026
1581,Toho University,Japan,"5,275",13.6,1%,55:45:00,25.8265,24.4,15.4,33.9,59.5,21.5,2026
1582,University of Benin,Nigeria,"43,884",25.6,0%,50:50:00,25.7945,15.6,9.2,50.5,17.8,35.5,2026
1583,Universitas Negeri Padang,Indonesia,"45,714",22.1,1%,67:33:00,25.782,12.8,8.6,52.3,16.8,42,2026
1584,Federal University of Santa Maria,Brazil,"27,692",14.2,1%,55:45:00,25.761,26.9,14,34,37.2,27.7,2026
1585,Lublin University of Technology,Poland,"6,721",11.4,13%,27 : 73,25.75,25.8,14.8,31.6,30.8,41.8,2026
1586,Hormozgan University of Medical Sciences,Iran,"3,672",11.3,2%,54:46:00,25.7445,40.5,11,26.2,18.8,26.6,2026
1587,Tamkang University,Taiwan,"21,955",20.1,7%,46:54:00,25.7405,16.1,12.4,40.1,50.5,44.6,2026
1588,National University of Colombia,Colombia,"55,643",21,1%,41:59:00,25.7275,21.9,15.4,34.3,35.9,41,2026
1589,Lodz University of Technology,Poland,"10,476",11.7,6%,38 : 62,25.7195,25.9,15.8,28.5,61.8,33,2026
1590,Del Rosario University,Colombia,"10,119",12.4,4%,59:41:00,25.6855,21.5,16.2,32.3,30.5,49.8,2026
1591,Karabük University,Turkey,"45,899",41.5,26%,43:57:00,25.682,15.6,9.8,45.6,18.7,50.8,2026
1592,University of La Rochelle,France,"7,760",19.8,10%,55:45:00,25.666,19.7,12.6,33.6,30.2,65.5,2026
1593,Escuela Superior Politécnica del Litoral,Ecuador,"10,308",8.9,1%,39 : 61,25.6655,22.4,9.7,35.8,31.3,56.7,2026
1594,Yasouj University,Iran,"4,104",16.3,4%,57:43:00,25.66,19.9,14.5,42.2,23.8,26.3,2026
1595,Vinayaka Mission’s Research Foundation,India,"14,971",8.7,0%,41:59:00,25.6505,26.2,8.6,44.4,16.5,19.3,2026
1596,Hellenic Open University,Greece,"21,185",7.3,1%,65:35:00,25.6415,23.8,8.9,44.4,16.8,27.3,2026
1597,Rikkyo University,Japan,"19,644",14.7,5%,56:44:00,25.6275,18.5,9.6,41,21.4,56.4,2026
1598,Moscow Aviation Institute,Russian Federation,"15,797",16.6,12%,27 : 73,25.62,33.1,16.2,22.5,53,30.5,2026
1599,Durban University of Technology,South Africa,"27,036",31.4,1%,56:44:00,25.6105,17.9,14,38.1,25,51.2,2026
1600,University of Sunderland,United Kingdom,"15,945",14.4,53%,59:41:00,25.6055,19.3,9.6,34.6,33.7,72,2026
1601,Universiti Malaysia Perlis,Malaysia,"10,470",13,3%,47:53:00,25.6015,23.5,13.9,34.2,35.2,39.6,2026
1602,Guangxi Normal University,China,"38,955",18.4,2%,69:31:00,25.596,16.1,11.1,47.9,40,22.1,2026
1603,Marmara University,Turkey,"47,315",25.2,5%,52:48:00,25.568,25.1,13.7,34.7,34.7,31.9,2026
1604,Tashkent University of Information Technologies,Uzbekistan,"20,688",18.4,0%,25 : 75,25.562,17.6,9.2,49.5,27.8,23.2,2026
1605,Université Polytechnique Hauts-de-France,France,"13,034",27.3,12%,48:52:00,25.553,17.4,8.3,35.3,57.7,68.2,2026
1606,Military Institute of Science and Technology (MIST),Bangladesh,"3,001",18.2,0%,27 : 73,25.53,14.1,8.6,53.8,19.1,26.3,2026
1607,Southwest Petroleum University,China,"41,268",19.6,1%,35 : 65,25.5225,17.7,15.3,37.5,77.1,20.4,2026
1608,Bezmiâlem Vakif University,Turkey,"2,814",8.1,5%,70:30:00,25.522,37.8,12,26.1,22.9,28.6,2026
1609,Shree Guru Gobind Singh Tricentenary University,India,"7,375",10.3,0%,50:50:00,25.5135,24.2,10.1,43.2,16.2,24.5,2026
1610,GMR Institute of Technology,India,"4,130",16.7,0%,32 : 68,25.5125,15.4,10,52,18.8,22.9,2026
1611,Université Sultan Moulay Slimane,Morocco,"43,534",60.3,0%,56:44:00,25.5025,18.6,13,46,18.2,22.9,2026
1612,Nagaoka University of Technology,Japan,"2,155",10.8,12%,0.561111111,25.48,31.4,16.8,18.4,68,41.4,2026
1613,Universiti Teknologi MARA,Malaysia,"60,349",16.3,2%,66:34:00,25.478,21.2,17.1,33.9,46.5,29.8,2026
1614,University of the Ryukyus,Japan,"7,468",9.2,3%,38 : 62,25.4185,25.8,13.8,30.8,41.2,38.9,2026
1615,Goa University,India,"2,771",11,4%,64:36:00,25.41,33.9,13.3,28.7,28,24.3,2026
1616,University of Lethbridge,Canada,"7,219",13.2,16%,,25.398,20.8,14.7,29.6,41.6,59.4,2026
1617,Ritsumeikan University,Japan,"35,919",18,10%,37 : 63,25.378,20.7,16.2,28.4,63.4,46.9,2026
1618,University of Warmia and Mazury in Olsztyn,Poland,"15,830",16.8,3%,61:39:00,25.376,18.2,15.6,41.9,26.7,24.6,2026
1619,Osaka Medical and Pharmaceutical University,Japan,"3,126",5.5,1%,60:40:00,25.3715,27.5,13.9,32.2,53.2,19.2,2026
1620,Pace University-New York,United States,"12,280",15.7,21%,63:37:00,25.3685,35.5,8.3,24.9,32.1,49.8,2026
1621,Karadeniz Technical University,Turkey,"22,986",10.5,8%,52:48:00,25.3405,24.5,13.8,35.1,38.9,27,2026
1622,Pontifical Catholic University of Valparaíso,Chile,"18,070",23.2,2%,43:57:00,25.3365,17.4,17.6,33,33.8,51.3,2026
1623,"University of the Andes, Chile",Chile,"10,398",17.7,2%,56:44:00,25.3215,22.2,16.1,32,22.4,48.1,2026
1624,University of Huelva,Spain,"10,926",13.7,3%,46:54:00,25.305,23.2,16.6,32.6,28.8,36.2,2026
1625,Ştefan cel Mare University of Suceava,Romania,"9,043",22,15%,60:40:00,25.3025,17.4,15.8,39.7,22,37.3,2026
1626,Paris Nanterre University,France,"30,986",20.1,16%,65:35:00,25.297,21.5,16.6,27,35.7,61.5,2026
1627,University for Development Studies,Ghana,"28,162",35.9,0%,28 : 72,25.287,24.4,10.7,35.2,18.4,49.2,2026
1628,University of Worcester,United Kingdom,"7,725",18.2,18%,72:28:00,25.2785,17.1,12,37.9,23.6,59.2,2026
1629,Mie University,Japan,"6,936",11.5,3%,38 : 62,25.2765,26.7,17,26.4,66.5,25.2,2026
1630,Université Sorbonne Nouvelle,France,"14,218",20.2,23%,77:23:00,25.2735,28,12,23.3,37.4,67.3,2026
1631,Slovak University of Technology in Bratislava,Slovakia,"10,809",12.9,19%,33 : 67,25.2725,28.7,14.5,24.7,45.4,45,2026
1632,Communication University of China,China,"18,027",15.5,2%,68:32:00,25.252,25.7,16.4,29.4,56.8,24.3,2026
1633,Yeditepe University,Turkey,"17,879",21.7,7%,56:44:00,25.24,23.9,14.1,28.9,57.2,41.9,2026
1634,University of Chester,United Kingdom,"11,380",18.4,28%,66:34:00,25.233,19.8,12.9,31,27.9,69.8,2026
1635,University of Ostrava,Czechia,"9,219",16.4,12%,70:30:00,25.2135,20,16.7,32.7,20.7,51.1,2026
1636,Harran University,Turkey,"16,845",18.9,7%,48:52:00,25.0985,16.8,9.9,48.1,19.1,27.7,2026
1637,University of Zimbabwe,Zimbabwe,"24,488",19.1,1%,58:42:00,25.0865,14.2,10.6,43.8,20.9,51.3,2026
1637,University of Talca,Chile,"11,543",12.7,2%,51:49:00,25.0865,20.1,13.7,32.6,37.6,52,2026
1639,"Jaypee Institute of Information Technology, Noida",India,"5,208",17.8,0%,32 : 68,25.0795,20,17.6,38.6,26.2,19.3,2026
1640,National Chin-Yi University of Technology,Taiwan,"7,667",22.4,12%,31 : 69,25.0785,15,26.6,27.3,50.3,36.5,2026
1641,Kyiv National University of Construction and Architecture,Ukraine,"6,697",7.1,3%,42:58:00,25.063,22.6,9.1,41.4,19.3,34.2,2026
1642,Universitas Syiah Kuala,Indonesia,"30,794",15.8,0%,62:38:00,25.0465,17.5,9.6,48,19.5,25.6,2026
1643,Hirosaki University,Japan,"6,845",9.9,1%,,25.0365,24.8,15,30,53.2,29.9,2026
1644,Satbayev University,Kazakhstan,"8,346",11.2,17%,55:45:00,25.034,26.7,14.7,19.3,32.3,77.5,2026
1645,Muhimbili University of Health and Allied Sciences,Tanzania,"5,254",11.8,6%,32 : 68,24.978,21.6,14.9,30.3,27.5,54.6,2026
1646,Karpagam Academy of Higher Education,India,"10,846",13.8,0%,31 : 69,24.9495,19,11.8,44.4,19.5,24.3,2026
1647,Universiti Malaysia Kelantan,Malaysia,"10,001",20,8%,70:30:00,24.9345,16.1,14.8,35.5,37.7,49.8,2026
1648,Vali-e-Asr University of Rafsanjan,Iran,"6,371",21.7,1%,64:36:00,24.8885,15.3,10.5,48.4,20,26.8,2026
1649,University of Silesia in Katowice,Poland,"17,261",10.6,5%,66:34:00,24.85,28,15.2,28.8,27.8,32.4,2026
1650,CEU Universities,Spain,"21,391",12.6,20%,64:36:00,24.8435,21.9,11.8,33.9,26.4,49.8,2026
1651,Lincoln University College,Malaysia,"3,727",6.7,52%,24 : 76,24.813,35,9.3,12.6,16.9,97.8,2026
1652,University of Pannonia,Hungary,"5,317",20,6%,49:51:00,24.764,22.7,17.7,29.9,31.8,35.9,2026
1653,Unisinos University,Brazil,"14,944",30.4,0%,53:47:00,24.7195,21.6,20.7,26.1,55.3,30.7,2026
1654,Universidade Federal da Bahia,Brazil,"50,721",19,1%,54:46:00,24.7075,27.1,14.6,30,25.1,33,2026
1655,University of Rijeka,Croatia,"12,749",15.6,5%,59:41:00,24.6965,20.1,19.4,31.3,36.4,30.6,2026
1656,University of Hormozgan,Iran,"3,685",15.4,3%,66:34:00,24.6905,23.2,15.5,33.9,23.1,30.1,2026
1657,University of Santo Tomas,Philippines,"42,253",15.1,6%,58:42:00,24.6795,23,10.2,32.1,21.1,59.5,2026
1658,Kastamonu University,Turkey,"16,697",31.4,11%,46:54:00,24.668,15.3,12,44.3,18.8,35.1,2026
1659,Universidad Autónoma de Chile,Chile,"30,410",26.8,1%,64:36:00,24.6525,13,13.3,39.9,20.7,55.5,2026
1660,"National Institute of Applied Sciences, Strasbourg (INSA Strasbourg)",France,"1,980",16.9,13%,37 : 63,24.652,23.2,9.3,28,36.9,69.8,2026
1661,Istanbul Aydın University,Turkey,"17,587",16.5,20%,53:47:00,24.65,21.2,10,35,18.4,56.8,2026
1662,University of Carthage,Tunisia,"32,944",10.6,1%,64:36:00,24.6145,24.8,10.2,32.2,34.7,43.9,2026
1663,Federal University of Rio Grande do Norte (UFRN),Brazil,"52,086",19.7,0%,47:53:00,24.603,26.4,15.7,26.8,43.3,33.2,2026
1664,Far Eastern Federal University,Russian Federation,"18,054",15.6,21%,59:41:00,24.59,29.1,18.4,16.4,30.3,60.5,2026
1665,Institut Teknologi Sepuluh Nopember,Indonesia,"20,850",6.1,7%,41:59:00,24.5845,25.9,11.1,28.3,42,47.4,2026
1666,Alzahra University,Iran,"9,275",25.5,2%,100:00:00,24.571,27.3,16.9,28.1,26.6,28.3,2026
1667,Universidade Federal de Juiz de Fora,Brazil,"24,376",15.1,1%,55:45:00,24.567,23.7,13.1,34.7,25.1,31.5,2026
1668,Universiti Teknikal Malaysia Melaka,Malaysia,"9,543",13,6%,36 : 64,24.55,26.9,11.4,27.3,37.4,48.3,2026
1669,Maejo University,Thailand,"17,942",26.9,1%,59:41:00,24.5405,14.8,9.6,43.4,35.2,39.5,2026
1670,Jiangsu Normal University,China,"29,443",15.8,1%,,24.5145,16.2,12.9,42.7,34.8,23.9,2026
1671,Université de Skikda,Algeria,"28,640",23.6,0%,69:31:00,24.489,13,7.7,48.6,16.9,42.2,2026
1672,Ehime University,Japan,"8,855",9.9,2%,40 : 60,24.478,25.8,14.8,26.7,54.5,31.8,2026
1673,Tribhuvan University,Nepal,"4,99,671",19.6,0%,52:48:00,24.4355,13.6,7.8,46.7,18.1,45.7,2026
1674,Acharya Nagarjuna University,India,"6,220",7.6,7%,32 : 68,24.435,45,9.9,16.8,27.6,28.6,2026
1675,University of the Arts London,United Kingdom,"20,785",11.4,59%,76:24:00,24.422,23.9,11.8,25.4,19.3,74.1,2026
1676,Centurion University of Technology and Management,India,"12,028",21.4,2%,27 : 73,24.4045,15.3,13,41.1,43.4,27.4,2026
1677,University of Sousse,Tunisia,"29,075",13.1,2%,68:32:00,24.3535,26.9,10.6,31,23.1,41.6,2026
1678,Chang Gung University of Science and Technology,Taiwan,"6,113",18.6,0%,89:11:00,24.3445,16.1,15.2,39.8,41.8,21,2026
1679,University of Novi Sad,Serbia,"49,296",14,7%,58:42:00,24.3395,19.9,11.5,32.8,59.6,38.8,2026
1680,University of Sistan and Baluchestan,Iran,"8,848",24.7,1%,56:44:00,24.3375,27,13.1,32.7,20.9,25.7,2026
1681,Instituto Politécnico de Viana do Castelo,Portugal,"5,913",18.6,11%,49:51:00,24.3305,13.8,15.6,38.1,22.7,45.3,2026
1682,University of Calabar,Nigeria,"24,000",15.7,0%,88:12:00,24.317,20.4,9.6,39.7,17,39,2026
1683,University of Western Macedonia,Greece,"14,635",22.9,1%,51:49:00,24.314,13.3,13,44.9,28.7,26.7,2026
1684,Yamaguchi University,Japan,"10,373",10.9,5%,38 : 62,24.282,27.8,14.2,24,58.7,32.2,2026
1685,Sri Venkateswara University,India,"6,670",15.5,0%,50:50:00,24.2815,36.9,10.6,23.6,26.3,29.2,2026
1686,Maria Curie-Skłodowska University (UMCS),Poland,"13,964",10,12%,74:26:00,24.2715,22.6,21.5,25.8,22.3,36.5,2026
1687,Pontifical Catholic University of Peru,Peru,"26,939",6.4,1%,47:53:00,24.268,26.1,10.8,30.9,24.1,42.7,2026
1688,Southern Federal University,Russian Federation,"18,741",12.8,15%,57:43:00,24.246,23.8,16.3,24.6,38.7,47.6,2026
1689,Cracow University of Technology,Poland,"12,400",11,7%,38 : 62,24.2065,25.9,10.4,32.7,30.5,33.6,2026
1690,Acıbadem University,Turkey,"3,501",7.6,8%,73:27:00,24.1805,27.3,12.4,29,26.4,37,2026
1691,Catholic University of the North,Chile,"11,793",19.9,4%,47:53:00,24.1685,14.7,14.9,33.8,19.9,61,2026
1692,University of Tunis,Tunisia,"18,795",10.8,2%,68:32:00,24.1605,33.3,10,24.4,28.3,39.8,2026
1693,Karamanoğlu Mehmet Bey University,Turkey,"19,789",28.7,6%,51:49:00,24.1535,11.7,10.1,49,17.2,31.8,2026
1694,International Hellenic University,Greece,"58,142",37.1,3%,44:56:00,24.147,9.8,10.5,48.8,28.9,32.2,2026
1695,UNIR – International University of La Rioja,Spain,"53,424",46.1,34%,63:37:00,24.14,12.6,15.6,35.9,20.6,57.4,2026
1696,Istanbul Bilgi University,Turkey,"12,199",18.6,15%,51:49:00,24.128,16.3,11.1,38,17.2,53.5,2026
1697,"George Emil Palade University of Medicine, Pharmacy, Science, and Technology of Targu Mures",Romania,"9,743",17.7,14%,63:37:00,24.11,17.9,12.8,38.5,23,35.3,2026
1698,Saga University,Japan,"6,403",9.6,2%,42:58:00,24.092,25.4,14.7,25.4,66.9,27.2,2026
1699,Gunma University,Japan,"6,155",7.4,5%,39 : 61,24.0835,27.9,13.4,24.2,66.3,27.4,2026
1700,National Research University of Electronic Technology (MIET),Russian Federation,"5,805",10.5,4%,26 : 74,24.074,45.5,15.5,7.9,52.1,22.7,2026
1701,University of Oum El Bouaghi,Algeria,"12,471",11,0%,63:37:00,24.07,23.8,14.5,30.8,30.1,32,2026
1702,University of Primorska,Slovenia,"5,744",13.5,23%,76:24:00,24.061,20,17.4,25.1,23,62.2,2026
1703,October University for Modern Sciences and Arts (MSA),Egypt,"12,047",10.5,1%,51:49:00,23.981,21.2,9.1,40.3,17.2,30.8,2026
1704,Université de Gabès,Tunisia,"15,003",13.6,1%,74:26:00,23.9585,20.3,11.5,35,20.5,44.2,2026
1705,Austral University of Chile,Chile,"18,781",19.1,1%,55:45:00,23.952,15.6,17.2,29.2,41.8,52.4,2026
1706,Morgan State University,United States,"8,489",17.4,10%,62:38:00,23.945,19.7,14.3,29.8,23.6,54.7,2026
1707,Georgia Southern University,United States,"21,920",19.6,3%,59:41:00,23.9295,18.3,12.2,37.2,34.7,32.6,2026
1708,University of Qom,Iran,"9,345",29.5,27%,46:54:00,23.922,28.4,12.5,25.5,21.6,45.4,2026
1709,Polytechnic Institute of Porto,Portugal,"21,106",17.7,7%,48:52:00,23.918,14.7,13.1,40,34,32.3,2026
1710,Technical University of Cluj-Napoca,Romania,"18,486",20.3,3%,38 : 62,23.9175,17.8,13.9,36.4,41.7,27.3,2026
1711,Cukurova University,Turkey,"33,663",22.9,3%,47:53:00,23.9135,22.3,13.8,32.5,33.7,29.8,2026
1712,Universidad Andrés Bello (UNAB),Chile,"49,719",17.8,3%,55:45:00,23.877,15.7,10.8,37.6,22.4,52.5,2026
1713,Telkom University,Indonesia,"18,089",14.7,10%,41:59:00,23.876,16.5,12.8,32.7,36.1,53.9,2026
1714,Ubon Ratchathani University,Thailand,"13,247",18.2,0%,67:33:00,23.843,15.7,10.1,43,27,30.7,2026
1715,Universitas Ahmad Dahlan,Indonesia,"19,044",24.6,2%,55:45:00,23.839,12,11.3,43.6,25.8,38.8,2026
1716,"University of the North, Colombia",Colombia,"11,592",16.9,2%,49:51:00,23.832,19.8,14.4,30.1,24,51,2026
1717,Izmir University of Economics,Turkey,"7,269",24.2,3%,54:46:00,23.8275,16.9,15.6,34.6,39.2,31.6,2026
1718,University of Pau and Pays de l’Adour,France,"13,266",13.4,16%,53:47:00,23.806,24.4,12.5,20,31.7,76.2,2026
1719,State University of Malang,Indonesia,"37,201",26.4,4%,55:45:00,23.778,21.1,11.5,34.5,26.4,37.5,2026
1720,University of Baghdad,Iraq,"75,593",11.2,0%,60:40:00,23.7725,28.3,14.8,28.2,29.3,20,2026
1721,B. S. Abdur Rahman Crescent Institute of Science and Technology,India,"9,428",16.5,0%,28 : 72,23.754,20.1,10.6,39.4,26.2,25.1,2026
1722,Pontificia Universidad Javeriana,Colombia,"29,088",14.2,1%,56:44:00,23.7355,21.1,13,31.8,24.4,43,2026
1723,Amity University - Kolkata,India,"5,985",15,10%,72:28:00,23.7005,18,11.5,33.5,22.2,54.9,2026
1724,Nnamdi Azikiwe University,Nigeria,"43,059",16.2,0%,59:41:00,23.6955,23.3,8.6,36.2,19.2,36,2026
1725,University of Al-Qadisiyah,Iraq,"27,865",14,0%,54:46:00,23.6825,21.5,7.9,40.5,16.6,29.8,2026
1726,Ochanomizu University,Japan,"2,652",14.7,6%,100:00:00,23.675,25.8,18.7,20.2,38.4,40.6,2026
1727,Universitas Negeri Semarang,Indonesia,"54,005",36.5,1%,63:37:00,23.661,13.2,11.7,44.7,17.1,30.4,2026
1728,University of Costa Rica,Costa Rica,"30,813",14.6,2%,52:48:00,23.6415,20.9,10.2,33.9,23.2,45.6,2026
1729,Hanoi University of Science and Technology,Vietnam,"39,204",35.8,0%,0.888888889,23.62,14.5,16.9,30.5,66.1,35.3,2026
1730,Arak University,Iran,"6,265",19.2,13%,62:38:00,23.594,19.3,14.6,32.9,29.1,35.1,2026
1731,Federico Santa María Technical University,Chile,"19,907",27.1,2%,26 : 74,23.5815,14.5,12.9,33,40.7,53.8,2026
1732,Universidade do Estado do Rio de Janeiro (UERJ),Brazil,"34,661",11.8,0%,55:45:00,23.5715,32.2,12.3,24.5,23.2,29.7,2026
1733,University of Babylon,Iraq,"29,695",12.9,1%,55:45:00,23.5415,28.4,9,33.4,21.9,22.1,2026
1734,Federal University of Pelotas,Brazil,"21,972",14.9,1%,57:43:00,23.5335,25.1,14.1,30,25,27.2,2026
1735,Eskişehir Osmangazi University,Turkey,"30,370",24.9,6%,47:53:00,23.53,20.6,22.6,26.3,24.6,27,2026
1736,Alexandru Ioan Cuza University,Romania,"24,352",16.9,9%,61:39:00,23.527,22.5,12.2,29.2,41.1,39.3,2026
1737,Plekhanov Russian University of Economics,Russian Federation,"13,681",8.5,14%,55:45:00,23.51,26.8,13.3,25,23.3,44.2,2026
1738,Saitama University,Japan,"8,341",16,6%,32 : 68,23.5075,21.8,18.9,21.3,57.2,38.9,2026
1739,University of Kufa,Iraq,"35,860",11.8,0%,59:41:00,23.5005,23.6,9,38.1,16.9,24.3,2026
1740,University of Moratuwa,Sri Lanka,"11,079",22.1,0%,40 : 60,23.4835,12.9,14.5,40.2,36.2,26.2,2026
1741,Dankook University,South Korea,"26,277",16.6,5%,54:46:00,23.464,23.1,14.7,27.8,51.1,26.7,2026
1742,Gaziantep University,Turkey,"35,026",37.9,15%,40 : 60,23.431,19,12.4,33.5,23.5,43.2,2026
1743,Universidade Federal de Ouro Preto (UFOP),Brazil,"13,409",14.4,1%,50:50:00,23.4245,22.3,22.2,23.5,35.2,26,2026
1744,Tottori University,Japan,"5,994",8.3,2%,39 : 61,23.365,28.4,14,22.6,55.3,25.8,2026
1745,"University of Santiago, Chile (USACH)",Chile,"26,506",20,4%,45:55:00,23.3605,17.4,15.9,29.5,30.1,47.5,2026
1746,University of Yamanashi,Japan,"4,668",6.2,6%,31 : 69,23.349,28.3,14,22.2,50.2,30.3,2026
1747,Universiti Malaysia Sabah (UMS),Malaysia,"16,224",9.9,4%,66:34:00,23.328,23.9,12.2,28.1,28.8,42.1,2026
1748,L.N. Gumilyov Eurasian National University,Kazakhstan,"23,205",18.3,4%,49:51:00,23.3215,20.9,15.2,25.4,17.2,59.2,2026
1749,Ladoke Akintola University of Technology,Nigeria,"40,337",50.1,0%,49:51:00,23.257,14,10.7,40.7,25.6,37.2,2026
1750,Tamil Nadu Agricultural University,India,"8,627",12.7,0%,65:35:00,23.207,35.8,13.3,20.7,31.1,17.8,2026
1751,Kagoshima University,Japan,"10,130",10.5,2%,39 : 61,23.199,26.5,13.8,23.8,56.3,26.5,2026
1752,University of Economics in Prague,Czechia,"14,471",28.3,30%,52:48:00,23.1885,17.2,15,30.1,20.3,52.3,2026
1753,Tokat Gaziosmanpaşa University,Turkey,"21,110",13.7,14%,39 : 61,23.1055,19,10,36.5,23.2,36.3,2026
1754,University of Life Sciences in Lublin,Poland,"6,705",10.2,3%,66:34:00,23.09,24.2,12,32.5,23.4,23.8,2026
1755,Shibaura Institute of Technology,Japan,"9,475",25.2,5%,0.847916667,23.079,18.2,18.7,23.6,45.8,45,2026
1756,University of Brawijaya,Indonesia,"47,186",16.1,4%,60:40:00,23.0455,24.9,13.3,23.7,36.2,43.8,2026
1757,Université Chouaïb Doukkali,Morocco,"27,900",39.6,2%,60:40:00,23.0375,15.8,11.6,40.1,21.5,28.3,2026
1758,Wasit University,Iraq,"17,316",9.1,0%,53:47:00,23.027,22.9,8.6,36.9,16.5,27.3,2026
1759,National University of San Martín,Argentina,"16,968",16.5,5%,60:40:00,23.022,22,11.2,29.3,27.6,45.2,2026
1760,Feng Chia University,Taiwan,"20,114",23,6%,41:59:00,23.0215,16.9,18.2,24.2,70.7,35.6,2026
1761,Dow University of Health Sciences,Pakistan,"8,085",7.9,5%,74:26:00,22.933,24.5,10.4,27.9,19.3,47.3,2026
1762,Badji Mokhtar University – Annaba,Algeria,"30,510",9,2%,75:25:00,22.922,39.9,8.8,17,21.3,35.3,2026
1763,"Balochistan University of Information Technology, Engineering and Management Sciences (BUITEMS)",Pakistan,"15,352",24.6,0%,0.970833333,22.9095,10.8,9.5,41.3,20.9,49.9,2026
1764,Dnipro University of Technology,Ukraine,"13,079",20.8,0%,27 : 73,22.9055,13,7.6,47.1,17.6,27.1,2026
1765,Federal University of Mato Grosso do Sul,Brazil,"23,578",13.3,1%,56:44:00,22.8995,24,14.5,25.6,37.8,32.3,2026
1766,Russian Presidential Academy of National Economy and Public Administration,Russian Federation,"21,295",17.1,4%,66:34:00,22.8875,23.9,22.5,21.3,27.3,24.4,2026
1767,Bashkir State Medical University,Russian Federation,"14,567",9.8,36%,47:53:00,22.887,28.3,10.3,23.5,20.1,49.3,2026
1768,Federal University of Espírito Santo,Brazil,"30,434",17.2,1%,55:45:00,22.871,24.2,12.8,25.5,53,30,2026
1769,Aydın Adnan Menderes University,Turkey,"13,698",13.8,2%,51:49:00,22.7985,28.4,20.3,20,20.4,22.9,2026
1770,Federal University of Viçosa,Brazil,"18,831",9.9,3%,56:44:00,22.7945,30.4,12.4,23.4,28.7,27.5,2026
1771,Kyoto Institute of Technology,Japan,"4,018",14.5,6%,29 : 71,22.7885,25.5,17.7,16.2,72.2,31.8,2026
1772,Moscow Power Engineering Institute,Russian Federation,"14,453",18.5,15%,34 : 66,22.786,23.2,15.9,20.6,56.4,38.6,2026
1773,Kasetsart University,Thailand,"69,827",17.3,1%,61:39:00,22.782,18.8,15.9,27.8,41.5,35,2026
1774,Dunarea de Jos University of Galati,Romania,"12,770",15.9,23%,58:42:00,22.773,20,10.2,32.3,19,46.2,2026
1775,Dokkyo Medical University,Japan,"1,301",1.5,1%,55:45:00,22.7415,28.1,10.9,27.8,37.4,19.4,2026
1776,National University of La Plata,Argentina,"48,850",13.1,25%,60:40:00,22.7335,23.5,12.4,21.5,26.5,62.6,2026
1777,Altınbaş University,Turkey,"11,126",24.2,51%,41:59:00,22.7265,17.6,11.7,30.3,24.1,54.5,2026
1778,"Vignan’s Foundation for Science, Technology and Research",India,"8,362",12.8,4%,50:50:00,22.673,23,9.1,35.1,19.6,25.8,2026
1779,Universidad Mayor,Chile,"23,839",11.5,1%,55:45:00,22.6715,19.7,8.9,33.2,17.6,48.2,2026
1780,Fluminense Federal University,Brazil,"71,079",20.2,0%,48:52:00,22.6685,23.6,13.4,27.9,27.2,31.5,2026
1781,University of Zambia,Zambia,"29,300",31.2,5%,62:38:00,22.652,16.4,11.1,31.1,24,57.4,2026
1782,Al-Nahrain University,Iraq,"8,087",4.7,0%,57:43:00,22.6375,29.7,8.9,28.8,21,24.2,2026
1783,Catholic University of Brasília,Brazil,"7,990",20.7,0%,54:46:00,22.6325,25.5,25.3,13.6,22.2,37.4,2026
1784,Technical University of Liberec,Czechia,"5,565",11.3,10%,53:47:00,22.6215,22.2,16.9,20.3,37.6,47.7,2026
1785,University of Pardubice,Czechia,"7,339",15.3,9%,55:45:00,22.61,19.7,18.6,22.8,37.8,40.7,2026
1786,National Changhua University of Education,Taiwan,"9,029",25.2,9%,49:51:00,22.593,21.6,20.7,20.4,47.7,29.2,2026
1787,University of Miyazaki,Japan,"5,444",7.8,2%,37 : 63,22.543,27,12.6,23.2,49.6,26.4,2026
1788,Nile University,Egypt,"3,826",18.5,1%,37 : 63,22.512,15.2,12.9,34.6,38.8,31.4,2026
1789,Damghan University,Iran,"4,893",15.9,1%,62:38:00,22.498,18,10.8,36.2,19.9,32,2026
1790,Metropolitan Autonomous University,Mexico,"61,622",44.5,1%,50:50:00,22.4845,21.1,24.4,19.6,30.1,28,2026
1791,Baku State University,Azerbaijan,"19,165",12.1,5%,60:40:00,22.4135,30.1,10.1,21.2,21,45.4,2026
1792,University of West Attica,Greece,"59,127",44.1,2%,43:57:00,22.397,10.2,11.6,43.1,30.1,25.2,2026
1793,Universidade Federal de Ciências da Saúde de Porto Alegre (UFCSPA),Brazil,"4,652",13,2%,70:30:00,22.3815,23.2,13.1,27.5,30.4,30.3,2026
1794,REVA University,India,"15,628",17.4,2%,37 : 63,22.3675,16.9,8.5,41.3,19.3,23.4,2026
1795,Konya Technical University,Turkey,"10,365",22.2,5%,29 : 71,22.356,19.4,9.4,37.8,17.3,25,2026
1796,Altai State University,Russian Federation,"9,271",18.5,27%,56:44:00,22.3405,23,16.4,17.1,25.3,62.1,2026
1797,Kazan State Medical University,Russian Federation,"5,835",12.2,36%,54:46:00,22.3365,39.5,11.9,10.1,20.7,45,2026
1798,Grand Valley State University,United States,"18,621",13.9,3%,62:38:00,22.3075,21.2,9.4,31.6,28.5,36.1,2026
1799,Atılım University,Turkey,"9,249",22.2,12%,46:54:00,22.279,16,11.5,32.6,24.1,46.4,2026
1800,Shahed University,Iran,"6,402",15.1,0%,47:53:00,22.275,26,13.1,26.6,32.4,20.4,2026
1801,Universidade Estadual do Norte Fluminense Darcy Ribeiro,Brazil,"6,353",19.4,0%,62:38:00,22.223,29.8,11.9,21.6,21.9,35,2026
1802,Al-Quds University,Palestine,"10,065",10.9,33%,77:23:00,22.2195,22.9,11,17.8,21.1,81.2,2026
1803,Taras Shevchenko National University of Kyiv,Ukraine,"25,696",11.2,5%,56:44:00,22.199,25.7,15.4,22.4,28.6,30.5,2026
1804,"State University ""Kyiv Aviation Institute""",Ukraine,"15,407",10.5,4%,40 : 60,22.154,22.3,9,34.8,17.2,24.5,2026
1805,Universidade Estadual de Maringá,Brazil,"17,887",11.4,0%,56:44:00,22.1085,31.8,14.2,19.2,26.8,23.7,2026
1806,Universitas Pendidikan Indonesia,Indonesia,"37,007",16.9,2%,56:44:00,22.0575,20.3,11.9,32.2,20.7,28.4,2026
1807,Pázmány Péter Catholic University,Hungary,"6,452",15.9,6%,,21.9585,23,11.7,27.1,23.2,36.3,2026
1808,Universidad Católica del Maule,Chile,"12,490",20.4,1%,53:47:00,21.9385,16.1,15.8,26,17.8,54.6,2026
1809,Kenyatta University,Kenya,"55,018",27.6,5%,58:42:00,21.9085,14.3,9.1,34.2,17.4,54.6,2026
1810,University of Oradea,Romania,"18,847",19,5%,60:40:00,21.87,16.5,13.3,31.7,18.7,38.5,2026
1811,Shanxi Medical University,China,"26,728",8,2%,66:34:00,21.869,24.2,11.6,29.8,23.9,19.6,2026
1812,Sinop University,Turkey,"8,888",28.3,1%,56:44:00,21.8685,9.9,12.5,40.8,18.2,31.4,2026
1813,Bharati Vidyapeeth University,India,"10,893",7.6,0%,52:48:00,21.8565,27.1,11.1,25.1,39.2,20.6,2026
1814,Shimane University,Japan,"6,056",8.4,3%,41:59:00,21.814,26,13,21.5,41.1,30.4,2026
1815,Ondokuz Mayis University,Turkey,"37,153",18.3,15%,40 : 60,21.8065,19.7,11.3,29.6,26.2,37.2,2026
1816,Van Yüzüncü Yil University,Turkey,"21,117",16.7,3%,48:52:00,21.806,22,19.5,22.4,30.4,23,2026
1817,Ankara Yildirim Beyazit University,Turkey,"24,127",22.3,10%,55:45:00,21.8035,20.1,13.1,29.5,22.5,31,2026
1818,East West University,Bangladesh,"12,156",26.8,0%,51:49:00,21.7655,11.2,9.3,41.7,17.8,33.9,2026
1819,Sofia University,Bulgaria,"21,579",7.4,8%,65:35:00,21.7595,27.1,12.3,21.7,24.7,36,2026
1820,R V College of Engineering,India,"6,140",17.8,0%,27 : 73,21.753,28.9,10.9,25.2,30.6,17.1,2026
1821,Shizuoka University,Japan,"9,821",14.9,3%,30 : 70,21.6645,20.9,16.5,18.5,66.1,33.6,2026
1822,De La Salle University,Philippines,"22,790",18.5,2%,51:49:00,21.619,18.3,12.6,31.4,24.1,29.1,2026
1823,El Bosque University,Colombia,"15,881",7.6,2%,60:40:00,21.5975,23.6,9,27.1,17.7,42.5,2026
1824,Muroran Institute of Technology,Japan,"3,287",19.1,5%,0.602083333,21.597,20.2,10.4,24.8,47.8,43.6,2026
1825,Lobachevsky State University of Nizhni Novgorod,Russian Federation,"20,444",10.5,13%,51:49:00,21.553,31.5,13.9,13.8,35.3,35.7,2026
1826,Ferhat Abbas Sétif University 1,Algeria,"40,578",25.2,0%,63:37:00,21.5395,15.3,8.5,36,20.9,39,2026
1827,Al-Muthanna University,Iraq,"10,814",11.8,0%,63:37:00,21.5035,20.2,8.5,32.2,16.3,36.9,2026
1828,Polytechnic University of Timişoara,Romania,"12,676",18.1,4%,38 : 62,21.4955,18,9.8,33.6,36.4,24.1,2026
1828,Londrina State University,Brazil,"20,259",9.9,1%,58:42:00,21.4955,30.4,12.1,20,26.9,25.9,2026
1830,Teikyo University,Japan,"22,761",20.7,6%,36 : 64,21.4645,16.2,14,29.6,41.7,27.7,2026
1831,University of Lucknow,India,"16,650",22.3,3%,51:49:00,21.3705,29.5,10,23.2,19.2,27.2,2026
1832,University of Rzeszów,Poland,"13,491",12.1,3%,67:33:00,21.3695,22.7,14,25.3,22.7,28.2,2026
1833,Lagos State University,Nigeria,"50,785",46,0%,51:49:00,21.368,17.1,10.5,30.1,20.9,45.5,2026
1834,St Petersburg Electrotechnical University (LETI),Russian Federation,"9,024",14.2,19%,31 : 69,21.3675,22.2,15.2,19.7,39.2,39.1,2026
1835,University of Miskolc,Hungary,"9,107",17.7,9%,51:49:00,21.346,23.8,14.7,21.2,24.3,36.4,2026
1836,Vietnam National University (Ho Chi Minh City),Vietnam,"95,620",23.5,0%,46:54:00,21.3415,14.6,12,31.6,39.8,33.1,2026
1837,University of Rwanda,Rwanda,"30,597",22.5,3%,38 : 62,21.317,14.1,14.9,25.6,21.1,57.5,2026
1838,Széchenyi István University,Hungary,"12,060",16.1,6%,44:56:00,21.313,18.9,13.1,27.8,27.9,33.1,2026
1839,Hasanuddin University,Indonesia,"37,300",14.8,1%,61:39:00,21.3015,21.6,11.5,28,31.3,25.9,2026
1840,University of Karachi,Pakistan,"47,940",39.8,0%,62:38:00,21.2985,16.2,11.1,28.8,28.2,47.1,2026
1841,Universidad Católica de la Santísima Concepción,Chile,"9,954",23.7,1%,56:44:00,21.276,11.7,18.2,26.9,17.6,50.3,2026
1842,Kochi University,Japan,"5,441",8.6,1%,44:56:00,21.268,24.2,12.9,21.4,46.7,28,2026
1843,Bialystok University of Technology,Poland,"6,335",11,5%,34 : 66,21.2565,23.5,14,23.5,28.6,27.6,2026
1844,State University of Ponta Grossa,Brazil,"8,076",8.9,1%,46:54:00,21.2405,26.2,19,16.9,20.6,28.1,2026
1845,Pavlov First Saint Petersburg State Medical University,Russian Federation,"5,569",9,12%,74:26:00,21.2305,31.7,12.8,15.2,32.8,30.6,2026
1846,Samara State Medical University,Russian Federation,"8,007",9.3,12%,59:41:00,21.227,42.8,10.7,6,33.2,31.6,2026
1847,Universidad Nacional de Asunción,Paraguay,"52,870",8.9,1%,56:44:00,21.218,22.4,9.6,24.9,20.4,47.2,2026
1848,University of Sri Jayewardenepura,Sri Lanka,"20,006",25.3,0%,63:37:00,21.2175,12.6,9.5,37.4,18.2,37.3,2026
1849,Lviv Polytechnic National University,Ukraine,"25,087",12.8,1%,45:55:00,21.216,20.2,12,29.3,23.3,27.4,2026
1850,Akita University,Japan,"5,042",10.6,4%,36 : 64,21.197,26.3,13.6,18.7,43.3,28.7,2026
1851,University of Szczecin,Poland,"9,446",9.8,6%,68:32:00,21.1785,23.5,10,27.8,17.4,30.8,2026
1852,GITAM University,India,"27,238",13.2,2%,38 : 62,21.1255,21.7,10.5,29.3,21.6,27,2026
1853,University of Fukui,Japan,"4,833",7.8,3%,30 : 70,21.1035,27.7,12.4,18.7,42.9,26.8,2026
1854,Tomsk State University of Control Systems and Radioelectronics,Russian Federation,"6,402",12.2,16%,26 : 74,21.085,22.9,16.9,15,52.9,37.5,2026
1855,Adelphi University,United States,"6,884",11.7,7%,70:30:00,21.0825,25.5,7.9,26.2,18.1,35.8,2026
1856,"Federal University of Technology, Owerri",Nigeria,"24,469",18.5,0%,32 : 68,21.0645,25.2,8.3,23.7,26.9,40.5,2026
1857,Antonio Nariño University,Colombia,"13,578",12.7,2%,58:42:00,21.0515,18.4,8.3,28.9,17.1,51.5,2026
1858,Naresuan University,Thailand,"26,692",17.8,1%,68:32:00,21.042,23.6,13,20.6,47,30,2026
1859,North Khorasan University of Medical Sciences,Iran,"2,221",9.5,0%,56:44:00,21.007,24.7,11.2,25.4,17.5,28.7,2026
1860,Saints Cyril and Methodius University in Skopje,North Macedonia,"26,028",12.2,0%,57:43:00,21.0005,21.3,10.2,23.9,32.6,43.8,2026
1861,Bilecik Şeyh Edebali University,Turkey,"12,222",16.7,19%,47:53:00,20.987,16.3,10.2,31.7,21.7,37.9,2026
1862,Kochi University of Technology,Japan,"2,510",19.2,2%,24 : 76,20.9335,20,14.5,18.7,51.9,41.9,2026
1863,Escuela Politécnica Nacional,Ecuador,"7,569",14.2,2%,30 : 70,20.9075,18.7,9.8,26.7,24.6,47.4,2026
1864,University of Diyala,Iraq,"26,009",13.8,0%,56:44:00,20.898,18.9,8.4,33.9,17.1,27.1,2026
1865,Silpakorn University,Thailand,"29,673",21.9,2%,68:32:00,20.853,21.4,15.6,19.6,46.4,30.4,2026
1866,Federal University of Pará,Brazil,"49,025",18.1,0%,55:45:00,20.8385,25.2,12.9,21.8,28.4,26.5,2026
1867,Polytechnic University of Bucharest,Romania,"37,048",22.3,1%,41:59:00,20.7425,18.7,9.7,30.5,39.2,22.6,2026
1868,University of Passo Fundo (UPF),Brazil,"6,729",15.2,0%,56:44:00,20.7185,20.8,12,27.5,19,27.9,2026
1869,Université Kasdi Merbah Ouargla,Algeria,"27,341",20,0%,60:40:00,20.714,28.2,10.2,21,17.3,32.6,2026
1870,Federal Rural University of Pernambuco,Brazil,"14,329",12.6,0%,53:47:00,20.704,30.4,10.3,19.8,24.1,24.6,2026
1871,Kharkiv National University of Radio Electronics,Ukraine,"7,129",11.6,6%,30 : 70,20.7025,20.8,9,30,18.6,29.5,2026
1872,Samara National Research University (Samara University),Russian Federation,"9,427",10.4,10%,46:54:00,20.6815,27.1,14.1,16.2,34.2,31.6,2026
1873,Sivas Cumhuriyet University,Turkey,"34,861",24.9,11%,53:47:00,20.657,14.9,9.9,33.4,19.2,34.7,2026
1874,Université 8 Mai 1945 Guelma,Algeria,"16,676",16.1,1%,70:30:00,20.6405,18.7,8.6,30.6,19.5,35.6,2026
1875,Grigore T. Popa University of Medicine and Pharmacy,Romania,"10,110",10.5,28%,68:32:00,20.6125,23.8,10.7,21.5,23.9,41.1,2026
1876,M S Ramaiah University of Applied Sciences (RUAS),India,"9,031",12.1,0%,56:44:00,20.5515,21.8,9,31,20.2,18.7,2026
1877,Erzincan Binali Yıldırım University,Turkey,"24,090",20.4,4%,48:52:00,20.548,13,9.1,38.1,18.1,25.6,2026
1878,Sikkim Manipal University,India,"4,411",13.2,2%,42:58:00,20.529,20.8,9.6,29.6,22.1,24.6,2026
1879,Niğde Ömer Halisdemir University,Turkey,"13,328",16.3,9%,56:44:00,20.5215,17.2,10.3,31,20.7,31.1,2026
1880,Belarusian State University,Belarus,"23,445",8.3,22%,58:42:00,20.5105,24.7,11.1,10.9,45,65.8,2026
1881,Universitas Sumatera Utara,Indonesia,"40,855",18.1,2%,55:45:00,20.4835,17.8,11.3,27.6,21.2,37.7,2026
1882,National Taipei University,Taiwan,"8,630",15.6,6%,54:46:00,20.4655,19.4,15.4,19.5,51.6,31.5,2026
1883,Universidade do Estado de Santa Catarina,Brazil,"11,738",11.5,1%,55:45:00,20.463,31.5,11.8,16.2,27.4,23.9,2026
1884,University of Science and Technology of Oran Mohamed-Boudiaf,Algeria,"19,249",10.3,1%,52:48:00,20.4415,38.6,8.4,11.1,22.4,31.9,2026
1885,Misr University for Science and Technology,Egypt,"26,246",16.1,4%,50:50:00,20.418,15.6,8.8,31.5,18.1,41.2,2026
1886,Sakarya University of Applied Sciences,Turkey,"11,118",30.2,26%,31 : 69,20.412,13.2,9.8,32.7,16.4,42.8,2026
1887,Universidade Federal de Sergipe,Brazil,"24,819",14.7,0%,54:46:00,20.408,20.1,10.6,27.5,22.8,29.9,2026
1888,Oita University,Japan,"5,240",8.3,1%,37 : 63,20.38,26.5,12.1,19.7,34.9,23.3,2026
1889,University of Medellín,Colombia,"7,158",16.8,2%,53:47:00,20.3135,18,11.4,24.8,23,44.5,2026
1890,University of Mataram,Indonesia,"30,131",22.1,0%,62:38:00,20.2935,11.8,8.4,39,17.6,26.3,2026
1891,University of Namibia,Namibia,"25,403",18.7,3%,63:37:00,20.2855,14.5,9,27.2,17.7,60.4,2026
1892,Mustansiriyah University,Iraq,"32,844",8.5,1%,55:45:00,20.2465,26.8,9.8,19.8,23.9,34.7,2026
1893,Bolu Abant Izzet Baysal University,Turkey,"26,718",24.9,16%,56:44:00,20.2275,17.1,9.7,29.2,19,38,2026
1894,Alberto Hurtado University,Chile,"7,276",22,2%,58:42:00,20.1725,15.8,16.6,24.1,16,37.7,2026
1895,Universitas Andalas,Indonesia,"34,409",17.7,2%,60:40:00,20.1665,17.8,11.9,22.6,37.8,42.3,2026
1896,Mapúa University,Philippines,"9,032",24.1,2%,33 : 67,20.1595,13.7,14.8,30.5,23.4,23.2,2026
1897,University of Sarajevo,Bosnia and Herzegovina,"21,375",13,3%,,20.1415,21.2,11.5,23.4,33,29.5,2026
1898,"Soochow University, Taiwan",Taiwan,"15,287",35.9,3%,59:41:00,20.1405,14.6,18,23,27.4,34.9,2026
1899,Technical University of Sofia,Bulgaria,"10,396",10.5,8%,29 : 71,20.081,22.9,11.5,22.1,37.7,24.7,2026
1900,Universiti Kuala Lumpur,Malaysia,"17,749",12.8,3%,44:56:00,20.0405,20.6,9.6,23.6,28.8,39.3,2026
1901,The University of Danang,Vietnam,"60,839",36,1%,58:42:00,19.9895,10.4,9.4,32,24.7,48.1,2026
1902,University of Dar es Salaam,Tanzania,"38,201",20.9,0%,48:52:00,19.8625,14.5,11.1,26.5,21.9,47.2,2026
1903,University of Valparaíso,Chile,"16,514",17.9,3%,58:42:00,19.861,16.9,13.1,22.5,20.6,46.7,2026
1904,National Chi Nan University,Taiwan,"6,145",16.5,10%,52:48:00,19.8055,19.8,16,13.9,66.8,33.1,2026
1905,University of Phayao,Thailand,"21,363",21.8,0%,67:33:00,19.798,13.7,10.7,33.5,19.9,24.1,2026
1906,University of Shizuoka,Japan,"3,252",12,3%,61:39:00,19.6845,23.4,12.5,16.3,59.6,25.1,2026
1907,Kirikkale University,Turkey,"25,261",40.3,1%,51:49:00,19.684,17,19.6,20.1,36,20.2,2026
1908,V.N. Karazin Kharkiv National University,Ukraine,"17,491",8.3,27%,51:49:00,19.6645,26.8,11.2,12.1,35.2,46.3,2026
1909,University of Birjand,Iran,"12,169",33.9,4%,59:41:00,19.6545,15.6,13.7,27.2,20.3,28.1,2026
1910,University of Montenegro,Montenegro,"15,557",21.1,2%,61:39:00,19.6475,14,12.1,24.3,27.4,48.3,2026
1911,PSG College of Technology,India,"7,957",14,0%,37 : 63,19.602,21.5,9.8,25.1,37.5,18.5,2026
1912,Adıyaman University,Turkey,"18,054",21.3,3%,33 : 67,19.586,13,10.1,33.5,16.8,28,2026
1913,Kwansei Gakuin University,Japan,"25,457",20.7,4%,50:50:00,19.529,23.2,10.4,18.9,30.6,37,2026
1914,Burdur Mehmet Akif Ersoy University,Turkey,"25,140",24.8,3%,54:46:00,19.4895,12.6,9.6,34.9,18.9,23.5,2026
1915,National Pingtung University of Science and Technology,Taiwan,"10,630",18.3,5%,44:56:00,19.489,16.4,14.3,20.7,49.6,30.8,2026
1916,AIIMS Rishikesh,India,"2,002",1.9,3%,37 : 63,19.45,29,11.2,17.2,22.8,21,2026
1917,Çankırı Karatekin University,Turkey,"12,279",21.9,12%,55:45:00,19.4445,14.4,18,23,17.1,31.9,2026
1918,University of Los Lagos,Chile,"6,923",19,0%,62:38:00,19.4375,15.6,14.6,21,16.6,48.5,2026
1919,Latvia University of Life Sciences and Technologies,Latvia,"3,998",14.1,8%,49:51:00,19.4345,21.7,15.8,17.9,24.9,27.8,2026
1920,Bursa Uludağ University,Turkey,"48,233",20.3,13%,67:33:00,19.4315,19.3,10.2,23.4,26.5,36,2026
1921,Ming Chuan University,Taiwan,"17,030",21.6,12%,59:41:00,19.403,14.1,13.6,22.7,42.3,37.3,2026
1922,NED University of Engineering and Technology,Pakistan,"12,523",22.6,0%,41:59:00,19.4015,13.4,12.5,22.9,26.9,51.7,2026
1923,Atma Jaya Catholic University of Indonesia,Indonesia,"7,908",17.6,7%,46:54:00,19.389,18,12.7,19.5,22.9,48.4,2026
1924,Georgian Technical University,Georgia,"17,297",13.8,3%,24 : 76,19.3635,29.8,9,14.5,17,39.1,2026
1925,Matej Bel University,Slovakia,"6,194",14.8,12%,65:35:00,19.29,18.9,14.2,18,21.1,44.7,2026
1926,Sri Ramachandra Institute of Higher Education and Research,India,"8,949",13.5,5%,61:39:00,19.2775,25.4,12.6,16.3,25.7,29.5,2026
1927,University of San Martín de Porres,Peru,"38,029",17.2,1%,65:35:00,19.2435,15.7,8.9,28.5,18.4,36.6,2026
1928,Mendeleev University of Chemical Technology,Russian Federation,"8,593",12.6,8%,51:49:00,19.1635,22.7,17.2,13.1,39.6,26.2,2026
1929,Universitas Muhammadiyah Yogyakarta,Indonesia,"23,551",28.1,2%,48:52:00,19.136,12.4,11.9,25.4,18.3,49,2026
1930,Sophia University,Japan,"13,016",12.2,12%,60:40:00,19.1205,22.5,11.1,13.9,33.6,50,2026
1931,National Chiayi University,Taiwan,"11,582",23.8,3%,48:52:00,19.118,15.1,14.3,21.2,60.6,23.1,2026
1932,Universidad Autónoma de Querétaro,Mexico,"24,995",42.8,1%,58:42:00,19.108,22.7,11.3,19.4,29.8,28.3,2026
1933,University of Taipei,Taiwan,"7,717",16.7,2%,61:39:00,19.068,17.5,19.1,16.1,27.1,32.7,2026
1934,State University of Santa Cruz,Brazil,"7,689",9.3,2%,56:44:00,19.028,26.1,10.1,16.4,19.3,36.1,2026
1935,Universidad San Ignacio de Loyola,Peru,"24,365",29.6,1%,48:52:00,19.0245,12,10.1,29.4,16.7,40.9,2026
1936,University of Mascara,Algeria,"22,010",22.2,0%,63:37:00,19.0015,15.7,8,27.1,17,43.2,2026
1937,University of Craiova,Romania,"16,584",17,4%,52:48:00,18.997,16.2,11.5,26.6,24.2,25.8,2026
1938,Jianghan University,China,"22,607",14.4,1%,56:44:00,18.9925,17.1,9.8,28.3,27.9,20,2026
1939,Belgorod State National Research University,Russian Federation,"17,325",21.2,22%,57:43:00,18.958,21.8,16.4,11.1,34.9,40.6,2026
1940,Pontifical Catholic University of Argentina,Argentina,"18,296",4.2,10%,55:45:00,18.9435,24.5,8.2,17.2,16.7,46.8,2026
1941,KLE Academy of Higher Education and Research,India,"7,175",8.5,1%,58:42:00,18.923,25,11.2,15.5,32,31.6,2026
1942,Tokyo University of Agriculture,Japan,"13,209",33.6,2%,44:56:00,18.9205,19.9,9.8,22.8,34.7,26.4,2026
1943,Kocaeli University,Turkey,"43,687",28.6,5%,47:53:00,18.918,14.1,10.4,28.6,30.5,25.9,2026
1944,Adana Alparslan Türkeş Science and Technology University,Turkey,"4,769",19.2,0%,43:57:00,18.913,13.7,10.4,31.5,17.2,22.9,2026
1945,Mahasarakham University,Thailand,"39,291",33.6,3%,61:39:00,18.886,19.9,9.3,24.5,18.9,29.5,2026
1946,Afyonkarahisar Health Sciences University,Turkey,"4,545",12,3%,66:34:00,18.8745,29.8,11.8,13.1,24.6,23.3,2026
1947,Centro Federal de Educação Tecnológica Celso Suckow da Fonseca (CEFET-RJ),Brazil,"19,873",22.2,0%,36 : 64,18.858,15.5,10.1,26.3,18.6,36.3,2026
1948,Jean Moulin University – Lyon 3,France,"27,662",38.2,21%,66:34:00,18.852,15,13.7,16,29.6,59.6,2026
1949,Mersin University,Turkey,"27,928",27.8,7%,50:50:00,18.845,17.2,10.6,25.3,23.3,29,2026
1950,Muş Alparslan University,Turkey,"8,262",28.3,0%,52:48:00,18.8315,12.1,11,32.6,16.8,21.6,2026
1951,Presidency University,India,"17,979",18,0%,34 : 66,18.7885,17.1,7.6,31.1,18.5,19.6,2026
1952,Don State Technical University,Russian Federation,"26,083",13.9,12%,54:46:00,18.7465,20.9,10.3,21,24.6,30.8,2026
1953,Universidad Pontificia Bolivariana (UPB),Colombia,"9,763",11,3%,57:43:00,18.7465,25.5,12,12.3,36.1,34.8,2026
1954,Ionian University,Greece,"9,707",24.9,3%,53:47:00,18.7395,16.3,11.6,26,23.8,24.2,2026
1955,Universitas Negeri Jakarta,Indonesia,"27,808",28.4,0%,64:36:00,18.692,21.2,11.2,23.2,16,21.2,2026
1956,Tikrit University,Iraq,"33,551",11,0%,41:59:00,18.6805,30.4,9.4,15.6,16.6,21.9,2026
1957,National University of Córdoba,Argentina,"1,68,371",15.8,1%,65:35:00,18.6535,18.9,10.4,21.2,21.3,38,2026
1958,Gheorghe Asachi Technical University of Iaşi,Romania,"13,126",22.4,13%,30 : 70,18.653,18.2,10.2,21.5,33.9,33.6,2026
1959,Gdynia Maritime University,Poland,"3,279",10.2,3%,29 : 71,18.646,23.4,11.5,15.5,54.2,21.2,2026
1960,Thiagarajar College of Engineering,India,"4,835",16,0%,40 : 60,18.642,19.6,9,26.7,20,19.2,2026
1961,Eskişehir Technical University,Turkey,"11,805",16,3%,43:57:00,18.576,20.7,9.8,23.1,23,23.7,2026
1962,Azerbaijan State Oil and Industry University,Azerbaijan,"12,831",10.3,6%,38 : 62,18.5745,25,8.1,15.7,19.7,44.7,2026
1963,"Federal University of Agriculture, Abeokuta",Nigeria,"21,219",37,0%,39 : 61,18.5175,17.7,8.8,24.3,21.1,34.8,2026
1964,Afyon Kocatepe University,Turkey,"22,390",31.1,6%,50:50:00,18.517,16.5,9.8,26.4,22.5,26.5,2026
1965,Mindanao State University – Iligan Institute of Technology,Philippines,"12,388",18,0%,59:41:00,18.5135,18.4,9.1,22.7,17.6,39.1,2026
1966,Zonguldak Bülent Ecevit University,Turkey,"18,524",19.2,10%,53:47:00,18.513,14.9,11,26.5,19.5,29.3,2026
1967,Irkutsk National Research Technical University,Russian Federation,"9,686",10.1,13%,37 : 63,18.501,23,10.2,16.7,29.2,34.4,2026
1968,University of Hyogo,Japan,"6,551",12.5,3%,40 : 60,18.4985,21.8,13.3,13.1,59.2,25.5,2026
1968,Universitas Muhammadiyah Malang,Indonesia,"31,158",37,0%,52:48:00,18.4985,11.6,9.6,31.4,16.5,29.5,2026
1970,University of Biskra,Algeria,"28,193",17.5,0%,63:37:00,18.4915,18.2,8.3,23.6,18.7,38.5,2026
1971,Universitas Negeri Surabaya,Indonesia,"37,684",29.7,1%,65:35:00,18.474,13.8,10.6,25.7,21.1,37,2026
1972,Islamic Science University of Malaysia (USIM),Malaysia,"13,123",17.6,6%,64:36:00,18.4715,22.1,9.4,18.5,16.9,40,2026
1973,Islamic University of Indonesia,Indonesia,"26,457",31.6,3%,45:55:00,18.462,14.6,11.7,24.9,17.8,34.4,2026
1974,İzmir Kâtip Çelebi University,Turkey,"19,291",16.5,4%,52:48:00,18.427,16.5,10.4,25.1,18.9,30.1,2026
1975,National Ilan University,Taiwan,"5,592",23.2,2%,36 : 64,18.4,14.3,14.1,19.5,47,31.5,2026
1976,Srinakharinwirot University,Thailand,"29,327",19,2%,67:33:00,18.396,23.3,10.5,19.5,20.5,24.1,2026
1977,Central University of Venezuela,Venezuela,"27,604",7.8,1%,54:46:00,18.2915,24.2,8.6,14.1,19.4,48.7,2026
1978,University of Thi-Qar,Iraq,"19,964",12.5,0%,63:37:00,18.288,20,8.9,23.3,16.8,28.6,2026
1979,Ekiti State University,Nigeria,"13,983",25.6,,63:37:00,18.284,24.2,10.1,17.3,16.4,31.6,2026
1980,Rzeszów University of Technology,Poland,"10,790",12,1%,44:56:00,18.276,20.1,8.3,23.4,24.8,25.7,2026
1981,East China University of Technology,China,"26,036",15.6,0%,35 : 65,18.2635,15.6,10,26.1,37.1,19.3,2026
1982,EAFIT University,Colombia,"12,722",19,2%,43:57:00,18.2115,17.4,11.1,18.4,21.3,46.5,2026
1983,Çanakkale Onsekiz Mart University,Turkey,"46,824",23.6,5%,52:48:00,18.171,14.3,18.6,19.5,21.4,24.7,2026
1984,University of Port Harcourt,Nigeria,"42,613",30.1,0%,56:44:00,18.147,20.6,8.8,19.5,21.2,37.6,2026
1985,Temuco Catholic University,Chile,"10,711",10.1,0%,61:39:00,18.1365,21.6,11,14.8,18.8,45.1,2026
1986,University of Caxias do Sul,Brazil,"13,482",29.8,0%,54:46:00,18.1105,18.5,9.2,24.3,23.5,23.4,2026
1987,Dicle University,Turkey,"42,576",21.4,6%,46:54:00,18.0655,23.9,9.6,18.2,22.4,25,2026
1988,Perm National Research Polytechnic University,Russian Federation,"10,691",13.2,6%,46:54:00,18.0575,21.1,16,10.6,51.2,26.2,2026
1989,Université Cheikh Anta Diop de Dakar (UCAD),Senegal,"92,109",62.2,5%,45:55:00,18.0325,16.3,10.7,17.5,23.9,52.2,2026
1990,University of Abou Bekr Belkaïd Tlemcen,Algeria,"40,061",15.7,1%,60:40:00,17.993,27.3,8.2,13.7,20.1,35.3,2026
1991,Başkent University,Turkey,"14,593",13.7,3%,59:41:00,17.9745,20.8,11.8,19,24.6,23.1,2026
1992,Universidad del Valle,Colombia,"33,529",8.1,1%,50:50:00,17.973,24.9,9.4,13.5,21.1,40.1,2026
1993,Pontificia Universidad Católica del Ecuador,Ecuador,"29,406",19.4,2%,56:44:00,17.942,14.1,9.3,21.4,16.7,53.3,2026
1994,Kırşehir Ahi Evran University,Turkey,"13,682",23.7,16%,53:47:00,17.936,14,11.1,23.8,21.3,34.6,2026
1995,Universidad Panamericana (UP),Mexico,"17,141",7.6,2%,51:49:00,17.935,24.5,9.2,12.5,19.3,46.9,2026
1996,Dr. M.G.R. Educational and Research Institute,India,"31,849",12.8,0%,35 : 65,17.9305,18.6,8.6,25.3,16.8,22.5,2026
1997,Bozok University,Turkey,"15,781",18.8,9%,51:49:00,17.8935,13.6,10,26.7,17.1,30.5,2026
1998,Üsküdar University,Turkey,"17,011",28.5,21%,62:38:00,17.88,13.3,9,23.6,19.1,46.7,2026
1999,Yerevan State University,Armenia,"14,333",7.2,3%,53:47:00,17.864,25.4,9.1,12.4,22.3,41.6,2026
2000,National Technical University Kharkiv Polytechnic Institute,Ukraine,"11,572",8.5,13%,28 : 72,17.848,24.5,9.2,15.7,19,33.1,2026
2001,Ordu University,Turkey,"11,821",17.5,1%,56:44:00,17.775,14.2,10.7,27.8,17.2,19.4,2026
2002,Kharkiv Aviation Institute,Ukraine,"4,827",12.6,12%,0.643055556,17.7735,21.3,10.7,17.4,18.8,32.2,2026
2003,National University of Cuyo,Argentina,"37,486",17.2,3%,62:38:00,17.7545,17,10.3,19.3,23.5,40.3,2026
2004,Dumlupinar University,Turkey,"51,517",59.1,20%,26 : 74,17.7125,11.5,10.6,25.1,19.4,39.2,2026
2005,Kazakh National Agrarian Research University,Kazakhstan,"6,042",11.3,6%,50:50:00,17.6975,23.7,8.3,15.9,16.6,38.2,2026
2006,University of Kelaniya,Sri Lanka,"19,766",17.2,3%,66:34:00,17.6965,17,8.4,23.2,19.7,33.3,2026
2007,Petersburg State Transport University,Russian Federation,"9,137",22.2,18%,28 : 72,17.6255,16.6,11.4,15,49,39.5,2026
2008,Universidade Estadual de Feira de Santana (UEFS),Brazil,"10,209",11.2,0%,54:46:00,17.6035,21.4,9.8,18.7,17.9,28.3,2026
2009,Uşak University,Turkey,"18,671",26.4,9%,51:49:00,17.5975,12.5,10.9,25.8,17.1,31,2026
2010,Mackenzie Presbyterian University,Brazil,"27,073",28.3,0%,48:52:00,17.59,20.9,12.6,14.8,27.2,29.9,2026
2011,Tokyo City University,Japan,"7,789",28.2,2%,26 : 74,17.59,17.9,12,15.7,47.3,29.7,2026
2012,Novosibirsk State Technical University,Russian Federation,"14,178",16.5,20%,37 : 63,17.525,18.1,12.9,14.3,32.8,37.9,2026
2013,Giresun University,Turkey,"26,576",25.5,6%,50:50:00,17.5175,12.2,9.2,29.3,16.7,23.9,2026
2014,Larbi Tebessi University,Algeria,"14,303",15.4,0%,65:35:00,17.5065,18.6,9.1,21.3,17.2,30.7,2026
2015,National University of Kaohsiung,Taiwan,"6,145",26.7,4%,41:59:00,17.506,13.1,19.5,13.3,37.1,33.5,2026
2016,Jan Evangelista Purkyně University,Czechia,"8,393",18,5%,64:36:00,17.475,17.1,13.2,15.4,21,41.9,2026
2017,University of Prishtina,Kosovo,"25,093",27,2%,68:32:00,17.4715,13.5,12.6,20,20.5,40.2,2026
2018,University of Béjaïa,Algeria,"40,158",22,1%,60:40:00,17.421,17.4,8.7,19,19.5,43.8,2026
2019,University of Laghouat,Algeria,"25,934",22.6,0%,48:52:00,17.4125,17.4,8.2,20.5,17.1,40.9,2026
2020,Hitit University,Turkey,"11,234",24.8,10%,40 : 60,17.3965,22.7,10.7,15.7,17.8,29,2026
2021,Instituto Politécnico Nacional (IPN),Mexico,"1,39,234",12.7,0%,44:56:00,17.382,21.9,10.7,16.2,25.4,25.9,2026
2022,North-Caucasus Federal University,Russian Federation,"18,686",7.7,9%,45:55:00,17.3795,28.1,8.7,11.3,19.8,31.8,2026
2023,Oran 1 University,Algeria,"23,895",18.8,1%,66:34:00,17.3265,26.2,8.8,11.5,19.2,37.7,2026
2024,Benemérita Universidad Autónoma de Puebla,Mexico,"84,699",24,1%,53:47:00,17.3135,23.3,9.8,13.5,21.2,36,2026
2025,Vasyl Stefanyk Carpathian National University,Ukraine,"14,265",17.3,0%,67:33:00,17.3045,16.2,10.1,24,16.6,23.1,2026
2026,Aksaray University,Turkey,"16,810",16.4,10%,56:44:00,17.1885,14.8,9.3,24.1,18.2,28.9,2026
2027,Chubu University,Japan,"9,261",17.5,1%,28 : 72,17.1875,17.2,11.5,15,38.9,36.3,2026
2028,University of Cuenca,Ecuador,"16,641",19.9,1%,58:42:00,17.182,13.9,10.9,16.8,35.2,46.3,2026
2029,National Technical University of Ukraine – Igor Sikorsky Kyiv Polytechnic Institute,Ukraine,"23,940",11.1,2%,0.970833333,17.1035,21.6,10.6,16.7,24,22.5,2026
2030,Mugla Sitki Kocman University,Turkey,"29,793",31,3%,49:51:00,17.094,15.6,11.4,21.1,21.9,26.4,2026
2031,North-Eastern Federal University,Russian Federation,"12,430",13.4,6%,53:47:00,17.0845,24.3,11.6,12.9,16.8,26.8,2026
2032,Universidad Científica del Sur,Peru,"20,474",10,1%,66:34:00,17.058,21.4,9.2,14.4,16.3,41.4,2026
2033,Manisa Celal Bayar University,Turkey,"28,623",23,2%,50:50:00,17.0455,14.7,10,24.1,20.6,23.4,2026
2034,Bursa Technical University,Turkey,"11,418",21,13%,47:53:00,17.0245,13.6,8.7,23.3,22.8,34.5,2026
2035,Jan Kochanowski University in Kielce,Poland,"9,998",11.6,4%,60:40:00,17.0065,20.1,11.3,16.4,19.5,28,2026
2036,National University of Mongolia,Mongolia,"15,781",18.4,7%,62:38:00,17.001,15.6,9.4,15.5,21.7,55.4,2026
2037,Polytechnic Institute of Setúbal,Portugal,"6,301",12.6,11%,45:55:00,16.967,18.2,9.1,18.5,18.1,35.8,2026
2038,Privolzhsky Research Medical University,Russian Federation,"5,990",8.3,34%,65:35:00,16.961,25.8,12.3,5.9,19.7,43,2026
2039,Petrozavodsk State University,Russian Federation,"7,512",13.3,9%,51:49:00,16.893,18.2,12.2,14.7,35.4,28.8,2026
2040,Payame Noor University,Iran,"3,99,383",115.1,0%,62:38:00,16.879,16.7,8.8,22.4,22.2,23.9,2026
2041,Kazan National Research Technological University,Russian Federation,"13,472",12.3,16%,39 : 61,16.799,22,9.9,10.2,44.2,34.8,2026
2042,Ibaraki University,Japan,"7,864",15.5,2%,34 : 66,16.7865,17.9,12.8,13.6,42.6,26.8,2026
2043,North-Western State Medical University named after I.I. Mechnikov,Russian Federation,"6,780",6.2,12%,67:33:00,16.7505,25.9,10.7,10.1,19.3,29.4,2026
2044,Volgograd State University,Russian Federation,"8,062",11.9,4%,53:47:00,16.75,21,12.1,15.4,16.4,23.6,2026
2045,Pamukkale University,Turkey,"32,376",29,4%,48:52:00,16.74,17.9,10.5,18.8,28.3,21.9,2026
2046,M’Hamed Bougara University of Boumerdès,Algeria,"32,622",21.3,1%,59:41:00,16.7365,15.7,8.6,20.9,22.4,32.6,2026
2047,Universidad Nacional Agraria La Molina,Peru,"7,819",9.2,1%,49:51:00,16.7325,23.9,8,11.1,16.8,44.8,2026
2048,Ivane Javakhishvili Tbilisi State University,Georgia,"24,977",32.5,5%,59:41:00,16.7215,15,12.2,15.9,18.9,43.1,2026
2049,University of Kerbala,Iraq,"25,226",12.4,0%,55:45:00,16.716,22.3,8.1,16.9,16.4,27.5,2026
2049,Chuo University,Japan,"27,005",20.2,4%,38 : 62,16.716,18.2,10.8,14.7,37,31,2026
2051,Nihon University,Japan,"77,140",30.1,2%,32 : 68,16.6795,15.5,8.9,19.6,45.4,24.4,2026
2052,"National Pirogov Memorial Medical University, Vinnytsya",Ukraine,"5,026",5.2,17%,60:40:00,16.6435,29.9,9,4.6,18.2,41.4,2026
2053,National University of Life and Environmental Sciences of Ukraine,Ukraine,"19,154",14.5,1%,35 : 65,16.612,16.7,9.2,20.5,23.5,25.7,2026
2054,Université Frères Mentouri Constantine 1,Algeria,"29,573",15.3,1%,68:32:00,16.599,20.2,8.8,15.2,19.2,36.8,2026
2055,Saint Petersburg State Pediatric Medical University,Russian Federation,"6,843",11.6,18%,67:33:00,16.54,25.6,11.2,8,17.5,35.2,2026
2056,Alanya Alaaddin Keykubat University,Turkey,"9,049",21.9,7%,47:53:00,16.521,16.4,10.3,20,16.4,27.2,2026
2057,Middle Technical University,Iraq,"36,230",20.3,0%,48:52:00,16.515,12.3,8.3,26.1,18.8,25.3,2026
2058,Universidad Nacional Mayor de San Marcos,Peru,"42,959",13.3,1%,44:56:00,16.505,20.6,10.6,13.8,16.6,34,2026
2059,National University of Medical Sciences (NUMS),Pakistan,"9,257",4.4,0%,64:36:00,16.4945,23.6,10,13,19,26.3,2026
2060,National United University,Taiwan,"7,848",22.1,1%,29 : 71,16.4945,13.3,12.7,16.8,54.2,22.4,2026
2061,Tecnológico de Costa Rica,Costa Rica,"10,169",12.8,2%,38 : 62,16.478,20.1,8.6,14.7,17.8,39.1,2026
2062,Herzen State Pedagogical University of Russia,Russian Federation,"17,884",16,21%,72:28:00,16.464,20.7,12.9,9.8,18.6,39.1,2026
2063,University of Mosul,Iraq,"57,684",13.7,0%,56:44:00,16.4445,19.3,10.5,16.9,29.9,19.2,2026
2064,University Mohamed Boudiaf of M’Sila,Algeria,"32,500",17.5,1%,55:45:00,16.42,18.5,9.8,15.7,18.7,35.5,2026
2065,Hue University,Vietnam,"50,639",21.5,1%,56:44:00,16.378,14.2,9.4,18.1,17.2,44.6,2026
2066,Ceará State University,Brazil,"14,109",13,0%,60:40:00,16.3275,24.9,12,10.2,19.8,22,2026
2067,Universidade Nove de Julho (Uninove),Brazil,"92,549",20,1%,58:42:00,16.3205,23.6,9.1,12,17.8,32.1,2026
2068,Universidad Industrial de Santander (UIS),Colombia,"21,778",25.4,1%,46:54:00,16.3055,16.2,11.4,14.4,24.2,39.1,2026
2069,Doshisha University,Japan,"26,715",18.1,4%,42:58:00,16.256,18.1,11.1,12.4,35.5,34.1,2026
2070,Chinese Culture University,Taiwan,"18,673",21.2,7%,48:52:00,16.175,14.8,11.9,15.8,34.2,30,2026
2071,National University of Costa Rica,Costa Rica,"19,328",10.4,3%,56:44:00,16.1565,21.6,9.2,10.1,17.6,45.1,2026
2072,University of Guadalajara,Mexico,"1,45,850",20.7,0%,55:45:00,16.149,17.9,9.3,17.2,19.6,29.7,2026
2073,Gubkin Russian State University of Oil and Gas,Russian Federation,"11,120",14.3,5%,33 : 67,16.1095,21.4,10.7,10.3,44.9,24.1,2026
2074,Utsunomiya University,Japan,"4,861",14.2,4%,36 : 64,16.1,19.3,12.8,10.4,34.8,29.1,2026
2075,Ufa State Petroleum Technological University,Russian Federation,"12,689",7.8,13%,39 : 61,16.0605,23.8,7.9,12.4,17.4,31.1,2026
2076,Anáhuac University,Mexico,"16,295",8.8,4%,57:43:00,16.045,24.8,9.2,9.6,16.9,33.4,2026
2077,Trakya University,Turkey,"42,685",24.1,11%,50:50:00,16.002,13.9,9.2,20.5,19.9,30.5,2026
2078,University of Sciences and Technology Houari Boumediene,Algeria,"36,291",13.7,1%,59:41:00,15.995,19.7,8.3,14.5,25.1,32.3,2026
2079,Beykent University,Turkey,"19,003",24,5%,55:45:00,15.9685,14.4,8.3,21.9,17.4,27.3,2026
2080,Ryukoku University,Japan,"15,132",26.8,3%,36 : 64,15.9485,15.9,10.5,16.2,24.2,31.8,2026
2081,Hatay Mustafa Kemal University,Turkey,"18,234",20.3,3%,49:51:00,15.9395,14.6,9.4,21.8,18.1,21.9,2026
2082,Bernardo O’Higgins University,Chile,"9,085",17.7,2%,66:34:00,15.918,14.6,10.8,13.1,22.6,48.6,2026
2083,Ogarev Mordovia State University,Russian Federation,"16,100",14,16%,37 : 63,15.906,25.4,9.6,7.2,19.6,35.8,2026
2084,Blida 1 University,Algeria,"31,068",22.5,2%,65:35:00,15.8545,18.3,8.2,15.7,18.2,35.2,2026
2085,Ovidius University of Constanța,Romania,"16,291",12.6,7%,57:43:00,15.8325,20.1,9.9,14.2,18.3,27.2,2026
2086,CES University,Colombia,"7,673",10.5,2%,70:30:00,15.795,21.7,9.5,10.4,16.9,37.9,2026
2087,University of Bío-Bío,Chile,"11,435",22.9,1%,43:57:00,15.7855,14.9,6.8,17.2,18.7,46.8,2026
2088,Tokyo University of Technology,Japan,"7,808",27.1,3%,35 : 65,15.78,16.3,12.9,11.6,31.7,33.1,2026
2089,Osaka Institute of Technology,Japan,"7,956",28.3,1%,0.643055556,15.7755,14.4,13.4,13.8,38.6,26.1,2026
2090,Universidad Santo Tomás,Chile,"26,783",21.2,0%,68:32:00,15.76,13.4,10.7,15.4,16.6,45.6,2026
2091,Russian State University for the Humanities,Russian Federation,"17,097",19.6,5%,72:28:00,15.7175,15.2,13.9,16.2,16,22.7,2026
2092,Ivan Franko National University of Lviv,Ukraine,"21,946",13.2,1%,66:34:00,15.696,20.5,11.1,11.5,18.8,29.7,2026
2093,Kansai University,Japan,"29,830",11.1,4%,41:59:00,15.664,21.6,8.8,10,29,34.4,2026
2094,Voronezh State University,Russian Federation,"17,718",12.3,14%,50:50:00,15.618,23.5,11,7.1,18.7,34.9,2026
2095,Bogomolets National Medical University,Ukraine,"10,627",7.9,8%,,15.567,24,9.9,9.8,17.4,26.4,2026
2096,Ibn Khaldoun University,Algeria,"28,529",25.2,0%,63:37:00,15.5645,13.7,8.5,19.2,17.2,34.8,2026
2097,Azerbaijan Technical University (AzTU),Azerbaijan,"9,118",6.9,8%,47:53:00,15.5225,26.2,7.5,5.7,30.4,35.9,2026
2098,Burapha University,Thailand,"26,526",18.4,2%,68:32:00,15.4545,17.4,10.1,14.1,24.5,29.1,2026
2099,Universidade Federal do Maranhão (UFMA),Brazil,"47,330",23.5,0%,53:47:00,15.444,15,12,15.8,24.6,24.2,2026
2100,University of Guanajuato,Mexico,"31,014",21,0%,55:45:00,15.433,16.9,9.3,14.6,22.2,33.1,2026
2101,Volgograd State Medical University,Russian Federation,"9,367",8.2,27%,58:42:00,15.4285,24.1,9.3,6,18.3,41.2,2026
2102,Sri Lanka Institute of Information Technology,Sri Lanka,"15,304",30.5,0%,41:59:00,15.394,11.1,10,20,45.8,18.5,2026
2103,State Islamic University of Sunan Gunung Djati Bandung,Indonesia,"31,937",31.3,0%,67:33:00,15.376,10.7,9.1,25,16.2,19.1,2026
2104,"University of the Andes, Venezuela",Venezuela,"24,855",14.5,1%,60:40:00,15.3545,17.3,8.6,10,24.8,50.2,2026
2105,University Abdelhamid Ibn Badis Mostaganem,Algeria,"24,978",18.9,1%,68:32:00,15.347,22.1,7.9,10.7,16.6,35.5,2026
2106,Universidad Nacional del Litoral,Argentina,"50,839",34.9,1%,63:37:00,15.342,13.5,9.6,16.9,25.2,33.3,2026
2107,Kanagawa University,Japan,"17,462",14,4%,31 : 69,15.179,17.9,8.1,11.8,25.8,39.7,2026
2108,Universidade Estadual do Oeste do Paraná (Unioeste),Brazil,"13,600",10.7,0%,62:38:00,15.137,25.3,10,8.1,17.9,21.7,2026
2109,Odesa I.I. Mechnikov National University,Ukraine,"5,839",7.8,3%,65:35:00,15.1165,24.7,9.1,8.5,16.9,26.2,2026
2110,University of Jijel,Algeria,"22,568",21.1,0%,70:30:00,15.098,15.9,8.7,15.5,17.3,33.9,2026
2111,Kogakuin University,Japan,"6,553",18.1,2%,0.847916667,15.0905,17.2,8.1,14.3,35.5,26.1,2026
2112,Okayama University of Science,Japan,"6,859",25.8,3%,25 : 75,15.0815,14.4,11.6,13.3,40.3,24.9,2026
2113,Universidad Autónoma de Nuevo León (UANL),Mexico,"1,34,947",48.4,0%,51:49:00,15.0745,12.9,9.7,17,22.4,32.8,2026
2114,Universidad Autónoma de Coahuila,Mexico,"28,386",11.3,0%,58:42:00,15.008,21.5,8.1,12,17.1,27.1,2026
2115,Toyama Prefectural University,Japan,"2,197",10.5,1%,36 : 64,14.91,22.8,9.5,7.9,32.6,23.4,2026
2116,University of Fortaleza (UNIFOR),Brazil,"23,797",24.8,0%,53:47:00,14.9,14.9,9.7,15.6,19.6,29.7,2026
2117,University of Lampung,Indonesia,"27,602",15.6,0%,65:35:00,14.89,15.4,8.5,19.1,17.8,19.2,2026
2118,Voronezh State Technical University,Russian Federation,"10,855",12.8,9%,37 : 63,14.8875,20.3,7.9,12.5,19.7,27.6,2026
2119,Tokyo Denki University,Japan,"9,991",28.6,2%,0.602083333,14.8775,15.2,8.9,14.2,48.5,21.5,2026
2120,Northern Technical University,Iraq,"23,224",24.6,0%,43:57:00,14.839,10.8,8.5,21.1,18.2,28.4,2026
2121,Al-Furat Al-Awsat Technical University,Iraq,"26,536",27.5,0%,50:50:00,14.823,11.5,8.6,21.1,19.6,24.3,2026
2122,Universidad Autónoma del Estado de Mexico (UAEMex),Mexico,"69,400",9.8,1%,59:41:00,14.8115,23.1,10,7.9,18.3,26.6,2026
2123,Aoyama Gakuin University,Japan,"20,622",18.1,5%,49:51:00,14.7945,16.7,9.4,10.8,29.3,36.4,2026
2124,Meiji University,Japan,"34,072",21.9,5%,34 : 66,14.786,16.2,10.2,11.6,31.1,31,2026
2125,University of Cauca,Colombia,"16,898",12.6,0%,49:51:00,14.765,19.2,8.7,8.1,34.7,36.8,2026
2126,Volgograd State Technical University,Russian Federation,"12,434",13.5,14%,33 : 67,14.7595,19,9.9,10.5,18.9,31.7,2026
2127,Russian University of Transport (MIIT),Russian Federation,"21,334",24.7,9%,44:56:00,14.7245,18.1,12.1,8,37.4,26.4,2026
2128,Meijo University,Japan,"15,277",31.8,0%,35 : 65,14.6995,14.8,11.5,10.8,45.4,25.9,2026
2129,Ukrainian State University of Science and Technologies,Ukraine,"15,419",13,0%,34 : 66,14.6955,19.8,8.9,12,20.9,24.5,2026
2130,University of Pernambuco,Brazil,"19,417",14.1,,,14.677,17.6,9.3,13.2,19.7,27.2,2026
2131,MIREA - Russian Technological University,Russian Federation,"29,873",22.9,6%,25 : 75,14.6075,15.9,12.5,8.8,47.8,23.2,2026
2132,Pontifical Catholic University of Minas Gerais,Brazil,"35,797",29.6,0%,56:44:00,14.569,16.3,10.2,13.7,19.5,25.5,2026
2133,Tekirdağ Namık Kemal University,Turkey,"31,784",28,7%,45:55:00,14.5395,13.1,9.6,17.6,18.4,25,2026
2134,Northern (Arctic) Federal University named after M.V. Lomonosov,Russian Federation,"9,359",15.1,9%,45:55:00,14.536,18.9,10.9,9.1,21.8,29.3,2026
2135,Universidad Distrital Francisco José de Caldas,Colombia,"28,761",14.5,0%,36 : 64,14.4835,17.5,9.1,12,19.3,30.8,2026
2136,Autonomous University of Baja California,Mexico,"69,358",21.2,0%,55:45:00,14.4465,14.8,9,14.4,18.2,32.3,2026
2137,Trakia University,Bulgaria,"7,188",11.7,9%,67:33:00,14.436,20.9,10.3,8.3,19.4,26.9,2026
2138,University of Sonora,Mexico,"36,946",30,2%,58:42:00,14.434,14.1,8.5,13.8,27.8,34.1,2026
2139,Toyo University,Japan,"29,543",19.1,6%,41:59:00,14.4085,15.6,9.1,11,30.5,35.3,2026
2140,Paisii Hilendarski University of Plovdiv,Bulgaria,"21,840",35.1,2%,67:33:00,14.3555,13.6,12.5,13.7,21.9,23.1,2026
2141,Universidad Autónoma de Yucatán,Mexico,"19,900",19.7,1%,50:50:00,14.346,16,9.8,11.5,24.1,31.6,2026
2142,Perm State University,Russian Federation,"10,895",14.5,9%,56:44:00,14.343,18.4,12,7.9,24.5,27.8,2026
2143,Universidad Politécnica Salesiana,Ecuador,"21,393",20.3,1%,41:59:00,14.3305,13.1,9.6,14.6,20.3,33.2,2026
2144,Chiba Institute of Technology,Japan,"10,048",24.6,2%,0.684027778,14.32,14.5,8.5,15.2,35.5,21.3,2026
2145,Nizhny Novgorod State Technical University n.a. R.E. Alekseev,Russian Federation,"8,437",12.9,9%,24 : 76,14.3195,20,9,6.9,40.8,28.1,2026
2146,Federal University Oye-Ekiti,Nigeria,"44,401",45.8,0%,49:51:00,14.301,10.3,9.2,16.5,16.3,39.9,2026
2147,State University of Southwestern Bahia (UESB),Brazil,"9,315",9.4,0%,59:41:00,14.2925,26.6,8.7,6,16.5,19.5,2026
2148,Balıkesir University,Turkey,"31,117",24.9,2%,48:52:00,14.2805,14.6,9.9,15.7,21,20.7,2026
2149,Universidad Técnica Particular de Loja,Ecuador,"38,641",19.3,2%,56:44:00,14.2195,13.4,8.5,12.1,20.1,44.9,2026
2150,Kazan State Power Engineering University,Russian Federation,"9,741",25.4,6%,32 : 68,14.212,13.1,9.8,15.3,24.7,25.7,2026
2151,Universidad Michoacana de San Nicolás de Hidalgo,Mexico,"42,472",26.4,2%,56:44:00,14.192,15.5,8.9,13.5,19.4,29.5,2026
2152,University of Kirkuk,Iraq,"23,071",13.9,0%,57:43:00,14.0995,16.1,8.1,14.3,16.4,27.4,2026
2153,University of Batna 2,Algeria,"25,264",13.1,1%,56:44:00,14.0895,20.2,7.6,10.3,17.1,28.7,2026
2154,Yuriy Fedkovych Chernivtsi National University,Ukraine,"13,628",13.9,0%,47:53:00,14.0705,17.9,10,10.1,17.5,28.8,2026
2155,Siberian State Medical University,Russian Federation,"8,785",11.6,16%,59:41:00,14.0125,21.3,11.1,4,17.5,34.8,2026
2156,Damascus University,Syria,"1,63,499",56.8,7%,69:31:00,13.8835,12.5,8.3,12.1,18.1,45.8,2026
2157,National Formosa University,Taiwan,"11,694",19,2%,0.970833333,13.8625,15,11.7,8.9,46.3,20.3,2026
2158,Ziane Achour University of Djelfa,Algeria,"24,721",16,0%,47:53:00,13.782,17.7,8.4,10.2,16.8,31.9,2026
2159,National University of Rosario (UNR),Argentina,"90,716",19,7%,66:34:00,13.702,15,8.7,9.4,21.1,41.2,2026
2160,"Delta State University, Abraka",Nigeria,"40,979",38.3,0%,58:42:00,13.6905,13.5,9.4,15.1,16.3,24,2026
2161,University of Basrah,Iraq,"88,218",22.8,0%,64:36:00,13.682,15.2,8.1,14.5,17.1,24.2,2026
2162,Nueva Granada Military University,Colombia,"18,768",9.9,0%,47:53:00,13.6785,21.8,8.2,6.9,17.3,28.1,2026
2163,Universidad Autónoma del Estado de Hidalgo,Mexico,"38,623",14.2,1%,58:42:00,13.675,17.7,9.2,10,19.2,26.9,2026
2164,Universitas Sriwijaya,Indonesia,"42,322",24.6,0%,61:39:00,13.6465,14.3,9.5,14.8,18.7,19.8,2026
2165,Halu Oleo University,Indonesia,"40,051",15.5,0%,60:40:00,13.629,16.3,8.7,13.7,17,20.1,2026
2166,Technological University of Pereira,Colombia,"16,544",17,0%,43:57:00,13.552,16.7,7.7,10,20.5,34.3,2026
2167,Samara State Technical University,Russian Federation,"13,464",16.3,5%,35 : 65,13.5395,17,10.5,8.3,33.3,22.1,2026
2168,Universidad de las Fuerzas Armadas – ESPE,Ecuador,"28,109",19.9,0%,46:54:00,13.5015,13,8,12.8,21.1,35.5,2026
2169,Oles Honchar Dnipro National University,Ukraine,"8,236",11.9,1%,54:46:00,13.4545,19.2,9.5,9.1,17.7,21.3,2026
2170,Université Mouloud Mammeri de Tizi-Ouzou,Algeria,"39,859",16.3,1%,63:37:00,13.4355,18.2,8,6.6,17.1,41.1,2026
2171,Universidad Peruana de Ciencias Aplicadas (UPC),Peru,"81,453",29.7,2%,49:51:00,13.3725,12,8.8,13.6,17.2,33.5,2026
2172,Kemerovo State University,Russian Federation,"15,000",23.1,7%,61:39:00,13.3555,15.5,11.2,9.9,18,24.6,2026
2173,Universidad Técnica de Manabí,Ecuador,"40,183",41.4,1%,61:39:00,13.343,9.6,9.3,8.9,16.1,60,2026
2174,Uzhhorod National University,Ukraine,"17,132",13.9,6%,56:44:00,13.19,17.6,9.2,6.9,17,34.4,2026
2175,Autonomous University of Guerrero (UAGro),Mexico,"34,492",24.3,0%,59:41:00,13.1585,16,7.7,10.9,17.7,29.7,2026
2176,Regional Autonomous University of the Andes (UNIANDES),Ecuador,"6,696",12.3,1%,61:39:00,13.156,20.7,10.5,5,16.3,24.7,2026
2177,Jember University,Indonesia,"39,050",31.9,0%,67:33:00,13.1295,10.6,9.8,15.4,20.2,23.1,2026
2178,National University of Quilmes,Argentina,"48,698",36.3,2%,54:46:00,13.014,12.7,9.2,10.8,22.3,32.9,2026
2179,State University of Bahia,Brazil,"23,621",10.6,0%,67:33:00,12.988,22.1,8.8,5.2,17.1,22.3,2026
2180,Irkutsk State University,Russian Federation,"12,975",14.1,5%,66:34:00,12.865,18.6,9.8,6,17.4,27.2,2026
2181,Penza State University,Russian Federation,"17,808",14.9,14%,54:46:00,12.842,16.7,9.4,6.7,17.8,32.9,2026
2182,Industrial University of Tyumen,Russian Federation,"11,584",11.2,7%,33 : 67,12.8235,20.2,7.9,6.7,18.9,24.1,2026
2183,Ivanovo State University of Chemistry and Technology,Russian Federation,"3,876",19.4,8%,36 : 64,12.7385,16.9,9.6,7,24.1,25.4,2026
2184,Universidade Estadual do Maranhão,Brazil,"20,516",15.3,0%,62:38:00,12.357,15.8,9.2,8.6,16.2,24,2026
2185,Chelyabinsk State University,Russian Federation,"13,208",23.4,2%,57:43:00,12.3565,12.9,10.6,9.6,17.3,25.4,2026
2186,Universidade Federal Rural do Semi-Arido,Brazil,"11,086",14.8,0%,41:59:00,12.0795,18,8.5,7.4,16.3,19.1,2026
2187,Instituto Tecnológico Metropolitano,Colombia,"25,069",19.7,0%,43:57:00,11.862,12.9,7.9,9,18.7,30.9,2026
2188,Universidad Pedagogica y Tecnologica de Colombia - UPTC,Colombia,"36,136",18.7,0%,55:45:00,11.434,13.9,8,6,16.4,34.1,2026
2189,Omsk State Technical University,Russian Federation,"13,819",17.6,8%,34 : 66,11.166,15.6,8.2,5,19.9,25.2,2026
2190,"Federal Institute of Education, Science and Technology of São Paulo",Brazil,"70,000",20,0%,37 : 63,10.8635,12.6,7.1,8.8,17.5,23.3,2026
2191,Tula State University,Russian Federation,"18,611",19.5,6%,39 : 61,10.274,14,8.4,4.4,17.7,22.4,2026
