Rank_QS,Previous Rank,Name_QS,Country/Territory,Region,Size,Focus,Research,Status,Academic Reputation SCORE,Academic Reputation  RANK,Employer Reputation SCORE,Employer Reputation RANK,Faculty Student Ratio SCORE,Faculty Student Ratio RANK,Citations per Faculty SCORE,Citations per Faculty RANK,International Faculty  SCORE,International Faculty  RANK,International Student SCORE,International student  RANK,International Students Diversity SCORE,International Students Diversity RANK,International Research Network SCORE,International Research Network RANK,Employment Outcomes SCORE,Employment Outcomes RANK,Sustainability SCORE,Sustainability RANK,Overall SCORE,Rank_THE,Name_THE,Country,Student Population,Students to Staff Ratio,International Students,Female to Male Ratio,Overall Score,Teaching,Research Environment,Research Quality,Industry Impact,International Outlook,Year
2,2,Imperial College London,United Kingdom,Europe,L,FO,VH,Public,99.6,22,100.0,9,99.3,42,95.0,69,100.0,74,100.0,35.0,100.0,22.0,97.5,28.0,95.9,68,98.3,7=,99.4,8,Imperial College London,United Kingdom,21340,12.1,0.6,"1 day, 19:57:00",94.689,90.6,94.9,98.0,91.9,98.2,2026
3,6,Stanford University,United States of America,Americas,L,FC,VH,Private not for Profit,100.0,5,100.0,3,100.0,17,99.7,24,94.2,188,73.5,261.0,76.1,230.0,96.5,49.0,100.0,2,95.4,19=,98.9,5,Stanford University,United States,17422,5.9,0.25,"2 days, 0:52:00",97.151,97.5,97.4,99.5,100.0,83.9,2026
4,3,University of Oxford,United Kingdom,Europe,L,FC,VH,Public,100.0,2,100.0,4,100.0,9,91.0,98,98.8,132,98.6,80.0,98.7,67.0,100.0,1.0,100.0,3,77.9,198=,97.9,1,University of Oxford,United Kingdom,22005,10.4,0.43,"2 days, 4:48:00",98.21,97.2,100.0,97.7,99.9,96.4,2026
5,4,Harvard University,United States of America,Americas,L,FC,VH,Private not for Profit,100.0,1,100.0,1,98.3,50,100.0,1,79.1,300,81.4,217.0,60.6,335.0,99.4,8.0,100.0,1,77.8,201=,97.7,6,Harvard University,United States,22680,10.1,0.27,"2 days, 5:47:00",97.051,95.9,100.0,98.9,86.7,88.3,2026
6,5,University of Cambridge,United Kingdom,Europe,L,FC,VH,Public,100.0,3,100.0,5,100.0,23,88.6,107,100.0,80,93.1,144.0,93.6,120.0,99.2,12.0,100.0,5,78.4,194,97.2,4,University of Cambridge,United Kingdom,21045,11.3,0.38,"2 days, 2:50:00",97.2064999999999,96.2,99.9,97.1,87.6,96.3,2026
14,14,Peking University,China (Mainland),Asia,XL,FC,VH,Public,99.9,12,99.6,17,96.2,66,99.2,35,59.9,391,37.3,523.0,27.9,640.0,83.2,290.0,97.0,58,70.6,308=,92.6,13,Peking University,China,35659,11.3,0.15,,92.2815,95.4,97.9,89.0,100.0,67.3,2026
15,11,University of Pennsylvania,United States of America,Americas,L,FC,VH,Private not for Profit,98.9,30,98.7,28,99.9,29,72.0,199,96.9,151,76.3,249.0,78.6,221.0,89.4,182.0,100.0,4,95.0,24,92.5,14,University of Pennsylvania,United States,22422,6.6,0.26,"2 days, 7:45:00",90.8024999999999,88.1,90.3,96.1,97.9,78.4,2026
16,16,Cornell University,United States of America,Americas,L,FC,VH,Private not for Profit,99.5,25,98.8,27,64.3,276,98.0,48,57.6,401,75.7,251.0,56.4,363.0,93.0,126.0,99.3,24,76.8,218,91.6,19,Cornell University,United States,25673,10.6,0.26,"2 days, 5:47:00",89.4589999999999,85.9,90.6,95.9,70.3,83.5,2026
17,20,Tsinghua University,China (Mainland),Asia,XL,FC,VH,Public,99.9,16,99.7,15,97.1,63,99.6,26,39.5,502,31.9,570.0,23.9,707.0,80.4,347.0,97.0,60,68.7,339=,91.2,12,Tsinghua University,China,38569,10.8,0.11,,93.0304999999999,95.9,98.5,93.9,100.0,53.4,2026
21,23,Yale University,United States of America,Americas,L,FC,VH,Private not for Profit,100.0,9,100.0,7,100.0,12,64.8,250,86.7,247,72.7,262.0,75.4,232.0,92.9,131.0,99.8,18,82.4,144=,90.4,10,Yale University,United States,14884,6.2,0.24,"2 days, 5:47:00",94.081,94.6,94.5,97.2,87.6,81.4,2026
22,28,Technical University of Munich,Germany,Europe,XL,FO,VH,Public,92.0,60,99.7,16,70.5,223,92.6,90,86.3,252,98.9,72.0,98.9,63.0,95.9,63.0,57.3,293,87.8,83=,90.2,27,Technical University of Munich,Germany,35755,40.7,0.45,37 : 63,83.4474999999999,71.9,84.8,91.3,100.0,83.4,2026
24,32,Johns Hopkins University,United States of America,Americas,L,FC,VH,Private not for Profit,93.2,51,79.2,108,100.0,14,85.8,118,70.8,333,94.2,137.0,94.6,113.0,97.4,29.0,84.1,141,93.0,35,89.7,16,Johns Hopkins University,United States,21275,5.6,0.34,"2 days, 6:46:00",90.0604999999999,84.6,89.9,96.3,100.0,81.9,2026
25,22,Princeton University,United States of America,Americas,M,CO,VH,Private not for Profit,100.0,10,99.8,13,67.3,253,100.0,5,12.7,801,70.0,280.0,52.2,397.0,82.6,300.0,98.9,28,76.0,222,89.4,3,Princeton University,United States,8739,8.2,0.23,"1 day, 23:53:00",97.211,98.2,97.3,99.0,98.0,85.4,2026
25,18,The University of Sydney,Australia,Oceania,XL,FC,VH,Public,98.9,29,94.2,53,15.7,801,94.3,78,99.9,101,100.0,18.0,100.0,12.0,95.5,71.0,95.8,70,97.6,11,89.4,53,The University of Sydney,Australia,51531,22.4,0.53,,75.06,59.2,67.5,91.5,98.9,88.2,2026
27,29,McGill University,Canada,Americas,L,FC,VH,Public,98.1,35,93.5,58,67.3,250,72.4,194,88.6,232,93.5,138.0,69.6,272.0,92.9,130.0,98.9,27,96.3,15=,88.9,41,McGill University,Canada,30196,11.7,0.29,"2 days, 13:39:00",77.1269999999999,71.0,70.8,86.2,77.5,89.2,2026
29,25,University of Toronto,Canada,Americas,XL,FC,VH,Public,100.0,11,99.1,25,45.7,428,68.8,224,97.9,143,97.9,91.0,98.0,78.0,97.0,37.0,99.4,22,100.0,1,88.5,21,University of Toronto,Canada,80394,25.1,0.39,"2 days, 8:44:00",88.4544999999999,78.2,92.9,92.3,95.8,92.3,2026
30,39,Fudan University,China (Mainland),Asia,XL,FC,VH,Public,93.7,50,95.1,49,84.8,137,92.8,89,88.5,234,46.4,433.0,51.4,402.0,75.5,431.0,73.3,193,83.1,134,88.4,36,Fudan University,China,38601,12.4,0.1,"2 days, 4:48:00",79.2785,79.5,77.1,84.8,99.8,53.8,2026
32,30,Australian National University,Australia,Oceania,L,FC,VH,Public,97.9,37,82.6,96,40.9,495,91.7,93,100.0,49,99.0,68.0,99.1,59.0,93.1,123.0,67.1,232,91.8,48,87.4,74,Australian National University,Australia,17243,13.3,0.51,"2 days, 6:46:00",71.1075,56.7,62.6,85.7,86.3,94.2,2026
32,36,The Chinese University of Hong Kong,"Hong Kong SAR, China",Asia,L,FC,VH,Public,94.2,48,67.3,157,75.9,191,95.0,71,100.0,50,93.3,143.0,90.3,147.0,68.2,563.0,91.2,94,84.1,123,87.4,44,The Chinese University of Hong Kong,Hong Kong,18461,18.2,0.25,,77.0595,63.2,63.8,97.9,90.9,92.1,2026
34,27,University of Edinburgh,United Kingdom,Europe,XL,FC,VH,Public,99.6,24,98.2,33,77.3,179,54.3,338,99.7,105,99.9,42.0,99.9,31.0,99.5,5.0,69.7,213,98.3,7=,87.2,29,University of Edinburgh,United Kingdom,35350,11.3,0.49,"2 days, 14:38:00",82.4895,75.7,74.7,94.8,71.0,96.2,2026
36,37,Monash University,Australia,Oceania,XL,FC,VH,Public,95.7,45,87.5,81,11.3,801,93.0,88,100.0,61,100.0,24.0,100.0,15.0,94.7,87.0,86.7,128,91.7,49=,85.8,60,Monash University,Australia,56287,30.6,0.36,"2 days, 6:46:00",74.0899999999999,54.3,65.5,94.0,99.6,91.9,2026
36,32,The University of Tokyo,Japan,Asia,L,FC,VH,Public,100.0,7,99.9,10,92.4,94,69.9,217,15.9,777,44.0,457.0,49.2,422.0,88.8,193.0,100.0,10,92.3,44,85.8,26,The University of Tokyo,Japan,26298,10.2,0.18,,83.5244999999999,94.7,94.2,68.2,100.0,50.8,2026
38,34,Columbia University,United States of America,Americas,XL,FC,VH,Private not for Profit,99.9,13,99.9,11,100.0,19,44.5,418,48.5,445,98.1,88.0,72.9,250.0,98.4,18.0,100.0,8,77.9,198=,85.6,20,Columbia University,United States,30580,5.6,0.42,,89.4025,87.8,87.8,95.9,74.8,83.7,2026
38,31,Seoul National University,Republic of Korea,Asia,L,FC,VH,Public,99.7,20,99.1,24,85.6,130,81.2,150,13.2,801,27.5,622.0,33.5,571.0,77.6,391.0,100.0,6,90.8,57,85.6,59,Seoul National University,South Korea,26783,15.3,0.16,,74.094,74.1,74.8,77.6,100.0,43.5,2026
40,38,University of British Columbia,Canada,Americas,XL,FC,VH,Public,99.6,23,96.5,41,34.7,568,70.9,210,98.5,135,79.8,222.0,81.7,191.0,96.6,48.0,84.9,135,98.5,5=,85.5,45,University of British Columbia,Canada,60112,18.7,0.34,"2 days, 7:45:00",77.029,64.1,73.9,88.6,77.4,93.5,2026
41,46,Institut Polytechnique de Paris,France,Europe,M,CO,VH,Public,58.1,185,99.8,14,94.8,76,97.3,52,99.9,99,99.2,61.0,99.2,50.0,93.0,125.0,99.1,25,77.9,198=,85.4,69,Institut Polytechnique de Paris,France,6217,7.6,0.43,1.0118055555555556,71.6434999999999,71.8,62.4,70.9,99.1,95.1,2026
42,50,Northwestern University,United States of America,Americas,L,FC,VH,Private not for Profit,92.2,59,89.4,74,99.1,44,71.2,205,57.7,399,67.2,295.0,50.0,414.0,86.5,229.0,99.5,20,74.4,250=,85.1,30,Northwestern University,United States,20611,8.2,0.24,"2 days, 6:46:00",81.869,73.2,76.0,96.9,96.0,71.0,2026
42,40,The University of Queensland,Australia,Oceania,XL,FC,VH,Public,94.3,46,79.5,105,26.5,705,94.2,79,100.0,60,100.0,28.0,100.0,18.0,97.0,36.0,66.6,233,92.5,41,85.1,81,The University of Queensland,Australia,41295,23.6,0.43,"2 days, 6:46:00",69.7004999999999,50.9,60.9,87.6,97.6,91.2,2026
44,47,The Hong Kong University of Science and Technology,"Hong Kong SAR, China",Asia,M,FO,VH,Public,89.4,69,69.7,149,67.5,247,100.0,12,100.0,23,99.3,59.0,99.0,60.0,49.5,801.0,76.6,173,79.7,175=,84.8,58,The Hong Kong University of Science and Technology,Hong Kong,8912,14.3,0.48,,74.123,56.2,60.6,95.6,100.0,97.2,2026
45,44,University of Michigan-Ann Arbor,United States of America,Americas,XL,FC,VH,Public,99.3,26,98.5,30,85.7,127,54.5,334,73.9,320,56.1,372.0,60.3,339.0,96.0,59.0,99.1,26,77.2,210=,84.7,23,University of Michigan-Ann Arbor,United States,48449,8.4,0.19,"2 days, 4:48:00",86.9295,85.7,87.3,93.8,81.4,65.8,2026
47,49,Delft University of Technology,Netherlands,Europe,L,CO,VH,Public,86.2,76,90.4,71,49.1,392,84.6,126,100.0,68,94.8,128.0,95.1,109.0,93.8,102.0,66.0,235,96.3,15=,84.3,57,Delft University of Technology,Netherlands,21410,14.8,0.35,32 : 68,74.246,64.1,75.1,75.5,100.0,92.1,2026
47,45,Shanghai Jiao Tong University,China (Mainland),Asia,XL,FC,VH,Public,92.7,56,93.8,56,64.5,275,100.0,13,40.9,490,19.1,741.0,14.4,801.0,77.7,389.0,88.2,119,82.5,141=,84.3,40,Shanghai Jiao Tong University,China,41507,12.5,0.11,36 : 64,77.5695,75.4,79.1,80.2,100.0,57.7,2026
49,47,Zhejiang University,China (Mainland),Asia,XL,FC,VH,Public,87.0,75,97.2,36,53.0,355,100.0,11,94.1,189,23.5,683.0,17.7,801.0,94.0,100.0,74.4,185,63.0,441=,84,39,Zhejiang University,China,54313,13.0,0.14,,78.3135,75.0,78.4,84.3,100.0,55.5,2026
51,54,University of Bristol,United Kingdom,Europe,XL,FC,VH,Public,87.3,73,89.4,75,36.7,546,83.2,135,90.7,219,95.7,118.0,96.0,100.0,95.3,74.0,63.1,248,97.0,12=,82.5,80,University of Bristol,United Kingdom,29680,14.2,0.35,"2 days, 8:44:00",69.737,51.4,56.5,94.4,74.6,91.8,2026
52,58,Carnegie Mellon University,United States of America,Americas,L,FC,VH,Private not for Profit,80.1,98,94.4,52,51.1,370,98.6,43,52.4,426,98.7,77.0,73.4,245.0,79.2,364.0,79.9,161,66.2,375,82.3,24,Carnegie Mellon University,United States,16257,13.0,0.5,"1 day, 20:56:00",84.959,72.7,83.0,99.0,85.5,84.3,2026
54,57,The Hong Kong Polytechnic University,"Hong Kong SAR, China",Asia,L,CO,VH,Public,81.2,93,47.5,275,77.1,182,98.7,41,100.0,34,98.8,76.0,97.9,81.0,82.8,296.0,74.1,187,80.8,160,81.2,82,The Hong Kong Polytechnic University,Hong Kong,18636,17.8,0.42,"2 days, 2:50:00",69.6739999999999,51.9,55.4,91.8,86.5,97.3,2026
57,50,Kyoto University,Japan,Asia,L,FC,VH,Public,99.7,19,99.3,22,94.3,80,50.9,369,22.9,675,29.2,601.0,35.1,551.0,85.5,247.0,85.9,132,84.0,124=,80.2,61,Kyoto University,Japan,21617,9.0,0.11,25 : 75,73.961,86.4,82.7,56.9,100.0,45.6,2026
60,63,KU Leuven,Belgium,Europe,XL,FC,VH,Public,93.0,53,63.5,169,9.6,801,94.7,75,95.8,166,65.1,307.0,48.5,428.0,99.5,4.0,83.5,143,94.7,25,79.7,46,KU Leuven,Belgium,50336,37.1,0.21,"2 days, 4:48:00",76.8154999999999,61.3,73.8,91.3,100.0,79.2,2026
61,67,Korea University,Republic of Korea,Asia,L,FC,VH,Private not for Profit,89.2,70,95.4,48,77.0,183,68.2,229,24.5,656,64.0,311.0,67.5,287.0,67.7,573.0,93.6,83,85.9,101,79.6,159,Korea University,South Korea,21728,17.5,0.38,,61.406,52.4,51.3,73.3,99.9,67.8,2026
62,61,Duke University,United States of America,Americas,L,FC,VH,Private not for Profit,92.9,54,91.0,68,100.0,7,47.1,402,28.3,602,62.0,326.0,46.2,450.0,90.8,163.0,95.6,73,77.6,205,79,28,Duke University,United States,17871,4.4,0.25,"2 days, 7:45:00",82.9195,78.7,74.2,95.4,100.0,74.2,2026
63,62,City University of Hong Kong,"Hong Kong SAR, China",Asia,M,CO,VH,Public,75.5,109,46.7,284,94.8,75,100.0,2,100.0,16,100.0,5.0,100.0,2.0,64.5,628.0,48.5,356,75.2,232=,78.9,73,City University of Hong Kong,Hong Kong,8219,12.4,0.76,"2 days, 6:46:00",71.1404999999999,56.5,52.7,92.7,100.0,98.4,2026
63,68,National Taiwan University (NTU),Taiwan,Asia,L,FC,VH,Public,97.7,38,94.2,54,38.8,522,70.9,209,25.3,647,59.2,346.0,63.1,313.0,67.1,587.0,100.0,11,88.4,74=,78.9,141,National Taiwan University (NTU),Taiwan,18743,9.7,0.24,"1 day, 20:56:00",62.464,59.4,54.9,68.6,100.0,59.2,2026
68,66,University of Texas at Austin,United States of America,Americas,XL,FC,VH,Public,97.6,39,96.8,38,10.7,801,85.4,122,9.1,801,19.1,742.0,14.4,801.0,90.5,169.0,93.9,82,70.6,308=,76.4,50,University of Texas at Austin,United States,51158,17.0,0.1,"2 days, 8:44:00",75.828,67.8,76.0,90.1,82.3,46.2,2026
69,79,Brown University,United States of America,Americas,M,FC,VH,Private not for Profit,72.4,126,64.3,166,84.5,139,82.2,143,91.0,218,67.0,297.0,70.2,269.0,80.1,352.0,81.9,151,72.6,280,76.2,65,Brown University,United States,10887,10.3,0.22,,72.5865,70.0,61.0,87.4,69.6,69.9,2026
70,69,University of Illinois at Urbana-Champaign,United States of America,Americas,XL,FC,VH,Public,91.7,62,91.5,66,8.6,801,81.6,147,14.2,801,70.1,277.0,52.2,395.0,91.3,152.0,92.5,86,75.9,223=,75.9,43,University of Illinois at Urbana-Champaign,United States,50640,18.9,0.23,"1 day, 23:53:00",77.072,67.9,80.7,85.3,84.4,62.3,2026
72,75,Lund University,Sweden,Europe,L,FC,VH,Public,80.1,99,64.1,167,68.1,246,56.6,312,98.8,134,82.0,213.0,83.7,181.0,97.1,35.0,96.1,65,98.8,3=,75.7,96,Lund University,Sweden,23748,10.2,0.22,"2 days, 8:44:00",66.5655,49.1,56.7,85.7,99.7,79.2,2026
76,80,University of Birmingham,United Kingdom,Europe,XL,FC,VH,Public,81.1,95,75.7,122,49.9,385,56.1,316,96.7,154,93.4,139.0,93.9,115.0,96.3,54.0,54.7,305,92.8,38,73.8,100,University of Birmingham,United Kingdom,34145,14.6,0.35,"2 days, 8:44:00",66.258,47.7,48.4,93.7,74.2,94.3,2026
77,77,The University of Western Australia,Australia,Oceania,L,FC,VH,Public,69.0,137,56.5,209,15.1,801,99.2,34,100.0,77,100.0,36.0,100.0,23.0,93.2,122.0,82.6,147,83.7,129=,73.7,154,The University of Western Australia,Australia,19880,23.6,0.3,"2 days, 3:49:00",61.7164999999999,38.7,45.1,87.6,98.4,93.4,2026
78,74,KTH Royal Institute of Technology,Sweden,Europe,L,FO,VH,Public,60.2,174,62.1,183,68.3,242,88.2,109,95.6,171,81.8,215.0,60.9,331.0,91.7,147.0,72.7,197,89.8,66,73.6,99,KTH Royal Institute of Technology,Sweden,15263,18.2,0.28,31 : 69,66.277,51.1,57.3,79.7,97.2,90.5,2026
79,78,University of Glasgow,United Kingdom,Europe,XL,FC,VH,Public,88.3,72,73.5,132,50.3,377,44.8,416,98.0,140,99.1,67.0,99.1,57.0,97.0,38.0,44.5,395,95.4,19=,73.4,84,University of Glasgow,United Kingdom,34075,13.4,0.45,"2 days, 12:40:00",68.9254999999999,50.6,52.2,95.9,73.2,95.5,2026
81,76,University of Washington,United States of America,Americas,XL,FC,VH,Public,90.1,68,74.8,128,49.2,391,69.2,221,14.7,801,45.8,441.0,34.2,561.0,95.0,83.0,79.9,160,74.9,237=,72.7,25,University of Washington,United States,49524,9.5,0.18,"2 days, 9:43:00",83.7164999999999,77.0,80.0,97.6,81.6,70.1,2026
82,,Adelaide University,Australia,Oceania,XL,CO,VH,,78.3,102,62.7,176,30.5,621,69.8,218,100.0,90,97.5,96.0,72.5,251.0,96.7,46.0,70.4,207,86.1,98=,72.6,134,Adelaide University,Australia,43623,30.4,0.27,"2 days, 7:45:00",63.0524999999999,38.3,48.9,89.5,99.7,89.8,2026
86,82,University of Leeds,United Kingdom,Europe,XL,FC,VH,Public,81.8,90,82.1,98,39.7,512,48.8,380,89.7,224,96.3,108.0,96.5,93.0,99.2,13.0,62.9,250,76.4,219=,72,118,University of Leeds,United Kingdom,35600,14.4,0.39,"2 days, 12:40:00",64.8795,48.3,50.3,87.2,71.6,93.6,2026
87,80,University of Southampton,United Kingdom,Europe,L,FC,VH,Public,62.6,163,55.9,214,40.1,504,87.8,111,96.8,153,98.6,82.0,98.6,69.0,97.4,32.0,58.6,279,95.1,23,71.2,129,University of Southampton,United Kingdom,24355,14.3,0.46,"2 days, 6:46:00",63.3345,44.6,45.4,89.6,73.1,96.1,2026
88,108,Boston University,United States of America,Americas,L,FC,VH,Private not for Profit,75.3,111,86.7,83,40.6,497,61.9,273,40.0,500,92.8,150.0,93.3,124.0,84.9,256.0,86.9,127,73.7,264,71.1,77,Boston University,United States,29239,11.4,0.33,"2 days, 10:42:00",70.365,61.2,56.5,91.8,72.4,73.2,2026
91,86,The University of Osaka,Japan,Asia,L,FC,VH,Public,90.5,67,90.0,73,45.6,430,65.8,242,25.2,649,21.1,709.0,27.2,651.0,72.0,500.0,51.4,330,79.5,180=,71,152,The University of Osaka,Japan,22367,10.4,0.12,33 : 67,61.8439999999999,65.9,64.9,53.3,100.0,47.9,2026
93,103,Uppsala University,Sweden,Europe,L,FC,VH,Public,74.7,113,48.1,268,66.3,260,55.9,318,99.7,106,82.9,207.0,84.5,174.0,95.9,60.0,82.9,145,94.4,26,70.3,128,Uppsala University,Sweden,20953,10.9,0.18,"2 days, 11:41:00",63.4564999999999,47.4,54.9,81.3,95.0,71.5,2026
94,89,Durham University,United Kingdom,Europe,L,FC,VH,Public,74.1,117,91.9,64,37.3,539,42.9,441,99.2,123,94.5,134.0,94.9,111.0,90.9,161.0,53.6,316,95.2,22,70.1,177,Durham University,United Kingdom,21470,13.2,0.34,"2 days, 6:46:00",60.262,45.2,44.9,81.0,62.8,94.6,2026
94,96,University of Alberta,Canada,Americas,XL,FC,VH,Public,70.9,133,53.0,230,44.6,443,71.5,204,99.4,119,78.6,229.0,80.6,199.0,94.5,90.0,77.1,169,90.7,58,70.1,119,University of Alberta,Canada,33938,21.6,0.28,,64.6105,49.1,55.4,78.1,100.0,88.4,2026
96,88,University of Technology Sydney,Australia,Oceania,L,CO,VH,Public,58.7,180,66.7,159,11.8,801,99.3,33,97.6,146,91.7,151.0,92.3,128.0,89.7,177.0,52.3,323,92.0,47,69.9,149,University of Technology Sydney,Australia,29729,37.7,0.26,"2 days, 3:49:00",61.9555,36.8,42.6,94.1,88.7,92.9,2026
98,111,Politecnico di Milano,Italy,Europe,XL,CO,VH,Public,83.4,84,90.1,72,9.3,801,53.9,343,74.4,317,69.3,281.0,72.3,252.0,87.0,215.0,72.0,199,72.9,275=,69.1,216,Politecnico di Milano,Italy,39793,21.8,0.23,36 : 64,57.8525,46.2,51.9,67.8,98.0,65.5,2026
101,100,University of Copenhagen,Denmark,Europe,XL,FC,VH,Public,85.5,79,41.7,324,99.6,34,36.6,512,87.3,241,26.5,640.0,19.9,765.0,98.0,22.0,94.4,77,76.3,221,68.4,90,University of Copenhagen,Denmark,31425,4.2,0.14,"2 days, 15:37:00",67.1184999999999,51.3,52.2,91.3,92.8,76.6,2026
102,98,Pohang University of Science And Technology (POSTECH),Republic of Korea,Asia,S,FO,VH,Private not for Profit,61.3,166,83.3,94,99.9,27,98.3,45,31.6,568,4.2,801.0,8.3,801.0,29.6,801.0,16.0,801,64.3,415=,67.9,142,Pohang University of Science and Technology (POSTECH),South Korea,3234,9.2,0.07,,62.306,58.3,49.5,79.2,100.0,39.9,2026
103,145,Nanjing University,China (Mainland),Asia,XL,FC,VH,Public,72.1,128,61.2,188,37.2,541,99.0,39,82.9,273,15.9,799.0,12.0,801.0,69.5,541.0,39.7,440,59.5,513,67.7,63,Nanjing University,China,34217,14.1,0.1,"2 days, 11:41:00",73.7139999999999,69.6,66.2,85.1,99.6,59.6,2026
105,94,Lomonosov Moscow State University,Russian Federation,Europe,L,FC,VH,Public,83.7,83,87.9,80,99.9,26,7.3,801,25.5,641,96.0,112.0,96.1,97.0,87.0,214.0,98.3,37,48.8,734=,67.6,133,Lomonosov Moscow State University,Russian Federation,31603,9.7,0.38,"2 days, 3:49:00",63.0545,80.9,69.7,32.9,93.4,71.6,2026
107,109,Technical University of Denmark,Denmark,Europe,M,FO,VH,Public,44.8,264,36.2,396,98.4,49,90.9,99,100.0,52,95.9,113.0,96.1,96.0,87.1,213.0,60.5,269,68.0,351=,67.5,121,Technical University of Denmark,Denmark,11254,8.8,0.37,34 : 66,64.34,51.2,46.5,82.6,99.9,93.0,2026
109,107,Tohoku University,Japan,Asia,L,FC,VH,Public,84.5,82,86.5,84,98.2,52,35.5,519,20.5,705,19.4,739.0,25.5,678.0,70.1,529.0,36.5,474,82.0,149=,66.7,105,Tohoku University,Japan,17349,12.6,0.13,28 : 72,65.7274999999999,70.9,70.8,52.8,100.0,59.2,2026
110,116,University of Wisconsin-Madison,United States of America,Americas,XL,FC,VH,Public,85.7,78,63.1,172,84.3,141,28.1,606,57.7,400,37.0,527.0,42.6,488.0,88.9,192.0,91.0,96,72.5,281=,66.6,54,University of Wisconsin-Madison,United States,45254,10.7,0.15,,75.0445,70.3,68.8,88.0,82.6,62.0,2026
112,122,Qatar University,Qatar,Asia,M,FC,VH,Public,43.3,273,56.5,208,73.8,206,73.3,188,100.0,26,98.6,83.0,98.6,70.0,89.6,179.0,98.9,29,72.2,289=,66.5,221,Qatar University,Qatar,9539,8.2,0.38,,57.5884999999999,32.4,38.1,89.1,79.1,94.5,2026
113,104,University of St Andrews,United Kingdom,Europe,M,FO,VH,Public,61.5,165,74.9,127,63.8,278,51.3,368,98.8,131,99.7,47.0,99.7,36.0,87.7,208.0,28.9,575,86.2,97,66.4,164,University of St Andrews,United Kingdom,11265,12.9,0.49,"2 days, 11:41:00",60.9,50.6,43.3,78.2,71.9,94.4,2026
114,113,Aalto University,Finland,Europe,L,FO,VH,Public,57.5,189,56.1,212,35.1,564,79.6,160,97.2,147,60.0,343.0,63.9,312.0,80.9,332.0,97.1,55,88.3,77,66.3,196,Aalto University,Finland,15131,21.3,0.26,39 : 61,59.017,44.3,43.4,78.9,91.0,80.7,2026
114,130,"University of California, Davis",United States of America,Americas,XL,FC,VH,Public,72.7,125,70.1,146,28.3,675,66.5,237,86.5,250,61.9,327.0,65.6,298.0,90.8,165.0,38.0,457,79.8,174,66.3,64,"University of California, Davis",United States,38565,13.6,0.22,"2 days, 10:42:00",72.8189999999999,63.9,66.4,84.9,86.5,77.1,2026
116,117,University of Helsinki,Finland,Europe,L,CO,VH,Public,74.5,114,37.7,370,66.9,256,62.7,262,78.5,305,13.1,801.0,19.1,779.0,96.1,57.0,94.2,80,95.6,18,66.1,104,University of Helsinki,Finland,22974,15.8,0.07,"2 days, 20:32:00",65.738,50.4,57.3,90.1,70.7,58.6,2026
118,126,University College Dublin,Ireland,Europe,L,FC,VH,Public,66.5,149,57.6,204,19.7,801,62.0,272,99.5,112,89.6,170.0,90.5,144.0,89.0,188.0,92.2,88,91.7,49=,66,223,University College Dublin,Ireland,25252,19.1,0.35,,57.4665,35.5,41.7,84.0,74.9,89.4,2026
119,141,Leiden University,Netherlands,Europe,XL,FC,VH,Public,80.4,97,46.3,288,30.3,629,64.9,249,89.7,225,68.4,288.0,50.9,408.0,94.3,93.0,61.2,263,58.6,530=,65.7,70,Leiden University,Netherlands,34441,17.6,0.22,"2 days, 10:42:00",71.3344999999999,49.3,63.3,93.6,99.1,85.2,2026
119,141,Rice University,United States of America,Americas,M,CO,VH,Private not for Profit,50.6,221,51.0,245,74.9,196,81.6,148,91.3,215,96.6,104.0,96.8,91.0,66.3,605.0,45.7,381,81.5,156,65.7,103,Rice University,United States,8223,10.3,0.31,"1 day, 19:57:00",65.8395,56.7,46.8,88.1,72.9,82.6,2026
119,119,University of Oslo,Norway,Europe,L,FC,VH,Public,67.8,143,27.7,498,78.4,176,67.7,232,95.8,167,46.0,439.0,34.3,560.0,96.8,43.0,86.6,129,72.3,286=,65.7,114,University of Oslo,Norway,20102,11.7,0.18,"2 days, 16:36:00",65.1614999999999,47.8,52.5,90.3,75.2,76.5,2026
119,115,University of Waterloo,Canada,Americas,XL,CO,VH,Public,53.0,209,74.2,130,8.8,801,88.3,108,81.5,283,76.6,247.0,78.9,219.0,83.5,285.0,72.0,201,90.5,60,65.7,163,University of Waterloo,Canada,34772,22.7,0.21,"1 day, 23:53:00",60.913,42.7,47.6,83.4,77.0,85.5,2026
123,114,Georgia Institute of Technology,United States of America,Americas,XL,CO,VH,Public,76.0,107,92.8,61,32.4,595,54.2,340,21.5,692,60.4,339.0,64.2,308.0,79.0,368.0,67.5,228,66.1,376=,65.5,42,Georgia Institute of Technology,United States,33325,28.3,0.32,34 : 66,77.1144999999999,60.8,75.8,90.4,99.1,81.5,2026
125,123,RMIT University,Australia,Oceania,XL,CO,VH,Public,55.1,202,60.3,191,7.2,801,91.3,96,100.0,45,95.2,125.0,95.5,106.0,83.1,292.0,49.9,345,87.9,80=,65.3,267,RMIT University,Australia,32309,23.8,0.38,"2 days, 1:51:00",55.7425,35.2,36.2,82.5,78.2,93.1,2026
128,132,Sapienza University of Rome,Italy,Europe,XL,FC,VH,Public,90.7,65,66.4,161,7.8,801,62.9,261,4.0,801,14.8,801.0,20.9,749.0,95.9,61.0,91.5,92,81.9,151=,64.9,172,Sapienza University of Rome,Italy,60428,27.3,0.07,"2 days, 13:39:00",60.6509999999999,55.9,53.5,73.4,85.2,42.9,2026
131,144,Aarhus University,Denmark,Europe,L,FC,VH,Public,68.3,140,41.7,325,42.4,472,74.1,183,96.7,157,25.5,654.0,19.1,777.0,96.3,52.0,79.4,164,73.2,271=,64.3,101,Aarhus University,Denmark,25370,12.8,0.12,"2 days, 12:40:00",66.1985,48.6,58.8,83.9,99.8,75.3,2026
132,150,University of Bath,United Kingdom,Europe,L,CO,VH,Public,48.9,233,81.6,100,20.5,801,75.9,173,95.6,170,86.8,187.0,88.0,156.0,85.3,250.0,50.7,337,83.8,127=,64.2,263,University of Bath,United Kingdom,17650,17.7,0.29,"1 day, 22:54:00",55.894,39.8,35.1,81.0,67.1,93.2,2026
132,133,University of Science and Technology of China,China (Mainland),Asia,L,CO,VH,Public,57.6,188,50.6,248,98.1,56,99.4,30,14.9,801,7.8,801.0,13.5,801.0,74.4,457.0,42.8,410,55.3,596=,64.2,51,University of Science and Technology of China,China,22955,8.2,0.05,,75.6435,72.9,69.8,89.0,98.9,43.2,2026
137,129,Newcastle University,United Kingdom,Europe,L,FC,VH,Public,62.9,162,68.7,152,49.5,388,49.1,379,92.5,205,81.0,220.0,82.8,185.0,95.8,65.0,40.5,433,90.9,56,63.9,145,Newcastle University,United Kingdom,26400,15.0,0.28,"2 days, 6:46:00",62.0815,39.8,43.2,93.0,80.0,89.5,2026
138,133,Macquarie University,Australia,Oceania,L,FC,VH,Public,47.7,242,56.7,206,13.6,801,85.8,119,100.0,86,97.3,98.0,97.5,86.0,91.0,156.0,62.2,252,90.6,59,63.3,169,Macquarie University,Australia,29826,50.2,0.25,,60.711,35.9,42.5,90.9,97.2,88.5,2026
140,136,Eindhoven University of Technology,Netherlands,Europe,M,FO,VH,Public,40.5,296,77.3,115,43.6,455,81.9,146,100.0,87,95.7,119.0,95.9,101.0,74.3,459.0,33.1,512,74.1,255=,63.2,194,Eindhoven University of Technology,Netherlands,10823,19.1,0.36,30 : 70,59.1714999999999,47.7,49.5,67.0,100.0,88.6,2026
140,158,Erasmus University Rotterdam,Netherlands,Europe,L,FO,VH,Public,49.4,230,74.8,129,20.7,801,75.7,174,81.8,280,81.6,216.0,60.8,333.0,81.8,318.0,94.0,81,62.2,454=,63.2,107,Erasmus University Rotterdam,Netherlands,31507,21.1,0.26,"2 days, 6:46:00",65.569,38.5,52.9,95.9,89.2,87.1,2026
143,200,King Saud University,Saudi Arabia,Asia,XL,FC,VH,Public,54.8,204,57.7,201,55.7,336,65.6,244,100.0,89,29.2,600.0,35.2,549.0,96.8,41.0,99.4,23,63.1,439=,63.1,266,King Saud University,Saudi Arabia,42846,11.0,0.11,"1 day, 22:54:00",55.745,38.2,33.8,82.7,89.1,84.0,2026
144,154,Texas A&M University,United States of America,Americas,XL,FC,VH,Public,72.9,124,81.5,101,6.2,801,75.5,175,28.0,608,20.7,717.0,15.6,801.0,93.0,124.0,63.8,244,61.0,480=,63,153,Texas A&M University,United States,68486,22.6,0.08,"1 day, 23:53:00",61.7755,52.5,57.2,73.4,73.5,63.2,2026
146,125,University of Southern California,United States of America,Americas,XL,FC,VH,Private not for Profit,61.2,167,69.6,150,19.6,801,66.2,240,15.8,786,81.2,219.0,82.9,184.0,87.8,204.0,98.0,45,92.1,45=,62.6,75,University of Southern California,United States,42840,13.3,0.27,"2 days, 5:47:00",71.0934999999999,59.8,59.6,92.7,74.9,71.5,2026
147,128,Stockholm University,Sweden,Europe,L,CO,VH,Public,65.1,155,29.5,484,28.3,678,73.6,186,83.0,271,79.4,224.0,59.1,346.0,96.7,45.0,90.5,102,72.1,291=,62.5,204,Stockholm University,Sweden,27746,16.2,0.14,,58.4599999999999,33.5,48.4,87.2,66.1,76.5,2026
147,159,University of Groningen,Netherlands,Europe,XL,FC,VH,Public,67.2,147,41.6,326,56.2,331,53.0,353,95.4,174,89.4,173.0,66.6,293.0,93.4,118.0,53.5,317,67.6,355=,62.5,83,University of Groningen,Netherlands,33098,23.4,0.28,"2 days, 6:46:00",69.2894999999999,47.4,55.9,94.1,99.7,91.7,2026
147,165,University of Liverpool,United Kingdom,Europe,L,FC,VH,Public,60.7,171,48.8,264,37.3,538,61.7,276,92.4,206,91.1,157.0,91.8,133.0,97.0,39.0,47.8,364,92.4,42=,62.5,144,University of Liverpool,United Kingdom,26770,13.9,0.33,"2 days, 7:45:00",62.2175,43.5,42.0,91.2,68.0,95.0,2026
150,171,University of Cape Town,South Africa,Africa,L,FC,VH,Public,58.2,183,62.3,179,14.6,801,75.4,176,66.1,353,27.9,615.0,33.9,562.0,97.7,24.0,97.7,49,92.1,45=,62.3,166,University of Cape Town,South Africa,20094,12.6,0.12,"2 days, 8:44:00",60.7405,39.4,46.7,87.8,84.8,77.9,2026
151,120,Western University,Canada,Americas,L,FC,VH,Public,42.3,282,53.5,227,5.2,801,93.5,84,100.0,85,68.7,283.0,71.7,254.0,83.6,282.0,98.0,42,94.0,30=,62,215,Western University,Canada,31831,32.7,0.25,"2 days, 8:44:00",57.8839999999999,39.9,42.6,77.5,99.8,86.9,2026
152,137,University of Vienna,Austria,Europe,XL,FC,VH,Public,82.3,88,46.4,285,31.0,617,22.2,682,100.0,71,96.6,103.0,96.8,90.0,96.3,53.0,92.8,85,71.8,294=,61.9,95,University of Vienna,Austria,30228,36.6,0.34,"2 days, 17:35:00",66.601,50.0,60.9,79.8,80.0,94.0,2026
153,155,Wageningen University & Research,Netherlands,Europe,L,CO,VH,Public,55.0,203,34.4,420,99.5,37,54.8,329,72.0,329,90.7,159.0,91.5,134.0,97.2,34.0,32.9,516,91.2,53,61.6,66,Wageningen University & Research,Netherlands,15905,16.9,0.31,"2 days, 6:46:00",72.193,58.6,58.4,90.4,99.5,91.6,2026
155,169,University of Exeter,United Kingdom,Europe,L,FC,VH,Public,57.9,186,58.5,198,42.0,480,55.8,320,94.8,181,77.8,235.0,79.9,206.0,95.8,66.0,40.9,428,93.9,32,61.5,174,University of Exeter,United Kingdom,29280,15.7,0.29,"2 days, 6:46:00",60.575,36.6,42.1,94.0,59.1,93.4,2026
155,155,University of Geneva,Switzerland,Europe,L,FC,VH,Public,55.3,201,34.8,414,47.4,414,70.3,214,100.0,54,98.6,81.0,98.6,68.0,92.1,144.0,63.1,249,66.5,370,61.5,168,University of Geneva,Switzerland,17681,7.8,0.41,"2 days, 15:37:00",60.7164999999999,43.8,40.0,85.2,85.7,96.1,2026
157,141,Lancaster University,United Kingdom,Europe,L,FC,VH,Public,51.2,217,45.8,296,36.1,555,77.5,166,96.4,161,93.3,141.0,93.8,117.0,87.0,216.0,38.2,452,89.2,68=,61.4,185,Lancaster University,United Kingdom,16935,14.9,0.34,"2 days, 0:52:00",59.728,40.9,40.8,86.7,67.2,95.1,2026
158,131,University of Basel,Switzerland,Europe,M,FC,VH,Public,34.0,357,20.7,639,70.2,229,94.2,80,100.0,47,91.4,156.0,68.0,284.0,90.4,170.0,74.9,183,88.4,74=,61.3,120,University of Basel,Switzerland,8655,11.1,0.32,"2 days, 9:43:00",64.5279999999999,50.2,42.8,87.5,99.8,94.2,2026
159,162,Hanyang University,Republic of Korea,Asia,L,FC,VH,Private not for Profit,58.2,184,81.9,99,81.7,159,42.9,440,23.7,664,70.1,279.0,73.0,249.0,65.5,615.0,54.5,307,82.8,137,61.2,295,Hanyang University,South Korea,19402,13.6,0.27,,54.3994999999999,45.9,41.5,65.5,99.6,69.2,2026
160,165,University of Barcelona,Spain,Europe,XL,FC,VH,Public,84.9,81,48.9,262,19.0,801,47.8,391,39.9,501,40.8,484.0,46.2,451.0,96.4,50.0,77.0,170,84.7,115=,61,150,University of Barcelona,Spain,45016,14.9,0.12,"2 days, 16:36:00",61.9329999999999,44.0,47.8,88.5,92.4,64.6,2026
161,152,Michigan State University,United States of America,Americas,XL,FC,VH,Public,67.3,146,62.9,174,13.9,801,61.2,280,67.2,348,21.1,708.0,27.3,649.0,97.6,27.0,75.6,180,94.2,28,60.9,106,Michigan State University,United States,45537,16.5,0.1,"2 days, 5:47:00",65.709,57.1,55.9,82.7,69.9,67.3,2026
162,169,Ghent University,Belgium,Europe,XL,FC,VH,Public,68.2,141,39.1,350,84.5,140,32.4,557,83.4,267,33.8,549.0,39.5,504.0,99.2,11.0,84.9,136,94.0,30=,60.8,115,Ghent University,Belgium,42572,37.8,0.14,"2 days, 10:42:00",65.1385,48.8,58.6,82.7,99.9,65.9,2026
164,152,Nagoya University,Japan,Asia,L,FC,VH,Public,74.2,116,71.5,141,84.2,144,38.2,491,22.6,681,27.6,619.0,33.6,568.0,66.0,610.0,39.2,443,74.1,255=,60.3,218,Nagoya University,Japan,15559,13.3,0.13,31 : 69,57.7854999999999,58.1,56.1,57.0,99.8,43.8,2026
165,139,Chalmers University of Technology,Sweden,Europe,M,FO,VH,Private not for Profit,34.6,350,56.6,207,59.5,303,80.9,152,100.0,56,74.3,257.0,76.8,226.0,77.0,405.0,53.3,319,82.7,138=,60.2,240,Chalmers University of Technology,Sweden,10245,11.9,0.18,33 : 67,56.8745,42.6,45.9,71.2,97.1,76.7,2026
166,163,Al-Farabi Kazakh National University,Kazakhstan,Asia,L,FC,HI,Public,60.7,172,86.3,85,99.6,36,2.1,801,80.9,288,83.2,204.0,79.3,213.0,75.7,426.0,66.2,234,62.8,443,59.8,1419,Al-Farabi Kazakh National University,Kazakhstan,20321,4.5,0.26,"2 days, 13:39:00",28.4474999999999,30.1,14.6,27.8,24.1,80.4,2026
169,184,University of York,United Kingdom,Europe,L,FC,VH,Public,56.8,197,42.3,317,55.8,335,53.8,344,92.4,208,75.4,253.0,77.8,223.0,96.0,58.0,41.0,427,93.2,34,59.4,156,University of York,United Kingdom,20330,14.3,0.29,"2 days, 9:43:00",61.4895,44.1,43.9,87.5,67.6,90.6,2026
170,173,Hokkaido University,Japan,Asia,L,FC,VH,Public,71.5,129,68.8,151,76.8,185,42.7,445,28.2,604,20.5,724.0,26.6,664.0,77.5,393.0,26.4,617,78.5,192=,59.3,376,Hokkaido University,Japan,17693,8.3,0.11,30 : 70,50.6284999999999,53.5,45.1,47.9,96.8,47.0,2026
170,167,Kyushu University,Japan,Asia,L,FC,VH,Public,71.3,130,72.1,140,87.1,121,34.2,534,24.5,657,39.0,502.0,44.5,468.0,76.4,416.0,20.9,710,74.8,241=,59.3,319,Kyushu University,Japan,18679,7.7,0.14,29 : 71,53.1885,54.2,46.5,53.5,98.8,49.5,2026
173,176,McMaster University,Canada,Americas,L,FC,VH,Public,52.5,211,43.6,307,61.8,289,56.6,311,94.6,184,66.3,302.0,69.6,273.0,84.3,270.0,60.0,271,86.6,93=,59.1,116,McMaster University,Canada,28647,28.8,0.23,"2 days, 9:43:00",65.0209999999999,42.2,49.3,93.1,100.0,84.6,2026
176,210,National Tsing Hua University,Taiwan,Asia,M,CO,VH,Public,67.0,148,77.1,116,34.2,574,73.5,187,26.7,630,37.3,522.0,40.4,501.0,42.1,801.0,25.4,633,57.8,546=,59,408,National Tsing Hua University,Taiwan,14807,22.9,0.14,"1 day, 18:58:00",49.5619999999999,37.5,43.5,61.4,99.8,46.3,2026
177,192,Tongji University,China (Mainland),Asia,XL,FC,VH,Public,45.2,261,41.2,331,31.2,613,99.6,27,92.6,204,47.4,425.0,52.4,393.0,74.6,449.0,33.4,507,77.2,210=,58.8,143,Tongji University,China,33414,11.9,0.16,"1 day, 17:59:00",62.2865,53.2,53.6,74.3,99.9,63.5,2026
181,186,Cardiff University,United Kingdom,Europe,L,FC,VH,Public,60.1,175,54.4,223,48.2,403,42.2,451,87.2,243,70.1,278.0,73.0,248.0,93.4,120.0,33.5,502,88.9,71=,57.8,232,Cardiff University,United Kingdom,27880,13.7,0.24,"2 days, 11:41:00",57.1715,35.9,39.1,86.0,70.3,88.4,2026
182,196,Emory University,United States of America,Americas,L,FC,VH,Private not for Profit,34.5,353,37.7,369,92.8,88,85.7,120,70.0,335,49.6,411.0,54.3,378.0,85.0,255.0,42.4,413,63.5,432,57.7,102,Emory University,United States,13652,4.0,0.2,"2 days, 13:39:00",65.941,53.8,46.2,94.6,82.8,66.4,2026
183,174,Curtin University,Australia,Oceania,L,CO,VH,Public,46.3,254,39.3,348,17.7,801,89.6,104,100.0,57,54.3,382.0,58.7,348.0,94.2,96.0,37.9,459,82.0,149=,57.6,285,Curtin University,Australia,29539,19.9,0.35,"2 days, 4:48:00",54.924,28.5,34.2,87.5,80.4,95.1,2026
184,161,University of Bern,Switzerland,Europe,M,FC,VH,Public,38.0,313,26.0,520,49.0,394,99.3,32,100.0,58,52.9,389.0,57.4,356.0,95.5,69.0,37.2,466,68.9,331=,57.5,109,University of Bern,Switzerland,11959,17.4,0.18,"2 days, 11:41:00",65.4255,46.6,47.0,92.0,99.4,86.3,2026
184,167,University of Wollongong,Australia,Oceania,L,FC,VH,Public,41.6,287,33.1,434,21.1,801,95.6,66,99.5,113,82.2,211.0,83.8,179.0,88.6,197.0,25.8,626,86.1,98=,57.5,236,University of Wollongong,Australia,16470,24.1,0.32,"2 days, 6:46:00",56.9495,34.3,36.6,85.4,89.8,93.4,2026
186,194,Wuhan University,China (Mainland),Asia,XL,FC,VH,Public,53.6,205,46.7,283,21.3,801,98.0,46,47.1,452,10.7,801.0,8.2,801.0,77.8,387.0,58.9,276,60.8,491=,57.3,124,Wuhan University,China,49045,13.5,0.06,,64.104,54.0,48.4,90.1,99.7,41.6,2026
194,172,University of Reading,United Kingdom,Europe,L,CO,VH,Public,45.7,256,46.8,280,20.2,801,63.0,260,95.0,178,85.8,192.0,87.0,162.0,93.3,121.0,57.6,287,92.4,42=,56.2,201,University of Reading,United Kingdom,15970,15.8,0.31,"2 days, 6:46:00",58.6515,41.7,38.1,85.2,66.9,94.2,2026
194,221,Vrije Universiteit Amsterdam,Netherlands,Europe,L,FC,VH,Public,53.3,208,28.8,489,23.3,767,80.7,154,82.9,272,57.6,358.0,42.9,484.0,90.1,173.0,56.4,296,68.8,338,56.2,179,Vrije Universiteit Amsterdam,Netherlands,31949,15.8,0.2,"2 days, 9:43:00",60.2059999999999,37.7,41.8,91.8,77.5,84.3,2026
196,181,Waseda University,Japan,Asia,XL,CO,VH,Private not for Profit,73.6,118,97.2,37,29.5,639,7.3,801,35.2,535,43.7,461.0,48.9,426.0,63.1,650.0,90.7,98,74.3,252,56.1,878,Waseda University,Japan,44876,14.2,0.12,39 : 61,37.5985,34.0,26.9,43.5,68.0,53.3,2026
197,214,University of Otago,New Zealand,Oceania,L,FC,VH,Public,60.0,176,36.0,399,14.8,801,63.2,258,100.0,53,39.6,496.0,45.0,464.0,76.5,413.0,68.7,222,88.2,78=,55.8,377,University of Otago,New Zealand,18703,19.9,0.18,"2 days, 12:40:00",50.5809999999999,34.1,34.3,72.4,69.3,81.1,2026
202,194,University of Gothenburg,Sweden,Europe,L,FC,VH,Public,46.4,252,24.6,546,73.0,211,45.4,408,94.1,190,85.8,191.0,87.1,161.0,93.7,104.0,71.0,205,92.9,36=,55.5,212,University of Gothenburg,Sweden,20756,10.9,0.13,,57.9785,34.8,43.2,91.1,78.8,62.7,2026
203,215,National Cheng Kung University (NCKU),Taiwan,Asia,L,FC,VH,Public,66.4,150,79.4,106,33.8,578,39.8,471,28.6,600,24.4,670.0,30.5,610.0,58.0,718.0,56.3,297,79.7,175=,55.2,532,National Cheng Kung University (NCKU),Taiwan,21726,19.9,0.11,38 : 62,45.6269999999999,36.9,41.3,52.0,99.8,42.3,2026
203,233,University of Twente,Netherlands,Europe,M,CO,VH,Public,29.3,422,40.5,333,56.0,333,77.0,169,100.0,93,95.2,124.0,70.8,264.0,85.4,248.0,32.6,519,79.6,179,55.2,191,University of Twente,Netherlands,8204,9.5,0.43,37 : 63,59.3175,45.7,45.0,73.0,98.9,92.4,2026
207,197,Deakin University,Australia,Oceania,XL,FC,VH,Public,42.3,281,32.6,440,5.9,801,86.2,116,97.2,148,83.3,202.0,84.8,172.0,86.8,222.0,43.6,406,86.7,91=,54.9,210,Deakin University,Australia,37191,33.3,0.25,"2 days, 10:42:00",57.9975,31.6,38.4,91.7,86.3,87.7,2026
207,218,"University of Maryland, College Park",United States of America,Americas,XL,FC,VH,Public,57.2,191,51.8,236,44.2,449,60.5,284,28.0,610,24.9,666.0,18.7,783.0,92.9,129.0,59.7,273,70.7,305=,54.9,117,"University of Maryland, College Park",United States,33483,16.3,0.1,"2 days, 2:50:00",64.9524999999999,50.4,58.3,89.1,69.5,48.9,2026
211,198,University of Calgary,Canada,Americas,XL,FC,VH,Public,47.6,245,50.5,249,24.4,746,54.6,332,87.4,239,76.9,243.0,79.1,216.0,86.2,233.0,61.5,255,86.0,100,54.7,202,University of Calgary,Canada,35954,20.3,0.26,"2 days, 5:47:00",58.6335,37.8,43.1,83.6,91.4,83.3,2026
212,215,University of Florida,United States of America,Americas,XL,FC,VH,Public,58.9,179,55.8,215,75.1,194,34.7,526,31.4,570,18.1,762.0,24.2,701.0,98.2,20.0,67.9,225,74.9,237=,54.6,135,University of Florida,United States,47815,15.5,0.1,"2 days, 8:44:00",62.92,55.3,56.7,76.2,90.9,48.9,2026
212,224,University of Lausanne,Switzerland,Europe,L,FO,VH,Public,37.0,322,40.2,340,49.0,393,69.0,223,100.0,97,67.0,296.0,49.9,415.0,83.5,286.0,61.1,264,70.3,313=,54.6,125,University of Lausanne,Switzerland,14241,9.8,0.23,,63.7435,44.3,46.1,89.0,99.4,88.4,2026
215,188,Keio University,Japan,Asia,XL,FC,VH,Private not for Profit,65.5,153,93.8,57,65.2,268,9.4,801,15.2,801,19.6,735.0,25.8,674.0,55.6,759.0,95.8,71,68.9,331=,54.5,761,Keio University,Japan,34336,10.2,0.1,37 : 63,39.875,37.0,28.3,49.1,73.7,41.0,2026
219,189,University of Ottawa,Canada,Americas,XL,FC,VH,Public,35.8,339,38.7,361,5.4,801,84.8,125,96.1,165,85.5,193.0,86.8,163.0,92.3,141.0,50.0,342,86.8,90,54.2,188,University of Ottawa,Canada,40753,28.7,0.29,"2 days, 10:42:00",59.527,38.2,44.5,85.4,81.7,86.2,2026
221,229,Chulalongkorn University,Thailand,Asia,XL,FC,VH,Public,82.0,89,52.7,233,44.8,439,12.5,801,32.0,564,6.2,801.0,11.0,801.0,80.6,342.0,96.4,64,80.0,169=,53.9,579,Chulalongkorn University,Thailand,34173,12.0,0.04,"2 days, 7:45:00",44.3495,39.5,31.3,56.1,82.0,46.8,2026
223,209,Tel Aviv University,Israel,Asia,L,FC,VH,Public,43.6,269,31.0,462,6.1,801,99.7,25,48.9,444,15.3,801.0,21.3,743.0,78.3,378.0,94.2,79,77.0,214=,53.6,217,Tel Aviv University,Israel,24379,22.7,0.07,"2 days, 9:43:00",57.835,41.8,50.1,79.9,75.0,53.4,2026
224,239,Universitas Gadjah Mada,Indonesia,Asia,XL,FC,VH,Public,70.2,134,84.7,93,65.4,265,3.0,801,63.0,370,8.9,801.0,14.6,801.0,46.3,801.0,75.9,177,66.0,381=,53.5,1228,Universitas Gadjah Mada,Indonesia,40174,8.1,0.05,"2 days, 10:42:00",31.695,33.1,24.0,31.3,57.2,43.9,2026
225,224,Loughborough University,United Kingdom,Europe,L,CO,VH,Public,42.8,277,64.5,165,26.9,699,50.6,371,94.6,183,71.1,269.0,73.9,242.0,81.4,324.0,33.2,509,87.9,80=,53.3,339,Loughborough University,United Kingdom,18345,15.4,0.25,40 : 60,52.1499999999999,34.8,32.9,76.1,70.2,89.4,2026
226,213,Queensland University of Technology,Australia,Oceania,XL,CO,VH,Public,51.6,215,38.8,356,11.6,801,70.9,211,96.6,158,44.8,451.0,49.9,416.0,83.4,287.0,25.6,629,88.5,73,53.2,210,Queensland University of Technology,Australia,33182,36.8,0.18,"2 days, 5:47:00",57.9975,33.0,40.4,89.6,88.1,81.9,2026
229,261,United Arab Emirates University,United Arab Emirates,Asia,M,FC,VH,Public,43.3,272,58.1,199,55.1,341,35.1,522,100.0,24,39.1,501.0,44.4,470.0,88.9,191.0,87.9,120,68.6,341,53,235,United Arab Emirates University,United Arab Emirates,9024,13.9,0.18,"3 days, 1:27:00",57.0629999999999,28.7,38.1,91.8,86.5,87.3,2026
230,239,Massey University,New Zealand,Oceania,M,CO,VH,Public,42.1,284,24.1,558,57.3,319,50.5,373,99.4,120,98.9,71.0,98.9,62.0,82.2,308.0,60.7,265,83.7,129=,52.9,519,Massey University,New Zealand,15413,16.5,0.3,"2 days, 16:36:00",45.7665,30.1,29.2,62.3,81.6,86.2,2026
230,260,University of Lisbon,Portugal,Europe,XL,FC,VH,Public,57.1,193,46.3,289,15.5,801,51.4,367,14.3,801,58.6,350.0,62.6,317.0,98.4,17.0,97.3,54,79.3,184,52.9,426,University of Lisbon,Portugal,50344,18.1,0.23,"2 days, 6:46:00",48.871,31.1,41.8,66.8,75.3,60.3,2026
233,217,La Trobe University,Australia,Oceania,L,CO,VH,Public,33.4,365,29.0,488,13.2,801,87.8,110,95.6,173,97.4,97.0,97.5,85.0,82.1,310.0,28.0,594,82.2,146=,52.1,264,La Trobe University,Australia,21509,31.2,0.37,,55.857,29.5,36.8,88.9,79.0,88.7,2026
236,236,University of Rochester,United States of America,Americas,M,FC,VH,Private not for Profit,27.1,463,32.4,443,98.2,51,56.6,314,80.5,294,96.2,109.0,96.5,94.0,63.7,641.0,51.2,333,72.3,286=,51.9,127,University of Rochester,United States,10505,8.1,0.36,"2 days, 4:48:00",63.6134999999999,51.8,44.5,86.3,92.0,78.1,2026
237,278,University of Porto,Portugal,Europe,XL,FC,VH,Public,52.5,212,41.5,328,13.6,801,73.6,185,9.2,801,38.2,513.0,33.1,575.0,94.3,94.0,61.2,261,77.3,208=,51.6,415,University of Porto,Portugal,38127,17.5,0.19,"2 days, 7:45:00",49.2525,33.7,39.1,70.2,67.8,56.0,2026
239,230,Maastricht University,Netherlands,Europe,L,FO,VH,Public,32.8,373,33.7,425,18.6,801,71.7,203,99.9,103,100.0,21.0,100.0,14.0,85.6,243.0,49.6,350,80.2,166=,51.4,131,Maastricht University,Netherlands,21903,16.4,0.6,"2 days, 12:40:00",63.2565,41.4,46.1,88.3,98.3,96.7,2026
240,281,Hebrew University of Jerusalem,Israel,Asia,L,FC,VH,Public,42.9,276,36.4,394,74.6,201,41.9,452,81.9,279,33.5,551.0,38.8,509.0,74.2,460.0,97.1,57,65.5,387=,51.3,261,Hebrew University of Jerusalem,Israel,17488,16.2,0.03,"2 days, 10:42:00",55.982,48.1,47.2,72.6,77.3,43.1,2026
240,244,Victoria University of Wellington,New Zealand,Oceania,L,CO,VH,Public,57.2,192,32.2,445,15.7,801,44.3,424,100.0,96,56.7,367.0,60.9,332.0,70.1,530.0,77.6,168,83.3,132,51.3,434,Victoria University of Wellington,New Zealand,15728,17.4,0.12,"2 days, 11:41:00",48.5209999999999,29.0,33.5,73.7,62.9,75.0,2026
244,252,Hong Kong Baptist University,"Hong Kong SAR, China",Asia,M,CO,VH,Public,28.3,445,21.7,610,67.3,251,82.3,141,99.4,118,100.0,22.0,99.9,33.0,38.2,801.0,23.0,672,67.5,358=,50.9,214,Hong Kong Baptist University,Hong Kong,7628,13.4,0.6,"2 days, 16:36:00",57.932,34.6,41.0,84.5,79.5,97.4,2026
246,273,University College Cork,Ireland,Europe,L,FC,VH,Public,43.4,270,48.1,269,22.5,782,52.7,357,86.2,253,75.0,255.0,77.4,224.0,68.8,551.0,49.5,351,83.8,127=,50.7,367,University College Cork,Ireland,19075,20.2,0.23,"2 days, 11:41:00",50.9105,29.3,33.2,78.7,77.6,79.0,2026
247,271,Beijing Normal University,China (Mainland),Asia,L,CO,VH,Public,47.6,244,29.6,483,30.3,626,98.6,44,9.0,801,32.9,559.0,24.7,690.0,77.1,403.0,18.2,754,55.5,591=,50.6,136,Beijing Normal University,China,29655,15.5,0.07,,62.893,59.6,49.3,80.9,89.1,42.4,2026
247,243,Dartmouth College,United States of America,Americas,M,FC,VH,Private not for Profit,30.7,398,54.3,225,79.9,167,56.9,307,13.5,801,58.5,351.0,62.5,318.0,46.2,801.0,87.7,122,82.2,146=,50.6,181,Dartmouth College,United States,6627,7.4,0.19,"2 days, 0:52:00",60.0104999999999,56.3,38.5,81.8,72.8,63.8,2026
250,248,Vanderbilt University,United States of America,Americas,L,FC,VH,Private not for Profit,32.3,382,41.8,323,100.0,10,50.6,372,48.4,446,50.9,404.0,55.5,370.0,77.9,383.0,57.5,288,61.8,460=,50.4,93,Vanderbilt University,United States,12863,3.8,0.18,"2 days, 7:45:00",66.736,53.8,48.1,95.6,91.9,60.8,2026
251,281,University of Strathclyde,United Kingdom,Europe,L,CO,VH,Public,37.5,319,40.5,335,17.8,801,57.2,306,99.2,122,89.0,175.0,90.0,149.0,84.5,263.0,46.0,379,84.6,117=,50.2,362,University of Strathclyde,United Kingdom,19085,14.3,0.28,"2 days, 4:48:00",51.0185,37.0,35.2,66.4,79.7,90.5,2026
256,252,Harbin Institute of Technology,China (Mainland),Asia,XL,FO,VH,Public,33.3,367,47.9,270,42.0,479,99.8,22,12.9,801,9.2,801.0,14.9,801.0,73.6,481.0,35.2,490,48.1,757=,49.8,132,Harbin Institute of Technology,China,32375,11.0,0.04,,63.2044999999999,57.2,57.7,77.2,100.0,32.5,2026
257,269,Tianjin University,China (Mainland),Asia,L,CO,VH,Public,26.3,481,37.6,371,51.6,368,99.9,18,29.9,586,33.5,550.0,25.1,682.0,72.5,491.0,38.7,449,56.2,576=,49.7,208,Tianjin University,China,27866,8.7,0.15,,58.056,49.2,47.0,73.2,99.8,52.8,2026
259,302,Beijing Institute of Technology,China (Mainland),Asia,XL,FO,VH,Public,34.3,355,46.7,282,42.7,469,96.4,62,12.3,801,15.5,801.0,11.8,801.0,75.3,439.0,22.5,681,58.8,525=,49.5,238,Beijing Institute of Technology,China,33624,12.9,0.12,,56.9184999999999,46.5,44.3,76.6,99.6,45.2,2026
261,261,University of Canterbury,New Zealand,Oceania,L,CO,VH,Public,48.8,235,34.7,417,12.1,801,48.2,387,100.0,73,48.1,420.0,53.0,389.0,60.9,681.0,87.4,123,88.2,78=,49.4,632,University of Canterbury,New Zealand,14857,19.1,0.18,"2 days, 2:50:00",42.7575,26.6,28.3,59.9,64.4,82.1,2026
262,236,University of Aberdeen,United Kingdom,Europe,M,FC,VH,,40.1,299,34.8,413,44.9,437,42.9,442,95.8,168,87.2,185.0,88.3,155.0,89.7,176.0,30.0,549,87.8,83=,49.3,249,University of Aberdeen,United Kingdom,11875,12.9,0.36,"2 days, 10:42:00",56.4059999999999,38.0,34.8,82.3,79.6,96.4,2026
262,249,University of Navarra,Spain,Europe,L,FC,HI,Private not for Profit,40.8,290,78.2,111,50.6,375,25.3,631,26.8,629,84.0,200.0,85.4,171.0,58.3,714.0,80.5,156,66.1,376=,49.3,293,University of Navarra,Spain,12748,15.3,0.3,"2 days, 8:44:00",54.641,37.2,34.1,81.9,90.7,74.4,2026
262,285,University of Surrey,United Kingdom,Europe,L,CO,VH,Public,29.7,411,30.0,475,33.4,583,74.4,182,98.0,139,88.7,181.0,89.7,152.0,86.6,227.0,30.7,539,60.4,499=,49.3,220,University of Surrey,United Kingdom,14440,14.4,0.33,"2 days, 6:46:00",57.5984999999999,36.3,34.4,89.5,71.6,96.0,2026
265,246,Charles University,Czechia,Europe,XL,FC,VH,Public,58.5,182,55.5,217,37.0,543,14.3,801,33.5,549,61.7,328.0,65.4,300.0,97.2,33.0,73.2,196,76.9,217,49,465,Charles University,Czechia,53904,13.5,0.24,"2 days, 14:38:00",47.347,37.9,32.2,64.8,63.4,64.7,2026
267,264,Norwegian University of Science And Technology,Norway,Europe,XL,FC,VH,Public,45.9,255,33.4,430,30.7,620,45.1,413,87.4,240,17.7,769.0,23.8,709.0,95.2,77.0,90.5,101,80.3,165,48.9,331,Norwegian University of Science and Technology,Norway,38384,15.0,0.09,"2 days, 3:49:00",52.6365,36.7,39.1,75.9,71.4,64.6,2026
268,255,Griffith University,Australia,Oceania,L,FC,VH,Public,37.7,318,16.6,701,13.3,801,75.1,178,100.0,91,70.7,271.0,73.5,243.0,93.4,119.0,26.6,615,91.7,49=,48.7,291,Griffith University,Australia,30484,26.3,0.25,"2 days, 12:40:00",54.6964999999999,30.5,37.3,83.7,80.8,87.2,2026
269,285,Middle East Technical University,Türkiye,Asia,L,CO,VH,Public,44.8,265,88.7,77,12.8,801,34.4,528,18.0,743,31.0,579.0,36.9,528.0,79.2,365.0,82.2,148,71.8,294=,48.5,385,Middle East Technical University,Turkey,15224,21.6,0.13,"2 days, 1:51:00",50.2755,46.4,44.8,52.2,90.2,57.7,2026
271,258,University of Warsaw,Poland,Europe,XL,CO,VH,Public,61.0,168,62.8,175,59.5,304,10.0,801,13.5,801,15.7,801.0,21.8,733.0,85.9,238.0,74.4,186,74.0,259=,48.3,770,University of Warsaw,Poland,34878,11.0,0.1,"2 days, 12:40:00",39.6505,38.1,32.6,46.7,39.3,45.0,2026
272,311,North Carolina State University,United States of America,Americas,XL,CO,VH,Public,36.4,333,47.9,271,12.2,801,72.9,190,67.5,347,25.6,651.0,31.7,594.0,79.8,356.0,37.7,464,86.7,91=,48.2,303,North Carolina State University,United States,32549,16.5,0.13,"2 days, 1:51:00",54.1879999999999,45.1,43.9,67.6,81.5,61.5,2026
276,331,Sun Yat-sen University,China (Mainland),Asia,XL,FC,VH,Public,45.4,259,39.0,351,53.4,352,72.6,193,4.1,801,6.8,801.0,5.3,801.0,78.4,377.0,38.8,446,56.7,562=,48,225,Sun Yat-sen University,China,66020,15.5,0.04,"1 day, 22:54:00",57.3595,47.2,40.6,84.0,97.6,34.1,2026
276,285,University of Milan,Italy,Europe,XL,FC,VH,Public,65.9,152,27.0,507,10.2,801,56.6,313,10.8,801,13.4,801.0,19.4,772.0,85.1,252.0,63.1,246,76.4,219=,48,323,University of Milan,Italy,44429,17.4,0.07,"2 days, 12:40:00",53.1184999999999,38.9,32.5,86.1,71.2,47.2,2026
278,246,University of Sussex,United Kingdom,Europe,L,FC,VH,Public,33.8,360,21.0,624,21.4,801,60.7,283,99.0,129,89.5,172.0,90.4,146.0,86.3,232.0,53.6,314,90.0,63=,47.9,237,University of Sussex,United Kingdom,18015,16.7,0.37,"2 days, 7:45:00",56.9304999999999,34.3,36.0,88.9,64.8,94.8,2026
279,272,Radboud University Nijmegen,Netherlands,Europe,L,FC,VH,Public,38.6,310,20.3,648,34.8,566,73.2,189,83.5,266,30.1,589.0,36.0,534.0,92.5,136.0,34.9,492,67.7,353=,47.6,155,Radboud University Nijmegen,Netherlands,23615,16.1,0.13,"2 days, 10:42:00",61.537,38.5,49.7,89.3,82.1,75.9,2026
280,267,University of Antwerp,Belgium,Europe,L,FC,VH,Public,35.0,343,18.8,690,42.8,465,57.7,303,96.4,162,45.5,444.0,50.5,411.0,95.2,79.0,60.3,270,80.6,162,47.4,173,University of Antwerp,Belgium,16836,32.6,0.17,"2 days, 9:43:00",60.6475,38.9,44.3,89.6,98.5,73.4,2026
281,235,University of Waikato,New Zealand,Oceania,M,CO,VH,Public,28.2,446,18.8,691,16.2,801,82.1,144,99.5,116,79.7,223.0,81.6,192.0,49.0,801.0,58.4,282,84.8,112=,47.3,461,University of Waikato,New Zealand,10521,20.7,0.31,"2 days, 13:39:00",47.526,24.1,31.5,72.3,74.6,88.1,2026
283,275,Dalhousie University,Canada,Americas,L,FC,VH,Public,27.1,465,23.9,563,15.8,801,76.2,171,100.0,88,79.4,225.0,81.3,195.0,79.9,353.0,39.8,439,85.3,107=,47.2,354,Dalhousie University,Canada,17682,13.4,0.27,"2 days, 5:47:00",51.4795,33.1,33.2,75.4,74.3,86.6,2026
285,301,Georgetown University,United States of America,Americas,L,FC,VH,Private not for Profit,38.2,312,60.6,190,74.2,203,21.7,689,22.8,677,51.1,401.0,55.8,366.0,67.4,581.0,96.0,67,69.1,329=,47,209,Georgetown University,United States,17348,9.5,0.19,"2 days, 8:44:00",57.9985,52.2,35.3,82.1,93.0,53.5,2026
285,245,University of Macau,"Macao SAR, China",Asia,L,CO,VH,Public,18.5,660,17.9,701,11.7,801,99.9,21,100.0,25,100.0,30.0,99.6,44.0,55.1,770.0,56.8,294,52.2,658=,47,147,University of Macau,Macao,12258,19.4,0.51,"2 days, 5:47:00",62.0075,40.2,40.9,92.9,87.0,92.5,2026
287,256,Heriot-Watt University,United Kingdom,Europe,M,CO,VH,Public,25.7,490,34.8,415,27.3,692,61.8,275,100.0,78,97.0,100.0,97.2,89.0,75.7,425.0,37.0,467,77.2,210=,46.8,501,Heriot-Watt University,United Kingdom,9705,15.4,0.44,39 : 61,46.2545,33.4,30.3,58.8,70.3,95.5,2026
287,308,Universitas Airlangga,Indonesia,Asia,XL,FC,VH,Public,52.2,213,88.3,78,69.6,235,2.5,801,77.3,308,10.8,801.0,16.7,801.0,52.9,797.0,24.0,658,56.6,568=,46.8,1308,Universitas Airlangga,Indonesia,32097,7.2,0.08,"2 days, 18:34:00",30.2505,28.6,14.1,39.2,24.8,66.3,2026
287,293,University of Arizona,United States of America,Americas,XL,FC,VH,Public,49.3,231,40.4,336,42.8,463,47.4,397,25.4,643,15.2,801.0,21.2,746.0,93.5,116.0,54.1,311,66.9,363=,46.8,140,University of Arizona,United States,52414,20.9,0.07,"2 days, 9:43:00",62.555,48.3,52.5,86.1,80.6,53.7,2026
287,291,University of Bergen,Norway,Europe,L,FC,VH,Public,40.5,297,13.7,701,67.2,254,42.5,446,96.9,150,37.9,516.0,43.5,477.0,91.0,159.0,69.5,217,65.1,397,46.8,287,University of Bergen,Norway,15304,13.0,0.13,"2 days, 14:38:00",54.9004999999999,35.3,36.4,84.1,75.4,75.8,2026
291,267,University of The Witwatersrand,South Africa,Africa,L,FC,VH,Public,36.8,328,50.9,246,14.0,801,40.2,468,86.8,246,9.4,801.0,15.1,801.0,96.7,44.0,99.5,21,85.6,104=,46.4,318,University of the Witwatersrand,South Africa,26928,22.4,0.06,"2 days, 12:40:00",53.2709999999999,34.9,43.1,70.8,91.6,74.3,2026
292,298,Swansea University,United Kingdom,Europe,L,FC,VH,Public,34.7,348,54.7,222,28.6,666,43.0,439,76.9,312,80.5,221.0,82.4,187.0,79.7,357.0,13.7,801,84.4,121,46.2,321,Swansea University,United Kingdom,18650,15.9,0.25,"2 days, 1:51:00",53.157,30.8,30.6,87.4,58.3,88.6,2026
293,307,"University of California, Irvine",United States of America,Americas,XL,FC,VH,Public,46.6,249,37.1,381,26.8,701,53.1,351,39.5,503,64.2,310.0,52.3,394.0,81.9,313.0,28.0,596,64.9,403=,46.1,97,"University of California, Irvine",United States,35079,15.3,0.24,"2 days, 6:46:00",66.4315,47.8,52.8,91.2,98.4,76.3,2026
294,259,Case Western Reserve University,United States of America,Americas,M,FC,VH,Private not for Profit,22.4,560,20.5,642,88.6,111,66.3,239,47.6,449,76.7,246.0,79.0,218.0,58.3,715.0,40.9,429,70.8,303=,46,148,Case Western Reserve University,United States,11514,9.9,0.26,"2 days, 3:49:00",61.97,51.8,42.2,88.7,74.9,64.6,2026
294,291,Swinburne University of Technology,Australia,Oceania,L,CO,VH,Public,18.8,655,19.3,675,14.7,801,95.0,68,87.8,237,94.7,130.0,70.5,266.0,74.0,467.0,22.8,675,73.4,267=,46,256,Swinburne University of Technology,Australia,15725,28.4,0.41,"1 day, 19:57:00",56.158,33.0,33.6,91.4,78.1,81.8,2026
294,316,University of Notre Dame,United States of America,Americas,L,CO,VH,Private not for Profit,38.0,315,43.6,306,70.8,220,36.7,511,28.9,596,32.7,562.0,28.9,627.0,75.4,435.0,75.4,181,72.5,281=,46,195,University of Notre Dame,United States,12781,10.5,0.14,"1 day, 23:53:00",59.0505,52.8,45.8,73.5,72.5,69.9,2026
298,326,Istanbul Technical University,Türkiye,Asia,L,FO,VH,Public,39.6,305,85.3,91,11.5,801,35.3,521,10.4,801,36.5,531.0,42.2,491.0,76.2,419.0,79.7,162,68.5,342=,45.8,512,Istanbul Technical University,Turkey,18037,18.8,0.15,"1 day, 18:58:00",45.952,39.7,41.7,50.4,93.0,44.1,2026
299,320,University of Colorado Boulder,United States of America,Americas,XL,CO,VH,Public,49.0,232,36.8,386,52.1,359,36.0,516,38.6,510,8.5,801.0,14.2,801.0,85.6,242.0,48.9,354,90.3,61=,45.6,160,University of Colorado Boulder,United States,37094,17.0,0.08,"1 day, 22:54:00",61.3184999999999,47.5,51.6,84.1,77.3,53.6,2026
302,296,Stellenbosch University,South Africa,Africa,L,FC,VH,Public,36.7,331,44.8,299,5.0,801,67.5,233,25.4,642,14.5,801.0,11.0,801.0,93.6,111.0,88.9,114,61.0,480=,45.2,326,Stellenbosch University,South Africa,25956,26.8,0.07,"2 days, 10:42:00",52.815,34.8,40.8,75.5,91.8,58.6,2026
303,312,Jagiellonian University,Poland,Europe,XL,FO,VH,Public,49.9,226,54.4,224,75.3,193,10.4,801,8.0,801,30.0,591.0,35.9,536.0,88.6,198.0,61.5,256,71.6,296,45.1,606,Jagiellonian University,Poland,32022,8.8,0.13,"2 days, 19:33:00",43.5905,43.8,33.6,51.1,54.2,45.7,2026
303,324,University of Southern Denmark,Denmark,Europe,L,CO,VH,Public,29.2,425,24.9,540,31.9,602,68.4,227,91.7,212,46.4,435.0,51.3,403.0,77.4,394.0,27.0,607,85.0,110=,45.1,281,University of Southern Denmark,Denmark,17548,9.5,0.15,"2 days, 6:46:00",55.207,30.4,36.0,87.3,98.1,75.8,2026
306,306,Aalborg University,Denmark,Europe,L,FC,VH,Public,26.4,478,25.0,538,27.7,685,77.2,167,89.0,231,29.4,597.0,35.4,546.0,91.7,148.0,25.4,634,79.1,186,44.9,259,Aalborg University,Denmark,16050,13.9,0.13,,56.063,33.6,44.9,80.6,88.0,72.4,2026
308,319,Simon Fraser University,Canada,Americas,L,CO,VH,Public,34.9,345,20.7,636,7.6,801,59.6,289,99.1,127,86.1,189.0,87.3,158.0,78.4,376.0,34.0,500,85.2,109,44.7,335,Simon Fraser University,Canada,26776,24.9,0.31,"2 days, 6:46:00",52.312,26.9,35.6,79.7,83.5,90.7,2026
308,312,University of Johannesburg,South Africa,Africa,L,CO,VH,Public,25.5,496,25.9,523,46.5,424,45.2,410,98.5,136,60.1,342.0,63.9,310.0,99.1,14.0,69.6,215,74.8,241=,44.7,388,University of Johannesburg,South Africa,32659,26.5,0.14,"2 days, 8:44:00",50.2024999999999,29.5,38.4,69.9,81.1,82.0,2026
314,324,University of Miami,United States of America,Americas,L,FC,VH,Private not for Profit,24.5,521,40.3,338,57.9,312,48.4,386,87.8,238,25.1,660.0,31.2,598.0,85.2,251.0,59.6,274,64.6,407=,44.3,227,University of Miami,United States,18574,10.9,0.12,"2 days, 6:46:00",57.3404999999999,47.3,35.5,83.8,83.3,61.6,2026
314,293,University of Tasmania,Australia,Oceania,M,CO,VH,Public,22.5,556,12.2,701,34.3,572,72.8,192,87.1,244,91.7,152.0,92.3,129.0,80.4,348.0,25.0,640,84.0,124=,44.3,255,University of Tasmania,Australia,13316,17.1,0.31,"2 days, 10:42:00",56.1789999999999,34.3,36.9,84.5,82.8,89.3,2026
317,321,L.N. Gumilyov Eurasian National University,Kazakhstan,Asia,L,FO,VH,Public,40.1,300,85.8,86,94.7,78,2.0,801,84.6,262,25.8,649.0,27.2,650.0,31.4,801.0,7.5,801,46.6,801,43.9,1748,L.N. Gumilyov Eurasian National University,Kazakhstan,23205,18.3,0.04,"2 days, 1:51:00",23.3215,20.9,15.2,25.4,17.2,59.2,2026
319,300,Huazhong University of Science and Technology,China (Mainland),Asia,XL,FC,VH,Public,30.9,395,33.4,431,11.6,801,100.0,10,7.1,801,5.2,801.0,4.1,801.0,80.3,349.0,33.5,505,55.7,582=,43.8,178,Huazhong University of Science and Technology,China,61789,16.2,0.04,,60.2265,46.6,48.4,87.1,99.9,30.9,2026
320,298,Bauman Moscow State Technical University,Russian Federation,Europe,L,CO,VH,Public,41.1,289,63.8,168,99.9,25,2.0,801,81.0,287,85.8,190.0,87.1,160.0,14.2,801.0,10.1,801,47.6,770=,43.5,340,Bauman Moscow State Technical University,Russian Federation,15623,6.9,0.2,"1 day, 21:55:00",52.136,68.4,42.8,43.0,54.4,59.6,2026
322,368,University of Tehran,Iran (Islamic Republic of),Asia,XL,CO,VH,Public,31.0,394,41.8,322,4.2,801,91.1,97,2.5,801,3.3,801.0,2.7,801.0,86.8,223.0,58.1,284,45.5,801,43.3,490,University of Tehran,Iran,55821,26.1,0.02,"1 day, 22:54:00",46.655,38.3,31.1,70.1,65.0,36.1,2026
324,336,Sichuan University,China (Mainland),Asia,XL,FC,VH,Public,30.8,397,34.5,418,14.0,801,99.9,20,9.7,801,9.2,801.0,7.1,801.0,72.9,489.0,21.0,709,45.3,801,43,229,Sichuan University,China,49146,15.9,0.05,,57.248,46.5,48.1,74.7,99.6,42.5,2026
326,285,University of Leicester,United Kingdom,Europe,L,FC,VH,Public,29.6,418,17.7,701,40.1,502,44.2,426,90.6,220,90.6,162.0,91.4,137.0,91.1,155.0,31.0,535,81.2,158=,42.9,193,University of Leicester,United Kingdom,16435,14.5,0.37,"2 days, 5:47:00",59.204,35.4,34.9,95.9,69.0,94.8,2026
328,328,University of Delhi,India,Asia,L,FO,VH,Public,46.9,248,41.9,319,6.9,801,47.1,403,1.8,801,2.8,801.0,7.5,801.0,83.0,294.0,98.9,30,71.2,297=,42.6,802,University of Delhi,India,24204,20.2,0.02,"1 day, 23:53:00",39.0049999999999,42.9,29.7,45.8,53.6,24.7,2026
328,434,University of Sharjah,United Arab Emirates,Asia,L,CO,VH,Private not for Profit,28.5,440,34.9,411,9.3,801,52.2,362,100.0,15,100.0,40.0,100.0,28.0,84.8,259.0,19.3,740,58.8,525=,42.6,338,University of Sharjah,United Arab Emirates,12327,17.7,0.51,"2 days, 19:33:00",52.2429999999999,23.5,27.0,94.3,44.7,98.7,2026
331,328,Kyung Hee University,Republic of Korea,Asia,L,FC,VH,Private not for Profit,34.6,349,43.0,312,86.2,125,25.9,625,19.8,715,68.5,286.0,71.5,256.0,66.8,592.0,21.6,698,74.9,237=,42.5,254,Kyung Hee University,South Korea,20363,17.4,0.3,"2 days, 6:46:00",56.2245,41.2,40.3,76.5,99.9,72.5,2026
333,362,York University,Canada,Americas,XL,CO,VH,Public,33.4,366,31.7,451,5.0,801,37.8,493,87.3,242,78.9,227.0,80.9,197.0,73.5,482.0,82.2,149,84.5,119=,42.4,422,York University,Canada,41456,27.4,0.28,"2 days, 6:46:00",49.0635,29.3,33.2,71.5,72.3,86.0,2026
334,362,Sultan Qaboos University,Oman,Asia,M,FC,VH,Public,28.9,430,25.9,522,62.3,284,39.5,478,100.0,81,6.0,801.0,9.9,801.0,80.9,333.0,70.0,209,69.6,320,42.3,577,Sultan Qaboos University,Oman,7375,8.3,0.04,"2 days, 2:50:00",44.45,30.9,24.6,70.1,40.7,73.9,2026
334,344,Tufts University,United States of America,Americas,L,FC,VH,Private not for Profit,23.8,532,21.2,619,65.6,264,52.5,360,42.9,477,48.3,419.0,53.2,387.0,67.0,588.0,69.3,219,86.3,96,42.3,190,Tufts University,United States,12718,10.5,0.18,"2 days, 11:41:00",59.363,51.3,34.7,88.2,76.6,61.9,2026
339,316,Shandong University,China (Mainland),Asia,XL,FC,VH,Public,22.8,549,39.0,352,21.8,799,97.1,54,11.2,801,5.7,801.0,4.5,801.0,72.8,490.0,26.8,610,57.5,550=,42.2,275,Shandong University,China,37862,12.7,0.09,,55.4925,46.4,44.0,72.7,99.3,43.5,2026
341,362,Xiamen University,China (Mainland),Asia,XL,FC,VH,Public,34.3,354,24.2,556,25.0,733,83.9,132,10.8,801,9.3,801.0,7.1,801.0,64.7,626.0,54.4,308,54.1,623,42.1,276,Xiamen University,China,42518,14.2,0.03,,55.4865,43.3,37.6,84.2,95.1,36.6,2026
342,344,University of Oulu,Finland,Europe,M,FC,VH,Public,23.0,546,21.8,607,29.5,640,74.5,181,80.9,289,19.7,733.0,25.8,672.0,87.9,203.0,30.6,541,75.2,232=,42,272,University of Oulu,Finland,11334,22.0,0.1,"2 days, 8:44:00",55.6275,36.7,39.5,85.8,70.9,63.6,2026
343,284,Southern University of Science and Technology (SUSTech),China (Mainland),Asia,M,FO,VH,Public,14.9,701,9.4,701,87.5,116,100.0,14,42.7,479,2.8,801.0,7.2,801.0,47.2,801.0,1.3,801,65.5,387=,41.8,162,Southern University of Science and Technology (SUSTech),China,8193,9.6,0.01,,60.9575,39.6,44.2,93.9,88.5,63.3,2026
343,382,University of Pisa,Italy,Europe,L,FC,VH,Public,51.6,216,26.3,517,12.8,801,59.6,290,5.0,801,10.5,801.0,16.3,801.0,84.6,262.0,25.1,639,72.8,278,41.8,394,University of Pisa,Italy,29834,17.2,0.07,"2 days, 4:48:00",50.0295,36.3,34.7,77.7,67.7,43.2,2026
345,392,National Taiwan University of Science and Technology (Taiwan Tech),Taiwan,Asia,M,FO,VH,Public,36.7,330,48.6,266,50.6,374,46.8,405,31.3,571,35.3,538.0,38.9,508.0,45.6,801.0,25.4,632,56.8,560=,41.7,463,National Taiwan University of Science and Technology (Taiwan Tech),Taiwan,9244,19.0,0.16,30 : 70,47.4329999999999,33.2,38.3,62.9,97.8,50.0,2026
347,350,Cairo University,Egypt,Africa,XL,FC,VH,Public,60.8,170,52.7,232,13.8,801,6.0,801,4.2,801,14.4,801.0,10.9,801.0,88.9,190.0,98.0,43,66.6,368=,41.6,846,Cairo University,Egypt,173478,24.6,0.07,"2 days, 12:40:00",38.036,29.4,20.0,60.7,42.7,48.6,2026
347,347,Tilburg University,Netherlands,Europe,L,SP,VH,Public,20.5,602,37.1,382,16.8,801,67.1,236,99.0,128,77.4,238.0,79.5,209.0,61.1,678.0,23.1,669,50.6,693=,41.6,330,Tilburg University,Netherlands,12796,19.9,0.24,"2 days, 5:47:00",52.7114999999999,29.1,42.9,73.8,78.9,85.2,2026
347,355,University of Coimbra,Portugal,Europe,L,FC,VH,Public,39.2,307,24.9,542,14.9,801,61.4,279,13.1,801,33.3,554.0,39.1,506.0,92.2,142.0,47.6,368,75.8,226,41.6,453,University of Coimbra,Portugal,23217,20.4,0.19,"2 days, 10:42:00",47.9884999999999,33.8,42.1,61.5,81.4,54.7,2026
350,377,University of Tsukuba,Japan,Asia,L,FC,VH,Public,49.9,225,32.9,436,58.9,307,30.0,588,18.1,742,31.1,577.0,37.0,526.0,68.4,561.0,18.1,757,73.4,267=,41.5,365,University of Tsukuba,Japan,15491,12.4,0.17,38 : 62,50.9419999999999,52.0,46.7,50.8,77.1,49.8,2026
354,315,Quaid-i-azam University,Pakistan,Asia,M,CO,VH,Public,24.0,530,47.6,274,5.3,801,97.5,51,9.8,801,3.1,801.0,7.8,801.0,67.5,577.0,27.8,599,46.9,793=,41.3,484,Quaid-i-Azam University,Pakistan,12431,20.9,0.02,"1 day, 22:54:00",46.8424999999999,28.8,24.5,84.7,40.6,56.1,2026
355,377,Nankai University,China (Mainland),Asia,XL,FC,VH,Public,27.1,464,24.4,552,28.8,659,93.9,81,17.8,749,5.0,801.0,3.9,801.0,56.1,748.0,47.3,370,44.9,801,41.2,253,Nankai University,China,33291,11.7,0.07,,56.3204999999999,45.4,33.9,87.6,80.6,47.9,2026
355,321,National Technical University of Athens,Greece,Europe,L,FO,VH,Public,28.2,448,51.2,244,5.9,801,80.9,153,,,9.6,801.0,14.9,801.0,72.0,499.0,51.4,331,49.3,725=,41.2,823,National Technical University of Athens,Greece,13139,19.5,0.05,35 : 65,38.5325,33.3,24.4,55.1,61.2,35.4,2026
358,371,George Washington University,United States of America,Americas,L,FC,VH,Private not for Profit,31.7,389,45.8,297,30.3,628,43.4,436,13.0,801,39.2,498.0,44.7,466.0,78.7,373.0,85.8,133,60.0,502=,41.1,226,George Washington University,United States,21756,12.4,0.19,"2 days, 13:39:00",57.349,48.5,34.3,84.4,67.8,67.5,2026
358,368,Mahidol University,Thailand,Asia,L,FC,VH,Public,59.4,177,38.8,358,82.4,155,9.0,801,8.5,801,9.1,801.0,14.0,801.0,67.9,569.0,17.4,774,61.2,474=,41.1,630,Mahidol University,Thailand,29737,8.9,0.06,"2 days, 15:37:00",42.797,38.6,28.4,53.1,88.1,49.6,2026
358,349,University of Victoria,Canada,Americas,L,CO,VH,Public,25.6,495,17.3,701,6.2,801,78.7,163,97.2,149,46.0,440.0,51.0,406.0,61.3,673.0,21.2,703,79.9,172=,41.1,316,University of Victoria,Canada,17663,26.3,0.17,"2 days, 10:42:00",53.4799999999999,30.2,37.1,82.9,66.8,83.6,2026
362,354,University of Pretoria,South Africa,Africa,XL,FC,VH,Public,32.3,381,55.1,221,6.2,801,31.2,574,57.2,404,17.4,776.0,23.5,713.0,97.6,26.0,84.8,138,80.1,168,40.9,588,University of Pretoria,South Africa,34827,18.4,0.07,"2 days, 13:39:00",44.1755,32.3,34.7,57.5,61.1,65.2,2026
362,358,University of Tartu,Estonia,Europe,M,FC,VH,Public,28.6,437,23.7,567,94.6,79,19.1,728,62.1,374,20.8,712.0,26.9,654.0,89.0,186.0,89.2,112,64.2,417=,40.9,353,University of Tartu,Estonia,9766,8.9,0.13,"2 days, 20:32:00",51.5649999999999,34.5,31.4,84.0,65.1,59.7,2026
362,336,University of the Philippines,Philippines,Asia,XL,FC,HI,Public,50.6,220,71.1,143,42.7,467,3.2,801,2.4,801,1.2,801.0,5.7,801.0,66.4,600.0,80.8,155,68.9,331=,40.9,1376,University of the Philippines,Philippines,54405,10.7,0.0,"2 days, 9:43:00",29.0249999999999,27.4,17.9,39.0,28.9,38.6,2026
366,375,University of Turku,Finland,Europe,L,FC,VH,Public,36.3,334,20.2,651,63.2,279,39.6,476,46.2,462,8.9,801.0,14.7,801.0,89.2,184.0,46.1,378,74.4,250=,40.6,344,University of Turku,Finland,13966,15.4,0.07,"2 days, 16:36:00",52.018,34.2,35.6,83.4,66.0,52.6,2026
367,316,RUDN University,Russian Federation,Europe,XL,FC,VH,Public,28.4,443,61.2,189,94.0,84,3.9,801,10.9,801,95.3,123.0,95.6,105.0,88.3,199.0,14.3,801,58.9,521=,40.5,825,RUDN University,Russian Federation,27303,17.8,0.34,"2 days, 11:41:00",38.509,39.9,27.8,40.2,36.6,68.7,2026
370,326,Daegu Gyeongbuk Institute of Science and Technology (DGIST),Republic of Korea,Asia,S,FO,VH,Public,17.0,701,28.1,494,82.3,156,100.0,4,5.1,801,7.3,801.0,10.8,801.0,15.8,801.0,2.5,801,42.8,801,40.4,363,Daegu Gyeongbuk Institute of Science and Technology (DGIST),South Korea,942,6.7,0.04,35 : 65,51.0099999999999,49.4,38.7,64.0,89.6,32.4,2026
371,377,Pontificia Universidad Javeriana,Colombia,Americas,L,FC,HI,Private not for Profit,60.5,173,61.8,185,37.8,535,2.7,801,3.8,801,3.7,801.0,8.5,801.0,38.7,801.0,83.1,144,58.6,530=,40.3,1722,Pontificia Universidad Javeriana,Colombia,29088,14.2,0.01,"2 days, 8:44:00",23.7355,21.1,13.0,31.8,24.4,43.0,2026
374,416,Oxford Brookes University,United Kingdom,Europe,L,CO,HI,Public,38.7,309,62.3,178,14.8,801,12.4,801,80.8,291,89.8,168.0,90.7,143.0,61.8,666.0,26.0,624,59.8,506,40,819,Oxford Brookes University,United Kingdom,13930,13.6,0.3,"2 days, 8:44:00",38.6359999999999,26.9,23.1,53.9,30.6,88.1,2026
375,342,Sharif University of Technology,Iran (Islamic Republic of),Asia,M,FO,VH,Public,17.8,686,48.2,267,8.2,801,99.2,36,2.6,801,1.6,801.0,5.9,801.0,68.4,560.0,38.7,448,38.7,801,39.9,358,Sharif University of Technology,Iran,10163,21.9,0.01,25 : 75,51.162,35.2,38.0,78.0,96.7,33.2,2026
377,385,South China University of Technology,China (Mainland),Asia,XL,FO,VH,Public,18.8,652,20.8,635,29.4,641,99.3,31,15.9,778,10.5,801.0,16.4,801.0,64.8,623.0,40.4,434,50.1,701=,39.8,280,South China University of Technology,China,41221,12.0,0.07,39 : 61,55.257,39.0,39.1,84.0,99.7,43.0,2026
378,340,University of Saskatchewan,Canada,Americas,L,FC,VH,Public,16.0,701,10.2,701,21.1,801,71.9,201,82.4,276,65.4,305.0,68.7,280.0,77.3,397.0,44.3,396,83.6,131,39.6,397,University of Saskatchewan,Canada,18283,19.2,0.22,"2 days, 7:45:00",49.9565,39.5,34.0,63.0,96.1,76.0,2026
381,355,University of Luxembourg,Luxembourg,Europe,M,FO,VH,,13.2,701,8.2,701,87.2,118,39.5,479,100.0,19,100.0,33.0,100.0,21.0,68.1,566.0,58.8,277,42.4,801,39.4,265,University of Luxembourg,Luxembourg,5718,20.0,0.52,"2 days, 5:47:00",55.7969999999999,39.9,39.3,75.1,79.8,92.1,2026
385,342,Brunel University of London,United Kingdom,Europe,L,CO,VH,Public,17.6,694,25.2,536,12.2,801,51.8,364,99.5,114,100.0,32.0,100.0,20.0,76.7,410.0,28.8,578,80.4,163=,39.1,414,Brunel University of London,United Kingdom,15410,18.0,0.53,"1 day, 20:56:00",49.2875,24.0,26.6,81.8,64.9,98.1,2026
385,359,Gwangju Institute of Science and Technology (GIST),Republic of Korea,Asia,S,SP,VH,Public,21.3,584,12.4,701,56.7,326,99.9,16,15.7,787,18.5,751.0,20.8,750.0,28.9,801.0,2.2,801,55.3,596=,39.1,402,Gwangju Institute of Science and Technology (GIST),South Korea,1773,9.3,0.09,30 : 70,49.7879999999999,49.3,39.8,53.4,94.0,52.3,2026
387,336,Flinders University,Australia,Oceania,L,FC,VH,Public,19.6,629,9.7,701,11.3,801,64.3,252,97.9,144,97.3,99.0,97.4,87.0,77.3,400.0,15.5,801,81.6,154=,39,320,Flinders University,Australia,16021,29.9,0.4,"2 days, 15:37:00",53.172,27.9,36.9,82.9,68.7,88.3,2026
390,393,National and Kapodistrian University of Athens,Greece,Europe,XL,FC,VH,Public,34.9,344,38.9,354,3.0,801,45.1,412,12.7,801,27.2,624.0,32.7,581.0,79.7,358.0,88.9,115,64.3,415=,38.4,502,National and Kapodistrian University of Athens,Greece,66736,34.1,0.12,"2 days, 12:40:00",46.2475,24.4,26.8,78.0,92.5,55.7,2026
391,501,Abu Dhabi University,United Arab Emirates,Asia,S,FO,VH,Private for Profit,24.6,518,49.8,256,23.9,755,35.9,518,100.0,5,99.9,44.0,99.9,32.0,34.5,801.0,10.1,801,49.6,711=,38.3,233,Abu Dhabi University,United Arab Emirates,2344,10.7,0.6,"2 days, 2:50:00",57.1709999999999,38.0,33.9,92.0,29.5,98.0,2026
392,396,Sejong University,Republic of Korea,Asia,L,CO,VH,Private not for Profit,16.3,701,19.4,672,16.3,801,92.2,92,32.4,558,50.7,407.0,37.8,516.0,77.8,388.0,1.8,801,61.3,471=,38.2,269,Sejong University,South Korea,13684,20.9,0.16,"1 day, 22:54:00",55.7189999999999,33.6,33.6,92.6,83.7,65.8,2026
395,423,Aston University,United Kingdom,Europe,L,CO,VH,Public,18.1,673,27.1,506,12.0,801,56.7,309,97.9,142,63.4,317.0,67.0,290.0,81.8,317.0,28.3,587,67.6,355=,38.1,427,Aston University,United Kingdom,15710,20.9,0.35,"1 day, 23:53:00",48.8409999999999,21.7,26.2,83.6,64.6,95.7,2026
397,380,University of Kent,United Kingdom,Europe,L,CO,VH,Public,20.2,607,13.8,701,16.2,801,58.3,297,96.4,163,49.2,414.0,54.0,381.0,88.0,202.0,44.0,404,65.5,387=,37.7,438,University of Kent,United Kingdom,15680,17.0,0.28,"2 days, 6:46:00",48.4195,29.5,28.4,73.2,64.4,92.6,2026
400,384,Western Sydney University,Australia,Oceania,XL,FC,VH,Public,26.3,480,22.5,593,7.4,801,44.5,419,100.0,59,67.7,292.0,70.9,263.0,87.3,211.0,11.8,801,82.6,140,37.5,306,Western Sydney University,Australia,32737,36.4,0.26,"2 days, 11:41:00",54.0185,30.6,31.8,88.0,68.3,88.5,2026
401,431,University of Granada,Spain,Europe,XL,FC,VH,Public,59.3,178,24.3,554,11.2,801,26.3,622,9.9,801,31.7,572.0,37.6,522.0,96.4,51.0,13.1,801,58.4,536=,37.4,642,University of Granada,Spain,51046,14.3,0.11,"2 days, 13:39:00",42.5495,31.3,29.7,60.9,60.7,53.4,2026
401,421,University of Limerick,Ireland,Europe,L,FC,HI,Public,27.9,453,36.6,390,23.6,758,34.5,527,93.2,198,48.4,417.0,53.3,385.0,71.6,506.0,14.7,801,75.9,223=,37.4,537,University of Limerick,Ireland,14691,27.1,0.18,"2 days, 4:48:00",45.5299999999999,28.6,34.6,61.7,73.1,75.0,2026
404,375,University of Florence,Italy,Europe,XL,FC,VH,Public,45.1,262,16.9,701,7.0,801,49.7,376,11.2,801,20.8,713.0,26.9,655.0,86.1,234.0,36.9,468,72.9,275=,37.2,355,University of Florence,Italy,42558,22.9,0.09,"2 days, 12:40:00",51.4234999999999,37.6,37.9,75.9,76.7,46.7,2026
408,371,University of Turin,Italy,Europe,XL,FC,VH,Public,48.1,237,14.3,701,5.1,801,42.5,447,5.2,801,10.1,801.0,16.0,801.0,90.0,175.0,61.4,257,78.7,188=,36.9,468,University of Turin,Italy,60028,25.4,0.06,"2 days, 14:38:00",47.212,24.3,31.9,81.7,74.0,44.3,2026
410,412,Auckland University of Technology,New Zealand,Oceania,L,CO,VH,Public,29.6,417,22.5,587,13.7,801,33.2,549,100.0,76,100.0,39.0,100.0,27.0,50.4,801.0,23.4,663,74.0,259=,36.7,587,Auckland University of Technology,New Zealand,17420,17.0,0.49,"2 days, 11:41:00",44.1984999999999,22.6,22.8,73.6,49.8,91.3,2026
410,421,Dublin City University,Ireland,Europe,L,FC,HI,Public,29.2,423,37.5,376,27.8,683,22.0,685,80.8,292,43.2,466.0,48.4,429.0,78.0,381.0,40.2,436,79.7,175=,36.7,310,Dublin City University,Ireland,14712,27.3,0.13,"2 days, 10:42:00",53.6939999999999,28.5,36.6,88.6,69.0,71.1,2026
410,539,Sunway University,Malaysia,Asia,M,CO,VH,Private not for Profit,20.9,592,53.3,228,56.9,324,25.2,636,57.1,405,66.9,298.0,68.7,279.0,61.4,671.0,5.1,801,61.2,474=,36.7,307,Sunway University,Malaysia,5046,8.4,0.27,"2 days, 5:47:00",54.0054999999999,27.2,34.2,90.1,58.4,89.3,2026
410,396,University of Southern Queensland,Australia,Oceania,M,CO,VH,Public,11.0,701,8.2,701,7.9,801,90.1,103,78.5,304,48.7,416.0,52.0,398.0,82.2,307.0,11.0,801,65.5,387=,36.7,373,University of Southern Queensland,Australia,10582,21.5,0.19,"2 days, 15:37:00",50.7099999999999,29.3,26.8,87.1,51.3,81.5,2026
415,477,Bilkent University,Türkiye,Asia,M,CO,VH,Private not for Profit,33.8,361,73.3,134,14.5,801,27.7,610,61.6,379,7.6,801.0,12.1,801.0,40.5,801.0,27.0,609,51.7,667=,36.6,631,Bilkent University,Turkey,8980,19.8,0.06,"2 days, 0:52:00",42.7829999999999,28.4,35.5,51.3,99.5,63.2,2026
416,420,Czech Technical University In Prague,Czechia,Europe,L,SP,VH,Public,26.8,468,51.3,243,89.4,107,6.2,801,28.7,598,56.0,374.0,60.2,341.0,69.4,542.0,23.1,670,53.6,630=,36.5,1262,Czech Technical University in Prague,Czechia,15476,8.2,0.21,31 : 69,31.0454999999999,30.9,17.8,32.6,63.7,59.2,2026
419,359,University of Aveiro,Portugal,Europe,L,CO,VH,Public,18.6,658,15.5,701,13.1,801,94.7,73,5.2,801,24.8,667.0,30.9,605.0,85.5,245.0,3.3,801,64.7,405=,36.4,741,University of Aveiro,Portugal,14095,15.9,0.11,"2 days, 6:46:00",40.2814999999999,31.6,31.5,53.8,55.3,46.3,2026
420,425,National Taipei University of Technology,Taiwan,Asia,M,FO,VH,Public,18.2,672,57.6,202,28.6,667,58.8,294,25.6,639,31.7,573.0,34.9,552.0,25.6,801.0,29.2,565,58.9,521=,36.3,1251,National Taipei University of Technology,Taiwan,10608,12.4,0.05,29 : 71,31.2825,26.4,22.5,36.5,82.8,36.1,2026
423,436,Murdoch University,Australia,Oceania,M,CO,VH,Public,13.0,701,8.7,701,7.4,801,73.9,184,89.6,226,82.5,209.0,61.4,328.0,75.1,442.0,24.9,642,53.4,632=,36.1,406,Murdoch University,Australia,15815,29.1,0.53,,49.657,25.9,27.4,80.2,72.7,94.7,2026
423,462,Tampere University,Finland,Europe,L,FC,VH,Public,29.2,424,24.7,543,24.8,737,47.7,392,61.6,378,13.9,801.0,19.6,771.0,84.0,277.0,42.1,417,49.2,729=,36.1,346,Tampere University,Finland,17284,19.2,0.1,"2 days, 5:47:00",51.9299999999999,31.2,38.7,80.2,85.2,53.8,2026
423,466,Washington State University,United States of America,Americas,L,FC,VH,Public,28.7,434,39.9,345,23.1,771,42.7,444,50.7,438,9.2,801.0,15.0,801.0,77.9,386.0,15.5,801,78.5,192=,36.1,435,Washington State University,United States,25504,16.9,0.06,"2 days, 6:46:00",48.4695,37.3,33.1,67.8,82.8,56.2,2026
427,413,Graz University of Technology,Austria,Europe,M,FO,VH,Public,21.9,568,22.1,601,99.2,43,18.8,735,86.6,248,71.3,267.0,53.1,388.0,52.3,801.0,15.2,801,42.6,801,36,633,Graz University of Technology,Austria,6734,8.7,0.26,27 : 73,42.6604999999999,41.9,22.7,46.5,95.3,79.4,2026
428,418,University of Dundee,United Kingdom,Europe,M,FC,VH,Public,25.5,497,21.3,618,44.8,438,20.6,704,92.0,209,84.4,198.0,85.8,169.0,78.7,374.0,13.9,801,78.6,190=,35.9,325,University of Dundee,United Kingdom,15420,19.4,0.36,"2 days, 17:35:00",52.849,28.5,32.6,82.1,87.0,91.7,2026
430,408,Masaryk University,Czechia,Europe,XL,CO,VH,Public,32.3,383,37.3,377,13.1,801,18.8,738,34.5,541,76.8,245.0,79.0,217.0,79.8,355.0,58.8,278,77.0,214=,35.7,697,Masaryk University,Czechia,33661,18.2,0.25,"2 days, 14:38:00",41.4989999999999,26.8,32.6,57.1,51.1,66.2,2026
433,501,East China Normal University,China (Mainland),Asia,XL,CO,VH,Public,19.9,619,16.4,701,20.2,801,82.1,145,46.7,457,15.7,801.0,11.9,801.0,69.2,544.0,14.5,801,47.7,765=,35.6,286,East China Normal University,China,30163,15.0,0.07,"2 days, 14:38:00",54.921,43.1,36.5,79.5,90.6,55.3,2026
435,452,National Taiwan Normal University,Taiwan,Asia,M,CO,VH,Public,47.8,240,28.2,493,68.3,243,9.6,801,19.7,717,39.6,495.0,42.6,486.0,24.1,801.0,29.0,573,68.2,346=,35.4,570,National Taiwan Normal University,Taiwan,11067,12.4,0.17,,44.5895,36.7,32.3,56.2,86.4,54.4,2026
436,513,Prince Mohammad Bin Fahd University,Saudi Arabia,Asia,S,SP,VH,Private not for Profit,22.5,558,33.6,427,33.1,588,54.7,331,100.0,13,29.6,593.0,22.2,726.0,32.3,801.0,3.3,801,37.4,801,35.2,352,Prince Mohammad Bin Fahd University,Saudi Arabia,2470,10.8,0.17,"1 day, 23:53:00",51.6155,32.0,33.3,78.5,56.4,89.5,2026
436,466,Universitat Ramon Llull,Spain,Europe,L,CO,HI,Private not for Profit,17.5,701,72.5,136,10.3,801,15.5,797,80.4,295,68.0,290.0,71.1,261.0,31.3,801.0,81.2,152,56.7,562=,35.2,900,Universitat Ramon Llull,Spain,16683,22.0,0.24,"2 days, 5:47:00",37.1875,20.8,17.6,63.2,36.5,73.7,2026
439,485,National Sun Yat-sen University,Taiwan,Asia,M,CO,VH,Public,36.8,326,32.1,447,35.6,558,38.0,492,35.5,534,16.5,788.0,22.2,728.0,46.4,801.0,14.7,801,67.0,362,35,776,National Sun Yat-Sen University,Taiwan,8876,12.3,0.09,"1 day, 19:57:00",39.614,31.5,35.1,43.6,89.0,46.7,2026
440,477,Ajman University,United Arab Emirates,Asia,S,FO,VH,Private not for Profit,27.8,454,51.3,241,15.7,801,10.2,801,100.0,8,100.0,4.0,99.7,37.0,65.2,621.0,12.8,801,46.2,801,34.9,411,Ajman University,United Arab Emirates,4626,15.2,0.81,"2 days, 9:43:00",49.5085,25.8,28.7,84.0,22.8,99.5,2026
440,445,James Cook University,Australia,Oceania,M,FC,VH,Public,21.0,591,11.0,701,27.5,689,60.3,286,46.9,454,37.6,518.0,43.2,480.0,83.8,279.0,11.2,801,81.9,151=,34.9,357,James Cook University,Australia,9165,15.3,0.14,"2 days, 18:34:00",51.2615,28.8,31.9,82.3,67.8,81.5,2026
440,464,Macau University of Science and Technology,"Macao SAR, China",Asia,L,CO,VH,Private not for Profit,7.4,701,10.9,701,4.8,801,79.5,161,100.0,18,100.0,1.0,87.9,157.0,23.9,801.0,36.8,472,52.0,663=,34.9,260,Macau University of Science and Technology,Macao,18264,44.6,0.94,"2 days, 9:43:00",56.045,34.2,38.8,81.1,84.6,93.2,2026
440,497,"University of California, Riverside",United States of America,Americas,L,FC,VH,Public,21.4,577,21.1,623,10.0,801,64.2,254,80.9,290,30.4,587.0,36.3,530.0,75.4,433.0,7.0,801,55.6,589=,34.9,329,"University of California, Riverside",United States,25233,19.6,0.16,"2 days, 3:49:00",52.7615,37.4,32.6,79.5,69.8,75.1,2026
446,439,Vilnius University,Lithuania,Europe,L,FC,HI,Public,26.9,467,28.0,496,73.1,210,6.2,801,28.4,601,28.5,609.0,34.5,557.0,80.2,351.0,91.3,93,70.3,313=,34.8,868,Vilnius University,Lithuania,19929,11.7,0.12,"2 days, 17:35:00",37.738,26.8,26.5,53.6,58.3,49.8,2026
447,387,Belarusian State University,Belarus,Europe,L,CO,HI,Public,32.5,377,51.5,239,91.8,98,1.7,801,4.9,801,71.1,268.0,67.5,286.0,34.4,801.0,61.3,258,,,34.6,1880,Belarusian State University,Belarus,23445,8.3,0.22,"2 days, 10:42:00",20.5105,24.7,11.1,10.9,45.0,65.8,2026
449,470,Iowa State University,United States of America,Americas,L,CO,VH,Public,26.4,479,21.6,611,10.8,801,61.0,281,6.7,801,17.8,764.0,24.0,703.0,78.9,370.0,50.6,339,65.0,398=,34.4,424,Iowa State University,United States,27116,17.2,0.08,"1 day, 22:54:00",48.9599999999999,41.6,36.2,64.7,87.0,44.0,2026
450,401,Kazan Federal University,Russian Federation,Europe,L,FC,VH,Public,27.2,460,19.5,669,98.1,54,3.8,801,14.0,801,97.7,94.0,97.8,83.0,86.7,225.0,19.6,732,55.3,596=,34.3,989,Kazan Federal University,Russian Federation,22575,11.1,0.33,"2 days, 18:34:00",35.684,46.6,22.1,27.7,52.2,68.4,2026
452,508,Shenzhen University,China (Mainland),Asia,XL,CO,VH,Public,11.9,701,8.7,701,40.1,501,90.9,100,15.9,780,2.7,801.0,7.5,801.0,69.0,547.0,26.0,623,48.2,751=,34.2,382,Shenzhen University,China,35012,13.8,0.01,"2 days, 1:51:00",50.3255,26.5,35.9,86.4,82.8,38.2,2026
452,460,Stony Brook University,United States of America,Americas,L,FC,VH,Public,24.2,527,17.8,701,43.6,459,32.4,556,47.4,451,53.4,384.0,57.9,352.0,73.7,474.0,31.9,527,82.5,141=,34.2,313,Stony Brook University,United States,24947,9.8,0.17,"2 days, 6:46:00",53.5595,43.4,30.8,78.9,68.3,72.3,2026
452,389,University of Cyprus,Cyprus,Asia,M,CO,VH,Public,14.6,701,10.8,701,10.3,801,62.3,270,94.3,187,42.2,471.0,46.1,452.0,69.8,534.0,54.6,306,52.9,650,34.2,493,University of Cyprus,Cyprus,6983,19.9,0.14,"2 days, 14:38:00",46.554,28.9,30.7,69.2,70.2,74.1,2026
456,403,Amirkabir University of Technology,Iran (Islamic Republic of),Asia,M,SP,VH,Public,8.5,701,26.7,513,7.4,801,100.0,9,41.7,485,5.7,801.0,4.5,801.0,67.2,583.0,5.4,801,35.5,801,34.1,385,Amirkabir University of Technology,Iran,8344,17.8,0.04,34 : 66,50.2755,37.1,33.0,75.3,91.9,46.6,2026
456,472,University of Essex,United Kingdom,Europe,L,CO,VH,Public,23.7,535,9.9,701,17.1,801,35.1,525,99.9,102,99.2,64.0,99.2,53.0,77.0,404.0,24.7,645,54.5,610=,34.1,350,University of Essex,United Kingdom,16005,14.8,0.48,"2 days, 7:45:00",51.683,30.1,30.2,81.0,61.2,97.3,2026
458,393,"University of California, Santa Cruz",United States of America,Americas,L,CO,VH,Public,24.7,517,13.6,701,10.0,801,62.4,268,71.4,331,10.0,801.0,15.7,801.0,62.2,662.0,14.3,801,84.3,122,34,182,"University of California, Santa Cruz",United States,19357,23.6,0.1,"1 day, 23:53:00",59.892,38.3,41.7,93.2,75.7,73.5,2026
461,442,Novosibirsk State University,Russian Federation,Europe,M,FO,VH,Public,28.8,432,31.1,460,93.6,87,13.0,801,9.1,801,70.6,272.0,69.5,274.0,55.7,758.0,13.3,801,43.8,801,33.9,1136,Novosibirsk State University,Russian Federation,7300,6.6,0.23,,33.0895,38.4,29.6,24.0,57.0,49.3,2026
465,383,Anna University,India,Asia,L,SP,VH,Public,15.0,701,19.4,674,9.2,801,99.8,23,,,1.6,801.0,6.0,801.0,47.3,801.0,17.8,763,64.5,409=,33.8,984,Anna University,India,11396,12.1,0.01,"1 day, 17:59:00",35.773,39.2,16.2,51.8,59.9,21.0,2026
465,415,Concordia University,Canada,Americas,XL,CO,VH,Public,21.7,572,18.0,701,5.2,801,32.0,563,64.0,362,94.4,135.0,94.8,112.0,75.6,429.0,58.4,281,81.8,153,33.8,659,Concordia University,Canada,36811,25.5,0.35,"2 days, 1:51:00",42.1419999999999,24.5,25.8,63.7,68.0,74.7,2026
465,489,Shanghai University,China (Mainland),Asia,XL,FO,VH,Public,29.8,410,21.4,615,51.1,369,48.5,385,29.6,589,10.2,801.0,7.8,801.0,62.5,657.0,12.5,801,42.9,801,33.8,508,Shanghai University,China,39590,13.4,0.06,"2 days, 2:50:00",46.028,31.5,37.6,64.3,93.6,37.3,2026
465,452,University of Kansas,United States of America,Americas,L,FC,VH,Public,17.6,697,22.8,582,91.9,97,13.6,801,79.0,301,12.6,801.0,18.6,786.0,87.5,210.0,42.8,409,62.2,454=,33.8,375,University of Kansas,United States,23777,9.0,0.07,"2 days, 6:46:00",50.6319999999999,45.4,29.8,70.7,79.3,56.2,2026
473,524,Pusan National University,Republic of Korea,Asia,L,FC,VH,Public,28.6,439,20.2,650,57.6,315,36.7,509,19.9,714,27.1,626.0,33.2,573.0,57.5,726.0,18.9,744,73.6,265=,33.5,529,Pusan National University,South Korea,15331,15.5,0.14,"2 days, 5:47:00",45.6805,41.6,39.6,49.1,95.3,45.1,2026
479,489,Chung-Ang University,Republic of Korea,Asia,L,FC,VH,Private not for Profit,24.9,512,37.6,372,79.2,172,16.7,769,19.7,719,62.4,323.0,66.1,297.0,31.3,801.0,17.3,777,68.9,331=,33.3,456,Chung-Ang University,South Korea,18394,21.9,0.26,,47.924,38.8,38.9,55.7,93.3,63.4,2026
480,474,Hiroshima University,Japan,Asia,L,FC,VH,Public,34.6,351,17.1,701,79.8,168,17.2,762,19.2,725,22.7,690.0,17.1,801.0,70.3,525.0,12.4,801,73.2,271=,33.2,638,Hiroshima University,Japan,14922,8.7,0.12,38 : 62,42.6219999999999,41.7,31.4,47.8,79.8,49.1,2026
482,448,Dalian University of Technology,China (Mainland),Asia,XL,CO,VH,Public,11.4,701,11.0,701,23.4,766,95.7,65,15.4,800,5.3,801.0,4.2,801.0,59.8,697.0,21.8,697,46.8,798,33,404,Dalian University of Technology,China,42273,16.6,0.05,32 : 68,49.714,34.6,39.3,71.6,99.0,35.6,2026
482,495,Duy Tan University,Viet Nam,Asia,L,CO,VH,Private for Profit,13.7,701,27.7,500,6.3,801,76.0,172,43.4,475,2.1,801.0,6.3,801.0,87.7,206.0,6.4,801,58.7,528=,33,695,Duy Tan University,Vietnam,23574,22.7,0.01,"2 days, 13:39:00",41.532,12.8,17.0,91.9,27.9,55.2,2026
482,465,Kobe University,Japan,Asia,L,FC,VH,Public,36.9,324,39.0,353,45.0,434,19.4,725,11.2,801,10.7,801.0,15.9,801.0,53.3,791.0,27.0,608,73.3,269=,33,728,Kobe University,Japan,15355,9.8,0.07,35 : 65,40.556,41.5,28.9,45.0,89.0,38.3,2026
485,508,Aristotle University of Thessaloniki,Greece,Europe,XL,FC,VH,Public,38.2,311,35.9,402,6.4,801,28.4,602,2.1,801,8.1,801.0,13.8,801.0,90.9,160.0,48.3,359,66.4,371=,32.9,936,Aristotle University of Thessaloniki,Greece,47845,18.9,0.05,"2 days, 10:42:00",36.6215,22.7,19.4,63.4,62.6,37.0,2026
485,506,University of Trento,Italy,Europe,L,CO,VH,Public,34.8,346,18.6,693,32.9,589,40.0,470,32.3,560,11.3,801.0,17.2,801.0,85.6,244.0,7.1,801,51.8,665=,32.9,360,University of Trento,Italy,14183,16.6,0.09,"2 days, 5:47:00",51.0595,34.6,35.2,77.4,70.3,61.5,2026
487,516,Edith Cowan University,Australia,Oceania,L,CO,VH,Public,13.7,701,13.1,701,6.0,801,60.4,285,96.4,160,82.4,210.0,84.0,176.0,63.8,637.0,7.4,801,51.0,680=,32.8,381,Edith Cowan University,Australia,18928,27.9,0.35,"2 days, 14:38:00",50.3384999999999,22.5,25.8,89.2,69.6,89.0,2026
487,527,Warsaw University of Technology,Poland,Europe,L,FO,VH,Public,28.4,442,72.4,137,55.7,337,9.5,801,3.4,801,17.6,771.0,23.7,710.0,63.8,638.0,15.9,801,38.4,801,32.8,1427,Warsaw University of Technology,Poland,21694,10.3,0.08,31 : 69,28.3379999999999,28.3,17.7,32.9,61.1,33.9,2026
491,431,Central South University,China (Mainland),Asia,XL,FO,VH,Public,12.1,701,10.2,701,7.3,801,100.0,8,9.0,801,7.0,801.0,5.4,801.0,73.8,472.0,23.2,667,42.7,801,32.6,297,Central South University,China,57917,20.4,0.04,,54.3214999999999,39.1,42.6,80.3,99.7,31.4,2026
494,403,University of Canberra,Australia,Oceania,M,CO,VH,Public,18.2,670,11.9,701,3.4,801,50.8,370,82.8,274,83.1,205.0,84.6,173.0,66.7,593.0,10.9,801,73.2,271=,32.5,442,University of Canberra,Australia,10723,27.2,0.44,"2 days, 9:43:00",48.3339999999999,25.7,31.0,76.0,57.0,89.1,2026
496,436,Iran University of Science and Technology,Iran (Islamic Republic of),Asia,M,FO,VH,Public,11.8,701,24.3,553,4.3,801,99.9,19,7.0,801,8.6,801.0,11.3,801.0,64.4,629.0,9.4,801,27.3,801,32.4,416,Iran University of Science and Technology,Iran,12556,29.0,0.07,36 : 64,49.2149999999999,32.0,33.9,79.5,88.6,34.0,2026
499,547,Northwestern Polytechnical University,China (Mainland),Asia,XL,CO,VH,Public,9.5,701,9.9,701,52.3,356,82.6,139,25.5,640,10.1,801.0,7.8,801.0,57.6,724.0,11.5,801,39.0,801,32.2,274,Northwestern Polytechnical University,China,35982,13.6,0.05,29 : 71,55.5289999999999,41.0,42.4,78.6,99.7,47.6,2026
499,431,Tomsk State University,Russian Federation,Europe,M,CO,VH,Public,25.3,502,20.0,656,99.3,39,7.0,801,28.0,609,94.7,131.0,93.2,125.0,66.4,599.0,7.1,801,30.6,801,32.2,668,Tomsk State University,Russian Federation,7985,11.7,0.37,,41.9429999999999,50.5,38.3,27.0,55.9,74.7,2026
503,587,Shoolini University of Biotechnology and Management Sciences,India,Asia,S,CO,VH,Private not for Profit,16.2,701,22.5,589,12.1,801,82.6,138,29.0,595,2.2,801.0,6.4,801.0,54.1,781.0,1.8,801,57.3,555=,32.1,454,Shoolini University of Biotechnology and Management Sciences,India,3676,16.4,0.01,"2 days, 2:50:00",47.9845,27.8,24.1,88.7,25.8,68.7,2026
504,489,Chongqing University,China (Mainland),Asia,XL,SP,VH,Public,11.9,701,9.8,701,18.2,801,93.8,82,28.1,605,3.9,801.0,3.2,801.0,58.1,717.0,19.1,743,40.0,801,32,389,Chongqing University,China,45609,17.7,0.03,,50.1979999999999,30.2,36.0,78.1,98.1,46.6,2026
504,511,Ewha Womans University,Republic of Korea,Asia,L,FC,HI,Private not for Profit,33.5,363,26.6,515,75.1,195,13.6,801,9.6,801,37.5,519.0,43.1,481.0,32.9,801.0,28.4,586,67.1,361,32,583,Ewha Womans University,South Korea,14226,16.6,0.16,"4 days, 4:00:00",44.246,36.9,37.3,50.3,90.9,50.9,2026
504,448,Hunan University,China (Mainland),Asia,XL,FO,VH,Public,10.9,701,11.8,701,20.8,801,94.7,74,5.9,801,2.8,801.0,2.3,801.0,57.7,721.0,32.5,520,40.6,801,32,296,Hunan University,China,36496,15.3,0.03,"1 day, 20:56:00",54.3384999999999,36.6,34.6,90.9,96.5,31.7,2026
504,456,University of Guelph,Canada,Americas,L,CO,VH,Public,19.9,621,19.2,680,7.9,801,55.2,327,49.6,443,24.0,672.0,30.1,613.0,74.8,446.0,18.2,755,80.7,161,32,446,University of Guelph,Canada,23314,28.3,0.11,"2 days, 11:41:00",48.1089999999999,34.8,36.7,64.1,80.0,63.6,2026
511,516,Ateneo de Manila University,Philippines,Asia,L,FC,MD,Private not for Profit,32.2,385,70.0,148,33.1,586,3.0,801,3.6,801,4.3,801.0,8.5,801.0,24.3,801.0,80.4,157,60.5,497=,31.6,1070,Ateneo de Manila University,Philippines,14540,10.1,0.01,"2 days, 8:44:00",34.245,27.0,11.2,64.7,23.8,35.6,2026
511,508,SOAS University of London,United Kingdom,Europe,M,FO,VH,Public,24.7,516,19.0,686,18.4,801,23.7,663,100.0,67,99.2,63.0,99.2,52.0,17.8,801.0,35.2,489,65.0,398=,31.6,477,SOAS University of London,United Kingdom,5395,15.0,0.41,"2 days, 15:37:00",46.998,38.7,34.7,59.9,38.9,79.9,2026
511,531,University of Bradford,United Kingdom,Europe,M,CO,VH,Public,14.0,701,11.2,701,9.3,801,40.3,465,75.0,316,99.2,66.0,99.2,56.0,70.5,519.0,41.5,421,70.4,311=,31.6,569,University of Bradford,United Kingdom,11775,22.0,0.47,"2 days, 8:44:00",44.6864999999999,21.4,21.4,76.1,58.5,93.3,2026
515,567,Lebanese University,Lebanon,Asia,XL,FC,HI,Public,32.9,372,55.3,219,16.0,801,3.4,801,52.2,427,47.2,428.0,44.1,474.0,59.9,695.0,38.9,445,45.2,801,31.5,1480,Lebanese University,Lebanon,44105,13.6,0.18,"2 days, 7:45:00",27.5229999999999,34.8,14.0,21.5,22.8,77.8,2026
517,452,University of Stirling,United Kingdom,Europe,M,CO,VH,Public,16.8,701,13.1,701,14.6,801,38.3,489,79.5,299,81.3,218.0,83.0,183.0,62.7,655.0,22.4,685,81.2,158=,31.4,516,University of Stirling,United Kingdom,11725,18.9,0.34,"2 days, 11:41:00",45.8614999999999,24.4,26.3,74.6,45.6,91.1,2026
519,451,University of Electronic Science and Technology of China,China (Mainland),Asia,XL,FO,VH,Public,5.8,701,16.3,701,11.3,801,99.9,17,4.2,801,4.4,801.0,3.5,801.0,83.2,289.0,11.5,801,37.6,801,31.3,333,University of Electronic Science and Technology of China,China,39817,16.7,0.02,28 : 72,52.511,37.6,37.5,80.2,99.1,33.6,2026
519,516,Ural Federal University,Russian Federation,Europe,XL,CO,VH,Public,25.8,488,24.7,544,98.2,53,3.5,801,8.7,801,49.3,412.0,54.1,379.0,91.0,158.0,5.6,801,54.4,613=,31.3,956,Ural Federal University,Russian Federation,29855,15.7,0.15,"2 days, 4:48:00",36.239,25.7,29.2,44.4,58.3,60.5,2026
524,501,University of Huddersfield,United Kingdom,Europe,L,CO,VH,Public,17.9,683,19.0,684,9.1,801,36.3,515,79.7,298,91.6,154.0,92.2,131.0,74.6,450.0,2.2,801,69.1,329=,31.2,540,University of Huddersfield,United Kingdom,14200,19.9,0.31,"2 days, 10:42:00",45.4024999999999,25.6,23.9,73.9,51.3,89.3,2026
526,631-640,Boston College,United States of America,Americas,L,CO,VH,Private not for Profit,29.9,407,30.2,471,28.0,681,26.8,618,9.8,801,28.5,608.0,34.5,556.0,47.7,801.0,64.8,240,56.0,579=,30.9,282,Boston College,United States,12989,14.6,0.13,"2 days, 7:45:00",55.165,45.8,33.1,84.0,60.0,59.4,2026
526,567,Chiang Mai University,Thailand,Asia,XL,FC,HI,Public,48.8,236,30.4,467,22.0,790,8.8,801,5.5,801,8.7,801.0,13.3,801.0,65.8,613.0,28.7,584,67.6,355=,30.9,1046,Chiang Mai University,Thailand,35691,13.9,0.04,"2 days, 13:39:00",34.6645,29.0,18.8,51.7,55.0,39.3,2026
526,516,University of Hull,United Kingdom,Europe,L,FC,HI,Public,13.2,701,14.3,701,15.9,801,36.9,505,68.3,342,95.6,121.0,95.9,103.0,70.3,526.0,29.5,556,75.4,228=,30.9,525,University of Hull,United Kingdom,13250,18.4,0.35,"2 days, 7:45:00",45.7105,27.3,23.8,72.9,57.5,87.8,2026
526,539,University of Salamanca,Spain,Europe,L,FC,VH,Public,36.9,323,23.5,568,36.8,545,11.8,801,10.2,801,25.9,647.0,31.9,590.0,86.3,231.0,33.4,506,70.8,303=,30.9,916,University of Salamanca,Spain,25749,14.6,0.16,"2 days, 13:39:00",36.9534999999999,32.0,24.8,47.9,46.6,54.5,2026
530,,The Education University of Hong Kong,"Hong Kong SAR, China",Asia,M,FO,VH,,9.4,701,7.8,701,71.7,215,39.7,474,99.8,104,68.6,285.0,61.7,325.0,43.4,801.0,9.4,801,35.3,801,30.8,197,The Education University of Hong Kong,Hong Kong,5692,13.0,0.27,"2 days, 15:37:00",59.0104999999999,35.8,38.9,91.6,74.4,89.5,2026
530,547,University of Genoa,Italy,Europe,L,FC,VH,Public,28.0,451,10.6,701,19.8,801,52.6,358,9.2,801,17.5,773.0,23.6,711.0,83.1,291.0,16.6,795,62.3,452=,30.8,410,University of Genoa,Italy,20218,16.4,0.09,"2 days, 10:42:00",49.5295,39.4,30.9,74.6,76.2,46.9,2026
530,596,University of Iowa,United States of America,Americas,L,FC,VH,Public,25.5,498,16.2,701,50.1,383,27.4,614,40.4,496,8.5,801.0,14.2,801.0,68.7,555.0,47.1,373,61.0,480=,30.8,309,University of Iowa,United States,28383,11.0,0.05,"2 days, 7:45:00",53.7415,46.8,34.3,74.9,89.9,52.3,2026
534,565,University of Connecticut,United States of America,Americas,L,FC,VH,Public,20.8,597,14.6,701,28.1,679,33.5,543,54.6,415,34.9,543.0,40.6,500.0,85.1,253.0,40.1,437,63.4,433=,30.7,395,University of Connecticut,United States,29850,11.6,0.14,"2 days, 5:47:00",50.0274999999999,40.6,28.6,73.4,69.1,66.3,2026
535,601-610,King Khalid University,Saudi Arabia,Asia,L,FC,VH,Public,25.8,489,17.6,701,64.6,274,7.0,801,100.0,30,35.9,535.0,26.9,658.0,84.4,266.0,2.7,801,45.7,801,30.6,302,King Khalid University,Saudi Arabia,29832,7.1,0.15,"2 days, 7:45:00",54.269,41.2,31.6,80.0,58.4,88.2,2026
535,701-710,Lebanese American University,Lebanon,Asia,M,FC,HI,Private not for Profit,20.2,610,44.6,301,31.3,612,10.7,801,80.6,293,26.6,638.0,31.7,593.0,78.3,380.0,29.2,564,58.3,539=,30.6,268,Lebanese American University,Lebanon,7606,12.0,0.13,"2 days, 4:48:00",55.731,36.8,32.5,93.7,32.0,80.8,2026
535,596,University of Ljubljana,Slovenia,Europe,XL,FC,VH,Public,29.7,414,18.9,689,45.6,431,11.0,801,7.1,801,18.1,760.0,13.7,801.0,85.7,241.0,98.1,41,54.2,619=,30.6,858,University of Ljubljana,Slovenia,37509,12.8,0.09,"2 days, 12:40:00",37.862,27.8,23.8,56.0,69.1,42.6,2026
540,580,Jinan University (China),China (Mainland),Asia,XL,FC,VH,Public,8.6,701,8.7,701,12.3,801,75.3,177,41.6,486,89.1,174.0,66.3,295.0,47.2,801.0,10.5,801,40.5,801,30.5,531,Jinan University (China),China,38488,15.0,0.28,"2 days, 8:44:00",45.646,26.7,25.9,77.8,65.9,57.1,2026
540,531,University of Utah,United States of America,Americas,XL,FC,VH,Public,21.8,570,13.1,701,53.8,349,38.3,488,21.2,695,18.2,759.0,24.3,699.0,74.5,455.0,28.3,588,59.6,509=,30.5,239,University of Utah,United States,33106,15.5,0.09,"2 days, 2:50:00",56.9044999999999,43.4,39.2,86.5,91.4,41.7,2026
542,592,Ain Shams University,Egypt,Africa,XL,FC,VH,Public,35.6,340,38.8,357,17.1,801,3.5,801,29.5,590,13.7,801.0,19.7,769.0,80.8,336.0,69.6,216,56.7,562=,30.3,904,Ain Shams University,Egypt,171505,14.3,0.07,"2 days, 4:48:00",37.1545,28.6,27.5,50.4,41.0,53.1,2026
542,570,University of the Punjab,Pakistan,Asia,XL,CO,VH,Public,22.5,559,57.6,203,5.7,801,24.4,649,4.0,801,1.7,801.0,6.1,801.0,71.8,504.0,89.4,109,44.3,801,30.3,903,University of the Punjab,Pakistan,28679,21.6,0.01,"2 days, 14:38:00",37.1609999999999,28.4,15.2,64.4,31.5,50.6,2026
546,547,University of Windsor,Canada,Americas,L,CO,VH,Public,5.1,701,7.1,701,2.7,801,58.2,299,89.4,228,94.6,132.0,95.0,110.0,49.5,801.0,34.4,497,68.7,339=,30.2,536,University of Windsor,Canada,14932,35.1,0.36,,45.5445,30.4,31.4,60.5,68.2,87.9,2026
549,573,Florida State University,United States of America,Americas,XL,FC,VH,Public,32.7,375,24.0,562,11.4,801,34.1,536,16.4,772,9.0,801.0,14.7,801.0,74.5,454.0,34.8,493,62.5,449,30.1,341,Florida State University,United States,40660,24.6,0.07,"2 days, 10:42:00",52.0819999999999,39.0,39.5,73.8,67.3,57.2,2026
551,596,Thammasat University,Thailand,Asia,XL,FC,HI,Public,36.7,329,38.3,365,27.2,694,3.9,801,15.9,779,2.2,801.0,6.9,801.0,45.7,801.0,90.6,100,60.7,494=,29.9,1477,Thammasat University,Thailand,39733,14.8,0.01,"2 days, 16:36:00",27.5875,23.5,21.0,33.8,37.5,39.0,2026
551,641-650,Universiti Tenaga Nasional (UNITEN),Malaysia,Asia,S,SP,VH,Private for Profit,9.5,701,19.9,660,76.6,187,34.1,535,34.7,537,70.5,274.0,65.6,299.0,55.7,754.0,5.3,801,48.7,737=,29.9,673,Universiti Tenaga Nasional (UNITEN),Malaysia,4317,10.0,0.2,33 : 67,41.888,26.1,16.3,72.8,68.1,65.3,2026
553,539,Hitotsubashi University,Japan,Asia,M,SP,VH,Public,19.7,627,78.1,112,42.2,473,4.0,801,31.3,573,33.5,553.0,36.1,533.0,11.7,801.0,57.5,290,32.2,801,29.8,1321,Hitotsubashi University,Japan,6105,14.6,0.14,33 : 67,30.025,32.5,21.8,27.6,25.7,64.1,2026
553,506,University of Delaware,United States of America,Americas,L,CO,VH,Public,12.5,701,9.4,701,9.6,801,64.1,255,48.2,447,22.5,695.0,28.6,632.0,68.5,559.0,28.7,581,72.9,275=,29.8,449,University of Delaware,United States,21608,14.6,0.11,"2 days, 10:42:00",48.053,36.1,32.0,68.5,80.4,58.1,2026
556,477,Indian Institute of Technology Indore,India,Asia,S,FO,VH,Public,8.0,701,16.9,701,28.8,658,96.9,57,1.8,801,1.3,801.0,5.7,801.0,28.2,801.0,5.3,801,34.7,801,29.6,573,Indian Institute of Technology Indore,India,2332,12.5,0.0,24 : 76,44.5425,42.9,28.9,63.9,40.9,36.0,2026
556,651-660,University of Houston,United States of America,Americas,XL,CO,VH,Public,18.7,656,24.9,541,8.1,801,30.2,585,48.0,448,43.9,459.0,32.8,579.0,74.1,465.0,67.3,230,57.1,558,29.6,459,University of Houston,United States,46269,24.0,0.16,"2 days, 5:47:00",47.6915,33.2,26.2,73.0,68.8,75.3,2026
558,552,Al Ain University,United Arab Emirates,Asia,S,FO,VH,Private not for Profit,25.6,494,20.8,631,20.8,801,17.0,764,100.0,1,100.0,20.0,74.4,238.0,37.1,801.0,7.3,801,42.9,801,29.5,428,Al Ain University,United Arab Emirates,2588,11.0,0.61,"2 days, 3:49:00",48.8045,28.0,30.2,78.7,18.6,99.1,2026
558,526,Coventry University,United Kingdom,Europe,L,CO,VH,Public,16.0,701,18.5,697,21.8,798,14.8,801,85.1,258,99.5,62.0,99.5,51.0,84.3,271.0,18.4,752,71.2,297=,29.5,685,Coventry University,United Kingdom,30640,14.6,0.58,"2 days, 2:50:00",41.677,21.6,15.1,73.5,44.9,94.4,2026
558,580,Jawaharlal Nehru University,India,Asia,M,CO,VH,Public,39.8,303,17.4,701,16.7,801,37.6,497,,,1.7,801.0,6.0,801.0,56.9,737.0,20.6,716,59.3,514=,29.5,821,Jawaharlal Nehru University,India,7759,11.2,0.01,"1 day, 18:58:00",38.5834999999999,46.0,24.4,48.5,39.5,24.1,2026
558,576,Sogang University,Republic of Korea,Asia,M,CO,VH,Private not for Profit,27.3,459,51.9,235,61.3,290,8.9,801,9.5,801,35.3,537.0,39.2,505.0,16.2,801.0,23.4,665,49.8,706=,29.5,906,Sogang University,South Korea,10317,25.0,0.18,"1 day, 22:54:00",37.1445,30.9,31.4,42.6,73.7,42.6,2026
558,587,University of Kwazulu-Natal,South Africa,Africa,XL,FC,VH,Public,17.9,682,14.4,701,6.9,801,44.5,420,29.1,591,2.1,801.0,6.7,801.0,95.9,62.0,79.4,163,63.0,441=,29.5,566,University of KwaZulu-Natal,South Africa,33675,30.7,0.02,"2 days, 14:38:00",44.7854999999999,31.4,37.9,61.5,49.1,54.9,2026
563,631-640,Ajou University,Republic of Korea,Asia,M,FC,VH,Private not for Profit,19.8,623,22.1,600,70.2,230,34.3,530,13.3,801,58.0,355.0,58.4,350.0,18.1,801.0,5.3,801,53.3,636=,29.4,474,Ajou University,South Korea,7348,15.0,0.26,39 : 61,47.1194999999999,34.3,38.6,58.4,95.8,59.4,2026
563,611-620,American University of the Middle East,Kuwait,Asia,M,SP,HI,Private for Profit,25.9,487,34.7,416,28.9,652,8.9,801,100.0,7,36.9,528.0,38.6,512.0,67.2,586.0,6.1,801,47.2,783=,29.4,614,American University of the Middle East,Kuwait,5014,11.1,0.15,"2 days, 14:38:00",43.3375,29.1,19.5,71.9,27.7,85.6,2026
563,574,University of Debrecen,Hungary,Europe,L,FC,HI,Public,27.3,458,21.5,613,45.9,426,7.4,801,14.4,801,76.5,248.0,78.7,220.0,74.9,444.0,25.9,625,70.4,311=,29.4,876,University of Debrecen,Hungary,20923,12.2,0.25,"2 days, 8:44:00",37.6635,41.7,18.2,45.7,50.6,58.0,2026
566,474,Bangor University,United Kingdom,Europe,M,FC,VH,Public,12.8,701,10.5,701,18.9,801,44.4,422,38.1,515,77.4,239.0,79.5,210.0,74.7,447.0,16.9,787,78.0,195=,29.3,507,Bangor University,United Kingdom,9035,15.7,0.31,"2 days, 11:41:00",46.0389999999999,28.3,26.0,70.3,63.2,87.1,2026
566,631-640,Savitribai Phule Pune University,India,Asia,M,CO,VH,Public,11.1,701,20.3,647,47.1,420,63.8,257,,,3.3,801.0,7.5,801.0,54.7,773.0,30.4,547,43.0,801,29.3,969,Savitribai Phule Pune University,India,6043,12.2,0.02,"1 day, 22:54:00",36.044,40.9,13.3,56.2,37.1,23.7,2026
566,611-620,University of Minho,Portugal,Europe,L,FC,VH,Public,22.2,564,17.1,701,28.3,676,38.6,485,21.3,694,26.0,645.0,32.0,589.0,83.6,284.0,15.7,801,67.7,353=,29.3,663,University of Minho,Portugal,21465,20.8,0.13,"2 days, 7:45:00",42.1055,28.0,33.6,57.1,82.6,48.9,2026
571,501,Colorado School of Mines,United States of America,Americas,M,FO,VH,Public,11.3,701,22.5,588,18.8,801,69.9,216,28.7,599,11.2,801.0,17.1,801.0,30.9,801.0,29.4,558,54.7,608=,29.2,470,Colorado School of Mines,United States,7022,17.2,0.07,32 : 68,47.2099999999999,40.9,32.6,63.7,86.7,41.5,2026
571,641-650,Hacettepe University,Türkiye,Asia,L,FC,VH,Public,33.0,371,50.5,251,18.5,801,11.8,801,3.9,801,6.1,801.0,10.9,801.0,73.5,483.0,30.8,536,58.3,539=,29.2,877,Hacettepe University,Turkey,35176,14.7,0.03,"2 days, 13:39:00",37.6329999999999,34.8,28.6,49.0,58.7,27.0,2026
571,489,Isfahan University of Technology,Iran (Islamic Republic of),Asia,M,FO,VH,,7.8,701,22.6,586,6.4,801,97.7,50,2.2,801,3.9,801.0,7.7,801.0,45.7,801.0,9.6,801,28.0,801,29.2,664,Isfahan University of Technology,Iran,10096,22.6,0.03,40 : 60,42.0945,34.1,27.6,59.7,84.4,36.6,2026
575,611-620,Brno University of Technology,Czechia,Europe,L,FO,VH,Public,17.7,691,36.4,393,37.0,544,13.7,801,26.7,631,77.3,241.0,79.2,215.0,80.7,339.0,15.7,801,61.3,471=,29.1,1316,Brno University of Technology,Czechia,17555,14.5,0.26,28 : 72,30.113,24.6,17.7,34.5,73.7,59.0,2026
578,562,Universiti Teknologi Brunei,Brunei Darussalam,Asia,S,FO,VH,Public,20.2,609,13.1,701,86.5,123,22.7,673,100.0,62,7.7,801.0,11.5,801.0,20.7,801.0,16.6,794,34.7,801,29,758,Universiti Teknologi Brunei,Brunei Darussalam,1977,7.7,0.04,"2 days, 13:39:00",39.908,29.9,14.0,68.5,33.5,68.5,2026
578,552,University of Tabriz,Iran (Islamic Republic of),Asia,L,CO,VH,Public,9.7,701,11.2,701,2.9,801,91.7,94,1.7,801,25.4,655.0,24.4,697.0,76.9,408.0,5.1,801,29.6,801,29,653,University of Tabriz,Iran,21199,23.6,0.15,"2 days, 3:49:00",42.3005,28.6,21.4,72.8,45.5,53.3,2026
582,574,Florida International University,United States of America,Americas,XL,FC,HI,Public,22.7,551,38.3,363,18.3,801,17.5,759,27.7,617,22.6,692.0,28.7,630.0,84.7,260.0,28.0,595,79.0,187,28.8,489,Florida International University,United States,35509,22.2,0.09,"2 days, 8:44:00",46.7604999999999,33.2,32.6,70.7,65.5,49.1,2026
582,547,University of Iceland,Iceland,Europe,M,CO,VH,,9.6,701,2.0,701,99.6,35,18.0,751,32.4,557,18.1,761.0,24.2,700.0,75.5,432.0,89.3,110,49.4,719=,28.8,521,University of Iceland,Iceland,9343,16.0,0.13,"2 days, 21:31:00",45.748,24.6,35.3,69.3,83.1,55.2,2026
584,621-630,Charles Darwin University,Australia,Oceania,M,FO,VH,Public,7.8,701,7.3,701,6.4,801,65.1,247,41.8,483,88.9,178.0,88.5,154.0,49.7,801.0,4.8,801,70.7,305=,28.7,467,Charles Darwin University,Australia,7195,23.9,0.38,"2 days, 17:35:00",47.2335,22.7,29.9,78.9,50.4,82.4,2026
584,554,University of Dhaka,Bangladesh,Asia,XL,FC,HI,Public,30.5,401,51.3,242,10.5,801,6.9,801,2.2,801,1.4,801.0,1.3,801.0,57.8,720.0,97.0,59,54.2,619=,28.7,931,University of Dhaka,Bangladesh,35843,18.6,0.0,"1 day, 20:56:00",36.7315,17.7,13.3,76.5,33.2,45.0,2026
587,711-720,American University,United States of America,Americas,M,CO,VH,Private not for Profit,19.8,624,50.2,253,45.1,433,7.6,801,16.7,770,27.0,630.0,33.1,574.0,34.6,801.0,51.6,328,74.6,247=,28.6,757,American University,United States,13316,12.0,0.11,"2 days, 16:36:00",39.9395,35.7,18.6,63.6,41.6,43.6,2026
587,641-650,National Central University,Taiwan,Asia,M,CO,VH,Public,28.9,428,38.7,360,26.4,706,25.6,628,18.5,735,18.4,755.0,20.4,755.0,33.9,801.0,18.7,747,60.6,496,28.6,1158,National Central University,Taiwan,11391,10.1,0.07,37 : 63,32.729,31.0,25.1,30.7,99.0,41.8,2026
591,587,Bond University,Australia,Oceania,S,FO,VH,Private not for Profit,5.9,701,8.3,701,52.1,362,53.8,346,63.5,366,90.4,164.0,91.2,139.0,24.6,801.0,11.6,801,23.5,801,28.5,462,Bond University,Australia,3588,10.2,0.32,"2 days, 8:44:00",47.509,26.8,21.9,87.3,25.8,80.4,2026
591,601-610,Illinois Institute of Technology,United States of America,Americas,M,CO,VH,Private not for Profit,16.9,701,23.3,575,15.8,801,47.5,396,18.7,734,99.7,48.0,99.7,38.0,27.3,801.0,22.5,683,32.5,801,28.5,336,Illinois Institute of Technology,United States,6734,13.6,0.45,38 : 62,52.2945,41.0,26.9,77.3,92.4,73.5,2026
595,621-630,Zayed University,United Arab Emirates,Asia,M,SP,VH,Public,19.8,625,31.7,452,34.7,567,21.8,688,100.0,17,2.8,801.0,7.1,801.0,48.5,801.0,29.3,561,41.1,801,28.4,497,Zayed University,United Arab Emirates,7520,13.7,0.02,"3 days, 11:17:00",46.3715,21.8,21.7,85.8,59.5,73.7,2026
597,554,Hasselt University,Belgium,Europe,M,FC,HI,Public,8.8,701,5.2,701,85.7,128,22.8,671,78.5,306,41.1,483.0,46.4,448.0,69.8,533.0,6.6,801,62.7,444=,28.3,345,Hasselt University,Belgium,6128,28.4,0.16,"2 days, 2:50:00",51.979,35.0,37.8,72.8,87.8,71.2,2026
597,611-620,Taipei Medical University,Taiwan,Asia,M,SP,VH,Private not for Profit,16.9,701,14.7,701,94.2,83,32.3,558,20.0,713,22.0,699.0,16.6,801.0,24.7,801.0,11.9,801,48.1,757=,28.3,418,Taipei Medical University,Taiwan,6154,8.8,0.11,"2 days, 11:41:00",49.1855,46.3,32.2,63.6,86.6,48.6,2026
597,631-640,Tulane University,United States of America,Americas,L,FC,HI,Private not for Profit,14.5,701,13.8,701,87.2,117,17.5,760,20.3,708,18.5,752.0,24.6,692.0,79.2,363.0,46.2,375,51.8,665=,28.3,433,Tulane University,United States,13113,7.4,0.1,"2 days, 13:39:00",48.528,43.0,23.4,75.8,63.8,50.2,2026
597,570,University of Szeged,Hungary,Europe,L,FC,HI,Private not for Profit,26.2,484,22.7,583,41.9,482,8.9,801,15.4,801,56.4,368.0,60.6,336.0,75.3,438.0,29.0,574,69.4,323=,28.3,1170,University of Szeged,Hungary,21326,13.2,0.19,"2 days, 8:44:00",32.6329999999999,31.2,16.4,42.3,48.7,53.8,2026
597,596,University of Texas at Dallas,United States of America,Americas,L,FC,VH,Public,19.3,641,33.7,426,5.5,801,43.0,438,14.4,801,61.1,335.0,64.9,305.0,55.3,765.0,9.1,801,48.9,733,28.3,476,University of Texas at Dallas,United States,26710,24.5,0.22,"1 day, 20:56:00",47.0149999999999,29.2,26.6,76.6,73.8,63.4,2026
604,601-610,National Chengchi University,Taiwan,Asia,L,CO,HI,Public,28.3,444,46.9,279,21.2,801,3.4,801,38.0,516,36.2,532.0,41.1,497.0,12.8,801.0,93.3,84,41.4,801,28.2,1295,National Chengchi University,Taiwan,13230,15.7,0.16,"2 days, 9:43:00",30.4405,27.1,28.9,25.1,62.5,53.8,2026
604,535,University of Eastern Finland,Finland,Europe,L,CO,VH,Public,18.9,649,10.3,701,45.0,435,35.3,520,39.2,507,12.0,801.0,17.9,797.0,84.0,275.0,5.6,801,71.2,297=,28.2,482,University of Eastern Finland,Finland,12849,17.1,0.07,"2 days, 20:32:00",46.8674999999999,28.6,31.1,76.6,67.6,49.7,2026
607,691-700,University of Siena,Italy,Europe,M,FC,VH,Public,21.4,580,7.8,701,15.3,801,60.2,288,4.6,801,19.7,734.0,25.8,673.0,61.2,675.0,12.3,801,63.4,433=,28,371,University of Siena,Italy,10480,16.8,0.09,"2 days, 15:37:00",50.795,39.3,35.1,75.0,75.5,46.7,2026
609,592,Nottingham Trent University,United Kingdom,Europe,XL,CO,VH,Public,16.4,701,22.9,580,15.5,801,10.7,801,67.1,349,90.4,165.0,91.2,140.0,84.8,258.0,20.4,717,77.5,206=,27.9,611,Nottingham Trent University,United Kingdom,36005,15.0,0.25,"2 days, 6:46:00",43.4214999999999,20.8,14.1,83.3,38.1,89.1,2026
609,741-750,Universiti Malaysia Pahang Al-Sultan Abdullah (UMPSA),Malaysia,Asia,M,FO,VH,Public,17.2,701,9.9,701,23.6,760,57.9,300,32.1,561,19.0,746.0,21.1,747.0,61.6,668.0,5.2,801,51.4,675=,27.9,651,Universiti Malaysia Pahang Al-Sultan Abdullah (UMPSA),Malaysia,7584,12.4,0.1,"2 days, 1:51:00",42.326,37.9,23.9,59.0,52.8,58.7,2026
613,661-670,University of Plymouth,United Kingdom,Europe,L,FC,HI,Public,13.8,701,14.2,701,15.4,801,36.7,508,61.3,382=,61.4,332.0,65.1,303.0,82.1,311.0,13.8,801,58.6,530=,27.8,553,University of Plymouth,United Kingdom,16895,17.8,0.22,"2 days, 13:39:00",45.0999999999999,23.0,21.2,77.9,65.8,82.2,2026
622,559,Umm Al-Qura University,Saudi Arabia,Asia,XL,FC,HI,Public,23.6,537,15.4,701,61.3,291,4.9,801,100.0,95,26.1,643.0,19.6,770.0,71.3,510.0,11.5,801,36.8,801,27.6,491,Umm Al-Qura University,Saudi Arabia,34462,13.3,0.06,"1 day, 23:53:00",46.61,35.4,25.3,75.7,34.5,63.2,2026
624,721-730,Diponegoro University,Indonesia,Asia,XL,FC,HI,Public,30.0,405,53.2,229,30.5,622,2.3,801,46.4,461,7.1,801.0,12.0,801.0,35.5,801.0,24.2,655,51.0,680=,27.5,1559,Diponegoro University,Indonesia,36538,16.8,0.04,"2 days, 18:34:00",26.2279999999999,32.5,16.8,23.0,45.4,40.7,2026
628,621-630,Istanbul University,Türkiye,Asia,XL,FC,HI,Public,33.3,368,43.0,313,4.5,801,5.1,801,7.0,801,20.6,720.0,26.8,660.0,70.5,518.0,78.8,166,37.5,801,27.4,1206,Istanbul University,Turkey,55489,22.0,0.08,"2 days, 8:44:00",32.035,32.2,25.6,33.2,56.8,38.4,2026
628,527,Missouri University of Science and Technology,United States of America,Americas,M,CO,VH,Public,4.9,701,10.5,701,8.6,801,87.7,112,26.9,627,32.5,563.0,35.3,547.0,41.7,801.0,8.8,801,34.0,801,27.4,549,Missouri University of Science and Technology,United States,7306,21.8,0.13,24 : 76,45.2155,27.9,29.5,64.1,89.0,75.2,2026
628,661-670,National Chung Hsing University,Taiwan,Asia,L,CO,VH,Public,28.6,436,30.9,463,29.4,642,22.5,677,12.3,801,14.0,801.0,19.0,781.0,34.5,801.0,42.2,416,56.3,573=,27.4,1259,National Chung Hsing University,Taiwan,16156,13.0,0.09,"1 day, 19:57:00",31.092,24.6,25.4,35.8,74.6,36.6,2026
628,601-610,University of Crete,Greece,Europe,L,FC,HI,Public,19.3,639,17.8,701,3.9,801,69.6,219,2.7,801,7.2,801.0,12.0,801.0,61.9,664.0,4.5,801,40.6,801,27.4,649,University of Crete,Greece,12551,22.7,0.05,"2 days, 16:36:00",42.3925,24.7,29.1,68.5,66.3,46.2,2026
635,621-630,Tallinn University of Technology,Estonia,Europe,M,FO,VH,Public,16.2,701,18.6,694,33.5,581,23.5,665,53.2,425,26.8,635.0,32.8,578.0,81.2,326.0,50.5,341,43.0,801,27.2,672,Tallinn University of Technology,Estonia,7451,13.2,0.12,40 : 60,41.898,26.2,24.9,66.0,69.2,58.4,2026
635,631-640,University of Portsmouth,United Kingdom,Europe,L,CO,VH,Public,10.9,701,13.1,701,12.0,801,27.8,607,80.1,297,90.7,160.0,91.4,135.0,81.5,322.0,13.5,801,62.6,448,27.2,448,University of Portsmouth,United Kingdom,22370,15.9,0.36,"2 days, 0:52:00",48.0605,22.0,20.1,88.7,51.1,94.5,2026
638,576,Southern Cross University,Australia,Oceania,M,CO,VH,Public,6.0,701,4.3,701,3.9,801,55.5,322,92.7,203,62.6,322.0,66.2,296.0,61.1,677.0,6.2,801,65.9,385=,27.1,499,Southern Cross University,Australia,8883,43.0,0.22,"2 days, 21:31:00",46.3175,24.4,29.9,72.8,66.9,79.1,2026
638,570,"University of Chemistry and Technology, Prague",Czechia,Europe,S,FO,VH,Public,8.2,701,12.2,701,99.5,38,19.2,727,33.7,547,85.4,194.0,86.7,164.0,32.0,801.0,9.4,801,43.4,801,27.1,1342,"University of Chemistry and Technology, Prague",Czechia,4505,8.8,0.29,"2 days, 9:43:00",29.6165,37.3,14.7,26.9,55.0,54.4,2026
642,539,University of Fribourg,Switzerland,Europe,M,CO,VH,Public,13.6,701,5.5,701,14.1,801,27.3,615,99.9,98,52.5,392.0,51.2,405.0,60.4,687.0,49.6,349,66.8,367,27,423,University of Fribourg,Switzerland,6817,14.8,0.17,"2 days, 17:35:00",49.0299999999999,39.1,33.8,62.4,71.9,81.3,2026
643,631-640,Inha University,Republic of Korea,Asia,L,FC,VH,Private not for Profit,17.5,699,19.9,659,74.7,198,23.8,661,17.7,752,25.7,650.0,29.4,622.0,28.1,801.0,17.1,779,64.7,405=,26.9,880,Inha University,South Korea,14163,17.0,0.08,"1 day, 19:57:00",37.5615,31.6,28.2,46.2,83.6,38.1,2026
643,601-610,Manchester Metropolitan University,United Kingdom,Europe,XL,CO,VH,Public,18.8,654,16.4,701,11.4,801,16.8,766,63.1,369,61.4,331.0,65.2,302.0,89.0,189.0,19.2,741,78.0,195=,26.9,620,Manchester Metropolitan University,United Kingdom,33935,18.1,0.22,"2 days, 10:42:00",43.214,20.8,19.5,78.3,42.7,83.0,2026
643,661-670,University of Manitoba,Canada,Americas,L,FC,VH,Public,19.2,643,20.0,657,31.8,604,22.6,675,,,68.4,287.0,71.5,257.0,70.0,532.0,39.5,442,55.7,582=,26.9,564,University of Manitoba,Canada,26170,13.7,0.24,"2 days, 6:46:00",44.8375,29.5,25.1,72.9,61.4,60.4,2026
648,761-770,King Faisal University,Saudi Arabia,Asia,L,FC,HI,Public,25.3,506,29.8,476,24.5,743,6.3,801,99.4,121,11.0,801.0,14.9,801.0,66.0,609.0,14.9,801,54.3,617=,26.8,700,King Faisal University,Saudi Arabia,22366,10.4,0.06,"2 days, 17:35:00",41.45,25.6,14.8,73.7,40.4,78.4,2026
650,691-700,University of Brescia,Italy,Europe,M,FO,VH,Public,7.3,701,4.1,701,8.7,801,85.0,124,2.0,801,8.5,801.0,14.2,801.0,58.8,710.0,11.6,801,63.9,425=,26.7,391,University of Brescia,Italy,10190,24.3,0.05,"2 days, 4:48:00",50.126,35.4,24.7,88.0,72.0,43.2,2026
654,641-650,De La Salle University,Philippines,Asia,L,CO,HI,Private not for Profit,32.7,374,58.6,197,9.6,801,6.8,801,2.8,801,3.5,801.0,7.8,801.0,27.3,801.0,60.7,266,44.1,801,26.6,1822,De La Salle University,Philippines,22790,18.5,0.02,"2 days, 3:49:00",21.619,18.3,12.6,31.4,24.1,29.1,2026
654,721-730,Konkuk University,Republic of Korea,Asia,L,FC,VH,Private not for Profit,11.6,701,12.8,701,61.3,292,34.1,537,16.2,774,43.9,458.0,49.1,424.0,52.5,799.0,14.7,801,61.8,460=,26.6,559,Konkuk University,South Korea,11274,25.4,0.22,,45.0345,34.2,38.8,50.2,96.4,63.7,2026
654,621-630,University of South Florida,United States of America,Americas,XL,CO,VH,Public,17.4,701,20.4,646,13.8,801,36.7,507,14.3,801,41.4,480.0,46.7,444.0,81.9,314.0,13.5,801,66.4,371=,26.6,383,University of South Florida,United States,40449,18.0,0.16,,50.3245,33.6,35.5,71.0,99.5,64.5,2026
660,671-680,Bar-Ilan University,Israel,Asia,L,FC,VH,Public,11.0,701,14.3,701,10.4,801,59.4,293,54.4,416,4.9,801.0,3.9,801.0,53.2,792.0,33.1,511,41.7,801,26.5,715,Bar-Ilan University,Israel,19887,20.6,0.04,"2 days, 10:42:00",40.939,33.8,34.8,52.6,65.9,32.8,2026
660,661-670,Memorial University of Newfoundland,Canada,Americas,L,FC,VH,Public,10.7,701,10.5,701,15.7,801,43.7,431,30.7,581,78.5,230.0,80.6,200.0,73.6,479.0,17.4,773,53.3,636=,26.5,527,Memorial University of Newfoundland,Canada,16376,15.3,0.29,"2 days, 6:46:00",45.7005,30.3,25.7,65.2,82.1,86.2,2026
664,711-720,COMSATS University Islamabad,Pakistan,Asia,XL,CO,VH,Public,17.0,701,35.8,403,17.0,801,36.8,506,1.4,801,1.6,801.0,6.0,801.0,87.3,212.0,8.3,801,62.7,444=,26.4,658,COMSATS University Islamabad,Pakistan,33193,15.8,0.01,39 : 61,42.1595,19.8,16.9,86.2,43.5,50.9,2026
668,631-640,Chang Gung University,Taiwan,Asia,M,FO,VH,Private not for Profit,9.3,701,6.6,701,74.6,200,58.2,298,7.9,801,9.5,801.0,13.2,801.0,25.5,801.0,2.1,801,48.8,734=,26.3,805,Chang Gung University,Taiwan,7142,12.4,0.05,"2 days, 3:49:00",38.972,25.8,35.3,50.2,96.1,29.6,2026
668,641-650,Lehigh University,United States of America,Americas,M,CO,VH,Private not for Profit,7.2,701,12.4,701,30.5,625,37.1,501,68.9,339,40.0,490.0,45.4,459.0,44.9,801.0,45.4,385,61.5,467=,26.3,625,Lehigh University,United States,6933,11.6,0.16,"1 day, 22:54:00",42.958,33.8,22.7,61.2,67.6,71.2,2026
673,641-650,East China University of Science and Technology,China (Mainland),Asia,XL,CO,VH,Public,9.1,701,10.3,701,15.4,801,82.5,140,3.3,801,2.5,801.0,2.1,801.0,43.5,801.0,12.5,801,40.2,801,26.2,657,East China University of Science and Technology,China,32389,19.0,0.02,"1 day, 19:57:00",42.1849999999999,31.1,29.1,63.3,96.6,22.9,2026
673,701-710,Stevens Institute of Technology,United States of America,Americas,M,FO,VH,Private not for Profit,4.0,701,10.0,701,8.4,801,60.9,282,54.1,418,98.7,79.0,98.2,73.0,21.7,801.0,13.5,801,46.7,799=,26.2,520,Stevens Institute of Technology,United States,7887,20.8,0.4,29 : 71,45.762,27.6,25.2,72.2,67.8,79.2,2026
676,641-650,Beirut Arab University,Lebanon,Asia,S,FC,HI,Private not for Profit,20.0,614,22.2,597,28.8,661,7.6,801,94.8,180,61.1,334.0,56.5,362.0,29.6,801.0,44.1,401,42.1,801,26.1,799,Beirut Arab University,Lebanon,4167,10.4,0.21,"1 day, 21:55:00",39.079,43.0,17.3,46.3,21.8,88.2,2026
676,721-730,Jadavpur University,India,Asia,M,FO,VH,Public,23.2,544,10.5,701,13.7,801,55.8,319,,,1.1,801.0,5.5,801.0,44.0,801.0,19.5,733,61.4,470,26.1,1172,Jadavpur University,India,12547,19.0,0.0,32 : 68,32.5865,36.6,15.9,45.0,53.9,20.3,2026
678,671-680,University of Haifa,Israel,Asia,L,CO,VH,Public,17.4,701,13.0,701,15.8,801,44.8,417,17.8,751,6.7,801.0,5.2,801.0,69.6,539.0,29.6,554,67.4,360,26,607,University of Haifa,Israel,16297,17.5,0.03,"2 days, 18:34:00",43.555,29.6,31.2,68.6,65.0,34.6,2026
680,761-770,Nanjing University of Aeronautics and Astronautics,China (Mainland),Asia,L,FO,VH,Public,6.3,701,10.9,701,26.4,707,79.7,158,7.2,801,8.8,801.0,6.8,801.0,46.2,801.0,1.3,801,37.0,801,25.9,698,Nanjing University of Aeronautics and Astronautics,China,36035,15.4,0.02,,41.4785,30.2,35.4,54.9,98.4,25.3,2026
680,641-650,Ritsumeikan University,Japan,Asia,XL,CO,HI,Private not for Profit,25.7,493,61.5,187,10.3,801,5.0,801,36.5,525,17.8,766.0,23.9,704.0,41.1,801.0,4.8,801,64.4,413=,25.9,1617,Ritsumeikan University,Japan,35919,18.0,0.1,37 : 63,25.378,20.7,16.2,28.4,63.4,46.9,2026
680,801-850,University of Brawijaya,Indonesia,Asia,XL,FC,HI,Public,30.1,404,55.3,218,20.4,801,1.9,801,35.9,531,2.7,801.0,6.9,801.0,27.3,801.0,29.1,567,53.3,636=,25.9,1756,University of Brawijaya,Indonesia,47186,16.1,0.04,"2 days, 12:40:00",23.0455,24.9,13.3,23.7,36.2,43.8,2026
684,661-670,Comenius University Bratislava,Slovakia,Europe,L,FC,HI,Public,16.8,701,14.7,701,61.3,293,6.9,801,8.4,801,39.0,504.0,44.5,469.0,68.8,549.0,87.0,126,43.7,801,25.8,1326,Comenius University Bratislava,Slovakia,22226,10.4,0.17,"2 days, 17:35:00",29.9305,29.4,17.0,37.2,30.0,52.9,2026
684,711-720,Ton Duc Thang University,Viet Nam,Asia,L,CO,VH,Public,6.1,701,13.3,701,8.6,801,74.8,180,7.7,801,2.0,801.0,6.3,801.0,88.1,200.0,6.8,801,43.9,801,25.8,764,Ton Duc Thang University,Vietnam,27459,16.3,0.02,"2 days, 9:43:00",39.782,15.8,12.2,85.9,27.2,63.0,2026
686,,Cyprus University of Technology,Cyprus,Asia,S,CO,VH,Public,8.1,701,4.9,701,49.3,389,39.8,472,68.1,343,42.0,474.0,43.4,478.0,46.6,801.0,11.3,801,49.6,711=,25.7,555,Cyprus University of Technology,Cyprus,3377,15.8,0.15,"2 days, 10:42:00",45.0689999999999,28.9,25.6,75.1,36.3,68.5,2026
688,951-1000,Baku State University,Azerbaijan,Asia,L,CO,HI,Public,22.0,566,20.1,654,94.0,85,1.9,801,13.4,801,7.0,801.0,11.2,801.0,22.1,801.0,64.1,243,43.3,801,25.6,1791,Baku State University,Azerbaijan,19165,12.1,0.05,"2 days, 12:40:00",22.4135,30.1,10.1,21.2,21.0,45.4,2026
688,576,Tomsk Polytechnic University,Russian Federation,Europe,M,FO,VH,Public,9.4,701,15.4,701,96.0,67,7.0,801,14.8,801,88.8,179.0,83.9,178.0,60.4,686.0,2.0,801,47.7,765=,25.6,967,Tomsk Polytechnic University,Russian Federation,9179,11.0,0.35,33 : 67,36.0819999999999,40.9,25.1,29.8,63.5,70.1,2026
691,611-620,Eastern Mediterranean University,Northern Cyprus,Asia,L,FC,HI,Public,9.2,701,4.5,701,5.6,801,31.3,571,77.1,311,100.0,19.0,100.0,13.0,51.3,801.0,53.6,315,45.4,801,25.4,763,Eastern Mediterranean University,Northern Cyprus,14696,23.3,0.72,"2 days, 0:52:00",39.8354999999999,20.2,12.7,77.2,30.9,77.3,2026
691,691-700,Universidade Federal do Rio Grande Do Sul,Brazil,Americas,XL,FC,VH,Public,36.8,327,9.2,701,20.0,801,15.7,788,3.8,801,2.4,801.0,7.0,801.0,80.5,344.0,32.3,525,63.9,425=,25.4,796,Universidade Federal do Rio Grande do Sul,Brazil,40018,14.4,0.01,"2 days, 4:48:00",39.2215,38.9,23.2,53.6,56.7,35.6,2026
695,601-610,Rensselaer Polytechnic Institute,United States of America,Americas,M,CO,VH,Private not for Profit,10.2,701,17.9,701,28.7,662,54.7,330,,,34.4,547.0,25.7,675.0,25.8,801.0,41.3,423,38.7,801,25.3,517,Rensselaer Polytechnic Institute,United States,6873,14.6,0.16,31 : 69,45.8455,38.9,27.9,58.1,85.1,72.6,2026
697,701-710,Beijing University of Chemical Technology,China (Mainland),Asia,L,CO,VH,Public,6.1,701,7.2,701,28.6,668,81.5,149,3.2,801,2.5,801.0,7.1,801.0,36.6,801.0,2.8,801,40.5,801,25.1,451,Beijing University of Chemical Technology,China,26260,18.5,0.01,40 : 60,48.0089999999999,26.4,31.8,84.2,96.6,25.0,2026
697,611-620,University of Klagenfurt,Austria,Europe,S,CO,VH,Public,7.2,701,5.8,701,57.4,318,16.4,777,98.2,138,94.8,127.0,95.2,108.0,43.9,801.0,13.6,801,36.3,801,25.1,637,University of Klagenfurt,Austria,3377,8.7,0.33,"2 days, 18:34:00",42.6369999999999,34.4,19.6,60.5,49.5,89.0,2026
701-710,781-790,Kasetsart University,Thailand,Asia,XL,CO,VH,Public,37.4,320,37.1,383,10.3,801,4.6,801,7.7,801,1.7,801.0,6.2,801.0,46.2,801.0,31.2,534,60.8,491=,-,1773,Kasetsart University,Thailand,69827,17.3,0.01,"2 days, 13:39:00",22.782,18.8,15.9,27.8,41.5,35.0,2026
701-710,691-700,Shiraz University,Iran (Islamic Republic of),Asia,L,CO,VH,Public,10.2,701,10.9,701,6.0,801,68.3,228,1.2,801,4.3,801.0,8.0,801.0,68.1,565.0,23.4,664,45.7,801,-,886,Shiraz University,Iran,14298,19.7,0.03,"2 days, 7:45:00",37.5069999999999,27.4,26.0,56.3,62.6,33.2,2026
701-710,691-700,Universidad Panamericana (UP),Mexico,Americas,L,FO,HI,Private not for Profit,15.9,701,34.4,419,81.2,162,1.7,801,24.5,655,5.0,801.0,4.0,801.0,14.3,801.0,73.5,191,36.2,801,-,1995,Universidad Panamericana (UP),Mexico,17141,7.6,0.02,"2 days, 3:49:00",17.935,24.5,9.2,12.5,19.3,46.9,2026
701-710,741-750,University of Central Florida,United States of America,Americas,XL,FC,VH,Public,18.6,659,37.1,384,4.1,801,33.0,553,13.2,801,7.7,801.0,6.0,801.0,73.7,475.0,17.4,775,45.9,801,-,478,University of Central Florida,United States,61009,30.8,0.05,"2 days, 9:43:00",46.9885,29.1,32.8,77.2,74.3,36.8,2026
701-710,651-660,University of Zagreb,Croatia,Europe,XL,FC,VH,Public,23.2,545,12.8,701,26.8,700,8.1,801,1.9,801,5.1,801.0,10.0,801.0,92.1,145.0,98.4,34,60.9,486=,-,1269,University of Zagreb,Croatia,62046,15.8,0.04,"2 days, 13:39:00",30.8684999999999,27.6,19.1,41.8,57.5,31.3,2026
711-720,721-730,Budapest University of Technology and Economics,Hungary,Europe,L,FO,VH,Public,20.8,595,37.5,375,18.6,801,15.3,800,4.6,801,22.7,691.0,28.8,629.0,60.0,691.0,37.8,460,57.9,545,-,1462,Budapest University of Technology and Economics,Hungary,18656,16.3,0.15,32 : 68,27.9025,23.0,18.4,34.2,65.1,38.9,2026
711-720,721-730,Drexel University,United States of America,Americas,L,FC,VH,Private not for Profit,8.9,701,11.2,701,30.2,630,36.9,503,31.3,572,37.4,521.0,43.0,483.0,68.8,552.0,35.3,487,48.7,737=,-,421,Drexel University,United States,18893,12.2,0.15,"2 days, 4:48:00",49.066,42.4,25.5,72.1,74.7,60.6,2026
711-720,681-690,"Goldsmiths, University of London",United Kingdom,Europe,M,FO,VH,Public,18.3,668,7.5,701,20.8,801,17.0,765,89.1,230,97.8,93.0,97.9,82.0,22.7,801.0,25.2,637,43.0,801,-,575,"Goldsmiths, University of London",United Kingdom,8195,13.8,0.48,"2 days, 21:31:00",44.506,28.2,23.5,71.2,48.8,80.8,2026
711-720,595,ITMO University,Russian Federation,Europe,L,FO,VH,Public,12.7,701,17.4,701,92.6,89,11.0,801,27.2,621,44.5,453.0,49.7,418.0,60.1,689.0,3.9,801,26.6,801,-,1018,ITMO University,Russian Federation,14352,17.8,0.17,32 : 68,35.1055,30.4,29.9,33.0,80.6,57.9,2026
721-730,,Prince Sattam Bin Abdulaziz University,Saudi Arabia,Asia,L,FO,VH,Public,6.4,701,3.1,701,69.3,237,19.6,720,99.6,109,15.5,801.0,18.4,789.0,93.6,109.0,3.0,801,36.3,801,-,440,Prince Sattam Bin Abdulaziz University,Saudi Arabia,24820,10.8,0.06,"2 days, 19:33:00",48.3704999999999,25.4,28.8,80.8,57.7,79.7,2026
721-730,701-710,Taras Shevchenko National University of Kyiv,Ukraine,Europe,L,CO,VH,Public,21.9,567,50.1,254,30.7,619,3.9,801,1.7,801,3.7,801.0,8.2,801.0,37.6,801.0,72.0,200,37.9,801,-,1803,Taras Shevchenko National University of Kyiv,Ukraine,25696,11.2,0.05,"2 days, 8:44:00",22.1989999999999,25.7,15.4,22.4,28.6,30.5,2026
721-730,681-690,Temple University,United States of America,Americas,L,FC,VH,Public,16.8,701,15.0,701,37.9,534,24.6,647,4.4,801,11.6,801.0,17.5,801.0,64.7,625.0,38.7,447,72.1,291=,-,417,Temple University,United States,30684,11.3,0.06,"2 days, 9:43:00",49.19,43.2,22.6,79.9,70.8,41.2,2026
721-730,761-770,University of Patras,Greece,Europe,L,FC,VH,Public,16.8,701,25.7,527,4.2,801,44.3,425,2.3,801,9.2,801.0,14.3,801.0,66.2,606.0,4.7,801,65.3,392,-,983,University of Patras,Greece,28311,27.5,0.06,"2 days, 3:49:00",35.7945,18.5,23.6,60.0,73.2,34.2,2026
721-730,741-750,UWE Bristol (University of the West of England),United Kingdom,Europe,XL,CO,HI,Public,10.6,701,15.1,701,8.9,801,25.2,633,66.1,354,88.9,176.0,89.9,150.0,72.4,493.0,4.2,801,53.3,636=,-,747,UWE Bristol (University of the West of England),United Kingdom,30220,16.4,0.29,"2 days, 4:48:00",40.228,18.8,14.6,73.3,59.2,81.2,2026
731-740,631-640,Far Eastern Federal University,Russian Federation,Europe,L,CO,HI,Public,13.9,701,9.5,701,98.7,47,2.6,801,16.7,769,79.3,226.0,80.5,204.0,48.0,801.0,7.1,801,37.5,801,-,1664,Far Eastern Federal University,Russian Federation,18054,15.6,0.21,"2 days, 11:41:00",24.59,29.1,18.4,16.4,30.3,60.5,2026
731-740,681-690,Princess Nourah bint Abdulrahman University,Saudi Arabia,Asia,L,CO,VH,Public,18.3,666,24.1,561,28.7,664,7.2,801,83.8,264,31.3,575.0,35.9,537.0,74.6,452.0,2.8,801,49.8,706=,-,504,Princess Nourah bint Abdulrahman University,Saudi Arabia,20015,11.0,0.12,"4 days, 4:00:00",46.2145,29.3,21.8,78.5,33.1,85.0,2026
731-740,781-790,Texas Tech University,United States of America,Americas,XL,FC,HI,Public,14.5,701,26.9,509,10.0,801,18.8,739,63.8,364,17.4,777.0,23.5,714.0,70.6,517.0,28.1,591,66.1,376=,-,756,Texas Tech University,United States,37631,20.8,0.08,"2 days, 2:50:00",39.9905,31.6,22.0,57.8,64.4,58.3,2026
741-750,661-670,Aberystwyth University,United Kingdom,Europe,M,CO,VH,Public,12.8,701,11.5,701,27.6,687,23.9,658,61.3,382=,42.0,475.0,45.4,457.0,63.3,646.0,11.0,801,63.1,439=,-,686,Aberystwyth University,United Kingdom,6330,15.1,0.21,"2 days, 4:48:00",41.66,26.9,22.2,61.9,62.1,83.1,2026
741-750,721-730,Brandeis University,United States of America,Americas,M,CO,VH,Private not for Profit,12.8,701,9.7,701,50.2,381,25.0,638,33.0,554,83.4,201.0,62.1,322.0,24.7,801.0,30.5,544,28.8,801,-,445,Brandeis University,United States,4949,10.8,0.34,"2 days, 8:44:00",48.1299999999999,37.3,26.1,70.0,64.5,79.7,2026
741-750,751-760,Kaunas University of Technology,Lithuania,Europe,M,FO,VH,Public,15.1,701,22.0,602,37.9,533,17.5,761,4.8,801,40.0,489.0,45.4,458.0,68.6,556.0,29.0,570,58.9,521=,-,1078,Kaunas University of Technology,Lithuania,7308,13.0,0.11,34 : 66,34.0819999999999,25.2,19.9,52.8,46.8,42.2,2026
741-750,711-720,Plekhanov Russian University of Economics,Russian Federation,Europe,L,FO,VH,Public,15.5,701,30.1,474,57.8,314,3.3,801,4.1,801,26.7,636.0,31.7,595.0,61.2,674.0,55.2,300,42.4,801,-,1737,Plekhanov Russian University of Economics,Russian Federation,13681,8.5,0.14,"2 days, 7:45:00",23.5099999999999,26.8,13.3,25.0,23.3,44.2,2026
741-750,801-850,Syracuse University,United States of America,Americas,L,CO,VH,Private not for Profit,17.0,701,18.3,699,16.1,801,17.0,763,25.2,648,45.5,443.0,50.5,410.0,56.7,742.0,58.0,285,60.9,486=,-,460,Syracuse University,United States,21104,15.4,0.21,"2 days, 6:46:00",47.6219999999999,35.5,27.9,71.1,64.4,68.7,2026
741-750,801-850,University of Baghdad,Iraq,Asia,XL,FC,VH,Public,18.1,675,41.2,330,31.1,614,2.5,801,2.8,801,1.2,801.0,1.1,801.0,69.0,545.0,85.6,134,43.4,801,-,1720,University of Baghdad,Iraq,75593,11.2,0.0,"2 days, 12:40:00",23.7724999999999,28.3,14.8,28.2,29.3,20.0,2026
741-750,751-760,University of Malta,Malta,Europe,M,FC,VH,Public,9.3,701,7.4,701,47.7,408,10.1,801,33.1,551,42.2,472.0,47.5,436.0,76.8,409.0,98.1,40,38.2,801,-,926,University of Malta,Malta,9650,11.8,0.18,"2 days, 13:39:00",36.7905,24.9,18.2,61.6,36.8,56.2,2026
741-750,751-760,University of Messina,Italy,Europe,L,FC,VH,Public,12.6,701,2.9,701,18.6,801,55.5,323,1.4,801,17.8,767.0,23.9,706.0,78.6,375.0,1.6,801,61.5,467=,-,538,University of Messina,Italy,14308,22.7,0.06,"2 days, 15:37:00",45.508,35.6,28.1,71.8,64.3,36.6,2026
741-750,741-750,Victoria University,Australia,Oceania,L,CO,HI,Public,9.2,701,10.1,701,3.4,801,48.7,381,23.6,667,74.6,256.0,77.1,225.0,48.9,801.0,9.7,801,59.3,514=,-,597,Victoria University,Australia,14540,29.4,0.25,"2 days, 11:41:00",43.8669999999999,22.9,24.7,74.5,55.9,71.5,2026
741-750,741-750,Vytautas Magnus University,Lithuania,Europe,M,FO,VH,Public,14.0,701,19.9,658,44.2,447,5.0,801,46.8,455,70.8,270.0,73.5,244.0,62.8,653.0,26.8,611,47.0,789=,-,1467,Vytautas Magnus University,Lithuania,8381,10.6,0.19,"2 days, 23:29:00",27.8629999999999,23.7,12.9,36.9,21.2,69.5,2026
751-760,801-850,University of Oregon,United States of America,Americas,L,CO,VH,Public,23.2,543,22.5,592,14.7,801,25.3,632,10.5,801,5.4,801.0,4.3,801.0,53.8,785.0,36.9,470,55.7,582=,-,458,University of Oregon,United States,22659,13.7,0.05,"2 days, 11:41:00",47.7035,34.7,30.0,75.7,73.8,41.4,2026
751-760,721-730,University of Trieste,Italy,Europe,L,FC,VH,Public,16.1,701,7.8,701,5.5,801,53.8,345,11.6,801,16.8,783.0,22.9,721.0,70.8,514.0,18.7,746,36.4,801,-,509,University of Trieste,Italy,18016,24.3,0.08,"2 days, 10:42:00",45.993,34.3,27.7,72.4,57.6,50.9,2026
761-770,801-850,Al-Ahliyya Amman University,Jordan,Asia,M,FO,VH,Private not for Profit,17.1,701,21.0,625,15.8,801,6.4,801,93.7,196,100.0,29.0,98.0,79.0,32.7,801.0,6.0,801,38.2,801,-,441,Al-Ahliyya Amman University,Jordan,4510,14.8,0.64,"2 days, 4:48:00",48.3609999999999,18.6,24.7,88.0,56.9,93.8,2026
761-770,761-770,Bangladesh University of Engineering and Technology,Bangladesh,Asia,M,SP,VH,Public,21.3,582,42.5,316,15.6,801,30.8,578,,,,,,,23.0,801.0,29.9,551,30.0,801,-,1032,Bangladesh University of Engineering and Technology,Bangladesh,5814,11.3,0.0,0.9708333333333333,34.891,23.1,15.2,65.4,38.4,33.5,2026
761-770,,Kaohsiung Medical University,Taiwan,Asia,M,FO,VH,Private for Profit,8.4,701,6.0,701,46.9,423,58.6,294,11.2,801,7.4,801.0,11.1,801.0,26.1,801.0,4.1,801,51.7,667=,-,866,Kaohsiung Medical University,Taiwan,6621,12.6,0.05,"2 days, 11:41:00",37.7789999999999,26.6,34.3,46.9,89.0,31.4,2026
761-770,721-730,Riga Technical University,Latvia,Europe,M,CO,VH,Public,12.6,701,31.9,449,31.7,606,6.0,801,22.1,686,84.9,195.0,86.3,165.0,38.2,801.0,40.5,432,47.6,770=,-,1174,Riga Technical University,Latvia,10472,31.7,0.33,35 : 65,32.5725,27.1,25.3,33.6,56.4,65.4,2026
761-770,731-740,University of Belgrade,Serbia,Europe,XL,FC,VH,Public,23.6,536,14.0,701,6.5,801,10.1,801,3.6,801,7.4,801.0,5.8,801.0,94.5,91.0,98.4,36,52.1,661=,-,1069,University of Belgrade,Serbia,91512,18.1,0.05,"2 days, 13:39:00",34.25,22.6,27.3,50.9,31.9,41.6,2026
761-770,801-850,University of Bucharest,Romania,Europe,XL,CO,VH,Public,21.1,590,35.9,400,9.0,801,8.3,801,3.5,801,4.8,801.0,10.0,801.0,72.3,495.0,67.9,226,60.8,491=,-,1066,University of Bucharest,Romania,31127,32.1,0.02,"2 days, 22:30:00",34.2785,21.6,24.1,58.4,27.0,30.9,2026
761-770,,University of Nizwa,Oman,Asia,S,CO,VH,Private not for Profit,11.0,701,12.8,701,47.5,412,13.0,801,100.0,32,26.2,642.0,27.0,653.0,26.1,801.0,73.5,190,19.0,801,-,500,University of Nizwa,Oman,3498,8.9,0.11,"3 days, 5:23:00",46.2744999999999,28.1,26.0,76.2,34.0,83.0,2026
761-770,851-900,"Vietnam National University, Hanoi",Viet Nam,Asia,XL,CO,HI,Public,24.3,525,33.0,435,9.2,801,4.3,801,6.6,801,1.3,801.0,1.3,801.0,68.3,562.0,68.7,223,69.4,323=,-,1357,"Vietnam National University, Hanoi",Vietnam,67238,18.9,0.0,"2 days, 13:39:00",29.387,17.7,11.5,54.6,28.2,44.3,2026
771-780,771-780,Holy Spirit University of Kaslik,Lebanon,Asia,M,FO,HI,Private not for Profit,11.1,701,20.7,637,70.4,226,3.8,801,99.4,117,52.2,397.0,53.4,383.0,9.6,801.0,7.3,801,38.0,801,-,1454,Holy Spirit University of Kaslik,Lebanon,7374,13.0,0.14,"2 days, 7:45:00",28.0084999999999,23.0,9.9,38.5,19.5,80.3,2026
771-780,731-740,Rovira i Virgili University,Spain,Europe,L,FC,VH,Public,9.5,701,4.5,701,19.9,801,48.0,388,9.8,801,28.4,610.0,34.4,559.0,82.2,309.0,1.8,801,65.0,398=,-,714,Rovira i Virgili University,Spain,14226,13.2,0.12,"2 days, 12:40:00",40.9679999999999,28.2,25.1,62.5,57.5,57.6,2026
781-790,801-850,Alexandria University,Egypt,Africa,XL,FC,VH,Public,32.7,376,24.2,555,7.2,801,3.5,801,1.9,801,13.6,801.0,19.0,780.0,80.7,341.0,33.0,514,56.6,568=,-,980,Alexandria University,Egypt,186461,17.6,0.07,"2 days, 5:47:00",35.8275,20.7,18.2,63.5,31.7,55.0,2026
781-790,741-750,Carleton University,Canada,Americas,L,CO,VH,Public,15.6,701,16.8,701,7.3,801,18.6,743,17.6,756,56.9,364.0,42.4,489.0,74.9,443.0,43.1,407,61.1,477=,-,580,Carleton University,Canada,27612,27.0,0.22,"2 days, 1:51:00",44.331,23.4,31.5,64.9,79.2,75.4,2026
781-790,851-900,Georgia State University,United States of America,Americas,L,FO,VH,Public,14.8,701,29.1,486,6.0,801,33.2,547,6.6,801,18.9,747.0,14.3,801.0,64.6,627.0,29.0,572,47.3,780=,-,590,Georgia State University,United States,32292,16.6,0.09,"2 days, 12:40:00",44.076,32.9,26.7,67.1,62.5,53.3,2026
781-790,801-850,Kuwait University,Kuwait,Asia,XL,FC,HI,Public,20.9,594,17.5,701,9.4,801,5.5,801,24.1,662,32.0,567.0,37.8,519.0,55.1,769.0,97.1,56,58.3,539=,-,1287,Kuwait University,Kuwait,29943,18.3,0.13,"3 days, 1:27:00",30.565,18.0,11.4,53.7,33.1,60.2,2026
781-790,791-800,University of Kentucky,United States of America,Americas,L,FC,VH,Public,15.0,701,15.0,701,19.2,801,32.1,561,18.2,739,5.7,801.0,4.5,801.0,77.3,401.0,24.4,651,59.6,509=,-,443,University of Kentucky,United States,28680,11.4,0.03,"2 days, 12:40:00",48.318,44.0,29.6,68.8,71.1,43.6,2026
781-790,781-790,University of Mons,Belgium,Europe,M,CO,VH,Public,7.0,701,8.1,701,5.2,801,53.2,349,40.9,491,47.0,432.0,50.6,409.0,43.6,801.0,7.3,801,54.4,613=,-,648,University of Mons,Belgium,8374,26.7,0.17,"2 days, 8:44:00",42.4409999999999,27.2,30.9,58.4,66.4,70.4,2026
781-790,741-750,V.N. Karazin Kharkiv National University,Ukraine,Europe,L,FC,HI,Public,14.3,701,30.2,470,70.5,222,1.9,801,4.4,801,67.8,291.0,69.0,276.0,35.2,801.0,4.6,801,46.2,801,-,1908,V.N. Karazin Kharkiv National University,Ukraine,17491,8.3,0.27,"2 days, 3:49:00",19.6645,26.8,11.2,12.1,35.2,46.3,2026
781-790,791-800,Wayne State University,United States of America,Americas,L,FC,VH,Public,9.0,701,6.8,701,70.3,228,18.0,752,17.9,747,10.5,801.0,8.1,801.0,69.8,536.0,34.1,499,66.9,363=,-,515,Wayne State University,United States,20958,12.7,0.05,"2 days, 11:41:00",45.876,38.9,22.1,72.1,80.1,42.1,2026
791-800,771-780,Chiba University,Japan,Asia,L,FC,VH,Public,22.5,555,12.5,701,65.8,261,17.8,755,11.3,801,7.9,801.0,12.1,801.0,30.2,801.0,6.2,801,48.7,737=,-,1055,Chiba University,Japan,13630,8.6,0.05,38 : 62,34.54,33.7,21.1,43.7,70.3,34.1,2026
791-800,801-850,Universiti Tunku Abdul Rahman (UTAR),Malaysia,Asia,M,FC,HI,Private not for Profit,19.4,636,43.9,304,19.2,801,13.4,801,15.8,784,8.0,801.0,11.9,801.0,51.7,801.0,5.1,801,57.7,548,-,1132,Universiti Tunku Abdul Rahman (UTAR),Malaysia,15730,12.9,0.13,"2 days, 4:48:00",33.1879999999999,20.8,17.8,51.5,63.5,52.0,2026
791-800,741-750,Wake Forest University,United States of America,Americas,M,FC,VH,Private not for Profit,7.4,701,18.9,688,100.0,6,11.9,801,6.2,801,16.0,798.0,12.1,801.0,38.8,801.0,28.3,589,42.2,801,-,431,Wake Forest University,United States,8289,3.4,0.1,"2 days, 8:44:00",48.6825,38.0,23.2,80.5,92.3,38.7,2026
801-850,851-900,AGH University of Krakow,Poland,Europe,L,CO,VH,Public,13.1,701,30.6,465,54.7,344,12.7,801,4.4,801,7.3,801.0,12.1,801.0,75.6,430.0,4.0,801,47.4,776=,-,1125,AGH University of Krakow,Poland,17827,10.2,0.04,33 : 67,33.3244999999999,32.7,21.6,39.8,71.6,34.8,2026
801-850,791-800,Alfaisal University,Saudi Arabia,Asia,S,FO,VH,Private not for Profit,7.9,701,5.9,701,31.7,605,21.8,687,100.0,29,96.7,102.0,92.4,127.0,28.1,801.0,5.7,801,31.0,801,-,586,Alfaisal University,Saudi Arabia,3443,11.3,0.37,"2 days, 10:42:00",44.2099999999999,24.2,19.5,73.7,50.4,97.2,2026
801-850,1001-1200,Azerbaijan State University of Economics,Azerbaijan,Asia,L,FO,HI,Public,21.2,587,37.2,379,36.7,548,1.5,801,32.0,563,10.7,801.0,13.9,801.0,11.7,801.0,51.5,329,39.2,801,-,905,Azerbaijan State University of Economics,Azerbaijan,13473,9.2,0.07,"1 day, 20:56:00",37.1509999999999,23.4,9.3,74.5,19.4,59.0,2026
801-850,771-780,Bournemouth University,United Kingdom,Europe,L,CO,VH,Public,8.0,701,11.0,701,8.1,801,29.4,594,84.7,261,47.7,422.0,52.6,391.0,76.3,418.0,7.7,801,43.4,801,-,471,Bournemouth University,United Kingdom,15605,19.9,0.24,"2 days, 6:46:00",47.175,18.8,21.7,89.3,46.4,89.2,2026
801-850,711-720,De Montfort University,United Kingdom,Europe,L,FO,VH,Public,6.4,701,9.5,701,6.8,801,16.7,770,81.4,284,96.4,107.0,96.6,92.0,57.1,734.0,10.5,801,64.5,409=,-,751,De Montfort University,United Kingdom,23655,20.6,0.47,"2 days, 0:52:00",40.111,17.7,16.4,70.5,50.4,92.9,2026
801-850,851-900,Donghua University,China (Mainland),Asia,L,CO,VH,Public,4.5,701,4.4,701,32.4,596,70.6,213,2.0,801,4.2,801.0,3.4,801.0,32.1,801.0,5.1,801,28.5,801,-,480,Donghua University,China,23520,12.2,0.07,"2 days, 0:52:00",46.924,32.9,25.2,77.8,93.2,37.9,2026
801-850,901-950,German Jordanian University,Jordan,Asia,S,FO,VH,Public,14.6,701,28.7,490,34.6,569,12.7,801,85.3,256,23.9,676.0,26.0,668.0,18.3,801.0,11.3,801,22.1,801,-,997,German Jordanian University,Jordan,2830,9.6,0.15,36 : 64,35.5169999999999,22.4,13.6,60.3,24.5,78.6,2026
801-850,791-800,Keele University,United Kingdom,Europe,M,FC,VH,Public,8.5,701,8.0,701,21.3,801,28.5,600,60.9,385,50.7,408.0,42.3,490.0,66.4,601.0,10.1,801,39.4,801,-,563,Keele University,United Kingdom,10370,15.4,0.2,"2 days, 14:38:00",44.861,23.5,22.6,75.5,63.8,82.3,2026
801-850,721-730,Middlesex University,United Kingdom,Europe,L,CO,HI,Public,7.5,701,9.3,701,11.3,801,14.3,801,88.6,233,99.7,49.0,99.7,39.0,56.5,744.0,24.6,647,40.0,801,-,604,Middlesex University,United Kingdom,14860,19.8,0.49,"2 days, 11:41:00",43.6104999999999,22.4,18.7,76.1,45.3,92.5,2026
801-850,801-850,Ocean University of China,China (Mainland),Asia,XL,FC,VH,Public,6.3,701,5.8,701,9.6,801,72.1,198,4.0,801,2.6,801.0,2.2,801.0,49.8,801.0,3.9,801,41.5,801,-,679,Ocean University of China,China,35422,18.2,0.01,,41.7865,31.3,29.5,63.6,69.7,28.4,2026
801-850,781-790,Qassim University,Saudi Arabia,Asia,L,FC,VH,Public,15.5,701,6.5,701,47.0,421,3.8,801,100.0,64,25.1,661.0,31.1,600.0,72.1,497.0,3.0,801,52.2,658=,-,808,Qassim University,Saudi Arabia,29826,9.5,0.11,"1 day, 21:55:00",38.9424999999999,30.5,19.3,56.2,29.7,84.0,2026
801-850,781-790,Universidade Federal de Santa Catarina,Brazil,Americas,L,FC,VH,Public,26.1,485,8.3,701,25.2,731,15.8,786,5.9,801,4.0,801.0,8.7,801.0,64.4,631.0,23.7,659,65.2,393=,-,1035,Universidade Federal de Santa Catarina,Brazil,36229,14.9,0.03,"2 days, 2:50:00",34.8394999999999,36.3,22.4,40.8,65.5,37.0,2026
801-850,1001-1200,Universiti Malaysia Terengganu (UMT),Malaysia,Asia,M,CO,VH,Public,16.7,701,8.2,701,18.6,801,28.9,596,23.6,668,30.3,588.0,31.7,592.0,58.9,709.0,5.0,801,58.2,543=,-,1017,Universiti Malaysia Terengganu (UMT),Malaysia,9037,13.7,0.11,"2 days, 21:31:00",35.1089999999999,22.6,20.2,55.1,36.6,61.2,2026
801-850,801-850,University of Brighton,United Kingdom,Europe,L,FO,VH,Public,9.6,701,9.7,701,12.4,801,24.9,642,64.9,359,68.1,289.0,71.2,260.0,73.1,486.0,11.5,801,39.1,801,-,786,University of Brighton,United Kingdom,14840,16.8,0.23,"2 days, 13:39:00",39.4359999999999,19.9,19.3,63.4,64.9,84.7,2026
801-850,751-760,University of Engineering & Technology (UET) Lahore,Pakistan,Asia,L,SP,VH,Public,11.1,701,49.1,260,20.4,801,15.1,801,,,2.3,801.0,6.5,801.0,56.5,746.0,54.1,310,40.7,801,-,1299,University of Engineering & Technology (UET) Lahore,Pakistan,13860,13.5,0.02,33 : 67,30.4149999999999,20.2,10.5,54.3,32.4,51.0,2026
801-850,691-700,University of Greenwich,United Kingdom,Europe,L,CO,HI,Public,6.2,701,7.0,701,5.2,801,15.2,801,94.0,193,99.6,54.0,99.6,43.0,75.8,421.0,19.7,731,44.9,801,-,616,University of Greenwich,United Kingdom,22915,22.4,0.54,"2 days, 9:43:00",43.3034999999999,17.6,16.5,81.6,39.1,97.1,2026
801-850,801-850,University of Hyderabad,India,Asia,M,FC,VH,Public,17.7,692,4.6,701,20.7,801,54.5,335,,,2.6,801.0,6.9,801.0,34.0,801.0,3.4,801,42.1,801,-,1023,University of Hyderabad,India,5071,12.7,0.01,"1 day, 22:54:00",35.048,42.4,21.6,41.6,48.4,24.8,2026
801-850,781-790,University of Latvia,Latvia,Europe,M,FC,VH,Public,14.5,701,22.8,581,10.0,801,10.4,801,16.1,775,10.0,801.0,15.8,801.0,66.6,595.0,92.0,89,56.0,579=,-,1100,University of Latvia,Latvia,11634,30.9,0.09,"2 days, 19:33:00",33.7089999999999,20.5,31.3,42.3,52.3,50.7,2026
801-850,851-900,University of Lincoln,United Kingdom,Europe,L,CO,VH,Public,8.0,701,9.3,701,13.0,801,14.6,801,84.8,259,73.7,260.0,75.2,234.0,73.7,478.0,6.0,801,63.8,427=,-,646,University of Lincoln,United Kingdom,15645,15.0,0.24,"2 days, 10:42:00",42.4539999999999,20.5,18.5,77.2,34.1,86.9,2026
801-850,771-780,"University of Maryland, Baltimore County",United States of America,Americas,L,FC,HI,Public,13.6,701,8.2,701,18.9,801,20.0,710,72.9,325,50.8,406.0,55.5,371.0,45.4,801.0,10.3,801,66.0,381=,-,710,"University of Maryland, Baltimore County",United States,12398,17.8,0.19,"1 day, 22:54:00",41.2795,27.5,27.2,61.3,67.6,55.8,2026
801-850,721-730,University of Modena and Reggio Emilia,Italy,Europe,L,FC,VH,Public,12.3,701,7.6,701,4.6,801,56.7,310,4.8,801,7.5,801.0,13.1,801.0,55.1,767.0,20.3,719,54.4,613=,-,534,University of Modena and Reggio Emilia,Italy,18479,18.9,0.04,"2 days, 6:46:00",45.5929999999999,34.7,25.7,72.9,77.9,38.9,2026
801-850,,University of Namur,Belgium,Europe,M,FO,VH,,6.4,701,8.8,701,5.8,801,44.4,421,37.2,521,59.3,345.0,62.7,316.0,47.5,801.0,10.3,801,53.4,632=,-,842,University of Namur,Belgium,6480,20.0,0.17,"2 days, 10:42:00",38.14,26.8,26.7,49.0,62.4,70.6,2026
801-850,801-850,University of Ulsan,Republic of Korea,Asia,L,FC,VH,Private not for Profit,6.0,701,3.8,701,60.2,300,50.1,374,2.7,801,3.6,801.0,7.9,801.0,29.1,801.0,6.4,801,44.2,801,-,545,University of Ulsan,South Korea,11778,10.7,0.02,"1 day, 21:55:00",45.287,30.6,27.6,75.8,92.9,24.0,2026
801-850,741-750,University of Westminster,United Kingdom,Europe,L,CO,HI,Public,12.3,701,11.4,701,7.1,801,9.0,801,85.2,257,99.2,65.0,99.2,54.0,37.6,801.0,34.2,498,40.3,801,-,875,University of Westminster,United Kingdom,19530,20.0,0.51,"2 days, 11:41:00",37.673,19.0,16.5,63.1,48.7,85.4,2026
851-900,741-750,Altai State University,Russian Federation,Europe,M,CO,VH,Public,12.9,701,7.0,701,90.7,101,1.9,801,8.6,801,71.3,266.0,68.1,283.0,18.3,801.0,2.0,801,46.2,801,-,1796,Altai State University,Russian Federation,9271,18.5,0.27,"2 days, 8:44:00",22.3405,23.0,16.4,17.1,25.3,62.1,2026
851-900,951-1000,Auburn University,United States of America,Americas,XL,CO,VH,Public,11.6,701,17.6,701,10.7,801,24.3,650,58.1,397,10.1,801.0,16.0,801.0,57.2,728.0,29.6,553,50.1,701=,-,644,Auburn University,United States,28365,18.5,0.07,"2 days, 3:49:00",42.5055,36.5,27.9,55.6,71.8,54.6,2026
851-900,901-950,Australian Catholic University,Australia,Oceania,L,CO,HI,Public,12.0,701,11.8,701,8.0,801,19.4,724,86.4,251,61.7,329.0,65.4,301.0,35.6,801.0,1.7,801,49.3,725=,-,425,Australian Catholic University,Australia,22604,31.7,0.2,"3 days, 4:24:00",48.927,17.7,24.7,97.1,28.0,83.9,2026
851-900,1001-1200,Azerbaijan State Oil and Industry University,Azerbaijan,Asia,L,FO,HI,Public,13.1,701,19.0,685,73.3,208,1.5,801,46.8,456,9.7,801.0,13.9,801.0,8.5,801.0,45.0,391,31.0,801,-,1962,Azerbaijan State Oil and Industry University,Azerbaijan,12831,10.3,0.06,38 : 62,18.5745,25.0,8.1,15.7,19.7,44.7,2026
851-900,851-900,Chungnam National University,Republic of Korea,Asia,L,FC,VH,Public,11.7,701,10.6,701,54.7,343,21.0,697,8.4,801,20.0,729.0,25.1,681.0,40.8,801.0,6.7,801,59.9,504=,-,1089,Chungnam National University,South Korea,20792,20.2,0.03,"1 day, 23:53:00",33.9375,30.1,30.7,37.9,72.0,25.4,2026
851-900,,Dhofar University,Oman,Asia,S,FO,VH,Private not for Profit,10.0,701,9.5,701,12.1,801,19.6,719,100.0,21,11.1,801.0,13.8,801.0,35.1,801.0,70.3,208,18.7,801,-,677,Dhofar University,Oman,3049,15.9,0.07,"2 days, 5:47:00",41.8025,16.9,19.0,80.8,27.8,79.4,2026
851-900,801-850,Edinburgh Napier University,United Kingdom,Europe,L,CO,HI,Public,7.9,701,5.5,701,6.1,801,21.9,686,89.5,227,84.7,196.0,86.1,167.0,59.4,702.0,8.6,801,40.1,801,-,674,Edinburgh Napier University,United Kingdom,14615,21.8,0.21,"2 days, 7:45:00",41.886,17.5,19.7,75.3,41.2,90.3,2026
851-900,1001-1200,Jiangnan University,China (Mainland),Asia,L,FC,VH,Public,5.8,701,4.7,701,15.6,801,65.0,248,,,,,,,58.3,716.0,1.2,801,30.0,801,-,667,Jiangnan University,China,32581,12.1,0.01,,41.9615,29.5,25.8,68.0,92.8,22.2,2026
851-900,801-850,Liverpool John Moores University,United Kingdom,Europe,L,CO,VH,Public,13.5,701,12.0,701,9.6,801,20.4,707,53.8,420,21.2,707.0,27.3,648.0,89.7,178.0,11.5,801,53.9,624=,-,568,Liverpool John Moores University,United Kingdom,24415,18.1,0.16,"2 days, 9:43:00",44.705,19.7,19.7,83.8,51.2,79.9,2026
851-900,901-950,Louisiana State University,United States of America,Americas,XL,CO,VH,Public,14.1,701,12.9,701,9.6,801,23.8,659,22.4,682,6.9,801.0,12.5,801.0,63.4,644.0,36.8,471,75.4,228=,-,733,Louisiana State University,United States,33738,20.7,0.04,"2 days, 8:44:00",40.3665,34.1,20.6,60.8,65.7,46.2,2026
851-900,851-900,Mendel University in Brno,Czechia,Europe,M,FO,VH,Public,9.8,701,8.3,701,68.8,239,8.3,801,14.3,801,38.8,507.0,41.5,495.0,74.1,461.0,4.8,801,49.4,719=,-,1329,Mendel University in Brno,Czechia,9185,16.2,0.17,"2 days, 6:46:00",29.8799999999999,25.4,18.2,39.7,23.1,57.0,2026
851-900,851-900,Oklahoma State University,United States of America,Americas,L,FC,HI,Public,10.6,701,12.8,701,12.2,801,21.3,694,65.0,358,12.0,801.0,17.9,799.0,71.4,509.0,30.6,543,50.5,695,-,678,Oklahoma State University,United States,22574,14.7,0.05,"2 days, 5:47:00",41.7874999999999,36.5,21.1,60.9,61.9,55.4,2026
851-900,951-1000,Prince of Songkla University,Thailand,Asia,XL,FC,HI,Public,32.4,380,13.5,701,20.4,801,6.9,801,7.4,801,2.7,801.0,7.2,801.0,55.4,764.0,5.6,801,60.9,486=,-,1399,Prince of Songkla University,Thailand,33623,13.1,0.02,"2 days, 20:32:00",28.6324999999999,24.3,16.0,39.4,51.6,39.2,2026
851-900,851-900,Tokyo University of Agriculture and Technology,Japan,Asia,M,FO,VH,Public,15.6,701,11.2,701,18.7,801,40.3,464,11.6,801,11.3,801.0,15.3,801.0,42.4,801.0,1.7,801,33.2,801,-,1204,Tokyo University of Agriculture and Technology,Japan,5923,14.2,0.07,36 : 64,32.038,34.0,25.5,28.0,82.2,39.0,2026
851-900,851-900,University of Ghana,Ghana,Africa,XL,FC,HI,Public,17.8,687,12.4,701,2.1,801,10.8,801,8.1,801,1.8,801.0,1.6,801.0,80.8,337.0,96.8,63,52.8,651,-,1043,University of Ghana,Ghana,72334,46.5,0.01,"2 days, 1:51:00",34.7575,17.0,32.2,49.2,46.8,50.3,2026
851-900,851-900,University of Santo Tomas,Philippines,Asia,XL,FC,MD,Private not for Profit,20.3,605,45.9,294,14.1,801,1.7,801,38.5,513,9.0,801.0,7.0,801.0,19.1,801.0,25.5,631,40.2,801,-,1657,University of Santo Tomas,Philippines,42253,15.1,0.06,"2 days, 10:42:00",24.6794999999999,23.0,10.2,32.1,21.1,59.5,2026
851-900,1001-1200,University of Seoul,Republic of Korea,Asia,M,CO,VH,Public,17.6,695,15.6,701,49.2,390,16.5,773,6.4,801,12.0,801.0,16.3,801.0,38.4,801.0,6.9,801,48.5,743=,-,1086,University of Seoul,South Korea,9555,13.5,0.07,"1 day, 20:56:00",34.015,31.8,28.3,38.5,50.3,38.2,2026
851-900,771-780,Verona University,Italy,Europe,L,FO,VH,Public,13.1,701,5.0,701,5.9,801,50.0,375,6.3,801,8.4,801.0,14.1,801.0,70.3,523.0,6.9,801,52.7,652=,-,398,Verona University,Italy,21809,25.6,0.05,"2 days, 16:36:00",49.925,34.6,31.1,81.6,71.1,45.0,2026
851-900,901-950,Worcester Polytechnic Institute,United States of America,Americas,M,FO,VH,Private not for Profit,3.7,701,15.3,701,20.5,801,40.7,461,36.9,522,36.6,530.0,27.4,647.0,29.4,801.0,16.7,791,47.3,780=,-,721,Worcester Polytechnic Institute,United States,6312,12.9,0.14,36 : 64,40.711,32.6,21.4,59.6,67.2,57.6,2026
851-900,951-1000,Yarmouk University,Jordan,Asia,L,FC,HI,Public,23.4,541,32.0,448,5.3,801,5.2,801,7.7,801,25.9,646.0,28.4,634.0,44.6,801.0,42.3,414,45.3,801,-,720,Yarmouk University,Jordan,21300,23.6,0.15,,40.7555,29.3,17.9,69.9,29.9,63.4,2026
901-950,851-900,Chonnam National University,Republic of Korea,Asia,L,FC,VH,Public,12.2,701,6.8,701,47.3,415,24.0,654,14.6,801,16.3,793.0,21.9,731.0,29.2,801.0,6.5,801,61.3,471=,-,865,Chonnam National University,South Korea,16714,12.6,0.08,"2 days, 3:49:00",37.7795,34.5,29.6,47.0,60.7,33.2,2026
901-950,901-950,Future University in Egypt,Egypt,Africa,M,FO,VH,Private not for Profit,7.1,701,40.5,334,47.2,416,5.3,801,18.2,738,33.0,558.0,34.5,558.0,50.4,801.0,3.3,801,35.7,801,-,816,Future University in Egypt,Egypt,7962,9.5,0.11,"1 day, 21:55:00",38.7529999999999,22.2,10.6,78.6,18.0,64.4,2026
901-950,901-950,Kanazawa University,Japan,Asia,M,FC,VH,Public,13.2,701,7.1,701,58.1,311,22.1,684,11.6,801,10.8,801.0,15.4,801.0,33.9,801.0,1.7,801,53.1,644=,-,1147,Kanazawa University,Japan,10216,9.9,0.06,36 : 64,32.917,36.0,21.8,35.6,67.5,34.6,2026
901-950,851-900,Kansas State University,United States of America,Americas,L,CO,VH,Public,9.1,701,11.9,701,16.2,801,31.6,569,26.2,633,9.5,801.0,7.3,801.0,60.4,685.0,21.0,706,43.4,801,-,781,Kansas State University,United States,18454,14.0,0.05,"2 days, 6:46:00",39.5015,35.1,22.9,52.6,68.4,53.2,2026
901-950,951-1000,Khon Kaen University,Thailand,Asia,XL,FC,HI,Public,26.6,472,22.6,585,11.7,801,8.8,801,6.4,801,3.3,801.0,7.6,801.0,57.1,733.0,5.9,801,59.9,504=,-,1278,Khon Kaen University,Thailand,32602,16.3,0.02,"2 days, 13:39:00",30.6365,28.6,17.3,41.8,49.5,35.5,2026
901-950,801-850,London South Bank University,United Kingdom,Europe,L,FO,VH,Public,4.9,701,6.3,701,13.6,801,8.5,801,94.1,192,98.1,87.0,98.2,75.0,47.7,801.0,15.2,801,50.8,688=,-,713,London South Bank University,United Kingdom,14425,15.9,0.4,"2 days, 7:45:00",41.0239999999999,18.5,13.0,75.6,48.1,95.9,2026
901-950,851-900,Nagasaki University,Japan,Asia,M,FC,VH,Public,9.0,701,3.7,701,84.3,143,12.2,801,8.5,801,10.8,801.0,15.3,801.0,48.4,801.0,3.4,801,59.6,509=,-,1358,Nagasaki University,Japan,8747,6.7,0.05,39 : 61,29.3699999999999,30.1,16.0,35.4,55.2,40.3,2026
901-950,901-950,Osaka Metropolitan University,Japan,Asia,L,FC,VH,,18.1,676,14.0,701,57.2,321,12.3,801,6.2,801,5.2,801.0,9.4,801.0,34.1,801.0,8.9,801,47.7,765=,-,1459,Osaka Metropolitan University,Japan,15703,8.7,0.04,37 : 63,27.9465,31.3,16.9,28.8,78.3,27.2,2026
901-950,1001-1200,Panjab University,India,Asia,L,CO,VH,Public,9.4,701,11.5,701,10.3,801,43.5,433,,,3.2,801.0,7.5,801.0,33.0,801.0,39.6,441,50.9,684=,-,665,Panjab University,India,16479,15.9,0.02,"2 days, 17:35:00",42.09,38.2,19.6,71.2,48.3,24.6,2026
901-950,,Taif University,Saudi Arabia,Asia,XL,FC,VH,Public,7.0,701,2.7,701,9.2,801,30.2,586,100.0,44,4.7,801.0,9.2,801.0,80.5,343.0,2.9,801,46.0,801,-,782,Taif University,Saudi Arabia,38212,16.7,0.03,"2 days, 10:42:00",39.4995,16.2,16.4,77.7,23.3,76.3,2026
901-950,1001-1200,Tallinn University,Estonia,Europe,M,FO,VH,Public,11.1,701,12.4,701,12.6,801,9.9,801,63.9,363,30.6,585.0,36.5,529.0,55.1,768.0,45.6,382,44.3,801,-,1052,Tallinn University,Estonia,3770,7.9,0.11,"3 days, 0:28:00",34.5849999999999,27.2,24.5,47.8,24.4,55.2,2026
901-950,,Tashkent State Technical University,Uzbekistan,Asia,L,CO,HI,Public,30.6,399,16.2,701,20.1,801,2.1,801,62.9,371,1.8,801.0,6.1,801.0,9.9,801.0,30.7,540,33.9,801,-,1088,Tashkent State Technical University,Uzbekistan,14012,13.9,0.01,0.8069444444444445,33.938,21.0,8.6,75.3,16.6,26.6,2026
901-950,801-850,University of Alaska Fairbanks,United States of America,Americas,S,CO,VH,Public,3.4,701,3.5,701,99.7,33,19.9,713,6.3,801,5.5,801.0,4.3,801.0,40.4,801.0,5.9,801,37.9,801,-,643,University of Alaska Fairbanks,United States,2895,8.5,0.06,"2 days, 8:44:00",42.519,34.8,30.7,53.6,55.0,67.6,2026
901-950,851-900,University of Hertfordshire,United Kingdom,Europe,L,CO,HI,Public,5.8,701,6.7,701,6.8,801,12.1,801,81.4,285,100.0,12.0,100.0,7.0,57.7,723.0,17.0,780,39.0,801,-,716,University of Hertfordshire,United Kingdom,27285,19.5,0.61,"1 day, 23:53:00",40.8465,18.2,13.2,76.5,44.8,92.1,2026
901-950,901-950,University of Maribor,Slovenia,Europe,L,FC,HI,Public,10.8,701,15.6,701,36.4,551,12.7,801,2.3,801,27.3,623.0,28.3,635.0,67.4,580.0,41.3,422,49.9,705,-,1389,University of Maribor,Slovenia,13082,13.9,0.14,"2 days, 7:45:00",28.7329999999999,21.5,18.0,41.2,46.2,39.5,2026
901-950,901-950,University of Peshawar,Pakistan,Asia,L,FO,VH,Public,9.4,701,11.9,701,87.2,119,12.3,801,,,2.0,801.0,1.7,801.0,49.0,801.0,19.2,742,25.8,801,-,1117,University of Peshawar,Pakistan,19301,34.0,0.0,24 : 76,33.387,24.0,12.0,59.1,34.8,49.4,2026
901-950,901-950,University of Salford,United Kingdom,Europe,L,CO,HI,Public,10.8,701,7.9,701,9.1,801,12.0,801,55.6,408,88.2,182.0,89.2,153.0,61.6,670.0,13.8,801,43.4,801,-,851,University of Salford,United Kingdom,22475,20.9,0.3,"2 days, 8:44:00",38.007,19.0,14.8,64.9,57.0,84.8,2026
901-950,851-900,University of South Africa,South Africa,Africa,XL,CO,VH,Public,13.8,701,13.6,701,1.2,801,11.7,801,,,13.3,801.0,10.1,801.0,92.5,138.0,96.0,66,43.3,801,-,1276,University of South Africa,South Africa,207954,84.5,0.02,"3 days, 3:25:00",30.6545,19.7,17.8,51.0,30.4,42.2,2026
901-950,851-900,Virginia Commonwealth University,United States of America,Americas,L,FC,VH,Public,9.5,701,9.9,701,42.8,464,20.0,712,12.6,801,6.0,801.0,11.5,801.0,68.8,550.0,18.3,753,48.4,746=,-,455,Virginia Commonwealth University,United States,25120,10.1,0.04,"2 days, 17:35:00",47.9664999999999,38.1,23.0,81.3,75.3,35.4,2026
901-950,951-1000,Yeungnam University,Republic of Korea,Asia,L,FC,VH,Private for Profit,5.1,701,4.7,701,18.9,801,47.5,395,38.6,511,17.8,763.0,23.3,716.0,46.7,801.0,4.9,801,33.5,801,-,592,Yeungnam University,South Korea,19201,15.4,0.06,"2 days, 2:50:00",44.0375,25.1,22.9,75.3,62.8,65.2,2026
951-1000,851-900,Al-Quds University,Palestine,Asia,M,FC,MD,Public,10.1,701,20.5,644,19.4,801,2.8,801,72.3,327,90.5,163.0,76.3,229.0,15.0,801.0,12.3,801,40.1,801,-,1802,Al-Quds University,Palestine,10065,10.9,0.33,"3 days, 5:23:00",22.2195,22.9,11.0,17.8,21.1,81.2,2026
951-1000,951-1000,Athens University of Economics And Business,Greece,Europe,M,SP,HI,Public,10.1,701,37.2,380,2.1,801,31.9,565,1.9,801,6.6,801.0,11.0,801.0,14.8,801.0,33.9,501,39.8,801,-,1207,Athens University of Economics and Business,Greece,9211,44.7,0.05,"1 day, 22:54:00",32.0314999999999,18.7,24.6,45.3,63.4,43.4,2026
951-1000,851-900,Charles Sturt University,Australia,Oceania,L,CO,VH,Public,6.4,701,9.4,701,14.1,801,13.9,801,66.0,356,47.2,427.0,52.2,396.0,60.4,684.0,13.4,801,64.9,403=,-,775,Charles Sturt University,Australia,18763,21.8,0.11,"2 days, 21:31:00",39.6219999999999,18.8,20.2,72.3,52.2,59.2,2026
951-1000,851-900,Clarkson University,United States of America,Americas,S,CO,VH,Private not for Profit,1.0,701,4.0,701,19.0,801,47.3,400,42.9,478,38.0,515.0,42.1,493.0,31.0,801.0,12.2,801,26.9,801,-,1118,Clarkson University,United States,3546,13.2,0.13,35 : 65,33.384,32.6,18.2,36.8,63.6,65.4,2026
951-1000,851-900,CY Cergy Paris University,France,Europe,M,FO,VH,Public,5.2,701,5.2,701,64.9,270,7.4,801,55.1,410,59.0,347.0,62.9,314.0,47.9,801.0,1.3,801,31.4,801,-,1075,CY Cergy Paris University,France,16674,16.0,0.27,"2 days, 2:50:00",34.1509999999999,26.3,20.5,38.1,56.5,90.1,2026
951-1000,951-1000,Ferdowsi University of Mashhad,Iran (Islamic Republic of),Asia,L,CO,VH,Public,11.1,701,10.9,701,5.7,801,35.1,524,,,9.5,801.0,12.4,801.0,74.5,453.0,12.9,801,33.3,801,-,924,Ferdowsi University of Mashhad,Iran,20937,26.9,0.06,"2 days, 6:46:00",36.8429999999999,30.4,28.0,50.7,49.5,34.2,2026
951-1000,1001-1200,George Mason University,United States of America,Americas,L,CO,VH,Public,12.0,701,11.6,701,17.1,801,18.0,753,15.6,790,17.1,778.0,12.9,801.0,67.6,575.0,17.4,776,56.1,578,-,439,George Mason University,United States,32918,17.1,0.13,"2 days, 4:48:00",48.3779999999999,31.0,28.3,79.8,63.9,60.4,2026
951-1000,1001-1200,Guru Gobind Singh Indraprastha University,India,Asia,S,CO,VH,Public,5.8,701,14.6,701,12.5,801,48.5,384,5.0,801,9.4,801.0,12.6,801.0,26.9,801.0,12.8,801,43.0,801,-,847,Guru Gobind Singh Indraprastha University,India,6027,14.2,0.04,29 : 71,38.028,30.8,12.4,74.2,26.9,26.8,2026
951-1000,1001-1200,Hasanuddin University,Indonesia,Asia,XL,FC,HI,Public,23.5,538,17.5,701,41.9,484,1.7,801,11.9,801,3.1,801.0,7.8,801.0,20.0,801.0,22.0,695,53.0,646=,-,1839,Hasanuddin University,Indonesia,37300,14.8,0.01,"2 days, 13:39:00",21.3014999999999,21.6,11.5,28.0,31.3,25.9,2026
951-1000,801-850,Immanuel Kant Baltic Federal University,Russian Federation,Europe,M,CO,VH,Public,7.7,701,4.7,701,86.3,124,3.1,801,28.1,607,53.2,386.0,51.0,407.0,34.5,801.0,1.9,801,32.1,801,-,1363,Immanuel Kant Baltic Federal University,Russian Federation,6711,16.3,0.19,"2 days, 10:42:00",29.2775,37.1,22.1,20.3,37.1,58.0,2026
951-1000,791-800,Ivane Javakhishvili Tbilisi State University,Georgia,Asia,L,FC,MD,Public,11.9,701,1.4,701,83.5,150,1.4,801,1.9,801,7.5,801.0,12.2,801.0,24.7,801.0,95.2,75,18.2,801,-,2048,Ivane Javakhishvili Tbilisi State University,Georgia,24977,32.5,0.05,"2 days, 11:41:00",16.7215,15.0,12.2,15.9,18.9,43.1,2026
951-1000,951-1000,Kumamoto University,Japan,Asia,M,FC,VH,Public,9.2,701,4.4,701,67.5,249,21.4,692,8.2,801,6.9,801.0,11.4,801.0,33.9,801.0,3.4,801,50.4,696=,-,1087,Kumamoto University,Japan,9401,9.5,0.06,39 : 61,33.9539999999999,33.6,19.3,41.3,82.0,37.0,2026
951-1000,1001-1200,Nanjing Normal University,China (Mainland),Asia,XL,SP,VH,Public,6.4,701,4.6,701,20.7,801,42.8,443,,,7.8,801.0,6.0,801.0,57.2,730.0,8.2,801,40.2,801,-,839,Nanjing Normal University,China,36007,13.7,0.02,"2 days, 18:34:00",38.1675,25.3,17.1,69.8,66.5,28.6,2026
951-1000,1001-1200,National Chung Cheng University,Taiwan,Asia,M,CO,VH,Public,18.9,650,34.8,412,16.6,801,9.5,801,7.9,801,6.3,801.0,10.5,801.0,28.9,801.0,5.1,801,51.6,669=,-,1488,National Chung Cheng University,Taiwan,9183,14.8,0.04,"1 day, 22:54:00",27.412,21.4,24.8,28.4,77.3,30.6,2026
951-1000,901-950,North South University,Bangladesh,Asia,L,FO,HI,Private not for Profit,16.9,701,54.1,226,7.5,801,6.6,801,10.5,801,1.6,801.0,6.0,801.0,30.2,801.0,11.7,801,37.3,801,-,939,North South University,Bangladesh,16380,19.1,0.0,"1 day, 20:56:00",36.5615,14.8,11.3,80.3,29.4,48.7,2026
951-1000,851-900,North-West University,South Africa,Africa,XL,CO,VH,Public,8.4,701,14.9,701,7.0,801,24.9,641,9.2,801,3.1,801.0,7.7,801.0,94.6,89.0,24.8,643,60.4,499=,-,898,North-West University,South Africa,41784,24.1,0.02,"2 days, 15:37:00",37.2044999999999,22.3,18.8,63.8,45.1,56.4,2026
951-1000,851-900,Okayama University,Japan,Asia,L,FC,VH,Public,11.5,701,5.1,701,67.5,248,14.7,801,8.3,801,11.6,801.0,17.0,801.0,41.7,801.0,3.4,801,58.3,539=,-,1025,Okayama University,Japan,13057,10.3,0.09,40 : 60,35.0304999999999,34.5,23.1,39.2,87.1,38.8,2026
951-1000,951-1000,Saint Louis University,United States of America,Americas,L,CO,VH,Private not for Profit,5.7,701,4.2,701,50.8,373,23.8,660,20.6,701,42.2,473.0,31.5,596.0,23.5,801.0,18.5,748,35.9,801,-,503,Saint Louis University,United States,11556,7.5,0.11,"2 days, 12:40:00",46.2425,43.8,17.7,73.5,64.4,47.5,2026
951-1000,951-1000,Sophia University,Japan,Asia,L,CO,HI,Private not for Profit,18.7,657,27.2,505,25.9,720,2.5,801,41.0,489,20.3,726.0,26.4,666.0,9.1,801.0,21.3,702,48.7,737=,-,1930,Sophia University,Japan,13016,12.2,0.12,"2 days, 12:40:00",19.1205,22.5,11.1,13.9,33.6,50.0,2026
951-1000,901-950,Universidad Nacional Mayor de San Marcos,Peru,Americas,XL,FC,HI,Public,28.9,429,28.4,492,11.0,801,1.7,801,,,,,,,32.9,801.0,53.0,321,24.3,801,-,2058,Universidad Nacional Mayor de San Marcos,Peru,42959,13.3,0.01,"1 day, 20:56:00",16.505,20.6,10.6,13.8,16.6,34.0,2026
951-1000,951-1000,University of Bahrain,Bahrain,Asia,L,CO,HI,Public,14.3,701,15.1,701,8.1,801,5.0,801,94.1,191,10.5,801.0,14.0,801.0,38.7,801.0,55.5,299,28.9,801,-,1185,University of Bahrain,Bahrain,22268,25.2,0.06,"3 days, 1:27:00",32.299,14.0,15.2,60.8,21.4,62.2,2026
951-1000,951-1000,University of Lahore,Pakistan,Asia,L,CO,VH,Private not for Profit,17.8,685,23.4,574,14.3,801,8.5,801,8.0,801,6.0,801.0,9.7,801.0,76.4,415.0,3.4,801,62.2,454=,-,792,University of Lahore,Pakistan,21224,14.0,0.04,39 : 61,39.297,19.8,13.0,81.8,21.4,57.2,2026
951-1000,951-1000,University of the Western Cape,South Africa,Africa,L,CO,VH,Public,12.0,701,6.4,701,6.1,801,23.9,656,30.3,583,5.5,801.0,10.5,801.0,84.4,267.0,28.1,592,35.7,801,-,753,University of the Western Cape,South Africa,24431,34.2,0.04,"2 days, 15:37:00",40.0635,22.9,24.8,68.3,24.4,62.0,2026
1001-1200,1201-1400,Alexandru Ioan Cuza University,Romania,Europe,L,CO,HI,Public,11.7,701,20.6,641,7.8,801,5.8,801,4.6,801,17.0,779.0,21.4,742.0,49.1,801.0,23.1,668,48.7,737=,-,1736,Alexandru Ioan Cuza University,Romania,24352,16.9,0.09,"2 days, 13:39:00",23.5269999999999,22.5,12.2,29.2,41.1,39.3,2026
1001-1200,1001-1200,An-Najah National University,Palestine,Asia,L,FC,MD,Public,13.5,701,14.5,701,11.5,801,4.3,801,49.8,441,47.4,426.0,43.8,475.0,39.0,801.0,11.3,801,47.1,785=,-,914,An-Najah National University,Palestine,25887,27.0,0.12,"2 days, 15:37:00",36.9589999999999,24.7,13.0,66.9,26.0,63.9,2026
1001-1200,1001-1200,"Arab Academy for Science, Technology and Maritime Transport",Egypt,Africa,L,FO,VH,Public,7.5,701,12.4,701,44.7,441,2.4,801,9.2,801,34.9,542.0,33.6,569.0,27.0,801.0,16.8,789,29.7,801,-,1020,"Arab Academy for Science, Technology and Maritime Transport",Egypt,32274,10.6,0.14,"2 days, 0:52:00",35.0975,35.1,20.6,44.3,28.6,57.8,2026
1001-1200,1001-1200,Assiut University,Egypt,Africa,XL,FC,HI,Public,16.3,701,15.1,701,20.7,801,4.0,801,21.1,697,7.2,801.0,10.6,801.0,66.5,596.0,3.0,801,53.3,636=,-,1300,Assiut University,Egypt,86744,13.2,0.05,"2 days, 3:49:00",30.4024999999999,23.6,12.4,48.3,25.3,57.9,2026
1001-1200,1001-1200,Banaras Hindu University,India,Asia,L,FC,VH,Public,18.9,648,10.6,701,14.4,801,18.8,737,1.5,801,3.0,801.0,7.2,801.0,59.3,704.0,15.6,801,44.5,801,-,605,Banaras Hindu University,India,12447,7.9,0.04,"2 days, 1:51:00",43.5905,49.9,18.0,67.8,31.0,27.6,2026
1001-1200,1001-1200,Baylor University,United States of America,Americas,L,CO,VH,Private not for Profit,8.7,701,20.9,628,17.5,801,12.8,801,3.7,801,6.6,801.0,5.2,801.0,46.9,801.0,24.5,650,42.9,801,-,807,Baylor University,United States,21096,14.9,0.06,"2 days, 13:39:00",38.9465,43.0,19.4,53.6,43.2,37.7,2026
1001-1200,1001-1200,Birmingham City University,United Kingdom,Europe,XL,FO,HI,Public,8.2,701,8.0,701,8.7,801,6.5,801,54.9,412,65.5,304.0,68.8,278.0,44.5,801.0,12.1,801,37.9,801,-,952,Birmingham City University,United Kingdom,27055,18.5,0.31,"2 days, 14:38:00",36.297,17.9,13.4,65.5,25.2,86.3,2026
1001-1200,1001-1200,Chung Yuan Christian University,Taiwan,Asia,L,CO,HI,Public,9.9,701,9.2,701,6.9,801,25.2,637,5.3,801,11.8,801.0,14.9,801.0,17.3,801.0,28.6,585,46.7,799=,-,1364,Chung Yuan Christian University,Taiwan,14676,30.2,0.08,"1 day, 23:53:00",29.2745,18.9,24.2,36.4,64.9,42.2,2026
1001-1200,1001-1200,Chungbuk National University,Republic of Korea,Asia,M,FC,VH,Public,6.5,701,4.6,701,47.9,405,19.6,717,10.7,801,21.5,703.0,21.6,740.0,33.4,801.0,1.8,801,50.9,684=,-,1003,Chungbuk National University,South Korea,11274,13.3,0.11,"1 day, 19:57:00",35.4239999999999,33.5,31.4,36.3,70.2,36.5,2026
1001-1200,951-1000,Clark University,United States of America,Americas,S,CO,VH,Private not for Profit,2.5,701,3.6,701,25.6,724,23.5,666,15.2,801,94.6,133.0,93.8,119.0,29.1,801.0,19.3,739,42.4,801,-,881,Clark University,United States,3623,12.5,0.29,"2 days, 7:45:00",37.559,27.2,19.3,57.2,44.2,66.8,2026
1001-1200,1001-1200,Dankook University,Republic of Korea,Asia,L,FC,HI,Private not for Profit,10.0,701,8.3,701,72.0,213,4.8,801,5.5,801,12.6,801.0,16.2,801.0,17.1,801.0,3.6,801,47.6,770=,-,1741,Dankook University,South Korea,26277,16.6,0.05,"2 days, 6:46:00",23.464,23.1,14.7,27.8,51.1,26.7,2026
1001-1200,951-1000,Financial University under the Government of the Russian Federation,Russian Federation,Europe,L,FO,VH,Public,4.9,701,17.4,701,44.1,450,2.7,801,6.7,801,39.2,500.0,44.7,467.0,37.6,801.0,57.5,291,43.8,801,-,1198,Financial University under the Government of the Russian Federation,Russian Federation,16514,13.7,0.13,"2 days, 9:43:00",32.1495,30.0,21.1,42.5,35.2,40.3,2026
1001-1200,1001-1200,Gebze Technical University,Türkiye,Asia,M,CO,VH,Public,7.0,701,9.5,701,9.1,801,40.3,463,19.7,718,10.6,801.0,15.3,801.0,41.4,801.0,2.5,801,42.2,801,-,1301,Gebze Technical University,Turkey,8171,25.3,0.05,"1 day, 21:55:00",30.4,24.9,22.5,40.0,37.3,40.5,2026
1001-1200,901-950,Georgian Technical University,Georgia,Asia,L,FO,HI,Public,7.1,701,7.1,701,1.0,801,54.4,336,,,,,,,7.8,801.0,29.3,562,3.0,801,-,1924,Georgian Technical University,Georgia,17297,13.8,0.03,24 : 76,19.3635,29.8,9.0,14.5,17.0,39.1,2026
1001-1200,1001-1200,Gifu University,Japan,Asia,M,FO,VH,Public,6.4,701,4.5,701,58.9,308,14.3,801,7.1,801,6.2,801.0,10.2,801.0,23.4,801.0,1.8,801,44.1,801,-,1366,Gifu University,Japan,7064,15.3,0.04,38 : 62,29.206,27.7,23.9,30.0,68.9,31.3,2026
1001-1200,1001-1200,Glasgow Caledonian University,United Kingdom,Europe,L,FO,VH,Public,7.2,701,9.5,701,6.3,801,11.2,801,45.5,465,77.3,242.0,79.4,212.0,40.3,801.0,8.5,801,56.7,562=,-,913,Glasgow Caledonian University,United Kingdom,17335,25.9,0.3,"2 days, 9:43:00",36.9795,17.8,15.2,63.7,48.7,83.5,2026
1001-1200,951-1000,Hallym University,Republic of Korea,Asia,M,FC,VH,Private not for Profit,3.4,701,2.7,701,95.6,70,13.1,801,4.3,801,3.5,801.0,7.6,801.0,9.1,801.0,1.8,801,41.4,801,-,1327,Hallym University,South Korea,7676,8.5,0.04,,29.9245,26.8,19.9,39.7,62.5,24.5,2026
1001-1200,1001-1200,Harbin Engineering University,China (Mainland),Asia,L,FO,VH,Public,5.2,701,6.5,701,24.0,752,46.8,406,3.0,801,3.6,801.0,8.6,801.0,40.0,801.0,7.2,801,24.3,801,-,785,Harbin Engineering University,China,33564,17.1,0.02,24 : 76,39.4575,29.7,33.8,50.6,94.1,26.0,2026
1001-1200,1001-1200,Kangwon National University,Republic of Korea,Asia,L,FC,HI,Public,8.0,701,7.1,701,32.0,601,15.4,798,6.5,801,10.2,801.0,14.2,801.0,28.6,801.0,3.5,801,56.6,568=,-,1346,Kangwon National University,South Korea,20621,20.1,0.03,"1 day, 18:58:00",29.5195,24.6,24.9,36.6,54.1,25.3,2026
1001-1200,1201-1400,Kookmin University,Republic of Korea,Asia,L,CO,HI,Private for Profit,5.3,701,6.2,701,51.0,371,5.3,801,7.0,801,63.5,316.0,63.9,311.0,9.9,801.0,5.2,801,43.7,801,-,1457,Kookmin University,South Korea,15777,18.5,0.13,"2 days, 1:51:00",27.9595,28.6,21.3,27.0,59.7,38.1,2026
1001-1200,1001-1200,Leeds Beckett University,United Kingdom,Europe,L,CO,HI,Public,5.1,701,10.3,701,5.2,801,13.5,801,46.9,453,45.2,447.0,50.3,412.0,36.6,801.0,10.8,801,61.7,464=,-,822,Leeds Beckett University,United Kingdom,19825,17.0,0.23,"2 days, 6:46:00",38.5725,19.2,15.9,69.2,48.0,74.9,2026
1001-1200,1001-1200,Lobachevsky State University of Nizhni Novgorod,Russian Federation,Europe,L,FO,VH,Public,10.0,701,8.2,701,50.9,372,3.5,801,2.6,801,37.0,526.0,42.6,487.0,18.0,801.0,3.9,801,38.2,801,-,1825,Lobachevsky State University of Nizhni Novgorod,Russian Federation,20444,10.5,0.13,"2 days, 3:49:00",21.5529999999999,31.5,13.9,13.8,35.3,35.7,2026
1001-1200,1001-1200,Lodz University of Technology,Poland,Europe,M,SP,VH,Public,6.0,701,7.3,701,59.0,306,16.0,784,4.1,801,8.3,801.0,12.4,801.0,49.2,801.0,4.1,801,40.3,801,-,1589,Lodz University of Technology,Poland,10476,11.7,0.06,38 : 62,25.7195,25.9,15.8,28.5,61.8,33.0,2026
1001-1200,1001-1200,London Metropolitan University,United Kingdom,Europe,L,CO,MD,Public,5.9,701,7.3,701,4.7,801,7.0,801,68.5,340,97.6,95.0,97.7,84.0,22.4,801.0,20.8,713,20.9,801,-,752,London Metropolitan University,United Kingdom,12395,28.2,0.64,"2 days, 16:36:00",40.1084999999999,16.6,14.4,76.6,30.2,91.3,2026
1001-1200,901-950,Makerere University,Uganda,Africa,XL,FC,HI,Public,13.4,701,5.3,701,5.8,801,6.5,801,8.3,801,13.6,801.0,10.3,801.0,65.3,617.0,98.3,38,42.0,801,-,923,Makerere University,Uganda,25506,19.3,0.04,"1 day, 19:57:00",36.856,21.5,26.6,54.2,32.8,69.7,2026
1001-1200,951-1000,Mansoura University,Egypt,Africa,XL,FC,VH,Public,18.8,653,15.8,701,5.2,801,5.0,801,9.9,801,21.2,706.0,24.5,695.0,81.9,315.0,12.6,801,55.5,591=,-,892,Mansoura University,Egypt,165971,19.0,0.14,"2 days, 7:45:00",37.306,20.2,11.9,69.4,32.9,76.8,2026
1001-1200,1001-1200,Marmara University,Türkiye,Asia,XL,FO,VH,Public,11.8,701,23.1,577,5.4,801,4.9,801,5.5,801,6.8,801.0,12.3,801.0,52.5,801.0,38.1,453,42.6,801,-,1603,Marmara University,Turkey,47315,25.2,0.05,"2 days, 4:48:00",25.568,25.1,13.7,34.7,34.7,31.9,2026
1001-1200,1001-1200,Mississippi State University,United States of America,Americas,L,CO,VH,Public,7.2,701,8.7,701,9.1,801,33.5,542,19.7,720,5.5,801.0,4.3,801.0,70.2,527.0,12.8,801,38.5,801,-,737,Mississippi State University,United States,20844,14.1,0.04,"2 days, 5:47:00",40.3109999999999,28.5,21.2,64.8,63.2,50.5,2026
1001-1200,1001-1200,Mustansiriyah University,Iraq,Asia,XL,FC,HI,Public,8.3,701,23.5,572,64.9,269,1.8,801,43.6,474,6.3,801.0,5.0,801.0,19.2,801.0,10.4,801,26.5,801,-,1892,Mustansiriyah University,Iraq,32844,8.5,0.01,"2 days, 7:45:00",20.2464999999999,26.8,9.8,19.8,23.9,34.7,2026
1001-1200,1001-1200,Mutah University,Jordan,Asia,L,FC,MD,Public,15.6,701,21.8,608,12.1,801,3.4,801,15.7,788,32.9,560.0,32.2,587.0,28.0,801.0,10.1,801,33.2,801,-,1440,Mutah University,Jordan,15579,21.6,0.13,"2 days, 5:47:00",28.2284999999999,25.4,13.7,39.2,18.0,57.1,2026
1001-1200,951-1000,Niigata University,Japan,Asia,L,FC,HI,Public,6.6,701,5.1,701,88.7,110,6.7,801,6.6,801,6.1,801.0,10.6,801.0,23.1,801.0,7.2,801,43.0,801,-,1304,Niigata University,Japan,11826,7.1,0.03,37 : 63,30.3815,31.2,15.7,40.9,54.3,29.1,2026
1001-1200,1001-1200,Northwest University (China),China (Mainland),Asia,L,CO,VH,Public,5.8,701,3.2,701,55.7,338,31.8,566,4.8,801,4.7,801.0,9.3,801.0,37.6,801.0,5.1,801,33.1,801,-,1165,Northwest University (China),China,26259,13.2,0.03,"2 days, 6:46:00",32.662,27.9,14.7,54.0,51.4,25.5,2026
1001-1200,1201-1400,Obuda University,Hungary,Europe,M,FO,VH,Public,7.9,701,8.9,701,3.9,801,19.6,721,34.7,538,13.3,801.0,19.3,774.0,44.5,801.0,5.1,801,42.4,801,-,722,Obuda University,Hungary,8068,26.6,0.07,0.8888888888888888,40.6819999999999,17.4,30.9,72.8,27.2,48.8,2026
1001-1200,1001-1200,Poznan University of Technology,Poland,Europe,L,FO,VH,Public,10.9,701,13.1,701,39.8,510,12.8,801,3.4,801,10.7,801.0,15.5,801.0,47.8,801.0,7.4,801,27.6,801,-,1551,Poznan University of Technology,Poland,13680,11.0,0.08,31 : 69,26.2995,25.7,14.0,34.7,47.7,31.2,2026
1001-1200,1001-1200,San Diego State University,United States of America,Americas,XL,CO,VH,Public,7.9,701,8.7,701,4.5,801,22.8,670,7.9,801,4.6,801.0,3.7,801.0,70.6,515.0,32.1,526,46.5,801,-,1179,San Diego State University,United States,33402,25.5,0.04,"2 days, 11:41:00",32.4725,22.9,12.8,57.2,57.0,34.2,2026
1001-1200,1001-1200,Sheffield Hallam University,United Kingdom,Europe,XL,CO,HI,Public,9.8,701,13.4,701,10.9,801,7.1,801,42.6,480,42.7,469.0,48.0,434.0,60.6,682.0,12.3,801,40.6,801,-,976,Sheffield Hallam University,United Kingdom,29535,19.0,0.23,"2 days, 7:45:00",35.935,18.0,14.1,65.5,34.9,73.2,2026
1001-1200,1001-1200,Siberian Federal University,Russian Federation,Europe,M,CO,VH,Public,7.8,701,9.9,701,29.9,634,7.9,801,56.8,406,46.0,438.0,47.4,437.0,37.7,801.0,10.3,801,44.4,801,-,986,Siberian Federal University,Russian Federation,8610,19.0,0.13,"1 day, 23:53:00",35.7465,34.2,26.9,36.6,61.1,59.1,2026
1001-1200,1001-1200,Slovak University of Technology in Bratislava,Slovakia,Europe,M,FO,VH,Public,10.8,701,10.6,701,48.9,396,7.7,801,4.8,801,29.1,602.0,21.8,732.0,54.2,779.0,17.9,762,28.1,801,-,1631,Slovak University of Technology in Bratislava,Slovakia,10809,12.9,0.19,33 : 67,25.2724999999999,28.7,14.5,24.7,45.4,45.0,2026
1001-1200,1001-1200,Soonchunhyang University,Republic of Korea,Asia,M,FC,VH,Private not for Profit,7.7,701,9.1,701,70.9,219,10.1,801,7.5,801,7.3,801.0,11.0,801.0,12.8,801.0,1.9,801,45.2,801,-,1289,Soonchunhyang University,South Korea,8983,19.4,0.06,"2 days, 2:50:00",30.5245,22.6,27.9,35.8,63.6,33.1,2026
1001-1200,951-1000,Southern Federal University,Russian Federation,Europe,L,CO,VH,Public,7.0,701,7.5,701,65.4,266,3.5,801,4.9,801,42.3,470.0,47.6,435.0,43.6,801.0,3.7,801,31.4,801,-,1688,Southern Federal University,Russian Federation,18741,12.8,0.15,"2 days, 9:43:00",24.246,23.8,16.3,24.6,38.7,47.6,2026
1001-1200,1001-1200,Sumy State University,Ukraine,Europe,M,FC,HI,Public,6.3,701,11.0,701,47.1,418,5.2,801,3.9,801,29.1,603.0,29.5,620.0,35.5,801.0,4.5,801,48.2,751=,-,1188,Sumy State University,Ukraine,7608,13.1,0.07,39 : 61,32.2544999999999,20.6,16.4,56.1,21.6,49.7,2026
1001-1200,1001-1200,The Hashemite University,Jordan,Asia,L,FC,HI,Public,15.6,701,23.7,566,5.5,801,7.8,801,9.9,801,18.4,756.0,13.9,801.0,45.1,801.0,5.1,801,45.4,801,-,1164,The Hashemite University,Jordan,21051,23.5,0.13,"2 days, 16:36:00",32.6645,14.0,16.1,59.7,34.7,60.9,2026
1001-1200,1001-1200,Tokyo Metropolitan University,Japan,Asia,M,CO,VH,Public,17.5,701,8.2,701,41.9,483,14.8,801,9.7,801,8.0,801.0,11.6,801.0,39.5,801.0,4.9,801,26.4,801,-,1520,Tokyo Metropolitan University,Japan,8789,10.7,0.05,39 : 61,27.0239999999999,29.7,16.2,29.8,52.8,33.5,2026
1001-1200,1001-1200,Universidad del Valle,Colombia,Americas,XL,FC,MD,Public,24.1,529,9.7,701,11.1,801,2.8,801,3.3,801,2.2,801.0,6.6,801.0,24.7,801.0,28.8,580,34.9,801,-,1992,Universidad del Valle,Colombia,33529,8.1,0.01,"2 days, 2:50:00",17.973,24.9,9.4,13.5,21.1,40.1,2026
1001-1200,1001-1200,Universidad Peruana Cayetano Heredia,Peru,Americas,M,FO,VH,Private not for Profit,15.2,701,12.1,701,59.1,305,3.6,801,1.6,801,1.8,801.0,1.6,801.0,23.9,801.0,4.6,801,53.2,641=,-,1079,Universidad Peruana Cayetano Heredia,Peru,8598,15.1,0.01,"2 days, 19:33:00",34.0635,20.2,16.1,61.2,33.7,49.7,2026
1001-1200,1201-1400,Universitas Sumatera Utara,Indonesia,Asia,XL,FC,HI,Public,14.4,701,13.4,701,38.0,532,1.8,801,14.1,801,2.6,801.0,7.0,801.0,28.6,801.0,7.4,801,46.0,801,-,1881,Universitas Sumatera Utara,Indonesia,40855,18.1,0.02,"2 days, 7:45:00",20.4835,17.8,11.3,27.6,21.2,37.7,2026
1001-1200,1001-1200,Universiti Malaysia Sarawak (UNIMAS),Malaysia,Asia,M,FC,HI,Public,20.1,612,14.4,701,17.3,801,6.8,801,43.9,472,19.7,732.0,23.0,719.0,35.9,801.0,5.0,801,42.6,801,-,1193,Universiti Malaysia Sarawak (UNIMAS),Malaysia,11981,15.5,0.14,"2 days, 22:30:00",32.205,31.4,22.1,29.7,77.7,60.2,2026
1001-1200,,University of Anbar,Iraq,Asia,L,CO,HI,Public,25.3,507,15.4,701,27.2,695,3.0,801,3.5,801,1.8,801.0,6.3,801.0,25.9,801.0,5.6,801,31.7,801,-,1298,University of Anbar,Iraq,27797,11.1,0.01,"2 days, 9:43:00",30.418,25.0,11.1,53.2,36.6,32.0,2026
1001-1200,951-1000,University of Colombo,Sri Lanka,Asia,L,CO,HI,Public,15.1,701,20.9,626,3.3,801,6.1,801,1.2,801,1.5,801.0,5.9,801.0,20.7,801.0,76.0,176,61.1,477=,-,1008,University of Colombo,Sri Lanka,35859,32.1,0.01,"2 days, 13:39:00",35.3414999999999,26.0,11.7,67.1,27.4,40.7,2026
1001-1200,951-1000,University of Denver,United States of America,Americas,M,CO,VH,Private not for Profit,7.8,701,12.2,701,43.6,458,12.7,801,6.0,801,14.2,801.0,20.2,760.0,31.8,801.0,37.5,465,49.5,715=,-,608,University of Denver,United States,10234,13.3,0.05,"2 days, 14:38:00",43.547,40.2,25.5,63.5,57.2,39.4,2026
1001-1200,1001-1200,University of Deusto,Spain,Europe,M,FO,VH,,8.9,701,29.8,477,7.4,801,14.3,801,8.8,801,29.9,592.0,35.8,539.0,29.1,801.0,52.2,324,31.6,801,-,1213,University of Deusto,Spain,10138,18.7,0.11,"2 days, 8:44:00",31.9165,20.7,20.6,49.3,39.9,46.0,2026
1001-1200,901-950,University of East London,United Kingdom,Europe,L,FO,HI,Public,3.9,701,6.5,701,2.6,801,9.5,801,83.3,268,99.8,46.0,99.8,35.0,34.5,801.0,14.1,801,29.5,801,-,1076,University of East London,United Kingdom,18135,28.6,0.57,"2 days, 1:51:00",34.0995,23.6,15.3,49.5,32.2,87.5,2026
1001-1200,1001-1200,University of Ibadan,Nigeria,Africa,XL,CO,VH,,11.6,701,16.6,701,6.4,801,7.3,801,,,,,,,64.8,624.0,76.2,175,41.9,801,-,942,University of Ibadan,Nigeria,36851,17.6,0.0,"2 days, 2:50:00",36.4749999999999,29.6,15.6,63.5,22.1,43.8,2026
1001-1200,1001-1200,University of Ioannina,Greece,Europe,XL,FC,HI,,9.4,701,5.6,701,1.9,801,32.0,562,2.0,801,7.5,801.0,11.9,801.0,55.7,757.0,3.6,801,36.5,801,-,1335,University of Ioannina,Greece,33322,38.1,0.03,"2 days, 6:46:00",29.7629999999999,16.9,15.7,50.5,52.8,39.5,2026
1001-1200,,University of Isfahan,Iran (Islamic Republic of),Asia,L,CO,VH,Public,7.7,701,10.7,701,4.9,801,30.7,579,,,2.5,801.0,2.1,801.0,52.8,798.0,4.7,801,27.7,801,-,1215,University of Isfahan,Iran,17094,22.6,0.05,"2 days, 10:42:00",31.8804999999999,29.0,18.3,46.8,38.9,32.3,2026
1001-1200,1001-1200,University of Karachi,Pakistan,Asia,XL,CO,HI,Public,14.5,701,19.2,676,2.0,801,10.4,801,4.7,801,1.2,801.0,1.1,801.0,48.4,801.0,51.2,332,31.3,801,-,1840,University of Karachi,Pakistan,47940,39.8,0.0,"2 days, 14:38:00",21.2984999999999,16.2,11.1,28.8,28.2,47.1,2026
1001-1200,1001-1200,University of Lagos,Nigeria,Africa,XL,CO,HI,,9.4,701,16.5,701,2.5,801,5.2,801,,,,,,,45.9,801.0,90.4,103,36.6,801,-,973,University of Lagos,Nigeria,36484,22.4,0.0,"2 days, 3:49:00",35.991,18.4,20.1,66.7,32.6,45.6,2026
1001-1200,901-950,University of Murcia,Spain,Europe,L,FC,VH,Public,15.3,701,5.4,701,24.9,735,14.9,801,,,7.0,801.0,12.2,801.0,77.9,385.0,4.9,801,64.4,413=,-,1045,University of Murcia,Spain,26754,15.2,0.05,"2 days, 15:37:00",34.6795,25.6,19.4,55.2,55.1,36.5,2026
1001-1200,901-950,University of Nairobi,Kenya,Africa,XL,FC,HI,Public,12.8,701,13.7,701,25.7,723,2.6,801,,,,,,,48.7,801.0,95.6,72,39.1,801,-,1578,University of Nairobi,Kenya,52216,23.3,0.02,"1 day, 21:55:00",25.8744999999999,15.9,16.1,39.7,22.5,49.4,2026
1001-1200,1001-1200,University of North Carolina at Charlotte,United States of America,Americas,L,CO,VH,Public,6.7,701,7.0,701,7.7,801,19.6,718,15.5,795,13.7,801.0,19.7,767.0,66.4,598.0,15.3,801,43.9,801,-,641,University of North Carolina at Charlotte,United States,27004,21.1,0.08,"2 days, 2:50:00",42.5565,23.9,24.5,76.2,60.9,41.4,2026
1001-1200,951-1000,University of Parma,Italy,Europe,XL,FC,HI,Public,13.6,701,5.8,701,4.5,801,33.0,551,5.2,801,16.8,784.0,22.9,722.0,63.0,651.0,12.5,801,37.0,801,-,769,University of Parma,Italy,31624,31.5,0.09,"2 days, 11:41:00",39.6584999999999,20.9,23.9,70.1,64.8,39.2,2026
1001-1200,951-1000,University of Regina,Canada,Americas,L,CO,HI,Public,4.7,701,2.9,701,5.7,801,34.3,532,4.0,801,51.2,400.0,54.5,376.0,48.5,801.0,6.4,801,64.2,417=,-,930,University of Regina,Canada,14331,22.9,0.34,"2 days, 12:40:00",36.7385,18.4,20.9,61.9,43.8,65.7,2026
1001-1200,1001-1200,University of Rhode Island,United States of America,Americas,L,CO,VH,Public,7.2,701,5.7,701,8.7,801,26.5,619,7.8,801,4.3,801.0,9.2,801.0,53.2,793.0,15.8,801,68.0,351=,-,856,University of Rhode Island,United States,15859,17.4,0.03,"2 days, 10:42:00",37.9,29.6,23.0,55.0,53.2,51.6,2026
1001-1200,1001-1200,University of Salento,Italy,Europe,L,CO,VH,Public,6.8,701,1.9,701,8.2,801,41.5,454,1.5,801,4.5,801.0,9.5,801.0,71.9,501.0,3.4,801,31.9,801,-,883,University of Salento,Italy,14502,23.5,0.03,"2 days, 14:38:00",37.552,27.2,21.4,61.4,55.8,35.6,2026
1001-1200,1001-1200,University of Tabuk,Saudi Arabia,Asia,L,FC,HI,Public,8.8,701,3.5,701,27.3,693,6.7,801,93.7,197,5.5,801.0,9.9,801.0,42.7,801.0,2.8,801,34.7,801,-,780,University of Tabuk,Saudi Arabia,20099,10.3,0.03,"1 day, 17:59:00",39.551,25.1,14.5,70.3,30.1,75.3,2026
1001-1200,1001-1200,University of the Free State,South Africa,Africa,L,FO,VH,Public,7.2,701,12.1,701,4.9,801,13.8,801,,,8.3,801.0,6.4,801.0,93.7,107.0,18.4,751,41.7,801,-,1171,University of the Free State,South Africa,31599,30.9,0.02,"2 days, 16:36:00",32.596,23.1,20.0,49.6,30.6,51.7,2026
1001-1200,1001-1200,University of Toledo,United States of America,Americas,L,FC,HI,Public,4.2,701,4.5,701,13.8,801,28.8,598,7.7,801,21.6,702.0,16.3,801.0,45.4,801.0,14.5,801,39.9,801,-,789,University of Toledo,United States,13661,15.8,0.1,"2 days, 6:46:00",39.3819999999999,36.9,18.5,54.6,63.6,56.1,2026
1001-1200,1001-1200,University of Warmia and Mazury in Olsztyn,Poland,Europe,L,FC,HI,Public,10.8,701,14.5,701,42.0,478,7.7,801,2.6,801,4.6,801.0,9.0,801.0,42.6,801.0,4.0,801,43.7,801,-,1618,University of Warmia and Mazury in Olsztyn,Poland,15830,16.8,0.03,"2 days, 13:39:00",25.376,18.2,15.6,41.9,26.7,24.6,2026
1001-1200,1001-1200,University of Wolverhampton,United Kingdom,Europe,L,CO,HI,Public,3.1,701,3.7,701,14.0,801,14.9,801,40.8,493,78.9,228.0,80.9,198.0,55.7,756.0,5.9,801,31.0,801,-,965,University of Wolverhampton,United Kingdom,13835,17.9,0.28,"2 days, 16:36:00",36.1045,20.3,15.6,59.3,47.3,78.8,2026
1001-1200,1001-1200,University of Wyoming,United States of America,Americas,M,CO,VH,Public,3.6,701,2.3,701,39.4,515,29.6,592,12.6,801,8.1,801.0,13.5,801.0,52.0,801.0,10.6,801,43.4,801,-,888,University of Wyoming,United States,9462,13.3,0.05,"2 days, 5:47:00",37.469,36.4,15.3,57.2,54.1,39.6,2026
1001-1200,1001-1200,William & Mary,United States of America,Americas,M,CO,VH,Public,10.0,701,14.9,701,26.4,708,16.2,779,6.0,801,9.0,801.0,14.7,801.0,37.9,801.0,38.6,450,44.4,801,-,812,William & Mary,United States,8786,11.8,0.06,"2 days, 10:42:00",38.8835,39.2,22.6,53.9,45.7,36.9,2026
1001-1200,901-950,Yerevan State University,Armenia,Asia,M,CO,HI,Public,8.7,701,6.0,701,64.8,271,1.9,801,8.7,801,3.0,801.0,7.2,801.0,21.2,801.0,90.0,106,13.3,801,-,1999,Yerevan State University,Armenia,14333,7.2,0.03,"2 days, 5:47:00",17.864,25.4,9.1,12.4,22.3,41.6,2026
1001-1200,901-950,Yokohama City University,Japan,Asia,M,FO,VH,Public,3.3,701,3.7,701,96.7,64,19.0,730,7.2,801,6.0,801.0,10.0,801.0,15.0,801.0,3.5,801,14.5,801,-,1036,Yokohama City University,Japan,5142,5.4,0.03,"2 days, 7:45:00",34.8184999999999,28.2,10.8,62.0,65.0,28.9,2026
1001-1200,1001-1200,Yokohama National University,Japan,Asia,M,CO,VH,Public,11.6,701,24.5,548,22.9,777,11.3,801,17.2,762,12.5,801.0,18.2,792.0,28.1,801.0,22.5,684,41.2,801,-,1499,Yokohama National University,Japan,9459,13.2,0.08,28 : 72,27.269,28.3,21.9,22.1,82.3,35.3,2026
1001-1200,1201-1400,Yuan Ze University,Taiwan,Asia,M,CO,VH,Private for Profit,8.6,701,9.7,701,13.7,801,19.7,716,22.2,684,23.0,689.0,25.9,671.0,38.9,801.0,2.1,801,42.9,801,-,744,Yuan Ze University,Taiwan,6717,20.4,0.11,"1 day, 19:57:00",40.2605,19.7,27.3,62.5,79.8,61.2,2026
1201-1400,1201-1400,Al-Balqa Applied University,Jordan,Asia,L,FC,HI,Public,10.2,701,15.4,701,6.0,801,5.8,801,15.2,801,5.2,801.0,9.2,801.0,46.0,801.0,5.5,801,41.8,801,-,1140,Al-Balqa Applied University,Jordan,24503,23.7,0.03,"2 days, 10:42:00",33.031,13.4,16.9,64.7,30.3,47.4,2026
1201-1400,1201-1400,Bahauddin Zakariya University,Pakistan,Asia,L,CO,VH,Public,8.5,701,7.8,701,4.1,801,30.3,584,,,1.0,801.0,1.0,801.0,50.8,801.0,8.3,801,25.7,801,-,784,Bahauddin Zakariya University,Pakistan,19120,19.5,0.0,40 : 60,39.461,23.7,18.1,75.0,25.2,49.5,2026
1201-1400,,Beni-Suef University,Egypt,Africa,XL,FC,HI,Public,8.7,701,4.1,701,2.1,801,11.1,801,13.7,801,1.6,801.0,6.0,801.0,51.5,801.0,2.8,801,39.8,801,-,1096,Beni-Suef University,Egypt,82628,44.9,0.01,"2 days, 0:52:00",33.79,25.8,11.3,59.4,22.8,55.6,2026
1201-1400,1001-1200,BRAC University,Bangladesh,Asia,L,CO,HI,Private not for Profit,14.9,701,33.4,429,11.6,801,3.6,801,1.7,801,1.8,801.0,6.2,801.0,30.4,801.0,4.5,801,30.0,801,-,1062,BRAC University,Bangladesh,17235,21.2,0.01,"1 day, 21:55:00",34.4115,13.6,13.4,74.9,19.9,43.3,2026
1201-1400,1201-1400,Brock University,Canada,Americas,L,CO,HI,Public,6.7,701,10.9,701,4.7,801,16.6,772,4.2,801,27.5,621.0,33.5,570.0,29.2,801.0,6.7,801,41.5,801,-,1317,Brock University,Canada,21118,22.0,0.19,"2 days, 9:43:00",30.06,15.0,18.4,48.0,42.1,56.2,2026
1201-1400,1001-1200,Canterbury Christ Church University,United Kingdom,Europe,XL,CO,MD,Public,6.8,701,4.7,701,5.3,801,6.8,801,41.5,487,60.4,340.0,64.2,309.0,21.9,801.0,2.2,801,21.7,801,-,1353,Canterbury Christ Church University,United Kingdom,23395,38.4,0.55,"2 days, 9:43:00",29.4325,18.0,13.5,46.3,19.0,74.1,2026
1201-1400,1201-1400,Chitkara University,India,Asia,L,CO,VH,Private not for Profit,10.0,701,10.9,701,18.2,801,5.4,801,13.1,801,5.4,801.0,9.1,801.0,44.0,801.0,1.7,801,47.4,776=,-,717,Chitkara University,India,18269,13.8,0.03,"1 day, 20:56:00",40.8105,21.1,14.7,91.0,22.7,28.2,2026
1201-1400,1201-1400,Cukurova University,Türkiye,Asia,XL,FC,HI,Public,6.7,701,6.1,701,8.6,801,4.9,801,2.5,801,6.5,801.0,12.0,801.0,56.0,749.0,14.1,801,42.3,801,-,1711,Cukurova University,Turkey,33663,22.9,0.03,"1 day, 23:53:00",23.9135,22.3,13.8,32.5,33.7,29.8,2026
1201-1400,1201-1400,Damascus University,Syrian Arab Republic,Asia,XL,FC,MD,Public,8.0,701,6.4,701,1.7,801,1.5,801,5.4,801,11.2,801.0,14.6,801.0,23.2,801.0,95.8,69,32.0,801,-,2156,Damascus University,Syria,163499,56.8,0.07,"2 days, 21:31:00",13.8834999999999,12.5,8.3,12.1,18.1,45.8,2026
1201-1400,1201-1400,Doshisha University,Japan,Asia,L,CO,HI,Private not for Profit,11.1,701,16.2,701,7.0,801,2.5,801,22.1,685,6.3,801.0,11.6,801.0,18.7,801.0,26.3,620,22.1,801,-,2069,Doshisha University,Japan,26715,18.1,0.04,"1 day, 18:58:00",16.256,18.1,11.1,12.4,35.5,34.1,2026
1201-1400,1201-1400,Feng Chia University,Taiwan,Asia,L,FO,VH,Private for Profit,12.3,701,11.8,701,6.4,801,11.7,801,5.6,801,6.8,801.0,11.0,801.0,10.1,801.0,21.0,707,53.9,624=,-,1760,Feng Chia University,Taiwan,20114,23.0,0.06,"1 day, 17:59:00",23.0215,16.9,18.2,24.2,70.7,35.6,2026
1201-1400,1201-1400,Fu Jen Catholic University,Taiwan,Asia,L,FC,HI,Private not for Profit,10.6,701,10.8,701,4.5,801,14.9,801,13.2,801,8.1,801.0,12.5,801.0,9.3,801.0,35.8,479,44.5,801,-,1394,Fu Jen Catholic University,Taiwan,19288,25.9,0.05,"2 days, 11:41:00",28.6824999999999,23.1,27.6,28.5,76.6,30.0,2026
1201-1400,,Galgotias University,India,Asia,L,CO,HI,Private not for Profit,16.6,701,4.6,701,36.2,553,3.2,801,21.1,696,15.0,801.0,18.1,793.0,16.9,801.0,3.3,801,,,-,1234,Galgotias University,India,18462,14.8,0.03,36 : 64,31.607,21.3,10.9,64.2,19.5,28.3,2026
1201-1400,1001-1200,Gunma University,Japan,Asia,M,FO,VH,Public,3.8,701,2.8,701,89.8,104,9.0,801,5.5,801,5.2,801.0,8.6,801.0,10.5,801.0,1.8,801,15.4,801,-,1699,Gunma University,Japan,6155,7.4,0.05,39 : 61,24.0835,27.9,13.4,24.2,66.3,27.4,2026
1201-1400,1201-1400,Hanoi University of Science and Technology,Viet Nam,Asia,XL,FO,VH,Public,12.3,701,15.9,701,3.3,801,10.0,801,5.7,801,1.5,801.0,5.8,801.0,23.3,801.0,30.8,537,51.3,677=,-,1729,Hanoi University of Science and Technology,Vietnam,39204,35.8,0.0,0.8888888888888888,23.6199999999999,14.5,16.9,30.5,66.1,35.3,2026
1201-1400,1201-1400,Helwan University,Egypt,Africa,XL,CO,HI,Public,11.0,701,15.0,701,4.9,801,2.6,801,1.2,801,3.4,801.0,2.8,801.0,63.6,642.0,20.1,724,36.1,801,-,1533,Helwan University,Egypt,153935,23.9,0.01,"2 days, 8:44:00",26.7265,22.7,9.0,43.1,23.0,47.6,2026
1201-1400,1001-1200,Islamic University of Madinah,Saudi Arabia,Asia,L,FO,HI,Public,8.1,701,3.5,701,7.8,801,3.0,801,46.5,459,100.0,8.0,100.0,3.0,19.1,801.0,2.6,801,7.6,801,-,1019,Islamic University of Madinah,Saudi Arabia,17328,24.6,0.77,0.15138888888888888,35.102,29.7,10.0,53.6,17.7,88.7,2026
1201-1400,1201-1400,Ivan Franko National University of Lviv,Ukraine,Europe,L,CO,HI,Public,9.6,701,25.3,533,32.8,590,1.7,801,1.3,801,1.6,801.0,6.0,801.0,13.3,801.0,26.1,622,43.1,801,-,2092,Ivan Franko National University of Lviv,Ukraine,21946,13.2,0.01,"2 days, 18:34:00",15.696,20.5,11.1,11.5,18.8,29.7,2026
1201-1400,1201-1400,Jahangirnagar University,Bangladesh,Asia,L,CO,HI,,12.2,701,17.5,701,5.7,801,9.3,801,,,,,,,35.3,801.0,4.5,801,33.2,801,-,941,Jahangirnagar University,Bangladesh,11895,16.9,0.0,"2 days, 2:50:00",36.5274999999999,19.7,10.0,77.6,20.4,49.6,2026
1201-1400,1201-1400,Jeju National University,Republic of Korea,Asia,M,FC,VH,Public,5.1,701,3.4,701,44.3,446,13.5,801,9.4,801,9.3,801.0,13.1,801.0,23.4,801.0,1.8,801,53.4,632=,-,1384,Jeju National University,South Korea,10335,15.0,0.04,"2 days, 5:47:00",28.9004999999999,25.3,20.2,38.6,44.1,29.8,2026
1201-1400,1001-1200,Kagoshima University,Japan,Asia,M,FC,VH,Public,7.8,701,4.7,701,69.6,234,6.1,801,5.1,801,5.0,801.0,4.0,801.0,24.0,801.0,1.6,801,23.0,801,-,1751,Kagoshima University,Japan,10130,10.5,0.02,39 : 61,23.1989999999999,26.5,13.8,23.8,56.3,26.5,2026
1201-1400,1201-1400,Kharkiv National University of Radio Electronics,Ukraine,Europe,M,SP,HI,Public,3.2,701,22.5,591,31.1,615,2.2,801,1.8,801,10.7,801.0,14.9,801.0,12.9,801.0,4.7,801,33.3,801,-,1871,Kharkiv National University of Radio Electronics,Ukraine,7129,11.6,0.06,30 : 70,20.7025,20.8,9.0,30.0,18.6,29.5,2026
1201-1400,1201-1400,King Mongkut's University of Technology North Bangkok,Thailand,Asia,L,FO,VH,Public,13.4,701,11.9,701,5.3,801,7.3,801,3.8,801,1.4,801.0,5.8,801.0,31.1,801.0,3.1,801,31.7,801,-,1266,King Mongkut's University of Technology North Bangkok,Thailand,27960,22.6,0.01,40 : 60,30.97,17.8,15.3,55.9,57.3,29.6,2026
1201-1400,1201-1400,Kwame Nkrumah University of Science and Technology,Ghana,Africa,XL,CO,HI,,10.2,701,9.2,701,6.0,801,3.9,801,,,,,,,65.9,611.0,49.9,344,42.3,801,-,1286,Kwame Nkrumah University of Science and Technology,Ghana,76838,46.8,0.01,39 : 61,30.581,17.7,16.6,53.3,26.7,46.5,2026
1201-1400,1201-1400,Kyoto Institute of Technology,Japan,Asia,S,FO,VH,Public,8.0,701,6.3,701,18.6,801,18.7,741,15.3,801,13.6,801.0,17.1,801.0,13.2,801.0,1.8,801,24.6,801,-,1771,Kyoto Institute of Technology,Japan,4018,14.5,0.06,29 : 71,22.7885,25.5,17.7,16.2,72.2,31.8,2026
1201-1400,,Latvia University of Life Sciences and Technologies,Latvia,Europe,S,FO,VH,Public,7.5,701,10.1,701,5.7,801,7.9,801,1.8,801,16.5,790.0,19.1,776.0,24.1,801.0,17.7,768,35.8,801,-,1919,Latvia University of Life Sciences and Technologies,Latvia,3998,14.1,0.08,"2 days, 1:51:00",19.4344999999999,21.7,15.8,17.9,24.9,27.8,2026
1201-1400,1201-1400,Meiji University,Japan,Asia,XL,FO,HI,Private for Profit,9.4,701,24.6,545,5.9,801,2.5,801,14.5,801,8.9,801.0,13.3,801.0,12.6,801.0,29.4,559,29.4,801,-,2124,Meiji University,Japan,34072,21.9,0.05,34 : 66,14.786,16.2,10.2,11.6,31.1,31.0,2026
1201-1400,,National Chin-Yi University of Technology,Taiwan,Asia,M,FO,VH,Public,13.0,701,16.4,701,8.8,801,12.9,801,3.1,801,20.6,718.0,21.3,745.0,15.6,801.0,2.1,801,40.0,801,-,1640,National Chin-Yi University of Technology,Taiwan,7667,22.4,0.12,31 : 69,25.0785,15.0,26.6,27.3,50.3,36.5,2026
1201-1400,1201-1400,National Dong Hwa University,Taiwan,Asia,M,CO,HI,Public,16.3,701,7.0,701,8.6,801,8.7,801,13.9,801,18.6,750.0,22.2,729.0,10.7,801.0,2.1,801,46.9,793=,-,1474,National Dong Hwa University,Taiwan,10094,18.4,0.1,"2 days, 6:46:00",27.6579999999999,20.2,25.0,29.0,45.1,52.6,2026
1201-1400,1201-1400,National Taiwan Ocean University,Taiwan,Asia,M,FO,VH,Public,7.7,701,6.3,701,16.0,801,18.5,745,10.2,801,13.9,801.0,16.6,801.0,18.6,801.0,4.1,801,55.7,582=,-,1449,National Taiwan Ocean University,Taiwan,8418,16.1,0.08,32 : 68,28.0409999999999,19.9,27.2,29.3,70.0,35.9,2026
1201-1400,1201-1400,Novosibirsk State Technical University,Russian Federation,Europe,L,FO,VH,Public,5.7,701,11.1,701,27.7,686,2.8,801,2.0,801,56.7,366.0,55.2,372.0,11.6,801.0,7.3,801,15.2,801,-,2012,Novosibirsk State Technical University,Russian Federation,14178,16.5,0.2,37 : 63,17.525,18.1,12.9,14.3,32.8,37.9,2026
1201-1400,,Ozyegin University,Türkiye,Asia,M,FO,VH,Private not for Profit,6.6,701,16.1,701,10.2,801,10.1,801,14.7,801,33.5,552.0,38.7,510.0,18.4,801.0,2.6,801,45.1,801,-,917,Ozyegin University,Turkey,6166,24.1,0.12,"1 day, 23:53:00",36.9209999999999,20.6,30.7,47.8,80.9,58.2,2026
1201-1400,1201-1400,Pondicherry University,India,Asia,M,CO,VH,Public,5.1,701,3.4,701,7.4,801,33.4,545,2.3,801,1.6,801.0,6.0,801.0,34.7,801.0,3.2,801,47.1,785=,-,1280,Pondicherry University,India,9378,20.3,0.0,"1 day, 22:54:00",30.628,34.1,17.4,40.6,41.0,22.7,2026
1201-1400,1201-1400,Portland State University,United States of America,Americas,L,CO,VH,Public,4.9,701,2.6,701,14.8,801,15.7,789,2.1,801,10.8,801.0,8.3,801.0,42.3,801.0,16.5,796,47.0,789=,-,985,Portland State University,United States,16947,21.0,0.06,"2 days, 9:43:00",35.77,22.3,24.5,56.7,55.1,38.3,2026
1201-1400,1201-1400,Pukyong National University,Republic of Korea,Asia,L,CO,VH,Public,9.4,701,6.0,701,21.2,801,13.6,801,6.6,801,13.9,801.0,10.6,801.0,33.9,801.0,1.7,801,58.6,530=,-,1291,Pukyong National University,South Korea,16710,18.1,0.08,"1 day, 23:53:00",30.481,30.3,20.4,36.1,54.1,35.1,2026
1201-1400,,Riphah International University,Pakistan,Asia,L,CO,HI,Private not for Profit,13.8,701,8.2,701,26.2,712,6.4,801,2.2,801,1.5,801.0,5.9,801.0,51.8,801.0,3.2,801,32.3,801,-,1038,Riphah International University,Pakistan,26970,11.9,0.0,"2 days, 10:42:00",34.8055,20.0,10.4,71.2,17.8,50.9,2026
1201-1400,1001-1200,Samara National Research University (Samara University),Russian Federation,Europe,M,CO,VH,Public,4.0,701,3.7,701,74.6,199,3.2,801,2.9,801,22.3,696.0,27.1,652.0,19.5,801.0,13.2,801,30.6,801,-,1872,Samara National Research University (Samara University),Russian Federation,9427,10.4,0.1,"1 day, 22:54:00",20.6815,27.1,14.1,16.2,34.2,31.6,2026
1201-1400,1201-1400,Sathyabama Institute of Science and Technology,India,Asia,L,CO,VH,Private not for Profit,11.0,701,10.4,701,27.0,698,9.4,801,7.5,801,6.1,801.0,10.6,801.0,29.5,801.0,1.7,801,51.0,680=,-,1330,Sathyabama Institute of Science and Technology,India,17560,12.5,0.04,"2 days, 1:51:00",29.8435,30.9,10.7,48.6,24.0,27.8,2026
1201-1400,1001-1200,Shinshu University,Japan,Asia,M,FC,VH,Public,4.7,701,4.9,701,39.9,507,20.2,709,6.8,801,4.7,801.0,8.8,801.0,25.2,801.0,3.4,801,24.6,801,-,1450,Shinshu University,Japan,10657,10.6,0.03,33 : 67,28.0269999999999,26.7,18.4,32.5,66.8,31.9,2026
1201-1400,,Shiv Nadar University,India,Asia,S,CO,VH,Private for Profit,7.5,701,6.1,701,42.1,476,20.8,701,17.4,759,3.2,801.0,7.3,801.0,13.5,801.0,1.8,801,30.4,801,-,1444,Shiv Nadar University,India,2290,9.2,0.02,"1 day, 19:57:00",28.176,31.7,8.1,40.6,27.7,42.5,2026
1201-1400,1001-1200,Slovak University of Agriculture in Nitra,Slovakia,Europe,S,SP,HI,Public,8.9,701,10.6,701,36.7,547,15.5,794,8.8,801,8.9,801.0,12.3,801.0,28.5,801.0,5.7,801,24.9,801,-,1411,Slovak University of Agriculture in Nitra,Slovakia,4478,12.5,0.05,"2 days, 6:46:00",28.5155,27.5,19.3,34.0,22.9,49.2,2026
1201-1400,1201-1400,Suranaree University of Technology,Thailand,Asia,L,FC,HI,Public,10.2,701,6.5,701,5.9,801,16.7,768,7.4,801,2.4,801.0,6.7,801.0,27.3,801.0,3.2,801,44.6,801,-,1492,Suranaree University of Technology,Thailand,14931,27.9,0.01,"2 days, 5:47:00",27.3345,25.0,17.4,33.7,52.4,36.1,2026
1201-1400,1001-1200,Taibah University,Saudi Arabia,Asia,XL,FC,HI,Public,9.2,701,4.3,701,7.6,801,7.4,801,90.6,221,3.6,801.0,8.2,801.0,38.0,801.0,2.5,801,32.5,801,-,1168,Taibah University,Saudi Arabia,45990,19.5,0.02,"2 days, 15:37:00",32.64,16.1,11.2,60.4,23.0,74.7,2026
1201-1400,1201-1400,Tamkang University,Taiwan,Asia,L,CO,HI,Private for Profit,7.8,701,9.9,701,5.2,801,11.0,801,8.0,801,11.6,801.0,16.4,801.0,24.6,801.0,35.6,484,45.7,801,-,1587,Tamkang University,Taiwan,21955,20.1,0.07,"1 day, 22:54:00",25.7404999999999,16.1,12.4,40.1,50.5,44.6,2026
1201-1400,1201-1400,Tanta University,Egypt,Africa,XL,FC,HI,Public,7.7,701,9.8,701,7.2,801,4.0,801,1.5,801,3.0,801.0,7.3,801.0,73.3,484.0,5.7,801,48.1,757=,-,1133,Tanta University,Egypt,128933,20.0,0.01,"2 days, 6:46:00",33.1674999999999,20.0,9.5,66.3,23.5,49.1,2026
1201-1400,1201-1400,Technical University of Cluj-Napoca,Romania,Europe,L,SP,VH,Public,5.8,701,10.7,701,10.5,801,8.2,801,4.0,801,5.6,801.0,10.1,801.0,46.5,801.0,5.1,801,42.1,801,-,1710,Technical University of Cluj-Napoca,Romania,18486,20.3,0.03,38 : 62,23.9174999999999,17.8,13.9,36.4,41.7,27.3,2026
1201-1400,1201-1400,Technical University of Liberec,Czechia,Europe,M,CO,VH,Public,5.6,701,5.0,701,43.9,452,9.3,801,15.6,789,14.9,801.0,18.7,785.0,28.5,801.0,2.5,801,15.7,801,-,1784,Technical University of Liberec,Czechia,5565,11.3,0.1,"2 days, 5:47:00",22.6215,22.2,16.9,20.3,37.6,47.7,2026
1201-1400,,Tishk International University,Iraq,Asia,M,CO,HI,Private for Profit,13.4,701,4.0,701,8.0,801,11.8,801,74.2,318,1.6,801.0,5.9,801.0,33.5,801.0,5.9,801,17.3,801,-,1011,Tishk International University,Iraq,4665,16.1,0.01,"2 days, 2:50:00",35.245,15.4,13.3,69.8,19.0,68.6,2026
1201-1400,1201-1400,Tokai University,Japan,Asia,L,FC,HI,Private not for Profit,12.8,701,9.0,701,18.1,801,5.4,801,7.7,801,5.3,801.0,4.2,801.0,28.8,801.0,3.4,801,34.4,801,-,1497,Tokai University,Japan,28774,16.6,0.05,29 : 71,27.2909999999999,17.6,12.8,46.9,48.3,31.8,2026
1201-1400,1001-1200,Tokushima University,Japan,Asia,M,SP,VH,Public,5.4,701,3.2,701,70.1,231,10.2,801,3.3,801,3.8,801.0,7.8,801.0,18.2,801.0,6.4,801,23.3,801,-,1453,Tokushima University,Japan,7395,9.5,0.02,36 : 64,28.0089999999999,28.9,20.7,27.2,86.7,24.7,2026
1201-1400,1201-1400,Tunghai University,Taiwan,Asia,L,FO,VH,Private for Profit,10.1,701,9.2,701,6.7,801,13.1,801,13.5,801,17.8,765.0,21.7,735.0,28.2,801.0,21.9,696,47.5,774=,-,1532,Tunghai University,Taiwan,14886,20.5,0.09,"2 days, 7:45:00",26.7355,15.7,15.4,40.8,44.2,48.4,2026
1201-1400,1201-1400,Universidad del Desarrollo,Chile,Americas,L,CO,HI,Private not for Profit,11.8,701,15.7,701,15.7,801,4.0,801,10.6,801,3.3,801.0,7.6,801.0,18.3,801.0,6.8,801,47.5,774=,-,1485,Universidad del Desarrollo,Chile,17491,17.7,0.04,"2 days, 9:43:00",27.4519999999999,16.4,12.1,47.2,28.0,51.0,2026
1201-1400,1201-1400,Universidad Nacional del Litoral,Argentina,Americas,XL,CO,HI,Public,18.1,674,10.1,701,3.1,801,4.1,801,6.6,801,1.5,801.0,1.4,801.0,26.8,801.0,7.1,801,41.0,801,-,2106,Universidad Nacional del Litoral,Argentina,50839,34.9,0.01,"2 days, 15:37:00",15.3419999999999,13.5,9.6,16.9,25.2,33.3,2026
1201-1400,1201-1400,Universidad Peruana de Ciencias Aplicadas (UPC),Peru,Americas,XL,FO,HI,Private not for Profit,17.8,689,26.8,511,4.7,801,1.4,801,17.1,766,2.1,801.0,1.8,801.0,10.1,801.0,4.8,801,32.0,801,-,2171,Universidad Peruana de Ciencias Aplicadas (UPC),Peru,81453,29.7,0.02,"2 days, 1:51:00",13.3725,12.0,8.8,13.6,17.2,33.5,2026
1201-1400,1201-1400,Universidade do Estado do Rio de Janeiro (UERJ),Brazil,Americas,XL,FC,HI,Public,13.2,701,6.5,701,22.6,780,4.0,801,4.8,801,1.4,801.0,1.3,801.0,48.0,801.0,22.6,680,31.8,801,-,1732,Universidade do Estado do Rio de Janeiro (UERJ),Brazil,34661,11.8,0.0,"2 days, 7:45:00",23.5715,32.2,12.3,24.5,23.2,29.7,2026
1201-1400,1201-1400,Universidade Federal da Bahia,Brazil,Americas,XL,FC,HI,Public,13.5,701,5.0,701,11.8,801,5.7,801,6.9,801,2.0,801.0,1.8,801.0,48.7,801.0,20.6,715,41.4,801,-,1654,Universidade Federal da Bahia,Brazil,50721,19.0,0.01,"2 days, 6:46:00",24.7075,27.1,14.6,30.0,25.1,33.0,2026
1201-1400,1201-1400,Universitas Negeri Yogyakarta,Indonesia,Asia,L,CO,HI,Public,17.4,701,6.7,701,12.2,801,2.0,801,18.8,732,2.8,801.0,7.2,801.0,10.8,801.0,2.8,801,32.5,801,-,1537,Universitas Negeri Yogyakarta,Indonesia,27783,17.2,0.02,"2 days, 8:44:00",26.6225,19.2,12.1,46.0,24.3,35.7,2026
1201-1400,1201-1400,Universitas Pendidikan Indonesia,Indonesia,Asia,XL,CO,HI,Public,17.4,701,5.7,701,16.2,801,2.2,801,17.6,757,2.5,801.0,7.1,801.0,20.0,801.0,2.7,801,43.1,801,-,1806,Universitas Pendidikan Indonesia,Indonesia,37007,16.9,0.02,"2 days, 8:44:00",22.0574999999999,20.3,11.9,32.2,20.7,28.4,2026
1201-1400,,Universiti Malaysia Kelantan,Malaysia,Asia,M,CO,VH,Public,9.5,701,3.6,701,7.1,801,10.6,801,17.0,768,14.2,801.0,16.4,801.0,25.5,801.0,5.1,801,47.9,763=,-,1647,Universiti Malaysia Kelantan,Malaysia,10001,20.0,0.08,"2 days, 22:30:00",24.9344999999999,16.1,14.8,35.5,37.7,49.8,2026
1201-1400,1201-1400,University of Babylon,Iraq,Asia,L,FC,HI,Public,7.7,701,25.9,524,19.6,801,3.7,801,1.3,801,1.2,801.0,1.1,801.0,36.6,801.0,5.8,801,29.8,801,-,1733,University of Babylon,Iraq,29695,12.9,0.01,"2 days, 7:45:00",23.5414999999999,28.4,9.0,33.4,21.9,22.1,2026
1201-1400,1201-1400,University of Basrah,Iraq,Asia,XL,FC,HI,Public,9.1,701,26.6,514,18.7,801,2.2,801,,,1.0,801.0,1.0,801.0,34.7,801.0,14.2,801,20.0,801,-,2161,University of Basrah,Iraq,88218,22.8,0.0,"2 days, 16:36:00",13.6819999999999,15.2,8.1,14.5,17.1,24.2,2026
1201-1400,1001-1200,University of Derby,United Kingdom,Europe,L,CO,HI,Public,5.4,701,7.5,701,12.0,801,10.9,801,40.8,492,49.9,409.0,54.6,375.0,42.8,801.0,2.2,801,34.0,801,-,793,University of Derby,United Kingdom,15820,14.6,0.26,"2 days, 13:39:00",39.293,19.0,14.1,74.0,34.6,80.2,2026
1201-1400,1201-1400,University of International Business and Economics,China (Mainland),Asia,L,SP,VH,Public,3.3,701,5.1,701,16.5,801,8.4,801,8.6,801,43.3,465.0,32.4,586.0,8.2,801.0,21.2,704,29.8,801,-,533,University of International Business and Economics,China,15343,14.2,0.12,"3 days, 1:27:00",45.6239999999999,29.2,19.0,87.3,31.5,54.0,2026
1201-1400,,University of Kerbala,Iraq,Asia,L,FC,HI,Public,12.8,701,14.8,701,35.3,560,2.0,801,2.1,801,1.9,801.0,1.7,801.0,13.9,801.0,5.6,801,21.3,801,-,2049,University of Kerbala,Iraq,25226,12.4,0.0,"2 days, 7:45:00",16.7159999999999,22.3,8.1,16.9,16.4,27.5,2026
1201-1400,1201-1400,University of Kufa,Iraq,Asia,XL,FC,HI,Public,7.4,701,33.3,433,31.7,607,2.1,801,,,1.0,801.0,1.0,801.0,26.3,801.0,5.7,801,15.6,801,-,1739,University of Kufa,Iraq,35860,11.8,0.0,"2 days, 11:41:00",23.5005,23.6,9.0,38.1,16.9,24.3,2026
1201-1400,1201-1400,University of Memphis,United States of America,Americas,L,CO,VH,Public,4.1,701,4.1,701,18.6,801,13.9,801,2.5,801,19.4,737.0,14.7,801.0,41.9,801.0,15.0,801,35.1,801,-,1027,University of Memphis,United States,15761,14.3,0.1,"2 days, 12:40:00",34.9995,30.1,19.3,48.6,62.7,45.8,2026
1201-1400,1201-1400,University of Miskolc,Hungary,Europe,M,FO,VH,Private not for Profit,9.0,701,10.3,701,20.4,801,4.7,801,3.0,801,6.4,801.0,5.0,801.0,24.5,801.0,16.3,801,27.8,801,-,1835,University of Miskolc,Hungary,9107,17.7,0.09,"2 days, 3:49:00",21.346,23.8,14.7,21.2,24.3,36.4,2026
1201-1400,,University of Mosul,Iraq,Asia,XL,FC,HI,Public,7.3,701,12.9,701,23.4,764,1.7,801,1.0,801,1.3,801.0,5.7,801.0,30.2,801.0,28.8,577,26.4,801,-,2063,University of Mosul,Iraq,57684,13.7,0.0,"2 days, 8:44:00",16.4444999999999,19.3,10.5,16.9,29.9,19.2,2026
1201-1400,1001-1200,University of Novi Sad,Serbia,Europe,XL,FC,HI,Public,12.5,701,6.5,701,10.5,801,6.9,801,,,,,,,82.1,312.0,30.7,538,31.2,801,-,1679,University of Novi Sad,Serbia,49296,14.0,0.07,"2 days, 10:42:00",24.3394999999999,19.9,11.5,32.8,59.6,38.8,2026
1201-1400,1201-1400,University of Ostrava,Czechia,Europe,M,FC,HI,Public,8.0,701,2.9,701,20.5,801,5.9,801,34.6,540,32.2,564.0,24.2,702.0,28.9,801.0,5.0,801,24.2,801,-,1635,University of Ostrava,Czechia,9219,16.4,0.12,"2 days, 22:30:00",25.2134999999999,20.0,16.7,32.7,20.7,51.1,2026
1201-1400,1201-1400,University of Pannonia,Hungary,Europe,S,FO,VH,Public,6.1,701,7.3,701,33.3,584,14.9,801,5.8,801,7.2,801.0,5.6,801.0,55.5,760.0,5.0,801,23.4,801,-,1652,University of Pannonia,Hungary,5317,20.0,0.06,"2 days, 1:51:00",24.7639999999999,22.7,17.7,29.9,31.8,35.9,2026
1201-1400,1201-1400,University of Pardubice,Czechia,Europe,M,CO,VH,Public,5.2,701,5.2,701,47.8,407,5.8,801,12.3,801,15.5,801.0,19.7,768.0,36.2,801.0,2.5,801,15.8,801,-,1785,University of Pardubice,Czechia,7339,15.3,0.09,"2 days, 7:45:00",22.61,19.7,18.6,22.8,37.8,40.7,2026
1201-1400,1201-1400,University of Peradeniya,Sri Lanka,Asia,L,CO,HI,Public,10.4,701,13.6,701,14.3,801,3.7,801,,,1.6,801.0,6.0,801.0,39.5,801.0,17.7,765,50.6,693=,-,1420,University of Peradeniya,Sri Lanka,20419,26.2,0.0,"2 days, 12:40:00",28.4395,12.8,12.4,56.4,30.0,39.3,2026
1201-1400,,University of Petra,Jordan,Asia,M,CO,HI,Private for Profit,8.8,701,8.1,701,10.0,801,6.2,801,25.9,635,47.1,429.0,44.2,472.0,9.9,801.0,5.7,801,34.6,801,-,934,University of Petra,Jordan,5154,17.3,0.18,"2 days, 6:46:00",36.665,15.2,12.4,76.1,17.5,67.4,2026
1201-1400,1201-1400,University of Primorska,Slovenia,Europe,M,CO,HI,Public,3.6,701,5.7,701,12.3,801,8.3,801,31.6,567,38.9,506.0,37.4,523.0,45.4,801.0,13.2,801,21.8,801,-,1702,University of Primorska,Slovenia,5744,13.5,0.23,"3 days, 4:24:00",24.061,20.0,17.4,25.1,23.0,62.2,2026
1201-1400,1201-1400,University of Rajshahi,Bangladesh,Asia,L,CO,HI,,13.2,701,13.1,701,6.2,801,6.4,801,1.3,801,1.2,801.0,5.6,801.0,23.5,801.0,4.4,801,39.3,801,-,1033,University of Rajshahi,Bangladesh,19819,17.8,0.0,36 : 64,34.8724999999999,16.5,9.9,77.0,22.1,42.0,2026
1201-1400,1201-1400,University of Rijeka,Croatia,Europe,L,CO,VH,Public,7.3,701,8.4,701,17.0,801,8.7,801,2.8,801,5.8,801.0,10.1,801.0,50.2,801.0,15.3,801,42.4,801,-,1655,University of Rijeka,Croatia,12749,15.6,0.05,"2 days, 11:41:00",24.6964999999999,20.1,19.4,31.3,36.4,30.6,2026
1201-1400,1001-1200,University of Sarajevo,Bosnia and Herzegovina,Europe,L,CO,HI,Public,5.0,701,1.0,701,6.5,801,2.9,801,,,5.2,801.0,4.1,801.0,41.3,801.0,89.1,113,20.5,801,-,1897,University of Sarajevo,Bosnia and Herzegovina,21375,13.0,0.03,,20.1414999999999,21.2,11.5,23.4,33.0,29.5,2026
1201-1400,1201-1400,University of Silesia in Katowice,Poland,Europe,L,CO,VH,Public,8.6,701,6.8,701,31.3,611,5.7,801,5.1,801,7.4,801.0,12.0,801.0,59.3,703.0,10.1,801,44.4,801,-,1649,University of Silesia in Katowice,Poland,17261,10.6,0.05,"2 days, 18:34:00",24.85,28.0,15.2,28.8,27.8,32.4,2026
1201-1400,1201-1400,University of Split,Croatia,Europe,L,FC,HI,Public,7.6,701,9.2,701,8.7,801,8.8,801,1.6,801,3.3,801.0,7.5,801.0,52.3,801.0,22.4,687,44.8,801,-,1487,University of Split,Croatia,18811,15.0,0.03,"2 days, 11:41:00",27.4225,22.2,15.3,42.3,28.6,34.7,2026
1201-1400,1201-1400,Zagazig University,Egypt,Africa,XL,FC,VH,Public,11.3,701,9.1,701,4.5,801,5.1,801,1.3,801,8.1,801.0,12.0,801.0,69.8,535.0,5.2,801,53.0,646=,-,1015,Zagazig University,Egypt,172762,21.8,0.03,"2 days, 4:48:00",35.147,17.9,11.2,71.2,36.4,50.7,2026
1401,1201-1400,Anadolu University,Türkiye,Asia,L,SP,VH,Public,6.2,701,8.4,701,17.5,801,5.1,801,2.2,801,5.3,801.0,4.2,801.0,24.9,801.0,22.3,691,22.3,801,-,1194,Anadolu University,Turkey,27577,21.0,0.06,"2 days, 5:47:00",32.204,23.4,10.8,62.6,22.1,33.4,2026
1401,1201-1400,Aoyama Gakuin University,Japan,Asia,L,FO,HI,Private not for Profit,7.1,701,16.8,701,7.4,801,2.5,801,20.3,707,4.5,801.0,3.6,801.0,9.5,801.0,14.5,801,9.6,801,-,2123,Aoyama Gakuin University,Japan,20622,18.1,0.05,"2 days, 1:51:00",14.7945,16.7,9.4,10.8,29.3,36.4,2026
1401,,Aswan University,Egypt,Africa,L,FC,HI,Public,7.1,701,2.2,701,11.8,801,6.4,801,1.1,801,1.8,801.0,6.1,801.0,53.9,784.0,2.9,801,40.0,801,-,1184,Aswan University,Egypt,32185,31.6,0.0,"2 days, 2:50:00",32.31,16.0,11.9,64.9,22.6,50.2,2026
1401,,Benha University,Egypt,Africa,XL,FC,HI,Public,6.2,701,4.4,701,8.2,801,4.2,801,1.0,801,2.4,801.0,6.7,801.0,59.7,699.0,2.9,801,36.1,801,-,1235,Benha University,Egypt,111190,28.9,0.01,"1 day, 22:54:00",31.5794999999999,16.5,10.3,63.9,22.0,49.0,2026
1401,1201-1400,Central Michigan University,United States of America,Americas,L,FC,HI,Public,3.6,701,5.0,701,11.5,801,11.2,801,4.8,801,23.4,684.0,17.6,801.0,26.2,801.0,15.0,801,29.2,801,-,1105,Central Michigan University,United States,13765,19.8,0.1,"2 days, 11:41:00",33.6095,30.2,16.8,49.6,47.4,40.7,2026
1401,1201-1400,Chaoyang University of Technology,Taiwan,Asia,L,FO,VH,Private for Profit,5.0,701,6.7,701,6.4,801,8.4,801,7.4,801,13.2,801.0,15.9,801.0,22.2,801.0,2.1,801,40.6,801,-,1347,Chaoyang University of Technology,Taiwan,13390,34.9,0.06,"2 days, 7:45:00",29.51,15.5,22.8,42.6,53.7,45.3,2026
1401,1401,East West University,Bangladesh,Asia,L,FO,HI,Private not for Profit,8.8,701,17.7,701,3.7,801,4.5,801,1.4,801,1.0,801.0,5.5,801.0,9.2,801.0,8.3,801,32.5,801,-,1818,East West University,Bangladesh,12156,26.8,0.0,"2 days, 3:49:00",21.7655,11.2,9.3,41.7,17.8,33.9,2026
1401,1201-1400,Herzen State Pedagogical University of Russia,Russian Federation,Europe,L,FO,HI,Public,3.8,701,4.2,701,22.2,785,1.5,801,1.7,801,59.8,344.0,56.4,364.0,11.4,801.0,7.2,801,25.4,801,-,2062,Herzen State Pedagogical University of Russia,Russian Federation,17884,16.0,0.21,"3 days, 0:28:00",16.464,20.7,12.9,9.8,18.6,39.1,2026
1401,1201-1400,Hue University,Viet Nam,Asia,XL,CO,HI,Public,7.6,701,15.0,701,3.7,801,2.6,801,1.5,801,2.0,801.0,6.2,801.0,27.7,801.0,6.6,801,28.3,801,-,2065,Hue University,Vietnam,50639,21.5,0.01,"2 days, 8:44:00",16.378,14.2,9.4,18.1,17.2,44.6,2026
1401,1201-1400,Kazan National Research Technological University,Russian Federation,Europe,L,CO,HI,Public,5.3,701,7.8,701,27.9,682,2.0,801,1.9,801,30.9,581.0,32.4,585.0,10.3,801.0,5.5,801,13.7,801,-,2041,Kazan National Research Technological University,Russian Federation,13472,12.3,0.16,39 : 61,16.799,22.0,9.9,10.2,44.2,34.8,2026
1401,1201-1400,Khulna University,Bangladesh,Asia,M,CO,HI,,8.6,701,7.9,701,14.3,801,8.6,801,,,,,,,20.8,801.0,4.3,801,25.4,801,-,1493,Khulna University,Bangladesh,8131,13.9,0.0,"1 day, 21:55:00",27.3225,17.3,9.9,50.7,18.7,45.2,2026
1401,1201-1400,Lublin University of Technology,Poland,Europe,M,FO,VH,Public,6.9,701,3.0,701,28.1,680,8.9,801,2.5,801,29.5,595.0,27.5,645.0,14.4,801.0,3.9,801,17.7,801,-,1585,Lublin University of Technology,Poland,6721,11.4,0.13,27 : 73,25.75,25.8,14.8,31.6,30.8,41.8,2026
1401,,Mahasarakham University,Thailand,Asia,XL,FC,MD,Public,18.5,662,2.7,701,2.8,801,2.6,801,8.7,801,3.6,801.0,7.7,801.0,11.0,801.0,10.3,801,23.9,801,-,1945,Mahasarakham University,Thailand,39291,33.6,0.03,"2 days, 13:39:00",18.886,19.9,9.3,24.5,18.9,29.5,2026
1401,1401,Naresuan University,Thailand,Asia,L,FC,MD,Public,10.9,701,5.3,701,9.3,801,3.0,801,6.9,801,1.8,801.0,6.2,801.0,12.5,801.0,3.1,801,39.6,801,-,1858,Naresuan University,Thailand,26692,17.8,0.01,"2 days, 20:32:00",21.0419999999999,23.6,13.0,20.6,47.0,30.0,2026
1401,1201-1400,National Taipei University,Taiwan,Asia,M,FO,HI,Public,12.4,701,8.0,701,11.6,801,4.4,801,5.9,801,10.1,801.0,14.6,801.0,3.9,801.0,26.6,614,26.6,801,-,1882,National Taipei University,Taiwan,8630,15.6,0.06,"2 days, 6:46:00",20.4655,19.4,15.4,19.5,51.6,31.5,2026
1401,,Nile University,Egypt,Africa,S,SP,HI,Private not for Profit,8.6,701,4.6,701,29.2,646,7.4,801,5.5,801,2.7,801.0,6.9,801.0,9.8,801.0,3.3,801,19.8,801,-,1788,Nile University,Egypt,3826,18.5,0.01,37 : 63,22.512,15.2,12.9,34.6,38.8,31.4,2026
1401,1201-1400,Perm State University,Russian Federation,Europe,M,CO,VH,Public,4.0,701,3.3,701,35.4,559,2.1,801,1.8,801,20.4,725.0,22.2,727.0,6.0,801.0,4.0,801,29.7,801,-,2142,Perm State University,Russian Federation,10895,14.5,0.09,"2 days, 8:44:00",14.343,18.4,12.0,7.9,24.5,27.8,2026
1401,1201-1400,Rikkyo University,Japan,Asia,L,FO,HI,Private for Profit,5.5,701,14.3,701,9.9,801,3.0,801,32.8,556,10.6,801.0,14.2,801.0,12.3,801.0,10.0,801,30.0,801,-,1597,Rikkyo University,Japan,19644,14.7,0.05,"2 days, 8:44:00",25.6275,18.5,9.6,41.0,21.4,56.4,2026
1401,1401,Sakarya University,Türkiye,Asia,XL,FC,HI,Public,5.9,701,7.6,701,4.9,801,6.6,801,2.6,801,21.8,701.0,27.9,639.0,26.1,801.0,2.3,801,49.5,715=,-,1383,Sakarya University,Turkey,41615,36.6,0.09,"2 days, 4:48:00",28.901,21.8,13.8,49.7,26.7,33.2,2026
1401,1401,Shanghai Normal University,China (Mainland),Asia,XL,CO,HI,Public,4.4,701,3.4,701,17.0,801,9.5,801,6.8,801,4.9,801.0,10.0,801.0,24.9,801.0,1.4,801,32.2,801,-,1077,Shanghai Normal University,China,30111,14.1,0.02,"2 days, 22:30:00",34.098,32.0,16.6,53.9,40.1,27.6,2026
1401,1401,Silpakorn University,Thailand,Asia,L,CO,HI,Public,10.4,701,12.6,701,5.7,801,4.5,801,8.0,801,2.7,801.0,7.1,801.0,26.7,801.0,3.1,801,22.6,801,-,1865,Silpakorn University,Thailand,29673,21.9,0.02,"2 days, 20:32:00",20.853,21.4,15.6,19.6,46.4,30.4,2026
1401,1201-1400,Suez Canal University,Egypt,Africa,XL,FC,HI,Public,6.1,701,3.9,701,17.4,801,4.4,801,2.5,801,3.0,801.0,7.3,801.0,52.2,801.0,2.9,801,48.0,762,-,1275,Suez Canal University,Egypt,51841,14.4,0.02,"1 day, 21:55:00",30.6934999999999,20.0,9.9,56.3,28.5,51.9,2026
1401,,Tashkent University of Information Technologies,Uzbekistan,Asia,L,SP,HI,Public,10.7,701,15.4,701,7.4,801,1.7,801,10.4,801,3.3,801.0,7.4,801.0,3.5,801.0,9.4,801,27.7,801,-,1604,Tashkent University of Information Technologies,Uzbekistan,20688,18.4,0.0,25 : 75,25.5619999999999,17.6,9.2,49.5,27.8,23.2,2026
1401,1201-1400,Universidad Nacional Agraria la Molina,Peru,Americas,M,FO,VH,Public,9.3,701,8.0,701,16.7,801,2.8,801,1.5,801,2.8,801.0,7.0,801.0,12.6,801.0,4.7,801,34.4,801,-,2047,Universidad Nacional Agraria La Molina,Peru,7819,9.2,0.01,"2 days, 1:51:00",16.7325,23.9,8.0,11.1,16.8,44.8,2026
1401,1401,Universitas Andalas,Indonesia,Asia,XL,CO,HI,Public,13.4,701,8.1,701,13.9,801,1.5,801,14.4,801,3.6,801.0,7.8,801.0,6.0,801.0,5.1,801,39.1,801,-,1895,Universitas Andalas,Indonesia,34409,17.7,0.02,"2 days, 12:40:00",20.1665,17.8,11.9,22.6,37.8,42.3,2026
1401,,Universitas Negeri Padang,Indonesia,Asia,XL,FO,HI,Public,10.5,701,2.5,701,31.5,608,1.3,801,17.7,753,2.1,801.0,6.4,801.0,6.4,801.0,2.6,801,39.2,801,-,1583,Universitas Negeri Padang,Indonesia,45714,22.1,0.01,"2 days, 19:33:00",25.7819999999999,12.8,8.6,52.3,16.8,42.0,2026
1401,,Universitas Syiah Kuala,Indonesia,Asia,L,FC,HI,Public,8.6,701,3.0,701,18.1,801,3.6,801,3.1,801,2.5,801.0,6.8,801.0,24.4,801.0,2.6,801,38.6,801,-,1642,Universitas Syiah Kuala,Indonesia,30794,15.8,0.0,"2 days, 14:38:00",25.0465,17.5,9.6,48.0,19.5,25.6,2026
1401,,Universiti Sultan Zainal Abidin,Malaysia,Asia,M,CO,VH,Public,8.0,701,2.8,701,13.8,801,5.4,801,19.5,721,9.9,801.0,13.6,801.0,28.1,801.0,5.1,801,16.9,801,-,1080,Universiti Sultan Zainal Abidin,Malaysia,11380,14.8,0.07,"2 days, 18:34:00",34.0614999999999,26.0,13.6,58.8,22.5,52.1,2026
1401,,University of Moratuwa,Sri Lanka,Asia,M,SP,VH,Public,6.0,701,8.0,701,5.3,801,15.6,791,,,1.0,801.0,1.0,801.0,13.2,801.0,13.1,801,24.9,801,-,1740,University of Moratuwa,Sri Lanka,11079,22.1,0.0,40 : 60,23.4835,12.9,14.5,40.2,36.2,26.2,2026
1401,1401,University of Oradea,Romania,Europe,L,FC,MD,Public,7.5,701,4.2,701,6.5,801,4.0,801,1.7,801,9.4,801.0,13.8,801.0,38.8,801.0,9.0,801,41.8,801,-,1810,University of Oradea,Romania,18847,19.0,0.05,"2 days, 12:40:00",21.8699999999999,16.5,13.3,31.7,18.7,38.5,2026
1401,1201-1400,University of Sri Jayewardenepura,Sri Lanka,Asia,L,CO,HI,Public,8.0,701,12.2,701,5.7,801,7.0,801,,,1.3,801.0,5.7,801.0,27.8,801.0,22.8,674,27.4,801,-,1848,University of Sri Jayewardenepura,Sri Lanka,20006,25.3,0.0,"2 days, 15:37:00",21.2175,12.6,9.5,37.4,18.2,37.3,2026
1401,,University of Tripoli,Libya,Africa,XL,FC,MD,Public,6.8,701,12.8,701,8.6,801,1.3,801,1.2,801,3.4,801.0,7.6,801.0,30.6,801.0,28.7,582,11.2,801,-,1254,University of Tripoli,Libya,71060,18.9,0.02,"2 days, 15:37:00",31.1754999999999,14.6,10.7,66.1,17.2,43.3,2026
1401,1201-1400,University of West Bohemia,Czechia,Europe,M,CO,VH,Public,7.2,701,5.3,701,12.5,801,7.9,801,,,6.2,801.0,4.8,801.0,40.9,801.0,15.5,801,19.5,801,-,1574,University of West Bohemia,Czechia,11369,14.5,0.06,"2 days, 6:46:00",25.9025,19.6,18.0,35.4,38.2,36.7,2026
1401,1201-1400,Voronezh State University,Russian Federation,Europe,L,CO,HI,Public,5.7,701,4.7,701,31.3,610,1.6,801,3.7,801,34.5,546.0,40.2,502.0,12.2,801.0,3.5,801,20.4,801,-,2094,Voronezh State University,Russian Federation,17718,12.3,0.14,"2 days, 2:50:00",15.6179999999999,23.5,11.0,7.1,18.7,34.9,2026
1401,,Walailak University,Thailand,Asia,L,FC,MD,Public,8.3,701,2.7,701,12.5,801,5.6,801,13.9,801,3.0,801.0,7.4,801.0,31.5,801.0,3.2,801,43.0,801,-,1243,Walailak University,Thailand,10993,15.2,0.02,"2 days, 23:29:00",31.442,19.4,15.4,56.4,18.7,47.8,2026
1401,1201-1400,Yamaguchi University,Japan,Asia,M,FC,HI,Public,4.4,701,2.9,701,46.1,425,8.2,801,8.0,801,4.5,801.0,8.9,801.0,15.4,801.0,1.7,801,22.5,801,-,1684,Yamaguchi University,Japan,10373,10.9,0.05,38 : 62,24.2819999999999,27.8,14.2,24.0,58.7,32.2,2026
